Timestamp,NSW1,QLD1,SA1,TAS1,VIC1
2016-01-01 00:00:00,51.83,52.61,59.13,100.07,52.31
2016-01-01 00:30:00,36.82,36.42,53.06,98.52,35.52
2016-01-01 01:00:00,39.67,38.07,55.61,99.25,38.29
2016-01-01 01:30:00,38.41,36.14,87.4,96.9,29.3
2016-01-01 02:00:00,39.41,37.34,74.58,99.37,31.28
2016-01-01 02:30:00,44.34,41.38,56.64,100.34,23.87
2016-01-01 03:00:00,41.67,38.53,54.96,100.3,22.49
2016-01-01 03:30:00,39.56,36.0,102.84,100.26,22.81
2016-01-01 04:00:00,37.52,34.05,54.97,100.26,22.2
2016-01-01 04:30:00,39.01,36.36,46.36,103.47,22.2
2016-01-01 05:00:00,27.9,26.04,27.05,100.26,22.51
2016-01-01 05:30:00,32.25,30.04,29.02,100.26,22.2
2016-01-01 06:00:00,31.97,29.53,29.15,97.8,22.31
2016-01-01 06:30:00,33.39,30.7,30.75,87.78,22.66
2016-01-01 07:00:00,30.97,28.1,31.85,85.28,26.83
2016-01-01 07:30:00,34.77,31.58,34.41,125.06,30.32
2016-01-01 08:00:00,36.22,32.93,36.15,143.78,32.03
2016-01-01 08:30:00,37.0,33.82,36.68,134.16,32.71
2016-01-01 09:00:00,38.24,35.42,38.71,131.01,33.97
2016-01-01 09:30:00,37.76,35.38,36.3,161.3,32.87
2016-01-01 10:00:00,38.48,35.32,37.39,95.55,33.95
2016-01-01 10:30:00,38.53,34.49,37.36,107.78,34.29
2016-01-01 11:00:00,39.81,36.0,39.0,126.88,36.04
2016-01-01 11:30:00,38.88,35.02,40.18,114.48,36.31
2016-01-01 12:00:00,38.01,34.46,37.24,85.28,34.69
2016-01-01 12:30:00,39.19,35.26,41.54,92.79,36.08
2016-01-01 13:00:00,38.78,34.28,43.21,91.96,36.74
2016-01-01 13:30:00,38.47,34.19,37.76,88.62,35.61
2016-01-01 14:00:00,39.47,34.92,38.74,95.28,35.77
2016-01-01 14:30:00,39.38,35.43,45.84,97.77,35.25
2016-01-01 15:00:00,39.46,35.8,45.99,100.26,34.98
2016-01-01 15:30:00,39.0,35.49,47.21,100.26,34.16
2016-01-01 16:00:00,40.59,37.74,53.49,100.26,33.33
2016-01-01 16:30:00,40.95,38.9,47.48,100.26,39.03
2016-01-01 17:00:00,39.23,38.41,52.26,100.26,36.3
2016-01-01 17:30:00,38.09,37.77,54.99,100.26,32.76
2016-01-01 18:00:00,38.96,38.6,48.99,100.26,33.31
2016-01-01 18:30:00,38.0,37.73,34.48,100.26,30.51
2016-01-01 19:00:00,41.8,41.7,30.97,100.26,31.14
2016-01-01 19:30:00,41.43,41.56,38.14,100.27,36.53
2016-01-01 20:00:00,40.7,41.31,35.91,100.27,35.09
2016-01-01 20:30:00,41.32,41.13,39.16,100.26,37.05
2016-01-01 21:00:00,38.67,38.08,37.6,100.26,34.55
2016-01-01 21:30:00,38.24,36.71,35.95,92.77,33.1
2016-01-01 22:00:00,37.75,35.56,34.59,86.95,32.07
2016-01-01 22:30:00,38.54,36.03,33.76,85.28,31.65
2016-01-01 23:00:00,38.66,36.35,28.24,86.95,28.2
2016-01-01 23:30:00,37.6,35.55,31.3,90.29,31.8
2016-01-02 00:00:00,37.09,34.1,34.35,95.3,32.36
2016-01-02 00:30:00,33.13,29.24,30.35,90.29,28.09
2016-01-02 01:00:00,28.01,24.1,23.01,95.3,22.06
2016-01-02 01:30:00,25.96,21.93,17.92,93.63,18.54
2016-01-02 02:00:00,25.96,22.22,17.4,88.62,18.15
2016-01-02 02:30:00,25.96,22.59,14.09,91.96,16.38
2016-01-02 03:00:00,25.73,22.41,11.14,86.95,14.76
2016-01-02 03:30:00,26.8,24.46,12.32,85.28,15.72
2016-01-02 04:00:00,26.08,24.05,10.67,88.62,14.51
2016-01-02 04:30:00,31.2,28.82,17.14,102.07,20.04
2016-01-02 05:00:00,32.1,29.51,17.39,100.26,20.45
2016-01-02 05:30:00,33.65,30.45,17.72,85.28,21.06
2016-01-02 06:00:00,32.69,29.3,18.13,90.29,20.79
2016-01-02 06:30:00,34.08,30.81,17.53,95.3,21.32
2016-01-02 07:00:00,35.89,31.48,17.2,100.26,21.97
2016-01-02 07:30:00,37.56,33.24,18.37,100.26,22.56
2016-01-02 08:00:00,39.2,34.52,20.71,97.76,24.51
2016-01-02 08:30:00,39.91,36.59,23.3,100.26,25.59
2016-01-02 09:00:00,40.6,37.38,21.97,100.26,23.95
2016-01-02 09:30:00,38.91,35.94,20.72,100.26,23.49
2016-01-02 10:00:00,38.71,36.12,22.34,100.26,24.15
2016-01-02 10:30:00,38.96,36.5,20.05,100.26,23.21
2016-01-02 11:00:00,38.46,36.81,20.56,100.26,23.65
2016-01-02 11:30:00,37.79,35.92,20.29,100.26,22.89
2016-01-02 12:00:00,38.46,36.75,20.41,100.26,23.38
2016-01-02 12:30:00,39.89,38.27,22.14,88.62,23.27
2016-01-02 13:00:00,40.82,39.73,22.48,93.61,23.52
2016-01-02 13:30:00,38.3,37.85,20.56,85.28,22.7
2016-01-02 14:00:00,38.3,37.65,19.39,85.28,21.98
2016-01-02 14:30:00,39.43,39.02,20.86,95.3,23.07
2016-01-02 15:00:00,40.82,40.53,20.83,91.96,24.73
2016-01-02 15:30:00,41.75,41.54,22.45,88.62,25.29
2016-01-02 16:00:00,40.9,41.25,23.25,95.3,25.07
2016-01-02 16:30:00,40.47,41.72,22.81,91.96,24.87
2016-01-02 17:00:00,41.8,43.57,35.87,100.26,24.74
2016-01-02 17:30:00,40.11,42.14,24.04,100.26,24.37
2016-01-02 18:00:00,41.05,41.63,31.91,100.26,20.25
2016-01-02 18:30:00,41.17,41.23,34.2,99.44,12.31
2016-01-02 19:00:00,46.27,46.77,45.58,130.04,12.4
2016-01-02 19:30:00,41.67,42.3,41.65,130.04,16.82
2016-01-02 20:00:00,41.7,42.63,31.31,130.04,20.16
2016-01-02 20:30:00,41.36,42.18,45.44,130.04,23.49
2016-01-02 21:00:00,40.25,40.59,36.73,118.45,23.15
2016-01-02 21:30:00,39.32,39.36,15.35,95.28,21.97
2016-01-02 22:00:00,36.97,36.34,17.78,95.28,22.37
2016-01-02 22:30:00,39.18,38.61,12.55,95.27,20.63
2016-01-02 23:00:00,38.54,39.5,11.26,95.26,19.91
2016-01-02 23:30:00,38.59,39.17,16.25,95.26,23.35
2016-01-03 00:00:00,36.56,35.34,29.49,96.1,29.21
2016-01-03 00:30:00,33.55,31.5,18.04,95.26,21.73
2016-01-03 01:00:00,29.75,27.22,13.12,95.26,17.73
2016-01-03 01:30:00,25.96,23.78,7.06,97.79,13.18
2016-01-03 02:00:00,25.52,23.29,7.34,96.12,12.98
2016-01-03 02:30:00,25.96,23.54,2.62,96.31,10.79
2016-01-03 03:00:00,18.28,17.0,-1.07,97.89,6.09
2016-01-03 03:30:00,18.57,17.49,-4.21,96.95,4.54
2016-01-03 04:00:00,18.42,17.29,-6.62,95.26,3.21
2016-01-03 04:30:00,22.63,21.13,-3.65,104.85,6.3
2016-01-03 05:00:00,20.87,19.24,2.36,95.26,8.74
2016-01-03 05:30:00,20.92,19.04,6.35,95.28,10.74
2016-01-03 06:00:00,23.51,21.02,7.14,95.26,12.12
2016-01-03 06:30:00,25.96,23.21,10.45,95.28,14.73
2016-01-03 07:00:00,26.77,24.45,11.4,95.27,15.39
2016-01-03 07:30:00,30.43,28.17,7.73,95.25,14.78
2016-01-03 08:00:00,31.53,29.28,10.93,95.25,16.89
2016-01-03 08:30:00,34.48,32.62,16.35,95.26,20.87
2016-01-03 09:00:00,35.97,34.88,18.03,95.26,22.2
2016-01-03 09:30:00,34.23,34.14,18.13,95.26,21.43
2016-01-03 10:00:00,35.65,35.78,19.3,95.25,21.97
2016-01-03 10:30:00,35.97,35.5,21.27,95.26,22.26
2016-01-03 11:00:00,36.99,37.06,23.0,95.25,22.71
2016-01-03 11:30:00,35.71,35.3,21.04,95.25,22.38
2016-01-03 12:00:00,35.34,34.45,23.65,95.24,24.08
2016-01-03 12:30:00,34.85,34.27,25.26,95.24,25.26
2016-01-03 13:00:00,31.01,30.4,24.89,94.67,23.87
2016-01-03 13:30:00,31.59,31.29,25.12,95.25,23.99
2016-01-03 14:00:00,35.91,35.4,28.73,95.28,25.82
2016-01-03 14:30:00,36.98,36.71,30.55,96.12,26.28
2016-01-03 15:00:00,35.81,35.16,30.18,102.78,24.64
2016-01-03 15:30:00,31.38,31.21,29.32,101.95,24.68
2016-01-03 16:00:00,35.48,35.19,31.07,95.27,24.03
2016-01-03 16:30:00,35.52,35.27,28.83,95.26,22.46
2016-01-03 17:00:00,35.95,35.61,23.27,95.28,24.81
2016-01-03 17:30:00,35.97,35.46,19.14,97.79,22.7
2016-01-03 18:00:00,36.03,35.53,18.67,98.63,22.52
2016-01-03 18:30:00,36.97,36.6,13.82,115.28,13.09
2016-01-03 19:00:00,38.2,38.68,18.3,130.26,19.79
2016-01-03 19:30:00,37.23,38.15,18.84,130.26,19.31
2016-01-03 20:00:00,38.23,38.87,21.58,130.26,23.17
2016-01-03 20:30:00,37.45,37.71,21.47,141.91,23.21
2016-01-03 21:00:00,35.63,34.66,24.42,130.29,25.19
2016-01-03 21:30:00,34.98,33.49,24.42,102.76,25.02
2016-01-03 22:00:00,34.34,33.05,25.24,96.12,24.75
2016-01-03 22:30:00,36.56,35.25,18.95,95.28,22.29
2016-01-03 23:00:00,35.03,34.48,11.7,95.28,18.58
2016-01-03 23:30:00,35.23,33.92,20.13,95.26,24.28
2016-01-04 00:00:00,33.24,30.7,29.55,95.25,28.32
2016-01-04 00:30:00,29.85,26.63,22.42,95.28,22.32
2016-01-04 01:00:00,28.48,24.86,21.21,95.27,21.26
2016-01-04 01:30:00,25.96,22.41,16.75,95.26,18.36
2016-01-04 02:00:00,25.96,22.83,15.59,95.24,17.74
2016-01-04 02:30:00,25.97,22.89,11.65,98.63,15.45
2016-01-04 03:00:00,25.85,22.67,11.33,97.79,15.11
2016-01-04 03:30:00,25.96,22.65,12.85,96.95,15.93
2016-01-04 04:00:00,25.91,22.49,13.57,98.63,16.35
2016-01-04 04:30:00,26.9,23.55,16.07,105.36,18.19
2016-01-04 05:00:00,30.39,26.97,16.89,105.36,19.87
2016-01-04 05:30:00,31.5,28.01,19.11,127.08,21.44
2016-01-04 06:00:00,31.31,27.41,24.11,104.67,23.87
2016-01-04 06:30:00,32.05,28.77,26.04,91.09,25.27
2016-01-04 07:00:00,39.47,36.33,37.04,91.97,33.16
2016-01-04 07:30:00,38.79,37.23,36.91,96.92,32.78
2016-01-04 08:00:00,39.3,38.96,35.23,108.81,33.01
2016-01-04 08:30:00,39.81,40.59,37.01,107.08,34.36
2016-01-04 09:00:00,40.7,41.49,39.43,107.08,35.84
2016-01-04 09:30:00,39.64,40.76,38.44,131.07,34.5
2016-01-04 10:00:00,38.97,40.17,37.69,112.11,33.87
2016-01-04 10:30:00,35.89,37.09,41.45,100.58,32.25
2016-01-04 11:00:00,36.96,39.01,43.01,102.24,33.35
2016-01-04 11:30:00,37.47,39.9,40.25,100.58,32.86
2016-01-04 12:00:00,37.48,41.2,37.92,100.58,31.61
2016-01-04 12:30:00,37.51,41.5,36.97,93.88,31.27
2016-01-04 13:00:00,37.5,41.52,42.87,90.79,31.44
2016-01-04 13:30:00,37.49,41.54,47.46,96.18,31.61
2016-01-04 14:00:00,37.49,41.63,52.34,96.87,30.87
2016-01-04 14:30:00,37.22,41.57,51.22,96.42,28.38
2016-01-04 15:00:00,36.47,41.31,48.04,96.87,27.21
2016-01-04 15:30:00,36.15,41.4,45.99,100.58,27.53
2016-01-04 16:00:00,36.54,41.31,47.48,100.58,27.43
2016-01-04 16:30:00,36.01,41.11,45.78,102.24,27.33
2016-01-04 17:00:00,36.37,41.51,45.99,101.9,27.4
2016-01-04 17:30:00,35.1,41.31,35.01,122.91,23.09
2016-01-04 18:00:00,35.95,41.3,31.96,100.58,22.87
2016-01-04 18:30:00,32.51,36.22,38.48,100.58,18.84
2016-01-04 19:00:00,35.14,40.33,28.17,102.24,19.29
2016-01-04 19:30:00,30.8,40.29,27.06,100.79,17.51
2016-01-04 20:00:00,30.79,39.05,26.72,112.1,17.8
2016-01-04 20:30:00,30.8,37.74,27.97,100.58,20.59
2016-01-04 21:00:00,29.99,32.6,31.21,100.58,24.06
2016-01-04 21:30:00,31.05,33.33,24.92,101.61,20.36
2016-01-04 22:00:00,28.54,30.05,18.44,90.3,16.43
2016-01-04 22:30:00,30.86,37.63,15.78,96.91,18.73
2016-01-04 23:00:00,30.8,40.27,10.56,98.58,17.02
2016-01-04 23:30:00,29.49,33.09,13.03,96.86,18.63
2016-01-05 00:00:00,27.57,27.93,24.32,106.34,23.5
2016-01-05 00:30:00,29.94,29.52,25.87,100.58,22.2
2016-01-05 01:00:00,27.66,26.49,23.4,103.9,21.88
2016-01-05 01:30:00,24.57,22.99,22.52,100.58,20.47
2016-01-05 02:00:00,22.22,21.02,19.63,90.79,17.28
2016-01-05 02:30:00,20.17,19.34,17.88,90.5,16.34
2016-01-05 03:00:00,19.49,18.57,18.03,90.4,16.2
2016-01-05 03:30:00,19.25,18.28,18.52,90.29,16.23
2016-01-05 04:00:00,23.73,22.77,23.31,90.3,19.42
2016-01-05 04:30:00,25.0,23.35,24.17,95.58,21.22
2016-01-05 05:00:00,25.97,24.33,29.31,95.58,22.2
2016-01-05 05:30:00,30.68,28.62,45.86,95.58,25.14
2016-01-05 06:00:00,29.56,27.78,48.52,111.33,25.96
2016-01-05 06:30:00,32.18,31.89,53.62,93.08,28.7
2016-01-05 07:00:00,33.19,33.84,48.2,95.58,31.5
2016-01-05 07:30:00,30.51,31.27,47.49,95.58,27.23
2016-01-05 08:00:00,35.54,36.85,46.39,95.53,32.36
2016-01-05 08:30:00,36.51,38.7,51.51,96.37,34.46
2016-01-05 09:00:00,37.02,39.93,54.17,114.07,35.25
2016-01-05 09:30:00,38.12,41.43,53.11,95.43,35.82
2016-01-05 10:00:00,36.32,39.25,50.91,110.6,34.14
2016-01-05 10:30:00,35.61,38.38,51.24,102.39,33.19
2016-01-05 11:00:00,35.98,40.45,52.77,163.54,33.54
2016-01-05 11:30:00,36.25,40.12,54.99,95.58,34.41
2016-01-05 12:00:00,37.04,41.18,54.99,95.58,35.32
2016-01-05 12:30:00,35.98,40.97,54.77,98.98,34.37
2016-01-05 13:00:00,35.96,39.96,51.99,112.04,34.07
2016-01-05 13:30:00,35.98,41.05,45.99,95.58,33.84
2016-01-05 14:00:00,35.97,41.26,45.99,95.58,33.78
2016-01-05 14:30:00,36.22,40.44,47.0,95.58,34.98
2016-01-05 15:00:00,35.97,39.27,46.1,95.47,34.32
2016-01-05 15:30:00,36.5,39.86,46.06,95.58,34.93
2016-01-05 16:00:00,36.11,41.2,45.99,95.68,33.88
2016-01-05 16:30:00,36.54,41.36,46.2,95.58,34.16
2016-01-05 17:00:00,35.98,42.87,45.99,93.69,33.34
2016-01-05 17:30:00,35.96,41.35,45.98,94.8,32.75
2016-01-05 18:00:00,36.38,41.33,46.1,95.58,33.52
2016-01-05 18:30:00,35.98,41.51,46.11,95.58,31.66
2016-01-05 19:00:00,37.2,42.44,117.01,103.65,23.12
2016-01-05 19:30:00,35.97,41.53,46.17,93.62,29.46
2016-01-05 20:00:00,35.98,41.62,35.51,95.43,30.55
2016-01-05 20:30:00,37.55,42.64,37.19,95.58,32.9
2016-01-05 21:00:00,36.11,41.29,35.84,95.43,31.49
2016-01-05 21:30:00,36.07,41.01,38.86,95.63,31.04
2016-01-05 22:00:00,35.68,39.01,39.83,95.58,30.71
2016-01-05 22:30:00,38.13,42.25,40.16,95.33,30.33
2016-01-05 23:00:00,37.48,69.23,37.22,95.28,28.43
2016-01-05 23:30:00,36.81,41.12,35.14,95.27,32.69
2016-01-06 00:00:00,34.85,37.61,36.23,95.38,31.99
2016-01-06 00:30:00,35.96,37.13,38.12,95.28,31.17
2016-01-06 01:00:00,36.36,36.61,44.91,95.27,30.3
2016-01-06 01:30:00,34.89,34.7,37.94,95.26,30.21
2016-01-06 02:00:00,31.5,31.53,31.2,94.44,22.2
2016-01-06 02:30:00,32.89,33.18,31.03,95.27,22.2
2016-01-06 03:00:00,31.83,32.23,30.08,95.32,21.64
2016-01-06 03:30:00,30.03,30.25,27.77,95.58,22.2
2016-01-06 04:00:00,30.78,30.89,27.44,95.58,22.2
2016-01-06 04:30:00,32.18,32.68,25.47,95.58,23.55
2016-01-06 05:00:00,34.98,35.84,24.55,95.63,25.16
2016-01-06 05:30:00,35.85,37.4,23.72,95.53,25.47
2016-01-06 06:00:00,36.12,38.43,31.17,94.6,29.78
2016-01-06 06:30:00,36.57,39.32,33.77,95.58,31.33
2016-01-06 07:00:00,36.88,38.38,37.22,96.49,33.48
2016-01-06 07:30:00,35.17,37.43,34.28,96.59,30.61
2016-01-06 08:00:00,36.22,37.83,37.42,95.79,32.2
2016-01-06 08:30:00,36.23,38.24,40.93,95.58,32.8
2016-01-06 09:00:00,36.23,38.61,43.81,109.09,32.29
2016-01-06 09:30:00,37.52,40.21,45.92,95.53,34.4
2016-01-06 10:00:00,38.22,41.25,45.99,95.63,35.52
2016-01-06 10:30:00,37.61,40.81,45.99,102.65,34.28
2016-01-06 11:00:00,38.2,41.1,48.65,95.63,35.2
2016-01-06 11:30:00,37.32,40.87,50.85,95.58,34.25
2016-01-06 12:00:00,37.06,40.94,53.32,95.58,33.61
2016-01-06 12:30:00,36.66,40.41,52.19,103.34,33.29
2016-01-06 13:00:00,37.18,41.49,53.91,91.47,34.07
2016-01-06 13:30:00,36.63,41.62,48.82,90.59,33.48
2016-01-06 14:00:00,36.85,42.24,45.99,95.58,34.32
2016-01-06 14:30:00,36.19,54.47,45.99,95.58,34.73
2016-01-06 15:00:00,35.98,53.88,45.84,95.58,34.75
2016-01-06 15:30:00,35.99,96.92,44.75,95.82,34.93
2016-01-06 16:00:00,35.98,94.18,42.41,108.86,34.85
2016-01-06 16:30:00,35.98,120.6,44.61,95.58,33.26
2016-01-06 17:00:00,35.98,265.66,45.99,122.43,32.46
2016-01-06 17:30:00,35.96,206.27,47.49,128.63,30.95
2016-01-06 18:00:00,35.96,43.25,47.49,92.35,30.05
2016-01-06 18:30:00,35.94,45.59,51.99,95.58,28.66
2016-01-06 19:00:00,35.96,98.21,47.49,115.47,29.8
2016-01-06 19:30:00,35.95,174.51,42.51,104.54,30.58
2016-01-06 20:00:00,35.96,174.6,34.63,123.5,32.05
2016-01-06 20:30:00,37.07,99.49,37.68,95.58,35.08
2016-01-06 21:00:00,39.86,70.77,41.92,95.58,38.94
2016-01-06 21:30:00,37.94,43.1,39.48,96.44,36.43
2016-01-06 22:00:00,36.18,40.96,36.04,95.58,33.56
2016-01-06 22:30:00,39.42,43.64,37.75,95.63,35.7
2016-01-06 23:00:00,39.13,68.73,36.91,95.53,35.25
2016-01-06 23:30:00,38.78,41.74,36.83,95.33,36.43
2016-01-07 00:00:00,40.41,41.91,42.55,95.28,39.88
2016-01-07 00:30:00,35.31,37.18,34.14,95.63,32.47
2016-01-07 01:00:00,35.13,36.62,31.86,95.58,30.9
2016-01-07 01:30:00,33.84,34.86,30.02,95.73,29.86
2016-01-07 02:00:00,33.04,34.18,28.18,95.84,28.46
2016-01-07 02:30:00,29.71,30.76,24.23,95.68,25.0
2016-01-07 03:00:00,26.88,27.43,21.73,95.58,22.51
2016-01-07 03:30:00,28.11,28.93,22.79,95.43,23.54
2016-01-07 04:00:00,30.62,31.98,24.91,95.58,25.64
2016-01-07 04:30:00,35.49,37.31,29.37,95.73,30.23
2016-01-07 05:00:00,35.97,38.02,31.65,95.58,31.97
2016-01-07 05:30:00,38.68,41.06,34.54,95.58,34.93
2016-01-07 06:00:00,37.22,40.62,34.4,93.61,34.21
2016-01-07 06:30:00,37.02,41.38,35.58,95.37,34.56
2016-01-07 07:00:00,36.3,41.6,37.26,95.58,35.06
2016-01-07 07:30:00,36.01,41.25,36.95,95.53,34.39
2016-01-07 08:00:00,36.12,41.49,37.62,95.38,34.97
2016-01-07 08:30:00,36.35,41.65,37.59,95.33,34.9
2016-01-07 09:00:00,36.9,42.19,37.56,95.58,34.97
2016-01-07 09:30:00,36.77,41.93,37.68,95.58,34.97
2016-01-07 10:00:00,39.95,45.54,40.97,95.32,37.76
2016-01-07 10:30:00,36.04,41.46,37.11,90.3,34.35
2016-01-07 11:00:00,36.9,42.47,37.69,100.69,35.18
2016-01-07 11:30:00,36.05,41.54,38.47,96.13,35.07
2016-01-07 12:00:00,39.81,46.7,42.93,95.58,38.58
2016-01-07 12:30:00,40.62,46.9,44.87,95.58,38.61
2016-01-07 13:00:00,38.51,81.54,45.48,95.58,35.96
2016-01-07 13:30:00,37.12,59.88,45.97,93.23,34.86
2016-01-07 14:00:00,38.42,60.15,45.68,90.89,36.43
2016-01-07 14:30:00,35.98,66.44,43.1,94.8,35.3
2016-01-07 15:00:00,35.97,59.94,42.87,95.58,35.12
2016-01-07 15:30:00,35.98,60.07,42.9,94.02,35.37
2016-01-07 16:00:00,35.97,60.26,44.34,95.58,35.77
2016-01-07 16:30:00,35.98,80.59,45.69,96.38,35.66
2016-01-07 17:00:00,39.53,71.6,45.99,95.58,38.68
2016-01-07 17:30:00,36.61,76.25,45.67,95.58,35.7
2016-01-07 18:00:00,35.98,48.78,42.54,95.58,34.3
2016-01-07 18:30:00,39.2,50.82,43.35,95.58,37.3
2016-01-07 19:00:00,36.86,81.26,38.08,95.58,34.89
2016-01-07 19:30:00,39.87,127.85,41.42,95.58,37.43
2016-01-07 20:00:00,41.26,51.83,41.43,101.22,38.24
2016-01-07 20:30:00,38.14,73.65,37.99,96.16,35.53
2016-01-07 21:00:00,36.39,42.47,36.69,95.74,34.27
2016-01-07 21:30:00,36.99,42.3,35.77,95.58,34.19
2016-01-07 22:00:00,36.09,40.96,33.51,94.65,32.52
2016-01-07 22:30:00,36.17,84.24,33.8,91.28,32.59
2016-01-07 23:00:00,41.54,111.31,39.15,94.02,37.9
2016-01-07 23:30:00,40.19,45.18,36.39,115.33,37.52
2016-01-08 00:00:00,39.82,43.0,40.39,105.09,39.15
2016-01-08 00:30:00,37.22,41.05,37.12,119.14,35.34
2016-01-08 01:00:00,36.01,39.33,35.03,97.99,33.56
2016-01-08 01:30:00,35.07,37.94,33.32,138.55,32.47
2016-01-08 02:00:00,35.02,36.89,32.64,95.43,31.69
2016-01-08 02:30:00,34.32,35.42,31.66,95.53,30.67
2016-01-08 03:00:00,28.77,29.51,25.84,95.48,25.21
2016-01-08 03:30:00,30.39,31.21,27.12,95.58,26.53
2016-01-08 04:00:00,34.44,35.96,31.69,95.73,30.64
2016-01-08 04:30:00,40.25,41.63,38.67,95.92,36.64
2016-01-08 05:00:00,45.13,45.48,45.68,102.33,42.42
2016-01-08 05:30:00,38.11,39.88,39.83,95.53,37.19
2016-01-08 06:00:00,37.3,40.14,39.78,95.58,36.62
2016-01-08 06:30:00,40.09,43.69,42.99,105.33,40.05
2016-01-08 07:00:00,40.96,44.61,44.89,98.69,41.13
2016-01-08 07:30:00,40.32,48.7,43.54,92.01,38.82
2016-01-08 08:00:00,41.01,44.88,44.89,90.3,39.36
2016-01-08 08:30:00,41.81,47.66,45.81,90.3,39.31
2016-01-08 09:00:00,41.19,45.37,45.64,91.95,38.93
2016-01-08 09:30:00,40.95,44.63,45.99,90.3,38.71
2016-01-08 10:00:00,40.68,43.87,45.85,90.3,39.04
2016-01-08 10:30:00,38.52,41.12,44.59,90.26,37.83
2016-01-08 11:00:00,39.57,41.86,45.97,90.26,39.03
2016-01-08 11:30:00,39.25,41.56,45.99,90.27,39.07
2016-01-08 12:00:00,38.82,41.52,45.99,91.13,38.08
2016-01-08 12:30:00,39.89,42.86,45.99,90.3,38.21
2016-01-08 13:00:00,39.59,43.3,46.03,93.8,38.33
2016-01-08 13:30:00,39.22,43.38,53.1,93.86,38.01
2016-01-08 14:00:00,38.87,44.0,54.99,92.15,37.51
2016-01-08 14:30:00,36.6,42.23,52.16,97.29,36.14
2016-01-08 15:00:00,37.78,42.38,52.75,109.47,37.27
2016-01-08 15:30:00,35.96,50.83,49.4,95.58,35.12
2016-01-08 16:00:00,39.13,56.6,54.16,97.63,38.17
2016-01-08 16:30:00,39.74,84.3,54.99,130.39,38.59
2016-01-08 17:00:00,40.68,192.95,54.99,95.58,39.2
2016-01-08 17:30:00,39.99,121.41,55.3,95.53,38.62
2016-01-08 18:00:00,36.46,46.64,54.99,95.53,35.48
2016-01-08 18:30:00,36.02,41.62,54.99,102.17,35.75
2016-01-08 19:00:00,38.05,43.75,54.99,110.19,37.36
2016-01-08 19:30:00,40.45,68.49,54.98,110.46,39.82
2016-01-08 20:00:00,40.38,76.85,54.36,104.9,39.24
2016-01-08 20:30:00,38.37,52.04,49.86,127.08,37.94
2016-01-08 21:00:00,36.37,41.45,47.04,96.38,36.99
2016-01-08 21:30:00,37.23,41.49,43.09,95.58,36.57
2016-01-08 22:00:00,35.48,38.59,38.01,95.58,33.39
2016-01-08 22:30:00,36.49,41.62,38.09,95.53,33.76
2016-01-08 23:00:00,36.92,84.03,38.95,113.05,34.6
2016-01-08 23:30:00,36.98,67.84,39.04,95.58,35.78
2016-01-09 00:00:00,36.97,40.35,42.41,95.58,36.93
2016-01-09 00:30:00,35.95,38.52,43.91,95.58,34.86
2016-01-09 01:00:00,35.95,38.03,44.24,183.23,34.5
2016-01-09 01:30:00,36.01,37.89,45.76,95.58,34.66
2016-01-09 02:00:00,38.78,40.05,52.58,95.58,37.34
2016-01-09 02:30:00,35.97,36.82,47.82,95.58,34.2
2016-01-09 03:00:00,35.97,36.83,49.29,95.58,33.97
2016-01-09 03:30:00,35.98,37.07,51.21,95.58,34.02
2016-01-09 04:00:00,35.98,37.35,50.43,95.58,34.36
2016-01-09 04:30:00,36.48,38.2,47.63,94.7,34.9
2016-01-09 05:00:00,38.12,39.58,51.74,96.05,37.25
2016-01-09 05:30:00,39.54,40.96,50.13,95.58,39.45
2016-01-09 06:00:00,37.96,38.6,46.26,94.7,38.2
2016-01-09 06:30:00,38.03,39.11,45.2,95.58,38.99
2016-01-09 07:00:00,38.83,40.8,45.99,95.33,40.0
2016-01-09 07:30:00,38.27,39.72,47.73,95.27,39.99
2016-01-09 08:00:00,39.65,41.57,50.44,94.44,41.44
2016-01-09 08:30:00,39.0,41.64,49.25,94.44,39.98
2016-01-09 09:00:00,39.57,42.41,51.31,91.95,40.5
2016-01-09 09:30:00,38.93,42.06,49.41,90.3,39.97
2016-01-09 10:00:00,38.48,41.95,48.37,90.3,39.76
2016-01-09 10:30:00,38.58,41.62,48.49,90.27,41.14
2016-01-09 11:00:00,38.29,41.63,50.54,90.28,40.89
2016-01-09 11:30:00,37.87,41.63,51.15,90.3,40.25
2016-01-09 12:00:00,37.58,41.57,47.45,115.89,39.06
2016-01-09 12:30:00,37.85,41.71,45.99,164.53,38.76
2016-01-09 13:00:00,38.14,42.28,45.93,94.65,39.25
2016-01-09 13:30:00,39.2,42.84,45.97,93.69,40.46
2016-01-09 14:00:00,42.5,45.76,54.22,108.58,44.27
2016-01-09 14:30:00,42.86,46.85,54.25,90.3,44.82
2016-01-09 15:00:00,43.32,46.51,55.27,90.29,45.45
2016-01-09 15:30:00,66.42,86.32,75.12,91.13,68.38
2016-01-09 16:00:00,70.27,77.42,77.83,95.28,70.95
2016-01-09 16:30:00,52.13,63.87,586.79,95.53,52.69
2016-01-09 17:00:00,48.7,75.52,64.8,122.0,48.37
2016-01-09 17:30:00,42.7,65.94,281.31,102.19,41.87
2016-01-09 18:00:00,45.41,60.45,282.77,94.8,44.72
2016-01-09 18:30:00,45.88,55.53,57.04,95.58,45.61
2016-01-09 19:00:00,46.48,53.58,58.55,126.09,46.08
2016-01-09 19:30:00,48.83,93.17,53.75,95.58,47.37
2016-01-09 20:00:00,51.41,60.41,51.98,95.58,48.85
2016-01-09 20:30:00,51.38,56.54,55.99,137.04,49.98
2016-01-09 21:00:00,45.29,47.12,53.65,95.58,46.04
2016-01-09 21:30:00,40.31,41.96,47.71,102.19,40.3
2016-01-09 22:00:00,36.58,38.35,44.04,102.24,36.18
2016-01-09 22:30:00,38.45,41.1,43.52,95.58,37.26
2016-01-09 23:00:00,39.15,42.38,42.07,95.58,38.04
2016-01-09 23:30:00,36.7,39.68,37.61,102.24,36.19
2016-01-10 00:00:00,36.8,37.9,43.04,102.22,37.83
2016-01-10 00:30:00,35.94,35.7,43.18,95.58,36.37
2016-01-10 01:00:00,35.93,34.64,41.04,95.58,35.93
2016-01-10 01:30:00,35.61,33.25,38.7,95.53,35.22
2016-01-10 02:00:00,35.86,32.8,38.35,95.68,34.63
2016-01-10 02:30:00,37.19,33.91,38.41,128.57,35.01
2016-01-10 03:00:00,31.18,28.47,30.95,134.27,28.65
2016-01-10 03:30:00,30.86,28.41,29.78,95.58,28.1
2016-01-10 04:00:00,32.77,30.25,31.83,95.58,29.9
2016-01-10 04:30:00,35.16,32.85,34.78,95.58,32.15
2016-01-10 05:00:00,29.61,27.65,28.5,95.58,26.38
2016-01-10 05:30:00,30.16,27.87,27.73,95.58,26.31
2016-01-10 06:00:00,26.48,24.26,23.99,102.13,23.02
2016-01-10 06:30:00,26.62,24.51,24.43,93.62,23.34
2016-01-10 07:00:00,31.47,28.97,30.17,90.3,28.47
2016-01-10 07:30:00,30.9,28.41,29.76,90.3,27.85
2016-01-10 08:00:00,32.3,29.92,31.53,92.1,29.48
2016-01-10 08:30:00,35.93,34.47,36.06,95.53,33.08
2016-01-10 09:00:00,36.05,35.5,38.1,96.38,34.15
2016-01-10 09:30:00,36.77,36.92,40.53,96.94,35.79
2016-01-10 10:00:00,37.84,38.55,46.55,93.14,37.55
2016-01-10 10:30:00,37.83,39.13,50.34,91.88,38.06
2016-01-10 11:00:00,39.81,41.6,50.82,90.69,39.25
2016-01-10 11:30:00,39.28,40.88,43.73,91.32,38.5
2016-01-10 12:00:00,40.26,41.79,42.81,95.53,39.2
2016-01-10 12:30:00,43.5,45.21,52.75,95.42,42.44
2016-01-10 13:00:00,47.99,49.83,65.18,95.58,46.56
2016-01-10 13:30:00,43.23,46.22,61.86,96.28,41.99
2016-01-10 14:00:00,42.03,45.36,61.16,112.99,41.06
2016-01-10 14:30:00,49.11,51.62,68.31,95.81,49.13
2016-01-10 15:00:00,75.43,77.79,88.78,104.01,75.46
2016-01-10 15:30:00,79.84,81.45,92.23,94.54,82.14
2016-01-10 16:00:00,81.05,81.88,96.95,95.58,84.56
2016-01-10 16:30:00,57.93,58.24,89.29,112.89,60.63
2016-01-10 17:00:00,59.64,61.44,94.99,95.89,62.61
2016-01-10 17:30:00,73.54,76.06,119.99,95.58,76.62
2016-01-10 18:00:00,57.67,59.63,125.06,122.06,53.22
2016-01-10 18:30:00,49.99,53.02,94.99,103.13,49.2
2016-01-10 19:00:00,58.32,63.7,201.66,95.38,41.36
2016-01-10 19:30:00,60.26,72.96,255.09,95.89,35.46
2016-01-10 20:00:00,66.5,73.84,94.99,96.59,65.81
2016-01-10 20:30:00,55.65,61.47,94.99,116.22,57.17
2016-01-10 21:00:00,48.27,52.72,94.99,108.57,50.11
2016-01-10 21:30:00,46.43,50.49,94.99,94.45,47.39
2016-01-10 22:00:00,39.48,42.75,84.98,102.58,39.12
2016-01-10 22:30:00,44.03,47.98,69.01,95.56,43.18
2016-01-10 23:00:00,41.42,45.19,63.47,95.28,40.73
2016-01-10 23:30:00,37.07,40.37,41.86,95.28,36.76
2016-01-11 00:00:00,36.49,38.16,45.4,112.74,36.76
2016-01-11 00:30:00,37.02,37.5,57.65,95.28,37.19
2016-01-11 01:00:00,37.0,36.28,53.74,95.28,37.14
2016-01-11 01:30:00,35.29,33.73,41.99,95.28,33.97
2016-01-11 02:00:00,37.18,35.42,41.85,103.55,34.92
2016-01-11 02:30:00,31.79,30.33,32.49,111.91,28.87
2016-01-11 03:00:00,28.19,26.8,27.58,116.05,25.01
2016-01-11 03:30:00,28.58,27.02,27.17,100.1,24.98
2016-01-11 04:00:00,31.85,31.17,28.53,100.1,27.24
2016-01-11 04:30:00,33.18,32.72,29.99,123.46,28.58
2016-01-11 05:00:00,36.19,38.19,34.57,105.94,32.23
2016-01-11 05:30:00,39.79,41.7,39.68,114.35,36.64
2016-01-11 06:00:00,41.26,43.34,43.33,113.7,39.04
2016-01-11 06:30:00,43.81,45.55,45.81,95.33,42.45
2016-01-11 07:00:00,44.45,46.97,44.36,95.28,41.98
2016-01-11 07:30:00,40.33,44.4,40.36,95.28,37.3
2016-01-11 08:00:00,47.54,52.19,52.35,95.29,45.71
2016-01-11 08:30:00,68.55,73.28,82.0,95.28,67.41
2016-01-11 09:00:00,64.65,70.44,66.37,95.28,58.65
2016-01-11 09:30:00,83.66,89.97,91.23,95.28,76.37
2016-01-11 10:00:00,74.36,76.51,81.83,95.28,67.43
2016-01-11 10:30:00,87.27,89.22,84.7,95.28,78.53
2016-01-11 11:00:00,85.58,86.01,83.96,95.28,79.47
2016-01-11 11:30:00,96.1,93.61,101.79,90.3,91.36
2016-01-11 12:00:00,95.99,92.04,105.93,95.28,90.93
2016-01-11 12:30:00,81.38,76.1,89.49,94.45,79.68
2016-01-11 13:00:00,96.79,90.76,100.96,91.95,93.59
2016-01-11 13:30:00,213.85,196.25,246.94,91.12,212.64
2016-01-11 14:00:00,260.39,233.62,309.95,90.29,259.83
2016-01-11 14:30:00,281.49,246.53,314.6,94.45,277.09
2016-01-11 15:00:00,293.16,255.17,303.25,95.28,287.08
2016-01-11 15:30:00,289.09,246.52,302.31,95.28,277.81
2016-01-11 16:00:00,153.32,136.78,227.15,95.69,116.9
2016-01-11 16:30:00,105.39,97.77,246.94,94.65,87.91
2016-01-11 17:00:00,103.26,99.18,113.6,94.45,97.9
2016-01-11 17:30:00,77.44,75.08,205.48,95.27,72.9
2016-01-11 18:00:00,61.33,60.96,117.67,95.28,52.71
2016-01-11 18:30:00,51.31,52.91,154.17,95.28,46.35
2016-01-11 19:00:00,66.81,66.35,154.17,95.28,60.29
2016-01-11 19:30:00,82.67,82.18,109.42,91.13,69.97
2016-01-11 20:00:00,80.77,81.99,104.42,91.12,64.84
2016-01-11 20:30:00,73.49,74.37,124.99,95.28,62.28
2016-01-11 21:00:00,65.18,66.2,104.99,95.28,56.21
2016-01-11 21:30:00,54.8,55.52,94.88,95.28,46.16
2016-01-11 22:00:00,45.18,47.01,59.94,95.27,37.57
2016-01-11 22:30:00,51.62,51.85,55.4,93.61,45.21
2016-01-11 23:00:00,50.62,52.77,52.0,91.13,46.01
2016-01-11 23:30:00,49.82,52.69,54.2,90.3,48.24
2016-01-12 00:00:00,44.91,46.02,53.45,95.48,44.0
2016-01-12 00:30:00,41.39,41.14,44.18,95.53,38.56
2016-01-12 01:00:00,36.99,36.77,38.5,95.58,33.99
2016-01-12 01:30:00,35.27,35.22,35.31,95.58,31.59
2016-01-12 02:00:00,35.77,35.51,36.45,95.48,31.83
2016-01-12 02:30:00,35.3,34.84,35.06,95.53,31.33
2016-01-12 03:00:00,34.98,34.16,34.21,95.48,30.66
2016-01-12 03:30:00,34.64,33.51,33.24,94.5,30.28
2016-01-12 04:00:00,34.26,33.69,32.01,95.37,29.67
2016-01-12 04:30:00,35.05,34.08,33.04,110.06,30.75
2016-01-12 05:00:00,36.8,36.07,34.94,110.11,32.6
2016-01-12 05:30:00,37.58,37.3,34.82,114.37,33.59
2016-01-12 06:00:00,39.72,40.12,37.31,110.06,35.59
2016-01-12 06:30:00,48.24,49.11,45.38,90.28,43.18
2016-01-12 07:00:00,56.83,57.44,56.91,1132.12,51.96
2016-01-12 07:30:00,41.6,43.65,42.46,93.61,37.58
2016-01-12 08:00:00,49.85,52.35,48.51,108.43,42.09
2016-01-12 08:30:00,72.25,78.08,85.01,103.53,67.08
2016-01-12 09:00:00,89.66,94.9,111.47,90.3,82.73
2016-01-12 09:30:00,94.29,96.06,122.36,90.3,86.01
2016-01-12 10:00:00,81.81,80.87,120.29,95.25,74.65
2016-01-12 10:30:00,99.84,97.17,124.98,98.53,91.36
2016-01-12 11:00:00,100.39,97.0,124.99,95.28,85.57
2016-01-12 11:30:00,101.76,97.85,126.71,123.56,93.33
2016-01-12 12:00:00,131.69,128.67,177.44,123.42,121.88
2016-01-12 12:30:00,89.66,89.14,101.61,111.74,82.29
2016-01-12 13:00:00,128.97,127.62,123.3,110.06,94.99
2016-01-12 13:30:00,156.1,156.1,269.14,110.06,147.41
2016-01-12 14:00:00,125.84,127.25,153.8,110.07,118.7
2016-01-12 14:30:00,124.2,126.97,136.64,113.42,117.84
2016-01-12 15:00:00,78.92,84.19,146.66,115.09,75.92
2016-01-12 15:30:00,91.48,109.06,277.3,111.74,87.66
2016-01-12 16:00:00,86.05,128.48,189.99,110.06,81.19
2016-01-12 16:30:00,69.06,231.43,252.34,110.07,60.55
2016-01-12 17:00:00,63.25,141.59,168.32,110.07,60.31
2016-01-12 17:30:00,44.14,104.8,168.32,120.1,42.85
2016-01-12 18:00:00,41.58,51.68,189.99,120.1,40.0
2016-01-12 18:30:00,38.18,51.03,146.66,116.76,36.2
2016-01-12 19:00:00,47.93,143.32,227.7,111.85,43.61
2016-01-12 19:30:00,66.76,133.21,190.04,111.85,60.0
2016-01-12 20:00:00,72.25,90.61,457.37,118.43,63.4
2016-01-12 20:30:00,64.1,79.77,241.81,111.75,54.14
2016-01-12 21:00:00,58.45,64.64,124.99,110.06,51.4
2016-01-12 21:30:00,53.06,58.79,124.99,110.06,46.51
2016-01-12 22:00:00,41.78,46.37,119.82,105.13,35.97
2016-01-12 22:30:00,70.73,73.0,104.99,90.28,65.7
2016-01-12 23:00:00,51.28,54.15,94.89,90.27,48.04
2016-01-12 23:30:00,53.5,57.32,55.54,91.96,51.58
2016-01-13 00:00:00,47.72,49.13,154.7,90.3,47.47
2016-01-13 00:30:00,42.65,42.9,503.08,91.96,41.06
2016-01-13 01:00:00,41.32,41.65,290.29,91.96,39.29
2016-01-13 01:30:00,39.27,40.62,89.32,94.12,36.86
2016-01-13 02:00:00,37.74,38.66,54.67,95.49,35.14
2016-01-13 02:30:00,35.64,36.49,47.2,95.31,32.34
2016-01-13 03:00:00,38.53,39.5,44.23,97.33,34.74
2016-01-13 03:30:00,39.21,39.67,41.17,98.62,35.36
2016-01-13 04:00:00,40.76,41.09,42.92,100.28,36.75
2016-01-13 04:30:00,42.35,42.09,42.59,100.97,38.07
2016-01-13 05:00:00,41.85,41.65,41.22,101.51,38.29
2016-01-13 05:30:00,45.68,45.11,44.4,114.56,42.26
2016-01-13 06:00:00,37.44,38.64,36.86,111.23,35.61
2016-01-13 06:30:00,49.07,51.53,50.65,101.4,48.61
2016-01-13 07:00:00,46.75,48.12,52.23,129.0,48.72
2016-01-13 07:30:00,38.45,41.76,49.74,104.64,35.3
2016-01-13 08:00:00,45.47,49.1,71.53,108.12,38.11
2016-01-13 08:30:00,54.11,60.17,60.93,100.49,48.8
2016-01-13 09:00:00,49.09,54.76,67.94,110.52,43.56
2016-01-13 09:30:00,56.04,61.37,94.99,97.02,49.59
2016-01-13 10:00:00,50.97,54.9,53.3,90.6,47.43
2016-01-13 10:30:00,50.3,54.34,89.99,104.39,43.17
2016-01-13 11:00:00,76.91,84.56,94.99,95.04,73.99
2016-01-13 11:30:00,88.4,95.7,94.99,101.16,89.2
2016-01-13 12:00:00,95.01,98.94,99.65,90.63,97.36
2016-01-13 12:30:00,103.09,103.91,108.3,100.93,106.06
2016-01-13 13:00:00,132.71,132.73,142.4,100.83,138.57
2016-01-13 13:30:00,143.35,139.74,149.38,110.79,148.25
2016-01-13 14:00:00,100.23,98.16,95.5,144.03,98.45
2016-01-13 14:30:00,136.17,129.52,102.73,129.73,103.69
2016-01-13 15:00:00,201.93,192.15,83.62,111.1,207.33
2016-01-13 15:30:00,296.36,292.45,231.55,111.4,9137.03
2016-01-13 16:00:00,197.01,191.23,5173.04,126.74,7477.35
2016-01-13 16:30:00,86.11,86.07,75.12,110.75,81.3
2016-01-13 17:00:00,235.54,236.17,147.9,132.32,247.38
2016-01-13 17:30:00,73.64,74.61,69.22,104.96,75.78
2016-01-13 18:00:00,81.28,80.05,80.16,93.91,85.68
2016-01-13 18:30:00,52.1,54.23,41.71,92.31,45.67
2016-01-13 19:00:00,72.15,76.66,61.18,91.96,66.13
2016-01-13 19:30:00,98.25,104.51,88.99,93.62,90.89
2016-01-13 20:00:00,106.32,113.09,94.6,90.37,94.7
2016-01-13 20:30:00,79.48,83.66,73.05,93.62,72.1
2016-01-13 21:00:00,72.42,72.76,70.82,110.68,68.79
2016-01-13 21:30:00,68.83,67.65,67.95,110.68,65.69
2016-01-13 22:00:00,39.34,39.42,40.09,100.35,38.34
2016-01-13 22:30:00,63.92,63.8,63.1,90.29,62.04
2016-01-13 23:00:00,40.84,42.21,37.45,90.29,38.55
2016-01-13 23:30:00,43.84,46.1,41.98,90.27,42.05
2016-01-14 00:00:00,38.67,40.24,42.23,90.29,38.0
2016-01-14 00:30:00,37.71,39.54,39.34,90.29,35.29
2016-01-14 01:00:00,35.42,37.06,36.91,96.95,32.76
2016-01-14 01:30:00,34.68,35.56,33.59,91.95,31.68
2016-01-14 02:00:00,30.49,31.22,28.38,90.28,27.43
2016-01-14 02:30:00,30.79,31.55,27.97,100.28,27.01
2016-01-14 03:00:00,29.19,30.06,25.99,100.28,25.15
2016-01-14 03:30:00,29.98,30.55,22.6,104.44,20.71
2016-01-14 04:00:00,31.48,32.24,18.47,101.95,20.49
2016-01-14 04:30:00,34.98,36.12,11.39,110.04,19.61
2016-01-14 05:00:00,32.86,33.98,12.0,100.36,19.35
2016-01-14 05:30:00,33.58,34.34,25.33,107.59,26.86
2016-01-14 06:00:00,35.63,37.33,32.5,105.13,31.66
2016-01-14 06:30:00,38.44,40.63,35.31,110.04,34.63
2016-01-14 07:00:00,49.3,51.0,46.06,110.04,45.31
2016-01-14 07:30:00,46.19,48.55,42.81,110.05,40.41
2016-01-14 08:00:00,45.99,48.74,43.13,110.06,40.42
2016-01-14 08:30:00,56.74,61.61,50.44,110.9,48.63
2016-01-14 09:00:00,64.68,70.63,52.44,117.11,50.86
2016-01-14 09:30:00,82.49,84.71,71.8,116.41,71.44
2016-01-14 10:00:00,133.3,132.91,72.07,110.04,80.36
2016-01-14 10:30:00,120.05,113.31,84.48,113.42,100.43
2016-01-14 11:00:00,103.42,94.99,47.47,110.38,67.54
2016-01-14 11:30:00,106.53,97.07,10.92,143.92,50.35
2016-01-14 12:00:00,74.98,69.82,1.95,115.93,31.66
2016-01-14 12:30:00,62.16,52.73,-4.3,110.04,-0.26
2016-01-14 13:00:00,418.47,100.93,21.39,102.68,21.62
2016-01-14 13:30:00,642.2,131.2,26.19,95.31,26.93
2016-01-14 14:00:00,5022.74,309.27,19.57,95.29,20.32
2016-01-14 14:30:00,40.79,39.6,39.76,105.13,40.13
2016-01-14 15:00:00,47.85,47.64,41.8,110.04,42.63
2016-01-14 15:30:00,51.24,53.65,36.14,107.59,36.89
2016-01-14 16:00:00,42.16,45.64,36.13,110.04,37.23
2016-01-14 16:30:00,40.14,96.62,33.12,113.42,34.61
2016-01-14 17:00:00,43.52,89.18,27.36,112.57,32.43
2016-01-14 17:30:00,34.98,44.65,27.52,122.78,28.67
2016-01-14 18:00:00,34.89,66.76,27.45,108.96,28.57
2016-01-14 18:30:00,32.49,47.64,27.8,110.34,27.65
2016-01-14 19:00:00,39.38,59.36,34.92,111.1,33.94
2016-01-14 19:30:00,39.24,55.34,34.55,108.96,33.67
2016-01-14 20:00:00,37.71,54.48,33.92,97.92,32.99
2016-01-14 20:30:00,38.53,58.93,35.45,110.34,34.25
2016-01-14 21:00:00,35.28,47.58,31.41,110.9,30.27
2016-01-14 21:30:00,33.99,41.63,29.18,110.44,28.41
2016-01-14 22:00:00,32.42,35.69,26.96,111.14,26.69
2016-01-14 22:30:00,36.71,39.73,30.82,110.34,30.65
2016-01-14 23:00:00,35.9,39.7,30.18,110.34,30.01
2016-01-14 23:30:00,36.08,39.52,31.34,99.5,31.62
2016-01-15 00:00:00,34.99,36.57,33.8,100.34,31.96
2016-01-15 00:30:00,27.82,27.71,24.11,97.81,23.7
2016-01-15 01:00:00,28.79,27.79,23.02,91.97,23.46
2016-01-15 01:30:00,25.98,24.85,18.74,110.34,20.26
2016-01-15 02:00:00,25.97,24.94,16.22,110.34,18.49
2016-01-15 02:30:00,26.77,25.74,13.97,110.34,17.48
2016-01-15 03:00:00,26.77,26.46,9.2,110.34,14.9
2016-01-15 03:30:00,25.97,25.6,12.72,110.6,16.57
2016-01-15 04:00:00,27.0,26.61,16.92,110.49,19.25
2016-01-15 04:30:00,33.58,33.22,22.35,130.55,24.76
2016-01-15 05:00:00,36.96,36.61,21.61,130.31,26.34
2016-01-15 05:30:00,39.92,39.82,23.72,128.96,29.18
2016-01-15 06:00:00,32.18,32.22,27.44,122.92,27.93
2016-01-15 06:30:00,36.1,36.36,31.88,127.59,32.8
2016-01-15 07:00:00,38.58,40.17,35.05,130.04,35.29
2016-01-15 07:30:00,39.26,41.68,35.07,124.25,34.94
2016-01-15 08:00:00,39.11,41.81,34.46,116.1,34.74
2016-01-15 08:30:00,40.19,44.34,34.39,130.29,34.97
2016-01-15 09:00:00,39.11,67.75,32.95,128.52,34.0
2016-01-15 09:30:00,38.51,79.51,32.11,130.39,33.42
2016-01-15 10:00:00,38.33,42.19,31.5,130.39,32.55
2016-01-15 10:30:00,37.28,41.41,31.71,130.19,32.41
2016-01-15 11:00:00,36.62,41.24,30.74,130.24,31.49
2016-01-15 11:30:00,36.47,41.9,31.12,130.19,31.61
2016-01-15 12:00:00,35.3,44.85,30.63,130.09,31.0
2016-01-15 12:30:00,35.92,64.19,30.26,128.57,31.0
2016-01-15 13:00:00,35.94,88.17,29.79,130.34,30.96
2016-01-15 13:30:00,32.81,105.16,27.31,130.24,28.32
2016-01-15 14:00:00,32.32,123.81,27.07,126.11,28.14
2016-01-15 14:30:00,30.87,40.43,25.68,115.31,26.72
2016-01-15 15:00:00,33.69,53.7,28.2,121.31,29.37
2016-01-15 15:30:00,38.9,46.41,33.79,136.5,34.77
2016-01-15 16:00:00,38.66,61.69,33.99,115.35,34.84
2016-01-15 16:30:00,38.73,77.94,34.6,117.96,34.97
2016-01-15 17:00:00,38.85,89.96,34.85,130.04,34.97
2016-01-15 17:30:00,37.36,42.13,34.13,130.19,33.94
2016-01-15 18:00:00,36.62,40.44,33.98,130.04,34.1
2016-01-15 18:30:00,35.86,40.29,33.2,130.09,33.21
2016-01-15 19:00:00,35.86,41.21,32.79,130.14,32.94
2016-01-15 19:30:00,35.78,44.0,33.12,119.24,33.31
2016-01-15 20:00:00,36.13,41.1,33.38,119.24,33.74
2016-01-15 20:30:00,34.79,41.21,31.82,128.37,32.92
2016-01-15 21:00:00,37.44,41.61,33.42,130.14,34.95
2016-01-15 21:30:00,35.98,40.32,30.78,130.09,32.72
2016-01-15 22:00:00,31.99,34.48,26.69,130.04,28.61
2016-01-15 22:30:00,35.52,39.36,29.07,130.27,31.41
2016-01-15 23:00:00,33.49,39.01,26.95,130.26,29.18
2016-01-15 23:30:00,34.98,38.07,28.93,120.23,31.53
2016-01-16 00:00:00,34.79,36.07,31.92,120.22,32.68
2016-01-16 00:30:00,29.4,29.33,24.82,133.52,26.17
2016-01-16 01:00:00,27.57,26.49,22.34,120.49,24.09
2016-01-16 01:30:00,26.13,24.5,20.55,144.35,22.4
2016-01-16 02:00:00,26.26,24.45,19.76,144.06,21.83
2016-01-16 02:30:00,24.35,22.66,15.6,141.82,18.56
2016-01-16 03:00:00,25.96,24.15,14.01,130.23,18.02
2016-01-16 03:30:00,25.96,24.23,10.96,130.18,16.09
2016-01-16 04:00:00,25.93,24.2,9.89,130.21,15.49
2016-01-16 04:30:00,25.96,24.27,13.82,130.18,17.75
2016-01-16 05:00:00,25.96,24.35,14.96,116.95,18.41
2016-01-16 05:30:00,25.97,24.22,11.88,119.24,16.63
2016-01-16 06:00:00,26.38,24.3,9.46,120.22,15.44
2016-01-16 06:30:00,28.5,26.49,13.7,128.62,18.36
2016-01-16 07:00:00,30.33,29.12,22.19,130.39,24.02
2016-01-16 07:30:00,30.93,30.75,24.67,141.91,25.43
2016-01-16 08:00:00,30.9,31.37,24.51,130.39,25.48
2016-01-16 08:30:00,31.31,32.47,23.08,130.6,24.81
2016-01-16 09:00:00,32.76,33.85,22.6,130.44,25.31
2016-01-16 09:30:00,32.02,33.33,24.8,134.3,26.05
2016-01-16 10:00:00,31.99,33.09,27.2,130.62,26.97
2016-01-16 10:30:00,31.83,32.86,27.96,130.34,27.15
2016-01-16 11:00:00,32.16,33.27,29.08,130.24,27.77
2016-01-16 11:30:00,31.01,32.03,28.54,118.45,26.98
2016-01-16 12:00:00,31.3,32.15,29.11,130.47,27.34
2016-01-16 12:30:00,30.05,30.23,28.08,130.34,26.3
2016-01-16 13:00:00,30.79,30.73,28.4,130.34,26.58
2016-01-16 13:30:00,29.18,29.03,26.45,130.66,24.74
2016-01-16 14:00:00,29.73,29.65,26.76,130.66,25.21
2016-01-16 14:30:00,29.51,29.24,25.82,131.92,24.77
2016-01-16 15:00:00,30.48,30.38,27.04,146.09,25.64
2016-01-16 15:30:00,30.87,31.3,27.81,130.34,26.26
2016-01-16 16:00:00,32.21,33.23,30.11,130.44,28.15
2016-01-16 16:30:00,30.86,31.79,28.73,128.37,26.98
2016-01-16 17:00:00,30.91,32.15,26.55,130.04,26.0
2016-01-16 17:30:00,30.83,32.38,25.82,130.24,25.67
2016-01-16 18:00:00,31.01,32.38,24.82,130.04,25.16
2016-01-16 18:30:00,31.01,32.37,22.57,130.04,24.02
2016-01-16 19:00:00,31.01,33.11,22.13,130.04,24.0
2016-01-16 19:30:00,31.5,33.75,21.71,130.04,24.06
2016-01-16 20:00:00,32.19,33.94,20.31,130.24,23.62
2016-01-16 20:30:00,31.34,33.15,21.37,130.04,23.9
2016-01-16 21:00:00,30.33,31.45,21.57,130.04,23.48
2016-01-16 21:30:00,30.72,31.6,20.88,130.04,23.11
2016-01-16 22:00:00,28.98,29.0,18.29,130.04,20.76
2016-01-16 22:30:00,30.03,30.05,16.4,122.58,19.96
2016-01-16 23:00:00,29.24,29.97,16.51,130.89,19.7
2016-01-16 23:30:00,30.11,31.28,16.46,119.28,20.44
2016-01-17 00:00:00,26.23,26.18,23.33,116.87,22.43
2016-01-17 00:30:00,27.99,26.81,22.05,121.97,22.21
2016-01-17 01:00:00,26.94,25.31,16.64,120.34,18.81
2016-01-17 01:30:00,25.42,23.43,16.1,130.34,18.17
2016-01-17 02:00:00,25.96,23.27,13.28,154.46,16.61
2016-01-17 02:30:00,24.02,21.38,9.5,130.83,13.88
2016-01-17 03:00:00,25.96,23.11,10.01,130.39,14.83
2016-01-17 03:30:00,25.96,22.64,11.14,130.04,15.36
2016-01-17 04:00:00,25.66,21.95,10.73,130.04,15.0
2016-01-17 04:30:00,25.96,22.36,4.69,130.34,12.02
2016-01-17 05:00:00,25.96,22.62,10.03,128.75,14.87
2016-01-17 05:30:00,25.96,22.35,10.14,130.34,14.71
2016-01-17 06:00:00,25.96,22.25,5.67,130.34,12.35
2016-01-17 06:30:00,25.96,22.32,10.23,130.34,14.89
2016-01-17 07:00:00,26.35,22.99,16.14,130.34,18.16
2016-01-17 07:30:00,28.46,25.47,16.55,128.72,18.96
2016-01-17 08:00:00,27.47,25.1,20.06,115.32,20.48
2016-01-17 08:30:00,29.78,27.1,23.51,118.45,23.09
2016-01-17 09:00:00,29.46,26.12,24.33,116.1,23.37
2016-01-17 09:30:00,26.35,23.56,22.97,117.67,21.8
2016-01-17 10:00:00,26.02,23.42,22.17,344.62,21.16
2016-01-17 10:30:00,27.53,24.96,21.61,118.58,21.35
2016-01-17 11:00:00,30.18,27.83,27.32,123.71,25.5
2016-01-17 11:30:00,30.79,28.42,29.05,130.34,26.7
2016-01-17 12:00:00,30.87,28.57,30.83,143.34,27.61
2016-01-17 12:30:00,30.11,28.27,30.12,130.7,26.76
2016-01-17 13:00:00,30.79,29.35,31.56,169.82,27.85
2016-01-17 13:30:00,30.91,29.61,31.93,130.34,28.12
2016-01-17 14:00:00,31.48,30.39,43.93,130.34,29.44
2016-01-17 14:30:00,33.91,32.89,45.75,130.34,32.87
2016-01-17 15:00:00,34.28,32.95,45.99,130.34,34.2
2016-01-17 15:30:00,34.8,33.67,45.99,130.34,35.18
2016-01-17 16:00:00,36.65,35.77,51.97,130.38,38.57
2016-01-17 16:30:00,38.88,38.59,63.45,128.72,42.42
2016-01-17 17:00:00,41.47,41.08,64.99,130.09,46.5
2016-01-17 17:30:00,41.81,41.76,64.99,130.04,46.86
2016-01-17 18:00:00,41.87,41.75,70.8,130.09,47.61
2016-01-17 18:30:00,40.44,41.08,64.99,130.14,45.35
2016-01-17 19:00:00,47.11,48.3,69.46,130.04,51.52
2016-01-17 19:30:00,45.05,47.23,64.99,130.04,47.27
2016-01-17 20:00:00,41.7,43.52,54.73,130.04,42.38
2016-01-17 20:30:00,38.36,40.53,45.04,130.09,38.86
2016-01-17 21:00:00,35.38,36.21,45.52,130.04,35.63
2016-01-17 21:30:00,33.4,34.12,38.63,126.7,32.55
2016-01-17 22:00:00,31.96,33.45,35.72,115.31,30.18
2016-01-17 22:30:00,31.38,32.9,32.37,116.1,26.54
2016-01-17 23:00:00,30.52,31.88,29.31,116.98,22.39
2016-01-17 23:30:00,29.61,30.61,26.67,115.32,26.06
2016-01-18 00:00:00,28.54,28.11,27.7,128.96,25.51
2016-01-18 00:30:00,28.53,27.09,27.08,130.34,23.89
2016-01-18 01:00:00,30.58,28.37,28.07,142.2,22.26
2016-01-18 01:30:00,26.18,24.11,23.59,130.34,22.09
2016-01-18 02:00:00,26.05,24.15,23.4,130.39,21.82
2016-01-18 02:30:00,25.69,23.57,23.16,130.65,21.34
2016-01-18 03:00:00,25.96,23.94,22.82,130.65,21.23
2016-01-18 03:30:00,25.96,23.78,18.03,134.03,18.61
2016-01-18 04:00:00,25.55,23.28,17.68,162.91,18.38
2016-01-18 04:30:00,29.26,27.9,20.77,130.34,21.25
2016-01-18 05:00:00,28.61,26.87,24.31,130.34,23.02
2016-01-18 05:30:00,30.08,28.6,25.97,130.44,24.26
2016-01-18 06:00:00,30.03,29.18,28.64,130.39,26.08
2016-01-18 06:30:00,33.03,33.37,32.67,130.34,29.85
2016-01-18 07:00:00,38.1,40.14,38.81,130.35,35.13
2016-01-18 07:30:00,37.65,40.17,39.87,133.92,35.29
2016-01-18 08:00:00,36.81,38.57,41.15,130.34,35.41
2016-01-18 08:30:00,39.38,41.08,48.73,130.34,37.93
2016-01-18 09:00:00,40.75,41.95,52.92,130.34,39.63
2016-01-18 09:30:00,38.92,40.14,44.04,130.34,37.76
2016-01-18 10:00:00,39.12,40.56,42.51,130.34,37.82
2016-01-18 10:30:00,40.78,41.57,45.86,130.34,40.81
2016-01-18 11:00:00,45.54,45.13,54.53,121.05,47.64
2016-01-18 11:30:00,41.44,41.21,50.06,120.72,43.59
2016-01-18 12:00:00,47.58,46.88,62.03,122.09,51.45
2016-01-18 12:30:00,46.8,46.4,65.92,148.53,50.69
2016-01-18 13:00:00,51.18,50.74,79.68,141.99,56.29
2016-01-18 13:30:00,44.32,43.84,84.99,169.15,47.14
2016-01-18 14:00:00,42.24,42.0,84.99,153.88,45.11
2016-01-18 14:30:00,47.3,46.38,84.99,161.88,52.02
2016-01-18 15:00:00,55.97,54.46,84.99,130.65,63.76
2016-01-18 15:30:00,70.98,68.59,124.43,137.53,106.87
2016-01-18 16:00:00,72.0,70.55,120.31,130.14,82.42
2016-01-18 16:30:00,76.22,75.32,124.94,130.09,99.86
2016-01-18 17:00:00,67.1,68.08,124.99,130.14,73.8
2016-01-18 17:30:00,45.28,46.94,124.99,130.19,48.67
2016-01-18 18:00:00,44.55,45.56,124.94,130.19,46.14
2016-01-18 18:30:00,37.42,39.1,124.97,130.19,37.4
2016-01-18 19:00:00,38.91,41.64,109.32,130.29,39.89
2016-01-18 19:30:00,39.6,42.31,84.99,130.04,40.68
2016-01-18 20:00:00,37.63,40.65,63.82,128.37,37.95
2016-01-18 20:30:00,36.02,38.54,48.3,115.32,36.69
2016-01-18 21:00:00,33.68,35.06,41.67,115.3,34.39
2016-01-18 21:30:00,33.18,34.77,37.84,115.3,33.0
2016-01-18 22:00:00,28.83,30.36,30.64,120.37,27.73
2016-01-18 22:30:00,30.84,32.62,30.81,117.96,28.86
2016-01-18 23:00:00,32.01,35.3,30.58,117.28,29.34
2016-01-18 23:30:00,31.67,33.88,30.77,122.83,30.29
2016-01-19 00:00:00,28.61,29.17,30.05,135.54,27.97
2016-01-19 00:30:00,27.78,27.27,26.93,128.7,25.62
2016-01-19 01:00:00,26.93,26.26,25.25,129.93,24.27
2016-01-19 01:30:00,25.98,25.33,23.17,147.46,22.69
2016-01-19 02:00:00,25.86,24.44,23.0,131.73,22.32
2016-01-19 02:30:00,25.95,24.51,22.67,159.09,22.21
2016-01-19 03:00:00,25.96,24.85,22.32,153.04,22.2
2016-01-19 03:30:00,25.95,24.87,22.18,141.97,22.2
2016-01-19 04:00:00,25.96,24.99,22.12,139.71,22.2
2016-01-19 04:30:00,25.96,25.1,21.89,169.3,22.2
2016-01-19 05:00:00,25.96,24.99,22.31,123.81,22.53
2016-01-19 05:30:00,30.46,29.75,27.67,153.83,27.76
2016-01-19 06:00:00,30.78,30.88,29.86,134.24,29.08
2016-01-19 06:30:00,31.19,32.57,31.27,117.82,30.55
2016-01-19 07:00:00,35.3,37.61,36.18,116.1,35.07
2016-01-19 07:30:00,33.79,36.56,33.77,120.91,32.04
2016-01-19 08:00:00,36.31,38.19,37.82,117.77,34.87
2016-01-19 08:30:00,38.93,41.44,42.42,115.32,38.07
2016-01-19 09:00:00,36.2,38.63,40.54,115.3,36.17
2016-01-19 09:30:00,37.97,41.08,43.69,115.3,38.46
2016-01-19 10:00:00,38.48,40.87,45.53,115.3,39.82
2016-01-19 10:30:00,38.74,40.61,46.02,115.3,40.43
2016-01-19 11:00:00,41.31,42.52,59.13,115.3,44.88
2016-01-19 11:30:00,39.45,40.57,53.18,129.97,43.74
2016-01-19 12:00:00,40.3,41.61,62.96,112.13,43.62
2016-01-19 12:30:00,42.85,43.82,91.61,112.48,46.9
2016-01-19 13:00:00,49.75,50.88,91.66,112.54,55.06
2016-01-19 13:30:00,48.25,50.1,84.99,111.95,52.89
2016-01-19 14:00:00,51.38,53.04,104.95,114.46,57.63
2016-01-19 14:30:00,80.29,81.94,115.75,139.16,89.88
2016-01-19 15:00:00,81.87,83.33,120.28,118.55,90.79
2016-01-19 15:30:00,55.24,57.29,124.94,116.1,58.08
2016-01-19 16:00:00,85.01,88.09,122.6,117.18,88.5
2016-01-19 16:30:00,90.46,94.37,112.15,117.28,93.17
2016-01-19 17:00:00,99.26,103.78,124.9,117.08,101.23
2016-01-19 17:30:00,77.69,83.09,95.98,118.65,77.33
2016-01-19 18:00:00,88.0,91.83,102.1,124.49,88.81
2016-01-19 18:30:00,56.64,59.24,110.92,116.5,58.08
2016-01-19 19:00:00,66.36,70.71,84.97,121.11,65.45
2016-01-19 19:30:00,65.08,70.31,78.94,131.12,62.37
2016-01-19 20:00:00,58.05,63.13,62.89,140.24,55.07
2016-01-19 20:30:00,56.02,61.55,57.82,121.08,54.17
2016-01-19 21:00:00,45.84,50.72,81.43,115.32,45.47
2016-01-19 21:30:00,39.84,43.8,84.99,115.31,38.05
2016-01-19 22:00:00,35.63,39.52,93.27,115.3,33.53
2016-01-19 22:30:00,39.57,51.33,84.99,115.3,38.74
2016-01-19 23:00:00,35.33,42.17,84.99,117.86,34.32
2016-01-19 23:30:00,37.25,44.28,52.94,115.31,37.3
2016-01-20 00:00:00,33.82,36.93,84.77,115.32,34.06
2016-01-20 00:30:00,31.89,33.98,61.71,115.4,31.15
2016-01-20 01:00:00,28.53,30.18,31.35,117.77,27.29
2016-01-20 01:30:00,27.74,28.54,28.46,116.2,25.68
2016-01-20 02:00:00,27.83,28.42,28.5,115.29,25.52
2016-01-20 02:30:00,25.74,25.97,25.53,115.3,23.2
2016-01-20 03:00:00,25.84,25.87,24.62,115.31,22.57
2016-01-20 03:30:00,25.96,26.02,23.39,117.77,22.2
2016-01-20 04:00:00,25.96,26.35,22.5,138.56,22.13
2016-01-20 04:30:00,30.14,30.46,21.17,130.34,23.07
2016-01-20 05:00:00,30.0,30.04,22.77,124.49,23.6
2016-01-20 05:30:00,32.37,33.03,29.79,130.34,28.45
2016-01-20 06:00:00,32.27,33.82,34.43,135.16,30.93
2016-01-20 06:30:00,38.45,40.94,50.64,116.1,39.02
2016-01-20 07:00:00,45.01,49.12,88.25,117.67,47.36
2016-01-20 07:30:00,34.13,38.59,72.45,116.1,33.76
2016-01-20 08:00:00,36.57,41.49,72.35,119.24,34.53
2016-01-20 08:30:00,42.47,47.68,84.33,115.32,40.16
2016-01-20 09:00:00,63.89,68.76,107.29,115.32,64.56
2016-01-20 09:30:00,62.01,65.01,93.55,121.1,61.97
2016-01-20 10:00:00,55.33,57.38,69.25,125.03,54.3
2016-01-20 10:30:00,60.82,61.75,74.51,117.67,60.64
2016-01-20 11:00:00,67.34,68.43,78.75,147.63,66.54
2016-01-20 11:30:00,45.85,46.06,52.63,141.97,43.19
2016-01-20 12:00:00,43.91,43.78,46.69,130.34,40.5
2016-01-20 12:30:00,66.65,66.72,76.94,130.34,61.49
2016-01-20 13:00:00,67.48,68.48,83.05,127.07,64.24
2016-01-20 13:30:00,85.98,86.48,88.2,125.67,80.13
2016-01-20 14:00:00,79.69,79.43,86.32,128.64,80.15
2016-01-20 14:30:00,79.0,78.78,87.31,120.17,81.59
2016-01-20 15:00:00,77.97,79.47,83.95,124.25,78.87
2016-01-20 15:30:00,81.06,82.88,84.93,141.83,80.42
2016-01-20 16:00:00,87.58,88.2,90.51,130.39,86.54
2016-01-20 16:30:00,136.76,137.99,142.62,130.34,131.64
2016-01-20 17:00:00,87.63,91.21,109.28,136.04,79.14
2016-01-20 17:30:00,62.33,66.21,84.12,134.21,57.35
2016-01-20 18:00:00,63.04,65.82,84.99,139.73,55.05
2016-01-20 18:30:00,67.0,69.41,84.99,129.56,49.96
2016-01-20 19:00:00,83.77,85.26,85.56,115.79,73.73
2016-01-20 19:30:00,85.81,87.65,84.99,120.32,70.81
2016-01-20 20:00:00,69.98,72.42,84.34,120.22,61.35
2016-01-20 20:30:00,60.81,63.47,84.99,130.89,55.58
2016-01-20 21:00:00,51.01,51.76,71.66,141.71,46.52
2016-01-20 21:30:00,45.98,47.15,64.99,122.68,41.48
2016-01-20 22:00:00,37.65,40.09,65.73,122.68,33.62
2016-01-20 22:30:00,43.29,45.29,61.15,117.76,40.33
2016-01-20 23:00:00,45.51,49.06,55.19,115.3,43.47
2016-01-20 23:30:00,45.46,49.68,50.9,115.3,43.93
2016-01-21 00:00:00,41.78,44.26,58.93,115.3,41.17
2016-01-21 00:30:00,39.29,40.96,56.98,115.3,37.0
2016-01-21 01:00:00,35.99,37.02,38.53,115.3,31.11
2016-01-21 01:30:00,31.79,31.96,33.81,115.31,29.26
2016-01-21 02:00:00,38.86,38.1,41.33,122.68,27.22
2016-01-21 02:30:00,36.3,35.17,36.85,127.59,22.56
2016-01-21 03:00:00,36.3,35.06,36.32,115.32,22.36
2016-01-21 03:30:00,34.98,33.03,34.33,115.32,22.4
2016-01-21 04:00:00,34.28,32.13,34.44,115.32,24.96
2016-01-21 04:30:00,34.7,32.4,35.86,115.32,30.2
2016-01-21 05:00:00,34.98,32.74,36.08,118.83,30.2
2016-01-21 05:30:00,39.28,36.78,42.82,120.32,37.8
2016-01-21 06:00:00,32.15,31.39,35.29,120.07,31.39
2016-01-21 06:30:00,39.26,39.24,44.74,120.22,39.81
2016-01-21 07:00:00,65.38,64.62,84.31,120.53,70.9
2016-01-21 07:30:00,41.91,40.93,57.2,126.34,42.76
2016-01-21 08:00:00,56.98,54.12,73.15,120.22,58.48
2016-01-21 08:30:00,58.5,56.41,77.37,120.12,58.67
2016-01-21 09:00:00,50.21,48.32,69.5,117.67,50.49
2016-01-21 09:30:00,56.96,53.76,71.9,117.72,56.66
2016-01-21 10:00:00,78.88,73.82,93.21,120.02,77.11
2016-01-21 10:30:00,60.45,55.43,67.6,120.03,58.35
2016-01-21 11:00:00,58.68,54.0,68.3,118.46,55.79
2016-01-21 11:30:00,72.11,67.23,88.8,125.06,66.76
2016-01-21 12:00:00,87.29,81.68,96.19,130.08,79.11
2016-01-21 12:30:00,62.52,59.62,81.56,120.04,60.65
2016-01-21 13:00:00,81.49,78.96,95.48,120.04,79.67
2016-01-21 13:30:00,143.74,136.75,164.56,128.41,139.5
2016-01-21 14:00:00,176.59,165.76,187.15,123.39,166.75
2016-01-21 14:30:00,109.44,102.92,131.3,120.02,105.02
2016-01-21 15:00:00,70.38,66.87,92.28,120.02,68.48
2016-01-21 15:30:00,52.29,51.42,113.41,120.02,52.01
2016-01-21 16:00:00,48.85,48.31,73.19,125.06,49.49
2016-01-21 16:30:00,49.44,49.61,61.28,123.38,49.62
2016-01-21 17:00:00,62.15,63.3,80.23,123.39,60.0
2016-01-21 17:30:00,47.5,49.68,75.79,120.04,46.5
2016-01-21 18:00:00,66.89,77.29,230.69,130.08,64.35
2016-01-21 18:30:00,65.21,70.18,203.56,121.7,59.24
2016-01-21 19:00:00,73.8,78.91,251.34,120.03,64.89
2016-01-21 19:30:00,67.58,77.2,227.24,120.14,58.42
2016-01-21 20:00:00,54.73,92.45,125.01,120.02,47.91
2016-01-21 20:30:00,56.46,62.66,90.85,120.02,51.04
2016-01-21 21:00:00,39.46,42.62,45.81,120.02,34.44
2016-01-21 21:30:00,41.2,43.88,228.46,120.02,36.61
2016-01-21 22:00:00,36.42,39.02,55.13,120.02,31.84
2016-01-21 22:30:00,53.46,58.57,77.2,120.02,48.86
2016-01-21 23:00:00,41.19,77.32,84.99,120.02,36.91
2016-01-21 23:30:00,41.61,51.38,62.29,121.85,40.5
2016-01-22 00:00:00,34.85,38.34,48.54,120.27,33.8
2016-01-22 00:30:00,33.95,36.46,35.1,120.17,30.28
2016-01-22 01:00:00,33.72,35.8,64.28,120.32,29.76
2016-01-22 01:30:00,41.31,41.98,80.43,120.32,34.98
2016-01-22 02:00:00,39.1,39.71,61.66,120.17,31.63
2016-01-22 02:30:00,32.08,32.03,53.74,120.32,28.58
2016-01-22 03:00:00,33.47,32.71,42.68,120.32,28.66
2016-01-22 03:30:00,32.28,31.08,45.96,120.32,27.23
2016-01-22 04:00:00,31.58,30.38,40.47,120.32,22.2
2016-01-22 04:30:00,33.99,32.29,34.61,150.44,22.2
2016-01-22 05:00:00,43.77,40.93,54.4,126.93,26.2
2016-01-22 05:30:00,47.31,44.3,61.8,112.79,35.81
2016-01-22 06:00:00,37.88,37.24,56.09,120.02,36.23
2016-01-22 06:30:00,44.36,44.7,60.98,120.02,43.44
2016-01-22 07:00:00,57.89,60.04,78.93,123.56,59.01
2016-01-22 07:30:00,41.83,43.71,84.59,120.02,41.28
2016-01-22 08:00:00,61.79,63.79,93.37,120.02,60.81
2016-01-22 08:30:00,60.96,62.98,124.95,120.02,59.27
2016-01-22 09:00:00,48.39,50.52,116.96,115.2,47.52
2016-01-22 09:30:00,57.07,59.45,100.35,113.52,55.34
2016-01-22 10:00:00,63.54,67.01,107.29,118.45,61.77
2016-01-22 10:30:00,65.98,67.51,100.66,125.17,64.93
2016-01-22 11:00:00,63.35,64.35,88.55,120.03,62.01
2016-01-22 11:30:00,65.28,67.42,101.72,120.04,63.89
2016-01-22 12:00:00,70.45,73.6,110.42,121.75,67.69
2016-01-22 12:30:00,83.2,85.57,121.39,120.02,78.69
2016-01-22 13:00:00,93.2,95.77,124.99,117.61,88.64
2016-01-22 13:30:00,53.05,54.87,84.99,125.18,50.99
2016-01-22 14:00:00,56.65,60.15,86.82,117.62,52.82
2016-01-22 14:30:00,44.69,48.15,48.91,123.47,39.42
2016-01-22 15:00:00,40.72,51.73,36.24,120.37,33.82
2016-01-22 15:30:00,39.17,47.05,38.34,123.75,34.94
2016-01-22 16:00:00,37.72,64.46,36.96,120.42,33.44
2016-01-22 16:30:00,38.84,74.46,62.0,120.42,34.88
2016-01-22 17:00:00,46.14,98.64,98.32,120.42,41.44
2016-01-22 17:30:00,36.16,49.97,118.32,114.59,32.41
2016-01-22 18:00:00,38.22,41.92,98.32,118.73,35.21
2016-01-22 18:30:00,34.94,39.88,84.99,116.57,32.43
2016-01-22 19:00:00,36.02,51.43,68.57,120.42,33.18
2016-01-22 19:30:00,36.11,88.44,40.35,118.73,31.64
2016-01-22 20:00:00,35.08,61.46,35.41,111.95,30.65
2016-01-22 20:30:00,34.97,66.94,35.97,114.46,30.92
2016-01-22 21:00:00,33.12,40.09,34.05,114.46,29.29
2016-01-22 21:30:00,35.23,41.44,37.23,123.47,30.56
2016-01-22 22:00:00,32.28,36.64,34.0,120.02,27.58
2016-01-22 22:30:00,35.9,107.27,35.97,120.02,31.47
2016-01-22 23:00:00,34.26,56.48,34.2,120.02,30.25
2016-01-22 23:30:00,34.98,48.16,35.19,116.82,32.41
2016-01-23 00:00:00,34.54,38.84,37.41,119.57,32.98
2016-01-23 00:30:00,31.88,35.33,32.55,117.86,28.96
2016-01-23 01:00:00,31.93,35.22,30.73,111.12,27.64
2016-01-23 01:30:00,27.06,28.91,24.97,118.55,22.98
2016-01-23 02:00:00,30.96,32.45,27.34,118.55,22.2
2016-01-23 02:30:00,30.99,32.39,27.92,120.42,22.2
2016-01-23 03:00:00,30.17,32.01,27.22,120.42,22.81
2016-01-23 03:30:00,30.08,31.71,27.4,120.42,22.2
2016-01-23 04:00:00,25.14,25.02,23.73,120.42,21.19
2016-01-23 04:30:00,25.96,25.53,24.55,120.42,21.94
2016-01-23 05:00:00,25.98,25.2,24.85,118.71,22.16
2016-01-23 05:30:00,27.72,26.86,25.69,119.57,22.16
2016-01-23 06:00:00,28.63,27.78,26.81,113.72,22.2
2016-01-23 06:30:00,31.85,31.52,29.29,119.57,22.2
2016-01-23 07:00:00,33.08,33.35,30.91,120.42,24.88
2016-01-23 07:30:00,31.16,32.49,29.4,122.99,23.26
2016-01-23 08:00:00,33.44,35.56,32.47,130.41,28.45
2016-01-23 08:30:00,40.9,43.69,41.36,118.75,37.07
2016-01-23 09:00:00,38.05,41.53,37.84,120.42,34.03
2016-01-23 09:30:00,36.13,39.97,35.48,117.97,32.01
2016-01-23 10:00:00,36.13,39.99,35.57,117.97,31.97
2016-01-23 10:30:00,34.08,36.33,33.95,118.01,30.33
2016-01-23 11:00:00,34.0,35.85,33.56,118.58,29.96
2016-01-23 11:30:00,33.74,35.61,33.65,120.49,29.92
2016-01-23 12:00:00,34.55,37.06,34.23,120.37,30.38
2016-01-23 12:30:00,31.99,35.16,30.66,114.56,27.75
2016-01-23 13:00:00,32.98,36.76,30.82,119.48,28.52
2016-01-23 13:30:00,30.83,34.18,27.4,119.48,26.0
2016-01-23 14:00:00,30.8,33.97,26.6,112.05,25.72
2016-01-23 14:30:00,30.87,41.85,25.02,118.65,24.92
2016-01-23 15:00:00,30.84,41.65,25.36,119.48,25.07
2016-01-23 15:30:00,31.4,41.94,27.67,119.48,26.36
2016-01-23 16:00:00,31.54,41.65,28.47,120.32,26.85
2016-01-23 16:30:00,32.12,49.78,29.41,120.32,27.48
2016-01-23 17:00:00,33.48,57.93,31.06,120.32,28.95
2016-01-23 17:30:00,33.96,62.11,32.05,120.32,29.58
2016-01-23 18:00:00,33.96,56.2,32.7,120.37,29.83
2016-01-23 18:30:00,33.11,54.57,32.3,120.42,29.03
2016-01-23 19:00:00,30.98,57.94,30.29,120.37,27.1
2016-01-23 19:30:00,33.96,59.63,33.0,120.32,29.16
2016-01-23 20:00:00,35.57,51.48,33.94,120.32,29.78
2016-01-23 20:30:00,36.48,44.18,35.4,120.32,30.31
2016-01-23 21:00:00,33.56,38.33,32.49,120.32,28.96
2016-01-23 21:30:00,31.4,35.12,29.36,120.32,25.98
2016-01-23 22:00:00,30.7,33.93,27.4,120.32,22.2
2016-01-23 22:30:00,31.95,36.71,27.75,120.37,22.2
2016-01-23 23:00:00,30.42,37.03,26.74,120.32,22.2
2016-01-23 23:30:00,29.89,32.62,26.5,122.42,25.64
2016-01-24 00:00:00,28.53,29.6,27.58,111.95,25.33
2016-01-24 00:30:00,27.03,27.63,24.66,122.91,23.08
2016-01-24 01:00:00,28.01,28.91,24.74,110.28,23.27
2016-01-24 01:30:00,26.07,26.16,23.53,110.28,22.07
2016-01-24 02:00:00,26.68,26.41,23.42,110.28,22.09
2016-01-24 02:30:00,26.9,26.54,22.51,114.36,21.66
2016-01-24 03:00:00,25.96,25.88,21.57,120.02,20.77
2016-01-24 03:30:00,26.25,26.2,22.23,120.02,21.08
2016-01-24 04:00:00,25.97,25.68,22.82,120.04,21.13
2016-01-24 04:30:00,25.98,24.98,23.49,125.18,21.47
2016-01-24 05:00:00,26.56,26.08,23.92,121.75,21.87
2016-01-24 05:30:00,26.65,26.21,24.2,121.75,22.12
2016-01-24 06:00:00,26.49,26.06,23.89,126.89,22.01
2016-01-24 06:30:00,25.89,24.72,23.2,123.47,21.7
2016-01-24 07:00:00,29.75,28.64,25.93,130.32,22.51
2016-01-24 07:30:00,31.09,31.78,26.79,130.62,22.2
2016-01-24 08:00:00,32.61,33.26,29.27,132.36,26.87
2016-01-24 08:30:00,35.11,36.65,31.86,135.26,29.71
2016-01-24 09:00:00,34.35,35.95,30.54,135.32,28.7
2016-01-24 09:30:00,35.39,37.74,31.34,134.44,29.64
2016-01-24 10:00:00,35.67,38.64,31.6,134.5,29.87
2016-01-24 10:30:00,35.17,37.49,31.35,133.67,29.58
2016-01-24 11:00:00,35.42,37.68,31.71,130.62,29.79
2016-01-24 11:30:00,35.56,37.6,31.98,133.03,29.95
2016-01-24 12:00:00,31.52,34.37,28.37,131.16,26.55
2016-01-24 12:30:00,30.85,34.0,27.08,130.32,25.7
2016-01-24 13:00:00,30.8,34.03,25.57,131.26,24.85
2016-01-24 13:30:00,30.83,34.19,23.13,131.34,23.63
2016-01-24 14:00:00,30.87,34.37,24.26,130.32,24.18
2016-01-24 14:30:00,32.05,39.56,22.85,132.26,24.13
2016-01-24 15:00:00,33.96,41.66,24.11,130.32,25.46
2016-01-24 15:30:00,34.46,42.96,29.15,130.32,28.55
2016-01-24 16:00:00,36.37,49.5,31.64,131.14,30.42
2016-01-24 16:30:00,35.84,99.71,30.25,135.31,28.0
2016-01-24 17:00:00,36.41,179.72,32.56,146.13,30.2
2016-01-24 17:30:00,36.07,45.58,32.84,132.81,30.2
2016-01-24 18:00:00,36.71,82.85,33.55,131.16,31.27
2016-01-24 18:30:00,37.5,81.9,34.16,134.49,32.24
2016-01-24 19:00:00,35.93,44.27,31.91,130.32,30.47
2016-01-24 19:30:00,35.95,56.63,31.04,131.99,30.21
2016-01-24 20:00:00,35.99,63.79,31.15,134.5,30.2
2016-01-24 20:30:00,35.92,63.8,31.47,134.5,30.48
2016-01-24 21:00:00,35.24,44.87,31.17,130.32,30.03
2016-01-24 21:30:00,35.58,40.92,31.3,128.6,30.06
2016-01-24 22:00:00,32.07,35.79,27.4,120.02,26.66
2016-01-24 22:30:00,31.77,64.54,26.42,120.02,26.0
2016-01-24 23:00:00,30.46,73.86,25.15,120.28,24.81
2016-01-24 23:30:00,30.67,54.84,23.04,118.71,24.36
2016-01-25 00:00:00,27.86,32.25,25.13,117.5,24.14
2016-01-25 00:30:00,30.5,33.48,26.67,120.02,25.0
2016-01-25 01:00:00,30.82,34.18,26.39,120.02,23.9
2016-01-25 01:30:00,27.05,29.81,23.31,120.02,22.2
2016-01-25 02:00:00,31.03,33.67,24.74,118.45,23.03
2016-01-25 02:30:00,29.45,31.48,23.22,115.3,22.72
2016-01-25 03:00:00,26.25,27.6,19.79,116.09,19.78
2016-01-25 03:30:00,26.16,27.32,17.58,115.3,18.62
2016-01-25 04:00:00,26.31,27.1,18.01,116.92,18.89
2016-01-25 04:30:00,30.74,31.93,23.31,115.3,23.32
2016-01-25 05:00:00,32.89,34.27,26.08,115.3,22.91
2016-01-25 05:30:00,37.82,39.96,29.18,115.3,23.07
2016-01-25 06:00:00,32.31,35.25,28.15,115.3,26.2
2016-01-25 06:30:00,35.62,39.2,31.88,116.87,29.97
2016-01-25 07:00:00,37.6,41.89,35.09,123.45,32.78
2016-01-25 07:30:00,35.9,40.63,32.99,120.02,30.69
2016-01-25 08:00:00,36.4,45.49,32.64,121.84,31.04
2016-01-25 08:30:00,39.45,73.9,34.82,124.37,33.34
2016-01-25 09:00:00,36.03,50.61,31.63,123.55,30.39
2016-01-25 09:30:00,34.67,58.01,29.39,120.02,29.06
2016-01-25 10:00:00,34.8,80.48,28.01,122.09,28.61
2016-01-25 10:30:00,34.81,50.06,23.8,128.37,26.34
2016-01-25 11:00:00,34.98,53.86,23.12,126.16,25.69
2016-01-25 11:30:00,36.02,44.34,32.95,133.42,31.0
2016-01-25 12:00:00,35.97,57.33,33.8,122.09,31.05
2016-01-25 12:30:00,35.87,87.14,34.23,120.17,31.04
2016-01-25 13:00:00,37.45,89.62,36.21,117.71,32.5
2016-01-25 13:30:00,36.69,80.48,35.52,116.09,31.84
2016-01-25 14:00:00,37.27,103.89,36.16,119.33,32.42
2016-01-25 14:30:00,37.8,85.46,37.33,120.07,33.4
2016-01-25 15:00:00,36.96,85.44,36.23,121.88,32.77
2016-01-25 15:30:00,37.51,113.81,37.61,121.74,33.68
2016-01-25 16:00:00,36.46,156.44,36.9,120.02,32.65
2016-01-25 16:30:00,36.31,46.04,37.34,120.02,32.84
2016-01-25 17:00:00,34.77,41.64,36.31,121.75,31.51
2016-01-25 17:30:00,33.97,41.2,34.9,120.03,30.85
2016-01-25 18:00:00,32.9,37.54,33.91,120.02,29.61
2016-01-25 18:30:00,31.22,35.36,30.48,120.02,27.81
2016-01-25 19:00:00,32.38,42.12,30.21,126.89,27.83
2016-01-25 19:30:00,30.8,45.95,25.35,130.32,24.29
2016-01-25 20:00:00,30.88,35.36,23.65,130.32,24.31
2016-01-25 20:30:00,30.8,34.65,27.09,130.32,26.21
2016-01-25 21:00:00,30.77,33.99,26.19,126.89,25.56
2016-01-25 21:30:00,30.7,33.99,23.01,116.88,23.69
2016-01-25 22:00:00,30.64,33.88,20.5,120.03,22.61
2016-01-25 22:30:00,32.24,50.17,19.82,120.04,23.07
2016-01-25 23:00:00,30.84,63.38,15.76,120.04,20.27
2016-01-25 23:30:00,30.8,52.54,15.78,120.02,21.05
2016-01-26 00:00:00,29.08,32.3,22.41,120.02,23.64
2016-01-26 00:30:00,30.12,32.58,21.75,120.02,23.34
2016-01-26 01:00:00,29.3,32.04,20.3,120.02,22.0
2016-01-26 01:30:00,30.65,33.59,16.93,116.09,20.41
2016-01-26 02:00:00,28.1,30.77,14.32,115.3,18.15
2016-01-26 02:30:00,28.09,30.4,9.01,115.3,15.44
2016-01-26 03:00:00,26.77,28.84,11.59,115.3,16.3
2016-01-26 03:30:00,27.36,30.19,8.04,115.3,14.67
2016-01-26 04:00:00,29.97,33.29,9.72,115.3,16.49
2016-01-26 04:30:00,24.72,26.01,11.78,115.3,15.62
2016-01-26 05:00:00,26.18,27.56,9.87,115.3,15.09
2016-01-26 05:30:00,30.73,32.73,9.84,115.3,16.88
2016-01-26 06:00:00,30.0,31.85,9.66,115.3,16.6
2016-01-26 06:30:00,29.29,31.67,9.85,120.02,16.56
2016-01-26 07:00:00,30.78,32.77,16.2,120.02,20.78
2016-01-26 07:30:00,30.86,33.54,12.73,173.42,18.86
2016-01-26 08:00:00,30.82,33.93,15.67,167.17,20.4
2016-01-26 08:30:00,30.9,34.59,19.77,120.02,22.68
2016-01-26 09:00:00,30.83,35.81,21.3,146.7,23.43
2016-01-26 09:30:00,31.5,39.76,23.79,120.02,25.19
2016-01-26 10:00:00,30.98,34.88,20.29,120.02,22.84
2016-01-26 10:30:00,30.98,34.36,23.44,120.02,24.55
2016-01-26 11:00:00,30.93,34.12,23.75,119.28,24.72
2016-01-26 11:30:00,30.9,33.89,26.03,117.29,25.9
2016-01-26 12:00:00,30.94,33.6,27.89,118.49,26.91
2016-01-26 12:30:00,31.01,33.43,28.35,118.08,26.98
2016-01-26 13:00:00,31.32,33.7,29.41,118.54,27.52
2016-01-26 13:30:00,31.15,33.56,29.76,120.02,27.59
2016-01-26 14:00:00,31.65,34.05,31.07,119.28,28.32
2016-01-26 14:30:00,34.19,36.39,36.09,119.65,31.15
2016-01-26 15:00:00,33.66,35.69,39.44,116.55,31.39
2016-01-26 15:30:00,34.82,36.1,45.32,118.54,33.67
2016-01-26 16:00:00,34.99,36.58,46.29,119.28,33.82
2016-01-26 16:30:00,34.3,36.36,46.14,120.02,32.93
2016-01-26 17:00:00,37.38,40.09,53.76,120.02,35.85
2016-01-26 17:30:00,36.12,38.93,60.08,120.02,34.97
2016-01-26 18:00:00,35.6,38.26,55.01,120.02,34.38
2016-01-26 18:30:00,34.13,36.61,46.14,120.02,32.22
2016-01-26 19:00:00,35.08,38.49,45.41,120.02,32.27
2016-01-26 19:30:00,33.61,36.66,40.93,120.02,30.32
2016-01-26 20:00:00,33.31,35.67,37.97,116.87,29.84
2016-01-26 20:30:00,31.57,33.3,31.88,115.3,28.8
2016-01-26 21:00:00,30.78,31.94,30.47,120.02,24.38
2016-01-26 21:30:00,30.09,31.38,28.88,116.09,22.2
2016-01-26 22:00:00,27.72,28.18,25.65,115.3,22.2
2016-01-26 22:30:00,30.07,31.47,26.58,115.3,22.49
2016-01-26 23:00:00,29.23,30.01,27.23,115.3,22.2
2016-01-26 23:30:00,27.57,27.53,25.58,115.3,22.2
2016-01-27 00:00:00,28.9,28.15,29.77,115.3,22.2
2016-01-27 00:30:00,27.3,26.13,27.85,115.3,22.25
2016-01-27 01:00:00,26.67,25.43,26.04,115.3,22.2
2016-01-27 01:30:00,25.96,24.41,24.84,115.3,22.2
2016-01-27 02:00:00,25.96,24.08,25.01,115.3,22.2
2016-01-27 02:30:00,25.96,24.14,24.64,115.3,22.14
2016-01-27 03:00:00,25.96,23.97,21.18,115.3,20.17
2016-01-27 03:30:00,25.96,24.04,18.26,115.3,18.54
2016-01-27 04:00:00,25.96,24.51,24.02,115.3,21.94
2016-01-27 04:30:00,25.94,24.66,24.42,115.3,22.2
2016-01-27 05:00:00,26.37,24.83,25.68,115.3,22.81
2016-01-27 05:30:00,44.57,41.35,44.05,115.3,33.81
2016-01-27 06:00:00,31.8,30.21,37.37,115.3,30.72
2016-01-27 06:30:00,33.23,33.03,41.77,116.62,33.43
2016-01-27 07:00:00,37.95,39.16,56.13,120.02,39.1
2016-01-27 07:30:00,36.75,40.16,52.53,118.98,35.49
2016-01-27 08:00:00,36.05,39.53,53.48,115.83,34.94
2016-01-27 08:30:00,37.79,41.02,64.98,115.3,37.14
2016-01-27 09:00:00,38.84,42.25,64.99,115.85,38.38
2016-01-27 09:30:00,41.79,44.94,65.17,114.46,41.94
2016-01-27 10:00:00,40.31,43.95,60.12,115.3,39.93
2016-01-27 10:30:00,42.84,45.98,59.81,115.3,42.87
2016-01-27 11:00:00,44.17,47.13,64.99,115.3,44.32
2016-01-27 11:30:00,42.51,45.65,62.44,115.3,42.82
2016-01-27 12:00:00,46.31,49.98,61.16,115.3,47.14
2016-01-27 12:30:00,39.54,42.77,63.02,115.3,40.85
2016-01-27 13:00:00,39.03,42.79,60.41,115.3,40.07
2016-01-27 13:30:00,36.32,40.08,50.72,116.09,37.23
2016-01-27 14:00:00,35.96,40.47,41.66,117.66,36.56
2016-01-27 14:30:00,36.76,41.64,41.77,118.45,37.71
2016-01-27 15:00:00,36.4,41.63,40.97,117.66,37.32
2016-01-27 15:30:00,37.72,41.99,43.78,119.23,39.46
2016-01-27 16:00:00,36.9,41.1,44.19,117.66,38.84
2016-01-27 16:30:00,36.26,41.64,47.65,115.3,37.51
2016-01-27 17:00:00,35.66,44.16,45.61,117.66,35.54
2016-01-27 17:30:00,34.49,41.63,42.1,118.45,33.72
2016-01-27 18:00:00,33.53,41.1,35.55,120.02,31.37
2016-01-27 18:30:00,33.78,41.61,35.08,120.02,31.02
2016-01-27 19:00:00,32.73,42.24,33.6,130.13,29.96
2016-01-27 19:30:00,31.78,41.18,31.68,140.2,28.53
2016-01-27 20:00:00,30.8,41.68,29.64,135.24,27.13
2016-01-27 20:30:00,30.53,41.61,28.94,135.24,26.77
2016-01-27 21:00:00,30.3,40.35,27.84,135.24,26.25
2016-01-27 21:30:00,30.11,36.26,26.83,123.52,26.05
2016-01-27 22:00:00,28.26,31.12,25.88,115.62,24.82
2016-01-27 22:30:00,28.38,30.62,26.02,115.3,24.66
2016-01-27 23:00:00,29.3,31.38,26.76,114.82,23.78
2016-01-27 23:30:00,32.46,34.18,28.17,115.5,27.5
2016-01-28 00:00:00,28.79,28.88,28.56,119.33,25.48
2016-01-28 00:30:00,29.5,28.95,28.68,117.66,24.79
2016-01-28 01:00:00,28.25,27.95,26.9,118.55,22.48
2016-01-28 01:30:00,25.96,25.17,24.4,120.02,22.2
2016-01-28 02:00:00,25.97,24.97,24.57,133.36,22.15
2016-01-28 02:30:00,25.96,24.97,24.12,175.93,22.1
2016-01-28 03:00:00,25.96,25.05,23.46,143.61,21.85
2016-01-28 03:30:00,25.96,24.98,22.96,125.1,21.67
2016-01-28 04:00:00,25.97,24.96,23.52,127.94,21.98
2016-01-28 04:30:00,25.97,25.0,23.79,126.89,22.2
2016-01-28 05:00:00,25.96,24.93,23.71,120.03,22.27
2016-01-28 05:30:00,29.93,28.88,27.5,118.49,25.83
2016-01-28 06:00:00,31.4,30.99,30.39,120.02,28.3
2016-01-28 06:30:00,35.51,36.61,37.2,115.99,34.19
2016-01-28 07:00:00,41.08,42.35,46.7,120.02,41.55
2016-01-28 07:30:00,37.39,41.41,39.97,118.48,35.24
2016-01-28 08:00:00,36.43,41.14,38.68,115.3,34.54
2016-01-28 08:30:00,36.28,41.07,38.19,114.46,34.71
2016-01-28 09:00:00,36.81,41.72,37.94,112.74,35.04
2016-01-28 09:30:00,36.19,44.63,35.2,112.79,33.95
2016-01-28 10:00:00,36.09,41.62,32.17,112.79,33.17
2016-01-28 10:30:00,36.36,41.65,32.49,111.95,33.62
2016-01-28 11:00:00,37.0,41.63,32.67,111.95,34.47
2016-01-28 11:30:00,37.34,41.6,32.93,114.46,34.94
2016-01-28 12:00:00,37.62,41.61,32.43,111.95,34.84
2016-01-28 12:30:00,37.03,40.97,31.93,112.79,33.51
2016-01-28 13:00:00,37.53,41.61,30.76,113.63,32.57
2016-01-28 13:30:00,42.66,48.46,32.38,112.79,33.73
2016-01-28 14:00:00,38.46,48.33,33.54,119.24,34.56
2016-01-28 14:30:00,41.39,56.74,36.16,120.03,37.1
2016-01-28 15:00:00,49.36,59.64,43.56,120.03,43.86
2016-01-28 15:30:00,43.23,63.26,33.52,121.73,33.69
2016-01-28 16:00:00,46.62,61.44,39.89,120.94,41.14
2016-01-28 16:30:00,54.38,70.28,46.79,125.18,49.98
2016-01-28 17:00:00,68.13,76.15,58.93,120.02,63.83
2016-01-28 17:30:00,43.56,51.55,37.03,120.03,40.37
2016-01-28 18:00:00,45.91,67.86,38.37,121.73,42.1
2016-01-28 18:30:00,38.23,67.99,30.82,118.45,34.5
2016-01-28 19:00:00,43.34,144.91,35.55,111.95,38.07
2016-01-28 19:30:00,42.76,230.37,33.73,111.11,35.99
2016-01-28 20:00:00,41.43,70.59,33.8,110.26,35.06
2016-01-28 20:30:00,37.61,62.11,32.09,113.62,32.54
2016-01-28 21:00:00,34.23,44.81,28.97,110.26,29.53
2016-01-28 21:30:00,31.9,40.63,25.86,110.26,26.69
2016-01-28 22:00:00,31.04,36.68,25.44,110.26,26.15
2016-01-28 22:30:00,33.06,39.11,26.09,116.09,27.42
2016-01-28 23:00:00,31.99,39.38,26.62,115.3,27.27
2016-01-28 23:30:00,34.75,38.61,30.1,117.9,31.06
2016-01-29 00:00:00,34.97,36.41,33.62,114.37,32.32
2016-01-29 00:30:00,35.33,35.75,34.0,114.62,32.09
2016-01-29 01:00:00,38.56,38.77,36.03,110.28,34.33
2016-01-29 01:30:00,34.0,33.86,31.31,111.95,29.85
2016-01-29 02:00:00,27.44,26.95,24.47,114.36,23.37
2016-01-29 02:30:00,25.96,25.44,21.21,120.52,18.28
2016-01-29 03:00:00,25.96,25.76,21.77,129.6,20.63
2016-01-29 03:30:00,26.1,26.19,22.36,123.65,21.75
2016-01-29 04:00:00,26.91,27.25,22.48,118.45,21.77
2016-01-29 04:30:00,29.51,29.79,25.15,110.28,24.72
2016-01-29 05:00:00,30.0,29.99,26.37,111.58,25.83
2016-01-29 05:30:00,46.83,46.95,43.3,120.26,42.26
2016-01-29 06:00:00,54.69,54.58,56.3,113.82,52.39
2016-01-29 06:30:00,43.01,45.39,45.34,114.49,42.59
2016-01-29 07:00:00,49.93,51.84,52.96,118.37,50.16
2016-01-29 07:30:00,42.2,49.64,41.74,116.97,39.34
2016-01-29 08:00:00,46.89,52.14,45.3,114.87,43.12
2016-01-29 08:30:00,48.87,76.63,46.27,114.45,44.84
2016-01-29 09:00:00,39.73,72.63,38.52,116.53,37.0
2016-01-29 09:30:00,40.5,138.09,38.65,114.85,37.9
2016-01-29 10:00:00,43.7,112.34,39.45,114.84,39.98
2016-01-29 10:30:00,49.11,86.43,44.88,110.25,45.17
2016-01-29 11:00:00,47.78,56.83,41.63,110.24,43.2
2016-01-29 11:30:00,40.82,79.59,35.2,110.26,36.96
2016-01-29 12:00:00,37.51,185.22,31.78,112.33,33.63
2016-01-29 12:30:00,33.96,264.5,28.49,110.34,30.75
2016-01-29 13:00:00,33.79,172.61,29.43,115.26,31.11
2016-01-29 13:30:00,33.9,2126.06,29.34,115.26,31.0
2016-01-29 14:00:00,33.96,124.81,29.34,116.94,31.0
2016-01-29 14:30:00,33.93,2472.01,29.12,120.26,31.0
2016-01-29 15:00:00,33.96,177.5,29.24,116.11,31.0
2016-01-29 15:30:00,33.96,91.81,29.02,115.26,31.0
2016-01-29 16:00:00,34.23,94.36,29.33,115.26,31.0
2016-01-29 16:30:00,34.79,143.96,29.64,115.26,31.0
2016-01-29 17:00:00,35.21,249.79,29.47,115.27,31.0
2016-01-29 17:30:00,33.43,206.36,28.38,115.26,30.22
2016-01-29 18:00:00,33.96,50.76,28.17,115.26,30.52
2016-01-29 18:30:00,32.9,49.1,26.46,115.26,28.8
2016-01-29 19:00:00,33.97,54.48,26.7,115.26,29.36
2016-01-29 19:30:00,33.56,52.69,24.05,115.26,26.58
2016-01-29 20:00:00,33.9,49.17,24.38,115.22,26.76
2016-01-29 20:30:00,33.96,49.06,27.86,113.66,29.29
2016-01-29 21:00:00,32.9,42.88,27.61,112.25,28.33
2016-01-29 21:30:00,31.9,37.75,25.92,110.51,26.87
2016-01-29 22:00:00,30.93,34.22,23.62,110.3,25.61
2016-01-29 22:30:00,31.88,36.88,23.48,110.3,26.23
2016-01-29 23:00:00,30.91,68.74,20.53,112.78,24.26
2016-01-29 23:30:00,31.28,41.57,23.56,111.13,27.08
2016-01-30 00:00:00,29.9,32.01,25.9,111.53,27.52
2016-01-30 00:30:00,27.67,28.91,21.88,113.59,23.95
2016-01-30 01:00:00,27.61,29.53,21.05,114.42,23.31
2016-01-30 01:30:00,25.97,27.08,17.79,112.35,20.58
2016-01-30 02:00:00,25.97,26.53,14.12,115.26,18.19
2016-01-30 02:30:00,25.69,25.97,8.62,115.26,14.85
2016-01-30 03:00:00,25.91,26.05,9.98,112.88,15.47
2016-01-30 03:30:00,25.96,25.86,9.22,110.3,15.0
2016-01-30 04:00:00,25.96,25.7,10.98,110.3,15.91
2016-01-30 04:30:00,25.96,25.66,13.68,108.81,17.48
2016-01-30 05:00:00,25.96,25.36,15.27,93.67,17.98
2016-01-30 05:30:00,25.96,25.58,10.06,53.77,10.5
2016-01-30 06:00:00,25.96,25.64,9.99,30.25,10.44
2016-01-30 06:30:00,25.96,25.51,16.66,73.57,17.47
2016-01-30 07:00:00,26.18,26.02,21.23,113.95,22.37
2016-01-30 07:30:00,27.81,28.75,21.79,106.63,23.27
2016-01-30 08:00:00,30.96,32.62,22.91,110.26,25.02
2016-01-30 08:30:00,31.63,33.68,26.05,113.52,27.59
2016-01-30 09:00:00,33.08,35.88,28.3,120.04,29.2
2016-01-30 09:30:00,33.97,41.19,29.28,120.04,30.09
2016-01-30 10:00:00,33.97,54.58,29.31,116.78,29.94
2016-01-30 10:30:00,33.97,51.2,26.99,118.75,27.45
2016-01-30 11:00:00,33.97,66.2,26.86,114.05,27.02
2016-01-30 11:30:00,33.97,67.98,25.1,114.73,25.08
2016-01-30 12:00:00,33.97,47.63,22.76,113.73,22.2
2016-01-30 12:30:00,35.04,43.31,25.54,114.78,25.17
2016-01-30 13:00:00,39.37,52.48,30.39,113.73,30.2
2016-01-30 13:30:00,35.35,42.63,27.7,111.38,27.75
2016-01-30 14:00:00,34.02,42.11,26.46,113.14,26.03
2016-01-30 14:30:00,34.81,41.61,16.31,113.14,15.51
2016-01-30 15:00:00,36.18,41.61,13.83,112.21,13.35
2016-01-30 15:30:00,33.98,38.03,21.17,111.38,23.52
2016-01-30 16:00:00,33.47,40.43,21.45,113.97,24.77
2016-01-30 16:30:00,30.91,50.64,20.53,113.73,23.4
2016-01-30 17:00:00,30.8,49.88,19.11,111.62,22.94
2016-01-30 17:30:00,30.83,50.63,23.45,111.97,25.6
2016-01-30 18:00:00,30.8,40.39,24.87,112.45,26.4
2016-01-30 18:30:00,30.8,42.92,24.79,111.38,26.24
2016-01-30 19:00:00,30.8,43.01,25.29,110.2,26.04
2016-01-30 19:30:00,30.94,41.63,27.01,112.1,26.55
2016-01-30 20:00:00,32.97,39.62,31.09,113.73,29.4
2016-01-30 20:30:00,33.2,36.48,34.1,112.3,30.9
2016-01-30 21:00:00,31.61,33.85,32.66,112.54,29.27
2016-01-30 21:30:00,31.09,33.79,31.5,115.85,28.26
2016-01-30 22:00:00,31.09,33.27,31.54,115.0,28.11
2016-01-30 22:30:00,32.86,34.06,33.66,112.74,29.74
2016-01-30 23:00:00,31.0,32.59,31.38,55.13,27.95
2016-01-30 23:30:00,28.53,29.38,28.52,102.97,26.39
2016-01-31 00:00:00,31.44,32.08,35.08,106.95,30.45
2016-01-31 00:30:00,31.23,33.83,34.01,105.17,29.11
2016-01-31 01:00:00,29.49,31.77,31.17,110.54,26.65
2016-01-31 01:30:00,31.18,32.8,30.3,112.57,22.59
2016-01-31 02:00:00,28.37,29.52,27.64,106.16,22.18
2016-01-31 02:30:00,27.03,28.03,24.71,103.08,18.87
2016-01-31 03:00:00,25.87,26.72,23.69,106.16,21.29
2016-01-31 03:30:00,25.9,26.57,21.79,104.62,16.2
2016-01-31 04:00:00,25.96,26.57,20.23,74.12,11.65
2016-01-31 04:30:00,25.91,26.83,18.39,66.32,14.55
2016-01-31 05:00:00,25.96,26.91,12.38,94.65,15.66
2016-01-31 05:30:00,25.96,27.04,9.25,108.81,14.17
2016-01-31 06:00:00,25.96,26.92,9.65,109.88,14.48
2016-01-31 06:30:00,25.96,26.8,9.68,110.95,14.63
2016-01-31 07:00:00,25.96,26.73,10.0,111.13,14.94
2016-01-31 07:30:00,26.02,27.13,9.41,112.13,14.73
2016-01-31 08:00:00,26.18,27.7,14.39,110.92,17.48
2016-01-31 08:30:00,28.54,31.04,14.26,111.23,18.34
2016-01-31 09:00:00,30.78,42.11,15.17,111.92,19.86
2016-01-31 09:30:00,30.76,41.97,10.24,110.24,17.35
2016-01-31 10:00:00,30.72,34.19,11.98,110.26,18.41
2016-01-31 10:30:00,30.79,41.65,17.55,110.26,21.69
2016-01-31 11:00:00,30.74,48.95,9.48,110.26,17.54
2016-01-31 11:30:00,30.78,48.74,8.25,111.05,17.97
2016-01-31 12:00:00,30.79,48.96,6.88,114.44,17.41
2016-01-31 12:30:00,28.31,49.03,3.58,115.29,18.51
2016-01-31 13:00:00,30.78,92.45,12.38,112.88,19.44
2016-01-31 13:30:00,31.32,49.0,8.59,110.25,17.4
2016-01-31 14:00:00,31.33,65.27,7.98,110.26,17.05
2016-01-31 14:30:00,31.71,88.7,14.69,110.26,21.21
2016-01-31 15:00:00,31.47,153.38,17.36,110.36,22.63
2016-01-31 15:30:00,32.37,67.57,19.74,111.56,24.45
2016-01-31 16:00:00,31.19,63.84,20.01,110.87,23.8
2016-01-31 16:30:00,33.96,87.1,26.51,110.26,28.58
2016-01-31 17:00:00,32.82,87.1,26.29,110.26,28.17
2016-01-31 17:30:00,34.03,51.13,28.78,110.26,29.67
2016-01-31 18:00:00,37.6,48.43,33.67,110.26,32.99
2016-01-31 18:30:00,37.14,48.99,35.16,110.26,32.79
2016-01-31 19:00:00,37.77,52.71,37.57,110.26,33.82
2016-01-31 19:30:00,43.28,65.79,44.09,110.28,38.53
2016-01-31 20:00:00,44.18,49.8,45.71,110.28,39.79
2016-01-31 20:30:00,34.84,49.17,36.88,115.21,32.21
2016-01-31 21:00:00,33.47,40.98,34.64,112.74,30.82
2016-01-31 21:30:00,33.95,40.16,33.55,110.28,30.09
2016-01-31 22:00:00,31.99,35.44,30.87,110.24,27.69
2016-01-31 22:30:00,32.7,40.46,31.58,110.24,28.06
2016-01-31 23:00:00,30.79,44.94,29.24,110.66,26.25
2016-01-31 23:30:00,32.29,60.62,31.4,110.25,28.98
2016-02-01 00:00:00,31.99,35.22,34.64,110.24,30.26
2016-02-01 00:30:00,30.04,32.8,30.89,110.27,27.27
2016-02-01 01:00:00,29.94,32.76,30.64,110.24,25.51
2016-02-01 01:30:00,28.78,30.77,28.53,110.24,22.35
2016-02-01 02:00:00,30.02,31.3,30.66,110.26,22.17
2016-02-01 02:30:00,25.97,26.97,26.09,110.25,21.73
2016-02-01 03:00:00,25.97,26.84,24.56,110.26,18.65
2016-02-01 03:30:00,33.28,35.79,30.11,110.26,17.3
2016-02-01 04:00:00,30.79,33.69,29.09,110.25,19.65
2016-02-01 04:30:00,31.24,34.37,30.09,111.09,22.2
2016-02-01 05:00:00,31.04,32.28,29.33,111.29,17.65
2016-02-01 05:30:00,43.06,44.38,46.28,111.19,39.94
2016-02-01 06:00:00,32.68,35.11,36.44,110.72,32.39
2016-02-01 06:30:00,39.3,44.23,45.04,115.34,40.24
2016-02-01 07:00:00,45.95,51.33,55.56,112.89,49.08
2016-02-01 07:30:00,35.97,75.9,38.85,115.28,34.92
2016-02-01 08:00:00,33.97,149.38,35.1,112.65,32.04
2016-02-01 08:30:00,33.97,52.56,35.3,127.85,32.12
2016-02-01 09:00:00,34.58,91.69,36.85,132.4,32.9
2016-02-01 09:30:00,34.32,126.45,36.42,125.79,32.56
2016-02-01 10:00:00,36.41,87.1,38.75,116.65,34.46
2016-02-01 10:30:00,35.13,51.2,37.74,117.3,33.51
2016-02-01 11:00:00,36.11,57.97,38.88,117.45,34.46
2016-02-01 11:30:00,36.18,57.79,39.11,115.68,34.99
2016-02-01 12:00:00,33.53,81.87,36.01,115.41,32.25
2016-02-01 12:30:00,33.77,83.9,35.12,115.38,31.58
2016-02-01 13:00:00,33.97,66.06,35.42,121.81,31.69
2016-02-01 13:30:00,34.29,112.88,36.24,117.71,32.43
2016-02-01 14:00:00,34.46,141.0,36.96,113.1,32.88
2016-02-01 14:30:00,34.65,57.06,40.91,115.35,33.79
2016-02-01 15:00:00,35.61,70.45,48.69,116.25,34.11
2016-02-01 15:30:00,34.32,79.73,51.05,122.7,33.7
2016-02-01 16:00:00,40.24,156.52,62.31,123.71,40.06
2016-02-01 16:30:00,39.59,243.37,66.07,115.6,40.34
2016-02-01 17:00:00,38.51,298.57,64.99,115.86,39.43
2016-02-01 17:30:00,36.39,262.74,64.99,116.36,36.79
2016-02-01 18:00:00,36.48,113.27,61.5,116.41,36.42
2016-02-01 18:30:00,34.03,2264.21,53.89,115.45,33.61
2016-02-01 19:00:00,34.09,56.02,53.11,115.35,33.41
2016-02-01 19:30:00,33.97,62.68,49.99,118.68,32.93
2016-02-01 20:00:00,34.28,171.3,42.43,120.02,33.6
2016-02-01 20:30:00,33.31,54.49,34.66,120.02,31.89
2016-02-01 21:00:00,31.64,49.0,29.89,120.02,28.69
2016-02-01 21:30:00,30.78,46.62,26.54,115.6,26.5
2016-02-01 22:00:00,30.3,33.82,25.27,119.66,25.78
2016-02-01 22:30:00,30.81,34.04,24.01,118.34,25.53
2016-02-01 23:00:00,30.71,85.65,21.14,115.35,23.68
2016-02-01 23:30:00,30.79,60.63,20.73,118.47,24.39
2016-02-02 00:00:00,28.06,30.83,23.47,119.3,24.56
2016-02-02 00:30:00,27.59,40.24,21.25,118.94,22.75
2016-02-02 01:00:00,26.76,30.29,19.77,118.94,21.69
2016-02-02 01:30:00,25.9,28.03,12.17,118.94,16.86
2016-02-02 02:00:00,25.96,27.42,10.4,118.94,15.66
2016-02-02 02:30:00,25.91,27.09,12.09,118.94,16.51
2016-02-02 03:00:00,25.96,27.01,9.82,118.94,15.21
2016-02-02 03:30:00,25.96,26.77,0.34,118.94,10.19
2016-02-02 04:00:00,26.77,28.51,10.15,118.47,16.04
2016-02-02 04:30:00,25.19,25.7,17.59,115.82,17.82
2016-02-02 05:00:00,28.46,29.18,21.04,116.2,19.71
2016-02-02 05:30:00,33.35,37.38,25.6,118.77,23.25
2016-02-02 06:00:00,30.06,94.16,25.93,121.24,27.51
2016-02-02 06:30:00,33.99,185.71,33.53,115.67,33.7
2016-02-02 07:00:00,33.98,209.75,36.24,115.69,35.12
2016-02-02 07:30:00,32.4,100.29,32.72,131.42,31.97
2016-02-02 08:00:00,33.89,182.03,34.99,120.3,34.04
2016-02-02 08:30:00,35.3,124.36,36.76,120.8,35.94
2016-02-02 09:00:00,35.3,50.53,36.86,118.83,35.86
2016-02-02 09:30:00,33.97,68.83,35.3,120.3,34.51
2016-02-02 10:00:00,38.1,80.7,39.73,117.04,38.79
2016-02-02 10:30:00,36.63,178.07,39.93,117.35,38.53
2016-02-02 11:00:00,42.41,2591.46,46.26,115.45,44.93
2016-02-02 11:30:00,45.27,179.41,49.6,115.43,48.22
2016-02-02 12:00:00,43.82,274.03,47.35,115.39,46.35
2016-02-02 12:30:00,43.37,199.2,45.95,122.97,45.21
2016-02-02 13:00:00,39.66,177.98,41.32,130.22,40.95
2016-02-02 13:30:00,40.44,266.35,41.4,132.34,41.23
2016-02-02 14:00:00,39.26,291.78,39.63,129.4,40.2
2016-02-02 14:30:00,43.89,1854.71,41.82,130.06,44.63
2016-02-02 15:00:00,48.55,142.77,47.07,130.06,50.33
2016-02-02 15:30:00,56.16,107.71,56.67,121.93,59.45
2016-02-02 16:00:00,59.33,1845.54,60.23,121.19,62.85
2016-02-02 16:30:00,64.61,1884.62,64.14,120.93,67.53
2016-02-02 17:00:00,50.04,3982.97,50.12,120.51,52.49
2016-02-02 17:30:00,33.92,95.96,33.63,122.06,34.41
2016-02-02 18:00:00,33.97,47.74,33.42,120.69,33.83
2016-02-02 18:30:00,33.76,50.78,31.57,120.58,32.51
2016-02-02 19:00:00,33.72,57.88,31.47,130.1,32.03
2016-02-02 19:30:00,34.45,73.47,34.16,130.16,33.24
2016-02-02 20:00:00,37.65,49.91,38.8,130.06,37.69
2016-02-02 20:30:00,33.96,41.78,33.88,130.26,33.92
2016-02-02 21:00:00,31.95,34.41,30.64,130.06,31.28
2016-02-02 21:30:00,30.74,33.31,28.74,130.06,29.5
2016-02-02 22:00:00,26.97,27.96,24.12,130.06,25.14
2016-02-02 22:30:00,31.98,32.64,27.79,124.43,29.23
2016-02-02 23:00:00,31.62,33.39,27.33,123.72,28.97
2016-02-02 23:30:00,33.25,35.34,29.73,130.16,31.79
2016-02-03 00:00:00,30.61,31.5,27.93,130.16,29.47
2016-02-03 00:30:00,27.68,28.13,22.74,130.36,24.96
2016-02-03 01:00:00,27.78,27.95,21.79,131.81,24.12
2016-02-03 01:30:00,26.01,26.31,20.01,130.26,22.18
2016-02-03 02:00:00,25.97,26.44,20.68,130.36,22.05
2016-02-03 02:30:00,25.95,26.38,2.45,130.16,11.32
2016-02-03 03:00:00,25.96,26.38,9.58,130.06,15.03
2016-02-03 03:30:00,25.96,26.39,10.0,130.06,15.34
2016-02-03 04:00:00,25.96,26.16,15.75,130.06,19.01
2016-02-03 04:30:00,25.97,27.08,19.15,115.63,20.47
2016-02-03 05:00:00,28.58,30.23,20.6,120.44,19.94
2016-02-03 05:30:00,33.6,36.35,28.28,140.99,25.52
2016-02-03 06:00:00,31.88,43.77,28.29,146.35,29.56
2016-02-03 06:30:00,33.91,50.95,32.92,151.05,33.63
2016-02-03 07:00:00,37.74,52.49,40.11,162.89,39.61
2016-02-03 07:30:00,33.29,56.45,32.98,151.27,32.0
2016-02-03 08:00:00,33.96,60.46,32.51,151.31,31.76
2016-02-03 08:30:00,34.26,69.18,32.65,151.74,32.06
2016-02-03 09:00:00,33.97,48.98,31.65,143.31,31.13
2016-02-03 09:30:00,33.97,52.55,31.76,143.31,31.26
2016-02-03 10:00:00,33.97,77.63,31.19,148.16,31.1
2016-02-03 10:30:00,34.56,232.42,30.47,143.88,31.23
2016-02-03 11:00:00,34.37,45.48,30.78,142.41,31.77
2016-02-03 11:30:00,35.24,70.22,30.51,141.07,31.73
2016-02-03 12:00:00,33.97,74.17,28.7,141.07,30.21
2016-02-03 12:30:00,36.4,73.09,30.88,142.77,32.1
2016-02-03 13:00:00,35.32,234.79,29.05,146.03,30.3
2016-02-03 13:30:00,33.97,243.57,28.91,148.17,29.91
2016-02-03 14:00:00,33.97,227.07,29.68,143.62,30.44
2016-02-03 14:30:00,35.96,110.59,31.27,147.46,31.86
2016-02-03 15:00:00,39.59,297.62,33.19,149.21,34.37
2016-02-03 15:30:00,35.57,79.05,29.84,164.4,30.72
2016-02-03 16:00:00,34.69,272.88,28.96,164.7,29.74
2016-02-03 16:30:00,34.52,248.11,29.4,160.47,29.9
2016-02-03 17:00:00,33.96,272.85,29.51,157.32,29.78
2016-02-03 17:30:00,33.95,259.39,29.55,155.82,29.58
2016-02-03 18:00:00,32.9,69.27,28.98,155.82,28.77
2016-02-03 18:30:00,30.82,48.98,26.73,155.82,26.25
2016-02-03 19:00:00,33.96,121.42,29.71,145.92,29.33
2016-02-03 19:30:00,33.97,95.9,30.34,145.2,29.49
2016-02-03 20:00:00,33.97,112.22,30.79,152.77,29.97
2016-02-03 20:30:00,33.43,75.36,31.24,272.73,30.31
2016-02-03 21:00:00,33.96,50.73,31.07,145.32,30.23
2016-02-03 21:30:00,30.79,46.49,25.19,144.85,25.58
2016-02-03 22:00:00,29.81,33.4,17.68,143.88,21.07
2016-02-03 22:30:00,31.85,41.93,9.9,144.61,17.52
2016-02-03 23:00:00,29.64,46.26,9.23,144.04,16.37
2016-02-03 23:30:00,29.99,41.72,9.5,148.43,16.9
2016-02-04 00:00:00,27.57,33.51,23.04,148.04,19.99
2016-02-04 00:30:00,28.38,30.47,13.76,143.76,18.07
2016-02-04 01:00:00,28.67,30.49,9.39,154.82,15.91
2016-02-04 01:30:00,25.96,26.94,7.27,155.38,13.89
2016-02-04 02:00:00,25.96,26.64,8.82,155.38,14.59
2016-02-04 02:30:00,25.96,26.8,-1.54,155.38,9.01
2016-02-04 03:00:00,25.45,26.24,6.07,155.45,12.96
2016-02-04 03:30:00,25.96,26.69,8.48,155.82,14.57
2016-02-04 04:00:00,25.96,26.66,-0.48,155.82,9.6
2016-02-04 04:30:00,26.06,27.29,13.58,156.9,17.41
2016-02-04 05:00:00,29.26,30.7,15.66,144.61,19.79
2016-02-04 05:30:00,38.61,40.95,18.48,152.42,25.19
2016-02-04 06:00:00,29.58,31.92,21.38,144.37,23.7
2016-02-04 06:30:00,33.48,101.39,28.44,145.11,29.39
2016-02-04 07:00:00,35.2,78.35,32.25,148.43,32.23
2016-02-04 07:30:00,30.8,83.55,26.61,145.11,26.47
2016-02-04 08:00:00,31.32,156.31,24.85,142.02,25.92
2016-02-04 08:30:00,32.39,161.77,22.76,143.92,25.48
2016-02-04 09:00:00,34.01,210.25,21.11,141.37,25.45
2016-02-04 09:30:00,34.46,199.31,22.29,141.48,26.64
2016-02-04 10:00:00,32.4,268.6,21.37,141.23,25.39
2016-02-04 10:30:00,33.92,147.57,27.75,141.22,29.68
2016-02-04 11:00:00,33.38,244.7,27.81,141.22,29.38
2016-02-04 11:30:00,31.31,194.81,23.03,141.07,25.69
2016-02-04 12:00:00,32.36,155.02,21.09,141.49,25.06
2016-02-04 12:30:00,31.31,192.13,21.51,137.01,24.69
2016-02-04 13:00:00,32.07,186.99,21.52,136.72,24.95
2016-02-04 13:30:00,32.14,140.34,21.61,140.66,24.99
2016-02-04 14:00:00,31.31,60.62,21.24,136.06,24.7
2016-02-04 14:30:00,31.83,91.56,20.95,140.24,24.84
2016-02-04 15:00:00,30.84,75.89,18.06,140.66,22.84
2016-02-04 15:30:00,31.31,73.5,17.98,140.24,23.22
2016-02-04 16:00:00,29.58,164.45,16.28,140.49,21.52
2016-02-04 16:30:00,31.32,91.56,17.45,140.89,22.83
2016-02-04 17:00:00,33.4,53.55,20.78,138.8,25.45
2016-02-04 17:30:00,31.32,56.0,19.33,132.47,23.58
2016-02-04 18:00:00,30.79,50.75,17.4,141.15,22.1
2016-02-04 18:30:00,30.79,49.0,16.31,142.87,21.52
2016-02-04 19:00:00,30.79,67.64,15.81,142.74,21.09
2016-02-04 19:30:00,30.8,55.11,15.7,142.74,20.96
2016-02-04 20:00:00,30.85,48.51,21.5,142.74,24.23
2016-02-04 20:30:00,30.79,91.41,21.89,142.74,24.26
2016-02-04 21:00:00,30.49,62.14,20.01,142.32,22.97
2016-02-04 21:30:00,30.72,37.55,13.98,140.66,19.53
2016-02-04 22:00:00,28.68,31.53,9.69,140.24,16.44
2016-02-04 22:30:00,29.9,32.93,7.89,140.24,15.92
2016-02-04 23:00:00,30.22,33.54,7.41,135.55,16.05
2016-02-04 23:30:00,29.19,50.46,12.9,114.83,18.98
2016-02-05 00:00:00,27.51,37.88,18.69,113.34,20.98
2016-02-05 00:30:00,28.32,30.89,8.9,113.34,16.02
2016-02-05 01:00:00,25.97,27.68,7.24,113.34,14.37
2016-02-05 01:30:00,25.96,26.86,2.75,113.34,11.8
2016-02-05 02:00:00,25.96,26.46,-7.43,119.98,5.93
2016-02-05 02:30:00,25.78,26.24,-11.49,111.11,3.53
2016-02-05 03:00:00,25.96,26.38,-20.92,113.34,-1.77
2016-02-05 03:30:00,25.96,26.21,-16.16,126.08,0.88
2016-02-05 04:00:00,25.96,26.32,-4.51,134.38,7.62
2016-02-05 04:30:00,25.96,26.57,2.68,140.28,11.74
2016-02-05 05:00:00,25.96,27.18,8.52,140.28,15.05
2016-02-05 05:30:00,30.3,32.47,14.34,141.95,19.96
2016-02-05 06:00:00,30.79,33.81,18.34,142.36,22.71
2016-02-05 06:30:00,31.66,35.44,23.84,141.25,26.4
2016-02-05 07:00:00,34.01,48.98,30.64,152.17,31.13
2016-02-05 07:30:00,34.01,67.66,32.35,161.29,31.56
2016-02-05 08:00:00,33.98,45.81,32.14,147.45,31.3
2016-02-05 08:30:00,34.01,48.98,32.64,142.51,31.78
2016-02-05 09:00:00,33.96,90.42,32.52,141.92,31.79
2016-02-05 09:30:00,33.96,90.41,33.0,140.53,31.94
2016-02-05 10:00:00,33.96,49.0,32.4,140.28,31.61
2016-02-05 10:30:00,33.99,48.32,32.55,142.49,31.82
2016-02-05 11:00:00,33.98,48.97,32.85,142.78,32.13
2016-02-05 11:30:00,34.21,45.6,34.64,142.78,33.16
2016-02-05 12:00:00,33.96,48.98,35.57,140.7,33.19
2016-02-05 12:30:00,33.97,44.36,36.28,128.22,33.47
2016-02-05 13:00:00,35.1,48.97,39.34,125.3,36.1
2016-02-05 13:30:00,34.01,48.95,37.71,137.3,34.76
2016-02-05 14:00:00,34.01,47.96,37.62,137.51,34.88
2016-02-05 14:30:00,33.99,48.98,36.88,139.34,34.37
2016-02-05 15:00:00,34.0,130.09,37.96,121.64,35.05
2016-02-05 15:30:00,33.98,44.38,37.18,121.04,34.0
2016-02-05 16:00:00,33.96,90.43,37.84,121.35,34.0
2016-02-05 16:30:00,33.95,45.17,38.23,122.22,34.0
2016-02-05 17:00:00,33.98,68.2,38.15,131.51,34.0
2016-02-05 17:30:00,33.9,41.38,37.88,140.2,34.0
2016-02-05 18:00:00,33.89,39.19,37.37,140.2,34.0
2016-02-05 18:30:00,31.29,34.16,33.88,140.2,30.92
2016-02-05 19:00:00,31.88,40.16,34.1,134.41,31.26
2016-02-05 19:30:00,30.79,38.47,31.23,128.61,29.34
2016-02-05 20:00:00,30.8,34.74,30.36,140.2,28.91
2016-02-05 20:30:00,30.78,41.52,30.17,137.3,28.62
2016-02-05 21:00:00,30.74,34.04,28.06,122.82,25.09
2016-02-05 21:30:00,29.86,33.01,25.66,121.94,22.25
2016-02-05 22:00:00,25.99,28.41,20.71,121.94,21.23
2016-02-05 22:30:00,31.89,40.47,16.21,132.14,21.1
2016-02-05 23:00:00,30.11,85.95,16.38,131.51,20.5
2016-02-05 23:30:00,30.78,39.05,23.28,120.38,23.54
2016-02-06 00:00:00,31.21,49.2,28.61,118.06,22.7
2016-02-06 00:30:00,25.69,28.95,21.17,115.22,21.26
2016-02-06 01:00:00,27.62,29.44,21.06,127.71,21.67
2016-02-06 01:30:00,25.96,26.73,17.85,115.22,19.19
2016-02-06 02:00:00,25.9,26.29,16.93,123.55,18.56
2016-02-06 02:30:00,25.96,26.1,16.71,115.22,18.56
2016-02-06 03:00:00,25.93,25.92,16.01,115.22,18.04
2016-02-06 03:30:00,25.96,25.89,14.57,115.22,17.09
2016-02-06 04:00:00,26.64,26.49,16.65,115.22,18.24
2016-02-06 04:30:00,25.96,26.02,17.65,111.92,18.45
2016-02-06 05:00:00,25.96,26.59,18.35,107.81,18.09
2016-02-06 05:30:00,25.97,27.09,19.13,110.82,17.77
2016-02-06 06:00:00,25.96,27.47,21.57,111.33,16.59
2016-02-06 06:30:00,25.96,27.82,22.57,110.22,16.2
2016-02-06 07:00:00,28.76,31.55,25.08,110.72,16.36
2016-02-06 07:30:00,30.76,34.06,27.65,115.24,19.2
2016-02-06 08:00:00,28.83,32.77,26.8,111.78,21.33
2016-02-06 08:30:00,30.78,36.02,29.07,116.29,22.2
2016-02-06 09:00:00,30.78,41.91,29.65,107.88,22.2
2016-02-06 09:30:00,30.8,41.81,32.12,120.64,27.01
2016-02-06 10:00:00,30.8,34.87,32.47,121.63,28.15
2016-02-06 10:30:00,30.8,34.59,32.5,120.02,28.43
2016-02-06 11:00:00,30.84,41.91,33.36,120.67,29.26
2016-02-06 11:30:00,30.8,35.39,33.67,120.64,29.48
2016-02-06 12:00:00,30.8,42.16,34.63,120.15,30.18
2016-02-06 12:30:00,31.32,34.67,35.75,114.7,30.97
2016-02-06 13:00:00,33.21,41.41,38.73,106.22,33.97
2016-02-06 13:30:00,33.36,46.9,39.99,109.38,34.64
2016-02-06 14:00:00,31.56,49.05,38.16,106.84,31.77
2016-02-06 14:30:00,31.56,44.03,40.0,110.59,32.35
2016-02-06 15:00:00,32.86,36.42,45.22,113.3,34.0
2016-02-06 15:30:00,33.41,38.73,54.91,114.31,34.51
2016-02-06 16:00:00,33.95,47.22,49.99,119.66,35.86
2016-02-06 16:30:00,34.01,45.3,49.42,91.94,36.35
2016-02-06 17:00:00,39.74,47.82,51.41,115.67,43.37
2016-02-06 17:30:00,38.23,41.61,51.79,121.14,42.5
2016-02-06 18:00:00,34.19,36.7,49.99,121.14,38.06
2016-02-06 18:30:00,34.01,36.31,49.24,121.14,37.49
2016-02-06 19:00:00,34.05,37.08,43.69,121.14,36.59
2016-02-06 19:30:00,34.0,36.83,40.23,121.14,35.43
2016-02-06 20:00:00,33.93,36.62,37.59,121.14,34.33
2016-02-06 20:30:00,33.72,35.97,36.83,121.14,34.11
2016-02-06 21:00:00,31.56,33.82,33.47,121.14,31.67
2016-02-06 21:30:00,30.85,33.98,31.95,137.1,30.21
2016-02-06 22:00:00,30.79,33.7,30.88,121.14,29.46
2016-02-06 22:30:00,30.79,34.12,29.68,121.14,28.71
2016-02-06 23:00:00,31.04,36.5,29.79,121.14,28.68
2016-02-06 23:30:00,33.12,35.27,33.85,121.63,32.55
2016-02-07 00:00:00,32.21,33.21,35.41,121.14,32.35
2016-02-07 00:30:00,29.72,30.48,30.06,121.14,27.93
2016-02-07 01:00:00,29.98,31.02,28.52,121.14,25.49
2016-02-07 01:30:00,29.97,30.08,27.97,121.14,22.7
2016-02-07 02:00:00,30.53,30.78,28.93,121.14,22.31
2016-02-07 02:30:00,30.75,31.38,28.64,121.14,22.71
2016-02-07 03:00:00,28.97,29.48,26.42,120.02,22.2
2016-02-07 03:30:00,27.75,28.25,25.29,121.14,22.2
2016-02-07 04:00:00,26.71,27.08,24.36,120.51,22.2
2016-02-07 04:30:00,29.64,29.92,26.34,113.13,22.2
2016-02-07 05:00:00,29.61,29.63,26.94,121.14,22.2
2016-02-07 05:30:00,30.75,30.85,28.86,121.14,22.2
2016-02-07 06:00:00,25.96,25.91,25.5,121.14,22.2
2016-02-07 06:30:00,25.96,25.88,25.35,106.54,22.41
2016-02-07 07:00:00,27.58,27.45,27.93,114.81,24.55
2016-02-07 07:30:00,30.21,30.44,30.75,121.14,27.05
2016-02-07 08:00:00,30.8,31.44,31.63,121.14,28.02
2016-02-07 08:30:00,31.04,32.25,32.53,121.14,28.95
2016-02-07 09:00:00,32.47,33.93,35.13,121.14,31.16
2016-02-07 09:30:00,33.59,35.44,37.19,147.6,33.06
2016-02-07 10:00:00,34.01,36.77,37.8,120.89,33.9
2016-02-07 10:30:00,34.01,36.01,38.03,134.28,34.07
2016-02-07 11:00:00,34.01,35.65,38.49,121.14,34.3
2016-02-07 11:30:00,34.01,35.15,39.38,121.53,34.95
2016-02-07 12:00:00,36.49,38.27,42.6,121.14,37.87
2016-02-07 12:30:00,34.57,36.42,41.48,121.14,36.61
2016-02-07 13:00:00,34.01,36.3,41.47,121.14,36.49
2016-02-07 13:30:00,35.66,38.39,44.3,121.14,39.0
2016-02-07 14:00:00,36.15,39.16,46.51,121.14,40.5
2016-02-07 14:30:00,34.01,39.23,43.91,134.44,38.49
2016-02-07 15:00:00,37.97,41.77,50.73,140.25,42.51
2016-02-07 15:30:00,35.31,38.58,50.39,121.66,39.42
2016-02-07 16:00:00,35.14,38.65,47.56,126.73,39.28
2016-02-07 16:30:00,42.25,46.78,59.42,121.66,47.47
2016-02-07 17:00:00,45.01,48.96,60.48,126.63,50.26
2016-02-07 17:30:00,47.27,50.78,64.99,126.63,52.37
2016-02-07 18:00:00,44.21,48.36,65.29,121.66,48.08
2016-02-07 18:30:00,37.02,47.65,59.44,121.5,39.49
2016-02-07 19:00:00,33.99,48.38,43.38,121.45,34.72
2016-02-07 19:30:00,33.98,48.48,38.94,121.29,34.18
2016-02-07 20:00:00,34.01,49.0,39.03,121.14,34.21
2016-02-07 20:30:00,33.98,43.99,38.34,121.14,34.08
2016-02-07 21:00:00,32.43,35.64,35.87,121.14,32.22
2016-02-07 21:30:00,33.46,36.77,35.89,121.5,32.64
2016-02-07 22:00:00,32.37,35.57,31.77,121.14,29.79
2016-02-07 22:30:00,33.69,36.91,30.94,120.01,29.83
2016-02-07 23:00:00,30.84,37.9,28.07,118.88,27.18
2016-02-07 23:30:00,33.95,39.27,32.63,117.98,31.49
2016-02-08 00:00:00,32.05,33.59,35.24,116.17,31.33
2016-02-08 00:30:00,30.29,31.33,30.53,120.64,27.75
2016-02-08 01:00:00,28.33,28.95,27.03,121.14,24.97
2016-02-08 01:30:00,26.18,26.04,23.94,121.14,22.56
2016-02-08 02:00:00,26.04,26.01,23.23,121.14,22.2
2016-02-08 02:30:00,26.02,25.89,22.83,121.14,21.98
2016-02-08 03:00:00,25.96,25.4,22.21,121.14,21.58
2016-02-08 03:30:00,26.42,26.26,22.68,121.14,21.87
2016-02-08 04:00:00,25.96,25.13,22.11,121.14,21.53
2016-02-08 04:30:00,25.96,25.05,22.16,121.14,21.91
2016-02-08 05:00:00,27.58,27.47,24.28,121.14,23.34
2016-02-08 05:30:00,32.57,32.88,30.93,121.01,29.39
2016-02-08 06:00:00,42.58,43.9,45.5,121.01,41.51
2016-02-08 06:30:00,42.98,46.27,49.79,121.14,44.3
2016-02-08 07:00:00,45.58,47.92,56.42,120.51,48.93
2016-02-08 07:30:00,33.96,42.7,39.0,121.14,33.48
2016-02-08 08:00:00,34.01,41.21,38.74,117.13,33.42
2016-02-08 08:30:00,34.06,40.62,39.19,121.14,33.83
2016-02-08 09:00:00,34.1,37.56,38.03,121.14,33.47
2016-02-08 09:30:00,33.96,37.04,37.94,121.14,33.31
2016-02-08 10:00:00,34.01,36.98,37.81,121.14,33.38
2016-02-08 10:30:00,35.29,37.56,38.83,134.28,34.61
2016-02-08 11:00:00,37.68,40.82,42.07,121.14,37.21
2016-02-08 11:30:00,34.01,36.84,38.75,134.29,33.98
2016-02-08 12:00:00,34.01,38.76,38.55,110.49,33.63
2016-02-08 12:30:00,33.97,44.46,38.71,110.9,33.84
2016-02-08 13:00:00,34.03,43.95,40.47,110.9,34.0
2016-02-08 13:30:00,43.08,48.02,55.74,114.14,43.17
2016-02-08 14:00:00,47.67,52.15,61.89,115.39,47.38
2016-02-08 14:30:00,44.58,48.47,53.53,120.14,44.05
2016-02-08 15:00:00,47.98,91.22,55.22,121.14,47.19
2016-02-08 15:30:00,48.9,52.92,59.41,105.29,48.8
2016-02-08 16:00:00,56.43,75.47,70.66,115.66,56.18
2016-02-08 16:30:00,44.46,262.11,71.81,116.35,44.16
2016-02-08 17:00:00,41.49,239.92,55.46,108.26,41.15
2016-02-08 17:30:00,34.41,89.19,37.27,118.01,33.08
2016-02-08 18:00:00,36.39,42.84,38.73,117.61,34.67
2016-02-08 18:30:00,34.24,38.06,35.95,113.92,31.95
2016-02-08 19:00:00,33.97,70.93,35.18,120.98,30.86
2016-02-08 19:30:00,34.02,105.2,34.2,120.14,30.34
2016-02-08 20:00:00,33.44,47.47,32.15,121.29,29.7
2016-02-08 20:30:00,33.4,47.83,31.73,121.14,30.07
2016-02-08 21:00:00,30.78,34.21,27.88,121.14,26.93
2016-02-08 21:30:00,30.7,33.61,26.48,134.28,25.0
2016-02-08 22:00:00,28.52,31.02,23.18,121.29,23.11
2016-02-08 22:30:00,31.85,35.08,27.2,121.14,27.52
2016-02-08 23:00:00,29.71,75.57,25.69,120.64,25.6
2016-02-08 23:30:00,31.94,34.45,29.54,111.34,29.22
2016-02-09 00:00:00,30.93,33.29,31.13,108.86,29.19
2016-02-09 00:30:00,28.65,30.05,24.84,108.33,22.84
2016-02-09 01:00:00,28.82,29.58,22.18,110.22,23.14
2016-02-09 01:30:00,25.97,26.09,21.51,110.22,22.0
2016-02-09 02:00:00,26.81,26.36,20.44,110.22,21.45
2016-02-09 02:30:00,25.89,25.38,16.65,110.22,18.93
2016-02-09 03:00:00,25.93,25.43,14.65,110.22,17.82
2016-02-09 03:30:00,25.96,25.22,14.62,110.09,17.84
2016-02-09 04:00:00,26.09,25.26,14.69,111.28,18.01
2016-02-09 04:30:00,25.96,25.1,18.95,111.17,20.53
2016-02-09 05:00:00,27.01,26.36,20.84,116.16,21.95
2016-02-09 05:30:00,30.48,30.41,24.62,116.64,25.88
2016-02-09 06:00:00,34.83,35.59,31.21,120.19,31.85
2016-02-09 06:30:00,33.46,35.78,32.84,131.28,32.54
2016-02-09 07:00:00,42.03,45.68,44.42,120.19,42.47
2016-02-09 07:30:00,33.65,44.61,34.47,112.19,32.48
2016-02-09 08:00:00,34.0,90.38,35.53,120.19,33.26
2016-02-09 08:30:00,34.0,47.09,36.09,120.19,33.63
2016-02-09 09:00:00,34.08,90.69,37.06,120.19,34.0
2016-02-09 09:30:00,36.62,40.72,41.1,120.19,36.66
2016-02-09 10:00:00,34.0,36.78,39.73,120.19,34.37
2016-02-09 10:30:00,36.72,39.1,48.51,120.19,38.26
2016-02-09 11:00:00,39.42,41.83,58.58,120.19,41.93
2016-02-09 11:30:00,40.16,42.99,61.4,120.19,42.87
2016-02-09 12:00:00,41.4,44.21,62.36,120.19,44.96
2016-02-09 12:30:00,42.94,45.73,63.86,120.19,47.25
2016-02-09 13:00:00,41.95,45.54,63.88,120.19,44.81
2016-02-09 13:30:00,49.55,53.1,69.71,120.19,52.89
2016-02-09 14:00:00,51.62,55.2,71.89,277.96,55.15
2016-02-09 14:30:00,40.48,48.1,62.71,119.63,42.59
2016-02-09 15:00:00,56.52,61.02,79.99,119.51,57.93
2016-02-09 15:30:00,73.53,78.61,85.78,120.75,73.84
2016-02-09 16:00:00,124.02,187.95,146.77,120.58,124.64
2016-02-09 16:30:00,58.3,231.5,102.83,120.24,59.02
2016-02-09 17:00:00,38.3,241.59,87.49,120.89,38.62
2016-02-09 17:30:00,34.77,256.4,85.17,120.3,34.97
2016-02-09 18:00:00,33.97,48.59,79.99,120.48,34.17
2016-02-09 18:30:00,46.37,50.76,79.99,118.23,49.14
2016-02-09 19:00:00,42.91,49.0,67.49,117.9,45.42
2016-02-09 19:30:00,33.96,69.57,58.54,117.72,34.62
2016-02-09 20:00:00,34.97,48.38,43.17,119.85,34.11
2016-02-09 20:30:00,33.93,48.37,38.76,118.29,33.16
2016-02-09 21:00:00,32.51,38.2,34.79,119.2,30.9
2016-02-09 21:30:00,30.78,34.09,30.57,117.16,28.13
2016-02-09 22:00:00,30.56,33.7,27.74,145.82,26.66
2016-02-09 22:30:00,31.32,34.83,28.01,120.19,27.08
2016-02-09 23:00:00,29.84,79.35,26.4,112.7,23.89
2016-02-09 23:30:00,32.18,41.44,31.59,105.19,30.5
2016-02-10 00:00:00,30.78,32.4,33.42,105.18,30.03
2016-02-10 00:30:00,30.03,30.76,30.74,105.2,26.74
2016-02-10 01:00:00,29.87,30.22,28.4,105.2,22.17
2016-02-10 01:30:00,30.77,30.72,27.99,106.87,21.36
2016-02-10 02:00:00,27.57,27.12,24.71,107.71,19.21
2016-02-10 02:30:00,25.97,25.4,22.79,105.2,16.58
2016-02-10 03:00:00,25.96,25.29,23.0,108.06,18.22
2016-02-10 03:30:00,25.96,25.25,22.62,110.25,16.68
2016-02-10 04:00:00,26.21,25.5,23.64,108.24,19.86
2016-02-10 04:30:00,30.55,29.89,27.37,115.14,21.2
2016-02-10 05:00:00,31.47,31.14,28.87,115.14,21.53
2016-02-10 05:30:00,44.79,44.68,45.82,118.46,41.18
2016-02-10 06:00:00,35.66,36.71,39.69,150.14,35.5
2016-02-10 06:30:00,43.82,46.06,51.95,150.14,46.44
2016-02-10 07:00:00,50.1,53.17,63.27,150.14,55.9
2016-02-10 07:30:00,40.57,46.64,49.27,123.59,42.49
2016-02-10 08:00:00,43.5,52.88,53.64,108.11,45.54
2016-02-10 08:30:00,43.04,46.85,56.08,110.15,45.0
2016-02-10 09:00:00,40.15,43.41,60.31,105.16,42.73
2016-02-10 09:30:00,36.02,38.47,58.71,105.15,37.91
2016-02-10 10:00:00,37.36,39.35,70.73,106.82,39.4
2016-02-10 10:30:00,36.2,37.97,61.14,105.14,37.94
2016-02-10 11:00:00,46.32,47.94,76.75,105.14,51.23
2016-02-10 11:30:00,40.76,43.06,67.26,105.14,43.96
2016-02-10 12:00:00,47.32,49.28,79.99,113.48,52.68
2016-02-10 12:30:00,49.29,51.27,74.2,115.14,54.1
2016-02-10 13:00:00,55.41,59.0,78.72,115.14,60.41
2016-02-10 13:30:00,58.19,62.52,79.99,115.14,62.76
2016-02-10 14:00:00,61.05,66.46,81.06,124.84,65.78
2016-02-10 14:30:00,56.34,82.66,71.44,115.14,58.59
2016-02-10 15:00:00,72.23,76.74,91.16,115.15,75.26
2016-02-10 15:30:00,75.68,79.81,98.99,115.14,80.06
2016-02-10 16:00:00,71.38,77.19,170.07,105.15,74.69
2016-02-10 16:30:00,58.82,95.91,70.65,106.0,58.96
2016-02-10 17:00:00,47.28,214.44,72.27,135.15,46.4
2016-02-10 17:30:00,37.25,88.53,69.99,106.0,36.28
2016-02-10 18:00:00,38.32,44.44,49.99,106.83,38.11
2016-02-10 18:30:00,35.1,44.12,49.99,105.16,34.85
2016-02-10 19:00:00,34.64,86.04,48.44,116.84,34.75
2016-02-10 19:30:00,34.06,59.44,40.55,106.0,33.55
2016-02-10 20:00:00,35.04,65.55,38.32,112.65,33.64
2016-02-10 20:30:00,34.21,40.67,37.28,115.17,33.13
2016-02-10 21:00:00,32.24,35.5,33.12,105.16,30.33
2016-02-10 21:30:00,31.12,34.25,30.38,105.14,28.14
2016-02-10 22:00:00,30.8,33.74,29.12,105.16,27.15
2016-02-10 22:30:00,33.55,35.62,32.06,112.65,30.31
2016-02-10 23:00:00,31.55,32.97,30.22,115.14,28.78
2016-02-10 23:30:00,30.78,31.06,30.9,105.16,29.22
2016-02-11 00:00:00,30.85,30.89,33.3,106.82,29.33
2016-02-11 00:30:00,31.11,31.13,30.72,115.14,28.68
2016-02-11 01:00:00,29.18,29.05,26.49,115.14,25.62
2016-02-11 01:30:00,26.4,25.53,22.8,115.14,21.55
2016-02-11 02:00:00,25.97,24.61,21.52,115.14,21.23
2016-02-11 02:30:00,25.96,24.49,20.66,115.14,21.1
2016-02-11 03:00:00,25.96,24.52,20.89,115.14,21.27
2016-02-11 03:30:00,25.96,24.52,18.6,112.74,19.97
2016-02-11 04:00:00,25.98,24.51,21.02,110.18,21.31
2016-02-11 04:30:00,25.98,24.46,21.21,115.12,21.4
2016-02-11 05:00:00,26.22,24.62,21.92,113.47,21.58
2016-02-11 05:30:00,29.31,28.26,25.07,112.64,25.35
2016-02-11 06:00:00,29.65,28.76,27.02,116.46,27.17
2016-02-11 06:30:00,33.52,33.99,33.27,146.39,32.7
2016-02-11 07:00:00,36.32,38.19,38.57,160.03,36.95
2016-02-11 07:30:00,32.86,34.45,33.78,150.75,31.8
2016-02-11 08:00:00,33.06,34.35,34.21,150.33,32.32
2016-02-11 08:30:00,34.03,35.55,36.33,122.5,33.97
2016-02-11 09:00:00,34.04,35.89,36.39,116.47,33.96
2016-02-11 09:30:00,41.42,43.47,43.85,117.82,40.77
2016-02-11 10:00:00,38.76,40.9,40.07,115.13,36.78
2016-02-11 10:30:00,36.72,39.16,39.12,115.14,35.65
2016-02-11 11:00:00,51.84,54.54,55.97,115.14,50.64
2016-02-11 11:30:00,50.86,52.96,56.52,115.12,50.26
2016-02-11 12:00:00,35.86,37.94,40.49,112.63,35.51
2016-02-11 12:30:00,34.05,35.92,40.24,115.12,34.01
2016-02-11 13:00:00,37.14,38.76,49.05,111.79,37.18
2016-02-11 13:30:00,45.22,47.05,61.27,115.12,45.68
2016-02-11 14:00:00,46.33,49.07,64.98,115.12,46.89
2016-02-11 14:30:00,38.22,41.48,64.99,115.12,38.46
2016-02-11 15:00:00,47.18,51.15,64.99,115.13,47.61
2016-02-11 15:30:00,46.22,50.15,58.95,119.24,46.6
2016-02-11 16:00:00,49.96,56.04,64.99,116.78,50.22
2016-02-11 16:30:00,46.99,138.45,64.99,115.83,46.02
2016-02-11 17:00:00,44.28,180.16,66.15,117.8,42.7
2016-02-11 17:30:00,43.19,55.3,51.6,118.66,41.36
2016-02-11 18:00:00,47.17,51.94,55.07,120.14,45.63
2016-02-11 18:30:00,34.53,40.82,38.57,119.36,32.68
2016-02-11 19:00:00,34.03,48.46,34.73,118.87,31.04
2016-02-11 19:30:00,34.04,105.24,33.99,122.74,30.76
2016-02-11 20:00:00,34.03,255.54,33.38,121.47,30.88
2016-02-11 20:30:00,33.95,38.05,32.99,118.75,30.77
2016-02-11 21:00:00,31.15,34.49,29.18,115.13,27.85
2016-02-11 21:30:00,31.04,35.08,27.47,115.13,26.8
2016-02-11 22:00:00,30.84,34.34,26.62,115.14,26.26
2016-02-11 22:30:00,31.92,34.12,27.23,119.24,27.55
2016-02-11 23:00:00,31.38,33.18,23.29,116.78,25.22
2016-02-11 23:30:00,33.68,34.06,29.81,116.49,30.46
2016-02-12 00:00:00,32.91,32.69,32.98,115.17,30.82
2016-02-12 00:30:00,29.26,28.0,27.51,115.14,26.2
2016-02-12 01:00:00,28.7,27.26,25.87,118.6,24.08
2016-02-12 01:30:00,25.98,24.2,22.59,115.54,21.2
2016-02-12 02:00:00,25.92,23.42,22.74,115.26,20.79
2016-02-12 02:30:00,25.96,23.3,22.4,115.32,18.85
2016-02-12 03:00:00,25.96,23.24,20.9,115.32,17.88
2016-02-12 03:30:00,25.97,23.09,21.69,115.32,16.99
2016-02-12 04:00:00,25.98,23.06,22.56,115.54,18.75
2016-02-12 04:30:00,25.99,23.23,23.36,115.12,21.2
2016-02-12 05:00:00,28.41,25.65,26.03,115.12,21.86
2016-02-12 05:30:00,32.26,29.67,31.37,117.14,29.18
2016-02-12 06:00:00,31.03,28.69,33.06,120.28,30.12
2016-02-12 06:30:00,33.48,32.62,38.66,133.38,34.45
2016-02-12 07:00:00,35.61,35.76,44.58,121.47,38.76
2016-02-12 07:30:00,33.97,34.94,40.22,115.97,34.66
2016-02-12 08:00:00,37.64,38.54,41.44,115.41,36.14
2016-02-12 08:30:00,44.22,44.68,48.97,115.29,42.52
2016-02-12 09:00:00,47.57,48.67,53.94,121.47,45.91
2016-02-12 09:30:00,48.69,49.78,57.04,157.58,47.68
2016-02-12 10:00:00,48.65,48.96,58.63,122.74,47.99
2016-02-12 10:30:00,42.08,41.94,49.58,118.94,40.14
2016-02-12 11:00:00,49.54,49.06,62.16,118.94,47.4
2016-02-12 11:30:00,49.81,49.1,60.4,115.13,47.14
2016-02-12 12:00:00,49.96,49.47,60.43,115.12,47.13
2016-02-12 12:30:00,44.56,45.12,61.14,115.13,42.32
2016-02-12 13:00:00,49.27,50.19,67.08,115.12,47.24
2016-02-12 13:30:00,49.36,50.56,65.34,115.12,47.24
2016-02-12 14:00:00,57.24,59.45,79.99,115.12,54.96
2016-02-12 14:30:00,55.84,56.41,79.99,114.36,55.97
2016-02-12 15:00:00,61.61,61.82,79.99,107.7,62.05
2016-02-12 15:30:00,48.27,49.12,80.48,111.56,49.32
2016-02-12 16:00:00,88.88,94.22,110.19,112.84,89.08
2016-02-12 16:30:00,81.04,89.03,100.5,112.84,80.38
2016-02-12 17:00:00,62.26,141.92,79.99,113.6,62.49
2016-02-12 17:30:00,38.43,42.45,85.17,115.12,40.36
2016-02-12 18:00:00,33.42,35.64,92.87,115.12,35.39
2016-02-12 18:30:00,33.99,35.75,79.99,115.13,35.86
2016-02-12 19:00:00,42.79,45.58,79.99,115.14,44.59
2016-02-12 19:30:00,37.51,41.1,64.66,115.13,38.44
2016-02-12 20:00:00,35.04,38.59,42.18,115.12,35.01
2016-02-12 20:30:00,35.31,37.62,41.65,115.14,35.65
2016-02-12 21:00:00,32.99,35.06,38.21,115.12,33.14
2016-02-12 21:30:00,32.06,34.09,35.91,115.12,31.34
2016-02-12 22:00:00,32.18,34.26,35.56,115.12,30.97
2016-02-12 22:30:00,34.01,35.23,39.86,115.12,34.42
2016-02-12 23:00:00,34.0,34.6,40.38,115.12,34.77
2016-02-12 23:30:00,34.02,33.9,40.44,113.98,36.11
2016-02-13 00:00:00,34.38,34.01,49.28,112.84,37.4
2016-02-13 00:30:00,32.96,32.22,46.37,112.84,33.96
2016-02-13 01:00:00,32.95,32.21,42.1,112.84,32.47
2016-02-13 01:30:00,29.36,28.07,32.33,112.84,27.76
2016-02-13 02:00:00,29.4,27.66,29.89,112.84,23.48
2016-02-13 02:30:00,29.97,28.07,29.13,112.84,21.25
2016-02-13 03:00:00,29.59,27.64,29.05,112.84,21.2
2016-02-13 03:30:00,26.18,24.19,26.34,111.56,21.2
2016-02-13 04:00:00,25.99,23.89,25.82,112.84,21.2
2016-02-13 04:30:00,29.03,26.48,28.1,170.13,21.2
2016-02-13 05:00:00,28.57,25.47,28.03,172.64,21.2
2016-02-13 05:30:00,28.39,25.6,28.9,175.15,21.2
2016-02-13 06:00:00,26.07,23.42,28.31,170.13,21.2
2016-02-13 06:30:00,25.98,23.66,27.48,175.15,21.73
2016-02-13 07:00:00,29.82,27.17,31.4,177.84,21.37
2016-02-13 07:30:00,31.82,29.28,36.03,178.22,22.5
2016-02-13 08:00:00,31.83,29.55,37.7,179.36,31.41
2016-02-13 08:30:00,34.02,32.51,39.85,179.74,33.98
2016-02-13 09:00:00,34.03,33.14,40.07,178.98,34.0
2016-02-13 09:30:00,34.28,33.89,43.71,179.36,35.11
2016-02-13 10:00:00,34.03,33.84,41.98,177.84,35.28
2016-02-13 10:30:00,34.02,33.89,40.29,177.84,34.47
2016-02-13 11:00:00,34.03,34.19,39.39,177.84,34.01
2016-02-13 11:30:00,34.07,34.61,38.61,176.56,33.88
2016-02-13 12:00:00,34.06,34.48,37.56,170.13,33.55
2016-02-13 12:30:00,34.01,34.0,36.08,170.12,33.38
2016-02-13 13:00:00,34.01,33.84,33.9,170.12,32.95
2016-02-13 13:30:00,34.01,33.84,33.08,170.12,33.08
2016-02-13 14:00:00,34.02,33.88,32.54,174.99,33.02
2016-02-13 14:30:00,34.08,34.04,34.32,175.06,33.98
2016-02-13 15:00:00,34.07,34.09,35.96,174.96,34.0
2016-02-13 15:30:00,41.33,41.13,42.28,175.06,40.38
2016-02-13 16:00:00,49.81,49.42,52.7,174.96,50.22
2016-02-13 16:30:00,48.69,49.0,51.22,174.96,48.93
2016-02-13 17:00:00,48.69,49.09,50.41,175.03,47.9
2016-02-13 17:30:00,48.7,48.96,51.64,175.52,48.22
2016-02-13 18:00:00,46.52,46.78,48.43,175.16,45.02
2016-02-13 18:30:00,35.68,36.37,36.33,176.35,34.0
2016-02-13 19:00:00,38.88,40.52,38.88,175.13,36.03
2016-02-13 19:30:00,36.23,38.43,36.33,175.16,33.15
2016-02-13 20:00:00,34.95,36.88,34.98,175.6,32.41
2016-02-13 20:30:00,34.8,35.84,35.88,175.6,32.46
2016-02-13 21:00:00,34.02,35.5,33.99,175.16,30.61
2016-02-13 21:30:00,34.01,35.6,31.28,175.09,24.98
2016-02-13 22:00:00,32.91,33.65,29.35,173.35,23.82
2016-02-13 22:30:00,34.22,34.58,30.25,174.96,25.8
2016-02-13 23:00:00,32.48,33.37,27.38,174.99,21.2
2016-02-13 23:30:00,35.74,37.28,32.8,174.96,31.54
2016-02-14 00:00:00,32.39,34.3,33.22,171.74,29.4
2016-02-14 00:30:00,30.93,32.65,28.09,173.35,21.37
2016-02-14 01:00:00,28.6,29.46,24.96,173.59,19.22
2016-02-14 01:30:00,26.53,26.48,22.83,175.11,16.47
2016-02-14 02:00:00,25.87,25.56,22.39,171.34,16.2
2016-02-14 02:30:00,23.79,23.15,20.8,170.61,16.2
2016-02-14 03:00:00,25.7,25.31,21.56,165.7,16.49
2016-02-14 03:30:00,24.93,24.88,17.94,170.12,18.14
2016-02-14 04:00:00,24.93,24.7,17.82,170.12,18.12
2016-02-14 04:30:00,26.78,27.44,20.67,171.74,17.26
2016-02-14 05:00:00,26.79,27.97,23.03,170.93,16.2
2016-02-14 05:30:00,25.95,26.03,22.79,170.13,16.2
2016-02-14 06:00:00,25.96,25.75,22.11,170.12,16.2
2016-02-14 06:30:00,25.96,25.21,21.71,170.12,16.49
2016-02-14 07:00:00,26.0,25.18,21.34,170.13,20.53
2016-02-14 07:30:00,25.98,25.59,23.5,170.13,19.94
2016-02-14 08:00:00,26.25,25.79,23.18,170.13,21.49
2016-02-14 08:30:00,29.96,29.48,27.02,172.55,21.2
2016-02-14 09:00:00,30.58,30.15,27.79,170.13,21.2
2016-02-14 09:30:00,29.97,29.93,25.1,170.13,22.44
2016-02-14 10:00:00,29.22,29.68,21.02,172.54,21.84
2016-02-14 10:30:00,30.76,31.73,21.06,171.71,22.43
2016-02-14 11:00:00,30.77,31.67,21.85,170.09,22.92
2016-02-14 11:30:00,32.79,34.21,20.41,170.75,22.86
2016-02-14 12:00:00,33.08,34.85,18.79,169.64,22.1
2016-02-14 12:30:00,34.02,35.94,18.23,170.11,22.37
2016-02-14 13:00:00,34.03,36.06,20.76,170.12,23.45
2016-02-14 13:30:00,34.02,36.03,23.84,170.09,24.87
2016-02-14 14:00:00,35.3,37.38,28.28,170.08,23.1
2016-02-14 14:30:00,34.06,36.36,31.39,170.11,21.2
2016-02-14 15:00:00,34.08,36.53,32.35,170.1,25.66
2016-02-14 15:30:00,40.7,44.48,36.5,169.72,31.31
2016-02-14 16:00:00,43.72,49.99,39.81,173.26,36.04
2016-02-14 16:30:00,47.6,52.5,45.72,174.15,40.13
2016-02-14 17:00:00,54.67,189.22,51.9,174.96,39.2
2016-02-14 17:30:00,47.88,99.14,49.01,175.03,38.47
2016-02-14 18:00:00,42.52,68.4,45.69,175.16,39.41
2016-02-14 18:30:00,35.7,45.15,37.99,175.16,32.97
2016-02-14 19:00:00,58.39,64.81,55.89,175.16,43.71
2016-02-14 19:30:00,61.0,66.88,57.24,175.09,43.14
2016-02-14 20:00:00,53.28,57.76,54.03,175.16,48.31
2016-02-14 20:30:00,44.28,48.12,44.64,175.16,40.01
2016-02-14 21:00:00,40.65,44.35,39.13,175.16,35.2
2016-02-14 21:30:00,36.91,40.17,32.57,175.16,21.78
2016-02-14 22:00:00,34.01,36.34,30.48,175.13,19.96
2016-02-14 22:30:00,39.21,41.21,35.0,174.99,23.11
2016-02-14 23:00:00,35.35,37.72,34.13,174.96,30.2
2016-02-14 23:30:00,36.54,39.7,34.84,175.03,33.45
2016-02-15 00:00:00,37.07,39.34,39.64,175.06,35.56
2016-02-15 00:30:00,33.89,34.75,34.81,175.16,29.08
2016-02-15 01:00:00,35.14,35.52,33.24,175.16,21.2
2016-02-15 01:30:00,34.67,34.65,32.51,175.16,21.2
2016-02-15 02:00:00,33.6,33.39,31.85,175.16,21.2
2016-02-15 02:30:00,30.78,30.45,29.28,175.16,21.2
2016-02-15 03:00:00,29.86,29.67,28.43,175.16,20.96
2016-02-15 03:30:00,33.08,32.94,30.94,175.16,21.13
2016-02-15 04:00:00,34.48,34.64,32.32,179.24,21.2
2016-02-15 04:30:00,34.26,34.7,33.3,179.95,21.2
2016-02-15 05:00:00,34.3,35.16,37.03,180.12,21.2
2016-02-15 05:30:00,59.29,59.82,68.51,175.16,27.85
2016-02-15 06:00:00,36.66,38.79,53.53,176.81,35.08
2016-02-15 06:30:00,36.37,36.6,57.56,181.77,37.72
2016-02-15 07:00:00,41.9,40.87,63.03,180.12,44.65
2016-02-15 07:30:00,36.99,38.06,56.23,180.12,36.84
2016-02-15 08:00:00,38.31,40.25,56.52,190.26,37.4
2016-02-15 08:30:00,41.33,43.43,59.46,191.01,39.83
2016-02-15 09:00:00,42.29,45.4,67.17,184.58,39.36
2016-02-15 09:30:00,41.67,45.14,51.37,180.12,37.3
2016-02-15 10:00:00,47.35,50.32,55.83,180.12,42.32
2016-02-15 10:30:00,43.57,47.1,45.59,176.81,39.52
2016-02-15 11:00:00,42.31,45.86,41.11,175.16,37.35
2016-02-15 11:30:00,42.48,46.0,41.9,173.05,37.77
2016-02-15 12:00:00,47.16,51.12,48.03,174.8,42.31
2016-02-15 12:30:00,37.33,41.22,35.97,171.21,32.42
2016-02-15 13:00:00,43.51,47.66,29.64,169.64,30.88
2016-02-15 13:30:00,48.11,53.98,44.74,169.64,42.7
2016-02-15 14:00:00,52.59,83.37,32.01,175.16,38.04
2016-02-15 14:30:00,36.43,51.85,16.77,175.16,23.94
2016-02-15 15:00:00,47.65,58.19,32.47,175.16,37.04
2016-02-15 15:30:00,48.06,99.99,34.71,175.16,38.72
2016-02-15 16:00:00,46.82,51.92,35.3,178.94,38.37
2016-02-15 16:30:00,42.47,358.07,33.56,180.12,35.37
2016-02-15 17:00:00,38.53,357.8,33.63,198.47,34.22
2016-02-15 17:30:00,35.9,2537.78,31.9,180.12,32.28
2016-02-15 18:00:00,34.06,50.35,31.65,180.12,31.04
2016-02-15 18:30:00,35.48,58.17,33.97,179.29,32.37
2016-02-15 19:00:00,42.27,359.88,41.29,180.12,38.51
2016-02-15 19:30:00,40.21,66.0,36.52,193.45,34.5
2016-02-15 20:00:00,43.35,105.99,40.05,171.8,37.65
2016-02-15 20:30:00,45.45,54.48,42.7,172.64,39.34
2016-02-15 21:00:00,35.85,47.36,31.77,169.72,27.9
2016-02-15 21:30:00,34.91,43.8,27.4,169.64,22.55
2016-02-15 22:00:00,33.97,39.92,29.64,169.47,20.9
2016-02-15 22:30:00,34.33,37.45,27.65,169.4,22.24
2016-02-15 23:00:00,34.69,148.72,23.69,174.99,24.21
2016-02-15 23:30:00,34.74,46.15,29.58,173.54,21.29
2016-02-16 00:00:00,33.46,35.48,30.89,174.96,21.46
2016-02-16 00:30:00,31.23,31.83,27.97,174.96,21.2
2016-02-16 01:00:00,29.25,29.41,22.71,174.96,21.78
2016-02-16 01:30:00,25.96,25.63,15.9,175.16,18.19
2016-02-16 02:00:00,30.73,30.01,17.51,175.16,20.6
2016-02-16 02:30:00,27.57,26.74,13.96,175.09,17.46
2016-02-16 03:00:00,28.28,28.0,17.94,175.16,19.76
2016-02-16 03:30:00,26.36,26.02,16.05,175.16,18.06
2016-02-16 04:00:00,29.18,28.65,18.8,175.16,20.71
2016-02-16 04:30:00,31.19,30.76,19.29,175.81,21.65
2016-02-16 05:00:00,26.97,26.48,23.9,175.16,21.3
2016-02-16 05:30:00,32.7,32.94,29.36,175.16,20.37
2016-02-16 06:00:00,32.84,33.64,33.26,175.99,28.41
2016-02-16 06:30:00,34.93,35.4,38.72,181.19,34.32
2016-02-16 07:00:00,47.05,47.22,60.11,188.91,47.67
2016-02-16 07:30:00,37.22,39.25,48.4,214.69,35.97
2016-02-16 08:00:00,34.52,36.45,37.95,181.91,32.94
2016-02-16 08:30:00,35.22,37.48,38.37,183.84,33.41
2016-02-16 09:00:00,35.72,38.44,40.29,180.12,33.86
2016-02-16 09:30:00,37.2,40.78,39.34,179.12,34.4
2016-02-16 10:00:00,37.53,41.39,37.98,178.94,34.0
2016-02-16 10:30:00,37.25,41.21,37.39,175.16,33.27
2016-02-16 11:00:00,43.11,73.37,43.3,176.81,38.02
2016-02-16 11:30:00,36.84,44.89,36.5,180.12,32.63
2016-02-16 12:00:00,35.55,41.4,33.09,179.95,30.88
2016-02-16 12:30:00,36.67,185.66,32.97,175.16,31.0
2016-02-16 13:00:00,36.41,121.51,33.14,175.16,31.32
2016-02-16 13:30:00,35.57,58.12,33.16,175.16,31.0
2016-02-16 14:00:00,34.56,849.77,33.31,175.16,30.98
2016-02-16 14:30:00,34.7,174.68,33.38,174.21,31.0
2016-02-16 15:00:00,35.41,49.17,33.44,175.16,31.0
2016-02-16 15:30:00,35.86,49.08,33.56,175.16,31.0
2016-02-16 16:00:00,37.43,147.78,33.43,175.16,31.23
2016-02-16 16:30:00,34.14,2187.18,32.71,177.64,30.68
2016-02-16 17:00:00,33.78,4095.99,33.08,180.12,31.0
2016-02-16 17:30:00,31.87,2237.34,30.9,182.01,29.2
2016-02-16 18:00:00,32.96,49.55,31.6,182.01,30.52
2016-02-16 18:30:00,33.93,49.55,32.34,185.54,31.19
2016-02-16 19:00:00,35.14,153.1,33.06,186.7,31.89
2016-02-16 19:30:00,34.1,598.03,32.1,190.26,30.9
2016-02-16 20:00:00,37.86,358.01,36.23,190.26,34.58
2016-02-16 20:30:00,36.69,49.25,35.69,182.98,33.57
2016-02-16 21:00:00,34.12,43.69,33.43,180.12,31.6
2016-02-16 21:30:00,34.0,49.17,31.3,180.12,30.49
2016-02-16 22:00:00,32.36,40.07,27.39,180.94,26.89
2016-02-16 22:30:00,31.51,106.98,23.8,180.12,25.4
2016-02-16 23:00:00,31.07,98.81,24.87,178.12,26.2
2016-02-16 23:30:00,32.95,46.71,27.33,175.16,28.93
2016-02-17 00:00:00,32.91,36.97,30.51,175.16,29.95
2016-02-17 00:30:00,33.46,36.96,27.66,175.16,22.28
2016-02-17 01:00:00,33.25,91.55,22.9,174.21,22.48
2016-02-17 01:30:00,30.14,33.81,19.13,175.16,22.1
2016-02-17 02:00:00,30.99,34.35,16.85,175.88,21.21
2016-02-17 02:30:00,28.07,30.82,11.49,177.18,17.27
2016-02-17 03:00:00,30.4,33.2,13.17,176.6,19.1
2016-02-17 03:30:00,29.98,32.61,13.02,179.57,18.89
2016-02-17 04:00:00,30.93,33.3,17.69,180.0,21.64
2016-02-17 04:30:00,31.61,34.06,19.66,180.11,23.08
2016-02-17 05:00:00,29.65,32.21,21.56,189.2,22.41
2016-02-17 05:30:00,32.85,41.48,27.39,197.04,24.42
2016-02-17 06:00:00,33.62,43.32,31.25,183.97,31.52
2016-02-17 06:30:00,42.25,165.58,41.43,215.25,40.83
2016-02-17 07:00:00,58.91,396.98,60.72,215.26,58.56
2016-02-17 07:30:00,34.38,38.36,36.64,215.4,34.0
2016-02-17 08:00:00,34.08,38.28,37.31,215.55,34.0
2016-02-17 08:30:00,34.03,37.77,38.32,215.24,34.0
2016-02-17 09:00:00,34.17,39.0,38.49,215.24,34.0
2016-02-17 09:30:00,34.12,55.34,38.52,181.18,34.0
2016-02-17 10:00:00,34.39,82.29,39.13,185.56,33.99
2016-02-17 10:30:00,33.97,37.02,41.26,180.11,34.0
2016-02-17 11:00:00,34.05,38.9,44.01,180.11,34.0
2016-02-17 11:30:00,34.01,83.6,43.47,180.11,34.0
2016-02-17 12:00:00,34.04,213.69,41.25,178.93,34.0
2016-02-17 12:30:00,34.03,126.2,39.42,175.14,34.0
2016-02-17 13:00:00,34.03,39.37,39.06,176.45,34.0
2016-02-17 13:30:00,34.12,56.07,39.14,179.36,34.0
2016-02-17 14:00:00,34.3,260.02,39.45,175.79,34.0
2016-02-17 14:30:00,34.03,2397.94,38.93,175.14,34.0
2016-02-17 15:00:00,34.01,130.66,38.94,175.14,34.0
2016-02-17 15:30:00,34.01,2223.34,39.12,177.62,34.0
2016-02-17 16:00:00,33.85,2222.4,38.99,180.1,34.0
2016-02-17 16:30:00,34.16,2187.36,38.91,179.27,34.01
2016-02-17 17:00:00,33.97,102.21,40.34,182.87,34.0
2016-02-17 17:30:00,33.48,2178.03,37.72,180.1,33.45
2016-02-17 18:00:00,34.39,45.41,37.21,180.1,33.59
2016-02-17 18:30:00,33.79,37.18,36.21,180.1,32.88
2016-02-17 19:00:00,33.1,2177.44,35.08,180.1,32.06
2016-02-17 19:30:00,45.48,2249.6,48.79,180.1,44.71
2016-02-17 20:00:00,35.89,2187.13,39.8,181.76,35.62
2016-02-17 20:30:00,34.0,45.87,38.12,180.1,34.01
2016-02-17 21:00:00,33.97,48.91,37.11,180.11,33.98
2016-02-17 21:30:00,34.04,43.14,36.51,180.1,33.94
2016-02-17 22:00:00,33.69,38.15,35.8,180.1,33.32
2016-02-17 22:30:00,34.13,49.08,35.88,174.28,33.34
2016-02-17 23:00:00,34.21,48.77,35.43,180.1,33.23
2016-02-17 23:30:00,39.76,73.26,44.22,180.1,41.71
2016-02-18 00:00:00,39.22,44.47,54.05,180.1,46.57
2016-02-18 00:30:00,34.83,85.54,43.87,180.1,37.78
2016-02-18 01:00:00,34.02,47.24,41.01,180.1,35.35
2016-02-18 01:30:00,38.36,47.14,43.79,180.1,38.29
2016-02-18 02:00:00,38.12,42.66,42.03,180.1,37.01
2016-02-18 02:30:00,35.67,39.47,38.41,180.1,33.83
2016-02-18 03:00:00,33.95,37.41,35.46,180.1,31.35
2016-02-18 03:30:00,32.3,34.96,33.0,180.11,29.35
2016-02-18 04:00:00,33.0,35.78,33.36,180.94,28.16
2016-02-18 04:30:00,34.85,37.4,37.23,181.17,32.38
2016-02-18 05:00:00,39.5,42.68,43.89,180.11,34.35
2016-02-18 05:30:00,42.15,45.49,51.3,181.76,43.39
2016-02-18 06:00:00,32.49,35.29,48.4,197.16,35.95
2016-02-18 06:30:00,47.38,56.49,77.3,216.79,59.59
2016-02-18 07:00:00,48.89,95.06,88.97,215.54,67.07
2016-02-18 07:30:00,33.99,108.75,61.31,215.24,36.54
2016-02-18 08:00:00,37.21,110.87,64.83,215.23,39.93
2016-02-18 08:30:00,43.49,89.33,64.46,215.26,45.42
2016-02-18 09:00:00,48.22,95.97,65.09,215.55,49.3
2016-02-18 09:30:00,46.12,156.15,66.03,189.41,47.04
2016-02-18 10:00:00,46.2,103.0,62.82,180.1,46.86
2016-02-18 10:30:00,44.3,48.39,61.06,180.11,45.1
2016-02-18 11:00:00,45.28,49.97,59.49,185.06,45.68
2016-02-18 11:30:00,40.27,44.86,51.27,180.16,40.08
2016-02-18 12:00:00,44.64,72.73,51.98,180.14,43.81
2016-02-18 12:30:00,49.33,96.02,56.89,180.11,48.66
2016-02-18 13:00:00,47.57,57.96,52.74,182.9,45.8
2016-02-18 13:30:00,47.8,55.56,52.06,183.61,45.74
2016-02-18 14:00:00,47.75,56.33,51.2,179.62,45.47
2016-02-18 14:30:00,48.91,259.18,51.82,179.86,46.17
2016-02-18 15:00:00,46.22,52.03,48.47,179.62,43.4
2016-02-18 15:30:00,47.93,172.93,49.66,175.14,44.46
2016-02-18 16:00:00,38.67,2143.4,41.87,175.89,37.64
2016-02-18 16:30:00,126.91,2251.59,124.39,175.14,117.95
2016-02-18 17:00:00,72.37,79.98,71.17,179.62,67.79
2016-02-18 17:30:00,41.63,2144.85,44.92,179.62,41.48
2016-02-18 18:00:00,61.79,1449.9,65.04,176.63,59.82
2016-02-18 18:30:00,52.8,49.85,60.5,175.89,54.35
2016-02-18 19:00:00,61.24,2169.32,66.94,176.63,61.96
2016-02-18 19:30:00,135.43,2178.95,145.24,193.85,135.07
2016-02-18 20:00:00,71.13,2206.23,77.01,178.87,69.71
2016-02-18 20:30:00,35.06,2146.34,37.31,179.62,33.82
2016-02-18 21:00:00,35.5,99.16,39.74,179.62,35.08
2016-02-18 21:30:00,34.01,48.96,38.32,177.38,33.92
2016-02-18 22:00:00,33.95,49.19,37.31,179.78,33.2
2016-02-18 22:30:00,34.02,124.25,36.1,176.29,32.64
2016-02-18 23:00:00,33.98,118.0,35.45,169.62,32.19
2016-02-18 23:30:00,34.01,41.69,36.05,169.62,33.75
2016-02-19 00:00:00,32.73,36.05,38.4,177.63,33.8
2016-02-19 00:30:00,33.99,97.26,37.62,176.8,33.24
2016-02-19 01:00:00,33.91,57.68,36.3,175.77,32.16
2016-02-19 01:30:00,34.01,47.26,34.28,174.94,29.24
2016-02-19 02:00:00,37.31,54.63,35.54,174.94,27.28
2016-02-19 02:30:00,38.37,48.8,35.2,174.94,27.2
2016-02-19 03:00:00,35.1,49.0,31.87,174.41,25.86
2016-02-19 03:30:00,36.73,44.89,33.54,90.89,27.2
2016-02-19 04:00:00,38.95,43.34,35.66,174.81,27.2
2016-02-19 04:30:00,42.72,47.37,40.07,174.94,30.2
2016-02-19 05:00:00,47.35,51.59,45.18,175.11,29.7
2016-02-19 05:30:00,46.41,51.88,48.55,178.13,40.63
2016-02-19 06:00:00,37.15,107.35,42.45,175.14,37.94
2016-02-19 06:30:00,45.1,57.1,55.14,178.87,47.83
2016-02-19 07:00:00,51.82,570.07,65.29,178.13,54.03
2016-02-19 07:30:00,33.76,37.0,49.24,175.14,34.02
2016-02-19 08:00:00,40.88,55.58,60.81,175.89,40.63
2016-02-19 08:30:00,48.94,91.32,66.47,175.14,48.25
2016-02-19 09:00:00,46.87,116.35,64.63,175.14,46.04
2016-02-19 09:30:00,47.09,281.69,65.17,177.38,45.25
2016-02-19 10:00:00,48.01,248.96,64.99,179.62,46.45
2016-02-19 10:30:00,43.03,173.22,58.36,179.62,42.07
2016-02-19 11:00:00,48.72,173.22,66.0,179.62,48.15
2016-02-19 11:30:00,48.7,133.82,66.67,179.62,47.7
2016-02-19 12:00:00,49.61,163.11,67.12,198.39,47.98
2016-02-19 12:30:00,50.88,265.33,63.23,178.46,49.37
2016-02-19 13:00:00,56.84,283.06,64.99,177.85,54.86
2016-02-19 13:30:00,59.73,266.44,64.09,177.69,56.76
2016-02-19 14:00:00,44.22,2195.43,48.83,176.38,42.6
2016-02-19 14:30:00,59.03,66.4,60.48,177.21,53.93
2016-02-19 15:00:00,100.41,121.27,63.18,177.69,57.45
2016-02-19 15:30:00,77.22,2165.7,72.08,178.8,66.96
2016-02-19 16:00:00,102.01,2175.45,95.77,182.0,89.6
2016-02-19 16:30:00,46.61,2189.68,45.9,191.01,42.71
2016-02-19 17:00:00,45.45,49.6,44.52,179.62,41.27
2016-02-19 17:30:00,71.41,1794.65,66.38,179.62,62.25
2016-02-19 18:00:00,61.0,65.47,54.65,179.62,52.97
2016-02-19 18:30:00,33.98,37.98,31.47,176.63,30.81
2016-02-19 19:00:00,33.62,2227.36,31.42,175.14,30.84
2016-02-19 19:30:00,76.42,83.59,68.7,178.95,68.17
2016-02-19 20:00:00,47.62,51.13,44.67,178.77,42.89
2016-02-19 20:30:00,84.43,98.47,75.43,177.76,73.01
2016-02-19 21:00:00,34.49,40.11,31.2,179.62,30.47
2016-02-19 21:30:00,37.47,41.21,32.2,179.16,31.89
2016-02-19 22:00:00,36.15,39.79,31.03,177.06,30.83
2016-02-19 22:30:00,39.54,98.44,33.48,175.14,33.88
2016-02-19 23:00:00,34.81,149.45,29.66,175.14,30.43
2016-02-19 23:30:00,33.98,37.04,29.13,175.14,30.8
2016-02-20 00:00:00,33.3,34.9,31.63,148.15,31.27
2016-02-20 00:30:00,33.28,34.73,29.33,202.85,27.9
2016-02-20 01:00:00,32.86,34.21,27.86,215.32,27.04
2016-02-20 01:30:00,30.12,30.73,24.27,174.63,25.12
2016-02-20 02:00:00,30.32,30.57,25.08,165.98,25.2
2016-02-20 02:30:00,29.94,30.29,24.56,215.16,24.57
2016-02-20 03:00:00,31.79,33.18,25.09,153.53,25.5
2016-02-20 03:30:00,30.46,31.74,24.07,151.0,24.57
2016-02-20 04:00:00,30.18,31.2,22.7,216.39,23.54
2016-02-20 04:30:00,29.96,30.87,22.11,215.22,23.16
2016-02-20 05:00:00,30.36,30.97,17.42,215.24,20.61
2016-02-20 05:30:00,31.1,31.75,17.4,215.24,20.7
2016-02-20 06:00:00,30.85,30.79,19.85,215.25,22.75
2016-02-20 06:30:00,31.07,30.57,20.56,226.32,23.51
2016-02-20 07:00:00,32.25,32.32,24.96,219.41,26.64
2016-02-20 07:30:00,33.89,35.6,25.54,215.25,27.38
2016-02-20 08:00:00,33.96,35.9,28.75,215.24,29.72
2016-02-20 08:30:00,34.02,35.96,28.53,215.24,29.73
2016-02-20 09:00:00,33.95,36.77,25.8,215.24,27.89
2016-02-20 09:30:00,34.02,37.43,23.69,215.24,26.8
2016-02-20 10:00:00,34.0,37.6,21.84,215.24,25.53
2016-02-20 10:30:00,34.07,39.63,25.7,215.24,27.65
2016-02-20 11:00:00,34.08,47.13,29.51,215.24,29.76
2016-02-20 11:30:00,34.03,45.41,30.09,215.24,29.92
2016-02-20 12:00:00,34.03,52.83,30.86,215.23,30.16
2016-02-20 12:30:00,34.03,95.58,31.29,215.23,30.15
2016-02-20 13:00:00,34.08,90.09,31.07,215.23,29.85
2016-02-20 13:30:00,34.03,47.52,30.54,215.26,29.35
2016-02-20 14:00:00,34.03,136.12,31.06,215.25,29.66
2016-02-20 14:30:00,33.0,125.58,21.23,215.25,23.65
2016-02-20 15:00:00,34.02,107.62,21.8,215.24,24.24
2016-02-20 15:30:00,34.02,39.45,30.37,215.25,29.2
2016-02-20 16:00:00,34.07,99.25,30.18,216.1,29.23
2016-02-20 16:30:00,34.02,65.83,31.1,191.85,29.72
2016-02-20 17:00:00,33.99,37.41,31.18,215.24,29.85
2016-02-20 17:30:00,34.01,83.35,31.55,222.27,29.81
2016-02-20 18:00:00,34.0,41.48,31.35,219.49,29.87
2016-02-20 18:30:00,33.16,36.0,29.98,184.82,28.98
2016-02-20 19:00:00,33.94,41.68,28.07,188.76,28.31
2016-02-20 19:30:00,34.01,47.26,21.21,189.51,24.57
2016-02-20 20:00:00,33.95,37.72,23.28,232.38,26.1
2016-02-20 20:30:00,33.31,37.16,23.36,182.1,26.1
2016-02-20 21:00:00,31.93,35.89,18.35,180.1,22.62
2016-02-20 21:30:00,31.72,35.64,16.52,180.1,21.29
2016-02-20 22:00:00,30.97,34.99,9.98,180.1,17.49
2016-02-20 22:30:00,33.32,38.58,9.64,180.11,18.21
2016-02-20 23:00:00,32.43,40.98,10.06,180.1,18.19
2016-02-20 23:30:00,33.99,40.07,17.73,180.12,23.22
2016-02-21 00:00:00,32.8,36.32,27.47,180.11,26.95
2016-02-21 00:30:00,35.21,99.02,-151.29,180.1,-69.93
2016-02-21 01:00:00,32.56,38.75,20.18,186.05,23.04
2016-02-21 01:30:00,31.12,35.0,16.58,184.4,20.33
2016-02-21 02:00:00,30.17,33.61,15.72,180.61,19.61
2016-02-21 02:30:00,30.96,34.96,10.0,180.12,16.88
2016-02-21 03:00:00,29.97,33.76,11.16,180.12,17.12
2016-02-21 03:30:00,29.54,32.99,2.64,180.12,12.4
2016-02-21 04:00:00,29.85,32.88,8.97,180.12,15.9
2016-02-21 04:30:00,29.68,32.29,9.38,180.1,16.11
2016-02-21 05:00:00,29.96,32.08,9.73,180.1,16.43
2016-02-21 05:30:00,29.96,31.96,8.84,180.1,16.16
2016-02-21 06:00:00,29.29,30.18,8.72,180.11,15.99
2016-02-21 06:30:00,30.1,30.16,8.38,180.1,16.3
2016-02-21 07:00:00,30.69,31.0,8.13,180.1,16.59
2016-02-21 07:30:00,31.46,34.11,8.84,180.1,17.13
2016-02-21 08:00:00,30.86,34.16,12.06,191.01,18.55
2016-02-21 08:30:00,31.51,34.97,16.07,232.52,20.92
2016-02-21 09:00:00,30.99,34.52,16.57,189.22,20.76
2016-02-21 09:30:00,31.95,35.77,13.95,215.1,19.61
2016-02-21 10:00:00,32.71,36.26,15.91,189.03,20.88
2016-02-21 10:30:00,32.95,36.35,19.34,180.12,22.87
2016-02-21 11:00:00,33.28,36.81,21.29,184.24,24.13
2016-02-21 11:30:00,33.93,37.53,26.58,180.11,27.5
2016-02-21 12:00:00,33.91,37.8,29.7,180.1,29.25
2016-02-21 12:30:00,33.92,38.33,26.88,179.92,27.02
2016-02-21 13:00:00,33.92,40.36,27.09,180.1,26.67
2016-02-21 13:30:00,33.7,37.28,30.93,180.1,28.36
2016-02-21 14:00:00,33.94,37.83,34.24,178.75,29.98
2016-02-21 14:30:00,33.64,37.25,34.48,180.09,29.74
2016-02-21 15:00:00,36.85,41.6,44.5,180.08,33.63
2016-02-21 15:30:00,34.06,37.28,49.3,180.1,31.92
2016-02-21 16:00:00,35.87,129.23,55.79,177.22,33.93
2016-02-21 16:30:00,34.03,91.19,69.99,175.14,32.44
2016-02-21 17:00:00,35.98,131.17,64.99,177.42,35.03
2016-02-21 17:30:00,39.91,149.59,64.99,180.1,39.62
2016-02-21 18:00:00,35.58,49.34,64.99,180.1,35.59
2016-02-21 18:30:00,36.67,74.14,64.99,180.1,36.67
2016-02-21 19:00:00,34.04,299.64,60.82,180.1,33.83
2016-02-21 19:30:00,38.86,149.84,50.06,180.1,37.78
2016-02-21 20:00:00,35.33,47.6,38.51,185.57,34.06
2016-02-21 20:30:00,35.3,70.89,37.16,180.12,33.59
2016-02-21 21:00:00,33.92,38.55,33.73,180.1,31.13
2016-02-21 21:30:00,33.48,39.7,28.29,180.1,25.36
2016-02-21 22:00:00,31.95,34.86,28.18,180.11,27.86
2016-02-21 22:30:00,32.23,36.51,26.59,180.1,27.55
2016-02-21 23:00:00,31.23,37.04,25.25,180.1,26.76
2016-02-21 23:30:00,33.93,40.93,29.85,180.1,31.08
2016-02-22 00:00:00,33.83,36.93,33.99,180.1,32.66
2016-02-22 00:30:00,30.32,31.44,27.22,180.1,27.25
2016-02-22 01:00:00,30.51,31.63,26.52,180.1,26.64
2016-02-22 01:30:00,30.46,32.47,24.32,180.1,25.28
2016-02-22 02:00:00,30.16,32.33,19.25,180.1,22.21
2016-02-22 02:30:00,30.03,32.12,14.53,180.1,19.42
2016-02-22 03:00:00,29.28,31.19,10.53,175.97,16.97
2016-02-22 03:30:00,30.03,31.98,12.76,180.1,18.53
2016-02-22 04:00:00,30.1,31.83,16.72,180.1,20.63
2016-02-22 04:30:00,31.25,33.32,19.79,180.1,22.8
2016-02-22 05:00:00,31.35,33.3,25.4,180.1,26.42
2016-02-22 05:30:00,35.13,37.57,32.38,185.73,32.4
2016-02-22 06:00:00,32.11,33.37,33.4,185.73,31.94
2016-02-22 06:30:00,41.95,45.46,45.15,215.1,41.59
2016-02-22 07:00:00,58.69,195.22,62.43,215.1,57.69
2016-02-22 07:30:00,39.08,43.87,39.99,215.1,36.19
2016-02-22 08:00:00,48.24,53.55,49.1,450.06,44.22
2016-02-22 08:30:00,62.75,92.2,63.21,365.92,57.74
2016-02-22 09:00:00,62.07,163.39,62.56,270.25,57.16
2016-02-22 09:30:00,61.9,152.02,60.4,180.1,56.51
2016-02-22 10:00:00,53.98,59.71,53.0,180.44,49.37
2016-02-22 10:30:00,61.44,72.88,60.3,225.11,56.0
2016-02-22 11:00:00,64.95,78.01,63.19,182.26,59.25
2016-02-22 11:30:00,89.98,124.82,87.68,180.11,82.87
2016-02-22 12:00:00,87.32,94.56,88.46,180.12,81.81
2016-02-22 12:30:00,65.8,71.22,73.99,180.11,63.47
2016-02-22 13:00:00,61.63,67.96,69.53,187.71,58.46
2016-02-22 13:30:00,99.88,110.76,104.31,189.36,94.93
2016-02-22 14:00:00,123.94,165.04,124.98,189.36,118.05
2016-02-22 14:30:00,93.82,98.33,98.29,189.2,91.16
2016-02-22 15:00:00,108.04,112.75,106.55,176.95,101.88
2016-02-22 15:30:00,110.51,115.61,106.21,176.03,101.84
2016-02-22 16:00:00,203.66,218.27,176.75,178.94,171.35
2016-02-22 16:30:00,58.32,61.22,152.1,180.1,54.68
2016-02-22 17:00:00,137.66,400.9,175.71,180.1,116.69
2016-02-22 17:30:00,43.31,51.04,153.94,211.97,40.04
2016-02-22 18:00:00,40.33,43.11,124.99,215.1,38.49
2016-02-22 18:30:00,34.54,36.82,124.99,181.79,33.87
2016-02-22 19:00:00,70.77,76.88,124.99,180.1,64.59
2016-02-22 19:30:00,44.4,48.13,109.99,180.11,39.4
2016-02-22 20:00:00,40.82,43.8,79.99,189.2,37.08
2016-02-22 20:30:00,41.91,47.87,79.99,185.9,37.61
2016-02-22 21:00:00,38.52,42.39,79.99,180.1,34.15
2016-02-22 21:30:00,38.79,41.86,74.99,180.1,34.42
2016-02-22 22:00:00,35.71,37.5,64.99,180.27,32.66
2016-02-22 22:30:00,48.21,49.15,57.43,180.11,45.39
2016-02-22 23:00:00,39.9,41.16,44.96,180.1,37.89
2016-02-22 23:30:00,40.75,42.06,43.08,180.1,40.21
2016-02-23 00:00:00,40.63,40.98,47.36,180.1,42.19
2016-02-23 00:30:00,35.88,36.58,40.15,180.1,35.78
2016-02-23 01:00:00,35.23,36.39,36.4,180.1,33.53
2016-02-23 01:30:00,29.43,29.9,28.93,179.4,27.36
2016-02-23 02:00:00,31.41,31.51,30.84,180.1,28.99
2016-02-23 02:30:00,30.72,30.8,29.32,180.1,27.87
2016-02-23 03:00:00,30.4,30.47,29.5,180.1,27.48
2016-02-23 03:30:00,29.29,29.38,27.39,180.1,25.48
2016-02-23 04:00:00,29.96,29.73,27.35,180.09,25.75
2016-02-23 04:30:00,31.43,31.29,28.77,180.1,27.29
2016-02-23 05:00:00,32.27,31.92,28.77,180.1,27.85
2016-02-23 05:30:00,33.71,34.25,28.69,180.1,28.73
2016-02-23 06:00:00,32.24,33.13,25.67,180.1,26.51
2016-02-23 06:30:00,33.96,35.45,33.65,226.19,32.36
2016-02-23 07:00:00,34.48,35.73,34.82,215.61,33.73
2016-02-23 07:30:00,34.38,37.29,32.23,215.1,31.69
2016-02-23 08:00:00,33.92,36.35,33.82,195.12,32.35
2016-02-23 08:30:00,33.92,36.04,34.92,175.14,33.93
2016-02-23 09:00:00,42.01,53.47,42.88,146.07,41.71
2016-02-23 09:30:00,43.13,52.75,42.19,172.02,42.31
2016-02-23 10:00:00,45.45,49.71,46.55,204.52,46.59
2016-02-23 10:30:00,41.35,42.47,43.21,173.85,43.19
2016-02-23 11:00:00,49.82,50.22,59.4,235.54,55.12
2016-02-23 11:30:00,47.07,47.51,79.9,218.8,51.32
2016-02-23 12:00:00,43.34,43.5,99.99,175.16,47.05
2016-02-23 12:30:00,47.53,47.76,124.99,175.16,51.08
2016-02-23 13:00:00,61.07,61.53,161.51,196.73,69.76
2016-02-23 13:30:00,68.69,69.62,119.99,223.4,100.59
2016-02-23 14:00:00,50.68,52.68,109.99,180.1,103.29
2016-02-23 14:30:00,64.35,66.71,109.94,180.11,104.55
2016-02-23 15:00:00,80.19,82.56,92.9,180.12,88.83
2016-02-23 15:30:00,143.04,145.06,152.77,181.77,156.28
2016-02-23 16:00:00,286.6,287.33,306.92,180.1,318.8
2016-02-23 16:30:00,253.8,249.92,269.11,196.75,281.65
2016-02-23 17:00:00,96.01,98.09,99.84,190.12,101.61
2016-02-23 17:30:00,37.77,40.05,39.42,205.11,38.54
2016-02-23 18:00:00,37.21,39.14,40.17,183.46,38.38
2016-02-23 18:30:00,34.23,36.33,37.71,215.1,35.64
2016-02-23 19:00:00,33.77,36.77,35.27,215.1,33.39
2016-02-23 19:30:00,43.67,47.35,47.88,205.11,43.38
2016-02-23 20:00:00,52.12,54.1,60.65,190.12,52.76
2016-02-23 20:30:00,39.9,42.57,45.56,185.12,39.9
2016-02-23 21:00:00,44.33,46.35,52.77,179.42,45.86
2016-02-23 21:30:00,35.79,37.88,43.49,180.1,37.68
2016-02-23 22:00:00,34.41,36.51,40.07,177.77,35.01
2016-02-23 22:30:00,58.09,60.88,66.08,179.04,58.89
2016-02-23 23:00:00,48.05,51.89,55.95,177.45,49.35
2016-02-23 23:30:00,42.48,46.14,48.6,176.46,45.13
2016-02-24 00:00:00,41.89,43.87,52.24,175.16,45.78
2016-02-24 00:30:00,40.88,42.44,50.22,175.16,43.07
2016-02-24 01:00:00,40.74,41.89,48.37,174.62,41.78
2016-02-24 01:30:00,33.01,33.59,37.47,174.81,32.75
2016-02-24 02:00:00,32.93,33.32,35.57,174.35,31.63
2016-02-24 02:30:00,33.97,34.16,34.39,174.69,31.33
2016-02-24 03:00:00,32.57,32.52,32.95,174.96,29.91
2016-02-24 03:30:00,34.54,34.58,32.94,175.06,31.21
2016-02-24 04:00:00,40.05,39.84,37.59,175.09,35.98
2016-02-24 04:30:00,48.95,48.27,49.84,175.16,45.71
2016-02-24 05:00:00,48.69,48.01,51.17,175.16,46.85
2016-02-24 05:30:00,44.43,44.87,46.26,175.16,44.83
2016-02-24 06:00:00,36.48,37.81,39.78,175.16,38.04
2016-02-24 06:30:00,43.67,45.07,51.58,177.05,48.56
2016-02-24 07:00:00,54.11,55.6,67.86,180.28,61.74
2016-02-24 07:30:00,41.84,50.61,47.52,196.08,43.05
2016-02-24 08:00:00,61.58,67.12,68.29,251.06,61.88
2016-02-24 08:30:00,56.71,60.84,66.81,179.42,59.35
2016-02-24 09:00:00,48.9,52.58,66.5,180.27,53.79
2016-02-24 09:30:00,58.8,63.57,78.42,180.1,64.58
2016-02-24 10:00:00,59.83,65.38,79.54,180.1,66.84
2016-02-24 10:30:00,65.96,70.01,85.1,180.1,72.85
2016-02-24 11:00:00,74.64,78.51,92.77,180.1,80.89
2016-02-24 11:30:00,80.12,84.41,106.47,180.1,88.92
2016-02-24 12:00:00,96.23,103.4,118.59,194.26,103.39
2016-02-24 12:30:00,76.88,82.2,90.69,265.01,80.17
2016-02-24 13:00:00,94.03,99.4,107.77,180.1,96.21
2016-02-24 13:30:00,120.07,123.57,145.26,180.1,130.23
2016-02-24 14:00:00,86.44,88.5,98.73,222.55,89.09
2016-02-24 14:30:00,83.08,88.68,93.52,222.61,87.15
2016-02-24 15:00:00,113.64,124.16,131.87,212.58,121.88
2016-02-24 15:30:00,238.53,251.07,269.98,185.06,255.27
2016-02-24 16:00:00,165.25,170.93,183.01,185.49,173.68
2016-02-24 16:30:00,145.13,153.0,150.79,216.89,146.42
2016-02-24 17:00:00,91.74,98.99,92.18,195.64,89.09
2016-02-24 17:30:00,69.48,103.65,73.19,215.1,67.18
2016-02-24 18:00:00,67.89,96.69,73.58,195.64,65.51
2016-02-24 18:30:00,45.72,50.31,68.93,185.49,46.24
2016-02-24 19:00:00,63.61,185.33,71.2,205.23,63.2
2016-02-24 19:30:00,52.96,58.19,61.05,185.2,53.91
2016-02-24 20:00:00,55.47,60.76,62.69,190.63,56.29
2016-02-24 20:30:00,44.93,49.6,51.61,185.77,45.22
2016-02-24 21:00:00,54.57,59.5,58.65,185.49,52.05
2016-02-24 21:30:00,41.0,45.11,46.32,185.2,39.57
2016-02-24 22:00:00,36.06,39.24,44.41,177.77,34.87
2016-02-24 22:30:00,52.53,55.07,64.55,175.3,53.2
2016-02-24 23:00:00,38.78,42.03,47.59,175.59,39.06
2016-02-24 23:30:00,35.84,38.25,40.7,180.1,36.39
2016-02-25 00:00:00,38.88,39.8,54.13,180.1,41.47
2016-02-25 00:30:00,39.45,40.37,58.07,179.92,40.29
2016-02-25 01:00:00,34.97,36.61,55.91,179.75,35.06
2016-02-25 01:30:00,32.31,33.31,42.04,180.09,31.77
2016-02-25 02:00:00,33.73,34.03,42.43,180.08,32.63
2016-02-25 02:30:00,30.9,31.15,35.76,179.93,29.1
2016-02-25 03:00:00,30.37,30.25,32.47,180.09,27.91
2016-02-25 03:30:00,30.78,30.44,32.21,180.09,28.11
2016-02-25 04:00:00,33.62,33.43,40.99,180.1,30.86
2016-02-25 04:30:00,31.24,30.94,33.33,195.26,28.96
2016-02-25 05:00:00,39.67,38.98,43.4,215.27,37.76
2016-02-25 05:30:00,60.17,59.55,69.55,215.03,61.01
2016-02-25 06:00:00,42.61,43.02,57.26,215.04,45.56
2016-02-25 06:30:00,45.91,47.0,69.99,215.33,50.91
2016-02-25 07:00:00,45.44,46.5,67.49,215.2,49.73
2016-02-25 07:30:00,41.61,45.81,64.99,215.34,41.09
2016-02-25 08:00:00,43.09,93.37,64.99,215.03,40.45
2016-02-25 08:30:00,45.93,51.21,64.99,223.36,43.45
2016-02-25 09:00:00,42.12,46.68,62.49,223.76,39.99
2016-02-25 09:30:00,41.93,44.81,57.49,224.0,39.98
2016-02-25 10:00:00,41.96,44.13,64.99,215.77,40.49
2016-02-25 10:30:00,42.07,43.58,64.65,215.02,40.71
2016-02-25 11:00:00,55.32,58.07,62.51,210.43,52.15
2016-02-25 11:30:00,38.3,40.57,42.23,215.02,36.58
2016-02-25 12:00:00,40.83,43.35,42.31,215.02,37.9
2016-02-25 12:30:00,42.99,46.7,38.37,213.49,36.66
2016-02-25 13:00:00,43.64,47.75,39.2,211.72,39.52
2016-02-25 13:30:00,44.34,48.49,36.73,242.27,38.04
2016-02-25 14:00:00,41.35,46.57,32.64,218.52,35.8
2016-02-25 14:30:00,55.33,60.44,21.47,195.27,35.76
2016-02-25 15:00:00,47.41,51.56,36.2,195.26,40.13
2016-02-25 15:30:00,43.98,47.34,42.1,179.97,44.58
2016-02-25 16:00:00,81.1,89.59,74.84,177.99,80.61
2016-02-25 16:30:00,70.19,76.18,63.82,178.73,68.95
2016-02-25 17:00:00,75.05,81.91,68.94,178.47,72.78
2016-02-25 17:30:00,53.27,147.58,40.7,180.14,46.26
2016-02-25 18:00:00,39.79,42.14,31.98,180.13,35.75
2016-02-25 18:30:00,40.32,42.01,39.58,178.98,40.01
2016-02-25 19:00:00,53.97,56.96,35.78,178.73,42.31
2016-02-25 19:30:00,73.44,79.84,53.81,176.5,58.87
2016-02-25 20:00:00,67.63,72.04,59.27,179.66,59.73
2016-02-25 20:30:00,67.07,72.63,64.96,178.08,61.78
2016-02-25 21:00:00,44.66,47.2,41.71,175.2,39.53
2016-02-25 21:30:00,49.67,51.53,45.03,175.2,43.45
2016-02-25 22:00:00,40.09,41.52,34.38,175.2,34.2
2016-02-25 22:30:00,50.66,51.88,41.81,175.17,42.29
2016-02-25 23:00:00,46.07,49.81,32.15,175.17,34.98
2016-02-25 23:30:00,39.85,42.67,32.62,175.2,33.88
2016-02-26 00:00:00,34.01,34.21,31.77,178.6,30.81
2016-02-26 00:30:00,32.48,32.55,28.61,177.07,28.07
2016-02-26 01:00:00,31.84,32.47,27.39,177.57,26.78
2016-02-26 01:30:00,29.76,29.71,24.98,175.2,24.53
2016-02-26 02:00:00,30.14,30.0,25.43,175.1,24.74
2016-02-26 02:30:00,29.96,29.54,22.85,175.1,23.07
2016-02-26 03:00:00,29.96,29.38,26.71,175.0,24.94
2016-02-26 03:30:00,30.28,31.03,25.17,175.1,24.26
2016-02-26 04:00:00,28.62,27.94,24.16,175.0,23.24
2016-02-26 04:30:00,29.78,28.59,26.95,235.13,25.25
2016-02-26 05:00:00,34.88,33.35,34.02,235.07,30.82
2016-02-26 05:30:00,42.64,41.27,44.76,235.2,40.23
2016-02-26 06:00:00,38.69,37.67,42.4,235.6,37.88
2016-02-26 06:30:00,43.62,43.12,48.75,239.97,43.32
2016-02-26 07:00:00,53.5,54.22,65.16,240.14,53.46
2016-02-26 07:30:00,54.1,56.73,66.79,239.96,49.78
2016-02-26 08:00:00,49.54,50.93,62.9,236.05,44.92
2016-02-26 08:30:00,49.44,49.37,57.17,238.24,43.98
2016-02-26 09:00:00,45.66,46.38,45.58,235.2,39.25
2016-02-26 09:30:00,49.82,49.94,52.54,235.2,45.39
2016-02-26 10:00:00,49.67,49.38,52.03,235.2,44.99
2016-02-26 10:30:00,49.56,49.09,52.52,235.2,45.5
2016-02-26 11:00:00,49.96,49.61,54.38,235.2,46.8
2016-02-26 11:30:00,49.56,49.27,53.74,235.2,46.9
2016-02-26 12:00:00,38.66,39.89,41.28,235.2,36.32
2016-02-26 12:30:00,38.02,40.78,39.6,235.2,35.29
2016-02-26 13:00:00,41.38,2309.86,40.42,237.07,36.15
2016-02-26 13:30:00,34.92,37.0,35.56,235.2,31.63
2016-02-26 14:00:00,34.1,36.17,34.9,235.2,31.0
2016-02-26 14:30:00,34.07,36.71,34.75,235.2,31.0
2016-02-26 15:00:00,35.13,40.09,35.01,235.2,31.68
2016-02-26 15:30:00,36.43,39.95,37.4,235.2,33.05
2016-02-26 16:00:00,36.39,83.32,38.72,235.2,33.42
2016-02-26 16:30:00,33.91,2163.68,36.09,235.2,31.05
2016-02-26 17:00:00,33.89,80.79,35.91,235.2,31.0
2016-02-26 17:30:00,32.82,40.59,34.68,235.2,30.7
2016-02-26 18:00:00,33.08,36.02,34.95,235.2,31.27
2016-02-26 18:30:00,32.18,34.83,34.59,235.64,30.98
2016-02-26 19:00:00,34.9,48.84,36.27,235.2,32.49
2016-02-26 19:30:00,45.22,59.51,47.5,235.94,42.44
2016-02-26 20:00:00,41.03,49.27,43.0,238.05,38.88
2016-02-26 20:30:00,41.41,77.71,42.43,238.49,38.38
2016-02-26 21:00:00,38.96,50.75,38.67,235.64,35.27
2016-02-26 21:30:00,35.21,59.35,33.48,235.2,31.0
2016-02-26 22:00:00,34.3,37.69,32.65,235.2,30.99
2016-02-26 22:30:00,44.58,63.89,41.31,235.2,39.67
2016-02-26 23:00:00,39.31,102.59,35.22,235.1,34.57
2016-02-26 23:30:00,39.9,46.99,36.08,234.84,36.44
2016-02-27 00:00:00,34.73,37.0,34.52,237.03,32.87
2016-02-27 00:30:00,32.55,34.45,31.16,239.38,29.64
2016-02-27 01:00:00,29.92,30.86,27.62,230.11,26.57
2016-02-27 01:30:00,29.93,30.04,26.64,236.61,26.03
2016-02-27 02:00:00,30.35,30.34,26.69,232.77,26.04
2016-02-27 02:30:00,30.03,30.16,26.14,235.82,25.51
2016-02-27 03:00:00,29.75,30.21,25.76,235.0,25.07
2016-02-27 03:30:00,29.96,30.17,26.0,238.46,25.2
2016-02-27 04:00:00,29.96,30.17,25.67,238.7,25.09
2016-02-27 04:30:00,30.03,29.43,25.86,239.31,25.34
2016-02-27 05:00:00,29.97,28.9,25.81,235.87,25.41
2016-02-27 05:30:00,30.16,29.21,26.49,235.22,26.04
2016-02-27 06:00:00,29.97,28.26,26.64,235.22,26.28
2016-02-27 06:30:00,30.94,29.67,28.23,235.79,27.71
2016-02-27 07:00:00,33.3,33.67,31.79,237.11,30.93
2016-02-27 07:30:00,34.76,36.09,33.72,235.22,32.43
2016-02-27 08:00:00,34.58,35.99,33.21,235.22,32.49
2016-02-27 08:30:00,34.01,35.9,32.25,235.22,31.31
2016-02-27 09:00:00,34.19,36.98,32.44,235.22,31.55
2016-02-27 09:30:00,35.89,38.41,34.08,235.46,33.17
2016-02-27 10:00:00,34.03,36.4,33.04,235.22,31.61
2016-02-27 10:30:00,34.87,36.8,35.63,235.22,33.63
2016-02-27 11:00:00,34.07,35.98,36.41,235.22,33.64
2016-02-27 11:30:00,34.03,36.03,36.74,235.22,33.67
2016-02-27 12:00:00,34.01,36.38,36.22,235.22,33.36
2016-02-27 12:30:00,34.01,36.95,35.77,235.22,33.02
2016-02-27 13:00:00,34.03,39.86,34.93,235.22,32.53
2016-02-27 13:30:00,33.99,72.42,34.11,235.22,31.87
2016-02-27 14:00:00,34.03,174.52,35.05,235.22,32.62
2016-02-27 14:30:00,34.03,88.99,35.5,235.22,32.81
2016-02-27 15:00:00,35.13,42.01,36.74,235.22,34.08
2016-02-27 15:30:00,33.99,37.94,36.11,235.22,33.24
2016-02-27 16:00:00,36.63,68.1,40.06,235.22,36.52
2016-02-27 16:30:00,34.01,283.28,38.31,235.22,34.36
2016-02-27 17:00:00,37.28,199.77,43.73,239.16,38.49
2016-02-27 17:30:00,36.53,201.37,43.79,239.99,38.18
2016-02-27 18:00:00,37.78,44.64,45.76,239.81,39.67
2016-02-27 18:30:00,37.63,50.95,45.84,236.32,39.6
2016-02-27 19:00:00,37.47,178.12,43.27,235.5,38.33
2016-02-27 19:30:00,41.51,52.97,43.5,235.22,40.65
2016-02-27 20:00:00,40.49,49.17,42.67,235.22,40.11
2016-02-27 20:30:00,36.46,43.73,37.16,235.22,35.43
2016-02-27 21:00:00,33.95,37.82,33.53,235.22,32.38
2016-02-27 21:30:00,33.77,36.93,32.33,235.5,31.32
2016-02-27 22:00:00,33.86,36.42,31.71,235.22,30.79
2016-02-27 22:30:00,34.28,38.15,31.34,235.22,30.73
2016-02-27 23:00:00,31.18,2323.21,28.24,235.22,27.94
2016-02-27 23:30:00,34.63,36.72,32.53,235.22,32.38
2016-02-28 00:00:00,35.32,37.97,37.21,235.22,34.66
2016-02-28 00:30:00,34.35,41.68,34.03,235.77,31.84
2016-02-28 01:00:00,32.48,101.01,31.56,182.67,29.72
2016-02-28 01:30:00,31.02,34.28,29.62,236.76,27.89
2016-02-28 02:00:00,31.22,33.0,29.54,233.6,27.75
2016-02-28 02:30:00,30.95,32.66,28.43,149.78,26.75
2016-02-28 03:00:00,30.57,31.92,27.77,224.39,26.08
2016-02-28 03:30:00,30.37,31.38,27.59,225.24,25.72
2016-02-28 04:00:00,30.1,30.85,27.33,135.43,25.4
2016-02-28 04:30:00,29.58,30.03,26.62,86.96,25.07
2016-02-28 05:00:00,30.1,30.04,26.82,124.1,25.51
2016-02-28 05:30:00,30.38,30.37,26.91,158.21,25.96
2016-02-28 06:00:00,30.79,30.9,27.43,225.25,26.56
2016-02-28 06:30:00,30.75,30.76,27.51,233.54,26.53
2016-02-28 07:00:00,31.51,32.22,29.15,238.65,27.72
2016-02-28 07:30:00,33.44,35.24,31.35,238.5,29.63
2016-02-28 08:00:00,33.92,36.01,32.24,235.2,30.51
2016-02-28 08:30:00,34.03,36.22,32.71,235.2,30.79
2016-02-28 09:00:00,34.2,36.27,33.0,235.2,30.89
2016-02-28 09:30:00,37.33,40.05,37.16,235.2,34.86
2016-02-28 10:00:00,34.01,36.85,33.9,236.68,31.67
2016-02-28 10:30:00,34.85,37.99,34.98,238.61,32.64
2016-02-28 11:00:00,36.48,40.03,37.13,235.2,34.27
2016-02-28 11:30:00,34.84,38.51,35.43,235.2,32.6
2016-02-28 12:00:00,35.01,40.27,35.26,235.2,32.62
2016-02-28 12:30:00,33.91,37.17,33.59,235.2,31.2
2016-02-28 13:00:00,34.15,37.08,33.53,235.2,31.24
2016-02-28 13:30:00,34.07,40.03,33.58,235.2,31.19
2016-02-28 14:00:00,36.65,45.84,35.94,235.58,33.52
2016-02-28 14:30:00,34.95,56.25,34.31,237.14,32.09
2016-02-28 15:00:00,34.85,70.33,34.15,237.04,31.7
2016-02-28 15:30:00,34.08,118.33,33.68,240.16,31.14
2016-02-28 16:00:00,35.01,59.93,34.87,240.16,32.02
2016-02-28 16:30:00,35.18,60.0,35.98,238.31,32.52
2016-02-28 17:00:00,43.45,102.99,45.63,240.16,40.74
2016-02-28 17:30:00,34.85,106.5,36.85,240.16,32.64
2016-02-28 18:00:00,34.2,60.0,35.77,240.16,31.91
2016-02-28 18:30:00,34.01,78.35,34.15,240.16,31.24
2016-02-28 19:00:00,34.02,299.91,33.35,236.31,31.4
2016-02-28 19:30:00,41.21,65.26,40.84,235.2,38.51
2016-02-28 20:00:00,39.61,49.64,40.45,235.34,37.77
2016-02-28 20:30:00,33.94,80.47,34.14,235.2,31.89
2016-02-28 21:00:00,32.87,47.11,31.83,235.63,29.95
2016-02-28 21:30:00,31.03,48.13,28.07,235.34,26.9
2016-02-28 22:00:00,30.72,36.0,26.49,235.2,25.82
2016-02-28 22:30:00,21.45,2155.04,16.28,239.99,16.85
2016-02-28 23:00:00,35.89,37.37,21.69,239.98,25.13
2016-02-28 23:30:00,30.85,33.5,25.66,236.85,26.32
2016-02-29 00:00:00,33.41,36.33,31.65,235.2,30.08
2016-02-29 00:30:00,34.41,51.17,31.32,235.2,29.67
2016-02-29 01:00:00,32.96,44.03,29.59,235.2,27.82
2016-02-29 01:30:00,29.52,30.7,26.13,235.77,24.73
2016-02-29 02:00:00,34.82,35.48,32.63,235.2,30.51
2016-02-29 02:30:00,30.24,30.58,27.88,236.51,25.91
2016-02-29 03:00:00,29.97,30.19,27.24,236.88,25.39
2016-02-29 03:30:00,30.11,30.37,27.46,238.57,25.49
2016-02-29 04:00:00,30.79,30.91,28.22,236.79,26.09
2016-02-29 04:30:00,34.37,35.05,32.01,237.54,29.79
2016-02-29 05:00:00,32.99,33.5,32.08,237.13,29.48
2016-02-29 05:30:00,39.83,41.87,39.96,236.85,36.96
2016-02-29 06:00:00,34.06,36.5,36.52,236.03,33.32
2016-02-29 06:30:00,45.77,48.81,52.97,239.58,47.27
2016-02-29 07:00:00,50.21,2342.03,61.75,249.49,54.06
2016-02-29 07:30:00,38.72,40.87,47.38,235.34,39.2
2016-02-29 08:00:00,49.33,52.71,58.47,235.2,48.87
2016-02-29 08:30:00,47.39,51.35,53.26,235.34,45.15
2016-02-29 09:00:00,47.03,52.3,51.99,238.65,44.49
2016-02-29 09:30:00,46.77,51.03,51.64,238.51,43.85
2016-02-29 10:00:00,47.68,51.68,53.29,235.38,45.14
2016-02-29 10:30:00,40.14,48.08,45.47,235.2,37.51
2016-02-29 11:00:00,41.6,45.52,48.73,235.2,40.13
2016-02-29 11:30:00,36.46,39.68,48.11,235.2,35.61
2016-02-29 12:00:00,37.66,40.38,49.51,235.2,36.4
2016-02-29 12:30:00,52.15,73.75,66.46,235.2,50.75
2016-02-29 13:00:00,44.93,199.97,58.12,235.2,43.87
2016-02-29 13:30:00,47.9,67.9,61.69,235.2,47.24
2016-02-29 14:00:00,50.73,60.66,62.82,235.2,50.19
2016-02-29 14:30:00,51.96,114.01,64.48,235.2,51.57
2016-02-29 15:00:00,59.12,124.32,70.65,235.2,58.0
2016-02-29 15:30:00,62.97,73.71,79.99,235.56,62.47
2016-02-29 16:00:00,47.79,53.75,74.85,235.85,48.04
2016-02-29 16:30:00,80.28,118.49,115.99,237.33,79.77
2016-02-29 17:00:00,34.07,117.6,60.16,240.09,33.88
2016-02-29 17:30:00,33.88,264.25,60.4,239.08,34.0
2016-02-29 18:00:00,34.35,49.35,54.32,240.15,34.0
2016-02-29 18:30:00,36.68,60.76,71.0,238.99,34.63
2016-02-29 19:00:00,47.71,2122.26,81.51,240.15,44.11
2016-02-29 19:30:00,58.89,61.62,78.65,240.15,54.54
2016-02-29 20:00:00,77.57,85.1,96.77,235.85,72.81
2016-02-29 20:30:00,43.56,48.31,66.62,235.2,40.86
2016-02-29 21:00:00,35.22,37.76,43.38,235.2,33.8
2016-02-29 21:30:00,34.93,37.2,41.21,235.2,33.53
2016-02-29 22:00:00,33.7,35.11,35.76,235.2,31.9
2016-02-29 22:30:00,34.0,36.09,34.04,235.2,31.2
2016-02-29 23:00:00,32.93,38.86,31.67,235.2,29.53
2016-02-29 23:30:00,34.0,44.48,33.06,235.2,31.56
2016-03-01 00:00:00,34.06,40.91,36.74,235.52,32.97
2016-03-01 00:30:00,32.25,43.14,31.61,235.2,29.13
2016-03-01 01:00:00,32.32,34.96,29.79,235.43,27.97
2016-03-01 01:30:00,33.43,35.23,27.6,235.2,27.19
2016-03-01 02:00:00,30.18,31.18,20.11,235.2,21.63
2016-03-01 02:30:00,30.65,31.61,19.62,235.2,21.47
2016-03-01 03:00:00,29.97,30.48,18.26,235.17,20.62
2016-03-01 03:30:00,30.19,30.81,17.3,233.34,20.13
2016-03-01 04:00:00,30.56,31.22,19.4,194.35,21.53
2016-03-01 04:30:00,30.95,31.89,22.74,235.17,23.82
2016-03-01 05:00:00,31.97,33.47,27.98,233.76,26.5
2016-03-01 05:30:00,35.28,38.32,31.34,235.2,21.8
2016-03-01 06:00:00,46.11,50.38,45.88,250.16,35.43
2016-03-01 06:30:00,58.47,62.53,60.76,254.04,58.85
2016-03-01 07:00:00,65.92,70.01,70.35,250.17,68.41
2016-03-01 07:30:00,36.9,41.19,37.58,250.16,35.84
2016-03-01 08:00:00,36.65,40.06,37.4,250.16,35.63
2016-03-01 08:30:00,45.32,49.36,48.78,250.09,45.04
2016-03-01 09:00:00,48.56,53.22,55.0,235.2,49.08
2016-03-01 09:30:00,50.45,55.27,57.7,235.2,51.33
2016-03-01 10:00:00,48.74,52.86,56.38,235.2,49.71
2016-03-01 10:30:00,47.94,51.56,55.94,235.2,49.7
2016-03-01 11:00:00,45.36,48.83,51.84,235.2,46.58
2016-03-01 11:30:00,35.95,38.62,40.38,235.2,36.13
2016-03-01 12:00:00,37.18,40.74,40.36,137.69,37.1
2016-03-01 12:30:00,49.82,136.48,57.66,226.97,51.46
2016-03-01 13:00:00,54.73,59.68,65.9,235.2,59.23
2016-03-01 13:30:00,51.27,56.12,80.25,235.2,73.24
2016-03-01 14:00:00,54.19,82.62,76.04,250.13,66.84
2016-03-01 14:30:00,49.24,78.99,137.23,250.61,96.11
2016-03-01 15:00:00,40.83,45.19,2125.74,257.45,1905.34
2016-03-01 15:30:00,46.56,51.5,80.0,260.71,31.65
2016-03-01 16:00:00,76.6,83.88,172.69,255.65,156.21
2016-03-01 16:30:00,43.22,47.73,87.48,250.4,79.7
2016-03-01 17:00:00,35.08,43.02,72.42,250.16,66.55
2016-03-01 17:30:00,33.93,90.18,64.99,250.16,49.8
2016-03-01 18:00:00,33.92,37.24,64.99,253.14,58.47
2016-03-01 18:30:00,33.92,39.38,72.46,252.07,46.45
2016-03-01 19:00:00,39.76,432.22,79.99,251.9,39.61
2016-03-01 19:30:00,41.7,45.52,70.04,253.37,40.85
2016-03-01 20:00:00,38.3,42.15,72.55,256.78,37.24
2016-03-01 20:30:00,39.34,42.76,67.66,253.32,43.47
2016-03-01 21:00:00,38.66,42.44,67.49,251.11,51.34
2016-03-01 21:30:00,36.81,39.88,62.95,250.87,37.5
2016-03-01 22:00:00,32.68,33.96,51.94,250.7,33.95
2016-03-01 22:30:00,37.91,39.69,52.43,252.49,39.85
2016-03-01 23:00:00,38.06,41.6,48.22,255.82,39.38
2016-03-01 23:30:00,34.53,69.54,40.69,252.55,35.97
2016-03-02 00:00:00,34.05,37.88,60.33,251.59,36.04
2016-03-02 00:30:00,33.16,35.1,38.41,250.34,33.23
2016-03-02 01:00:00,43.2,45.26,47.24,250.34,41.53
2016-03-02 01:30:00,33.47,34.73,35.76,250.16,31.46
2016-03-02 02:00:00,32.77,33.49,34.57,243.97,30.27
2016-03-02 02:30:00,31.97,32.22,32.68,258.66,28.78
2016-03-02 03:00:00,30.42,30.6,30.63,241.02,27.1
2016-03-02 03:30:00,30.28,30.14,30.33,255.44,26.9
2016-03-02 04:00:00,30.21,30.17,29.86,266.77,26.54
2016-03-02 04:30:00,33.56,33.58,33.8,270.84,30.13
2016-03-02 05:00:00,36.61,37.13,38.75,270.26,34.19
2016-03-02 05:30:00,50.38,52.16,55.62,272.88,49.92
2016-03-02 06:00:00,41.02,41.61,47.76,271.88,42.78
2016-03-02 06:30:00,60.58,60.99,70.54,272.87,65.13
2016-03-02 07:00:00,67.41,69.11,77.18,272.95,71.85
2016-03-02 07:30:00,37.48,40.08,43.68,270.18,38.52
2016-03-02 08:00:00,43.72,47.3,50.45,270.14,44.8
2016-03-02 08:30:00,54.26,58.3,64.19,271.14,56.56
2016-03-02 09:00:00,50.75,55.11,62.31,268.19,53.72
2016-03-02 09:30:00,83.63,138.49,101.25,268.18,86.8
2016-03-02 10:00:00,59.12,63.36,74.0,269.63,62.2
2016-03-02 10:30:00,54.17,57.51,64.41,269.94,55.89
2016-03-02 11:00:00,57.0,59.9,67.06,268.83,58.95
2016-03-02 11:30:00,58.32,60.97,89.53,270.11,61.28
2016-03-02 12:00:00,54.42,57.46,124.68,269.15,75.69
2016-03-02 12:30:00,71.86,74.4,124.99,268.18,77.01
2016-03-02 13:00:00,84.91,85.95,124.99,269.48,82.68
2016-03-02 13:30:00,57.63,58.93,124.99,270.3,77.88
2016-03-02 14:00:00,69.93,72.36,96.11,270.31,81.11
2016-03-02 14:30:00,64.01,67.55,83.22,268.88,64.51
2016-03-02 15:00:00,79.54,83.97,88.84,268.9,78.73
2016-03-02 15:30:00,89.0,92.1,160.2,268.54,88.78
2016-03-02 16:00:00,87.56,90.18,120.85,268.9,89.26
2016-03-02 16:30:00,76.45,80.48,80.75,268.18,75.63
2016-03-02 17:00:00,52.77,56.3,75.43,268.18,52.57
2016-03-02 17:30:00,45.98,51.24,67.49,268.18,45.23
2016-03-02 18:00:00,46.91,49.93,59.25,268.18,45.52
2016-03-02 18:30:00,36.98,39.58,40.42,268.18,36.95
2016-03-02 19:00:00,53.31,180.16,52.68,268.18,50.13
2016-03-02 19:30:00,51.42,2135.13,52.37,268.18,49.28
2016-03-02 20:00:00,43.73,45.18,48.69,268.18,44.47
2016-03-02 20:30:00,38.05,40.67,40.27,268.18,38.01
2016-03-02 21:00:00,35.14,39.98,36.11,268.18,33.78
2016-03-02 21:30:00,35.3,38.79,35.06,268.18,33.22
2016-03-02 22:00:00,33.2,34.94,33.81,268.42,31.05
2016-03-02 22:30:00,34.86,37.26,36.09,267.68,33.48
2016-03-02 23:00:00,34.84,41.38,34.69,266.43,32.83
2016-03-02 23:30:00,35.07,40.11,34.06,265.18,33.65
2016-03-03 00:00:00,33.51,35.06,35.95,265.48,33.09
2016-03-03 00:30:00,34.02,35.3,35.11,265.18,32.31
2016-03-03 01:00:00,31.77,32.07,31.05,265.18,28.86
2016-03-03 01:30:00,31.61,31.72,29.21,267.69,27.65
2016-03-03 02:00:00,34.32,35.62,31.86,269.18,29.83
2016-03-03 02:30:00,34.83,37.85,33.03,265.83,30.56
2016-03-03 03:00:00,35.67,38.31,36.59,266.03,32.77
2016-03-03 03:30:00,38.12,40.75,40.36,266.03,35.86
2016-03-03 04:00:00,38.12,40.69,39.96,266.03,35.67
2016-03-03 04:30:00,44.39,47.45,46.81,265.18,42.0
2016-03-03 05:00:00,35.31,38.59,34.49,265.7,31.6
2016-03-03 05:30:00,38.92,52.69,37.11,265.18,34.68
2016-03-03 06:00:00,40.1,99.77,41.42,265.18,39.28
2016-03-03 06:30:00,69.2,74.27,77.0,265.32,71.09
2016-03-03 07:00:00,55.82,56.52,67.6,270.21,60.44
2016-03-03 07:30:00,43.16,46.19,49.34,265.18,43.8
2016-03-03 08:00:00,46.84,50.68,52.27,265.18,46.66
2016-03-03 08:30:00,61.72,76.67,68.35,265.82,61.22
2016-03-03 09:00:00,59.12,73.76,65.13,265.18,58.27
2016-03-03 09:30:00,52.19,55.25,57.93,266.09,51.43
2016-03-03 10:00:00,53.51,56.54,58.5,267.62,51.89
2016-03-03 10:30:00,49.93,52.48,54.04,269.32,47.55
2016-03-03 11:00:00,55.29,58.62,64.85,267.62,53.48
2016-03-03 11:30:00,56.21,58.78,69.52,267.62,54.67
2016-03-03 12:00:00,59.75,63.27,66.66,270.33,59.0
2016-03-03 12:30:00,62.64,66.71,69.03,221.69,61.59
2016-03-03 13:00:00,68.69,73.43,72.86,265.18,65.42
2016-03-03 13:30:00,119.41,130.55,131.97,266.63,109.18
2016-03-03 14:00:00,89.13,98.36,124.04,221.02,81.64
2016-03-03 14:30:00,60.34,64.72,124.99,220.87,57.15
2016-03-03 15:00:00,59.9,63.39,79.99,267.62,56.62
2016-03-03 15:30:00,101.65,142.49,108.04,265.18,92.68
2016-03-03 16:00:00,125.99,167.27,154.37,266.05,115.78
2016-03-03 16:30:00,46.39,50.5,125.16,267.42,43.67
2016-03-03 17:00:00,53.96,57.42,87.49,265.18,51.95
2016-03-03 17:30:00,45.24,48.38,85.17,268.0,42.94
2016-03-03 18:00:00,49.24,53.03,77.49,267.59,46.89
2016-03-03 18:30:00,33.96,38.54,77.48,267.21,33.67
2016-03-03 19:00:00,54.39,60.06,65.81,265.18,51.78
2016-03-03 19:30:00,40.2,48.3,72.49,265.18,38.13
2016-03-03 20:00:00,40.2,58.16,64.99,265.18,38.12
2016-03-03 20:30:00,40.63,46.18,48.95,265.18,37.81
2016-03-03 21:00:00,36.67,40.15,38.84,220.93,33.64
2016-03-03 21:30:00,36.08,39.0,36.76,-0.56,33.0
2016-03-03 22:00:00,30.72,31.55,29.86,265.18,24.53
2016-03-03 22:30:00,35.63,37.34,34.08,265.18,21.77
2016-03-03 23:00:00,36.61,42.22,35.62,265.18,23.7
2016-03-03 23:30:00,36.92,41.23,37.53,265.18,33.91
2016-03-04 00:00:00,35.1,37.88,40.62,132.44,32.48
2016-03-04 00:30:00,31.71,33.39,31.6,265.9,22.26
2016-03-04 01:00:00,30.61,31.95,28.85,265.61,20.29
2016-03-04 01:30:00,32.8,33.48,29.82,265.18,21.67
2016-03-04 02:00:00,30.23,30.13,26.94,265.92,20.9
2016-03-04 02:30:00,32.37,32.16,27.1,266.36,16.35
2016-03-04 03:00:00,30.25,29.78,25.32,266.66,16.5
2016-03-04 03:30:00,30.66,30.16,20.34,266.97,18.99
2016-03-04 04:00:00,35.79,35.83,28.44,266.22,19.59
2016-03-04 04:30:00,37.92,37.93,31.35,262.85,16.24
2016-03-04 05:00:00,42.21,42.64,37.88,260.26,13.87
2016-03-04 05:30:00,42.06,43.98,35.22,264.37,14.89
2016-03-04 06:00:00,33.62,34.41,32.71,260.39,24.18
2016-03-04 06:30:00,36.41,37.31,38.99,265.18,30.57
2016-03-04 07:00:00,45.65,46.15,53.86,265.18,45.31
2016-03-04 07:30:00,35.02,37.35,42.55,265.18,34.0
2016-03-04 08:00:00,34.49,36.45,48.12,265.18,34.0
2016-03-04 08:30:00,39.66,41.56,64.99,265.18,39.45
2016-03-04 09:00:00,47.75,49.62,64.86,267.7,48.99
2016-03-04 09:30:00,51.89,55.7,64.98,265.18,53.18
2016-03-04 10:00:00,49.87,52.58,62.91,265.18,51.49
2016-03-04 10:30:00,51.14,51.89,64.99,266.71,53.93
2016-03-04 11:00:00,57.85,57.16,69.94,265.18,61.05
2016-03-04 11:30:00,60.48,58.98,71.93,262.71,63.52
2016-03-04 12:00:00,60.05,59.52,72.32,265.18,62.22
2016-03-04 12:30:00,60.87,60.51,77.45,265.18,65.19
2016-03-04 13:00:00,61.04,59.27,79.57,265.46,66.89
2016-03-04 13:30:00,41.55,40.63,122.95,267.03,51.0
2016-03-04 14:00:00,52.79,51.45,124.99,266.73,101.65
2016-03-04 14:30:00,49.39,48.27,124.99,267.88,67.76
2016-03-04 15:00:00,40.25,40.49,124.99,265.18,39.8
2016-03-04 15:30:00,65.23,64.15,124.99,265.18,66.04
2016-03-04 16:00:00,55.23,55.28,210.65,265.42,55.68
2016-03-04 16:30:00,38.6,39.65,412.84,266.79,37.95
2016-03-04 17:00:00,39.92,42.69,437.34,267.28,37.58
2016-03-04 17:30:00,33.79,36.0,166.57,265.91,31.32
2016-03-04 18:00:00,34.18,35.76,79.55,265.79,33.58
2016-03-04 18:30:00,34.36,35.69,102.49,265.18,35.7
2016-03-04 19:00:00,34.94,37.12,117.49,265.18,35.67
2016-03-04 19:30:00,56.86,62.0,79.99,265.18,57.77
2016-03-04 20:00:00,47.31,51.08,79.99,265.18,48.94
2016-03-04 20:30:00,46.26,61.72,79.99,265.18,48.21
2016-03-04 21:00:00,44.85,48.74,65.35,265.18,48.12
2016-03-04 21:30:00,38.14,40.64,54.34,267.19,40.31
2016-03-04 22:00:00,33.39,34.42,38.97,270.05,34.31
2016-03-04 22:30:00,38.66,39.75,43.76,266.61,39.33
2016-03-04 23:00:00,32.98,34.08,35.62,266.43,32.52
2016-03-04 23:30:00,34.0,35.22,36.37,265.18,33.92
2016-03-05 00:00:00,32.97,33.68,50.64,262.71,33.44
2016-03-05 00:30:00,32.3,32.75,34.0,267.7,30.87
2016-03-05 01:00:00,32.44,33.09,32.29,266.61,30.0
2016-03-05 01:30:00,31.1,31.1,28.75,266.18,26.39
2016-03-05 02:00:00,30.53,29.86,27.6,265.84,25.23
2016-03-05 02:30:00,31.33,30.6,28.28,266.14,25.2
2016-03-05 03:00:00,30.74,30.0,27.08,260.22,25.28
2016-03-05 03:30:00,30.5,29.66,25.76,255.77,25.41
2016-03-05 04:00:00,33.62,32.9,25.52,265.89,26.45
2016-03-05 04:30:00,30.96,30.13,25.19,262.7,25.61
2016-03-05 05:00:00,30.99,29.81,24.77,253.06,25.57
2016-03-05 05:30:00,37.03,36.59,25.0,267.38,28.03
2016-03-05 06:00:00,30.77,28.85,25.59,267.68,26.15
2016-03-05 06:30:00,32.2,30.43,27.65,264.97,28.03
2016-03-05 07:00:00,34.26,34.41,29.78,260.26,30.52
2016-03-05 07:30:00,38.58,41.05,34.31,260.43,35.28
2016-03-05 08:00:00,34.96,37.68,31.89,260.29,32.88
2016-03-05 08:30:00,45.48,51.65,41.75,260.29,43.05
2016-03-05 09:00:00,47.01,51.08,42.45,260.22,43.46
2016-03-05 09:30:00,48.01,51.8,45.35,261.87,45.01
2016-03-05 10:00:00,47.96,51.25,46.79,263.55,45.59
2016-03-05 10:30:00,46.72,49.97,46.96,265.6,45.47
2016-03-05 11:00:00,50.89,54.77,53.33,265.18,50.39
2016-03-05 11:30:00,48.52,52.01,50.7,262.7,48.05
2016-03-05 12:00:00,48.21,50.81,51.3,255.27,48.28
2016-03-05 12:30:00,50.88,52.93,55.57,250.27,51.36
2016-03-05 13:00:00,52.72,54.3,58.97,247.66,53.7
2016-03-05 13:30:00,50.94,51.3,59.31,247.66,52.65
2016-03-05 14:00:00,56.81,57.5,64.99,245.22,58.65
2016-03-05 14:30:00,58.61,58.82,100.85,250.17,59.44
2016-03-05 15:00:00,54.3,54.8,79.99,252.75,54.56
2016-03-05 15:30:00,69.46,70.0,79.99,262.7,67.63
2016-03-05 16:00:00,62.24,62.69,83.49,252.7,60.49
2016-03-05 16:30:00,47.62,47.97,94.99,265.18,45.04
2016-03-05 17:00:00,47.32,47.6,87.34,265.18,43.96
2016-03-05 17:30:00,35.2,36.58,72.44,265.18,32.99
2016-03-05 18:00:00,34.37,36.11,74.84,265.6,33.32
2016-03-05 18:30:00,36.74,38.34,67.44,265.45,35.85
2016-03-05 19:00:00,34.35,37.17,64.99,265.72,26.27
2016-03-05 19:30:00,34.44,37.1,64.99,269.47,29.48
2016-03-05 20:00:00,34.01,36.47,64.99,269.55,26.95
2016-03-05 20:30:00,34.01,36.11,51.93,265.99,26.06
2016-03-05 21:00:00,33.97,35.91,44.37,265.18,25.2
2016-03-05 21:30:00,33.92,35.99,38.4,266.96,25.2
2016-03-05 22:00:00,32.0,33.92,40.29,269.07,25.2
2016-03-05 22:30:00,33.35,36.03,35.45,258.01,25.2
2016-03-05 23:00:00,33.99,39.29,32.08,266.82,25.2
2016-03-05 23:30:00,33.95,39.27,30.66,267.68,25.2
2016-03-06 00:00:00,33.06,34.85,37.71,268.57,25.2
2016-03-06 00:30:00,30.64,30.04,34.18,267.38,25.2
2016-03-06 01:00:00,30.37,28.71,30.68,266.94,25.2
2016-03-06 01:30:00,31.85,29.88,30.36,261.3,24.7
2016-03-06 02:00:00,30.64,28.42,33.71,250.31,22.87
2016-03-06 02:30:00,29.97,28.15,29.43,250.4,13.7
2016-03-06 03:00:00,29.96,28.13,25.41,256.09,20.83
2016-03-06 03:30:00,29.52,27.83,23.73,258.47,16.76
2016-03-06 04:00:00,29.53,27.5,23.97,267.09,16.39
2016-03-06 04:30:00,29.91,27.36,23.42,267.68,22.63
2016-03-06 05:00:00,30.1,28.35,16.09,268.57,18.96
2016-03-06 05:30:00,29.25,26.5,15.04,266.28,18.25
2016-03-06 06:00:00,29.17,25.59,20.29,266.53,21.2
2016-03-06 06:30:00,29.65,26.02,25.34,267.39,24.28
2016-03-06 07:00:00,30.16,27.57,27.63,260.26,25.58
2016-03-06 07:30:00,30.91,29.43,29.05,264.37,25.48
2016-03-06 08:00:00,30.76,28.79,30.75,265.18,27.04
2016-03-06 08:30:00,32.57,30.0,33.49,265.18,30.06
2016-03-06 09:00:00,35.93,33.73,37.75,265.18,33.66
2016-03-06 09:30:00,37.34,35.92,40.77,265.18,35.79
2016-03-06 10:00:00,35.6,34.9,43.3,266.43,34.94
2016-03-06 10:30:00,34.73,34.5,46.29,268.08,34.65
2016-03-06 11:00:00,47.18,46.0,61.92,266.41,50.4
2016-03-06 11:30:00,50.18,48.69,64.93,257.71,53.33
2016-03-06 12:00:00,50.54,49.61,66.38,235.26,54.07
2016-03-06 12:30:00,49.97,49.13,72.49,250.27,52.71
2016-03-06 13:00:00,61.52,59.92,75.58,267.11,64.67
2016-03-06 13:30:00,66.18,64.65,83.71,266.7,69.09
2016-03-06 14:00:00,57.67,55.86,82.27,263.81,62.17
2016-03-06 14:30:00,58.12,56.44,119.52,269.72,63.14
2016-03-06 15:00:00,78.85,77.59,115.16,267.39,84.03
2016-03-06 15:30:00,82.31,82.91,97.29,267.39,87.14
2016-03-06 16:00:00,72.86,74.79,93.46,270.63,76.09
2016-03-06 16:30:00,67.6,70.14,79.99,266.54,71.04
2016-03-06 17:00:00,97.99,103.51,72.44,266.74,57.8
2016-03-06 17:30:00,44.37,46.93,64.99,263.59,42.11
2016-03-06 18:00:00,42.35,45.13,64.99,261.45,37.47
2016-03-06 18:30:00,43.99,48.15,63.61,265.18,41.31
2016-03-06 19:00:00,155.86,416.29,57.0,265.86,54.21
2016-03-06 19:30:00,118.28,128.09,51.3,266.8,51.09
2016-03-06 20:00:00,60.66,65.87,61.8,265.99,61.75
2016-03-06 20:30:00,40.52,73.75,40.35,265.18,40.01
2016-03-06 21:00:00,33.8,35.83,32.97,265.18,32.87
2016-03-06 21:30:00,32.19,33.37,29.95,265.45,29.9
2016-03-06 22:00:00,30.32,30.23,25.01,262.7,25.97
2016-03-06 22:30:00,31.92,32.69,25.06,266.18,26.31
2016-03-06 23:00:00,31.73,32.75,24.16,265.32,25.66
2016-03-06 23:30:00,32.39,32.92,23.65,267.54,26.63
2016-03-07 00:00:00,30.81,29.98,27.66,267.68,27.48
2016-03-07 00:30:00,30.26,29.1,25.4,266.54,25.61
2016-03-07 01:00:00,30.13,28.7,23.63,265.46,24.9
2016-03-07 01:30:00,29.65,27.4,10.24,260.49,17.34
2016-03-07 02:00:00,29.8,27.26,18.55,266.4,21.77
2016-03-07 02:30:00,29.96,27.37,15.3,266.27,19.89
2016-03-07 03:00:00,29.96,27.33,12.03,262.84,18.1
2016-03-07 03:30:00,29.96,27.29,17.24,266.26,21.19
2016-03-07 04:00:00,29.96,27.27,22.22,266.54,24.0
2016-03-07 04:30:00,31.22,28.45,24.41,267.11,25.66
2016-03-07 05:00:00,32.05,29.14,23.89,269.46,26.08
2016-03-07 05:30:00,39.3,36.42,29.65,266.97,32.98
2016-03-07 06:00:00,33.33,31.44,28.29,268.22,30.42
2016-03-07 06:30:00,38.43,36.54,33.17,270.6,35.89
2016-03-07 07:00:00,63.4,64.52,57.91,266.52,61.05
2016-03-07 07:30:00,43.99,48.25,39.77,260.29,39.91
2016-03-07 08:00:00,47.32,51.2,42.96,260.19,42.92
2016-03-07 08:30:00,55.48,58.01,79.0,260.39,51.48
2016-03-07 09:00:00,43.94,45.58,109.93,264.52,41.1
2016-03-07 09:30:00,46.13,48.15,79.82,269.73,42.91
2016-03-07 10:00:00,48.09,50.29,37.9,260.94,44.78
2016-03-07 10:30:00,48.42,50.18,71.7,262.95,46.12
2016-03-07 11:00:00,66.58,68.49,79.67,265.7,63.18
2016-03-07 11:30:00,55.6,58.8,68.87,262.94,52.29
2016-03-07 12:00:00,54.47,57.47,68.62,266.88,50.86
2016-03-07 12:30:00,50.01,53.03,58.38,267.55,46.38
2016-03-07 13:00:00,57.61,60.44,72.11,260.29,52.69
2016-03-07 13:30:00,70.03,74.74,66.32,243.54,64.17
2016-03-07 14:00:00,55.19,58.69,60.3,257.74,51.28
2016-03-07 14:30:00,54.0,56.72,63.61,265.18,51.39
2016-03-07 15:00:00,59.01,60.95,65.06,263.55,54.14
2016-03-07 15:30:00,68.0,70.02,72.49,265.18,62.64
2016-03-07 16:00:00,64.72,66.3,79.99,266.37,60.13
2016-03-07 16:30:00,56.63,57.76,65.01,265.94,54.03
2016-03-07 17:00:00,54.95,56.23,64.99,262.74,51.91
2016-03-07 17:30:00,40.02,42.82,64.99,265.18,36.27
2016-03-07 18:00:00,36.17,41.58,64.99,261.02,29.1
2016-03-07 18:30:00,34.05,36.99,58.03,263.55,28.44
2016-03-07 19:00:00,46.61,50.04,64.99,265.18,42.49
2016-03-07 19:30:00,40.06,42.83,55.39,261.92,38.31
2016-03-07 20:00:00,41.04,44.23,46.31,265.32,41.37
2016-03-07 20:30:00,41.12,46.66,20.78,265.18,40.65
2016-03-07 21:00:00,35.1,37.49,32.88,265.42,33.63
2016-03-07 21:30:00,36.3,37.65,32.73,263.97,34.1
2016-03-07 22:00:00,33.96,34.72,30.14,261.4,31.54
2016-03-07 22:30:00,34.0,35.24,29.12,266.18,30.83
2016-03-07 23:00:00,36.92,38.87,30.73,260.33,32.69
2016-03-07 23:30:00,41.75,52.88,35.34,260.14,38.24
2016-03-08 00:00:00,40.16,45.63,37.4,271.18,37.96
2016-03-08 00:30:00,33.91,34.32,28.07,252.56,29.98
2016-03-08 01:00:00,34.34,34.01,27.68,240.3,29.92
2016-03-08 01:30:00,30.69,29.49,22.93,235.2,25.36
2016-03-08 02:00:00,32.08,30.45,24.44,235.39,26.35
2016-03-08 02:30:00,31.47,29.44,21.35,241.96,24.51
2016-03-08 03:00:00,30.68,28.77,20.68,243.69,23.89
2016-03-08 03:30:00,31.02,29.01,22.12,236.72,24.79
2016-03-08 04:00:00,32.01,29.86,22.1,235.2,25.05
2016-03-08 04:30:00,33.86,31.81,27.44,238.79,29.02
2016-03-08 05:00:00,33.71,31.92,29.12,242.38,29.9
2016-03-08 05:30:00,47.71,46.5,45.44,255.2,45.7
2016-03-08 06:00:00,32.89,30.9,32.18,265.49,32.68
2016-03-08 06:30:00,37.66,36.78,38.51,265.49,38.5
2016-03-08 07:00:00,83.86,87.07,95.08,265.16,88.24
2016-03-08 07:30:00,41.46,45.59,46.56,265.61,40.27
2016-03-08 08:00:00,47.04,51.09,51.58,245.97,45.76
2016-03-08 08:30:00,51.35,54.13,55.73,243.89,50.41
2016-03-08 09:00:00,55.66,57.69,72.41,274.29,56.38
2016-03-08 09:30:00,61.11,63.85,74.77,218.15,62.23
2016-03-08 10:00:00,66.1,69.03,78.33,184.16,66.94
2016-03-08 10:30:00,60.88,61.65,76.32,215.07,62.93
2016-03-08 11:00:00,60.99,61.07,71.69,254.67,63.76
2016-03-08 11:30:00,69.23,68.1,85.81,277.63,74.95
2016-03-08 12:00:00,91.29,89.31,122.13,266.01,100.04
2016-03-08 12:30:00,91.61,86.68,124.99,125.14,102.55
2016-03-08 13:00:00,99.23,94.97,124.99,235.26,114.22
2016-03-08 13:30:00,139.85,131.25,188.31,241.13,175.57
2016-03-08 14:00:00,99.6,96.09,133.16,267.72,121.75
2016-03-08 14:30:00,160.36,156.51,212.58,275.98,195.85
2016-03-08 15:00:00,174.51,168.06,220.27,265.15,213.16
2016-03-08 15:30:00,216.31,201.72,270.87,265.14,267.75
2016-03-08 16:00:00,82.17,79.53,145.81,265.15,143.03
2016-03-08 16:30:00,36.51,39.64,1215.77,265.56,2031.0
2016-03-08 17:00:00,80.05,82.48,1867.72,265.14,2108.55
2016-03-08 17:30:00,48.17,50.55,115.94,265.14,121.08
2016-03-08 18:00:00,41.29,44.0,125.02,265.14,131.26
2016-03-08 18:30:00,20.89,29.58,1505.98,265.14,1973.94
2016-03-08 19:00:00,109.32,110.9,108.9,260.39,115.72
2016-03-08 19:30:00,69.17,70.98,116.72,255.5,105.9
2016-03-08 20:00:00,45.41,48.64,126.07,254.58,98.6
2016-03-08 20:30:00,53.15,57.01,89.48,205.72,62.45
2016-03-08 21:00:00,45.98,48.95,62.44,128.95,56.63
2016-03-08 21:30:00,39.22,40.48,56.12,157.37,49.93
2016-03-08 22:00:00,35.81,36.38,50.64,209.85,41.65
2016-03-08 22:30:00,118.51,121.9,141.52,235.18,132.18
2016-03-08 23:00:00,45.38,46.97,51.97,235.18,50.46
2016-03-08 23:30:00,40.38,43.08,41.65,248.07,43.78
2016-03-09 00:00:00,37.47,39.93,40.59,250.41,40.73
2016-03-09 00:30:00,36.48,39.13,38.61,235.18,38.36
2016-03-09 01:00:00,33.99,34.78,35.91,264.86,35.54
2016-03-09 01:30:00,33.98,33.64,36.12,280.11,35.81
2016-03-09 02:00:00,35.34,34.38,36.73,264.66,36.53
2016-03-09 02:30:00,33.47,31.86,33.12,242.65,33.65
2016-03-09 03:00:00,32.25,30.54,31.58,265.44,32.15
2016-03-09 03:30:00,34.1,32.2,34.56,265.14,34.57
2016-03-09 04:00:00,35.88,33.94,38.67,250.2,36.81
2016-03-09 04:30:00,39.56,37.69,42.99,269.99,41.18
2016-03-09 05:00:00,44.36,42.61,49.59,265.58,47.72
2016-03-09 05:30:00,55.38,54.47,64.75,268.83,61.57
2016-03-09 06:00:00,52.45,52.5,62.31,276.03,58.52
2016-03-09 06:30:00,89.74,90.97,123.41,266.44,114.18
2016-03-09 07:00:00,78.39,79.23,130.07,273.05,115.26
2016-03-09 07:30:00,40.45,44.7,57.43,275.89,43.27
2016-03-09 08:00:00,73.61,77.34,95.28,265.33,78.42
2016-03-09 08:30:00,88.92,93.57,114.08,265.08,94.74
2016-03-09 09:00:00,87.19,91.79,115.27,264.73,92.68
2016-03-09 09:30:00,55.26,58.53,71.12,275.8,57.71
2016-03-09 10:00:00,78.61,80.33,111.98,273.35,85.08
2016-03-09 10:30:00,58.16,59.87,79.46,275.16,63.19
2016-03-09 11:00:00,81.88,82.98,108.71,275.3,88.19
2016-03-09 11:30:00,65.33,66.92,84.7,265.42,71.71
2016-03-09 12:00:00,50.07,51.43,80.18,265.25,55.58
2016-03-09 12:30:00,50.03,49.57,79.31,265.38,54.86
2016-03-09 13:00:00,59.41,58.24,82.1,265.78,64.09
2016-03-09 13:30:00,79.18,76.4,104.83,265.57,84.5
2016-03-09 14:00:00,93.95,90.64,108.64,265.69,93.97
2016-03-09 14:30:00,62.95,60.45,78.24,265.25,65.45
2016-03-09 15:00:00,74.27,68.26,85.47,265.22,76.52
2016-03-09 15:30:00,106.46,96.03,117.67,265.2,113.1
2016-03-09 16:00:00,166.46,153.33,177.29,265.32,173.13
2016-03-09 16:30:00,80.93,76.18,85.15,264.39,82.35
2016-03-09 17:00:00,78.73,78.53,77.6,265.06,77.14
2016-03-09 17:30:00,55.35,55.47,60.27,264.23,54.52
2016-03-09 18:00:00,46.5,47.22,57.68,264.23,46.38
2016-03-09 18:30:00,79.2,77.29,90.0,264.39,80.76
2016-03-09 19:00:00,93.06,93.24,87.08,272.64,86.44
2016-03-09 19:30:00,57.08,58.22,51.0,265.06,50.83
2016-03-09 20:00:00,55.47,58.42,52.38,266.81,50.09
2016-03-09 20:30:00,56.11,62.75,59.32,265.06,50.57
2016-03-09 21:00:00,39.89,45.21,47.13,264.39,36.05
2016-03-09 21:30:00,34.28,36.17,42.93,244.88,31.93
2016-03-09 22:00:00,31.3,30.96,39.42,278.41,29.11
2016-03-09 22:30:00,95.34,90.6,89.53,269.74,86.54
2016-03-09 23:00:00,37.96,36.32,37.25,267.57,34.88
2016-03-09 23:30:00,40.04,38.95,38.81,235.2,37.89
2016-03-10 00:00:00,39.62,38.31,44.21,235.29,38.93
2016-03-10 00:30:00,36.46,36.06,37.69,249.01,34.15
2016-03-10 01:00:00,32.82,32.37,30.86,245.46,29.65
2016-03-10 01:30:00,30.58,29.74,27.77,235.2,27.0
2016-03-10 02:00:00,30.09,28.85,25.86,260.7,25.68
2016-03-10 02:30:00,29.92,28.71,23.72,246.64,24.74
2016-03-10 03:00:00,29.96,28.58,24.52,237.38,25.26
2016-03-10 03:30:00,29.97,28.38,24.65,235.06,25.25
2016-03-10 04:00:00,30.3,28.7,25.24,237.38,25.54
2016-03-10 04:30:00,32.33,31.2,27.69,276.1,27.85
2016-03-10 05:00:00,37.61,36.32,32.57,276.75,33.34
2016-03-10 05:30:00,59.65,58.49,54.73,273.08,56.39
2016-03-10 06:00:00,47.4,45.96,46.47,270.9,46.65
2016-03-10 06:30:00,52.64,51.83,52.5,272.59,53.06
2016-03-10 07:00:00,73.46,74.88,72.33,266.34,72.97
2016-03-10 07:30:00,46.21,49.4,44.14,268.47,43.95
2016-03-10 08:00:00,54.72,57.51,54.66,264.61,52.47
2016-03-10 08:30:00,78.79,83.12,78.7,264.73,74.5
2016-03-10 09:00:00,80.51,86.0,80.7,264.56,75.75
2016-03-10 09:30:00,77.95,81.9,77.86,264.39,73.41
2016-03-10 10:00:00,64.55,67.41,67.78,264.94,62.1
2016-03-10 10:30:00,59.39,62.11,62.68,265.09,56.87
2016-03-10 11:00:00,59.3,62.36,61.38,265.06,55.96
2016-03-10 11:30:00,50.11,52.21,51.51,265.06,47.18
2016-03-10 12:00:00,55.43,56.01,57.49,265.06,52.89
2016-03-10 12:30:00,49.58,50.27,50.14,265.06,46.28
2016-03-10 13:00:00,52.26,53.28,52.14,264.73,48.1
2016-03-10 13:30:00,57.17,58.02,58.31,254.63,52.71
2016-03-10 14:00:00,61.03,62.9,61.62,203.81,55.67
2016-03-10 14:30:00,55.28,57.35,59.89,264.89,52.15
2016-03-10 15:00:00,59.36,61.53,68.27,265.6,56.34
2016-03-10 15:30:00,55.59,59.48,69.08,264.89,53.22
2016-03-10 16:00:00,52.88,57.53,66.95,265.06,50.13
2016-03-10 16:30:00,43.52,49.09,70.63,265.06,41.14
2016-03-10 17:00:00,40.29,50.86,63.32,270.39,36.36
2016-03-10 17:30:00,40.99,48.91,64.99,265.14,38.16
2016-03-10 18:00:00,43.99,48.91,64.99,265.06,42.01
2016-03-10 18:30:00,44.78,49.08,64.99,265.06,41.1
2016-03-10 19:00:00,70.83,77.94,76.61,265.06,61.62
2016-03-10 19:30:00,52.9,57.32,64.03,265.06,46.92
2016-03-10 20:00:00,43.74,48.93,57.57,265.6,39.35
2016-03-10 20:30:00,36.16,44.47,41.51,265.06,32.5
2016-03-10 21:00:00,42.1,48.15,44.61,261.54,37.29
2016-03-10 21:30:00,34.53,35.67,34.89,260.37,30.74
2016-03-10 22:00:00,33.61,33.92,34.08,264.39,30.38
2016-03-10 22:30:00,63.78,66.04,61.57,261.38,56.74
2016-03-10 23:00:00,44.46,46.24,44.8,234.89,40.64
2016-03-10 23:30:00,45.0,45.45,45.15,249.04,42.9
2016-03-11 00:00:00,43.29,42.92,47.44,133.61,42.62
2016-03-11 00:30:00,47.69,45.34,49.71,158.6,44.62
2016-03-11 01:00:00,33.67,32.15,31.92,133.44,26.1
2016-03-11 01:30:00,37.01,35.06,35.48,234.23,31.93
2016-03-11 02:00:00,34.05,33.01,33.49,234.39,31.18
2016-03-11 02:30:00,31.17,29.96,29.99,103.67,27.99
2016-03-11 03:00:00,30.66,29.42,29.29,234.73,27.27
2016-03-11 03:30:00,30.24,29.01,28.61,235.06,26.67
2016-03-11 04:00:00,31.43,30.01,30.36,235.06,28.17
2016-03-11 04:30:00,36.45,35.22,35.89,216.18,33.26
2016-03-11 05:00:00,35.1,34.33,35.88,239.71,33.12
2016-03-11 05:30:00,45.4,45.59,50.05,271.73,45.63
2016-03-11 06:00:00,43.07,44.1,50.52,270.05,44.92
2016-03-11 06:30:00,41.99,41.99,51.51,272.97,45.35
2016-03-11 07:00:00,79.26,81.09,87.32,265.36,81.07
2016-03-11 07:30:00,52.0,54.4,56.18,266.81,49.78
2016-03-11 08:00:00,59.85,63.17,65.13,275.88,57.72
2016-03-11 08:30:00,57.26,60.93,64.17,267.0,56.71
2016-03-11 09:00:00,58.55,62.11,65.75,244.83,58.15
2016-03-11 09:30:00,60.6,64.17,67.1,265.3,59.57
2016-03-11 10:00:00,63.01,65.64,70.48,264.73,62.16
2016-03-11 10:30:00,56.29,58.69,65.71,260.19,55.22
2016-03-11 11:00:00,57.37,59.9,66.14,275.71,55.99
2016-03-11 11:30:00,52.99,54.75,65.69,265.17,51.98
2016-03-11 12:00:00,62.34,63.42,70.28,270.1,60.29
2016-03-11 12:30:00,63.2,63.14,73.59,255.0,61.31
2016-03-11 13:00:00,80.3,79.04,83.08,274.4,75.45
2016-03-11 13:30:00,82.54,80.81,82.69,276.17,76.54
2016-03-11 14:00:00,80.26,77.98,80.39,273.41,73.91
2016-03-11 14:30:00,62.51,61.09,66.34,271.28,59.93
2016-03-11 15:00:00,62.4,60.96,64.99,270.45,59.7
2016-03-11 15:30:00,62.7,60.79,64.99,270.45,60.18
2016-03-11 16:00:00,61.29,60.36,64.91,270.45,58.75
2016-03-11 16:30:00,62.0,62.48,64.99,267.0,59.15
2016-03-11 17:00:00,59.35,60.68,63.35,265.49,57.44
2016-03-11 17:30:00,45.99,48.96,52.28,265.36,45.04
2016-03-11 18:00:00,40.85,43.29,49.99,265.28,38.35
2016-03-11 18:30:00,38.58,40.74,50.21,265.25,36.68
2016-03-11 19:00:00,54.47,57.64,50.44,265.28,46.78
2016-03-11 19:30:00,57.63,59.5,51.17,265.33,49.96
2016-03-11 20:00:00,46.98,49.31,43.22,265.3,41.07
2016-03-11 20:30:00,46.93,49.75,42.88,272.69,41.32
2016-03-11 21:00:00,40.2,42.48,38.13,265.27,35.75
2016-03-11 21:30:00,35.78,36.49,36.43,260.18,32.22
2016-03-11 22:00:00,34.05,34.09,34.44,260.11,30.98
2016-03-11 22:30:00,51.2,51.25,51.07,264.65,46.22
2016-03-11 23:00:00,57.74,58.82,55.0,260.18,51.14
2016-03-11 23:30:00,40.29,39.25,38.07,263.22,36.33
2016-03-12 00:00:00,36.25,33.33,38.31,260.72,34.27
2016-03-12 00:30:00,36.38,35.15,34.47,262.79,26.09
2016-03-12 01:00:00,34.01,32.84,30.06,261.29,18.57
2016-03-12 01:30:00,34.01,32.86,28.49,260.12,16.26
2016-03-12 02:00:00,39.21,37.0,32.57,260.06,16.2
2016-03-12 02:30:00,37.64,36.5,31.09,260.06,16.2
2016-03-12 03:00:00,33.99,33.41,28.19,260.06,16.2
2016-03-12 03:30:00,34.01,33.29,26.22,260.06,17.12
2016-03-12 04:00:00,33.65,32.74,22.33,260.06,19.1
2016-03-12 04:30:00,34.76,35.48,24.84,260.1,18.27
2016-03-12 05:00:00,33.5,33.95,27.7,260.18,16.2
2016-03-12 05:30:00,34.22,35.01,28.62,260.18,16.2
2016-03-12 06:00:00,34.96,36.02,29.23,272.66,16.2
2016-03-12 06:30:00,36.35,37.06,30.46,260.08,16.24
2016-03-12 07:00:00,38.98,41.57,33.71,269.6,20.17
2016-03-12 07:30:00,37.49,41.04,34.31,270.73,27.03
2016-03-12 08:00:00,43.86,48.54,41.89,267.07,34.99
2016-03-12 08:30:00,47.65,52.99,46.52,280.05,42.04
2016-03-12 09:00:00,42.71,270.19,42.69,278.43,38.21
2016-03-12 09:30:00,40.93,41.45,42.91,266.02,38.04
2016-03-12 10:00:00,50.82,49.83,55.98,265.08,49.9
2016-03-12 10:30:00,54.21,51.87,58.51,270.73,52.07
2016-03-12 11:00:00,61.34,58.08,65.72,266.96,59.09
2016-03-12 11:30:00,58.25,55.05,62.18,265.08,55.38
2016-03-12 12:00:00,55.55,53.08,60.56,265.08,52.02
2016-03-12 12:30:00,59.42,56.24,63.69,265.08,55.07
2016-03-12 13:00:00,60.78,57.59,63.37,270.09,55.46
2016-03-12 13:30:00,72.69,69.48,74.64,265.08,65.87
2016-03-12 14:00:00,67.59,64.71,71.09,275.19,61.46
2016-03-12 14:30:00,63.18,61.88,63.38,273.37,56.32
2016-03-12 15:00:00,69.95,70.03,67.81,274.28,60.53
2016-03-12 15:30:00,89.06,89.89,78.39,265.19,62.01
2016-03-12 16:00:00,71.77,73.06,69.36,260.43,65.03
2016-03-12 16:30:00,59.52,61.18,61.02,269.57,55.13
2016-03-12 17:00:00,56.14,58.25,58.7,260.34,52.39
2016-03-12 17:30:00,63.49,65.3,64.97,260.34,59.48
2016-03-12 18:00:00,41.25,42.83,43.69,260.2,39.28
2016-03-12 18:30:00,38.5,41.02,39.88,260.43,35.7
2016-03-12 19:00:00,65.19,68.27,59.59,260.37,56.87
2016-03-12 19:30:00,53.41,56.84,47.12,265.31,45.94
2016-03-12 20:00:00,37.87,40.81,33.57,262.84,32.73
2016-03-12 20:30:00,41.26,44.31,34.29,260.37,33.32
2016-03-12 21:00:00,39.48,41.32,32.34,260.37,24.7
2016-03-12 21:30:00,34.02,34.73,28.88,260.29,17.18
2016-03-12 22:00:00,34.01,34.67,28.36,260.13,16.2
2016-03-12 22:30:00,36.13,36.9,30.27,260.18,16.2
2016-03-12 23:00:00,33.51,33.7,28.5,260.08,16.2
2016-03-12 23:30:00,33.93,33.47,28.46,260.06,16.82
2016-03-13 00:00:00,33.32,31.55,30.29,260.06,18.0
2016-03-13 00:30:00,41.64,39.01,35.79,260.06,16.2
2016-03-13 01:00:00,32.67,30.37,27.14,266.73,16.22
2016-03-13 01:30:00,31.5,29.11,20.22,266.74,19.47
2016-03-13 02:00:00,30.18,28.12,16.93,260.06,18.47
2016-03-13 02:30:00,30.12,28.04,10.68,260.06,16.42
2016-03-13 03:00:00,26.62,24.3,10.06,260.06,14.9
2016-03-13 03:30:00,24.82,22.46,9.93,260.06,14.17
2016-03-13 04:00:00,29.08,27.09,10.45,260.06,15.85
2016-03-13 04:30:00,22.8,20.45,10.15,260.06,13.42
2016-03-13 05:00:00,24.41,21.41,11.08,265.06,14.45
2016-03-13 05:30:00,28.68,25.02,12.37,268.41,16.56
2016-03-13 06:00:00,28.06,24.98,15.24,265.08,18.03
2016-03-13 06:30:00,28.59,25.2,17.6,265.08,19.61
2016-03-13 07:00:00,30.28,26.97,18.1,265.08,20.44
2016-03-13 07:30:00,31.48,29.15,18.67,267.18,21.09
2016-03-13 08:00:00,35.53,33.16,26.15,273.67,27.01
2016-03-13 08:30:00,42.61,41.13,33.48,270.73,29.76
2016-03-13 09:00:00,35.26,34.6,32.81,270.73,29.55
2016-03-13 09:30:00,34.58,34.16,32.92,269.9,30.19
2016-03-13 10:00:00,34.03,33.83,32.78,265.52,30.12
2016-03-13 10:30:00,37.64,37.87,35.21,265.08,30.79
2016-03-13 11:00:00,36.89,36.78,35.22,275.13,30.76
2016-03-13 11:30:00,39.12,39.4,36.91,270.73,30.84
2016-03-13 12:00:00,38.34,39.01,35.88,265.19,31.54
2016-03-13 12:30:00,39.04,39.31,39.42,265.08,34.89
2016-03-13 13:00:00,36.17,36.24,37.08,265.08,32.4
2016-03-13 13:30:00,41.29,41.59,42.09,266.24,36.76
2016-03-13 14:00:00,47.68,48.95,49.18,266.71,42.61
2016-03-13 14:30:00,56.15,59.28,56.78,270.73,49.68
2016-03-13 15:00:00,58.32,61.43,57.21,270.73,51.21
2016-03-13 15:30:00,60.79,65.02,58.35,265.08,52.97
2016-03-13 16:00:00,60.54,64.97,58.54,270.73,53.16
2016-03-13 16:30:00,48.14,52.62,47.99,269.9,43.26
2016-03-13 17:00:00,63.64,69.98,59.78,275.14,56.41
2016-03-13 17:30:00,66.96,79.21,59.57,265.33,43.47
2016-03-13 18:00:00,50.6,74.37,50.96,265.36,45.43
2016-03-13 18:30:00,41.63,93.29,49.99,260.29,33.71
2016-03-13 19:00:00,44.96,2335.93,44.73,260.2,25.2
2016-03-13 19:30:00,46.92,48.06,49.57,270.41,34.59
2016-03-13 20:00:00,45.74,48.42,46.35,262.24,41.2
2016-03-13 20:30:00,45.39,48.47,42.52,260.37,38.68
2016-03-13 21:00:00,35.88,38.21,32.14,260.58,25.36
2016-03-13 21:30:00,34.0,34.74,30.32,260.37,21.84
2016-03-13 22:00:00,33.49,33.47,28.13,260.43,19.9
2016-03-13 22:30:00,34.01,34.69,23.28,260.19,23.58
2016-03-13 23:00:00,32.52,32.59,24.53,260.1,20.37
2016-03-13 23:30:00,33.99,33.48,27.63,260.06,27.01
2016-03-14 00:00:00,32.82,30.93,31.49,260.06,26.68
2016-03-14 00:30:00,32.5,30.58,28.86,262.57,22.06
2016-03-14 01:00:00,31.02,28.9,26.03,221.41,16.34
2016-03-14 01:30:00,30.91,28.22,22.07,223.91,18.26
2016-03-14 02:00:00,29.43,26.78,17.03,260.06,19.23
2016-03-14 02:30:00,29.9,27.4,12.15,263.39,16.75
2016-03-14 03:00:00,29.2,27.1,10.53,270.1,15.77
2016-03-14 03:30:00,29.14,26.91,10.28,267.58,15.66
2016-03-14 04:00:00,29.85,27.49,10.47,262.57,15.93
2016-03-14 04:30:00,31.05,28.47,10.63,260.09,16.45
2016-03-14 05:00:00,32.06,29.29,10.59,259.75,16.84
2016-03-14 05:30:00,37.19,35.06,12.11,260.09,19.71
2016-03-14 06:00:00,34.12,34.06,13.78,260.09,19.39
2016-03-14 06:30:00,36.14,36.27,17.31,259.75,21.97
2016-03-14 07:00:00,68.19,70.95,24.09,262.05,37.97
2016-03-14 07:30:00,45.61,49.76,21.3,265.01,28.46
2016-03-14 08:00:00,44.99,49.45,21.88,272.58,28.52
2016-03-14 08:30:00,49.87,54.42,25.28,265.01,31.95
2016-03-14 09:00:00,63.88,69.27,34.64,265.01,42.42
2016-03-14 09:30:00,44.23,49.26,21.11,265.01,27.45
2016-03-14 10:00:00,45.43,50.52,23.57,265.01,29.54
2016-03-14 10:30:00,44.39,49.08,21.87,263.1,28.29
2016-03-14 11:00:00,51.15,55.68,21.67,265.01,30.73
2016-03-14 11:30:00,51.5,56.33,27.82,265.01,34.18
2016-03-14 12:00:00,47.63,51.48,28.4,265.01,31.32
2016-03-14 12:30:00,54.44,56.69,38.17,261.73,39.34
2016-03-14 13:00:00,63.94,65.35,39.07,260.09,37.92
2016-03-14 13:30:00,69.76,72.57,18.39,260.09,35.5
2016-03-14 14:00:00,70.75,74.24,17.67,260.09,35.7
2016-03-14 14:30:00,55.11,60.58,24.05,260.64,27.7
2016-03-14 15:00:00,49.4,54.18,28.41,260.91,25.26
2016-03-14 15:30:00,41.7,49.0,24.79,264.48,23.15
2016-03-14 16:00:00,42.54,52.86,22.07,265.01,22.5
2016-03-14 16:30:00,36.66,57.1,23.1,265.12,21.89
2016-03-14 17:00:00,44.53,112.55,36.35,271.01,25.31
2016-03-14 17:30:00,35.73,281.92,46.3,275.18,21.59
2016-03-14 18:00:00,38.59,51.32,37.66,275.18,22.24
2016-03-14 18:30:00,35.46,57.28,20.61,273.75,21.78
2016-03-14 19:00:00,31.09,290.62,18.37,280.17,20.88
2016-03-14 19:30:00,35.31,76.11,22.29,270.92,24.11
2016-03-14 20:00:00,37.84,45.28,19.33,265.01,23.81
2016-03-14 20:30:00,40.88,45.21,21.55,265.01,26.19
2016-03-14 21:00:00,33.97,45.21,18.26,265.01,21.8
2016-03-14 21:30:00,33.22,35.85,11.89,265.01,18.15
2016-03-14 22:00:00,31.9,34.41,11.17,264.74,17.15
2016-03-14 22:30:00,37.76,41.77,1.68,264.48,14.53
2016-03-14 23:00:00,31.78,260.53,10.22,265.01,16.93
2016-03-14 23:30:00,32.48,33.98,11.0,263.38,18.11
2016-03-15 00:00:00,31.98,33.49,16.96,230.8,19.98
2016-03-15 00:30:00,31.34,32.88,9.8,230.23,16.92
2016-03-15 01:00:00,31.98,34.09,-4.58,230.09,9.59
2016-03-15 01:30:00,31.61,33.2,-1.16,229.78,11.23
2016-03-15 02:00:00,33.74,35.52,-0.18,229.47,12.56
2016-03-15 02:30:00,33.8,35.95,3.0,266.01,14.05
2016-03-15 03:00:00,33.64,35.91,9.63,245.94,17.38
2016-03-15 03:30:00,33.85,36.18,9.91,229.31,17.49
2016-03-15 04:00:00,34.75,36.98,2.55,230.09,13.99
2016-03-15 04:30:00,41.62,44.45,10.31,242.13,20.48
2016-03-15 05:00:00,38.66,41.48,13.72,237.83,21.12
2016-03-15 05:30:00,39.8,42.89,19.91,242.13,21.91
2016-03-15 06:00:00,36.11,41.23,29.59,266.46,14.11
2016-03-15 06:30:00,31.01,1977.85,28.82,267.72,24.28
2016-03-15 07:00:00,36.8,31.94,37.0,259.65,34.0
2016-03-15 07:30:00,35.55,41.81,30.7,251.55,27.45
2016-03-15 08:00:00,34.36,49.1,33.88,265.36,31.16
2016-03-15 08:30:00,35.95,298.04,37.17,255.94,34.0
2016-03-15 09:00:00,36.08,46.93,36.75,235.04,34.0
2016-03-15 09:30:00,34.48,98.2,40.59,248.68,32.71
2016-03-15 10:00:00,33.92,35.09,46.6,240.72,31.58
2016-03-15 10:30:00,34.47,34.99,34.13,239.52,29.54
2016-03-15 11:00:00,34.95,35.85,45.66,239.27,30.71
2016-03-15 11:30:00,34.65,35.64,64.99,243.56,32.36
2016-03-15 12:00:00,35.4,36.78,49.69,253.92,32.93
2016-03-15 12:30:00,35.38,37.21,62.49,242.46,33.18
2016-03-15 13:00:00,38.39,48.9,79.99,241.35,32.74
2016-03-15 13:30:00,36.59,48.9,77.49,172.25,34.0
2016-03-15 14:00:00,49.05,102.62,79.98,267.92,33.89
2016-03-15 14:30:00,34.4,65.65,79.99,269.62,33.21
2016-03-15 15:00:00,43.63,47.04,57.46,269.76,41.59
2016-03-15 15:30:00,44.91,48.4,77.49,269.62,42.51
2016-03-15 16:00:00,51.85,55.96,79.99,270.43,48.67
2016-03-15 16:30:00,47.62,55.47,79.98,270.43,35.29
2016-03-15 17:00:00,38.94,48.89,87.49,270.43,33.69
2016-03-15 17:30:00,40.23,48.89,203.16,270.43,28.12
2016-03-15 18:00:00,38.72,46.74,87.35,270.43,26.65
2016-03-15 18:30:00,38.31,47.02,79.89,270.43,24.49
2016-03-15 19:00:00,40.99,108.73,72.23,276.96,28.26
2016-03-15 19:30:00,38.01,51.07,64.99,270.62,32.14
2016-03-15 20:00:00,38.14,48.9,42.01,271.74,30.57
2016-03-15 20:30:00,32.0,49.0,29.68,271.49,26.33
2016-03-15 21:00:00,34.5,47.4,32.43,270.54,27.41
2016-03-15 21:30:00,31.82,35.22,25.92,180.02,23.02
2016-03-15 22:00:00,30.27,32.82,22.15,140.24,21.19
2016-03-15 22:30:00,52.47,67.63,28.09,240.69,27.82
2016-03-15 23:00:00,75.06,168.52,22.28,234.96,35.4
2016-03-15 23:30:00,32.97,36.97,23.53,234.96,25.02
2016-03-16 00:00:00,32.51,34.29,32.13,234.96,27.26
2016-03-16 00:30:00,39.75,48.92,37.38,234.96,25.2
2016-03-16 01:00:00,33.0,46.22,25.38,234.96,24.09
2016-03-16 01:30:00,31.02,33.84,18.23,236.39,20.28
2016-03-16 02:00:00,34.32,36.24,18.72,237.83,17.59
2016-03-16 02:30:00,32.82,34.83,13.63,234.96,18.31
2016-03-16 03:00:00,33.54,35.87,12.01,234.96,18.01
2016-03-16 03:30:00,34.28,36.38,12.82,234.99,18.73
2016-03-16 04:00:00,38.54,41.89,13.61,243.51,20.68
2016-03-16 04:30:00,41.66,45.31,17.09,270.12,23.55
2016-03-16 05:00:00,33.0,35.52,21.7,270.12,23.23
2016-03-16 05:30:00,46.52,50.42,41.66,270.12,35.63
2016-03-16 06:00:00,33.1,36.07,33.08,270.12,29.68
2016-03-16 06:30:00,60.61,81.85,62.1,270.31,56.27
2016-03-16 07:00:00,139.09,2313.04,139.63,271.21,130.2
2016-03-16 07:30:00,50.17,59.66,53.85,276.26,45.59
2016-03-16 08:00:00,66.71,74.87,70.88,271.92,60.69
2016-03-16 08:30:00,61.01,305.91,63.27,269.05,55.08
2016-03-16 09:00:00,64.41,373.44,66.41,268.13,58.4
2016-03-16 09:30:00,60.05,99.96,62.77,257.19,55.24
2016-03-16 10:00:00,51.16,148.77,51.99,260.12,46.79
2016-03-16 10:30:00,58.87,98.47,58.05,263.34,53.85
2016-03-16 11:00:00,59.29,56.54,58.14,263.34,54.6
2016-03-16 11:30:00,46.83,47.24,47.33,263.34,43.75
2016-03-16 12:00:00,55.96,57.98,58.62,263.34,53.31
2016-03-16 12:30:00,59.18,60.91,63.25,263.34,57.29
2016-03-16 13:00:00,64.59,66.94,68.71,263.34,62.29
2016-03-16 13:30:00,71.54,153.26,73.55,263.34,68.48
2016-03-16 14:00:00,72.56,194.02,75.19,261.73,69.44
2016-03-16 14:30:00,48.44,51.58,51.07,260.12,46.59
2016-03-16 15:00:00,92.54,100.54,93.51,270.12,87.53
2016-03-16 15:30:00,96.81,102.52,100.83,270.31,93.97
2016-03-16 16:00:00,94.92,98.91,98.43,271.05,91.89
2016-03-16 16:30:00,76.39,80.25,77.13,272.14,72.58
2016-03-16 17:00:00,77.63,82.81,77.2,270.12,72.46
2016-03-16 17:30:00,61.7,67.44,62.71,270.12,57.82
2016-03-16 18:00:00,58.81,65.55,60.94,270.12,55.87
2016-03-16 18:30:00,61.47,72.52,66.53,270.12,58.4
2016-03-16 19:00:00,82.81,124.85,81.3,270.12,74.3
2016-03-16 19:30:00,60.46,65.46,66.2,270.12,56.84
2016-03-16 20:00:00,58.7,62.89,63.48,270.46,56.14
2016-03-16 20:30:00,60.54,65.42,64.59,270.12,57.21
2016-03-16 21:00:00,61.27,65.84,64.91,270.12,57.27
2016-03-16 21:30:00,52.23,54.36,53.14,269.99,46.84
2016-03-16 22:00:00,40.24,41.07,41.99,268.74,36.3
2016-03-16 22:30:00,79.42,89.93,74.24,240.15,69.76
2016-03-16 23:00:00,52.58,84.98,48.67,240.1,45.7
2016-03-16 23:30:00,61.51,66.48,56.64,240.1,54.56
2016-03-17 00:00:00,59.76,64.71,58.34,240.1,54.14
2016-03-17 00:30:00,42.28,45.77,38.59,240.1,35.97
2016-03-17 01:00:00,37.46,47.36,32.49,240.1,30.09
2016-03-17 01:30:00,33.8,47.02,22.7,240.08,25.26
2016-03-17 02:00:00,37.37,39.9,15.15,240.08,22.49
2016-03-17 02:30:00,33.43,35.51,9.06,240.05,17.67
2016-03-17 03:00:00,33.43,35.55,9.07,239.91,17.71
2016-03-17 03:30:00,33.91,36.34,9.01,239.91,17.91
2016-03-17 04:00:00,38.97,41.14,7.8,239.91,19.0
2016-03-17 04:30:00,39.01,40.84,0.82,240.14,15.41
2016-03-17 05:00:00,42.87,44.36,8.15,240.18,20.99
2016-03-17 05:30:00,58.92,61.72,11.68,240.14,29.86
2016-03-17 06:00:00,46.34,48.95,36.45,240.21,37.81
2016-03-17 06:30:00,58.93,61.89,55.99,264.53,53.79
2016-03-17 07:00:00,72.68,77.73,68.03,240.34,64.85
2016-03-17 07:30:00,39.73,46.12,36.61,250.26,33.14
2016-03-17 08:00:00,37.91,299.61,37.38,260.14,33.04
2016-03-17 08:30:00,55.78,57.87,59.42,260.14,49.85
2016-03-17 09:00:00,70.88,74.78,71.47,260.14,62.81
2016-03-17 09:30:00,72.86,332.91,71.47,260.14,63.91
2016-03-17 10:00:00,48.5,49.86,50.99,260.14,44.46
2016-03-17 10:30:00,49.09,50.38,51.11,260.07,45.63
2016-03-17 11:00:00,63.23,63.43,65.34,796.6,59.83
2016-03-17 11:30:00,59.61,59.35,64.81,259.94,57.33
2016-03-17 12:00:00,59.67,60.39,62.32,240.22,57.42
2016-03-17 12:30:00,53.18,55.92,58.3,249.91,49.7
2016-03-17 13:00:00,93.0,96.95,90.28,256.66,88.2
2016-03-17 13:30:00,74.17,76.63,71.85,215.43,71.53
2016-03-17 14:00:00,62.82,64.45,68.03,98.03,61.2
2016-03-17 14:30:00,62.68,64.66,67.71,161.39,60.84
2016-03-17 15:00:00,56.04,58.64,60.58,245.48,54.8
2016-03-17 15:30:00,58.41,60.46,62.49,253.66,58.34
2016-03-17 16:00:00,63.82,66.97,56.78,260.32,63.27
2016-03-17 16:30:00,80.01,85.48,78.07,252.77,78.33
2016-03-17 17:00:00,54.62,59.75,48.58,244.84,52.02
2016-03-17 17:30:00,59.05,129.94,51.86,246.75,53.95
2016-03-17 18:00:00,52.74,57.56,50.59,248.66,50.6
2016-03-17 18:30:00,55.36,61.7,54.42,248.63,52.42
2016-03-17 19:00:00,68.72,263.22,59.1,244.84,60.53
2016-03-17 19:30:00,51.05,56.11,48.2,244.84,46.71
2016-03-17 20:00:00,48.72,54.74,47.38,244.84,43.83
2016-03-17 20:30:00,50.85,55.93,51.32,244.84,47.38
2016-03-17 21:00:00,52.14,56.7,54.01,272.96,49.22
2016-03-17 21:30:00,50.44,51.86,58.78,266.87,49.32
2016-03-17 22:00:00,38.22,38.42,41.58,260.11,38.18
2016-03-17 22:30:00,84.13,85.04,88.62,251.54,83.38
2016-03-17 23:00:00,50.75,54.69,50.79,240.03,48.24
2016-03-17 23:30:00,33.89,35.65,29.3,259.97,30.46
2016-03-18 00:00:00,38.7,39.82,30.18,260.01,31.59
2016-03-18 00:30:00,37.51,40.28,33.91,260.07,34.86
2016-03-18 01:00:00,34.03,36.69,28.73,260.14,30.67
2016-03-18 01:30:00,31.98,33.64,27.41,260.14,29.03
2016-03-18 02:00:00,31.85,33.33,26.73,260.14,27.79
2016-03-18 02:30:00,30.97,32.35,13.33,260.14,19.77
2016-03-18 03:00:00,32.24,34.7,-0.91,260.11,12.4
2016-03-18 03:30:00,31.44,33.76,0.03,260.14,12.79
2016-03-18 04:00:00,32.28,34.74,-17.07,260.11,10.99
2016-03-18 04:30:00,35.32,36.62,16.44,235.09,29.1
2016-03-18 05:00:00,42.22,45.1,11.34,235.12,34.89
2016-03-18 05:30:00,59.04,61.79,39.64,235.15,54.01
2016-03-18 06:00:00,39.52,41.88,31.69,241.97,37.18
2016-03-18 06:30:00,41.8,43.87,38.67,247.39,40.19
2016-03-18 07:00:00,68.21,73.31,61.71,237.83,64.25
2016-03-18 07:30:00,35.44,39.73,31.15,270.33,31.5
2016-03-18 08:00:00,35.17,39.54,31.89,237.74,32.5
2016-03-18 08:30:00,36.26,42.76,29.91,237.73,31.63
2016-03-18 09:00:00,39.51,44.47,29.9,243.97,31.58
2016-03-18 09:30:00,38.1,43.44,28.19,235.76,30.04
2016-03-18 10:00:00,42.31,48.0,30.34,235.27,32.54
2016-03-18 10:30:00,37.18,46.41,26.99,235.16,31.38
2016-03-18 11:00:00,42.39,76.83,22.22,235.15,35.02
2016-03-18 11:30:00,41.11,52.34,33.46,235.13,36.0
2016-03-18 12:00:00,39.35,43.63,30.7,235.09,35.01
2016-03-18 12:30:00,41.35,46.3,32.16,235.03,33.86
2016-03-18 13:00:00,56.15,62.97,26.79,242.66,28.78
2016-03-18 13:30:00,46.46,99.81,23.34,247.65,28.82
2016-03-18 14:00:00,35.57,47.2,26.63,248.58,28.66
2016-03-18 14:30:00,34.28,48.9,16.66,235.8,21.15
2016-03-18 15:00:00,47.59,63.11,15.74,237.64,21.07
2016-03-18 15:30:00,40.03,46.28,17.25,235.43,18.4
2016-03-18 16:00:00,41.38,93.82,21.47,249.16,22.92
2016-03-18 16:30:00,34.57,96.38,25.81,241.81,26.65
2016-03-18 17:00:00,34.67,4648.35,26.73,235.13,26.82
2016-03-18 17:30:00,42.08,46.53,41.52,235.12,39.14
2016-03-18 18:00:00,33.87,2121.76,33.31,235.13,31.03
2016-03-18 18:30:00,35.52,2114.8,32.64,235.13,30.78
2016-03-18 19:00:00,40.64,51.58,38.51,235.15,35.19
2016-03-18 19:30:00,38.28,50.32,38.6,235.14,33.99
2016-03-18 20:00:00,42.98,48.84,38.28,235.3,33.46
2016-03-18 20:30:00,39.05,47.18,42.25,236.04,34.0
2016-03-18 21:00:00,36.67,46.03,37.69,235.26,33.52
2016-03-18 21:30:00,35.06,38.67,35.31,235.16,32.05
2016-03-18 22:00:00,33.92,36.43,34.44,235.16,30.99
2016-03-18 22:30:00,64.18,70.06,63.0,237.95,58.02
2016-03-18 23:00:00,150.44,170.16,156.04,235.71,138.65
2016-03-18 23:30:00,47.47,51.86,53.26,235.2,46.79
2016-03-19 00:00:00,40.99,43.63,67.67,249.0,42.07
2016-03-19 00:30:00,44.01,48.11,78.29,201.75,44.36
2016-03-19 01:00:00,56.41,78.52,75.58,235.16,54.9
2016-03-19 01:30:00,47.77,78.98,69.08,234.95,45.84
2016-03-19 02:00:00,52.65,134.66,71.81,235.06,49.73
2016-03-19 02:30:00,49.74,54.76,61.41,235.3,45.44
2016-03-19 03:00:00,51.86,57.03,60.95,234.95,46.69
2016-03-19 03:30:00,53.66,59.36,61.77,235.06,47.83
2016-03-19 04:00:00,55.61,61.12,65.38,235.45,49.94
2016-03-19 04:30:00,54.7,60.31,67.8,235.57,49.3
2016-03-19 05:00:00,53.97,58.24,65.01,235.18,49.21
2016-03-19 05:30:00,58.57,62.68,73.93,235.49,55.13
2016-03-19 06:00:00,63.77,68.95,78.31,239.26,61.26
2016-03-19 06:30:00,48.18,52.27,63.59,235.46,47.54
2016-03-19 07:00:00,77.62,94.24,90.1,265.44,77.56
2016-03-19 07:30:00,81.0,94.08,96.13,249.15,78.54
2016-03-19 08:00:00,55.25,60.2,72.59,263.58,54.14
2016-03-19 08:30:00,61.78,67.93,78.84,235.18,61.46
2016-03-19 09:00:00,53.67,59.25,66.75,235.17,53.35
2016-03-19 09:30:00,50.83,56.37,66.41,235.12,49.63
2016-03-19 10:00:00,47.24,50.45,63.64,235.15,45.79
2016-03-19 10:30:00,45.07,48.99,58.17,235.16,43.2
2016-03-19 11:00:00,43.49,48.81,53.16,235.12,41.97
2016-03-19 11:30:00,42.13,48.24,52.85,235.17,41.32
2016-03-19 12:00:00,41.91,48.9,54.84,235.18,41.25
2016-03-19 12:30:00,44.43,81.46,59.2,235.17,43.76
2016-03-19 13:00:00,42.36,73.01,58.25,235.14,41.55
2016-03-19 13:30:00,43.17,50.42,61.43,235.12,42.22
2016-03-19 14:00:00,44.12,123.83,56.97,244.3,42.35
2016-03-19 14:30:00,44.48,126.37,57.09,245.46,42.58
2016-03-19 15:00:00,44.66,52.28,56.36,235.12,42.56
2016-03-19 15:30:00,46.07,175.81,58.42,235.15,44.69
2016-03-19 16:00:00,43.34,50.73,55.54,235.18,42.55
2016-03-19 16:30:00,46.01,2247.63,60.37,235.18,45.39
2016-03-19 17:00:00,46.59,52.81,61.07,237.15,46.37
2016-03-19 17:30:00,46.67,52.06,64.78,239.06,46.6
2016-03-19 18:00:00,48.95,54.21,65.07,237.15,49.37
2016-03-19 18:30:00,51.8,59.21,58.96,235.32,51.36
2016-03-19 19:00:00,68.36,148.53,74.84,242.48,66.62
2016-03-19 19:30:00,46.61,52.58,51.65,246.25,46.11
2016-03-19 20:00:00,54.3,70.28,56.74,242.47,52.22
2016-03-19 20:30:00,56.27,111.83,58.27,235.18,53.89
2016-03-19 21:00:00,46.94,54.01,49.34,235.18,44.8
2016-03-19 21:30:00,46.99,52.81,49.43,235.16,44.4
2016-03-19 22:00:00,43.8,49.25,45.52,235.15,40.84
2016-03-19 22:30:00,48.27,55.23,47.96,235.27,44.07
2016-03-19 23:00:00,47.99,55.62,48.72,235.28,44.64
2016-03-19 23:30:00,44.09,48.92,43.58,235.1,42.01
2016-03-20 00:00:00,41.34,44.17,44.7,235.1,41.03
2016-03-20 00:30:00,46.77,50.15,50.8,235.1,45.35
2016-03-20 01:00:00,49.47,54.59,53.6,235.38,47.02
2016-03-20 01:30:00,37.5,43.18,40.46,235.77,35.45
2016-03-20 02:00:00,46.78,51.05,50.98,235.38,44.03
2016-03-20 02:30:00,41.32,45.04,44.47,235.58,38.28
2016-03-20 03:00:00,38.37,41.25,41.92,235.77,35.6
2016-03-20 03:30:00,37.44,40.19,40.9,235.38,34.57
2016-03-20 04:00:00,39.17,43.55,42.34,235.18,35.8
2016-03-20 04:30:00,53.5,58.69,58.09,235.77,49.11
2016-03-20 05:00:00,54.74,60.14,61.52,235.77,51.07
2016-03-20 05:30:00,49.26,54.62,54.47,235.13,46.31
2016-03-20 06:00:00,42.02,46.45,47.22,235.13,39.92
2016-03-20 06:30:00,40.5,43.87,47.65,235.12,39.16
2016-03-20 07:00:00,56.64,62.45,62.44,235.12,53.71
2016-03-20 07:30:00,90.69,99.29,97.92,235.18,85.33
2016-03-20 08:00:00,74.64,79.34,81.79,250.41,71.56
2016-03-20 08:30:00,73.71,77.47,81.53,235.18,71.09
2016-03-20 09:00:00,42.16,45.44,48.91,235.16,41.12
2016-03-20 09:30:00,51.1,55.04,57.99,235.16,49.74
2016-03-20 10:00:00,47.37,51.35,53.33,238.9,45.7
2016-03-20 10:30:00,72.19,78.29,77.34,248.71,68.28
2016-03-20 11:00:00,65.44,73.36,67.15,240.86,59.59
2016-03-20 11:30:00,43.56,49.08,45.6,235.77,38.87
2016-03-20 12:00:00,55.12,62.0,56.68,235.48,48.78
2016-03-20 12:30:00,49.69,55.8,50.08,235.28,42.89
2016-03-20 13:00:00,45.95,51.77,45.71,235.18,39.09
2016-03-20 13:30:00,55.25,61.96,54.44,235.18,46.79
2016-03-20 14:00:00,54.59,61.71,53.6,235.18,46.23
2016-03-20 14:30:00,47.35,53.6,46.63,235.2,40.13
2016-03-20 15:00:00,60.54,67.55,60.32,246.22,52.08
2016-03-20 15:30:00,47.68,53.48,49.05,246.25,41.41
2016-03-20 16:00:00,45.23,49.84,47.56,246.21,39.49
2016-03-20 16:30:00,63.52,69.29,66.62,246.22,56.73
2016-03-20 17:00:00,76.4,159.17,81.75,246.22,70.65
2016-03-20 17:30:00,63.75,68.88,81.68,246.22,63.82
2016-03-20 18:00:00,93.19,99.74,110.7,246.22,91.92
2016-03-20 18:30:00,56.95,58.96,68.07,246.23,56.78
2016-03-20 19:00:00,44.86,47.23,55.43,275.0,43.88
2016-03-20 19:30:00,36.6,38.68,52.54,246.22,36.85
2016-03-20 20:00:00,35.86,38.31,52.78,246.22,35.9
2016-03-20 20:30:00,34.03,36.62,42.17,246.22,33.88
2016-03-20 21:00:00,34.14,36.03,40.19,246.22,33.93
2016-03-20 21:30:00,34.01,34.21,37.57,246.22,32.42
2016-03-20 22:00:00,34.0,33.97,35.02,251.03,31.25
2016-03-20 22:30:00,34.66,36.03,34.67,246.22,31.61
2016-03-20 23:00:00,36.01,38.2,36.28,235.22,33.09
2016-03-20 23:30:00,39.87,42.55,40.2,235.22,37.85
2016-03-21 00:00:00,40.73,41.43,45.43,235.22,40.39
2016-03-21 00:30:00,34.27,35.47,37.91,235.22,33.3
2016-03-21 01:00:00,34.02,35.14,36.66,235.22,32.41
2016-03-21 01:30:00,34.02,34.93,34.78,235.22,31.4
2016-03-21 02:00:00,35.7,36.16,36.38,235.22,32.53
2016-03-21 02:30:00,35.12,35.51,35.63,235.22,31.81
2016-03-21 03:00:00,34.06,34.06,34.17,235.22,30.56
2016-03-21 03:30:00,34.94,35.07,35.64,235.22,31.61
2016-03-21 04:00:00,40.55,39.96,42.55,235.22,37.23
2016-03-21 04:30:00,33.83,33.4,36.53,235.56,31.77
2016-03-21 05:00:00,43.03,42.63,48.83,235.92,41.77
2016-03-21 05:30:00,123.99,125.29,137.71,246.23,123.97
2016-03-21 06:00:00,99.58,99.4,104.45,258.12,95.48
2016-03-21 06:30:00,212.44,213.1,217.76,255.84,201.88
2016-03-21 07:00:00,83.09,84.64,84.57,258.2,77.24
2016-03-21 07:30:00,47.59,50.98,44.8,246.27,37.63
2016-03-21 08:00:00,49.09,53.76,51.44,246.21,46.47
2016-03-21 08:30:00,52.05,57.95,54.3,246.22,49.45
2016-03-21 09:00:00,46.99,727.01,48.55,246.2,43.41
2016-03-21 09:30:00,49.14,53.63,52.21,235.25,46.78
2016-03-21 10:00:00,50.25,59.58,51.51,235.25,46.44
2016-03-21 10:30:00,45.22,49.61,47.11,239.27,42.45
2016-03-21 11:00:00,47.23,51.62,49.31,235.24,44.53
2016-03-21 11:30:00,44.53,48.97,46.84,235.2,42.05
2016-03-21 12:00:00,42.67,47.51,44.88,256.06,40.33
2016-03-21 12:30:00,42.89,48.13,46.09,260.2,41.34
2016-03-21 13:00:00,43.9,49.07,47.46,266.69,42.37
2016-03-21 13:30:00,44.97,50.63,46.66,316.85,41.51
2016-03-21 14:00:00,43.48,284.43,45.52,267.68,40.25
2016-03-21 14:30:00,42.91,58.63,45.36,260.58,39.36
2016-03-21 15:00:00,46.88,112.7,50.99,260.39,44.34
2016-03-21 15:30:00,42.12,50.9,49.23,260.7,39.42
2016-03-21 16:00:00,47.83,162.82,53.68,262.6,45.06
2016-03-21 16:30:00,38.76,45.4,47.86,246.22,36.44
2016-03-21 17:00:00,51.1,399.22,58.34,255.51,47.66
2016-03-21 17:30:00,44.65,150.66,56.86,257.84,41.69
2016-03-21 18:00:00,54.92,60.73,68.4,260.16,52.63
2016-03-21 18:30:00,51.83,56.61,59.31,260.16,50.26
2016-03-21 19:00:00,119.97,173.35,121.16,260.16,110.03
2016-03-21 19:30:00,43.5,48.33,47.82,260.16,40.7
2016-03-21 20:00:00,42.33,46.74,44.85,255.51,39.25
2016-03-21 20:30:00,38.8,43.06,37.47,260.16,35.13
2016-03-21 21:00:00,37.27,40.96,36.56,255.51,34.32
2016-03-21 21:30:00,34.64,35.93,35.78,246.22,33.77
2016-03-21 22:00:00,34.31,35.18,34.69,246.22,32.62
2016-03-21 22:30:00,57.62,74.26,55.45,246.32,52.92
2016-03-21 23:00:00,48.18,147.03,46.58,246.33,44.19
2016-03-21 23:30:00,53.2,59.5,51.11,237.04,50.36
2016-03-22 00:00:00,48.67,52.34,52.78,235.2,48.57
2016-03-22 00:30:00,48.35,51.6,52.1,247.0,47.04
2016-03-22 01:00:00,48.32,51.27,50.71,246.81,45.96
2016-03-22 01:30:00,45.3,47.47,47.23,246.71,42.85
2016-03-22 02:00:00,40.91,42.48,42.91,207.22,38.8
2016-03-22 02:30:00,37.75,39.84,39.78,247.05,35.8
2016-03-22 03:00:00,33.99,36.0,34.84,246.81,31.53
2016-03-22 03:30:00,34.01,36.01,34.89,246.81,31.77
2016-03-22 04:00:00,34.13,36.0,34.51,246.97,31.95
2016-03-22 04:30:00,47.78,48.75,49.68,246.08,45.8
2016-03-22 05:00:00,59.21,59.64,61.84,246.09,58.44
2016-03-22 05:30:00,58.99,62.36,59.71,259.11,56.86
2016-03-22 06:00:00,56.48,59.85,56.8,262.26,53.8
2016-03-22 06:30:00,52.1,51.7,54.33,260.15,52.71
2016-03-22 07:00:00,155.4,157.93,160.51,260.16,154.37
2016-03-22 07:30:00,43.63,47.28,44.98,260.16,41.78
2016-03-22 08:00:00,37.82,41.01,39.93,216.68,36.92
2016-03-22 08:30:00,38.82,41.3,40.57,260.09,37.15
2016-03-22 09:00:00,36.37,37.98,39.45,266.25,35.45
2016-03-22 09:30:00,44.14,45.72,47.21,260.24,42.8
2016-03-22 10:00:00,36.6,37.95,39.96,260.13,36.26
2016-03-22 10:30:00,46.7,48.66,50.94,260.1,46.32
2016-03-22 11:00:00,68.64,72.33,75.82,266.45,67.72
2016-03-22 11:30:00,55.42,59.26,61.81,246.1,54.48
2016-03-22 12:00:00,53.97,59.16,58.51,251.19,52.0
2016-03-22 12:30:00,66.09,73.11,71.14,246.73,63.33
2016-03-22 13:00:00,49.28,54.4,51.5,246.59,47.26
2016-03-22 13:30:00,49.78,55.3,51.74,246.82,48.04
2016-03-22 14:00:00,57.3,63.2,60.35,246.69,56.04
2016-03-22 14:30:00,53.2,58.89,56.78,261.61,52.31
2016-03-22 15:00:00,55.96,60.81,59.92,265.11,55.11
2016-03-22 15:30:00,89.59,97.88,94.78,260.11,86.02
2016-03-22 16:00:00,65.49,71.22,70.07,260.13,62.92
2016-03-22 16:30:00,53.1,58.07,57.38,260.24,50.81
2016-03-22 17:00:00,85.1,94.7,92.57,271.76,80.82
2016-03-22 17:30:00,76.47,122.58,83.63,260.12,71.71
2016-03-22 18:00:00,69.42,76.95,80.01,260.12,67.86
2016-03-22 18:30:00,61.92,68.41,72.45,260.12,59.9
2016-03-22 19:00:00,208.96,422.71,229.3,260.14,196.54
2016-03-22 19:30:00,49.3,53.76,60.4,260.13,47.73
2016-03-22 20:00:00,42.64,48.09,53.27,260.11,41.35
2016-03-22 20:30:00,68.21,73.83,82.33,260.12,70.12
2016-03-22 21:00:00,51.79,55.72,62.52,260.11,54.02
2016-03-22 21:30:00,34.71,36.44,46.73,246.2,35.86
2016-03-22 22:00:00,34.07,35.86,44.03,246.1,33.98
2016-03-22 22:30:00,68.25,2359.62,74.53,246.08,66.33
2016-03-22 23:00:00,36.9,37.89,40.95,246.08,36.57
2016-03-22 23:30:00,55.37,57.19,60.99,246.08,56.45
2016-03-23 00:00:00,61.06,62.68,73.25,246.08,64.14
2016-03-23 00:30:00,38.06,39.7,45.47,246.29,39.21
2016-03-23 01:00:00,35.4,36.44,42.56,246.69,36.04
2016-03-23 01:30:00,34.81,34.79,40.21,246.3,34.82
2016-03-23 02:00:00,38.44,37.76,44.79,246.13,38.75
2016-03-23 02:30:00,34.85,35.92,39.57,246.26,34.43
2016-03-23 03:00:00,29.84,31.46,32.49,246.49,28.83
2016-03-23 03:30:00,33.99,35.62,36.7,246.69,32.76
2016-03-23 04:00:00,33.56,35.3,35.99,246.3,31.91
2016-03-23 04:30:00,32.74,32.94,35.74,246.41,31.76
2016-03-23 05:00:00,36.13,36.36,40.29,246.12,35.93
2016-03-23 05:30:00,39.13,39.66,38.67,246.26,38.42
2016-03-23 06:00:00,42.0,42.31,40.34,255.52,40.59
2016-03-23 06:30:00,37.59,37.62,38.2,268.16,37.66
2016-03-23 07:00:00,75.98,139.96,81.47,273.6,77.19
2016-03-23 07:30:00,34.38,48.9,38.63,270.15,34.0
2016-03-23 08:00:00,34.59,42.67,38.75,260.22,34.0
2016-03-23 08:30:00,34.11,36.36,42.48,260.17,34.0
2016-03-23 09:00:00,34.05,36.62,46.2,260.12,34.0
2016-03-23 09:30:00,34.03,36.05,48.84,260.22,34.0
2016-03-23 10:00:00,38.65,2344.16,49.72,260.22,39.61
2016-03-23 10:30:00,34.29,35.18,50.45,260.22,35.64
2016-03-23 11:00:00,35.9,37.03,49.78,260.13,37.27
2016-03-23 11:30:00,40.17,43.99,49.54,273.54,41.16
2016-03-23 12:00:00,36.84,39.01,47.86,272.75,37.5
2016-03-23 12:30:00,39.3,40.77,48.63,275.11,41.49
2016-03-23 13:00:00,42.36,44.24,50.85,265.4,45.22
2016-03-23 13:30:00,40.0,41.06,48.15,274.28,42.9
2016-03-23 14:00:00,47.07,48.55,58.23,275.04,51.27
2016-03-23 14:30:00,48.52,57.51,62.01,272.65,54.65
2016-03-23 15:00:00,44.96,48.93,55.53,246.08,49.78
2016-03-23 15:30:00,41.02,43.54,54.86,246.19,45.69
2016-03-23 16:00:00,39.43,43.06,51.36,246.3,42.96
2016-03-23 16:30:00,44.24,49.04,54.42,260.16,48.78
2016-03-23 17:00:00,43.96,48.5,53.06,260.27,48.54
2016-03-23 17:30:00,40.96,44.63,49.82,260.17,45.1
2016-03-23 18:00:00,42.17,45.51,49.28,260.14,45.03
2016-03-23 18:30:00,48.11,51.43,53.75,260.14,49.95
2016-03-23 19:00:00,63.16,66.71,67.8,268.5,62.6
2016-03-23 19:30:00,53.87,55.47,58.35,272.75,53.28
2016-03-23 20:00:00,56.72,59.89,59.9,262.21,55.84
2016-03-23 20:30:00,55.54,59.15,59.74,260.21,55.82
2016-03-23 21:00:00,46.09,48.5,50.05,260.14,46.88
2016-03-23 21:30:00,39.73,40.18,45.0,275.04,40.51
2016-03-23 22:00:00,34.71,34.48,44.39,273.21,35.77
2016-03-23 22:30:00,83.52,86.29,89.62,262.12,80.37
2016-03-23 23:00:00,58.09,62.85,58.13,246.08,54.52
2016-03-23 23:30:00,44.84,46.47,47.08,244.25,44.64
2016-03-24 00:00:00,48.38,49.56,57.35,236.92,51.03
2016-03-24 00:30:00,45.28,48.5,51.61,235.09,46.37
2016-03-24 01:00:00,40.94,44.31,46.74,244.15,41.3
2016-03-24 01:30:00,32.76,34.48,38.17,235.19,32.91
2016-03-24 02:00:00,35.65,36.99,40.84,235.09,35.18
2016-03-24 02:30:00,34.02,34.7,38.19,235.09,33.31
2016-03-24 03:00:00,36.09,37.1,40.94,235.09,35.49
2016-03-24 03:30:00,34.02,34.55,38.67,235.68,33.72
2016-03-24 04:00:00,33.51,33.52,37.96,235.68,33.15
2016-03-24 04:30:00,46.28,46.93,52.72,235.9,46.61
2016-03-24 05:00:00,48.24,49.09,54.52,262.85,48.55
2016-03-24 05:30:00,50.97,51.36,54.38,268.76,51.57
2016-03-24 06:00:00,87.98,89.97,89.24,253.11,86.18
2016-03-24 06:30:00,33.77,35.21,32.78,270.12,32.1
2016-03-24 07:00:00,69.98,2355.62,68.9,260.15,66.61
2016-03-24 07:30:00,40.05,36.5,41.54,260.18,37.57
2016-03-24 08:00:00,45.32,48.11,48.91,260.14,44.46
2016-03-24 08:30:00,44.62,47.58,49.39,260.14,44.17
2016-03-24 09:00:00,39.69,41.44,45.3,250.79,39.34
2016-03-24 09:30:00,41.93,44.05,47.0,246.1,41.06
2016-03-24 10:00:00,48.87,55.92,52.43,246.1,47.45
2016-03-24 10:30:00,46.59,49.87,49.71,246.1,45.16
2016-03-24 11:00:00,46.84,49.68,49.66,246.1,45.27
2016-03-24 11:30:00,51.25,54.91,53.42,246.1,49.02
2016-03-24 12:00:00,48.53,51.12,51.13,246.1,46.72
2016-03-24 12:30:00,47.5,49.43,51.87,246.1,46.03
2016-03-24 13:00:00,44.94,47.08,49.75,242.57,43.49
2016-03-24 13:30:00,46.91,48.99,52.23,246.1,46.13
2016-03-24 14:00:00,47.08,50.01,52.01,246.1,45.31
2016-03-24 14:30:00,46.03,49.21,52.35,246.1,45.99
2016-03-24 15:00:00,47.51,50.0,53.99,246.1,47.31
2016-03-24 15:30:00,48.03,50.41,53.79,246.1,47.33
2016-03-24 16:00:00,39.78,41.04,47.08,246.1,38.73
2016-03-24 16:30:00,38.0,39.46,46.05,246.1,35.97
2016-03-24 17:00:00,38.1,40.14,46.12,246.1,36.66
2016-03-24 17:30:00,35.47,36.98,45.99,246.1,34.03
2016-03-24 18:00:00,34.92,36.2,43.39,246.1,34.0
2016-03-24 18:30:00,35.37,36.95,39.82,246.1,34.0
2016-03-24 19:00:00,44.63,47.61,46.59,250.8,41.07
2016-03-24 19:30:00,39.73,41.95,43.56,246.1,37.2
2016-03-24 20:00:00,41.96,44.16,46.73,246.1,39.12
2016-03-24 20:30:00,37.2,38.8,45.91,246.1,35.39
2016-03-24 21:00:00,34.34,35.62,41.4,246.1,34.0
2016-03-24 21:30:00,35.84,35.45,43.0,246.1,36.29
2016-03-24 22:00:00,34.2,33.41,39.9,242.67,34.04
2016-03-24 22:30:00,38.23,38.03,43.45,244.43,37.76
2016-03-24 23:00:00,38.86,38.55,43.67,242.33,38.15
2016-03-24 23:30:00,36.19,36.23,38.98,240.64,35.9
2016-03-25 00:00:00,33.13,32.85,36.8,235.85,32.55
2016-03-25 00:30:00,34.13,35.2,35.14,235.68,31.52
2016-03-25 01:00:00,33.02,34.13,33.64,235.77,29.96
2016-03-25 01:30:00,33.53,33.82,32.79,235.73,29.44
2016-03-25 02:00:00,31.75,31.43,29.84,235.77,26.97
2016-03-25 02:30:00,30.83,30.19,29.67,235.29,26.28
2016-03-25 03:00:00,30.06,29.53,29.08,156.55,25.58
2016-03-25 03:30:00,28.19,27.56,27.1,198.78,23.79
2016-03-25 04:00:00,29.32,28.53,28.66,240.52,24.77
2016-03-25 04:30:00,29.7,28.52,28.8,77.79,23.95
2016-03-25 05:00:00,26.18,24.89,25.1,235.14,19.74
2016-03-25 05:30:00,22.62,21.62,22.3,235.24,19.59
2016-03-25 06:00:00,24.46,23.54,23.83,235.9,21.11
2016-03-25 06:30:00,27.02,25.75,26.46,235.77,23.58
2016-03-25 07:00:00,30.47,28.87,29.45,252.08,26.74
2016-03-25 07:30:00,31.36,30.22,29.96,237.51,27.5
2016-03-25 08:00:00,31.51,30.68,30.1,246.12,28.0
2016-03-25 08:30:00,36.24,35.48,34.54,246.12,32.63
2016-03-25 09:00:00,32.79,32.17,30.73,239.08,29.45
2016-03-25 09:30:00,33.0,32.63,30.54,244.29,29.59
2016-03-25 10:00:00,31.25,30.79,28.41,245.35,27.62
2016-03-25 10:30:00,31.23,31.04,27.99,235.99,27.11
2016-03-25 11:00:00,31.45,31.11,28.82,116.8,27.48
2016-03-25 11:30:00,31.46,31.03,28.63,180.24,27.17
2016-03-25 12:00:00,31.01,30.58,27.37,184.92,26.25
2016-03-25 12:30:00,31.76,31.43,28.36,209.3,26.82
2016-03-25 13:00:00,34.14,34.11,29.8,184.72,27.14
2016-03-25 13:30:00,32.2,31.24,25.52,159.99,22.03
2016-03-25 14:00:00,32.24,31.61,25.81,234.95,23.12
2016-03-25 14:30:00,30.58,30.83,23.94,235.23,21.79
2016-03-25 15:00:00,30.83,31.07,24.13,235.14,21.8
2016-03-25 15:30:00,31.02,31.26,24.49,242.79,21.92
2016-03-25 16:00:00,34.75,35.62,29.75,252.87,27.04
2016-03-25 16:30:00,37.45,39.05,34.56,235.82,31.67
2016-03-25 17:00:00,44.8,47.72,43.45,240.87,39.25
2016-03-25 17:30:00,47.54,49.81,47.05,246.12,41.87
2016-03-25 18:00:00,41.34,43.89,39.42,246.12,35.99
2016-03-25 18:30:00,55.23,57.09,53.38,246.12,48.75
2016-03-25 19:00:00,61.45,64.19,60.55,246.12,54.52
2016-03-25 19:30:00,58.71,59.73,60.48,246.12,53.78
2016-03-25 20:00:00,38.73,40.27,39.5,246.12,35.25
2016-03-25 20:30:00,38.39,40.05,39.88,246.12,35.52
2016-03-25 21:00:00,35.16,36.53,36.01,244.29,32.52
2016-03-25 21:30:00,34.53,33.41,33.96,235.14,31.44
2016-03-25 22:00:00,31.47,29.99,29.68,239.08,27.59
2016-03-25 22:30:00,36.03,34.9,33.3,241.91,31.31
2016-03-25 23:00:00,37.98,38.09,34.67,248.46,32.93
2016-03-25 23:30:00,44.94,44.46,41.05,235.13,40.66
2016-03-26 00:00:00,35.55,33.21,35.3,234.79,33.12
2016-03-26 00:30:00,31.91,30.11,32.09,235.13,29.15
2016-03-26 01:00:00,34.48,33.58,35.04,235.13,31.07
2016-03-26 01:30:00,31.03,29.81,31.41,195.93,27.67
2016-03-26 02:00:00,32.14,30.44,32.4,185.47,28.32
2016-03-26 02:30:00,31.03,29.29,66.39,235.24,27.03
2016-03-26 03:00:00,30.67,28.61,64.85,235.13,26.14
2016-03-26 03:30:00,30.9,28.78,28.57,234.37,25.83
2016-03-26 04:00:00,30.64,28.43,27.98,156.32,25.34
2016-03-26 04:30:00,31.33,29.27,29.28,38.5,26.21
2016-03-26 05:00:00,29.45,27.07,28.91,156.51,25.38
2016-03-26 05:30:00,29.94,27.71,29.75,235.1,25.96
2016-03-26 06:00:00,29.6,27.54,29.86,235.1,26.16
2016-03-26 06:30:00,30.78,28.56,32.57,235.1,28.15
2016-03-26 07:00:00,31.66,30.26,33.5,235.1,28.92
2016-03-26 07:30:00,34.68,34.16,37.26,235.1,31.75
2016-03-26 08:00:00,36.56,36.36,40.24,235.11,33.87
2016-03-26 08:30:00,43.35,43.3,47.23,243.0,40.05
2016-03-26 09:00:00,34.01,34.03,40.95,241.92,32.03
2016-03-26 09:30:00,34.01,33.99,40.71,236.71,31.74
2016-03-26 10:00:00,31.82,31.71,36.73,244.3,29.8
2016-03-26 10:30:00,34.01,33.99,37.85,237.12,31.57
2016-03-26 11:00:00,34.01,34.08,36.2,235.32,31.33
2016-03-26 11:30:00,33.38,33.25,35.32,237.12,30.67
2016-03-26 12:00:00,33.72,33.68,34.93,235.32,30.72
2016-03-26 12:30:00,33.05,33.41,34.62,235.1,29.94
2016-03-26 13:00:00,31.45,32.36,32.2,235.81,28.15
2016-03-26 13:30:00,31.57,33.13,31.73,235.24,27.87
2016-03-26 14:00:00,33.87,36.03,34.78,235.95,30.38
2016-03-26 14:30:00,33.59,36.12,33.77,235.95,29.81
2016-03-26 15:00:00,35.82,38.41,35.93,235.81,31.93
2016-03-26 15:30:00,34.74,37.49,34.93,235.67,30.85
2016-03-26 16:00:00,34.41,36.65,35.11,235.95,31.0
2016-03-26 16:30:00,38.04,40.65,38.27,235.1,34.0
2016-03-26 17:00:00,46.0,48.89,46.46,240.71,40.88
2016-03-26 17:30:00,38.33,40.31,39.57,242.51,34.35
2016-03-26 18:00:00,37.78,39.82,39.67,246.1,34.21
2016-03-26 18:30:00,38.85,41.73,39.89,235.2,34.72
2016-03-26 19:00:00,46.22,48.67,46.66,235.1,41.18
2016-03-26 19:30:00,34.73,36.66,34.46,235.1,31.02
2016-03-26 20:00:00,34.19,35.91,33.74,117.21,30.68
2016-03-26 20:30:00,34.04,35.23,34.88,235.1,31.04
2016-03-26 21:00:00,33.68,34.45,34.18,235.1,30.42
2016-03-26 21:30:00,33.94,33.98,33.89,235.1,30.1
2016-03-26 22:00:00,31.88,31.61,30.85,235.3,27.71
2016-03-26 22:30:00,31.46,31.28,28.73,235.1,25.61
2016-03-26 23:00:00,31.97,32.46,29.27,235.1,22.84
2016-03-26 23:30:00,32.77,33.35,30.6,235.82,29.04
2016-03-27 00:00:00,32.16,31.85,32.61,235.59,29.52
2016-03-27 00:30:00,31.8,31.65,32.02,195.9,28.39
2016-03-27 01:00:00,31.15,30.59,30.87,235.78,27.12
2016-03-27 01:30:00,30.86,29.47,28.58,235.2,25.56
2016-03-27 02:00:00,30.72,28.73,27.92,235.1,25.14
2016-03-27 02:30:00,29.67,27.77,26.63,242.0,24.59
2016-03-27 03:00:00,28.43,26.61,24.57,269.21,22.84
2016-03-27 03:30:00,27.69,25.81,23.59,235.78,21.97
2016-03-27 04:00:00,29.08,27.17,25.58,235.73,23.65
2016-03-27 04:30:00,28.84,26.84,25.63,265.14,23.3
2016-03-27 05:00:00,24.36,22.47,21.66,247.12,19.3
2016-03-27 05:30:00,26.98,25.99,25.67,247.12,22.77
2016-03-27 06:00:00,20.0,19.11,19.34,247.12,17.37
2016-03-27 06:30:00,24.2,22.64,22.98,247.12,20.7
2016-03-27 07:00:00,30.66,28.36,28.41,247.12,25.42
2016-03-27 07:30:00,31.36,30.08,28.64,247.12,25.64
2016-03-27 08:00:00,31.53,30.61,29.23,247.12,26.8
2016-03-27 08:30:00,31.08,30.56,28.2,247.12,26.43
2016-03-27 09:00:00,31.25,31.13,28.42,247.12,26.59
2016-03-27 09:30:00,31.08,31.18,28.16,247.12,26.52
2016-03-27 10:00:00,31.06,31.23,28.7,247.12,26.63
2016-03-27 10:30:00,31.39,32.01,29.38,237.53,27.09
2016-03-27 11:00:00,31.66,32.74,29.67,235.1,27.27
2016-03-27 11:30:00,31.08,31.93,28.81,247.12,26.46
2016-03-27 12:00:00,31.03,32.11,29.56,247.12,26.48
2016-03-27 12:30:00,31.02,32.01,29.42,247.12,26.2
2016-03-27 13:00:00,30.98,31.84,28.38,247.12,25.3
2016-03-27 13:30:00,31.0,31.99,27.83,247.12,25.2
2016-03-27 14:00:00,30.86,31.79,27.72,246.85,25.31
2016-03-27 14:30:00,31.49,32.72,27.9,239.3,25.2
2016-03-27 15:00:00,31.39,33.11,28.44,235.2,25.54
2016-03-27 15:30:00,30.8,32.13,28.64,243.04,25.53
2016-03-27 16:00:00,31.37,33.22,29.32,247.12,26.57
2016-03-27 16:30:00,30.9,32.71,29.86,247.12,26.83
2016-03-27 17:00:00,33.43,35.47,33.12,247.12,29.36
2016-03-27 17:30:00,34.97,36.85,35.91,247.12,31.41
2016-03-27 18:00:00,33.0,34.91,33.96,252.6,29.65
2016-03-27 18:30:00,34.76,37.21,35.59,247.12,31.34
2016-03-27 19:00:00,35.93,38.9,36.64,247.12,33.02
2016-03-27 19:30:00,32.33,34.82,31.42,239.11,29.17
2016-03-27 20:00:00,31.14,33.44,28.47,247.12,27.03
2016-03-27 20:30:00,31.88,33.84,27.05,247.12,25.67
2016-03-27 21:00:00,30.8,32.37,25.89,247.12,25.12
2016-03-27 21:30:00,30.41,30.16,21.73,247.12,19.18
2016-03-27 22:00:00,30.25,29.47,23.24,247.12,21.64
2016-03-27 22:30:00,32.24,32.6,26.08,247.12,25.24
2016-03-27 23:00:00,31.14,32.83,25.69,247.12,25.22
2016-03-27 23:30:00,30.58,31.64,24.57,247.12,25.0
2016-03-28 00:00:00,30.17,29.8,28.76,247.12,26.98
2016-03-28 00:30:00,30.49,29.99,29.33,247.12,26.68
2016-03-28 01:00:00,29.93,29.44,27.94,247.12,25.4
2016-03-28 01:30:00,28.79,27.98,25.74,247.12,24.02
2016-03-28 02:00:00,30.08,28.51,24.72,247.12,23.35
2016-03-28 02:30:00,30.05,28.16,19.39,247.12,18.69
2016-03-28 03:00:00,30.35,28.57,17.64,247.12,19.94
2016-03-28 03:30:00,29.78,27.88,17.58,247.12,19.72
2016-03-28 04:00:00,29.98,28.22,17.55,247.12,19.8
2016-03-28 04:30:00,30.36,28.87,17.41,247.12,19.96
2016-03-28 05:00:00,28.16,26.56,17.16,246.74,19.19
2016-03-28 05:30:00,30.76,29.28,19.14,244.88,20.67
2016-03-28 06:00:00,31.34,29.39,19.26,244.73,21.46
2016-03-28 06:30:00,31.02,28.47,24.89,119.18,24.76
2016-03-28 07:00:00,31.5,29.77,26.39,199.04,25.79
2016-03-28 07:30:00,31.26,30.71,26.93,247.12,25.56
2016-03-28 08:00:00,32.08,31.75,28.93,252.6,27.37
2016-03-28 08:30:00,31.9,32.13,29.78,263.59,27.63
2016-03-28 09:00:00,31.91,32.81,30.13,247.12,27.57
2016-03-28 09:30:00,31.88,33.04,30.15,247.12,27.36
2016-03-28 10:00:00,33.09,34.69,31.81,247.12,28.5
2016-03-28 10:30:00,33.17,34.99,32.09,247.12,28.45
2016-03-28 11:00:00,33.9,35.91,33.47,247.12,29.5
2016-03-28 11:30:00,33.46,35.42,34.41,247.23,29.56
2016-03-28 12:00:00,34.26,36.0,37.03,263.34,30.94
2016-03-28 12:30:00,33.28,34.78,35.25,247.12,28.15
2016-03-28 13:00:00,32.77,34.2,31.64,247.12,22.74
2016-03-28 13:30:00,31.25,32.62,29.36,247.12,26.18
2016-03-28 14:00:00,31.54,32.41,32.27,247.12,27.96
2016-03-28 14:30:00,34.44,35.36,35.73,247.12,30.66
2016-03-28 15:00:00,33.53,34.84,34.91,253.2,29.87
2016-03-28 15:30:00,31.41,32.4,33.84,257.33,28.56
2016-03-28 16:00:00,31.91,33.03,35.47,274.45,29.72
2016-03-28 16:30:00,34.7,36.86,41.08,268.99,33.1
2016-03-28 17:00:00,42.23,46.22,49.5,247.56,40.36
2016-03-28 17:30:00,41.2,45.43,47.36,256.04,38.88
2016-03-28 18:00:00,36.45,40.36,41.06,260.18,34.0
2016-03-28 18:30:00,37.4,45.59,40.31,260.18,34.0
2016-03-28 19:00:00,54.43,2386.06,53.88,260.18,48.58
2016-03-28 19:30:00,34.93,35.64,40.45,251.47,33.85
2016-03-28 20:00:00,32.98,33.71,38.36,253.65,31.63
2016-03-28 20:30:00,31.64,31.71,34.39,251.47,29.47
2016-03-28 21:00:00,30.49,30.83,30.82,247.12,27.43
2016-03-28 21:30:00,30.84,30.05,27.37,247.12,24.14
2016-03-28 22:00:00,30.31,28.4,22.0,247.12,17.78
2016-03-28 22:30:00,32.37,31.36,22.23,247.34,17.92
2016-03-28 23:00:00,30.64,30.5,24.06,279.31,21.91
2016-03-28 23:30:00,30.84,30.62,25.64,252.59,25.15
2016-03-29 00:00:00,30.6,28.96,30.3,247.12,28.08
2016-03-29 00:30:00,30.87,29.52,29.86,247.12,27.4
2016-03-29 01:00:00,28.75,27.39,27.57,247.12,25.19
2016-03-29 01:30:00,23.55,22.18,22.3,247.12,20.56
2016-03-29 02:00:00,18.4,17.2,16.75,247.12,15.66
2016-03-29 02:30:00,19.61,18.22,17.42,247.12,16.43
2016-03-29 03:00:00,14.16,13.3,12.31,247.12,11.69
2016-03-29 03:30:00,15.03,14.26,13.01,247.12,12.34
2016-03-29 04:00:00,21.06,19.74,17.82,247.12,16.74
2016-03-29 04:30:00,27.89,25.75,24.95,268.7,22.79
2016-03-29 05:00:00,27.24,24.95,25.68,247.12,23.43
2016-03-29 05:30:00,30.93,29.01,30.39,247.12,27.34
2016-03-29 06:00:00,30.01,28.27,30.63,251.51,27.56
2016-03-29 06:30:00,34.81,32.72,37.93,266.82,33.56
2016-03-29 07:00:00,48.03,47.62,54.3,270.16,46.8
2016-03-29 07:30:00,40.23,42.01,48.37,264.63,37.38
2016-03-29 08:00:00,42.1,44.5,50.08,258.03,39.13
2016-03-29 08:30:00,46.41,48.67,51.45,253.7,43.42
2016-03-29 09:00:00,43.9,46.91,49.1,260.2,40.75
2016-03-29 09:30:00,39.8,42.64,47.18,251.48,36.7
2016-03-29 10:00:00,43.2,47.36,49.36,260.14,39.98
2016-03-29 10:30:00,37.45,39.49,42.0,260.14,34.89
2016-03-29 11:00:00,39.39,41.75,42.69,251.46,36.09
2016-03-29 11:30:00,39.27,41.29,44.42,253.63,35.76
2016-03-29 12:00:00,40.57,42.44,48.95,251.79,37.11
2016-03-29 12:30:00,41.49,43.62,50.38,258.08,38.13
2016-03-29 13:00:00,38.32,40.7,50.3,260.14,35.43
2016-03-29 13:30:00,38.76,41.85,49.96,258.08,35.41
2016-03-29 14:00:00,37.26,40.62,47.67,249.73,33.56
2016-03-29 14:30:00,37.34,40.21,45.75,260.14,34.0
2016-03-29 15:00:00,34.85,37.74,39.3,260.14,31.5
2016-03-29 15:30:00,36.14,39.42,43.04,260.14,32.21
2016-03-29 16:00:00,38.43,42.42,47.57,258.1,33.97
2016-03-29 16:30:00,41.63,46.38,48.39,279.71,36.66
2016-03-29 17:00:00,38.6,42.64,48.04,274.58,34.22
2016-03-29 17:30:00,34.39,37.04,48.16,274.58,30.94
2016-03-29 18:00:00,34.99,37.09,49.08,274.59,31.5
2016-03-29 18:30:00,34.66,36.96,48.62,264.33,31.08
2016-03-29 19:00:00,39.32,42.61,49.85,262.64,34.81
2016-03-29 19:30:00,34.14,36.39,43.54,260.16,30.78
2016-03-29 20:00:00,35.24,37.64,38.2,260.16,32.18
2016-03-29 20:30:00,33.16,35.24,40.0,267.81,30.81
2016-03-29 21:00:00,30.58,32.55,34.22,260.16,27.93
2016-03-29 21:30:00,30.12,30.95,29.58,260.16,25.65
2016-03-29 22:00:00,28.57,28.29,23.94,260.16,19.62
2016-03-29 22:30:00,31.01,32.11,28.51,260.16,24.93
2016-03-29 23:00:00,29.56,30.74,27.04,249.29,24.2
2016-03-29 23:30:00,29.17,30.25,26.53,253.34,25.18
2016-03-30 00:00:00,27.45,27.42,27.42,247.23,24.99
2016-03-30 00:30:00,29.71,30.09,29.26,247.12,26.04
2016-03-30 01:00:00,28.14,27.92,27.54,247.12,24.33
2016-03-30 01:30:00,28.51,27.05,24.08,247.12,20.02
2016-03-30 02:00:00,22.25,21.2,21.1,247.12,18.41
2016-03-30 02:30:00,23.85,22.32,19.06,247.12,15.26
2016-03-30 03:00:00,21.54,20.39,18.2,247.12,15.1
2016-03-30 03:30:00,26.01,24.3,20.45,247.12,16.22
2016-03-30 04:00:00,26.03,24.37,20.59,247.12,16.2
2016-03-30 04:30:00,27.87,26.39,24.53,267.3,20.19
2016-03-30 05:00:00,30.99,28.95,29.88,247.12,24.85
2016-03-30 05:30:00,40.35,38.59,41.43,253.66,30.64
2016-03-30 06:00:00,39.32,37.35,44.16,261.84,15.95
2016-03-30 06:30:00,42.84,40.49,61.96,261.84,33.09
2016-03-30 07:00:00,56.99,57.23,82.73,260.18,57.41
2016-03-30 07:30:00,37.61,39.29,2263.49,260.2,34.34
2016-03-30 08:00:00,34.72,36.61,40.34,260.2,31.0
2016-03-30 08:30:00,37.15,39.33,59.88,260.2,33.1
2016-03-30 09:00:00,34.29,36.79,42.59,261.02,31.0
2016-03-30 09:30:00,32.72,35.32,39.52,260.2,29.54
2016-03-30 10:00:00,34.93,36.29,60.87,255.99,34.31
2016-03-30 10:30:00,33.92,35.26,65.5,264.31,33.94
2016-03-30 11:00:00,34.02,35.8,59.8,280.06,34.0
2016-03-30 11:30:00,34.07,36.0,55.76,277.48,33.92
2016-03-30 12:00:00,33.9,36.0,52.93,265.82,33.28
2016-03-30 12:30:00,33.92,36.06,49.99,254.59,32.99
2016-03-30 13:00:00,33.95,36.32,49.99,265.88,32.85
2016-03-30 13:30:00,35.52,38.49,52.32,255.8,33.99
2016-03-30 14:00:00,33.37,36.0,52.78,260.14,32.5
2016-03-30 14:30:00,34.02,37.19,49.83,261.17,33.32
2016-03-30 15:00:00,33.79,36.59,46.41,264.16,32.9
2016-03-30 15:30:00,31.81,35.11,42.29,267.46,30.16
2016-03-30 16:00:00,31.31,33.99,42.13,263.52,29.7
2016-03-30 16:30:00,31.44,33.84,43.67,260.16,30.05
2016-03-30 17:00:00,31.47,33.37,41.04,262.86,29.86
2016-03-30 17:30:00,31.92,34.04,42.86,277.57,29.75
2016-03-30 18:00:00,31.79,33.43,44.39,262.64,29.93
2016-03-30 18:30:00,34.21,36.1,49.75,263.47,33.36
2016-03-30 19:00:00,37.08,38.65,53.73,267.6,35.83
2016-03-30 19:30:00,34.55,35.98,61.64,260.99,32.97
2016-03-30 20:00:00,32.6,34.48,49.97,260.15,30.98
2016-03-30 20:30:00,31.17,33.39,49.61,260.16,29.39
2016-03-30 21:00:00,30.85,31.95,57.49,260.14,27.29
2016-03-30 21:30:00,30.97,30.56,55.29,260.16,25.72
2016-03-30 22:00:00,29.37,28.03,49.78,251.58,17.46
2016-03-30 22:30:00,30.71,28.21,47.97,251.47,18.63
2016-03-30 23:00:00,30.84,28.46,45.08,247.12,17.44
2016-03-30 23:30:00,29.77,27.19,31.66,247.12,27.06
2016-03-31 00:00:00,29.87,26.06,40.2,247.12,28.05
2016-03-31 00:30:00,30.83,27.7,48.17,251.02,-148.73
2016-03-31 01:00:00,30.73,28.58,46.76,247.12,16.98
2016-03-31 01:30:00,27.12,24.68,37.35,247.12,16.65
2016-03-31 02:00:00,26.11,23.98,31.82,247.12,14.2
2016-03-31 02:30:00,26.11,24.47,28.93,247.12,10.5
2016-03-31 03:00:00,26.11,24.65,28.42,247.12,10.5
2016-03-31 03:30:00,26.11,24.59,28.08,247.12,11.45
2016-03-31 04:00:00,26.46,24.31,27.63,247.12,16.42
2016-03-31 04:30:00,29.04,26.94,32.25,247.12,16.19
2016-03-31 05:00:00,30.14,27.85,35.75,257.93,16.5
2016-03-31 05:30:00,31.69,30.23,37.91,263.82,18.27
2016-03-31 06:00:00,32.42,31.17,45.88,265.19,23.05
2016-03-31 06:30:00,34.98,33.92,53.4,270.15,34.0
2016-03-31 07:00:00,40.57,40.79,52.07,275.19,39.39
2016-03-31 07:30:00,36.64,38.62,50.07,260.2,34.0
2016-03-31 08:00:00,35.88,37.97,53.16,253.66,34.0
2016-03-31 08:30:00,36.84,39.55,53.58,258.02,34.0
2016-03-31 09:00:00,35.98,38.8,50.66,247.12,32.73
2016-03-31 09:30:00,33.89,35.57,49.07,260.43,31.85
2016-03-31 10:00:00,31.9,33.02,45.82,260.24,30.03
2016-03-31 10:30:00,30.89,32.32,40.2,260.35,28.43
2016-03-31 11:00:00,30.87,32.75,39.95,258.13,28.74
2016-03-31 11:30:00,30.96,33.17,37.42,260.56,27.39
2016-03-31 12:00:00,31.2,33.36,35.13,244.97,25.1
2016-03-31 12:30:00,31.01,33.17,33.18,239.35,23.7
2016-03-31 13:00:00,31.01,33.3,32.29,247.12,24.79
2016-03-31 13:30:00,31.37,33.29,35.14,243.35,24.7
2016-03-31 14:00:00,31.1,32.44,32.97,195.52,21.39
2016-03-31 14:30:00,31.18,33.1,33.28,229.73,23.36
2016-03-31 15:00:00,34.23,35.95,38.99,230.05,24.7
2016-03-31 15:30:00,32.12,34.62,42.25,233.55,25.73
2016-03-31 16:00:00,32.17,34.88,45.89,235.24,30.43
2016-03-31 16:30:00,33.93,36.27,52.82,235.53,33.01
2016-03-31 17:00:00,32.46,34.62,60.38,230.46,31.58
2016-03-31 17:30:00,31.01,32.94,64.99,240.43,30.05
2016-03-31 18:00:00,34.44,36.29,65.72,241.69,32.78
2016-03-31 18:30:00,37.04,39.13,65.34,233.27,33.19
2016-03-31 19:00:00,38.9,41.54,68.72,247.31,34.42
2016-03-31 19:30:00,35.68,37.24,79.84,265.99,32.72
2016-03-31 20:00:00,33.81,35.68,75.08,261.31,31.13
2016-03-31 20:30:00,30.69,32.56,65.22,251.98,27.95
2016-03-31 21:00:00,30.4,32.16,64.96,247.32,26.89
2016-03-31 21:30:00,33.43,35.29,51.74,247.18,19.56
2016-03-31 22:00:00,30.44,31.43,25.62,245.11,-16.45
2016-03-31 22:30:00,31.66,32.46,36.3,235.79,10.5
2016-03-31 23:00:00,29.05,28.81,31.33,233.8,18.49
2016-03-31 23:30:00,30.6,29.76,28.66,235.12,25.66
2016-04-01 00:00:00,30.22,28.56,29.54,240.62,-14.56
2016-04-01 00:30:00,27.41,24.55,27.21,247.32,14.73
2016-04-01 01:00:00,27.51,23.54,24.56,247.08,16.46
2016-04-01 01:30:00,24.61,20.98,20.34,246.84,16.18
2016-04-01 02:00:00,26.09,21.27,20.66,244.62,10.5
2016-04-01 02:30:00,13.01,9.17,9.57,236.7,8.46
2016-04-01 03:00:00,7.58,6.42,5.86,235.74,5.86
2016-04-01 03:30:00,11.44,9.77,5.48,229.65,7.09
2016-04-01 04:00:00,21.15,18.07,4.43,244.65,10.23
2016-04-01 04:30:00,26.27,19.13,-3.64,243.0,7.98
2016-04-01 05:00:00,29.36,18.77,3.59,245.88,13.14
2016-04-01 05:30:00,30.65,20.92,7.16,282.72,15.87
2016-04-01 06:00:00,29.47,24.55,10.23,260.78,17.09
2016-04-01 06:30:00,30.5,26.65,12.74,253.44,19.07
2016-04-01 07:00:00,30.96,27.55,19.38,253.47,22.62
2016-04-01 07:30:00,31.45,29.42,16.74,246.09,21.38
2016-04-01 08:00:00,31.02,29.26,14.85,244.3,20.4
2016-04-01 08:30:00,31.54,30.63,12.32,239.12,19.38
2016-04-01 09:00:00,32.09,31.85,14.43,240.87,20.7
2016-04-01 09:30:00,31.04,31.2,11.81,253.92,18.78
2016-04-01 10:00:00,32.93,33.22,11.69,285.97,19.28
2016-04-01 10:30:00,32.35,33.12,9.27,286.82,17.83
2016-04-01 11:00:00,33.61,35.05,0.35,263.27,14.05
2016-04-01 11:30:00,33.63,34.53,-16.25,242.19,5.28
2016-04-01 12:00:00,31.94,33.14,-4.04,275.47,11.38
2016-04-01 12:30:00,31.03,31.83,2.93,244.14,15.9
2016-04-01 13:00:00,31.03,31.76,3.14,245.99,15.58
2016-04-01 13:30:00,31.04,32.09,8.35,246.27,17.46
2016-04-01 14:00:00,32.71,33.58,11.76,253.61,16.58
2016-04-01 14:30:00,32.18,33.89,12.08,270.22,17.28
2016-04-01 15:00:00,34.58,35.64,12.94,246.25,16.77
2016-04-01 15:30:00,40.64,39.27,18.2,240.69,10.5
2016-04-01 16:00:00,52.26,50.22,29.07,251.71,12.62
2016-04-01 16:30:00,48.64,47.49,24.06,246.12,10.55
2016-04-01 17:00:00,34.3,34.4,26.49,246.13,10.7
2016-04-01 17:30:00,34.4,34.32,26.56,246.14,10.59
2016-04-01 18:00:00,34.0,33.46,26.49,245.97,11.42
2016-04-01 18:30:00,35.59,35.35,31.4,246.14,18.07
2016-04-01 19:00:00,41.32,41.99,39.44,246.0,31.36
2016-04-01 19:30:00,39.08,40.02,35.11,239.74,26.15
2016-04-01 20:00:00,37.59,38.51,31.83,245.67,27.16
2016-04-01 20:30:00,41.13,40.73,30.22,244.08,12.47
2016-04-01 21:00:00,35.89,35.12,18.95,208.77,10.49
2016-04-01 21:30:00,33.99,33.66,19.22,208.29,10.4
2016-04-01 22:00:00,32.56,31.53,20.23,255.04,10.5
2016-04-01 22:30:00,44.77,42.03,20.12,218.47,10.24
2016-04-01 23:00:00,36.59,35.97,16.9,245.72,9.2
2016-04-01 23:30:00,34.82,34.25,16.61,260.64,9.95
2016-04-02 00:00:00,31.42,29.26,17.84,251.92,11.48
2016-04-02 00:30:00,30.67,28.08,21.59,260.11,13.18
2016-04-02 01:00:00,29.27,26.36,20.88,255.06,11.23
2016-04-02 01:30:00,29.13,25.18,19.02,254.74,9.18
2016-04-02 02:00:00,26.37,22.6,17.49,246.14,9.2
2016-04-02 02:30:00,25.0,21.63,14.18,246.07,9.2
2016-04-02 03:00:00,26.0,22.68,14.29,243.6,9.2
2016-04-02 03:30:00,24.87,21.98,13.99,254.54,9.2
2016-04-02 04:00:00,25.23,22.14,13.93,245.59,9.2
2016-04-02 04:30:00,25.56,22.31,13.88,246.07,9.06
2016-04-02 05:00:00,27.31,23.3,15.89,244.19,9.2
2016-04-02 05:30:00,29.76,24.94,17.59,204.64,10.5
2016-04-02 06:00:00,31.46,26.36,21.0,236.5,10.92
2016-04-02 06:30:00,31.45,27.15,23.2,239.96,15.05
2016-04-02 07:00:00,33.56,29.38,25.39,245.85,18.61
2016-04-02 07:30:00,40.0,34.3,31.92,246.02,14.49
2016-04-02 08:00:00,45.41,39.17,38.67,246.07,18.01
2016-04-02 08:30:00,49.36,42.56,43.0,246.14,23.44
2016-04-02 09:00:00,49.51,45.95,50.38,246.08,44.78
2016-04-02 09:30:00,43.24,40.47,39.87,246.08,34.78
2016-04-02 10:00:00,47.22,43.15,35.4,245.64,24.0
2016-04-02 10:30:00,38.75,34.79,27.34,245.73,15.4
2016-04-02 11:00:00,42.28,37.03,32.32,244.33,15.4
2016-04-02 11:30:00,44.36,37.21,32.2,237.38,10.77
2016-04-02 12:00:00,37.61,31.69,25.97,236.96,10.28
2016-04-02 12:30:00,36.53,30.93,24.92,236.69,10.22
2016-04-02 13:00:00,36.4,31.12,20.32,236.74,10.3
2016-04-02 13:30:00,44.22,38.21,27.47,236.32,10.45
2016-04-02 14:00:00,48.6,43.13,33.84,236.31,10.28
2016-04-02 14:30:00,41.4,38.15,28.79,202.93,10.5
2016-04-02 15:00:00,42.1,38.61,29.24,242.4,10.49
2016-04-02 15:30:00,58.05,50.34,37.44,244.38,10.39
2016-04-02 16:00:00,60.39,52.59,36.1,242.63,10.53
2016-04-02 16:30:00,60.35,54.14,24.72,244.11,10.5
2016-04-02 17:00:00,65.21,58.09,26.39,245.63,10.5
2016-04-02 17:30:00,73.97,65.24,29.66,240.65,11.46
2016-04-02 18:00:00,78.98,68.32,33.26,245.47,14.2
2016-04-02 18:30:00,97.6,81.27,39.16,243.97,15.32
2016-04-02 19:00:00,161.11,131.02,56.48,244.45,16.14
2016-04-02 19:30:00,68.91,55.3,29.32,252.81,12.83
2016-04-02 20:00:00,41.18,34.55,20.46,240.58,11.41
2016-04-02 20:30:00,45.53,39.35,22.73,242.29,12.67
2016-04-02 21:00:00,39.67,34.7,21.57,253.34,13.12
2016-04-02 21:30:00,39.33,34.49,18.96,245.23,10.5
2016-04-02 22:00:00,35.28,31.5,17.73,260.55,10.5
2016-04-02 22:30:00,40.04,36.36,18.86,245.78,10.5
2016-04-02 23:00:00,36.1,33.15,17.74,253.27,10.5
2016-04-02 23:30:00,32.73,29.61,16.63,253.19,10.88
2016-04-03 00:00:00,30.48,26.85,20.14,252.95,15.11
2016-04-03 00:30:00,25.95,22.54,16.17,252.95,11.37
2016-04-03 01:00:00,26.02,22.92,15.7,245.23,10.67
2016-04-03 01:30:00,25.7,22.08,14.96,244.98,10.28
2016-04-03 02:00:00,24.68,20.69,14.02,244.44,9.51
2016-04-03 02:30:00,25.81,21.37,14.2,244.97,9.5
2016-04-03 03:00:00,30.67,24.77,15.46,244.7,9.28
2016-04-03 03:30:00,30.85,24.83,15.4,244.7,9.2
2016-04-03 04:00:00,30.97,24.94,15.4,252.58,9.2
2016-04-03 04:30:00,30.37,24.62,15.35,262.21,9.2
2016-04-03 05:00:00,27.49,22.28,14.85,246.26,9.2
2016-04-03 05:30:00,27.85,23.19,15.83,246.24,10.19
2016-04-03 06:00:00,27.43,23.07,14.6,246.26,9.47
2016-04-03 06:30:00,29.79,25.85,18.79,246.26,14.36
2016-04-03 07:00:00,30.02,26.41,17.74,290.22,13.18
2016-04-03 07:30:00,30.28,26.92,17.11,246.26,12.5
2016-04-03 08:00:00,29.96,26.99,18.97,246.25,15.27
2016-04-03 08:30:00,31.36,26.93,18.51,246.26,14.0
2016-04-03 09:00:00,32.23,26.89,17.84,246.26,12.6
2016-04-03 09:30:00,33.91,27.53,16.7,246.26,10.5
2016-04-03 10:00:00,33.91,27.58,16.56,246.26,10.5
2016-04-03 10:30:00,33.91,27.42,16.75,246.24,10.5
2016-04-03 11:00:00,33.46,27.79,20.1,246.2,14.43
2016-04-03 11:30:00,32.5,28.35,21.5,253.48,16.21
2016-04-03 12:00:00,33.64,29.79,23.68,243.29,17.82
2016-04-03 12:30:00,34.01,30.6,24.74,245.73,18.52
2016-04-03 13:00:00,32.67,30.65,20.01,282.6,21.09
2016-04-03 13:30:00,33.91,31.94,18.12,244.21,19.08
2016-04-03 14:00:00,35.12,33.24,19.47,239.4,16.48
2016-04-03 14:30:00,37.73,35.6,23.52,239.4,15.67
2016-04-03 15:00:00,37.73,35.63,28.51,240.36,11.8
2016-04-03 15:30:00,46.16,42.82,35.05,239.25,10.5
2016-04-03 16:00:00,40.04,38.35,31.36,240.36,16.96
2016-04-03 16:30:00,42.76,41.94,33.97,245.28,23.69
2016-04-03 17:00:00,50.55,49.0,36.57,239.19,25.02
2016-04-03 17:30:00,63.05,58.73,41.59,240.97,25.53
2016-04-03 18:00:00,72.44,65.73,40.51,246.12,25.17
2016-04-03 18:30:00,197.88,172.21,70.51,246.22,23.55
2016-04-03 19:00:00,136.93,121.52,63.46,246.23,36.33
2016-04-03 19:30:00,49.28,45.89,35.1,246.22,28.13
2016-04-03 20:00:00,52.55,47.57,26.6,246.22,17.2
2016-04-03 20:30:00,49.74,45.78,26.51,246.23,17.34
2016-04-03 21:00:00,39.58,36.05,24.24,246.24,17.04
2016-04-03 21:30:00,33.03,30.54,22.12,246.22,16.37
2016-04-03 22:00:00,30.6,28.62,21.46,246.27,16.03
2016-04-03 22:30:00,33.95,32.76,22.13,246.22,16.2
2016-04-03 23:00:00,31.53,30.17,16.74,245.73,10.5
2016-04-03 23:30:00,31.1,29.37,18.87,245.23,14.6
2016-04-04 00:00:00,29.92,27.58,22.15,242.3,18.02
2016-04-04 00:30:00,30.17,26.95,22.04,240.85,16.44
2016-04-04 01:00:00,30.95,27.07,22.28,237.67,15.95
2016-04-04 01:30:00,30.51,25.57,17.82,237.73,11.66
2016-04-04 02:00:00,32.43,26.47,18.13,246.5,11.23
2016-04-04 02:30:00,31.04,25.1,16.96,240.32,10.34
2016-04-04 03:00:00,30.67,25.04,17.03,254.78,10.0
2016-04-04 03:30:00,30.74,25.11,19.46,245.78,10.45
2016-04-04 04:00:00,30.66,25.13,20.15,241.43,10.33
2016-04-04 04:30:00,31.71,25.95,20.76,239.98,10.5
2016-04-04 05:00:00,31.95,26.13,21.04,242.91,10.5
2016-04-04 05:30:00,32.67,27.65,22.03,246.16,10.5
2016-04-04 06:00:00,29.49,26.92,19.52,245.89,12.81
2016-04-04 06:30:00,33.22,31.74,27.11,246.22,21.45
2016-04-04 07:00:00,52.15,50.98,50.55,276.87,43.36
2016-04-04 07:30:00,56.28,54.39,57.71,290.18,49.72
2016-04-04 08:00:00,54.28,52.19,57.38,290.26,50.9
2016-04-04 08:30:00,57.59,55.05,56.25,290.15,51.32
2016-04-04 09:00:00,58.59,56.17,55.96,282.56,52.11
2016-04-04 09:30:00,62.11,59.32,56.88,261.13,54.26
2016-04-04 10:00:00,56.07,54.18,50.75,290.24,48.61
2016-04-04 10:30:00,61.9,58.28,48.44,253.57,49.45
2016-04-04 11:00:00,62.83,59.26,48.52,246.24,50.44
2016-04-04 11:30:00,69.24,65.9,64.07,246.22,61.66
2016-04-04 12:00:00,60.72,59.41,58.91,246.23,55.25
2016-04-04 12:30:00,54.68,54.29,49.82,246.21,48.0
2016-04-04 13:00:00,49.55,49.9,42.57,246.12,42.28
2016-04-04 13:30:00,47.51,48.12,40.31,246.2,40.44
2016-04-04 14:00:00,49.4,48.24,42.72,245.36,42.87
2016-04-04 14:30:00,51.94,49.25,38.6,248.12,41.91
2016-04-04 15:00:00,55.57,51.88,45.02,251.43,46.9
2016-04-04 15:30:00,57.59,54.25,54.37,252.6,53.33
2016-04-04 16:00:00,52.73,50.52,51.32,254.48,49.32
2016-04-04 16:30:00,47.43,46.28,45.86,256.91,43.27
2016-04-04 17:00:00,46.63,44.98,44.37,280.0,41.08
2016-04-04 17:30:00,46.41,44.21,45.12,238.94,41.2
2016-04-04 18:00:00,58.49,54.98,56.96,270.07,51.91
2016-04-04 18:30:00,66.74,62.58,63.59,290.24,57.97
2016-04-04 19:00:00,77.98,73.97,73.78,246.23,67.64
2016-04-04 19:30:00,53.03,50.05,54.51,246.23,47.49
2016-04-04 20:00:00,54.49,50.93,55.34,246.24,48.49
2016-04-04 20:30:00,63.86,58.93,60.79,260.91,54.52
2016-04-04 21:00:00,54.2,51.06,52.06,254.26,45.97
2016-04-04 21:30:00,39.04,37.21,38.86,250.41,33.53
2016-04-04 22:00:00,32.27,30.55,31.98,246.23,27.34
2016-04-04 22:30:00,54.89,50.19,47.38,244.88,24.81
2016-04-04 23:00:00,41.31,38.83,33.75,246.22,21.09
2016-04-04 23:30:00,37.85,35.54,28.54,253.59,23.39
2016-04-05 00:00:00,36.11,33.31,31.03,246.24,26.53
2016-04-05 00:30:00,33.05,29.34,23.13,246.2,16.98
2016-04-05 01:00:00,33.91,29.02,17.52,246.2,10.65
2016-04-05 01:30:00,32.0,26.65,14.89,246.2,9.19
2016-04-05 02:00:00,31.56,27.34,-18.57,246.2,0.21
2016-04-05 02:30:00,30.31,26.28,-53.49,246.2,-17.2
2016-04-05 03:00:00,30.4,26.27,-203.61,244.35,-99.13
2016-04-05 03:30:00,30.88,26.57,-186.57,246.2,-90.06
2016-04-05 04:00:00,31.19,26.79,-182.88,246.2,-87.88
2016-04-05 04:30:00,33.47,30.35,-28.31,245.06,-2.8
2016-04-05 05:00:00,27.34,23.95,-45.34,245.43,-14.33
2016-04-05 05:30:00,32.87,29.68,-23.9,262.16,-0.44
2016-04-05 06:00:00,31.79,29.27,-8.86,244.98,7.72
2016-04-05 06:30:00,33.74,31.97,0.42,251.39,14.13
2016-04-05 07:00:00,42.89,40.52,-1.52,251.14,17.22
2016-04-05 07:30:00,50.17,45.67,9.08,268.08,23.59
2016-04-05 08:00:00,60.81,50.71,17.19,274.85,16.38
2016-04-05 08:30:00,56.76,47.77,8.0,251.37,15.27
2016-04-05 09:00:00,54.89,44.6,21.63,245.57,10.5
2016-04-05 09:30:00,60.13,50.08,25.35,244.9,19.11
2016-04-05 10:00:00,58.05,49.63,19.31,244.66,22.7
2016-04-05 10:30:00,58.85,50.92,5.54,245.33,18.76
2016-04-05 11:00:00,57.53,51.27,-3.69,245.55,22.24
2016-04-05 11:30:00,57.89,51.61,-6.39,244.89,20.87
2016-04-05 12:00:00,54.73,49.28,3.93,244.64,24.63
2016-04-05 12:30:00,57.84,51.89,10.8,244.47,30.42
2016-04-05 13:00:00,61.58,52.79,17.9,244.09,21.11
2016-04-05 13:30:00,60.46,52.41,21.91,244.07,24.11
2016-04-05 14:00:00,62.54,53.99,34.87,244.46,26.91
2016-04-05 14:30:00,69.03,60.33,48.52,245.02,38.43
2016-04-05 15:00:00,58.77,54.56,56.23,244.63,52.67
2016-04-05 15:30:00,70.79,65.6,56.81,244.63,53.44
2016-04-05 16:00:00,95.8,87.07,-174.7,256.07,-163.21
2016-04-05 16:30:00,77.72,68.97,19.41,244.54,17.09
2016-04-05 17:00:00,156.56,140.54,162.25,244.66,153.36
2016-04-05 17:30:00,63.6,59.55,63.77,245.37,57.73
2016-04-05 18:00:00,66.24,61.05,52.76,246.14,47.12
2016-04-05 18:30:00,88.14,81.63,75.83,246.26,70.81
2016-04-05 19:00:00,88.95,83.47,80.48,256.82,76.83
2016-04-05 19:30:00,53.35,50.77,47.47,246.14,43.36
2016-04-05 20:00:00,109.23,101.82,59.07,244.71,54.6
2016-04-05 20:30:00,61.53,56.89,46.77,244.35,43.43
2016-04-05 21:00:00,58.7,54.44,47.8,244.35,45.65
2016-04-05 21:30:00,41.0,38.39,38.19,244.7,34.02
2016-04-05 22:00:00,35.55,33.15,34.3,245.42,30.26
2016-04-05 22:30:00,53.57,50.88,46.2,244.7,30.64
2016-04-05 23:00:00,47.49,45.12,42.29,244.82,27.11
2016-04-05 23:30:00,43.91,41.61,40.84,244.34,37.86
2016-04-06 00:00:00,38.1,35.89,37.5,244.3,34.57
2016-04-06 00:30:00,34.54,31.5,36.09,244.28,22.35
2016-04-06 01:00:00,32.48,29.31,36.18,244.33,15.83
2016-04-06 01:30:00,31.2,27.7,30.3,244.87,19.03
2016-04-06 02:00:00,31.58,27.51,29.4,244.36,18.75
2016-04-06 02:30:00,29.48,25.56,28.45,244.1,23.19
2016-04-06 03:00:00,27.64,23.9,25.78,244.15,19.59
2016-04-06 03:30:00,23.8,20.67,21.88,244.31,17.03
2016-04-06 04:00:00,22.3,20.16,19.58,244.42,15.87
2016-04-06 04:30:00,19.0,17.16,15.92,204.16,14.31
2016-04-06 05:00:00,26.16,22.89,18.37,245.64,18.84
2016-04-06 05:30:00,19.36,17.48,13.13,244.54,14.02
2016-04-06 06:00:00,23.96,22.55,11.77,244.9,15.35
2016-04-06 06:30:00,29.66,28.61,17.39,244.99,20.9
2016-04-06 07:00:00,33.67,32.91,20.74,244.58,24.53
2016-04-06 07:30:00,32.13,31.07,28.57,252.2,23.78
2016-04-06 08:00:00,35.92,32.59,35.28,245.12,32.88
2016-04-06 08:30:00,35.15,31.5,36.47,246.26,32.86
2016-04-06 09:00:00,39.95,35.24,42.76,273.18,37.66
2016-04-06 09:30:00,56.51,50.83,57.31,256.6,51.51
2016-04-06 10:00:00,54.57,49.53,55.79,246.24,50.05
2016-04-06 10:30:00,58.32,52.36,60.58,245.4,53.93
2016-04-06 11:00:00,66.17,59.69,66.02,250.4,60.17
2016-04-06 11:30:00,55.5,51.85,53.85,252.26,50.08
2016-04-06 12:00:00,44.73,43.71,37.49,248.83,36.16
2016-04-06 12:30:00,45.17,43.66,34.35,245.65,33.54
2016-04-06 13:00:00,52.42,50.05,41.11,267.17,39.17
2016-04-06 13:30:00,60.64,57.58,38.34,244.98,35.88
2016-04-06 14:00:00,71.13,68.28,63.03,244.92,60.48
2016-04-06 14:30:00,66.76,62.05,57.98,244.89,53.12
2016-04-06 15:00:00,71.61,66.68,56.98,244.89,53.37
2016-04-06 15:30:00,71.48,67.9,46.38,244.89,40.52
2016-04-06 16:00:00,55.68,53.23,44.01,244.89,41.22
2016-04-06 16:30:00,66.63,62.91,36.44,244.85,35.96
2016-04-06 17:00:00,230.54,211.31,68.33,244.89,116.61
2016-04-06 17:30:00,54.01,51.5,43.18,244.89,38.72
2016-04-06 18:00:00,61.15,58.12,63.55,245.2,56.77
2016-04-06 18:30:00,237.36,222.69,179.35,245.45,173.0
2016-04-06 19:00:00,88.58,85.14,84.07,246.24,79.38
2016-04-06 19:30:00,53.37,51.6,52.81,244.99,47.5
2016-04-06 20:00:00,68.86,64.54,63.3,245.96,57.99
2016-04-06 20:30:00,55.24,51.98,50.35,245.25,45.95
2016-04-06 21:00:00,43.68,40.64,38.99,244.57,35.67
2016-04-06 21:30:00,46.6,43.37,42.12,244.53,37.66
2016-04-06 22:00:00,37.9,35.2,35.08,244.56,31.47
2016-04-06 22:30:00,127.28,113.84,91.83,244.81,92.41
2016-04-06 23:00:00,80.21,72.58,62.87,244.81,39.63
2016-04-06 23:30:00,151.64,136.3,130.77,244.57,126.22
2016-04-07 00:00:00,68.41,59.99,65.57,244.57,61.01
2016-04-07 00:30:00,36.44,32.5,35.96,244.57,29.73
2016-04-07 01:00:00,34.01,30.63,32.86,244.73,22.18
2016-04-07 01:30:00,33.46,30.15,30.77,245.06,18.39
2016-04-07 02:00:00,37.92,33.6,33.61,244.65,16.61
2016-04-07 02:30:00,29.85,26.53,26.69,244.65,16.18
2016-04-07 03:00:00,30.43,27.05,26.39,245.45,15.14
2016-04-07 03:30:00,29.85,26.37,25.27,263.82,12.96
2016-04-07 04:00:00,29.96,26.15,25.14,244.57,12.33
2016-04-07 04:30:00,29.96,26.35,25.88,244.59,16.2
2016-04-07 05:00:00,32.48,28.99,27.79,244.59,16.2
2016-04-07 05:30:00,44.08,39.77,37.67,245.01,16.73
2016-04-07 06:00:00,32.39,30.04,33.4,262.59,29.04
2016-04-07 06:30:00,76.2,68.98,76.18,244.56,70.8
2016-04-07 07:00:00,201.97,181.77,191.79,244.82,185.38
2016-04-07 07:30:00,65.78,60.5,59.46,282.31,56.67
2016-04-07 08:00:00,92.0,82.78,84.31,285.5,79.78
2016-04-07 08:30:00,95.7,85.92,90.33,276.13,83.97
2016-04-07 09:00:00,70.99,64.56,68.02,244.73,63.17
2016-04-07 09:30:00,48.63,46.02,49.68,245.53,45.17
2016-04-07 10:00:00,45.59,42.5,49.2,245.08,42.86
2016-04-07 10:30:00,55.66,51.35,57.18,284.28,50.91
2016-04-07 11:00:00,51.93,48.94,51.35,269.0,46.74
2016-04-07 11:30:00,47.84,46.33,47.34,250.54,43.07
2016-04-07 12:00:00,50.05,48.9,49.78,245.08,45.21
2016-04-07 12:30:00,52.31,49.45,54.84,244.82,48.76
2016-04-07 13:00:00,54.58,51.47,57.74,244.67,51.02
2016-04-07 13:30:00,60.06,57.15,62.67,244.84,56.16
2016-04-07 14:00:00,69.23,66.7,70.35,244.59,65.01
2016-04-07 14:30:00,52.44,52.2,50.54,250.21,47.77
2016-04-07 15:00:00,47.61,47.34,47.35,244.59,43.38
2016-04-07 15:30:00,48.47,48.26,49.89,244.59,45.0
2016-04-07 16:00:00,52.87,52.5,55.94,244.59,49.42
2016-04-07 16:30:00,53.54,54.35,56.42,244.59,49.32
2016-04-07 17:00:00,64.42,65.83,65.3,244.67,58.57
2016-04-07 17:30:00,59.69,59.08,63.88,245.08,56.35
2016-04-07 18:00:00,74.83,72.34,75.77,245.01,68.14
2016-04-07 18:30:00,131.32,128.99,127.59,244.65,116.67
2016-04-07 19:00:00,94.24,95.02,92.46,245.29,84.28
2016-04-07 19:30:00,47.15,47.85,48.91,244.48,43.32
2016-04-07 20:00:00,75.2,72.15,77.81,244.44,69.0
2016-04-07 20:30:00,74.94,70.43,77.58,244.44,69.54
2016-04-07 21:00:00,71.56,66.86,75.33,244.58,67.5
2016-04-07 21:30:00,46.34,44.28,51.15,244.6,43.98
2016-04-07 22:00:00,35.28,33.8,39.12,244.39,33.29
2016-04-07 22:30:00,61.07,57.6,62.09,244.52,52.17
2016-04-07 23:00:00,61.96,61.16,54.84,244.26,27.99
2016-04-07 23:30:00,64.39,62.7,62.67,244.26,58.73
2016-04-08 00:00:00,54.06,50.39,57.55,244.23,51.11
2016-04-08 00:30:00,53.08,48.06,58.85,244.21,35.11
2016-04-08 01:00:00,42.78,38.94,48.52,244.23,30.2
2016-04-08 01:30:00,46.84,42.55,52.75,244.21,35.85
2016-04-08 02:00:00,53.15,47.46,60.69,244.23,27.69
2016-04-08 02:30:00,37.95,34.84,43.56,244.21,28.89
2016-04-08 03:00:00,36.24,33.45,39.37,244.23,27.13
2016-04-08 03:30:00,36.25,34.28,38.29,244.08,27.27
2016-04-08 04:00:00,48.8,46.36,48.74,244.15,25.2
2016-04-08 04:30:00,50.04,46.96,50.41,244.19,25.2
2016-04-08 05:00:00,48.55,45.33,48.71,244.2,28.72
2016-04-08 05:30:00,55.58,51.91,52.95,244.3,30.55
2016-04-08 06:00:00,40.24,39.56,43.46,244.19,36.3
2016-04-08 06:30:00,73.74,71.83,72.2,244.21,65.65
2016-04-08 07:00:00,211.5,197.19,102.82,244.38,135.61
2016-04-08 07:30:00,133.13,126.85,124.13,244.31,114.87
2016-04-08 08:00:00,96.9,91.18,91.97,244.38,84.52
2016-04-08 08:30:00,202.23,191.35,196.3,244.38,184.2
2016-04-08 09:00:00,84.48,81.71,79.96,244.37,76.34
2016-04-08 09:30:00,159.4,158.32,146.71,244.49,141.06
2016-04-08 10:00:00,73.72,71.92,70.13,244.31,65.41
2016-04-08 10:30:00,65.41,65.07,64.9,244.3,60.42
2016-04-08 11:00:00,78.69,76.3,65.54,244.49,66.9
2016-04-08 11:30:00,155.12,151.71,64.63,244.26,96.74
2016-04-08 12:00:00,119.23,113.02,63.24,246.06,82.22
2016-04-08 12:30:00,215.01,194.02,58.65,255.21,117.95
2016-04-08 13:00:00,65.15,61.53,40.45,262.87,45.78
2016-04-08 13:30:00,70.69,68.08,59.36,246.47,58.4
2016-04-08 14:00:00,75.31,72.55,62.97,245.27,62.49
2016-04-08 14:30:00,72.77,71.77,57.78,244.49,57.91
2016-04-08 15:00:00,124.47,119.31,64.83,245.26,83.14
2016-04-08 15:30:00,190.81,181.28,86.11,244.94,123.8
2016-04-08 16:00:00,274.11,262.83,62.05,244.91,145.0
2016-04-08 16:30:00,203.71,197.19,55.91,245.47,105.48
2016-04-08 17:00:00,194.55,187.08,64.85,244.49,108.47
2016-04-08 17:30:00,87.76,82.92,69.77,244.4,70.68
2016-04-08 18:00:00,99.91,95.36,94.41,244.64,90.62
2016-04-08 18:30:00,105.73,101.72,99.6,245.95,96.28
2016-04-08 19:00:00,169.95,166.19,150.1,244.87,148.96
2016-04-08 19:30:00,63.89,63.69,62.25,245.72,57.85
2016-04-08 20:00:00,111.45,109.66,98.04,245.51,95.95
2016-04-08 20:30:00,64.94,63.85,57.27,244.49,57.37
2016-04-08 21:00:00,69.76,66.15,62.64,244.37,60.02
2016-04-08 21:30:00,57.83,56.46,52.0,244.32,49.84
2016-04-08 22:00:00,46.46,45.88,44.75,244.26,40.63
2016-04-08 22:30:00,146.24,146.29,135.62,244.2,127.4
2016-04-08 23:00:00,64.98,66.56,54.75,244.34,39.04
2016-04-08 23:30:00,66.32,66.62,60.19,244.4,59.06
2016-04-09 00:00:00,99.0,95.34,98.88,244.26,91.45
2016-04-09 00:30:00,57.01,55.97,51.13,244.22,32.09
2016-04-09 01:00:00,55.92,56.85,49.82,244.2,29.11
2016-04-09 01:30:00,49.93,50.84,47.03,244.21,25.76
2016-04-09 02:00:00,52.6,52.72,55.26,244.22,25.2
2016-04-09 02:30:00,43.44,43.09,43.92,244.22,22.38
2016-04-09 03:00:00,37.12,36.66,35.34,244.22,16.29
2016-04-09 03:30:00,40.59,40.08,38.44,244.21,16.2
2016-04-09 04:00:00,38.95,38.56,36.17,244.22,16.2
2016-04-09 04:30:00,44.59,43.58,41.04,140.22,16.2
2016-04-09 05:00:00,44.1,42.46,40.79,140.18,16.2
2016-04-09 05:30:00,49.46,47.93,44.59,140.22,18.21
2016-04-09 06:00:00,39.66,39.09,36.39,141.01,18.66
2016-04-09 06:30:00,51.02,50.02,46.39,141.42,25.23
2016-04-09 07:00:00,75.94,74.71,63.69,142.32,26.03
2016-04-09 07:30:00,56.45,53.26,50.64,140.25,29.94
2016-04-09 08:00:00,52.65,50.17,50.25,261.54,43.93
2016-04-09 08:30:00,54.06,53.14,52.95,219.77,48.23
2016-04-09 09:00:00,76.11,75.01,68.66,266.81,45.56
2016-04-09 09:30:00,247.86,242.99,198.16,450.22,55.31
2016-04-09 10:00:00,81.69,79.41,80.29,450.17,73.93
2016-04-09 10:30:00,75.14,72.07,74.26,450.17,67.64
2016-04-09 11:00:00,80.47,76.57,66.07,450.24,64.93
2016-04-09 11:30:00,73.41,69.28,60.93,450.31,58.9
2016-04-09 12:00:00,77.08,74.05,65.57,450.31,63.33
2016-04-09 12:30:00,83.49,81.1,63.66,453.6,64.72
2016-04-09 13:00:00,77.3,75.46,63.56,474.87,63.1
2016-04-09 13:30:00,55.39,54.14,52.47,450.12,48.4
2016-04-09 14:00:00,55.92,55.62,49.62,140.68,46.53
2016-04-09 14:30:00,71.5,72.55,48.63,450.54,51.45
2016-04-09 15:00:00,84.04,85.96,64.13,458.78,65.99
2016-04-09 15:30:00,91.49,95.51,64.88,450.91,69.26
2016-04-09 16:00:00,109.72,116.51,67.17,450.86,77.19
2016-04-09 16:30:00,96.51,100.24,66.07,140.77,71.49
2016-04-09 17:00:00,206.94,210.3,74.38,140.31,119.36
2016-04-09 17:30:00,78.5,77.88,69.38,140.23,68.75
2016-04-09 18:00:00,256.9,246.42,220.27,140.2,225.1
2016-04-09 18:30:00,266.37,246.01,235.03,140.24,238.16
2016-04-09 19:00:00,212.75,201.01,189.63,140.2,192.66
2016-04-09 19:30:00,189.52,181.79,171.2,140.2,172.48
2016-04-09 20:00:00,227.36,213.04,176.56,140.2,188.83
2016-04-09 20:30:00,195.96,183.52,127.17,140.21,146.68
2016-04-09 21:00:00,140.99,135.38,83.25,140.2,99.24
2016-04-09 21:30:00,84.59,84.1,65.64,140.2,67.12
2016-04-09 22:00:00,62.51,62.84,58.24,140.19,54.39
2016-04-09 22:30:00,126.42,131.68,72.54,259.87,85.05
2016-04-09 23:00:00,205.18,217.27,71.5,140.51,113.75
2016-04-09 23:30:00,129.41,136.67,76.03,140.06,90.73
2016-04-10 00:00:00,71.03,73.94,70.28,140.06,64.84
2016-04-10 00:30:00,58.36,61.18,59.65,133.38,52.32
2016-04-10 01:00:00,63.22,66.04,60.12,200.24,34.39
2016-04-10 01:30:00,49.59,51.72,50.34,140.1,38.92
2016-04-10 02:00:00,58.59,61.32,62.51,116.45,27.65
2016-04-10 02:30:00,40.83,43.83,41.37,140.1,25.2
2016-04-10 03:00:00,45.38,48.94,43.04,140.1,23.39
2016-04-10 03:30:00,50.24,53.44,47.31,140.1,18.59
2016-04-10 04:00:00,47.54,50.7,45.47,140.1,16.2
2016-04-10 04:30:00,38.56,41.54,38.91,140.1,16.4
2016-04-10 05:00:00,34.16,36.43,35.22,140.1,16.6
2016-04-10 05:30:00,32.26,34.25,32.79,142.54,16.4
2016-04-10 06:00:00,36.6,39.03,36.62,143.95,16.9
2016-04-10 06:30:00,35.86,38.87,37.44,140.06,21.5
2016-04-10 07:00:00,30.62,31.66,33.24,142.28,24.92
2016-04-10 07:30:00,35.65,37.14,36.53,102.84,24.49
2016-04-10 08:00:00,36.35,37.26,38.83,171.32,25.2
2016-04-10 08:30:00,46.98,47.68,47.42,150.24,26.96
2016-04-10 09:00:00,62.79,63.98,63.08,324.49,47.67
2016-04-10 09:30:00,60.88,62.55,59.5,374.34,52.89
2016-04-10 10:00:00,59.86,61.46,57.36,440.1,51.58
2016-04-10 10:30:00,56.56,57.32,54.3,356.32,48.45
2016-04-10 11:00:00,47.73,48.85,42.89,498.46,39.08
2016-04-10 11:30:00,34.39,35.7,28.96,499.14,27.07
2016-04-10 12:00:00,45.35,47.83,40.58,498.21,36.78
2016-04-10 12:30:00,36.73,38.84,22.96,376.83,23.96
2016-04-10 13:00:00,33.79,36.64,20.69,498.24,22.73
2016-04-10 13:30:00,30.91,34.52,18.32,498.06,20.66
2016-04-10 14:00:00,32.28,36.25,18.05,140.07,20.69
2016-04-10 14:30:00,30.92,34.49,18.77,497.24,20.8
2016-04-10 15:00:00,33.08,36.97,20.87,499.5,22.34
2016-04-10 15:30:00,41.69,47.25,22.77,498.92,25.56
2016-04-10 16:00:00,53.97,63.03,21.95,499.12,30.23
2016-04-10 16:30:00,37.56,73.04,15.1,145.7,21.66
2016-04-10 17:00:00,48.13,56.16,20.64,147.18,28.45
2016-04-10 17:30:00,54.63,60.53,26.66,140.84,34.2
2016-04-10 18:00:00,74.65,80.67,44.53,140.18,51.03
2016-04-10 18:30:00,121.58,130.73,96.64,140.18,98.67
2016-04-10 19:00:00,86.86,94.09,86.71,141.91,79.23
2016-04-10 19:30:00,52.58,58.93,58.81,140.97,47.64
2016-04-10 20:00:00,64.88,71.81,64.26,140.23,58.11
2016-04-10 20:30:00,61.88,69.78,63.0,140.22,54.93
2016-04-10 21:00:00,50.32,56.04,52.47,140.53,39.45
2016-04-10 21:30:00,33.98,38.15,33.39,140.95,26.42
2016-04-10 22:00:00,31.68,34.7,31.98,141.05,26.74
2016-04-10 22:30:00,50.96,60.93,47.53,140.81,24.79
2016-04-10 23:00:00,54.57,67.19,52.01,140.75,20.97
2016-04-10 23:30:00,54.67,61.56,47.93,140.49,31.91
2016-04-11 00:00:00,42.88,46.76,41.91,140.11,34.68
2016-04-11 00:30:00,32.81,34.48,32.59,140.06,25.2
2016-04-11 01:00:00,33.27,34.88,31.74,140.06,18.21
2016-04-11 01:30:00,32.64,33.65,30.88,140.06,23.16
2016-04-11 02:00:00,42.92,44.03,37.47,116.48,22.28
2016-04-11 02:30:00,39.8,40.86,32.83,140.1,17.03
2016-04-11 03:00:00,45.11,47.82,35.21,140.1,17.27
2016-04-11 03:30:00,38.46,41.42,30.63,140.1,16.2
2016-04-11 04:00:00,38.44,41.3,30.46,140.1,16.38
2016-04-11 04:30:00,33.43,35.88,25.93,140.24,19.04
2016-04-11 05:00:00,33.91,36.46,26.69,200.26,21.55
2016-04-11 05:30:00,38.61,42.24,27.16,319.4,26.9
2016-04-11 06:00:00,33.2,60.26,26.65,433.39,25.57
2016-04-11 06:30:00,60.88,67.47,56.68,459.27,53.59
2016-04-11 07:00:00,99.45,110.64,76.89,397.46,80.46
2016-04-11 07:30:00,44.02,53.52,41.99,140.21,38.75
2016-04-11 08:00:00,71.31,78.61,67.89,140.2,63.97
2016-04-11 08:30:00,83.79,90.61,79.83,150.24,75.44
2016-04-11 09:00:00,79.41,85.89,75.95,282.89,71.36
2016-04-11 09:30:00,161.06,176.4,141.21,548.58,140.85
2016-04-11 10:00:00,87.91,96.14,79.61,549.88,78.6
2016-04-11 10:30:00,84.83,91.97,79.01,550.2,77.29
2016-04-11 11:00:00,89.33,96.02,82.68,550.2,81.52
2016-04-11 11:30:00,76.18,82.21,74.27,551.87,71.17
2016-04-11 12:00:00,69.95,77.06,67.06,415.5,63.9
2016-04-11 12:30:00,67.6,75.32,65.2,141.29,61.5
2016-04-11 13:00:00,73.39,81.12,66.95,143.26,64.86
2016-04-11 13:30:00,80.78,90.12,71.02,141.97,70.48
2016-04-11 14:00:00,74.46,82.12,66.41,146.95,65.02
2016-04-11 14:30:00,69.63,75.97,64.23,140.22,61.22
2016-04-11 15:00:00,65.15,71.63,60.91,140.28,57.63
2016-04-11 15:30:00,52.74,57.19,50.48,140.31,47.45
2016-04-11 16:00:00,58.59,64.53,54.75,212.23,51.81
2016-04-11 16:30:00,53.56,58.37,50.84,210.87,47.42
2016-04-11 17:00:00,63.41,67.72,59.51,140.21,56.28
2016-04-11 17:30:00,66.23,70.98,60.57,140.24,58.96
2016-04-11 18:00:00,93.67,96.93,82.74,216.89,83.24
2016-04-11 18:30:00,259.6,263.65,223.31,140.32,231.32
2016-04-11 19:00:00,136.77,140.41,121.12,143.77,123.91
2016-04-11 19:30:00,51.27,52.75,51.38,141.72,47.52
2016-04-11 20:00:00,62.2,63.09,57.43,140.24,55.36
2016-04-11 20:30:00,80.07,82.35,71.66,143.61,68.56
2016-04-11 21:00:00,66.18,68.98,61.35,140.32,57.74
2016-04-11 21:30:00,52.56,55.46,50.44,140.32,46.41
2016-04-11 22:00:00,38.96,40.76,39.86,140.84,35.35
2016-04-11 22:30:00,75.63,79.51,69.04,142.29,65.09
2016-04-11 23:00:00,84.89,90.0,41.86,143.03,54.85
2016-04-11 23:30:00,158.56,159.36,110.53,147.58,125.33
2016-04-12 00:00:00,118.68,114.14,111.15,142.29,108.23
2016-04-12 00:30:00,34.32,34.43,32.64,142.29,30.52
2016-04-12 01:00:00,33.74,34.27,33.77,140.98,29.54
2016-04-12 01:30:00,32.64,32.47,32.27,140.27,28.88
2016-04-12 02:00:00,33.11,32.21,31.68,140.97,25.2
2016-04-12 02:30:00,34.11,33.79,33.66,142.29,29.13
2016-04-12 03:00:00,47.16,47.15,48.94,142.29,41.79
2016-04-12 03:30:00,46.63,46.81,47.76,144.96,41.02
2016-04-12 04:00:00,41.79,41.82,42.61,142.29,36.5
2016-04-12 04:30:00,38.26,38.12,40.47,225.25,33.88
2016-04-12 05:00:00,35.47,36.25,35.33,598.14,27.94
2016-04-12 05:30:00,44.44,45.99,45.56,598.26,26.69
2016-04-12 06:00:00,49.55,52.86,51.73,597.83,40.51
2016-04-12 06:30:00,71.71,76.75,71.76,599.14,64.53
2016-04-12 07:00:00,228.55,230.48,220.65,598.27,205.09
2016-04-12 07:30:00,71.65,75.66,71.19,150.26,64.43
2016-04-12 08:00:00,77.01,80.29,79.42,150.26,71.27
2016-04-12 08:30:00,78.89,81.78,78.84,150.26,72.44
2016-04-12 09:00:00,73.27,76.68,71.52,597.21,66.4
2016-04-12 09:30:00,87.41,90.45,82.97,521.94,78.77
2016-04-12 10:00:00,73.65,77.33,67.57,596.28,65.37
2016-04-12 10:30:00,80.04,83.12,71.37,594.28,71.44
2016-04-12 11:00:00,68.06,70.91,61.61,546.12,61.07
2016-04-12 11:30:00,52.33,52.49,48.32,595.95,47.46
2016-04-12 12:00:00,58.6,59.33,54.32,594.27,53.25
2016-04-12 12:30:00,63.69,63.99,58.51,141.92,58.04
2016-04-12 13:00:00,69.55,69.93,61.28,141.92,62.33
2016-04-12 13:30:00,76.21,77.25,66.91,145.94,68.33
2016-04-12 14:00:00,76.84,78.2,67.81,141.93,68.84
2016-04-12 14:30:00,70.09,70.69,65.02,140.28,64.18
2016-04-12 15:00:00,68.76,68.01,64.84,294.6,63.18
2016-04-12 15:30:00,63.16,62.22,60.77,140.28,58.4
2016-04-12 16:00:00,61.18,60.81,59.54,140.28,56.6
2016-04-12 16:30:00,53.97,55.21,53.6,140.27,50.24
2016-04-12 17:00:00,57.43,59.21,57.47,221.9,53.92
2016-04-12 17:30:00,62.17,63.09,62.66,145.29,58.68
2016-04-12 18:00:00,143.83,141.01,131.45,150.28,132.0
2016-04-12 18:30:00,102.75,98.32,91.37,222.59,94.66
2016-04-12 19:00:00,60.43,58.3,55.47,140.27,56.86
2016-04-12 19:30:00,53.24,52.78,51.8,140.26,50.73
2016-04-12 20:00:00,64.65,65.33,57.24,140.26,58.1
2016-04-12 20:30:00,76.83,78.36,68.19,150.26,68.13
2016-04-12 21:00:00,67.15,69.22,60.35,143.58,60.03
2016-04-12 21:30:00,65.5,67.18,62.38,140.26,59.76
2016-04-12 22:00:00,51.71,52.15,51.21,140.26,47.98
2016-04-12 22:30:00,110.62,112.0,104.12,141.96,101.19
2016-04-12 23:00:00,74.14,78.59,66.67,142.28,66.27
2016-04-12 23:30:00,76.33,79.34,70.77,140.27,70.51
2016-04-13 00:00:00,122.92,122.25,126.38,142.28,118.53
2016-04-13 00:30:00,69.53,71.41,69.44,144.94,65.19
2016-04-13 01:00:00,63.34,65.63,64.14,142.28,58.73
2016-04-13 01:30:00,54.66,55.72,55.88,142.28,50.22
2016-04-13 02:00:00,61.22,60.94,63.28,143.89,55.51
2016-04-13 02:30:00,41.05,41.89,41.5,142.07,36.48
2016-04-13 03:00:00,38.94,40.05,38.51,218.12,34.06
2016-04-13 03:30:00,39.55,41.24,37.86,147.54,33.88
2016-04-13 04:00:00,40.35,41.85,37.38,143.59,33.51
2016-04-13 04:30:00,61.64,62.85,57.74,140.28,52.77
2016-04-13 05:00:00,61.64,62.72,58.83,470.75,53.55
2016-04-13 05:30:00,57.84,60.93,54.95,532.48,50.86
2016-04-13 06:00:00,43.75,49.15,42.84,546.08,39.68
2016-04-13 06:30:00,104.1,118.94,97.81,595.89,95.39
2016-04-13 07:00:00,152.88,158.94,144.3,595.96,142.32
2016-04-13 07:30:00,148.85,155.39,139.42,140.27,135.76
2016-04-13 08:00:00,84.26,86.87,80.66,140.28,79.06
2016-04-13 08:30:00,78.22,79.19,76.45,140.28,74.43
2016-04-13 09:00:00,81.28,82.08,78.31,372.24,76.85
2016-04-13 09:30:00,80.86,80.18,77.43,150.22,76.38
2016-04-13 10:00:00,82.48,79.67,79.86,150.22,77.96
2016-04-13 10:30:00,86.98,85.2,81.81,220.87,80.66
2016-04-13 11:00:00,99.92,98.6,94.24,144.1,92.12
2016-04-13 11:30:00,76.21,76.28,73.29,315.15,70.77
2016-04-13 12:00:00,83.45,83.97,81.62,257.63,78.21
2016-04-13 12:30:00,77.32,77.5,78.51,140.28,73.85
2016-04-13 13:00:00,72.83,73.46,76.04,140.28,70.07
2016-04-13 13:30:00,79.99,81.0,83.82,140.25,77.53
2016-04-13 14:00:00,91.32,93.43,93.51,140.22,87.54
2016-04-13 14:30:00,101.6,103.51,104.16,140.28,98.2
2016-04-13 15:00:00,82.65,85.74,85.46,140.23,79.42
2016-04-13 15:30:00,86.77,89.99,89.9,140.22,83.08
2016-04-13 16:00:00,99.6,103.13,102.17,140.26,95.33
2016-04-13 16:30:00,78.85,82.61,79.91,140.28,75.14
2016-04-13 17:00:00,75.28,78.57,75.22,141.94,71.74
2016-04-13 17:30:00,70.29,69.64,73.47,140.28,68.6
2016-04-13 18:00:00,142.25,139.39,139.11,141.94,135.86
2016-04-13 18:30:00,129.84,127.24,124.61,140.28,124.13
2016-04-13 19:00:00,74.37,73.63,72.28,140.28,71.35
2016-04-13 19:30:00,65.47,66.01,68.02,140.24,64.14
2016-04-13 20:00:00,77.74,76.24,73.35,140.28,72.79
2016-04-13 20:30:00,76.6,74.72,69.35,140.28,70.11
2016-04-13 21:00:00,69.25,67.67,62.64,140.28,63.09
2016-04-13 21:30:00,68.08,69.27,61.72,140.28,60.99
2016-04-13 22:00:00,52.36,53.24,50.92,140.28,48.07
2016-04-13 22:30:00,114.51,115.59,101.57,140.28,101.21
2016-04-13 23:00:00,130.52,135.95,72.29,140.27,90.97
2016-04-13 23:30:00,89.09,91.15,71.03,140.26,78.25
2016-04-14 00:00:00,80.92,80.93,69.98,140.27,73.49
2016-04-14 00:30:00,66.76,69.59,61.28,140.27,59.86
2016-04-14 01:00:00,64.24,66.41,61.77,140.26,58.62
2016-04-14 01:30:00,58.57,60.52,56.55,140.28,52.55
2016-04-14 02:00:00,78.2,78.54,75.14,140.28,61.99
2016-04-14 02:30:00,71.18,67.98,61.39,140.28,32.57
2016-04-14 03:00:00,161.3,149.38,127.95,140.28,30.84
2016-04-14 03:30:00,199.3,188.41,145.9,140.28,25.54
2016-04-14 04:00:00,119.77,118.79,88.73,140.26,30.21
2016-04-14 04:30:00,52.28,52.99,46.6,140.24,34.08
2016-04-14 05:00:00,48.09,49.56,44.77,253.37,34.2
2016-04-14 05:30:00,65.87,69.43,64.57,312.56,58.51
2016-04-14 06:00:00,60.45,66.51,58.77,253.17,54.32
2016-04-14 06:30:00,83.8,87.72,73.79,590.95,74.33
2016-04-14 07:00:00,299.6,302.71,265.24,443.26,272.37
2016-04-14 07:30:00,80.38,83.78,74.44,140.27,72.04
2016-04-14 08:00:00,79.47,84.01,78.33,140.3,73.59
2016-04-14 08:30:00,86.24,91.22,82.17,140.3,79.63
2016-04-14 09:00:00,75.0,78.22,73.66,224.22,69.83
2016-04-14 09:30:00,78.45,81.34,75.24,594.3,72.1
2016-04-14 10:00:00,85.81,87.32,82.42,594.3,78.5
2016-04-14 10:30:00,87.31,89.56,82.57,298.3,78.7
2016-04-14 11:00:00,80.96,83.27,76.57,372.31,72.24
2016-04-14 11:30:00,102.83,104.73,96.46,372.3,91.8
2016-04-14 12:00:00,150.87,149.23,133.21,372.27,134.93
2016-04-14 12:30:00,84.71,82.44,79.56,140.27,77.05
2016-04-14 13:00:00,83.38,80.9,80.82,140.3,77.4
2016-04-14 13:30:00,91.8,88.15,90.01,140.3,86.82
2016-04-14 14:00:00,108.06,106.12,102.69,140.3,100.02
2016-04-14 14:30:00,95.96,95.64,89.7,140.3,86.8
2016-04-14 15:00:00,88.08,88.54,82.73,140.3,79.32
2016-04-14 15:30:00,92.96,93.65,86.96,140.3,84.22
2016-04-14 16:00:00,90.98,91.89,82.67,140.3,80.7
2016-04-14 16:30:00,87.13,87.27,78.36,140.3,76.91
2016-04-14 17:00:00,281.52,284.51,220.52,141.96,230.52
2016-04-14 17:30:00,92.75,88.35,85.93,140.3,86.22
2016-04-14 18:00:00,221.95,202.97,197.49,143.62,206.12
2016-04-14 18:30:00,271.46,243.73,248.02,140.3,258.57
2016-04-14 19:00:00,231.45,207.09,216.92,140.3,221.25
2016-04-14 19:30:00,93.14,84.0,87.27,140.3,84.55
2016-04-14 20:00:00,95.56,84.89,84.16,140.3,82.05
2016-04-14 20:30:00,100.44,90.72,88.69,140.3,85.54
2016-04-14 21:00:00,85.21,77.47,80.61,140.3,74.92
2016-04-14 21:30:00,75.14,70.33,74.35,140.29,66.5
2016-04-14 22:00:00,45.43,43.36,46.16,140.3,40.54
2016-04-14 22:30:00,110.36,101.01,102.28,140.3,97.94
2016-04-14 23:00:00,110.27,99.92,100.51,140.27,97.29
2016-04-14 23:30:00,143.24,128.62,123.06,140.3,126.95
2016-04-15 00:00:00,159.03,141.29,145.29,140.37,144.94
2016-04-15 00:30:00,103.65,96.45,98.84,140.28,92.73
2016-04-15 01:00:00,133.6,128.2,125.51,140.24,117.95
2016-04-15 01:30:00,76.52,73.33,79.1,140.24,69.89
2016-04-15 02:00:00,80.82,78.45,88.82,140.24,73.43
2016-04-15 02:30:00,59.6,57.87,72.0,140.24,53.67
2016-04-15 03:00:00,79.03,76.78,88.69,140.24,56.77
2016-04-15 03:30:00,72.64,71.67,83.03,140.24,59.6
2016-04-15 04:00:00,56.86,55.8,66.51,140.24,50.06
2016-04-15 04:30:00,49.64,48.25,56.39,140.26,43.82
2016-04-15 05:00:00,63.6,62.08,72.26,550.22,56.68
2016-04-15 05:30:00,70.84,70.04,73.96,283.62,57.98
2016-04-15 06:00:00,65.35,67.68,65.09,350.26,57.45
2016-04-15 06:30:00,82.8,80.3,77.72,580.9,72.84
2016-04-15 07:00:00,222.15,204.28,204.97,565.58,201.77
2016-04-15 07:30:00,81.69,78.57,82.25,140.3,75.71
2016-04-15 08:00:00,79.13,75.46,84.02,140.3,76.0
2016-04-15 08:30:00,113.32,106.91,121.61,140.3,109.76
2016-04-15 09:00:00,74.78,69.43,81.56,416.96,72.08
2016-04-15 09:30:00,101.68,93.27,108.53,550.3,97.61
2016-04-15 10:00:00,79.69,72.56,88.05,550.3,77.16
2016-04-15 10:30:00,66.23,60.19,72.97,550.22,64.09
2016-04-15 11:00:00,79.42,77.15,83.07,550.3,75.31
2016-04-15 11:30:00,98.86,97.45,101.15,500.3,93.61
2016-04-15 12:00:00,71.41,70.42,73.67,500.3,67.56
2016-04-15 12:30:00,64.24,61.08,66.72,140.29,61.39
2016-04-15 13:00:00,64.22,60.45,66.9,261.93,61.56
2016-04-15 13:30:00,64.57,63.47,65.79,140.3,61.2
2016-04-15 14:00:00,64.56,63.13,66.03,140.3,61.27
2016-04-15 14:30:00,64.88,63.36,65.35,140.3,61.23
2016-04-15 15:00:00,66.65,65.33,65.64,174.92,61.54
2016-04-15 15:30:00,67.01,65.51,65.74,141.89,61.63
2016-04-15 16:00:00,69.77,71.0,68.85,140.3,64.19
2016-04-15 16:30:00,73.0,76.67,71.14,141.96,66.08
2016-04-15 17:00:00,141.15,150.02,126.77,140.3,123.94
2016-04-15 17:30:00,66.95,68.28,66.29,140.3,61.78
2016-04-15 18:00:00,75.94,77.34,72.94,141.96,68.91
2016-04-15 18:30:00,83.87,85.83,80.07,140.26,76.17
2016-04-15 19:00:00,71.12,73.71,71.53,140.22,66.47
2016-04-15 19:30:00,59.7,60.92,65.26,140.27,58.19
2016-04-15 20:00:00,72.16,73.21,71.49,140.22,66.54
2016-04-15 20:30:00,60.81,61.29,62.84,140.2,56.95
2016-04-15 21:00:00,56.74,57.04,59.34,140.18,52.76
2016-04-15 21:30:00,49.67,49.8,53.42,140.18,46.01
2016-04-15 22:00:00,51.35,50.45,54.38,140.26,47.37
2016-04-15 22:30:00,227.53,222.49,226.21,141.95,204.31
2016-04-15 23:00:00,159.72,156.34,159.62,140.21,142.77
2016-04-15 23:30:00,279.53,259.64,286.55,140.26,260.45
2016-04-16 00:00:00,205.09,180.81,232.7,205.25,196.98
2016-04-16 00:30:00,57.55,51.91,62.56,141.96,53.87
2016-04-16 01:00:00,50.92,47.2,63.71,143.62,46.98
2016-04-16 01:30:00,49.14,46.5,60.64,140.3,45.36
2016-04-16 02:00:00,43.36,41.68,52.88,141.96,39.25
2016-04-16 02:30:00,36.7,36.44,41.83,150.26,32.61
2016-04-16 03:00:00,37.5,38.09,44.77,208.58,32.93
2016-04-16 03:30:00,37.68,38.2,43.69,148.6,32.27
2016-04-16 04:00:00,34.36,35.04,37.86,206.93,29.08
2016-04-16 04:30:00,35.31,35.78,41.67,141.96,27.71
2016-04-16 05:00:00,34.98,35.1,40.67,143.63,25.42
2016-04-16 05:30:00,38.82,39.06,42.7,143.64,25.36
2016-04-16 06:00:00,39.73,40.3,42.5,140.3,25.53
2016-04-16 06:30:00,33.56,34.3,34.41,140.3,29.27
2016-04-16 07:00:00,38.51,39.11,39.4,140.29,34.45
2016-04-16 07:30:00,43.78,43.96,44.61,140.26,39.14
2016-04-16 08:00:00,47.67,47.81,47.91,140.26,43.31
2016-04-16 08:30:00,45.46,45.77,46.95,140.3,42.4
2016-04-16 09:00:00,49.22,49.85,50.93,140.3,45.84
2016-04-16 09:30:00,55.25,55.49,55.87,140.3,50.69
2016-04-16 10:00:00,47.08,46.78,48.47,201.96,43.62
2016-04-16 10:30:00,56.73,55.82,58.78,140.27,52.9
2016-04-16 11:00:00,49.29,48.93,51.31,140.28,46.04
2016-04-16 11:30:00,53.12,52.85,55.46,140.3,49.55
2016-04-16 12:00:00,48.76,48.9,50.2,140.27,45.2
2016-04-16 12:30:00,48.75,48.89,49.82,594.3,44.94
2016-04-16 13:00:00,48.43,48.47,49.7,205.3,44.89
2016-04-16 13:30:00,48.33,48.9,49.36,594.3,44.39
2016-04-16 14:00:00,50.25,50.46,50.05,594.3,45.74
2016-04-16 14:30:00,46.06,46.29,44.3,594.27,41.38
2016-04-16 15:00:00,41.2,42.08,38.62,140.29,36.63
2016-04-16 15:30:00,46.1,48.15,41.67,141.96,40.46
2016-04-16 16:00:00,42.9,46.08,38.54,594.28,37.25
2016-04-16 16:30:00,50.13,53.36,45.84,535.68,44.11
2016-04-16 17:00:00,59.96,65.03,54.32,200.29,53.53
2016-04-16 17:30:00,49.27,51.41,45.55,140.3,44.63
2016-04-16 18:00:00,78.12,80.7,66.72,261.96,68.37
2016-04-16 18:30:00,79.54,81.31,68.58,595.58,69.85
2016-04-16 19:00:00,56.62,57.86,51.82,595.64,51.15
2016-04-16 19:30:00,48.28,50.79,42.71,594.63,42.86
2016-04-16 20:00:00,53.2,54.97,45.33,520.27,46.26
2016-04-16 20:30:00,53.73,55.1,45.83,595.3,46.15
2016-04-16 21:00:00,49.53,51.43,41.66,594.56,42.35
2016-04-16 21:30:00,59.62,60.56,50.35,140.26,51.06
2016-04-16 22:00:00,55.11,55.27,46.4,140.26,46.8
2016-04-16 22:30:00,178.59,184.86,66.79,140.26,103.92
2016-04-16 23:00:00,185.83,195.9,70.45,140.39,109.71
2016-04-16 23:30:00,147.6,151.5,121.42,140.23,127.92
2016-04-17 00:00:00,84.44,83.63,77.55,140.22,76.57
2016-04-17 00:30:00,48.91,49.21,46.63,140.2,43.65
2016-04-17 01:00:00,45.51,45.93,43.63,140.2,36.46
2016-04-17 01:30:00,36.29,37.75,32.69,140.2,27.11
2016-04-17 02:00:00,35.86,37.37,30.91,140.21,26.8
2016-04-17 02:30:00,34.28,35.93,25.11,140.28,25.32
2016-04-17 03:00:00,34.02,36.0,21.9,140.21,23.67
2016-04-17 03:30:00,37.36,39.88,19.47,140.2,23.32
2016-04-17 04:00:00,44.44,47.48,21.93,140.2,26.87
2016-04-17 04:30:00,37.86,38.22,21.04,140.28,24.24
2016-04-17 05:00:00,40.4,39.43,18.85,140.28,23.79
2016-04-17 05:30:00,43.36,42.13,14.45,140.3,22.74
2016-04-17 06:00:00,46.85,46.37,18.21,140.42,25.92
2016-04-17 06:30:00,35.29,35.86,20.0,142.32,22.95
2016-04-17 07:00:00,33.96,33.77,26.31,140.81,26.24
2016-04-17 07:30:00,34.82,34.52,24.78,140.3,25.62
2016-04-17 08:00:00,36.85,36.42,25.94,140.3,27.41
2016-04-17 08:30:00,42.71,42.38,30.69,140.27,32.47
2016-04-17 09:00:00,34.7,33.73,29.35,140.71,28.81
2016-04-17 09:30:00,33.92,32.6,26.52,140.71,27.07
2016-04-17 10:00:00,33.94,32.47,18.47,140.28,22.72
2016-04-17 10:30:00,33.93,32.25,17.66,141.13,22.1
2016-04-17 11:00:00,34.51,33.02,19.88,141.13,23.61
2016-04-17 11:30:00,33.96,32.45,22.73,140.99,24.89
2016-04-17 12:00:00,45.38,43.76,26.41,140.85,30.46
2016-04-17 12:30:00,48.55,48.69,29.3,140.85,32.83
2016-04-17 13:00:00,48.66,48.92,31.98,594.28,34.14
2016-04-17 13:30:00,48.68,49.27,35.57,594.28,35.59
2016-04-17 14:00:00,44.64,46.55,32.37,140.28,31.45
2016-04-17 14:30:00,44.09,46.08,24.41,594.28,25.01
2016-04-17 15:00:00,49.74,51.87,28.55,594.56,27.82
2016-04-17 15:30:00,56.93,60.42,36.28,594.28,34.21
2016-04-17 16:00:00,52.54,56.15,39.12,594.28,34.18
2016-04-17 16:30:00,51.72,55.91,50.34,140.71,42.94
2016-04-17 17:00:00,69.19,74.64,65.54,140.79,59.33
2016-04-17 17:30:00,57.96,60.66,58.9,595.52,43.03
2016-04-17 18:00:00,112.05,115.27,89.26,595.58,88.21
2016-04-17 18:30:00,123.6,126.13,111.9,595.13,108.16
2016-04-17 19:00:00,70.65,74.57,64.48,595.13,63.3
2016-04-17 19:30:00,57.98,62.68,51.17,142.66,50.07
2016-04-17 20:00:00,59.57,63.01,49.02,595.38,49.55
2016-04-17 20:30:00,154.86,156.38,51.39,594.3,86.84
2016-04-17 21:00:00,60.7,61.71,46.41,140.68,48.48
2016-04-17 21:30:00,43.74,45.07,39.49,140.3,37.65
2016-04-17 22:00:00,34.58,34.87,31.64,140.3,29.68
2016-04-17 22:30:00,47.35,48.26,42.28,140.93,36.9
2016-04-17 23:00:00,40.31,41.76,35.73,140.3,30.44
2016-04-17 23:30:00,47.96,48.96,43.34,140.3,42.33
2016-04-18 00:00:00,45.04,44.71,46.29,140.3,42.06
2016-04-18 00:30:00,33.51,33.13,33.67,140.3,30.05
2016-04-18 01:00:00,32.63,31.73,30.63,140.3,26.05
2016-04-18 01:30:00,30.58,29.1,28.68,140.3,26.16
2016-04-18 02:00:00,35.02,33.08,32.07,140.3,29.55
2016-04-18 02:30:00,31.29,30.45,27.35,140.3,25.63
2016-04-18 03:00:00,33.81,32.97,26.97,140.3,26.1
2016-04-18 03:30:00,36.48,35.54,28.82,140.31,26.5
2016-04-18 04:00:00,35.78,35.04,30.8,140.3,26.01
2016-04-18 04:30:00,32.07,30.91,28.49,594.3,25.2
2016-04-18 05:00:00,39.13,36.91,33.9,594.97,25.2
2016-04-18 05:30:00,46.14,44.47,38.3,594.3,22.9
2016-04-18 06:00:00,45.17,44.35,39.18,594.97,26.4
2016-04-18 06:30:00,78.84,77.99,67.57,146.97,61.78
2016-04-18 07:00:00,83.54,80.48,81.33,595.97,76.41
2016-04-18 07:30:00,50.79,52.0,52.62,595.3,45.7
2016-04-18 08:00:00,67.68,69.23,67.18,594.63,60.39
2016-04-18 08:30:00,60.79,60.69,62.46,140.3,54.68
2016-04-18 09:00:00,61.0,60.65,63.72,140.3,54.7
2016-04-18 09:30:00,60.4,59.91,64.95,595.97,54.18
2016-04-18 10:00:00,62.73,62.09,67.91,595.63,55.34
2016-04-18 10:30:00,56.02,55.27,64.48,595.97,49.35
2016-04-18 11:00:00,51.85,51.73,56.74,150.3,45.98
2016-04-18 11:30:00,54.65,55.11,56.45,595.63,48.0
2016-04-18 12:00:00,65.35,66.43,64.85,594.97,56.37
2016-04-18 12:30:00,62.23,63.81,60.91,140.3,53.62
2016-04-18 13:00:00,61.36,64.18,59.15,140.3,52.48
2016-04-18 13:30:00,56.92,59.34,58.27,140.3,51.72
2016-04-18 14:00:00,37.07,39.57,37.24,140.3,32.42
2016-04-18 14:30:00,62.21,67.03,62.45,143.72,55.86
2016-04-18 15:00:00,58.84,62.32,63.02,143.64,54.14
2016-04-18 15:30:00,54.23,55.5,63.04,144.3,51.69
2016-04-18 16:00:00,49.77,50.52,63.87,147.1,47.85
2016-04-18 16:30:00,50.07,52.43,64.72,149.09,47.63
2016-04-18 17:00:00,73.63,80.21,75.98,148.61,67.12
2016-04-18 17:30:00,76.3,82.8,80.15,150.3,68.67
2016-04-18 18:00:00,229.06,238.46,234.44,143.61,211.2
2016-04-18 18:30:00,273.25,277.65,303.06,141.96,257.57
2016-04-18 19:00:00,199.45,204.17,300.68,148.62,183.74
2016-04-18 19:30:00,54.79,56.67,75.06,145.3,49.88
2016-04-18 20:00:00,68.26,68.14,83.41,143.63,62.03
2016-04-18 20:30:00,62.28,62.15,73.57,140.3,55.77
2016-04-18 21:00:00,45.86,45.9,64.85,141.97,41.33
2016-04-18 21:30:00,38.07,38.28,58.14,140.3,33.86
2016-04-18 22:00:00,34.8,35.38,50.04,140.3,31.75
2016-04-18 22:30:00,146.08,147.26,139.82,140.3,129.38
2016-04-18 23:00:00,78.41,79.71,73.86,140.3,68.83
2016-04-18 23:30:00,69.02,67.91,65.78,140.3,62.87
2016-04-19 00:00:00,52.64,49.94,54.9,140.3,49.48
2016-04-19 00:30:00,45.24,43.86,53.33,140.3,30.06
2016-04-19 01:00:00,47.69,47.15,54.97,140.3,27.11
2016-04-19 01:30:00,40.57,39.96,45.0,140.3,25.66
2016-04-19 02:00:00,64.63,62.05,70.69,140.64,24.3
2016-04-19 02:30:00,51.89,49.36,53.2,140.3,24.7
2016-04-19 03:00:00,49.82,46.71,47.69,140.8,24.42
2016-04-19 03:30:00,48.05,45.44,47.09,140.3,24.2
2016-04-19 04:00:00,38.78,36.76,37.23,143.79,18.44
2016-04-19 04:30:00,50.35,48.74,46.57,594.34,21.38
2016-04-19 05:00:00,45.86,45.0,42.32,594.32,21.23
2016-04-19 05:30:00,44.96,45.6,40.15,594.32,18.73
2016-04-19 06:00:00,39.68,42.56,36.07,594.32,24.81
2016-04-19 06:30:00,108.95,116.69,53.49,520.31,61.69
2016-04-19 07:00:00,194.32,204.94,93.25,594.32,124.27
2016-04-19 07:30:00,38.47,40.2,37.75,140.32,34.2
2016-04-19 08:00:00,42.57,43.94,40.35,140.32,37.0
2016-04-19 08:30:00,48.68,49.37,45.78,140.32,42.76
2016-04-19 09:00:00,41.57,42.1,38.23,140.32,36.24
2016-04-19 09:30:00,49.67,49.31,47.49,140.32,44.97
2016-04-19 10:00:00,50.12,49.35,49.03,140.32,45.85
2016-04-19 10:30:00,52.91,52.08,51.37,298.27,48.3
2016-04-19 11:00:00,54.97,54.78,51.58,140.32,49.12
2016-04-19 11:30:00,49.55,49.55,46.14,140.32,43.85
2016-04-19 12:00:00,46.31,47.12,43.14,140.31,40.69
2016-04-19 12:30:00,49.19,50.11,46.43,140.32,43.39
2016-04-19 13:00:00,40.67,42.17,38.76,140.32,35.88
2016-04-19 13:30:00,36.34,38.18,35.68,140.32,32.73
2016-04-19 14:00:00,42.69,46.01,42.32,140.32,38.12
2016-04-19 14:30:00,35.39,48.69,36.26,140.31,32.51
2016-04-19 15:00:00,43.3,74.42,44.72,140.32,39.93
2016-04-19 15:30:00,56.72,78.08,59.17,140.31,51.67
2016-04-19 16:00:00,61.17,79.93,64.62,140.31,55.73
2016-04-19 16:30:00,56.94,75.83,64.99,140.31,52.11
2016-04-19 17:00:00,61.28,104.06,64.99,140.31,56.65
2016-04-19 17:30:00,62.1,66.11,67.32,140.32,57.46
2016-04-19 18:00:00,218.49,228.2,210.01,140.32,199.01
2016-04-19 18:30:00,185.16,187.54,182.39,140.32,172.25
2016-04-19 19:00:00,84.58,87.57,86.61,140.32,79.22
2016-04-19 19:30:00,50.97,53.95,61.97,140.32,46.8
2016-04-19 20:00:00,61.06,63.25,60.28,140.32,53.88
2016-04-19 20:30:00,60.19,63.03,56.01,140.32,52.17
2016-04-19 21:00:00,41.44,43.31,39.73,140.31,36.3
2016-04-19 21:30:00,35.58,37.21,33.75,140.27,31.64
2016-04-19 22:00:00,33.46,34.88,31.3,140.27,30.11
2016-04-19 22:30:00,122.78,126.42,102.16,140.32,105.77
2016-04-19 23:00:00,103.66,107.15,75.87,140.26,82.6
2016-04-19 23:30:00,214.32,218.5,188.64,140.26,194.38
2016-04-20 00:00:00,129.89,128.09,121.32,140.25,121.61
2016-04-20 00:30:00,48.72,48.93,42.83,140.25,35.47
2016-04-20 01:00:00,47.24,48.02,39.36,150.24,22.87
2016-04-20 01:30:00,36.07,36.02,25.55,140.32,26.55
2016-04-20 02:00:00,47.77,46.86,26.05,140.32,31.13
2016-04-20 02:30:00,42.64,41.5,23.32,150.24,27.53
2016-04-20 03:00:00,32.8,32.36,23.95,446.29,24.32
2016-04-20 03:30:00,34.92,34.06,20.99,446.29,23.45
2016-04-20 04:00:00,34.88,34.06,18.56,520.31,22.13
2016-04-20 04:30:00,59.24,57.96,17.56,594.32,30.38
2016-04-20 05:00:00,36.06,35.55,18.17,594.32,22.31
2016-04-20 05:30:00,32.58,32.56,15.1,373.67,19.78
2016-04-20 06:00:00,36.91,38.87,19.14,444.08,23.57
2016-04-20 06:30:00,56.18,61.5,24.78,447.25,34.94
2016-04-20 07:00:00,191.79,206.49,33.29,520.41,104.06
2016-04-20 07:30:00,33.31,36.64,23.86,140.32,27.08
2016-04-20 08:00:00,35.75,38.74,34.37,594.32,34.0
2016-04-20 08:30:00,35.48,37.88,34.42,140.32,33.58
2016-04-20 09:00:00,38.27,40.19,37.91,520.29,36.61
2016-04-20 09:30:00,48.76,50.7,51.12,301.96,47.68
2016-04-20 10:00:00,56.59,58.73,57.75,150.44,53.59
2016-04-20 10:30:00,34.25,35.62,36.7,140.27,33.21
2016-04-20 11:00:00,63.48,69.28,64.71,140.27,59.89
2016-04-20 11:30:00,39.25,43.02,40.12,140.27,36.96
2016-04-20 12:00:00,34.06,37.3,33.68,140.22,32.0
2016-04-20 12:30:00,42.66,47.85,36.22,140.18,33.9
2016-04-20 13:00:00,42.15,47.87,42.83,140.18,40.58
2016-04-20 13:30:00,38.7,44.02,40.99,140.2,38.02
2016-04-20 14:00:00,36.97,45.35,37.54,140.23,35.11
2016-04-20 14:30:00,41.29,45.97,41.42,140.23,39.51
2016-04-20 15:00:00,39.22,42.96,36.74,140.23,36.26
2016-04-20 15:30:00,38.73,42.55,35.11,140.23,34.88
2016-04-20 16:00:00,43.35,47.5,39.6,140.24,38.99
2016-04-20 16:30:00,65.21,72.49,60.17,216.37,58.84
2016-04-20 17:00:00,57.96,65.03,54.0,140.25,53.13
2016-04-20 17:30:00,53.98,60.71,51.22,140.28,49.96
2016-04-20 18:00:00,71.58,83.74,65.49,140.32,64.39
2016-04-20 18:30:00,60.62,80.1,58.84,140.32,56.09
2016-04-20 19:00:00,36.21,68.19,37.55,140.32,34.33
2016-04-20 19:30:00,32.96,45.48,34.05,140.32,31.23
2016-04-20 20:00:00,41.98,48.88,41.01,140.28,37.8
2016-04-20 20:30:00,36.9,41.09,34.68,140.32,32.0
2016-04-20 21:00:00,36.25,39.56,34.84,140.25,32.0
2016-04-20 21:30:00,34.97,37.09,35.7,140.25,32.0
2016-04-20 22:00:00,33.64,35.19,34.32,140.25,30.96
2016-04-20 22:30:00,49.06,51.84,47.12,140.25,43.64
2016-04-20 23:00:00,44.05,47.64,41.63,140.25,38.48
2016-04-20 23:30:00,39.35,42.61,24.67,140.25,23.38
2016-04-21 00:00:00,79.42,84.43,71.01,140.24,45.7
2016-04-21 00:30:00,33.77,34.73,44.72,140.22,29.72
2016-04-21 01:00:00,33.91,34.14,35.1,239.74,26.58
2016-04-21 01:30:00,30.65,30.6,30.16,140.23,24.78
2016-04-21 02:00:00,30.58,30.39,31.09,140.22,25.78
2016-04-21 02:30:00,29.75,29.72,29.33,140.18,25.2
2016-04-21 03:00:00,29.01,28.72,28.11,140.21,24.5
2016-04-21 03:30:00,28.33,27.85,27.49,140.24,24.26
2016-04-21 04:00:00,27.29,27.89,26.12,142.77,23.18
2016-04-21 04:30:00,29.95,29.86,29.72,140.24,26.34
2016-04-21 05:00:00,30.81,30.52,31.71,352.58,27.88
2016-04-21 05:30:00,30.84,30.77,31.77,594.32,28.46
2016-04-21 06:00:00,38.9,40.58,40.8,594.32,36.76
2016-04-21 06:30:00,68.78,75.09,70.66,594.12,67.8
2016-04-21 07:00:00,176.19,185.85,180.91,594.29,178.42
2016-04-21 07:30:00,41.74,44.8,43.65,140.28,41.26
2016-04-21 08:00:00,48.69,51.53,53.15,140.31,49.42
2016-04-21 08:30:00,59.26,62.24,63.4,140.32,59.99
2016-04-21 09:00:00,59.18,60.97,63.04,594.3,60.54
2016-04-21 09:30:00,58.28,59.91,61.73,596.54,59.21
2016-04-21 10:00:00,48.74,49.31,53.61,594.38,50.55
2016-04-21 10:30:00,55.64,56.8,60.93,595.4,57.67
2016-04-21 11:00:00,64.51,67.07,69.87,595.73,66.13
2016-04-21 11:30:00,74.91,78.27,79.63,594.37,76.56
2016-04-21 12:00:00,68.04,70.68,72.39,597.87,69.62
2016-04-21 12:30:00,56.11,57.46,60.41,150.32,57.53
2016-04-21 13:00:00,49.65,51.25,53.12,150.3,51.16
2016-04-21 13:30:00,59.59,60.95,61.86,148.56,59.6
2016-04-21 14:00:00,56.61,57.45,59.86,150.32,57.04
2016-04-21 14:30:00,53.54,54.48,55.66,148.81,53.06
2016-04-21 15:00:00,34.22,36.0,34.07,150.32,32.32
2016-04-21 15:30:00,34.61,36.35,33.7,149.99,32.0
2016-04-21 16:00:00,42.97,45.62,40.4,144.64,38.62
2016-04-21 16:30:00,50.4,53.72,48.67,293.03,46.08
2016-04-21 17:00:00,51.63,55.41,51.61,297.96,48.16
2016-04-21 17:30:00,60.33,64.99,59.17,140.3,56.33
2016-04-21 18:00:00,220.67,236.39,210.03,143.65,202.73
2016-04-21 18:30:00,75.37,80.3,74.27,140.32,70.96
2016-04-21 19:00:00,64.67,71.06,65.33,140.32,61.09
2016-04-21 19:30:00,37.38,40.46,36.24,140.32,34.37
2016-04-21 20:00:00,54.13,57.46,48.04,140.32,47.13
2016-04-21 20:30:00,62.51,65.16,52.0,141.98,52.19
2016-04-21 21:00:00,62.68,65.1,53.36,140.32,52.79
2016-04-21 21:30:00,38.08,38.79,33.67,140.32,33.03
2016-04-21 22:00:00,35.23,35.38,31.81,140.32,31.07
2016-04-21 22:30:00,125.83,123.98,98.44,140.32,103.24
2016-04-21 23:00:00,78.83,79.67,62.2,140.32,53.24
2016-04-21 23:30:00,119.01,118.58,101.57,140.32,105.12
2016-04-22 00:00:00,151.0,145.73,141.53,141.98,139.65
2016-04-22 00:30:00,66.52,66.17,63.41,150.3,51.81
2016-04-22 01:00:00,67.73,70.76,58.9,140.34,31.2
2016-04-22 01:30:00,51.13,51.45,45.24,146.97,29.38
2016-04-22 02:00:00,47.57,47.05,39.87,141.95,22.65
2016-04-22 02:30:00,33.09,33.3,28.82,140.32,25.2
2016-04-22 03:00:00,29.92,30.6,24.84,141.97,24.17
2016-04-22 03:30:00,29.97,30.62,19.99,141.17,21.54
2016-04-22 04:00:00,29.97,30.68,17.1,140.34,19.97
2016-04-22 04:30:00,29.95,30.68,10.37,594.32,16.4
2016-04-22 05:00:00,29.93,30.6,11.6,594.66,17.1
2016-04-22 05:30:00,31.49,32.69,7.92,595.01,16.05
2016-04-22 06:00:00,34.42,37.02,11.83,594.98,19.44
2016-04-22 06:30:00,146.54,152.45,19.41,595.32,70.83
2016-04-22 07:00:00,123.94,127.53,61.9,595.99,84.8
2016-04-22 07:30:00,43.89,48.26,38.85,146.99,39.28
2016-04-22 08:00:00,47.63,51.85,42.61,596.32,43.31
2016-04-22 08:30:00,71.43,79.08,62.25,596.65,62.48
2016-04-22 09:00:00,73.83,81.41,66.71,596.32,65.07
2016-04-22 09:30:00,74.06,80.96,68.85,595.64,66.56
2016-04-22 10:00:00,55.47,60.86,49.97,595.47,49.57
2016-04-22 10:30:00,72.9,81.11,60.12,145.3,62.05
2016-04-22 11:00:00,72.48,80.5,60.41,594.31,63.34
2016-04-22 11:30:00,55.07,60.54,46.78,140.3,48.75
2016-04-22 12:00:00,52.43,57.67,45.52,140.3,46.41
2016-04-22 12:30:00,67.39,74.88,60.85,140.29,60.7
2016-04-22 13:00:00,66.5,112.28,59.35,140.28,58.77
2016-04-22 13:30:00,71.64,90.66,67.8,140.25,66.31
2016-04-22 14:00:00,66.29,75.86,58.78,140.24,58.22
2016-04-22 14:30:00,62.33,71.58,55.45,140.27,55.18
2016-04-22 15:00:00,48.79,55.32,44.06,140.27,43.72
2016-04-22 15:30:00,67.13,77.04,60.09,140.28,59.5
2016-04-22 16:00:00,62.4,70.62,56.15,141.96,55.61
2016-04-22 16:30:00,56.34,62.19,51.67,140.25,51.24
2016-04-22 17:00:00,66.14,73.32,59.14,140.24,59.44
2016-04-22 17:30:00,51.68,57.4,47.18,140.27,46.57
2016-04-22 18:00:00,64.73,69.37,60.12,140.32,59.1
2016-04-22 18:30:00,65.52,69.82,63.35,141.97,61.8
2016-04-22 19:00:00,53.7,57.14,51.78,140.3,50.15
2016-04-22 19:30:00,57.61,62.04,54.49,140.3,52.11
2016-04-22 20:00:00,74.25,78.93,65.75,140.31,64.64
2016-04-22 20:30:00,73.29,77.38,63.55,140.32,62.71
2016-04-22 21:00:00,51.88,54.19,45.25,143.64,44.95
2016-04-22 21:30:00,36.71,38.64,32.15,140.36,31.99
2016-04-22 22:00:00,35.72,36.79,31.51,141.97,31.84
2016-04-22 22:30:00,78.69,78.91,64.39,146.97,67.61
2016-04-22 23:00:00,61.88,62.5,52.48,221.3,53.39
2016-04-22 23:30:00,121.38,122.76,95.73,148.7,105.35
2016-04-23 00:00:00,88.84,87.39,75.63,149.97,80.19
2016-04-23 00:30:00,41.49,40.59,35.87,140.4,36.65
2016-04-23 01:00:00,41.55,41.59,34.81,140.63,35.15
2016-04-23 01:30:00,40.41,41.49,27.99,140.62,30.75
2016-04-23 02:00:00,59.8,59.97,38.13,140.63,32.09
2016-04-23 02:30:00,51.52,51.1,21.9,149.5,30.85
2016-04-23 03:00:00,47.58,47.6,20.44,144.98,28.58
2016-04-23 03:30:00,48.64,48.82,18.46,145.14,27.83
2016-04-23 04:00:00,29.65,30.06,15.23,149.33,19.16
2016-04-23 04:30:00,30.26,31.24,15.86,140.57,19.78
2016-04-23 05:00:00,29.29,30.09,15.49,140.57,19.17
2016-04-23 05:30:00,29.95,31.09,13.69,150.1,18.4
2016-04-23 06:00:00,31.68,33.32,16.3,150.27,20.48
2016-04-23 06:30:00,38.39,40.57,21.07,150.27,25.66
2016-04-23 07:00:00,45.61,47.4,29.05,595.47,32.94
2016-04-23 07:30:00,59.77,61.06,39.92,594.23,44.76
2016-04-23 08:00:00,50.03,51.78,41.07,594.23,42.61
2016-04-23 08:30:00,62.17,65.0,52.58,594.23,54.46
2016-04-23 09:00:00,72.07,75.13,61.88,594.23,63.82
2016-04-23 09:30:00,84.64,87.17,71.03,594.23,73.55
2016-04-23 10:00:00,51.96,53.12,32.83,594.23,38.77
2016-04-23 10:30:00,57.21,57.94,10.97,594.23,27.99
2016-04-23 11:00:00,57.41,58.58,16.64,141.98,30.64
2016-04-23 11:30:00,48.97,49.19,21.57,594.25,29.87
2016-04-23 12:00:00,49.1,49.82,18.84,594.26,28.29
2016-04-23 12:30:00,47.08,47.33,23.22,594.26,29.69
2016-04-23 13:00:00,40.69,41.62,21.14,594.23,26.13
2016-04-23 13:30:00,34.86,36.42,21.75,140.24,24.35
2016-04-23 14:00:00,40.1,42.5,24.72,140.24,28.13
2016-04-23 14:30:00,39.72,42.05,20.52,140.29,25.68
2016-04-23 15:00:00,44.49,47.32,23.0,140.31,24.75
2016-04-23 15:30:00,53.59,57.14,31.26,140.28,27.86
2016-04-23 16:00:00,60.82,65.19,32.27,140.3,40.03
2016-04-23 16:30:00,61.45,65.27,33.22,140.27,40.79
2016-04-23 17:00:00,64.75,69.78,32.68,141.96,41.71
2016-04-23 17:30:00,60.41,62.91,42.07,140.29,45.82
2016-04-23 18:00:00,83.11,85.7,68.54,145.29,70.07
2016-04-23 18:30:00,73.12,74.55,65.86,140.52,64.83
2016-04-23 19:00:00,59.15,60.52,49.68,140.57,49.85
2016-04-23 19:30:00,48.58,50.4,27.54,140.54,33.28
2016-04-23 20:00:00,50.87,51.87,20.84,140.36,30.37
2016-04-23 20:30:00,50.58,51.14,22.95,140.32,31.23
2016-04-23 21:00:00,52.3,53.04,34.06,219.42,33.27
2016-04-23 21:30:00,47.5,47.78,26.58,140.57,32.0
2016-04-23 22:00:00,37.14,37.44,20.0,140.57,24.75
2016-04-23 22:30:00,90.86,96.17,25.91,142.01,40.49
2016-04-23 23:00:00,87.64,95.44,17.46,143.64,41.93
2016-04-23 23:30:00,48.55,50.95,13.6,140.32,27.08
2016-04-24 00:00:00,39.29,40.65,30.71,140.26,30.59
2016-04-24 00:30:00,37.43,40.27,23.47,140.26,26.3
2016-04-24 01:00:00,34.01,36.83,21.21,140.26,24.7
2016-04-24 01:30:00,31.99,34.21,19.01,140.26,22.55
2016-04-24 02:00:00,30.63,32.27,17.5,140.26,21.04
2016-04-24 02:30:00,29.78,31.29,16.34,140.26,19.98
2016-04-24 03:00:00,30.89,32.34,16.3,140.26,20.18
2016-04-24 03:30:00,36.46,37.83,16.63,140.26,22.23
2016-04-24 04:00:00,38.3,39.59,18.06,140.26,23.41
2016-04-24 04:30:00,39.32,40.24,19.92,140.48,24.47
2016-04-24 05:00:00,31.28,31.17,18.66,140.57,21.08
2016-04-24 05:30:00,42.45,42.22,23.94,140.26,27.81
2016-04-24 06:00:00,46.67,46.98,24.92,140.26,29.91
2016-04-24 06:30:00,49.7,49.08,26.98,140.26,32.11
2016-04-24 07:00:00,39.54,37.89,23.72,594.46,22.59
2016-04-24 07:30:00,39.02,37.23,20.38,594.25,22.21
2016-04-24 08:00:00,32.21,30.95,17.65,594.25,21.24
2016-04-24 08:30:00,33.99,33.0,21.28,594.16,24.03
2016-04-24 09:00:00,33.5,32.92,20.5,594.32,23.35
2016-04-24 09:30:00,33.98,33.32,18.07,594.32,22.11
2016-04-24 10:00:00,33.06,32.09,17.59,594.29,21.48
2016-04-24 10:30:00,32.75,31.38,16.79,594.24,21.02
2016-04-24 11:00:00,31.82,30.67,11.23,140.24,17.74
2016-04-24 11:30:00,31.72,30.18,2.26,594.31,13.16
2016-04-24 12:00:00,31.11,29.71,8.6,594.25,16.29
2016-04-24 12:30:00,31.46,30.18,16.07,594.25,19.93
2016-04-24 13:00:00,31.37,30.22,22.26,594.25,18.21
2016-04-24 13:30:00,31.03,30.67,23.14,140.24,17.86
2016-04-24 14:00:00,33.08,33.23,28.28,140.24,22.01
2016-04-24 14:30:00,34.34,35.17,29.99,140.24,25.02
2016-04-24 15:00:00,39.75,40.97,35.17,140.24,25.62
2016-04-24 15:30:00,46.47,47.35,41.63,140.25,27.7
2016-04-24 16:00:00,53.02,53.63,47.89,147.04,31.58
2016-04-24 16:30:00,43.24,45.26,40.73,140.24,31.45
2016-04-24 17:00:00,51.57,54.57,47.46,140.24,32.58
2016-04-24 17:30:00,53.01,54.26,49.46,140.27,30.42
2016-04-24 18:00:00,65.47,65.62,64.64,140.28,59.91
2016-04-24 18:30:00,86.52,85.69,82.06,140.32,79.63
2016-04-24 19:00:00,69.36,68.99,68.64,140.32,64.84
2016-04-24 19:30:00,49.05,47.99,51.71,140.27,46.63
2016-04-24 20:00:00,50.71,49.02,53.04,140.3,47.44
2016-04-24 20:30:00,51.61,49.24,50.3,140.32,46.52
2016-04-24 21:00:00,47.25,45.39,42.93,140.32,35.29
2016-04-24 21:30:00,53.31,50.2,51.38,140.32,46.69
2016-04-24 22:00:00,46.93,45.46,41.61,140.32,30.2
2016-04-24 22:30:00,105.12,105.78,81.54,140.32,27.3
2016-04-24 23:00:00,85.81,87.54,65.87,143.65,28.64
2016-04-24 23:30:00,74.73,74.23,47.47,141.99,54.75
2016-04-25 00:00:00,99.32,95.96,90.56,140.32,88.54
2016-04-25 00:30:00,41.91,41.16,39.02,140.32,36.99
2016-04-25 01:00:00,32.8,33.59,28.23,140.32,26.0
2016-04-25 01:30:00,31.25,32.02,22.49,140.32,23.59
2016-04-25 02:00:00,33.16,33.24,20.69,140.32,23.24
2016-04-25 02:30:00,30.7,30.83,16.32,140.3,19.93
2016-04-25 03:00:00,33.96,33.61,7.42,140.26,16.45
2016-04-25 03:30:00,28.98,29.33,6.37,140.26,14.21
2016-04-25 04:00:00,28.96,29.48,-12.23,140.26,4.17
2016-04-25 04:30:00,29.59,29.76,-27.73,140.57,-3.98
2016-04-25 05:00:00,29.47,29.19,-23.19,144.94,-1.57
2016-04-25 05:30:00,23.96,22.87,-18.52,148.7,-1.04
2016-04-25 06:00:00,30.83,29.77,-7.85,150.32,7.45
2016-04-25 06:30:00,30.17,29.52,-1.93,150.32,10.46
2016-04-25 07:00:00,34.3,34.3,3.11,594.32,14.72
2016-04-25 07:30:00,32.66,32.88,8.23,594.27,16.87
2016-04-25 08:00:00,32.52,32.55,8.84,594.27,17.26
2016-04-25 08:30:00,33.6,33.17,8.47,594.31,17.48
2016-04-25 09:00:00,32.38,32.07,8.62,594.31,16.97
2016-04-25 09:30:00,33.45,33.03,10.46,594.28,18.04
2016-04-25 10:00:00,33.9,33.44,10.81,594.26,18.14
2016-04-25 10:30:00,35.08,35.0,9.77,594.25,18.05
2016-04-25 11:00:00,37.89,37.99,2.91,140.27,15.55
2016-04-25 11:30:00,33.92,33.79,-0.59,594.23,12.23
2016-04-25 12:00:00,33.92,34.04,-2.68,594.23,11.12
2016-04-25 12:30:00,37.03,37.3,-4.84,594.23,11.1
2016-04-25 13:00:00,37.91,38.07,6.23,594.23,16.92
2016-04-25 13:30:00,34.93,35.56,12.94,140.24,18.74
2016-04-25 14:00:00,38.52,39.31,15.63,140.24,19.67
2016-04-25 14:30:00,36.62,37.94,23.38,140.24,25.17
2016-04-25 15:00:00,48.17,49.71,33.94,140.24,33.09
2016-04-25 15:30:00,50.8,52.67,45.44,140.24,34.06
2016-04-25 16:00:00,50.88,53.8,47.99,140.24,41.16
2016-04-25 16:30:00,57.95,61.62,50.71,140.26,31.92
2016-04-25 17:00:00,55.95,61.46,49.63,140.31,34.88
2016-04-25 17:30:00,79.62,86.02,75.29,295.3,61.49
2016-04-25 18:00:00,296.47,317.7,271.61,146.99,265.73
2016-04-25 18:30:00,227.3,235.37,209.81,150.32,207.15
2016-04-25 19:00:00,97.15,101.73,88.36,150.32,85.48
2016-04-25 19:30:00,51.87,55.13,44.4,150.32,42.54
2016-04-25 20:00:00,58.2,60.22,55.3,150.32,50.13
2016-04-25 20:30:00,114.08,118.34,80.1,150.31,53.61
2016-04-25 21:00:00,67.87,71.66,65.23,150.32,50.64
2016-04-25 21:30:00,57.02,59.2,48.86,150.3,23.54
2016-04-25 22:00:00,48.62,50.5,41.28,150.31,21.28
2016-04-25 22:30:00,102.25,108.04,57.69,150.29,24.49
2016-04-25 23:00:00,91.63,97.6,45.11,150.29,34.7
2016-04-25 23:30:00,175.93,186.04,75.42,148.62,56.29
2016-04-26 00:00:00,99.06,101.51,76.68,150.32,28.35
2016-04-26 00:30:00,52.37,54.35,36.33,145.29,28.28
2016-04-26 01:00:00,40.08,42.33,18.3,150.27,24.46
2016-04-26 01:30:00,40.07,42.6,13.0,150.27,21.68
2016-04-26 02:00:00,50.25,51.86,10.07,150.27,24.02
2016-04-26 02:30:00,43.61,45.28,8.19,150.27,20.76
2016-04-26 03:00:00,38.84,40.41,-4.93,150.27,11.93
2016-04-26 03:30:00,31.57,33.71,-5.16,150.27,8.97
2016-04-26 04:00:00,30.61,32.66,1.38,150.27,12.13
2016-04-26 04:30:00,32.26,34.47,-0.08,145.32,12.0
2016-04-26 05:00:00,30.07,31.05,-18.61,143.44,1.24
2016-04-26 05:30:00,49.56,52.61,-1.73,150.28,17.76
2016-04-26 06:00:00,62.64,67.21,6.41,150.32,27.27
2016-04-26 06:30:00,258.09,263.38,3.63,148.65,109.5
2016-04-26 07:00:00,296.01,297.05,-8.0,596.97,121.53
2016-04-26 07:30:00,59.91,63.92,14.11,599.19,32.68
2016-04-26 08:00:00,70.08,73.74,11.96,598.32,36.93
2016-04-26 08:30:00,79.02,81.53,14.1,598.32,42.04
2016-04-26 09:00:00,71.86,74.39,14.42,597.65,38.74
2016-04-26 09:30:00,71.17,73.51,26.68,597.95,41.96
2016-04-26 10:00:00,59.53,61.66,39.32,597.28,45.58
2016-04-26 10:30:00,62.42,65.92,28.33,596.25,33.42
2016-04-26 11:00:00,51.29,54.04,37.53,150.25,40.1
2016-04-26 11:30:00,72.35,75.24,63.83,595.24,68.3
2016-04-26 12:00:00,140.76,143.87,125.21,594.34,131.47
2016-04-26 12:30:00,75.67,78.46,64.23,594.37,68.02
2016-04-26 13:00:00,109.91,117.49,89.36,594.29,96.55
2016-04-26 13:30:00,106.91,115.04,84.57,140.29,92.42
2016-04-26 14:00:00,92.77,98.86,76.09,140.29,81.02
2016-04-26 14:30:00,97.78,101.47,82.29,140.3,87.52
2016-04-26 15:00:00,121.23,124.89,103.52,141.99,109.01
2016-04-26 15:30:00,122.9,125.9,102.82,148.65,109.71
2016-04-26 16:00:00,116.55,117.83,96.16,148.65,103.14
2016-04-26 16:30:00,100.71,103.59,82.46,150.29,88.6
2016-04-26 17:00:00,146.66,153.55,131.53,150.32,136.92
2016-04-26 17:30:00,80.67,83.79,59.06,150.32,56.34
2016-04-26 18:00:00,208.21,207.81,104.32,150.3,99.89
2016-04-26 18:30:00,115.92,116.85,89.91,150.29,89.05
2016-04-26 19:00:00,118.32,123.26,51.25,150.28,47.29
2016-04-26 19:30:00,76.56,81.35,47.93,150.32,45.57
2016-04-26 20:00:00,75.44,82.69,50.99,150.29,49.92
2016-04-26 20:30:00,72.47,79.37,57.59,141.93,57.61
2016-04-26 21:00:00,73.31,77.06,53.19,140.26,55.3
2016-04-26 21:30:00,69.69,72.57,33.43,150.32,34.48
2016-04-26 22:00:00,40.62,42.43,12.93,150.32,13.32
2016-04-26 22:30:00,195.62,196.09,12.81,150.32,13.33
2016-04-26 23:00:00,182.21,185.34,1.93,150.29,2.04
2016-04-26 23:30:00,123.84,126.29,34.2,150.26,37.75
2016-04-27 00:00:00,108.31,108.56,60.62,150.25,67.27
2016-04-27 00:30:00,61.78,62.66,0.5,150.22,0.44
2016-04-27 01:00:00,65.12,68.19,7.05,150.22,7.22
2016-04-27 01:30:00,53.28,54.87,-36.33,141.87,-37.18
2016-04-27 02:00:00,127.96,128.11,-37.95,150.32,-38.32
2016-04-27 02:30:00,43.99,44.75,-36.6,148.65,-36.75
2016-04-27 03:00:00,34.18,35.07,-38.08,150.32,-37.74
2016-04-27 03:30:00,44.7,45.3,-42.83,150.32,-43.01
2016-04-27 04:00:00,156.41,157.8,-43.74,150.32,-43.68
2016-04-27 04:30:00,106.6,106.88,-38.1,594.32,-38.26
2016-04-27 05:00:00,39.94,40.49,-38.35,594.51,-38.87
2016-04-27 05:30:00,69.51,70.57,-36.38,594.29,-37.2
2016-04-27 06:00:00,92.74,98.05,-11.29,596.67,-11.45
2016-04-27 06:30:00,292.34,301.92,11.34,594.28,11.55
2016-04-27 07:00:00,296.18,311.57,9.75,594.32,9.87
2016-04-27 07:30:00,103.37,116.71,19.35,140.31,19.8
2016-04-27 08:00:00,73.78,80.22,30.11,140.32,30.2
2016-04-27 08:30:00,79.92,85.14,30.82,143.63,30.76
2016-04-27 09:00:00,67.14,71.98,29.33,140.31,29.29
2016-04-27 09:30:00,66.87,71.53,30.23,140.29,30.4
2016-04-27 10:00:00,69.38,74.01,30.92,140.28,30.2
2016-04-27 10:30:00,65.85,70.7,32.51,153.44,31.62
2016-04-27 11:00:00,67.95,72.97,28.49,140.31,26.96
2016-04-27 11:30:00,66.52,72.68,33.5,141.96,32.06
2016-04-27 12:00:00,63.35,68.75,36.23,140.29,36.39
2016-04-27 12:30:00,94.49,103.83,25.62,140.29,24.43
2016-04-27 13:00:00,95.6,105.71,23.64,140.29,22.68
2016-04-27 13:30:00,83.16,90.12,17.96,140.28,17.12
2016-04-27 14:00:00,81.85,88.16,18.61,140.28,17.56
2016-04-27 14:30:00,74.07,79.24,18.87,140.28,21.42
2016-04-27 15:00:00,60.65,63.3,25.12,140.28,23.44
2016-04-27 15:30:00,74.85,76.7,26.22,140.28,23.43
2016-04-27 16:00:00,92.97,96.28,23.16,140.28,20.51
2016-04-27 16:30:00,106.19,110.41,29.19,140.29,18.96
2016-04-27 17:00:00,59.77,65.0,26.14,140.28,23.57
2016-04-27 17:30:00,128.68,131.61,48.33,140.29,44.9
2016-04-27 18:00:00,246.0,248.04,107.76,140.32,105.0
2016-04-27 18:30:00,74.55,77.03,65.82,140.31,64.47
2016-04-27 19:00:00,71.41,76.01,49.33,140.3,44.87
2016-04-27 19:30:00,58.8,62.36,30.73,140.32,25.55
2016-04-27 20:00:00,119.97,120.45,39.51,140.29,26.03
2016-04-27 20:30:00,144.11,143.98,54.63,140.26,49.91
2016-04-27 21:00:00,76.73,77.2,29.87,140.26,27.62
2016-04-27 21:30:00,80.2,80.21,36.62,140.26,32.39
2016-04-27 22:00:00,50.83,51.85,21.37,140.27,17.94
2016-04-27 22:30:00,214.36,210.61,50.55,140.28,13.04
2016-04-27 23:00:00,147.12,145.18,34.01,140.28,21.27
2016-04-27 23:30:00,114.53,110.9,24.04,140.29,22.21
2016-04-28 00:00:00,73.33,70.7,45.65,140.32,40.81
2016-04-28 00:30:00,53.82,52.38,19.85,140.31,15.04
2016-04-28 01:00:00,48.24,46.93,20.48,594.28,10.69
2016-04-28 01:30:00,54.03,53.68,21.75,140.28,9.66
2016-04-28 02:00:00,133.44,132.0,43.08,140.26,9.37
2016-04-28 02:30:00,57.0,57.09,20.79,594.07,9.19
2016-04-28 03:00:00,52.89,52.98,17.2,224.18,4.4
2016-04-28 03:30:00,50.19,50.51,18.69,150.2,9.18
2016-04-28 04:00:00,54.24,54.37,21.41,150.04,9.18
2016-04-28 04:30:00,55.55,55.7,22.13,140.23,9.19
2016-04-28 05:00:00,82.75,83.11,30.4,144.42,9.21
2016-04-28 05:30:00,163.42,162.58,54.93,144.45,10.71
2016-04-28 06:00:00,82.32,83.11,33.81,141.9,11.18
2016-04-28 06:30:00,244.7,244.3,84.79,140.28,17.38
2016-04-28 07:00:00,296.87,293.99,280.72,215.91,81.61
2016-04-28 07:30:00,168.1,172.79,122.06,140.27,123.84
2016-04-28 08:00:00,90.41,92.36,85.52,140.26,80.3
2016-04-28 08:30:00,111.6,112.42,81.91,141.98,86.36
2016-04-28 09:00:00,97.93,98.23,72.06,140.29,75.35
2016-04-28 09:30:00,119.76,120.37,80.56,140.32,81.58
2016-04-28 10:00:00,76.79,78.19,73.69,141.94,68.77
2016-04-28 10:30:00,94.57,97.6,93.23,594.68,86.54
2016-04-28 11:00:00,178.02,181.84,93.25,595.06,107.07
2016-04-28 11:30:00,73.64,74.62,57.17,145.77,58.76
2016-04-28 12:00:00,81.24,82.95,80.55,141.92,75.83
2016-04-28 12:30:00,82.41,84.89,77.25,145.26,74.54
2016-04-28 13:00:00,87.79,92.15,79.49,143.2,78.67
2016-04-28 13:30:00,114.4,120.71,80.34,171.0,90.47
2016-04-28 14:00:00,150.25,159.52,69.7,147.05,99.21
2016-04-28 14:30:00,219.02,224.41,-126.12,143.8,25.32
2016-04-28 15:00:00,174.58,179.35,44.55,368.4,99.39
2016-04-28 15:30:00,150.32,153.03,61.67,218.97,99.66
2016-04-28 16:00:00,158.42,160.35,99.07,150.26,123.09
2016-04-28 16:30:00,85.37,86.39,78.59,144.6,80.24
2016-04-28 17:00:00,73.8,77.01,64.35,140.36,65.35
2016-04-28 17:30:00,61.85,64.58,58.2,147.79,55.64
2016-04-28 18:00:00,133.55,139.38,74.33,147.96,74.56
2016-04-28 18:30:00,65.13,68.59,57.32,227.7,56.51
2016-04-28 19:00:00,60.12,65.4,47.82,149.46,48.56
2016-04-28 19:30:00,53.09,58.72,41.47,149.45,42.22
2016-04-28 20:00:00,70.97,77.4,59.17,147.13,59.56
2016-04-28 20:30:00,111.44,115.56,89.03,150.26,93.8
2016-04-28 21:00:00,184.32,185.82,171.95,148.63,166.88
2016-04-28 21:30:00,72.65,75.14,67.44,150.26,65.75
2016-04-28 22:00:00,35.08,36.37,28.18,150.26,27.66
2016-04-28 22:30:00,138.73,134.97,22.03,150.26,21.26
2016-04-28 23:00:00,139.61,138.05,17.43,144.67,17.23
2016-04-28 23:30:00,90.13,91.11,36.45,594.56,39.11
2016-04-29 00:00:00,52.33,53.27,43.32,141.87,46.01
2016-04-29 00:30:00,34.82,35.59,26.2,140.22,25.95
2016-04-29 01:00:00,47.54,49.15,14.6,372.25,14.04
2016-04-29 01:30:00,34.69,36.28,10.18,140.2,10.06
2016-04-29 02:00:00,50.62,50.99,12.01,140.2,11.69
2016-04-29 02:30:00,56.88,57.35,6.52,140.2,6.13
2016-04-29 03:00:00,101.83,104.09,0.0,594.21,0.0
2016-04-29 03:30:00,82.48,84.96,-0.38,594.2,-0.35
2016-04-29 04:00:00,47.19,49.12,-1.24,594.22,-1.17
2016-04-29 04:30:00,51.63,53.22,3.32,594.26,-1.58
2016-04-29 05:00:00,64.35,66.73,21.14,446.27,6.13
2016-04-29 05:30:00,151.71,157.35,46.35,150.3,10.36
2016-04-29 06:00:00,110.65,118.21,38.2,148.63,12.18
2016-04-29 06:30:00,148.74,154.07,49.4,444.64,10.5
2016-04-29 07:00:00,257.56,263.95,83.47,370.62,16.29
2016-04-29 07:30:00,75.38,81.74,47.7,140.28,49.5
2016-04-29 08:00:00,72.8,79.67,57.3,217.64,60.57
2016-04-29 08:30:00,72.42,80.16,66.84,146.95,66.47
2016-04-29 09:00:00,72.15,80.63,72.01,141.94,67.87
2016-04-29 09:30:00,76.34,84.53,73.06,145.25,70.8
2016-04-29 10:00:00,76.71,84.32,74.97,140.3,71.55
2016-04-29 10:30:00,76.24,84.41,70.57,595.28,68.36
2016-04-29 11:00:00,85.6,92.11,78.21,148.59,76.89
2016-04-29 11:30:00,97.3,102.3,89.83,140.26,89.18
2016-04-29 12:00:00,85.87,90.1,79.46,143.59,78.27
2016-04-29 12:30:00,77.77,83.94,56.25,140.25,62.16
2016-04-29 13:00:00,102.63,114.6,60.06,148.59,75.56
2016-04-29 13:30:00,66.08,74.71,63.83,149.16,61.78
2016-04-29 14:00:00,74.98,83.99,72.61,142.5,68.02
2016-04-29 14:30:00,68.97,77.31,67.19,143.62,62.21
2016-04-29 15:00:00,73.94,81.11,73.23,228.58,67.54
2016-04-29 15:30:00,62.31,68.57,64.13,153.6,56.71
2016-04-29 16:00:00,60.89,68.46,69.38,147.51,56.4
2016-04-29 16:30:00,64.66,72.47,78.65,148.59,61.59
2016-04-29 17:00:00,69.62,78.71,96.38,145.26,65.52
2016-04-29 17:30:00,65.38,70.58,90.45,379.88,61.28
2016-04-29 18:00:00,122.98,130.75,156.52,221.94,114.78
2016-04-29 18:30:00,80.46,84.73,120.3,144.44,78.05
2016-04-29 19:00:00,83.88,90.91,139.8,149.44,81.06
2016-04-29 19:30:00,68.19,74.79,101.3,146.99,66.0
2016-04-29 20:00:00,70.48,77.84,93.69,142.81,66.67
2016-04-29 20:30:00,55.71,61.69,79.05,147.81,52.33
2016-04-29 21:00:00,56.17,61.49,74.59,142.81,52.58
2016-04-29 21:30:00,48.93,53.61,61.79,151.93,45.27
2016-04-29 22:00:00,35.52,38.9,51.61,147.83,33.3
2016-04-29 22:30:00,44.55,48.19,49.31,143.61,38.5
2016-04-29 23:00:00,45.47,49.18,45.29,150.26,25.98
2016-04-29 23:30:00,82.25,90.44,84.67,297.59,77.59
2016-04-30 00:00:00,55.64,59.07,59.27,150.26,52.01
2016-04-30 00:30:00,33.99,35.65,42.37,149.17,26.09
2016-04-30 01:00:00,33.26,35.73,95.27,334.02,25.2
2016-04-30 01:30:00,31.63,34.61,47.01,143.76,25.2
2016-04-30 02:00:00,31.34,34.15,57.49,150.26,25.2
2016-04-30 02:30:00,29.97,32.4,64.99,596.32,25.2
2016-04-30 03:00:00,29.96,31.97,64.99,487.11,15.6
2016-04-30 03:30:00,29.97,31.6,120.43,598.26,16.22
2016-04-30 04:00:00,29.82,31.45,64.99,598.53,16.2
2016-04-30 04:30:00,30.03,31.04,64.99,101.14,16.2
2016-04-30 05:00:00,30.52,31.87,64.99,101.32,16.2
2016-04-30 05:30:00,33.5,35.54,64.99,101.32,21.32
2016-04-30 06:00:00,33.79,36.21,62.49,100.44,25.2
2016-04-30 06:30:00,42.63,46.35,54.71,100.54,25.25
2016-04-30 07:00:00,35.01,38.03,48.98,100.39,25.2
2016-04-30 07:30:00,39.28,43.35,48.14,100.65,25.2
2016-04-30 08:00:00,48.16,53.39,51.25,100.31,25.83
2016-04-30 08:30:00,40.64,44.8,41.87,100.59,25.2
2016-04-30 09:00:00,65.94,72.56,58.89,100.27,23.67
2016-04-30 09:30:00,70.59,77.19,62.1,100.28,53.6
2016-04-30 10:00:00,43.86,47.85,41.15,100.28,37.55
2016-04-30 10:30:00,35.16,38.42,24.95,100.27,26.35
2016-04-30 11:00:00,44.65,49.19,18.01,100.32,26.79
2016-04-30 11:30:00,33.95,37.34,10.95,100.28,18.95
2016-04-30 12:00:00,33.23,36.17,6.55,100.62,17.46
2016-04-30 12:30:00,33.58,36.7,7.44,100.32,18.71
2016-04-30 13:00:00,34.3,38.42,7.58,100.32,19.0
2016-04-30 13:30:00,37.22,41.95,9.2,101.43,20.89
2016-04-30 14:00:00,34.06,40.34,9.16,101.3,19.73
2016-04-30 14:30:00,35.76,40.42,6.96,100.27,19.46
2016-04-30 15:00:00,29.84,33.57,6.95,100.26,16.98
2016-04-30 15:30:00,30.61,34.41,8.47,100.26,17.96
2016-04-30 16:00:00,32.48,48.18,8.89,100.26,19.08
2016-04-30 16:30:00,33.64,41.45,9.89,100.31,20.11
2016-04-30 17:00:00,55.34,65.52,12.56,100.27,31.04
2016-04-30 17:30:00,32.54,38.32,15.51,100.28,22.31
2016-04-30 18:00:00,168.18,186.81,25.18,100.32,89.32
2016-04-30 18:30:00,105.76,116.91,59.13,100.28,79.1
2016-04-30 19:00:00,46.38,64.79,40.67,100.28,42.1
2016-04-30 19:30:00,31.56,35.46,15.4,100.28,22.01
2016-04-30 20:00:00,36.71,41.13,13.49,100.28,22.79
2016-04-30 20:30:00,40.49,45.02,10.27,100.25,22.7
2016-04-30 21:00:00,46.06,50.85,9.83,100.25,25.24
2016-04-30 21:30:00,41.57,46.83,0.07,100.23,17.6
2016-04-30 22:00:00,32.38,36.13,7.86,100.25,18.66
2016-04-30 22:30:00,42.18,47.35,7.64,100.24,22.88
2016-04-30 23:00:00,33.78,37.82,4.76,100.26,17.0
2016-04-30 23:30:00,36.49,40.31,7.35,100.26,20.71
2016-05-01 00:00:00,31.09,33.87,14.63,100.29,20.85
2016-05-01 00:30:00,29.35,31.51,8.96,100.24,17.18
2016-05-01 01:00:00,29.24,31.03,5.54,100.24,15.2
2016-05-01 01:30:00,28.67,30.73,-0.07,344.42,12.35
2016-05-01 02:00:00,32.95,34.95,-13.21,100.81,7.03
2016-05-01 02:30:00,29.08,30.6,-33.19,102.13,-4.53
2016-05-01 03:00:00,28.87,30.6,-36.62,101.3,-6.89
2016-05-01 03:30:00,28.42,30.17,-38.14,100.65,-7.13
2016-05-01 04:00:00,25.34,27.45,-36.16,101.12,-7.45
2016-05-01 04:30:00,24.95,26.99,-36.73,104.92,-9.06
2016-05-01 05:00:00,26.87,28.47,-40.89,102.91,-9.12
2016-05-01 05:30:00,27.97,29.82,-31.44,100.31,-4.02
2016-05-01 06:00:00,29.8,30.7,-39.68,100.21,-8.4
2016-05-01 06:30:00,29.37,30.04,-20.13,100.17,2.47
2016-05-01 07:00:00,29.94,30.6,-1.82,83.41,12.91
2016-05-01 07:30:00,29.73,30.82,3.26,66.5,14.22
2016-05-01 08:00:00,30.31,31.82,3.05,-404.13,14.44
2016-05-01 08:30:00,42.74,45.73,-6.35,128.33,16.01
2016-05-01 09:00:00,71.01,77.69,-1.11,115.22,30.03
2016-05-01 09:30:00,93.31,103.26,9.09,100.25,43.26
2016-05-01 10:00:00,92.99,102.33,10.06,270.19,46.03
2016-05-01 10:30:00,67.06,72.71,5.33,145.37,33.47
2016-05-01 11:00:00,64.13,69.29,-2.16,130.48,28.37
2016-05-01 11:30:00,36.13,39.1,8.18,100.29,20.32
2016-05-01 12:00:00,36.61,39.5,8.96,108.46,21.0
2016-05-01 12:30:00,36.81,39.72,11.38,100.61,21.97
2016-05-01 13:00:00,36.7,40.78,13.36,319.72,22.15
2016-05-01 13:30:00,32.05,35.35,11.08,285.18,18.71
2016-05-01 14:00:00,31.98,35.24,10.79,100.99,18.73
2016-05-01 14:30:00,31.91,34.57,10.7,108.48,18.67
2016-05-01 15:00:00,30.93,33.1,10.85,108.32,18.07
2016-05-01 15:30:00,30.72,32.78,11.55,101.32,18.61
2016-05-01 16:00:00,30.93,33.05,12.17,101.32,18.79
2016-05-01 16:30:00,33.48,37.14,19.42,101.78,21.1
2016-05-01 17:00:00,40.67,45.93,37.88,100.78,28.66
2016-05-01 17:30:00,50.71,55.32,51.76,100.78,47.72
2016-05-01 18:00:00,77.69,84.18,77.44,100.29,71.94
2016-05-01 18:30:00,89.87,95.85,93.64,100.29,86.33
2016-05-01 19:00:00,61.85,65.88,65.76,100.45,58.17
2016-05-01 19:30:00,60.2,63.45,68.37,100.45,59.07
2016-05-01 20:00:00,70.23,71.83,76.06,100.78,67.51
2016-05-01 20:30:00,70.66,71.04,75.09,100.45,66.92
2016-05-01 21:00:00,63.55,65.07,68.86,100.28,60.64
2016-05-01 21:30:00,64.0,66.67,71.77,100.25,61.64
2016-05-01 22:00:00,52.14,54.58,62.38,101.18,47.82
2016-05-01 22:30:00,50.66,53.44,61.39,101.17,48.44
2016-05-01 23:00:00,52.85,57.48,62.87,100.22,51.36
2016-05-01 23:30:00,118.91,128.54,139.44,100.22,120.48
2016-05-02 00:00:00,117.62,122.2,147.64,101.15,123.38
2016-05-02 00:30:00,44.87,45.74,61.76,100.93,46.66
2016-05-02 01:00:00,43.24,43.66,57.58,100.97,44.75
2016-05-02 01:30:00,31.19,31.19,40.62,100.26,31.48
2016-05-02 02:00:00,35.75,35.39,42.37,100.22,35.49
2016-05-02 02:30:00,31.55,32.43,34.59,100.22,30.46
2016-05-02 03:00:00,29.56,30.6,30.21,100.24,27.32
2016-05-02 03:30:00,29.57,30.63,30.08,100.24,27.13
2016-05-02 04:00:00,29.96,30.6,30.15,100.22,27.49
2016-05-02 04:30:00,29.85,30.63,28.79,100.18,26.85
2016-05-02 05:00:00,29.27,30.07,27.07,100.18,25.92
2016-05-02 05:30:00,29.59,30.63,26.24,100.16,26.12
2016-05-02 06:00:00,34.82,35.51,32.07,100.21,32.05
2016-05-02 06:30:00,35.92,36.48,31.16,100.54,31.86
2016-05-02 07:00:00,39.31,39.28,26.03,100.4,30.53
2016-05-02 07:30:00,43.38,44.31,36.24,100.75,37.43
2016-05-02 08:00:00,54.71,56.68,53.11,100.28,52.11
2016-05-02 08:30:00,56.51,59.33,54.67,100.22,53.76
2016-05-02 09:00:00,49.43,52.51,46.71,100.2,45.83
2016-05-02 09:30:00,34.17,36.87,31.87,100.21,31.94
2016-05-02 10:00:00,33.66,36.26,25.02,100.2,28.25
2016-05-02 10:30:00,33.92,36.41,15.47,100.23,23.77
2016-05-02 11:00:00,34.08,36.89,14.27,101.78,23.06
2016-05-02 11:30:00,33.3,36.07,8.79,105.08,20.21
2016-05-02 12:00:00,33.26,35.96,8.49,107.74,20.11
2016-05-02 12:30:00,34.29,38.0,3.65,107.71,19.49
2016-05-02 13:00:00,38.09,42.67,7.57,100.23,21.55
2016-05-02 13:30:00,43.1,53.28,6.53,100.25,23.03
2016-05-02 14:00:00,32.64,42.49,7.19,100.23,19.82
2016-05-02 14:30:00,33.69,37.54,4.62,100.27,20.2
2016-05-02 15:00:00,38.14,42.88,6.72,100.28,22.41
2016-05-02 15:30:00,43.81,52.48,9.79,100.54,25.69
2016-05-02 16:00:00,36.56,56.33,10.06,100.27,22.33
2016-05-02 16:30:00,50.15,85.42,9.68,363.61,27.97
2016-05-02 17:00:00,66.29,114.09,10.03,100.48,35.01
2016-05-02 17:30:00,122.98,138.12,15.89,100.48,67.48
2016-05-02 18:00:00,150.31,166.83,53.88,100.28,100.56
2016-05-02 18:30:00,62.47,68.84,61.71,100.28,62.49
2016-05-02 19:00:00,51.53,57.67,51.36,100.28,50.42
2016-05-02 19:30:00,35.19,39.85,32.74,100.26,32.61
2016-05-02 20:00:00,36.53,41.39,31.79,150.42,33.07
2016-05-02 20:30:00,57.43,66.2,46.91,101.3,49.83
2016-05-02 21:00:00,51.2,58.76,42.66,100.28,45.03
2016-05-02 21:30:00,45.69,51.55,37.89,106.92,40.71
2016-05-02 22:00:00,33.17,37.05,27.47,100.32,29.8
2016-05-02 22:30:00,60.96,79.09,46.58,100.97,53.62
2016-05-02 23:00:00,39.47,148.26,1.44,100.27,1.62
2016-05-02 23:30:00,50.31,92.93,27.09,100.25,45.28
2016-05-03 00:00:00,92.88,103.25,76.88,100.27,83.84
2016-05-03 00:30:00,40.73,52.24,15.27,100.3,16.45
2016-05-03 01:00:00,38.27,48.44,21.95,100.27,23.35
2016-05-03 01:30:00,30.95,34.2,-36.39,100.64,-37.5
2016-05-03 02:00:00,30.82,33.51,-32.12,100.5,-33.22
2016-05-03 02:30:00,29.37,32.02,-37.78,100.47,-39.33
2016-05-03 03:00:00,30.52,33.26,-39.43,100.44,-41.23
2016-05-03 03:30:00,30.42,32.94,-36.47,100.45,-38.13
2016-05-03 04:00:00,29.64,32.33,-34.86,100.62,-36.48
2016-05-03 04:30:00,33.82,37.77,-39.7,113.54,-41.6
2016-05-03 05:00:00,28.74,32.67,-36.3,130.32,-38.16
2016-05-03 05:30:00,29.39,32.83,-34.63,108.16,-36.34
2016-05-03 06:00:00,31.8,35.99,-10.09,108.09,-9.62
2016-05-03 06:30:00,92.97,141.38,6.05,112.08,8.13
2016-05-03 07:00:00,95.91,144.94,2.08,119.52,43.3
2016-05-03 07:30:00,135.08,195.27,8.45,195.31,68.6
2016-05-03 08:00:00,98.45,110.48,9.36,138.61,52.22
2016-05-03 08:30:00,61.64,68.56,12.4,75.23,35.56
2016-05-03 09:00:00,36.6,41.45,11.07,95.85,22.88
2016-05-03 09:30:00,35.37,61.13,13.18,118.88,22.83
2016-05-03 10:00:00,33.43,70.73,7.63,103.45,18.8
2016-05-03 10:30:00,31.24,44.61,9.8,147.69,19.84
2016-05-03 11:00:00,32.04,39.61,9.77,112.43,20.31
2016-05-03 11:30:00,30.77,35.31,9.87,97.94,19.65
2016-05-03 12:00:00,30.54,34.7,8.95,75.18,19.31
2016-05-03 12:30:00,30.7,37.42,9.65,112.75,19.67
2016-05-03 13:00:00,33.39,46.98,9.42,132.36,20.65
2016-05-03 13:30:00,33.35,44.12,9.64,83.07,21.01
2016-05-03 14:00:00,35.35,41.1,9.59,50.18,21.59
2016-05-03 14:30:00,34.71,42.16,10.04,110.49,21.7
2016-05-03 15:00:00,34.89,40.61,7.76,109.06,20.43
2016-05-03 15:30:00,39.34,45.94,-0.96,112.3,20.56
2016-05-03 16:00:00,55.4,86.46,12.08,108.16,33.16
2016-05-03 16:30:00,44.27,60.78,8.53,122.66,27.29
2016-05-03 17:00:00,49.73,57.54,41.09,129.6,45.94
2016-05-03 17:30:00,42.0,47.95,34.79,166.49,37.35
2016-05-03 18:00:00,104.0,114.82,72.47,114.12,84.93
2016-05-03 18:30:00,91.63,100.8,71.14,101.19,80.33
2016-05-03 19:00:00,56.73,63.65,55.52,181.07,54.69
2016-05-03 19:30:00,34.41,38.49,33.98,139.41,32.41
2016-05-03 20:00:00,34.22,38.31,32.36,100.28,31.3
2016-05-03 20:30:00,33.66,37.3,31.55,100.28,30.7
2016-05-03 21:00:00,33.96,37.5,32.61,125.25,31.64
2016-05-03 21:30:00,32.59,35.67,30.63,100.25,29.48
2016-05-03 22:00:00,29.25,31.73,22.95,100.2,24.21
2016-05-03 22:30:00,35.7,39.48,14.78,100.44,14.3
2016-05-03 23:00:00,31.66,35.6,14.66,144.02,14.3
2016-05-03 23:30:00,34.16,38.04,20.94,102.91,23.75
2016-05-04 00:00:00,32.38,35.2,26.52,92.74,26.69
2016-05-04 00:30:00,29.31,31.73,22.76,111.77,21.82
2016-05-04 01:00:00,29.31,30.6,13.34,133.4,12.7
2016-05-04 01:30:00,29.86,30.72,9.64,108.16,9.41
2016-05-04 02:00:00,29.96,30.84,7.75,113.52,7.65
2016-05-04 02:30:00,29.46,30.71,6.27,117.43,6.12
2016-05-04 03:00:00,29.99,32.04,6.41,106.72,6.13
2016-05-04 03:30:00,29.96,32.61,4.85,107.13,4.6
2016-05-04 04:00:00,29.66,32.34,6.42,107.27,6.08
2016-05-04 04:30:00,30.47,33.01,9.89,108.27,9.09
2016-05-04 05:00:00,30.62,33.33,10.52,171.82,9.51
2016-05-04 05:30:00,29.7,32.59,15.94,122.19,12.82
2016-05-04 06:00:00,37.38,40.5,34.57,143.72,18.2
2016-05-04 06:30:00,50.43,55.05,54.0,107.09,47.45
2016-05-04 07:00:00,181.09,194.65,191.74,171.59,176.32
2016-05-04 07:30:00,58.54,64.13,59.53,162.12,55.0
2016-05-04 08:00:00,53.31,58.84,69.76,140.32,62.19
2016-05-04 08:30:00,35.88,39.48,77.24,121.08,68.87
2016-05-04 09:00:00,34.81,38.64,71.13,120.42,62.25
2016-05-04 09:30:00,33.85,37.6,50.89,135.29,42.75
2016-05-04 10:00:00,52.72,57.67,56.74,120.85,48.3
2016-05-04 10:30:00,57.04,61.85,63.49,100.91,55.43
2016-05-04 11:00:00,66.28,72.24,71.52,113.61,62.8
2016-05-04 11:30:00,49.93,53.97,57.31,113.61,49.62
2016-05-04 12:00:00,61.08,66.31,69.1,147.96,61.12
2016-05-04 12:30:00,41.36,45.23,44.88,121.63,40.17
2016-05-04 13:00:00,33.11,36.81,34.31,124.29,31.36
2016-05-04 13:30:00,33.98,38.34,36.45,108.26,32.54
2016-05-04 14:00:00,35.32,42.07,37.45,113.43,33.53
2016-05-04 14:30:00,38.02,63.91,39.29,108.53,36.08
2016-05-04 15:00:00,43.56,52.6,43.46,108.26,39.92
2016-05-04 15:30:00,50.31,57.63,50.09,108.26,45.85
2016-05-04 16:00:00,65.59,79.98,66.39,104.45,60.73
2016-05-04 16:30:00,62.76,71.52,69.99,116.23,60.45
2016-05-04 17:00:00,68.65,120.65,74.49,148.67,65.82
2016-05-04 17:30:00,61.49,67.0,65.79,111.01,58.88
2016-05-04 18:00:00,140.01,147.84,141.97,101.28,132.25
2016-05-04 18:30:00,80.44,85.26,84.14,107.79,77.42
2016-05-04 19:00:00,74.11,81.23,79.87,101.28,71.99
2016-05-04 19:30:00,52.56,56.52,66.53,100.74,52.16
2016-05-04 20:00:00,66.32,72.12,72.82,150.2,63.45
2016-05-04 20:30:00,74.78,82.81,75.69,106.9,69.22
2016-05-04 21:00:00,47.99,53.8,50.18,113.69,44.65
2016-05-04 21:30:00,52.31,57.72,54.91,100.29,49.08
2016-05-04 22:00:00,40.15,43.23,47.4,101.56,37.33
2016-05-04 22:30:00,51.78,55.86,55.0,102.48,48.62
2016-05-04 23:00:00,42.33,46.7,46.27,170.29,28.47
2016-05-04 23:30:00,35.49,38.24,34.64,100.21,26.34
2016-05-05 00:00:00,73.22,76.81,1083.81,111.25,-56.3
2016-05-05 00:30:00,32.78,34.8,26.29,129.01,18.68
2016-05-05 01:00:00,32.79,35.02,17.76,108.26,11.99
2016-05-05 01:30:00,36.75,39.14,16.71,105.36,10.28
2016-05-05 02:00:00,38.09,40.33,17.02,100.28,9.69
2016-05-05 02:30:00,34.04,36.16,15.16,100.18,9.25
2016-05-05 03:00:00,32.84,35.47,13.13,104.24,7.65
2016-05-05 03:30:00,33.26,36.0,11.09,105.04,7.65
2016-05-05 04:00:00,30.91,33.92,3.33,105.04,2.99
2016-05-05 04:30:00,32.06,35.28,-1.07,59.18,-0.99
2016-05-05 05:00:00,32.35,35.8,-0.16,59.18,-0.15
2016-05-05 05:30:00,32.67,35.69,9.5,59.18,9.32
2016-05-05 06:00:00,34.27,82.2,10.33,59.18,10.19
2016-05-05 06:30:00,51.42,93.25,16.73,59.19,16.95
2016-05-05 07:00:00,201.41,225.07,29.09,53.19,105.45
2016-05-05 07:30:00,42.41,213.93,14.53,99.76,26.8
2016-05-05 08:00:00,42.08,2336.52,18.05,80.2,29.0
2016-05-05 08:30:00,38.04,40.04,22.68,67.35,28.88
2016-05-05 09:00:00,43.92,48.46,30.89,34.68,36.01
2016-05-05 09:30:00,43.88,48.95,36.89,56.17,39.04
2016-05-05 10:00:00,51.65,57.43,38.0,56.94,42.49
2016-05-05 10:30:00,37.27,42.84,19.31,60.82,26.3
2016-05-05 11:00:00,40.92,47.09,13.56,80.8,25.06
2016-05-05 11:30:00,36.38,43.58,10.07,61.24,22.31
2016-05-05 12:00:00,35.38,46.12,9.66,59.25,21.43
2016-05-05 12:30:00,34.04,39.67,9.3,64.4,20.12
2016-05-05 13:00:00,57.55,64.3,6.93,62.08,29.31
2016-05-05 13:30:00,52.15,58.98,7.46,62.76,28.33
2016-05-05 14:00:00,43.23,52.75,23.25,75.69,31.91
2016-05-05 14:30:00,39.28,56.6,10.53,62.53,22.7
2016-05-05 15:00:00,35.26,48.94,-1.01,59.25,14.5
2016-05-05 15:30:00,33.8,42.62,7.32,59.76,18.43
2016-05-05 16:00:00,45.84,54.09,11.89,61.17,26.1
2016-05-05 16:30:00,43.77,57.32,5.58,59.24,22.29
2016-05-05 17:00:00,46.32,127.22,27.34,60.04,35.07
2016-05-05 17:30:00,52.53,100.3,36.94,78.26,42.47
2016-05-05 18:00:00,104.53,166.79,73.23,140.26,84.99
2016-05-05 18:30:00,65.06,147.42,64.29,140.24,61.98
2016-05-05 19:00:00,64.44,171.29,61.15,98.31,57.62
2016-05-05 19:30:00,55.55,74.49,42.25,62.76,44.05
2016-05-05 20:00:00,63.11,73.78,41.09,60.4,48.76
2016-05-05 20:30:00,50.26,74.51,31.8,60.26,38.76
2016-05-05 21:00:00,41.05,52.99,24.7,62.71,31.12
2016-05-05 21:30:00,33.06,37.23,15.76,62.52,22.7
2016-05-05 22:00:00,31.66,35.33,13.44,60.22,21.02
2016-05-05 22:30:00,34.01,68.29,10.38,59.64,20.18
2016-05-05 23:00:00,34.63,60.98,9.93,59.2,20.44
2016-05-05 23:30:00,32.78,40.98,9.77,61.8,20.22
2016-05-06 00:00:00,31.54,35.06,13.07,68.8,20.59
2016-05-06 00:30:00,30.3,35.61,10.51,59.24,18.07
2016-05-06 01:00:00,30.7,33.96,10.74,79.13,18.19
2016-05-06 01:30:00,28.47,30.83,9.52,60.27,16.7
2016-05-06 02:00:00,29.18,30.99,7.92,86.61,16.33
2016-05-06 02:30:00,29.96,31.86,5.71,59.67,15.41
2016-05-06 03:00:00,29.82,31.99,10.79,59.88,17.6
2016-05-06 03:30:00,29.86,32.01,10.94,59.88,17.13
2016-05-06 04:00:00,30.1,32.28,9.95,59.56,16.79
2016-05-06 04:30:00,31.74,34.08,12.43,69.09,18.8
2016-05-06 05:00:00,32.95,35.43,12.69,61.95,19.35
2016-05-06 05:30:00,42.19,46.06,14.51,59.18,24.31
2016-05-06 06:00:00,56.94,63.95,29.87,60.71,33.6
2016-05-06 06:30:00,120.66,142.09,69.06,59.73,83.79
2016-05-06 07:00:00,203.81,224.1,185.89,62.76,181.05
2016-05-06 07:30:00,100.85,112.17,94.74,110.58,88.31
2016-05-06 08:00:00,177.51,195.28,173.05,71.37,158.26
2016-05-06 08:30:00,72.85,78.82,74.75,49.5,66.59
2016-05-06 09:00:00,85.98,91.66,89.25,52.12,79.68
2016-05-06 09:30:00,77.83,83.3,79.76,128.37,71.91
2016-05-06 10:00:00,77.94,83.35,78.44,62.55,71.63
2016-05-06 10:30:00,54.64,59.84,55.74,72.95,50.53
2016-05-06 11:00:00,55.89,61.43,56.21,72.85,52.09
2016-05-06 11:30:00,62.11,69.9,58.44,63.96,56.56
2016-05-06 12:00:00,63.2,71.04,59.18,72.7,58.01
2016-05-06 12:30:00,67.92,77.08,62.97,73.13,62.23
2016-05-06 13:00:00,62.15,76.9,57.44,61.76,56.64
2016-05-06 13:30:00,80.51,92.68,75.78,63.96,73.21
2016-05-06 14:00:00,69.97,79.29,67.38,66.16,64.1
2016-05-06 14:30:00,80.51,91.15,77.55,73.05,73.08
2016-05-06 15:00:00,66.85,73.95,64.46,72.06,60.79
2016-05-06 15:30:00,79.07,88.99,76.97,74.21,71.41
2016-05-06 16:00:00,72.5,116.76,71.89,71.65,66.0
2016-05-06 16:30:00,64.55,73.59,66.49,60.61,60.33
2016-05-06 17:00:00,104.41,137.09,110.36,51.86,97.67
2016-05-06 17:30:00,69.87,76.88,74.51,153.55,65.81
2016-05-06 18:00:00,214.58,225.2,214.41,62.53,201.82
2016-05-06 18:30:00,144.06,149.0,153.93,63.06,140.06
2016-05-06 19:00:00,76.01,80.84,88.0,77.98,74.58
2016-05-06 19:30:00,55.73,60.8,64.2,146.94,54.42
2016-05-06 20:00:00,66.05,72.83,71.19,153.58,62.71
2016-05-06 20:30:00,71.47,78.2,74.8,140.34,66.08
2016-05-06 21:00:00,69.69,75.2,73.65,88.01,64.84
2016-05-06 21:30:00,54.11,57.95,57.12,67.27,50.28
2016-05-06 22:00:00,41.02,43.44,43.67,63.74,37.64
2016-05-06 22:30:00,87.53,90.48,87.36,62.07,74.95
2016-05-06 23:00:00,66.01,71.44,64.19,59.78,30.71
2016-05-06 23:30:00,63.95,69.07,59.64,62.37,43.46
2016-05-07 00:00:00,115.93,121.39,116.5,59.64,106.99
2016-05-07 00:30:00,49.19,51.73,48.74,59.95,37.72
2016-05-07 01:00:00,45.24,47.19,46.41,64.28,34.35
2016-05-07 01:30:00,38.28,40.79,37.04,64.36,23.19
2016-05-07 02:00:00,53.56,55.53,46.13,61.7,17.26
2016-05-07 02:30:00,36.47,37.61,30.31,61.4,14.42
2016-05-07 03:00:00,35.12,36.75,28.13,60.32,13.44
2016-05-07 03:30:00,31.17,32.71,24.09,61.37,10.5
2016-05-07 04:00:00,30.45,32.05,15.86,60.63,15.47
2016-05-07 04:30:00,36.33,38.7,15.79,39.44,20.33
2016-05-07 05:00:00,32.99,34.81,25.28,42.45,10.5
2016-05-07 05:30:00,39.92,42.56,29.74,56.97,13.12
2016-05-07 06:00:00,43.91,46.79,25.19,39.76,20.43
2016-05-07 06:30:00,47.92,50.76,25.37,44.25,28.32
2016-05-07 07:00:00,56.24,59.12,37.47,43.52,31.4
2016-05-07 07:30:00,39.84,42.03,24.98,39.98,23.09
2016-05-07 08:00:00,47.69,50.46,27.07,40.05,32.6
2016-05-07 08:30:00,49.99,52.79,35.83,75.66,29.98
2016-05-07 09:00:00,56.5,59.69,43.66,140.32,28.27
2016-05-07 09:30:00,65.93,69.56,33.43,43.76,43.23
2016-05-07 10:00:00,49.99,52.87,32.03,43.76,32.79
2016-05-07 10:30:00,48.63,51.29,42.47,43.56,29.97
2016-05-07 11:00:00,47.44,49.91,43.44,59.25,31.79
2016-05-07 11:30:00,69.7,71.72,70.48,41.76,62.39
2016-05-07 12:00:00,70.27,71.95,73.35,43.74,63.76
2016-05-07 12:30:00,60.2,60.59,59.89,39.26,53.6
2016-05-07 13:00:00,69.83,70.71,69.49,39.6,61.99
2016-05-07 13:30:00,71.16,72.08,71.98,39.57,63.69
2016-05-07 14:00:00,77.16,79.03,92.73,39.26,70.21
2016-05-07 14:30:00,67.95,70.59,78.88,39.57,62.48
2016-05-07 15:00:00,74.08,77.66,88.94,39.86,66.96
2016-05-07 15:30:00,70.15,73.67,72.45,40.05,62.66
2016-05-07 16:00:00,78.24,82.19,77.92,40.1,69.47
2016-05-07 16:30:00,81.96,88.03,77.03,58.4,70.81
2016-05-07 17:00:00,72.06,75.6,62.81,43.36,61.12
2016-05-07 17:30:00,102.42,103.69,73.13,42.87,79.16
2016-05-07 18:00:00,271.18,266.23,71.51,43.56,150.65
2016-05-07 18:30:00,162.58,158.79,86.43,42.77,109.88
2016-05-07 19:00:00,65.4,65.94,46.75,42.11,49.38
2016-05-07 19:30:00,42.57,43.6,34.5,39.26,34.56
2016-05-07 20:00:00,88.62,89.41,51.14,56.36,46.44
2016-05-07 20:30:00,67.25,68.33,46.04,39.43,36.0
2016-05-07 21:00:00,48.46,48.51,32.78,39.26,29.57
2016-05-07 21:30:00,40.1,40.41,19.3,39.25,25.72
2016-05-07 22:00:00,44.17,44.09,12.96,39.24,24.65
2016-05-07 22:30:00,70.52,72.22,15.15,39.26,36.57
2016-05-07 23:00:00,104.1,108.6,14.89,39.24,50.75
2016-05-07 23:30:00,98.55,100.99,24.23,39.24,54.4
2016-05-08 00:00:00,89.01,90.76,77.52,39.26,41.43
2016-05-08 00:30:00,57.65,59.03,52.81,39.26,35.87
2016-05-08 01:00:00,50.72,51.79,47.35,39.26,44.47
2016-05-08 01:30:00,38.06,38.98,20.49,40.14,25.61
2016-05-08 02:00:00,32.51,32.83,11.72,40.1,19.03
2016-05-08 02:30:00,38.79,39.85,12.7,39.75,21.69
2016-05-08 03:00:00,36.95,38.43,11.52,39.36,20.55
2016-05-08 03:30:00,32.69,34.23,10.3,39.26,18.12
2016-05-08 04:00:00,30.1,31.63,9.82,39.26,17.0
2016-05-08 04:30:00,31.24,32.75,9.43,39.26,17.39
2016-05-08 05:00:00,29.92,30.97,9.23,39.91,16.86
2016-05-08 05:30:00,29.94,30.96,10.61,39.39,17.35
2016-05-08 06:00:00,31.88,33.42,10.96,40.06,17.99
2016-05-08 06:30:00,36.91,38.6,9.27,40.83,19.39
2016-05-08 07:00:00,38.4,40.5,9.71,39.22,20.99
2016-05-08 07:30:00,41.19,43.67,11.3,39.26,22.36
2016-05-08 08:00:00,38.62,39.45,0.19,39.24,16.18
2016-05-08 08:30:00,47.83,48.66,12.21,39.25,26.05
2016-05-08 09:00:00,106.56,107.54,24.9,39.24,56.71
2016-05-08 09:30:00,227.28,226.15,20.97,39.26,108.35
2016-05-08 10:00:00,247.57,240.42,32.48,39.26,122.64
2016-05-08 10:30:00,227.01,220.35,62.05,39.47,115.89
2016-05-08 11:00:00,54.46,53.65,45.58,39.36,39.42
2016-05-08 11:30:00,69.8,68.68,65.6,39.26,61.72
2016-05-08 12:00:00,54.1,53.43,48.78,39.26,46.47
2016-05-08 12:30:00,37.66,37.83,32.32,39.26,31.95
2016-05-08 13:00:00,38.93,39.44,27.13,39.26,30.3
2016-05-08 13:30:00,61.26,61.35,53.71,39.26,53.69
2016-05-08 14:00:00,84.83,86.25,73.89,39.26,73.89
2016-05-08 14:30:00,147.69,147.26,125.26,39.88,130.8
2016-05-08 15:00:00,69.58,68.25,58.9,39.26,61.79
2016-05-08 15:30:00,57.22,56.89,50.61,39.26,51.29
2016-05-08 16:00:00,98.34,96.87,88.5,39.91,88.35
2016-05-08 16:30:00,42.81,43.63,38.44,43.72,38.73
2016-05-08 17:00:00,86.8,90.28,74.06,42.39,76.34
2016-05-08 17:30:00,130.87,134.51,110.17,41.61,113.28
2016-05-08 18:00:00,189.29,194.12,157.78,41.7,159.14
2016-05-08 18:30:00,195.48,202.22,163.26,39.94,163.32
2016-05-08 19:00:00,61.99,65.44,51.91,39.26,52.59
2016-05-08 19:30:00,54.01,56.31,49.49,39.26,48.44
2016-05-08 20:00:00,112.72,115.52,99.62,39.26,100.28
2016-05-08 20:30:00,131.51,134.37,114.12,39.26,115.96
2016-05-08 21:00:00,68.22,69.44,64.04,39.26,62.58
2016-05-08 21:30:00,70.98,71.82,67.32,39.26,65.94
2016-05-08 22:00:00,57.01,57.37,54.9,39.26,53.74
2016-05-08 22:30:00,65.87,70.28,60.58,39.25,59.35
2016-05-08 23:00:00,45.21,49.41,40.36,39.24,40.26
2016-05-08 23:30:00,48.23,52.14,43.69,39.23,44.9
2016-05-09 00:00:00,120.01,125.57,119.96,39.21,119.56
2016-05-09 00:30:00,43.08,45.7,41.85,62.69,41.56
2016-05-09 01:00:00,38.8,41.9,38.47,39.21,37.31
2016-05-09 01:30:00,30.81,34.11,28.39,39.2,28.19
2016-05-09 02:00:00,30.12,33.42,26.89,39.2,26.85
2016-05-09 02:30:00,28.45,31.64,24.59,39.2,24.78
2016-05-09 03:00:00,28.26,30.94,24.01,39.21,24.26
2016-05-09 03:30:00,28.57,31.2,24.11,39.2,24.47
2016-05-09 04:00:00,29.68,32.36,25.11,39.19,25.33
2016-05-09 04:30:00,28.3,30.96,23.02,39.19,23.49
2016-05-09 05:00:00,28.91,31.2,20.57,39.2,22.35
2016-05-09 05:30:00,38.48,41.09,29.36,39.2,31.19
2016-05-09 06:00:00,27.13,30.9,19.12,39.2,21.05
2016-05-09 06:30:00,29.4,39.52,19.02,39.22,21.9
2016-05-09 07:00:00,51.24,57.24,45.64,39.23,45.34
2016-05-09 07:30:00,52.76,60.89,48.27,56.73,46.81
2016-05-09 08:00:00,121.17,134.87,108.4,39.82,107.08
2016-05-09 08:30:00,101.78,110.37,92.82,39.26,91.64
2016-05-09 09:00:00,173.39,183.51,164.49,40.23,159.8
2016-05-09 09:30:00,156.14,158.69,153.38,40.45,146.94
2016-05-09 10:00:00,143.12,147.18,144.0,41.06,134.57
2016-05-09 10:30:00,282.43,283.93,322.69,39.26,277.77
2016-05-09 11:00:00,266.9,263.48,327.57,39.39,267.6
2016-05-09 11:30:00,211.65,210.59,255.78,39.25,217.1
2016-05-09 12:00:00,105.23,105.24,154.24,42.56,111.42
2016-05-09 12:30:00,208.72,208.37,317.27,45.17,216.73
2016-05-09 13:00:00,238.37,237.87,371.04,42.02,249.26
2016-05-09 13:30:00,65.02,64.44,86.21,51.03,66.12
2016-05-09 14:00:00,70.65,72.8,98.65,55.62,71.18
2016-05-09 14:30:00,73.12,76.45,106.74,53.41,71.67
2016-05-09 15:00:00,76.48,80.52,106.09,42.09,75.54
2016-05-09 15:30:00,74.15,79.09,102.41,57.49,72.31
2016-05-09 16:00:00,153.22,164.49,197.19,74.82,152.83
2016-05-09 16:30:00,81.85,87.5,110.23,100.43,82.52
2016-05-09 17:00:00,70.17,76.61,81.85,121.87,69.93
2016-05-09 17:30:00,208.86,215.44,227.83,57.16,205.86
2016-05-09 18:00:00,292.68,301.61,314.86,40.21,286.74
2016-05-09 18:30:00,222.77,230.81,250.3,40.26,222.82
2016-05-09 19:00:00,95.88,101.69,108.78,40.68,95.76
2016-05-09 19:30:00,61.39,67.79,71.98,39.89,59.88
2016-05-09 20:00:00,77.37,84.37,88.88,39.26,74.93
2016-05-09 20:30:00,79.99,86.33,88.58,39.21,77.53
2016-05-09 21:00:00,55.53,60.04,65.11,39.2,53.79
2016-05-09 21:30:00,40.86,44.31,47.99,39.2,39.58
2016-05-09 22:00:00,32.16,35.21,33.21,39.21,30.12
2016-05-09 22:30:00,36.02,50.11,34.45,39.18,32.25
2016-05-09 23:00:00,32.58,37.41,18.66,39.36,22.74
2016-05-09 23:30:00,35.13,39.35,17.85,39.2,24.87
2016-05-10 00:00:00,32.54,35.43,30.01,39.22,29.43
2016-05-10 00:30:00,32.16,34.55,28.88,51.83,27.78
2016-05-10 01:00:00,31.11,33.41,23.43,41.98,23.46
2016-05-10 01:30:00,29.39,32.06,20.71,39.23,22.38
2016-05-10 02:00:00,30.4,33.46,21.11,39.21,22.8
2016-05-10 02:30:00,29.79,33.91,11.49,38.87,17.59
2016-05-10 03:00:00,31.12,35.89,9.74,39.13,17.58
2016-05-10 03:30:00,27.87,36.0,2.17,32.17,12.24
2016-05-10 04:00:00,29.96,36.0,6.51,42.56,15.67
2016-05-10 04:30:00,29.33,35.18,-0.8,34.93,11.44
2016-05-10 05:00:00,28.74,35.1,2.59,37.3,13.22
2016-05-10 05:30:00,29.55,34.33,6.87,32.44,15.68
2016-05-10 06:00:00,28.06,32.34,9.69,39.04,16.52
2016-05-10 06:30:00,31.57,35.1,15.89,38.79,21.42
2016-05-10 07:00:00,52.54,57.46,47.78,40.63,47.6
2016-05-10 07:30:00,39.82,59.11,39.44,63.51,35.5
2016-05-10 08:00:00,46.4,95.99,51.6,39.6,40.9
2016-05-10 08:30:00,60.88,127.76,64.28,39.55,54.0
2016-05-10 09:00:00,61.16,68.89,70.39,63.34,54.84
2016-05-10 09:30:00,66.7,75.86,68.56,87.02,60.52
2016-05-10 10:00:00,66.11,74.67,72.13,40.3,60.53
2016-05-10 10:30:00,59.04,70.59,58.05,40.63,53.44
2016-05-10 11:00:00,59.78,68.25,57.36,40.29,53.46
2016-05-10 11:30:00,55.95,66.42,52.44,40.36,49.09
2016-05-10 12:00:00,40.56,59.34,37.92,40.82,35.96
2016-05-10 12:30:00,35.63,52.44,33.94,41.27,32.0
2016-05-10 13:00:00,36.19,47.84,34.25,40.79,32.0
2016-05-10 13:30:00,35.83,48.93,34.0,40.77,32.0
2016-05-10 14:00:00,33.5,49.5,32.42,40.93,30.51
2016-05-10 14:30:00,33.92,49.31,32.91,41.04,30.96
2016-05-10 15:00:00,33.68,54.78,33.39,64.22,30.17
2016-05-10 15:30:00,36.82,61.4,42.31,64.38,32.0
2016-05-10 16:00:00,45.37,63.02,53.94,40.81,38.88
2016-05-10 16:30:00,45.14,54.82,52.79,40.81,38.53
2016-05-10 17:00:00,45.42,61.41,44.81,110.23,39.37
2016-05-10 17:30:00,61.92,72.52,64.43,40.08,54.69
2016-05-10 18:00:00,75.47,83.22,69.54,40.7,67.5
2016-05-10 18:30:00,73.06,80.12,68.33,41.16,66.64
2016-05-10 19:00:00,56.95,62.33,61.63,41.16,53.37
2016-05-10 19:30:00,43.18,47.7,59.16,41.18,40.67
2016-05-10 20:00:00,36.08,40.3,45.64,41.03,32.74
2016-05-10 20:30:00,35.22,39.19,38.11,40.25,31.87
2016-05-10 21:00:00,36.86,40.65,41.52,40.39,33.43
2016-05-10 21:30:00,34.22,37.21,42.04,40.23,32.0
2016-05-10 22:00:00,33.86,36.47,44.81,39.57,31.95
2016-05-10 22:30:00,43.46,45.98,47.74,39.21,40.28
2016-05-10 23:00:00,35.94,39.31,33.8,39.18,31.08
2016-05-10 23:30:00,37.89,41.14,17.35,39.05,25.75
2016-05-11 00:00:00,31.47,34.02,22.75,39.2,25.47
2016-05-11 00:30:00,30.7,32.98,25.6,39.51,25.88
2016-05-11 01:00:00,29.95,31.75,26.07,38.92,25.54
2016-05-11 01:30:00,29.76,30.84,25.54,39.2,25.37
2016-05-11 02:00:00,29.97,30.58,17.68,39.19,21.12
2016-05-11 02:30:00,29.9,30.77,13.95,39.2,19.11
2016-05-11 03:00:00,29.63,31.02,10.66,39.19,17.11
2016-05-11 03:30:00,29.53,30.94,6.11,39.06,14.87
2016-05-11 04:00:00,28.94,30.78,9.95,39.2,16.83
2016-05-11 04:30:00,28.56,30.6,10.67,29.39,16.96
2016-05-11 05:00:00,29.06,31.05,9.72,29.19,16.85
2016-05-11 05:30:00,30.31,32.8,14.57,29.05,20.08
2016-05-11 06:00:00,27.82,31.58,18.53,29.2,21.41
2016-05-11 06:30:00,48.21,52.02,43.26,29.53,44.65
2016-05-11 07:00:00,107.79,111.24,97.82,30.24,105.41
2016-05-11 07:30:00,78.81,80.32,74.24,60.18,77.07
2016-05-11 08:00:00,134.81,133.59,134.52,60.32,136.88
2016-05-11 08:30:00,160.24,157.39,163.66,60.32,165.07
2016-05-11 09:00:00,69.44,68.51,73.01,60.3,71.96
2016-05-11 09:30:00,135.3,136.34,143.59,60.28,143.08
2016-05-11 10:00:00,68.38,69.42,74.23,55.12,72.22
2016-05-11 10:30:00,50.02,51.54,53.32,34.39,52.12
2016-05-11 11:00:00,43.2,44.69,45.74,75.07,45.17
2016-05-11 11:30:00,42.64,44.44,44.12,70.26,44.54
2016-05-11 12:00:00,49.04,51.65,50.33,100.24,51.12
2016-05-11 12:30:00,52.31,54.96,52.64,60.29,53.96
2016-05-11 13:00:00,52.31,55.93,50.95,60.28,52.75
2016-05-11 13:30:00,49.85,52.28,49.38,44.75,50.69
2016-05-11 14:00:00,93.6,98.16,93.13,29.57,96.58
2016-05-11 14:30:00,61.07,63.6,66.09,75.05,64.81
2016-05-11 15:00:00,61.99,64.85,60.0,55.1,66.4
2016-05-11 15:30:00,34.7,36.78,28.69,45.22,36.87
2016-05-11 16:00:00,54.47,57.92,42.73,50.25,58.52
2016-05-11 16:30:00,73.54,78.32,58.34,60.28,78.37
2016-05-11 17:00:00,62.82,66.68,49.98,55.27,67.18
2016-05-11 17:30:00,63.07,66.93,54.87,60.29,66.46
2016-05-11 18:00:00,155.35,165.16,124.93,60.29,157.28
2016-05-11 18:30:00,99.68,107.23,101.48,60.29,101.53
2016-05-11 19:00:00,53.84,58.31,60.67,60.29,55.41
2016-05-11 19:30:00,48.12,51.48,52.82,60.28,49.36
2016-05-11 20:00:00,55.05,57.69,56.49,41.05,54.71
2016-05-11 20:30:00,66.83,68.83,67.43,37.32,66.65
2016-05-11 21:00:00,52.41,53.88,45.89,31.49,52.3
2016-05-11 21:30:00,33.97,36.0,34.85,31.28,34.26
2016-05-11 22:00:00,32.2,34.8,31.88,31.39,31.62
2016-05-11 22:30:00,47.16,50.44,44.39,30.48,44.57
2016-05-11 23:00:00,38.56,41.88,34.97,37.35,35.61
2016-05-11 23:30:00,43.71,48.23,37.63,32.34,40.66
2016-05-12 00:00:00,42.42,45.2,40.33,31.05,40.93
2016-05-12 00:30:00,32.51,34.34,31.46,30.03,30.93
2016-05-12 01:00:00,29.48,30.79,26.83,37.47,26.49
2016-05-12 01:30:00,29.86,30.6,26.04,33.0,26.31
2016-05-12 02:00:00,29.93,30.6,20.04,32.69,22.81
2016-05-12 02:30:00,29.96,30.6,9.64,32.53,17.27
2016-05-12 03:00:00,30.1,30.9,6.2,37.16,15.62
2016-05-12 03:30:00,29.83,30.7,13.43,38.52,19.0
2016-05-12 04:00:00,30.04,31.07,7.68,90.41,16.5
2016-05-12 04:30:00,29.92,30.74,11.72,35.51,18.29
2016-05-12 05:00:00,29.94,30.71,14.58,35.51,19.65
2016-05-12 05:30:00,32.92,34.7,24.89,35.11,26.22
2016-05-12 06:00:00,33.12,36.58,28.68,39.7,28.94
2016-05-12 06:30:00,44.95,49.21,41.4,60.65,41.45
2016-05-12 07:00:00,91.95,96.57,91.38,95.72,89.82
2016-05-12 07:30:00,86.51,91.57,90.62,60.3,85.13
2016-05-12 08:00:00,99.8,101.46,107.62,92.48,100.47
2016-05-12 08:30:00,81.21,81.6,92.95,60.3,85.05
2016-05-12 09:00:00,54.47,54.73,65.12,60.28,57.45
2016-05-12 09:30:00,49.76,50.44,58.32,60.28,52.8
2016-05-12 10:00:00,50.79,51.78,59.95,50.25,53.93
2016-05-12 10:30:00,46.6,48.44,54.87,29.41,49.26
2016-05-12 11:00:00,45.34,47.46,50.37,29.25,47.61
2016-05-12 11:30:00,39.94,41.36,44.69,29.25,42.44
2016-05-12 12:00:00,46.82,48.53,52.33,40.44,49.51
2016-05-12 12:30:00,48.33,50.21,53.96,39.87,51.06
2016-05-12 13:00:00,51.08,53.43,56.23,29.24,53.48
2016-05-12 13:30:00,55.21,57.96,60.4,29.24,57.58
2016-05-12 14:00:00,44.73,46.64,49.83,27.24,47.14
2016-05-12 14:30:00,41.77,43.99,46.21,28.56,44.06
2016-05-12 15:00:00,40.11,43.07,42.97,29.22,41.47
2016-05-12 15:30:00,69.95,75.42,75.82,29.22,72.59
2016-05-12 16:00:00,56.01,59.21,61.22,55.12,58.81
2016-05-12 16:30:00,48.88,52.47,54.77,35.27,51.87
2016-05-12 17:00:00,54.29,59.73,62.65,60.3,58.41
2016-05-12 17:30:00,66.21,72.15,74.43,91.08,68.93
2016-05-12 18:00:00,140.47,149.39,144.23,40.79,141.17
2016-05-12 18:30:00,102.08,107.97,112.27,30.26,104.31
2016-05-12 19:00:00,71.04,75.78,94.02,30.09,73.19
2016-05-12 19:30:00,51.89,56.04,77.74,35.27,53.84
2016-05-12 20:00:00,56.1,60.12,71.46,35.27,56.36
2016-05-12 20:30:00,47.85,52.07,60.31,45.29,47.76
2016-05-12 21:00:00,45.2,48.59,53.43,55.16,45.97
2016-05-12 21:30:00,36.42,39.47,41.21,60.14,37.06
2016-05-12 22:00:00,33.48,35.57,37.98,40.24,33.47
2016-05-12 22:30:00,67.86,69.2,72.22,30.26,67.19
2016-05-12 23:00:00,60.9,64.03,64.53,44.76,59.98
2016-05-12 23:30:00,74.82,76.69,77.19,34.37,76.44
2016-05-13 00:00:00,72.78,72.3,80.87,29.22,76.04
2016-05-13 00:30:00,49.99,48.74,69.96,28.56,51.14
2016-05-13 01:00:00,50.14,48.8,76.75,34.4,49.87
2016-05-13 01:30:00,49.01,48.16,65.64,32.18,46.81
2016-05-13 02:00:00,52.25,51.36,68.75,32.18,48.92
2016-05-13 02:30:00,31.29,31.6,41.97,35.14,25.74
2016-05-13 03:00:00,30.25,30.91,47.87,35.12,14.19
2016-05-13 03:30:00,29.97,30.87,38.97,31.18,21.31
2016-05-13 04:00:00,30.07,30.96,39.01,29.2,22.75
2016-05-13 04:30:00,29.94,30.89,40.2,0.19,25.2
2016-05-13 05:00:00,29.84,30.94,39.33,23.55,25.84
2016-05-13 05:30:00,32.39,34.45,37.34,20.94,27.2
2016-05-13 06:00:00,43.01,45.82,49.1,15.59,15.56
2016-05-13 06:30:00,59.34,61.28,71.36,80.86,54.77
2016-05-13 07:00:00,129.28,131.3,140.75,104.11,128.12
2016-05-13 07:30:00,83.02,84.05,97.35,124.06,83.08
2016-05-13 08:00:00,80.66,79.23,92.41,67.36,83.21
2016-05-13 08:30:00,69.82,67.47,85.18,49.43,74.13
2016-05-13 09:00:00,45.99,44.86,58.26,0.19,49.28
2016-05-13 09:30:00,45.02,43.88,53.26,0.71,48.05
2016-05-13 10:00:00,47.12,46.07,57.17,10.81,50.41
2016-05-13 10:30:00,52.18,51.41,65.08,0.16,55.54
2016-05-13 11:00:00,45.82,46.47,53.63,0.16,48.1
2016-05-13 11:30:00,40.58,41.99,44.64,0.15,41.13
2016-05-13 12:00:00,35.01,36.8,36.12,0.14,34.39
2016-05-13 12:30:00,37.79,39.89,37.87,3.91,36.63
2016-05-13 13:00:00,37.61,39.61,38.07,8.09,36.44
2016-05-13 13:30:00,38.28,40.04,39.2,0.56,37.07
2016-05-13 14:00:00,40.69,42.38,43.03,0.96,39.83
2016-05-13 14:30:00,43.34,44.33,47.26,71.47,43.15
2016-05-13 15:00:00,51.2,51.52,57.32,117.04,51.25
2016-05-13 15:30:00,49.44,50.91,56.15,23.6,49.73
2016-05-13 16:00:00,57.06,58.13,65.33,0.14,57.78
2016-05-13 16:30:00,54.92,56.76,64.5,0.14,54.89
2016-05-13 17:00:00,62.22,64.5,72.31,0.14,62.14
2016-05-13 17:30:00,65.64,66.7,77.79,24.41,65.54
2016-05-13 18:00:00,146.24,145.51,157.77,30.16,143.66
2016-05-13 18:30:00,79.77,79.67,95.64,66.92,80.75
2016-05-13 19:00:00,69.36,70.65,81.99,29.26,71.13
2016-05-13 19:30:00,44.77,46.38,53.3,29.41,46.31
2016-05-13 20:00:00,57.76,60.99,63.21,93.6,57.08
2016-05-13 20:30:00,60.63,63.35,63.37,0.38,58.85
2016-05-13 21:00:00,48.33,49.79,50.99,0.14,46.93
2016-05-13 21:30:00,39.65,41.96,41.37,0.14,37.98
2016-05-13 22:00:00,33.24,35.55,33.2,0.24,31.04
2016-05-13 22:30:00,44.78,47.26,42.4,0.14,40.73
2016-05-13 23:00:00,40.84,43.43,39.99,0.14,37.74
2016-05-13 23:30:00,49.95,53.21,46.49,-8.19,46.93
2016-05-14 00:00:00,65.41,66.69,69.42,0.14,65.13
2016-05-14 00:30:00,40.14,41.45,42.07,0.14,38.47
2016-05-14 01:00:00,31.2,32.72,29.85,0.14,27.98
2016-05-14 01:30:00,29.92,31.02,23.65,0.14,19.5
2016-05-14 02:00:00,29.96,30.78,13.47,0.14,17.96
2016-05-14 02:30:00,30.82,31.59,0.81,0.14,11.71
2016-05-14 03:00:00,30.05,30.87,5.54,0.14,13.85
2016-05-14 03:30:00,29.96,30.7,3.52,-8.19,12.81
2016-05-14 04:00:00,30.04,30.92,-3.62,0.14,9.12
2016-05-14 04:30:00,29.33,30.12,-0.06,0.2,10.77
2016-05-14 05:00:00,29.94,30.64,0.01,0.2,10.99
2016-05-14 05:30:00,31.11,32.0,0.52,0.2,11.77
2016-05-14 06:00:00,31.26,32.27,2.8,23.95,13.01
2016-05-14 06:30:00,33.75,34.98,11.59,21.88,18.91
2016-05-14 07:00:00,34.26,35.22,16.88,0.4,22.73
2016-05-14 07:30:00,36.71,38.03,15.07,106.83,22.59
2016-05-14 08:00:00,36.27,37.32,19.86,70.26,25.25
2016-05-14 08:30:00,45.2,45.83,36.98,46.91,37.93
2016-05-14 09:00:00,53.1,52.67,45.73,0.22,46.24
2016-05-14 09:30:00,49.41,48.19,42.52,0.22,43.23
2016-05-14 10:00:00,35.09,34.19,29.36,0.22,30.11
2016-05-14 10:30:00,32.27,31.42,21.76,0.2,24.91
2016-05-14 11:00:00,31.44,31.39,26.07,30.19,26.55
2016-05-14 11:30:00,30.52,31.11,20.16,24.72,23.0
2016-05-14 12:00:00,30.61,31.05,24.67,0.2,25.31
2016-05-14 12:30:00,30.37,30.75,20.31,0.19,23.03
2016-05-14 13:00:00,30.92,31.07,18.01,0.21,21.85
2016-05-14 13:30:00,30.0,30.6,10.76,0.2,17.86
2016-05-14 14:00:00,29.97,30.89,8.24,0.2,17.0
2016-05-14 14:30:00,30.77,31.94,12.48,0.2,19.39
2016-05-14 15:00:00,31.9,33.38,13.88,0.2,20.44
2016-05-14 15:30:00,31.15,32.27,13.65,0.2,20.09
2016-05-14 16:00:00,32.84,34.19,28.42,0.22,28.33
2016-05-14 16:30:00,40.14,42.28,36.63,9.73,35.53
2016-05-14 17:00:00,59.82,62.64,56.66,30.24,54.5
2016-05-14 17:30:00,52.74,53.69,51.95,30.18,49.42
2016-05-14 18:00:00,85.55,87.03,79.88,0.22,78.85
2016-05-14 18:30:00,73.94,73.77,72.01,0.22,70.32
2016-05-14 19:00:00,47.32,49.07,43.45,0.22,44.17
2016-05-14 19:30:00,38.08,41.11,34.65,0.22,35.08
2016-05-14 20:00:00,35.51,38.92,32.43,0.22,32.0
2016-05-14 20:30:00,34.33,37.6,30.64,0.22,30.26
2016-05-14 21:00:00,29.16,32.22,18.92,1.72,21.29
2016-05-14 21:30:00,30.09,33.15,4.85,0.25,13.96
2016-05-14 22:00:00,28.39,30.94,-1.21,7.43,10.11
2016-05-14 22:30:00,32.82,36.17,-0.53,35.96,12.38
2016-05-14 23:00:00,31.32,35.2,3.79,4.74,14.25
2016-05-14 23:30:00,35.66,39.34,9.66,0.24,20.11
2016-05-15 00:00:00,30.17,32.93,16.32,14.45,21.22
2016-05-15 00:30:00,29.11,31.18,14.22,23.54,18.98
2016-05-15 01:00:00,29.75,31.17,10.57,23.55,16.8
2016-05-15 01:30:00,28.52,29.48,8.62,0.2,15.31
2016-05-15 02:00:00,24.29,24.64,5.57,0.23,12.11
2016-05-15 02:30:00,30.3,31.66,-0.07,0.24,11.33
2016-05-15 03:00:00,25.71,27.45,5.76,0.21,12.55
2016-05-15 03:30:00,29.63,31.31,3.37,0.2,12.72
2016-05-15 04:00:00,29.87,31.7,1.05,0.2,11.56
2016-05-15 04:30:00,29.66,31.11,-1.79,0.2,9.98
2016-05-15 05:00:00,29.71,30.82,-0.2,0.2,10.82
2016-05-15 05:30:00,30.44,32.11,3.05,0.2,12.76
2016-05-15 06:00:00,29.01,31.29,9.43,0.2,15.36
2016-05-15 06:30:00,28.97,31.13,11.48,0.21,16.15
2016-05-15 07:00:00,29.74,31.56,20.22,0.2,12.62
2016-05-15 07:30:00,32.49,34.17,25.78,0.19,10.57
2016-05-15 08:00:00,31.12,32.58,25.86,0.2,12.91
2016-05-15 08:30:00,31.9,32.29,32.18,0.21,27.54
2016-05-15 09:00:00,31.28,31.47,35.98,0.22,20.85
2016-05-15 09:30:00,31.55,31.69,36.74,0.22,27.55
2016-05-15 10:00:00,31.38,31.51,36.45,0.12,18.13
2016-05-15 10:30:00,30.46,30.69,35.02,0.17,20.54
2016-05-15 11:00:00,29.77,29.99,37.81,0.18,25.92
2016-05-15 11:30:00,29.97,29.93,38.97,5.06,26.33
2016-05-15 12:00:00,29.59,29.49,36.09,3.11,25.87
2016-05-15 12:30:00,30.09,29.96,35.1,2.59,25.77
2016-05-15 13:00:00,29.97,29.91,36.92,24.41,26.03
2016-05-15 13:30:00,30.16,30.25,41.24,100.42,26.71
2016-05-15 14:00:00,29.97,30.45,42.99,0.31,26.73
2016-05-15 14:30:00,30.47,31.08,40.74,23.98,27.53
2016-05-15 15:00:00,32.99,34.1,44.0,-7.18,30.41
2016-05-15 15:30:00,37.78,39.39,49.61,0.2,35.39
2016-05-15 16:00:00,43.88,45.6,55.39,0.2,41.93
2016-05-15 16:30:00,49.36,51.33,62.4,0.2,47.22
2016-05-15 17:00:00,70.84,74.66,76.85,0.2,66.89
2016-05-15 17:30:00,59.94,60.54,67.02,0.22,58.53
2016-05-15 18:00:00,137.97,137.67,147.11,0.22,133.81
2016-05-15 18:30:00,171.47,167.03,194.2,0.22,172.48
2016-05-15 19:00:00,73.04,72.23,87.72,0.22,75.75
2016-05-15 19:30:00,65.27,65.99,92.07,0.22,68.98
2016-05-15 20:00:00,49.15,49.97,69.23,0.22,52.2
2016-05-15 20:30:00,43.85,44.43,59.35,48.75,46.91
2016-05-15 21:00:00,40.9,41.08,54.29,1.03,44.1
2016-05-15 21:30:00,36.28,35.91,49.82,140.3,38.63
2016-05-15 22:00:00,40.47,40.93,60.66,94.77,42.57
2016-05-15 22:30:00,37.35,37.71,55.27,2.47,38.43
2016-05-15 23:00:00,35.47,37.33,44.57,90.19,35.82
2016-05-15 23:30:00,37.58,39.86,41.93,23.57,38.3
2016-05-16 00:00:00,40.6,42.54,48.6,1.09,42.65
2016-05-16 00:30:00,34.01,35.92,50.49,55.71,35.96
2016-05-16 01:00:00,32.81,34.71,56.56,45.51,34.49
2016-05-16 01:30:00,34.15,35.7,52.05,32.91,34.76
2016-05-16 02:00:00,36.7,37.85,53.14,204.77,35.75
2016-05-16 02:30:00,38.7,41.07,45.14,36.9,35.48
2016-05-16 03:00:00,33.88,35.97,39.19,7.23,19.72
2016-05-16 03:30:00,34.01,36.0,42.54,63.57,25.34
2016-05-16 04:00:00,36.78,38.77,43.53,80.75,23.71
2016-05-16 04:30:00,38.39,40.21,42.78,106.96,25.28
2016-05-16 05:00:00,43.68,45.71,46.52,26.93,26.42
2016-05-16 05:30:00,44.18,47.68,42.98,0.22,29.1
2016-05-16 06:00:00,42.15,47.55,42.69,0.22,30.5
2016-05-16 06:30:00,65.58,72.95,67.32,20.42,54.89
2016-05-16 07:00:00,103.39,113.54,103.62,34.19,94.37
2016-05-16 07:30:00,56.36,62.06,56.66,113.63,51.52
2016-05-16 08:00:00,70.99,77.08,69.15,123.52,64.68
2016-05-16 08:30:00,56.51,60.94,56.33,106.96,52.11
2016-05-16 09:00:00,48.08,51.37,49.46,20.76,45.36
2016-05-16 09:30:00,47.14,51.2,52.79,56.9,44.25
2016-05-16 10:00:00,70.08,74.83,72.66,0.22,64.56
2016-05-16 10:30:00,62.77,66.79,60.9,0.21,56.41
2016-05-16 11:00:00,57.53,61.42,55.87,0.21,51.21
2016-05-16 11:30:00,39.66,42.48,37.95,0.21,34.99
2016-05-16 12:00:00,33.87,36.42,30.9,0.2,29.53
2016-05-16 12:30:00,34.56,38.48,30.28,0.2,29.58
2016-05-16 13:00:00,33.26,37.62,23.55,1.19,25.69
2016-05-16 13:30:00,32.86,37.24,25.66,1.54,26.82
2016-05-16 14:00:00,31.94,36.26,18.12,1.2,22.39
2016-05-16 14:30:00,32.26,36.84,16.99,126.05,21.88
2016-05-16 15:00:00,33.55,42.56,17.23,0.85,23.02
2016-05-16 15:30:00,35.07,48.36,31.26,1.2,31.37
2016-05-16 16:00:00,42.59,55.54,39.88,1.2,38.74
2016-05-16 16:30:00,45.07,50.82,42.31,1.2,41.15
2016-05-16 17:00:00,49.44,55.27,46.42,1.2,44.74
2016-05-16 17:30:00,75.27,83.06,69.17,1.19,66.47
2016-05-16 18:00:00,87.44,157.37,78.17,1.2,74.3
2016-05-16 18:30:00,72.37,79.26,77.94,1.2,63.72
2016-05-16 19:00:00,48.46,53.43,65.39,1.2,44.15
2016-05-16 19:30:00,53.15,59.84,71.15,1.2,50.45
2016-05-16 20:00:00,46.11,49.75,57.82,1.2,44.53
2016-05-16 20:30:00,38.61,41.76,53.3,1.2,37.3
2016-05-16 21:00:00,38.57,41.09,58.14,1.19,38.61
2016-05-16 21:30:00,33.24,35.46,46.45,2.12,33.21
2016-05-16 22:00:00,32.72,34.64,46.88,1.22,32.52
2016-05-16 22:30:00,52.36,54.46,62.72,1.2,51.54
2016-05-16 23:00:00,39.17,40.68,46.12,0.66,38.28
2016-05-16 23:30:00,40.45,42.69,29.14,1.2,39.41
2016-05-17 00:00:00,41.59,42.79,43.58,1.2,41.88
2016-05-17 00:30:00,39.73,41.12,57.07,24.73,39.81
2016-05-17 01:00:00,33.22,35.06,51.66,255.0,32.63
2016-05-17 01:30:00,30.09,31.8,36.76,1.04,28.11
2016-05-17 02:00:00,29.57,30.97,32.42,30.84,26.28
2016-05-17 02:30:00,37.67,39.26,38.16,24.39,32.78
2016-05-17 03:00:00,30.26,32.16,28.02,1.2,25.81
2016-05-17 03:30:00,29.72,31.76,26.89,54.21,24.97
2016-05-17 04:00:00,30.14,32.28,28.76,1.19,25.61
2016-05-17 04:30:00,29.33,31.7,27.97,1.21,25.24
2016-05-17 05:00:00,32.39,34.73,33.67,1.19,28.23
2016-05-17 05:30:00,38.75,40.95,38.66,1.22,34.85
2016-05-17 06:00:00,59.21,62.67,62.33,23.83,55.56
2016-05-17 06:30:00,70.07,74.37,72.37,0.17,67.41
2016-05-17 07:00:00,118.58,130.05,115.18,8.41,112.1
2016-05-17 07:30:00,46.95,51.96,54.2,31.71,44.04
2016-05-17 08:00:00,68.63,73.48,89.97,1.24,65.33
2016-05-17 08:30:00,46.7,49.31,1126.17,1.23,44.9
2016-05-17 09:00:00,66.05,67.44,92.87,7.53,67.55
2016-05-17 09:30:00,81.33,81.32,163.37,1.22,87.56
2016-05-17 10:00:00,50.67,50.3,158.61,1.18,55.33
2016-05-17 10:30:00,49.8,49.48,125.27,0.66,54.81
2016-05-17 11:00:00,44.74,44.87,125.17,0.18,49.27
2016-05-17 11:30:00,34.63,35.82,133.5,0.18,37.74
2016-05-17 12:00:00,42.79,44.06,124.99,0.18,47.42
2016-05-17 12:30:00,51.74,52.23,124.99,1.05,58.16
2016-05-17 13:00:00,63.64,63.99,124.99,1.18,71.05
2016-05-17 13:30:00,70.18,71.54,125.11,1.19,76.92
2016-05-17 14:00:00,71.39,72.76,126.99,1.21,77.78
2016-05-17 14:30:00,56.65,59.33,170.82,1.22,60.12
2016-05-17 15:00:00,44.3,46.98,125.13,1.19,45.58
2016-05-17 15:30:00,41.36,46.04,124.99,1.22,41.13
2016-05-17 16:00:00,50.18,54.57,203.55,1.21,49.93
2016-05-17 16:30:00,48.63,53.15,203.64,0.35,47.7
2016-05-17 17:00:00,56.11,62.71,129.4,0.15,53.8
2016-05-17 17:30:00,135.03,144.72,200.62,0.17,127.14
2016-05-17 18:00:00,299.7,308.92,435.98,0.85,288.61
2016-05-17 18:30:00,175.2,181.98,2062.18,0.99,170.98
2016-05-17 19:00:00,134.1,143.52,313.72,0.97,129.55
2016-05-17 19:30:00,69.83,73.58,1949.43,0.34,69.85
2016-05-17 20:00:00,69.58,73.79,111.77,0.81,70.37
2016-05-17 20:30:00,111.32,113.07,183.75,0.34,112.93
2016-05-17 21:00:00,63.17,64.08,102.31,-8.14,65.26
2016-05-17 21:30:00,59.24,59.9,237.76,0.16,62.1
2016-05-17 22:00:00,45.38,45.98,218.75,0.14,46.61
2016-05-17 22:30:00,66.36,65.15,98.35,0.14,64.77
2016-05-17 23:00:00,60.39,59.87,79.24,0.12,55.14
2016-05-17 23:30:00,87.96,82.06,105.24,0.12,83.95
2016-05-18 00:00:00,104.99,94.2,1860.31,-16.53,103.41
2016-05-18 00:30:00,73.8,66.46,189.5,0.12,71.67
2016-05-18 01:00:00,115.59,104.24,247.53,0.12,111.06
2016-05-18 01:30:00,109.99,97.16,172.71,0.12,108.44
2016-05-18 02:00:00,54.32,48.68,83.55,0.12,52.33
2016-05-18 02:30:00,56.15,52.24,80.25,-8.19,54.22
2016-05-18 03:00:00,38.76,37.39,58.12,-8.19,37.27
2016-05-18 03:30:00,41.24,41.11,59.59,0.12,38.98
2016-05-18 04:00:00,34.7,35.14,50.1,0.13,32.87
2016-05-18 04:30:00,34.82,35.9,49.99,0.11,33.08
2016-05-18 05:00:00,33.77,34.67,49.99,-8.2,32.45
2016-05-18 05:30:00,46.77,45.99,70.8,-8.19,46.02
2016-05-18 06:00:00,63.87,63.13,82.99,0.14,62.96
2016-05-18 06:30:00,214.08,208.11,242.42,0.16,207.49
2016-05-18 07:00:00,261.47,259.42,337.54,0.49,255.7
2016-05-18 07:30:00,62.36,65.63,132.8,1.2,57.19
2016-05-18 08:00:00,73.59,75.48,286.46,1.22,69.14
2016-05-18 08:30:00,54.71,55.38,370.3,1.23,52.59
2016-05-18 09:00:00,53.55,54.12,322.03,6.25,52.34
2016-05-18 09:30:00,71.68,70.93,196.75,2.03,71.2
2016-05-18 10:00:00,76.82,74.62,365.31,11.42,79.19
2016-05-18 10:30:00,55.94,55.19,174.99,25.6,56.59
2016-05-18 11:00:00,60.24,60.37,279.16,1.06,60.01
2016-05-18 11:30:00,75.02,73.96,299.99,1.22,77.25
2016-05-18 12:00:00,66.18,66.9,201.18,6.06,67.85
2016-05-18 12:30:00,64.3,65.11,101.95,0.83,66.11
2016-05-18 13:00:00,50.33,51.65,84.06,0.34,51.25
2016-05-18 13:30:00,47.24,49.3,77.21,0.18,47.57
2016-05-18 14:00:00,72.65,74.82,95.92,0.17,73.78
2016-05-18 14:30:00,70.03,74.49,91.29,0.13,70.2
2016-05-18 15:00:00,51.44,55.92,73.55,0.14,52.14
2016-05-18 15:30:00,58.89,64.54,89.41,0.15,60.55
2016-05-18 16:00:00,48.71,54.28,94.99,0.14,49.31
2016-05-18 16:30:00,48.16,54.69,110.73,0.17,47.86
2016-05-18 17:00:00,74.45,80.0,98.84,0.18,75.16
2016-05-18 17:30:00,64.73,70.29,65.03,1.2,61.99
2016-05-18 18:00:00,98.53,102.5,107.99,1.19,95.19
2016-05-18 18:30:00,81.03,84.33,121.49,1.18,79.69
2016-05-18 19:00:00,71.52,75.44,111.55,0.34,69.75
2016-05-18 19:30:00,68.99,73.21,110.89,0.17,68.96
2016-05-18 20:00:00,82.48,83.27,126.42,0.17,84.83
2016-05-18 20:30:00,124.34,125.16,171.43,0.34,122.09
2016-05-18 21:00:00,63.56,63.43,86.73,0.14,64.43
2016-05-18 21:30:00,54.78,56.09,66.31,0.13,54.73
2016-05-18 22:00:00,40.45,41.27,44.58,0.13,39.57
2016-05-18 22:30:00,59.61,58.62,62.23,0.12,57.23
2016-05-18 23:00:00,38.61,40.25,97.22,0.12,28.74
2016-05-18 23:30:00,33.98,36.07,30.7,0.3,29.89
2016-05-19 00:00:00,79.36,81.18,1775.46,0.12,-142.28
2016-05-19 00:30:00,42.6,43.58,127.62,0.12,-44.74
2016-05-19 01:00:00,39.93,41.69,78.55,0.13,-6.98
2016-05-19 01:30:00,29.99,31.58,53.29,0.14,21.83
2016-05-19 02:00:00,30.31,31.19,49.7,0.14,17.39
2016-05-19 02:30:00,32.74,33.66,33.92,0.12,14.28
2016-05-19 03:00:00,29.76,31.18,17.9,0.12,12.12
2016-05-19 03:30:00,29.51,30.78,12.18,0.12,8.17
2016-05-19 04:00:00,29.71,30.99,12.65,0.12,9.08
2016-05-19 04:30:00,29.42,30.88,12.69,0.12,9.6
2016-05-19 05:00:00,30.15,31.6,13.41,0.14,10.64
2016-05-19 05:30:00,41.97,44.22,22.69,0.3,17.14
2016-05-19 06:00:00,36.68,39.66,24.19,0.14,17.78
2016-05-19 06:30:00,54.68,57.51,39.16,0.16,26.6
2016-05-19 07:00:00,88.33,94.39,62.96,0.33,44.6
2016-05-19 07:30:00,52.79,59.0,70.47,1.23,39.49
2016-05-19 08:00:00,79.19,84.67,94.13,1.39,73.92
2016-05-19 08:30:00,80.26,84.99,104.68,30.14,75.79
2016-05-19 09:00:00,53.0,55.95,79.34,30.27,50.74
2016-05-19 09:30:00,51.12,53.67,73.99,48.57,49.69
2016-05-19 10:00:00,51.64,53.43,71.86,23.8,47.47
2016-05-19 10:30:00,56.04,59.2,67.79,133.28,50.6
2016-05-19 11:00:00,76.9,81.56,93.0,30.63,68.78
2016-05-19 11:30:00,81.44,85.59,107.21,1.57,73.51
2016-05-19 12:00:00,76.32,79.97,112.44,6.74,70.24
2016-05-19 12:30:00,53.05,56.27,90.44,1.23,49.08
2016-05-19 13:00:00,47.7,51.08,124.66,6.06,43.92
2016-05-19 13:30:00,53.05,56.49,78.74,30.27,49.71
2016-05-19 14:00:00,67.71,73.03,87.91,25.74,61.74
2016-05-19 14:30:00,79.2,86.56,101.21,1.19,70.87
2016-05-19 15:00:00,60.31,65.64,88.51,1.19,54.04
2016-05-19 15:30:00,63.69,69.11,95.36,1.2,56.51
2016-05-19 16:00:00,81.66,89.76,85.18,1.22,70.81
2016-05-19 16:30:00,74.93,81.24,81.77,6.07,66.27
2016-05-19 17:00:00,79.29,84.32,83.45,1.24,69.75
2016-05-19 17:30:00,76.76,81.44,74.76,1.72,71.62
2016-05-19 18:00:00,114.02,120.66,110.09,1.72,106.33
2016-05-19 18:30:00,71.8,75.35,74.42,1.24,68.98
2016-05-19 19:00:00,55.24,59.86,65.36,30.6,54.32
2016-05-19 19:30:00,49.2,52.76,71.25,1.24,48.25
2016-05-19 20:00:00,53.39,57.83,75.32,1.24,51.87
2016-05-19 20:30:00,67.86,72.07,71.98,1.24,64.97
2016-05-19 21:00:00,58.6,62.07,64.05,1.24,57.17
2016-05-19 21:30:00,55.62,61.06,61.07,1.24,53.75
2016-05-19 22:00:00,39.86,43.92,47.35,1.23,38.96
2016-05-19 22:30:00,71.24,77.41,77.94,1.23,68.08
2016-05-19 23:00:00,55.47,60.82,59.31,1.06,51.42
2016-05-19 23:30:00,40.32,43.39,42.46,1.04,37.42
2016-05-20 00:00:00,49.83,51.8,59.02,0.34,50.85
2016-05-20 00:30:00,47.66,50.26,56.61,0.14,43.23
2016-05-20 01:00:00,40.84,42.89,55.66,0.14,34.78
2016-05-20 01:30:00,32.24,33.12,49.91,0.14,31.26
2016-05-20 02:00:00,30.53,31.13,49.99,0.14,29.52
2016-05-20 02:30:00,29.97,30.87,49.99,0.14,24.99
2016-05-20 03:00:00,31.02,32.27,45.71,0.14,24.09
2016-05-20 03:30:00,32.61,34.87,44.58,0.14,27.43
2016-05-20 04:00:00,29.97,32.24,41.53,0.15,25.35
2016-05-20 04:30:00,31.56,33.54,41.43,0.15,25.01
2016-05-20 05:00:00,34.59,37.4,45.71,0.16,28.61
2016-05-20 05:30:00,47.56,49.43,57.07,0.18,45.8
2016-05-20 06:00:00,49.46,51.6,59.32,1.18,48.65
2016-05-20 06:30:00,175.91,181.55,201.44,1.21,176.63
2016-05-20 07:00:00,278.28,279.05,314.48,1.4,278.19
2016-05-20 07:30:00,143.28,148.03,177.76,11.09,142.91
2016-05-20 08:00:00,167.74,171.41,222.38,48.59,167.7
2016-05-20 08:30:00,90.25,90.96,132.11,25.46,93.41
2016-05-20 09:00:00,69.24,69.88,109.13,1.03,73.05
2016-05-20 09:30:00,68.46,68.85,105.05,1.98,71.71
2016-05-20 10:00:00,71.32,70.45,102.14,1.71,75.16
2016-05-20 10:30:00,73.7,72.29,105.74,1.24,74.98
2016-05-20 11:00:00,77.71,76.22,113.21,1.22,78.83
2016-05-20 11:30:00,75.16,74.9,116.96,1.23,75.85
2016-05-20 12:00:00,83.31,84.03,124.17,1.24,83.34
2016-05-20 12:30:00,73.37,75.2,108.45,1.23,72.27
2016-05-20 13:00:00,66.46,69.21,96.27,1.21,64.25
2016-05-20 13:30:00,63.13,66.57,96.36,1.22,61.02
2016-05-20 14:00:00,66.54,71.08,97.51,1.22,64.34
2016-05-20 14:30:00,70.11,75.4,100.1,-2.63,68.59
2016-05-20 15:00:00,71.64,77.35,98.09,1.22,69.51
2016-05-20 15:30:00,67.88,73.22,86.85,1.22,63.61
2016-05-20 16:00:00,87.63,92.48,116.25,1.24,85.27
2016-05-20 16:30:00,71.97,76.96,104.74,1.4,74.41
2016-05-20 17:00:00,103.71,110.85,139.89,1.24,105.55
2016-05-20 17:30:00,71.08,76.59,81.48,11.25,68.79
2016-05-20 18:00:00,105.06,109.48,144.49,30.27,103.07
2016-05-20 18:30:00,82.24,85.3,124.23,30.27,83.25
2016-05-20 19:00:00,69.13,73.97,100.31,30.27,69.99
2016-05-20 19:30:00,60.64,64.59,89.33,30.27,60.93
2016-05-20 20:00:00,77.83,82.13,97.12,16.26,76.28
2016-05-20 20:30:00,130.69,136.13,139.21,30.27,120.78
2016-05-20 21:00:00,65.45,67.03,75.55,25.72,63.01
2016-05-20 21:30:00,66.14,68.51,75.19,20.93,64.35
2016-05-20 22:00:00,56.47,59.07,64.82,2.23,54.79
2016-05-20 22:30:00,191.04,194.17,192.6,25.37,177.37
2016-05-20 23:00:00,108.86,111.49,101.57,1.74,86.81
2016-05-20 23:30:00,132.21,130.53,125.83,6.08,117.01
2016-05-21 00:00:00,51.83,49.12,52.59,1.22,50.5
2016-05-21 00:30:00,52.29,50.09,53.13,1.21,45.53
2016-05-21 01:00:00,101.54,100.35,85.84,0.83,28.75
2016-05-21 01:30:00,52.88,52.09,47.4,1.21,26.26
2016-05-21 02:00:00,75.01,72.93,60.3,1.22,24.99
2016-05-21 02:30:00,58.83,57.59,47.25,1.22,19.9
2016-05-21 03:00:00,49.26,48.28,39.06,0.85,17.0
2016-05-21 03:30:00,38.7,38.44,30.59,-8.14,16.2
2016-05-21 04:00:00,63.44,65.75,25.29,0.16,24.41
2016-05-21 04:30:00,51.95,53.16,11.57,1.18,25.12
2016-05-21 05:00:00,49.65,50.26,11.33,1.2,24.08
2016-05-21 05:30:00,60.74,60.88,11.45,1.21,28.29
2016-05-21 06:00:00,48.05,49.55,16.72,1.22,22.99
2016-05-21 06:30:00,57.13,58.8,19.55,1.22,30.91
2016-05-21 07:00:00,70.63,74.73,29.33,1.24,37.17
2016-05-21 07:30:00,52.18,55.41,36.89,11.18,24.51
2016-05-21 08:00:00,64.01,66.65,50.8,1.4,25.79
2016-05-21 08:30:00,82.44,85.31,53.53,1.41,41.6
2016-05-21 09:00:00,88.19,90.89,66.33,20.93,63.13
2016-05-21 09:30:00,99.06,101.42,70.85,20.93,76.85
2016-05-21 10:00:00,75.48,76.82,44.1,6.59,52.69
2016-05-21 10:30:00,51.57,52.44,35.58,1.4,38.9
2016-05-21 11:00:00,49.22,50.4,27.39,1.41,33.03
2016-05-21 11:30:00,43.25,44.87,25.39,1.24,29.56
2016-05-21 12:00:00,38.93,40.36,18.32,1.34,24.32
2016-05-21 12:30:00,43.45,45.01,11.83,1.24,22.96
2016-05-21 13:00:00,68.46,70.38,8.01,1.21,30.91
2016-05-21 13:30:00,99.6,103.72,8.5,1.2,43.38
2016-05-21 14:00:00,113.91,117.82,10.66,1.2,50.18
2016-05-21 14:30:00,71.73,74.36,8.95,1.2,32.73
2016-05-21 15:00:00,68.83,71.28,9.45,1.2,31.81
2016-05-21 15:30:00,95.71,99.22,20.37,1.22,47.22
2016-05-21 16:00:00,115.81,120.75,15.75,1.22,52.94
2016-05-21 16:30:00,116.11,118.51,64.67,1.23,36.18
2016-05-21 17:00:00,283.36,277.73,210.95,18.69,69.29
2016-05-21 17:30:00,256.19,251.75,168.85,30.27,158.94
2016-05-21 18:00:00,264.97,256.74,151.88,30.27,183.3
2016-05-21 18:30:00,124.6,121.81,80.06,25.6,91.15
2016-05-21 19:00:00,153.46,154.1,69.95,6.72,85.57
2016-05-21 19:30:00,66.78,69.74,32.79,25.43,40.35
2016-05-21 20:00:00,70.18,74.84,27.8,1.4,41.25
2016-05-21 20:30:00,95.45,98.1,27.93,1.24,51.42
2016-05-21 21:00:00,66.3,69.49,26.51,1.24,39.22
2016-05-21 21:30:00,47.84,50.85,23.08,6.18,30.26
2016-05-21 22:00:00,69.9,75.86,26.59,1.34,39.68
2016-05-21 22:30:00,61.8,66.89,18.76,1.24,32.94
2016-05-21 23:00:00,50.27,54.65,17.74,1.22,28.2
2016-05-21 23:30:00,58.4,62.07,15.74,1.21,31.81
2016-05-22 00:00:00,39.49,40.87,27.03,1.2,23.07
2016-05-22 00:30:00,35.59,37.69,28.7,1.2,15.28
2016-05-22 01:00:00,29.9,31.3,13.66,1.2,16.23
2016-05-22 01:30:00,32.31,34.55,10.63,1.2,17.81
2016-05-22 02:00:00,52.74,54.67,10.53,1.19,25.32
2016-05-22 02:30:00,54.13,58.09,6.13,1.18,23.51
2016-05-22 03:00:00,37.85,41.53,4.95,1.18,16.73
2016-05-22 03:30:00,34.59,37.91,-4.37,1.19,10.56
2016-05-22 04:00:00,32.28,35.12,2.34,1.18,13.3
2016-05-22 04:30:00,29.58,30.91,4.0,0.19,13.25
2016-05-22 05:00:00,30.14,31.0,2.67,0.18,12.84
2016-05-22 05:30:00,30.97,32.38,3.69,0.19,13.71
2016-05-22 06:00:00,31.4,33.31,5.09,0.2,14.65
2016-05-22 06:30:00,36.01,38.27,8.17,0.97,18.1
2016-05-22 07:00:00,37.94,41.04,8.71,0.67,19.14
2016-05-22 07:30:00,41.16,45.38,-0.52,1.18,15.36
2016-05-22 08:00:00,38.41,40.96,-0.42,1.22,14.5
2016-05-22 08:30:00,47.35,50.81,-0.53,1.23,17.97
2016-05-22 09:00:00,42.6,46.08,1.18,1.23,17.08
2016-05-22 09:30:00,38.33,40.79,-0.6,1.24,14.5
2016-05-22 10:00:00,33.37,34.83,-0.32,1.24,12.74
2016-05-22 10:30:00,33.3,35.24,6.32,1.24,16.29
2016-05-22 11:00:00,33.25,36.17,6.33,1.23,16.11
2016-05-22 11:30:00,32.96,36.21,9.41,1.22,17.45
2016-05-22 12:00:00,31.26,34.25,8.49,1.24,16.15
2016-05-22 12:30:00,31.29,33.68,9.21,1.24,16.19
2016-05-22 13:00:00,31.99,34.33,12.57,1.24,15.19
2016-05-22 13:30:00,30.94,33.09,14.08,1.24,16.59
2016-05-22 14:00:00,31.51,34.09,13.75,1.24,16.82
2016-05-22 14:30:00,32.29,35.29,14.0,1.44,17.13
2016-05-22 15:00:00,34.24,37.76,13.62,1.74,17.87
2016-05-22 15:30:00,48.79,53.53,20.35,13.02,21.1
2016-05-22 16:00:00,48.24,52.47,16.81,0.24,17.58
2016-05-22 16:30:00,67.09,73.68,-22.39,0.24,6.03
2016-05-22 17:00:00,80.63,86.5,-10.49,28.09,24.79
2016-05-22 17:30:00,69.62,72.51,40.45,6.9,34.75
2016-05-22 18:00:00,268.55,274.01,83.49,30.27,116.55
2016-05-22 18:30:00,181.17,185.56,63.92,30.27,74.6
2016-05-22 19:00:00,81.88,83.58,42.71,2.24,41.22
2016-05-22 19:30:00,58.04,60.43,31.97,30.27,30.03
2016-05-22 20:00:00,63.19,65.64,34.7,10.9,30.36
2016-05-22 20:30:00,104.97,106.75,36.07,0.24,47.76
2016-05-22 21:00:00,47.2,48.93,20.6,0.24,24.85
2016-05-22 21:30:00,60.63,65.98,18.46,0.24,30.11
2016-05-22 22:00:00,44.37,48.71,11.35,5.97,21.87
2016-05-22 22:30:00,83.92,91.35,2.46,5.35,32.01
2016-05-22 23:00:00,31.74,33.82,10.36,0.23,16.92
2016-05-22 23:30:00,32.23,33.59,9.11,0.21,17.48
2016-05-23 00:00:00,35.7,37.39,0.97,0.21,14.27
2016-05-23 00:30:00,38.49,40.13,-72.03,0.21,-88.23
2016-05-23 01:00:00,29.82,31.28,-8.38,0.2,7.64
2016-05-23 01:30:00,45.75,45.48,-248.03,0.21,-252.19
2016-05-23 02:00:00,36.39,35.72,-36.55,0.23,-29.31
2016-05-23 02:30:00,45.21,44.34,-36.55,0.21,-13.24
2016-05-23 03:00:00,80.37,77.96,-142.17,0.22,-188.59
2016-05-23 03:30:00,50.13,49.26,-140.99,0.22,-205.1
2016-05-23 04:00:00,76.89,75.09,-361.57,0.22,-490.24
2016-05-23 04:30:00,49.98,48.77,-368.47,0.55,-517.12
2016-05-23 05:00:00,31.77,32.06,-291.06,0.26,-425.62
2016-05-23 05:30:00,36.44,36.61,-34.86,0.26,-12.73
2016-05-23 06:00:00,44.76,45.22,-26.82,0.7,6.16
2016-05-23 06:30:00,96.77,98.68,10.05,47.65,38.4
2016-05-23 07:00:00,275.94,276.71,75.81,1.22,123.61
2016-05-23 07:30:00,150.04,149.37,73.28,2.02,70.2
2016-05-23 08:00:00,116.76,115.29,80.92,16.07,62.54
2016-05-23 08:30:00,85.01,82.39,77.3,36.34,48.06
2016-05-23 09:00:00,71.22,68.62,2149.77,0.87,40.88
2016-05-23 09:30:00,66.64,63.95,44.01,1.22,31.11
2016-05-23 10:00:00,41.21,40.68,37.11,1.35,33.27
2016-05-23 10:30:00,68.59,68.32,40.74,1.21,38.0
2016-05-23 11:00:00,62.67,62.4,34.27,28.09,35.13
2016-05-23 11:30:00,67.0,66.83,42.04,25.71,39.49
2016-05-23 12:00:00,69.63,70.17,44.17,1.22,37.93
2016-05-23 12:30:00,63.01,63.03,50.74,36.58,30.78
2016-05-23 13:00:00,86.02,85.06,65.69,25.25,56.85
2016-05-23 13:30:00,92.27,91.5,66.2,6.88,60.95
2016-05-23 14:00:00,73.77,74.23,76.83,16.25,64.42
2016-05-23 14:30:00,89.46,88.88,60.91,25.41,46.58
2016-05-23 15:00:00,73.39,73.13,78.92,25.6,58.41
2016-05-23 15:30:00,68.59,69.87,79.15,20.93,60.82
2016-05-23 16:00:00,87.71,90.18,78.8,25.6,58.37
2016-05-23 16:30:00,59.67,60.09,80.2,87.73,55.03
2016-05-23 17:00:00,69.96,69.65,97.82,48.82,66.09
2016-05-23 17:30:00,114.71,116.84,147.41,32.84,105.72
2016-05-23 18:00:00,101.59,102.68,107.55,33.24,93.13
2016-05-23 18:30:00,73.76,73.91,106.65,30.47,70.05
2016-05-23 19:00:00,66.05,67.15,96.67,30.27,62.96
2016-05-23 19:30:00,42.12,42.94,78.93,30.27,39.88
2016-05-23 20:00:00,74.74,74.92,110.25,48.59,69.45
2016-05-23 20:30:00,65.68,65.56,96.37,25.59,61.06
2016-05-23 21:00:00,53.76,54.41,82.32,2.2,50.18
2016-05-23 21:30:00,43.5,45.84,77.55,1.38,39.5
2016-05-23 22:00:00,39.74,42.63,68.31,1.22,35.57
2016-05-23 22:30:00,52.6,54.71,66.13,1.2,28.67
2016-05-23 23:00:00,57.29,61.41,62.78,1.2,29.68
2016-05-23 23:30:00,40.31,42.68,36.68,0.82,29.94
2016-05-24 00:00:00,57.3,59.42,65.83,0.18,30.87
2016-05-24 00:30:00,48.38,51.44,59.71,0.18,22.59
2016-05-24 01:00:00,36.31,38.54,53.56,0.17,16.2
2016-05-24 01:30:00,33.02,34.44,43.71,0.18,14.79
2016-05-24 02:00:00,29.86,30.6,49.99,0.17,21.63
2016-05-24 02:30:00,35.51,36.28,50.66,0.5,12.37
2016-05-24 03:00:00,32.42,33.53,49.99,0.49,8.83
2016-05-24 03:30:00,30.68,32.15,49.99,0.17,10.37
2016-05-24 04:00:00,29.54,30.93,48.21,0.16,12.7
2016-05-24 04:30:00,29.97,31.84,36.03,0.34,10.27
2016-05-24 05:00:00,30.24,32.14,37.46,0.51,13.87
2016-05-24 05:30:00,44.93,47.92,50.32,1.15,19.23
2016-05-24 06:00:00,45.63,49.19,49.74,1.18,23.73
2016-05-24 06:30:00,66.87,70.05,63.91,6.39,15.54
2016-05-24 07:00:00,83.61,82.36,86.57,51.08,46.33
2016-05-24 07:30:00,82.64,81.38,91.6,32.98,71.43
2016-05-24 08:00:00,84.67,82.51,99.28,30.87,71.91
2016-05-24 08:30:00,109.57,107.87,133.31,30.37,108.18
2016-05-24 09:00:00,54.32,54.04,76.89,35.21,54.21
2016-05-24 09:30:00,52.83,52.5,76.53,43.3,54.11
2016-05-24 10:00:00,43.78,43.54,69.89,61.02,44.39
2016-05-24 10:30:00,56.54,56.13,70.92,45.17,56.39
2016-05-24 11:00:00,51.56,51.28,64.99,45.17,51.54
2016-05-24 11:30:00,48.79,48.88,62.01,30.67,49.32
2016-05-24 12:00:00,48.51,49.66,60.25,30.87,48.61
2016-05-24 12:30:00,56.26,58.74,65.8,30.67,56.02
2016-05-24 13:00:00,51.05,53.9,59.2,30.27,50.42
2016-05-24 13:30:00,44.04,47.1,50.76,30.27,43.44
2016-05-24 14:00:00,42.23,44.82,49.13,16.27,41.9
2016-05-24 14:30:00,34.0,36.38,39.53,30.27,33.53
2016-05-24 15:00:00,45.78,48.25,51.48,30.27,44.16
2016-05-24 15:30:00,48.07,50.93,52.91,6.06,45.98
2016-05-24 16:00:00,47.98,49.85,50.79,1.57,45.59
2016-05-24 16:30:00,41.63,43.01,43.61,1.4,39.05
2016-05-24 17:00:00,48.08,48.4,52.69,43.9,46.21
2016-05-24 17:30:00,74.81,75.89,80.19,90.9,71.54
2016-05-24 18:00:00,102.17,103.86,111.14,49.47,99.9
2016-05-24 18:30:00,81.83,82.69,89.54,45.32,82.17
2016-05-24 19:00:00,64.73,64.89,71.99,45.32,65.85
2016-05-24 19:30:00,49.8,50.32,56.06,40.72,50.41
2016-05-24 20:00:00,63.48,62.24,65.55,31.94,61.99
2016-05-24 20:30:00,66.19,65.04,68.83,33.61,64.9
2016-05-24 21:00:00,47.98,47.02,51.84,36.64,47.41
2016-05-24 21:30:00,37.36,37.55,38.43,38.63,34.91
2016-05-24 22:00:00,35.04,36.64,34.5,30.27,31.82
2016-05-24 22:30:00,39.98,41.54,36.47,30.27,33.09
2016-05-24 23:00:00,36.43,38.39,31.1,6.92,25.2
2016-05-24 23:30:00,35.28,36.67,27.99,1.43,29.91
2016-05-25 00:00:00,34.81,34.83,32.39,1.26,31.13
2016-05-25 00:30:00,33.39,33.86,28.47,1.24,19.39
2016-05-25 01:00:00,30.14,30.94,25.66,1.24,25.39
2016-05-25 01:30:00,29.95,30.61,23.17,1.24,24.22
2016-05-25 02:00:00,29.97,30.6,17.68,1.24,21.05
2016-05-25 02:30:00,30.0,30.6,-4.5,1.24,8.99
2016-05-25 03:00:00,29.85,30.64,-6.95,1.24,7.59
2016-05-25 03:30:00,29.92,30.75,-6.45,1.24,7.89
2016-05-25 04:00:00,29.86,30.79,-23.38,1.24,-1.23
2016-05-25 04:30:00,29.89,30.64,-19.12,1.24,1.16
2016-05-25 05:00:00,29.61,30.48,-0.49,1.35,10.97
2016-05-25 05:30:00,29.62,29.87,-20.08,23.61,0.76
2016-05-25 06:00:00,34.54,35.17,-6.4,11.59,10.19
2016-05-25 06:30:00,107.18,107.47,81.11,30.27,90.49
2016-05-25 07:00:00,74.59,73.97,65.44,31.52,67.38
2016-05-25 07:30:00,77.39,80.5,68.14,43.62,69.16
2016-05-25 08:00:00,79.62,81.23,70.49,44.57,71.4
2016-05-25 08:30:00,62.5,62.72,56.33,43.95,55.66
2016-05-25 09:00:00,64.88,65.26,60.51,43.32,59.57
2016-05-25 09:30:00,71.73,71.21,68.08,35.02,67.44
2016-05-25 10:00:00,59.23,57.86,58.97,43.32,56.3
2016-05-25 10:30:00,68.47,66.3,68.82,44.21,67.35
2016-05-25 11:00:00,69.63,67.06,72.5,43.32,69.57
2016-05-25 11:30:00,60.94,59.06,65.82,34.62,61.15
2016-05-25 12:00:00,58.11,55.95,62.46,20.93,58.72
2016-05-25 12:30:00,66.56,63.44,68.22,20.93,66.42
2016-05-25 13:00:00,61.22,58.54,63.6,2.24,61.55
2016-05-25 13:30:00,69.13,66.49,72.71,6.92,69.01
2016-05-25 14:00:00,75.55,71.81,82.33,1.92,76.96
2016-05-25 14:30:00,79.28,74.06,88.91,16.27,82.54
2016-05-25 15:00:00,77.42,73.08,84.1,20.93,79.62
2016-05-25 15:30:00,97.97,90.64,109.37,30.27,102.39
2016-05-25 16:00:00,81.78,74.56,94.01,32.78,87.82
2016-05-25 16:30:00,76.68,70.0,84.18,16.26,80.9
2016-05-25 17:00:00,129.75,117.48,136.98,1.58,135.83
2016-05-25 17:30:00,95.43,83.47,102.5,1.58,99.65
2016-05-25 18:00:00,243.31,216.73,247.55,1.41,236.85
2016-05-25 18:30:00,100.49,88.11,108.37,30.27,99.22
2016-05-25 19:00:00,98.78,86.66,109.15,30.27,99.2
2016-05-25 19:30:00,79.31,72.45,86.21,2.25,80.4
2016-05-25 20:00:00,97.67,90.13,99.14,2.04,95.96
2016-05-25 20:30:00,80.17,75.74,81.49,1.25,77.55
2016-05-25 21:00:00,67.52,64.68,70.25,30.54,65.76
2016-05-25 21:30:00,66.67,65.02,67.7,1.35,63.27
2016-05-25 22:00:00,47.77,47.49,49.56,1.24,45.06
2016-05-25 22:30:00,78.74,75.95,72.46,1.23,70.67
2016-05-25 23:00:00,54.16,54.03,50.84,1.24,49.04
2016-05-25 23:30:00,77.23,77.18,68.15,1.24,71.05
2016-05-26 00:00:00,66.49,64.58,64.97,1.23,62.57
2016-05-26 00:30:00,66.72,63.73,69.94,1.22,65.1
2016-05-26 01:00:00,69.86,68.63,72.61,1.22,67.86
2016-05-26 01:30:00,45.87,44.88,50.37,1.22,45.65
2016-05-26 02:00:00,44.18,42.45,50.81,1.2,43.82
2016-05-26 02:30:00,31.97,31.87,35.72,1.22,31.06
2016-05-26 03:00:00,30.5,30.91,33.31,1.22,29.05
2016-05-26 03:30:00,35.1,36.67,37.97,1.15,33.24
2016-05-26 04:00:00,30.5,32.11,32.99,1.15,28.77
2016-05-26 04:30:00,31.56,33.25,34.45,1.21,29.89
2016-05-26 05:00:00,34.93,37.04,35.73,1.21,32.37
2016-05-26 05:30:00,56.45,57.26,58.26,1.17,53.65
2016-05-26 06:00:00,44.47,47.19,46.41,1.01,42.45
2016-05-26 06:30:00,73.9,77.34,73.62,1.23,69.7
2016-05-26 07:00:00,122.28,126.36,118.02,1.58,111.26
2016-05-26 07:30:00,86.84,86.05,89.97,47.61,80.64
2016-05-26 08:00:00,105.14,99.77,114.02,70.28,99.9
2016-05-26 08:30:00,218.83,200.03,239.88,70.28,212.84
2016-05-26 09:00:00,98.77,87.34,118.1,58.94,99.9
2016-05-26 09:30:00,174.28,152.23,264.9,123.53,181.06
2016-05-26 10:00:00,197.55,170.2,222.21,150.1,204.09
2016-05-26 10:30:00,260.86,220.43,270.14,150.1,268.59
2016-05-26 11:00:00,215.65,107.0,225.56,150.1,225.96
2016-05-26 11:30:00,173.36,127.57,185.12,110.16,183.78
2016-05-26 12:00:00,144.09,124.49,153.17,30.27,150.83
2016-05-26 12:30:00,70.28,62.56,76.88,50.28,74.21
2016-05-26 13:00:00,70.7,65.93,73.75,70.28,71.62
2016-05-26 13:30:00,68.8,65.18,72.96,47.61,69.61
2016-05-26 14:00:00,61.0,58.26,64.56,70.28,60.68
2016-05-26 14:30:00,81.26,77.88,87.17,70.28,81.26
2016-05-26 15:00:00,87.7,84.49,99.26,70.28,89.39
2016-05-26 15:30:00,90.61,87.46,107.97,70.28,96.13
2016-05-26 16:00:00,96.62,96.54,113.25,70.28,102.78
2016-05-26 16:30:00,136.63,138.08,151.4,58.94,144.03
2016-05-26 17:00:00,81.27,80.37,84.75,70.52,82.75
2016-05-26 17:30:00,86.09,81.73,94.84,71.34,89.75
2016-05-26 18:00:00,192.87,179.08,206.65,188.62,191.03
2016-05-26 18:30:00,100.19,93.72,111.52,58.94,99.9
2016-05-26 19:00:00,97.7,92.51,112.22,70.28,98.91
2016-05-26 19:30:00,93.9,87.45,114.21,70.28,99.86
2016-05-26 20:00:00,85.51,79.08,100.58,110.39,88.56
2016-05-26 20:30:00,78.17,76.8,89.69,130.3,77.73
2016-05-26 21:00:00,85.85,84.0,100.22,70.48,88.16
2016-05-26 21:30:00,91.27,89.94,112.74,30.27,92.98
2016-05-26 22:00:00,56.2,56.59,69.88,16.26,56.18
2016-05-26 22:30:00,77.96,76.79,87.16,1.91,76.21
2016-05-26 23:00:00,70.66,70.22,78.33,1.25,68.25
2016-05-26 23:30:00,68.78,65.44,75.6,1.24,69.57
2016-05-27 00:00:00,65.99,61.62,78.04,6.26,68.12
2016-05-27 00:30:00,63.44,59.31,78.02,51.89,66.95
2016-05-27 01:00:00,64.02,59.25,78.78,80.73,67.66
2016-05-27 01:30:00,54.42,50.56,67.06,1.24,57.42
2016-05-27 02:00:00,46.75,45.43,55.72,1.24,47.7
2016-05-27 02:30:00,32.15,32.6,35.3,1.24,31.72
2016-05-27 03:00:00,50.64,52.49,52.69,6.08,48.69
2016-05-27 03:30:00,45.59,48.25,46.71,1.24,43.42
2016-05-27 04:00:00,37.1,39.83,36.69,1.24,34.76
2016-05-27 04:30:00,40.31,42.63,40.1,1.24,37.89
2016-05-27 05:00:00,43.69,45.81,44.15,1.24,41.56
2016-05-27 05:30:00,64.2,67.45,64.71,1.22,62.41
2016-05-27 06:00:00,66.65,70.89,63.97,1.24,65.02
2016-05-27 06:30:00,93.69,100.08,77.89,20.77,86.11
2016-05-27 07:00:00,105.5,107.98,95.49,43.61,102.09
2016-05-27 07:30:00,68.36,71.44,63.91,83.72,65.85
2016-05-27 08:00:00,78.52,94.74,74.19,137.36,76.38
2016-05-27 08:30:00,67.94,69.66,71.57,150.1,70.75
2016-05-27 09:00:00,62.55,64.45,67.89,150.1,65.94
2016-05-27 09:30:00,100.36,112.89,101.3,150.27,100.48
2016-05-27 10:00:00,44.86,46.31,47.75,150.3,45.62
2016-05-27 10:30:00,39.32,48.75,40.99,150.3,39.0
2016-05-27 11:00:00,38.49,48.74,40.09,150.3,38.3
2016-05-27 11:30:00,44.83,49.76,46.94,150.3,44.7
2016-05-27 12:00:00,58.57,59.99,61.59,150.3,58.49
2016-05-27 12:30:00,61.08,62.95,64.65,136.95,60.66
2016-05-27 13:00:00,74.25,75.91,78.21,83.53,71.94
2016-05-27 13:30:00,71.32,73.06,76.34,110.24,69.28
2016-05-27 14:00:00,71.85,73.76,76.33,151.92,68.45
2016-05-27 14:30:00,69.76,73.82,72.63,151.93,65.61
2016-05-27 15:00:00,47.89,55.42,47.73,150.31,44.09
2016-05-27 15:30:00,37.6,39.68,36.68,51.87,34.15
2016-05-27 16:00:00,70.94,73.95,69.7,63.36,64.37
2016-05-27 16:30:00,60.07,63.47,59.86,70.08,54.13
2016-05-27 17:00:00,78.21,81.15,77.21,70.18,70.43
2016-05-27 17:30:00,83.71,80.87,81.77,63.53,77.01
2016-05-27 18:00:00,102.54,96.83,102.39,70.18,97.13
2016-05-27 18:30:00,103.24,98.95,105.18,50.23,97.76
2016-05-27 19:00:00,107.45,104.88,105.74,30.27,98.96
2016-05-27 19:30:00,102.72,98.37,101.66,30.27,95.15
2016-05-27 20:00:00,83.14,78.85,80.07,26.91,75.68
2016-05-27 20:30:00,100.58,96.26,95.41,50.23,92.54
2016-05-27 21:00:00,73.56,71.52,71.93,56.88,68.87
2016-05-27 21:30:00,72.86,74.38,73.96,30.27,68.17
2016-05-27 22:00:00,48.47,50.45,48.81,30.27,45.68
2016-05-27 22:30:00,148.99,149.88,137.53,30.27,138.2
2016-05-27 23:00:00,79.01,78.85,72.84,30.27,73.16
2016-05-27 23:30:00,119.41,116.25,107.59,30.18,112.15
2016-05-28 00:00:00,87.19,81.11,86.66,15.22,85.27
2016-05-28 00:30:00,67.97,62.85,69.97,25.19,66.29
2016-05-28 01:00:00,52.36,50.78,50.77,5.24,48.01
2016-05-28 01:30:00,50.15,50.95,45.32,25.19,44.26
2016-05-28 02:00:00,67.25,66.35,60.32,30.18,59.39
2016-05-28 02:30:00,56.93,55.95,49.98,20.2,49.66
2016-05-28 03:00:00,56.57,55.64,47.76,25.19,37.23
2016-05-28 03:30:00,43.31,43.23,33.39,15.22,17.49
2016-05-28 04:00:00,31.11,31.67,24.21,25.19,15.09
2016-05-28 04:30:00,33.15,34.07,27.87,30.25,22.82
2016-05-28 05:00:00,30.96,31.48,26.22,30.57,22.37
2016-05-28 05:30:00,36.66,37.47,30.16,31.52,24.7
2016-05-28 06:00:00,44.02,43.61,37.01,30.25,26.98
2016-05-28 06:30:00,70.08,67.43,63.56,31.83,62.1
2016-05-28 07:00:00,91.4,84.53,82.55,32.17,82.16
2016-05-28 07:30:00,93.95,85.8,84.69,32.25,83.06
2016-05-28 08:00:00,101.42,93.27,86.94,32.28,85.69
2016-05-28 08:30:00,123.61,114.44,97.12,32.27,98.89
2016-05-28 09:00:00,162.19,146.39,107.89,32.28,105.74
2016-05-28 09:30:00,299.7,263.61,254.71,53.56,245.18
2016-05-28 10:00:00,206.78,178.4,163.96,32.26,165.36
2016-05-28 10:30:00,120.18,99.22,109.91,44.93,102.3
2016-05-28 11:00:00,133.6,83.46,119.89,32.24,112.53
2016-05-28 11:30:00,163.99,85.39,145.35,33.24,135.01
2016-05-28 12:00:00,89.37,71.51,82.87,32.32,76.33
2016-05-28 12:30:00,82.93,65.04,75.04,32.19,70.66
2016-05-28 13:00:00,74.75,62.59,66.9,32.17,63.48
2016-05-28 13:30:00,91.75,72.19,84.66,32.17,78.91
2016-05-28 14:00:00,87.97,71.49,83.93,32.17,76.03
2016-05-28 14:30:00,80.38,69.45,77.73,32.18,70.29
2016-05-28 15:00:00,83.34,73.31,82.17,31.54,73.24
2016-05-28 15:30:00,80.91,72.83,79.52,31.57,70.87
2016-05-28 16:00:00,97.1,89.87,94.86,51.9,85.09
2016-05-28 16:30:00,127.77,118.89,122.71,32.25,111.27
2016-05-28 17:00:00,158.88,144.27,150.31,32.28,138.78
2016-05-28 17:30:00,114.07,102.19,111.6,32.28,101.62
2016-05-28 18:00:00,147.57,129.76,149.5,32.28,132.51
2016-05-28 18:30:00,106.05,92.04,116.32,32.28,99.9
2016-05-28 19:00:00,84.61,74.18,97.6,32.28,81.77
2016-05-28 19:30:00,66.64,61.42,77.18,32.26,64.26
2016-05-28 20:00:00,86.96,79.3,91.17,32.28,79.26
2016-05-28 20:30:00,102.99,93.2,104.65,32.28,92.93
2016-05-28 21:00:00,105.99,95.94,106.81,32.28,95.56
2016-05-28 21:30:00,97.33,88.42,97.5,31.92,87.57
2016-05-28 22:00:00,71.55,65.49,75.92,32.17,65.82
2016-05-28 22:30:00,81.35,77.45,80.87,30.25,71.55
2016-05-28 23:00:00,69.38,67.23,71.66,38.73,62.59
2016-05-28 23:30:00,66.62,64.0,66.79,30.23,61.25
2016-05-29 00:00:00,57.17,53.36,64.25,30.23,55.22
2016-05-29 00:30:00,62.04,57.53,78.73,30.22,60.87
2016-05-29 01:00:00,68.95,64.83,92.52,30.23,67.82
2016-05-29 01:30:00,63.91,60.24,89.72,30.23,63.89
2016-05-29 02:00:00,65.37,59.74,111.17,30.25,60.27
2016-05-29 02:30:00,40.01,38.37,49.29,30.25,23.91
2016-05-29 03:00:00,45.52,42.88,49.89,30.25,31.15
2016-05-29 03:30:00,47.97,44.37,47.31,36.92,25.2
2016-05-29 04:00:00,49.59,45.84,52.49,30.25,36.34
2016-05-29 04:30:00,44.25,41.28,43.08,32.24,22.25
2016-05-29 05:00:00,36.99,34.58,36.36,32.2,25.21
2016-05-29 05:30:00,32.79,31.72,31.87,32.24,25.2
2016-05-29 06:00:00,30.14,29.01,29.85,32.24,24.95
2016-05-29 06:30:00,34.27,32.73,37.02,32.24,25.2
2016-05-29 07:00:00,36.23,33.61,45.11,32.24,27.5
2016-05-29 07:30:00,48.47,43.83,58.39,51.32,25.65
2016-05-29 08:00:00,78.16,66.14,84.26,32.24,52.62
2016-05-29 08:30:00,67.4,55.77,75.45,32.24,51.37
2016-05-29 09:00:00,76.3,55.25,83.12,32.26,26.57
2016-05-29 09:30:00,81.83,65.78,87.59,73.23,56.2
2016-05-29 10:00:00,79.79,62.79,89.61,32.26,50.13
2016-05-29 10:30:00,78.85,55.9,91.39,32.25,36.83
2016-05-29 11:00:00,60.58,44.75,73.73,32.25,45.83
2016-05-29 11:30:00,57.74,47.79,73.42,32.28,58.9
2016-05-29 12:00:00,56.57,49.17,71.75,32.27,56.62
2016-05-29 12:30:00,55.23,47.13,69.32,32.26,56.86
2016-05-29 13:00:00,51.04,43.93,62.07,32.26,52.66
2016-05-29 13:30:00,45.51,40.75,52.55,32.26,46.26
2016-05-29 14:00:00,56.47,50.62,72.79,27.08,58.46
2016-05-29 14:30:00,57.0,51.81,72.63,32.27,59.1
2016-05-29 15:00:00,60.21,55.25,70.23,32.28,62.09
2016-05-29 15:30:00,71.63,66.02,82.06,32.28,72.55
2016-05-29 16:00:00,122.94,110.49,139.94,32.27,122.49
2016-05-29 16:30:00,87.05,80.34,111.7,71.75,85.3
2016-05-29 17:00:00,105.04,95.28,115.68,32.28,98.82
2016-05-29 17:30:00,152.25,143.51,150.63,110.93,133.94
2016-05-29 18:00:00,236.24,221.96,215.53,32.38,204.06
2016-05-29 18:30:00,175.1,164.72,173.45,110.93,156.21
2016-05-29 19:00:00,110.6,103.45,112.58,150.1,98.92
2016-05-29 19:30:00,102.27,93.74,103.62,150.1,92.03
2016-05-29 20:00:00,111.3,100.36,106.63,32.68,97.32
2016-05-29 20:30:00,173.53,156.62,154.37,130.5,148.34
2016-05-29 21:00:00,97.94,86.22,94.18,150.3,88.25
2016-05-29 21:30:00,109.16,96.34,103.17,110.86,98.64
2016-05-29 22:00:00,59.37,52.52,58.28,32.28,54.51
2016-05-29 22:30:00,56.39,52.94,51.81,32.28,49.96
2016-05-29 23:00:00,68.09,65.36,63.62,32.28,62.68
2016-05-29 23:30:00,74.55,73.43,64.2,32.26,68.61
2016-05-30 00:00:00,66.05,63.98,63.83,32.24,63.67
2016-05-30 00:30:00,57.18,54.99,60.44,32.24,55.96
2016-05-30 01:00:00,34.6,33.26,35.93,32.24,33.01
2016-05-30 01:30:00,58.72,52.94,59.27,32.24,55.93
2016-05-30 02:00:00,53.8,49.12,52.78,32.24,50.17
2016-05-30 02:30:00,34.7,33.59,31.63,32.24,30.85
2016-05-30 03:00:00,30.78,30.58,26.72,32.24,26.47
2016-05-30 03:30:00,31.04,30.6,26.9,32.24,26.64
2016-05-30 04:00:00,30.81,30.6,25.9,32.24,26.02
2016-05-30 04:30:00,30.57,30.42,25.43,30.73,25.81
2016-05-30 05:00:00,31.93,31.5,26.73,31.7,27.33
2016-05-30 05:30:00,52.07,48.61,43.32,44.19,45.4
2016-05-30 06:00:00,60.77,58.03,52.66,30.27,55.15
2016-05-30 06:30:00,219.08,202.8,167.01,74.96,193.3
2016-05-30 07:00:00,296.8,277.11,208.74,33.17,270.7
2016-05-30 07:30:00,277.61,268.0,219.98,33.3,244.97
2016-05-30 08:00:00,282.2,263.78,242.81,64.06,259.28
2016-05-30 08:30:00,240.13,209.95,222.23,70.1,228.16
2016-05-30 09:00:00,87.77,75.09,89.15,70.1,87.24
2016-05-30 09:30:00,110.97,88.63,114.62,83.43,111.59
2016-05-30 10:00:00,77.39,61.5,83.25,72.19,79.56
2016-05-30 10:30:00,88.2,74.66,91.13,33.17,86.43
2016-05-30 11:00:00,62.65,54.11,65.32,33.13,60.91
2016-05-30 11:30:00,68.02,60.76,68.22,51.23,63.28
2016-05-30 12:00:00,76.94,71.85,79.11,133.96,70.05
2016-05-30 12:30:00,81.74,75.46,86.39,156.83,76.17
2016-05-30 13:00:00,90.13,81.9,96.49,150.32,85.63
2016-05-30 13:30:00,82.87,76.86,86.48,150.3,78.76
2016-05-30 14:00:00,98.87,91.09,103.84,150.3,94.74
2016-05-30 14:30:00,104.49,97.62,106.74,150.17,98.34
2016-05-30 15:00:00,101.47,93.87,105.33,150.1,96.55
2016-05-30 15:30:00,146.26,136.64,147.73,150.17,138.55
2016-05-30 16:00:00,262.09,232.67,275.76,150.13,251.32
2016-05-30 16:30:00,117.34,101.86,134.17,150.13,118.73
2016-05-30 17:00:00,226.08,183.76,267.21,150.23,238.27
2016-05-30 17:30:00,237.77,203.43,251.25,150.23,232.9
2016-05-30 18:00:00,299.8,264.62,302.99,150.3,289.77
2016-05-30 18:30:00,274.54,240.35,269.47,150.23,259.42
2016-05-30 19:00:00,250.76,219.15,233.98,150.17,230.22
2016-05-30 19:30:00,83.32,73.03,84.09,130.73,78.73
2016-05-30 20:00:00,101.22,88.21,91.59,72.62,88.34
2016-05-30 20:30:00,105.2,92.77,92.01,91.99,88.25
2016-05-30 21:00:00,102.26,88.78,89.17,92.02,86.1
2016-05-30 21:30:00,71.82,61.83,64.67,72.62,62.52
2016-05-30 22:00:00,52.91,46.92,48.91,39.64,47.46
2016-05-30 22:30:00,100.93,87.05,86.96,33.3,87.85
2016-05-30 23:00:00,68.68,58.96,57.46,33.18,59.18
2016-05-30 23:30:00,51.74,45.3,33.64,33.23,39.83
2016-05-31 00:00:00,49.22,42.65,45.16,33.15,44.96
2016-05-31 00:30:00,75.03,63.38,73.42,33.13,70.58
2016-05-31 01:00:00,95.44,69.16,95.61,30.27,92.77
2016-05-31 01:30:00,64.19,52.06,64.12,30.27,62.41
2016-05-31 02:00:00,56.83,42.47,58.68,30.27,55.64
2016-05-31 02:30:00,49.05,42.26,48.13,57.93,46.97
2016-05-31 03:00:00,56.64,49.4,55.53,33.23,53.92
2016-05-31 03:30:00,39.49,35.12,38.25,33.21,37.26
2016-05-31 04:00:00,33.63,30.62,31.94,33.2,31.62
2016-05-31 04:30:00,33.88,30.6,32.61,30.27,32.15
2016-05-31 05:00:00,52.16,45.74,52.39,30.28,50.92
2016-05-31 05:30:00,62.89,54.57,63.44,30.75,61.88
2016-05-31 06:00:00,84.09,75.95,82.9,94.97,81.53
2016-05-31 06:30:00,204.52,173.17,185.52,54.43,188.94
2016-05-31 07:00:00,299.8,208.11,284.75,33.76,290.75
2016-05-31 07:30:00,299.7,228.34,295.87,130.05,282.3
2016-05-31 08:00:00,265.56,210.84,261.32,150.28,255.11
2016-05-31 08:30:00,292.76,199.63,298.41,150.23,286.13
2016-05-31 09:00:00,98.84,72.97,106.59,140.06,99.38
2016-05-31 09:30:00,237.89,90.35,246.22,99.72,228.28
2016-05-31 10:00:00,151.71,85.65,158.51,150.17,145.71
2016-05-31 10:30:00,136.79,84.41,148.08,150.1,134.66
2016-05-31 11:00:00,186.35,88.55,192.68,150.1,177.76
2016-05-31 11:30:00,122.24,107.36,127.01,99.4,115.77
2016-05-31 12:00:00,165.77,149.22,173.33,89.34,155.6
2016-05-31 12:30:00,289.56,169.08,298.72,88.87,274.76
2016-05-31 13:00:00,292.5,262.77,304.78,87.28,276.17
2016-05-31 13:30:00,299.77,257.07,322.14,87.28,283.06
2016-05-31 14:00:00,299.73,263.91,319.83,87.28,285.31
2016-05-31 14:30:00,233.1,150.69,262.27,87.28,225.62
2016-05-31 15:00:00,112.99,63.28,134.61,97.78,114.26
2016-05-31 15:30:00,65.9,57.34,81.45,87.28,68.4
2016-05-31 16:00:00,136.44,116.24,177.42,88.54,140.85
2016-05-31 16:30:00,78.96,68.73,98.5,99.39,84.34
2016-05-31 17:00:00,180.02,155.9,205.49,140.78,184.34
2016-05-31 17:30:00,234.97,204.18,261.51,140.06,232.45
2016-05-31 18:00:00,299.8,261.82,336.51,150.3,298.12
2016-05-31 18:30:00,264.24,226.71,306.3,150.3,268.52
2016-05-31 19:00:00,299.8,259.0,334.2,150.27,295.89
2016-05-31 19:30:00,197.04,171.62,214.86,150.13,192.07
2016-05-31 20:00:00,199.34,177.75,202.11,150.1,183.61
2016-05-31 20:30:00,160.62,139.71,157.27,150.17,142.53
2016-05-31 21:00:00,96.45,84.16,96.24,150.1,88.13
2016-05-31 21:30:00,80.08,69.96,82.33,99.91,72.73
2016-05-31 22:00:00,60.79,53.6,65.29,130.02,57.4
2016-05-31 22:30:00,108.18,91.85,106.16,150.13,101.95
2016-05-31 23:00:00,78.53,68.96,77.39,91.88,73.99
2016-05-31 23:30:00,84.87,72.97,81.78,33.22,81.99
2016-06-01 00:00:00,76.87,58.01,80.84,92.02,76.96
2016-06-01 00:30:00,147.42,121.07,165.48,52.81,150.73
2016-06-01 01:00:00,190.03,135.78,220.6,33.21,198.95
2016-06-01 01:30:00,195.42,130.86,233.51,33.19,206.32
2016-06-01 02:00:00,66.43,56.82,98.12,33.15,71.07
2016-06-01 02:30:00,38.44,33.71,59.94,33.2,40.9
2016-06-01 03:00:00,42.8,37.37,63.3,33.16,45.16
2016-06-01 03:30:00,55.04,47.71,77.65,33.22,57.46
2016-06-01 04:00:00,56.35,49.4,81.27,33.23,58.35
2016-06-01 04:30:00,45.85,40.9,65.88,33.21,47.45
2016-06-01 05:00:00,43.14,38.99,58.37,30.28,45.63
2016-06-01 05:30:00,80.36,71.56,101.92,31.21,86.21
2016-06-01 06:00:00,60.27,53.48,73.71,33.28,63.06
2016-06-01 06:30:00,216.53,186.11,230.71,109.98,216.4
2016-06-01 07:00:00,291.01,232.22,306.35,99.61,290.39
2016-06-01 07:30:00,195.96,175.33,212.61,150.2,191.14
2016-06-01 08:00:00,286.68,256.42,306.11,109.76,277.56
2016-06-01 08:30:00,225.32,198.73,267.94,109.94,225.46
2016-06-01 09:00:00,123.86,108.86,162.9,88.5,126.43
2016-06-01 09:30:00,208.82,181.06,246.79,87.28,217.19
2016-06-01 10:00:00,99.92,87.27,123.52,87.28,106.34
2016-06-01 10:30:00,97.86,86.91,120.74,87.57,104.68
2016-06-01 11:00:00,177.94,152.53,217.79,68.27,190.25
2016-06-01 11:30:00,148.26,120.36,181.92,77.78,158.87
2016-06-01 12:00:00,216.97,185.08,256.41,87.28,225.66
2016-06-01 12:30:00,231.69,200.21,273.5,87.28,236.42
2016-06-01 13:00:00,104.75,90.68,127.15,87.63,108.03
2016-06-01 13:30:00,99.83,84.72,123.29,143.38,104.15
2016-06-01 14:00:00,108.38,85.74,144.02,109.55,113.64
2016-06-01 14:30:00,114.3,83.2,157.29,150.1,119.0
2016-06-01 15:00:00,101.98,86.25,135.47,119.72,104.29
2016-06-01 15:30:00,121.78,101.85,175.06,119.68,124.76
2016-06-01 16:00:00,178.46,138.54,224.61,119.76,179.66
2016-06-01 16:30:00,125.78,108.28,146.54,109.54,121.96
2016-06-01 17:00:00,192.97,168.42,209.7,129.85,180.69
2016-06-01 17:30:00,168.04,149.13,185.42,150.24,156.86
2016-06-01 18:00:00,299.8,254.73,331.03,151.92,285.18
2016-06-01 18:30:00,299.8,222.38,324.67,150.3,277.14
2016-06-01 19:00:00,299.8,262.52,307.18,150.3,265.63
2016-06-01 19:30:00,267.08,229.6,275.7,150.3,235.2
2016-06-01 20:00:00,292.43,218.97,298.11,150.1,259.05
2016-06-01 20:30:00,292.25,238.31,311.59,150.1,279.27
2016-06-01 21:00:00,256.17,155.55,277.82,150.1,251.98
2016-06-01 21:30:00,163.36,97.16,182.54,130.02,157.94
2016-06-01 22:00:00,93.3,76.95,107.71,150.3,93.42
2016-06-01 22:30:00,281.34,163.56,305.38,119.75,275.95
2016-06-01 23:00:00,177.16,154.95,186.29,88.82,170.38
2016-06-01 23:30:00,197.88,177.73,199.93,55.55,189.73
2016-06-02 00:00:00,131.47,112.9,148.63,32.2,132.74
2016-06-02 00:30:00,137.12,116.96,162.61,30.76,143.2
2016-06-02 01:00:00,88.69,77.49,107.96,98.73,93.01
2016-06-02 01:30:00,81.59,69.77,101.56,35.64,86.93
2016-06-02 02:00:00,99.24,75.38,127.43,32.67,106.96
2016-06-02 02:30:00,94.94,73.52,122.79,30.72,102.79
2016-06-02 03:00:00,76.28,62.5,106.4,34.27,87.84
2016-06-02 03:30:00,52.42,45.41,70.42,41.61,57.21
2016-06-02 04:00:00,38.55,34.21,51.45,35.97,41.5
2016-06-02 04:30:00,50.38,44.18,68.14,35.84,54.25
2016-06-02 05:00:00,56.22,47.93,90.82,87.19,66.78
2016-06-02 05:30:00,114.99,95.43,144.31,32.6,125.14
2016-06-02 06:00:00,177.42,144.78,202.14,33.09,187.87
2016-06-02 06:30:00,278.39,180.52,311.4,87.39,293.99
2016-06-02 07:00:00,296.17,253.25,328.36,98.2,302.33
2016-06-02 07:30:00,299.8,263.82,324.02,97.99,299.29
2016-06-02 08:00:00,299.8,260.29,326.07,150.11,299.9
2016-06-02 08:30:00,294.52,254.94,328.9,150.08,299.48
2016-06-02 09:00:00,227.69,192.25,277.74,129.37,237.33
2016-06-02 09:30:00,258.71,211.72,312.46,108.2,275.95
2016-06-02 10:00:00,213.38,179.24,274.85,118.66,230.62
2016-06-02 10:30:00,205.21,174.95,276.98,118.83,223.07
2016-06-02 11:00:00,165.62,142.01,223.61,87.28,181.65
2016-06-02 11:30:00,118.36,103.88,173.91,87.84,129.14
2016-06-02 12:00:00,113.19,100.37,168.41,129.38,121.13
2016-06-02 12:30:00,142.91,126.39,224.71,108.64,154.78
2016-06-02 13:00:00,132.63,116.44,206.47,128.02,144.79
2016-06-02 13:30:00,167.87,148.51,244.45,150.08,182.39
2016-06-02 14:00:00,217.81,190.79,351.3,151.92,236.61
2016-06-02 14:30:00,149.71,129.24,351.73,151.83,163.53
2016-06-02 15:00:00,130.26,110.11,367.17,150.08,142.24
2016-06-02 15:30:00,210.16,171.61,354.85,150.25,223.49
2016-06-02 16:00:00,265.49,228.31,362.67,150.11,275.17
2016-06-02 16:30:00,220.98,191.01,278.12,118.65,229.14
2016-06-02 17:00:00,145.18,132.44,157.67,108.51,144.48
2016-06-02 17:30:00,208.4,182.9,216.9,153.51,204.0
2016-06-02 18:00:00,299.8,264.04,312.1,153.57,291.49
2016-06-02 18:30:00,299.7,261.94,316.53,150.23,287.15
2016-06-02 19:00:00,232.22,204.88,245.18,150.08,219.98
2016-06-02 19:30:00,98.28,88.44,107.81,150.08,93.84
2016-06-02 20:00:00,171.24,155.44,173.66,139.7,156.46
2016-06-02 20:30:00,208.88,172.21,213.91,150.08,196.14
2016-06-02 21:00:00,232.82,169.48,246.92,119.0,225.45
2016-06-02 21:30:00,117.77,103.22,131.84,118.98,114.84
2016-06-02 22:00:00,101.91,91.6,117.46,98.12,101.2
2016-06-02 22:30:00,184.45,166.32,198.15,150.12,178.72
2016-06-02 23:00:00,110.84,101.28,119.64,139.7,107.1
2016-06-02 23:30:00,74.66,68.51,75.95,98.02,72.77
2016-06-03 00:00:00,159.12,141.81,173.62,118.97,160.38
2016-06-03 00:30:00,84.37,76.34,95.34,87.69,84.5
2016-06-03 01:00:00,78.99,73.22,91.19,150.11,79.04
2016-06-03 01:30:00,82.78,76.32,93.7,136.9,83.33
2016-06-03 02:00:00,85.72,79.73,106.85,150.11,87.05
2016-06-03 02:30:00,79.28,77.93,105.35,150.08,80.22
2016-06-03 03:00:00,51.35,52.34,73.84,150.08,52.28
2016-06-03 03:30:00,37.95,38.87,58.8,123.65,39.21
2016-06-03 04:00:00,40.61,41.28,63.55,150.08,41.82
2016-06-03 04:30:00,47.91,48.69,71.79,150.2,48.75
2016-06-03 05:00:00,64.44,65.08,94.43,150.2,65.34
2016-06-03 05:30:00,107.64,107.36,137.56,150.98,107.94
2016-06-03 06:00:00,224.79,227.16,266.5,151.8,224.7
2016-06-03 06:30:00,280.64,262.12,302.18,150.07,276.88
2016-06-03 07:00:00,283.14,248.89,299.71,150.07,279.24
2016-06-03 07:30:00,289.03,258.2,306.18,130.66,280.07
2016-06-03 08:00:00,293.24,259.9,317.58,150.52,287.49
2016-06-03 08:30:00,289.05,254.17,322.14,152.22,287.0
2016-06-03 09:00:00,271.71,234.38,311.7,150.1,273.72
2016-06-03 09:30:00,274.23,229.1,314.36,150.41,282.09
2016-06-03 10:00:00,261.4,220.21,307.5,150.07,268.29
2016-06-03 10:30:00,204.57,177.76,256.42,72.12,210.66
2016-06-03 11:00:00,227.42,202.04,271.16,91.62,233.06
2016-06-03 11:30:00,191.48,170.77,228.44,32.68,197.41
2016-06-03 12:00:00,126.8,115.09,152.02,51.9,130.1
2016-06-03 12:30:00,197.78,181.93,231.18,30.22,198.76
2016-06-03 13:00:00,259.27,236.0,298.02,30.22,259.62
2016-06-03 13:30:00,237.02,213.54,280.67,30.2,240.82
2016-06-03 14:00:00,240.12,217.05,286.93,30.22,244.26
2016-06-03 14:30:00,228.36,206.09,278.45,71.85,233.16
2016-06-03 15:00:00,226.53,202.97,280.88,31.31,234.77
2016-06-03 15:30:00,98.74,90.71,133.97,93.25,101.58
2016-06-03 16:00:00,226.5,207.54,269.82,30.22,230.61
2016-06-03 16:30:00,204.71,185.87,237.84,30.71,206.12
2016-06-03 17:00:00,177.73,158.79,184.62,30.71,169.78
2016-06-03 17:30:00,126.53,114.03,132.96,31.21,118.04
2016-06-03 18:00:00,249.1,214.96,278.8,33.18,240.33
2016-06-03 18:30:00,185.41,161.48,233.28,33.18,179.28
2016-06-03 19:00:00,112.16,100.13,133.96,31.21,108.68
2016-06-03 19:30:00,82.05,73.51,117.38,30.22,82.96
2016-06-03 20:00:00,160.09,142.95,183.76,30.22,156.02
2016-06-03 20:30:00,206.24,180.57,232.77,32.2,203.55
2016-06-03 21:00:00,110.52,98.58,127.39,30.24,109.81
2016-06-03 21:30:00,168.45,145.24,214.71,30.22,178.53
2016-06-03 22:00:00,66.11,57.32,97.04,30.71,71.62
2016-06-03 22:30:00,111.16,97.92,141.55,30.22,114.41
2016-06-03 23:00:00,172.89,158.93,201.19,51.53,172.13
2016-06-03 23:30:00,119.07,110.6,129.87,30.2,118.84
2016-06-04 00:00:00,136.05,121.09,155.7,30.2,140.01
2016-06-04 00:30:00,85.14,75.56,103.91,30.2,89.13
2016-06-04 01:00:00,92.97,82.84,118.68,30.18,97.88
2016-06-04 01:30:00,85.48,77.71,107.45,30.18,88.91
2016-06-04 02:00:00,72.88,68.05,97.6,30.18,77.19
2016-06-04 02:30:00,47.83,44.9,94.99,30.18,50.45
2016-06-04 03:00:00,45.19,44.88,84.99,30.18,47.24
2016-06-04 03:30:00,46.73,46.75,80.31,30.18,48.8
2016-06-04 04:00:00,29.9,30.59,79.99,30.18,30.57
2016-06-04 04:30:00,60.6,60.87,89.36,30.22,61.26
2016-06-04 05:00:00,42.11,42.28,82.49,30.22,42.68
2016-06-04 05:30:00,60.12,60.62,87.49,30.22,61.44
2016-06-04 06:00:00,59.16,60.26,79.99,30.22,61.02
2016-06-04 06:30:00,47.16,48.28,71.39,30.22,48.09
2016-06-04 07:00:00,44.25,45.87,74.28,30.22,44.33
2016-06-04 07:30:00,57.52,60.28,85.2,30.73,56.31
2016-06-04 08:00:00,130.29,131.81,274.37,30.24,125.93
2016-06-04 08:30:00,102.17,96.75,187.02,31.22,99.9
2016-06-04 09:00:00,131.48,123.83,166.85,32.19,125.53
2016-06-04 09:30:00,289.18,267.54,315.44,33.16,283.06
2016-06-04 10:00:00,285.77,265.16,319.22,30.76,283.81
2016-06-04 10:30:00,283.05,255.41,302.95,30.27,269.79
2016-06-04 11:00:00,244.31,213.84,269.86,30.27,233.0
2016-06-04 11:30:00,238.23,203.92,271.84,50.25,230.25
2016-06-04 12:00:00,189.46,162.38,217.13,30.24,183.14
2016-06-04 12:30:00,207.39,186.18,238.68,30.24,207.17
2016-06-04 13:00:00,194.03,174.35,223.97,30.22,195.27
2016-06-04 13:30:00,182.84,164.54,210.92,30.72,185.54
2016-06-04 14:00:00,112.22,101.38,130.7,30.23,113.84
2016-06-04 14:30:00,106.96,97.22,125.13,30.21,108.3
2016-06-04 15:00:00,97.96,90.39,114.87,30.23,99.06
2016-06-04 15:30:00,184.3,171.95,210.65,30.24,184.43
2016-06-04 16:00:00,202.12,184.89,234.2,30.24,203.79
2016-06-04 16:30:00,176.99,163.25,201.33,30.24,178.37
2016-06-04 17:00:00,185.15,173.14,196.05,30.25,185.01
2016-06-04 17:30:00,155.67,144.14,165.42,30.26,154.79
2016-06-04 18:00:00,139.4,129.3,148.12,30.24,137.25
2016-06-04 18:30:00,102.99,95.37,119.53,30.25,102.85
2016-06-04 19:00:00,97.88,91.69,119.99,30.24,99.9
2016-06-04 19:30:00,69.49,65.52,106.9,30.23,73.34
2016-06-04 20:00:00,84.93,81.65,117.12,30.24,86.84
2016-06-04 20:30:00,140.94,133.21,167.85,30.24,144.89
2016-06-04 21:00:00,94.37,89.05,129.37,30.24,98.31
2016-06-04 21:30:00,78.77,73.96,105.12,30.24,81.72
2016-06-04 22:00:00,67.58,63.28,95.37,30.22,70.72
2016-06-04 22:30:00,101.62,96.16,122.62,30.22,102.87
2016-06-04 23:00:00,80.22,76.17,95.52,30.22,80.85
2016-06-04 23:30:00,71.96,68.27,85.21,30.22,74.84
2016-06-05 00:00:00,106.45,99.74,137.66,30.22,114.28
2016-06-05 00:30:00,63.13,59.05,81.04,30.22,68.18
2016-06-05 01:00:00,48.41,44.96,65.48,30.2,52.87
2016-06-05 01:30:00,34.7,31.69,63.26,30.25,49.65
2016-06-05 02:00:00,37.28,34.48,64.04,53.19,46.95
2016-06-05 02:30:00,29.07,26.82,36.46,30.17,30.23
2016-06-05 03:00:00,35.38,33.38,39.54,30.16,35.04
2016-06-05 03:30:00,30.67,29.49,30.71,30.17,28.72
2016-06-05 04:00:00,35.64,35.83,33.58,30.21,32.39
2016-06-05 04:30:00,29.75,30.44,27.42,30.71,26.67
2016-06-05 05:00:00,29.96,30.62,26.96,32.7,26.53
2016-06-05 05:30:00,29.31,30.01,25.92,57.82,25.86
2016-06-05 06:00:00,26.23,27.37,23.23,50.71,23.13
2016-06-05 06:30:00,29.05,30.29,25.99,30.19,25.94
2016-06-05 07:00:00,39.18,40.8,35.1,30.18,35.86
2016-06-05 07:30:00,29.41,30.09,26.74,30.56,27.32
2016-06-05 08:00:00,41.69,41.83,38.8,31.76,39.7
2016-06-05 08:30:00,81.81,75.95,73.21,73.3,77.34
2016-06-05 09:00:00,147.96,137.03,131.09,72.49,137.31
2016-06-05 09:30:00,168.02,149.81,155.25,113.4,165.75
2016-06-05 10:00:00,238.11,205.71,216.94,153.3,234.48
2016-06-05 10:30:00,106.25,92.83,98.42,92.96,104.38
2016-06-05 11:00:00,126.75,110.02,118.12,153.49,125.26
2016-06-05 11:30:00,147.9,126.97,140.79,151.38,148.49
2016-06-05 12:00:00,136.92,115.36,129.19,150.28,135.52
2016-06-05 12:30:00,224.51,173.75,199.88,130.77,217.14
2016-06-05 13:00:00,112.87,95.09,96.75,75.58,106.58
2016-06-05 13:30:00,131.73,111.79,110.76,32.41,123.72
2016-06-05 14:00:00,92.25,80.01,78.23,32.82,87.2
2016-06-05 14:30:00,132.05,117.02,109.05,32.93,126.24
2016-06-05 15:00:00,206.93,181.3,170.96,33.43,200.73
2016-06-05 15:30:00,260.62,221.55,233.71,131.37,259.58
2016-06-05 16:00:00,243.38,209.7,221.24,93.36,246.25
2016-06-05 16:30:00,285.43,248.49,259.24,33.34,287.0
2016-06-05 17:00:00,247.23,227.48,220.08,72.73,241.99
2016-06-05 17:30:00,234.39,220.01,215.99,153.59,224.09
2016-06-05 18:00:00,272.85,261.11,262.76,51.35,261.05
2016-06-05 18:30:00,297.68,285.06,302.09,73.32,286.53
2016-06-05 19:00:00,250.91,239.91,256.43,30.91,244.72
2016-06-05 19:30:00,158.7,154.85,161.98,31.6,154.76
2016-06-05 20:00:00,147.58,146.5,146.58,33.25,141.95
2016-06-05 20:30:00,188.39,184.21,192.09,31.33,185.84
2016-06-05 21:00:00,78.77,76.94,82.9,30.5,78.41
2016-06-05 21:30:00,50.08,49.56,51.89,30.24,49.15
2016-06-05 22:00:00,54.62,55.66,54.61,30.2,53.04
2016-06-05 22:30:00,40.72,42.85,38.95,30.18,38.84
2016-06-05 23:00:00,39.28,40.79,37.67,30.2,38.47
2016-06-05 23:30:00,39.23,39.99,35.55,90.21,38.59
2016-06-06 00:00:00,38.79,38.59,40.72,30.18,40.16
2016-06-06 00:30:00,43.87,43.6,48.76,15.69,46.59
2016-06-06 01:00:00,31.16,30.56,33.81,1.24,32.93
2016-06-06 01:30:00,34.25,32.85,34.42,1.24,34.72
2016-06-06 02:00:00,35.46,34.36,34.59,1.24,34.96
2016-06-06 02:30:00,28.49,28.94,25.81,1.23,26.71
2016-06-06 03:00:00,29.88,30.56,27.12,1.24,27.8
2016-06-06 03:30:00,29.96,30.61,27.55,1.24,28.03
2016-06-06 04:00:00,29.96,30.61,27.75,1.24,28.05
2016-06-06 04:30:00,30.01,30.66,27.47,1.24,27.94
2016-06-06 05:00:00,33.7,34.28,31.55,27.02,31.94
2016-06-06 05:30:00,70.05,72.83,67.31,6.05,68.74
2016-06-06 06:00:00,75.91,83.23,71.31,1.24,73.82
2016-06-06 06:30:00,77.05,81.06,76.85,25.34,77.82
2016-06-06 07:00:00,193.74,189.79,192.88,51.88,201.44
2016-06-06 07:30:00,83.5,151.09,83.14,90.89,83.28
2016-06-06 08:00:00,114.63,117.58,112.74,151.14,112.28
2016-06-06 08:30:00,117.74,113.19,121.63,70.66,118.86
2016-06-06 09:00:00,98.03,93.99,105.08,111.85,100.24
2016-06-06 09:30:00,132.52,123.15,135.69,309.59,138.13
2016-06-06 10:00:00,189.0,110.46,189.74,111.35,202.57
2016-06-06 10:30:00,106.46,79.88,111.33,150.1,114.41
2016-06-06 11:00:00,77.02,71.81,85.96,150.1,84.06
2016-06-06 11:30:00,85.68,81.68,94.13,33.64,93.66
2016-06-06 12:00:00,90.81,85.79,97.66,33.85,97.64
2016-06-06 12:30:00,91.35,86.51,96.17,33.84,97.39
2016-06-06 13:00:00,82.01,78.65,86.95,33.88,87.58
2016-06-06 13:30:00,63.5,61.75,65.86,33.87,67.1
2016-06-06 14:00:00,64.76,63.95,67.18,33.25,68.36
2016-06-06 14:30:00,75.2,74.36,79.91,32.97,80.41
2016-06-06 15:00:00,51.83,51.38,52.77,32.3,54.09
2016-06-06 15:30:00,64.33,63.78,66.51,33.09,67.45
2016-06-06 16:00:00,60.11,60.64,62.31,33.86,61.23
2016-06-06 16:30:00,75.73,78.53,72.89,91.98,71.43
2016-06-06 17:00:00,135.76,138.9,131.4,129.25,128.32
2016-06-06 17:30:00,203.63,193.26,207.75,150.13,198.65
2016-06-06 18:00:00,299.56,293.5,299.88,97.9,288.15
2016-06-06 18:30:00,292.95,285.09,303.83,69.39,287.0
2016-06-06 19:00:00,239.27,232.49,243.89,78.5,229.41
2016-06-06 19:30:00,106.27,104.0,111.57,130.72,100.16
2016-06-06 20:00:00,186.1,176.78,190.69,33.77,174.18
2016-06-06 20:30:00,201.29,191.13,198.61,33.48,181.6
2016-06-06 21:00:00,149.21,141.57,155.12,33.1,137.25
2016-06-06 21:30:00,61.17,60.67,67.31,33.1,55.9
2016-06-06 22:00:00,57.55,57.23,61.17,33.02,52.99
2016-06-06 22:30:00,262.41,250.26,264.81,30.88,242.6
2016-06-06 23:00:00,80.74,77.01,82.02,31.59,74.64
2016-06-06 23:30:00,67.32,65.7,44.58,25.36,62.84
2016-06-07 00:00:00,70.12,68.34,63.97,30.67,66.55
2016-06-07 00:30:00,67.31,64.95,83.49,30.18,64.26
2016-06-07 01:00:00,35.94,34.15,49.52,30.18,34.3
2016-06-07 01:30:00,34.55,32.94,42.95,30.18,31.7
2016-06-07 02:00:00,32.75,30.62,40.23,30.65,30.42
2016-06-07 02:30:00,29.28,28.78,31.37,30.16,25.91
2016-06-07 03:00:00,30.02,30.21,27.95,30.17,25.35
2016-06-07 03:30:00,29.95,30.46,26.89,30.18,25.17
2016-06-07 04:00:00,29.99,30.56,26.44,30.66,23.03
2016-06-07 04:30:00,29.78,30.29,27.13,0.83,25.28
2016-06-07 05:00:00,29.94,30.59,27.47,1.16,25.53
2016-06-07 05:30:00,38.36,38.71,34.3,80.43,33.19
2016-06-07 06:00:00,69.17,70.64,64.45,25.85,62.18
2016-06-07 06:30:00,159.05,157.27,136.54,65.43,149.24
2016-06-07 07:00:00,220.94,206.79,232.81,153.68,206.46
2016-06-07 07:30:00,91.24,90.25,134.52,118.84,82.05
2016-06-07 08:00:00,168.54,160.73,311.98,150.13,153.88
2016-06-07 08:30:00,106.22,99.32,151.02,108.29,100.29
2016-06-07 09:00:00,88.74,81.46,133.14,87.38,83.91
2016-06-07 09:30:00,89.01,82.57,131.13,87.38,84.9
2016-06-07 10:00:00,61.15,56.37,112.86,129.19,59.01
2016-06-07 10:30:00,68.71,62.91,106.04,87.38,66.3
2016-06-07 11:00:00,84.44,78.68,114.56,33.68,80.76
2016-06-07 11:30:00,78.3,72.29,108.54,90.49,73.92
2016-06-07 12:00:00,62.81,57.5,88.13,150.13,59.29
2016-06-07 12:30:00,60.96,55.2,77.61,150.1,57.0
2016-06-07 13:00:00,61.58,55.77,83.27,130.62,58.05
2016-06-07 13:30:00,64.96,59.02,98.91,32.83,60.96
2016-06-07 14:00:00,66.34,60.17,109.55,150.1,62.03
2016-06-07 14:30:00,75.68,69.35,110.66,150.1,71.19
2016-06-07 15:00:00,80.11,74.39,120.1,50.34,75.4
2016-06-07 15:30:00,120.0,110.37,167.49,30.26,110.08
2016-06-07 16:00:00,108.78,100.3,175.78,30.26,97.79
2016-06-07 16:30:00,95.9,88.12,122.86,25.41,85.0
2016-06-07 17:00:00,79.66,71.8,114.9,20.67,73.84
2016-06-07 17:30:00,147.01,128.63,173.14,31.16,134.84
2016-06-07 18:00:00,195.85,168.27,229.3,31.37,181.63
2016-06-07 18:30:00,223.56,191.97,288.37,51.23,207.4
2016-06-07 19:00:00,218.09,190.51,288.14,31.37,204.63
2016-06-07 19:30:00,95.39,84.79,167.98,31.36,90.78
2016-06-07 20:00:00,112.3,99.5,139.95,30.36,101.22
2016-06-07 20:30:00,176.91,156.31,191.61,50.27,157.22
2016-06-07 21:00:00,96.74,85.53,148.93,30.26,83.5
2016-06-07 21:30:00,84.24,75.96,122.58,30.26,72.5
2016-06-07 22:00:00,56.33,51.35,88.55,70.27,48.7
2016-06-07 22:30:00,97.94,85.34,102.86,127.63,85.75
2016-06-07 23:00:00,109.07,94.97,106.84,74.52,96.81
2016-06-07 23:30:00,173.88,146.98,162.93,1.52,157.55
2016-06-08 00:00:00,152.73,91.0,156.47,34.58,143.93
2016-06-08 00:30:00,88.92,77.44,91.82,0.2,82.55
2016-06-08 01:00:00,80.02,70.79,83.08,25.18,74.57
2016-06-08 01:30:00,57.05,49.86,61.23,0.16,53.52
2016-06-08 02:00:00,113.94,97.51,125.1,0.32,111.16
2016-06-08 02:30:00,41.29,36.7,44.81,0.15,40.59
2016-06-08 03:00:00,35.04,32.22,35.83,0.15,33.55
2016-06-08 03:30:00,30.93,28.9,31.4,25.31,29.69
2016-06-08 04:00:00,34.58,32.06,34.51,0.16,33.23
2016-06-08 04:30:00,40.07,36.91,39.04,50.66,38.0
2016-06-08 05:00:00,44.72,40.36,42.75,75.68,42.29
2016-06-08 05:30:00,38.98,36.11,35.46,0.18,36.5
2016-06-08 06:00:00,55.08,53.12,52.09,0.34,53.34
2016-06-08 06:30:00,139.84,133.95,125.83,0.36,130.07
2016-06-08 07:00:00,192.31,167.7,178.0,80.59,186.03
2016-06-08 07:30:00,124.58,122.24,113.4,31.13,115.12
2016-06-08 08:00:00,100.13,87.55,100.21,111.27,97.14
2016-06-08 08:30:00,99.45,78.22,105.73,45.88,99.9
2016-06-08 09:00:00,98.38,68.84,108.09,30.65,99.9
2016-06-08 09:30:00,155.38,96.55,169.29,30.34,155.68
2016-06-08 10:00:00,254.26,87.42,274.13,30.84,256.66
2016-06-08 10:30:00,101.12,40.31,111.33,35.73,103.81
2016-06-08 11:00:00,61.27,42.34,67.35,15.92,63.12
2016-06-08 11:30:00,207.35,50.68,224.59,1.16,213.14
2016-06-08 12:00:00,134.63,36.0,145.59,26.12,137.08
2016-06-08 12:30:00,84.88,37.73,91.85,1.35,85.58
2016-06-08 13:00:00,71.72,37.73,80.24,1.15,75.76
2016-06-08 13:30:00,73.63,43.9,82.07,20.55,78.83
2016-06-08 14:00:00,125.22,49.65,140.17,17.99,139.34
2016-06-08 14:30:00,133.01,113.07,149.24,26.88,148.72
2016-06-08 15:00:00,76.51,55.56,88.9,34.15,87.02
2016-06-08 15:30:00,56.8,54.22,65.17,33.05,63.61
2016-06-08 16:00:00,68.04,68.63,75.03,70.66,74.02
2016-06-08 16:30:00,66.37,66.18,72.78,30.34,72.18
2016-06-08 17:00:00,102.74,100.21,107.31,30.54,109.1
2016-06-08 17:30:00,88.04,80.02,89.19,91.07,89.27
2016-06-08 18:00:00,144.15,135.92,146.63,150.32,141.14
2016-06-08 18:30:00,101.14,92.56,110.86,150.32,101.25
2016-06-08 19:00:00,77.07,72.15,84.44,150.32,77.1
2016-06-08 19:30:00,86.87,79.3,98.51,91.74,88.72
2016-06-08 20:00:00,58.51,54.87,64.76,32.69,59.55
2016-06-08 20:30:00,46.12,45.45,51.18,26.88,46.82
2016-06-08 21:00:00,64.68,64.02,68.06,30.75,63.17
2016-06-08 21:30:00,41.02,41.08,42.18,30.24,39.14
2016-06-08 22:00:00,30.5,30.6,30.22,30.64,28.71
2016-06-08 22:30:00,48.96,48.35,46.11,15.7,44.36
2016-06-08 23:00:00,32.47,32.55,31.49,1.18,30.03
2016-06-08 23:30:00,41.83,41.5,40.69,0.77,40.07
2016-06-09 00:00:00,48.0,45.87,52.88,0.2,47.42
2016-06-09 00:30:00,43.6,42.59,47.94,0.19,42.51
2016-06-09 01:00:00,29.82,29.41,31.23,0.36,28.23
2016-06-09 01:30:00,26.85,26.19,26.0,1.76,24.23
2016-06-09 02:00:00,36.3,34.96,34.54,1.76,30.1
2016-06-09 02:30:00,33.49,33.55,29.21,1.76,17.75
2016-06-09 03:00:00,28.72,29.38,24.85,1.76,8.89
2016-06-09 03:30:00,29.95,30.65,26.13,1.45,6.13
2016-06-09 04:00:00,26.98,27.77,23.73,0.77,15.25
2016-06-09 04:30:00,26.98,27.94,22.64,1.35,16.2
2016-06-09 05:00:00,31.21,32.43,19.62,0.2,19.68
2016-06-09 05:30:00,20.8,20.73,15.09,0.2,15.84
2016-06-09 06:00:00,30.12,30.72,19.46,0.2,21.65
2016-06-09 06:30:00,45.65,46.37,39.01,61.83,37.93
2016-06-09 07:00:00,192.91,192.71,189.43,1.54,173.89
2016-06-09 07:30:00,83.38,88.59,82.28,129.31,74.97
2016-06-09 08:00:00,114.85,115.46,116.8,151.16,103.23
2016-06-09 08:30:00,103.84,100.27,108.89,69.39,98.6
2016-06-09 09:00:00,60.4,58.93,64.2,2.09,58.84
2016-06-09 09:30:00,77.42,78.3,78.73,1.99,71.96
2016-06-09 10:00:00,73.51,74.5,71.95,0.2,67.87
2016-06-09 10:30:00,67.15,66.67,68.41,0.34,63.33
2016-06-09 11:00:00,45.79,45.44,44.2,75.75,42.38
2016-06-09 11:30:00,33.96,33.48,33.29,41.52,32.0
2016-06-09 12:00:00,41.35,41.18,40.14,1.76,38.52
2016-06-09 12:30:00,38.95,38.62,37.73,26.19,36.51
2016-06-09 13:00:00,37.39,37.31,35.29,100.79,34.62
2016-06-09 13:30:00,36.57,36.86,33.54,1.66,33.77
2016-06-09 14:00:00,38.22,39.99,34.11,1.14,34.35
2016-06-09 14:30:00,51.48,53.41,48.91,0.66,47.47
2016-06-09 15:00:00,42.93,58.23,41.45,0.39,39.09
2016-06-09 15:30:00,41.07,82.74,38.7,0.35,36.54
2016-06-09 16:00:00,60.62,64.03,58.87,0.37,54.34
2016-06-09 16:30:00,70.48,90.77,71.47,0.3,64.79
2016-06-09 17:00:00,65.14,79.83,69.49,14.91,63.72
2016-06-09 17:30:00,61.27,60.55,73.98,104.54,63.35
2016-06-09 18:00:00,93.26,89.7,120.29,108.28,99.9
2016-06-09 18:30:00,79.83,76.71,90.52,97.77,83.07
2016-06-09 19:00:00,69.97,67.76,76.31,44.51,71.33
2016-06-09 19:30:00,44.32,43.25,54.94,1.75,45.04
2016-06-09 20:00:00,53.23,52.17,57.12,30.25,50.35
2016-06-09 20:30:00,39.85,39.88,47.08,139.81,36.44
2016-06-09 21:00:00,52.38,53.11,56.48,69.27,47.03
2016-06-09 21:30:00,49.67,51.18,56.28,15.49,44.62
2016-06-09 22:00:00,33.46,33.87,44.59,1.75,30.8
2016-06-09 22:30:00,52.78,51.81,55.32,26.06,48.76
2016-06-09 23:00:00,39.37,39.07,47.72,0.17,37.0
2016-06-09 23:30:00,39.71,38.39,41.77,25.19,37.85
2016-06-10 00:00:00,44.23,42.46,54.45,0.8,42.82
2016-06-10 00:30:00,37.28,37.25,46.07,1.12,29.56
2016-06-10 01:00:00,35.6,36.61,37.75,0.8,30.9
2016-06-10 01:30:00,28.32,29.57,21.99,0.16,16.65
2016-06-10 02:00:00,29.68,30.45,26.47,0.16,16.82
2016-06-10 02:30:00,29.05,29.67,22.51,0.16,22.5
2016-06-10 03:00:00,30.93,31.51,20.15,0.16,21.73
2016-06-10 03:30:00,29.96,30.61,11.49,0.16,17.34
2016-06-10 04:00:00,29.84,30.64,7.38,0.48,15.26
2016-06-10 04:30:00,23.88,23.8,10.18,0.18,14.6
2016-06-10 05:00:00,24.74,24.71,16.76,0.19,18.36
2016-06-10 05:30:00,29.3,29.08,19.41,0.29,21.28
2016-06-10 06:00:00,26.34,27.11,23.83,0.18,22.95
2016-06-10 06:30:00,72.29,71.4,69.64,0.18,64.86
2016-06-10 07:00:00,166.82,158.47,168.19,50.5,154.89
2016-06-10 07:30:00,90.41,87.85,92.01,98.65,82.21
2016-06-10 08:00:00,106.35,97.96,126.83,102.08,99.9
2016-06-10 08:30:00,97.09,84.63,120.42,92.92,96.12
2016-06-10 09:00:00,87.32,78.92,112.81,88.58,87.18
2016-06-10 09:30:00,70.16,64.2,93.32,88.33,70.58
2016-06-10 10:00:00,68.69,63.17,89.69,88.8,68.05
2016-06-10 10:30:00,41.31,38.89,51.37,73.9,40.0
2016-06-10 11:00:00,76.54,74.51,83.18,88.16,74.63
2016-06-10 11:30:00,41.77,41.33,42.92,0.22,40.18
2016-06-10 12:00:00,32.2,31.42,32.78,0.21,30.83
2016-06-10 12:30:00,31.49,30.7,32.56,0.42,30.47
2016-06-10 13:00:00,29.72,30.06,30.76,0.2,28.46
2016-06-10 13:30:00,29.99,30.59,30.31,0.19,28.0
2016-06-10 14:00:00,32.63,33.33,34.12,0.19,30.68
2016-06-10 14:30:00,33.48,34.82,36.08,0.17,31.51
2016-06-10 15:00:00,33.79,35.31,36.47,0.18,32.09
2016-06-10 15:30:00,30.73,32.01,33.47,0.18,29.76
2016-06-10 16:00:00,48.06,50.78,55.96,0.19,46.76
2016-06-10 16:30:00,63.02,65.9,83.12,0.2,61.13
2016-06-10 17:00:00,51.61,51.75,64.87,44.28,50.29
2016-06-10 17:30:00,83.96,80.13,93.05,88.59,79.72
2016-06-10 18:00:00,83.55,79.29,95.62,88.77,80.03
2016-06-10 18:30:00,59.35,56.92,79.55,88.43,56.96
2016-06-10 19:00:00,49.0,47.51,76.85,88.24,48.13
2016-06-10 19:30:00,43.14,40.7,65.57,88.77,42.62
2016-06-10 20:00:00,52.35,50.4,64.36,98.62,50.73
2016-06-10 20:30:00,63.49,62.47,68.17,0.22,59.84
2016-06-10 21:00:00,45.2,44.03,51.17,0.2,42.98
2016-06-10 21:30:00,33.55,34.33,36.7,1.47,31.12
2016-06-10 22:00:00,30.48,31.28,31.74,80.51,28.42
2016-06-10 22:30:00,44.11,45.73,42.96,0.22,33.99
2016-06-10 23:00:00,29.84,30.8,29.12,0.19,27.29
2016-06-10 23:30:00,28.95,29.65,26.38,0.18,26.46
2016-06-11 00:00:00,34.27,34.35,36.61,0.4,30.84
2016-06-11 00:30:00,29.63,29.97,70.71,0.38,18.48
2016-06-11 01:00:00,27.85,28.25,67.84,26.86,18.04
2016-06-11 01:30:00,25.79,26.33,34.28,0.16,19.37
2016-06-11 02:00:00,30.08,31.09,73.74,0.17,15.56
2016-06-11 02:30:00,25.73,26.99,31.1,70.3,15.91
2016-06-11 03:00:00,24.42,25.89,39.25,26.82,14.78
2016-06-11 03:30:00,24.82,26.65,18.16,26.86,13.51
2016-06-11 04:00:00,25.53,26.99,18.01,0.17,15.17
2016-06-11 04:30:00,26.57,27.92,15.96,0.18,15.25
2016-06-11 05:00:00,28.6,29.77,16.47,0.18,15.81
2016-06-11 05:30:00,27.58,28.27,13.02,0.18,15.14
2016-06-11 06:00:00,21.15,21.22,12.62,0.18,13.09
2016-06-11 06:30:00,31.05,31.11,19.23,0.71,17.55
2016-06-11 07:00:00,34.8,35.24,30.45,0.79,22.4
2016-06-11 07:30:00,43.92,44.5,47.78,0.95,26.27
2016-06-11 08:00:00,55.94,54.85,72.73,0.55,39.03
2016-06-11 08:30:00,72.74,71.97,95.93,0.32,44.58
2016-06-11 09:00:00,78.33,76.48,110.77,0.84,72.22
2016-06-11 09:30:00,64.55,62.66,101.49,0.37,59.71
2016-06-11 10:00:00,50.83,49.06,83.4,1.37,47.16
2016-06-11 10:30:00,49.03,47.17,94.48,51.52,44.72
2016-06-11 11:00:00,36.95,36.18,298.51,1.32,33.27
2016-06-11 11:30:00,36.41,36.45,144.43,0.48,33.18
2016-06-11 12:00:00,31.62,32.19,70.8,0.22,28.39
2016-06-11 12:30:00,28.13,28.3,52.39,0.2,21.93
2016-06-11 13:00:00,28.8,29.06,54.89,0.2,25.2
2016-06-11 13:30:00,27.61,27.98,41.93,0.2,25.6
2016-06-11 14:00:00,26.53,26.46,38.34,0.2,25.23
2016-06-11 14:30:00,27.82,27.45,42.2,0.36,26.87
2016-06-11 15:00:00,30.55,30.46,46.37,0.22,30.27
2016-06-11 15:30:00,33.63,33.82,49.24,0.21,33.0
2016-06-11 16:00:00,50.75,50.59,69.9,67.14,49.86
2016-06-11 16:30:00,82.76,82.06,96.88,0.98,79.22
2016-06-11 17:00:00,186.09,180.22,189.72,185.65,171.34
2016-06-11 17:30:00,138.43,129.96,149.32,110.39,127.91
2016-06-11 18:00:00,116.31,108.98,134.11,110.3,107.09
2016-06-11 18:30:00,123.0,115.01,179.43,110.3,115.66
2016-06-11 19:00:00,86.17,80.84,136.4,110.3,85.04
2016-06-11 19:30:00,76.84,71.36,136.32,110.39,77.02
2016-06-11 20:00:00,84.68,76.86,127.3,110.3,83.02
2016-06-11 20:30:00,183.65,166.36,229.66,110.3,172.91
2016-06-11 21:00:00,92.1,82.17,146.62,110.3,88.98
2016-06-11 21:30:00,73.44,64.76,126.66,110.29,73.24
2016-06-11 22:00:00,51.8,46.07,101.91,92.09,52.46
2016-06-11 22:30:00,169.98,158.44,189.66,1.13,160.17
2016-06-11 23:00:00,102.31,96.18,117.82,18.86,95.8
2016-06-11 23:30:00,68.57,63.72,72.55,0.97,66.45
2016-06-12 00:00:00,62.64,56.61,86.26,100.33,63.23
2016-06-12 00:30:00,57.22,51.85,83.98,51.34,58.11
2016-06-12 01:00:00,64.43,60.85,80.16,0.37,50.19
2016-06-12 01:30:00,68.13,66.13,80.25,0.22,60.13
2016-06-12 02:00:00,54.83,53.14,72.21,7.53,30.28
2016-06-12 02:30:00,47.85,46.9,66.71,0.22,27.79
2016-06-12 03:00:00,33.71,33.38,74.99,67.05,30.31
2016-06-12 03:30:00,42.49,43.18,79.99,0.21,28.77
2016-06-12 04:00:00,32.14,32.68,72.49,0.21,24.7
2016-06-12 04:30:00,35.99,36.9,72.49,0.22,25.2
2016-06-12 05:00:00,40.35,40.87,70.08,0.22,26.43
2016-06-12 05:30:00,49.94,49.5,65.12,0.53,25.2
2016-06-12 06:00:00,50.71,49.65,66.04,0.22,25.23
2016-06-12 06:30:00,34.93,33.89,56.16,0.22,27.7
2016-06-12 07:00:00,40.35,39.23,63.63,0.2,30.2
2016-06-12 07:30:00,53.7,53.42,70.74,0.2,31.07
2016-06-12 08:00:00,85.75,85.11,99.99,0.91,80.57
2016-06-12 08:30:00,105.65,97.96,128.59,0.53,99.9
2016-06-12 09:00:00,105.33,98.04,183.23,1.17,99.9
2016-06-12 09:30:00,131.35,122.84,167.43,1.19,125.95
2016-06-12 10:00:00,91.64,86.33,120.79,1.19,87.81
2016-06-12 10:30:00,70.59,66.88,88.7,1.26,68.29
2016-06-12 11:00:00,53.33,52.54,74.2,1.26,51.65
2016-06-12 11:30:00,45.75,45.39,58.75,0.98,42.07
2016-06-12 12:00:00,34.56,35.41,44.76,0.22,29.75
2016-06-12 12:30:00,34.0,35.36,42.68,0.22,29.12
2016-06-12 13:00:00,34.0,35.57,41.82,0.22,28.49
2016-06-12 13:30:00,33.0,34.22,38.95,0.42,26.48
2016-06-12 14:00:00,33.51,35.39,38.15,0.4,30.63
2016-06-12 14:30:00,39.5,41.66,46.75,0.8,37.67
2016-06-12 15:00:00,46.39,48.59,56.69,0.22,45.64
2016-06-12 15:30:00,50.98,52.4,64.9,0.22,51.33
2016-06-12 16:00:00,64.72,66.85,80.48,0.58,66.17
2016-06-12 16:30:00,112.98,115.3,127.96,0.83,109.65
2016-06-12 17:00:00,81.4,79.61,107.88,0.37,80.85
2016-06-12 17:30:00,105.44,103.07,125.78,110.2,101.98
2016-06-12 18:00:00,155.67,147.43,176.13,110.22,150.51
2016-06-12 18:30:00,206.08,195.33,248.22,91.83,200.43
2016-06-12 19:00:00,97.7,92.77,132.19,18.54,95.88
2016-06-12 19:30:00,86.04,80.52,108.42,18.54,86.1
2016-06-12 20:00:00,89.29,82.91,99.94,73.5,87.57
2016-06-12 20:30:00,160.11,145.18,175.87,0.83,155.1
2016-06-12 21:00:00,250.83,218.11,277.8,0.37,242.73
2016-06-12 21:30:00,217.32,173.46,229.85,0.21,208.15
2016-06-12 22:00:00,123.53,101.17,126.01,0.22,115.51
2016-06-12 22:30:00,168.54,156.25,162.63,0.2,152.07
2016-06-12 23:00:00,87.51,80.54,88.7,0.19,80.06
2016-06-12 23:30:00,80.4,71.47,76.8,0.18,75.63
2016-06-13 00:00:00,62.93,55.87,64.84,0.17,61.51
2016-06-13 00:30:00,68.56,62.6,75.62,0.17,68.2
2016-06-13 01:00:00,65.21,62.06,71.25,0.17,63.89
2016-06-13 01:30:00,62.6,60.87,65.56,0.16,59.59
2016-06-13 02:00:00,53.73,51.93,56.98,0.16,50.86
2016-06-13 02:30:00,51.65,50.29,52.5,0.16,47.62
2016-06-13 03:00:00,68.06,66.47,65.18,0.15,60.41
2016-06-13 03:30:00,43.29,43.37,39.57,-8.16,37.33
2016-06-13 04:00:00,31.55,32.28,25.07,0.15,25.7
2016-06-13 04:30:00,31.39,32.21,24.74,0.15,25.67
2016-06-13 05:00:00,29.87,30.72,24.63,0.15,25.18
2016-06-13 05:30:00,37.95,40.15,24.02,0.16,28.06
2016-06-13 06:00:00,50.78,54.92,29.26,0.16,35.52
2016-06-13 06:30:00,34.13,36.48,28.89,0.18,29.81
2016-06-13 07:00:00,46.79,49.63,40.06,0.18,41.41
2016-06-13 07:30:00,82.3,87.42,66.48,0.17,69.83
2016-06-13 08:00:00,107.38,113.0,74.44,0.19,83.13
2016-06-13 08:30:00,172.22,176.36,149.19,0.22,154.07
2016-06-13 09:00:00,162.01,157.48,142.3,66.89,142.2
2016-06-13 09:30:00,242.83,228.29,234.1,1.3,228.13
2016-06-13 10:00:00,231.26,213.65,233.38,1.19,218.25
2016-06-13 10:30:00,165.89,153.64,172.75,1.2,156.44
2016-06-13 11:00:00,77.73,72.43,84.52,1.0,74.94
2016-06-13 11:30:00,68.34,65.91,75.19,0.22,65.15
2016-06-13 12:00:00,70.13,70.35,79.38,20.18,65.52
2016-06-13 12:30:00,55.64,56.1,72.62,50.27,51.5
2016-06-13 13:00:00,85.66,84.61,108.82,79.4,82.05
2016-06-13 13:30:00,88.86,88.35,115.57,82.91,86.3
2016-06-13 14:00:00,93.05,92.22,117.56,87.51,91.18
2016-06-13 14:30:00,100.23,98.13,124.99,95.73,97.83
2016-06-13 15:00:00,73.24,69.92,103.34,71.58,72.92
2016-06-13 15:30:00,80.16,79.29,113.16,76.5,77.85
2016-06-13 16:00:00,91.36,92.82,124.98,91.25,84.86
2016-06-13 16:30:00,167.13,166.9,201.58,146.06,152.94
2016-06-13 17:00:00,139.63,132.01,143.87,179.71,131.3
2016-06-13 17:30:00,194.5,182.36,208.03,191.83,180.61
2016-06-13 18:00:00,272.19,246.08,273.41,250.8,249.68
2016-06-13 18:30:00,224.94,199.06,255.09,203.86,207.87
2016-06-13 19:00:00,108.41,101.62,137.9,98.55,100.32
2016-06-13 19:30:00,91.76,85.17,127.36,85.42,89.0
2016-06-13 20:00:00,87.32,79.54,121.41,83.52,85.6
2016-06-13 20:30:00,140.11,127.19,161.81,128.56,134.07
2016-06-13 21:00:00,87.67,78.27,106.58,83.76,84.73
2016-06-13 21:30:00,88.64,81.66,112.43,81.04,82.78
2016-06-13 22:00:00,68.85,63.34,90.13,62.51,64.97
2016-06-13 22:30:00,78.63,75.72,82.43,70.48,73.4
2016-06-13 23:00:00,72.9,74.02,72.27,62.39,65.62
2016-06-13 23:30:00,87.11,87.23,82.23,76.22,80.94
2016-06-14 00:00:00,92.36,89.73,105.22,81.9,87.51
2016-06-14 00:30:00,63.12,60.57,101.79,52.16,56.19
2016-06-14 01:00:00,53.63,51.38,57.48,47.25,51.02
2016-06-14 01:30:00,51.32,48.38,53.2,45.84,49.5
2016-06-14 02:00:00,56.44,52.43,57.88,49.35,53.31
2016-06-14 02:30:00,39.35,38.68,37.39,32.94,35.57
2016-06-14 03:00:00,45.14,46.96,40.7,36.42,39.53
2016-06-14 03:30:00,29.99,31.54,25.57,13.15,25.42
2016-06-14 04:00:00,29.69,30.87,11.93,10.54,17.59
2016-06-14 04:30:00,31.42,32.9,8.71,6.15,16.54
2016-06-14 05:00:00,31.74,33.38,13.29,11.42,18.94
2016-06-14 05:30:00,41.68,44.46,11.56,10.31,22.31
2016-06-14 06:00:00,55.95,61.36,19.1,17.02,32.09
2016-06-14 06:30:00,81.38,85.2,66.86,63.46,69.45
2016-06-14 07:00:00,157.64,147.84,127.66,127.18,137.47
2016-06-14 07:30:00,93.38,93.72,85.67,241.3,82.65
2016-06-14 08:00:00,105.49,106.91,113.07,115.22,96.36
2016-06-14 08:30:00,105.4,104.18,133.27,113.31,99.9
2016-06-14 09:00:00,101.67,98.68,175.13,106.42,99.9
2016-06-14 09:30:00,96.01,91.05,130.55,92.87,95.59
2016-06-14 10:00:00,76.87,72.69,98.73,72.87,75.48
2016-06-14 10:30:00,76.61,72.13,116.15,74.02,77.21
2016-06-14 11:00:00,79.15,76.41,109.33,74.47,78.7
2016-06-14 11:30:00,86.04,83.77,121.2,82.77,86.5
2016-06-14 12:00:00,61.16,59.32,96.95,60.18,63.36
2016-06-14 12:30:00,82.53,78.9,100.85,80.55,84.98
2016-06-14 13:00:00,89.46,85.58,109.94,87.66,92.5
2016-06-14 13:30:00,94.72,91.32,127.68,95.21,100.61
2016-06-14 14:00:00,94.88,92.23,125.01,94.34,99.65
2016-06-14 14:30:00,81.18,78.57,122.49,81.35,85.66
2016-06-14 15:00:00,78.93,76.14,121.49,78.65,82.78
2016-06-14 15:30:00,110.91,105.95,150.8,109.07,114.69
2016-06-14 16:00:00,107.36,104.69,155.6,111.49,110.42
2016-06-14 16:30:00,84.31,82.23,250.32,115.55,85.76
2016-06-14 17:00:00,98.78,94.44,159.99,132.66,97.3
2016-06-14 17:30:00,164.07,150.05,200.36,193.54,161.69
2016-06-14 18:00:00,279.16,240.42,313.38,264.02,274.36
2016-06-14 18:30:00,217.8,189.01,278.55,208.31,214.6
2016-06-14 19:00:00,116.24,105.98,155.21,149.7,111.92
2016-06-14 19:30:00,101.67,93.06,132.17,96.57,98.28
2016-06-14 20:00:00,98.06,87.81,116.45,89.87,91.71
2016-06-14 20:30:00,102.42,93.98,105.87,90.73,92.91
2016-06-14 21:00:00,84.26,77.02,86.7,75.09,77.01
2016-06-14 21:30:00,70.28,66.02,79.56,63.88,65.83
2016-06-14 22:00:00,53.91,51.32,69.98,49.72,51.67
2016-06-14 22:30:00,177.8,161.62,198.41,165.64,174.39
2016-06-14 23:00:00,86.52,79.72,98.92,82.58,87.26
2016-06-14 23:30:00,77.85,71.79,87.37,77.5,80.53
2016-06-15 00:00:00,113.26,101.53,144.4,115.21,120.4
2016-06-15 00:30:00,67.63,64.16,78.65,65.5,68.82
2016-06-15 01:00:00,60.36,58.6,68.61,57.57,59.78
2016-06-15 01:30:00,54.51,54.28,56.63,48.92,51.09
2016-06-15 02:00:00,64.51,63.81,66.53,57.84,60.5
2016-06-15 02:30:00,42.08,41.87,42.27,37.34,39.04
2016-06-15 03:00:00,29.67,30.01,28.22,24.86,25.75
2016-06-15 03:30:00,29.96,29.98,28.0,26.26,25.2
2016-06-15 04:00:00,30.8,30.78,28.41,26.61,25.2
2016-06-15 04:30:00,29.99,30.29,27.62,26.71,25.2
2016-06-15 05:00:00,36.91,37.34,32.91,29.97,25.2
2016-06-15 05:30:00,63.53,62.9,60.63,56.53,55.15
2016-06-15 06:00:00,68.97,67.04,71.31,132.68,66.71
2016-06-15 06:30:00,119.82,113.71,119.31,114.13,116.91
2016-06-15 07:00:00,225.03,195.93,236.05,259.46,227.11
2016-06-15 07:30:00,130.45,116.89,139.91,134.42,129.07
2016-06-15 08:00:00,195.64,172.79,224.01,191.88,193.16
2016-06-15 08:30:00,109.97,98.96,156.98,107.26,111.23
2016-06-15 09:00:00,91.47,81.48,159.99,98.51,94.39
2016-06-15 09:30:00,95.61,82.94,132.33,98.28,100.71
2016-06-15 10:00:00,99.05,87.74,126.46,97.54,99.88
2016-06-15 10:30:00,87.35,78.33,117.27,85.89,88.4
2016-06-15 11:00:00,72.29,64.9,92.15,70.69,72.66
2016-06-15 11:30:00,77.94,74.71,88.8,72.86,75.74
2016-06-15 12:00:00,71.6,71.67,78.27,64.93,67.29
2016-06-15 12:30:00,70.99,71.28,75.33,64.84,65.94
2016-06-15 13:00:00,67.04,66.65,72.76,61.22,62.44
2016-06-15 13:30:00,76.23,76.11,82.11,68.32,70.98
2016-06-15 14:00:00,58.27,59.37,65.59,53.41,54.41
2016-06-15 14:30:00,71.96,73.75,79.26,86.99,67.56
2016-06-15 15:00:00,84.99,85.81,93.7,165.26,77.51
2016-06-15 15:30:00,99.41,98.45,115.11,95.35,90.74
2016-06-15 16:00:00,108.56,104.27,127.03,178.48,99.27
2016-06-15 16:30:00,93.7,86.92,124.65,125.38,87.76
2016-06-15 17:00:00,187.91,175.96,208.43,185.42,175.41
2016-06-15 17:30:00,207.64,199.14,223.73,208.13,188.73
2016-06-15 18:00:00,299.67,279.65,305.57,266.02,276.19
2016-06-15 18:30:00,200.4,182.69,242.03,181.62,188.65
2016-06-15 19:00:00,108.7,101.54,129.85,116.98,104.57
2016-06-15 19:30:00,90.04,85.53,101.46,122.98,85.77
2016-06-15 20:00:00,98.39,90.66,100.64,128.56,87.75
2016-06-15 20:30:00,87.84,81.31,88.0,95.13,77.43
2016-06-15 21:00:00,72.24,69.1,69.37,58.88,60.99
2016-06-15 21:30:00,62.18,62.92,59.14,49.87,51.56
2016-06-15 22:00:00,40.97,42.27,38.44,44.51,34.5
2016-06-15 22:30:00,86.85,85.52,82.84,73.8,77.03
2016-06-15 23:00:00,64.57,65.84,61.66,55.54,58.46
2016-06-15 23:30:00,58.65,60.61,39.36,38.52,45.86
2016-06-16 00:00:00,44.77,45.37,41.43,38.18,39.49
2016-06-16 00:30:00,40.72,40.64,38.52,34.08,34.98
2016-06-16 01:00:00,42.58,41.73,40.63,35.94,37.63
2016-06-16 01:30:00,36.25,36.1,25.48,22.82,27.47
2016-06-16 02:00:00,37.0,37.94,20.89,18.12,25.15
2016-06-16 02:30:00,36.02,37.04,14.51,12.28,21.18
2016-06-16 03:00:00,31.73,33.39,11.41,9.61,17.89
2016-06-16 03:30:00,31.41,32.83,11.01,9.42,17.74
2016-06-16 04:00:00,33.05,34.44,11.17,9.61,18.46
2016-06-16 04:30:00,33.26,34.9,13.19,11.45,19.67
2016-06-16 05:00:00,34.03,35.61,13.66,11.56,20.04
2016-06-16 05:30:00,40.66,43.0,16.22,14.24,24.26
2016-06-16 06:00:00,35.74,37.86,23.13,20.88,26.3
2016-06-16 06:30:00,51.86,52.99,48.62,63.87,47.53
2016-06-16 07:00:00,86.04,82.44,82.69,186.35,79.43
2016-06-16 07:30:00,101.41,79.49,95.22,136.83,93.15
2016-06-16 08:00:00,88.89,83.15,89.2,83.27,84.15
2016-06-16 08:30:00,86.34,83.17,100.89,82.14,83.94
2016-06-16 09:00:00,78.14,75.85,110.51,75.74,76.97
2016-06-16 09:30:00,90.98,81.22,171.18,92.96,94.82
2016-06-16 10:00:00,77.85,63.7,124.99,77.9,79.21
2016-06-16 10:30:00,68.56,67.49,106.36,66.47,68.06
2016-06-16 11:00:00,53.27,53.05,143.19,59.62,52.55
2016-06-16 11:30:00,144.78,96.85,190.64,173.21,156.09
2016-06-16 12:00:00,110.35,69.65,151.41,115.0,119.34
2016-06-16 12:30:00,145.76,71.46,183.03,150.94,156.57
2016-06-16 13:00:00,103.52,78.35,124.75,106.78,110.77
2016-06-16 13:30:00,115.77,90.6,170.44,148.52,154.01
2016-06-16 14:00:00,89.34,84.56,121.66,104.31,108.62
2016-06-16 14:30:00,109.46,107.35,134.68,121.05,125.54
2016-06-16 15:00:00,82.61,80.17,108.47,93.14,97.84
2016-06-16 15:30:00,87.03,82.15,104.71,90.21,94.46
2016-06-16 16:00:00,100.03,96.39,121.81,105.56,109.36
2016-06-16 16:30:00,126.55,121.52,151.81,150.5,138.87
2016-06-16 17:00:00,87.4,80.07,102.12,165.58,94.04
2016-06-16 17:30:00,180.59,171.55,202.48,213.79,188.86
2016-06-16 18:00:00,164.26,154.46,178.46,188.87,163.98
2016-06-16 18:30:00,98.53,91.15,109.43,116.38,98.4
2016-06-16 19:00:00,96.12,91.21,104.89,95.48,95.27
2016-06-16 19:30:00,97.5,94.28,105.64,121.55,96.44
2016-06-16 20:00:00,131.28,123.5,138.74,159.1,125.99
2016-06-16 20:30:00,138.35,130.48,143.52,127.84,129.71
2016-06-16 21:00:00,162.96,151.8,183.2,156.49,159.22
2016-06-16 21:30:00,87.85,81.77,115.41,118.77,88.32
2016-06-16 22:00:00,69.42,68.06,94.86,68.7,70.01
2016-06-16 22:30:00,96.03,93.19,106.16,91.26,94.81
2016-06-16 23:00:00,92.58,94.31,94.1,83.04,87.13
2016-06-16 23:30:00,122.44,126.03,116.82,108.43,114.66
2016-06-17 00:00:00,90.14,90.67,92.37,81.45,87.21
2016-06-17 00:30:00,96.32,95.7,105.03,88.36,94.37
2016-06-17 01:00:00,61.29,58.06,71.6,57.39,61.43
2016-06-17 01:30:00,49.09,46.22,58.71,46.06,49.18
2016-06-17 02:00:00,58.06,55.92,84.76,54.41,57.83
2016-06-17 02:30:00,45.17,44.33,62.39,41.17,43.79
2016-06-17 03:00:00,32.11,32.98,40.71,26.85,25.3
2016-06-17 03:30:00,51.49,54.83,56.93,41.6,38.33
2016-06-17 04:00:00,49.81,53.03,49.26,38.15,33.14
2016-06-17 04:30:00,46.27,49.78,47.08,36.94,33.85
2016-06-17 05:00:00,51.5,55.66,60.14,45.67,46.8
2016-06-17 05:30:00,68.79,75.04,78.16,54.37,45.29
2016-06-17 06:00:00,80.65,87.35,89.95,63.94,51.5
2016-06-17 06:30:00,182.71,188.56,169.1,127.79,84.86
2016-06-17 07:00:00,177.46,171.25,187.74,164.45,172.1
2016-06-17 07:30:00,140.0,142.77,157.16,133.25,138.13
2016-06-17 08:00:00,114.03,111.58,143.24,113.96,118.4
2016-06-17 08:30:00,127.12,130.44,161.93,125.72,130.46
2016-06-17 09:00:00,97.54,98.87,138.04,96.05,99.55
2016-06-17 09:30:00,94.22,92.23,124.99,102.61,98.26
2016-06-17 10:00:00,136.04,130.84,160.12,151.94,140.11
2016-06-17 10:30:00,98.79,91.74,123.48,101.45,104.22
2016-06-17 11:00:00,198.42,179.38,225.72,204.59,203.7
2016-06-17 11:30:00,122.44,108.95,147.67,123.26,127.21
2016-06-17 12:00:00,186.48,169.15,229.68,189.04,196.32
2016-06-17 12:30:00,178.35,163.34,239.88,244.62,190.73
2016-06-17 13:00:00,133.36,122.26,184.53,213.66,141.3
2016-06-17 13:30:00,128.64,118.78,158.98,138.46,133.37
2016-06-17 14:00:00,109.77,100.88,154.95,110.33,114.26
2016-06-17 14:30:00,89.93,84.7,127.77,90.71,93.59
2016-06-17 15:00:00,87.46,83.02,124.77,86.78,89.83
2016-06-17 15:30:00,89.69,85.33,124.72,131.58,92.93
2016-06-17 16:00:00,89.08,85.72,123.11,86.08,87.52
2016-06-17 16:30:00,96.88,92.05,122.07,90.67,92.37
2016-06-17 17:00:00,104.95,99.11,127.34,98.73,101.21
2016-06-17 17:30:00,102.94,93.34,143.67,137.23,100.18
2016-06-17 18:00:00,103.75,89.19,183.32,131.46,101.85
2016-06-17 18:30:00,101.38,90.79,222.07,97.18,99.9
2016-06-17 19:00:00,95.15,89.45,130.38,90.57,93.42
2016-06-17 19:30:00,84.62,81.16,123.38,117.61,83.81
2016-06-17 20:00:00,91.34,86.2,124.61,88.47,90.83
2016-06-17 20:30:00,95.69,91.67,124.66,93.01,95.11
2016-06-17 21:00:00,73.84,70.85,109.84,70.54,72.23
2016-06-17 21:30:00,76.89,74.67,110.61,165.84,74.36
2016-06-17 22:00:00,63.91,63.83,96.23,59.7,61.02
2016-06-17 22:30:00,121.86,120.51,129.87,105.73,109.74
2016-06-17 23:00:00,98.47,97.16,104.81,86.92,90.1
2016-06-17 23:30:00,109.97,105.99,115.4,103.29,104.35
2016-06-18 00:00:00,65.35,61.57,71.55,61.79,63.32
2016-06-18 00:30:00,67.79,60.8,80.4,65.08,67.59
2016-06-18 01:00:00,59.62,53.35,72.61,51.79,47.88
2016-06-18 01:30:00,47.62,44.0,49.54,36.28,28.79
2016-06-18 02:00:00,29.44,28.14,31.29,29.46,26.14
2016-06-18 02:30:00,29.22,27.56,29.03,31.06,25.08
2016-06-18 03:00:00,29.34,27.8,27.7,30.71,24.86
2016-06-18 03:30:00,29.06,27.89,27.02,27.83,24.55
2016-06-18 04:00:00,30.01,28.76,25.2,22.99,16.2
2016-06-18 04:30:00,30.31,29.37,25.37,20.83,16.2
2016-06-18 05:00:00,28.85,27.85,24.03,20.69,19.98
2016-06-18 05:30:00,33.4,33.15,24.04,21.54,24.71
2016-06-18 06:00:00,36.15,37.55,27.35,24.66,27.62
2016-06-18 06:30:00,33.84,36.02,29.25,25.91,25.95
2016-06-18 07:00:00,47.69,50.38,42.53,35.64,31.93
2016-06-18 07:30:00,64.36,68.08,56.89,63.4,40.21
2016-06-18 08:00:00,70.32,67.95,68.12,75.54,61.98
2016-06-18 08:30:00,81.13,78.08,78.69,121.34,71.52
2016-06-18 09:00:00,97.21,92.17,93.3,135.3,85.44
2016-06-18 09:30:00,157.69,148.58,144.29,158.64,136.62
2016-06-18 10:00:00,78.62,70.93,78.68,70.02,71.02
2016-06-18 10:30:00,90.01,83.97,88.97,78.48,79.97
2016-06-18 11:00:00,78.03,73.62,77.79,68.95,70.63
2016-06-18 11:30:00,69.39,65.73,72.16,71.4,64.37
2016-06-18 12:00:00,70.5,66.71,74.36,64.16,66.58
2016-06-18 12:30:00,66.28,63.11,69.49,59.94,62.48
2016-06-18 13:00:00,70.5,67.28,74.18,63.74,66.74
2016-06-18 13:30:00,64.65,62.22,68.17,58.09,61.08
2016-06-18 14:00:00,69.16,69.35,72.99,61.49,64.95
2016-06-18 14:30:00,71.1,69.38,77.36,64.59,67.95
2016-06-18 15:00:00,72.36,70.47,78.41,65.7,69.06
2016-06-18 15:30:00,85.25,84.16,93.21,76.45,80.55
2016-06-18 16:00:00,102.02,99.12,111.26,92.17,96.54
2016-06-18 16:30:00,92.22,88.94,99.78,82.03,85.23
2016-06-18 17:00:00,147.19,144.9,155.14,150.98,134.24
2016-06-18 17:30:00,126.22,123.08,134.15,121.55,115.73
2016-06-18 18:00:00,124.1,120.32,135.85,125.13,114.56
2016-06-18 18:30:00,78.44,73.84,94.92,72.77,75.42
2016-06-18 19:00:00,72.48,68.11,83.33,108.2,70.36
2016-06-18 19:30:00,70.93,67.0,81.03,67.89,69.01
2016-06-18 20:00:00,70.98,66.74,79.88,67.07,68.41
2016-06-18 20:30:00,76.73,73.66,84.09,78.29,72.19
2016-06-18 21:00:00,66.55,62.75,84.37,87.43,64.73
2016-06-18 21:30:00,61.1,59.17,78.6,56.05,58.24
2016-06-18 22:00:00,56.58,55.23,77.0,51.3,53.65
2016-06-18 22:30:00,50.2,49.4,69.79,45.34,47.73
2016-06-18 23:00:00,43.63,43.3,53.86,39.24,41.45
2016-06-18 23:30:00,43.28,43.13,45.46,39.39,41.43
2016-06-19 00:00:00,51.62,50.03,59.43,49.16,51.85
2016-06-19 00:30:00,40.92,38.96,55.03,39.04,41.39
2016-06-19 01:00:00,38.76,37.09,70.78,36.35,38.78
2016-06-19 01:30:00,34.73,32.46,44.88,32.09,34.22
2016-06-19 02:00:00,31.46,29.8,37.81,28.26,30.15
2016-06-19 02:30:00,28.67,28.61,31.3,25.12,26.64
2016-06-19 03:00:00,33.94,33.94,36.94,29.55,31.63
2016-06-19 03:30:00,30.46,30.47,32.88,26.25,28.13
2016-06-19 04:00:00,30.58,30.51,32.32,25.88,27.76
2016-06-19 04:30:00,29.39,29.54,30.52,24.53,26.39
2016-06-19 05:00:00,29.58,29.33,31.11,25.16,26.73
2016-06-19 05:30:00,30.09,30.04,30.35,25.56,26.81
2016-06-19 06:00:00,31.72,31.43,32.19,27.21,28.44
2016-06-19 06:30:00,35.72,35.14,37.24,31.25,32.84
2016-06-19 07:00:00,40.35,39.52,43.77,36.24,37.98
2016-06-19 07:30:00,42.56,41.04,48.39,39.68,41.19
2016-06-19 08:00:00,40.0,37.45,45.6,37.29,38.63
2016-06-19 08:30:00,66.91,62.18,76.67,62.44,65.06
2016-06-19 09:00:00,70.38,65.23,80.31,65.73,68.22
2016-06-19 09:30:00,89.15,82.86,100.42,100.49,86.05
2016-06-19 10:00:00,168.77,155.48,185.74,257.18,161.64
2016-06-19 10:30:00,136.2,125.02,147.44,149.9,128.57
2016-06-19 11:00:00,83.9,77.2,90.4,73.92,77.58
2016-06-19 11:30:00,79.52,72.7,85.28,68.82,72.69
2016-06-19 12:00:00,78.65,72.27,84.48,67.36,71.45
2016-06-19 12:30:00,106.74,96.67,114.99,92.66,98.13
2016-06-19 13:00:00,113.31,99.5,123.65,99.86,105.8
2016-06-19 13:30:00,116.39,101.81,124.99,102.75,108.63
2016-06-19 14:00:00,219.3,192.09,233.49,192.95,204.66
2016-06-19 14:30:00,108.53,93.83,117.42,94.77,100.88
2016-06-19 15:00:00,101.43,86.47,110.68,89.79,96.08
2016-06-19 15:30:00,101.18,87.15,116.5,93.14,99.27
2016-06-19 16:00:00,95.77,83.52,114.47,89.31,94.78
2016-06-19 16:30:00,125.89,113.16,153.41,116.49,122.35
2016-06-19 17:00:00,208.09,175.03,247.3,197.6,206.85
2016-06-19 17:30:00,163.97,145.18,224.66,167.06,164.92
2016-06-19 18:00:00,97.01,85.51,148.22,109.29,97.45
2016-06-19 18:30:00,101.61,88.62,295.1,122.07,99.9
2016-06-19 19:00:00,101.63,88.38,146.4,110.58,98.2
2016-06-19 19:30:00,92.98,79.27,135.17,86.01,89.93
2016-06-19 20:00:00,78.66,67.57,125.05,74.2,78.0
2016-06-19 20:30:00,87.31,74.58,253.39,84.09,88.65
2016-06-19 21:00:00,89.25,76.82,160.62,86.15,91.23
2016-06-19 21:30:00,74.76,64.4,117.29,72.69,77.07
2016-06-19 22:00:00,62.35,54.15,96.63,60.93,65.11
2016-06-19 22:30:00,62.45,54.42,94.99,61.9,66.49
2016-06-19 23:00:00,53.6,46.84,87.27,53.84,57.95
2016-06-19 23:30:00,49.45,43.8,61.69,49.13,53.03
2016-06-20 00:00:00,48.02,41.07,73.98,48.7,52.64
2016-06-20 00:30:00,39.11,33.84,124.54,38.5,41.52
2016-06-20 01:00:00,33.29,29.45,124.64,31.5,34.15
2016-06-20 01:30:00,47.13,40.23,101.81,38.23,47.55
2016-06-20 02:00:00,35.08,29.75,93.32,31.5,34.18
2016-06-20 02:30:00,30.62,26.44,47.06,27.01,29.16
2016-06-20 03:00:00,29.61,26.06,41.7,25.94,27.83
2016-06-20 03:30:00,28.43,25.21,31.4,18.89,26.01
2016-06-20 04:00:00,28.97,25.96,30.46,15.05,26.25
2016-06-20 04:30:00,28.26,25.69,28.67,20.99,25.04
2016-06-20 05:00:00,30.97,28.45,30.81,25.31,27.31
2016-06-20 05:30:00,32.2,30.21,33.57,27.49,29.51
2016-06-20 06:00:00,31.33,30.79,34.62,27.44,29.3
2016-06-20 06:30:00,56.97,54.97,68.93,54.47,57.57
2016-06-20 07:00:00,150.23,140.16,178.24,145.57,153.7
2016-06-20 07:30:00,137.17,127.44,167.65,192.8,139.69
2016-06-20 08:00:00,94.64,83.71,137.79,95.68,99.48
2016-06-20 08:30:00,121.18,104.07,207.08,164.11,135.05
2016-06-20 09:00:00,66.46,57.59,155.85,231.35,100.45
2016-06-20 09:30:00,171.31,74.84,216.6,179.62,186.78
2016-06-20 10:00:00,192.19,74.06,246.12,270.58,210.43
2016-06-20 10:30:00,199.97,58.62,273.02,301.67,225.22
2016-06-20 11:00:00,82.32,61.36,113.04,265.93,96.37
2016-06-20 11:30:00,95.9,52.87,207.79,169.87,178.98
2016-06-20 12:00:00,79.44,59.04,133.67,116.42,122.44
2016-06-20 12:30:00,141.6,50.7,179.86,230.86,167.62
2016-06-20 13:00:00,93.69,74.43,120.55,101.6,106.89
2016-06-20 13:30:00,202.38,103.53,247.02,216.27,228.24
2016-06-20 14:00:00,114.04,50.7,149.2,127.6,134.52
2016-06-20 14:30:00,91.83,66.47,122.85,103.66,109.3
2016-06-20 15:00:00,89.64,74.17,120.54,100.8,106.2
2016-06-20 15:30:00,82.7,70.45,112.16,91.43,96.28
2016-06-20 16:00:00,82.53,71.22,110.37,90.42,94.49
2016-06-20 16:30:00,89.08,77.91,120.07,279.65,102.79
2016-06-20 17:00:00,86.3,77.11,107.01,177.09,95.75
2016-06-20 17:30:00,150.11,133.09,176.71,155.44,161.62
2016-06-20 18:00:00,248.77,168.75,303.22,258.31,268.03
2016-06-20 18:30:00,252.78,141.04,326.87,267.91,279.21
2016-06-20 19:00:00,148.09,127.84,191.7,156.13,163.14
2016-06-20 19:30:00,123.03,106.38,159.49,132.62,138.34
2016-06-20 20:00:00,161.5,117.25,192.68,168.88,175.73
2016-06-20 20:30:00,127.06,110.13,139.28,128.23,133.41
2016-06-20 21:00:00,83.88,74.32,93.61,87.38,90.54
2016-06-20 21:30:00,74.63,69.13,82.68,74.84,78.32
2016-06-20 22:00:00,55.87,52.05,65.69,55.79,58.35
2016-06-20 22:30:00,47.89,45.61,52.22,45.36,47.48
2016-06-20 23:00:00,40.17,40.37,40.26,36.23,37.88
2016-06-20 23:30:00,57.37,57.84,56.0,53.21,56.39
2016-06-21 00:00:00,68.65,64.43,73.41,66.62,70.99
2016-06-21 00:30:00,42.9,41.73,47.56,41.38,44.25
2016-06-21 01:00:00,30.91,30.17,31.91,28.18,30.16
2016-06-21 01:30:00,24.62,23.8,23.91,21.55,23.15
2016-06-21 02:00:00,27.51,26.04,25.82,23.44,25.26
2016-06-21 02:30:00,25.98,24.56,22.53,21.19,22.8
2016-06-21 03:00:00,23.75,22.73,20.01,19.16,20.58
2016-06-21 03:30:00,23.45,22.53,14.05,13.95,17.02
2016-06-21 04:00:00,25.96,24.99,14.98,14.79,18.46
2016-06-21 04:30:00,25.96,24.95,12.04,11.68,16.62
2016-06-21 05:00:00,26.72,26.06,14.42,14.22,18.45
2016-06-21 05:30:00,29.4,29.67,13.7,13.55,19.18
2016-06-21 06:00:00,30.59,31.4,20.9,20.61,23.94
2016-06-21 06:30:00,96.17,98.57,82.36,83.34,87.93
2016-06-21 07:00:00,78.91,75.87,71.27,70.67,74.42
2016-06-21 07:30:00,74.45,73.91,69.02,121.27,69.2
2016-06-21 08:00:00,87.59,83.52,83.17,77.62,81.67
2016-06-21 08:30:00,85.73,78.61,87.13,78.61,82.5
2016-06-21 09:00:00,66.54,60.19,76.57,62.77,65.61
2016-06-21 09:30:00,61.06,55.12,70.61,56.73,59.52
2016-06-21 10:00:00,54.45,50.48,64.93,258.79,52.73
2016-06-21 10:30:00,53.55,50.72,63.81,49.52,51.75
2016-06-21 11:00:00,61.61,57.63,71.48,58.0,60.98
2016-06-21 11:30:00,61.61,56.84,71.93,219.43,64.18
2016-06-21 12:00:00,63.9,58.29,78.1,237.99,67.08
2016-06-21 12:30:00,55.15,50.57,73.24,88.58,58.62
2016-06-21 13:00:00,51.4,48.01,70.36,82.36,54.73
2016-06-21 13:30:00,57.75,53.85,70.86,68.16,62.48
2016-06-21 14:00:00,58.55,56.18,71.37,61.43,63.12
2016-06-21 14:30:00,44.84,44.81,52.19,46.39,47.32
2016-06-21 15:00:00,40.2,41.98,44.42,40.5,41.06
2016-06-21 15:30:00,49.76,51.46,56.21,63.84,51.5
2016-06-21 16:00:00,81.15,80.97,86.63,80.99,84.02
2016-06-21 16:30:00,67.04,65.22,76.95,56.92,58.69
2016-06-21 17:00:00,111.89,108.15,90.25,75.98,78.68
2016-06-21 17:30:00,89.99,87.05,97.07,91.7,95.81
2016-06-21 18:00:00,199.58,195.07,189.7,180.52,187.54
2016-06-21 18:30:00,192.89,185.68,189.92,168.59,175.31
2016-06-21 19:00:00,81.77,77.23,82.8,74.25,73.03
2016-06-21 19:30:00,72.26,67.48,79.71,62.35,65.06
2016-06-21 20:00:00,83.07,75.42,79.54,73.16,71.54
2016-06-21 20:30:00,105.7,97.2,94.31,84.0,89.26
2016-06-21 21:00:00,77.73,72.18,79.25,63.86,68.07
2016-06-21 21:30:00,65.52,60.63,74.79,56.21,60.11
2016-06-21 22:00:00,40.83,38.77,50.05,35.75,37.58
2016-06-21 22:30:00,51.91,49.24,50.26,45.44,47.2
2016-06-21 23:00:00,48.42,47.78,45.15,41.56,43.99
2016-06-21 23:30:00,42.78,42.95,36.73,36.08,38.56
2016-06-22 00:00:00,55.46,54.2,52.13,48.23,51.9
2016-06-22 00:30:00,38.81,37.69,37.81,33.7,36.43
2016-06-22 01:00:00,30.16,29.51,28.25,25.01,27.12
2016-06-22 01:30:00,26.84,25.83,12.03,10.71,16.86
2016-06-22 02:00:00,27.46,25.93,8.28,7.34,15.04
2016-06-22 02:30:00,25.46,23.93,8.36,7.75,14.41
2016-06-22 03:00:00,24.86,23.63,-1.8,3.55,8.63
2016-06-22 03:30:00,26.37,25.13,-3.31,1.57,8.36
2016-06-22 04:00:00,26.3,25.05,-14.94,1.09,2.11
2016-06-22 04:30:00,26.6,25.46,-6.95,2.33,6.49
2016-06-22 05:00:00,30.56,29.65,-12.49,2.78,7.52
2016-06-22 05:30:00,33.97,34.12,-5.86,3.86,13.78
2016-06-22 06:00:00,31.01,32.62,7.76,14.03,20.39
2016-06-22 06:30:00,42.58,44.46,25.84,102.86,33.65
2016-06-22 07:00:00,140.08,137.5,107.99,17.72,129.54
2016-06-22 07:30:00,77.41,78.18,69.38,90.18,67.4
2016-06-22 08:00:00,95.97,96.32,126.49,150.32,85.6
2016-06-22 08:30:00,75.35,75.07,130.82,175.29,68.29
2016-06-22 09:00:00,66.07,65.24,185.21,150.32,60.83
2016-06-22 09:30:00,61.58,59.78,153.03,69.16,58.11
2016-06-22 10:00:00,54.13,53.43,142.77,70.79,51.79
2016-06-22 10:30:00,63.09,61.66,122.91,150.32,62.11
2016-06-22 11:00:00,68.57,66.13,124.77,41.71,67.73
2016-06-22 11:30:00,65.57,61.99,85.2,34.52,67.05
2016-06-22 12:00:00,61.48,62.24,68.66,141.33,60.87
2016-06-22 12:30:00,69.44,68.03,75.0,27.38,70.69
2016-06-22 13:00:00,65.05,63.63,71.46,22.52,67.36
2016-06-22 13:30:00,66.02,64.48,75.34,13.16,69.69
2016-06-22 14:00:00,65.72,64.62,72.51,13.16,69.53
2016-06-22 14:30:00,77.64,78.06,86.53,13.16,81.65
2016-06-22 15:00:00,63.31,62.94,72.29,100.53,67.19
2016-06-22 15:30:00,60.68,58.87,68.7,87.47,65.59
2016-06-22 16:00:00,82.15,77.16,106.85,124.62,87.71
2016-06-22 16:30:00,80.37,77.36,130.99,13.62,82.4
2016-06-22 17:00:00,62.5,63.2,148.99,13.16,63.05
2016-06-22 17:30:00,76.4,76.72,124.99,13.16,72.59
2016-06-22 18:00:00,96.24,90.47,124.99,11.78,94.16
2016-06-22 18:30:00,112.86,104.84,131.18,13.16,111.28
2016-06-22 19:00:00,89.35,84.2,124.99,13.16,86.83
2016-06-22 19:30:00,58.55,55.98,123.12,13.16,56.73
2016-06-22 20:00:00,61.99,58.19,103.66,13.16,57.7
2016-06-22 20:30:00,78.53,73.07,82.36,13.16,70.83
2016-06-22 21:00:00,60.26,56.47,59.69,14.44,53.32
2016-06-22 21:30:00,78.17,73.44,74.7,13.17,68.74
2016-06-22 22:00:00,53.28,49.54,50.77,22.52,47.43
2016-06-22 22:30:00,93.92,87.44,87.12,13.17,84.36
2016-06-22 23:00:00,49.7,48.5,44.51,64.43,43.39
2016-06-22 23:30:00,46.84,45.82,38.15,22.51,40.64
2016-06-23 00:00:00,55.52,53.02,52.53,11.77,51.23
2016-06-23 00:30:00,38.69,37.64,37.01,13.16,34.77
2016-06-23 01:00:00,31.32,30.53,27.94,13.16,26.84
2016-06-23 01:30:00,30.05,28.78,21.09,11.29,22.85
2016-06-23 02:00:00,28.95,27.26,15.85,22.85,19.5
2016-06-23 02:30:00,26.33,24.94,12.39,50.94,16.62
2016-06-23 03:00:00,26.99,25.59,10.33,51.51,15.78
2016-06-23 03:30:00,26.92,25.4,9.34,10.76,15.37
2016-06-23 04:00:00,23.09,22.23,10.03,9.98,14.22
2016-06-23 04:30:00,29.51,28.02,5.76,0.17,14.82
2016-06-23 05:00:00,30.31,28.49,4.06,0.18,14.5
2016-06-23 05:30:00,41.33,39.07,13.45,0.18,22.84
2016-06-23 06:00:00,32.3,32.03,20.28,0.2,19.91
2016-06-23 06:30:00,58.96,55.96,52.01,50.23,38.71
2016-06-23 07:00:00,158.28,145.05,146.33,9.14,151.54
2016-06-23 07:30:00,88.35,84.26,88.44,104.87,85.56
2016-06-23 08:00:00,98.33,92.35,98.82,118.9,91.25
2016-06-23 08:30:00,99.17,92.39,106.38,95.12,95.77
2016-06-23 09:00:00,82.62,77.5,88.41,3.23,79.41
2016-06-23 09:30:00,82.95,76.47,79.89,1.82,74.36
2016-06-23 10:00:00,67.79,63.43,66.19,32.58,60.6
2016-06-23 10:30:00,77.65,72.37,75.09,51.8,69.28
2016-06-23 11:00:00,89.35,85.31,85.06,86.57,79.62
2016-06-23 11:30:00,80.69,77.88,79.08,27.64,72.87
2016-06-23 12:00:00,81.59,79.03,110.27,209.97,74.44
2016-06-23 12:30:00,90.74,86.28,100.86,101.05,85.71
2016-06-23 13:00:00,87.34,82.23,100.01,58.33,83.4
2016-06-23 13:30:00,91.95,83.22,113.52,109.21,92.62
2016-06-23 14:00:00,95.61,86.38,122.39,1.01,96.35
2016-06-23 14:30:00,124.67,112.96,146.23,21.91,125.04
2016-06-23 15:00:00,102.04,92.69,122.32,37.24,101.2
2016-06-23 15:30:00,95.41,86.55,111.1,76.82,94.35
2016-06-23 16:00:00,73.62,66.16,97.13,0.23,74.16
2016-06-23 16:30:00,88.38,81.05,109.03,0.25,86.76
2016-06-23 17:00:00,80.08,73.73,99.78,4.84,77.59
2016-06-23 17:30:00,133.69,119.08,159.33,5.28,137.18
2016-06-23 18:00:00,166.07,131.77,185.25,80.58,171.43
2016-06-23 18:30:00,154.39,100.09,177.75,157.08,160.63
2016-06-23 19:00:00,106.63,91.83,127.55,144.09,108.3
2016-06-23 19:30:00,97.46,83.48,120.03,208.68,101.88
2016-06-23 20:00:00,100.44,85.94,119.62,97.71,103.15
2016-06-23 20:30:00,166.86,142.56,179.99,150.35,157.29
2016-06-23 21:00:00,96.59,82.65,107.44,87.87,92.49
2016-06-23 21:30:00,68.83,63.26,76.7,62.65,65.9
2016-06-23 22:00:00,57.91,54.15,70.18,52.1,55.14
2016-06-23 22:30:00,67.31,62.05,74.94,62.64,67.03
2016-06-23 23:00:00,51.55,49.35,55.25,46.14,50.54
2016-06-23 23:30:00,43.48,43.2,42.94,37.12,42.0
2016-06-24 00:00:00,35.65,35.1,34.46,27.87,32.99
2016-06-24 00:30:00,33.65,31.81,33.85,24.34,28.2
2016-06-24 01:00:00,32.73,30.45,33.71,27.14,30.12
2016-06-24 01:30:00,29.54,27.65,29.01,24.66,26.67
2016-06-24 02:00:00,29.31,27.05,21.91,19.08,22.86
2016-06-24 02:30:00,28.78,26.54,19.98,18.07,21.87
2016-06-24 03:00:00,28.9,27.12,6.82,7.52,15.12
2016-06-24 03:30:00,27.25,25.44,13.81,12.98,18.06
2016-06-24 04:00:00,28.82,26.81,8.03,7.75,15.78
2016-06-24 04:30:00,31.54,29.0,8.32,7.93,16.95
2016-06-24 05:00:00,31.16,28.98,11.77,11.52,18.78
2016-06-24 05:30:00,31.76,30.27,12.88,12.65,19.81
2016-06-24 06:00:00,37.94,37.41,26.53,26.62,30.35
2016-06-24 06:30:00,66.69,63.7,56.22,90.98,59.37
2016-06-24 07:00:00,204.74,191.44,189.9,209.11,195.79
2016-06-24 07:30:00,182.5,177.72,172.01,305.75,171.53
2016-06-24 08:00:00,138.53,136.09,143.84,111.69,128.75
2016-06-24 08:30:00,79.13,75.63,110.23,45.34,76.07
2016-06-24 09:00:00,88.89,86.27,125.64,61.53,84.49
2016-06-24 09:30:00,151.55,147.92,167.21,301.25,140.41
2016-06-24 10:00:00,67.95,65.62,88.84,237.7,63.79
2016-06-24 10:30:00,55.96,53.34,79.21,181.98,53.59
2016-06-24 11:00:00,48.77,47.69,66.91,175.65,46.34
2016-06-24 11:30:00,39.4,39.19,46.62,113.65,36.73
2016-06-24 12:00:00,37.85,37.21,37.51,40.29,34.73
2016-06-24 12:30:00,35.15,34.26,33.01,32.38,32.0
2016-06-24 13:00:00,39.75,38.94,36.86,35.54,35.29
2016-06-24 13:30:00,41.58,40.2,39.33,36.07,36.92
2016-06-24 14:00:00,34.9,33.58,33.59,30.51,32.0
2016-06-24 14:30:00,35.24,34.07,34.4,30.77,32.22
2016-06-24 15:00:00,35.7,34.98,35.06,30.8,32.41
2016-06-24 15:30:00,40.58,40.26,42.64,36.19,38.1
2016-06-24 16:00:00,56.4,53.69,71.9,53.4,55.58
2016-06-24 16:30:00,59.62,55.54,93.31,117.55,61.43
2016-06-24 17:00:00,90.53,82.89,125.14,273.44,86.35
2016-06-24 17:30:00,68.1,63.52,129.02,186.65,67.36
2016-06-24 18:00:00,137.33,130.22,176.02,129.42,133.46
2016-06-24 18:30:00,109.51,102.43,473.86,138.93,108.64
2016-06-24 19:00:00,88.63,82.9,300.23,150.33,88.62
2016-06-24 19:30:00,57.86,54.6,163.63,89.75,58.31
2016-06-24 20:00:00,90.8,82.85,300.27,175.45,88.65
2016-06-24 20:30:00,183.55,165.61,270.97,206.06,176.29
2016-06-24 21:00:00,122.64,105.05,192.71,142.74,126.11
2016-06-24 21:30:00,103.0,53.09,153.25,103.14,105.44
2016-06-24 22:00:00,46.08,43.49,93.83,43.7,44.25
2016-06-24 22:30:00,150.38,137.17,192.29,138.26,145.95
2016-06-24 23:00:00,68.98,64.23,97.71,63.58,68.08
2016-06-24 23:30:00,59.71,56.43,68.14,54.02,58.77
2016-06-25 00:00:00,99.74,90.49,143.73,93.18,101.12
2016-06-25 00:30:00,45.89,41.77,86.16,42.68,46.13
2016-06-25 01:00:00,61.39,54.71,113.54,58.49,63.04
2016-06-25 01:30:00,44.84,39.48,77.1,41.55,44.06
2016-06-25 02:00:00,42.93,37.58,146.66,34.51,30.98
2016-06-25 02:30:00,33.5,30.44,91.44,26.17,23.93
2016-06-25 03:00:00,33.66,30.6,87.22,27.66,26.94
2016-06-25 03:30:00,29.84,27.13,105.82,24.74,24.76
2016-06-25 04:00:00,30.54,28.0,94.99,22.43,18.44
2016-06-25 04:30:00,26.81,23.59,94.99,20.69,18.31
2016-06-25 05:00:00,29.82,25.81,94.99,22.64,19.39
2016-06-25 05:30:00,35.0,30.23,94.99,27.96,25.2
2016-06-25 06:00:00,38.16,31.71,124.16,29.74,25.2
2016-06-25 06:30:00,96.08,74.3,141.69,60.59,25.33
2016-06-25 07:00:00,72.86,64.31,112.18,67.64,69.75
2016-06-25 07:30:00,99.02,90.34,146.41,91.07,96.05
2016-06-25 08:00:00,239.63,208.37,329.39,292.99,235.21
2016-06-25 08:30:00,188.12,102.01,375.45,291.9,194.94
2016-06-25 09:00:00,98.02,74.25,351.0,202.25,106.58
2016-06-25 09:30:00,211.16,100.79,319.76,300.38,223.25
2016-06-25 10:00:00,85.45,68.57,254.52,121.84,92.08
2016-06-25 10:30:00,81.77,68.36,144.56,140.48,90.28
2016-06-25 11:00:00,112.15,74.09,151.17,150.86,116.04
2016-06-25 11:30:00,97.03,68.6,148.39,114.41,100.76
2016-06-25 12:00:00,72.58,50.53,109.34,100.88,76.36
2016-06-25 12:30:00,68.03,50.11,105.55,123.5,72.69
2016-06-25 13:00:00,57.41,44.73,91.2,85.69,60.36
2016-06-25 13:30:00,53.26,42.8,111.98,53.43,56.36
2016-06-25 14:00:00,48.6,41.28,116.61,48.46,51.33
2016-06-25 14:30:00,44.35,38.46,125.37,43.85,46.64
2016-06-25 15:00:00,41.83,36.75,124.99,40.62,43.54
2016-06-25 15:30:00,53.79,47.44,148.99,52.67,56.63
2016-06-25 16:00:00,73.27,63.62,160.87,69.26,74.0
2016-06-25 16:30:00,129.51,115.85,266.51,120.92,129.01
2016-06-25 17:00:00,172.67,157.19,240.66,163.41,172.78
2016-06-25 17:30:00,167.55,154.88,196.32,149.56,157.1
2016-06-25 18:00:00,205.81,184.77,258.72,185.43,193.64
2016-06-25 18:30:00,208.89,188.86,295.77,296.3,196.56
2016-06-25 19:00:00,162.04,148.06,226.95,290.74,148.94
2016-06-25 19:30:00,103.61,94.78,143.99,152.76,96.98
2016-06-25 20:00:00,167.28,153.05,175.87,162.42,145.76
2016-06-25 20:30:00,208.72,186.52,212.23,182.36,181.69
2016-06-25 21:00:00,242.33,203.89,266.47,204.3,215.94
2016-06-25 21:30:00,161.06,132.22,197.12,136.79,144.22
2016-06-25 22:00:00,93.1,81.36,121.05,80.94,84.25
2016-06-25 22:30:00,115.77,101.74,136.66,102.02,106.72
2016-06-25 23:00:00,110.48,98.26,162.92,99.74,105.26
2016-06-25 23:30:00,130.62,114.16,140.57,119.09,126.57
2016-06-26 00:00:00,92.36,81.4,104.35,86.56,92.82
2016-06-26 00:30:00,59.78,53.02,116.05,58.91,63.4
2016-06-26 01:00:00,54.79,48.57,114.04,55.93,59.53
2016-06-26 01:30:00,58.15,51.07,82.73,56.57,60.48
2016-06-26 02:00:00,58.39,51.95,79.42,54.06,57.94
2016-06-26 02:30:00,58.89,52.47,94.74,54.73,58.63
2016-06-26 03:00:00,64.38,58.66,81.66,58.45,62.7
2016-06-26 03:30:00,43.12,40.41,53.53,37.93,40.78
2016-06-26 04:00:00,42.66,40.15,46.93,36.41,39.22
2016-06-26 04:30:00,38.39,36.67,40.68,32.1,34.69
2016-06-26 05:00:00,51.61,48.25,57.38,43.57,47.09
2016-06-26 05:30:00,47.82,45.85,69.53,40.55,43.8
2016-06-26 06:00:00,31.86,31.42,78.19,26.95,29.01
2016-06-26 06:30:00,35.66,34.61,42.75,30.74,32.91
2016-06-26 07:00:00,59.37,58.52,65.45,51.5,55.08
2016-06-26 07:30:00,73.1,72.8,75.97,63.95,67.69
2016-06-26 08:00:00,108.99,108.24,117.51,97.91,102.45
2016-06-26 08:30:00,206.12,204.54,201.8,171.48,181.2
2016-06-26 09:00:00,166.63,171.59,160.52,130.88,139.51
2016-06-26 09:30:00,228.17,222.4,215.19,179.84,193.97
2016-06-26 10:00:00,139.29,129.22,149.05,117.1,124.82
2016-06-26 10:30:00,133.19,124.13,139.31,115.3,122.31
2016-06-26 11:00:00,102.26,93.94,111.24,90.89,96.3
2016-06-26 11:30:00,85.99,79.28,87.76,74.89,78.71
2016-06-26 12:00:00,82.16,75.94,82.13,70.97,75.07
2016-06-26 12:30:00,52.24,49.9,52.21,44.34,47.43
2016-06-26 13:00:00,66.15,60.97,69.75,57.66,62.09
2016-06-26 13:30:00,92.04,83.97,100.25,83.07,89.57
2016-06-26 14:00:00,117.77,106.53,131.41,109.12,117.55
2016-06-26 14:30:00,166.92,150.8,184.22,147.04,167.09
2016-06-26 15:00:00,148.93,135.58,169.9,129.49,148.94
2016-06-26 15:30:00,127.05,114.04,143.89,104.1,126.0
2016-06-26 16:00:00,136.43,121.63,160.51,125.4,135.96
2016-06-26 16:30:00,112.4,101.28,159.37,98.88,106.6
2016-06-26 17:00:00,288.71,255.79,337.0,251.95,268.1
2016-06-26 17:30:00,254.6,223.51,300.64,215.95,229.32
2016-06-26 18:00:00,299.77,259.58,349.43,251.18,265.41
2016-06-26 18:30:00,299.73,212.29,373.05,248.64,263.52
2016-06-26 19:00:00,296.43,233.24,360.29,239.32,255.07
2016-06-26 19:30:00,145.63,127.94,206.73,117.32,125.27
2016-06-26 20:00:00,188.18,163.92,205.42,148.42,157.73
2016-06-26 20:30:00,296.4,232.76,332.62,243.47,259.49
2016-06-26 21:00:00,267.17,224.34,285.37,218.61,235.41
2016-06-26 21:30:00,189.75,169.51,196.08,149.91,161.71
2016-06-26 22:00:00,108.5,98.84,119.83,86.62,93.39
2016-06-26 22:30:00,68.84,63.78,79.1,55.37,61.23
2016-06-26 23:00:00,49.64,47.28,50.49,37.39,43.78
2016-06-26 23:30:00,54.05,48.71,51.22,45.94,49.32
2016-06-27 00:00:00,53.7,46.78,58.53,48.83,52.55
2016-06-27 00:30:00,57.25,51.46,66.37,48.81,56.04
2016-06-27 01:00:00,55.66,51.63,62.25,48.99,53.1
2016-06-27 01:30:00,51.44,46.55,58.09,46.09,49.71
2016-06-27 02:00:00,40.23,36.91,44.35,34.89,37.69
2016-06-27 02:30:00,33.18,31.77,34.32,27.33,29.67
2016-06-27 03:00:00,36.13,34.9,35.2,28.88,31.32
2016-06-27 03:30:00,39.82,38.22,37.79,31.55,34.19
2016-06-27 04:00:00,47.42,45.45,45.38,37.49,40.62
2016-06-27 04:30:00,40.5,37.87,39.59,32.29,35.04
2016-06-27 05:00:00,55.83,50.63,55.16,18.61,49.31
2016-06-27 05:30:00,68.11,62.49,69.47,52.55,62.28
2016-06-27 06:00:00,79.08,72.83,86.84,61.17,77.01
2016-06-27 06:30:00,147.56,129.25,166.68,116.0,145.47
2016-06-27 07:00:00,292.76,218.58,311.6,258.44,291.31
2016-06-27 07:30:00,168.31,148.96,222.77,220.57,159.76
2016-06-27 08:00:00,293.2,258.76,354.25,321.73,284.47
2016-06-27 08:30:00,299.8,267.03,471.48,300.32,295.68
2016-06-27 09:00:00,299.8,269.15,1252.2,300.56,301.45
2016-06-27 09:30:00,299.8,263.7,1618.74,300.32,307.27
2016-06-27 10:00:00,253.52,215.68,1241.39,89.15,258.75
2016-06-27 10:30:00,153.87,130.86,492.82,171.44,153.48
2016-06-27 11:00:00,236.4,109.13,410.99,193.11,239.89
2016-06-27 11:30:00,188.82,115.75,302.04,172.55,194.56
2016-06-27 12:00:00,132.1,115.31,150.74,128.19,135.35
2016-06-27 12:30:00,100.02,91.62,111.3,94.21,100.83
2016-06-27 13:00:00,93.44,85.86,113.85,89.16,95.52
2016-06-27 13:30:00,80.97,74.81,91.64,77.72,83.17
2016-06-27 14:00:00,92.07,85.0,100.56,86.23,92.74
2016-06-27 14:30:00,71.58,66.25,78.77,67.28,72.19
2016-06-27 15:00:00,63.4,58.9,71.65,59.55,63.72
2016-06-27 15:30:00,77.93,71.98,100.14,70.32,75.36
2016-06-27 16:00:00,90.13,81.93,106.41,81.09,86.87
2016-06-27 16:30:00,90.26,83.21,107.21,80.04,85.25
2016-06-27 17:00:00,120.65,113.14,126.06,105.94,111.58
2016-06-27 17:30:00,113.69,106.88,116.97,99.15,104.18
2016-06-27 18:00:00,195.37,175.14,206.11,174.03,182.9
2016-06-27 18:30:00,196.84,175.75,209.0,174.2,183.03
2016-06-27 19:00:00,169.38,152.29,185.39,147.2,155.37
2016-06-27 19:30:00,101.89,92.41,125.17,88.81,94.37
2016-06-27 20:00:00,140.93,127.65,255.86,117.99,126.42
2016-06-27 20:30:00,116.19,105.97,144.74,96.68,102.14
2016-06-27 21:00:00,134.22,118.66,176.95,115.0,120.93
2016-06-27 21:30:00,93.3,84.66,162.28,78.44,83.45
2016-06-27 22:00:00,45.38,42.27,159.99,38.18,40.75
2016-06-27 22:30:00,119.23,79.76,154.16,104.59,112.94
2016-06-27 23:00:00,86.47,71.83,119.52,49.61,84.66
2016-06-27 23:30:00,116.57,101.07,129.43,21.35,114.43
2016-06-28 00:00:00,67.84,50.68,82.12,18.36,68.04
2016-06-28 00:30:00,67.98,50.4,109.93,12.3,69.53
2016-06-28 01:00:00,46.36,37.74,78.11,6.4,46.31
2016-06-28 01:30:00,56.48,30.63,74.16,5.83,56.88
2016-06-28 02:00:00,47.99,30.12,56.7,44.89,48.09
2016-06-28 02:30:00,43.95,37.61,51.99,40.89,43.86
2016-06-28 03:00:00,31.82,28.74,36.33,32.55,31.27
2016-06-28 03:30:00,32.21,29.88,35.21,29.52,30.68
2016-06-28 04:00:00,35.26,32.42,38.23,31.67,33.39
2016-06-28 04:30:00,38.4,34.49,41.39,37.14,36.34
2016-06-28 05:00:00,46.59,40.55,50.91,43.15,44.58
2016-06-28 05:30:00,70.24,55.33,75.96,65.84,67.6
2016-06-28 06:00:00,43.44,38.78,46.73,39.0,40.91
2016-06-28 06:30:00,130.98,116.67,132.39,111.52,120.71
2016-06-28 07:00:00,239.82,210.16,226.62,199.48,213.8
2016-06-28 07:30:00,170.74,162.29,154.48,136.58,145.4
2016-06-28 08:00:00,206.44,183.88,203.4,174.4,183.98
2016-06-28 08:30:00,245.73,215.71,341.17,216.11,227.53
2016-06-28 09:00:00,101.24,88.2,202.61,91.33,96.75
2016-06-28 09:30:00,86.11,75.12,350.72,74.98,79.8
2016-06-28 10:00:00,83.69,73.37,1862.16,73.76,77.52
2016-06-28 10:30:00,105.6,92.5,105.34,117.8,100.5
2016-06-28 11:00:00,92.04,78.74,99.08,86.42,91.46
2016-06-28 11:30:00,75.11,64.0,83.56,72.15,76.4
2016-06-28 12:00:00,71.01,62.61,77.67,67.59,71.58
2016-06-28 12:30:00,74.7,66.36,81.18,72.5,76.53
2016-06-28 13:00:00,68.4,60.82,74.5,66.01,69.97
2016-06-28 13:30:00,67.42,60.41,75.46,67.16,70.54
2016-06-28 14:00:00,64.74,58.23,74.9,66.6,70.08
2016-06-28 14:30:00,58.91,53.06,74.61,64.43,68.9
2016-06-28 15:00:00,59.21,54.09,163.24,140.91,153.83
2016-06-28 15:30:00,44.2,42.91,78.84,41.26,44.19
2016-06-28 16:00:00,50.73,50.15,79.99,46.4,49.76
2016-06-28 16:30:00,106.89,104.68,145.13,95.69,101.26
2016-06-28 17:00:00,102.03,97.07,142.99,91.87,98.3
2016-06-28 17:30:00,256.6,228.92,340.71,236.64,253.19
2016-06-28 18:00:00,298.7,233.85,332.29,281.15,299.9
2016-06-28 18:30:00,295.03,258.62,2054.51,271.83,292.08
2016-06-28 19:00:00,199.89,176.22,3102.23,180.07,194.15
2016-06-28 19:30:00,140.85,125.04,254.62,112.52,121.71
2016-06-28 20:00:00,119.06,105.17,300.45,100.58,109.19
2016-06-28 20:30:00,141.34,126.12,402.73,92.75,100.9
2016-06-28 21:00:00,152.62,131.91,375.73,127.35,139.37
2016-06-28 21:30:00,227.19,121.41,328.72,185.74,204.78
2016-06-28 22:00:00,87.78,77.03,254.06,73.61,81.29
2016-06-28 22:30:00,131.7,99.42,229.47,99.36,118.11
2016-06-28 23:00:00,152.01,137.48,176.66,99.04,133.46
2016-06-28 23:30:00,85.29,78.87,83.03,62.82,75.99
2016-06-29 00:00:00,65.61,59.88,63.92,32.22,59.03
2016-06-29 00:30:00,80.42,73.18,153.37,49.95,75.28
2016-06-29 01:00:00,65.07,59.75,128.64,13.23,61.78
2016-06-29 01:30:00,69.2,61.92,83.41,1.33,69.83
2016-06-29 02:00:00,42.76,38.29,166.89,9.97,41.97
2016-06-29 02:30:00,40.26,36.49,54.45,15.65,37.25
2016-06-29 03:00:00,35.9,32.4,35.27,7.33,32.23
2016-06-29 03:30:00,31.71,29.87,29.55,13.73,27.84
2016-06-29 04:00:00,31.33,30.37,28.43,20.29,27.11
2016-06-29 04:30:00,31.42,30.6,27.9,17.37,27.07
2016-06-29 05:00:00,31.23,30.6,27.66,24.11,27.14
2016-06-29 05:30:00,36.76,36.65,32.33,29.28,32.56
2016-06-29 06:00:00,57.79,57.72,49.6,44.84,50.38
2016-06-29 06:30:00,84.65,81.6,43.27,36.3,55.66
2016-06-29 07:00:00,259.17,238.15,132.83,89.28,161.42
2016-06-29 07:30:00,266.3,253.19,184.34,137.0,195.19
2016-06-29 08:00:00,299.8,282.39,278.99,238.41,269.7
2016-06-29 08:30:00,268.49,247.16,270.96,224.42,240.04
2016-06-29 09:00:00,110.83,98.28,133.77,93.92,100.87
2016-06-29 09:30:00,162.27,138.76,182.89,138.68,149.52
2016-06-29 10:00:00,84.59,71.84,120.67,73.38,78.57
2016-06-29 10:30:00,77.77,68.54,109.86,66.07,70.78
2016-06-29 11:00:00,58.8,53.3,77.49,47.28,50.41
2016-06-29 11:30:00,58.06,52.48,74.99,48.18,51.54
2016-06-29 12:00:00,51.62,46.51,70.28,43.54,45.99
2016-06-29 12:30:00,41.46,37.41,95.59,30.66,32.38
2016-06-29 13:00:00,36.87,33.0,98.36,25.58,26.94
2016-06-29 13:30:00,38.35,34.09,101.18,27.13,28.62
2016-06-29 14:00:00,40.48,36.84,51.47,33.82,35.62
2016-06-29 14:30:00,39.04,36.4,44.63,154.52,33.79
2016-06-29 15:00:00,36.47,34.33,42.62,29.76,31.85
2016-06-29 15:30:00,36.72,35.61,59.43,27.81,29.96
2016-06-29 16:00:00,44.96,44.53,50.18,36.88,39.46
2016-06-29 16:30:00,53.87,53.0,65.14,43.68,46.63
2016-06-29 17:00:00,73.02,68.27,114.98,59.28,62.94
2016-06-29 17:30:00,159.72,148.5,169.96,145.09,152.2
2016-06-29 18:00:00,200.07,188.51,240.21,175.05,182.38
2016-06-29 18:30:00,114.4,107.57,308.71,80.83,84.45
2016-06-29 19:00:00,108.52,103.0,170.76,88.1,92.09
2016-06-29 19:30:00,96.73,90.84,203.01,77.4,81.12
2016-06-29 20:00:00,173.4,163.48,168.45,144.5,152.06
2016-06-29 20:30:00,200.2,186.77,144.54,110.21,139.33
2016-06-29 21:00:00,97.89,90.07,159.56,72.36,76.18
2016-06-29 21:30:00,64.82,62.03,131.82,42.38,46.25
2016-06-29 22:00:00,49.51,48.38,102.27,35.27,37.04
2016-06-29 22:30:00,229.48,214.88,104.58,13.46,101.17
2016-06-29 23:00:00,75.09,70.98,78.58,8.48,33.28
2016-06-29 23:30:00,108.73,101.35,21.83,9.95,50.2
2016-06-30 00:00:00,139.38,127.07,65.79,15.84,28.99
2016-06-30 00:30:00,49.73,47.66,67.79,12.55,25.57
2016-06-30 01:00:00,36.55,34.99,56.65,11.05,19.58
2016-06-30 01:30:00,33.29,30.88,12.44,8.86,18.52
2016-06-30 02:00:00,31.71,29.48,12.52,10.25,18.54
2016-06-30 02:30:00,30.31,28.53,3.13,2.95,13.59
2016-06-30 03:00:00,28.11,26.25,-15.56,-14.44,2.51
2016-06-30 03:30:00,29.86,27.91,-13.78,-9.36,6.14
2016-06-30 04:00:00,29.95,28.06,-22.63,-19.05,0.58
2016-06-30 04:30:00,29.96,28.51,-18.29,-13.67,3.78
2016-06-30 05:00:00,31.17,30.19,-13.42,-8.27,7.37
2016-06-30 05:30:00,40.81,39.71,-4.19,-3.52,14.01
2016-06-30 06:00:00,36.88,36.22,7.25,6.85,18.63
2016-06-30 06:30:00,101.28,96.63,8.91,8.9,45.52
2016-06-30 07:00:00,269.29,242.57,48.87,30.39,98.84
2016-06-30 07:30:00,244.02,222.82,158.16,141.49,124.16
2016-06-30 08:00:00,301.34,274.73,264.91,311.74,289.44
2016-06-30 08:30:00,299.8,268.18,294.96,310.99,290.01
2016-06-30 09:00:00,299.8,227.23,298.63,272.69,290.37
2016-06-30 09:30:00,299.8,81.84,298.2,245.15,228.05
2016-06-30 10:00:00,299.77,86.66,287.81,255.93,252.01
2016-06-30 10:30:00,176.19,75.85,185.62,158.2,171.17
2016-06-30 11:00:00,81.24,72.55,119.15,124.39,73.72
2016-06-30 11:30:00,89.76,80.01,102.85,115.78,82.08
2016-06-30 12:00:00,131.11,114.87,146.24,195.84,64.72
2016-06-30 12:30:00,96.58,83.97,108.28,173.75,61.2
2016-06-30 13:00:00,108.82,94.51,115.62,156.99,61.37
2016-06-30 13:30:00,179.1,148.9,181.95,194.47,180.56
2016-06-30 14:00:00,92.49,80.46,85.18,140.96,86.76
2016-06-30 14:30:00,95.48,84.62,78.5,150.83,81.27
2016-06-30 15:00:00,103.8,91.79,89.04,122.18,91.27
2016-06-30 15:30:00,70.16,63.98,62.27,59.37,63.14
2016-06-30 16:00:00,95.97,87.32,86.77,81.92,87.07
2016-06-30 16:30:00,130.43,116.12,126.96,110.32,116.62
2016-06-30 17:00:00,223.81,134.41,207.78,280.17,211.2
2016-06-30 17:30:00,109.18,95.42,105.21,92.59,97.83
2016-06-30 18:00:00,280.34,249.22,245.8,237.78,250.68
2016-06-30 18:30:00,280.33,250.17,242.69,239.94,252.56
2016-06-30 19:00:00,162.28,145.18,142.56,133.89,140.98
2016-06-30 19:30:00,120.8,106.95,129.55,99.47,104.08
2016-06-30 20:00:00,117.71,103.11,219.71,87.19,91.53
2016-06-30 20:30:00,266.4,233.07,299.99,214.42,214.48
2016-06-30 21:00:00,178.21,154.27,253.49,141.16,147.97
2016-06-30 21:30:00,185.35,161.84,203.98,154.9,163.16
2016-06-30 22:00:00,102.81,91.48,172.83,81.34,85.96
2016-06-30 22:30:00,278.36,246.84,159.48,36.04,135.65
2016-06-30 23:00:00,152.19,141.18,160.32,12.65,65.75
2016-06-30 23:30:00,176.03,165.7,74.38,23.98,86.54
2016-07-01 00:00:00,64.16,59.91,111.53,49.22,52.51
2016-07-01 00:30:00,159.98,143.77,292.91,123.06,133.25
2016-07-01 01:00:00,47.93,42.4,112.63,35.54,38.24
2016-07-01 01:30:00,61.14,52.73,75.52,50.76,54.58
2016-07-01 02:00:00,48.23,41.26,79.4,36.73,39.38
2016-07-01 02:30:00,35.34,30.78,39.67,20.74,25.72
2016-07-01 03:00:00,36.08,32.07,54.78,11.48,19.9
2016-07-01 03:30:00,30.7,27.66,21.18,4.79,14.95
2016-07-01 04:00:00,27.46,25.09,25.11,17.32,20.95
2016-07-01 04:30:00,28.49,26.31,28.04,20.4,23.08
2016-07-01 05:00:00,30.39,28.69,57.0,22.16,23.74
2016-07-01 05:30:00,57.69,54.65,61.65,47.63,50.59
2016-07-01 06:00:00,51.75,49.65,56.66,43.64,45.87
2016-07-01 06:30:00,108.05,100.19,114.37,87.42,91.92
2016-07-01 07:00:00,293.25,268.63,189.77,136.41,162.32
2016-07-01 07:30:00,189.82,176.74,222.67,156.46,164.97
2016-07-01 08:00:00,231.15,209.46,288.37,227.33,209.03
2016-07-01 08:30:00,287.68,255.27,356.83,281.73,267.62
2016-07-01 09:00:00,192.54,165.71,314.77,172.47,181.65
2016-07-01 09:30:00,242.13,133.16,320.38,215.2,229.08
2016-07-01 10:00:00,134.16,100.95,299.95,124.74,133.89
2016-07-01 10:30:00,95.53,81.2,301.19,90.73,98.18
2016-07-01 11:00:00,257.71,196.92,359.86,244.52,261.97
2016-07-01 11:30:00,226.78,126.96,447.54,210.01,227.86
2016-07-01 12:00:00,115.46,98.44,484.24,109.29,117.13
2016-07-01 12:30:00,118.59,101.88,472.49,166.8,121.51
2016-07-01 13:00:00,238.3,205.03,433.59,227.6,244.65
2016-07-01 13:30:00,96.95,85.55,404.27,94.69,102.62
2016-07-01 14:00:00,76.24,68.94,381.96,75.15,81.47
2016-07-01 14:30:00,64.51,58.74,200.1,64.07,69.33
2016-07-01 15:00:00,85.61,78.57,134.1,85.35,91.4
2016-07-01 15:30:00,81.93,76.11,134.06,79.14,85.28
2016-07-01 16:00:00,91.91,88.14,146.92,86.55,93.54
2016-07-01 16:30:00,75.64,71.22,278.23,71.11,76.92
2016-07-01 17:00:00,93.77,88.05,145.34,86.05,92.39
2016-07-01 17:30:00,155.88,145.41,177.42,131.75,140.35
2016-07-01 18:00:00,299.73,272.76,320.75,246.32,261.4
2016-07-01 18:30:00,229.59,204.65,266.95,191.96,203.62
2016-07-01 19:00:00,174.51,157.94,203.83,139.53,147.6
2016-07-01 19:30:00,90.53,82.66,124.52,73.06,76.82
2016-07-01 20:00:00,96.87,88.47,122.45,74.57,78.84
2016-07-01 20:30:00,132.26,118.73,136.49,102.29,108.56
2016-07-01 21:00:00,113.45,99.28,126.47,89.41,95.42
2016-07-01 21:30:00,86.43,76.24,125.48,70.51,75.52
2016-07-01 22:00:00,77.06,68.79,122.49,63.53,68.37
2016-07-01 22:30:00,139.34,124.6,140.46,110.79,119.26
2016-07-01 23:00:00,142.74,128.87,147.87,96.65,113.22
2016-07-01 23:30:00,126.34,111.26,107.79,91.11,105.93
2016-07-02 00:00:00,92.87,80.15,133.39,75.64,84.53
2016-07-02 00:30:00,73.07,63.44,123.01,54.45,47.57
2016-07-02 01:00:00,72.83,62.85,124.16,56.59,53.43
2016-07-02 01:30:00,68.03,57.69,104.95,51.26,46.71
2016-07-02 02:00:00,50.79,43.63,62.05,32.71,22.27
2016-07-02 02:30:00,38.25,33.63,46.66,27.24,24.53
2016-07-02 03:00:00,60.34,51.05,86.4,29.43,20.98
2016-07-02 03:30:00,69.58,51.44,114.47,36.51,15.68
2016-07-02 04:00:00,63.81,52.83,50.88,15.75,30.68
2016-07-02 04:30:00,62.16,53.01,46.56,15.64,23.13
2016-07-02 05:00:00,58.72,50.7,46.47,22.81,30.03
2016-07-02 05:30:00,54.56,47.81,50.66,34.38,25.2
2016-07-02 06:00:00,34.75,31.86,35.72,24.82,25.92
2016-07-02 06:30:00,48.65,43.77,50.83,30.0,27.12
2016-07-02 07:00:00,60.75,55.02,63.1,37.71,25.35
2016-07-02 07:30:00,115.13,105.93,109.77,60.36,20.95
2016-07-02 08:00:00,202.99,177.12,210.6,161.37,167.8
2016-07-02 08:30:00,263.99,195.67,270.89,181.21,144.08
2016-07-02 09:00:00,294.25,161.26,300.3,242.85,266.87
2016-07-02 09:30:00,299.8,83.45,301.53,245.79,271.14
2016-07-02 10:00:00,263.19,44.52,278.36,219.85,242.71
2016-07-02 10:30:00,213.76,93.58,237.24,155.76,141.75
2016-07-02 11:00:00,77.21,57.86,112.35,64.95,72.04
2016-07-02 11:30:00,76.15,51.18,120.79,64.17,72.19
2016-07-02 12:00:00,64.31,39.31,117.5,44.4,44.68
2016-07-02 12:30:00,70.23,39.72,119.63,42.67,68.4
2016-07-02 13:00:00,57.41,42.5,95.77,50.55,56.14
2016-07-02 13:30:00,36.91,31.45,54.38,32.38,35.48
2016-07-02 14:00:00,35.79,30.77,49.06,30.96,34.37
2016-07-02 14:30:00,45.88,39.04,65.41,40.46,44.68
2016-07-02 15:00:00,51.72,44.02,77.26,45.69,50.28
2016-07-02 15:30:00,72.73,62.68,107.62,64.95,71.22
2016-07-02 16:00:00,81.73,72.03,122.81,73.71,80.71
2016-07-02 16:30:00,85.78,73.84,121.3,75.81,82.34
2016-07-02 17:00:00,135.2,116.42,156.99,119.31,127.64
2016-07-02 17:30:00,139.76,82.78,158.52,109.58,122.91
2016-07-02 18:00:00,299.67,257.44,289.91,238.17,255.37
2016-07-02 18:30:00,131.97,115.49,130.31,104.01,111.67
2016-07-02 19:00:00,108.68,96.4,124.55,85.74,92.2
2016-07-02 19:30:00,93.28,81.02,153.88,74.98,81.32
2016-07-02 20:00:00,110.17,92.87,132.88,67.02,83.25
2016-07-02 20:30:00,206.27,151.54,131.88,34.19,101.05
2016-07-02 21:00:00,140.52,122.68,124.55,63.49,93.54
2016-07-02 21:30:00,178.34,153.47,139.55,107.04,133.62
2016-07-02 22:00:00,111.33,95.63,124.62,87.63,96.2
2016-07-02 22:30:00,124.52,110.12,139.69,96.95,106.86
2016-07-02 23:00:00,226.4,204.19,164.71,77.78,132.32
2016-07-02 23:30:00,157.41,140.57,161.66,121.16,144.19
2016-07-03 00:00:00,66.14,58.85,85.43,40.62,64.85
2016-07-03 00:30:00,63.61,56.57,132.14,34.12,44.02
2016-07-03 01:00:00,58.6,52.09,135.97,38.52,27.38
2016-07-03 01:30:00,45.77,40.65,86.95,31.72,25.2
2016-07-03 02:00:00,40.81,36.4,124.99,28.99,24.7
2016-07-03 02:30:00,46.23,40.45,106.22,31.77,25.39
2016-07-03 03:00:00,60.46,52.11,117.14,38.03,25.03
2016-07-03 03:30:00,48.86,43.78,111.72,30.77,22.88
2016-07-03 04:00:00,35.46,32.5,70.37,22.66,18.62
2016-07-03 04:30:00,30.82,28.97,79.99,23.29,25.2
2016-07-03 05:00:00,34.52,32.87,68.01,25.44,25.2
2016-07-03 05:30:00,30.89,30.6,63.57,23.94,25.2
2016-07-03 06:00:00,30.63,30.71,46.42,24.0,25.2
2016-07-03 06:30:00,32.26,32.12,57.62,24.62,25.2
2016-07-03 07:00:00,45.0,44.51,60.45,31.89,28.63
2016-07-03 07:30:00,55.31,53.16,67.12,34.63,23.93
2016-07-03 08:00:00,94.57,87.66,121.81,78.5,86.54
2016-07-03 08:30:00,181.47,163.3,210.61,167.7,167.22
2016-07-03 09:00:00,99.6,90.97,114.92,261.71,87.16
2016-07-03 09:30:00,86.02,76.07,101.53,76.13,78.41
2016-07-03 10:00:00,56.69,49.07,76.3,51.04,52.67
2016-07-03 10:30:00,44.36,38.86,55.83,41.44,42.64
2016-07-03 11:00:00,73.16,62.55,92.27,71.14,73.17
2016-07-03 11:30:00,92.62,58.12,106.08,88.87,89.73
2016-07-03 12:00:00,65.78,50.09,75.87,73.76,64.62
2016-07-03 12:30:00,69.98,46.91,80.58,69.91,70.81
2016-07-03 13:00:00,38.51,32.83,42.08,37.83,38.34
2016-07-03 13:30:00,41.88,35.46,47.8,42.09,42.72
2016-07-03 14:00:00,58.33,50.85,65.88,58.43,59.33
2016-07-03 14:30:00,52.65,45.64,61.39,53.71,54.59
2016-07-03 15:00:00,60.73,52.37,72.57,62.85,63.84
2016-07-03 15:30:00,62.76,54.89,75.02,64.19,65.22
2016-07-03 16:00:00,73.88,66.16,90.29,76.58,77.62
2016-07-03 16:30:00,85.39,78.67,100.59,84.67,85.7
2016-07-03 17:00:00,138.42,125.78,156.79,93.43,134.06
2016-07-03 17:30:00,100.38,93.72,123.96,30.92,92.73
2016-07-03 18:00:00,242.1,222.48,265.34,176.27,213.56
2016-07-03 18:30:00,193.3,177.52,233.2,171.66,173.02
2016-07-03 19:00:00,103.65,96.12,160.53,89.61,92.02
2016-07-03 19:30:00,96.22,87.49,141.7,98.31,85.16
2016-07-03 20:00:00,99.78,90.67,122.55,87.85,88.37
2016-07-03 20:30:00,123.28,110.86,132.08,107.1,107.74
2016-07-03 21:00:00,86.27,78.51,104.55,74.79,76.12
2016-07-03 21:30:00,115.46,105.03,123.25,100.8,99.85
2016-07-03 22:00:00,85.23,75.53,95.59,78.7,79.19
2016-07-03 22:30:00,72.25,67.15,75.14,63.02,56.29
2016-07-03 23:00:00,65.11,59.9,69.79,52.39,24.52
2016-07-03 23:30:00,68.84,61.18,67.14,60.49,53.0
2016-07-04 00:00:00,61.05,53.05,127.0,39.11,28.2
2016-07-04 00:30:00,53.41,47.71,106.14,43.51,35.48
2016-07-04 01:00:00,39.73,35.42,75.25,37.11,35.41
2016-07-04 01:30:00,29.04,26.59,41.98,26.49,25.76
2016-07-04 02:00:00,30.29,27.97,42.63,26.29,25.23
2016-07-04 02:30:00,31.41,29.19,32.03,26.97,25.2
2016-07-04 03:00:00,31.11,29.59,29.07,25.9,24.68
2016-07-04 03:30:00,29.35,28.5,20.35,18.05,21.23
2016-07-04 04:00:00,28.64,27.92,14.8,12.89,18.04
2016-07-04 04:30:00,29.78,29.11,12.97,11.28,17.58
2016-07-04 05:00:00,30.95,29.97,21.79,20.04,22.91
2016-07-04 05:30:00,41.67,39.71,32.85,30.52,32.87
2016-07-04 06:00:00,48.61,45.35,31.88,29.64,29.97
2016-07-04 06:30:00,104.36,96.14,85.61,81.36,36.96
2016-07-04 07:00:00,236.51,217.12,133.09,114.03,148.35
2016-07-04 07:30:00,207.88,199.86,236.25,120.21,158.1
2016-07-04 08:00:00,299.04,286.89,365.54,232.62,260.3
2016-07-04 08:30:00,301.54,289.06,400.23,259.53,259.27
2016-07-04 09:00:00,299.8,281.26,374.06,198.31,255.18
2016-07-04 09:30:00,296.5,270.54,428.2,260.97,264.88
2016-07-04 10:00:00,161.4,146.25,368.03,134.47,137.1
2016-07-04 10:30:00,229.88,205.66,382.38,156.41,194.88
2016-07-04 11:00:00,138.45,121.99,351.86,110.67,118.28
2016-07-04 11:30:00,142.06,125.81,333.49,97.65,126.42
2016-07-04 12:00:00,100.98,87.22,340.82,91.54,96.09
2016-07-04 12:30:00,163.33,142.4,299.99,127.0,152.78
2016-07-04 13:00:00,177.83,154.45,299.99,121.95,168.8
2016-07-04 13:30:00,152.27,133.04,316.35,86.11,147.43
2016-07-04 14:00:00,179.99,157.07,317.38,66.69,175.56
2016-07-04 14:30:00,154.07,140.08,300.08,77.4,147.27
2016-07-04 15:00:00,165.22,151.44,299.99,77.45,157.78
2016-07-04 15:30:00,138.33,128.79,299.99,67.68,130.84
2016-07-04 16:00:00,139.88,133.69,308.41,56.39,130.19
2016-07-04 16:30:00,129.49,125.63,308.41,93.41,121.76
2016-07-04 17:00:00,117.49,112.46,172.82,52.54,107.65
2016-07-04 17:30:00,175.93,158.42,205.27,140.78,160.02
2016-07-04 18:00:00,194.72,169.54,256.26,131.78,183.63
2016-07-04 18:30:00,203.52,164.26,293.29,145.51,193.94
2016-07-04 19:00:00,156.08,139.05,231.46,111.52,142.38
2016-07-04 19:30:00,104.34,96.34,160.16,88.06,91.04
2016-07-04 20:00:00,160.42,148.87,229.65,125.98,133.03
2016-07-04 20:30:00,125.51,116.25,207.32,97.06,102.77
2016-07-04 21:00:00,122.19,111.56,160.49,99.76,105.08
2016-07-04 21:30:00,146.87,136.67,191.45,116.91,123.6
2016-07-04 22:00:00,53.98,49.7,160.49,52.27,47.22
2016-07-04 22:30:00,188.89,176.45,203.65,153.09,165.98
2016-07-04 23:00:00,124.38,117.72,161.98,100.04,109.19
2016-07-04 23:30:00,153.73,142.06,135.17,120.19,132.24
2016-07-05 00:00:00,103.02,91.33,97.13,87.41,93.94
2016-07-05 00:30:00,63.96,56.29,76.96,56.18,60.13
2016-07-05 01:00:00,55.75,49.46,65.47,49.76,53.09
2016-07-05 01:30:00,50.08,44.92,52.66,44.41,46.91
2016-07-05 02:00:00,49.84,43.9,50.28,43.32,45.83
2016-07-05 02:30:00,52.28,47.8,47.23,42.48,43.41
2016-07-05 03:00:00,48.17,44.54,43.29,40.22,42.72
2016-07-05 03:30:00,44.48,42.68,35.71,31.75,31.15
2016-07-05 04:00:00,41.21,39.66,29.27,28.33,32.53
2016-07-05 04:30:00,38.32,36.84,29.14,30.51,32.6
2016-07-05 05:00:00,51.69,48.92,45.1,43.63,46.55
2016-07-05 05:30:00,64.8,59.86,58.39,59.28,63.7
2016-07-05 06:00:00,79.31,71.2,73.9,76.79,82.25
2016-07-05 06:30:00,209.08,182.35,139.74,197.46,215.43
2016-07-05 07:00:00,238.02,206.76,205.79,211.92,232.41
2016-07-05 07:30:00,170.97,154.88,177.6,148.01,159.91
2016-07-05 08:00:00,219.7,202.46,263.02,188.81,204.45
2016-07-05 08:30:00,299.77,279.3,379.16,257.55,280.06
2016-07-05 09:00:00,299.8,279.81,375.56,261.77,284.65
2016-07-05 09:30:00,305.07,276.63,403.07,283.55,310.77
2016-07-05 10:00:00,307.38,273.77,468.61,332.77,360.06
2016-07-05 10:30:00,299.77,263.72,408.01,289.02,312.68
2016-07-05 11:00:00,297.62,258.84,408.23,280.49,306.68
2016-07-05 11:30:00,109.6,88.2,187.92,104.67,113.33
2016-07-05 12:00:00,255.25,227.56,317.98,245.74,266.44
2016-07-05 12:30:00,205.59,180.36,262.6,207.57,225.13
2016-07-05 13:00:00,233.87,215.74,319.75,236.2,257.16
2016-07-05 13:30:00,255.85,239.2,318.88,257.29,280.67
2016-07-05 14:00:00,149.27,138.2,194.83,149.09,164.39
2016-07-05 14:30:00,201.25,185.17,233.63,201.89,219.1
2016-07-05 15:00:00,210.4,196.06,232.96,207.75,225.72
2016-07-05 15:30:00,102.64,95.95,123.13,102.67,110.68
2016-07-05 16:00:00,105.79,98.04,131.31,105.78,114.34
2016-07-05 16:30:00,100.65,94.82,140.44,100.13,108.26
2016-07-05 17:00:00,109.21,102.93,159.62,106.33,116.18
2016-07-05 17:30:00,133.6,125.59,218.03,120.57,130.88
2016-07-05 18:00:00,148.26,141.03,416.81,124.88,136.11
2016-07-05 18:30:00,115.13,109.44,473.07,98.55,105.35
2016-07-05 19:00:00,105.33,100.78,345.31,88.16,93.13
2016-07-05 19:30:00,80.76,76.59,333.43,67.12,70.55
2016-07-05 20:00:00,92.88,89.96,308.55,76.41,81.07
2016-07-05 20:30:00,111.35,107.12,490.1,92.06,97.85
2016-07-05 21:00:00,71.55,66.87,404.67,58.03,62.09
2016-07-05 21:30:00,58.04,55.3,490.73,47.37,50.81
2016-07-05 22:00:00,39.08,38.66,435.08,31.03,33.37
2016-07-05 22:30:00,130.41,123.32,257.04,105.83,117.08
2016-07-05 23:00:00,66.0,61.82,142.82,56.92,62.56
2016-07-05 23:30:00,84.14,78.23,140.47,69.1,76.8
2016-07-06 00:00:00,68.85,65.54,450.1,22.52,24.76
2016-07-06 00:30:00,55.69,53.75,368.02,19.2,21.04
2016-07-06 01:00:00,58.26,58.15,238.65,40.66,44.78
2016-07-06 01:30:00,39.94,40.14,142.49,34.12,37.64
2016-07-06 02:00:00,38.37,39.09,111.96,32.62,36.0
2016-07-06 02:30:00,33.42,33.83,73.96,27.57,30.49
2016-07-06 03:00:00,30.74,31.07,80.13,24.79,27.42
2016-07-06 03:30:00,30.59,30.88,45.75,24.69,27.41
2016-07-06 04:00:00,30.07,30.6,81.68,24.33,26.93
2016-07-06 04:30:00,29.94,30.82,98.56,24.31,26.8
2016-07-06 05:00:00,28.72,30.59,177.99,23.59,25.91
2016-07-06 05:30:00,42.61,47.55,299.99,36.01,39.38
2016-07-06 06:00:00,48.26,51.32,2490.65,42.88,46.5
2016-07-06 06:30:00,82.6,76.61,411.38,80.49,87.09
2016-07-06 07:00:00,244.01,220.1,495.76,230.28,255.85
2016-07-06 07:30:00,47.06,46.25,498.06,42.2,45.51
2016-07-06 08:00:00,85.77,80.16,496.65,79.64,84.94
2016-07-06 08:30:00,115.35,105.96,349.99,109.81,116.93
2016-07-06 09:00:00,98.22,88.03,349.99,96.42,102.2
2016-07-06 09:30:00,109.45,96.89,349.99,104.96,112.24
2016-07-06 10:00:00,81.65,73.73,349.99,79.74,84.32
2016-07-06 10:30:00,103.77,91.6,349.99,103.17,109.73
2016-07-06 11:00:00,100.39,88.9,316.91,99.35,105.92
2016-07-06 11:30:00,77.6,70.94,349.99,81.93,87.05
2016-07-06 12:00:00,66.58,61.52,393.27,70.44,74.92
2016-07-06 12:30:00,69.46,64.09,365.18,72.86,77.79
2016-07-06 13:00:00,51.82,48.14,2064.99,53.45,57.05
2016-07-06 13:30:00,67.61,62.64,237.58,69.91,75.45
2016-07-06 14:00:00,79.58,73.57,365.0,67.76,88.72
2016-07-06 14:30:00,90.85,83.05,299.99,91.52,100.42
2016-07-06 15:00:00,117.66,107.26,325.25,115.65,128.13
2016-07-06 15:30:00,157.2,144.66,464.4,153.73,171.86
2016-07-06 16:00:00,178.88,162.55,436.15,172.66,202.97
2016-07-06 16:30:00,93.41,86.74,522.77,92.91,104.49
2016-07-06 17:00:00,81.55,77.76,2374.75,79.14,86.98
2016-07-06 17:30:00,228.61,215.05,2139.3,212.22,234.12
2016-07-06 18:00:00,303.23,292.61,448.28,270.62,299.9
2016-07-06 18:30:00,299.0,282.75,2229.44,270.81,299.73
2016-07-06 19:00:00,244.19,234.6,474.29,212.72,235.41
2016-07-06 19:30:00,178.72,171.05,408.08,142.79,155.82
2016-07-06 20:00:00,265.01,247.9,443.58,218.59,238.37
2016-07-06 20:30:00,196.32,182.46,455.23,154.25,167.92
2016-07-06 21:00:00,162.84,150.9,435.32,134.93,144.89
2016-07-06 21:30:00,126.44,119.88,381.68,101.31,109.05
2016-07-06 22:00:00,84.21,80.76,390.28,72.25,77.31
2016-07-06 22:30:00,280.24,260.44,420.51,234.01,258.12
2016-07-06 23:00:00,182.59,168.09,329.53,153.93,176.31
2016-07-06 23:30:00,100.53,92.12,94.69,90.81,100.46
2016-07-07 00:00:00,108.77,97.53,151.52,100.03,114.26
2016-07-07 00:30:00,111.0,98.53,265.16,106.3,119.65
2016-07-07 01:00:00,98.76,86.48,308.32,95.59,105.62
2016-07-07 01:30:00,87.46,76.42,253.65,84.85,92.18
2016-07-07 02:00:00,69.22,61.74,277.82,66.35,71.08
2016-07-07 02:30:00,64.42,58.88,207.32,59.9,64.42
2016-07-07 03:00:00,65.54,61.02,160.98,60.12,64.63
2016-07-07 03:30:00,70.03,64.97,160.98,65.35,69.86
2016-07-07 04:00:00,66.27,61.61,160.98,61.67,65.92
2016-07-07 04:30:00,58.15,55.05,184.15,54.18,57.98
2016-07-07 05:00:00,59.9,57.38,207.32,56.75,60.45
2016-07-07 05:30:00,81.29,79.61,142.78,78.92,83.99
2016-07-07 06:00:00,148.88,143.26,255.13,145.9,157.03
2016-07-07 06:30:00,215.54,196.42,425.09,213.36,231.14
2016-07-07 07:00:00,294.88,272.15,481.12,271.55,296.53
2016-07-07 07:30:00,141.98,136.28,299.99,132.0,143.86
2016-07-07 08:00:00,201.55,186.28,356.04,190.55,205.62
2016-07-07 08:30:00,281.96,251.07,433.66,266.9,288.5
2016-07-07 09:00:00,168.97,148.39,1916.92,163.91,176.77
2016-07-07 09:30:00,279.08,207.45,1818.99,275.54,299.88
2016-07-07 10:00:00,282.46,57.32,424.07,272.32,299.68
2016-07-07 10:30:00,193.87,144.32,342.36,185.05,202.6
2016-07-07 11:00:00,167.91,146.54,299.99,158.51,170.9
2016-07-07 11:30:00,168.96,146.85,299.99,156.11,169.52
2016-07-07 12:00:00,234.56,201.91,395.12,222.95,241.09
2016-07-07 12:30:00,156.16,132.19,467.68,152.1,164.73
2016-07-07 13:00:00,156.76,134.88,469.64,151.21,164.22
2016-07-07 13:30:00,166.48,143.56,2089.86,196.45,212.09
2016-07-07 14:00:00,66.61,58.32,1963.94,171.01,184.92
2016-07-07 14:30:00,172.62,151.08,2450.46,200.49,216.43
2016-07-07 15:00:00,179.3,158.09,1940.9,177.96,191.25
2016-07-07 15:30:00,275.94,249.46,407.16,268.39,290.25
2016-07-07 16:00:00,219.79,191.46,2145.9,218.34,235.79
2016-07-07 16:30:00,131.38,114.43,1901.42,128.18,137.38
2016-07-07 17:00:00,237.55,206.64,2036.19,231.93,246.3
2016-07-07 17:30:00,121.91,109.33,1960.53,116.37,122.65
2016-07-07 18:00:00,221.7,198.44,2086.58,209.02,224.49
2016-07-07 18:30:00,155.81,139.92,2375.11,144.42,155.67
2016-07-07 19:00:00,147.43,135.81,2481.97,135.18,145.74
2016-07-07 19:30:00,129.08,118.62,8897.8,125.87,133.73
2016-07-07 20:00:00,99.66,92.67,3604.79,95.15,100.5
2016-07-07 20:30:00,155.73,142.58,1984.87,149.58,159.77
2016-07-07 21:00:00,154.89,138.82,3624.04,156.14,167.19
2016-07-07 21:30:00,120.01,107.78,3580.14,137.03,146.84
2016-07-07 22:00:00,48.42,44.42,1914.91,137.11,147.9
2016-07-07 22:30:00,179.36,164.35,551.91,287.41,313.76
2016-07-07 23:00:00,197.73,179.05,460.31,266.67,292.15
2016-07-07 23:30:00,174.05,153.99,180.86,170.33,186.83
2016-07-08 00:00:00,151.25,130.55,434.16,285.53,309.97
2016-07-08 00:30:00,103.89,88.88,349.81,185.69,203.79
2016-07-08 01:00:00,61.94,53.64,481.25,102.89,111.44
2016-07-08 01:30:00,98.38,85.81,508.89,123.44,133.49
2016-07-08 02:00:00,78.48,69.53,428.16,75.59,81.17
2016-07-08 02:30:00,61.65,56.01,476.53,59.75,64.02
2016-07-08 03:00:00,47.85,44.22,523.0,45.69,49.01
2016-07-08 03:30:00,32.65,31.38,495.1,30.32,32.46
2016-07-08 04:00:00,38.94,37.3,536.96,36.24,38.88
2016-07-08 04:30:00,31.58,30.59,439.41,29.62,31.71
2016-07-08 05:00:00,34.03,33.69,536.96,32.3,34.47
2016-07-08 05:30:00,56.6,55.63,523.0,54.91,58.22
2016-07-08 06:00:00,46.35,44.92,453.37,63.77,66.92
2016-07-08 06:30:00,79.79,75.72,594.18,225.44,244.59
2016-07-08 07:00:00,47.48,45.15,549.5,249.74,271.77
2016-07-08 07:30:00,83.87,82.14,2513.39,83.15,85.31
2016-07-08 08:00:00,91.4,88.84,2061.15,98.0,95.95
2016-07-08 08:30:00,196.79,185.18,2061.54,197.87,205.35
2016-07-08 09:00:00,147.41,138.95,299.99,148.38,156.53
2016-07-08 09:30:00,143.95,132.85,355.63,205.34,213.99
2016-07-08 10:00:00,216.3,187.98,438.72,268.95,284.14
2016-07-08 10:30:00,145.01,124.01,336.25,199.27,210.28
2016-07-08 11:00:00,143.63,126.55,304.92,213.52,143.64
2016-07-08 11:30:00,76.06,68.66,230.49,223.14,77.25
2016-07-08 12:00:00,67.34,60.34,253.69,65.93,69.57
2016-07-08 12:30:00,67.63,60.64,425.33,66.32,70.37
2016-07-08 13:00:00,62.84,56.58,440.05,61.67,65.1
2016-07-08 13:30:00,77.2,69.03,454.75,77.21,80.95
2016-07-08 14:00:00,73.41,65.03,421.63,155.64,164.61
2016-07-08 14:30:00,109.8,98.94,277.99,133.16,142.31
2016-07-08 15:00:00,52.42,50.06,230.49,47.85,51.72
2016-07-08 15:30:00,50.36,49.27,299.99,47.62,51.03
2016-07-08 16:00:00,47.75,47.32,253.65,45.12,48.1
2016-07-08 16:30:00,62.35,61.01,276.82,59.86,63.49
2016-07-08 17:00:00,71.0,70.04,336.85,67.29,70.56
2016-07-08 17:30:00,71.77,70.5,356.65,100.4,70.6
2016-07-08 18:00:00,94.61,91.82,2531.06,98.55,95.46
2016-07-08 18:30:00,67.72,65.37,2446.95,102.64,69.57
2016-07-08 19:00:00,66.45,64.8,1971.06,80.17,69.22
2016-07-08 19:30:00,77.08,75.76,1960.2,107.29,79.81
2016-07-08 20:00:00,94.76,90.89,402.84,98.92,96.42
2016-07-08 20:30:00,211.9,200.43,402.82,197.95,211.7
2016-07-08 21:00:00,113.09,104.68,407.85,143.08,152.88
2016-07-08 21:30:00,54.32,51.44,369.67,84.2,89.46
2016-07-08 22:00:00,41.31,39.79,316.66,38.98,41.71
2016-07-08 22:30:00,143.05,134.95,270.04,131.12,141.57
2016-07-08 23:00:00,90.91,85.51,299.99,84.89,91.74
2016-07-08 23:30:00,88.46,83.4,99.76,83.98,90.99
2016-07-09 00:00:00,78.45,71.75,2403.45,74.83,81.38
2016-07-09 00:30:00,58.43,53.33,257.07,91.97,99.07
2016-07-09 01:00:00,46.06,41.92,163.78,82.06,88.68
2016-07-09 01:30:00,44.18,40.13,141.25,68.32,73.75
2016-07-09 02:00:00,51.18,47.32,136.87,52.71,56.11
2016-07-09 02:30:00,37.54,35.18,160.82,35.46,37.68
2016-07-09 03:00:00,34.31,32.4,134.49,32.09,34.0
2016-07-09 03:30:00,39.93,37.53,129.16,38.21,40.39
2016-07-09 04:00:00,31.62,30.11,121.66,30.04,31.77
2016-07-09 04:30:00,32.93,31.05,113.75,31.34,33.17
2016-07-09 05:00:00,42.44,39.17,122.84,52.95,56.03
2016-07-09 05:30:00,39.11,36.39,146.99,77.54,81.93
2016-07-09 06:00:00,34.47,31.61,160.65,85.88,91.72
2016-07-09 06:30:00,41.42,37.39,164.2,98.94,105.71
2016-07-09 07:00:00,40.17,36.68,152.95,104.65,111.91
2016-07-09 07:30:00,47.58,43.07,152.29,94.47,99.92
2016-07-09 08:00:00,69.79,61.57,273.93,182.12,190.76
2016-07-09 08:30:00,61.95,53.9,452.11,323.62,309.07
2016-07-09 09:00:00,63.09,54.87,501.46,303.57,318.64
2016-07-09 09:30:00,85.88,73.82,437.93,344.02,289.71
2016-07-09 10:00:00,60.96,51.94,371.57,218.6,230.42
2016-07-09 10:30:00,60.96,50.91,301.24,179.91,190.06
2016-07-09 11:00:00,54.24,45.97,197.45,128.38,135.12
2016-07-09 11:30:00,41.86,35.75,175.18,114.24,120.96
2016-07-09 12:00:00,44.83,37.87,169.7,119.04,125.83
2016-07-09 12:30:00,41.96,35.58,132.32,99.46,103.98
2016-07-09 13:00:00,41.96,35.78,64.03,55.19,53.18
2016-07-09 13:30:00,45.22,38.39,53.24,44.32,46.63
2016-07-09 14:00:00,43.54,36.97,99.09,68.88,72.65
2016-07-09 14:30:00,47.23,40.29,86.18,64.06,57.8
2016-07-09 15:00:00,51.19,45.01,84.59,56.42,59.68
2016-07-09 15:30:00,57.73,51.46,81.42,55.09,58.42
2016-07-09 16:00:00,56.95,51.79,81.85,54.97,58.16
2016-07-09 16:30:00,64.6,59.24,136.36,78.25,82.53
2016-07-09 17:00:00,84.91,76.37,153.1,96.22,97.47
2016-07-09 17:30:00,98.66,88.01,160.98,274.03,99.9
2016-07-09 18:00:00,136.09,122.95,241.0,361.95,138.13
2016-07-09 18:30:00,92.58,83.42,300.99,361.95,101.45
2016-07-09 19:00:00,96.47,87.95,254.32,230.25,110.14
2016-07-09 19:30:00,75.38,69.94,160.98,98.14,97.6
2016-07-09 20:00:00,78.19,73.81,160.65,98.14,88.41
2016-07-09 20:30:00,72.4,69.08,142.49,98.38,74.14
2016-07-09 21:00:00,100.15,90.73,151.25,106.64,106.92
2016-07-09 21:30:00,113.76,104.78,149.21,112.52,118.01
2016-07-09 22:00:00,65.7,62.06,102.75,67.72,70.96
2016-07-09 22:30:00,74.18,70.32,110.3,72.76,76.56
2016-07-09 23:00:00,62.79,60.03,86.12,61.66,65.11
2016-07-09 23:30:00,64.47,60.47,52.38,62.34,66.37
2016-07-10 00:00:00,55.52,50.51,76.94,71.87,76.76
2016-07-10 00:30:00,41.47,37.98,47.35,39.04,41.76
2016-07-10 01:00:00,38.27,35.32,51.71,35.96,38.16
2016-07-10 01:30:00,34.77,31.82,41.3,31.63,33.63
2016-07-10 02:00:00,30.94,27.94,29.2,26.83,28.6
2016-07-10 02:30:00,29.09,26.0,25.4,24.55,26.08
2016-07-10 03:00:00,28.01,25.39,22.68,22.07,21.85
2016-07-10 03:30:00,24.95,22.77,18.92,18.13,16.15
2016-07-10 04:00:00,26.14,23.5,20.35,16.69,12.29
2016-07-10 04:30:00,20.82,18.56,13.33,16.93,17.68
2016-07-10 05:00:00,19.69,17.55,14.37,13.89,11.21
2016-07-10 05:30:00,26.21,23.46,21.19,16.38,10.5
2016-07-10 06:00:00,26.3,23.78,21.52,16.57,10.5
2016-07-10 06:30:00,26.16,22.71,20.97,18.51,15.35
2016-07-10 07:00:00,29.56,25.74,24.04,20.14,16.2
2016-07-10 07:30:00,30.85,27.42,25.6,21.25,15.25
2016-07-10 08:00:00,32.28,28.5,28.36,21.6,16.2
2016-07-10 08:30:00,36.86,32.34,39.12,78.5,18.41
2016-07-10 09:00:00,38.45,33.29,45.71,294.59,32.68
2016-07-10 09:30:00,41.96,36.76,61.43,166.95,40.16
2016-07-10 10:00:00,46.06,40.43,76.43,42.97,45.06
2016-07-10 10:30:00,40.92,35.84,77.81,38.18,40.06
2016-07-10 11:00:00,38.41,33.53,117.49,35.97,37.84
2016-07-10 11:30:00,36.96,31.91,87.49,34.73,36.67
2016-07-10 12:00:00,36.61,31.22,87.49,34.37,36.67
2016-07-10 12:30:00,36.28,31.02,109.99,34.13,36.37
2016-07-10 13:00:00,35.17,30.6,94.99,33.01,35.17
2016-07-10 13:30:00,35.26,30.6,77.31,33.64,35.82
2016-07-10 14:00:00,31.49,27.53,48.24,28.76,30.71
2016-07-10 14:30:00,32.73,29.02,46.76,29.49,31.55
2016-07-10 15:00:00,33.75,30.34,36.01,30.03,32.0
2016-07-10 15:30:00,36.17,32.75,36.73,31.85,33.89
2016-07-10 16:00:00,38.79,35.93,37.3,33.55,35.48
2016-07-10 16:30:00,46.04,43.52,48.3,40.62,42.65
2016-07-10 17:00:00,62.02,59.33,72.22,75.5,58.02
2016-07-10 17:30:00,65.93,63.12,94.72,102.56,63.12
2016-07-10 18:00:00,71.78,68.39,105.33,104.34,69.32
2016-07-10 18:30:00,71.77,68.65,123.24,96.41,69.22
2016-07-10 19:00:00,62.43,60.05,130.99,56.09,59.31
2016-07-10 19:30:00,59.5,57.2,130.99,53.81,56.88
2016-07-10 20:00:00,51.92,49.65,124.99,45.79,48.68
2016-07-10 20:30:00,58.7,55.52,124.99,50.57,54.15
2016-07-10 21:00:00,51.61,50.49,124.99,42.55,46.01
2016-07-10 21:30:00,38.86,38.5,160.98,33.28,36.06
2016-07-10 22:00:00,43.29,41.47,124.99,4.36,17.3
2016-07-10 22:30:00,36.21,35.04,55.62,10.1,20.95
2016-07-10 23:00:00,30.28,29.09,39.51,13.68,20.15
2016-07-10 23:30:00,31.95,29.96,35.0,13.69,20.43
2016-07-11 00:00:00,29.15,26.68,187.79,7.81,8.47
2016-07-11 00:30:00,28.19,25.82,199.61,6.0,6.52
2016-07-11 01:00:00,24.27,22.59,142.99,8.41,9.18
2016-07-11 01:30:00,25.58,22.84,86.66,9.25,12.51
2016-07-11 02:00:00,25.49,22.47,36.85,7.85,13.9
2016-07-11 02:30:00,20.6,18.14,14.62,8.0,12.85
2016-07-11 03:00:00,10.62,9.74,9.49,8.44,9.19
2016-07-11 03:30:00,9.22,8.7,6.93,5.7,6.98
2016-07-11 04:00:00,4.56,4.37,2.44,1.34,2.57
2016-07-11 04:30:00,18.37,17.63,6.74,-0.7,6.78
2016-07-11 05:00:00,25.68,24.35,10.68,2.5,11.48
2016-07-11 05:30:00,28.5,27.04,12.9,6.19,14.8
2016-07-11 06:00:00,29.17,27.49,17.48,9.35,14.81
2016-07-11 06:30:00,33.05,32.83,27.61,16.78,16.96
2016-07-11 07:00:00,45.1,45.74,40.18,22.76,32.69
2016-07-11 07:30:00,47.55,50.11,59.09,81.2,44.37
2016-07-11 08:00:00,73.97,75.04,123.6,204.02,78.04
2016-07-11 08:30:00,101.08,101.61,158.11,96.1,97.62
2016-07-11 09:00:00,63.56,61.93,160.98,54.25,57.55
2016-07-11 09:30:00,74.01,71.21,160.98,61.85,65.73
2016-07-11 10:00:00,62.39,59.68,160.98,23.46,48.05
2016-07-11 10:30:00,76.11,74.54,148.98,16.6,57.3
2016-07-11 11:00:00,78.84,79.12,124.66,10.47,59.31
2016-07-11 11:30:00,64.64,64.29,124.66,9.16,49.36
2016-07-11 12:00:00,55.26,55.13,55.7,6.33,41.74
2016-07-11 12:30:00,52.16,51.64,45.13,7.82,40.0
2016-07-11 13:00:00,50.79,49.89,46.79,13.66,41.13
2016-07-11 13:30:00,58.12,58.21,50.54,8.87,45.96
2016-07-11 14:00:00,50.61,51.7,43.27,9.01,39.88
2016-07-11 14:30:00,58.62,59.36,43.82,12.68,46.51
2016-07-11 15:00:00,58.68,59.23,42.48,10.05,45.81
2016-07-11 15:30:00,47.46,47.91,37.62,14.69,38.62
2016-07-11 16:00:00,45.11,46.0,41.81,26.1,39.54
2016-07-11 16:30:00,46.18,46.64,57.51,40.42,43.3
2016-07-11 17:00:00,53.9,53.64,124.66,45.8,48.82
2016-07-11 17:30:00,76.09,72.09,154.98,64.56,68.3
2016-07-11 18:00:00,109.66,102.82,327.11,92.19,97.83
2016-07-11 18:30:00,104.34,94.09,385.01,93.29,99.13
2016-07-11 19:00:00,103.34,93.59,277.66,93.62,99.83
2016-07-11 19:30:00,79.65,70.58,160.98,72.31,77.43
2016-07-11 20:00:00,70.9,63.26,160.98,62.83,67.51
2016-07-11 20:30:00,72.5,67.99,160.98,63.12,67.91
2016-07-11 21:00:00,49.76,48.51,160.98,41.92,45.4
2016-07-11 21:30:00,44.98,45.56,160.98,38.22,41.39
2016-07-11 22:00:00,35.45,35.83,130.99,30.19,32.25
2016-07-11 22:30:00,46.51,45.87,124.66,36.79,40.94
2016-07-11 23:00:00,34.58,34.76,136.99,10.48,15.11
2016-07-11 23:30:00,31.5,30.92,12.39,9.99,18.81
2016-07-12 00:00:00,81.37,75.06,2324.03,-34.44,-196.93
2016-07-12 00:30:00,74.03,65.46,94.78,-35.58,-94.15
2016-07-12 01:00:00,29.26,26.05,136.65,-3.09,2.86
2016-07-12 01:30:00,26.6,23.25,52.49,16.59,19.92
2016-07-12 02:00:00,29.36,24.7,90.12,9.04,13.96
2016-07-12 02:30:00,25.71,22.59,51.4,6.47,12.43
2016-07-12 03:00:00,26.34,23.56,15.28,6.7,14.34
2016-07-12 03:30:00,26.39,23.71,14.95,4.02,12.82
2016-07-12 04:00:00,21.04,19.05,11.49,4.73,11.09
2016-07-12 04:30:00,21.22,19.37,10.66,3.46,10.42
2016-07-12 05:00:00,24.83,22.71,32.43,3.7,11.24
2016-07-12 05:30:00,24.89,23.23,35.66,10.31,15.28
2016-07-12 06:00:00,26.86,25.85,15.93,7.2,15.04
2016-07-12 06:30:00,28.29,27.69,32.96,23.09,25.53
2016-07-12 07:00:00,44.18,43.63,93.85,42.35,45.31
2016-07-12 07:30:00,46.2,48.09,142.65,43.55,46.24
2016-07-12 08:00:00,72.61,73.42,184.32,69.37,73.08
2016-07-12 08:30:00,90.78,91.08,210.56,84.09,87.96
2016-07-12 09:00:00,56.98,57.02,2495.79,1695.07,54.8
2016-07-12 09:30:00,58.8,59.16,102.38,339.15,56.8
2016-07-12 10:00:00,45.92,47.72,166.37,238.36,42.69
2016-07-12 10:30:00,38.66,40.39,145.19,-1.63,34.79
2016-07-12 11:00:00,37.93,39.53,184.37,84.03,33.99
2016-07-12 11:30:00,33.78,34.19,205.59,30.43,31.34
2016-07-12 12:00:00,32.23,32.19,2632.01,30.16,30.69
2016-07-12 12:30:00,30.18,29.61,136.38,28.11,28.9
2016-07-12 13:00:00,30.95,30.8,178.78,28.45,29.09
2016-07-12 13:30:00,30.78,30.49,228.11,28.66,29.0
2016-07-12 14:00:00,31.48,31.77,121.74,28.12,28.81
2016-07-12 14:30:00,35.55,36.85,183.65,31.76,32.25
2016-07-12 15:00:00,35.79,36.28,2815.68,32.68,32.85
2016-07-12 15:30:00,39.46,40.44,1964.58,12.86,37.02
2016-07-12 16:00:00,42.76,44.69,951.26,1.87,39.72
2016-07-12 16:30:00,52.94,56.06,125.39,17.91,50.11
2016-07-12 17:00:00,62.75,64.17,160.98,76.07,59.77
2016-07-12 17:30:00,91.06,88.09,160.98,112.31,89.37
2016-07-12 18:00:00,254.94,240.45,377.83,240.92,232.14
2016-07-12 18:30:00,299.8,281.72,2661.36,255.79,275.45
2016-07-12 19:00:00,202.46,189.49,231.06,178.72,188.79
2016-07-12 19:30:00,92.66,83.39,342.46,111.76,85.34
2016-07-12 20:00:00,76.52,68.13,301.96,78.68,69.12
2016-07-12 20:30:00,77.76,68.78,295.0,83.08,70.27
2016-07-12 21:00:00,56.21,51.86,207.32,602.95,49.64
2016-07-12 21:30:00,48.34,46.78,265.72,389.62,41.59
2016-07-12 22:00:00,39.14,38.21,160.82,216.82,30.28
2016-07-12 22:30:00,50.75,49.22,160.98,93.32,43.84
2016-07-12 23:00:00,45.7,44.25,172.15,36.91,41.06
2016-07-12 23:30:00,42.25,39.58,37.57,39.04,41.33
2016-07-13 00:00:00,44.13,39.53,248.78,23.82,21.75
2016-07-13 00:30:00,36.58,32.01,207.49,16.54,17.15
2016-07-13 01:00:00,32.52,28.42,154.98,18.06,19.04
2016-07-13 01:30:00,28.33,25.2,122.51,16.28,17.44
2016-07-13 02:00:00,28.67,25.24,84.09,18.58,20.41
2016-07-13 02:30:00,27.92,24.33,84.19,10.95,15.13
2016-07-13 03:00:00,26.82,23.7,25.2,13.8,18.9
2016-07-13 03:30:00,27.37,24.41,15.1,4.4,13.54
2016-07-13 04:00:00,26.29,23.56,20.45,10.9,16.88
2016-07-13 04:30:00,27.81,25.8,19.84,4.65,13.96
2016-07-13 05:00:00,25.3,24.08,26.33,12.0,17.39
2016-07-13 05:30:00,26.01,25.11,29.04,12.07,17.93
2016-07-13 06:00:00,28.43,27.4,84.41,19.43,22.62
2016-07-13 06:30:00,72.48,66.33,7068.49,42.53,12.75
2016-07-13 07:00:00,73.4,66.79,129.5,65.67,64.49
2016-07-13 07:30:00,91.02,84.46,214.82,91.98,87.39
2016-07-13 08:00:00,102.07,94.68,349.23,95.31,96.9
2016-07-13 08:30:00,103.64,94.89,342.41,96.31,101.13
2016-07-13 09:00:00,100.05,89.7,547.6,91.85,96.42
2016-07-13 09:30:00,98.02,86.2,1692.55,89.95,94.6
2016-07-13 10:00:00,95.79,81.67,1543.95,87.14,92.59
2016-07-13 10:30:00,87.15,76.66,899.52,78.11,82.86
2016-07-13 11:00:00,70.29,62.06,181.16,62.25,66.98
2016-07-13 11:30:00,54.19,48.8,99.79,48.92,53.12
2016-07-13 12:00:00,43.11,40.08,77.02,37.55,41.29
2016-07-13 12:30:00,37.09,34.73,54.22,32.1,34.66
2016-07-13 13:00:00,38.11,35.94,52.39,32.93,35.93
2016-07-13 13:30:00,40.5,38.12,63.48,35.99,38.89
2016-07-13 14:00:00,36.43,34.16,55.66,31.99,34.67
2016-07-13 14:30:00,36.58,34.95,48.59,31.5,34.15
2016-07-13 15:00:00,40.6,38.91,80.84,35.72,38.37
2016-07-13 15:30:00,34.97,33.21,49.29,31.32,33.58
2016-07-13 16:00:00,42.16,40.75,230.99,37.39,39.81
2016-07-13 16:30:00,52.74,51.61,153.41,46.88,49.68
2016-07-13 17:00:00,72.29,68.76,224.86,97.65,69.03
2016-07-13 17:30:00,85.16,80.08,272.51,254.45,80.86
2016-07-13 18:00:00,172.53,156.2,254.6,267.01,172.83
2016-07-13 18:30:00,207.93,187.37,417.55,207.12,209.93
2016-07-13 19:00:00,107.29,98.74,583.7,104.07,104.79
2016-07-13 19:30:00,100.86,90.89,564.05,94.77,98.52
2016-07-13 20:00:00,129.52,114.72,417.07,117.48,123.19
2016-07-13 20:30:00,234.37,202.97,443.88,199.66,212.26
2016-07-13 21:00:00,90.97,80.07,319.27,76.4,81.03
2016-07-13 21:30:00,96.24,85.61,447.49,80.82,84.94
2016-07-13 22:00:00,72.1,64.79,319.16,59.67,63.1
2016-07-13 22:30:00,77.66,70.7,254.32,67.66,72.71
2016-07-13 23:00:00,60.96,55.66,249.15,53.23,57.88
2016-07-13 23:30:00,47.06,43.35,37.94,30.21,39.32
2016-07-14 00:00:00,80.48,69.63,611.5,14.52,22.77
2016-07-14 00:30:00,50.04,42.57,250.79,3.15,22.94
2016-07-14 01:00:00,36.87,32.39,380.55,4.99,24.52
2016-07-14 01:30:00,30.78,26.45,355.66,9.2,29.39
2016-07-14 02:00:00,29.85,25.01,409.99,10.19,25.85
2016-07-14 02:30:00,28.89,24.42,424.84,6.58,23.52
2016-07-14 03:00:00,34.62,30.28,341.84,6.26,25.31
2016-07-14 03:30:00,28.77,25.44,326.99,11.0,23.82
2016-07-14 04:00:00,25.35,22.67,285.49,8.86,22.52
2016-07-14 04:30:00,26.15,23.67,160.32,12.75,22.97
2016-07-14 05:00:00,23.83,21.17,159.99,19.23,21.17
2016-07-14 05:30:00,26.37,22.94,154.32,21.99,24.05
2016-07-14 06:00:00,30.07,27.17,148.15,25.65,27.78
2016-07-14 06:30:00,39.08,36.96,96.5,34.77,37.0
2016-07-14 07:00:00,89.3,85.84,189.69,85.64,90.37
2016-07-14 07:30:00,106.75,105.74,201.38,241.69,101.7
2016-07-14 08:00:00,98.51,91.8,265.69,277.21,95.21
2016-07-14 08:30:00,94.53,83.23,319.68,91.01,94.65
2016-07-14 09:00:00,98.93,85.27,596.97,94.75,98.96
2016-07-14 09:30:00,79.59,71.41,802.12,73.87,77.74
2016-07-14 10:00:00,83.35,76.79,4905.67,76.29,80.96
2016-07-14 10:30:00,74.81,73.0,4734.7,67.34,71.76
2016-07-14 11:00:00,59.19,60.62,2332.41,53.42,56.82
2016-07-14 11:30:00,51.18,52.62,201.38,47.42,50.38
2016-07-14 12:00:00,36.9,37.61,300.99,34.2,36.27
2016-07-14 12:30:00,35.45,35.83,767.54,32.78,35.03
2016-07-14 13:00:00,34.8,35.45,254.32,31.86,34.27
2016-07-14 13:30:00,30.87,31.62,534.26,28.14,30.25
2016-07-14 14:00:00,30.31,30.85,417.63,28.17,30.27
2016-07-14 14:30:00,35.46,35.53,254.32,33.57,35.95
2016-07-14 15:00:00,31.52,31.51,293.36,29.74,31.7
2016-07-14 15:30:00,34.87,34.72,439.9,32.17,34.69
2016-07-14 16:00:00,32.81,33.38,176.84,29.72,32.0
2016-07-14 16:30:00,39.14,40.55,254.32,35.42,38.03
2016-07-14 17:00:00,53.03,56.14,300.99,48.85,51.86
2016-07-14 17:30:00,189.53,186.1,605.54,190.43,194.44
2016-07-14 18:00:00,235.34,220.63,769.97,233.39,246.38
2016-07-14 18:30:00,212.83,199.95,6917.55,204.48,217.43
2016-07-14 19:00:00,144.73,137.4,2462.83,135.76,143.86
2016-07-14 19:30:00,94.93,88.65,302.31,93.99,99.57
2016-07-14 20:00:00,206.31,194.11,344.59,188.9,201.07
2016-07-14 20:30:00,230.76,212.71,673.45,200.54,214.32
2016-07-14 21:00:00,98.75,88.53,555.17,88.71,94.35
2016-07-14 21:30:00,91.89,82.07,143.84,83.89,89.58
2016-07-14 22:00:00,74.3,69.42,132.72,66.29,71.55
2016-07-14 22:30:00,177.76,169.85,196.73,156.54,170.71
2016-07-14 23:00:00,72.22,69.07,118.29,67.1,73.85
2016-07-14 23:30:00,56.8,52.79,67.74,38.86,58.43
2016-07-15 00:00:00,50.64,45.15,73.14,38.82,54.46
2016-07-15 00:30:00,39.09,34.63,119.75,27.11,40.88
2016-07-15 01:00:00,31.31,27.4,129.16,11.44,31.89
2016-07-15 01:30:00,29.03,25.65,89.99,4.75,29.0
2016-07-15 02:00:00,27.35,24.87,95.39,4.7,26.13
2016-07-15 02:30:00,26.27,24.21,37.13,3.41,17.84
2016-07-15 03:00:00,26.75,24.73,35.95,2.71,16.23
2016-07-15 03:30:00,24.35,22.68,29.92,4.36,16.23
2016-07-15 04:00:00,22.23,20.82,25.06,3.56,15.62
2016-07-15 04:30:00,17.57,16.7,19.57,7.35,15.76
2016-07-15 05:00:00,19.72,18.22,20.95,8.08,15.36
2016-07-15 05:30:00,26.16,24.45,29.79,14.96,22.66
2016-07-15 06:00:00,27.87,25.81,31.64,19.7,26.52
2016-07-15 06:30:00,65.49,61.25,81.14,56.61,65.87
2016-07-15 07:00:00,128.37,114.92,166.95,121.98,134.0
2016-07-15 07:30:00,89.94,80.28,148.82,84.04,92.1
2016-07-15 08:00:00,97.6,86.85,160.49,92.66,100.51
2016-07-15 08:30:00,141.98,126.79,213.48,137.28,148.01
2016-07-15 09:00:00,94.64,84.76,162.15,92.66,100.51
2016-07-15 09:30:00,101.11,91.34,166.89,99.89,108.12
2016-07-15 10:00:00,94.82,89.12,160.98,93.36,101.87
2016-07-15 10:30:00,90.48,86.04,150.92,87.88,96.44
2016-07-15 11:00:00,83.73,80.81,142.76,78.82,87.83
2016-07-15 11:30:00,72.45,71.67,119.77,67.9,75.16
2016-07-15 12:00:00,68.67,69.19,108.51,63.28,70.16
2016-07-15 12:30:00,64.77,66.85,99.17,59.37,65.67
2016-07-15 13:00:00,53.16,55.52,76.43,48.92,53.95
2016-07-15 13:30:00,52.84,54.62,73.96,49.31,54.42
2016-07-15 14:00:00,59.08,61.62,86.57,55.46,60.95
2016-07-15 14:30:00,50.9,53.37,73.84,47.38,52.12
2016-07-15 15:00:00,55.08,58.0,81.55,50.54,56.09
2016-07-15 15:30:00,64.37,67.7,98.41,58.64,64.97
2016-07-15 16:00:00,65.24,68.82,104.5,58.83,65.25
2016-07-15 16:30:00,79.9,83.58,121.23,72.59,79.81
2016-07-15 17:00:00,99.76,98.69,155.51,93.31,102.21
2016-07-15 17:30:00,136.39,131.14,214.77,132.33,143.48
2016-07-15 18:00:00,207.4,194.28,262.17,196.64,211.91
2016-07-15 18:30:00,98.5,91.55,232.67,93.29,99.9
2016-07-15 19:00:00,99.78,93.2,300.99,93.01,99.9
2016-07-15 19:30:00,97.23,88.21,301.11,91.92,98.65
2016-07-15 20:00:00,103.01,91.97,300.99,92.89,99.9
2016-07-15 20:30:00,158.88,139.32,220.21,135.71,146.08
2016-07-15 21:00:00,100.57,88.92,300.99,86.37,92.92
2016-07-15 21:30:00,86.86,79.05,163.82,76.23,81.98
2016-07-15 22:00:00,76.39,70.87,160.82,66.37,71.9
2016-07-15 22:30:00,138.58,126.76,207.65,123.37,134.81
2016-07-15 23:00:00,98.73,90.6,184.32,89.14,97.86
2016-07-15 23:30:00,72.82,68.06,83.57,65.63,72.53
2016-07-16 00:00:00,140.13,131.19,167.04,127.69,141.4
2016-07-16 00:30:00,125.64,112.26,163.61,116.97,130.27
2016-07-16 01:00:00,62.16,55.34,96.8,53.26,63.76
2016-07-16 01:30:00,54.25,48.13,75.16,35.96,54.54
2016-07-16 02:00:00,40.0,35.64,59.2,25.67,39.05
2016-07-16 02:30:00,37.31,34.16,53.96,21.72,35.3
2016-07-16 03:00:00,37.23,34.82,56.78,19.93,35.08
2016-07-16 03:30:00,36.75,34.13,57.12,16.67,34.8
2016-07-16 04:00:00,36.51,33.78,50.11,13.59,29.85
2016-07-16 04:30:00,46.51,43.65,54.61,15.27,27.46
2016-07-16 05:00:00,40.93,38.76,50.41,20.51,29.43
2016-07-16 05:30:00,37.84,35.87,46.45,21.25,34.23
2016-07-16 06:00:00,54.49,51.82,65.64,41.09,46.39
2016-07-16 06:30:00,78.1,72.1,93.83,58.57,51.67
2016-07-16 07:00:00,78.56,71.12,100.23,74.8,82.86
2016-07-16 07:30:00,68.19,62.09,124.37,63.57,70.24
2016-07-16 08:00:00,103.3,94.31,299.99,94.95,103.45
2016-07-16 08:30:00,100.91,92.58,299.99,92.63,100.05
2016-07-16 09:00:00,100.29,93.52,300.45,92.57,99.9
2016-07-16 09:30:00,215.6,203.06,275.07,199.67,216.33
2016-07-16 10:00:00,76.06,72.77,299.99,72.02,77.85
2016-07-16 10:30:00,93.21,94.11,230.49,86.96,94.28
2016-07-16 11:00:00,71.78,74.9,160.82,65.15,70.56
2016-07-16 11:30:00,66.39,68.93,160.98,58.89,63.9
2016-07-16 12:00:00,62.97,65.03,160.98,54.94,59.96
2016-07-16 12:30:00,61.2,62.92,160.98,54.5,59.69
2016-07-16 13:00:00,52.89,55.39,154.82,46.66,51.14
2016-07-16 13:30:00,56.05,59.61,130.82,49.03,54.07
2016-07-16 14:00:00,55.92,59.81,160.65,49.2,53.92
2016-07-16 14:30:00,55.99,59.71,160.65,49.06,53.7
2016-07-16 15:00:00,53.88,57.58,160.98,47.51,51.96
2016-07-16 15:30:00,61.12,65.78,160.98,53.03,58.04
2016-07-16 16:00:00,82.06,88.38,184.15,73.05,79.87
2016-07-16 16:30:00,62.91,68.84,230.49,59.69,64.79
2016-07-16 17:00:00,74.04,78.4,346.46,71.93,77.08
2016-07-16 17:30:00,80.22,79.98,178.85,81.22,85.82
2016-07-16 18:00:00,104.09,100.13,1992.34,126.23,108.55
2016-07-16 18:30:00,98.0,94.44,362.0,98.15,102.66
2016-07-16 19:00:00,87.66,85.02,1910.47,89.25,93.18
2016-07-16 19:30:00,83.04,79.92,341.88,88.59,92.6
2016-07-16 20:00:00,88.74,83.64,335.53,95.37,100.41
2016-07-16 20:30:00,80.1,76.65,299.99,80.91,86.22
2016-07-16 21:00:00,67.16,65.03,184.34,66.06,71.26
2016-07-16 21:30:00,58.56,57.07,142.15,58.17,62.94
2016-07-16 22:00:00,49.15,47.04,87.61,47.56,51.6
2016-07-16 22:30:00,58.66,58.11,84.17,54.64,59.65
2016-07-16 23:00:00,53.47,53.38,81.94,49.69,54.71
2016-07-16 23:30:00,57.1,55.72,71.72,49.75,59.43
2016-07-17 00:00:00,47.05,44.72,108.93,41.44,50.12
2016-07-17 00:30:00,44.66,42.34,160.94,87.15,59.44
2016-07-17 01:00:00,35.49,33.89,154.98,33.81,36.72
2016-07-17 01:30:00,45.46,43.38,148.98,43.94,46.83
2016-07-17 02:00:00,52.73,50.71,124.99,50.33,52.71
2016-07-17 02:30:00,35.58,34.1,54.95,34.57,33.96
2016-07-17 03:00:00,30.64,29.44,38.67,28.12,28.08
2016-07-17 03:30:00,28.71,27.63,31.54,55.29,26.2
2016-07-17 04:00:00,28.67,28.18,28.02,25.26,25.9
2016-07-17 04:30:00,28.58,28.75,25.21,24.91,25.43
2016-07-17 05:00:00,27.58,27.89,24.08,23.74,24.28
2016-07-17 05:30:00,29.64,29.85,25.5,25.54,26.06
2016-07-17 06:00:00,31.19,30.9,30.13,27.63,28.07
2016-07-17 06:30:00,33.08,31.43,36.43,29.89,30.34
2016-07-17 07:00:00,34.97,32.37,46.98,33.36,33.63
2016-07-17 07:30:00,34.96,32.46,56.21,-21.21,34.0
2016-07-17 08:00:00,51.45,47.63,67.97,7.08,51.07
2016-07-17 08:30:00,79.33,72.95,119.47,74.72,81.52
2016-07-17 09:00:00,90.73,82.49,154.97,94.23,94.68
2016-07-17 09:30:00,74.59,68.94,160.98,77.76,77.58
2016-07-17 10:00:00,70.54,65.6,154.98,68.2,72.51
2016-07-17 10:30:00,73.0,70.22,127.62,53.78,73.55
2016-07-17 11:00:00,56.63,56.18,83.96,33.83,55.35
2016-07-17 11:30:00,40.05,40.43,39.81,-6.77,36.39
2016-07-17 12:00:00,38.45,38.03,40.33,34.62,34.89
2016-07-17 12:30:00,34.4,33.73,37.82,30.68,31.15
2016-07-17 13:00:00,30.58,30.33,56.44,27.86,28.34
2016-07-17 13:30:00,29.96,30.09,35.51,26.79,27.28
2016-07-17 14:00:00,29.96,29.97,44.09,27.61,28.07
2016-07-17 14:30:00,26.84,26.9,30.71,19.56,23.89
2016-07-17 15:00:00,29.98,30.51,44.31,25.19,27.14
2016-07-17 15:30:00,30.11,30.55,98.93,25.38,27.36
2016-07-17 16:00:00,36.84,36.73,124.99,31.34,33.66
2016-07-17 16:30:00,64.44,64.7,130.99,55.96,59.51
2016-07-17 17:00:00,69.21,69.2,130.99,64.77,67.99
2016-07-17 17:30:00,68.55,66.83,124.99,68.96,71.99
2016-07-17 18:00:00,91.38,91.28,154.65,90.24,94.33
2016-07-17 18:30:00,99.43,99.67,188.09,95.56,99.9
2016-07-17 19:00:00,80.77,81.6,148.33,77.11,80.67
2016-07-17 19:30:00,61.27,61.23,124.99,57.53,60.25
2016-07-17 20:00:00,55.69,55.34,97.7,51.28,54.02
2016-07-17 20:30:00,56.36,55.85,89.46,51.64,54.37
2016-07-17 21:00:00,70.9,67.78,121.13,63.2,66.4
2016-07-17 21:30:00,55.72,54.46,98.24,48.5,51.12
2016-07-17 22:00:00,35.88,35.12,45.0,29.8,31.57
2016-07-17 22:30:00,37.79,37.65,35.42,27.56,30.81
2016-07-17 23:00:00,40.24,40.62,89.1,26.86,28.87
2016-07-17 23:30:00,44.14,44.46,-6.51,36.8,39.78
2016-07-18 00:00:00,40.33,39.77,195.79,17.01,18.51
2016-07-18 00:30:00,33.2,31.67,136.82,15.75,17.26
2016-07-18 01:00:00,30.66,29.12,148.98,12.01,13.66
2016-07-18 01:30:00,27.01,25.31,107.32,12.41,14.85
2016-07-18 02:00:00,27.05,25.22,37.88,9.31,16.24
2016-07-18 02:30:00,26.65,25.61,14.96,6.02,14.48
2016-07-18 03:00:00,27.82,27.76,12.63,1.89,12.02
2016-07-18 03:30:00,26.99,27.21,10.35,-0.48,10.24
2016-07-18 04:00:00,26.24,26.41,9.71,-1.39,9.53
2016-07-18 04:30:00,26.36,26.65,10.76,1.78,11.18
2016-07-18 05:00:00,25.85,25.97,10.35,0.52,10.27
2016-07-18 05:30:00,26.07,26.24,29.19,1.2,10.93
2016-07-18 06:00:00,28.39,28.41,84.24,5.55,14.75
2016-07-18 06:30:00,39.73,40.86,149.48,20.7,27.99
2016-07-18 07:00:00,134.88,143.79,142.09,113.58,124.7
2016-07-18 07:30:00,54.2,55.32,64.44,46.59,50.5
2016-07-18 08:00:00,85.79,85.83,85.81,75.64,81.3
2016-07-18 08:30:00,70.88,71.66,83.58,65.18,69.75
2016-07-18 09:00:00,56.39,54.82,81.19,53.09,56.8
2016-07-18 09:30:00,57.43,55.62,90.39,51.67,55.3
2016-07-18 10:00:00,57.35,55.72,91.82,51.64,55.38
2016-07-18 10:30:00,53.8,54.07,120.65,48.06,51.66
2016-07-18 11:00:00,56.45,57.94,120.82,50.41,54.01
2016-07-18 11:30:00,52.08,54.65,111.79,46.09,49.4
2016-07-18 12:00:00,46.01,48.75,87.29,40.31,43.31
2016-07-18 12:30:00,45.84,48.09,70.03,40.31,43.19
2016-07-18 13:00:00,37.79,39.71,46.4,31.65,33.89
2016-07-18 13:30:00,36.7,38.75,38.75,29.79,31.87
2016-07-18 14:00:00,37.58,39.88,39.38,30.79,32.98
2016-07-18 14:30:00,36.62,38.59,45.04,30.44,32.77
2016-07-18 15:00:00,42.35,44.38,60.47,36.15,38.94
2016-07-18 15:30:00,42.13,44.94,128.32,35.67,38.47
2016-07-18 16:00:00,45.77,50.31,154.82,38.54,41.58
2016-07-18 16:30:00,50.5,54.01,300.38,43.78,47.05
2016-07-18 17:00:00,51.02,53.49,1930.2,44.34,47.48
2016-07-18 17:30:00,55.5,55.64,133.2,50.42,53.5
2016-07-18 18:00:00,94.97,94.98,254.97,90.7,95.9
2016-07-18 18:30:00,80.19,79.55,325.11,76.84,81.25
2016-07-18 19:00:00,58.17,57.63,370.53,55.43,58.9
2016-07-18 19:30:00,57.37,55.25,349.99,55.55,59.44
2016-07-18 20:00:00,54.83,53.9,349.99,50.26,53.81
2016-07-18 20:30:00,100.23,101.21,365.64,85.72,91.81
2016-07-18 21:00:00,45.15,46.76,207.57,37.26,40.12
2016-07-18 21:30:00,38.17,39.39,161.11,30.75,33.27
2016-07-18 22:00:00,33.35,33.66,160.98,27.3,29.79
2016-07-18 22:30:00,39.64,39.35,124.99,32.09,35.33
2016-07-18 23:00:00,31.91,31.57,111.15,26.5,29.37
2016-07-18 23:30:00,30.71,30.27,27.48,23.45,27.71
2016-07-19 00:00:00,35.54,33.6,127.87,12.82,25.96
2016-07-19 00:30:00,28.07,25.55,79.99,4.02,25.99
2016-07-19 01:00:00,33.33,30.73,84.99,0.4,21.88
2016-07-19 01:30:00,26.84,24.58,79.99,-2.55,16.94
2016-07-19 02:00:00,26.0,23.46,79.99,2.32,15.76
2016-07-19 02:30:00,25.78,22.95,79.99,1.8,15.43
2016-07-19 03:00:00,26.0,22.85,79.99,2.96,16.0
2016-07-19 03:30:00,26.0,22.99,79.99,7.46,15.52
2016-07-19 04:00:00,25.89,22.77,53.53,8.27,15.27
2016-07-19 04:30:00,26.0,22.91,25.95,6.8,15.17
2016-07-19 05:00:00,25.36,22.83,34.96,7.7,15.02
2016-07-19 05:30:00,27.2,25.43,28.78,13.36,18.77
2016-07-19 06:00:00,21.54,20.48,20.49,13.32,17.98
2016-07-19 06:30:00,40.15,40.14,43.69,31.39,37.74
2016-07-19 07:00:00,69.74,69.96,1659.54,105.46,70.79
2016-07-19 07:30:00,74.13,72.83,132.51,163.82,75.6
2016-07-19 08:00:00,61.41,60.19,252.2,150.21,153.61
2016-07-19 08:30:00,55.44,52.2,299.99,221.21,55.28
2016-07-19 09:00:00,79.76,74.04,299.99,279.59,122.47
2016-07-19 09:30:00,58.15,54.04,315.59,142.71,150.99
2016-07-19 10:00:00,56.21,53.93,276.82,52.11,55.76
2016-07-19 10:30:00,56.37,53.32,234.93,95.07,101.28
2016-07-19 11:00:00,56.4,53.12,296.46,69.9,74.53
2016-07-19 11:30:00,42.72,40.47,207.32,40.0,43.09
2016-07-19 12:00:00,43.97,41.05,253.88,39.79,44.67
2016-07-19 12:30:00,39.33,36.8,160.98,34.23,39.45
2016-07-19 13:00:00,38.63,36.21,254.38,15.25,39.06
2016-07-19 13:30:00,38.01,36.18,126.0,-5.79,38.67
2016-07-19 14:00:00,42.66,41.06,131.67,7.67,43.58
2016-07-19 14:30:00,41.94,40.4,128.67,5.43,42.83
2016-07-19 15:00:00,40.32,38.8,160.98,14.49,41.1
2016-07-19 15:30:00,41.12,40.27,160.98,33.04,42.37
2016-07-19 16:00:00,52.11,51.36,160.82,45.95,54.25
2016-07-19 16:30:00,59.08,59.15,160.98,56.25,61.06
2016-07-19 17:00:00,52.19,51.74,253.65,49.19,52.98
2016-07-19 17:30:00,49.99,48.18,184.1,40.96,58.41
2016-07-19 18:00:00,65.13,64.22,230.49,59.4,63.28
2016-07-19 18:30:00,55.04,53.6,308.5,49.58,53.11
2016-07-19 19:00:00,52.99,51.22,230.49,46.76,50.28
2016-07-19 19:30:00,47.14,44.62,134.22,42.63,45.83
2016-07-19 20:00:00,39.01,37.08,109.99,34.68,37.45
2016-07-19 20:30:00,45.98,45.3,88.89,40.44,43.73
2016-07-19 21:00:00,48.16,48.03,81.13,42.27,46.07
2016-07-19 21:30:00,39.09,39.36,79.99,33.49,36.57
2016-07-19 22:00:00,34.05,33.95,79.99,28.67,31.46
2016-07-19 22:30:00,47.36,47.1,65.03,40.44,44.67
2016-07-19 23:00:00,34.1,34.25,34.69,27.98,31.22
2016-07-19 23:30:00,35.05,34.34,29.95,24.21,32.68
2016-07-20 00:00:00,36.84,34.42,41.29,25.39,36.07
2016-07-20 00:30:00,39.36,37.09,62.3,21.25,37.97
2016-07-20 01:00:00,31.44,29.48,80.05,14.72,29.57
2016-07-20 01:30:00,28.13,25.92,152.99,14.02,26.31
2016-07-20 02:00:00,27.12,24.2,47.44,11.41,24.61
2016-07-20 02:30:00,26.0,23.24,34.82,14.13,22.54
2016-07-20 03:00:00,25.33,22.87,79.99,13.14,22.01
2016-07-20 03:30:00,24.46,22.27,79.99,12.42,19.57
2016-07-20 04:00:00,24.89,22.69,79.99,9.44,18.61
2016-07-20 04:30:00,24.8,22.67,79.99,14.7,19.23
2016-07-20 05:00:00,23.54,21.64,79.99,6.08,15.35
2016-07-20 05:30:00,26.0,24.6,98.32,8.95,15.76
2016-07-20 06:00:00,23.72,22.7,79.99,11.68,16.91
2016-07-20 06:30:00,40.68,40.26,93.36,35.36,38.43
2016-07-20 07:00:00,72.15,72.51,160.98,70.55,75.0
2016-07-20 07:30:00,53.68,52.94,160.98,145.28,53.21
2016-07-20 08:00:00,81.23,77.33,161.88,77.56,81.77
2016-07-20 08:30:00,63.84,58.69,276.67,63.29,66.25
2016-07-20 09:00:00,53.46,50.05,253.45,51.35,54.2
2016-07-20 09:30:00,52.01,48.8,230.34,83.05,52.15
2016-07-20 10:00:00,48.62,45.5,184.1,80.13,47.73
2016-07-20 10:30:00,54.6,49.95,207.22,117.28,53.32
2016-07-20 11:00:00,54.47,50.2,299.69,49.47,52.43
2016-07-20 11:30:00,46.31,42.49,292.73,42.57,44.71
2016-07-20 12:00:00,56.39,51.6,300.15,52.38,55.69
2016-07-20 12:30:00,55.79,50.76,299.97,52.54,55.35
2016-07-20 13:00:00,53.01,49.31,299.69,48.7,51.3
2016-07-20 13:30:00,48.28,45.84,299.69,42.55,45.34
2016-07-20 14:00:00,45.13,42.34,263.05,39.18,41.5
2016-07-20 14:30:00,41.93,39.35,161.69,36.75,38.77
2016-07-20 15:00:00,39.93,37.9,161.57,34.65,36.56
2016-07-20 15:30:00,40.25,37.69,161.57,34.11,36.68
2016-07-20 16:00:00,47.7,47.35,161.22,41.38,44.32
2016-07-20 16:30:00,56.8,56.17,299.74,49.93,53.21
2016-07-20 17:00:00,64.86,61.81,299.74,59.91,63.0
2016-07-20 17:30:00,77.41,70.78,299.89,221.29,82.13
2016-07-20 18:00:00,91.66,83.16,299.96,201.21,99.9
2016-07-20 18:30:00,83.56,76.18,299.99,96.22,100.63
2016-07-20 19:00:00,78.51,72.07,299.99,85.24,89.07
2016-07-20 19:30:00,61.15,55.83,299.99,76.07,79.63
2016-07-20 20:00:00,73.24,67.15,299.84,82.93,86.6
2016-07-20 20:30:00,73.81,71.12,299.84,71.9,74.98
2016-07-20 21:00:00,76.67,75.3,299.69,73.84,77.21
2016-07-20 21:30:00,56.55,56.28,276.57,53.21,55.73
2016-07-20 22:00:00,37.4,36.46,249.97,34.21,36.04
2016-07-20 22:30:00,80.32,77.66,230.34,73.71,78.21
2016-07-20 23:00:00,47.55,47.54,160.98,42.5,45.5
2016-07-20 23:30:00,48.61,48.12,47.11,42.47,45.77
2016-07-21 00:00:00,62.19,59.53,87.2,55.67,60.43
2016-07-21 00:30:00,51.4,47.73,223.38,44.87,48.81
2016-07-21 01:00:00,45.11,42.38,160.65,38.1,41.74
2016-07-21 01:30:00,33.34,31.76,148.98,27.58,30.18
2016-07-21 02:00:00,29.63,28.54,184.1,24.31,26.56
2016-07-21 02:30:00,29.33,28.34,130.99,23.12,24.29
2016-07-21 03:00:00,30.14,29.65,124.99,13.89,20.29
2016-07-21 03:30:00,29.62,29.22,124.99,11.0,18.34
2016-07-21 04:00:00,31.49,31.59,124.99,9.9,18.42
2016-07-21 04:30:00,29.95,30.6,62.05,9.44,17.54
2016-07-21 05:00:00,28.79,29.84,28.58,12.63,18.92
2016-07-21 05:30:00,28.42,28.98,25.84,14.67,19.95
2016-07-21 06:00:00,32.47,32.7,37.11,25.89,28.31
2016-07-21 06:30:00,45.76,46.23,60.62,41.02,43.31
2016-07-21 07:00:00,114.32,115.77,137.0,161.08,111.6
2016-07-21 07:30:00,68.55,70.79,131.81,179.04,87.27
2016-07-21 08:00:00,92.09,93.31,162.68,122.13,126.02
2016-07-21 08:30:00,73.04,72.91,118.81,76.44,77.88
2016-07-21 09:00:00,50.59,50.38,89.54,58.6,61.68
2016-07-21 09:30:00,54.44,53.13,86.37,65.09,68.67
2016-07-21 10:00:00,40.93,39.09,62.16,53.62,56.52
2016-07-21 10:30:00,40.13,38.65,101.84,66.25,69.89
2016-07-21 11:00:00,46.44,44.84,115.44,66.2,70.17
2016-07-21 11:30:00,40.6,39.42,121.66,71.18,75.45
2016-07-21 12:00:00,38.7,37.62,68.5,33.74,35.71
2016-07-21 12:30:00,39.56,38.51,52.41,143.6,36.27
2016-07-21 13:00:00,37.65,37.05,44.81,31.98,33.79
2016-07-21 13:30:00,36.96,36.73,35.77,31.03,32.63
2016-07-21 14:00:00,36.88,37.03,35.34,30.72,32.25
2016-07-21 14:30:00,41.06,42.3,35.26,143.62,35.51
2016-07-21 15:00:00,40.83,42.23,34.93,32.85,34.76
2016-07-21 15:30:00,42.45,44.83,41.33,34.67,36.5
2016-07-21 16:00:00,42.2,44.82,40.39,106.94,36.28
2016-07-21 16:30:00,43.33,46.41,45.38,35.18,37.02
2016-07-21 17:00:00,40.18,42.69,44.52,32.75,34.57
2016-07-21 17:30:00,41.92,44.09,48.81,33.13,35.0
2016-07-21 18:00:00,68.99,71.64,80.22,57.59,61.24
2016-07-21 18:30:00,64.64,65.95,89.99,55.08,58.48
2016-07-21 19:00:00,44.56,46.5,79.99,36.02,38.33
2016-07-21 19:30:00,38.94,40.33,79.99,30.94,32.73
2016-07-21 20:00:00,40.04,41.3,63.34,31.46,33.16
2016-07-21 20:30:00,39.42,39.95,46.71,30.37,32.05
2016-07-21 21:00:00,36.85,36.54,42.84,30.09,31.78
2016-07-21 21:30:00,39.67,39.64,48.23,32.74,35.26
2016-07-21 22:00:00,30.01,29.59,31.94,23.0,25.65
2016-07-21 22:30:00,35.12,35.18,45.12,28.52,30.5
2016-07-21 23:00:00,29.12,29.64,82.49,16.0,18.18
2016-07-21 23:30:00,29.6,30.1,19.95,22.09,25.42
2016-07-22 00:00:00,28.85,28.6,199.86,5.05,6.44
2016-07-22 00:30:00,26.26,25.25,112.61,6.21,11.12
2016-07-22 01:00:00,26.2,24.66,82.49,2.63,11.05
2016-07-22 01:30:00,25.05,22.87,39.98,14.09,17.21
2016-07-22 02:00:00,24.2,21.67,37.75,9.89,14.29
2016-07-22 02:30:00,20.01,18.01,10.3,0.76,7.69
2016-07-22 03:00:00,17.92,16.41,4.81,-5.64,2.56
2016-07-22 03:30:00,12.52,11.82,-0.4,-3.94,-1.14
2016-07-22 04:00:00,18.79,17.78,-14.33,-36.83,-17.17
2016-07-22 04:30:00,16.96,16.17,-15.33,-39.68,-17.47
2016-07-22 05:00:00,18.4,17.74,-10.84,-36.75,-14.58
2016-07-22 05:30:00,21.37,20.85,0.6,-16.93,-1.64
2016-07-22 06:00:00,18.79,19.34,8.47,2.1,8.46
2016-07-22 06:30:00,29.25,30.82,16.56,10.56,17.64
2016-07-22 07:00:00,40.51,45.23,30.89,22.73,29.97
2016-07-22 07:30:00,34.83,37.48,37.85,29.47,31.83
2016-07-22 08:00:00,39.52,41.95,52.56,34.53,36.94
2016-07-22 08:30:00,38.74,40.56,83.36,32.26,34.51
2016-07-22 09:00:00,36.71,37.72,86.15,29.85,32.03
2016-07-22 09:30:00,34.37,34.8,2380.68,27.94,29.96
2016-07-22 10:00:00,30.4,30.72,51.73,21.09,23.23
2016-07-22 10:30:00,30.6,30.54,33.53,23.93,26.17
2016-07-22 11:00:00,30.31,30.48,39.51,17.77,22.14
2016-07-22 11:30:00,29.96,30.3,44.85,18.02,22.65
2016-07-22 12:00:00,29.22,30.04,30.12,12.65,19.08
2016-07-22 12:30:00,28.57,29.63,31.76,21.09,18.14
2016-07-22 13:00:00,29.84,30.63,19.24,18.3,16.81
2016-07-22 13:30:00,29.82,30.63,28.58,16.2,21.9
2016-07-22 14:00:00,28.22,30.11,36.64,12.82,18.91
2016-07-22 14:30:00,26.95,29.41,30.82,20.03,22.34
2016-07-22 15:00:00,27.34,29.93,28.78,21.21,23.4
2016-07-22 15:30:00,27.81,30.77,87.9,21.67,23.9
2016-07-22 16:00:00,30.18,39.3,148.98,23.76,26.08
2016-07-22 16:30:00,30.06,39.41,2484.65,24.09,26.15
2016-07-22 17:00:00,26.64,38.25,2337.47,20.52,21.96
2016-07-22 17:30:00,34.29,44.48,93.96,27.45,29.31
2016-07-22 18:00:00,47.87,51.05,150.63,283.21,44.58
2016-07-22 18:30:00,51.96,54.92,124.99,48.08,51.19
2016-07-22 19:00:00,36.11,43.53,130.99,32.38,34.55
2016-07-22 19:30:00,25.29,32.19,149.08,20.71,22.05
2016-07-22 20:00:00,28.38,31.69,130.94,22.87,24.4
2016-07-22 20:30:00,26.19,29.72,124.99,20.94,22.27
2016-07-22 21:00:00,26.19,30.2,183.26,20.42,21.84
2016-07-22 21:30:00,27.33,29.62,34.85,22.04,23.62
2016-07-22 22:00:00,26.05,27.35,37.19,20.84,22.43
2016-07-22 22:30:00,30.25,32.82,33.71,23.12,25.09
2016-07-22 23:00:00,20.07,25.71,26.54,13.93,15.19
2016-07-22 23:30:00,26.5,28.95,18.98,16.44,19.06
2016-07-23 00:00:00,27.32,28.48,24.01,18.86,22.82
2016-07-23 00:30:00,27.58,27.86,61.44,16.88,18.88
2016-07-23 01:00:00,24.91,24.57,20.88,16.96,19.7
2016-07-23 01:30:00,22.94,22.12,17.04,13.67,17.21
2016-07-23 02:00:00,12.9,12.33,8.71,4.93,8.85
2016-07-23 02:30:00,26.0,24.48,20.06,14.56,20.83
2016-07-23 03:00:00,21.98,20.67,17.49,10.14,18.19
2016-07-23 03:30:00,23.09,22.92,5.87,4.58,11.88
2016-07-23 04:00:00,15.6,15.84,3.65,3.75,7.88
2016-07-23 04:30:00,16.76,17.13,-34.78,-33.84,-12.67
2016-07-23 05:00:00,24.38,24.12,-40.91,-38.43,-13.15
2016-07-23 05:30:00,24.71,24.04,-36.56,-33.91,-10.68
2016-07-23 06:00:00,23.94,23.17,1.33,-2.14,9.9
2016-07-23 06:30:00,28.81,27.74,6.17,-1.64,14.51
2016-07-23 07:00:00,27.64,26.39,18.22,12.8,21.33
2016-07-23 07:30:00,30.37,29.93,25.47,22.35,26.66
2016-07-23 08:00:00,36.32,35.32,34.83,31.48,34.49
2016-07-23 08:30:00,32.06,31.36,43.1,27.84,30.24
2016-07-23 09:00:00,31.67,31.52,74.37,27.8,29.91
2016-07-23 09:30:00,31.97,31.6,101.66,29.36,31.04
2016-07-23 10:00:00,33.97,33.2,102.49,32.11,34.0
2016-07-23 10:30:00,30.88,30.46,109.99,28.39,30.65
2016-07-23 11:00:00,30.55,30.5,87.49,27.72,30.06
2016-07-23 11:30:00,30.19,30.19,73.47,27.02,29.43
2016-07-23 12:00:00,26.67,26.52,59.16,23.2,25.21
2016-07-23 12:30:00,27.46,27.23,39.45,23.37,25.36
2016-07-23 13:00:00,27.46,26.78,61.95,23.55,25.72
2016-07-23 13:30:00,26.89,26.29,33.12,23.49,25.46
2016-07-23 14:00:00,34.97,32.92,42.46,34.76,36.76
2016-07-23 14:30:00,34.82,32.66,43.08,36.25,37.68
2016-07-23 15:00:00,34.81,33.01,42.1,35.74,37.5
2016-07-23 15:30:00,31.01,30.25,37.82,31.67,33.72
2016-07-23 16:00:00,38.41,36.62,68.59,56.35,60.29
2016-07-23 16:30:00,40.16,39.0,89.92,71.58,75.91
2016-07-23 17:00:00,40.89,40.17,86.06,294.23,63.2
2016-07-23 17:30:00,46.4,45.92,153.51,321.22,108.6
2016-07-23 18:00:00,120.75,114.03,277.15,294.51,245.2
2016-07-23 18:30:00,60.07,56.18,162.11,302.35,148.81
2016-07-23 19:00:00,47.82,45.23,197.3,292.32,173.58
2016-07-23 19:30:00,51.34,48.33,124.34,221.6,104.79
2016-07-23 20:00:00,59.28,56.16,124.99,225.66,97.73
2016-07-23 20:30:00,54.5,50.95,177.96,297.15,121.36
2016-07-23 21:00:00,41.94,39.97,213.0,161.69,168.26
2016-07-23 21:30:00,40.44,38.47,184.15,144.07,148.95
2016-07-23 22:00:00,39.21,36.69,253.0,203.35,215.4
2016-07-23 22:30:00,43.14,40.55,124.99,97.59,103.41
2016-07-23 23:00:00,37.85,36.08,125.09,92.26,98.13
2016-07-23 23:30:00,37.33,34.98,69.94,58.6,63.12
2016-07-24 00:00:00,34.63,31.88,105.17,82.37,88.97
2016-07-24 00:30:00,39.22,35.97,116.66,85.56,92.02
2016-07-24 01:00:00,31.52,29.18,109.33,68.59,73.93
2016-07-24 01:30:00,30.01,27.3,110.15,78.39,84.71
2016-07-24 02:00:00,28.7,25.82,55.71,38.14,41.3
2016-07-24 02:30:00,26.85,24.07,33.18,26.42,28.64
2016-07-24 03:00:00,28.99,26.34,33.77,27.63,30.03
2016-07-24 03:30:00,29.78,27.83,31.62,27.45,29.83
2016-07-24 04:00:00,27.33,25.62,26.29,24.25,26.22
2016-07-24 04:30:00,24.74,22.55,22.74,21.54,23.23
2016-07-24 05:00:00,24.88,22.3,22.65,21.71,23.32
2016-07-24 05:30:00,29.33,26.26,26.6,25.91,27.65
2016-07-24 06:00:00,30.56,27.69,27.42,26.8,28.6
2016-07-24 06:30:00,33.54,29.24,30.37,30.58,31.69
2016-07-24 07:00:00,33.7,29.87,31.48,32.65,32.83
2016-07-24 07:30:00,31.67,28.23,29.19,29.09,30.53
2016-07-24 08:00:00,43.62,37.47,42.02,43.58,44.29
2016-07-24 08:30:00,40.79,34.99,40.55,112.71,41.88
2016-07-24 09:00:00,49.88,41.99,52.37,51.61,52.54
2016-07-24 09:30:00,66.41,50.5,69.91,67.31,69.57
2016-07-24 10:00:00,70.77,47.15,74.15,69.34,72.6
2016-07-24 10:30:00,69.97,33.75,75.47,67.98,71.46
2016-07-24 11:00:00,53.59,30.6,62.96,53.69,55.73
2016-07-24 11:30:00,38.94,27.77,51.19,38.81,40.59
2016-07-24 12:00:00,37.62,26.83,43.54,36.32,38.3
2016-07-24 12:30:00,32.67,23.58,34.93,30.98,32.81
2016-07-24 13:00:00,30.28,24.39,31.22,28.76,30.24
2016-07-24 13:30:00,31.06,24.94,30.11,28.51,30.31
2016-07-24 14:00:00,29.93,24.95,29.0,26.95,28.75
2016-07-24 14:30:00,30.24,25.58,28.75,26.84,28.76
2016-07-24 15:00:00,35.35,29.74,36.36,32.92,35.08
2016-07-24 15:30:00,32.77,28.79,32.62,30.59,32.5
2016-07-24 16:00:00,32.55,29.75,31.36,30.34,31.87
2016-07-24 16:30:00,50.82,45.92,53.66,49.41,51.67
2016-07-24 17:00:00,55.51,50.88,63.61,150.72,57.89
2016-07-24 17:30:00,67.04,59.6,82.97,65.05,68.91
2016-07-24 18:00:00,91.32,81.11,112.61,85.9,90.78
2016-07-24 18:30:00,100.63,90.73,127.93,94.39,99.9
2016-07-24 19:00:00,109.34,98.22,140.43,105.94,108.67
2016-07-24 19:30:00,88.43,77.81,126.95,321.49,90.59
2016-07-24 20:00:00,86.31,76.29,122.99,83.16,87.31
2016-07-24 20:30:00,84.55,75.17,110.94,80.48,84.59
2016-07-24 21:00:00,60.26,53.76,86.16,58.23,60.9
2016-07-24 21:30:00,49.17,45.18,69.91,45.98,48.3
2016-07-24 22:00:00,37.18,34.37,48.89,33.85,35.57
2016-07-24 22:30:00,32.31,31.5,30.43,80.41,28.52
2016-07-24 23:00:00,29.97,30.1,24.69,22.44,24.66
2016-07-24 23:30:00,34.94,34.13,22.01,21.24,26.49
2016-07-25 00:00:00,31.09,29.83,25.11,23.79,26.64
2016-07-25 00:30:00,30.02,28.64,27.49,25.51,27.48
2016-07-25 01:00:00,27.41,25.54,25.02,22.55,24.44
2016-07-25 01:30:00,27.42,24.71,17.86,15.73,20.35
2016-07-25 02:00:00,26.75,23.73,10.01,8.28,15.58
2016-07-25 02:30:00,25.85,22.75,9.45,7.96,14.88
2016-07-25 03:00:00,21.14,18.77,-7.95,-7.46,3.79
2016-07-25 03:30:00,26.05,24.3,1.61,1.44,10.85
2016-07-25 04:00:00,27.22,25.45,4.97,4.65,13.15
2016-07-25 04:30:00,25.09,23.44,-2.53,-2.36,8.21
2016-07-25 05:00:00,25.56,23.73,-2.63,-2.54,8.31
2016-07-25 05:30:00,27.28,25.36,4.29,3.58,12.8
2016-07-25 06:00:00,30.55,29.53,9.29,7.74,16.77
2016-07-25 06:30:00,41.73,41.71,29.78,26.76,32.58
2016-07-25 07:00:00,67.84,69.99,63.44,56.58,60.63
2016-07-25 07:30:00,60.54,64.5,57.95,49.32,52.21
2016-07-25 08:00:00,70.75,71.62,78.07,60.33,63.97
2016-07-25 08:30:00,61.81,58.68,90.45,56.71,60.07
2016-07-25 09:00:00,39.87,36.83,79.99,37.51,39.77
2016-07-25 09:30:00,35.75,32.5,54.21,33.77,35.85
2016-07-25 10:00:00,32.42,30.39,38.18,29.68,31.76
2016-07-25 10:30:00,32.82,30.6,34.85,29.73,31.87
2016-07-25 11:00:00,31.17,28.92,32.75,28.1,30.21
2016-07-25 11:30:00,29.98,27.39,30.52,26.53,28.63
2016-07-25 12:00:00,29.98,27.11,29.15,25.53,27.82
2016-07-25 12:30:00,29.99,27.06,40.61,24.62,26.87
2016-07-25 13:00:00,29.99,27.2,39.01,24.64,27.37
2016-07-25 13:30:00,30.29,27.83,39.4,24.33,27.51
2016-07-25 14:00:00,30.12,27.94,64.67,24.42,27.56
2016-07-25 14:30:00,30.4,28.56,33.69,25.63,28.58
2016-07-25 15:00:00,30.25,28.83,31.64,27.06,29.49
2016-07-25 15:30:00,30.12,29.23,30.55,26.78,29.15
2016-07-25 16:00:00,30.86,30.66,31.01,27.54,29.96
2016-07-25 16:30:00,31.42,32.29,32.16,27.36,29.92
2016-07-25 17:00:00,40.51,43.01,67.75,36.14,38.89
2016-07-25 17:30:00,59.89,62.06,68.24,53.06,56.35
2016-07-25 18:00:00,100.61,101.53,120.69,92.01,96.83
2016-07-25 18:30:00,100.02,102.2,154.16,200.34,96.55
2016-07-25 19:00:00,99.8,100.48,111.72,171.94,94.38
2016-07-25 19:30:00,63.66,64.39,81.28,58.26,61.39
2016-07-25 20:00:00,65.78,66.93,159.26,136.06,63.15
2016-07-25 20:30:00,66.71,68.25,212.76,188.3,62.23
2016-07-25 21:00:00,44.72,46.32,124.99,95.98,40.85
2016-07-25 21:30:00,38.02,39.93,87.18,85.77,32.51
2016-07-25 22:00:00,34.65,35.43,45.53,28.65,30.61
2016-07-25 22:30:00,37.22,38.22,36.28,21.16,27.43
2016-07-25 23:00:00,33.03,33.73,20.2,10.43,19.82
2016-07-25 23:30:00,31.47,31.65,11.88,10.82,19.44
2016-07-26 00:00:00,30.0,29.57,19.37,16.86,22.9
2016-07-26 00:30:00,29.97,29.02,23.95,15.71,24.06
2016-07-26 01:00:00,29.97,28.25,42.66,14.25,22.57
2016-07-26 01:30:00,29.34,26.67,15.23,6.29,16.17
2016-07-26 02:00:00,31.26,27.77,15.03,3.79,17.49
2016-07-26 02:30:00,27.37,24.08,11.31,1.96,14.57
2016-07-26 03:00:00,24.66,22.05,12.6,3.61,14.45
2016-07-26 03:30:00,18.63,16.97,10.65,3.86,12.25
2016-07-26 04:00:00,17.53,16.02,10.21,3.26,11.77
2016-07-26 04:30:00,18.4,17.03,10.06,-3.49,11.98
2016-07-26 05:00:00,19.09,17.87,10.45,2.93,12.59
2016-07-26 05:30:00,20.34,19.52,11.12,7.5,13.76
2016-07-26 06:00:00,27.5,27.22,17.56,13.38,19.27
2016-07-26 06:30:00,42.92,43.95,31.91,26.7,28.46
2016-07-26 07:00:00,75.45,80.12,81.09,66.64,72.69
2016-07-26 07:30:00,68.29,70.86,92.72,63.49,67.63
2016-07-26 08:00:00,86.6,87.14,244.82,184.47,195.54
2016-07-26 08:30:00,73.77,72.76,150.01,97.75,103.66
2016-07-26 09:00:00,45.01,44.06,130.31,77.35,81.59
2016-07-26 09:30:00,38.24,37.22,154.98,116.85,124.04
2016-07-26 10:00:00,35.4,34.01,122.82,88.86,95.11
2016-07-26 10:30:00,31.66,31.06,114.44,32.67,35.28
2016-07-26 11:00:00,30.54,29.9,49.43,29.33,31.89
2016-07-26 11:30:00,30.09,28.7,35.48,18.31,31.85
2016-07-26 12:00:00,30.01,28.06,35.15,15.06,32.01
2016-07-26 12:30:00,30.01,28.51,38.82,17.35,32.02
2016-07-26 13:00:00,30.06,28.89,41.04,29.17,32.02
2016-07-26 13:30:00,30.01,28.97,54.76,29.24,32.01
2016-07-26 14:00:00,30.01,28.33,74.11,24.92,32.0
2016-07-26 14:30:00,30.13,29.17,100.73,35.7,38.89
2016-07-26 15:00:00,30.06,29.45,106.16,29.39,32.01
2016-07-26 15:30:00,30.05,29.66,94.51,29.43,31.96
2016-07-26 16:00:00,29.8,30.08,124.99,29.14,31.34
2016-07-26 16:30:00,30.87,31.75,148.65,29.85,31.87
2016-07-26 17:00:00,32.09,33.85,154.98,81.62,32.85
2016-07-26 17:30:00,60.56,63.35,154.98,184.97,71.49
2016-07-26 18:00:00,99.31,102.09,153.12,232.94,107.28
2016-07-26 18:30:00,76.68,79.08,160.98,253.67,106.44
2016-07-26 19:00:00,65.99,67.9,116.99,249.61,67.14
2016-07-26 19:30:00,54.33,55.86,102.96,83.57,54.75
2016-07-26 20:00:00,56.97,56.91,105.65,56.06,59.34
2016-07-26 20:30:00,51.8,52.65,107.9,50.93,53.74
2016-07-26 21:00:00,48.28,48.97,154.16,46.62,49.19
2016-07-26 21:30:00,38.0,39.27,97.81,33.87,35.71
2016-07-26 22:00:00,32.59,33.36,83.85,27.97,30.19
2016-07-26 22:30:00,33.27,34.91,75.98,23.93,26.16
2016-07-26 23:00:00,29.97,31.29,88.98,13.52,16.77
2016-07-26 23:30:00,30.68,31.43,16.14,14.67,21.53
2016-07-27 00:00:00,30.47,30.48,27.86,17.04,27.34
2016-07-27 00:30:00,29.28,28.84,36.42,12.07,25.53
2016-07-27 01:00:00,29.97,28.59,20.48,-8.7,18.41
2016-07-27 01:30:00,27.51,25.31,12.05,-24.37,17.07
2016-07-27 02:00:00,29.98,26.75,10.11,-19.01,17.06
2016-07-27 02:30:00,28.11,25.01,10.45,-23.29,16.42
2016-07-27 03:00:00,26.21,23.81,7.12,-23.57,14.05
2016-07-27 03:30:00,26.1,24.15,7.54,-19.34,14.23
2016-07-27 04:00:00,25.94,24.07,1.2,-27.62,10.73
2016-07-27 04:30:00,26.11,24.42,-1.59,-9.34,9.36
2016-07-27 05:00:00,26.29,24.68,0.0,-1.95,10.23
2016-07-27 05:30:00,30.19,29.8,4.84,3.39,14.24
2016-07-27 06:00:00,28.32,28.97,12.21,10.82,17.82
2016-07-27 06:30:00,35.38,39.0,16.01,13.94,22.3
2016-07-27 07:00:00,39.16,50.3,36.97,32.91,35.54
2016-07-27 07:30:00,39.7,53.0,41.8,35.73,37.82
2016-07-27 08:00:00,57.33,61.13,72.6,53.35,56.31
2016-07-27 08:30:00,51.41,53.36,79.99,49.37,52.63
2016-07-27 09:00:00,40.52,42.3,94.16,38.92,41.86
2016-07-27 09:30:00,37.23,38.55,124.99,35.88,38.58
2016-07-27 10:00:00,38.25,39.32,124.99,37.25,40.07
2016-07-27 10:30:00,33.96,35.2,79.99,33.15,35.52
2016-07-27 11:00:00,31.84,33.31,58.06,27.92,28.54
2016-07-27 11:30:00,31.52,33.64,66.72,26.62,25.58
2016-07-27 12:00:00,31.62,33.26,39.3,14.44,30.2
2016-07-27 12:30:00,30.43,31.14,34.44,-9.59,29.93
2016-07-27 13:00:00,31.13,31.72,40.19,-15.03,31.46
2016-07-27 13:30:00,30.68,31.22,43.93,-15.7,31.77
2016-07-27 14:00:00,30.02,30.64,41.21,-17.19,31.14
2016-07-27 14:30:00,30.04,30.57,48.95,-14.6,31.07
2016-07-27 15:00:00,29.67,29.86,70.84,-15.21,30.44
2016-07-27 15:30:00,29.59,29.7,43.0,-16.74,29.58
2016-07-27 16:00:00,31.0,31.36,34.97,-2.12,30.49
2016-07-27 16:30:00,31.72,32.52,43.14,24.43,31.26
2016-07-27 17:00:00,33.67,35.38,67.01,32.66,35.0
2016-07-27 17:30:00,54.01,56.62,89.99,178.8,55.5
2016-07-27 18:00:00,75.24,74.74,114.63,71.87,75.93
2016-07-27 18:30:00,84.64,81.29,130.42,1736.9,87.77
2016-07-27 19:00:00,74.59,72.82,130.61,190.15,77.16
2016-07-27 19:30:00,69.94,71.29,124.99,248.28,72.33
2016-07-27 20:00:00,59.04,60.23,124.99,365.63,60.73
2016-07-27 20:30:00,49.25,51.91,105.04,243.54,50.44
2016-07-27 21:00:00,41.7,44.03,83.52,186.77,41.44
2016-07-27 21:30:00,36.27,37.83,79.99,32.77,35.06
2016-07-27 22:00:00,34.52,35.38,79.99,29.36,31.79
2016-07-27 22:30:00,43.78,45.54,83.1,37.11,40.64
2016-07-27 23:00:00,32.43,33.66,53.12,25.23,25.7
2016-07-27 23:30:00,29.96,30.6,15.86,13.13,20.54
2016-07-28 00:00:00,29.49,29.2,25.16,18.28,25.42
2016-07-28 00:30:00,29.55,28.63,35.53,8.32,25.96
2016-07-28 01:00:00,29.12,27.28,67.8,5.03,25.86
2016-07-28 01:30:00,27.19,24.61,41.92,2.06,21.66
2016-07-28 02:00:00,26.78,23.6,36.37,-1.45,16.72
2016-07-28 02:30:00,26.41,23.11,22.12,-6.71,16.0
2016-07-28 03:00:00,26.21,23.07,17.97,-6.12,15.04
2016-07-28 03:30:00,25.89,22.74,17.07,-4.92,14.99
2016-07-28 04:00:00,25.96,22.81,16.82,-5.11,14.94
2016-07-28 04:30:00,22.79,21.15,12.78,-5.77,13.02
2016-07-28 05:00:00,21.62,20.36,13.54,-2.65,12.72
2016-07-28 05:30:00,25.96,25.85,19.82,3.72,17.98
2016-07-28 06:00:00,21.87,21.93,23.76,13.45,18.35
2016-07-28 06:30:00,36.36,38.08,50.17,30.78,33.91
2016-07-28 07:00:00,56.36,68.93,79.88,47.85,51.89
2016-07-28 07:30:00,56.28,74.01,109.41,49.62,52.81
2016-07-28 08:00:00,76.29,79.79,124.16,68.05,72.12
2016-07-28 08:30:00,48.32,48.49,177.89,104.12,110.64
2016-07-28 09:00:00,38.37,36.99,130.82,115.3,73.62
2016-07-28 09:30:00,37.39,35.28,159.94,2402.02,119.93
2016-07-28 10:00:00,28.97,26.63,124.99,64.5,69.58
2016-07-28 10:30:00,30.53,27.64,124.16,34.67,37.28
2016-07-28 11:00:00,29.46,26.2,82.49,29.98,32.37
2016-07-28 11:30:00,28.74,25.33,79.99,29.16,31.65
2016-07-28 12:00:00,26.46,23.29,87.49,25.16,27.39
2016-07-28 12:30:00,26.95,23.49,79.99,25.91,28.17
2016-07-28 13:00:00,26.65,23.12,79.99,0.16,37.44
2016-07-28 13:30:00,26.22,22.98,79.99,-19.73,49.5
2016-07-28 14:00:00,26.12,23.2,79.99,-18.66,32.99
2016-07-28 14:30:00,27.3,24.26,79.22,12.71,28.26
2016-07-28 15:00:00,26.52,24.18,79.25,25.56,27.77
2016-07-28 15:30:00,27.13,24.94,79.99,26.01,28.36
2016-07-28 16:00:00,28.26,26.36,78.28,-14.98,28.69
2016-07-28 16:30:00,28.92,27.45,82.49,-43.4,29.01
2016-07-28 17:00:00,32.98,32.02,89.16,29.66,32.56
2016-07-28 17:30:00,41.95,41.49,104.99,47.37,51.52
2016-07-28 18:00:00,70.87,70.13,125.58,78.43,84.06
2016-07-28 18:30:00,72.09,72.67,125.5,82.35,88.1
2016-07-28 19:00:00,87.51,88.3,130.72,78.13,83.42
2016-07-28 19:30:00,64.75,65.11,125.01,53.18,57.31
2016-07-28 20:00:00,47.44,48.98,117.62,37.58,40.9
2016-07-28 20:30:00,45.87,47.73,87.89,36.41,39.66
2016-07-28 21:00:00,43.43,44.2,79.99,28.81,38.5
2016-07-28 21:30:00,37.06,36.77,95.6,28.73,31.5
2016-07-28 22:00:00,32.84,31.85,79.99,18.62,23.83
2016-07-28 22:30:00,40.53,41.34,79.99,14.35,26.96
2016-07-28 23:00:00,32.58,33.26,79.99,-0.42,21.89
2016-07-28 23:30:00,30.48,30.12,19.88,-20.19,21.05
2016-07-29 00:00:00,27.63,26.07,20.32,-2.35,20.04
2016-07-29 00:30:00,26.89,24.69,62.92,0.57,21.15
2016-07-29 01:00:00,26.68,23.87,79.99,-2.33,15.33
2016-07-29 01:30:00,25.42,21.95,79.99,-6.2,15.74
2016-07-29 02:00:00,24.72,20.9,79.99,-2.02,15.53
2016-07-29 02:30:00,24.95,19.11,34.55,-6.83,14.94
2016-07-29 03:00:00,22.76,19.38,51.71,-8.76,13.89
2016-07-29 03:30:00,19.64,16.8,17.73,-7.28,11.34
2016-07-29 04:00:00,18.39,16.01,13.58,-9.28,9.59
2016-07-29 04:30:00,19.46,17.04,15.91,-0.89,11.31
2016-07-29 05:00:00,21.27,18.48,15.58,-4.18,12.67
2016-07-29 05:30:00,26.0,23.64,17.72,0.14,15.23
2016-07-29 06:00:00,26.18,25.16,16.85,8.7,17.05
2016-07-29 06:30:00,38.38,39.0,28.17,16.64,25.76
2016-07-29 07:00:00,59.81,63.7,62.29,45.54,51.41
2016-07-29 07:30:00,53.85,55.9,75.64,42.47,45.43
2016-07-29 08:00:00,82.44,82.46,95.29,67.35,73.19
2016-07-29 08:30:00,47.94,45.29,79.99,41.69,44.64
2016-07-29 09:00:00,36.74,33.2,50.84,30.09,32.78
2016-07-29 09:30:00,36.37,31.72,50.28,29.95,32.76
2016-07-29 10:00:00,31.94,27.54,41.65,26.96,29.57
2016-07-29 10:30:00,33.18,29.67,38.67,26.78,29.41
2016-07-29 11:00:00,30.48,26.83,36.43,24.83,27.5
2016-07-29 11:30:00,28.27,25.02,44.4,23.45,26.27
2016-07-29 12:00:00,27.75,24.88,59.01,19.69,26.3
2016-07-29 12:30:00,27.62,24.86,38.43,17.84,26.27
2016-07-29 13:00:00,26.76,24.08,35.24,8.85,26.2
2016-07-29 13:30:00,26.34,24.07,30.13,1.69,25.62
2016-07-29 14:00:00,26.4,24.47,29.62,-3.56,25.49
2016-07-29 14:30:00,26.53,24.95,29.41,16.26,25.28
2016-07-29 15:00:00,26.43,24.94,31.4,22.75,25.51
2016-07-29 15:30:00,26.77,25.19,35.29,23.23,25.86
2016-07-29 16:00:00,28.6,27.45,48.22,24.92,27.32
2016-07-29 16:30:00,31.46,31.14,72.1,27.34,30.04
2016-07-29 17:00:00,32.48,33.49,79.99,29.38,32.07
2016-07-29 17:30:00,44.22,43.19,95.12,41.36,44.58
2016-07-29 18:00:00,83.59,76.4,122.13,77.81,84.02
2016-07-29 18:30:00,65.28,58.42,124.99,62.74,67.28
2016-07-29 19:00:00,69.13,63.63,124.99,64.41,69.56
2016-07-29 19:30:00,56.49,52.36,124.99,52.75,56.59
2016-07-29 20:00:00,51.16,48.49,124.99,47.59,51.1
2016-07-29 20:30:00,44.22,43.24,138.14,40.0,42.89
2016-07-29 21:00:00,40.16,39.25,133.32,34.82,37.48
2016-07-29 21:30:00,37.32,36.92,124.99,31.41,33.8
2016-07-29 22:00:00,35.72,35.1,118.32,30.16,32.39
2016-07-29 22:30:00,54.06,54.15,89.36,47.36,51.17
2016-07-29 23:00:00,37.72,38.39,63.66,32.79,35.55
2016-07-29 23:30:00,36.1,35.74,36.83,30.39,33.08
2016-07-30 00:00:00,41.23,39.99,47.01,36.78,40.16
2016-07-30 00:30:00,31.84,30.71,44.21,28.69,31.2
2016-07-30 01:00:00,31.76,31.15,75.98,28.58,31.14
2016-07-30 01:30:00,32.43,31.14,64.9,29.23,31.8
2016-07-30 02:00:00,30.45,29.28,37.81,26.1,28.34
2016-07-30 02:30:00,28.43,27.43,29.79,22.93,24.76
2016-07-30 03:00:00,26.95,26.15,27.69,21.9,23.83
2016-07-30 03:30:00,25.96,25.25,24.5,20.14,22.16
2016-07-30 04:00:00,25.87,25.17,16.75,13.89,18.2
2016-07-30 04:30:00,26.84,26.07,15.02,12.48,17.77
2016-07-30 05:00:00,26.0,25.21,11.28,9.22,15.5
2016-07-30 05:30:00,28.67,28.28,13.99,11.75,18.01
2016-07-30 06:00:00,28.08,28.34,12.97,11.08,17.42
2016-07-30 06:30:00,30.65,31.36,16.12,14.41,20.36
2016-07-30 07:00:00,35.9,37.96,18.06,16.2,23.67
2016-07-30 07:30:00,37.36,38.84,20.33,18.46,25.34
2016-07-30 08:00:00,41.15,41.61,28.08,25.9,31.24
2016-07-30 08:30:00,50.44,50.54,41.13,37.57,41.16
2016-07-30 09:00:00,43.14,43.05,37.47,34.41,36.07
2016-07-30 09:30:00,40.49,39.42,32.88,30.19,32.57
2016-07-30 10:00:00,33.75,31.81,18.49,16.37,22.13
2016-07-30 10:30:00,36.6,33.81,9.35,8.43,19.2
2016-07-30 11:00:00,31.64,29.18,9.18,8.76,17.79
2016-07-30 11:30:00,27.63,25.85,7.64,7.56,15.48
2016-07-30 12:00:00,30.03,27.32,4.61,4.88,14.86
2016-07-30 12:30:00,31.3,28.22,6.84,6.77,16.52
2016-07-30 13:00:00,31.32,28.18,-2.8,-2.46,11.22
2016-07-30 13:30:00,30.26,27.36,4.36,4.33,14.8
2016-07-30 14:00:00,30.22,27.54,4.55,4.11,14.7
2016-07-30 14:30:00,30.18,27.47,9.12,8.32,17.03
2016-07-30 15:00:00,32.3,29.77,2.56,2.16,14.34
2016-07-30 15:30:00,32.37,30.3,9.1,8.51,18.08
2016-07-30 16:00:00,34.98,33.32,8.44,7.44,18.59
2016-07-30 16:30:00,37.53,36.53,11.45,9.62,20.92
2016-07-30 17:00:00,33.75,34.0,23.03,18.37,24.48
2016-07-30 17:30:00,39.43,40.14,30.08,26.68,31.24
2016-07-30 18:00:00,62.14,61.5,57.81,46.26,51.74
2016-07-30 18:30:00,58.51,57.42,79.99,47.92,50.78
2016-07-30 19:00:00,55.2,55.05,79.99,44.06,46.43
2016-07-30 19:30:00,47.86,48.99,79.99,14.25,25.16
2016-07-30 20:00:00,50.31,50.84,54.57,13.47,27.59
2016-07-30 20:30:00,46.76,48.23,35.31,11.31,25.59
2016-07-30 21:00:00,40.38,42.25,20.51,9.5,22.01
2016-07-30 21:30:00,36.84,37.8,16.6,9.28,20.33
2016-07-30 22:00:00,35.68,36.18,14.82,9.17,19.67
2016-07-30 22:30:00,34.33,35.98,13.16,7.48,18.02
2016-07-30 23:00:00,31.19,32.56,11.59,8.08,17.24
2016-07-30 23:30:00,30.14,30.75,10.26,7.16,17.48
2016-07-31 00:00:00,27.65,27.36,35.94,6.26,18.48
2016-07-31 00:30:00,28.34,28.8,58.42,-3.05,16.53
2016-07-31 01:00:00,28.12,28.63,79.99,-8.73,13.8
2016-07-31 01:30:00,27.33,27.22,58.79,-7.53,14.95
2016-07-31 02:00:00,28.38,27.51,19.27,-16.3,16.8
2016-07-31 02:30:00,26.19,25.01,17.36,-6.12,15.72
2016-07-31 03:00:00,24.41,23.52,18.45,-5.4,15.07
2016-07-31 03:30:00,25.91,24.98,22.92,-12.86,15.75
2016-07-31 04:00:00,23.52,22.69,24.48,-2.87,15.1
2016-07-31 04:30:00,23.65,22.68,24.69,-26.34,14.78
2016-07-31 05:00:00,24.04,22.83,25.86,-32.11,15.05
2016-07-31 05:30:00,26.1,24.84,29.03,8.49,14.59
2016-07-31 06:00:00,26.28,25.38,99.41,5.24,13.35
2016-07-31 06:30:00,28.76,27.29,71.83,9.94,18.09
2016-07-31 07:00:00,27.31,26.44,78.11,21.16,22.1
2016-07-31 07:30:00,31.12,30.79,79.99,23.17,23.3
2016-07-31 08:00:00,33.67,32.94,82.84,28.74,30.95
2016-07-31 08:30:00,44.69,41.9,116.35,39.05,41.51
2016-07-31 09:00:00,52.57,48.12,80.22,46.98,49.7
2016-07-31 09:30:00,51.7,46.63,79.99,46.57,49.22
2016-07-31 10:00:00,40.02,35.36,79.99,35.44,37.51
2016-07-31 10:30:00,39.19,34.51,58.16,34.21,36.12
2016-07-31 11:00:00,36.84,32.11,79.99,32.03,33.9
2016-07-31 11:30:00,30.08,26.48,57.49,26.02,27.49
2016-07-31 12:00:00,26.41,23.78,31.38,21.27,23.28
2016-07-31 12:30:00,26.18,23.59,34.64,20.68,22.86
2016-07-31 13:00:00,26.14,23.47,31.53,17.51,17.5
2016-07-31 13:30:00,24.96,22.57,31.44,16.68,17.51
2016-07-31 14:00:00,23.78,21.43,28.6,14.45,15.97
2016-07-31 14:30:00,25.45,23.38,22.73,13.96,18.45
2016-07-31 15:00:00,27.08,25.2,14.91,10.27,16.96
2016-07-31 15:30:00,26.26,24.98,20.25,15.51,19.53
2016-07-31 16:00:00,31.13,29.75,30.72,23.76,26.47
2016-07-31 16:30:00,35.89,34.12,36.47,28.28,31.03
2016-07-31 17:00:00,48.34,46.23,51.15,39.71,42.95
2016-07-31 17:30:00,54.62,52.74,60.75,48.46,51.45
2016-07-31 18:00:00,100.26,95.78,106.02,88.88,95.27
2016-07-31 18:30:00,150.21,145.46,154.5,135.3,145.02
2016-07-31 19:00:00,94.65,92.6,98.52,83.04,89.25
2016-07-31 19:30:00,74.75,72.29,79.77,66.26,70.59
2016-07-31 20:00:00,52.8,52.37,56.36,47.01,49.69
2016-07-31 20:30:00,43.11,44.18,48.55,37.58,39.94
2016-07-31 21:00:00,37.49,38.34,41.06,31.52,33.76
2016-07-31 21:30:00,35.81,35.93,36.25,29.29,31.47
2016-07-31 22:00:00,33.89,33.68,32.69,27.06,29.22
2016-07-31 22:30:00,31.74,32.38,19.75,15.95,21.85
2016-07-31 23:00:00,30.38,31.65,17.4,14.14,20.38
2016-07-31 23:30:00,28.25,28.72,10.95,9.28,16.82
2016-08-01 00:00:00,27.39,26.96,18.03,15.28,20.27
2016-08-01 00:30:00,26.87,27.25,12.68,10.04,16.77
2016-08-01 01:00:00,25.85,25.97,12.04,9.2,15.8
2016-08-01 01:30:00,26.99,26.67,2.9,1.5,11.71
2016-08-01 02:00:00,26.18,25.3,6.76,4.3,13.21
2016-08-01 02:30:00,23.03,22.09,9.93,7.51,13.78
2016-08-01 03:00:00,25.93,24.96,8.3,6.11,13.92
2016-08-01 03:30:00,26.62,26.63,1.44,0.68,10.65
2016-08-01 04:00:00,25.75,26.19,-3.51,-3.53,7.74
2016-08-01 04:30:00,24.05,24.42,0.46,0.01,9.18
2016-08-01 05:00:00,25.21,25.88,11.14,8.93,14.86
2016-08-01 05:30:00,26.66,26.63,16.99,14.15,18.6
2016-08-01 06:00:00,30.13,30.93,20.97,17.3,21.94
2016-08-01 06:30:00,48.0,52.53,50.03,41.69,44.22
2016-08-01 07:00:00,121.55,125.42,147.98,116.51,122.26
2016-08-01 07:30:00,74.83,77.61,117.95,94.39,71.59
2016-08-01 08:00:00,85.1,85.07,107.9,228.4,81.23
2016-08-01 08:30:00,91.94,87.59,126.6,214.35,92.66
2016-08-01 09:00:00,67.94,64.26,173.65,66.46,69.87
2016-08-01 09:30:00,55.87,52.67,4772.49,150.47,55.65
2016-08-01 10:00:00,56.02,52.19,73.28,53.07,56.02
2016-08-01 10:30:00,62.24,57.01,78.15,59.92,63.27
2016-08-01 11:00:00,56.24,51.24,101.21,65.91,69.7
2016-08-01 11:30:00,47.93,44.01,72.5,47.49,49.97
2016-08-01 12:00:00,41.49,37.86,57.87,54.1,41.41
2016-08-01 12:30:00,37.91,34.82,47.83,34.4,36.5
2016-08-01 13:00:00,36.51,33.77,51.54,32.76,34.92
2016-08-01 13:30:00,37.85,35.39,68.17,34.69,37.06
2016-08-01 14:00:00,34.43,33.16,56.24,30.79,32.86
2016-08-01 14:30:00,39.4,38.34,70.71,36.37,38.71
2016-08-01 15:00:00,41.96,41.58,66.9,39.29,41.56
2016-08-01 15:30:00,38.73,38.84,41.7,34.14,36.26
2016-08-01 16:00:00,42.04,42.65,47.13,38.44,40.74
2016-08-01 16:30:00,46.3,47.9,52.19,41.34,44.1
2016-08-01 17:00:00,47.61,50.94,48.67,41.64,44.15
2016-08-01 17:30:00,80.28,82.58,95.81,72.4,77.32
2016-08-01 18:00:00,104.34,140.95,123.2,92.32,98.87
2016-08-01 18:30:00,105.83,110.9,133.75,93.45,99.9
2016-08-01 19:00:00,87.59,90.84,132.13,76.33,81.28
2016-08-01 19:30:00,58.08,59.36,124.99,52.63,55.57
2016-08-01 20:00:00,51.55,53.39,96.02,45.79,48.77
2016-08-01 20:30:00,40.58,42.38,87.49,33.34,35.76
2016-08-01 21:00:00,39.12,40.8,79.99,31.44,33.73
2016-08-01 21:30:00,36.51,37.72,70.44,29.58,31.82
2016-08-01 22:00:00,33.54,34.28,40.73,28.33,30.39
2016-08-01 22:30:00,36.21,40.83,29.97,24.5,28.82
2016-08-01 23:00:00,32.61,46.33,19.56,15.79,21.43
2016-08-01 23:30:00,30.64,32.12,12.19,10.35,16.06
2016-08-02 00:00:00,32.61,32.79,30.72,9.68,10.65
2016-08-02 00:30:00,26.49,26.88,39.06,15.24,18.88
2016-08-02 01:00:00,26.87,26.58,11.63,6.29,14.56
2016-08-02 01:30:00,26.21,24.96,4.21,3.45,12.47
2016-08-02 02:00:00,26.24,24.62,10.68,8.75,15.51
2016-08-02 02:30:00,26.25,24.53,9.47,7.6,14.81
2016-08-02 03:00:00,26.89,25.49,8.21,5.97,14.24
2016-08-02 03:30:00,26.26,24.93,6.19,4.34,12.95
2016-08-02 04:00:00,26.22,25.0,1.6,0.57,10.68
2016-08-02 04:30:00,26.72,24.74,-1.56,-2.14,9.29
2016-08-02 05:00:00,24.88,22.67,8.93,6.98,13.89
2016-08-02 05:30:00,30.7,29.33,15.86,12.65,19.57
2016-08-02 06:00:00,33.2,33.51,15.32,12.87,20.8
2016-08-02 06:30:00,42.37,44.96,38.36,33.7,37.28
2016-08-02 07:00:00,114.67,121.0,125.76,107.05,114.98
2016-08-02 07:30:00,102.8,105.66,119.77,94.32,101.79
2016-08-02 08:00:00,97.84,99.57,124.99,87.84,94.15
2016-08-02 08:30:00,91.41,90.94,125.32,83.08,89.13
2016-08-02 09:00:00,67.28,66.07,124.99,63.11,67.3
2016-08-02 09:30:00,56.66,56.24,107.08,53.61,56.95
2016-08-02 10:00:00,47.07,47.22,124.99,44.71,47.17
2016-08-02 10:30:00,46.23,45.56,60.03,42.21,45.04
2016-08-02 11:00:00,44.83,44.64,66.27,41.97,44.38
2016-08-02 11:30:00,37.2,37.68,42.08,33.4,35.2
2016-08-02 12:00:00,36.96,37.59,36.22,30.9,32.64
2016-08-02 12:30:00,38.32,39.32,37.26,31.3,33.19
2016-08-02 13:00:00,41.22,42.13,47.07,34.04,35.96
2016-08-02 13:30:00,37.14,38.05,39.33,29.24,32.0
2016-08-02 14:00:00,37.12,38.01,43.65,29.16,32.0
2016-08-02 14:30:00,37.23,38.02,41.14,29.16,32.0
2016-08-02 15:00:00,38.32,39.26,40.56,29.61,32.61
2016-08-02 15:30:00,40.27,41.5,50.03,30.7,33.86
2016-08-02 16:00:00,44.19,46.01,71.22,33.51,36.94
2016-08-02 16:30:00,49.05,52.15,79.99,36.18,39.61
2016-08-02 17:00:00,63.89,66.54,84.66,50.12,54.42
2016-08-02 17:30:00,81.07,80.61,119.49,66.05,71.78
2016-08-02 18:00:00,107.84,106.26,140.27,85.02,93.43
2016-08-02 18:30:00,113.34,111.4,160.49,91.17,99.9
2016-08-02 19:00:00,109.38,108.31,132.89,88.79,96.5
2016-08-02 19:30:00,89.28,86.53,124.02,75.07,80.9
2016-08-02 20:00:00,76.7,73.57,123.83,65.58,69.75
2016-08-02 20:30:00,82.42,79.62,124.99,66.78,71.72
2016-08-02 21:00:00,75.1,71.89,136.89,64.87,69.12
2016-08-02 21:30:00,57.11,55.35,119.99,50.44,53.32
2016-08-02 22:00:00,35.47,33.99,91.66,30.85,32.85
2016-08-02 22:30:00,40.02,38.89,82.49,35.95,38.71
2016-08-02 23:00:00,42.48,44.23,79.99,38.95,42.19
2016-08-02 23:30:00,38.25,39.62,41.68,33.84,37.0
2016-08-03 00:00:00,36.6,35.58,43.21,33.04,36.33
2016-08-03 00:30:00,31.45,29.64,71.82,27.74,30.41
2016-08-03 01:00:00,29.13,26.84,79.99,22.39,22.87
2016-08-03 01:30:00,24.95,22.5,72.64,19.68,20.96
2016-08-03 02:00:00,16.76,15.12,19.75,13.69,15.18
2016-08-03 02:30:00,17.12,15.59,20.33,13.74,15.15
2016-08-03 03:00:00,16.04,14.61,16.78,12.01,12.79
2016-08-03 03:30:00,21.88,19.65,21.45,13.07,11.45
2016-08-03 04:00:00,22.02,19.37,21.59,14.2,13.35
2016-08-03 04:30:00,23.95,20.91,25.38,14.91,13.35
2016-08-03 05:00:00,23.02,19.91,25.82,13.06,10.5
2016-08-03 05:30:00,24.81,22.16,28.23,20.39,22.2
2016-08-03 06:00:00,29.58,28.07,34.44,25.29,27.28
2016-08-03 06:30:00,41.44,42.95,62.96,38.27,40.53
2016-08-03 07:00:00,103.06,108.5,136.38,99.24,105.66
2016-08-03 07:30:00,92.96,96.77,121.09,84.58,90.35
2016-08-03 08:00:00,101.23,104.01,124.99,92.86,98.5
2016-08-03 08:30:00,99.73,97.84,124.99,93.81,99.64
2016-08-03 09:00:00,60.84,58.05,124.77,55.95,59.29
2016-08-03 09:30:00,55.72,53.23,123.91,51.31,53.94
2016-08-03 10:00:00,42.11,39.58,103.72,48.15,41.01
2016-08-03 10:30:00,46.11,42.22,79.99,42.49,44.69
2016-08-03 11:00:00,38.78,35.6,76.02,34.84,36.69
2016-08-03 11:30:00,35.19,32.27,66.53,31.26,32.97
2016-08-03 12:00:00,36.32,32.95,72.5,46.8,34.66
2016-08-03 12:30:00,38.97,35.05,79.99,35.28,37.09
2016-08-03 13:00:00,38.19,34.4,79.99,33.81,35.83
2016-08-03 13:30:00,39.14,35.47,79.99,34.16,36.34
2016-08-03 14:00:00,39.81,36.29,79.99,34.98,37.18
2016-08-03 14:30:00,41.24,38.12,79.99,36.84,38.97
2016-08-03 15:00:00,44.31,41.57,79.99,40.5,42.87
2016-08-03 15:30:00,43.13,41.38,79.99,37.81,39.97
2016-08-03 16:00:00,57.25,54.93,79.99,51.12,54.09
2016-08-03 16:30:00,67.3,64.89,80.59,58.65,62.05
2016-08-03 17:00:00,85.9,81.21,94.33,74.52,79.65
2016-08-03 17:30:00,84.97,79.92,91.24,71.99,77.05
2016-08-03 18:00:00,163.87,154.8,174.12,138.53,149.73
2016-08-03 18:30:00,126.98,122.1,130.77,106.66,115.2
2016-08-03 19:00:00,114.17,111.16,121.13,95.56,103.35
2016-08-03 19:30:00,102.29,98.79,112.87,87.92,95.14
2016-08-03 20:00:00,100.8,96.62,122.18,87.19,94.49
2016-08-03 20:30:00,138.36,131.53,148.39,114.19,123.24
2016-08-03 21:00:00,85.04,80.05,124.16,73.92,79.46
2016-08-03 21:30:00,77.29,74.73,117.63,70.52,75.15
2016-08-03 22:00:00,53.97,52.98,101.84,51.87,54.69
2016-08-03 22:30:00,80.88,84.28,93.98,74.81,81.01
2016-08-03 23:00:00,60.06,64.09,81.07,56.36,60.74
2016-08-03 23:30:00,44.34,47.19,50.95,43.04,46.44
2016-08-04 00:00:00,39.29,40.08,48.11,38.6,42.04
2016-08-04 00:30:00,36.15,35.73,74.73,34.41,37.66
2016-08-04 01:00:00,34.64,32.94,79.99,33.03,36.07
2016-08-04 01:30:00,28.41,26.26,79.99,26.19,28.61
2016-08-04 02:00:00,26.41,23.76,71.81,23.23,25.45
2016-08-04 02:30:00,18.79,17.04,19.51,15.15,16.49
2016-08-04 03:00:00,17.01,15.47,16.79,13.25,14.43
2016-08-04 03:30:00,18.83,17.19,17.52,13.88,15.71
2016-08-04 04:00:00,18.77,17.22,18.59,15.06,16.41
2016-08-04 04:30:00,18.93,17.39,18.38,15.2,16.58
2016-08-04 05:00:00,22.5,20.61,22.52,18.15,19.89
2016-08-04 05:30:00,25.68,23.94,26.68,21.49,23.4
2016-08-04 06:00:00,29.0,28.07,32.0,25.88,27.89
2016-08-04 06:30:00,42.84,45.08,50.47,40.21,42.84
2016-08-04 07:00:00,84.42,87.69,103.96,82.75,88.35
2016-08-04 07:30:00,85.4,88.65,115.54,82.37,88.07
2016-08-04 08:00:00,101.3,101.05,121.24,96.99,103.74
2016-08-04 08:30:00,96.2,92.03,121.59,94.51,101.12
2016-08-04 09:00:00,74.0,66.91,104.94,75.94,80.71
2016-08-04 09:30:00,51.27,46.42,80.38,63.11,66.49
2016-08-04 10:00:00,39.76,36.9,79.35,38.2,40.17
2016-08-04 10:30:00,41.83,38.84,79.99,39.62,41.7
2016-08-04 11:00:00,35.62,32.82,116.66,32.12,34.19
2016-08-04 11:30:00,32.63,29.39,124.99,29.63,31.56
2016-08-04 12:00:00,30.19,27.18,131.15,27.12,29.11
2016-08-04 12:30:00,29.22,26.32,142.98,26.81,28.73
2016-08-04 13:00:00,29.15,26.45,130.61,27.36,29.0
2016-08-04 13:30:00,29.14,26.74,154.2,27.52,29.0
2016-08-04 14:00:00,29.2,27.16,154.02,27.52,29.0
2016-08-04 14:30:00,30.06,28.17,136.22,28.15,29.57
2016-08-04 15:00:00,31.72,30.02,109.99,29.25,30.76
2016-08-04 15:30:00,33.75,32.63,79.99,30.48,32.06
2016-08-04 16:00:00,38.27,37.34,79.99,34.3,36.04
2016-08-04 16:30:00,50.95,50.4,87.49,45.58,47.97
2016-08-04 17:00:00,50.49,48.27,79.99,46.33,48.91
2016-08-04 17:30:00,58.51,54.57,116.76,68.27,60.16
2016-08-04 18:00:00,97.24,91.09,124.77,92.93,93.08
2016-08-04 18:30:00,105.55,100.46,143.09,98.37,102.59
2016-08-04 19:00:00,97.54,92.81,134.16,88.29,94.44
2016-08-04 19:30:00,72.12,69.62,124.33,69.74,70.85
2016-08-04 20:00:00,73.73,70.83,121.95,66.88,70.02
2016-08-04 20:30:00,83.91,80.26,110.75,72.28,76.74
2016-08-04 21:00:00,75.44,69.56,99.17,66.01,70.7
2016-08-04 21:30:00,58.58,55.62,124.96,53.76,56.83
2016-08-04 22:00:00,45.23,44.79,117.88,40.89,43.25
2016-08-04 22:30:00,68.66,69.02,93.97,63.56,67.45
2016-08-04 23:00:00,69.83,70.16,90.34,68.1,73.62
2016-08-04 23:30:00,46.45,46.34,54.36,46.08,49.73
2016-08-05 00:00:00,43.62,42.76,54.02,44.08,47.74
2016-08-05 00:30:00,38.89,37.11,49.53,37.94,41.21
2016-08-05 01:00:00,34.3,31.89,43.77,31.91,34.76
2016-08-05 01:30:00,28.4,25.47,33.63,25.37,27.66
2016-08-05 02:00:00,27.75,24.16,32.8,24.13,26.33
2016-08-05 02:30:00,26.33,23.07,31.87,22.9,24.99
2016-08-05 03:00:00,26.24,23.18,29.36,22.71,24.75
2016-08-05 03:30:00,24.62,21.76,25.87,20.76,22.6
2016-08-05 04:00:00,24.29,21.39,24.65,20.16,21.93
2016-08-05 04:30:00,25.26,22.38,24.4,20.83,22.57
2016-08-05 05:00:00,25.68,23.06,24.02,21.2,22.9
2016-08-05 05:30:00,28.2,26.14,25.9,23.72,25.53
2016-08-05 06:00:00,30.47,30.02,29.94,26.89,28.75
2016-08-05 06:30:00,50.12,51.82,54.6,48.04,50.71
2016-08-05 07:00:00,186.18,193.92,189.01,172.57,186.87
2016-08-05 07:30:00,70.55,71.72,77.13,66.3,70.4
2016-08-05 08:00:00,99.64,96.4,112.92,95.81,101.41
2016-08-05 08:30:00,95.05,88.25,116.33,93.52,99.89
2016-08-05 09:00:00,62.66,56.72,83.37,64.81,69.37
2016-08-05 09:30:00,62.13,55.7,88.69,69.09,72.48
2016-08-05 10:00:00,50.17,45.81,73.07,49.5,52.25
2016-08-05 10:30:00,59.34,53.51,81.08,63.21,66.81
2016-08-05 11:00:00,47.54,43.68,57.64,47.31,47.52
2016-08-05 11:30:00,37.41,34.3,41.43,45.35,35.87
2016-08-05 12:00:00,41.24,37.73,58.93,46.59,49.47
2016-08-05 12:30:00,41.13,37.46,93.15,72.45,79.25
2016-08-05 13:00:00,41.24,37.46,59.99,49.73,53.47
2016-08-05 13:30:00,40.38,36.66,64.72,53.75,57.83
2016-08-05 14:00:00,39.29,35.4,80.18,67.06,72.76
2016-08-05 14:30:00,39.88,36.03,80.51,67.14,72.76
2016-08-05 15:00:00,39.79,36.17,60.98,50.8,54.59
2016-08-05 15:30:00,41.11,37.94,81.08,66.86,71.85
2016-08-05 16:00:00,46.39,43.98,80.19,66.97,72.47
2016-08-05 16:30:00,60.9,58.17,83.68,71.31,77.99
2016-08-05 17:00:00,63.37,62.22,77.1,66.49,71.15
2016-08-05 17:30:00,78.92,73.15,91.39,77.89,84.34
2016-08-05 18:00:00,103.45,96.64,117.19,98.67,106.93
2016-08-05 18:30:00,130.27,122.83,156.9,127.12,137.15
2016-08-05 19:00:00,98.17,92.92,119.88,95.47,102.98
2016-08-05 19:30:00,94.56,88.89,113.48,91.49,98.74
2016-08-05 20:00:00,98.98,93.25,114.22,92.72,100.66
2016-08-05 20:30:00,105.34,98.67,118.57,95.62,104.69
2016-08-05 21:00:00,94.89,88.86,107.97,87.87,96.08
2016-08-05 21:30:00,87.08,80.79,101.11,80.94,87.88
2016-08-05 22:00:00,66.22,61.15,77.83,64.31,67.67
2016-08-05 22:30:00,109.95,105.33,117.24,99.71,108.68
2016-08-05 23:00:00,78.15,75.45,86.6,73.65,79.42
2016-08-05 23:30:00,97.42,91.96,106.57,91.73,99.97
2016-08-06 00:00:00,70.81,65.33,83.71,70.23,76.51
2016-08-06 00:30:00,53.27,50.02,66.69,52.69,57.29
2016-08-06 01:00:00,41.74,38.69,81.19,60.46,65.9
2016-08-06 01:30:00,33.18,29.77,84.84,59.36,64.66
2016-08-06 02:00:00,30.85,27.02,55.53,34.47,37.33
2016-08-06 02:30:00,36.1,31.36,103.87,39.63,42.94
2016-08-06 03:00:00,29.96,25.91,42.57,28.04,30.33
2016-08-06 03:30:00,29.14,25.23,35.07,26.55,28.75
2016-08-06 04:00:00,26.95,23.36,31.8,24.2,26.17
2016-08-06 04:30:00,29.89,26.09,34.17,26.11,28.06
2016-08-06 05:00:00,33.06,29.36,36.99,28.29,30.4
2016-08-06 05:30:00,45.62,40.16,50.42,39.22,42.14
2016-08-06 06:00:00,47.51,42.98,56.75,42.41,45.43
2016-08-06 06:30:00,40.53,38.28,67.13,36.85,39.25
2016-08-06 07:00:00,40.62,39.57,79.99,38.14,40.39
2016-08-06 07:30:00,46.25,44.63,81.27,42.83,45.07
2016-08-06 08:00:00,57.88,54.08,89.12,55.07,57.8
2016-08-06 08:30:00,68.72,62.52,124.99,65.1,68.54
2016-08-06 09:00:00,73.96,66.03,124.99,70.38,74.42
2016-08-06 09:30:00,80.88,70.96,125.1,77.18,81.89
2016-08-06 10:00:00,59.59,52.21,117.97,65.17,68.44
2016-08-06 10:30:00,58.5,50.78,99.25,64.56,68.18
2016-08-06 11:00:00,53.5,47.09,78.42,52.4,55.73
2016-08-06 11:30:00,42.74,38.08,60.08,41.4,43.94
2016-08-06 12:00:00,42.77,37.97,53.08,40.32,42.96
2016-08-06 12:30:00,43.13,37.43,51.61,39.33,42.07
2016-08-06 13:00:00,45.49,39.38,52.58,40.1,43.12
2016-08-06 13:30:00,49.78,43.17,56.81,43.97,47.17
2016-08-06 14:00:00,45.49,39.46,51.43,39.81,42.34
2016-08-06 14:30:00,43.12,37.3,47.98,37.21,39.53
2016-08-06 15:00:00,47.99,41.83,54.91,42.17,44.69
2016-08-06 15:30:00,53.52,47.47,62.98,47.41,50.19
2016-08-06 16:00:00,52.79,47.66,68.6,47.57,50.14
2016-08-06 16:30:00,55.62,50.98,74.07,50.58,53.13
2016-08-06 17:00:00,62.17,57.89,87.86,58.91,61.48
2016-08-06 17:30:00,60.68,55.28,103.67,58.16,61.02
2016-08-06 18:00:00,88.15,77.25,119.67,80.95,85.39
2016-08-06 18:30:00,101.82,88.82,125.96,92.85,98.36
2016-08-06 19:00:00,84.8,75.75,129.92,78.54,83.01
2016-08-06 19:30:00,62.81,56.03,124.99,61.67,64.03
2016-08-06 20:00:00,60.48,55.14,124.99,58.17,61.09
2016-08-06 20:30:00,67.55,63.41,117.49,63.61,66.94
2016-08-06 21:00:00,52.6,50.28,79.99,50.43,52.7
2016-08-06 21:30:00,44.16,42.78,79.99,42.54,44.03
2016-08-06 22:00:00,52.0,49.4,89.35,51.03,52.79
2016-08-06 22:30:00,54.6,53.34,101.05,51.9,54.49
2016-08-06 23:00:00,48.88,49.18,92.89,43.78,42.56
2016-08-06 23:30:00,49.45,48.41,61.15,46.98,50.14
2016-08-07 00:00:00,44.81,42.62,57.68,42.38,45.49
2016-08-07 00:30:00,47.8,44.84,58.4,43.85,47.21
2016-08-07 01:00:00,38.47,35.37,42.43,32.86,34.98
2016-08-07 01:30:00,35.81,32.25,32.66,26.29,25.6
2016-08-07 02:00:00,33.87,29.52,19.86,15.85,19.59
2016-08-07 02:30:00,27.45,23.7,14.75,11.83,17.64
2016-08-07 03:00:00,26.65,23.12,11.61,9.17,15.7
2016-08-07 03:30:00,26.62,23.16,11.93,9.51,15.79
2016-08-07 04:00:00,26.6,23.17,11.1,8.89,15.39
2016-08-07 04:30:00,25.88,23.17,11.58,9.46,15.47
2016-08-07 05:00:00,18.78,16.9,9.96,8.43,12.13
2016-08-07 05:30:00,21.15,19.03,10.22,8.48,13.06
2016-08-07 06:00:00,25.19,23.01,11.39,9.23,15.07
2016-08-07 06:30:00,22.9,21.31,12.02,9.68,14.51
2016-08-07 07:00:00,20.91,19.55,12.46,9.94,13.95
2016-08-07 07:30:00,26.8,24.85,15.24,11.85,16.8
2016-08-07 08:00:00,28.46,26.33,21.47,17.45,21.13
2016-08-07 08:30:00,31.13,29.06,31.5,31.95,26.67
2016-08-07 09:00:00,35.7,33.14,36.63,83.5,30.18
2016-08-07 09:30:00,36.81,33.43,37.57,30.3,31.56
2016-08-07 10:00:00,31.89,28.22,33.33,26.74,27.91
2016-08-07 10:30:00,28.45,24.92,30.19,24.52,25.63
2016-08-07 11:00:00,29.16,25.37,30.97,39.07,24.44
2016-08-07 11:30:00,20.95,17.89,21.04,16.9,16.28
2016-08-07 12:00:00,23.62,20.06,20.1,33.1,16.86
2016-08-07 12:30:00,22.94,19.13,15.71,12.19,15.78
2016-08-07 13:00:00,20.42,17.25,11.53,9.14,13.23
2016-08-07 13:30:00,20.95,17.42,10.89,9.02,13.43
2016-08-07 14:00:00,22.91,19.41,10.41,8.58,13.96
2016-08-07 14:30:00,24.08,20.65,9.21,7.94,14.05
2016-08-07 15:00:00,24.75,21.4,10.67,9.23,15.08
2016-08-07 15:30:00,25.01,22.11,12.2,10.25,15.76
2016-08-07 16:00:00,29.35,26.65,19.23,15.86,20.71
2016-08-07 16:30:00,30.7,29.02,23.81,19.44,22.24
2016-08-07 17:00:00,49.97,48.84,52.07,42.64,44.9
2016-08-07 17:30:00,55.36,52.98,62.98,48.57,51.51
2016-08-07 18:00:00,93.67,88.34,104.3,80.33,85.1
2016-08-07 18:30:00,114.64,109.11,122.05,95.84,100.86
2016-08-07 19:00:00,110.47,106.87,113.35,91.51,96.8
2016-08-07 19:30:00,79.0,75.65,83.55,69.26,72.5
2016-08-07 20:00:00,73.25,70.03,81.29,66.08,69.12
2016-08-07 20:30:00,66.02,63.84,74.71,60.25,63.03
2016-08-07 21:00:00,53.87,51.82,60.18,49.78,52.11
2016-08-07 21:30:00,39.64,39.82,40.87,35.0,36.7
2016-08-07 22:00:00,34.62,34.12,30.43,26.72,29.39
2016-08-07 22:30:00,34.01,34.26,22.12,19.25,24.74
2016-08-07 23:00:00,30.16,30.21,14.28,12.23,19.05
2016-08-07 23:30:00,32.66,32.11,13.79,12.44,20.46
2016-08-08 00:00:00,29.44,27.7,20.13,17.59,22.46
2016-08-08 00:30:00,29.06,27.19,24.87,22.19,24.95
2016-08-08 01:00:00,28.63,26.47,21.33,19.02,22.78
2016-08-08 01:30:00,26.18,23.58,12.64,11.17,17.04
2016-08-08 02:00:00,25.4,22.27,9.54,8.52,14.99
2016-08-08 02:30:00,20.81,17.84,10.05,9.86,13.7
2016-08-08 03:00:00,20.75,17.6,6.95,6.54,11.88
2016-08-08 03:30:00,19.34,16.36,6.16,5.89,10.9
2016-08-08 04:00:00,20.74,17.57,2.09,1.93,9.17
2016-08-08 04:30:00,20.95,17.79,-4.15,-3.61,5.91
2016-08-08 05:00:00,24.12,20.86,-0.78,-0.39,9.01
2016-08-08 05:30:00,21.52,19.59,8.77,8.21,13.23
2016-08-08 06:00:00,26.14,25.12,7.68,7.33,14.63
2016-08-08 06:30:00,42.58,44.03,11.83,10.67,23.53
2016-08-08 07:00:00,194.51,195.89,33.26,27.24,99.74
2016-08-08 07:30:00,57.51,58.27,48.35,44.59,49.41
2016-08-08 08:00:00,65.5,65.56,59.89,54.91,57.78
2016-08-08 08:30:00,47.78,46.51,43.68,54.82,41.96
2016-08-08 09:00:00,38.53,37.18,33.48,38.96,32.66
2016-08-08 09:30:00,39.36,38.74,33.52,33.84,33.3
2016-08-08 10:00:00,36.78,35.41,27.9,43.59,29.43
2016-08-08 10:30:00,36.5,33.82,23.4,31.97,29.8
2016-08-08 11:00:00,33.28,30.14,19.02,16.25,27.87
2016-08-08 11:30:00,32.62,29.47,18.16,41.92,27.96
2016-08-08 12:00:00,30.63,28.03,18.08,49.94,26.81
2016-08-08 12:30:00,33.24,30.82,18.87,41.19,28.43
2016-08-08 13:00:00,33.54,31.7,13.47,19.75,27.22
2016-08-08 13:30:00,33.39,31.88,0.92,10.91,24.23
2016-08-08 14:00:00,42.35,39.79,4.05,56.98,32.71
2016-08-08 14:30:00,31.65,30.05,1.63,23.23,23.75
2016-08-08 15:00:00,28.64,27.38,-0.19,96.63,20.85
2016-08-08 15:30:00,28.48,27.62,5.61,33.65,21.3
2016-08-08 16:00:00,30.13,29.93,7.81,1.08,21.85
2016-08-08 16:30:00,34.7,35.4,13.25,5.98,25.52
2016-08-08 17:00:00,36.81,38.98,36.22,36.2,31.83
2016-08-08 17:30:00,48.45,49.52,55.18,46.19,41.45
2016-08-08 18:00:00,91.37,92.56,96.82,78.03,81.45
2016-08-08 18:30:00,100.07,102.04,119.99,88.31,93.13
2016-08-08 19:00:00,99.8,101.92,112.57,88.08,93.0
2016-08-08 19:30:00,87.75,87.22,91.38,73.49,77.34
2016-08-08 20:00:00,59.6,59.77,62.33,49.75,52.31
2016-08-08 20:30:00,48.82,49.95,49.43,40.28,42.36
2016-08-08 21:00:00,40.65,41.99,39.39,33.01,34.75
2016-08-08 21:30:00,38.12,38.95,35.1,30.19,31.8
2016-08-08 22:00:00,36.61,36.82,30.96,27.12,29.44
2016-08-08 22:30:00,44.28,48.43,27.12,23.61,31.1
2016-08-08 23:00:00,37.25,39.66,19.16,16.58,24.54
2016-08-08 23:30:00,36.73,37.68,18.36,17.04,24.96
2016-08-09 00:00:00,32.39,31.42,28.86,24.24,27.24
2016-08-09 00:30:00,29.59,27.96,24.41,20.17,23.66
2016-08-09 01:00:00,29.96,27.69,12.26,9.85,17.81
2016-08-09 01:30:00,28.34,25.48,0.57,-0.23,11.13
2016-08-09 02:00:00,26.52,23.28,12.98,11.23,17.0
2016-08-09 02:30:00,25.18,21.96,10.14,8.45,14.77
2016-08-09 03:00:00,23.64,20.84,8.25,7.33,13.24
2016-08-09 03:30:00,21.83,19.28,-3.02,-2.5,6.65
2016-08-09 04:00:00,19.33,16.93,-13.9,-9.69,-0.04
2016-08-09 04:30:00,22.91,20.16,-13.32,-10.85,1.65
2016-08-09 05:00:00,25.79,22.8,-4.72,-3.07,7.46
2016-08-09 05:30:00,28.07,26.02,21.34,20.23,22.97
2016-08-09 06:00:00,30.37,29.75,23.55,22.52,25.11
2016-08-09 06:30:00,44.87,46.96,34.72,42.58,37.55
2016-08-09 07:00:00,73.58,77.82,61.44,57.63,63.31
2016-08-09 07:30:00,73.94,78.97,69.54,61.14,63.99
2016-08-09 08:00:00,99.33,99.62,109.65,87.29,91.49
2016-08-09 08:30:00,66.81,65.25,74.04,62.76,59.95
2016-08-09 09:00:00,43.54,43.08,46.61,51.35,38.84
2016-08-09 09:30:00,39.9,39.26,44.96,33.22,35.48
2016-08-09 10:00:00,36.71,35.4,31.76,26.56,30.15
2016-08-09 10:30:00,34.06,31.99,22.85,19.25,25.7
2016-08-09 11:00:00,33.01,31.06,14.0,11.8,21.01
2016-08-09 11:30:00,28.73,27.02,10.21,8.6,17.38
2016-08-09 12:00:00,33.54,31.11,10.24,8.13,19.08
2016-08-09 12:30:00,30.7,28.35,9.87,7.49,17.63
2016-08-09 13:00:00,33.4,30.76,11.97,9.22,21.05
2016-08-09 13:30:00,38.51,35.3,-89.43,5.67,-28.26
2016-08-09 14:00:00,33.92,31.15,5.21,3.85,18.37
2016-08-09 14:30:00,29.89,28.09,5.15,4.29,15.06
2016-08-09 15:00:00,29.46,27.86,7.68,6.28,16.06
2016-08-09 15:30:00,30.23,29.13,11.82,9.72,18.28
2016-08-09 16:00:00,29.57,28.97,11.43,9.48,17.88
2016-08-09 16:30:00,32.8,33.18,12.65,9.64,19.43
2016-08-09 17:00:00,31.92,33.02,15.39,24.43,20.28
2016-08-09 17:30:00,45.26,46.06,35.89,30.13,36.04
2016-08-09 18:00:00,77.45,77.77,76.84,64.82,69.14
2016-08-09 18:30:00,93.23,93.72,94.03,77.7,83.8
2016-08-09 19:00:00,91.89,93.01,97.65,77.3,83.45
2016-08-09 19:30:00,45.65,46.59,71.41,36.85,39.02
2016-08-09 20:00:00,39.76,40.56,56.79,30.83,32.45
2016-08-09 20:30:00,38.57,39.94,42.05,25.2,28.94
2016-08-09 21:00:00,38.84,40.22,38.32,26.26,28.01
2016-08-09 21:30:00,35.74,36.66,35.02,20.0,24.68
2016-08-09 22:00:00,30.39,31.01,24.46,12.13,19.49
2016-08-09 22:30:00,47.84,54.21,21.21,3.83,22.03
2016-08-09 23:00:00,30.4,32.22,11.38,1.28,13.23
2016-08-09 23:30:00,30.93,31.72,1.02,-0.26,12.69
2016-08-10 00:00:00,28.59,27.72,68.21,6.47,13.12
2016-08-10 00:30:00,23.64,22.47,17.25,2.66,10.95
2016-08-10 01:00:00,26.52,24.48,5.23,0.57,11.27
2016-08-10 01:30:00,19.43,17.43,3.83,0.3,9.25
2016-08-10 02:00:00,18.4,16.21,1.47,-0.35,7.75
2016-08-10 02:30:00,10.46,9.27,-3.8,-4.37,1.98
2016-08-10 03:00:00,16.06,14.48,-16.21,-9.71,-2.24
2016-08-10 03:30:00,17.74,15.87,-16.31,-13.13,-1.65
2016-08-10 04:00:00,10.72,9.84,-23.27,-12.17,-8.1
2016-08-10 04:30:00,15.06,13.9,-20.0,-13.31,-4.69
2016-08-10 05:00:00,24.23,22.16,-11.36,-11.86,3.33
2016-08-10 05:30:00,18.77,17.64,-3.17,-3.09,5.57
2016-08-10 06:00:00,25.85,25.32,8.63,7.15,14.48
2016-08-10 06:30:00,32.09,32.95,11.86,9.45,18.63
2016-08-10 07:00:00,40.79,43.37,15.29,12.82,24.7
2016-08-10 07:30:00,39.45,48.78,25.53,23.96,29.99
2016-08-10 08:00:00,43.68,46.23,94.46,33.91,36.02
2016-08-10 08:30:00,37.42,38.67,119.99,30.57,32.6
2016-08-10 09:00:00,33.8,33.83,69.99,21.57,26.37
2016-08-10 09:30:00,33.88,32.98,45.92,19.68,26.05
2016-08-10 10:00:00,30.97,29.89,22.54,11.1,19.93
2016-08-10 10:30:00,28.96,27.42,9.67,6.25,16.06
2016-08-10 11:00:00,25.96,24.15,0.39,-0.25,10.93
2016-08-10 11:30:00,26.09,23.92,-1.83,-1.99,9.92
2016-08-10 12:00:00,24.79,22.42,-45.09,-0.25,10.4
2016-08-10 12:30:00,23.21,21.0,-37.65,-0.23,9.78
2016-08-10 13:00:00,23.37,21.18,-45.43,12.62,17.12
2016-08-10 13:30:00,27.14,24.72,-35.1,8.04,16.19
2016-08-10 14:00:00,27.83,25.6,-34.92,8.09,16.79
2016-08-10 14:30:00,28.15,26.36,15.45,15.03,20.76
2016-08-10 15:00:00,27.21,26.15,16.14,15.03,20.39
2016-08-10 15:30:00,27.51,26.85,16.27,15.28,20.56
2016-08-10 16:00:00,30.81,30.85,19.46,17.82,23.52
2016-08-10 16:30:00,29.39,30.56,27.7,25.3,27.1
2016-08-10 17:00:00,31.04,32.41,31.44,27.63,29.23
2016-08-10 17:30:00,34.07,35.43,34.2,29.92,31.37
2016-08-10 18:00:00,60.35,61.73,65.46,54.5,57.35
2016-08-10 18:30:00,65.6,67.47,79.99,61.34,64.56
2016-08-10 19:00:00,51.04,53.33,79.99,46.6,49.23
2016-08-10 19:30:00,38.75,40.54,69.99,40.06,36.04
2016-08-10 20:00:00,39.28,40.81,56.27,35.54,37.51
2016-08-10 20:30:00,39.37,41.03,46.61,79.76,36.84
2016-08-10 21:00:00,34.75,35.72,40.99,56.53,32.0
2016-08-10 21:30:00,34.3,35.52,39.43,29.94,31.8
2016-08-10 22:00:00,29.64,30.59,30.84,20.58,24.36
2016-08-10 22:30:00,41.42,44.78,29.53,13.15,25.22
2016-08-10 23:00:00,29.58,31.53,19.42,10.23,18.48
2016-08-10 23:30:00,30.5,31.49,9.92,8.65,18.02
2016-08-11 00:00:00,27.12,26.34,16.55,14.74,20.37
2016-08-11 00:30:00,27.93,26.55,23.37,19.99,23.8
2016-08-11 01:00:00,26.8,24.73,10.71,5.95,16.17
2016-08-11 01:30:00,27.47,24.7,0.0,-0.16,0.0
2016-08-11 02:00:00,25.55,22.18,-2.5,-2.48,-2.56
2016-08-11 02:30:00,20.56,17.82,3.02,-0.05,3.07
2016-08-11 03:00:00,17.21,15.37,5.89,-0.42,6.64
2016-08-11 03:30:00,8.44,7.68,-3.08,0.07,4.37
2016-08-11 04:00:00,13.63,13.03,-6.3,-5.87,2.0
2016-08-11 04:30:00,16.84,16.09,7.37,4.84,10.55
2016-08-11 05:00:00,16.03,14.67,9.42,5.24,11.19
2016-08-11 05:30:00,20.16,18.93,13.43,10.43,14.84
2016-08-11 06:00:00,27.69,26.93,19.78,16.05,20.84
2016-08-11 06:30:00,40.36,41.64,39.77,33.0,35.87
2016-08-11 07:00:00,78.15,81.66,101.83,71.43,76.87
2016-08-11 07:30:00,56.81,58.93,140.49,73.32,54.46
2016-08-11 08:00:00,75.1,73.75,126.82,68.31,72.59
2016-08-11 08:30:00,57.65,55.31,119.99,52.78,56.59
2016-08-11 09:00:00,37.19,36.1,119.99,34.19,36.73
2016-08-11 09:30:00,35.68,34.09,119.99,32.7,35.03
2016-08-11 10:00:00,32.89,31.41,95.82,29.88,32.18
2016-08-11 10:30:00,33.47,31.61,73.32,30.82,33.28
2016-08-11 11:00:00,31.16,29.25,76.01,28.53,30.88
2016-08-11 11:30:00,29.71,27.72,66.25,26.75,29.08
2016-08-11 12:00:00,26.84,24.74,66.66,24.19,26.37
2016-08-11 12:30:00,28.61,26.5,76.01,25.8,28.09
2016-08-11 13:00:00,31.7,29.79,76.9,29.59,32.17
2016-08-11 13:30:00,33.25,31.53,68.43,31.57,34.24
2016-08-11 14:00:00,29.67,28.73,54.19,26.59,29.03
2016-08-11 14:30:00,30.01,29.83,46.51,26.49,29.0
2016-08-11 15:00:00,30.15,30.32,75.98,26.02,29.0
2016-08-11 15:30:00,33.62,34.03,79.99,28.97,32.0
2016-08-11 16:00:00,39.3,39.88,77.34,34.28,37.43
2016-08-11 16:30:00,44.47,46.29,76.66,39.02,42.44
2016-08-11 17:00:00,37.51,39.16,79.99,32.41,35.17
2016-08-11 17:30:00,45.8,46.1,91.86,40.32,43.66
2016-08-11 18:00:00,69.49,68.38,119.99,63.64,68.64
2016-08-11 18:30:00,91.5,88.92,214.1,82.96,91.14
2016-08-11 19:00:00,76.39,74.72,277.11,70.9,77.72
2016-08-11 19:30:00,62.64,60.78,299.69,59.46,64.23
2016-08-11 20:00:00,55.68,53.81,180.96,52.09,56.3
2016-08-11 20:30:00,66.99,63.86,225.54,61.75,66.91
2016-08-11 21:00:00,54.97,51.78,119.99,51.37,55.34
2016-08-11 21:30:00,47.69,45.01,119.99,43.74,47.23
2016-08-11 22:00:00,38.36,36.41,119.99,33.3,36.5
2016-08-11 22:30:00,120.68,117.14,163.03,72.5,114.39
2016-08-11 23:00:00,46.73,46.64,95.82,41.87,46.53
2016-08-11 23:30:00,43.59,43.06,46.84,38.05,42.45
2016-08-12 00:00:00,40.88,38.43,48.35,35.63,40.05
2016-08-12 00:30:00,35.76,32.81,65.94,30.83,34.48
2016-08-12 01:00:00,32.5,28.92,73.32,28.16,31.51
2016-08-12 01:30:00,31.04,26.76,76.66,26.28,29.62
2016-08-12 02:00:00,27.13,20.96,37.45,21.35,24.99
2016-08-12 02:30:00,25.63,21.58,25.18,16.98,21.99
2016-08-12 03:00:00,26.47,22.56,17.84,0.59,15.79
2016-08-12 03:30:00,26.95,22.81,10.05,-1.01,9.51
2016-08-12 04:00:00,26.96,22.99,9.44,1.61,9.2
2016-08-12 04:30:00,26.29,22.22,9.22,5.38,9.2
2016-08-12 05:00:00,25.96,22.05,9.27,3.63,9.2
2016-08-12 05:30:00,25.45,22.52,9.83,7.51,9.7
2016-08-12 06:00:00,31.62,29.48,12.23,10.2,13.22
2016-08-12 06:30:00,41.43,40.5,29.3,26.3,28.86
2016-08-12 07:00:00,69.35,67.87,62.49,56.68,61.9
2016-08-12 07:30:00,59.04,58.09,54.09,49.84,52.8
2016-08-12 08:00:00,62.45,58.99,57.92,70.15,56.2
2016-08-12 08:30:00,51.58,48.06,52.72,63.66,49.37
2016-08-12 09:00:00,41.24,38.62,42.44,42.76,39.37
2016-08-12 09:30:00,38.63,36.26,38.49,44.91,36.64
2016-08-12 10:00:00,35.02,32.21,33.91,30.53,32.47
2016-08-12 10:30:00,34.2,31.48,33.97,29.95,32.0
2016-08-12 11:00:00,33.93,31.12,33.47,29.79,32.0
2016-08-12 11:30:00,31.55,29.48,29.06,27.25,29.52
2016-08-12 12:00:00,29.64,27.99,26.08,25.41,27.62
2016-08-12 12:30:00,28.19,26.79,20.43,24.05,26.27
2016-08-12 13:00:00,28.82,27.65,21.79,24.57,26.97
2016-08-12 13:30:00,27.44,26.44,22.3,23.49,25.79
2016-08-12 14:00:00,27.22,26.3,21.96,20.92,24.17
2016-08-12 14:30:00,31.02,29.96,15.32,14.18,21.48
2016-08-12 15:00:00,31.04,30.21,26.64,24.94,27.98
2016-08-12 15:30:00,31.97,30.89,28.95,26.3,29.0
2016-08-12 16:00:00,36.95,36.04,32.51,28.81,31.79
2016-08-12 16:30:00,42.47,42.37,39.83,33.7,36.95
2016-08-12 17:00:00,48.49,47.44,48.84,39.52,42.83
2016-08-12 17:30:00,59.51,53.67,68.93,51.19,55.06
2016-08-12 18:00:00,84.67,75.25,105.61,75.28,81.83
2016-08-12 18:30:00,99.61,88.72,120.11,85.58,95.28
2016-08-12 19:00:00,98.96,88.66,140.22,85.2,96.2
2016-08-12 19:30:00,85.68,75.82,135.35,73.76,84.17
2016-08-12 20:00:00,80.94,71.07,132.21,72.32,79.48
2016-08-12 20:30:00,60.7,54.69,121.48,54.14,58.78
2016-08-12 21:00:00,48.44,44.93,119.99,44.56,48.57
2016-08-12 21:30:00,47.14,44.73,82.66,46.84,51.44
2016-08-12 22:00:00,35.78,34.35,79.99,32.65,36.02
2016-08-12 22:30:00,65.08,64.14,83.32,59.26,65.65
2016-08-12 23:00:00,44.85,45.52,71.96,41.37,46.11
2016-08-12 23:30:00,48.03,48.67,58.37,42.73,49.21
2016-08-13 00:00:00,43.05,41.96,77.69,35.9,50.88
2016-08-13 00:30:00,37.78,36.07,76.4,16.96,38.56
2016-08-13 01:00:00,34.46,32.03,75.47,4.82,34.29
2016-08-13 01:30:00,34.62,31.69,59.99,8.11,32.25
2016-08-13 02:00:00,29.24,26.93,38.79,8.44,20.08
2016-08-13 02:30:00,27.31,25.19,34.44,4.69,24.17
2016-08-13 03:00:00,26.63,24.5,34.65,4.31,24.89
2016-08-13 03:30:00,26.96,24.09,43.99,3.81,25.28
2016-08-13 04:00:00,26.8,23.27,42.39,0.21,24.99
2016-08-13 04:30:00,26.69,23.12,44.53,-0.83,24.87
2016-08-13 05:00:00,27.89,24.13,42.78,-1.79,26.05
2016-08-13 05:30:00,28.47,25.32,43.45,1.14,26.9
2016-08-13 06:00:00,28.09,25.89,39.06,1.71,26.19
2016-08-13 06:30:00,36.51,34.83,45.19,26.19,34.03
2016-08-13 07:00:00,38.28,37.31,47.45,29.89,35.65
2016-08-13 07:30:00,39.7,38.68,56.46,33.76,36.51
2016-08-13 08:00:00,44.22,43.23,62.41,39.16,43.09
2016-08-13 08:30:00,52.1,49.37,75.76,48.48,53.03
2016-08-13 09:00:00,49.32,46.75,79.99,46.18,50.2
2016-08-13 09:30:00,42.8,41.45,79.99,39.61,43.08
2016-08-13 10:00:00,37.57,35.98,65.94,34.15,37.24
2016-08-13 10:30:00,37.07,34.51,52.23,33.01,36.03
2016-08-13 11:00:00,32.09,30.28,45.9,28.35,31.06
2016-08-13 11:30:00,27.98,26.54,35.46,24.65,27.14
2016-08-13 12:00:00,30.65,28.74,41.81,28.62,31.69
2016-08-13 12:30:00,30.35,28.03,43.49,28.34,31.53
2016-08-13 13:00:00,27.61,25.35,37.88,25.55,28.42
2016-08-13 13:30:00,26.9,24.84,31.66,24.1,26.91
2016-08-13 14:00:00,27.42,25.36,31.54,24.42,27.45
2016-08-13 14:30:00,27.51,25.39,32.62,24.63,27.56
2016-08-13 15:00:00,28.41,26.46,36.8,25.82,28.85
2016-08-13 15:30:00,29.58,28.31,44.08,27.21,30.34
2016-08-13 16:00:00,30.16,29.54,48.85,28.64,31.79
2016-08-13 16:30:00,36.27,35.81,57.8,34.71,38.41
2016-08-13 17:00:00,32.46,33.2,58.95,30.3,33.34
2016-08-13 17:30:00,35.01,36.21,65.38,33.79,36.83
2016-08-13 18:00:00,50.77,50.41,80.08,49.5,53.5
2016-08-13 18:30:00,78.67,75.04,94.35,74.37,81.99
2016-08-13 19:00:00,79.4,75.11,100.44,73.87,86.88
2016-08-13 19:30:00,52.73,49.29,80.54,52.68,57.22
2016-08-13 20:00:00,50.45,47.74,83.95,51.27,55.58
2016-08-13 20:30:00,44.41,42.11,79.99,46.13,50.15
2016-08-13 21:00:00,39.94,37.99,79.99,41.15,44.21
2016-08-13 21:30:00,38.78,36.81,79.99,38.84,42.27
2016-08-13 22:00:00,36.55,34.57,79.5,35.84,39.19
2016-08-13 22:30:00,49.99,50.15,79.99,47.49,51.79
2016-08-13 23:00:00,39.94,41.48,66.43,37.34,40.87
2016-08-13 23:30:00,37.56,38.09,45.01,34.06,37.79
2016-08-14 00:00:00,39.74,38.56,62.69,36.5,42.06
2016-08-14 00:30:00,34.54,32.98,76.66,25.7,35.06
2016-08-14 01:00:00,32.25,30.21,63.32,29.51,32.9
2016-08-14 01:30:00,29.24,26.56,59.99,17.59,30.74
2016-08-14 02:00:00,26.3,22.91,59.99,17.47,27.13
2016-08-14 02:30:00,27.12,23.47,86.82,15.2,27.47
2016-08-14 03:00:00,26.97,23.49,76.66,15.81,26.87
2016-08-14 03:30:00,26.96,23.39,57.78,20.71,26.59
2016-08-14 04:00:00,26.66,23.14,59.99,20.24,25.75
2016-08-14 04:30:00,26.69,22.96,59.99,22.66,25.28
2016-08-14 05:00:00,26.17,22.45,59.99,20.68,24.29
2016-08-14 05:30:00,26.96,23.25,59.99,22.27,25.02
2016-08-14 06:00:00,28.48,24.97,58.95,23.86,26.66
2016-08-14 06:30:00,29.96,26.96,76.58,24.96,27.85
2016-08-14 07:00:00,31.98,29.46,59.99,27.12,30.05
2016-08-14 07:30:00,32.32,30.5,79.99,27.37,30.2
2016-08-14 08:00:00,36.49,33.5,79.99,31.53,34.44
2016-08-14 08:30:00,40.14,36.35,79.99,34.44,37.62
2016-08-14 09:00:00,39.02,35.49,110.22,33.69,36.83
2016-08-14 09:30:00,38.11,34.76,124.38,33.27,36.3
2016-08-14 10:00:00,33.92,31.02,114.26,28.91,31.83
2016-08-14 10:30:00,30.1,27.88,206.32,25.43,28.23
2016-08-14 11:00:00,28.81,26.25,79.99,24.45,27.07
2016-08-14 11:30:00,26.79,24.49,79.99,22.46,24.95
2016-08-14 12:00:00,26.46,23.97,73.0,21.88,24.32
2016-08-14 12:30:00,26.79,24.21,50.8,13.08,19.33
2016-08-14 13:00:00,26.96,24.4,62.34,8.5,16.16
2016-08-14 13:30:00,26.63,24.13,69.99,8.88,18.95
2016-08-14 14:00:00,26.8,24.29,59.99,9.14,18.64
2016-08-14 14:30:00,26.8,24.75,63.32,8.29,18.15
2016-08-14 15:00:00,26.92,24.9,59.99,4.28,19.21
2016-08-14 15:30:00,27.09,25.51,32.68,14.59,18.72
2016-08-14 16:00:00,29.44,28.54,38.15,21.85,24.86
2016-08-14 16:30:00,31.4,31.18,55.63,25.9,28.41
2016-08-14 17:00:00,35.23,35.7,59.99,29.29,32.14
2016-08-14 17:30:00,38.33,37.9,64.98,31.16,31.54
2016-08-14 18:00:00,62.21,60.76,104.67,53.02,57.11
2016-08-14 18:30:00,95.4,92.72,139.68,79.2,87.55
2016-08-14 19:00:00,87.82,84.96,182.09,71.51,81.83
2016-08-14 19:30:00,58.94,56.53,160.7,51.52,55.94
2016-08-14 20:00:00,56.59,54.61,202.78,49.11,53.24
2016-08-14 20:30:00,48.51,47.58,143.67,41.53,45.12
2016-08-14 21:00:00,42.06,41.48,124.99,35.65,38.96
2016-08-14 21:30:00,37.99,36.86,97.49,30.3,30.14
2016-08-14 22:00:00,36.69,35.2,79.99,25.52,21.45
2016-08-14 22:30:00,39.48,39.33,71.72,21.65,16.2
2016-08-14 23:00:00,36.06,36.18,58.59,19.95,16.2
2016-08-14 23:30:00,33.59,33.01,36.71,13.0,30.63
2016-08-15 00:00:00,32.67,30.95,44.56,0.62,24.66
2016-08-15 00:30:00,30.09,27.99,55.48,1.48,25.25
2016-08-15 01:00:00,28.96,26.39,59.99,1.2,25.28
2016-08-15 01:30:00,26.64,23.57,50.27,14.66,25.07
2016-08-15 02:00:00,26.63,22.91,36.25,13.03,24.46
2016-08-15 02:30:00,26.63,22.77,29.93,9.38,22.23
2016-08-15 03:00:00,26.45,23.04,26.19,6.87,17.86
2016-08-15 03:30:00,24.85,21.72,24.85,0.9,17.77
2016-08-15 04:00:00,25.96,22.65,25.37,1.22,19.67
2016-08-15 04:30:00,25.62,22.32,23.79,4.21,16.2
2016-08-15 05:00:00,27.22,23.69,72.34,10.27,21.29
2016-08-15 05:30:00,28.82,26.17,30.46,19.24,24.96
2016-08-15 06:00:00,31.32,29.78,33.52,17.28,27.31
2016-08-15 06:30:00,46.75,46.69,61.23,38.45,42.38
2016-08-15 07:00:00,140.23,141.13,148.03,115.95,127.8
2016-08-15 07:30:00,86.33,88.34,91.94,70.0,76.86
2016-08-15 08:00:00,99.15,100.18,108.21,82.13,90.64
2016-08-15 08:30:00,82.6,81.56,91.13,69.51,76.02
2016-08-15 09:00:00,55.08,54.15,63.94,48.18,52.0
2016-08-15 09:30:00,47.97,48.68,59.99,41.81,45.09
2016-08-15 10:00:00,39.99,41.19,73.32,33.82,36.61
2016-08-15 10:30:00,37.54,37.87,59.99,30.57,33.29
2016-08-15 11:00:00,35.86,35.55,59.99,29.37,32.0
2016-08-15 11:30:00,32.88,32.85,59.99,25.21,28.77
2016-08-15 12:00:00,30.61,30.62,55.38,13.32,26.01
2016-08-15 12:30:00,33.06,33.26,24.03,16.87,24.05
2016-08-15 13:00:00,30.34,30.36,19.42,10.14,20.88
2016-08-15 13:30:00,30.47,30.6,20.32,5.19,21.3
2016-08-15 14:00:00,30.7,30.7,24.08,14.63,21.89
2016-08-15 14:30:00,32.04,32.34,31.64,20.94,24.64
2016-08-15 15:00:00,29.23,30.33,46.74,23.39,25.2
2016-08-15 15:30:00,32.1,32.85,55.81,23.57,25.2
2016-08-15 16:00:00,31.72,32.63,59.99,24.14,25.67
2016-08-15 16:30:00,35.7,37.75,59.99,27.91,30.63
2016-08-15 17:00:00,40.55,45.07,66.66,33.62,36.89
2016-08-15 17:30:00,44.17,45.15,73.68,38.79,41.9
2016-08-15 18:00:00,75.85,75.56,86.03,64.52,69.21
2016-08-15 18:30:00,88.14,86.95,96.38,74.93,81.69
2016-08-15 19:00:00,90.02,88.66,106.91,80.25,87.8
2016-08-15 19:30:00,70.15,67.77,86.02,61.6,66.0
2016-08-15 20:00:00,57.45,54.83,79.99,53.05,55.14
2016-08-15 20:30:00,46.89,46.2,79.99,43.61,43.74
2016-08-15 21:00:00,39.94,39.87,69.99,34.45,36.29
2016-08-15 21:30:00,40.98,40.76,47.63,34.61,36.83
2016-08-15 22:00:00,35.27,34.78,35.0,28.39,30.48
2016-08-15 22:30:00,41.43,42.8,26.01,22.0,29.43
2016-08-15 23:00:00,35.36,36.52,10.15,8.49,14.42
2016-08-15 23:30:00,49.03,48.81,6.01,5.67,6.12
2016-08-16 00:00:00,42.16,39.99,11.59,10.31,11.18
2016-08-16 00:30:00,32.41,30.21,13.69,12.26,13.34
2016-08-16 01:00:00,25.12,22.9,12.48,11.34,12.4
2016-08-16 01:30:00,27.3,24.05,5.01,4.75,5.26
2016-08-16 02:00:00,26.8,22.9,7.89,7.28,8.18
2016-08-16 02:30:00,25.58,21.88,2.07,1.88,2.17
2016-08-16 03:00:00,21.09,18.22,1.77,1.93,7.65
2016-08-16 03:30:00,11.25,9.92,-0.51,-0.24,4.22
2016-08-16 04:00:00,12.94,11.69,-14.5,-13.12,-3.27
2016-08-16 04:30:00,18.62,16.89,-28.83,-32.92,-9.33
2016-08-16 05:00:00,23.39,21.09,-21.46,-22.38,-3.13
2016-08-16 05:30:00,30.21,27.77,-4.59,-4.03,9.61
2016-08-16 06:00:00,30.1,28.92,9.2,9.61,17.63
2016-08-16 06:30:00,42.41,42.69,18.22,19.29,28.52
2016-08-16 07:00:00,60.02,61.06,37.08,38.46,47.32
2016-08-16 07:30:00,51.59,53.26,40.28,49.83,42.69
2016-08-16 08:00:00,49.93,50.52,44.92,66.97,44.17
2016-08-16 08:30:00,40.63,40.22,38.71,63.86,36.92
2016-08-16 09:00:00,36.11,35.25,33.07,34.37,32.22
2016-08-16 09:30:00,32.43,32.95,28.29,26.79,28.46
2016-08-16 10:00:00,31.66,31.73,17.05,16.45,22.92
2016-08-16 10:30:00,30.47,30.5,13.24,12.94,20.52
2016-08-16 11:00:00,26.81,27.12,9.49,9.21,16.64
2016-08-16 11:30:00,25.48,25.74,9.07,9.16,16.11
2016-08-16 12:00:00,24.82,24.67,3.06,3.63,12.58
2016-08-16 12:30:00,22.0,21.86,14.28,15.42,18.24
2016-08-16 13:00:00,21.0,20.79,-7.65,11.93,15.67
2016-08-16 13:30:00,25.38,25.06,-27.27,2.36,16.01
2016-08-16 14:00:00,25.66,25.33,8.45,9.24,15.99
2016-08-16 14:30:00,27.29,27.08,9.2,9.29,16.68
2016-08-16 15:00:00,29.51,29.12,0.26,0.39,12.35
2016-08-16 15:30:00,28.51,28.75,12.18,11.55,18.3
2016-08-16 16:00:00,29.71,30.84,17.93,16.58,21.83
2016-08-16 16:30:00,29.5,31.18,26.51,23.0,25.53
2016-08-16 17:00:00,34.2,38.87,32.59,27.23,29.43
2016-08-16 17:30:00,39.2,40.56,40.17,32.45,34.54
2016-08-16 18:00:00,54.78,55.06,55.79,46.03,47.89
2016-08-16 18:30:00,68.06,68.26,71.84,61.74,60.75
2016-08-16 19:00:00,67.12,67.54,80.02,66.57,60.45
2016-08-16 19:30:00,41.96,42.21,106.66,47.48,37.5
2016-08-16 20:00:00,42.51,42.26,107.49,36.98,38.39
2016-08-16 20:30:00,38.74,39.19,97.49,31.71,33.68
2016-08-16 21:00:00,37.23,37.7,160.1,29.94,32.0
2016-08-16 21:30:00,36.64,37.23,236.89,29.74,31.85
2016-08-16 22:00:00,33.26,33.88,218.63,26.68,27.56
2016-08-16 22:30:00,42.0,44.15,147.64,28.23,20.4
2016-08-16 23:00:00,30.77,34.03,79.99,18.46,19.29
2016-08-16 23:30:00,34.2,35.06,33.77,25.98,27.61
2016-08-17 00:00:00,30.43,29.87,140.62,20.7,18.96
2016-08-17 00:30:00,27.1,25.89,124.28,22.28,24.88
2016-08-17 01:00:00,24.33,22.5,129.29,19.54,21.84
2016-08-17 01:30:00,25.13,22.53,94.16,18.08,18.79
2016-08-17 02:00:00,24.38,21.23,73.32,18.82,20.09
2016-08-17 02:30:00,21.12,18.56,56.66,16.12,16.86
2016-08-17 03:00:00,18.66,16.53,76.66,14.96,16.21
2016-08-17 03:30:00,18.42,16.42,59.99,14.63,15.95
2016-08-17 04:00:00,16.78,15.23,54.99,13.41,14.62
2016-08-17 04:30:00,18.85,17.31,49.99,6.33,16.23
2016-08-17 05:00:00,22.34,20.35,49.99,17.15,18.29
2016-08-17 05:30:00,28.18,26.34,54.99,22.87,24.72
2016-08-17 06:00:00,30.49,29.67,63.32,25.32,27.54
2016-08-17 06:30:00,45.14,45.92,60.35,40.81,43.86
2016-08-17 07:00:00,112.6,113.25,136.92,104.66,113.31
2016-08-17 07:30:00,66.16,67.52,106.19,62.5,65.24
2016-08-17 08:00:00,68.45,68.22,148.39,66.67,68.51
2016-08-17 08:30:00,56.43,55.95,177.53,64.8,57.49
2016-08-17 09:00:00,47.67,47.77,97.49,58.19,49.19
2016-08-17 09:30:00,44.59,45.94,94.99,66.96,46.05
2016-08-17 10:00:00,38.44,38.62,94.99,66.95,40.04
2016-08-17 10:30:00,38.8,38.28,79.99,66.95,40.65
2016-08-17 11:00:00,38.74,37.69,79.99,66.95,40.66
2016-08-17 11:30:00,36.47,35.05,65.68,97.53,37.68
2016-08-17 12:00:00,34.9,33.6,59.99,61.95,35.16
2016-08-17 12:30:00,34.4,33.21,51.86,61.66,34.57
2016-08-17 13:00:00,32.5,31.74,38.99,38.29,32.0
2016-08-17 13:30:00,32.87,32.09,38.58,32.05,32.0
2016-08-17 14:00:00,33.85,33.15,40.03,44.31,32.63
2016-08-17 14:30:00,32.99,31.99,39.64,101.98,32.0
2016-08-17 15:00:00,33.05,32.28,48.31,61.28,32.0
2016-08-17 15:30:00,35.79,35.21,54.99,91.26,34.26
2016-08-17 16:00:00,34.99,35.33,59.99,66.95,32.76
2016-08-17 16:30:00,35.27,36.93,59.99,37.31,33.05
2016-08-17 17:00:00,34.79,36.97,71.61,30.98,32.3
2016-08-17 17:30:00,43.14,44.71,79.99,121.29,40.55
2016-08-17 18:00:00,64.26,66.33,82.46,70.85,61.0
2016-08-17 18:30:00,85.21,86.71,108.62,80.81,85.17
2016-08-17 19:00:00,89.99,91.68,124.16,84.81,90.63
2016-08-17 19:30:00,62.3,61.84,85.23,66.97,64.02
2016-08-17 20:00:00,61.19,61.09,75.76,66.96,62.12
2016-08-17 20:30:00,47.93,48.55,58.8,66.95,45.6
2016-08-17 21:00:00,39.1,39.57,43.4,66.95,35.95
2016-08-17 21:30:00,37.17,37.04,38.31,61.95,32.74
2016-08-17 22:00:00,36.15,35.8,36.45,32.57,32.0
2016-08-17 22:30:00,51.43,52.72,49.63,42.99,45.13
2016-08-17 23:00:00,37.84,41.98,35.97,30.95,32.94
2016-08-17 23:30:00,37.04,46.98,21.97,21.28,26.95
2016-08-18 00:00:00,37.83,40.29,33.46,30.58,32.84
2016-08-18 00:30:00,31.41,32.46,26.19,23.04,26.18
2016-08-18 01:00:00,31.33,31.38,25.99,23.15,26.19
2016-08-18 01:30:00,31.91,30.57,17.18,15.74,21.9
2016-08-18 02:00:00,26.46,24.94,8.91,8.28,15.13
2016-08-18 02:30:00,26.29,24.71,1.96,2.1,11.38
2016-08-18 03:00:00,26.95,25.49,-5.3,-4.53,7.59
2016-08-18 03:30:00,26.46,24.85,-10.07,-8.87,4.69
2016-08-18 04:00:00,24.81,23.47,-32.29,-18.76,-8.46
2016-08-18 04:30:00,25.32,24.01,-27.72,-10.25,-5.78
2016-08-18 05:00:00,27.46,26.27,-11.86,-8.15,4.09
2016-08-18 05:30:00,33.88,33.28,-10.56,-8.91,7.48
2016-08-18 06:00:00,29.27,29.79,10.9,11.25,17.9
2016-08-18 06:30:00,43.55,45.92,30.21,56.36,34.24
2016-08-18 07:00:00,80.01,83.35,69.07,73.63,70.62
2016-08-18 07:30:00,54.84,60.62,46.55,81.86,45.83
2016-08-18 08:00:00,60.53,63.66,53.97,92.29,52.1
2016-08-18 08:30:00,53.44,56.15,48.33,84.87,46.31
2016-08-18 09:00:00,40.87,48.35,35.6,82.6,34.67
2016-08-18 09:30:00,38.4,45.6,32.27,85.1,32.17
2016-08-18 10:00:00,36.28,38.53,30.83,66.97,31.01
2016-08-18 10:30:00,34.34,35.42,24.8,77.07,27.2
2016-08-18 11:00:00,34.47,35.21,22.32,73.88,26.51
2016-08-18 11:30:00,35.71,36.6,15.29,15.83,23.48
2016-08-18 12:00:00,37.44,38.34,17.59,18.12,25.74
2016-08-18 12:30:00,36.95,37.78,15.39,15.07,23.83
2016-08-18 13:00:00,38.15,38.71,11.69,11.24,22.08
2016-08-18 13:30:00,36.71,37.16,14.56,13.99,23.07
2016-08-18 14:00:00,34.96,35.34,18.71,17.62,24.49
2016-08-18 14:30:00,36.47,36.99,16.68,15.08,23.6
2016-08-18 15:00:00,35.32,35.7,14.5,12.8,21.98
2016-08-18 15:30:00,39.3,40.13,13.37,12.13,23.27
2016-08-18 16:00:00,36.72,38.19,26.99,23.39,28.8
2016-08-18 16:30:00,39.18,44.06,27.96,22.84,29.22
2016-08-18 17:00:00,34.18,50.5,27.14,44.54,26.23
2016-08-18 17:30:00,36.46,39.04,26.8,84.71,26.34
2016-08-18 18:00:00,46.61,50.89,29.83,70.11,31.55
2016-08-18 18:30:00,62.31,65.89,60.14,73.5,52.89
2016-08-18 19:00:00,61.88,65.46,62.52,73.49,52.91
2016-08-18 19:30:00,44.84,50.02,46.59,78.97,38.32
2016-08-18 20:00:00,48.12,51.3,50.78,77.31,42.7
2016-08-18 20:30:00,42.84,49.65,42.61,65.49,34.16
2016-08-18 21:00:00,38.55,41.01,60.98,34.83,23.5
2016-08-18 21:30:00,36.15,37.65,69.99,25.06,21.88
2016-08-18 22:00:00,35.7,36.27,51.53,23.84,21.01
2016-08-18 22:30:00,55.44,57.65,38.97,30.47,26.85
2016-08-18 23:00:00,37.91,42.39,34.25,23.02,22.22
2016-08-18 23:30:00,52.95,53.93,1.41,1.01,1.14
2016-08-19 00:00:00,44.63,43.23,18.29,14.16,15.66
2016-08-19 00:30:00,28.08,26.77,72.07,21.41,23.82
2016-08-19 01:00:00,26.96,25.12,54.9,21.62,24.25
2016-08-19 01:30:00,27.46,24.66,24.26,18.05,21.7
2016-08-19 02:00:00,27.94,24.73,9.51,5.97,14.91
2016-08-19 02:30:00,24.25,21.22,7.87,2.01,12.69
2016-08-19 03:00:00,23.14,20.43,12.46,6.02,14.33
2016-08-19 03:30:00,20.7,18.4,11.84,6.68,13.19
2016-08-19 04:00:00,17.48,15.5,14.53,11.34,13.42
2016-08-19 04:30:00,17.12,15.4,11.94,8.91,11.91
2016-08-19 05:00:00,25.1,22.45,7.57,4.58,12.71
2016-08-19 05:30:00,28.01,25.88,12.63,10.0,16.87
2016-08-19 06:00:00,26.73,26.0,11.45,9.32,15.99
2016-08-19 06:30:00,33.79,34.44,11.44,9.37,19.02
2016-08-19 07:00:00,45.48,48.37,28.23,23.26,32.21
2016-08-19 07:30:00,40.36,50.5,33.5,28.34,31.75
2016-08-19 08:00:00,42.84,46.3,39.49,33.64,35.71
2016-08-19 08:30:00,39.13,42.08,39.65,32.65,34.36
2016-08-19 09:00:00,40.98,43.5,45.91,36.26,38.29
2016-08-19 09:30:00,38.39,40.79,43.07,34.37,36.16
2016-08-19 10:00:00,34.06,35.5,35.91,29.97,31.55
2016-08-19 10:30:00,38.05,39.55,40.63,34.1,36.01
2016-08-19 11:00:00,33.59,35.3,33.93,29.42,31.03
2016-08-19 11:30:00,34.43,35.74,33.96,29.77,31.39
2016-08-19 12:00:00,31.37,32.81,30.83,34.44,28.98
2016-08-19 12:30:00,27.92,29.47,27.1,24.99,26.35
2016-08-19 13:00:00,27.51,29.12,26.42,24.7,26.19
2016-08-19 13:30:00,27.63,29.36,26.85,24.9,26.43
2016-08-19 14:00:00,27.49,29.11,25.99,24.52,26.27
2016-08-19 14:30:00,27.85,29.03,26.35,24.49,26.27
2016-08-19 15:00:00,28.06,28.91,26.25,24.55,26.27
2016-08-19 15:30:00,28.35,28.92,26.82,24.51,26.27
2016-08-19 16:00:00,28.77,29.5,26.58,24.7,26.27
2016-08-19 16:30:00,30.97,32.2,28.94,34.2,28.51
2016-08-19 17:00:00,31.55,33.62,30.02,66.95,29.0
2016-08-19 17:30:00,31.2,32.64,30.38,47.48,28.39
2016-08-19 18:00:00,40.98,41.87,42.77,35.25,37.58
2016-08-19 18:30:00,47.57,48.24,56.9,58.35,46.65
2016-08-19 19:00:00,41.46,42.33,59.99,37.88,40.4
2016-08-19 19:30:00,34.25,35.24,59.99,29.28,31.52
2016-08-19 20:00:00,33.0,34.48,59.99,27.54,29.66
2016-08-19 20:30:00,32.02,33.28,51.66,26.92,29.0
2016-08-19 21:00:00,31.69,32.27,49.16,26.95,28.89
2016-08-19 21:30:00,32.46,32.68,35.14,27.52,29.54
2016-08-19 22:00:00,31.33,31.28,34.37,26.74,28.92
2016-08-19 22:30:00,39.54,41.69,33.26,26.77,31.46
2016-08-19 23:00:00,37.7,47.75,21.34,17.38,25.03
2016-08-19 23:30:00,40.88,44.14,10.75,10.28,20.79
2016-08-20 00:00:00,40.73,41.6,4.54,4.01,4.45
2016-08-20 00:30:00,32.22,31.96,25.44,21.15,24.68
2016-08-20 01:00:00,34.38,33.24,17.08,14.03,22.46
2016-08-20 01:30:00,29.18,27.25,6.27,5.26,14.91
2016-08-20 02:00:00,26.56,24.23,8.26,6.89,14.95
2016-08-20 02:30:00,26.3,23.84,3.67,3.17,12.28
2016-08-20 03:00:00,26.62,24.24,-4.28,-4.6,8.07
2016-08-20 03:30:00,27.56,25.05,-8.82,-9.24,6.08
2016-08-20 04:00:00,25.63,23.35,-18.25,-17.21,0.0
2016-08-20 04:30:00,26.3,24.23,-2.76,-1.74,8.95
2016-08-20 05:00:00,26.15,24.31,-3.73,-1.74,8.32
2016-08-20 05:30:00,27.97,26.32,-2.07,-0.71,10.04
2016-08-20 06:00:00,27.17,25.88,-0.55,-0.37,10.49
2016-08-20 06:30:00,29.47,28.52,6.22,5.98,15.27
2016-08-20 07:00:00,29.78,29.8,10.11,9.3,17.65
2016-08-20 07:30:00,33.82,34.35,11.5,10.41,19.89
2016-08-20 08:00:00,30.17,30.74,14.76,13.51,19.91
2016-08-20 08:30:00,33.16,33.5,26.61,23.35,26.83
2016-08-20 09:00:00,33.76,34.12,28.1,23.93,27.42
2016-08-20 09:30:00,31.44,31.62,31.8,25.97,27.74
2016-08-20 10:00:00,30.02,30.86,27.5,22.43,25.01
2016-08-20 10:30:00,33.39,34.37,13.74,11.8,19.95
2016-08-20 11:00:00,29.11,30.58,17.05,14.36,20.01
2016-08-20 11:30:00,27.64,29.41,13.69,11.45,17.96
2016-08-20 12:00:00,27.73,29.67,19.6,16.22,20.89
2016-08-20 12:30:00,26.98,28.58,28.69,22.61,24.46
2016-08-20 13:00:00,27.13,28.85,29.52,22.56,24.51
2016-08-20 13:30:00,27.65,29.23,30.8,23.15,25.24
2016-08-20 14:00:00,26.82,28.52,29.71,22.33,24.36
2016-08-20 14:30:00,26.97,28.56,35.6,22.52,24.59
2016-08-20 15:00:00,27.75,29.41,30.72,22.54,24.7
2016-08-20 15:30:00,27.5,29.43,29.69,22.13,24.39
2016-08-20 16:00:00,30.5,32.72,33.27,25.17,27.41
2016-08-20 16:30:00,33.89,36.9,42.15,27.72,30.09
2016-08-20 17:00:00,39.85,45.56,58.32,33.37,35.99
2016-08-20 17:30:00,38.76,42.58,59.99,32.46,34.11
2016-08-20 18:00:00,65.99,67.12,73.43,57.21,60.74
2016-08-20 18:30:00,75.42,73.98,79.99,65.89,69.54
2016-08-20 19:00:00,68.29,67.69,80.61,60.25,63.67
2016-08-20 19:30:00,47.42,49.71,79.99,41.07,42.85
2016-08-20 20:00:00,43.67,47.34,79.99,35.65,37.86
2016-08-20 20:30:00,43.36,47.54,69.99,35.38,37.73
2016-08-20 21:00:00,38.95,42.3,59.99,32.28,34.43
2016-08-20 21:30:00,34.17,36.08,59.99,27.1,26.44
2016-08-20 22:00:00,30.29,31.71,59.99,24.29,25.2
2016-08-20 22:30:00,32.47,46.91,57.92,22.53,18.79
2016-08-20 23:00:00,35.01,50.3,55.59,21.78,18.37
2016-08-20 23:30:00,40.8,46.33,7.24,5.93,6.44
2016-08-21 00:00:00,33.68,35.28,18.83,14.5,15.78
2016-08-21 00:30:00,33.11,34.16,56.54,25.81,28.02
2016-08-21 01:00:00,30.78,32.05,59.99,24.61,25.5
2016-08-21 01:30:00,31.3,31.99,59.99,24.57,25.28
2016-08-21 02:00:00,30.05,30.15,59.99,23.61,25.2
2016-08-21 02:30:00,29.6,28.91,49.99,23.34,25.18
2016-08-21 03:00:00,29.3,28.3,49.99,23.43,25.45
2016-08-21 03:30:00,27.82,26.76,49.99,22.58,24.51
2016-08-21 04:00:00,27.7,26.53,49.99,22.64,24.56
2016-08-21 04:30:00,27.29,26.02,59.99,22.12,24.0
2016-08-21 05:00:00,28.68,27.42,59.99,23.02,24.97
2016-08-21 05:30:00,30.13,29.11,59.99,23.68,25.56
2016-08-21 06:00:00,29.86,29.18,59.99,23.13,25.44
2016-08-21 06:30:00,29.59,29.52,59.99,23.14,25.33
2016-08-21 07:00:00,29.67,29.69,87.49,23.89,26.01
2016-08-21 07:30:00,30.21,30.6,102.49,24.25,26.18
2016-08-21 08:00:00,36.06,35.94,69.99,30.29,32.43
2016-08-21 08:30:00,36.28,35.82,91.66,31.76,33.99
2016-08-21 09:00:00,43.7,42.87,59.99,39.35,42.24
2016-08-21 09:30:00,36.91,36.0,59.99,34.01,36.36
2016-08-21 10:00:00,46.04,44.3,59.99,41.44,44.57
2016-08-21 10:30:00,47.06,44.54,56.8,41.94,45.09
2016-08-21 11:00:00,40.82,37.7,51.66,35.78,38.62
2016-08-21 11:30:00,33.6,31.71,43.26,29.25,31.52
2016-08-21 12:00:00,30.86,30.01,34.6,26.41,28.52
2016-08-21 12:30:00,31.43,30.34,35.05,27.04,29.15
2016-08-21 13:00:00,30.36,29.59,33.73,25.76,27.9
2016-08-21 13:30:00,28.43,28.1,31.56,24.12,26.09
2016-08-21 14:00:00,28.69,27.63,32.75,24.41,26.49
2016-08-21 14:30:00,30.05,29.36,34.62,25.71,27.91
2016-08-21 15:00:00,30.16,29.34,34.65,26.02,28.15
2016-08-21 15:30:00,33.13,31.92,40.19,29.59,31.97
2016-08-21 16:00:00,41.02,38.73,64.01,36.4,39.44
2016-08-21 16:30:00,55.01,51.45,79.99,49.89,53.93
2016-08-21 17:00:00,50.95,48.8,108.33,48.5,51.87
2016-08-21 17:30:00,42.42,43.05,100.83,40.73,43.15
2016-08-21 18:00:00,111.75,110.82,156.91,102.69,110.84
2016-08-21 18:30:00,95.15,95.97,111.87,81.54,89.72
2016-08-21 19:00:00,94.26,95.08,134.1,81.26,89.61
2016-08-21 19:30:00,71.18,71.42,198.78,64.95,69.3
2016-08-21 20:00:00,54.05,54.44,125.59,51.78,53.54
2016-08-21 20:30:00,48.28,50.5,129.03,44.32,46.71
2016-08-21 21:00:00,41.61,48.21,139.01,36.89,39.11
2016-08-21 21:30:00,40.62,46.01,301.39,36.3,38.72
2016-08-21 22:00:00,35.51,37.18,218.88,31.93,33.73
2016-08-21 22:30:00,37.3,50.09,122.13,32.72,34.57
2016-08-21 23:00:00,33.9,48.23,105.22,28.45,29.67
2016-08-21 23:30:00,33.22,38.28,34.33,28.24,30.42
2016-08-22 00:00:00,32.58,34.18,36.12,28.23,30.57
2016-08-22 00:30:00,32.56,33.8,73.25,28.05,30.49
2016-08-22 01:00:00,30.29,30.85,80.04,25.97,28.08
2016-08-22 01:30:00,30.51,30.29,96.66,25.12,26.95
2016-08-22 02:00:00,35.73,34.43,124.99,26.07,25.52
2016-08-22 02:30:00,30.94,29.79,109.99,24.33,25.2
2016-08-22 03:00:00,28.29,26.97,87.49,22.67,24.43
2016-08-22 03:30:00,26.46,25.01,74.99,21.31,22.87
2016-08-22 04:00:00,26.39,24.85,54.99,21.35,22.84
2016-08-22 04:30:00,30.1,29.19,56.66,23.35,24.2
2016-08-22 05:00:00,30.18,29.81,59.99,22.78,22.89
2016-08-22 05:30:00,30.37,31.01,59.99,27.53,25.54
2016-08-22 06:00:00,30.33,31.74,89.99,26.28,27.58
2016-08-22 06:30:00,54.16,55.66,105.09,61.91,52.52
2016-08-22 07:00:00,125.16,129.56,151.06,114.49,122.05
2016-08-22 07:30:00,86.42,90.37,265.03,79.36,83.54
2016-08-22 08:00:00,126.78,126.66,353.76,122.26,128.05
2016-08-22 08:30:00,93.03,90.75,388.17,95.25,95.44
2016-08-22 09:00:00,66.01,64.4,334.4,84.32,67.55
2016-08-22 09:30:00,82.0,78.23,212.62,80.27,83.1
2016-08-22 10:00:00,94.74,88.05,135.84,88.77,93.02
2016-08-22 10:30:00,85.34,80.41,101.78,80.83,81.53
2016-08-22 11:00:00,69.8,66.73,80.52,67.48,66.39
2016-08-22 11:30:00,65.24,62.05,73.45,66.67,60.96
2016-08-22 12:00:00,57.09,54.12,63.86,59.7,53.39
2016-08-22 12:30:00,59.15,56.22,70.7,55.41,57.28
2016-08-22 13:00:00,61.32,58.36,69.64,53.99,56.85
2016-08-22 13:30:00,66.79,62.95,76.05,59.1,62.45
2016-08-22 14:00:00,72.8,68.54,84.72,64.59,69.44
2016-08-22 14:30:00,64.41,61.25,75.16,58.45,61.74
2016-08-22 15:00:00,64.81,61.96,79.54,58.56,61.51
2016-08-22 15:30:00,71.6,69.29,117.87,63.35,67.09
2016-08-22 16:00:00,91.8,89.92,113.21,75.86,82.7
2016-08-22 16:30:00,64.68,65.04,119.41,52.59,56.82
2016-08-22 17:00:00,63.02,64.99,79.99,50.24,54.12
2016-08-22 17:30:00,48.09,49.13,63.32,38.73,41.13
2016-08-22 18:00:00,84.43,84.0,90.85,73.9,75.57
2016-08-22 18:30:00,103.38,102.53,108.18,85.3,91.61
2016-08-22 19:00:00,92.44,91.98,206.39,78.56,84.01
2016-08-22 19:30:00,54.22,54.48,98.32,68.17,48.45
2016-08-22 20:00:00,59.17,58.5,80.07,67.47,52.03
2016-08-22 20:30:00,64.59,63.11,101.37,68.84,57.02
2016-08-22 21:00:00,67.77,66.79,91.65,70.45,62.18
2016-08-22 21:30:00,48.01,48.11,79.99,67.48,44.66
2016-08-22 22:00:00,41.89,43.25,60.85,67.47,38.25
2016-08-22 22:30:00,70.29,73.63,75.07,64.77,64.07
2016-08-22 23:00:00,68.49,71.13,76.72,63.22,65.37
2016-08-22 23:30:00,72.17,72.48,78.28,67.52,71.67
2016-08-23 00:00:00,63.89,62.55,90.34,69.81,75.33
2016-08-23 00:30:00,57.48,54.26,81.05,63.68,67.45
2016-08-23 01:00:00,53.98,50.55,67.15,52.77,56.1
2016-08-23 01:30:00,50.17,47.49,58.71,46.63,49.7
2016-08-23 02:00:00,45.18,42.9,79.99,41.75,44.53
2016-08-23 02:30:00,40.02,38.0,64.58,37.94,40.32
2016-08-23 03:00:00,36.2,34.62,74.35,34.02,36.16
2016-08-23 03:30:00,35.21,33.72,55.6,32.96,35.09
2016-08-23 04:00:00,33.18,31.64,40.6,30.93,32.87
2016-08-23 04:30:00,33.53,32.43,40.86,31.23,33.21
2016-08-23 05:00:00,34.37,33.5,55.22,31.7,33.94
2016-08-23 05:30:00,43.45,43.07,51.74,40.19,42.93
2016-08-23 06:00:00,51.97,51.52,61.97,49.5,52.66
2016-08-23 06:30:00,101.03,96.32,120.79,98.06,107.33
2016-08-23 07:00:00,119.35,115.46,139.14,108.92,119.2
2016-08-23 07:30:00,84.64,82.21,102.92,78.48,84.35
2016-08-23 08:00:00,86.71,82.74,109.43,85.37,91.27
2016-08-23 08:30:00,81.66,77.57,105.87,82.39,87.78
2016-08-23 09:00:00,60.38,57.88,86.44,68.87,72.45
2016-08-23 09:30:00,77.3,73.99,111.34,90.95,95.99
2016-08-23 10:00:00,57.25,55.44,84.2,69.15,73.06
2016-08-23 10:30:00,67.61,65.49,78.32,66.78,69.08
2016-08-23 11:00:00,57.59,56.63,65.21,56.64,57.66
2016-08-23 11:30:00,53.72,53.57,69.54,65.3,57.99
2016-08-23 12:00:00,47.75,49.46,104.99,46.73,48.34
2016-08-23 12:30:00,47.54,50.66,104.99,46.15,48.59
2016-08-23 13:00:00,45.71,49.16,124.77,61.94,65.44
2016-08-23 13:30:00,47.02,50.7,123.69,69.24,74.47
2016-08-23 14:00:00,47.14,50.5,118.91,69.15,75.2
2016-08-23 14:30:00,47.72,50.7,114.12,65.43,70.49
2016-08-23 15:00:00,46.14,49.57,123.69,54.03,57.52
2016-08-23 15:30:00,50.28,53.8,108.42,64.89,69.7
2016-08-23 16:00:00,59.1,61.64,123.69,65.12,70.08
2016-08-23 16:30:00,78.58,80.56,95.63,72.14,78.76
2016-08-23 17:00:00,75.82,77.98,88.9,70.34,76.13
2016-08-23 17:30:00,74.83,75.67,86.81,70.43,75.86
2016-08-23 18:00:00,73.97,74.6,87.55,70.86,75.84
2016-08-23 18:30:00,134.5,134.85,160.74,132.14,143.9
2016-08-23 19:00:00,101.48,101.16,129.09,102.88,112.03
2016-08-23 19:30:00,82.27,80.03,124.99,87.47,93.88
2016-08-23 20:00:00,82.52,77.64,123.94,88.09,93.58
2016-08-23 20:30:00,89.98,84.76,117.84,91.05,97.01
2016-08-23 21:00:00,55.77,52.83,107.27,80.99,86.6
2016-08-23 21:30:00,52.51,50.96,124.34,81.92,87.4
2016-08-23 22:00:00,50.62,48.3,97.06,55.48,56.07
2016-08-23 22:30:00,66.32,63.77,80.96,65.07,68.05
2016-08-23 23:00:00,85.39,83.16,99.87,77.21,83.99
2016-08-23 23:30:00,76.2,72.98,85.58,70.8,76.73
2016-08-24 00:00:00,73.37,67.61,96.6,73.85,80.81
2016-08-24 00:30:00,54.4,49.95,69.63,55.28,59.23
2016-08-24 01:00:00,50.07,46.73,60.55,47.47,50.99
2016-08-24 01:30:00,53.88,49.6,60.25,50.18,53.21
2016-08-24 02:00:00,54.41,49.3,61.56,50.15,53.33
2016-08-24 02:30:00,52.86,47.63,60.09,49.1,52.24
2016-08-24 03:00:00,39.42,36.15,48.26,36.99,39.46
2016-08-24 03:30:00,41.11,37.46,52.73,39.19,41.28
2016-08-24 04:00:00,44.57,42.07,53.59,44.0,44.21
2016-08-24 04:30:00,38.95,36.32,49.99,41.11,39.54
2016-08-24 05:00:00,40.52,38.19,53.32,40.11,41.44
2016-08-24 05:30:00,48.82,47.45,61.16,51.86,50.71
2016-08-24 06:00:00,45.46,45.14,65.48,63.45,56.21
2016-08-24 06:30:00,47.63,48.01,75.49,68.45,64.9
2016-08-24 07:00:00,149.65,147.07,173.58,150.57,160.22
2016-08-24 07:30:00,122.06,125.15,141.68,125.81,125.54
2016-08-24 08:00:00,275.36,277.72,312.5,276.47,285.39
2016-08-24 08:30:00,147.16,145.71,202.94,179.52,175.42
2016-08-24 09:00:00,102.89,103.14,124.57,250.82,104.13
2016-08-24 09:30:00,193.59,191.87,207.31,178.57,186.7
2016-08-24 10:00:00,167.9,162.72,176.36,150.32,158.97
2016-08-24 10:30:00,95.71,89.64,104.83,89.38,95.91
2016-08-24 11:00:00,94.5,88.14,97.25,85.76,92.67
2016-08-24 11:30:00,174.6,166.64,173.51,157.17,171.4
2016-08-24 12:00:00,135.3,128.35,133.72,121.85,133.07
2016-08-24 12:30:00,145.72,136.13,130.5,124.0,135.53
2016-08-24 13:00:00,197.11,184.11,168.84,165.73,182.89
2016-08-24 13:30:00,180.76,165.83,147.64,145.76,161.68
2016-08-24 14:00:00,123.27,110.51,110.87,101.78,113.55
2016-08-24 14:30:00,98.94,89.69,89.49,80.35,89.96
2016-08-24 15:00:00,128.3,119.26,110.13,101.31,113.65
2016-08-24 15:30:00,138.69,127.72,122.54,110.52,123.76
2016-08-24 16:00:00,205.9,189.33,159.07,153.8,171.46
2016-08-24 16:30:00,169.48,154.79,132.69,127.16,142.3
2016-08-24 17:00:00,220.75,207.66,187.2,181.29,200.52
2016-08-24 17:30:00,137.22,124.99,124.83,114.68,125.6
2016-08-24 18:00:00,146.48,133.83,132.65,123.36,133.73
2016-08-24 18:30:00,150.99,138.14,152.57,135.85,146.35
2016-08-24 19:00:00,141.67,129.84,157.81,134.1,145.18
2016-08-24 19:30:00,99.83,91.36,128.97,98.67,107.22
2016-08-24 20:00:00,105.39,96.18,130.71,102.87,112.49
2016-08-24 20:30:00,120.72,110.38,136.72,111.49,121.73
2016-08-24 21:00:00,97.99,90.48,119.11,93.65,100.95
2016-08-24 21:30:00,88.55,83.75,124.99,84.83,92.0
2016-08-24 22:00:00,54.06,52.72,124.77,55.38,56.28
2016-08-24 22:30:00,116.66,113.15,153.49,109.07,118.57
2016-08-24 23:00:00,84.81,85.12,114.73,76.7,83.94
2016-08-24 23:30:00,64.15,64.19,70.67,58.95,63.99
2016-08-25 00:00:00,99.25,96.22,118.63,92.77,101.93
2016-08-25 00:30:00,67.46,62.98,109.54,62.74,69.4
2016-08-25 01:00:00,71.59,65.52,87.17,63.03,69.85
2016-08-25 01:30:00,71.5,65.01,82.95,62.91,69.14
2016-08-25 02:00:00,71.81,64.68,80.41,62.76,68.44
2016-08-25 02:30:00,73.65,66.59,83.98,63.95,69.42
2016-08-25 03:00:00,77.03,70.61,91.19,67.77,74.52
2016-08-25 03:30:00,71.8,65.98,83.44,63.05,69.5
2016-08-25 04:00:00,70.23,64.83,80.38,62.93,68.01
2016-08-25 04:30:00,71.93,66.57,80.52,63.68,69.2
2016-08-25 05:00:00,72.85,68.43,80.03,63.64,69.08
2016-08-25 05:30:00,83.8,81.6,88.54,70.73,76.79
2016-08-25 06:00:00,128.55,128.78,131.98,109.21,119.01
2016-08-25 06:30:00,168.84,165.14,166.26,145.73,157.3
2016-08-25 07:00:00,191.84,181.62,201.8,176.8,187.62
2016-08-25 07:30:00,96.76,94.96,115.23,95.59,97.24
2016-08-25 08:00:00,85.41,83.37,124.16,193.64,90.0
2016-08-25 08:30:00,87.67,85.93,124.99,245.95,92.85
2016-08-25 09:00:00,63.78,61.87,124.56,114.47,70.92
2016-08-25 09:30:00,66.84,65.02,112.64,81.92,72.34
2016-08-25 10:00:00,57.93,54.71,80.78,78.86,61.0
2016-08-25 10:30:00,54.74,53.06,79.99,75.8,55.89
2016-08-25 11:00:00,50.84,50.82,71.81,63.55,54.58
2016-08-25 11:30:00,47.3,48.49,57.43,63.52,48.93
2016-08-25 12:00:00,40.88,42.71,49.63,63.52,42.01
2016-08-25 12:30:00,42.39,44.42,51.51,67.14,43.48
2016-08-25 13:00:00,41.96,44.2,51.8,72.13,42.82
2016-08-25 13:30:00,41.94,44.86,53.34,70.5,43.18
2016-08-25 14:00:00,41.53,45.07,51.73,63.55,41.67
2016-08-25 14:30:00,46.22,49.86,59.03,63.55,48.2
2016-08-25 15:00:00,41.58,44.56,52.84,63.52,43.14
2016-08-25 15:30:00,45.65,49.03,57.44,63.53,46.7
2016-08-25 16:00:00,51.66,55.52,72.81,64.33,54.85
2016-08-25 16:30:00,59.39,64.2,72.19,64.07,60.9
2016-08-25 17:00:00,58.66,63.2,73.37,65.79,60.82
2016-08-25 17:30:00,48.18,49.96,76.26,66.64,51.32
2016-08-25 18:00:00,79.0,79.23,101.75,87.73,80.65
2016-08-25 18:30:00,119.75,121.1,142.78,116.8,121.17
2016-08-25 19:00:00,88.64,88.77,119.78,92.1,93.16
2016-08-25 19:30:00,74.63,72.84,110.44,73.46,77.78
2016-08-25 20:00:00,87.24,85.77,112.44,83.13,89.26
2016-08-25 20:30:00,86.5,85.07,107.22,82.44,88.82
2016-08-25 21:00:00,83.31,82.67,100.89,79.08,84.83
2016-08-25 21:30:00,70.95,69.71,114.05,70.84,73.11
2016-08-25 22:00:00,56.98,56.66,73.12,54.89,56.65
2016-08-25 22:30:00,117.35,114.57,123.08,100.04,108.05
2016-08-25 23:00:00,65.56,66.38,69.48,58.83,60.55
2016-08-25 23:30:00,74.93,75.54,73.83,66.72,70.24
2016-08-26 00:00:00,113.54,110.58,126.34,102.25,109.22
2016-08-26 00:30:00,72.14,69.38,81.53,64.12,69.03
2016-08-26 01:00:00,62.85,59.35,70.23,56.8,59.58
2016-08-26 01:30:00,54.21,50.39,60.4,54.22,51.48
2016-08-26 02:00:00,50.7,48.81,58.32,45.84,47.65
2016-08-26 02:30:00,49.13,48.31,66.66,42.79,45.38
2016-08-26 03:00:00,52.55,51.27,60.26,44.93,48.06
2016-08-26 03:30:00,53.06,51.06,59.3,45.1,48.16
2016-08-26 04:00:00,61.67,58.27,67.5,52.71,56.54
2016-08-26 04:30:00,71.61,68.27,78.18,61.82,65.91
2016-08-26 05:00:00,73.99,71.52,79.09,62.85,67.32
2016-08-26 05:30:00,99.76,99.32,104.64,82.24,89.55
2016-08-26 06:00:00,126.73,125.86,135.07,106.98,116.92
2016-08-26 06:30:00,155.72,156.36,158.79,131.23,142.77
2016-08-26 07:00:00,263.73,257.55,283.83,227.41,249.04
2016-08-26 07:30:00,111.61,109.29,136.22,97.63,103.07
2016-08-26 08:00:00,92.54,88.22,211.66,84.66,88.72
2016-08-26 08:30:00,74.26,70.95,300.0,80.25,74.34
2016-08-26 09:00:00,55.31,54.45,124.99,63.54,57.59
2016-08-26 09:30:00,54.14,53.0,124.99,69.82,56.02
2016-08-26 10:00:00,65.35,63.45,118.51,69.28,67.27
2016-08-26 10:30:00,46.01,46.18,79.44,63.19,46.43
2016-08-26 11:00:00,39.53,40.12,79.99,39.25,39.36
2016-08-26 11:30:00,36.66,37.18,79.99,32.22,35.1
2016-08-26 12:00:00,42.89,43.51,79.99,39.26,43.28
2016-08-26 12:30:00,42.22,41.79,79.34,40.68,45.11
2016-08-26 13:00:00,39.22,38.97,78.64,37.68,41.7
2016-08-26 13:30:00,40.53,41.6,71.03,38.48,42.56
2016-08-26 14:00:00,41.2,42.94,73.51,38.37,42.4
2016-08-26 14:30:00,40.41,42.72,67.92,37.71,41.7
2016-08-26 15:00:00,42.04,44.48,64.77,45.11,47.41
2016-08-26 15:30:00,40.24,43.07,61.03,47.75,49.59
2016-08-26 16:00:00,45.82,49.25,64.85,52.18,54.0
2016-08-26 16:30:00,49.87,53.19,73.24,58.14,61.34
2016-08-26 17:00:00,55.4,59.34,73.17,58.3,61.59
2016-08-26 17:30:00,49.87,52.05,66.71,52.86,53.04
2016-08-26 18:00:00,64.66,65.81,88.84,62.88,67.33
2016-08-26 18:30:00,86.95,88.9,123.51,79.32,87.39
2016-08-26 19:00:00,67.21,69.39,124.99,62.04,67.64
2016-08-26 19:30:00,50.22,51.87,124.99,47.96,51.68
2016-08-26 20:00:00,51.88,52.69,124.77,50.46,53.72
2016-08-26 20:30:00,61.19,61.27,124.12,56.31,60.31
2016-08-26 21:00:00,61.83,62.0,124.99,54.55,58.19
2016-08-26 21:30:00,60.88,61.37,183.11,53.23,57.31
2016-08-26 22:00:00,45.89,46.94,183.32,40.05,42.97
2016-08-26 22:30:00,193.7,203.93,247.43,155.67,165.49
2016-08-26 23:00:00,60.09,73.03,124.16,49.98,52.58
2016-08-26 23:30:00,59.72,65.81,68.66,50.45,55.12
2016-08-27 00:00:00,49.09,51.37,178.02,42.34,46.22
2016-08-27 00:30:00,49.94,50.51,92.81,42.67,46.61
2016-08-27 01:00:00,46.39,47.11,70.89,38.71,42.44
2016-08-27 01:30:00,44.46,43.97,64.11,33.37,29.14
2016-08-27 02:00:00,43.68,42.33,299.99,31.32,25.25
2016-08-27 02:30:00,42.44,40.5,109.99,30.6,25.23
2016-08-27 03:00:00,39.47,37.97,102.49,27.38,21.37
2016-08-27 03:30:00,39.22,37.75,149.64,25.12,13.9
2016-08-27 04:00:00,34.78,34.2,67.67,23.75,14.97
2016-08-27 04:30:00,33.91,34.23,50.19,24.46,17.31
2016-08-27 05:00:00,29.93,30.94,39.81,21.92,17.01
2016-08-27 05:30:00,34.14,35.42,41.52,29.46,25.34
2016-08-27 06:00:00,31.92,32.42,33.83,25.24,25.59
2016-08-27 06:30:00,38.38,38.31,42.06,32.02,33.42
2016-08-27 07:00:00,41.79,42.24,45.31,34.64,36.75
2016-08-27 07:30:00,42.26,42.78,49.99,33.92,34.6
2016-08-27 08:00:00,44.87,44.76,51.97,37.61,39.93
2016-08-27 08:30:00,50.03,48.88,56.46,42.79,45.35
2016-08-27 09:00:00,42.08,41.26,47.18,35.91,37.72
2016-08-27 09:30:00,37.89,36.73,38.83,36.64,32.66
2016-08-27 10:00:00,35.19,33.83,31.59,47.55,28.23
2016-08-27 10:30:00,32.92,31.51,20.62,36.23,22.65
2016-08-27 11:00:00,30.64,29.95,13.33,23.32,19.08
2016-08-27 11:30:00,30.81,30.59,11.35,10.7,17.53
2016-08-27 12:00:00,30.25,30.15,1.6,10.57,12.31
2016-08-27 12:30:00,28.3,27.99,3.23,2.92,12.69
2016-08-27 13:00:00,28.1,27.3,8.54,-18.41,15.46
2016-08-27 13:30:00,26.93,26.18,10.97,-27.39,16.26
2016-08-27 14:00:00,27.29,26.47,16.66,-17.63,19.52
2016-08-27 14:30:00,28.42,28.01,9.94,-7.91,16.49
2016-08-27 15:00:00,29.46,29.61,1.8,1.29,11.91
2016-08-27 15:30:00,29.83,30.6,16.53,14.52,19.46
2016-08-27 16:00:00,29.96,30.64,27.12,23.6,25.28
2016-08-27 16:30:00,30.64,32.24,23.03,19.18,23.2
2016-08-27 17:00:00,36.23,39.7,36.86,31.21,31.6
2016-08-27 17:30:00,36.49,39.28,48.08,32.03,33.59
2016-08-27 18:00:00,67.8,69.29,85.62,60.99,63.02
2016-08-27 18:30:00,88.79,88.85,97.21,74.62,81.17
2016-08-27 19:00:00,92.1,92.32,107.19,77.6,84.98
2016-08-27 19:30:00,59.95,60.5,88.12,53.19,56.68
2016-08-27 20:00:00,48.92,50.56,78.83,43.58,46.12
2016-08-27 20:30:00,48.22,50.66,76.35,41.92,44.47
2016-08-27 21:00:00,42.79,46.92,55.48,35.74,38.05
2016-08-27 21:30:00,38.1,40.79,49.26,29.54,27.82
2016-08-27 22:00:00,36.37,38.41,44.0,27.88,25.52
2016-08-27 22:30:00,37.58,50.7,42.85,27.7,25.27
2016-08-27 23:00:00,32.88,50.7,30.14,19.62,20.71
2016-08-27 23:30:00,31.53,39.98,16.09,12.29,20.76
2016-08-28 00:00:00,30.18,32.1,21.25,16.52,22.29
2016-08-28 00:30:00,32.33,34.17,27.74,21.75,25.85
2016-08-28 01:00:00,29.56,30.85,28.78,22.48,24.87
2016-08-28 01:30:00,28.93,29.69,16.4,12.74,18.66
2016-08-28 02:00:00,26.73,27.32,11.33,10.35,15.5
2016-08-28 02:30:00,27.28,28.36,11.54,10.3,15.66
2016-08-28 03:00:00,26.47,27.69,10.68,8.84,14.82
2016-08-28 03:30:00,26.79,27.87,8.89,8.53,13.98
2016-08-28 04:00:00,27.08,28.14,6.27,10.26,12.77
2016-08-28 04:30:00,26.63,27.84,2.69,3.14,10.87
2016-08-28 05:00:00,27.37,28.69,0.79,1.76,10.29
2016-08-28 05:30:00,28.43,30.21,6.04,6.05,13.3
2016-08-28 06:00:00,29.83,31.26,7.55,5.49,14.58
2016-08-28 06:30:00,28.67,29.32,11.76,9.64,16.36
2016-08-28 07:00:00,33.31,34.46,12.64,9.57,18.26
2016-08-28 07:30:00,35.0,36.0,13.43,10.41,18.93
2016-08-28 08:00:00,36.07,36.14,19.65,39.04,22.74
2016-08-28 08:30:00,36.41,36.32,30.15,61.42,28.75
2016-08-28 09:00:00,36.3,36.31,32.23,61.42,29.98
2016-08-28 09:30:00,36.33,36.0,31.78,67.02,30.28
2016-08-28 10:00:00,35.03,34.61,30.53,69.64,29.37
2016-08-28 10:30:00,31.56,30.96,27.98,62.41,27.03
2016-08-28 11:00:00,30.51,30.55,26.23,61.35,25.69
2016-08-28 11:30:00,29.61,29.76,23.91,49.2,23.97
2016-08-28 12:00:00,27.27,27.01,22.69,29.44,22.4
2016-08-28 12:30:00,27.12,26.6,20.47,24.4,21.02
2016-08-28 13:00:00,26.47,25.84,17.77,23.69,19.17
2016-08-28 13:30:00,26.23,25.09,17.5,18.99,18.92
2016-08-28 14:00:00,24.95,23.76,15.94,16.17,17.7
2016-08-28 14:30:00,26.33,25.51,16.65,16.72,18.69
2016-08-28 15:00:00,28.38,28.05,18.04,16.89,20.17
2016-08-28 15:30:00,29.47,29.87,22.22,20.8,23.03
2016-08-28 16:00:00,30.17,31.0,25.86,24.42,25.56
2016-08-28 16:30:00,32.28,34.12,28.57,26.89,27.7
2016-08-28 17:00:00,34.98,37.42,32.0,45.72,30.42
2016-08-28 17:30:00,37.46,38.47,35.69,37.03,33.14
2016-08-28 18:00:00,70.33,70.7,68.02,70.27,62.69
2016-08-28 18:30:00,97.33,96.97,87.52,79.25,82.94
2016-08-28 19:00:00,104.72,105.05,97.36,83.93,89.33
2016-08-28 19:30:00,84.4,83.44,81.57,72.81,74.65
2016-08-28 20:00:00,59.36,59.47,57.36,62.41,52.72
2016-08-28 20:30:00,51.17,52.81,48.72,62.41,44.83
2016-08-28 21:00:00,47.43,49.11,45.74,62.42,40.93
2016-08-28 21:30:00,42.38,44.52,39.73,62.59,35.84
2016-08-28 22:00:00,36.17,37.41,25.8,56.84,26.17
2016-08-28 22:30:00,39.29,41.56,18.36,63.05,24.18
2016-08-28 23:00:00,36.71,44.93,16.05,50.84,21.46
2016-08-28 23:30:00,37.34,39.89,11.75,59.41,21.33
2016-08-29 00:00:00,34.63,35.66,20.63,32.07,24.13
2016-08-29 00:30:00,30.18,30.99,23.03,56.07,23.55
2016-08-29 01:00:00,29.45,30.03,16.81,46.36,19.3
2016-08-29 01:30:00,27.97,28.09,15.05,41.45,17.73
2016-08-29 02:00:00,27.14,26.57,10.54,59.91,14.9
2016-08-29 02:30:00,26.63,25.79,11.66,57.35,15.4
2016-08-29 03:00:00,26.41,25.61,7.98,61.95,13.54
2016-08-29 03:30:00,25.18,24.75,5.64,61.93,12.02
2016-08-29 04:00:00,26.94,26.51,-0.74,62.43,9.5
2016-08-29 04:30:00,26.97,27.04,5.32,56.83,12.62
2016-08-29 05:00:00,29.49,29.98,7.2,61.91,14.61
2016-08-29 05:30:00,29.57,30.43,13.72,61.98,18.06
2016-08-29 06:00:00,35.01,36.68,24.18,64.16,25.75
2016-08-29 06:30:00,53.94,56.46,36.98,67.59,39.66
2016-08-29 07:00:00,160.08,159.97,124.96,114.32,121.95
2016-08-29 07:30:00,91.4,93.38,82.04,85.44,75.42
2016-08-29 08:00:00,99.6,98.78,96.83,95.85,85.93
2016-08-29 08:30:00,86.72,82.39,89.14,86.97,76.91
2016-08-29 09:00:00,51.26,48.73,51.16,62.43,44.38
2016-08-29 09:30:00,51.08,49.76,50.4,65.88,44.31
2016-08-29 10:00:00,50.11,48.8,51.6,65.75,44.61
2016-08-29 10:30:00,43.78,43.4,43.73,63.66,37.83
2016-08-29 11:00:00,38.57,38.66,37.17,57.25,32.92
2016-08-29 11:30:00,36.75,36.99,33.6,57.07,30.56
2016-08-29 12:00:00,35.44,36.0,31.72,30.55,29.03
2016-08-29 12:30:00,34.28,35.25,31.18,29.37,28.18
2016-08-29 13:00:00,32.03,33.9,27.7,25.94,26.06
2016-08-29 13:30:00,33.04,35.14,25.53,25.66,25.54
2016-08-29 14:00:00,35.98,38.31,30.81,27.86,28.94
2016-08-29 14:30:00,36.6,38.78,32.43,44.22,29.3
2016-08-29 15:00:00,36.96,41.25,33.89,62.11,29.52
2016-08-29 15:30:00,36.96,47.84,35.09,29.59,29.61
2016-08-29 16:00:00,38.82,50.5,37.27,33.53,31.62
2016-08-29 16:30:00,36.5,50.7,33.86,33.93,29.77
2016-08-29 17:00:00,36.96,54.76,34.97,48.57,30.95
2016-08-29 17:30:00,44.62,52.34,44.67,62.42,38.43
2016-08-29 18:00:00,73.07,77.8,72.69,71.84,62.46
2016-08-29 18:30:00,131.98,174.09,124.72,105.04,111.6
2016-08-29 19:00:00,96.42,190.14,91.91,78.33,82.63
2016-08-29 19:30:00,64.88,68.46,62.93,66.53,54.93
2016-08-29 20:00:00,61.59,64.74,58.0,62.88,50.33
2016-08-29 20:30:00,68.14,107.52,57.94,66.32,50.69
2016-08-29 21:00:00,38.83,50.7,34.38,62.42,30.59
2016-08-29 21:30:00,37.86,50.7,29.4,62.41,26.25
2016-08-29 22:00:00,35.05,50.7,18.54,61.51,22.3
2016-08-29 22:30:00,51.4,92.24,14.42,62.51,26.66
2016-08-29 23:00:00,35.31,94.58,11.87,61.86,19.3
2016-08-29 23:30:00,37.35,87.98,14.4,60.64,21.91
2016-08-30 00:00:00,39.27,50.5,36.29,98.18,30.1
2016-08-30 00:30:00,39.92,48.67,37.26,62.41,34.0
2016-08-30 01:00:00,34.34,36.55,31.23,62.41,29.3
2016-08-30 01:30:00,30.78,32.19,27.1,60.41,25.99
2016-08-30 02:00:00,30.1,31.15,20.36,60.41,21.38
2016-08-30 02:30:00,30.09,31.05,16.56,51.46,19.31
2016-08-30 03:00:00,29.96,30.77,14.63,64.79,17.72
2016-08-30 03:30:00,29.93,30.67,12.15,62.02,16.8
2016-08-30 04:00:00,29.89,30.6,17.52,66.28,19.88
2016-08-30 04:30:00,29.17,30.18,17.56,63.91,19.86
2016-08-30 05:00:00,29.42,30.29,26.13,63.68,24.48
2016-08-30 05:30:00,30.23,32.42,26.08,66.65,24.82
2016-08-30 06:00:00,31.81,40.56,31.21,48.35,27.95
2016-08-30 06:30:00,56.93,58.1,59.22,63.81,53.21
2016-08-30 07:00:00,92.98,92.76,96.18,83.0,88.45
2016-08-30 07:30:00,61.65,63.3,64.0,88.84,57.31
2016-08-30 08:00:00,89.23,88.55,93.49,85.73,83.37
2016-08-30 08:30:00,76.93,74.16,83.95,70.42,74.04
2016-08-30 09:00:00,55.62,53.6,65.6,63.62,54.92
2016-08-30 09:30:00,56.8,55.9,68.35,62.51,56.82
2016-08-30 10:00:00,56.74,55.95,74.5,62.51,57.68
2016-08-30 10:30:00,56.65,56.46,187.97,129.4,138.37
2016-08-30 11:00:00,50.06,50.7,115.45,74.01,80.15
2016-08-30 11:30:00,46.77,48.85,82.44,63.26,66.37
2016-08-30 12:00:00,40.94,43.58,61.45,58.64,49.27
2016-08-30 12:30:00,39.88,42.37,48.79,58.17,41.01
2016-08-30 13:00:00,38.44,40.69,46.71,58.12,39.05
2016-08-30 13:30:00,41.63,44.43,50.89,60.92,42.8
2016-08-30 14:00:00,41.44,44.23,51.78,60.92,43.23
2016-08-30 14:30:00,39.97,47.65,48.83,61.42,40.84
2016-08-30 15:00:00,39.5,49.12,48.93,97.04,40.4
2016-08-30 15:30:00,43.24,50.7,56.28,62.41,45.3
2016-08-30 16:00:00,59.88,62.7,76.57,64.67,62.49
2016-08-30 16:30:00,56.02,57.28,74.31,62.82,60.52
2016-08-30 17:00:00,57.8,60.65,71.4,64.64,60.44
2016-08-30 17:30:00,54.51,56.17,67.12,66.04,55.27
2016-08-30 18:00:00,69.16,72.26,76.5,63.84,63.78
2016-08-30 18:30:00,90.49,94.33,95.85,77.37,81.26
2016-08-30 19:00:00,98.98,102.85,112.48,85.87,90.89
2016-08-30 19:30:00,90.17,92.3,121.11,77.92,82.53
2016-08-30 20:00:00,75.13,76.66,88.99,64.67,68.06
2016-08-30 20:30:00,65.92,67.29,83.68,63.36,60.34
2016-08-30 21:00:00,57.85,56.81,82.67,61.83,56.93
2016-08-30 21:30:00,47.03,47.63,74.76,61.08,46.77
2016-08-30 22:00:00,43.57,46.35,76.66,60.95,42.98
2016-08-30 22:30:00,56.43,59.37,71.99,59.78,56.45
2016-08-30 23:00:00,46.7,53.04,59.78,44.76,46.7
2016-08-30 23:30:00,38.0,50.5,42.99,36.07,37.64
2016-08-31 00:00:00,42.17,45.72,49.42,42.87,42.2
2016-08-31 00:30:00,33.57,36.1,41.32,31.75,33.4
2016-08-31 01:00:00,31.73,33.63,41.58,29.71,31.12
2016-08-31 01:30:00,30.62,31.72,35.1,28.43,29.03
2016-08-31 02:00:00,30.03,30.7,30.92,27.49,27.15
2016-08-31 02:30:00,28.03,28.58,27.67,96.68,24.9
2016-08-31 03:00:00,26.8,27.32,25.07,62.43,23.29
2016-08-31 03:30:00,26.46,26.82,24.09,61.93,22.69
2016-08-31 04:00:00,25.38,25.92,22.14,61.42,21.31
2016-08-31 04:30:00,25.96,26.88,23.15,67.91,21.81
2016-08-31 05:00:00,25.43,26.82,17.21,64.26,18.16
2016-08-31 05:30:00,23.4,29.8,19.34,65.98,18.82
2016-08-31 06:00:00,17.3,38.05,11.89,60.58,12.99
2016-08-31 06:30:00,32.38,43.45,25.32,49.22,25.82
2016-08-31 07:00:00,53.53,72.69,45.14,61.75,33.41
2016-08-31 07:30:00,41.68,66.01,37.08,98.21,35.26
2016-08-31 08:00:00,51.55,55.18,72.08,62.43,47.6
2016-08-31 08:30:00,40.88,53.0,131.61,62.41,39.23
2016-08-31 09:00:00,36.72,55.02,130.99,62.41,34.38
2016-08-31 09:30:00,36.05,51.31,96.65,98.21,33.21
2016-08-31 10:00:00,36.05,50.2,134.41,62.43,31.99
2016-08-31 10:30:00,34.9,52.85,95.0,62.42,31.06
2016-08-31 11:00:00,32.26,53.26,39.67,62.42,29.0
2016-08-31 11:30:00,33.09,53.0,36.28,62.41,28.95
2016-08-31 12:00:00,36.05,55.81,48.21,57.54,32.36
2016-08-31 12:30:00,37.66,54.16,50.84,33.48,33.45
2016-08-31 13:00:00,36.96,53.94,44.65,38.04,31.83
2016-08-31 13:30:00,35.98,54.95,44.07,28.9,30.35
2016-08-31 14:00:00,34.04,56.43,40.23,27.42,24.97
2016-08-31 14:30:00,33.8,53.7,39.14,26.18,24.1
2016-08-31 15:00:00,33.64,53.7,42.38,25.38,22.46
2016-08-31 15:30:00,33.17,53.7,103.91,24.65,21.15
2016-08-31 16:00:00,31.97,53.7,124.99,27.83,16.59
2016-08-31 16:30:00,31.1,53.14,124.99,81.01,23.83
2016-08-31 17:00:00,30.26,53.7,211.51,40.67,25.64
2016-08-31 17:30:00,40.43,53.93,93.67,37.74,36.91
2016-08-31 18:00:00,44.58,53.81,67.34,55.74,41.86
2016-08-31 18:30:00,66.36,71.86,90.61,64.11,63.02
2016-08-31 19:00:00,81.68,87.56,116.93,73.17,78.1
2016-08-31 19:30:00,48.04,51.95,87.68,48.88,47.16
2016-08-31 20:00:00,50.14,53.87,79.99,58.46,48.15
2016-08-31 20:30:00,49.7,53.08,79.99,62.26,47.74
2016-08-31 21:00:00,42.53,50.73,79.99,38.07,39.84
2016-08-31 21:30:00,39.45,48.78,79.99,34.07,35.32
2016-08-31 22:00:00,35.83,44.15,79.99,27.95,25.62
2016-08-31 22:30:00,50.28,53.2,79.99,32.67,17.09
2016-08-31 23:00:00,43.42,49.17,78.28,29.5,16.56
2016-08-31 23:30:00,40.92,44.01,46.06,35.85,38.62
2016-09-01 00:00:00,41.77,43.48,45.17,31.39,29.15
2016-09-01 00:30:00,39.52,40.09,67.98,30.28,25.2
2016-09-01 01:00:00,49.84,48.13,75.63,36.05,25.2
2016-09-01 01:30:00,46.42,43.64,73.32,33.52,23.53
2016-09-01 02:00:00,39.21,36.54,54.17,29.75,23.64
2016-09-01 02:30:00,33.48,32.29,45.84,26.64,23.36
2016-09-01 03:00:00,32.23,32.49,41.45,25.04,22.2
2016-09-01 03:30:00,29.96,30.6,36.58,23.69,22.61
2016-09-01 04:00:00,33.12,33.71,39.17,22.13,16.75
2016-09-01 04:30:00,29.94,30.89,37.29,23.85,18.72
2016-09-01 05:00:00,31.35,32.84,37.94,51.8,22.47
2016-09-01 05:30:00,42.5,44.69,47.57,62.41,38.03
2016-09-01 06:00:00,38.6,40.23,40.29,39.43,34.05
2016-09-01 06:30:00,58.82,56.45,61.55,53.52,48.6
2016-09-01 07:00:00,122.15,117.36,136.6,92.62,95.6
2016-09-01 07:30:00,61.5,58.67,121.21,52.63,54.23
2016-09-01 08:00:00,67.6,62.71,136.77,61.59,62.47
2016-09-01 08:30:00,64.48,58.73,162.41,62.57,61.27
2016-09-01 09:00:00,56.82,53.59,110.62,62.41,53.26
2016-09-01 09:30:00,54.67,52.66,79.99,62.41,51.42
2016-09-01 10:00:00,54.9,52.92,79.99,56.1,50.56
2016-09-01 10:30:00,55.74,53.71,79.35,62.41,50.27
2016-09-01 11:00:00,56.87,53.89,79.9,62.41,50.73
2016-09-01 11:30:00,56.02,53.79,77.08,62.41,49.88
2016-09-01 12:00:00,56.52,54.25,77.83,58.72,50.78
2016-09-01 12:30:00,56.09,53.71,79.21,62.36,50.56
2016-09-01 13:00:00,55.12,53.7,78.02,52.04,49.6
2016-09-01 13:30:00,57.54,55.23,79.99,51.11,52.14
2016-09-01 14:00:00,59.39,57.6,81.45,52.39,53.96
2016-09-01 14:30:00,61.31,60.03,83.82,52.98,55.43
2016-09-01 15:00:00,55.98,55.08,80.77,48.59,50.31
2016-09-01 15:30:00,57.57,58.3,80.01,48.26,50.58
2016-09-01 16:00:00,61.68,62.58,85.24,51.74,54.62
2016-09-01 16:30:00,53.02,54.55,83.56,45.35,47.15
2016-09-01 17:00:00,54.8,56.85,110.47,47.1,49.75
2016-09-01 17:30:00,51.6,52.4,103.97,45.28,47.29
2016-09-01 18:00:00,66.8,65.72,75.02,58.24,61.78
2016-09-01 18:30:00,69.14,68.99,85.35,64.68,71.27
2016-09-01 19:00:00,68.4,69.33,84.57,64.17,71.06
2016-09-01 19:30:00,56.38,56.64,70.62,52.16,56.66
2016-09-01 20:00:00,53.95,54.03,61.8,50.54,50.3
2016-09-01 20:30:00,53.04,54.35,58.38,52.58,48.41
2016-09-01 21:00:00,42.52,45.05,45.07,52.0,37.85
2016-09-01 21:30:00,42.74,46.44,45.01,53.03,38.17
2016-09-01 22:00:00,36.39,40.37,36.73,53.67,31.07
2016-09-01 22:30:00,56.84,58.13,60.2,52.61,50.7
2016-09-01 23:00:00,52.77,54.78,57.53,46.19,47.8
2016-09-01 23:30:00,49.61,51.38,50.0,43.11,45.04
2016-09-02 00:00:00,49.41,49.44,53.0,43.44,45.69
2016-09-02 00:30:00,42.05,42.76,45.91,39.09,38.26
2016-09-02 01:00:00,35.61,36.0,37.26,31.36,31.41
2016-09-02 01:30:00,36.04,35.59,34.67,29.28,30.1
2016-09-02 02:00:00,36.23,35.31,31.32,55.69,25.52
2016-09-02 02:30:00,35.52,35.09,32.33,56.24,27.04
2016-09-02 03:00:00,35.45,35.22,31.39,56.43,25.63
2016-09-02 03:30:00,33.11,32.99,30.15,57.24,25.2
2016-09-02 04:00:00,30.5,30.59,29.08,55.65,25.2
2016-09-02 04:30:00,30.15,30.6,28.74,48.14,25.04
2016-09-02 05:00:00,33.76,34.17,30.34,53.89,25.2
2016-09-02 05:30:00,34.76,36.11,31.65,62.41,27.67
2016-09-02 06:00:00,34.84,37.03,31.95,49.49,29.38
2016-09-02 06:30:00,52.73,52.89,50.84,62.41,46.8
2016-09-02 07:00:00,77.41,75.41,75.81,66.95,67.93
2016-09-02 07:30:00,63.73,63.06,73.09,58.84,60.82
2016-09-02 08:00:00,86.66,83.81,92.24,78.09,83.73
2016-09-02 08:30:00,88.21,83.42,93.79,79.21,85.19
2016-09-02 09:00:00,70.7,66.43,82.7,64.75,69.51
2016-09-02 09:30:00,80.09,75.69,95.81,71.74,77.95
2016-09-02 10:00:00,75.49,71.91,79.54,65.44,71.55
2016-09-02 10:30:00,85.54,82.65,84.66,71.85,78.66
2016-09-02 11:00:00,79.82,77.39,80.41,67.02,73.61
2016-09-02 11:30:00,73.03,70.52,77.13,60.32,65.23
2016-09-02 12:00:00,71.47,69.82,83.72,58.69,63.14
2016-09-02 12:30:00,68.05,66.29,85.22,58.7,60.76
2016-09-02 13:00:00,67.53,65.79,84.59,60.34,60.58
2016-09-02 13:30:00,76.27,74.58,91.05,62.16,66.8
2016-09-02 14:00:00,73.9,72.91,90.04,59.52,63.42
2016-09-02 14:30:00,66.24,65.21,73.89,54.12,57.31
2016-09-02 15:00:00,60.68,60.54,73.25,47.95,51.32
2016-09-02 15:30:00,52.39,54.26,53.95,41.02,43.5
2016-09-02 16:00:00,60.74,62.76,53.93,46.62,49.79
2016-09-02 16:30:00,71.49,74.34,66.17,55.64,59.55
2016-09-02 17:00:00,71.76,75.49,68.44,57.01,60.88
2016-09-02 17:30:00,68.06,70.42,66.7,56.56,59.74
2016-09-02 18:00:00,69.09,72.0,71.06,60.22,63.67
2016-09-02 18:30:00,73.09,76.54,76.82,63.14,68.13
2016-09-02 19:00:00,69.51,72.84,77.44,60.83,65.98
2016-09-02 19:30:00,55.05,57.21,63.48,50.88,51.87
2016-09-02 20:00:00,66.37,68.72,73.85,57.91,60.97
2016-09-02 20:30:00,61.1,64.04,72.48,54.7,56.6
2016-09-02 21:00:00,51.82,55.28,59.77,46.31,47.8
2016-09-02 21:30:00,41.15,53.7,43.24,34.14,35.67
2016-09-02 22:00:00,35.73,51.76,34.57,27.96,29.42
2016-09-02 22:30:00,47.72,55.04,46.66,38.18,40.47
2016-09-02 23:00:00,37.52,53.7,34.4,28.6,30.89
2016-09-02 23:30:00,40.14,53.7,28.36,26.2,30.97
2016-09-03 00:00:00,46.96,53.7,41.59,37.86,40.24
2016-09-03 00:30:00,37.35,45.79,33.86,29.6,31.5
2016-09-03 01:00:00,35.79,38.15,35.41,28.67,30.57
2016-09-03 01:30:00,36.28,38.55,35.5,28.82,29.33
2016-09-03 02:00:00,34.97,37.5,33.59,75.85,28.96
2016-09-03 02:30:00,37.05,39.65,35.36,17.44,30.63
2016-09-03 03:00:00,32.72,35.64,30.05,25.77,26.45
2016-09-03 03:30:00,33.82,36.38,28.76,26.07,24.52
2016-09-03 04:00:00,30.36,32.5,27.5,25.5,25.2
2016-09-03 04:30:00,30.75,33.09,27.86,25.5,25.2
2016-09-03 05:00:00,30.58,33.64,27.94,25.87,25.32
2016-09-03 05:30:00,32.31,35.58,27.73,26.46,26.13
2016-09-03 06:00:00,30.47,34.44,26.99,26.4,25.39
2016-09-03 06:30:00,37.07,39.92,31.75,31.24,29.83
2016-09-03 07:00:00,42.31,45.17,33.31,32.25,31.57
2016-09-03 07:30:00,40.55,43.35,35.0,33.69,31.89
2016-09-03 08:00:00,47.18,50.14,36.07,4.17,36.35
2016-09-03 08:30:00,66.43,66.86,61.1,25.29,58.03
2016-09-03 09:00:00,65.95,64.42,62.4,36.74,59.56
2016-09-03 09:30:00,65.21,63.11,60.9,5.09,58.5
2016-09-03 10:00:00,49.4,49.01,46.17,1.96,43.53
2016-09-03 10:30:00,52.17,52.59,38.81,4.87,40.43
2016-09-03 11:00:00,38.98,39.67,22.46,21.56,27.14
2016-09-03 11:30:00,36.47,36.87,27.02,26.92,28.26
2016-09-03 12:00:00,36.03,36.31,19.76,19.99,24.61
2016-09-03 12:30:00,31.62,31.74,16.08,16.71,21.3
2016-09-03 13:00:00,33.6,33.95,13.92,15.08,21.43
2016-09-03 13:30:00,33.29,34.28,9.05,11.05,19.35
2016-09-03 14:00:00,30.36,31.59,12.18,13.76,19.35
2016-09-03 14:30:00,31.26,32.56,11.99,14.37,20.39
2016-09-03 15:00:00,32.41,33.98,12.25,4.67,20.61
2016-09-03 15:30:00,34.47,36.82,10.37,5.4,21.3
2016-09-03 16:00:00,37.3,40.02,11.88,13.93,22.78
2016-09-03 16:30:00,35.09,39.0,16.56,18.41,23.96
2016-09-03 17:00:00,34.88,54.45,15.54,16.54,22.71
2016-09-03 17:30:00,40.36,46.22,24.49,11.48,29.68
2016-09-03 18:00:00,56.55,60.2,25.22,23.35,36.75
2016-09-03 18:30:00,137.48,140.76,85.17,78.61,101.85
2016-09-03 19:00:00,102.66,105.49,99.25,122.99,95.07
2016-09-03 19:30:00,63.1,64.55,67.01,57.2,60.33
2016-09-03 20:00:00,51.47,54.22,53.35,43.33,45.82
2016-09-03 20:30:00,49.95,53.8,50.08,91.76,42.64
2016-09-03 21:00:00,46.23,52.75,46.9,318.73,32.53
2016-09-03 21:30:00,46.86,53.59,46.79,192.0,32.86
2016-09-03 22:00:00,39.07,42.13,37.91,33.0,30.69
2016-09-03 22:30:00,41.79,51.57,43.01,32.68,27.66
2016-09-03 23:00:00,36.21,51.29,32.72,28.62,26.92
2016-09-03 23:30:00,35.5,52.2,27.73,24.86,28.02
2016-09-04 00:00:00,38.78,51.44,39.33,27.71,33.97
2016-09-04 00:30:00,38.44,45.56,47.05,30.61,25.54
2016-09-04 01:00:00,39.04,42.8,40.99,25.94,20.98
2016-09-04 01:30:00,38.7,40.55,33.84,27.96,24.39
2016-09-04 02:00:00,35.01,36.15,29.13,24.5,22.59
2016-09-04 02:30:00,33.43,34.36,29.08,20.44,16.42
2016-09-04 03:00:00,29.89,30.63,25.18,21.72,18.15
2016-09-04 03:30:00,33.56,34.68,29.11,22.31,16.2
2016-09-04 04:00:00,30.53,31.9,23.01,20.29,15.85
2016-09-04 04:30:00,29.62,31.22,27.98,24.83,23.06
2016-09-04 05:00:00,31.41,33.01,27.23,20.25,14.73
2016-09-04 05:30:00,32.83,34.54,34.36,23.95,18.17
2016-09-04 06:00:00,30.16,31.27,33.63,24.16,19.9
2016-09-04 06:30:00,32.99,33.91,42.44,26.73,20.39
2016-09-04 07:00:00,36.75,37.75,55.12,25.12,11.99
2016-09-04 07:30:00,38.01,38.26,50.26,29.95,21.33
2016-09-04 08:00:00,38.65,38.62,53.69,27.03,19.14
2016-09-04 08:30:00,47.85,48.19,66.85,30.17,21.24
2016-09-04 09:00:00,49.01,49.33,73.4,31.65,16.36
2016-09-04 09:30:00,44.85,45.08,66.94,27.86,16.74
2016-09-04 10:00:00,39.64,39.52,56.23,21.9,18.0
2016-09-04 10:30:00,36.56,36.41,50.12,20.89,14.86
2016-09-04 11:00:00,36.1,35.93,46.88,30.36,20.14
2016-09-04 11:30:00,31.95,32.31,41.09,23.99,16.18
2016-09-04 12:00:00,30.02,30.6,35.12,19.93,11.45
2016-09-04 12:30:00,29.89,30.6,30.57,20.21,13.35
2016-09-04 13:00:00,29.82,30.6,29.99,19.46,12.4
2016-09-04 13:30:00,29.91,30.63,30.57,17.84,10.5
2016-09-04 14:00:00,29.85,30.64,28.62,20.28,14.3
2016-09-04 14:30:00,30.01,30.92,28.86,22.43,18.08
2016-09-04 15:00:00,29.86,30.97,28.11,23.14,19.62
2016-09-04 15:30:00,33.89,35.55,39.57,27.55,22.03
2016-09-04 16:00:00,36.47,38.0,46.6,32.38,26.97
2016-09-04 16:30:00,37.87,40.33,51.77,30.94,22.8
2016-09-04 17:00:00,39.04,46.21,58.36,32.76,24.37
2016-09-04 17:30:00,44.22,50.33,68.63,33.99,30.58
2016-09-04 18:00:00,53.54,56.83,84.99,26.71,24.2
2016-09-04 18:30:00,78.92,82.86,109.52,62.0,55.66
2016-09-04 19:00:00,93.44,99.23,128.08,68.95,56.79
2016-09-04 19:30:00,65.18,68.71,124.99,51.99,44.44
2016-09-04 20:00:00,71.72,74.14,124.27,56.49,46.29
2016-09-04 20:30:00,71.38,73.43,118.63,52.98,37.93
2016-09-04 21:00:00,57.91,59.04,118.56,87.88,45.2
2016-09-04 21:30:00,65.2,66.1,103.32,274.35,45.2
2016-09-04 22:00:00,54.43,55.52,82.83,123.02,32.78
2016-09-04 22:30:00,52.37,55.02,80.93,31.46,12.81
2016-09-04 23:00:00,48.52,52.66,77.8,29.51,11.01
2016-09-04 23:30:00,38.46,44.37,36.81,28.51,25.72
2016-09-05 00:00:00,43.96,47.65,2361.27,26.82,20.13
2016-09-05 00:30:00,44.84,48.69,53.91,31.16,21.04
2016-09-05 01:00:00,45.24,47.67,72.53,33.27,10.61
2016-09-05 01:30:00,46.59,47.57,71.06,38.43,14.36
2016-09-05 02:00:00,42.8,43.48,68.01,47.03,10.28
2016-09-05 02:30:00,34.31,35.0,57.35,85.37,10.5
2016-09-05 03:00:00,35.28,36.03,49.18,25.67,10.5
2016-09-05 03:30:00,37.58,38.27,46.63,28.44,10.5
2016-09-05 04:00:00,35.35,36.11,36.99,39.22,10.5
2016-09-05 04:30:00,51.05,51.95,47.25,34.07,9.63
2016-09-05 05:00:00,53.39,54.18,56.13,83.95,10.5
2016-09-05 05:30:00,51.26,53.85,56.68,35.51,11.45
2016-09-05 06:00:00,56.83,60.46,66.09,39.4,22.2
2016-09-05 06:30:00,65.55,69.98,65.24,47.09,36.37
2016-09-05 07:00:00,140.01,144.4,140.41,109.89,104.57
2016-09-05 07:30:00,77.23,81.97,78.35,307.15,65.47
2016-09-05 08:00:00,100.71,105.95,101.9,319.29,85.08
2016-09-05 08:30:00,94.98,98.26,100.57,247.2,82.79
2016-09-05 09:00:00,54.57,57.67,61.47,47.29,47.23
2016-09-05 09:30:00,45.23,50.6,57.78,39.52,39.44
2016-09-05 10:00:00,38.57,52.5,63.84,32.19,29.94
2016-09-05 10:30:00,36.69,53.76,56.9,31.22,27.51
2016-09-05 11:00:00,36.23,52.57,58.98,30.19,25.41
2016-09-05 11:30:00,37.03,45.29,50.66,31.73,23.61
2016-09-05 12:00:00,36.19,39.54,45.83,135.85,24.75
2016-09-05 12:30:00,35.67,38.59,43.52,41.55,25.2
2016-09-05 13:00:00,34.77,37.26,42.47,32.37,25.2
2016-09-05 13:30:00,34.48,37.04,41.65,32.43,26.88
2016-09-05 14:00:00,36.27,39.35,46.69,31.3,26.52
2016-09-05 14:30:00,35.84,39.14,47.25,33.86,29.31
2016-09-05 15:00:00,36.72,40.53,49.99,35.82,32.65
2016-09-05 15:30:00,36.78,44.55,49.99,36.57,30.56
2016-09-05 16:00:00,39.2,53.91,54.34,42.92,35.16
2016-09-05 16:30:00,33.82,54.0,52.46,53.99,28.08
2016-09-05 17:00:00,35.55,54.31,61.68,33.29,27.84
2016-09-05 17:30:00,43.39,53.74,69.99,37.91,38.85
2016-09-05 18:00:00,71.95,77.33,98.41,61.45,64.18
2016-09-05 18:30:00,185.28,197.57,235.81,156.8,164.32
2016-09-05 19:00:00,83.67,86.8,149.82,73.54,77.25
2016-09-05 19:30:00,56.54,59.25,183.79,50.29,51.66
2016-09-05 20:00:00,50.37,53.3,224.39,43.26,45.4
2016-09-05 20:30:00,48.66,52.43,88.07,40.21,42.52
2016-09-05 21:00:00,48.76,51.69,80.65,40.92,43.31
2016-09-05 21:30:00,44.9,48.54,80.11,37.93,39.51
2016-09-05 22:00:00,36.86,40.43,69.99,28.54,24.92
2016-09-05 22:30:00,52.94,57.54,73.52,39.5,27.6
2016-09-05 23:00:00,42.26,53.23,60.04,31.12,20.67
2016-09-05 23:30:00,37.79,51.5,34.73,28.48,27.12
2016-09-06 00:00:00,40.49,43.54,43.97,30.03,26.19
2016-09-06 00:30:00,37.68,39.6,100.37,28.36,22.21
2016-09-06 01:00:00,35.94,36.64,68.32,29.4,25.2
2016-09-06 01:30:00,38.11,38.01,53.14,29.95,25.2
2016-09-06 02:00:00,39.87,39.39,52.75,28.28,19.7
2016-09-06 02:30:00,37.78,36.92,39.33,25.2,15.8
2016-09-06 03:00:00,32.8,32.18,28.04,19.27,12.51
2016-09-06 03:30:00,30.33,30.6,24.71,17.67,11.02
2016-09-06 04:00:00,29.84,30.6,22.7,16.37,10.07
2016-09-06 04:30:00,30.88,31.51,23.58,16.79,10.5
2016-09-06 05:00:00,30.54,31.71,25.06,17.35,11.48
2016-09-06 05:30:00,28.87,31.33,26.2,26.87,20.67
2016-09-06 06:00:00,30.26,40.78,27.37,23.26,23.09
2016-09-06 06:30:00,44.39,53.58,36.2,39.13,25.93
2016-09-06 07:00:00,58.37,60.8,67.14,58.82,51.54
2016-09-06 07:30:00,40.62,70.15,76.66,74.75,35.41
2016-09-06 08:00:00,45.43,54.93,78.96,76.7,39.3
2016-09-06 08:30:00,39.21,49.76,76.66,73.29,34.24
2016-09-06 09:00:00,35.12,53.25,74.4,68.77,30.47
2016-09-06 09:30:00,34.68,47.56,63.33,60.65,30.01
2016-09-06 10:00:00,35.7,37.83,79.99,44.44,29.96
2016-09-06 10:30:00,34.11,36.72,117.49,37.06,28.58
2016-09-06 11:00:00,32.07,34.46,123.69,28.49,26.52
2016-09-06 11:30:00,30.97,33.63,109.34,24.4,24.19
2016-09-06 12:00:00,30.69,32.93,94.67,24.95,25.71
2016-09-06 12:30:00,31.16,33.68,79.99,24.3,24.92
2016-09-06 13:00:00,31.6,34.27,79.99,23.16,22.78
2016-09-06 13:30:00,30.78,34.39,79.99,24.25,25.34
2016-09-06 14:00:00,31.64,35.63,146.61,22.79,22.03
2016-09-06 14:30:00,30.78,33.64,59.69,24.51,25.38
2016-09-06 15:00:00,30.68,37.33,63.27,25.28,25.94
2016-09-06 15:30:00,31.2,38.37,68.04,26.18,26.49
2016-09-06 16:00:00,34.01,47.07,67.65,28.55,28.82
2016-09-06 16:30:00,31.34,47.89,79.99,27.6,26.39
2016-09-06 17:00:00,31.95,52.52,79.99,45.16,26.49
2016-09-06 17:30:00,37.28,51.0,72.08,29.3,30.7
2016-09-06 18:00:00,52.23,59.27,79.99,43.05,43.92
2016-09-06 18:30:00,67.67,72.95,80.91,41.51,57.9
2016-09-06 19:00:00,65.21,69.34,75.99,38.19,57.05
2016-09-06 19:30:00,45.44,49.96,59.99,38.42,39.18
2016-09-06 20:00:00,41.09,50.33,53.37,37.08,34.6
2016-09-06 20:30:00,36.09,53.96,40.37,65.15,29.45
2016-09-06 21:00:00,36.96,49.67,32.84,38.59,29.09
2016-09-06 21:30:00,34.87,47.99,29.41,29.29,27.64
2016-09-06 22:00:00,31.11,36.93,22.6,20.35,23.33
2016-09-06 22:30:00,38.01,54.4,26.38,24.08,28.8
2016-09-06 23:00:00,34.41,52.65,29.79,28.4,29.81
2016-09-06 23:30:00,37.57,48.96,34.06,32.19,33.99
2016-09-07 00:00:00,34.73,37.18,33.46,30.38,32.26
2016-09-07 00:30:00,30.68,32.11,30.24,26.69,28.38
2016-09-07 01:00:00,30.22,30.84,29.03,25.47,27.16
2016-09-07 01:30:00,31.01,30.91,28.51,25.22,27.06
2016-09-07 02:00:00,29.73,29.93,22.13,19.65,22.91
2016-09-07 02:30:00,29.23,29.32,5.96,3.93,13.55
2016-09-07 03:00:00,27.41,27.63,10.13,8.98,15.7
2016-09-07 03:30:00,27.14,27.37,7.17,6.9,14.17
2016-09-07 04:00:00,26.88,27.09,6.62,8.37,13.74
2016-09-07 04:30:00,27.72,28.32,-22.3,4.62,11.19
2016-09-07 05:00:00,27.43,28.47,-18.44,8.98,14.36
2016-09-07 05:30:00,24.86,27.0,10.54,15.22,17.71
2016-09-07 06:00:00,27.03,35.42,13.54,12.71,17.66
2016-09-07 06:30:00,56.4,63.6,45.95,58.53,50.17
2016-09-07 07:00:00,51.18,60.46,46.51,81.83,46.15
2016-09-07 07:30:00,34.76,61.0,31.76,83.49,30.46
2016-09-07 08:00:00,41.96,54.1,38.97,87.35,36.93
2016-09-07 08:30:00,39.69,54.86,41.03,139.98,35.69
2016-09-07 09:00:00,36.96,53.09,36.7,271.6,32.61
2016-09-07 09:30:00,34.35,50.45,32.39,71.59,29.83
2016-09-07 10:00:00,31.04,51.87,27.86,71.59,26.43
2016-09-07 10:30:00,31.42,50.73,28.29,75.19,26.89
2016-09-07 11:00:00,31.95,39.17,28.18,93.34,27.25
2016-09-07 11:30:00,32.6,35.68,28.1,57.39,27.83
2016-09-07 12:00:00,32.72,35.69,27.87,49.25,27.74
2016-09-07 12:30:00,31.61,33.82,26.57,25.68,26.5
2016-09-07 13:00:00,31.09,33.26,25.72,24.72,25.97
2016-09-07 13:30:00,30.09,32.38,22.98,23.64,24.98
2016-09-07 14:00:00,29.96,32.16,21.68,23.31,24.64
2016-09-07 14:30:00,29.82,32.68,22.28,22.83,24.34
2016-09-07 15:00:00,29.27,34.51,17.6,16.26,20.85
2016-09-07 15:30:00,29.96,51.41,13.45,9.55,17.81
2016-09-07 16:00:00,29.69,60.01,17.87,14.32,19.9
2016-09-07 16:30:00,30.1,58.56,23.79,16.07,20.98
2016-09-07 17:00:00,29.55,54.1,29.72,31.55,22.74
2016-09-07 17:30:00,29.96,52.71,44.06,35.48,25.11
2016-09-07 18:00:00,31.39,52.7,37.89,94.42,25.95
2016-09-07 18:30:00,33.17,54.93,27.42,93.94,26.61
2016-09-07 19:00:00,33.05,58.09,27.23,93.84,26.83
2016-09-07 19:30:00,29.41,51.96,20.98,96.76,22.18
2016-09-07 20:00:00,28.53,51.68,16.36,98.91,19.51
2016-09-07 20:30:00,26.91,53.04,14.75,99.78,17.97
2016-09-07 21:00:00,27.34,50.83,11.58,101.78,16.24
2016-09-07 21:30:00,27.46,48.33,10.68,101.93,15.79
2016-09-07 22:00:00,27.1,39.94,9.44,24.1,15.22
2016-09-07 22:30:00,45.14,57.54,-21.25,2.9,19.48
2016-09-07 23:00:00,28.44,39.22,-45.0,-0.44,11.21
2016-09-07 23:30:00,29.31,42.81,-73.1,0.7,13.29
2016-09-08 00:00:00,28.65,31.54,-6.16,0.96,11.65
2016-09-08 00:30:00,30.26,31.97,-42.95,-39.76,-11.5
2016-09-08 01:00:00,35.76,36.48,-4.62,-3.76,11.24
2016-09-08 01:30:00,38.61,37.9,-43.72,-39.46,-8.9
2016-09-08 02:00:00,38.31,37.6,-47.78,-40.37,-11.11
2016-09-08 02:30:00,36.96,36.15,-71.15,-40.88,-23.83
2016-09-08 03:00:00,35.37,34.85,-62.9,-41.11,-19.94
2016-09-08 03:30:00,30.8,30.36,-86.36,-41.11,-34.1
2016-09-08 04:00:00,30.49,30.39,-75.79,-41.11,-28.56
2016-09-08 04:30:00,30.11,30.6,-89.72,-41.11,-36.07
2016-09-08 05:00:00,32.76,33.18,-82.5,-41.11,-31.27
2016-09-08 05:30:00,41.72,43.09,-76.35,-41.08,-16.89
2016-09-08 06:00:00,36.74,39.8,-75.57,-31.39,-13.86
2016-09-08 06:30:00,33.48,52.46,-44.75,4.62,15.76
2016-09-08 07:00:00,34.27,54.09,-7.95,86.31,19.7
2016-09-08 07:30:00,27.51,54.09,10.96,101.67,16.57
2016-09-08 08:00:00,28.12,47.36,12.89,101.04,17.52
2016-09-08 08:30:00,27.41,36.0,17.46,99.7,18.72
2016-09-08 09:00:00,26.82,39.55,17.38,102.11,16.14
2016-09-08 09:30:00,29.96,41.64,21.13,102.57,17.44
2016-09-08 10:00:00,29.96,36.0,24.81,102.34,17.5
2016-09-08 10:30:00,30.1,42.37,18.15,86.36,17.37
2016-09-08 11:00:00,29.96,36.0,17.92,40.41,17.34
2016-09-08 11:30:00,29.96,36.0,18.94,70.9,17.31
2016-09-08 12:00:00,30.1,36.0,23.54,9.79,17.45
2016-09-08 12:30:00,30.23,35.66,44.85,18.53,22.07
2016-09-08 13:00:00,29.96,36.0,81.66,19.48,22.34
2016-09-08 13:30:00,29.14,36.0,26.73,14.05,19.33
2016-09-08 14:00:00,29.96,41.79,25.58,12.19,18.72
2016-09-08 14:30:00,29.96,50.39,21.64,13.52,19.33
2016-09-08 15:00:00,29.96,54.09,18.2,13.46,19.26
2016-09-08 15:30:00,29.41,52.98,16.75,9.63,17.61
2016-09-08 16:00:00,30.97,53.33,22.03,14.13,20.46
2016-09-08 16:30:00,30.71,54.93,19.66,12.53,19.56
2016-09-08 17:00:00,29.96,54.1,32.22,18.01,22.16
2016-09-08 17:30:00,30.13,54.09,42.93,21.3,24.04
2016-09-08 18:00:00,39.65,55.5,64.99,31.08,32.99
2016-09-08 18:30:00,38.74,159.96,76.84,31.28,32.77
2016-09-08 19:00:00,36.96,53.41,73.32,29.59,30.84
2016-09-08 19:30:00,35.93,49.02,68.69,27.83,28.68
2016-09-08 20:00:00,36.47,50.24,53.19,27.68,27.67
2016-09-08 20:30:00,34.1,56.53,46.04,26.12,24.1
2016-09-08 21:00:00,31.29,51.25,1783.47,12.6,16.45
2016-09-08 21:30:00,30.37,52.03,10.2,8.98,16.65
2016-09-08 22:00:00,29.96,42.79,11.73,9.8,16.95
2016-09-08 22:30:00,48.77,63.4,18.08,7.9,24.11
2016-09-08 23:00:00,30.78,51.69,10.34,8.09,14.78
2016-09-08 23:30:00,32.7,47.34,12.3,11.38,14.19
2016-09-09 00:00:00,31.27,34.18,111.86,9.62,10.39
2016-09-09 00:30:00,31.55,33.13,179.62,9.26,10.12
2016-09-09 01:00:00,30.86,31.82,149.39,10.11,11.9
2016-09-09 01:30:00,29.81,30.33,140.47,7.79,10.47
2016-09-09 02:00:00,29.98,30.6,10.95,4.79,10.37
2016-09-09 02:30:00,27.88,28.42,25.01,11.87,12.87
2016-09-09 03:00:00,27.41,27.82,12.22,7.71,8.32
2016-09-09 03:30:00,27.15,27.6,7.05,5.95,6.35
2016-09-09 04:00:00,23.12,23.56,13.37,12.1,13.68
2016-09-09 04:30:00,25.63,26.21,10.09,8.83,14.63
2016-09-09 05:00:00,26.38,27.55,12.3,11.08,14.97
2016-09-09 05:30:00,28.42,30.6,-4.32,6.27,14.4
2016-09-09 06:00:00,22.3,31.5,-44.22,10.35,14.5
2016-09-09 06:30:00,29.38,50.47,15.51,19.98,22.87
2016-09-09 07:00:00,29.99,53.74,21.17,20.07,23.36
2016-09-09 07:30:00,28.84,55.45,25.02,44.16,23.35
2016-09-09 08:00:00,35.73,47.67,33.29,34.34,30.81
2016-09-09 08:30:00,34.52,40.05,34.32,11.11,30.82
2016-09-09 09:00:00,30.78,37.85,29.68,1.16,27.33
2016-09-09 09:30:00,30.1,41.45,27.36,12.43,26.2
2016-09-09 10:00:00,30.1,49.33,24.25,15.94,25.78
2016-09-09 10:30:00,30.67,61.06,22.7,25.27,25.5
2016-09-09 11:00:00,29.17,62.93,17.19,23.15,23.58
2016-09-09 11:30:00,29.69,66.41,17.71,10.11,23.32
2016-09-09 12:00:00,30.83,64.9,15.96,18.19,21.58
2016-09-09 12:30:00,30.37,64.55,-8.98,12.9,18.95
2016-09-09 13:00:00,30.51,59.47,-25.4,33.6,21.8
2016-09-09 13:30:00,30.92,60.7,-45.0,97.62,24.98
2016-09-09 14:00:00,30.37,57.73,-45.0,102.27,21.61
2016-09-09 14:30:00,30.82,60.63,-48.31,47.21,21.73
2016-09-09 15:00:00,31.76,52.39,-144.15,22.42,23.89
2016-09-09 15:30:00,31.3,50.74,-28.87,24.41,25.89
2016-09-09 16:00:00,34.54,55.46,-13.7,25.49,27.82
2016-09-09 16:30:00,30.84,64.55,7.82,26.63,25.88
2016-09-09 17:00:00,34.79,68.67,29.04,71.94,29.75
2016-09-09 17:30:00,36.96,58.15,32.15,156.85,32.33
2016-09-09 18:00:00,41.49,55.88,38.15,71.59,36.88
2016-09-09 18:30:00,39.45,61.75,38.01,71.59,34.28
2016-09-09 19:00:00,35.13,59.32,38.46,71.59,30.02
2016-09-09 19:30:00,30.99,55.82,33.43,71.59,26.34
2016-09-09 20:00:00,30.71,53.38,30.08,71.59,25.52
2016-09-09 20:30:00,32.01,56.59,29.79,66.09,27.25
2016-09-09 21:00:00,31.34,50.96,28.49,51.53,26.42
2016-09-09 21:30:00,30.76,46.94,27.4,27.87,25.66
2016-09-09 22:00:00,30.61,35.39,27.57,26.3,25.67
2016-09-09 22:30:00,67.43,71.56,45.81,31.51,40.5
2016-09-09 23:00:00,39.36,58.26,30.82,26.97,28.63
2016-09-09 23:30:00,35.69,50.46,25.74,24.34,27.86
2016-09-10 00:00:00,38.06,41.04,32.63,29.57,31.78
2016-09-10 00:30:00,30.48,32.22,27.59,23.77,25.56
2016-09-10 01:00:00,30.51,31.51,51.34,21.71,23.28
2016-09-10 01:30:00,29.99,30.6,27.89,23.42,25.2
2016-09-10 02:00:00,30.21,30.6,23.24,19.82,23.16
2016-09-10 02:30:00,29.96,30.6,26.7,23.4,25.09
2016-09-10 03:00:00,29.93,30.6,27.18,23.31,25.01
2016-09-10 03:30:00,29.55,30.18,26.73,22.66,24.39
2016-09-10 04:00:00,28.95,29.58,26.75,22.44,24.22
2016-09-10 04:30:00,27.25,27.99,23.94,20.68,22.31
2016-09-10 05:00:00,26.72,27.58,23.77,20.36,21.91
2016-09-10 05:30:00,28.25,29.17,26.88,22.28,23.87
2016-09-10 06:00:00,28.77,30.2,28.55,22.75,24.42
2016-09-10 06:30:00,29.53,30.6,30.33,23.54,25.04
2016-09-10 07:00:00,30.72,31.58,34.78,24.7,26.27
2016-09-10 07:30:00,30.8,32.08,39.42,25.5,26.92
2016-09-10 08:00:00,35.63,37.1,51.66,49.95,32.71
2016-09-10 08:30:00,42.29,43.69,59.34,82.03,40.56
2016-09-10 09:00:00,53.57,55.43,67.05,83.74,54.28
2016-09-10 09:30:00,59.63,61.57,74.57,82.42,61.3
2016-09-10 10:00:00,44.71,47.38,60.22,87.86,45.46
2016-09-10 10:30:00,46.78,50.63,59.94,75.74,47.14
2016-09-10 11:00:00,39.86,42.95,59.99,81.5,40.9
2016-09-10 11:30:00,34.02,37.07,59.99,81.41,35.22
2016-09-10 12:00:00,31.88,34.88,59.89,52.3,33.05
2016-09-10 12:30:00,32.54,34.8,59.79,31.9,33.56
2016-09-10 13:00:00,31.12,33.18,52.32,30.64,32.15
2016-09-10 13:30:00,33.94,36.81,55.13,32.76,34.57
2016-09-10 14:00:00,30.19,40.49,47.58,28.8,30.45
2016-09-10 14:30:00,33.61,41.88,46.29,31.63,33.47
2016-09-10 15:00:00,31.89,36.03,48.69,30.62,32.23
2016-09-10 15:30:00,33.51,51.99,52.07,32.19,34.09
2016-09-10 16:00:00,30.99,54.09,59.99,29.48,31.01
2016-09-10 16:30:00,33.86,66.9,59.99,32.98,34.78
2016-09-10 17:00:00,33.32,82.29,64.74,33.45,35.55
2016-09-10 17:30:00,45.89,66.26,77.92,46.36,48.8
2016-09-10 18:00:00,61.28,71.14,79.99,75.42,62.25
2016-09-10 18:30:00,78.53,89.05,85.82,72.53,77.34
2016-09-10 19:00:00,77.73,137.94,89.1,73.52,78.18
2016-09-10 19:30:00,55.76,63.58,70.26,58.8,58.72
2016-09-10 20:00:00,50.91,56.43,68.18,56.49,56.04
2016-09-10 20:30:00,41.95,59.95,59.89,44.29,46.33
2016-09-10 21:00:00,36.65,48.73,58.48,55.57,40.35
2016-09-10 21:30:00,38.86,49.93,59.52,63.71,44.51
2016-09-10 22:00:00,33.11,41.21,55.59,71.09,39.56
2016-09-10 22:30:00,34.25,64.92,55.94,69.09,37.41
2016-09-10 23:00:00,36.71,64.53,57.8,55.38,42.45
2016-09-10 23:30:00,39.23,55.97,49.39,57.55,43.72
2016-09-11 00:00:00,41.78,45.9,54.72,46.31,47.42
2016-09-11 00:30:00,37.77,40.38,72.21,43.37,44.57
2016-09-11 01:00:00,43.06,45.35,76.56,16.32,48.37
2016-09-11 01:30:00,37.91,39.06,62.87,30.72,40.84
2016-09-11 02:00:00,49.17,48.96,74.29,30.82,51.92
2016-09-11 02:30:00,52.76,52.23,71.49,32.24,53.79
2016-09-11 03:00:00,52.81,51.66,66.32,15.23,52.68
2016-09-11 03:30:00,48.27,46.42,66.18,3.05,47.81
2016-09-11 04:00:00,41.5,39.41,54.14,-0.52,40.22
2016-09-11 04:30:00,57.84,54.09,69.67,20.44,55.8
2016-09-11 05:00:00,63.67,57.86,74.54,29.65,60.61
2016-09-11 05:30:00,65.08,59.06,74.92,66.62,61.01
2016-09-11 06:00:00,60.23,55.77,68.2,71.09,55.72
2016-09-11 06:30:00,41.78,39.66,47.85,71.59,38.66
2016-09-11 07:00:00,36.01,35.04,41.81,136.34,33.64
2016-09-11 07:30:00,39.21,37.92,46.98,50.6,38.24
2016-09-11 08:00:00,40.09,38.1,48.7,30.44,39.63
2016-09-11 08:30:00,42.57,40.21,49.94,30.26,40.46
2016-09-11 09:00:00,47.49,45.39,54.3,20.44,44.15
2016-09-11 09:30:00,42.82,41.35,47.63,14.27,38.76
2016-09-11 10:00:00,36.87,35.73,41.55,70.82,33.57
2016-09-11 10:30:00,34.42,33.27,37.81,49.66,31.28
2016-09-11 11:00:00,31.81,30.89,33.63,36.23,28.61
2016-09-11 11:30:00,34.27,32.97,34.72,38.67,30.08
2016-09-11 12:00:00,37.25,35.35,37.25,31.64,32.34
2016-09-11 12:30:00,36.16,34.22,36.61,30.85,31.87
2016-09-11 13:00:00,34.57,32.49,34.77,29.09,30.4
2016-09-11 13:30:00,34.4,32.38,34.78,29.14,30.47
2016-09-11 14:00:00,36.7,34.74,37.53,30.96,32.78
2016-09-11 14:30:00,36.42,34.51,39.22,31.63,33.4
2016-09-11 15:00:00,38.29,36.32,41.02,33.28,35.04
2016-09-11 15:30:00,48.98,46.55,52.47,42.68,45.32
2016-09-11 16:00:00,66.33,63.21,71.39,57.16,61.24
2016-09-11 16:30:00,59.05,57.99,63.58,50.34,54.23
2016-09-11 17:00:00,55.11,55.79,60.46,48.01,51.28
2016-09-11 17:30:00,55.5,55.86,63.73,51.43,54.53
2016-09-11 18:00:00,61.26,60.65,70.95,57.44,60.45
2016-09-11 18:30:00,183.8,180.65,209.28,75.09,177.7
2016-09-11 19:00:00,112.5,111.24,135.49,74.46,112.1
2016-09-11 19:30:00,68.29,67.86,90.23,70.3,71.74
2016-09-11 20:00:00,54.22,54.33,79.46,63.53,59.21
2016-09-11 20:30:00,52.44,53.36,74.71,54.98,57.34
2016-09-11 21:00:00,47.0,48.02,66.07,48.64,51.29
2016-09-11 21:30:00,39.03,38.99,69.48,41.58,44.01
2016-09-11 22:00:00,36.74,36.03,79.99,38.39,40.76
2016-09-11 22:30:00,42.32,42.54,73.57,43.76,46.83
2016-09-11 23:00:00,36.23,36.64,61.23,36.85,39.42
2016-09-11 23:30:00,36.4,36.58,48.08,37.14,39.92
2016-09-12 00:00:00,38.77,38.66,59.36,40.72,44.01
2016-09-12 00:30:00,31.4,31.14,79.99,33.6,35.68
2016-09-12 01:00:00,30.78,30.6,66.91,59.37,34.61
2016-09-12 01:30:00,30.27,29.85,53.04,71.66,32.65
2016-09-12 02:00:00,30.54,29.79,49.99,153.39,32.47
2016-09-12 02:30:00,30.64,30.14,49.99,39.87,33.7
2016-09-12 03:00:00,29.69,29.17,49.99,32.72,31.66
2016-09-12 03:30:00,29.83,29.22,47.38,32.91,31.53
2016-09-12 04:00:00,30.05,30.39,44.53,33.54,31.63
2016-09-12 04:30:00,26.92,26.31,35.47,30.41,28.16
2016-09-12 05:00:00,30.43,30.06,39.04,33.81,31.83
2016-09-12 05:30:00,33.77,33.29,44.16,40.95,36.18
2016-09-12 06:00:00,44.85,44.31,58.7,55.11,49.43
2016-09-12 06:30:00,56.39,57.01,74.91,49.91,64.93
2016-09-12 07:00:00,60.49,59.62,76.38,72.72,65.71
2016-09-12 07:30:00,43.52,44.92,55.92,149.43,46.05
2016-09-12 08:00:00,57.43,56.33,79.24,77.0,66.04
2016-09-12 08:30:00,58.42,49.28,99.14,87.34,83.31
2016-09-12 09:00:00,42.6,42.73,176.61,134.87,141.47
2016-09-12 09:30:00,39.16,38.94,177.7,123.49,128.11
2016-09-12 10:00:00,36.9,36.6,115.56,77.16,80.97
2016-09-12 10:30:00,36.96,36.61,217.95,160.68,168.41
2016-09-12 11:00:00,36.96,36.82,165.23,129.4,137.62
2016-09-12 11:30:00,36.86,36.72,81.93,71.59,69.39
2016-09-12 12:00:00,36.96,37.02,79.99,71.59,67.31
2016-09-12 12:30:00,38.63,38.01,76.32,71.59,62.68
2016-09-12 13:00:00,41.96,41.54,78.64,67.34,65.04
2016-09-12 13:30:00,41.96,41.9,79.99,71.59,65.81
2016-09-12 14:00:00,41.96,42.56,79.99,71.59,65.66
2016-09-12 14:30:00,47.69,48.4,79.99,71.59,63.34
2016-09-12 15:00:00,51.4,52.62,79.99,71.59,59.23
2016-09-12 15:30:00,53.06,54.41,79.99,71.59,58.8
2016-09-12 16:00:00,56.8,57.83,79.99,71.59,59.49
2016-09-12 16:30:00,51.35,53.39,75.86,71.59,57.23
2016-09-12 17:00:00,55.7,56.94,91.48,71.59,66.82
2016-09-12 17:30:00,52.19,52.72,98.83,75.44,69.93
2016-09-12 18:00:00,64.91,63.85,121.7,78.04,80.55
2016-09-12 18:30:00,89.73,87.13,162.03,104.71,104.28
2016-09-12 19:00:00,77.36,76.01,184.67,211.0,118.73
2016-09-12 19:30:00,54.8,56.55,104.84,89.75,64.84
2016-09-12 20:00:00,58.42,60.9,136.14,93.67,76.78
2016-09-12 20:30:00,56.56,59.24,108.37,83.05,67.65
2016-09-12 21:00:00,45.31,48.46,104.09,72.72,62.62
2016-09-12 21:30:00,43.41,45.85,101.95,73.43,61.28
2016-09-12 22:00:00,36.43,37.65,90.16,71.59,46.53
2016-09-12 22:30:00,52.54,53.52,81.02,75.1,57.14
2016-09-12 23:00:00,42.48,46.95,75.14,75.63,46.79
2016-09-12 23:30:00,46.5,48.51,80.85,36.4,65.45
2016-09-13 00:00:00,36.73,36.88,92.33,58.55,54.37
2016-09-13 00:30:00,36.41,35.45,93.73,64.92,65.1
2016-09-13 01:00:00,34.43,33.0,81.91,63.55,60.26
2016-09-13 01:30:00,31.62,30.42,69.99,54.62,47.14
2016-09-13 02:00:00,31.05,29.67,66.4,57.25,47.3
2016-09-13 02:30:00,30.77,29.0,84.19,68.36,42.52
2016-09-13 03:00:00,30.76,29.01,72.62,64.97,32.12
2016-09-13 03:30:00,30.23,28.57,56.08,50.93,31.36
2016-09-13 04:00:00,30.23,28.5,49.62,51.02,30.99
2016-09-13 04:30:00,31.94,30.24,50.75,64.77,32.73
2016-09-13 05:00:00,31.43,30.25,44.0,72.32,32.29
2016-09-13 05:30:00,31.64,31.39,39.77,66.97,32.54
2016-09-13 06:00:00,37.4,37.85,44.69,51.77,38.67
2016-09-13 06:30:00,54.43,54.45,72.35,67.03,62.86
2016-09-13 07:00:00,65.48,62.51,94.12,76.15,73.64
2016-09-13 07:30:00,54.52,53.51,79.99,74.45,54.85
2016-09-13 08:00:00,60.27,55.58,84.65,77.02,64.3
2016-09-13 08:30:00,60.96,55.17,111.7,88.66,74.83
2016-09-13 09:00:00,59.85,54.52,106.5,83.51,71.31
2016-09-13 09:30:00,68.26,62.81,115.91,80.85,84.46
2016-09-13 10:00:00,57.82,53.74,107.29,78.78,83.2
2016-09-13 10:30:00,56.67,53.45,96.06,78.92,70.16
2016-09-13 11:00:00,51.09,49.29,79.99,77.26,57.4
2016-09-13 11:30:00,54.74,52.43,83.45,66.4,71.47
2016-09-13 12:00:00,55.5,53.14,82.14,65.76,71.08
2016-09-13 12:30:00,57.07,54.01,80.5,70.22,71.91
2016-09-13 13:00:00,54.91,52.83,79.99,60.3,61.96
2016-09-13 13:30:00,55.39,53.35,79.99,73.14,62.78
2016-09-13 14:00:00,60.61,57.3,84.18,72.32,74.23
2016-09-13 14:30:00,64.43,61.38,84.32,73.59,77.78
2016-09-13 15:00:00,61.33,57.9,79.99,72.32,73.93
2016-09-13 15:30:00,64.43,62.35,83.58,72.61,77.1
2016-09-13 16:00:00,67.55,65.91,84.67,74.6,79.62
2016-09-13 16:30:00,64.78,63.89,79.84,72.32,74.99
2016-09-13 17:00:00,56.98,52.93,78.39,72.57,67.76
2016-09-13 17:30:00,52.29,48.36,78.1,73.13,62.53
2016-09-13 18:00:00,64.87,63.37,85.61,76.09,77.05
2016-09-13 18:30:00,79.67,80.61,93.51,83.67,89.04
2016-09-13 19:00:00,72.0,73.16,86.66,77.23,81.07
2016-09-13 19:30:00,54.59,55.48,72.64,72.32,63.6
2016-09-13 20:00:00,55.51,55.31,76.89,72.95,65.63
2016-09-13 20:30:00,56.65,56.46,77.09,63.97,65.22
2016-09-13 21:00:00,48.45,48.55,67.61,59.97,56.44
2016-09-13 21:30:00,38.65,39.7,52.2,45.66,44.3
2016-09-13 22:00:00,33.84,34.2,42.18,42.39,36.42
2016-09-13 22:30:00,48.61,48.35,54.94,52.58,50.06
2016-09-13 23:00:00,34.88,36.8,37.42,40.96,34.48
2016-09-13 23:30:00,39.47,40.3,40.51,42.46,39.91
2016-09-14 00:00:00,34.37,34.33,35.75,36.38,34.42
2016-09-14 00:30:00,30.69,30.6,31.73,31.47,29.74
2016-09-14 01:00:00,30.9,30.82,31.39,30.84,29.23
2016-09-14 01:30:00,30.37,30.39,28.08,29.5,27.28
2016-09-14 02:00:00,30.05,29.79,25.97,32.58,25.45
2016-09-14 02:30:00,28.81,28.56,23.91,31.13,24.18
2016-09-14 03:00:00,28.3,27.92,22.37,42.31,23.53
2016-09-14 03:30:00,26.7,26.2,21.12,37.41,21.94
2016-09-14 04:00:00,27.07,26.58,21.81,27.91,22.75
2016-09-14 04:30:00,27.13,27.0,21.85,52.63,22.98
2016-09-14 05:00:00,27.22,27.42,21.19,71.04,22.69
2016-09-14 05:30:00,29.88,30.57,25.0,50.24,26.21
2016-09-14 06:00:00,31.06,31.82,27.8,34.61,28.57
2016-09-14 06:30:00,51.55,52.63,49.36,69.07,51.56
2016-09-14 07:00:00,56.53,57.83,55.06,62.73,58.14
2016-09-14 07:30:00,50.25,52.07,56.35,72.12,54.1
2016-09-14 08:00:00,74.04,72.31,88.3,73.57,83.66
2016-09-14 08:30:00,78.76,74.89,95.6,74.88,90.57
2016-09-14 09:00:00,60.76,57.9,74.87,67.54,70.54
2016-09-14 09:30:00,66.78,63.19,77.9,64.87,72.68
2016-09-14 10:00:00,58.99,55.97,67.33,60.31,61.69
2016-09-14 10:30:00,54.81,53.32,60.11,53.48,54.94
2016-09-14 11:00:00,52.41,52.46,59.3,77.47,54.2
2016-09-14 11:30:00,51.29,51.09,60.29,78.57,54.07
2016-09-14 12:00:00,50.19,50.15,60.76,77.69,53.7
2016-09-14 12:30:00,50.99,52.02,61.03,80.21,54.35
2016-09-14 13:00:00,51.53,53.43,60.64,72.27,54.7
2016-09-14 13:30:00,52.48,54.12,62.03,72.32,56.15
2016-09-14 14:00:00,55.03,55.0,66.02,70.87,59.93
2016-09-14 14:30:00,55.43,54.12,69.68,40.48,63.63
2016-09-14 15:00:00,55.95,54.61,77.32,35.51,70.62
2016-09-14 15:30:00,50.42,52.56,59.8,30.62,54.26
2016-09-14 16:00:00,56.7,59.61,66.47,32.7,59.95
2016-09-14 16:30:00,55.78,58.72,65.24,39.98,59.31
2016-09-14 17:00:00,59.29,61.11,68.08,57.69,64.1
2016-09-14 17:30:00,50.88,51.88,72.26,65.06,66.54
2016-09-14 18:00:00,55.03,56.78,58.48,54.02,57.35
2016-09-14 18:30:00,74.67,76.13,71.42,73.46,74.21
2016-09-14 19:00:00,72.75,73.25,72.73,72.32,73.96
2016-09-14 19:30:00,62.61,64.13,64.09,72.32,64.22
2016-09-14 20:00:00,58.82,59.59,62.69,72.32,63.2
2016-09-14 20:30:00,55.96,57.51,60.64,72.33,59.74
2016-09-14 21:00:00,50.92,52.57,58.6,101.14,56.5
2016-09-14 21:30:00,48.0,50.32,60.1,57.38,56.25
2016-09-14 22:00:00,43.19,45.57,53.89,45.21,48.48
2016-09-14 22:30:00,99.86,99.01,114.6,61.37,108.36
2016-09-14 23:00:00,47.5,50.01,49.4,35.76,48.43
2016-09-14 23:30:00,49.72,52.79,48.84,30.37,50.85
2016-09-15 00:00:00,42.95,44.06,46.46,33.92,45.1
2016-09-15 00:30:00,36.13,36.74,37.73,31.55,36.43
2016-09-15 01:00:00,32.23,33.31,31.74,31.78,31.27
2016-09-15 01:30:00,40.9,41.22,39.52,44.68,40.36
2016-09-15 02:00:00,40.6,40.43,40.67,45.94,39.89
2016-09-15 02:30:00,32.11,32.43,30.88,41.54,30.56
2016-09-15 03:00:00,32.07,33.1,32.07,31.9,30.36
2016-09-15 03:30:00,30.19,31.61,29.55,32.49,28.13
2016-09-15 04:00:00,30.33,31.7,29.1,44.19,28.16
2016-09-15 04:30:00,30.61,31.71,29.53,42.82,28.57
2016-09-15 05:00:00,32.65,34.16,32.27,44.62,30.55
2016-09-15 05:30:00,32.83,33.69,34.93,50.01,31.82
2016-09-15 06:00:00,30.43,32.5,31.54,55.48,26.86
2016-09-15 06:30:00,37.01,41.29,39.37,69.79,32.06
2016-09-15 07:00:00,53.62,57.06,69.8,57.64,52.89
2016-09-15 07:30:00,51.99,55.06,79.99,60.33,51.54
2016-09-15 08:00:00,61.51,64.15,81.92,72.67,62.02
2016-09-15 08:30:00,64.98,67.16,99.09,73.46,66.38
2016-09-15 09:00:00,50.74,54.12,102.45,59.51,51.37
2016-09-15 09:30:00,45.75,49.98,101.73,50.78,45.92
2016-09-15 10:00:00,44.55,49.8,79.99,45.71,42.94
2016-09-15 10:30:00,35.01,38.74,76.66,34.77,33.37
2016-09-15 11:00:00,35.74,38.8,75.84,34.63,33.51
2016-09-15 11:30:00,32.47,36.0,68.25,30.63,30.14
2016-09-15 12:00:00,36.95,40.89,65.06,34.6,35.09
2016-09-15 12:30:00,36.04,40.01,78.32,33.46,34.54
2016-09-15 13:00:00,32.36,36.26,52.18,28.3,31.55
2016-09-15 13:30:00,35.29,42.98,39.84,31.53,35.05
2016-09-15 14:00:00,43.17,50.34,48.45,33.88,43.14
2016-09-15 14:30:00,36.1,48.08,40.15,31.34,36.3
2016-09-15 15:00:00,41.4,54.12,46.58,39.18,42.07
2016-09-15 15:30:00,41.82,53.34,47.94,35.28,43.01
2016-09-15 16:00:00,40.61,49.46,49.24,35.08,43.05
2016-09-15 16:30:00,44.61,50.55,57.1,42.76,47.95
2016-09-15 17:00:00,50.15,56.07,74.57,46.3,55.01
2016-09-15 17:30:00,40.43,54.11,76.77,40.86,43.24
2016-09-15 18:00:00,48.18,54.48,79.43,55.38,50.89
2016-09-15 18:30:00,49.5,54.09,97.53,47.19,51.87
2016-09-15 19:00:00,53.9,57.28,114.89,57.1,58.23
2016-09-15 19:30:00,49.33,53.1,124.99,51.5,52.48
2016-09-15 20:00:00,48.16,51.74,124.99,49.92,50.6
2016-09-15 20:30:00,46.74,49.25,124.99,51.01,49.12
2016-09-15 21:00:00,44.99,45.7,109.24,47.59,48.38
2016-09-15 21:30:00,39.06,38.56,93.47,40.58,40.26
2016-09-15 22:00:00,35.04,34.45,79.99,32.26,35.65
2016-09-15 22:30:00,61.56,58.33,86.45,37.56,62.28
2016-09-15 23:00:00,46.41,45.12,71.43,27.63,46.1
2016-09-15 23:30:00,45.39,43.73,56.45,27.61,45.52
2016-09-16 00:00:00,40.63,37.8,51.12,27.62,41.47
2016-09-16 00:30:00,38.69,35.1,68.25,27.94,38.37
2016-09-16 01:00:00,37.77,33.67,78.32,27.82,37.01
2016-09-16 01:30:00,35.09,30.9,74.05,27.66,33.95
2016-09-16 02:00:00,34.36,30.63,64.99,27.63,32.53
2016-09-16 02:30:00,32.3,29.51,79.99,27.64,30.54
2016-09-16 03:00:00,29.77,27.47,50.12,29.3,28.28
2016-09-16 03:30:00,29.96,27.59,37.38,28.85,27.71
2016-09-16 04:00:00,30.09,27.66,39.72,28.78,27.17
2016-09-16 04:30:00,30.1,27.98,39.27,28.92,27.34
2016-09-16 05:00:00,31.44,29.72,42.07,30.38,28.48
2016-09-16 05:30:00,31.98,31.06,41.09,28.86,27.69
2016-09-16 06:00:00,32.6,32.23,35.92,28.38,29.34
2016-09-16 06:30:00,58.97,55.88,69.46,58.96,56.99
2016-09-16 07:00:00,109.03,101.47,155.68,64.86,104.74
2016-09-16 07:30:00,69.57,65.35,125.17,69.69,68.6
2016-09-16 08:00:00,79.81,72.35,134.81,72.32,79.79
2016-09-16 08:30:00,64.29,59.29,91.38,66.74,64.81
2016-09-16 09:00:00,55.45,52.4,82.53,57.3,55.73
2016-09-16 09:30:00,51.72,49.52,80.08,52.84,51.56
2016-09-16 10:00:00,49.52,47.97,73.32,47.63,48.81
2016-09-16 10:30:00,49.46,48.82,75.67,36.87,48.04
2016-09-16 11:00:00,47.99,48.26,55.52,40.07,45.14
2016-09-16 11:30:00,38.1,38.92,39.12,32.42,36.0
2016-09-16 12:00:00,41.45,42.72,41.08,29.33,38.74
2016-09-16 12:30:00,33.98,35.56,31.83,28.29,30.79
2016-09-16 13:00:00,31.31,32.8,27.61,27.6,27.86
2016-09-16 13:30:00,33.09,34.52,28.92,30.04,29.74
2016-09-16 14:00:00,34.28,35.93,30.86,28.88,31.52
2016-09-16 14:30:00,32.33,33.43,28.54,27.71,30.09
2016-09-16 15:00:00,30.61,31.53,27.31,27.58,28.79
2016-09-16 15:30:00,35.92,36.95,34.92,28.16,34.17
2016-09-16 16:00:00,39.71,41.48,39.65,28.38,37.44
2016-09-16 16:30:00,48.42,51.09,50.12,29.37,45.92
2016-09-16 17:00:00,57.91,61.0,62.18,53.66,55.55
2016-09-16 17:30:00,54.31,54.93,61.47,49.78,53.19
2016-09-16 18:00:00,67.26,64.8,77.11,63.23,67.43
2016-09-16 18:30:00,69.41,67.43,79.99,66.13,70.42
2016-09-16 19:00:00,71.57,69.77,80.8,67.81,72.02
2016-09-16 19:30:00,57.8,56.25,72.06,57.29,60.0
2016-09-16 20:00:00,48.9,48.2,60.97,49.74,50.69
2016-09-16 20:30:00,54.99,54.12,68.78,59.53,58.7
2016-09-16 21:00:00,52.2,50.92,65.49,58.74,56.45
2016-09-16 21:30:00,45.13,43.96,56.09,48.57,47.15
2016-09-16 22:00:00,37.98,36.74,47.14,38.77,39.44
2016-09-16 22:30:00,64.75,62.4,69.73,60.5,64.02
2016-09-16 23:00:00,55.13,56.24,57.67,51.03,53.91
2016-09-16 23:30:00,48.59,50.62,45.75,44.02,46.44
2016-09-17 00:00:00,45.74,45.62,45.76,42.44,45.14
2016-09-17 00:30:00,40.75,40.27,40.0,46.67,39.5
2016-09-17 01:00:00,34.88,34.22,33.07,49.63,32.52
2016-09-17 01:30:00,33.06,32.03,30.59,154.24,30.6
2016-09-17 02:00:00,33.04,31.84,30.19,32.69,30.94
2016-09-17 02:30:00,29.63,29.19,26.24,28.6,27.29
2016-09-17 03:00:00,29.49,29.08,24.67,27.12,26.06
2016-09-17 03:30:00,29.32,28.67,24.1,26.46,25.52
2016-09-17 04:00:00,27.33,26.7,21.93,24.27,23.36
2016-09-17 04:30:00,26.49,26.0,20.85,23.37,22.31
2016-09-17 05:00:00,24.59,24.21,18.5,21.35,20.33
2016-09-17 05:30:00,27.72,27.86,20.42,24.11,22.82
2016-09-17 06:00:00,29.71,29.8,23.3,27.43,25.37
2016-09-17 06:30:00,30.17,29.83,24.23,28.76,26.39
2016-09-17 07:00:00,32.14,31.5,25.98,37.64,28.82
2016-09-17 07:30:00,32.22,31.43,26.58,60.68,29.24
2016-09-17 08:00:00,35.26,34.03,29.38,34.67,32.51
2016-09-17 08:30:00,40.44,38.53,35.04,58.72,38.53
2016-09-17 09:00:00,41.72,40.03,37.85,64.18,40.68
2016-09-17 09:30:00,46.61,45.22,43.69,63.85,45.29
2016-09-17 10:00:00,35.92,34.63,34.68,41.31,34.52
2016-09-17 10:30:00,32.68,31.98,33.34,33.47,31.44
2016-09-17 11:00:00,30.92,30.6,30.59,58.71,29.2
2016-09-17 11:30:00,30.25,30.51,27.67,34.9,27.43
2016-09-17 12:00:00,30.87,30.6,27.86,37.9,27.8
2016-09-17 12:30:00,30.62,30.51,26.39,28.34,26.4
2016-09-17 13:00:00,30.9,30.58,28.97,29.77,27.91
2016-09-17 13:30:00,30.98,30.43,30.37,30.01,28.25
2016-09-17 14:00:00,31.49,30.3,33.27,31.29,29.47
2016-09-17 14:30:00,32.06,30.21,37.07,32.94,31.06
2016-09-17 15:00:00,33.24,30.89,38.26,34.41,32.31
2016-09-17 15:30:00,36.43,33.52,42.22,38.33,35.64
2016-09-17 16:00:00,37.43,34.65,44.29,39.91,37.46
2016-09-17 16:30:00,38.81,35.9,42.73,39.61,37.61
2016-09-17 17:00:00,34.2,32.98,35.66,35.5,32.03
2016-09-17 17:30:00,38.64,36.78,42.99,40.11,37.22
2016-09-17 18:00:00,57.77,52.97,64.46,54.42,55.02
2016-09-17 18:30:00,65.91,60.85,74.44,62.11,63.62
2016-09-17 19:00:00,73.65,67.96,80.62,68.52,71.37
2016-09-17 19:30:00,54.95,51.51,61.71,55.33,54.32
2016-09-17 20:00:00,50.66,48.11,59.23,29.9,50.16
2016-09-17 20:30:00,55.27,52.21,66.29,29.04,55.93
2016-09-17 21:00:00,44.88,42.05,56.0,28.67,45.66
2016-09-17 21:30:00,37.46,34.75,46.77,35.1,38.11
2016-09-17 22:00:00,33.87,31.89,41.38,36.36,34.59
2016-09-17 22:30:00,36.53,35.41,43.2,38.23,36.41
2016-09-17 23:00:00,32.79,32.42,37.18,34.26,32.76
2016-09-17 23:30:00,35.17,34.05,38.34,38.12,36.43
2016-09-18 00:00:00,33.2,31.58,36.61,36.14,34.63
2016-09-18 00:30:00,31.25,30.08,33.71,33.54,32.36
2016-09-18 01:00:00,28.45,27.47,30.59,30.2,28.86
2016-09-18 01:30:00,30.86,28.91,31.64,64.38,30.83
2016-09-18 02:00:00,29.6,27.34,28.39,63.88,28.29
2016-09-18 02:30:00,29.44,27.01,25.89,67.93,26.59
2016-09-18 03:00:00,26.53,24.01,22.18,71.59,23.12
2016-09-18 03:30:00,25.99,23.76,20.49,47.83,21.96
2016-09-18 04:00:00,26.27,23.89,20.92,60.47,22.42
2016-09-18 04:30:00,25.95,23.37,20.14,72.17,22.01
2016-09-18 05:00:00,26.18,23.66,21.37,71.59,22.59
2016-09-18 05:30:00,27.46,24.73,22.97,71.59,23.94
2016-09-18 06:00:00,33.27,30.07,27.04,62.49,28.8
2016-09-18 06:30:00,33.34,30.21,28.22,64.14,29.73
2016-09-18 07:00:00,30.49,27.7,27.86,68.32,27.98
2016-09-18 07:30:00,30.17,27.55,26.61,71.59,26.43
2016-09-18 08:00:00,34.77,30.98,33.26,74.13,31.77
2016-09-18 08:30:00,45.27,40.07,46.96,64.37,43.23
2016-09-18 09:00:00,56.91,50.77,59.9,67.11,55.58
2016-09-18 09:30:00,83.35,73.63,87.36,83.58,80.67
2016-09-18 10:00:00,74.28,65.94,74.61,61.04,71.21
2016-09-18 10:30:00,58.92,53.67,60.37,34.49,56.62
2016-09-18 11:00:00,58.31,53.59,59.84,34.51,56.33
2016-09-18 11:30:00,59.72,54.11,65.23,34.06,60.58
2016-09-18 12:00:00,62.41,55.86,72.73,34.5,64.78
2016-09-18 12:30:00,59.21,53.42,68.39,29.22,61.71
2016-09-18 13:00:00,39.98,37.06,44.55,38.89,39.97
2016-09-18 13:30:00,42.97,39.95,49.28,46.5,43.53
2016-09-18 14:00:00,42.44,39.58,50.65,55.87,43.55
2016-09-18 14:30:00,36.27,33.79,41.14,47.15,35.93
2016-09-18 15:00:00,44.89,41.62,50.52,42.72,44.5
2016-09-18 15:30:00,46.15,43.42,53.72,43.02,45.42
2016-09-18 16:00:00,45.85,43.62,53.33,42.39,44.2
2016-09-18 16:30:00,53.71,51.68,60.17,48.35,50.83
2016-09-18 17:00:00,64.05,61.73,70.85,57.08,59.85
2016-09-18 17:30:00,55.15,52.52,63.98,51.13,51.12
2016-09-18 18:00:00,64.36,61.04,79.21,59.16,60.5
2016-09-18 18:30:00,83.63,78.68,118.65,73.33,78.55
2016-09-18 19:00:00,87.76,82.1,191.25,77.89,84.17
2016-09-18 19:30:00,67.78,63.59,154.97,63.08,66.89
2016-09-18 20:00:00,66.14,61.08,147.69,60.89,64.29
2016-09-18 20:30:00,65.44,60.66,183.48,60.92,64.46
2016-09-18 21:00:00,61.66,55.97,121.41,59.5,62.48
2016-09-18 21:30:00,59.72,53.52,122.12,59.99,62.9
2016-09-18 22:00:00,47.45,42.8,114.52,47.2,49.77
2016-09-18 22:30:00,50.52,47.65,99.18,74.38,52.79
2016-09-18 23:00:00,53.01,51.94,93.93,64.67,58.97
2016-09-18 23:30:00,43.17,42.85,55.95,47.7,47.57
2016-09-19 00:00:00,42.25,41.36,114.03,82.3,81.14
2016-09-19 00:30:00,33.45,32.15,86.25,60.06,46.85
2016-09-19 01:00:00,31.83,30.37,79.99,34.91,35.75
2016-09-19 01:30:00,32.02,29.96,79.99,16.75,38.7
2016-09-19 02:00:00,29.18,26.99,66.66,14.28,31.48
2016-09-19 02:30:00,27.31,25.13,63.33,14.17,29.0
2016-09-19 03:00:00,27.08,24.96,84.16,30.47,29.11
2016-09-19 03:30:00,28.28,26.0,76.66,31.81,30.34
2016-09-19 04:00:00,27.67,25.31,60.24,31.23,29.74
2016-09-19 04:30:00,28.73,26.36,76.66,17.39,30.34
2016-09-19 05:00:00,28.5,26.46,66.66,14.48,30.4
2016-09-19 05:30:00,31.06,29.98,59.99,19.24,33.98
2016-09-19 06:00:00,35.38,34.46,65.91,39.36,41.98
2016-09-19 06:30:00,51.94,49.59,99.09,59.62,76.6
2016-09-19 07:00:00,65.98,61.66,85.88,66.68,68.2
2016-09-19 07:30:00,51.81,49.5,94.16,65.86,62.02
2016-09-19 08:00:00,67.52,62.6,121.29,78.26,89.04
2016-09-19 08:30:00,75.41,69.78,121.84,86.67,90.6
2016-09-19 09:00:00,58.8,55.93,123.78,83.84,88.36
2016-09-19 09:30:00,55.44,53.02,91.16,67.75,68.55
2016-09-19 10:00:00,56.15,53.35,77.83,64.82,60.1
2016-09-19 10:30:00,53.64,51.29,69.58,60.93,54.59
2016-09-19 11:00:00,53.86,51.35,66.71,54.2,55.0
2016-09-19 11:30:00,50.87,48.78,61.78,55.79,51.5
2016-09-19 12:00:00,50.17,48.89,61.25,51.15,50.57
2016-09-19 12:30:00,49.88,48.67,60.29,49.7,49.83
2016-09-19 13:00:00,46.51,45.61,55.74,44.46,45.6
2016-09-19 13:30:00,49.68,48.74,60.01,47.08,50.05
2016-09-19 14:00:00,44.03,43.44,52.01,34.51,43.81
2016-09-19 14:30:00,42.42,42.13,48.11,34.51,41.44
2016-09-19 15:00:00,44.08,44.52,49.89,34.51,43.5
2016-09-19 15:30:00,40.9,41.49,45.29,33.71,39.59
2016-09-19 16:00:00,51.35,52.45,57.51,35.41,49.7
2016-09-19 16:30:00,51.09,52.68,58.38,40.55,49.14
2016-09-19 17:00:00,75.25,76.12,95.74,64.98,75.06
2016-09-19 17:30:00,58.18,56.79,86.67,32.68,59.6
2016-09-19 18:00:00,65.53,63.94,110.1,64.3,64.55
2016-09-19 18:30:00,89.56,87.37,107.3,79.05,84.63
2016-09-19 19:00:00,104.14,100.84,120.23,88.92,97.51
2016-09-19 19:30:00,70.74,67.49,93.68,69.48,70.24
2016-09-19 20:00:00,76.18,72.25,109.46,71.63,76.17
2016-09-19 20:30:00,71.24,68.87,86.51,67.91,69.71
2016-09-19 21:00:00,60.6,58.41,72.27,66.83,59.41
2016-09-19 21:30:00,60.84,57.41,73.23,70.97,61.64
2016-09-19 22:00:00,43.41,41.88,51.65,79.6,42.94
2016-09-19 22:30:00,49.43,48.09,54.93,66.85,48.78
2016-09-19 23:00:00,45.27,44.35,48.89,43.82,45.15
2016-09-19 23:30:00,52.93,50.23,55.66,35.74,53.02
2016-09-20 00:00:00,44.12,41.12,49.42,31.34,44.94
2016-09-20 00:30:00,31.77,30.09,31.38,21.84,29.89
2016-09-20 01:00:00,32.05,30.52,29.23,19.46,28.53
2016-09-20 01:30:00,32.3,30.01,29.36,29.86,28.98
2016-09-20 02:00:00,28.34,26.12,25.16,25.7,24.95
2016-09-20 02:30:00,26.07,23.96,22.64,23.3,22.64
2016-09-20 03:00:00,23.78,21.66,19.77,20.55,19.97
2016-09-20 03:30:00,17.93,16.32,14.88,15.6,15.06
2016-09-20 04:00:00,19.11,17.45,14.95,15.75,15.52
2016-09-20 04:30:00,25.93,23.83,20.26,21.78,21.17
2016-09-20 05:00:00,27.09,25.13,22.69,24.14,23.01
2016-09-20 05:30:00,29.29,28.47,24.82,26.83,25.31
2016-09-20 06:00:00,31.27,31.14,29.08,30.92,27.98
2016-09-20 06:30:00,45.97,44.9,44.63,68.01,42.44
2016-09-20 07:00:00,54.5,51.92,56.28,48.58,51.82
2016-09-20 07:30:00,46.15,44.12,47.51,44.1,42.36
2016-09-20 08:00:00,41.84,39.1,44.79,40.73,38.42
2016-09-20 08:30:00,46.93,44.04,51.44,45.66,43.77
2016-09-20 09:00:00,40.79,38.71,46.71,40.69,38.8
2016-09-20 09:30:00,51.29,48.98,57.0,48.65,46.95
2016-09-20 10:00:00,50.47,47.36,56.76,48.19,46.72
2016-09-20 10:30:00,45.45,42.65,48.66,43.29,41.8
2016-09-20 11:00:00,42.83,40.09,44.8,39.7,38.56
2016-09-20 11:30:00,32.94,31.5,33.6,29.4,28.67
2016-09-20 12:00:00,32.58,31.51,34.72,29.81,28.93
2016-09-20 12:30:00,31.49,30.6,37.75,29.54,28.59
2016-09-20 13:00:00,31.62,31.35,49.94,30.71,29.52
2016-09-20 13:30:00,44.6,42.98,53.07,42.28,40.92
2016-09-20 14:00:00,49.39,47.93,60.82,38.21,44.45
2016-09-20 14:30:00,47.6,45.96,67.36,36.87,43.72
2016-09-20 15:00:00,55.59,53.83,79.05,25.19,53.21
2016-09-20 15:30:00,56.74,54.88,73.17,44.33,55.47
2016-09-20 16:00:00,48.62,47.1,64.16,41.05,46.41
2016-09-20 16:30:00,50.56,49.31,59.99,45.28,46.6
2016-09-20 17:00:00,53.16,52.8,59.99,48.22,47.72
2016-09-20 17:30:00,50.74,50.23,58.27,49.25,47.7
2016-09-20 18:00:00,71.13,66.88,77.86,55.94,64.9
2016-09-20 18:30:00,93.58,86.66,98.77,63.23,82.88
2016-09-20 19:00:00,152.79,141.99,160.56,75.32,136.52
2016-09-20 19:30:00,64.02,59.79,70.17,54.43,58.67
2016-09-20 20:00:00,57.85,54.23,61.85,52.36,52.08
2016-09-20 20:30:00,57.21,54.14,59.98,49.91,51.31
2016-09-20 21:00:00,54.34,51.28,58.29,60.13,49.25
2016-09-20 21:30:00,52.76,49.72,60.38,51.29,49.4
2016-09-20 22:00:00,37.74,35.95,39.9,34.82,33.67
2016-09-20 22:30:00,57.63,54.26,58.7,53.06,51.89
2016-09-20 23:00:00,41.34,40.4,41.36,36.18,37.0
2016-09-20 23:30:00,37.44,35.82,34.51,19.1,33.46
2016-09-21 00:00:00,39.68,36.56,39.05,25.97,37.0
2016-09-21 00:30:00,33.96,31.18,33.09,31.5,31.7
2016-09-21 01:00:00,29.74,27.32,27.85,28.2,27.43
2016-09-21 01:30:00,31.11,27.87,28.34,33.84,28.93
2016-09-21 02:00:00,30.0,26.49,27.37,33.07,28.1
2016-09-21 02:30:00,28.65,25.24,25.29,29.57,26.22
2016-09-21 03:00:00,27.52,24.14,24.11,26.87,25.19
2016-09-21 03:30:00,27.07,23.53,23.65,26.63,24.9
2016-09-21 04:00:00,27.09,23.55,23.23,28.61,24.87
2016-09-21 04:30:00,27.25,24.04,23.09,26.57,24.89
2016-09-21 05:00:00,27.52,24.37,23.43,29.1,25.17
2016-09-21 05:30:00,28.34,25.97,23.2,49.27,25.95
2016-09-21 06:00:00,30.24,28.76,26.01,30.44,28.27
2016-09-21 06:30:00,41.34,38.25,39.27,67.11,40.5
2016-09-21 07:00:00,55.46,50.2,57.17,54.44,56.41
2016-09-21 07:30:00,53.57,49.47,54.78,54.65,52.31
2016-09-21 08:00:00,66.81,59.94,73.78,71.68,68.41
2016-09-21 08:30:00,74.09,66.12,81.29,79.16,76.19
2016-09-21 09:00:00,65.73,60.05,74.04,65.54,68.31
2016-09-21 09:30:00,57.21,53.56,63.26,42.49,59.13
2016-09-21 10:00:00,65.11,60.01,71.01,45.51,68.24
2016-09-21 10:30:00,66.96,63.74,68.99,39.02,67.8
2016-09-21 11:00:00,62.72,61.46,61.48,60.69,61.82
2016-09-21 11:30:00,55.13,54.35,51.86,51.96,53.01
2016-09-21 12:00:00,49.83,49.62,44.07,44.21,45.58
2016-09-21 12:30:00,45.49,45.09,37.13,40.03,38.75
2016-09-21 13:00:00,42.23,41.56,35.19,44.21,35.94
2016-09-21 13:30:00,50.17,49.42,43.57,38.43,44.53
2016-09-21 14:00:00,50.79,49.02,45.3,45.88,45.89
2016-09-21 14:30:00,58.03,53.91,55.33,56.62,55.88
2016-09-21 15:00:00,48.47,45.86,46.34,42.35,46.53
2016-09-21 15:30:00,56.99,53.27,53.97,34.22,53.35
2016-09-21 16:00:00,69.88,63.25,65.47,43.02,65.38
2016-09-21 16:30:00,64.86,59.4,61.8,36.05,61.32
2016-09-21 17:00:00,67.33,61.82,62.79,55.89,62.23
2016-09-21 17:30:00,44.43,40.7,43.23,40.52,41.06
2016-09-21 18:00:00,56.03,50.71,55.46,52.52,50.79
2016-09-21 18:30:00,80.35,71.24,78.51,74.68,72.31
2016-09-21 19:00:00,99.91,87.73,96.17,101.14,89.63
2016-09-21 19:30:00,75.02,65.4,78.39,71.82,69.36
2016-09-21 20:00:00,89.99,71.91,92.47,78.45,81.37
2016-09-21 20:30:00,99.07,78.48,107.64,76.12,90.08
2016-09-21 21:00:00,72.48,61.47,81.46,61.06,66.56
2016-09-21 21:30:00,63.28,54.88,76.85,60.18,58.63
2016-09-21 22:00:00,50.21,43.96,66.9,47.3,46.08
2016-09-21 22:30:00,74.32,64.45,84.22,61.54,67.63
2016-09-21 23:00:00,60.47,54.32,68.32,33.27,54.84
2016-09-21 23:30:00,58.78,52.05,62.01,16.6,53.73
2016-09-22 00:00:00,57.53,49.03,67.98,16.95,54.88
2016-09-22 00:30:00,72.84,35.63,92.61,69.18,70.36
2016-09-22 01:00:00,53.3,45.16,76.21,50.93,51.71
2016-09-22 01:30:00,45.44,38.39,71.29,28.41,45.14
2016-09-22 02:00:00,39.55,32.2,68.14,43.18,40.67
2016-09-22 02:30:00,38.53,30.6,63.32,60.25,39.42
2016-09-22 03:00:00,38.17,30.6,62.4,52.8,38.49
2016-09-22 03:30:00,32.72,27.81,53.27,57.66,32.76
2016-09-22 04:00:00,30.39,26.23,49.44,53.37,30.29
2016-09-22 04:30:00,32.05,28.03,55.03,54.61,25.67
2016-09-22 05:00:00,32.71,28.96,65.35,49.15,29.09
2016-09-22 05:30:00,39.51,35.19,79.99,59.12,40.97
2016-09-22 06:00:00,47.27,39.87,86.66,43.4,36.94
2016-09-22 06:30:00,99.11,66.92,241.51,91.43,18.09
2016-09-22 07:00:00,76.15,52.05,127.49,74.31,56.41
2016-09-22 07:30:00,49.24,43.22,86.44,50.72,48.45
2016-09-22 08:00:00,60.77,52.14,122.62,78.95,59.88
2016-09-22 08:30:00,64.94,52.74,124.28,77.96,64.86
2016-09-22 09:00:00,68.95,54.11,123.48,73.8,68.71
2016-09-22 09:30:00,51.83,44.64,112.58,48.45,52.21
2016-09-22 10:00:00,62.19,50.53,124.86,42.57,64.17
2016-09-22 10:30:00,57.44,49.5,123.32,27.33,58.71
2016-09-22 11:00:00,61.32,52.21,111.43,18.22,62.37
2016-09-22 11:30:00,69.54,57.78,124.6,27.99,70.6
2016-09-22 12:00:00,75.11,63.61,124.15,123.82,72.73
2016-09-22 12:30:00,65.35,54.12,124.99,59.56,63.3
2016-09-22 13:00:00,55.06,47.28,105.45,49.67,52.96
2016-09-22 13:30:00,48.97,42.32,80.0,44.52,47.01
2016-09-22 14:00:00,41.6,36.0,79.99,37.48,39.96
2016-09-22 14:30:00,50.4,44.25,80.0,45.66,48.41
2016-09-22 15:00:00,47.68,42.33,79.94,44.4,47.08
2016-09-22 15:30:00,53.69,48.28,79.99,50.15,52.94
2016-09-22 16:00:00,59.75,53.73,79.89,56.75,59.6
2016-09-22 16:30:00,54.97,50.08,79.89,52.13,54.88
2016-09-22 17:00:00,57.18,53.04,80.0,54.47,57.09
2016-09-22 17:30:00,43.13,40.06,80.76,63.71,43.48
2016-09-22 18:00:00,56.94,52.71,107.31,76.01,57.93
2016-09-22 18:30:00,72.73,67.0,117.12,86.66,73.72
2016-09-22 19:00:00,115.21,466.22,208.65,109.1,115.99
2016-09-22 19:30:00,70.81,34.77,122.74,86.75,72.4
2016-09-22 20:00:00,83.22,45.16,122.49,82.9,83.02
2016-09-22 20:30:00,66.86,59.75,93.72,83.42,66.55
2016-09-22 21:00:00,54.54,48.22,80.31,80.48,55.14
2016-09-22 21:30:00,52.99,46.11,79.99,88.53,52.83
2016-09-22 22:00:00,41.85,36.25,71.37,36.69,41.62
2016-09-22 22:30:00,62.99,54.82,75.37,30.35,62.58
2016-09-22 23:00:00,57.54,50.98,66.77,20.28,57.39
2016-09-22 23:30:00,59.29,52.66,59.09,15.24,57.61
2016-09-23 00:00:00,68.7,59.0,72.51,57.23,70.38
2016-09-23 00:30:00,59.86,51.99,65.37,58.98,60.1
2016-09-23 01:00:00,45.55,39.29,51.95,44.92,45.62
2016-09-23 01:30:00,38.16,32.55,45.31,23.13,39.59
2016-09-23 02:00:00,44.71,37.57,52.32,48.69,46.06
2016-09-23 02:30:00,42.56,31.5,50.04,61.39,43.73
2016-09-23 03:00:00,48.97,30.6,55.88,64.87,49.13
2016-09-23 03:30:00,43.3,30.6,48.59,73.24,42.86
2016-09-23 04:00:00,34.88,29.77,38.91,74.01,34.22
2016-09-23 04:30:00,37.76,32.4,42.3,80.44,37.16
2016-09-23 05:00:00,37.56,32.76,42.61,93.27,37.27
2016-09-23 05:30:00,51.36,45.95,59.28,57.2,52.34
2016-09-23 06:00:00,49.37,44.72,58.78,51.69,51.94
2016-09-23 06:30:00,48.09,42.59,57.72,23.06,51.0
2016-09-23 07:00:00,60.25,51.21,72.3,24.2,64.02
2016-09-23 07:30:00,50.82,45.28,59.75,39.46,51.43
2016-09-23 08:00:00,48.26,42.95,55.96,15.21,47.86
2016-09-23 08:30:00,44.47,39.26,52.25,15.24,44.6
2016-09-23 09:00:00,41.58,36.47,49.05,15.21,42.04
2016-09-23 09:30:00,47.54,41.66,55.92,19.38,48.52
2016-09-23 10:00:00,49.71,43.12,57.4,20.06,50.6
2016-09-23 10:30:00,43.84,37.57,52.55,18.09,45.24
2016-09-23 11:00:00,38.39,32.78,43.88,15.26,38.89
2016-09-23 11:30:00,37.03,31.95,41.26,15.23,36.9
2016-09-23 12:00:00,40.38,35.02,44.24,41.23,39.87
2016-09-23 12:30:00,35.82,31.91,38.83,36.98,35.13
2016-09-23 13:00:00,33.0,29.96,35.01,58.92,31.96
2016-09-23 13:30:00,33.08,30.37,35.48,33.47,31.85
2016-09-23 14:00:00,34.87,31.93,38.35,36.04,33.94
2016-09-23 14:30:00,32.54,30.0,35.99,33.79,31.81
2016-09-23 15:00:00,39.53,35.42,45.24,42.16,39.62
2016-09-23 15:30:00,43.0,39.23,51.89,46.25,43.46
2016-09-23 16:00:00,46.76,42.77,55.57,57.18,47.64
2016-09-23 16:30:00,41.93,38.32,50.22,45.3,42.65
2016-09-23 17:00:00,53.93,50.91,64.24,58.11,54.68
2016-09-23 17:30:00,40.23,38.45,51.05,55.23,40.33
2016-09-23 18:00:00,45.72,43.64,65.55,47.41,45.74
2016-09-23 18:30:00,67.15,64.7,85.87,66.9,66.18
2016-09-23 19:00:00,80.86,77.48,97.72,79.16,79.5
2016-09-23 19:30:00,58.17,55.57,79.99,59.52,58.64
2016-09-23 20:00:00,56.32,53.2,77.62,57.15,56.31
2016-09-23 20:30:00,47.86,45.42,58.42,45.88,45.58
2016-09-23 21:00:00,43.7,40.42,52.81,41.7,42.97
2016-09-23 21:30:00,41.58,37.62,58.59,35.75,41.41
2016-09-23 22:00:00,33.07,29.95,42.88,24.75,32.96
2016-09-23 22:30:00,49.95,45.06,56.27,25.47,48.46
2016-09-23 23:00:00,49.11,45.46,54.13,16.79,47.25
2016-09-23 23:30:00,50.71,45.4,53.67,15.38,49.35
2016-09-24 00:00:00,44.17,37.71,48.18,15.35,43.52
2016-09-24 00:30:00,37.29,32.79,41.23,30.82,37.54
2016-09-24 01:00:00,40.89,36.64,44.55,41.69,41.2
2016-09-24 01:30:00,45.22,39.47,48.35,49.23,46.21
2016-09-24 02:00:00,35.98,31.06,37.42,38.14,35.51
2016-09-24 02:30:00,34.83,29.92,34.62,81.94,33.37
2016-09-24 03:00:00,34.61,29.82,33.45,81.94,32.49
2016-09-24 03:30:00,30.29,26.32,28.91,81.94,28.16
2016-09-24 04:00:00,31.41,27.66,29.0,81.93,28.64
2016-09-24 04:30:00,34.04,29.97,30.73,97.63,30.67
2016-09-24 05:00:00,35.33,30.85,32.66,81.94,32.08
2016-09-24 05:30:00,39.2,34.51,35.42,81.94,34.39
2016-09-24 06:00:00,42.2,37.3,37.81,81.94,38.37
2016-09-24 06:30:00,37.1,32.43,34.32,65.49,34.01
2016-09-24 07:00:00,43.84,38.16,47.99,81.92,42.91
2016-09-24 07:30:00,36.0,30.79,40.86,81.93,34.52
2016-09-24 08:00:00,45.08,30.6,55.76,73.36,45.29
2016-09-24 08:30:00,48.78,32.2,59.82,81.92,49.11
2016-09-24 09:00:00,57.43,47.43,70.99,81.93,57.74
2016-09-24 09:30:00,60.22,51.94,75.74,81.94,60.38
2016-09-24 10:00:00,47.23,40.8,67.32,81.94,46.88
2016-09-24 10:30:00,46.44,40.15,75.84,81.92,45.85
2016-09-24 11:00:00,41.92,37.57,61.49,79.69,37.41
2016-09-24 11:30:00,39.1,34.9,56.87,58.08,29.43
2016-09-24 12:00:00,36.06,31.77,49.99,55.17,28.12
2016-09-24 12:30:00,46.13,41.45,63.32,59.25,41.16
2016-09-24 13:00:00,43.12,38.54,58.84,97.78,43.2
2016-09-24 13:30:00,35.48,30.53,50.56,81.94,35.52
2016-09-24 14:00:00,45.83,39.28,58.02,81.94,46.37
2016-09-24 14:30:00,49.9,43.45,60.73,81.94,50.57
2016-09-24 15:00:00,40.18,36.29,45.59,96.22,39.45
2016-09-24 15:30:00,32.79,30.75,32.72,73.6,30.63
2016-09-24 16:00:00,46.75,43.55,50.11,49.95,45.4
2016-09-24 16:30:00,41.9,40.64,45.12,45.62,40.37
2016-09-24 17:00:00,54.17,53.82,60.83,71.39,53.66
2016-09-24 17:30:00,41.73,41.29,46.67,77.49,40.43
2016-09-24 18:00:00,58.85,56.43,67.22,62.3,57.58
2016-09-24 18:30:00,61.03,59.12,66.83,19.26,57.04
2016-09-24 19:00:00,74.32,71.83,79.35,42.99,69.17
2016-09-24 19:30:00,53.18,51.23,60.29,18.26,50.6
2016-09-24 20:00:00,47.03,45.67,53.97,17.23,45.38
2016-09-24 20:30:00,48.67,47.46,56.99,41.55,47.43
2016-09-24 21:00:00,47.79,45.58,55.17,45.59,46.73
2016-09-24 21:30:00,49.74,47.57,55.63,24.3,48.7
2016-09-24 22:00:00,47.86,45.08,53.22,17.78,47.23
2016-09-24 22:30:00,49.96,47.35,57.01,18.23,49.81
2016-09-24 23:00:00,47.39,47.2,52.84,17.6,46.24
2016-09-24 23:30:00,58.43,55.91,62.6,74.41,59.29
2016-09-25 00:00:00,49.8,46.35,57.99,54.32,52.25
2016-09-25 00:30:00,32.04,30.05,36.74,33.72,32.3
2016-09-25 01:00:00,33.8,31.51,40.27,36.44,34.59
2016-09-25 01:30:00,30.13,28.53,35.07,31.69,29.36
2016-09-25 02:00:00,31.51,29.28,36.57,32.61,26.98
2016-09-25 02:30:00,30.46,28.57,35.08,31.53,26.4
2016-09-25 03:00:00,28.73,27.01,32.05,29.3,25.25
2016-09-25 03:30:00,29.55,27.72,33.16,29.5,25.2
2016-09-25 04:00:00,30.72,29.58,34.87,81.92,25.2
2016-09-25 04:30:00,25.56,23.41,29.58,96.27,24.62
2016-09-25 05:00:00,27.51,24.83,31.98,76.92,24.4
2016-09-25 05:30:00,28.43,25.59,32.91,82.57,26.2
2016-09-25 06:00:00,28.8,25.82,33.35,81.93,25.2
2016-09-25 06:30:00,31.84,28.41,38.06,72.96,25.35
2016-09-25 07:00:00,33.96,30.54,43.47,61.2,31.49
2016-09-25 07:30:00,37.63,33.59,51.86,55.13,35.8
2016-09-25 08:00:00,42.07,37.58,57.47,43.24,40.52
2016-09-25 08:30:00,36.93,33.17,72.54,45.47,35.32
2016-09-25 09:00:00,36.96,32.89,139.16,41.69,35.3
2016-09-25 09:30:00,41.37,37.47,71.87,56.36,39.13
2016-09-25 10:00:00,32.37,28.94,54.36,58.01,30.29
2016-09-25 10:30:00,30.37,26.96,57.28,41.63,28.07
2016-09-25 11:00:00,30.55,26.99,47.38,44.74,27.89
2016-09-25 11:30:00,30.64,27.49,41.57,28.26,24.42
2016-09-25 12:00:00,30.64,27.07,41.51,28.72,25.64
2016-09-25 12:30:00,32.41,29.43,45.51,30.53,27.34
2016-09-25 13:00:00,31.08,29.49,45.15,30.69,28.96
2016-09-25 13:30:00,30.91,29.95,38.43,30.29,28.65
2016-09-25 14:00:00,30.6,29.46,36.49,30.24,28.73
2016-09-25 14:30:00,30.78,29.81,35.8,30.17,28.71
2016-09-25 15:00:00,30.91,29.86,35.79,30.24,28.85
2016-09-25 15:30:00,32.2,30.91,38.24,31.94,30.56
2016-09-25 16:00:00,31.41,30.32,38.97,18.14,29.81
2016-09-25 16:30:00,32.94,32.17,45.51,25.45,31.68
2016-09-25 17:00:00,47.89,46.83,92.15,41.09,46.82
2016-09-25 17:30:00,34.1,32.94,76.66,37.8,28.83
2016-09-25 18:00:00,47.11,44.26,75.81,44.31,45.02
2016-09-25 18:30:00,72.91,68.65,107.11,68.05,69.4
2016-09-25 19:00:00,85.31,80.07,125.74,80.65,81.6
2016-09-25 19:30:00,59.09,55.33,162.42,73.13,57.58
2016-09-25 20:00:00,51.73,48.97,136.99,52.21,52.99
2016-09-25 20:30:00,52.38,49.65,125.14,31.2,55.09
2016-09-25 21:00:00,47.87,44.51,124.1,47.67,50.46
2016-09-25 21:30:00,46.32,41.83,109.59,50.43,53.71
2016-09-25 22:00:00,37.76,34.36,86.91,34.27,41.64
2016-09-25 22:30:00,50.27,47.99,79.99,40.85,53.09
2016-09-25 23:00:00,44.47,43.55,67.02,30.58,46.08
2016-09-25 23:30:00,35.13,33.71,40.67,15.89,35.68
2016-09-26 00:00:00,39.03,35.71,48.34,18.49,41.04
2016-09-26 00:30:00,30.67,28.4,38.14,17.5,31.49
2016-09-26 01:00:00,32.25,28.79,41.27,74.37,34.09
2016-09-26 01:30:00,29.83,26.2,35.03,81.92,30.44
2016-09-26 02:00:00,29.96,25.95,33.58,81.92,29.48
2016-09-26 02:30:00,29.75,25.61,33.29,81.94,28.7
2016-09-26 03:00:00,29.47,25.3,31.62,81.93,27.71
2016-09-26 03:30:00,28.28,24.35,30.48,81.93,26.42
2016-09-26 04:00:00,27.62,23.65,29.3,81.94,25.57
2016-09-26 04:30:00,35.66,30.92,39.81,71.11,34.28
2016-09-26 05:00:00,47.05,40.21,53.78,80.44,47.86
2016-09-26 05:30:00,32.03,28.85,35.42,81.93,32.29
2016-09-26 06:00:00,34.2,31.76,38.89,81.94,35.73
2016-09-26 06:30:00,41.73,39.17,48.17,33.09,43.2
2016-09-26 07:00:00,51.25,47.49,64.25,48.14,57.02
2016-09-26 07:30:00,37.1,34.04,44.35,38.49,39.02
2016-09-26 08:00:00,51.16,46.29,72.24,62.31,62.71
2016-09-26 08:30:00,51.09,46.82,79.99,63.84,68.96
2016-09-26 09:00:00,52.87,48.57,79.99,64.84,68.02
2016-09-26 09:30:00,51.78,48.11,65.67,44.29,56.02
2016-09-26 10:00:00,34.84,32.6,37.27,27.8,33.44
2016-09-26 10:30:00,38.69,35.48,41.54,38.98,37.89
2016-09-26 11:00:00,36.18,34.03,39.14,36.33,35.3
2016-09-26 11:30:00,33.02,31.3,34.66,32.26,31.66
2016-09-26 12:00:00,44.68,42.16,49.97,46.44,45.75
2016-09-26 12:30:00,37.14,35.13,38.07,37.46,36.85
2016-09-26 13:00:00,38.08,36.47,37.34,38.23,37.16
2016-09-26 13:30:00,46.7,44.55,49.75,48.15,47.15
2016-09-26 14:00:00,40.62,39.26,42.32,33.71,40.15
2016-09-26 14:30:00,49.96,49.15,52.86,21.82,50.06
2016-09-26 15:00:00,48.2,48.88,45.9,21.74,47.09
2016-09-26 15:30:00,47.56,48.51,46.1,26.41,47.69
2016-09-26 16:00:00,42.77,43.72,38.12,36.69,40.37
2016-09-26 16:30:00,49.7,51.17,44.17,46.52,47.39
2016-09-26 17:00:00,75.02,74.77,70.06,72.65,74.32
2016-09-26 17:30:00,50.71,50.26,50.66,49.55,50.25
2016-09-26 18:00:00,52.07,50.55,53.27,38.72,49.47
2016-09-26 18:30:00,75.0,72.67,74.21,53.16,69.93
2016-09-26 19:00:00,82.68,81.63,81.85,57.16,75.37
2016-09-26 19:30:00,54.36,52.88,60.67,37.48,51.04
2016-09-26 20:00:00,53.91,52.15,60.89,37.79,51.14
2016-09-26 20:30:00,59.04,56.25,68.2,54.24,57.63
2016-09-26 21:00:00,58.6,53.99,79.16,63.45,68.18
2016-09-26 21:30:00,56.83,53.9,76.66,59.51,65.94
2016-09-26 22:00:00,46.68,44.17,59.87,30.68,47.54
2016-09-26 22:30:00,59.41,56.62,72.21,20.55,61.99
2016-09-26 23:00:00,51.98,52.11,58.78,29.09,52.03
2016-09-26 23:30:00,59.7,56.94,62.37,59.38,60.7
2016-09-27 00:00:00,48.34,44.44,51.39,47.83,49.01
2016-09-27 00:30:00,44.86,41.18,48.68,43.15,44.4
2016-09-27 01:00:00,46.09,41.48,50.56,43.81,44.93
2016-09-27 01:30:00,51.43,45.15,54.33,26.68,49.96
2016-09-27 02:00:00,40.12,34.59,42.96,17.76,38.4
2016-09-27 02:30:00,46.16,39.71,49.58,18.34,44.37
2016-09-27 03:00:00,32.3,28.53,34.81,22.01,30.83
2016-09-27 03:30:00,35.52,31.12,40.3,36.5,35.27
2016-09-27 04:00:00,37.36,32.19,44.7,56.32,38.41
2016-09-27 04:30:00,39.0,33.77,48.7,49.53,40.9
2016-09-27 05:00:00,38.39,33.87,49.57,43.07,40.66
2016-09-27 05:30:00,35.36,32.14,45.74,38.88,37.63
2016-09-27 06:00:00,38.65,36.33,51.89,33.21,41.84
2016-09-27 06:30:00,58.89,53.97,77.84,41.79,63.63
2016-09-27 07:00:00,64.5,57.52,96.74,65.91,78.32
2016-09-27 07:30:00,43.31,40.78,79.94,35.82,44.05
2016-09-27 08:00:00,60.42,55.08,79.99,59.35,61.05
2016-09-27 08:30:00,45.82,43.88,79.79,45.15,45.99
2016-09-27 09:00:00,42.61,41.54,66.61,37.05,43.15
2016-09-27 09:30:00,39.78,37.8,60.04,22.92,39.13
2016-09-27 10:00:00,33.17,32.14,55.64,21.21,31.39
2016-09-27 10:30:00,43.05,42.67,57.11,20.01,40.79
2016-09-27 11:00:00,48.27,46.36,57.5,15.67,45.59
2016-09-27 11:30:00,48.52,47.55,57.59,35.64,46.76
2016-09-27 12:00:00,47.88,46.09,57.04,39.42,46.77
2016-09-27 12:30:00,49.16,47.16,60.41,43.09,50.55
2016-09-27 13:00:00,41.42,39.46,52.48,35.24,43.37
2016-09-27 13:30:00,41.42,39.56,49.9,36.02,42.98
2016-09-27 14:00:00,42.35,40.05,50.63,30.32,44.31
2016-09-27 14:30:00,42.37,40.44,48.62,22.45,41.72
2016-09-27 15:00:00,46.93,45.87,53.48,22.51,45.23
2016-09-27 15:30:00,43.72,43.11,49.2,22.34,41.46
2016-09-27 16:00:00,48.13,46.36,54.29,20.1,45.38
2016-09-27 16:30:00,48.43,47.83,54.89,18.02,45.51
2016-09-27 17:00:00,50.04,50.4,57.58,17.14,47.42
2016-09-27 17:30:00,47.3,47.33,58.21,19.71,46.42
2016-09-27 18:00:00,52.81,52.48,64.67,15.56,49.86
2016-09-27 18:30:00,68.1,66.16,75.11,41.69,62.95
2016-09-27 19:00:00,139.71,136.8,146.48,126.38,126.06
2016-09-27 19:30:00,72.18,68.31,88.26,73.87,67.69
2016-09-27 20:00:00,62.23,58.26,80.24,76.64,59.86
2016-09-27 20:30:00,64.99,61.09,80.64,75.28,63.88
2016-09-27 21:00:00,60.15,55.75,79.61,62.43,60.56
2016-09-27 21:30:00,47.76,44.28,69.11,51.41,47.98
2016-09-27 22:00:00,41.99,39.39,54.96,44.31,38.93
2016-09-27 22:30:00,52.68,51.51,58.32,45.53,47.86
2016-09-27 23:00:00,52.75,52.76,57.68,53.02,47.81
2016-09-27 23:30:00,64.73,63.67,64.92,26.51,59.08
2016-09-28 00:00:00,49.81,46.91,52.62,15.76,46.17
2016-09-28 00:30:00,56.78,52.29,70.08,24.74,53.27
2016-09-28 01:00:00,51.11,47.63,67.49,16.76,44.98
2016-09-28 01:30:00,45.23,41.81,57.07,19.47,43.04
2016-09-28 02:00:00,40.03,36.73,53.86,39.46,37.79
2016-09-28 02:30:00,40.19,36.91,55.8,40.57,37.66
2016-09-28 03:00:00,43.37,39.88,53.59,46.62,42.45
2016-09-28 03:30:00,44.15,40.58,51.86,47.63,42.58
2016-09-28 04:00:00,36.96,33.86,42.78,44.65,35.48
2016-09-28 04:30:00,39.33,36.61,44.94,46.94,37.46
2016-09-28 05:00:00,36.95,34.79,41.65,39.32,35.27
2016-09-28 05:30:00,48.46,47.4,56.61,50.18,47.58
2016-09-28 06:00:00,47.06,46.57,54.69,42.62,45.71
2016-09-28 06:30:00,58.21,56.54,66.33,41.98,56.98
2016-09-28 07:00:00,58.16,54.23,69.05,52.26,58.99
2016-09-28 07:30:00,39.94,38.26,46.07,44.47,37.87
2016-09-28 08:00:00,48.65,45.94,55.84,56.85,46.46
2016-09-28 08:30:00,40.3,37.2,45.58,51.0,38.47
2016-09-28 09:00:00,41.81,39.44,45.45,38.53,39.85
2016-09-28 09:30:00,38.96,37.12,37.6,37.33,35.01
2016-09-28 10:00:00,30.51,30.36,26.58,26.79,25.76
2016-09-28 10:30:00,29.71,30.18,26.08,38.91,25.43
2016-09-28 11:00:00,30.18,30.54,28.81,26.95,26.38
2016-09-28 11:30:00,31.18,31.23,30.31,27.78,27.1
2016-09-28 12:00:00,38.49,37.2,37.63,34.17,27.71
2016-09-28 12:30:00,33.78,32.57,46.27,30.51,25.95
2016-09-28 13:00:00,30.97,30.5,117.49,27.37,21.32
2016-09-28 13:30:00,32.91,32.3,79.99,30.18,28.11
2016-09-28 14:00:00,31.67,31.52,48.58,29.38,27.94
2016-09-28 14:30:00,32.22,32.59,33.9,29.2,27.85
2016-09-28 15:00:00,38.87,39.65,37.07,34.46,32.85
2016-09-28 15:30:00,42.42,43.87,39.72,37.27,35.68
2016-09-28 16:00:00,47.5,49.49,46.68,42.92,40.8
2016-09-28 16:30:00,42.37,44.44,63.16,31.65,10.74
2016-09-28 17:00:00,58.87,61.63,73.0,20.91,10.05
2016-09-28 17:30:00,39.13,39.7,65.31,27.2,23.7
2016-09-28 18:00:00,38.99,40.06,74.03,31.2,26.31
2016-09-28 18:30:00,54.0,55.44,100.7,32.76,26.39
2016-09-28 19:00:00,59.03,60.17,100.99,37.35,26.02
2016-09-28 19:30:00,41.82,43.3,87.25,29.0,25.2
2016-09-28 20:00:00,45.14,48.29,84.3,31.74,25.2
2016-09-28 20:30:00,42.38,49.01,74.47,30.94,25.2
2016-09-28 21:00:00,35.81,38.23,158.32,29.4,25.2
2016-09-28 21:30:00,40.16,41.84,74.23,24.57,15.71
2016-09-28 22:00:00,33.67,34.09,65.15,19.59,11.45
2016-09-28 22:30:00,95.6,94.19,69.57,48.12,22.75
2016-09-28 23:00:00,50.89,52.05,49.73,37.68,28.59
2016-09-28 23:30:00,53.64,54.05,33.32,28.98,21.89
2016-09-29 00:00:00,43.53,42.01,62.98,22.35,20.51
2016-09-29 00:30:00,32.07,31.38,62.17,28.57,25.2
2016-09-29 01:00:00,30.5,30.01,58.25,24.56,20.7
2016-09-29 01:30:00,30.23,29.15,49.23,27.14,25.2
2016-09-29 02:00:00,30.1,28.4,39.73,27.47,25.88
2016-09-29 02:30:00,28.07,26.1,33.72,2.39,15.74
2016-09-29 03:00:00,25.96,24.11,31.53,1.54,10.5
2016-09-29 03:30:00,25.96,24.11,26.0,11.38,11.98
2016-09-29 04:00:00,24.76,23.12,22.81,4.03,1.0
2016-09-29 04:30:00,26.5,24.73,20.82,16.67,16.1
2016-09-29 05:00:00,29.62,27.76,26.78,25.87,25.38
2016-09-29 05:30:00,28.79,27.78,30.01,17.2,24.85
2016-09-29 06:00:00,28.73,28.63,36.98,12.71,25.43
2016-09-29 06:30:00,35.49,35.04,58.0,27.26,33.06
2016-09-29 07:00:00,41.89,39.33,105.74,32.77,42.03
2016-09-29 07:30:00,32.73,31.73,83.99,5.01,30.98
2016-09-29 08:00:00,55.13,52.56,113.2,24.04,52.63
2016-09-29 08:30:00,82.67,78.06,117.41,39.15,79.03
2016-09-29 09:00:00,70.77,67.14,86.58,62.41,64.87
2016-09-29 09:30:00,83.45,78.99,81.04,70.41,56.84
2016-09-29 10:00:00,57.43,55.61,74.43,46.2,48.48
2016-09-29 10:30:00,58.34,56.76,69.86,49.69,49.22
2016-09-29 11:00:00,48.64,48.46,59.95,38.35,40.21
2016-09-29 11:30:00,47.95,49.08,58.46,38.05,38.33
2016-09-29 12:00:00,38.54,39.28,55.49,28.72,29.44
2016-09-29 12:30:00,38.48,39.13,52.54,29.51,30.71
2016-09-29 13:00:00,35.01,36.44,53.43,27.48,27.05
2016-09-29 13:30:00,30.78,32.98,48.13,25.41,25.63
2016-09-29 14:00:00,31.5,33.65,52.34,26.73,27.32
2016-09-29 14:30:00,31.32,33.01,45.49,29.05,28.02
2016-09-29 15:00:00,41.72,44.0,42.56,51.33,35.74
2016-09-29 15:30:00,32.19,34.45,53.95,38.35,28.95
2016-09-29 16:00:00,45.17,47.28,62.57,44.68,42.38
2016-09-29 16:30:00,48.42,50.32,63.16,44.99,46.0
2016-09-29 17:00:00,46.24,48.2,73.0,40.59,41.43
2016-09-29 17:30:00,42.1,44.25,65.31,23.69,38.05
2016-09-29 18:00:00,51.41,53.95,74.03,18.62,46.85
2016-09-29 18:30:00,66.92,69.52,100.7,29.8,61.06
2016-09-29 19:00:00,61.36,61.96,100.99,14.4,56.41
2016-09-29 19:30:00,53.17,53.8,87.25,1.07,47.99
2016-09-29 20:00:00,50.87,51.58,84.3,2.57,45.59
2016-09-29 20:30:00,54.02,54.48,74.47,1.0,49.08
2016-09-29 21:00:00,45.89,45.52,158.32,19.01,42.36
2016-09-29 21:30:00,37.1,36.43,74.23,31.48,32.1
2016-09-29 22:00:00,34.13,32.76,65.15,28.81,29.51
2016-09-29 22:30:00,73.07,67.85,69.57,65.14,57.43
2016-09-29 23:00:00,53.53,51.14,49.73,48.88,44.78
2016-09-29 23:30:00,51.94,49.25,33.32,48.75,30.55
2016-09-30 00:00:00,38.06,35.87,62.98,86.23,35.9
2016-09-30 00:30:00,35.33,33.03,62.17,89.22,33.26
2016-09-30 01:00:00,31.99,29.83,58.25,23.2,29.87
2016-09-30 01:30:00,33.45,30.4,49.23,24.44,31.53
2016-09-30 02:00:00,29.41,26.67,39.73,19.2,27.13
2016-09-30 02:30:00,27.2,24.39,33.72,22.66,24.93
2016-09-30 03:00:00,27.14,24.47,31.53,24.98,25.07
2016-09-30 03:30:00,26.86,24.32,26.0,25.53,23.67
2016-09-30 04:00:00,25.73,23.24,22.81,23.35,20.66
2016-09-30 04:30:00,26.13,23.55,20.82,24.86,18.93
2016-09-30 05:00:00,26.8,24.54,26.78,24.78,23.62
2016-09-30 05:30:00,29.01,27.44,30.01,22.52,25.22
2016-09-30 06:00:00,30.46,29.52,36.98,27.87,26.91
2016-09-30 06:30:00,31.2,30.53,58.0,28.73,27.49
2016-09-30 07:00:00,33.99,33.81,105.74,28.01,25.78
2016-09-30 07:30:00,30.15,30.83,83.99,24.39,22.49
2016-09-30 08:00:00,32.79,32.84,113.2,28.19,26.86
2016-09-30 08:30:00,36.1,35.96,117.41,31.88,30.27
2016-09-30 09:00:00,36.07,35.69,86.58,32.31,30.67
2016-09-30 09:30:00,40.42,38.84,81.04,37.55,35.74
2016-09-30 10:00:00,41.65,39.71,74.43,39.16,37.09
2016-09-30 10:30:00,41.33,39.36,69.86,38.81,37.19
2016-09-30 11:00:00,38.43,36.92,59.95,35.17,33.99
2016-09-30 11:30:00,37.14,36.4,58.46,34.29,32.86
2016-09-30 12:00:00,35.8,35.74,55.49,32.9,31.53
2016-09-30 12:30:00,34.86,35.22,52.54,31.59,30.4
2016-09-30 13:00:00,39.69,40.61,53.43,35.92,34.84
2016-09-30 13:30:00,34.49,35.21,48.13,3.26,29.27
2016-09-30 14:00:00,33.52,34.36,52.34,3.17,28.63
2016-09-30 14:30:00,32.77,34.06,45.49,2.9,27.71
2016-09-30 15:00:00,30.5,32.04,42.56,2.59,25.83
2016-09-30 15:30:00,31.96,34.54,53.95,22.1,26.53
2016-09-30 16:00:00,33.33,36.51,62.57,21.11,25.2
2016-09-30 16:30:00,33.39,36.37,63.16,25.23,25.75
2016-09-30 17:00:00,42.15,46.02,73.0,33.2,32.41
2016-09-30 17:30:00,46.19,51.41,65.31,42.1,37.82
2016-09-30 18:00:00,51.84,55.81,74.03,88.94,43.36
2016-09-30 18:30:00,114.52,121.02,100.7,112.17,70.25
2016-09-30 19:00:00,110.12,116.88,100.99,90.78,87.82
2016-09-30 19:30:00,60.57,64.43,87.25,94.09,50.59
2016-09-30 20:00:00,53.65,56.65,84.3,82.92,45.36
2016-09-30 20:30:00,48.52,51.62,74.47,71.98,40.67
2016-09-30 21:00:00,44.3,46.56,158.32,38.94,37.31
2016-09-30 21:30:00,40.69,44.3,74.23,42.68,33.16
2016-09-30 22:00:00,34.0,35.87,65.15,83.37,19.45
2016-09-30 22:30:00,53.58,55.06,69.57,31.78,14.3
2016-09-30 23:00:00,45.55,48.11,49.73,32.95,34.79
2016-09-30 23:30:00,44.41,45.86,33.32,34.89,29.02
2016-10-01 00:00:00,37.79,37.91,62.98,29.84,32.76
2016-10-01 00:30:00,30.57,30.51,48.46,24.02,25.63
2016-10-01 01:00:00,30.48,30.84,45.98,28.25,18.97
2016-10-01 01:30:00,30.46,30.5,38.0,24.12,19.29
2016-10-01 02:00:00,30.52,30.46,65.69,4.74,15.9
2016-10-01 02:30:00,28.81,28.74,44.14,9.75,16.7
2016-10-01 03:00:00,26.9,26.67,39.74,6.23,15.14
2016-10-01 03:30:00,27.09,26.8,42.76,3.49,14.57
2016-10-01 04:00:00,26.42,26.11,30.37,2.14,12.94
2016-10-01 04:30:00,30.06,29.95,31.24,-0.56,14.2
2016-10-01 05:00:00,29.58,29.6,29.47,1.22,15.19
2016-10-01 05:30:00,29.84,30.33,31.81,1.22,15.43
2016-10-01 06:00:00,28.88,29.3,31.12,0.91,15.92
2016-10-01 06:30:00,29.96,30.29,37.64,3.6,16.78
2016-10-01 07:00:00,30.3,30.47,42.34,0.34,17.08
2016-10-01 07:30:00,30.04,30.61,47.76,3.54,12.93
2016-10-01 08:00:00,30.68,30.6,47.22,-0.81,11.87
2016-10-01 08:30:00,30.73,30.43,59.02,2.12,13.07
2016-10-01 09:00:00,31.07,30.6,60.07,7.42,16.2
2016-10-01 09:30:00,34.33,33.1,61.15,7.05,19.26
2016-10-01 10:00:00,31.86,30.66,53.31,-0.85,13.92
2016-10-01 10:30:00,33.08,30.64,59.29,-0.02,14.12
2016-10-01 11:00:00,32.46,30.37,39.7,-8.67,14.03
2016-10-01 11:30:00,32.39,30.6,37.54,-14.8,14.05
2016-10-01 12:00:00,30.88,29.39,33.28,23.89,13.46
2016-10-01 12:30:00,30.22,28.42,30.59,11.38,12.76
2016-10-01 13:00:00,30.37,29.04,31.02,9.69,11.88
2016-10-01 13:30:00,30.94,30.44,31.95,8.04,11.9
2016-10-01 14:00:00,30.69,30.36,30.43,-7.87,9.99
2016-10-01 14:30:00,30.85,30.59,30.91,-10.53,11.65
2016-10-01 15:00:00,30.85,30.68,29.28,-14.85,11.89
2016-10-01 15:30:00,33.22,32.99,30.42,4.36,12.09
2016-10-01 16:00:00,32.87,33.29,38.36,8.6,9.39
2016-10-01 16:30:00,34.35,35.26,44.71,10.53,11.45
2016-10-01 17:00:00,37.78,39.89,54.27,21.87,23.7
2016-10-01 17:30:00,32.17,35.58,60.08,20.53,22.17
2016-10-01 18:00:00,37.71,40.17,84.86,24.53,26.57
2016-10-01 18:30:00,46.06,51.36,99.6,34.67,37.24
2016-10-01 19:00:00,51.41,55.35,114.72,41.07,44.01
2016-10-01 19:30:00,49.9,53.6,108.93,40.31,43.34
2016-10-01 20:00:00,46.01,49.31,98.79,36.61,39.28
2016-10-01 20:30:00,45.82,48.45,87.05,36.39,38.9
2016-10-01 21:00:00,36.8,38.3,81.14,28.89,31.0
2016-10-01 21:30:00,42.63,43.93,94.69,33.54,36.0
2016-10-01 22:00:00,33.63,34.27,75.62,25.13,27.16
2016-10-01 22:30:00,48.54,50.88,61.61,32.52,31.06
2016-10-01 23:00:00,39.11,46.26,54.24,26.57,25.2
2016-10-01 23:30:00,47.75,50.92,27.51,22.26,17.44
2016-10-02 00:00:00,72.39,72.59,324.59,13.62,14.24
2016-10-02 00:30:00,37.67,38.18,48.46,0.67,14.55
2016-10-02 01:00:00,31.55,32.08,45.98,10.6,25.23
2016-10-02 01:30:00,34.98,34.29,38.0,9.76,22.75
2016-10-02 02:00:00,31.49,31.29,65.69,0.6,2.86
2016-10-02 02:30:00,36.92,36.45,44.14,-9.55,7.58
2016-10-02 03:00:00,29.72,29.71,39.74,6.68,10.01
2016-10-02 03:30:00,24.91,24.86,42.76,8.3,5.59
2016-10-02 04:00:00,24.95,24.71,30.37,3.25,0.54
2016-10-02 04:30:00,29.96,29.9,31.24,13.16,-5.74
2016-10-02 05:00:00,29.96,29.79,29.47,-5.09,-6.19
2016-10-02 05:30:00,28.97,29.23,31.81,-3.16,1.15
2016-10-02 06:00:00,29.96,30.45,31.12,13.0,15.05
2016-10-02 06:30:00,30.19,30.07,37.64,12.19,16.25
2016-10-02 07:00:00,30.52,30.24,42.34,6.93,14.49
2016-10-02 07:30:00,31.05,30.63,47.76,10.55,11.17
2016-10-02 08:00:00,31.79,30.6,47.22,18.53,10.31
2016-10-02 08:30:00,30.09,29.92,59.02,18.11,15.02
2016-10-02 09:00:00,29.96,29.87,60.07,9.73,16.79
2016-10-02 09:30:00,29.17,29.15,61.15,9.81,16.55
2016-10-02 10:00:00,29.42,29.66,53.31,9.67,16.49
2016-10-02 10:30:00,29.93,29.98,59.29,9.07,14.38
2016-10-02 11:00:00,27.38,26.88,39.7,1.93,-3.72
2016-10-02 11:30:00,30.35,29.45,37.54,127.83,0.86
2016-10-02 12:00:00,29.96,30.0,33.28,215.68,7.34
2016-10-02 12:30:00,29.65,29.4,30.59,1.38,6.69
2016-10-02 13:00:00,29.96,29.13,31.02,-3.0,-1.17
2016-10-02 13:30:00,29.96,29.21,31.95,-7.46,1.96
2016-10-02 14:00:00,29.55,29.73,30.43,-4.09,4.76
2016-10-02 14:30:00,29.5,29.71,30.91,1.66,8.06
2016-10-02 15:00:00,30.61,30.61,29.28,7.18,15.23
2016-10-02 15:30:00,31.99,32.58,30.42,12.0,13.51
2016-10-02 16:00:00,34.75,35.47,38.36,9.85,10.5
2016-10-02 16:30:00,33.39,34.93,44.71,55.49,26.14
2016-10-02 17:00:00,37.3,40.13,54.27,23.87,26.21
2016-10-02 17:30:00,46.83,49.71,60.08,12.48,13.37
2016-10-02 18:00:00,34.54,38.61,84.86,27.0,28.84
2016-10-02 18:30:00,34.9,50.74,99.6,27.66,29.21
2016-10-02 19:00:00,33.91,48.08,114.72,43.04,29.12
2016-10-02 19:30:00,30.9,43.71,108.93,40.62,25.78
2016-10-02 20:00:00,30.86,36.0,98.79,23.76,25.43
2016-10-02 20:30:00,31.46,36.27,87.05,24.07,25.78
2016-10-02 21:00:00,29.8,33.37,81.14,19.51,19.0
2016-10-02 21:30:00,29.96,33.45,94.69,13.53,11.45
2016-10-02 22:00:00,27.02,30.63,75.62,14.08,10.5
2016-10-02 22:30:00,40.09,42.66,61.61,22.12,14.3
2016-10-02 23:00:00,32.04,34.49,54.24,18.36,12.23
2016-10-02 23:30:00,33.69,35.94,27.51,22.63,19.78
2016-10-03 00:00:00,32.79,33.72,324.59,48.35,27.55
2016-10-03 00:30:00,38.71,38.44,63.16,83.18,35.13
2016-10-03 01:00:00,36.03,35.49,58.63,29.43,31.06
2016-10-03 01:30:00,30.39,30.51,52.92,22.32,17.34
2016-10-03 02:00:00,27.58,28.2,45.33,26.92,10.5
2016-10-03 02:30:00,28.06,29.04,42.24,69.18,10.28
2016-10-03 03:00:00,28.24,30.01,37.3,25.1,10.5
2016-10-03 03:30:00,27.07,29.34,31.27,44.96,10.47
2016-10-03 04:00:00,21.71,23.45,29.65,17.31,14.13
2016-10-03 04:30:00,21.24,22.58,28.2,13.31,14.3
2016-10-03 05:00:00,26.91,27.48,30.88,15.99,16.71
2016-10-03 05:30:00,28.19,28.76,35.11,23.12,24.05
2016-10-03 06:00:00,30.02,30.6,40.49,120.75,27.19
2016-10-03 06:30:00,34.28,33.74,64.2,323.71,34.22
2016-10-03 07:00:00,42.76,40.81,107.32,113.3,35.34
2016-10-03 07:30:00,29.01,29.1,87.93,26.53,27.79
2016-10-03 08:00:00,36.68,36.3,116.89,47.08,34.81
2016-10-03 08:30:00,46.8,45.89,122.49,122.55,43.76
2016-10-03 09:00:00,39.43,39.58,99.93,52.73,35.05
2016-10-03 09:30:00,49.02,51.44,95.77,41.25,42.73
2016-10-03 10:00:00,38.17,40.0,84.0,28.92,30.57
2016-10-03 10:30:00,37.68,39.93,85.25,30.02,31.96
2016-10-03 11:00:00,40.0,43.02,71.46,28.58,30.65
2016-10-03 11:30:00,39.53,42.92,65.91,19.53,20.95
2016-10-03 12:00:00,37.44,44.63,63.6,18.75,20.13
2016-10-03 12:30:00,35.1,43.67,62.31,8.99,14.95
2016-10-03 13:00:00,33.58,36.71,63.94,6.16,12.15
2016-10-03 13:30:00,32.36,35.62,59.02,-0.68,12.08
2016-10-03 14:00:00,30.29,36.0,61.96,-0.68,10.95
2016-10-03 14:30:00,31.64,35.83,54.45,7.87,12.01
2016-10-03 15:00:00,31.01,36.0,51.31,8.2,9.87
2016-10-03 15:30:00,33.52,36.58,61.11,12.94,14.06
2016-10-03 16:00:00,40.0,43.52,68.99,7.7,8.35
2016-10-03 16:30:00,39.25,52.73,69.4,12.23,13.21
2016-10-03 17:00:00,46.41,57.94,80.34,33.7,36.23
2016-10-03 17:30:00,46.26,61.09,72.14,19.15,20.75
2016-10-03 18:00:00,47.8,63.08,80.3,24.26,26.28
2016-10-03 18:30:00,41.19,92.5,106.23,31.86,34.35
2016-10-03 19:00:00,41.86,59.65,106.3,33.81,36.09
2016-10-03 19:30:00,39.32,48.2,89.95,32.02,34.15
2016-10-03 20:00:00,36.4,54.21,88.68,29.67,31.46
2016-10-03 20:30:00,39.6,97.96,79.93,31.43,33.4
2016-10-03 21:00:00,33.11,46.35,159.39,25.25,26.87
2016-10-03 21:30:00,30.11,34.57,71.02,13.3,14.21
2016-10-03 22:00:00,29.77,31.78,62.02,26.56,10.52
2016-10-03 22:30:00,80.84,83.79,75.13,35.12,10.37
2016-10-03 23:00:00,43.69,45.64,55.19,16.75,10.32
2016-10-03 23:30:00,54.64,56.14,43.25,0.2,-72.94
2016-10-04 00:00:00,55.93,53.51,66.13,16.54,19.35
2016-10-04 00:30:00,52.9,51.17,63.16,31.27,22.75
2016-10-04 01:00:00,42.62,41.37,58.63,13.44,-4.4
2016-10-04 01:30:00,40.17,38.23,52.92,9.05,-2.81
2016-10-04 02:00:00,38.32,36.43,45.33,19.97,10.1
2016-10-04 02:30:00,33.68,32.68,42.24,-20.25,-78.65
2016-10-04 03:00:00,33.55,33.51,37.3,-7.83,-49.96
2016-10-04 03:30:00,33.45,33.8,31.27,-26.87,-92.45
2016-10-04 04:00:00,32.79,33.22,29.65,8.6,-8.24
2016-10-04 04:30:00,32.51,32.36,28.2,14.16,1.64
2016-10-04 05:00:00,41.23,41.1,30.88,26.9,21.15
2016-10-04 05:30:00,52.81,51.74,35.11,41.9,31.74
2016-10-04 06:00:00,57.61,55.83,40.49,47.27,35.85
2016-10-04 06:30:00,59.8,60.25,64.2,2419.85,57.25
2016-10-04 07:00:00,77.6,77.59,107.32,78.91,78.26
2016-10-04 07:30:00,31.56,34.1,87.93,27.11,28.96
2016-10-04 08:00:00,46.38,48.56,116.89,38.43,40.94
2016-10-04 08:30:00,35.04,35.5,122.49,28.89,30.68
2016-10-04 09:00:00,32.3,32.47,99.93,26.9,28.31
2016-10-04 09:30:00,36.8,36.74,95.77,29.61,31.81
2016-10-04 10:00:00,35.31,35.49,84.0,26.91,31.04
2016-10-04 10:30:00,35.94,35.13,85.25,-0.8,30.19
2016-10-04 11:00:00,33.38,32.08,71.46,22.17,25.11
2016-10-04 11:30:00,40.1,38.27,65.91,21.55,24.04
2016-10-04 12:00:00,37.7,36.36,63.6,15.42,19.88
2016-10-04 12:30:00,34.77,33.15,62.31,9.8,16.21
2016-10-04 13:00:00,32.86,31.38,63.94,9.39,15.76
2016-10-04 13:30:00,33.9,32.86,59.02,9.39,15.83
2016-10-04 14:00:00,37.34,36.76,61.96,9.07,18.76
2016-10-04 14:30:00,39.44,38.72,54.45,9.02,18.88
2016-10-04 15:00:00,40.22,39.11,51.31,10.51,20.0
2016-10-04 15:30:00,39.14,39.19,61.11,10.1,20.09
2016-10-04 16:00:00,42.76,44.21,68.99,8.31,19.14
2016-10-04 16:30:00,42.22,44.39,69.4,8.98,22.86
2016-10-04 17:00:00,47.05,50.06,80.34,26.01,35.62
2016-10-04 17:30:00,34.11,42.62,72.14,27.13,30.16
2016-10-04 18:00:00,42.08,45.4,80.3,30.8,35.34
2016-10-04 18:30:00,48.13,57.52,106.23,37.64,41.92
2016-10-04 19:00:00,59.72,64.9,106.3,49.58,54.39
2016-10-04 19:30:00,45.58,51.65,89.95,37.0,40.69
2016-10-04 20:00:00,37.71,40.88,88.68,30.59,33.78
2016-10-04 20:30:00,34.13,41.13,79.93,27.13,30.03
2016-10-04 21:00:00,31.32,34.11,159.39,22.48,26.65
2016-10-04 21:30:00,30.67,32.79,71.02,17.03,24.99
2016-10-04 22:00:00,29.62,31.46,62.02,12.25,22.11
2016-10-04 22:30:00,50.53,52.22,75.13,8.75,27.14
2016-10-04 23:00:00,45.11,51.77,55.19,4.62,23.71
2016-10-04 23:30:00,50.4,53.67,43.25,1.42,36.14
2016-10-05 00:00:00,36.03,36.84,66.13,-0.82,27.98
2016-10-05 00:30:00,35.84,35.84,63.16,-0.8,27.11
2016-10-05 01:00:00,39.86,39.24,58.63,-0.8,23.37
2016-10-05 01:30:00,34.73,33.29,52.92,-0.79,24.04
2016-10-05 02:00:00,31.26,29.91,45.33,1.91,20.67
2016-10-05 02:30:00,30.23,29.41,42.24,1.85,20.57
2016-10-05 03:00:00,29.14,28.51,37.3,-7.72,19.58
2016-10-05 03:30:00,30.13,29.57,31.27,1.47,25.39
2016-10-05 04:00:00,29.84,29.14,29.65,2.68,25.03
2016-10-05 04:30:00,32.08,30.6,28.2,9.25,26.26
2016-10-05 05:00:00,33.08,30.94,30.88,17.6,26.92
2016-10-05 05:30:00,51.16,47.69,35.11,35.41,32.71
2016-10-05 06:00:00,62.14,56.13,40.49,54.68,37.67
2016-10-05 06:30:00,67.16,61.95,64.2,62.42,64.27
2016-10-05 07:00:00,72.99,68.59,107.32,67.23,72.74
2016-10-05 07:30:00,31.95,32.03,87.93,26.68,28.85
2016-10-05 08:00:00,45.96,45.7,116.89,38.89,42.1
2016-10-05 08:30:00,37.21,36.5,122.49,30.72,33.31
2016-10-05 09:00:00,43.47,42.74,99.93,36.7,39.74
2016-10-05 09:30:00,50.63,49.74,95.77,43.96,47.75
2016-10-05 10:00:00,42.13,40.86,84.0,35.27,38.61
2016-10-05 10:30:00,34.16,33.03,85.25,28.42,31.11
2016-10-05 11:00:00,36.22,35.32,71.46,27.58,29.73
2016-10-05 11:30:00,32.34,31.86,65.91,27.03,29.0
2016-10-05 12:00:00,32.42,32.21,63.6,27.19,29.0
2016-10-05 12:30:00,32.02,31.94,62.31,23.04,26.84
2016-10-05 13:00:00,32.32,32.28,63.94,23.34,27.11
2016-10-05 13:30:00,35.16,35.48,59.02,24.31,28.75
2016-10-05 14:00:00,47.15,48.13,61.96,38.4,40.56
2016-10-05 14:30:00,50.93,51.79,54.45,65.24,41.83
2016-10-05 15:00:00,53.95,54.11,51.31,57.61,33.69
2016-10-05 15:30:00,45.52,47.06,61.11,33.31,35.27
2016-10-05 16:00:00,48.07,49.89,68.99,37.68,40.3
2016-10-05 16:30:00,80.82,83.13,69.4,63.57,67.16
2016-10-05 17:00:00,136.86,140.73,80.34,90.34,78.55
2016-10-05 17:30:00,70.05,73.67,72.14,59.78,58.96
2016-10-05 18:00:00,90.08,91.48,80.3,66.63,70.85
2016-10-05 18:30:00,145.17,149.09,106.23,76.99,82.6
2016-10-05 19:00:00,106.9,109.5,106.3,82.93,88.92
2016-10-05 19:30:00,114.27,114.62,89.95,64.77,69.36
2016-10-05 20:00:00,77.12,74.58,88.68,59.86,63.93
2016-10-05 20:30:00,75.0,72.78,79.93,42.14,45.6
2016-10-05 21:00:00,69.48,69.14,159.39,31.99,34.87
2016-10-05 21:30:00,59.44,60.32,71.02,30.01,32.96
2016-10-05 22:00:00,34.52,35.32,62.02,24.12,25.8
2016-10-05 22:30:00,95.06,92.1,75.13,42.33,22.75
2016-10-05 23:00:00,72.83,71.01,55.19,36.29,23.7
2016-10-05 23:30:00,97.81,92.8,43.25,58.38,40.46
2016-10-06 00:00:00,78.65,71.28,66.13,41.17,30.27
2016-10-06 00:30:00,58.08,53.68,63.16,35.97,33.82
2016-10-06 01:00:00,54.86,50.77,58.63,24.27,25.2
2016-10-06 01:30:00,63.44,58.34,52.92,22.05,35.54
2016-10-06 02:00:00,46.63,43.62,45.33,15.73,30.46
2016-10-06 02:30:00,44.04,41.23,42.24,18.47,29.09
2016-10-06 03:00:00,37.48,35.47,37.3,12.7,29.09
2016-10-06 03:30:00,34.36,32.41,31.27,9.15,25.51
2016-10-06 04:00:00,32.61,30.56,29.65,8.18,21.86
2016-10-06 04:30:00,55.48,51.17,28.2,5.18,25.87
2016-10-06 05:00:00,82.52,74.43,30.88,21.99,29.42
2016-10-06 05:30:00,117.4,105.18,35.11,73.44,33.77
2016-10-06 06:00:00,107.74,94.35,40.49,79.02,37.6
2016-10-06 06:30:00,101.21,87.88,64.2,84.05,59.65
2016-10-06 07:00:00,90.56,80.02,107.32,77.94,87.45
2016-10-06 07:30:00,36.37,35.18,87.93,26.89,29.77
2016-10-06 08:00:00,39.18,37.89,116.89,30.86,34.33
2016-10-06 08:30:00,35.19,34.56,122.49,27.94,31.23
2016-10-06 09:00:00,31.49,31.31,99.93,25.51,28.46
2016-10-06 09:30:00,32.32,32.1,95.77,15.31,22.64
2016-10-06 10:00:00,35.56,34.35,84.0,11.25,21.81
2016-10-06 10:30:00,44.39,42.74,85.25,12.64,26.33
2016-10-06 11:00:00,38.08,37.76,71.46,8.37,21.43
2016-10-06 11:30:00,36.31,35.59,65.91,0.69,20.69
2016-10-06 12:00:00,47.18,45.91,63.6,6.23,24.89
2016-10-06 12:30:00,44.15,43.35,62.31,6.56,22.28
2016-10-06 13:00:00,43.44,43.33,63.94,2.87,19.39
2016-10-06 13:30:00,45.09,45.19,59.02,6.88,22.67
2016-10-06 14:00:00,49.91,51.3,61.96,3.45,23.35
2016-10-06 14:30:00,49.97,53.02,54.45,8.07,26.05
2016-10-06 15:00:00,48.2,49.47,51.31,6.39,25.54
2016-10-06 15:30:00,43.36,45.11,61.11,7.52,23.06
2016-10-06 16:00:00,55.71,58.19,68.99,25.78,39.34
2016-10-06 16:30:00,48.88,50.86,69.4,32.3,40.73
2016-10-06 17:00:00,61.61,64.37,80.34,52.1,57.54
2016-10-06 17:30:00,48.66,51.8,72.14,40.32,44.35
2016-10-06 18:00:00,49.24,52.68,80.3,23.24,25.41
2016-10-06 18:30:00,45.81,55.35,106.23,22.87,24.86
2016-10-06 19:00:00,45.83,57.91,106.3,22.82,24.68
2016-10-06 19:30:00,49.93,52.62,89.95,28.87,37.09
2016-10-06 20:00:00,47.66,49.54,88.68,12.57,26.71
2016-10-06 20:30:00,45.13,46.77,79.93,7.66,22.78
2016-10-06 21:00:00,46.74,47.54,159.39,9.15,24.08
2016-10-06 21:30:00,47.32,47.18,71.02,9.35,24.57
2016-10-06 22:00:00,37.69,37.49,62.02,-7.18,10.54
2016-10-06 22:30:00,46.24,47.29,75.13,5.04,22.77
2016-10-06 23:00:00,48.05,51.38,55.19,3.93,22.66
2016-10-06 23:30:00,49.64,51.68,43.25,2.08,6.7
2016-10-07 00:00:00,37.06,37.34,66.13,5.1,16.26
2016-10-07 00:30:00,36.84,36.44,63.16,1.8,18.26
2016-10-07 01:00:00,31.76,31.0,58.63,3.17,17.29
2016-10-07 01:30:00,31.06,29.5,52.92,-0.3,14.46
2016-10-07 02:00:00,29.55,28.13,45.33,-13.05,7.38
2016-10-07 02:30:00,29.55,28.27,42.24,-24.08,4.39
2016-10-07 03:00:00,28.47,27.69,37.3,-26.12,4.14
2016-10-07 03:30:00,22.04,21.38,31.27,-10.36,12.39
2016-10-07 04:00:00,26.47,25.9,29.65,-1.91,14.56
2016-10-07 04:30:00,28.52,27.64,28.2,-1.81,14.85
2016-10-07 05:00:00,39.58,37.46,30.88,5.54,24.08
2016-10-07 05:30:00,38.54,37.41,35.11,24.93,30.6
2016-10-07 06:00:00,53.99,52.59,40.49,43.4,34.55
2016-10-07 06:30:00,59.93,58.2,64.2,51.67,50.29
2016-10-07 07:00:00,66.2,65.3,107.32,58.37,63.91
2016-10-07 07:30:00,35.3,36.85,87.93,30.24,33.08
2016-10-07 08:00:00,48.58,49.58,116.89,43.94,47.75
2016-10-07 08:30:00,44.64,45.11,122.49,41.06,44.9
2016-10-07 09:00:00,41.66,41.61,99.93,38.14,41.85
2016-10-07 09:30:00,44.63,43.99,95.77,41.13,45.17
2016-10-07 10:00:00,36.54,36.46,84.0,32.05,35.64
2016-10-07 10:30:00,43.9,42.35,85.25,37.34,43.94
2016-10-07 11:00:00,54.24,52.29,71.46,49.07,59.67
2016-10-07 11:30:00,46.99,46.0,65.91,44.12,52.22
2016-10-07 12:00:00,49.14,48.55,63.6,43.52,53.26
2016-10-07 12:30:00,48.08,48.04,62.31,29.17,52.01
2016-10-07 13:00:00,39.48,39.66,63.94,6.57,40.54
2016-10-07 13:30:00,43.7,43.99,59.02,6.08,42.5
2016-10-07 14:00:00,44.07,44.83,61.96,9.24,42.09
2016-10-07 14:30:00,44.47,45.85,54.45,11.81,42.65
2016-10-07 15:00:00,40.08,41.34,51.31,10.26,37.63
2016-10-07 15:30:00,43.01,43.86,61.11,17.59,40.39
2016-10-07 16:00:00,37.32,39.47,68.99,23.38,33.84
2016-10-07 16:30:00,42.55,46.17,69.4,32.44,39.64
2016-10-07 17:00:00,42.98,51.97,80.34,35.18,39.82
2016-10-07 17:30:00,31.11,34.27,72.14,26.04,29.0
2016-10-07 18:00:00,34.76,38.8,80.3,28.8,31.93
2016-10-07 18:30:00,41.54,46.69,106.23,33.22,36.88
2016-10-07 19:00:00,39.5,48.23,106.3,33.13,36.63
2016-10-07 19:30:00,45.63,48.48,89.95,40.46,44.62
2016-10-07 20:00:00,45.9,47.22,88.68,42.96,47.5
2016-10-07 20:30:00,45.52,48.46,79.93,41.51,45.91
2016-10-07 21:00:00,45.91,47.46,159.39,39.45,44.4
2016-10-07 21:30:00,44.72,46.02,71.02,33.06,40.16
2016-10-07 22:00:00,34.54,34.74,62.02,20.58,30.59
2016-10-07 22:30:00,55.2,55.88,75.13,16.9,48.88
2016-10-07 23:00:00,47.47,51.14,55.19,13.22,42.75
2016-10-07 23:30:00,50.14,52.41,43.25,20.61,42.08
2016-10-08 00:00:00,54.2,53.06,66.13,13.15,57.19
2016-10-08 00:30:00,40.36,40.16,49.73,17.19,41.62
2016-10-08 01:00:00,38.15,37.56,49.63,14.86,39.08
2016-10-08 01:30:00,34.33,32.99,41.4,8.18,34.08
2016-10-08 02:00:00,38.73,35.95,70.22,18.02,37.66
2016-10-08 02:30:00,36.25,33.53,45.05,17.05,34.59
2016-10-08 03:00:00,34.72,32.11,42.07,18.54,32.79
2016-10-08 03:30:00,35.04,32.26,47.93,17.41,32.6
2016-10-08 04:00:00,35.63,33.03,34.66,14.91,30.84
2016-10-08 04:30:00,33.56,31.5,35.4,12.03,30.84
2016-10-08 05:00:00,35.44,33.59,34.07,17.83,30.98
2016-10-08 05:30:00,35.98,34.52,36.48,22.1,32.45
2016-10-08 06:00:00,29.62,29.63,35.26,35.93,30.0
2016-10-08 06:30:00,30.57,30.63,36.3,40.24,30.99
2016-10-08 07:00:00,34.84,34.89,42.06,55.32,35.99
2016-10-08 07:30:00,37.96,37.78,45.52,43.7,38.8
2016-10-08 08:00:00,51.61,49.21,45.14,47.35,41.56
2016-10-08 08:30:00,59.75,56.02,56.32,54.1,52.08
2016-10-08 09:00:00,55.26,53.54,54.3,47.57,50.09
2016-10-08 09:30:00,52.69,52.04,53.04,45.18,47.9
2016-10-08 10:00:00,49.96,49.08,45.12,42.93,41.58
2016-10-08 10:30:00,37.51,36.45,40.68,31.96,34.79
2016-10-08 11:00:00,36.54,35.45,35.6,30.97,32.62
2016-10-08 11:30:00,36.97,35.79,33.63,31.03,31.25
2016-10-08 12:00:00,33.98,32.8,29.85,27.62,27.97
2016-10-08 12:30:00,33.07,32.61,28.52,27.05,26.79
2016-10-08 13:00:00,30.77,31.0,27.5,23.56,25.84
2016-10-08 13:30:00,31.46,31.77,27.49,23.52,25.78
2016-10-08 14:00:00,35.26,35.49,28.07,27.6,25.99
2016-10-08 14:30:00,35.0,35.33,28.08,27.14,25.82
2016-10-08 15:00:00,35.9,36.12,27.85,29.88,25.54
2016-10-08 15:30:00,35.1,36.15,34.46,30.36,31.49
2016-10-08 16:00:00,35.39,36.43,43.89,31.53,34.48
2016-10-08 16:30:00,40.59,42.34,45.78,36.8,37.43
2016-10-08 17:00:00,38.01,40.67,51.49,34.92,37.75
2016-10-08 17:30:00,33.87,36.01,57.8,29.98,32.33
2016-10-08 18:00:00,34.9,36.7,79.52,31.34,33.69
2016-10-08 18:30:00,38.33,42.93,107.6,35.1,37.64
2016-10-08 19:00:00,50.49,53.69,108.9,47.18,50.72
2016-10-08 19:30:00,39.94,42.85,97.83,37.76,40.24
2016-10-08 20:00:00,34.26,36.68,80.78,31.67,33.76
2016-10-08 20:30:00,34.9,37.19,77.96,31.35,33.58
2016-10-08 21:00:00,34.83,36.41,73.28,30.24,32.54
2016-10-08 21:30:00,36.44,37.0,89.53,30.73,33.17
2016-10-08 22:00:00,34.35,34.41,73.3,27.43,29.79
2016-10-08 22:30:00,46.34,52.32,60.0,34.74,36.74
2016-10-08 23:00:00,34.99,58.74,52.27,23.93,24.14
2016-10-08 23:30:00,34.22,37.17,32.82,26.72,30.06
2016-10-09 00:00:00,32.75,34.14,328.66,22.48,29.87
2016-10-09 00:30:00,30.41,30.84,49.73,18.57,27.15
2016-10-09 01:00:00,30.92,30.54,49.63,11.28,27.89
2016-10-09 01:30:00,29.59,29.0,41.4,1.75,15.09
2016-10-09 02:00:00,28.06,27.44,70.22,-1.01,12.55
2016-10-09 02:30:00,28.96,27.98,45.05,-2.41,13.92
2016-10-09 03:00:00,25.83,25.34,42.07,-14.87,4.81
2016-10-09 03:30:00,16.18,15.57,47.93,-16.92,-1.67
2016-10-09 04:00:00,22.03,20.92,34.66,-11.89,4.65
2016-10-09 04:30:00,18.65,17.46,35.4,-14.06,1.94
2016-10-09 05:00:00,16.44,15.36,34.07,-20.62,-4.71
2016-10-09 05:30:00,25.97,24.4,36.48,-8.86,7.13
2016-10-09 06:00:00,25.53,24.06,35.26,-1.77,10.15
2016-10-09 06:30:00,27.99,25.97,36.3,2.73,15.91
2016-10-09 07:00:00,30.1,27.71,42.06,5.15,17.22
2016-10-09 07:30:00,27.34,26.19,45.52,3.44,13.63
2016-10-09 08:00:00,30.17,28.62,45.14,9.25,17.5
2016-10-09 08:30:00,31.11,30.3,56.32,9.19,17.91
2016-10-09 09:00:00,30.95,30.48,54.3,9.11,17.86
2016-10-09 09:30:00,31.46,30.63,53.04,6.73,16.64
2016-10-09 10:00:00,31.0,30.46,45.12,3.21,15.1
2016-10-09 10:30:00,31.9,31.87,40.68,-2.4,11.65
2016-10-09 11:00:00,30.65,30.58,35.6,0.59,12.89
2016-10-09 11:30:00,30.37,30.52,33.63,-7.5,8.7
2016-10-09 12:00:00,30.13,30.53,29.85,2.52,17.43
2016-10-09 12:30:00,30.16,30.52,28.52,1.93,17.2
2016-10-09 13:00:00,30.31,30.64,27.5,1.8,16.7
2016-10-09 13:30:00,29.48,29.71,27.49,-13.82,3.16
2016-10-09 14:00:00,30.38,30.61,28.07,-4.37,9.87
2016-10-09 14:30:00,30.51,30.74,28.08,-14.11,6.48
2016-10-09 15:00:00,30.77,30.64,27.85,-3.02,14.83
2016-10-09 15:30:00,31.88,32.09,34.46,2.0,17.84
2016-10-09 16:00:00,35.94,36.76,43.89,7.72,19.34
2016-10-09 16:30:00,32.66,34.02,45.78,9.34,17.86
2016-10-09 17:00:00,31.67,33.7,51.49,15.12,20.93
2016-10-09 17:30:00,33.21,35.4,57.8,12.86,20.3
2016-10-09 18:00:00,37.26,39.7,79.52,21.36,23.0
2016-10-09 18:30:00,42.79,54.04,107.6,13.84,20.78
2016-10-09 19:00:00,39.54,54.04,108.9,15.47,17.0
2016-10-09 19:30:00,33.92,51.21,97.83,24.99,27.02
2016-10-09 20:00:00,32.26,44.7,80.78,13.74,19.36
2016-10-09 20:30:00,30.62,37.76,77.96,16.09,21.47
2016-10-09 21:00:00,31.32,34.35,73.28,15.0,21.52
2016-10-09 21:30:00,30.36,32.14,89.53,4.74,17.58
2016-10-09 22:00:00,29.93,30.78,73.3,-3.29,16.57
2016-10-09 22:30:00,41.77,43.62,60.0,-32.2,19.99
2016-10-09 23:00:00,29.33,34.64,52.27,-29.63,15.28
2016-10-09 23:30:00,29.77,32.23,32.82,-30.96,22.93
2016-10-10 00:00:00,28.98,29.7,328.66,-20.62,16.98
2016-10-10 00:30:00,28.81,29.26,57.84,-28.74,16.79
2016-10-10 01:00:00,26.75,26.61,53.63,-21.85,16.17
2016-10-10 01:30:00,20.96,20.44,47.68,-22.14,11.4
2016-10-10 02:00:00,2.32,2.3,37.05,-12.41,1.73
2016-10-10 02:30:00,5.42,5.55,34.21,-15.78,-1.9
2016-10-10 03:00:00,12.2,12.37,31.53,-17.07,-1.75
2016-10-10 03:30:00,10.43,10.58,25.82,-18.46,-5.17
2016-10-10 04:00:00,18.71,18.8,24.13,-10.29,2.82
2016-10-10 04:30:00,25.94,25.02,23.76,-8.64,11.65
2016-10-10 05:00:00,30.59,28.49,25.53,-7.12,17.81
2016-10-10 05:30:00,33.65,30.79,29.17,15.44,27.37
2016-10-10 06:00:00,42.43,40.27,29.59,20.71,27.56
2016-10-10 06:30:00,42.76,41.92,56.99,36.12,39.31
2016-10-10 07:00:00,52.28,52.31,79.81,45.21,48.88
2016-10-10 07:30:00,41.8,43.69,67.01,27.49,29.33
2016-10-10 08:00:00,38.26,40.21,82.24,67.28,33.44
2016-10-10 08:30:00,36.53,37.23,87.95,31.51,33.77
2016-10-10 09:00:00,36.19,36.39,81.04,30.42,33.05
2016-10-10 09:30:00,35.5,35.16,76.32,152.32,33.06
2016-10-10 10:00:00,34.34,33.46,73.61,618.67,31.83
2016-10-10 10:30:00,33.24,32.4,81.19,55.21,29.49
2016-10-10 11:00:00,34.3,32.96,68.14,26.34,28.97
2016-10-10 11:30:00,43.76,41.3,58.87,19.74,27.03
2016-10-10 12:00:00,44.89,42.01,57.41,20.57,27.41
2016-10-10 12:30:00,49.27,45.98,55.41,21.49,28.67
2016-10-10 13:00:00,50.49,47.52,53.33,16.33,23.82
2016-10-10 13:30:00,50.48,48.04,49.04,9.56,10.5
2016-10-10 14:00:00,54.17,51.43,53.79,15.46,17.02
2016-10-10 14:30:00,53.85,51.61,48.51,1.97,13.09
2016-10-10 15:00:00,57.21,54.42,44.79,3.27,29.47
2016-10-10 15:30:00,65.22,63.5,52.96,17.18,35.24
2016-10-10 16:00:00,66.22,66.25,58.44,25.45,33.16
2016-10-10 16:30:00,62.35,62.84,60.25,18.21,28.37
2016-10-10 17:00:00,63.27,64.65,73.35,31.59,36.35
2016-10-10 17:30:00,67.59,69.63,67.24,40.67,47.86
2016-10-10 18:00:00,63.61,65.2,76.03,46.77,51.06
2016-10-10 18:30:00,59.15,61.35,96.22,46.4,50.57
2016-10-10 19:00:00,68.1,71.28,103.56,55.39,60.3
2016-10-10 19:30:00,62.71,64.97,82.81,39.9,43.57
2016-10-10 20:00:00,57.76,58.66,83.28,44.6,49.66
2016-10-10 20:30:00,56.23,57.38,70.88,33.27,36.77
2016-10-10 21:00:00,54.26,53.83,149.45,23.73,31.46
2016-10-10 21:30:00,56.67,55.33,57.15,10.36,24.16
2016-10-10 22:00:00,44.53,44.29,48.69,1.38,20.62
2016-10-10 22:30:00,66.53,64.85,57.6,-66.49,-11.99
2016-10-10 23:00:00,61.75,60.28,44.92,-18.94,14.59
2016-10-10 23:30:00,65.91,63.26,37.64,-1.09,28.54
2016-10-11 00:00:00,53.79,50.98,49.49,1.86,15.28
2016-10-11 00:30:00,52.59,50.16,57.84,-6.68,23.33
2016-10-11 01:00:00,52.56,48.53,53.63,-22.87,17.41
2016-10-11 01:30:00,32.17,30.27,47.68,-7.37,18.25
2016-10-11 02:00:00,24.8,23.49,37.05,-8.41,14.77
2016-10-11 02:30:00,30.36,29.56,34.21,-8.69,14.84
2016-10-11 03:00:00,29.96,29.52,31.53,-11.85,16.29
2016-10-11 03:30:00,29.81,29.3,25.82,-16.13,13.69
2016-10-11 04:00:00,30.59,30.2,24.13,-17.88,13.81
2016-10-11 04:30:00,44.99,42.2,23.76,2.5,22.65
2016-10-11 05:00:00,53.68,49.56,25.53,11.97,24.59
2016-10-11 05:30:00,60.89,55.23,29.17,38.53,27.2
2016-10-11 06:00:00,155.48,105.94,29.59,74.97,18.73
2016-10-11 06:30:00,283.46,173.64,56.99,247.79,54.27
2016-10-11 07:00:00,288.55,249.99,79.81,220.35,76.21
2016-10-11 07:30:00,71.04,64.73,67.01,78.05,49.78
2016-10-11 08:00:00,54.72,51.55,82.24,45.21,48.52
2016-10-11 08:30:00,52.62,50.52,87.95,37.24,40.06
2016-10-11 09:00:00,56.74,53.83,81.04,39.88,42.98
2016-10-11 09:30:00,56.74,53.84,76.32,33.53,36.89
2016-10-11 10:00:00,59.28,56.45,73.61,33.03,35.42
2016-10-11 10:30:00,64.01,61.6,81.19,28.86,30.93
2016-10-11 11:00:00,68.46,66.89,68.14,34.92,37.87
2016-10-11 11:30:00,67.52,65.36,58.87,36.14,38.84
2016-10-11 12:00:00,67.88,66.13,57.41,36.14,38.9
2016-10-11 12:30:00,67.9,67.04,55.41,35.91,38.85
2016-10-11 13:00:00,67.33,65.68,53.33,36.03,38.79
2016-10-11 13:30:00,68.93,68.2,49.04,33.7,36.08
2016-10-11 14:00:00,62.98,64.0,53.79,18.7,18.49
2016-10-11 14:30:00,67.88,68.02,48.51,3.34,24.82
2016-10-11 15:00:00,67.25,67.78,44.79,0.2,13.26
2016-10-11 15:30:00,75.87,80.25,52.96,-9.71,16.28
2016-10-11 16:00:00,70.38,72.08,58.44,-1.66,37.61
2016-10-11 16:30:00,65.3,67.65,60.25,-0.24,34.11
2016-10-11 17:00:00,68.19,72.4,73.35,15.04,42.52
2016-10-11 17:30:00,68.71,72.05,67.24,45.27,49.85
2016-10-11 18:00:00,74.51,77.54,76.03,48.44,53.01
2016-10-11 18:30:00,86.43,90.66,96.22,67.62,73.94
2016-10-11 19:00:00,290.7,295.82,103.56,206.99,95.79
2016-10-11 19:30:00,219.43,213.6,82.81,173.67,70.22
2016-10-11 20:00:00,82.61,79.05,83.28,64.6,66.54
2016-10-11 20:30:00,68.91,65.66,70.88,49.58,52.49
2016-10-11 21:00:00,65.09,62.09,149.45,33.96,40.22
2016-10-11 21:30:00,64.61,61.21,57.15,21.92,35.66
2016-10-11 22:00:00,54.77,51.24,48.69,21.32,21.26
2016-10-11 22:30:00,190.64,173.59,57.6,32.6,28.34
2016-10-11 23:00:00,78.81,74.44,28.31,3.74,38.51
2016-10-11 23:30:00,100.04,94.73,37.54,-0.3,53.89
2016-10-12 00:00:00,61.16,56.43,60.88,2.27,24.8
2016-10-12 00:30:00,60.45,54.18,56.73,1.24,20.13
2016-10-12 01:00:00,70.56,62.42,69.09,19.3,17.03
2016-10-12 01:30:00,49.82,44.95,51.3,13.61,13.89
2016-10-12 02:00:00,35.15,32.08,26.64,5.58,15.15
2016-10-12 02:30:00,38.76,35.42,29.99,5.77,15.31
2016-10-12 03:00:00,36.33,33.58,26.59,2.07,15.6
2016-10-12 03:30:00,34.31,31.72,23.0,1.7,18.7
2016-10-12 04:00:00,35.63,32.9,25.1,4.47,17.19
2016-10-12 04:30:00,54.74,50.09,40.01,11.53,21.11
2016-10-12 05:00:00,72.92,64.31,83.99,38.37,28.36
2016-10-12 05:30:00,89.32,78.65,101.72,46.12,36.07
2016-10-12 06:00:00,97.96,86.41,89.98,31.96,29.87
2016-10-12 06:30:00,89.08,77.58,112.18,79.54,86.08
2016-10-12 07:00:00,165.55,147.25,177.17,88.35,154.24
2016-10-12 07:30:00,59.94,55.69,96.0,48.17,52.41
2016-10-12 08:00:00,56.17,53.84,79.99,45.74,50.0
2016-10-12 08:30:00,56.64,53.78,79.99,45.49,50.02
2016-10-12 09:00:00,57.12,53.74,79.99,45.96,50.09
2016-10-12 09:30:00,56.79,54.06,76.27,45.73,49.93
2016-10-12 10:00:00,56.63,54.08,74.92,45.91,50.0
2016-10-12 10:30:00,56.83,53.83,67.72,45.78,50.0
2016-10-12 11:00:00,56.98,53.54,61.78,45.5,49.65
2016-10-12 11:30:00,54.65,51.59,61.97,40.3,43.8
2016-10-12 12:00:00,53.67,51.56,59.99,40.9,44.93
2016-10-12 12:30:00,50.24,48.35,56.07,39.49,43.11
2016-10-12 13:00:00,48.2,46.69,46.81,35.77,39.16
2016-10-12 13:30:00,44.92,43.52,38.99,30.95,33.89
2016-10-12 14:00:00,56.35,54.2,35.66,27.84,30.54
2016-10-12 14:30:00,48.52,47.68,31.17,23.53,25.78
2016-10-12 15:00:00,57.53,55.74,19.3,12.19,13.19
2016-10-12 15:30:00,62.78,60.43,24.03,16.05,17.4
2016-10-12 16:00:00,59.9,57.87,30.32,22.22,24.37
2016-10-12 16:30:00,57.22,55.85,42.02,28.92,31.47
2016-10-12 17:00:00,60.24,59.33,65.06,46.79,50.69
2016-10-12 17:30:00,68.31,65.73,70.96,77.18,59.86
2016-10-12 18:00:00,85.0,79.38,76.57,63.34,61.33
2016-10-12 18:30:00,127.07,124.04,100.87,80.67,86.6
2016-10-12 19:00:00,139.29,138.63,115.54,92.18,98.53
2016-10-12 19:30:00,97.86,95.83,108.17,82.22,86.98
2016-10-12 20:00:00,70.77,67.26,85.34,60.24,63.41
2016-10-12 20:30:00,53.37,52.33,79.99,44.21,46.93
2016-10-12 21:00:00,42.03,41.99,79.99,32.92,34.84
2016-10-12 21:30:00,41.76,41.05,94.16,21.19,22.52
2016-10-12 22:00:00,46.81,45.02,73.84,13.76,14.66
2016-10-12 22:30:00,72.27,67.43,75.9,48.54,51.89
2016-10-12 23:00:00,81.74,75.26,80.79,58.0,54.14
2016-10-12 23:30:00,65.49,59.45,64.69,54.8,59.14
2016-10-13 00:00:00,71.65,63.04,78.07,62.51,67.68
2016-10-13 00:30:00,64.95,56.23,76.65,55.59,59.13
2016-10-13 01:00:00,58.87,51.33,67.67,46.99,47.12
2016-10-13 01:30:00,61.69,54.28,61.04,43.12,40.43
2016-10-13 02:00:00,59.12,52.49,73.66,40.95,36.71
2016-10-13 02:30:00,57.09,50.91,71.95,35.65,27.76
2016-10-13 03:00:00,56.36,51.23,70.22,35.83,28.73
2016-10-13 03:30:00,57.97,52.73,74.06,35.84,27.4
2016-10-13 04:00:00,56.57,51.28,75.68,43.6,43.24
2016-10-13 04:30:00,82.27,71.85,89.57,61.5,60.83
2016-10-13 05:00:00,96.2,83.01,89.48,62.46,49.55
2016-10-13 05:30:00,210.78,115.71,207.88,115.54,38.87
2016-10-13 06:00:00,113.58,83.39,124.62,94.95,90.65
2016-10-13 06:30:00,105.26,86.41,120.32,99.56,102.89
2016-10-13 07:00:00,117.23,98.22,134.08,104.64,110.6
2016-10-13 07:30:00,85.45,76.49,108.93,92.62,79.4
2016-10-13 08:00:00,67.03,61.18,79.99,92.62,60.14
2016-10-13 08:30:00,66.17,60.21,75.84,96.93,54.0
2016-10-13 09:00:00,74.28,66.16,74.57,79.24,59.01
2016-10-13 09:30:00,85.24,74.43,79.92,65.2,68.51
2016-10-13 10:00:00,79.27,70.04,72.94,59.26,62.81
2016-10-13 10:30:00,66.49,58.87,70.28,54.1,57.92
2016-10-13 11:00:00,68.58,61.17,72.93,55.34,59.42
2016-10-13 11:30:00,73.62,66.11,73.46,49.94,53.83
2016-10-13 12:00:00,71.91,65.3,78.06,57.05,62.04
2016-10-13 12:30:00,59.68,55.44,69.32,45.93,48.71
2016-10-13 13:00:00,55.34,53.13,55.35,31.12,22.31
2016-10-13 13:30:00,58.5,57.1,40.49,25.48,25.2
2016-10-13 14:00:00,55.21,54.04,44.88,31.39,33.63
2016-10-13 14:30:00,55.01,54.11,47.12,30.99,31.62
2016-10-13 15:00:00,59.88,58.42,54.16,36.42,39.39
2016-10-13 15:30:00,64.4,62.18,64.1,42.2,46.7
2016-10-13 16:00:00,76.38,74.19,80.59,55.8,61.55
2016-10-13 16:30:00,84.37,81.41,87.47,63.02,68.9
2016-10-13 17:00:00,62.57,60.08,82.12,48.91,53.18
2016-10-13 17:30:00,58.5,55.26,82.83,46.18,50.02
2016-10-13 18:00:00,78.58,75.51,79.94,49.18,53.23
2016-10-13 18:30:00,85.62,83.2,80.27,54.03,58.26
2016-10-13 19:00:00,103.88,101.02,115.21,83.24,89.34
2016-10-13 19:30:00,143.76,133.45,153.36,115.75,125.23
2016-10-13 20:00:00,90.78,83.48,97.02,74.57,79.31
2016-10-13 20:30:00,71.14,67.65,80.07,57.52,61.3
2016-10-13 21:00:00,64.38,62.75,75.58,51.11,54.76
2016-10-13 21:30:00,56.74,55.16,68.18,40.3,43.45
2016-10-13 22:00:00,37.52,36.45,57.23,27.93,30.33
2016-10-13 22:30:00,119.22,107.61,78.46,62.13,67.77
2016-10-13 23:00:00,84.81,76.72,79.93,63.75,69.57
2016-10-13 23:30:00,85.4,78.97,73.93,64.25,70.17
2016-10-14 00:00:00,78.73,70.02,73.51,61.13,66.94
2016-10-14 00:30:00,81.98,71.1,75.68,61.94,67.88
2016-10-14 01:00:00,75.29,65.09,76.38,57.53,63.02
2016-10-14 01:30:00,62.19,54.65,69.58,48.83,53.55
2016-10-14 02:00:00,55.91,50.6,67.13,41.62,44.52
2016-10-14 02:30:00,50.18,45.66,56.12,37.28,39.01
2016-10-14 03:00:00,45.3,41.35,45.4,31.58,31.69
2016-10-14 03:30:00,43.7,40.3,41.29,29.68,29.14
2016-10-14 04:00:00,47.42,43.22,43.44,35.03,36.74
2016-10-14 04:30:00,54.58,49.27,52.36,42.15,45.83
2016-10-14 05:00:00,70.54,62.66,68.07,56.11,60.46
2016-10-14 05:30:00,84.68,73.49,80.23,68.48,72.96
2016-10-14 06:00:00,90.59,74.73,85.62,77.14,77.61
2016-10-14 06:30:00,222.96,133.46,197.95,146.5,180.07
2016-10-14 07:00:00,295.56,230.26,244.24,201.68,220.67
2016-10-14 07:30:00,63.65,54.96,76.05,92.62,57.88
2016-10-14 08:00:00,68.58,62.81,82.68,75.16,59.92
2016-10-14 08:30:00,68.56,63.74,80.43,69.51,58.3
2016-10-14 09:00:00,62.43,60.66,76.53,36.63,37.53
2016-10-14 09:30:00,59.27,56.74,67.31,31.34,33.09
2016-10-14 10:00:00,72.33,69.61,79.99,31.49,33.47
2016-10-14 10:30:00,63.49,62.28,70.04,29.71,31.8
2016-10-14 11:00:00,64.94,64.44,60.97,29.73,32.01
2016-10-14 11:30:00,55.2,56.13,60.4,27.91,30.28
2016-10-14 12:00:00,66.79,68.11,74.59,14.48,15.79
2016-10-14 12:30:00,60.96,61.85,79.99,9.75,10.76
2016-10-14 13:00:00,54.3,55.81,79.99,9.38,10.37
2016-10-14 13:30:00,51.51,53.39,79.99,11.06,12.27
2016-10-14 14:00:00,60.63,62.03,83.66,10.0,11.12
2016-10-14 14:30:00,59.85,61.71,62.54,9.51,10.55
2016-10-14 15:00:00,61.83,63.41,63.32,9.85,10.91
2016-10-14 15:30:00,53.71,55.48,78.32,21.4,23.65
2016-10-14 16:00:00,71.88,75.42,86.66,17.31,23.54
2016-10-14 16:30:00,67.02,70.61,80.0,28.36,31.32
2016-10-14 17:00:00,52.42,56.28,115.01,23.74,26.14
2016-10-14 17:30:00,50.3,54.66,113.91,12.8,14.02
2016-10-14 18:00:00,72.31,77.89,86.74,14.89,16.24
2016-10-14 18:30:00,52.85,55.42,86.67,28.83,31.25
2016-10-14 19:00:00,58.36,59.41,78.32,32.85,35.35
2016-10-14 19:30:00,57.69,59.29,79.99,31.33,33.64
2016-10-14 20:00:00,64.24,67.27,73.5,35.25,37.94
2016-10-14 20:30:00,61.36,65.26,66.96,29.81,32.09
2016-10-14 21:00:00,58.24,60.33,50.26,28.21,30.4
2016-10-14 21:30:00,55.11,55.53,73.32,24.23,22.98
2016-10-14 22:00:00,46.02,45.98,21.73,9.01,18.5
2016-10-14 22:30:00,148.21,143.74,35.77,9.0,27.36
2016-10-14 23:00:00,113.12,111.41,6.86,2.3,19.7
2016-10-14 23:30:00,73.75,72.03,0.48,-0.22,17.08
2016-10-15 00:00:00,55.82,53.65,7.71,5.94,17.46
2016-10-15 00:30:00,43.89,42.13,5.22,3.66,15.23
2016-10-15 01:00:00,39.58,38.22,5.84,4.12,15.5
2016-10-15 01:30:00,49.39,46.42,-10.92,-10.85,12.25
2016-10-15 02:00:00,56.37,52.76,-30.56,-29.07,5.73
2016-10-15 02:30:00,42.52,40.28,-37.65,-26.68,-2.89
2016-10-15 03:00:00,44.71,42.53,-23.11,-10.46,5.53
2016-10-15 03:30:00,46.38,44.09,-50.46,-29.3,-7.91
2016-10-15 04:00:00,46.58,44.13,-43.34,-18.88,-3.54
2016-10-15 04:30:00,50.09,47.12,-41.74,-9.76,-2.47
2016-10-15 05:00:00,50.98,47.35,-34.28,-0.41,2.18
2016-10-15 05:30:00,38.15,35.4,10.93,11.93,20.78
2016-10-15 06:00:00,35.79,33.68,8.65,9.04,15.79
2016-10-15 06:30:00,81.24,72.67,-4.37,2.57,-4.49
2016-10-15 07:00:00,114.13,101.64,8.92,10.82,9.1
2016-10-15 07:30:00,43.74,40.38,10.12,9.94,10.35
2016-10-15 08:00:00,39.02,36.71,8.5,8.16,8.69
2016-10-15 08:30:00,57.35,55.79,10.37,9.74,10.46
2016-10-15 09:00:00,51.73,52.5,9.95,9.38,10.12
2016-10-15 09:30:00,50.62,51.82,6.38,6.1,6.62
2016-10-15 10:00:00,49.11,50.04,2.9,2.82,3.06
2016-10-15 10:30:00,37.9,37.67,8.88,8.88,9.23
2016-10-15 11:00:00,41.19,39.64,2.87,2.72,2.93
2016-10-15 11:30:00,44.27,41.46,5.1,4.82,5.25
2016-10-15 12:00:00,38.88,36.07,-5.95,1.37,1.39
2016-10-15 12:30:00,36.44,33.79,8.95,8.6,9.4
2016-10-15 13:00:00,43.65,41.27,9.7,9.18,10.07
2016-10-15 13:30:00,41.98,40.01,6.7,6.27,6.9
2016-10-15 14:00:00,42.36,40.41,10.14,9.39,10.28
2016-10-15 14:30:00,40.7,38.35,6.36,5.96,6.53
2016-10-15 15:00:00,49.16,45.73,2.95,2.71,3.04
2016-10-15 15:30:00,31.62,30.49,10.82,10.54,16.11
2016-10-15 16:00:00,54.47,53.08,10.15,8.68,19.5
2016-10-15 16:30:00,53.28,52.85,11.03,9.21,19.65
2016-10-15 17:00:00,53.91,54.13,14.26,11.97,21.07
2016-10-15 17:30:00,43.64,44.91,19.4,16.15,22.69
2016-10-15 18:00:00,53.04,55.1,21.67,18.31,24.64
2016-10-15 18:30:00,115.32,119.96,26.46,22.22,33.59
2016-10-15 19:00:00,131.3,135.86,30.81,26.65,35.6
2016-10-15 19:30:00,56.55,59.28,25.97,22.97,27.33
2016-10-15 20:00:00,51.32,53.9,16.01,13.4,21.63
2016-10-15 20:30:00,51.17,53.46,11.43,9.02,19.37
2016-10-15 21:00:00,49.75,51.25,9.51,5.86,18.07
2016-10-15 21:30:00,40.59,41.69,9.31,1.38,17.68
2016-10-15 22:00:00,41.25,41.31,8.39,-0.68,17.22
2016-10-15 22:30:00,53.27,54.6,1.7,-0.68,19.36
2016-10-15 23:00:00,49.97,52.37,4.08,-0.68,20.11
2016-10-15 23:30:00,39.51,41.88,9.16,-0.68,19.86
2016-10-16 00:00:00,30.86,31.81,12.34,-0.68,17.95
2016-10-16 00:30:00,30.24,30.59,14.56,-0.69,17.22
2016-10-16 01:00:00,33.52,32.73,16.59,-0.69,16.94
2016-10-16 01:30:00,30.6,29.92,13.3,-0.69,15.24
2016-10-16 02:00:00,29.68,28.71,22.52,-0.68,16.08
2016-10-16 02:30:00,29.14,28.03,15.73,-0.69,6.45
2016-10-16 03:00:00,30.09,29.24,30.44,-0.68,-3.6
2016-10-16 03:30:00,29.55,28.79,17.44,-0.69,11.71
2016-10-16 04:00:00,30.2,29.2,17.61,-0.69,11.8
2016-10-16 04:30:00,30.23,29.2,9.02,-0.73,11.28
2016-10-16 05:00:00,30.16,29.07,-4.82,-8.58,6.97
2016-10-16 05:30:00,29.96,28.82,-2.87,-3.26,10.1
2016-10-16 06:00:00,30.5,29.6,0.06,-0.72,11.79
2016-10-16 06:30:00,31.12,29.96,8.02,5.34,12.49
2016-10-16 07:00:00,33.81,32.19,10.63,8.49,17.47
2016-10-16 07:30:00,34.07,31.66,10.63,8.7,16.22
2016-10-16 08:00:00,31.99,30.14,11.15,9.04,17.54
2016-10-16 08:30:00,43.42,40.68,14.31,8.26,18.01
2016-10-16 09:00:00,38.62,36.22,22.52,17.72,21.72
2016-10-16 09:30:00,36.34,34.08,31.39,23.63,24.84
2016-10-16 10:00:00,41.28,39.78,34.85,18.44,13.83
2016-10-16 10:30:00,34.44,32.92,31.13,17.07,13.38
2016-10-16 11:00:00,32.22,30.6,25.42,13.13,11.46
2016-10-16 11:30:00,36.96,35.64,83.23,17.03,14.51
2016-10-16 12:00:00,32.92,31.35,49.23,20.08,19.05
2016-10-16 12:30:00,35.27,33.43,53.32,20.36,18.87
2016-10-16 13:00:00,31.37,30.05,35.68,16.64,21.62
2016-10-16 13:30:00,31.91,30.6,14.2,10.56,12.0
2016-10-16 14:00:00,35.0,33.45,11.45,9.38,10.5
2016-10-16 14:30:00,42.62,40.26,11.57,9.62,10.58
2016-10-16 15:00:00,49.49,46.62,12.26,9.74,10.66
2016-10-16 15:30:00,42.83,40.61,24.41,17.04,18.51
2016-10-16 16:00:00,52.61,50.83,33.25,25.56,27.74
2016-10-16 16:30:00,48.89,49.12,37.29,27.22,29.02
2016-10-16 17:00:00,60.53,60.35,48.18,37.38,38.87
2016-10-16 17:30:00,46.11,46.76,44.81,34.47,35.73
2016-10-16 18:00:00,58.89,57.84,63.56,41.78,43.95
2016-10-16 18:30:00,95.92,95.48,85.58,50.55,53.84
2016-10-16 19:00:00,96.53,96.89,65.38,47.83,51.12
2016-10-16 19:30:00,59.34,58.3,51.02,34.71,37.0
2016-10-16 20:00:00,61.23,60.59,59.04,41.21,43.9
2016-10-16 20:30:00,47.38,48.36,47.7,30.62,32.63
2016-10-16 21:00:00,36.31,37.85,31.78,24.61,26.56
2016-10-16 21:30:00,34.62,36.15,36.19,23.37,24.84
2016-10-16 22:00:00,31.67,32.65,35.61,22.86,25.07
2016-10-16 22:30:00,40.76,42.31,32.94,21.67,24.02
2016-10-16 23:00:00,34.34,36.45,23.04,17.83,22.82
2016-10-16 23:30:00,40.52,42.19,23.89,19.14,27.53
2016-10-17 00:00:00,30.14,30.59,27.57,20.83,25.29
2016-10-17 00:30:00,34.95,34.83,40.1,20.68,25.14
2016-10-17 01:00:00,31.69,31.04,46.48,22.04,25.14
2016-10-17 01:30:00,28.03,27.03,27.87,19.74,22.32
2016-10-17 02:00:00,22.88,21.9,16.19,12.03,15.95
2016-10-17 02:30:00,26.47,25.37,21.45,9.12,15.57
2016-10-17 03:00:00,26.36,25.76,39.17,11.28,11.23
2016-10-17 03:30:00,26.18,25.66,24.55,10.15,14.74
2016-10-17 04:00:00,29.65,29.43,23.78,11.73,12.55
2016-10-17 04:30:00,32.06,30.85,16.79,12.15,19.68
2016-10-17 05:00:00,50.68,48.15,38.38,22.8,33.15
2016-10-17 05:30:00,53.76,50.71,55.54,41.15,45.37
2016-10-17 06:00:00,59.78,55.59,60.98,46.47,50.45
2016-10-17 06:30:00,78.55,71.7,75.82,62.36,66.42
2016-10-17 07:00:00,83.09,74.51,91.1,70.3,74.64
2016-10-17 07:30:00,58.97,54.77,68.87,29.21,31.26
2016-10-17 08:00:00,64.5,60.35,69.55,29.91,32.14
2016-10-17 08:30:00,63.28,60.29,42.92,29.38,31.73
2016-10-17 09:00:00,60.72,58.25,33.62,29.48,31.05
2016-10-17 09:30:00,61.01,58.59,33.94,29.05,31.06
2016-10-17 10:00:00,64.7,61.85,19.04,13.75,14.66
2016-10-17 10:30:00,64.44,61.04,18.24,15.67,16.2
2016-10-17 11:00:00,62.99,59.46,20.82,18.19,19.36
2016-10-17 11:30:00,59.15,56.49,17.09,14.65,15.65
2016-10-17 12:00:00,55.94,54.31,15.38,13.38,14.3
2016-10-17 12:30:00,54.39,53.42,15.8,13.58,14.55
2016-10-17 13:00:00,54.93,54.81,17.37,15.11,16.2
2016-10-17 13:30:00,51.64,52.72,17.43,15.11,16.2
2016-10-17 14:00:00,51.58,53.25,17.35,15.04,16.16
2016-10-17 14:30:00,47.82,49.18,13.3,8.9,9.55
2016-10-17 15:00:00,51.63,53.83,16.22,11.81,12.67
2016-10-17 15:30:00,51.07,54.04,21.81,17.01,18.24
2016-10-17 16:00:00,54.8,56.93,32.22,25.26,26.92
2016-10-17 16:30:00,61.29,63.4,59.6,38.43,41.14
2016-10-17 17:00:00,51.51,55.28,73.32,30.38,32.47
2016-10-17 17:30:00,60.72,65.09,104.08,49.43,52.9
2016-10-17 18:00:00,62.96,66.12,150.63,52.03,55.58
2016-10-17 18:30:00,58.65,62.06,114.78,47.96,51.1
2016-10-17 19:00:00,73.86,78.85,92.66,52.88,55.99
2016-10-17 19:30:00,61.74,64.88,94.91,50.39,53.45
2016-10-17 20:00:00,57.85,61.15,85.6,46.32,49.33
2016-10-17 20:30:00,47.01,50.94,54.63,35.19,37.52
2016-10-17 21:00:00,33.59,36.56,28.2,17.39,18.52
2016-10-17 21:30:00,35.06,36.89,16.04,11.72,12.63
2016-10-17 22:00:00,30.92,32.03,10.73,9.16,9.92
2016-10-17 22:30:00,86.6,90.0,17.57,15.11,16.46
2016-10-17 23:00:00,60.93,63.68,12.67,10.36,23.23
2016-10-17 23:30:00,64.07,66.12,10.24,0.95,30.73
2016-10-18 00:00:00,53.9,54.48,14.94,12.26,28.35
2016-10-18 00:30:00,47.18,46.56,11.63,8.32,23.54
2016-10-18 01:00:00,39.7,39.7,11.61,8.82,20.52
2016-10-18 01:30:00,30.75,30.48,10.85,9.03,14.52
2016-10-18 02:00:00,34.41,33.42,11.76,9.44,18.7
2016-10-18 02:30:00,28.28,27.81,10.44,9.09,15.71
2016-10-18 03:00:00,27.24,26.74,6.2,5.55,13.24
2016-10-18 03:30:00,28.23,27.75,3.82,3.57,12.46
2016-10-18 04:00:00,29.96,29.59,5.1,4.68,12.59
2016-10-18 04:30:00,47.79,46.08,11.24,10.09,23.61
2016-10-18 05:00:00,54.44,52.02,14.64,12.66,27.87
2016-10-18 05:30:00,61.61,57.74,24.67,22.64,36.17
2016-10-18 06:00:00,74.23,66.96,60.85,58.61,62.43
2016-10-18 06:30:00,65.02,60.47,54.26,52.69,55.96
2016-10-18 07:00:00,83.5,77.42,68.9,68.99,72.82
2016-10-18 07:30:00,51.07,52.29,21.88,21.15,21.92
2016-10-18 08:00:00,46.03,48.02,26.35,24.85,26.17
2016-10-18 08:30:00,42.81,43.7,25.8,24.49,26.0
2016-10-18 09:00:00,44.07,43.06,21.49,11.81,12.76
2016-10-18 09:30:00,48.7,46.71,16.38,14.84,16.15
2016-10-18 10:00:00,45.88,44.25,15.48,14.92,16.15
2016-10-18 10:30:00,40.86,39.02,2.58,12.33,16.18
2016-10-18 11:00:00,39.84,37.79,-17.22,17.08,18.68
2016-10-18 11:30:00,37.33,35.71,-15.4,17.72,19.63
2016-10-18 12:00:00,39.97,38.09,-195.81,15.84,17.52
2016-10-18 12:30:00,39.96,38.15,-45.09,21.15,23.23
2016-10-18 13:00:00,44.05,41.94,-15.37,14.68,16.19
2016-10-18 13:30:00,50.01,48.64,-50.63,16.76,18.53
2016-10-18 14:00:00,41.01,39.74,-13.7,21.52,23.7
2016-10-18 14:30:00,44.98,44.53,-45.0,26.24,28.7
2016-10-18 15:00:00,36.51,36.79,-34.36,27.84,30.66
2016-10-18 15:30:00,46.8,46.57,-145.03,32.15,35.23
2016-10-18 16:00:00,52.73,52.92,-21.76,33.45,36.29
2016-10-18 16:30:00,49.25,50.61,-33.08,41.65,42.09
2016-10-18 17:00:00,59.37,60.15,27.25,62.9,53.88
2016-10-18 17:30:00,60.58,61.23,53.11,79.4,55.08
2016-10-18 18:00:00,58.91,59.83,52.41,78.31,50.71
2016-10-18 18:30:00,67.34,69.47,68.57,80.23,59.65
2016-10-18 19:00:00,94.55,99.13,86.37,78.62,82.71
2016-10-18 19:30:00,92.91,95.93,110.43,79.79,83.39
2016-10-18 20:00:00,78.4,80.77,90.3,65.79,69.61
2016-10-18 20:30:00,78.32,81.28,96.05,67.24,71.65
2016-10-18 21:00:00,49.52,51.39,68.54,41.3,43.99
2016-10-18 21:30:00,36.86,37.62,56.34,27.84,29.92
2016-10-18 22:00:00,30.6,31.62,51.74,23.56,25.66
2016-10-18 22:30:00,103.83,105.0,92.61,77.51,85.56
2016-10-18 23:00:00,63.19,63.74,44.77,35.22,30.63
2016-10-18 23:30:00,65.56,65.48,53.26,44.33,53.28
2016-10-19 00:00:00,76.55,71.62,103.91,60.04,69.03
2016-10-19 00:30:00,54.91,50.92,81.94,44.49,49.76
2016-10-19 01:00:00,51.47,47.74,74.3,39.29,43.35
2016-10-19 01:30:00,38.0,35.55,106.47,23.08,22.8
2016-10-19 02:00:00,43.7,40.57,74.69,25.16,24.95
2016-10-19 02:30:00,38.56,35.48,79.99,24.85,24.64
2016-10-19 03:00:00,32.79,30.08,79.99,16.05,22.75
2016-10-19 03:30:00,33.07,30.61,99.99,19.64,25.2
2016-10-19 04:00:00,45.63,42.3,79.99,25.76,25.64
2016-10-19 04:30:00,64.0,56.63,83.94,45.38,48.09
2016-10-19 05:00:00,74.28,63.39,100.89,60.66,66.44
2016-10-19 05:30:00,112.87,74.47,147.34,91.79,101.49
2016-10-19 06:00:00,172.89,138.46,239.5,144.46,156.88
2016-10-19 06:30:00,200.37,180.06,365.2,175.19,189.39
2016-10-19 07:00:00,153.38,138.65,2474.13,134.56,145.49
2016-10-19 07:30:00,73.91,69.35,301.11,67.23,68.71
2016-10-19 08:00:00,69.02,64.37,202.98,61.89,65.04
2016-10-19 08:30:00,63.36,58.71,127.66,55.32,58.58
2016-10-19 09:00:00,58.62,54.12,92.49,49.06,52.55
2016-10-19 09:30:00,59.59,55.56,79.99,47.26,51.15
2016-10-19 10:00:00,68.79,63.53,83.86,50.72,55.26
2016-10-19 10:30:00,63.61,58.14,79.99,47.15,51.17
2016-10-19 11:00:00,60.78,55.9,79.99,46.72,50.62
2016-10-19 11:30:00,60.27,54.81,75.93,44.2,48.3
2016-10-19 12:00:00,60.2,54.66,67.29,37.12,44.44
2016-10-19 12:30:00,60.26,55.22,54.74,33.4,36.55
2016-10-19 13:00:00,58.71,54.39,40.8,29.06,32.06
2016-10-19 13:30:00,58.89,55.19,42.1,32.58,35.83
2016-10-19 14:00:00,59.59,56.77,34.8,28.22,31.06
2016-10-19 14:30:00,64.1,62.36,37.92,28.98,31.86
2016-10-19 15:00:00,64.71,66.08,51.78,40.42,44.3
2016-10-19 15:30:00,60.23,62.46,47.42,34.2,37.27
2016-10-19 16:00:00,64.06,65.64,2377.53,40.3,43.75
2016-10-19 16:30:00,59.95,61.98,53.16,39.47,42.7
2016-10-19 17:00:00,65.06,66.87,74.41,49.63,53.36
2016-10-19 17:30:00,64.22,64.61,80.64,54.03,57.79
2016-10-19 18:00:00,64.0,63.11,86.55,54.21,57.48
2016-10-19 18:30:00,68.8,68.5,102.52,58.78,62.22
2016-10-19 19:00:00,93.32,92.87,123.79,74.42,81.02
2016-10-19 19:30:00,95.72,92.62,200.93,76.76,83.8
2016-10-19 20:00:00,94.95,90.34,152.88,75.59,82.17
2016-10-19 20:30:00,88.09,85.95,212.84,69.83,75.44
2016-10-19 21:00:00,68.23,67.62,123.25,54.54,57.73
2016-10-19 21:30:00,66.06,65.8,108.69,46.87,49.97
2016-10-19 22:00:00,52.76,52.75,121.19,33.38,35.88
2016-10-19 22:30:00,93.13,88.73,107.44,68.85,75.1
2016-10-19 23:00:00,91.19,85.57,94.46,68.24,74.89
2016-10-19 23:30:00,86.48,78.64,76.62,65.92,72.13
2016-10-20 00:00:00,76.34,66.39,82.0,60.0,65.76
2016-10-20 00:30:00,93.63,75.56,104.93,68.52,62.05
2016-10-20 01:00:00,81.54,59.92,87.91,51.66,27.57
2016-10-20 01:30:00,73.68,57.65,76.91,47.37,28.06
2016-10-20 02:00:00,54.63,50.49,56.92,34.08,25.03
2016-10-20 02:30:00,45.15,42.75,36.95,25.54,24.2
2016-10-20 03:00:00,38.97,37.08,19.92,14.65,23.01
2016-10-20 03:30:00,46.26,44.64,16.01,11.0,23.51
2016-10-20 04:00:00,47.77,45.81,8.17,6.97,21.76
2016-10-20 04:30:00,49.8,47.65,10.29,9.47,24.1
2016-10-20 05:00:00,54.54,51.28,-10.37,11.24,27.03
2016-10-20 05:30:00,79.74,63.6,-18.31,35.3,50.45
2016-10-20 06:00:00,80.21,56.23,50.54,62.9,68.54
2016-10-20 06:30:00,73.22,63.3,50.64,61.3,65.68
2016-10-20 07:00:00,69.6,62.15,61.88,59.06,62.42
2016-10-20 07:30:00,48.47,47.3,30.91,34.7,30.69
2016-10-20 08:00:00,48.45,47.51,26.75,27.69,29.08
2016-10-20 08:30:00,48.94,48.69,22.8,26.96,28.74
2016-10-20 09:00:00,50.5,49.96,21.74,26.36,28.63
2016-10-20 09:30:00,55.45,54.3,-0.78,25.05,28.29
2016-10-20 10:00:00,55.75,54.13,-34.8,17.15,23.69
2016-10-20 10:30:00,54.41,53.06,-35.0,14.85,22.3
2016-10-20 11:00:00,55.16,53.9,-66.69,14.91,22.35
2016-10-20 11:30:00,52.44,51.59,-61.4,14.95,22.15
2016-10-20 12:00:00,54.75,53.97,-52.81,10.32,19.71
2016-10-20 12:30:00,56.8,56.9,-52.81,9.39,19.34
2016-10-20 13:00:00,52.53,52.44,-66.04,9.51,19.01
2016-10-20 13:30:00,54.14,54.13,-50.82,9.26,19.01
2016-10-20 14:00:00,52.43,53.31,-56.11,9.63,19.02
2016-10-20 14:30:00,54.02,54.93,-50.82,9.36,19.16
2016-10-20 15:00:00,53.67,54.84,-50.82,9.41,19.14
2016-10-20 15:30:00,57.27,58.68,-26.05,11.2,20.47
2016-10-20 16:00:00,52.83,55.99,-45.0,14.91,22.21
2016-10-20 16:30:00,54.9,57.71,-34.94,17.11,20.62
2016-10-20 17:00:00,64.59,68.05,-45.0,18.73,19.9
2016-10-20 17:30:00,60.84,64.57,-35.78,11.68,12.43
2016-10-20 18:00:00,60.8,64.49,7.61,9.91,10.54
2016-10-20 18:30:00,54.92,88.53,16.94,17.89,19.03
2016-10-20 19:00:00,160.23,143.07,-0.01,-0.01,0.0
2016-10-20 19:30:00,79.33,67.23,3.79,4.7,4.97
2016-10-20 20:00:00,65.69,58.14,7.84,10.21,10.87
2016-10-20 20:30:00,47.6,53.97,12.49,14.62,15.67
2016-10-20 21:00:00,43.17,51.84,9.28,15.85,21.93
2016-10-20 21:30:00,51.32,53.35,0.89,9.12,11.5
2016-10-20 22:00:00,39.66,40.95,9.05,8.27,17.94
2016-10-20 22:30:00,182.05,177.91,-21.91,-21.33,57.16
2016-10-20 23:00:00,78.33,76.86,-15.1,-21.03,21.88
2016-10-20 23:30:00,78.49,75.06,13.56,-36.67,35.52
2016-10-21 00:00:00,65.29,60.95,82.39,-44.2,25.78
2016-10-21 00:30:00,55.64,51.86,12.12,8.21,26.56
2016-10-21 01:00:00,49.22,46.25,6.25,-6.0,15.48
2016-10-21 01:30:00,43.14,40.14,-27.4,-25.96,1.62
2016-10-21 02:00:00,48.06,44.5,-44.25,-40.16,-4.33
2016-10-21 02:30:00,44.39,40.74,-57.01,-51.53,-12.24
2016-10-21 03:00:00,53.21,50.98,-38.53,-34.84,0.48
2016-10-21 03:30:00,53.79,52.54,-2.89,-3.26,18.38
2016-10-21 04:00:00,58.07,55.23,17.49,0.82,22.52
2016-10-21 04:30:00,51.39,46.78,21.58,8.7,25.2
2016-10-21 05:00:00,67.22,60.14,10.64,9.14,31.03
2016-10-21 05:30:00,61.05,55.73,33.07,28.98,39.52
2016-10-21 06:00:00,85.47,75.72,60.15,52.92,57.32
2016-10-21 06:30:00,88.75,82.69,78.46,68.38,74.12
2016-10-21 07:00:00,86.72,81.06,85.56,69.93,76.28
2016-10-21 07:30:00,49.79,50.19,59.3,40.83,43.64
2016-10-21 08:00:00,58.12,58.18,78.87,47.9,51.1
2016-10-21 08:30:00,78.85,80.84,82.89,63.66,67.82
2016-10-21 09:00:00,58.95,60.55,64.07,48.2,51.44
2016-10-21 09:30:00,65.41,66.61,59.54,49.82,53.16
2016-10-21 10:00:00,74.07,73.89,53.44,44.95,47.86
2016-10-21 10:30:00,67.6,65.71,58.0,52.06,54.97
2016-10-21 11:00:00,70.93,68.16,57.18,51.89,54.68
2016-10-21 11:30:00,70.5,68.32,50.37,45.21,47.75
2016-10-21 12:00:00,71.35,69.86,40.19,36.88,39.0
2016-10-21 12:30:00,63.14,62.53,35.11,32.11,34.15
2016-10-21 13:00:00,57.67,57.49,29.24,29.04,30.84
2016-10-21 13:30:00,59.75,59.1,-10.88,29.45,31.18
2016-10-21 14:00:00,61.91,59.25,-52.37,34.29,36.46
2016-10-21 14:30:00,57.33,53.13,-35.13,28.55,30.25
2016-10-21 15:00:00,57.11,54.87,-21.17,38.96,41.31
2016-10-21 15:30:00,58.83,57.92,-32.47,47.86,50.11
2016-10-21 16:00:00,59.54,59.56,40.34,47.91,50.2
2016-10-21 16:30:00,74.04,74.58,30.49,62.02,52.79
2016-10-21 17:00:00,62.0,63.16,42.7,68.84,52.41
2016-10-21 17:30:00,57.58,58.61,41.21,68.84,49.64
2016-10-21 18:00:00,58.4,58.33,50.9,68.84,50.97
2016-10-21 18:30:00,56.46,56.44,51.76,68.84,50.0
2016-10-21 19:00:00,78.33,78.66,67.05,67.45,66.88
2016-10-21 19:30:00,83.9,81.45,69.27,66.6,67.56
2016-10-21 20:00:00,69.5,67.32,64.51,66.23,58.7
2016-10-21 20:30:00,57.32,56.18,57.99,59.55,43.45
2016-10-21 21:00:00,56.59,56.32,57.3,47.66,37.37
2016-10-21 21:30:00,56.42,56.65,49.28,46.43,36.43
2016-10-21 22:00:00,47.26,46.72,49.16,33.21,34.8
2016-10-21 22:30:00,88.17,84.91,65.13,57.84,58.97
2016-10-21 23:00:00,88.14,85.56,57.74,47.03,41.07
2016-10-21 23:30:00,97.36,97.92,54.91,52.45,60.35
2016-10-22 00:00:00,77.8,74.28,62.01,53.4,47.09
2016-10-22 00:30:00,60.89,57.97,49.68,38.61,28.06
2016-10-22 01:00:00,74.98,72.57,62.21,45.9,30.16
2016-10-22 01:30:00,53.9,53.53,44.63,32.36,19.11
2016-10-22 02:00:00,58.54,57.37,47.32,30.64,10.07
2016-10-22 02:30:00,54.46,53.7,18.95,10.86,17.76
2016-10-22 03:00:00,54.04,53.91,13.45,10.69,27.11
2016-10-22 03:30:00,55.17,54.67,14.03,10.69,27.34
2016-10-22 04:00:00,59.1,57.83,11.72,9.27,28.29
2016-10-22 04:30:00,62.31,61.74,12.51,10.0,29.8
2016-10-22 05:00:00,56.18,55.59,35.51,25.52,19.0
2016-10-22 05:30:00,61.43,60.35,17.4,38.77,31.57
2016-10-22 06:00:00,61.97,60.36,46.5,68.58,10.5
2016-10-22 06:30:00,76.19,72.85,56.95,57.12,35.72
2016-10-22 07:00:00,99.81,88.87,82.21,82.74,66.09
2016-10-22 07:30:00,76.68,71.01,67.35,68.75,64.48
2016-10-22 08:00:00,85.09,77.91,71.22,68.21,67.81
2016-10-22 08:30:00,91.08,82.64,81.28,73.19,77.13
2016-10-22 09:00:00,79.73,72.71,68.63,64.0,67.14
2016-10-22 09:30:00,107.02,98.47,48.47,44.8,46.72
2016-10-22 10:00:00,58.83,55.21,42.67,37.93,44.26
2016-10-22 10:30:00,56.25,54.11,34.87,28.94,30.52
2016-10-22 11:00:00,57.47,55.85,21.83,17.66,25.55
2016-10-22 11:30:00,57.05,54.92,29.97,25.06,33.19
2016-10-22 12:00:00,58.6,57.03,23.05,17.36,26.0
2016-10-22 12:30:00,53.96,53.49,22.37,13.95,24.26
2016-10-22 13:00:00,54.76,55.35,21.25,13.67,24.37
2016-10-22 13:30:00,53.58,54.12,24.5,16.02,23.95
2016-10-22 14:00:00,56.34,57.83,26.32,14.06,22.92
2016-10-22 14:30:00,63.37,64.96,24.21,12.72,22.28
2016-10-22 15:00:00,63.52,64.83,29.94,15.03,23.88
2016-10-22 15:30:00,62.28,64.54,29.5,18.31,26.63
2016-10-22 16:00:00,62.53,64.21,34.95,25.07,32.82
2016-10-22 16:30:00,57.31,58.65,40.83,29.78,34.78
2016-10-22 17:00:00,66.74,68.79,64.15,51.69,57.15
2016-10-22 17:30:00,54.89,57.34,48.15,37.18,40.88
2016-10-22 18:00:00,53.81,55.25,51.55,37.1,40.53
2016-10-22 18:30:00,54.98,56.1,64.29,44.19,47.93
2016-10-22 19:00:00,88.19,85.57,89.42,65.64,73.51
2016-10-22 19:30:00,89.05,85.51,85.58,59.29,63.95
2016-10-22 20:00:00,75.28,71.37,86.73,59.01,63.22
2016-10-22 20:30:00,63.02,59.48,74.31,48.95,52.27
2016-10-22 21:00:00,58.54,54.56,59.99,45.99,49.22
2016-10-22 21:30:00,56.24,54.04,57.22,42.67,45.8
2016-10-22 22:00:00,51.02,49.43,52.78,35.7,37.06
2016-10-22 22:30:00,57.88,55.08,59.0,41.66,40.9
2016-10-22 23:00:00,63.21,61.83,58.58,34.08,15.28
2016-10-22 23:30:00,49.79,49.46,44.63,35.71,36.17
2016-10-23 00:00:00,51.75,49.2,120.8,31.42,32.5
2016-10-23 00:30:00,60.69,55.09,63.82,40.55,30.84
2016-10-23 01:00:00,55.37,49.86,70.34,29.62,13.43
2016-10-23 01:30:00,66.79,59.17,65.59,37.51,14.3
2016-10-23 02:00:00,63.27,56.09,61.8,34.48,11.16
2016-10-23 02:30:00,60.1,54.11,59.81,32.58,10.64
2016-10-23 03:00:00,58.25,53.52,56.25,29.6,10.5
2016-10-23 03:30:00,58.23,54.04,53.42,29.37,14.49
2016-10-23 04:00:00,58.7,54.05,55.39,31.94,15.25
2016-10-23 04:30:00,44.12,39.68,45.74,25.52,13.38
2016-10-23 05:00:00,64.16,56.11,67.27,31.98,6.84
2016-10-23 05:30:00,62.78,55.44,71.15,34.0,11.45
2016-10-23 06:00:00,61.14,53.77,67.47,34.12,13.35
2016-10-23 06:30:00,75.33,64.87,77.15,41.89,16.35
2016-10-23 07:00:00,167.67,76.55,168.52,84.98,19.3
2016-10-23 07:30:00,69.67,60.44,90.82,46.83,35.98
2016-10-23 08:00:00,60.24,54.12,79.99,47.0,48.54
2016-10-23 08:30:00,75.89,69.01,90.87,55.69,58.98
2016-10-23 09:00:00,69.54,63.39,75.86,41.9,36.81
2016-10-23 09:30:00,58.81,54.38,73.66,37.33,29.84
2016-10-23 10:00:00,57.32,54.04,78.25,36.33,28.49
2016-10-23 10:30:00,56.08,53.53,78.75,34.86,25.2
2016-10-23 11:00:00,63.35,59.25,78.4,38.41,25.2
2016-10-23 11:30:00,57.89,54.34,73.24,35.9,25.2
2016-10-23 12:00:00,56.99,54.05,70.94,35.28,25.2
2016-10-23 12:30:00,58.03,55.21,65.44,33.87,20.42
2016-10-23 13:00:00,55.87,53.34,61.32,31.18,16.8
2016-10-23 13:30:00,57.69,54.12,63.59,32.05,16.2
2016-10-23 14:00:00,51.24,48.53,56.22,27.01,12.4
2016-10-23 14:30:00,56.58,53.47,61.19,33.25,19.41
2016-10-23 15:00:00,49.99,47.56,52.41,28.81,16.2
2016-10-23 15:30:00,49.99,47.51,52.95,28.55,16.03
2016-10-23 16:00:00,52.18,49.8,61.81,30.99,16.87
2016-10-23 16:30:00,52.25,51.83,63.19,31.51,17.46
2016-10-23 17:00:00,58.14,57.28,67.66,44.29,41.47
2016-10-23 17:30:00,59.49,57.65,76.52,50.34,53.77
2016-10-23 18:00:00,68.77,64.41,81.43,59.36,63.24
2016-10-23 18:30:00,81.3,76.67,94.37,67.69,72.91
2016-10-23 19:00:00,182.92,170.35,199.79,117.65,158.53
2016-10-23 19:30:00,188.44,173.11,206.53,99.49,165.31
2016-10-23 20:00:00,131.58,120.36,146.25,106.48,118.7
2016-10-23 20:30:00,93.22,84.12,96.93,77.45,83.16
2016-10-23 21:00:00,77.07,69.71,78.49,63.21,67.61
2016-10-23 21:30:00,63.01,57.4,62.28,49.54,53.19
2016-10-23 22:00:00,58.41,52.74,55.38,44.88,48.23
2016-10-23 22:30:00,79.15,71.39,70.31,59.69,64.43
2016-10-23 23:00:00,78.13,72.09,70.73,58.8,63.66
2016-10-23 23:30:00,71.01,64.73,63.26,54.78,59.55
2016-10-24 00:00:00,89.49,77.42,91.21,72.2,78.58
2016-10-24 00:30:00,77.36,65.94,79.42,63.03,68.75
2016-10-24 01:00:00,76.54,66.39,80.05,62.1,67.71
2016-10-24 01:30:00,69.98,61.22,73.06,58.15,62.69
2016-10-24 02:00:00,74.33,65.77,78.51,61.97,66.28
2016-10-24 02:30:00,74.08,66.1,75.38,60.29,64.68
2016-10-24 03:00:00,74.12,65.64,75.19,60.84,64.63
2016-10-24 03:30:00,65.97,58.31,65.48,53.64,56.57
2016-10-24 04:00:00,62.31,54.61,61.1,51.26,54.04
2016-10-24 04:30:00,65.06,56.61,63.25,52.34,56.45
2016-10-24 05:00:00,73.61,63.69,72.58,60.23,64.84
2016-10-24 05:30:00,103.05,80.31,97.1,81.86,88.62
2016-10-24 06:00:00,177.29,66.41,162.82,92.52,155.07
2016-10-24 06:30:00,185.08,106.1,173.7,107.61,163.58
2016-10-24 07:00:00,228.56,190.32,234.1,111.36,211.01
2016-10-24 07:30:00,82.67,76.82,92.63,82.23,79.99
2016-10-24 08:00:00,69.95,65.36,80.38,70.05,69.33
2016-10-24 08:30:00,61.02,56.35,74.95,72.41,63.33
2016-10-24 09:00:00,64.27,59.57,73.33,63.51,62.74
2016-10-24 09:30:00,66.96,62.58,74.74,58.65,62.58
2016-10-24 10:00:00,63.06,58.48,70.0,54.94,59.32
2016-10-24 10:30:00,61.31,57.14,67.75,53.24,57.41
2016-10-24 11:00:00,61.77,57.68,67.39,53.72,58.03
2016-10-24 11:30:00,60.55,56.15,64.91,51.79,56.14
2016-10-24 12:00:00,59.62,55.67,62.13,49.77,54.15
2016-10-24 12:30:00,54.43,52.18,52.75,42.77,46.64
2016-10-24 13:00:00,49.96,49.07,41.6,32.92,36.13
2016-10-24 13:30:00,49.78,48.76,41.29,32.56,35.72
2016-10-24 14:00:00,49.87,49.21,41.36,32.97,35.79
2016-10-24 14:30:00,51.76,51.9,42.09,33.28,36.12
2016-10-24 15:00:00,57.49,57.88,56.18,44.34,48.01
2016-10-24 15:30:00,61.55,62.85,59.22,47.15,51.15
2016-10-24 16:00:00,66.38,68.3,61.19,48.42,52.55
2016-10-24 16:30:00,59.38,61.98,55.02,42.67,45.95
2016-10-24 17:00:00,63.47,65.46,63.9,46.39,49.43
2016-10-24 17:30:00,60.24,61.11,71.43,47.66,50.77
2016-10-24 18:00:00,64.69,64.54,79.67,48.52,51.6
2016-10-24 18:30:00,63.96,65.64,79.94,50.12,53.44
2016-10-24 19:00:00,77.02,79.37,80.91,56.75,60.59
2016-10-24 19:30:00,70.22,70.12,79.89,57.05,60.95
2016-10-24 20:00:00,75.53,74.83,81.11,61.15,65.23
2016-10-24 20:30:00,67.38,66.42,75.51,55.99,59.68
2016-10-24 21:00:00,60.6,59.95,73.06,49.8,53.22
2016-10-24 21:30:00,57.06,57.0,58.76,46.63,49.9
2016-10-24 22:00:00,50.38,50.64,46.06,38.82,41.7
2016-10-24 22:30:00,94.54,91.0,78.2,69.73,75.98
2016-10-24 23:00:00,85.2,83.91,70.21,64.49,70.54
2016-10-24 23:30:00,87.01,82.87,64.38,63.32,67.59
2016-10-25 00:00:00,79.77,72.7,67.28,63.16,69.3
2016-10-25 00:30:00,63.88,58.69,52.04,48.33,53.64
2016-10-25 01:00:00,57.52,54.11,43.99,39.87,42.33
2016-10-25 01:30:00,53.73,50.64,23.83,21.16,33.97
2016-10-25 02:00:00,47.12,44.81,11.47,9.61,25.12
2016-10-25 02:30:00,45.5,43.57,8.99,7.52,22.97
2016-10-25 03:00:00,40.2,37.84,10.45,9.04,21.5
2016-10-25 03:30:00,42.93,40.05,7.34,6.97,21.38
2016-10-25 04:00:00,51.23,47.72,8.96,8.82,26.0
2016-10-25 04:30:00,52.67,47.69,8.53,8.64,26.68
2016-10-25 05:00:00,62.62,56.29,6.99,7.37,30.1
2016-10-25 05:30:00,74.36,67.14,8.92,8.18,36.03
2016-10-25 06:00:00,80.09,70.52,14.26,12.07,40.78
2016-10-25 06:30:00,60.33,54.87,31.16,28.52,40.78
2016-10-25 07:00:00,62.55,58.39,52.27,48.32,53.15
2016-10-25 07:30:00,44.94,44.6,25.62,22.59,29.87
2016-10-25 08:00:00,41.56,41.87,11.65,9.43,21.65
2016-10-25 08:30:00,40.39,40.14,11.79,9.97,21.52
2016-10-25 09:00:00,53.84,53.25,17.38,65.7,25.8
2016-10-25 09:30:00,49.55,49.3,20.08,154.49,26.73
2016-10-25 10:00:00,49.8,48.65,21.18,-0.74,27.91
2016-10-25 10:30:00,51.2,49.24,12.15,0.02,20.48
2016-10-25 11:00:00,50.82,49.7,10.77,-0.74,19.53
2016-10-25 11:30:00,49.96,49.0,10.74,-0.74,19.76
2016-10-25 12:00:00,49.96,49.26,10.19,-4.13,19.11
2016-10-25 12:30:00,53.83,53.15,9.19,-6.15,18.82
2016-10-25 13:00:00,52.13,51.86,33.95,10.28,21.16
2016-10-25 13:30:00,50.42,50.19,19.71,10.23,22.06
2016-10-25 14:00:00,56.3,57.0,23.26,12.07,23.55
2016-10-25 14:30:00,55.76,57.23,35.62,11.73,23.65
2016-10-25 15:00:00,57.77,60.15,42.42,26.3,31.52
2016-10-25 15:30:00,55.75,58.44,35.72,16.41,26.09
2016-10-25 16:00:00,62.39,66.89,32.62,11.93,24.97
2016-10-25 16:30:00,56.49,60.6,72.39,41.22,45.56
2016-10-25 17:00:00,60.83,65.39,76.2,47.88,51.03
2016-10-25 17:30:00,61.15,65.03,78.88,49.38,52.34
2016-10-25 18:00:00,62.47,65.48,79.99,50.14,53.1
2016-10-25 18:30:00,69.24,73.39,80.85,56.72,60.35
2016-10-25 19:00:00,96.11,102.33,93.41,74.13,79.01
2016-10-25 19:30:00,69.42,72.42,83.14,56.33,59.65
2016-10-25 20:00:00,55.23,58.44,69.2,44.15,46.69
2016-10-25 20:30:00,50.06,53.89,46.08,34.79,37.02
2016-10-25 21:00:00,60.55,60.91,61.97,48.07,51.37
2016-10-25 21:30:00,58.31,59.93,69.33,44.78,48.08
2016-10-25 22:00:00,48.1,50.03,39.36,32.34,35.06
2016-10-25 22:30:00,69.87,69.8,63.64,52.49,57.42
2016-10-25 23:00:00,76.39,75.61,89.9,42.27,36.57
2016-10-25 23:30:00,75.91,72.99,79.36,47.49,68.4
2016-10-26 00:00:00,67.8,62.53,4708.99,11.11,63.47
2016-10-26 00:30:00,65.93,59.3,82.28,29.47,62.08
2016-10-26 01:00:00,55.41,50.07,82.23,10.95,51.53
2016-10-26 01:30:00,51.22,46.44,85.75,36.7,46.74
2016-10-26 02:00:00,45.57,41.39,63.14,19.77,35.18
2016-10-26 02:30:00,48.86,44.09,62.37,36.35,34.66
2016-10-26 03:00:00,47.36,42.5,57.22,36.46,35.02
2016-10-26 03:30:00,47.43,42.54,55.33,35.3,31.83
2016-10-26 04:00:00,47.47,42.66,53.61,32.2,25.75
2016-10-26 04:30:00,57.97,52.5,59.53,36.05,30.0
2016-10-26 05:00:00,65.32,57.49,72.93,44.73,55.64
2016-10-26 05:30:00,82.07,70.11,86.59,60.02,73.38
2016-10-26 06:00:00,91.65,76.61,95.41,73.56,81.67
2016-10-26 06:30:00,95.0,83.84,103.86,81.57,88.67
2016-10-26 07:00:00,106.29,94.64,130.58,91.54,101.32
2016-10-26 07:30:00,68.58,65.11,108.05,67.08,65.21
2016-10-26 08:00:00,66.99,64.43,89.96,57.73,62.81
2016-10-26 08:30:00,74.44,71.29,103.71,63.07,68.75
2016-10-26 09:00:00,93.68,88.47,121.77,74.31,81.29
2016-10-26 09:30:00,87.46,81.52,127.25,70.1,77.05
2016-10-26 10:00:00,83.54,77.94,110.17,66.82,73.5
2016-10-26 10:30:00,76.59,71.62,101.69,61.59,68.1
2016-10-26 11:00:00,69.58,64.99,86.26,57.23,63.03
2016-10-26 11:30:00,69.83,65.44,83.89,57.61,63.42
2016-10-26 12:00:00,68.93,65.15,79.99,55.98,61.92
2016-10-26 12:30:00,67.99,65.11,79.99,55.53,61.42
2016-10-26 13:00:00,69.04,65.92,79.99,55.1,61.84
2016-10-26 13:30:00,66.47,63.19,73.72,50.27,56.19
2016-10-26 14:00:00,77.24,66.91,68.0,44.86,50.0
2016-10-26 14:30:00,82.55,62.92,37.88,23.81,26.23
2016-10-26 15:00:00,73.48,60.56,48.31,33.75,37.09
2016-10-26 15:30:00,50.94,44.66,35.12,25.32,27.71
2016-10-26 16:00:00,63.8,63.79,73.05,54.58,60.5
2016-10-26 16:30:00,65.56,65.55,69.38,53.35,59.08
2016-10-26 17:00:00,65.0,65.31,68.35,52.58,57.96
2016-10-26 17:30:00,59.54,61.85,60.71,45.93,50.44
2016-10-26 18:00:00,63.62,66.86,71.0,49.25,54.29
2016-10-26 18:30:00,61.37,64.22,74.05,48.32,53.19
2016-10-26 19:00:00,82.49,87.67,83.0,62.57,69.34
2016-10-26 19:30:00,83.91,87.03,74.65,58.59,65.05
2016-10-26 20:00:00,65.83,67.1,67.78,50.47,56.37
2016-10-26 20:30:00,60.64,62.73,62.8,46.07,51.22
2016-10-26 21:00:00,54.92,56.39,61.36,41.18,46.69
2016-10-26 21:30:00,51.11,53.37,49.71,28.48,39.08
2016-10-26 22:00:00,51.12,52.0,37.42,5.01,32.16
2016-10-26 22:30:00,108.42,106.42,44.27,-0.3,26.51
2016-10-26 23:00:00,65.48,64.62,28.02,0.96,27.53
2016-10-26 23:30:00,57.16,55.17,25.05,1.69,35.17
2016-10-27 00:00:00,58.98,54.89,53.05,13.53,49.24
2016-10-27 00:30:00,56.12,52.34,48.77,35.72,40.83
2016-10-27 01:00:00,57.56,52.77,49.55,30.02,27.03
2016-10-27 01:30:00,46.57,43.22,39.3,29.68,28.29
2016-10-27 02:00:00,48.32,44.6,38.36,30.06,27.47
2016-10-27 02:30:00,41.73,38.1,36.71,24.57,25.2
2016-10-27 03:00:00,32.61,30.35,29.56,24.16,25.2
2016-10-27 03:30:00,32.55,30.65,28.73,24.18,25.2
2016-10-27 04:00:00,33.62,31.39,29.02,24.19,25.2
2016-10-27 04:30:00,51.18,46.75,42.13,30.74,25.03
2016-10-27 05:00:00,63.3,57.68,57.5,40.3,37.03
2016-10-27 05:30:00,77.99,69.48,76.06,62.59,68.47
2016-10-27 06:00:00,87.28,77.47,83.62,71.0,76.54
2016-10-27 06:30:00,81.76,75.65,80.75,69.28,73.58
2016-10-27 07:00:00,108.72,100.8,108.27,93.43,99.8
2016-10-27 07:30:00,63.95,63.45,65.98,53.89,56.8
2016-10-27 08:00:00,78.46,84.8,73.25,59.99,63.24
2016-10-27 08:30:00,88.46,94.51,75.1,62.59,66.66
2016-10-27 09:00:00,100.93,104.43,76.72,64.25,69.13
2016-10-27 09:30:00,76.95,76.89,69.31,57.65,62.1
2016-10-27 10:00:00,61.98,60.32,59.84,48.82,53.16
2016-10-27 10:30:00,65.66,64.63,63.45,51.1,55.43
2016-10-27 11:00:00,59.99,59.68,59.71,46.36,50.4
2016-10-27 11:30:00,62.17,61.42,60.17,46.82,50.6
2016-10-27 12:00:00,64.0,61.94,62.34,48.47,51.6
2016-10-27 12:30:00,66.48,65.59,65.53,49.32,53.61
2016-10-27 13:00:00,75.63,74.58,75.11,57.18,62.13
2016-10-27 13:30:00,57.03,56.11,59.21,44.45,48.25
2016-10-27 14:00:00,54.26,53.83,60.23,42.64,46.59
2016-10-27 14:30:00,53.66,54.13,60.25,37.22,40.64
2016-10-27 15:00:00,53.69,56.06,34.22,15.04,16.22
2016-10-27 15:30:00,52.66,56.0,39.39,13.32,14.3
2016-10-27 16:00:00,59.21,62.34,52.92,14.41,15.54
2016-10-27 16:30:00,56.58,59.6,59.28,25.13,26.32
2016-10-27 17:00:00,116.31,121.74,61.67,18.44,16.26
2016-10-27 17:30:00,58.03,60.87,66.66,18.54,18.78
2016-10-27 18:00:00,70.24,73.76,73.32,22.28,19.93
2016-10-27 18:30:00,53.65,58.07,79.99,27.71,29.28
2016-10-27 19:00:00,68.44,137.86,79.99,26.76,28.53
2016-10-27 19:30:00,65.21,83.49,69.99,27.21,28.97
2016-10-27 20:00:00,53.95,64.89,79.99,40.85,43.68
2016-10-27 20:30:00,55.09,60.45,73.73,43.33,46.09
2016-10-27 21:00:00,57.86,60.74,72.9,46.33,49.58
2016-10-27 21:30:00,53.32,55.45,64.86,36.99,39.87
2016-10-27 22:00:00,49.17,50.09,50.26,27.08,29.1
2016-10-27 22:30:00,97.07,97.25,57.02,42.58,46.29
2016-10-27 23:00:00,60.37,61.74,53.95,41.79,45.54
2016-10-27 23:30:00,65.01,65.09,50.78,42.11,46.77
2016-10-28 00:00:00,52.23,50.39,45.29,34.93,38.29
2016-10-28 00:30:00,52.62,49.72,59.62,36.68,40.31
2016-10-28 01:00:00,54.26,51.32,59.99,33.2,36.24
2016-10-28 01:30:00,48.14,45.94,59.99,32.99,35.46
2016-10-28 02:00:00,46.4,44.04,60.88,32.82,34.94
2016-10-28 02:30:00,40.49,38.17,62.89,31.77,33.72
2016-10-28 03:00:00,39.79,36.7,59.99,31.57,33.63
2016-10-28 03:30:00,38.04,34.51,59.99,30.99,32.92
2016-10-28 04:00:00,39.88,36.22,62.47,32.13,34.03
2016-10-28 04:30:00,43.58,40.12,69.41,33.04,35.44
2016-10-28 05:00:00,56.33,51.96,77.06,44.69,48.08
2016-10-28 05:30:00,65.22,58.57,80.66,52.48,56.41
2016-10-28 06:00:00,99.02,84.78,114.29,88.25,94.59
2016-10-28 06:30:00,103.98,91.03,122.38,94.08,101.93
2016-10-28 07:00:00,294.84,253.85,354.66,279.35,296.93
2016-10-28 07:30:00,67.97,62.94,83.72,81.31,66.85
2016-10-28 08:00:00,72.35,68.42,81.89,64.35,67.17
2016-10-28 08:30:00,75.76,70.06,83.54,65.25,69.58
2016-10-28 09:00:00,81.83,77.17,90.0,70.22,75.47
2016-10-28 09:30:00,78.83,75.44,86.52,66.89,72.59
2016-10-28 10:00:00,67.59,65.68,74.87,54.94,59.7
2016-10-28 10:30:00,61.96,59.82,79.99,52.08,57.05
2016-10-28 11:00:00,62.45,59.89,79.99,51.91,57.13
2016-10-28 11:30:00,61.72,59.67,79.49,46.63,51.58
2016-10-28 12:00:00,67.59,65.87,76.89,47.42,52.46
2016-10-28 12:30:00,69.99,68.02,70.83,46.89,51.82
2016-10-28 13:00:00,82.0,78.85,74.43,48.82,53.86
2016-10-28 13:30:00,56.99,56.55,61.3,40.16,44.2
2016-10-28 14:00:00,66.63,67.8,71.76,49.0,53.66
2016-10-28 14:30:00,63.62,64.97,62.49,39.05,42.46
2016-10-28 15:00:00,56.75,57.18,56.2,34.68,37.62
2016-10-28 15:30:00,100.52,104.45,59.94,35.72,38.72
2016-10-28 16:00:00,73.65,76.2,60.94,32.35,34.87
2016-10-28 16:30:00,59.65,61.86,59.99,30.27,32.48
2016-10-28 17:00:00,61.67,63.13,62.39,30.66,32.75
2016-10-28 17:30:00,70.01,71.78,72.46,33.97,36.23
2016-10-28 18:00:00,51.38,54.31,66.59,27.04,28.79
2016-10-28 18:30:00,49.93,54.14,78.26,33.78,35.87
2016-10-28 19:00:00,61.4,65.06,79.99,46.59,49.32
2016-10-28 19:30:00,55.91,58.13,79.68,45.92,48.38
2016-10-28 20:00:00,53.96,54.34,75.82,44.72,46.92
2016-10-28 20:30:00,53.15,53.95,61.4,42.97,45.37
2016-10-28 21:00:00,53.68,54.46,79.48,43.9,46.58
2016-10-28 21:30:00,50.0,51.49,59.7,35.92,38.24
2016-10-28 22:00:00,45.44,45.72,30.07,20.26,21.57
2016-10-28 22:30:00,122.52,120.26,41.53,29.68,30.29
2016-10-28 23:00:00,89.49,89.96,41.55,36.96,35.76
2016-10-28 23:30:00,65.89,66.41,34.45,31.22,31.8
2016-10-29 00:00:00,52.29,51.3,46.06,39.37,40.99
2016-10-29 00:30:00,44.18,43.28,35.09,28.64,29.73
2016-10-29 01:00:00,45.22,44.19,47.78,31.95,30.06
2016-10-29 01:30:00,37.89,36.66,48.75,25.04,22.84
2016-10-29 02:00:00,46.48,44.46,55.31,32.9,30.96
2016-10-29 02:30:00,39.71,37.77,42.58,25.67,27.52
2016-10-29 03:00:00,43.46,41.1,48.62,26.71,26.79
2016-10-29 03:30:00,38.86,36.67,41.46,25.94,26.4
2016-10-29 04:00:00,37.19,34.9,33.89,24.41,27.66
2016-10-29 04:30:00,35.56,33.63,30.15,24.63,25.6
2016-10-29 05:00:00,43.16,40.87,34.15,26.14,25.2
2016-10-29 05:30:00,38.16,36.55,28.66,62.36,25.77
2016-10-29 06:00:00,43.72,42.03,34.19,66.15,25.34
2016-10-29 06:30:00,56.03,53.23,36.2,30.4,30.94
2016-10-29 07:00:00,56.48,52.92,40.4,29.54,30.45
2016-10-29 07:30:00,52.5,49.52,35.19,38.75,25.47
2016-10-29 08:00:00,59.1,55.49,32.54,46.01,26.15
2016-10-29 08:30:00,56.87,54.12,34.39,31.48,25.38
2016-10-29 09:00:00,55.21,53.82,24.47,27.4,19.9
2016-10-29 09:30:00,53.77,52.75,16.54,26.32,15.09
2016-10-29 10:00:00,46.5,45.48,15.09,22.9,14.3
2016-10-29 10:30:00,35.59,34.75,10.94,10.08,10.5
2016-10-29 11:00:00,39.73,37.79,16.46,15.42,16.15
2016-10-29 11:30:00,38.04,35.95,16.59,15.36,16.15
2016-10-29 12:00:00,38.13,36.04,17.07,15.34,16.15
2016-10-29 12:30:00,39.2,36.7,17.21,15.27,16.15
2016-10-29 13:00:00,41.68,39.31,17.52,15.22,16.15
2016-10-29 13:30:00,42.56,40.42,17.99,15.18,16.15
2016-10-29 14:00:00,46.99,44.76,18.84,15.14,16.15
2016-10-29 14:30:00,49.26,47.57,18.76,13.99,14.89
2016-10-29 15:00:00,54.98,53.66,22.07,15.12,16.15
2016-10-29 15:30:00,56.25,55.26,18.0,10.71,11.46
2016-10-29 16:00:00,56.8,55.75,20.73,14.16,15.11
2016-10-29 16:30:00,54.68,55.32,23.32,16.49,17.52
2016-10-29 17:00:00,53.99,54.13,28.26,20.54,21.7
2016-10-29 17:30:00,55.05,55.08,36.41,22.99,24.29
2016-10-29 18:00:00,51.04,52.26,37.91,22.15,23.3
2016-10-29 18:30:00,50.54,52.56,42.16,24.77,26.05
2016-10-29 19:00:00,55.68,57.87,26.97,16.36,17.3
2016-10-29 19:30:00,49.76,52.22,18.57,15.32,16.14
2016-10-29 20:00:00,51.07,53.4,15.39,13.73,14.45
2016-10-29 20:30:00,48.45,50.97,11.21,9.8,12.9
2016-10-29 21:00:00,44.73,45.57,11.1,9.44,16.98
2016-10-29 21:30:00,46.96,47.77,10.0,8.39,16.69
2016-10-29 22:00:00,35.81,35.5,4.19,3.21,14.22
2016-10-29 22:30:00,91.38,89.13,-1.24,-0.81,21.34
2016-10-29 23:00:00,57.62,58.19,0.05,-0.65,17.86
2016-10-29 23:30:00,51.68,51.96,-1.05,-0.74,19.89
2016-10-30 00:00:00,42.46,42.49,3.65,2.63,18.02
2016-10-30 00:30:00,39.43,38.99,0.05,-0.52,15.45
2016-10-30 01:00:00,47.23,45.61,-2.22,-0.83,18.02
2016-10-30 01:30:00,34.61,33.12,-36.71,-27.53,-4.32
2016-10-30 02:00:00,31.81,29.92,-43.82,14.46,-9.02
2016-10-30 02:30:00,31.96,30.28,-49.52,-57.27,-11.73
2016-10-30 03:00:00,32.01,30.2,-58.21,-66.2,-16.35
2016-10-30 03:30:00,32.54,30.6,-58.88,-70.36,-15.88
2016-10-30 04:00:00,30.34,28.78,-54.31,-66.02,-14.39
2016-10-30 04:30:00,32.61,30.6,-43.67,-68.78,-8.61
2016-10-30 05:00:00,22.47,21.21,-39.15,-59.61,-10.1
2016-10-30 05:30:00,28.32,26.78,-0.61,5.33,2.33
2016-10-30 06:00:00,28.14,26.58,8.03,-0.73,7.97
2016-10-30 06:30:00,35.5,32.51,13.3,1.08,13.29
2016-10-30 07:00:00,39.63,35.73,17.67,2.25,17.23
2016-10-30 07:30:00,36.53,32.86,22.87,5.81,17.52
2016-10-30 08:00:00,39.17,34.94,0.62,16.53,13.24
2016-10-30 08:30:00,46.0,41.87,-17.91,121.36,9.59
2016-10-30 09:00:00,39.55,36.11,-35.91,77.87,-2.47
2016-10-30 09:30:00,48.11,44.12,-38.08,45.72,0.39
2016-10-30 10:00:00,38.38,35.24,-16.38,10.73,7.72
2016-10-30 10:30:00,40.49,36.94,-26.72,-0.83,3.17
2016-10-30 11:00:00,38.2,34.78,-21.96,-7.16,4.63
2016-10-30 11:30:00,36.89,33.98,-39.72,31.22,-5.0
2016-10-30 12:00:00,36.79,34.22,-45.0,87.97,-7.8
2016-10-30 12:30:00,37.72,34.62,-61.08,87.97,-15.25
2016-10-30 13:00:00,35.97,33.52,-50.82,57.67,-11.49
2016-10-30 13:30:00,39.45,36.45,-58.82,57.65,-14.2
2016-10-30 14:00:00,42.19,39.08,-43.46,87.97,-5.13
2016-10-30 14:30:00,37.1,34.86,-36.77,87.97,-2.84
2016-10-30 15:00:00,45.31,43.4,-26.2,87.97,4.91
2016-10-30 15:30:00,46.87,46.0,-22.95,87.97,6.9
2016-10-30 16:00:00,50.55,50.8,-17.19,89.35,12.09
2016-10-30 16:30:00,53.14,53.91,-5.03,-0.57,19.3
2016-10-30 17:00:00,60.97,61.7,0.98,1.81,19.98
2016-10-30 17:30:00,60.07,61.64,7.31,25.99,15.43
2016-10-30 18:00:00,51.29,54.23,10.61,13.23,13.69
2016-10-30 18:30:00,53.5,57.73,10.23,-1.43,23.62
2016-10-30 19:00:00,53.32,66.52,10.52,7.84,21.55
2016-10-30 19:30:00,49.53,54.74,15.6,15.27,18.77
2016-10-30 20:00:00,48.64,54.16,17.04,15.4,20.36
2016-10-30 20:30:00,44.85,49.6,12.59,10.75,13.45
2016-10-30 21:00:00,40.96,44.07,11.67,9.8,14.55
2016-10-30 21:30:00,41.4,44.3,11.1,8.88,19.6
2016-10-30 22:00:00,32.44,33.29,5.09,3.83,14.69
2016-10-30 22:30:00,59.28,61.53,-0.41,-0.34,22.26
2016-10-30 23:00:00,50.85,54.83,-1.9,-0.82,18.65
2016-10-30 23:30:00,44.58,47.72,1.81,1.33,18.36
2016-10-31 00:00:00,34.2,34.76,11.22,8.73,18.61
2016-10-31 00:30:00,30.87,30.6,12.87,10.15,17.93
2016-10-31 01:00:00,45.06,44.3,11.21,7.91,22.82
2016-10-31 01:30:00,29.86,29.04,10.21,8.04,16.6
2016-10-31 02:00:00,31.48,30.31,11.42,8.96,17.43
2016-10-31 02:30:00,29.62,28.3,10.14,7.98,16.13
2016-10-31 03:00:00,26.93,25.68,4.7,3.36,12.32
2016-10-31 03:30:00,24.94,23.7,10.34,8.73,14.37
2016-10-31 04:00:00,31.62,29.85,12.36,10.12,17.69
2016-10-31 04:30:00,37.83,34.9,18.61,14.08,23.02
2016-10-31 05:00:00,41.12,38.25,24.27,18.72,26.82
2016-10-31 05:30:00,47.0,44.69,31.93,49.32,32.01
2016-10-31 06:00:00,54.44,52.04,50.49,40.42,41.86
2016-10-31 06:30:00,70.66,67.89,42.02,27.38,22.78
2016-10-31 07:00:00,88.21,84.39,79.99,72.83,21.18
2016-10-31 07:30:00,65.39,66.61,80.8,18.13,11.79
2016-10-31 08:00:00,69.65,72.28,80.48,235.08,24.25
2016-10-31 08:30:00,70.79,73.75,79.99,93.89,20.75
2016-10-31 09:00:00,61.78,64.3,54.32,19.72,20.15
2016-10-31 09:30:00,58.65,61.55,36.95,894.35,18.58
2016-10-31 10:00:00,51.86,54.44,27.84,35.4,17.12
2016-10-31 10:30:00,48.13,51.12,23.13,26.71,14.11
2016-10-31 11:00:00,50.21,53.54,19.05,26.44,10.06
2016-10-31 11:30:00,47.78,51.37,18.74,13.63,9.85
2016-10-31 12:00:00,48.27,52.08,24.78,24.18,13.14
2016-10-31 12:30:00,50.07,54.61,21.35,48.92,10.28
2016-10-31 13:00:00,49.96,54.67,17.0,73.04,9.27
2016-10-31 13:30:00,45.89,55.21,15.91,137.51,10.48
2016-10-31 14:00:00,47.08,56.05,20.65,116.68,13.68
2016-10-31 14:30:00,43.79,49.67,16.75,137.71,9.2
2016-10-31 15:00:00,49.38,53.96,18.38,11.74,11.48
2016-10-31 15:30:00,49.1,54.13,18.98,13.8,12.6
2016-10-31 16:00:00,50.03,54.59,23.61,34.88,15.45
2016-10-31 16:30:00,46.58,59.16,22.9,11.4,12.03
2016-10-31 17:00:00,49.96,62.0,30.74,15.78,16.7
2016-10-31 17:30:00,49.3,58.06,42.35,11.65,12.4
2016-10-31 18:00:00,48.89,54.57,59.99,10.78,11.45
2016-10-31 18:30:00,44.91,53.79,59.99,18.62,19.73
2016-10-31 19:00:00,94.97,116.04,59.99,20.67,21.75
2016-10-31 19:30:00,62.56,67.98,57.51,22.78,23.98
2016-10-31 20:00:00,53.54,57.85,60.57,33.94,36.1
2016-10-31 20:30:00,54.83,58.58,60.7,42.98,45.61
2016-10-31 21:00:00,51.37,55.46,37.52,23.59,25.04
2016-10-31 21:30:00,47.87,51.59,33.26,19.17,20.42
2016-10-31 22:00:00,39.48,40.86,26.85,12.17,13.06
2016-10-31 22:30:00,133.63,132.87,53.69,18.36,14.77
2016-10-31 23:00:00,86.31,86.68,40.93,15.09,29.32
2016-10-31 23:30:00,77.79,75.78,15.53,8.99,37.77
2016-11-01 00:00:00,65.16,60.73,85.93,29.37,29.63
2016-11-01 00:30:00,61.65,57.19,60.36,25.36,10.5
2016-11-01 01:00:00,59.59,55.57,55.57,22.06,13.38
2016-11-01 01:30:00,56.84,52.82,52.83,21.35,12.71
2016-11-01 02:00:00,53.83,50.81,49.44,14.25,18.09
2016-11-01 02:30:00,49.95,47.43,42.68,6.83,20.88
2016-11-01 03:00:00,49.64,46.94,39.14,3.21,23.9
2016-11-01 03:30:00,49.0,45.72,26.7,1.43,21.58
2016-11-01 04:00:00,50.98,47.5,25.07,0.95,22.1
2016-11-01 04:30:00,45.62,42.78,23.89,8.81,23.59
2016-11-01 05:00:00,50.19,47.27,32.82,11.79,20.98
2016-11-01 05:30:00,63.96,58.7,55.13,18.25,18.97
2016-11-01 06:00:00,78.46,69.82,73.9,34.05,16.2
2016-11-01 06:30:00,75.3,68.77,74.54,45.86,25.68
2016-11-01 07:00:00,78.95,75.26,84.91,57.95,19.25
2016-11-01 07:30:00,93.08,90.88,2298.56,57.7,9.14
2016-11-01 08:00:00,79.25,77.41,55.1,33.28,23.14
2016-11-01 08:30:00,184.45,184.04,75.96,33.66,21.51
2016-11-01 09:00:00,166.95,166.18,70.11,25.01,20.52
2016-11-01 09:30:00,137.62,135.11,46.4,20.48,17.61
2016-11-01 10:00:00,96.6,97.91,58.32,16.31,16.23
2016-11-01 10:30:00,82.8,84.26,33.77,41.08,12.52
2016-11-01 11:00:00,63.5,65.84,23.88,20.76,10.97
2016-11-01 11:30:00,62.31,63.88,21.05,19.34,12.75
2016-11-01 12:00:00,60.96,62.1,27.64,18.42,18.11
2016-11-01 12:30:00,60.39,61.74,15.43,11.05,10.69
2016-11-01 13:00:00,60.96,63.9,15.18,12.01,10.74
2016-11-01 13:30:00,60.96,64.38,15.14,12.02,10.72
2016-11-01 14:00:00,60.96,65.0,22.76,12.01,10.76
2016-11-01 14:30:00,70.0,76.36,24.38,12.97,12.34
2016-11-01 15:00:00,77.6,84.15,18.14,11.92,11.34
2016-11-01 15:30:00,81.39,95.95,16.18,12.84,13.64
2016-11-01 16:00:00,70.66,76.81,16.2,12.33,12.42
2016-11-01 16:30:00,86.76,110.71,24.45,15.07,15.99
2016-11-01 17:00:00,75.23,82.09,22.55,15.97,16.99
2016-11-01 17:30:00,60.98,66.61,22.41,11.21,11.85
2016-11-01 18:00:00,62.3,67.32,23.69,11.27,11.4
2016-11-01 18:30:00,57.18,61.68,26.97,14.1,11.47
2016-11-01 19:00:00,96.55,105.09,47.32,22.62,15.55
2016-11-01 19:30:00,66.97,71.31,43.42,33.99,36.27
2016-11-01 20:00:00,64.49,68.19,51.51,40.3,43.21
2016-11-01 20:30:00,57.04,59.35,51.03,31.13,27.85
2016-11-01 21:00:00,53.59,54.59,46.67,24.27,18.36
2016-11-01 21:30:00,55.37,55.19,26.01,14.04,11.75
2016-11-01 22:00:00,43.31,42.5,18.45,10.62,10.05
2016-11-01 22:30:00,51.29,51.33,36.18,23.73,17.21
2016-11-01 23:00:00,56.78,56.61,45.06,22.53,10.44
2016-11-01 23:30:00,54.95,55.22,19.95,7.86,20.74
2016-11-02 00:00:00,53.4,52.75,19.96,6.88,23.37
2016-11-02 00:30:00,56.36,54.3,46.46,23.54,15.18
2016-11-02 01:00:00,54.27,50.77,55.37,24.65,15.55
2016-11-02 01:30:00,46.78,43.56,50.11,17.31,16.09
2016-11-02 02:00:00,40.54,37.24,45.0,14.58,18.44
2016-11-02 02:30:00,39.75,36.34,39.25,13.2,14.91
2016-11-02 03:00:00,38.94,35.46,40.56,14.58,16.73
2016-11-02 03:30:00,39.75,36.35,40.37,17.28,13.8
2016-11-02 04:00:00,43.17,38.55,41.47,14.49,15.18
2016-11-02 04:30:00,38.8,34.91,39.9,15.29,16.63
2016-11-02 05:00:00,49.89,44.89,62.2,24.19,22.97
2016-11-02 05:30:00,56.19,51.38,60.92,42.59,46.85
2016-11-02 06:00:00,58.58,53.08,59.07,46.84,50.39
2016-11-02 06:30:00,60.5,55.07,63.44,50.94,53.18
2016-11-02 07:00:00,66.07,60.27,72.55,55.69,59.85
2016-11-02 07:30:00,59.44,55.24,70.36,49.38,53.33
2016-11-02 08:00:00,58.65,54.58,64.67,49.45,52.4
2016-11-02 08:30:00,58.07,54.4,61.62,71.84,51.35
2016-11-02 09:00:00,59.43,54.83,62.86,95.68,51.87
2016-11-02 09:30:00,56.4,53.01,60.34,51.31,46.19
2016-11-02 10:00:00,60.46,57.64,63.66,78.5,52.33
2016-11-02 10:30:00,60.22,56.38,63.53,48.86,52.1
2016-11-02 11:00:00,58.09,54.64,60.52,47.45,49.92
2016-11-02 11:30:00,49.18,44.56,53.96,40.35,43.06
2016-11-02 12:00:00,70.51,67.16,73.69,58.5,62.11
2016-11-02 12:30:00,59.9,58.3,59.99,49.0,52.23
2016-11-02 13:00:00,54.53,53.11,55.74,44.94,47.97
2016-11-02 13:30:00,51.9,51.96,52.84,42.66,45.48
2016-11-02 14:00:00,51.27,51.9,52.05,41.65,44.7
2016-11-02 14:30:00,49.18,48.32,47.1,37.78,40.35
2016-11-02 15:00:00,56.47,57.36,35.25,28.08,30.1
2016-11-02 15:30:00,50.36,50.75,36.99,29.04,31.25
2016-11-02 16:00:00,54.41,55.5,43.79,34.37,36.96
2016-11-02 16:30:00,71.53,71.97,43.76,33.33,36.01
2016-11-02 17:00:00,66.02,65.78,58.32,45.05,48.55
2016-11-02 17:30:00,66.91,67.13,59.99,46.24,49.78
2016-11-02 18:00:00,64.18,64.19,60.52,47.12,50.75
2016-11-02 18:30:00,59.82,60.57,62.14,48.29,52.14
2016-11-02 19:00:00,112.35,117.63,110.19,86.51,94.76
2016-11-02 19:30:00,127.93,129.45,129.59,96.76,109.71
2016-11-02 20:00:00,87.78,87.23,94.3,72.32,78.18
2016-11-02 20:30:00,70.05,69.46,75.35,56.8,61.52
2016-11-02 21:00:00,57.13,55.88,59.99,44.28,48.06
2016-11-02 21:30:00,55.51,54.41,60.69,39.82,39.51
2016-11-02 22:00:00,51.4,50.38,57.36,35.95,34.75
2016-11-02 22:30:00,77.12,72.86,81.19,57.75,60.56
2016-11-02 23:00:00,88.16,82.6,91.18,64.85,77.38
2016-11-02 23:30:00,82.08,74.51,85.71,58.06,76.13
2016-11-03 00:00:00,112.3,99.05,129.11,64.62,109.13
2016-11-03 00:30:00,56.08,50.83,63.58,44.22,48.36
2016-11-03 01:00:00,58.59,53.77,62.57,45.07,52.97
2016-11-03 01:30:00,54.11,49.1,55.82,26.18,29.63
2016-11-03 02:00:00,54.72,49.17,53.75,18.81,8.7
2016-11-03 02:30:00,54.38,48.08,55.14,23.38,21.14
2016-11-03 03:00:00,49.37,42.74,55.78,27.77,24.47
2016-11-03 03:30:00,51.54,44.73,54.12,23.01,15.84
2016-11-03 04:00:00,54.76,47.45,53.7,18.53,17.99
2016-11-03 04:30:00,61.09,53.48,61.84,16.26,36.87
2016-11-03 05:00:00,64.55,56.42,63.55,36.47,57.8
2016-11-03 05:30:00,110.46,66.46,110.82,81.88,102.53
2016-11-03 06:00:00,64.85,55.23,65.42,53.17,57.61
2016-11-03 06:30:00,67.15,58.12,73.08,58.27,62.58
2016-11-03 07:00:00,86.12,75.55,97.87,80.09,83.08
2016-11-03 07:30:00,60.87,54.97,65.55,49.93,52.52
2016-11-03 08:00:00,60.96,54.81,60.52,42.78,45.39
2016-11-03 08:30:00,61.13,56.37,65.76,51.86,55.53
2016-11-03 09:00:00,61.48,56.71,59.94,45.07,48.65
2016-11-03 09:30:00,60.96,54.9,59.89,43.6,47.16
2016-11-03 10:00:00,62.68,56.35,60.55,25.14,50.87
2016-11-03 10:30:00,64.4,58.34,71.86,19.46,60.0
2016-11-03 11:00:00,62.43,57.73,61.32,24.29,50.56
2016-11-03 11:30:00,66.1,60.54,67.06,32.82,55.87
2016-11-03 12:00:00,72.92,67.97,62.6,48.3,51.71
2016-11-03 12:30:00,71.82,67.22,65.98,10.36,56.41
2016-11-03 13:00:00,73.8,70.45,65.32,20.27,58.27
2016-11-03 13:30:00,72.16,68.7,59.65,21.74,55.61
2016-11-03 14:00:00,61.34,58.55,50.52,34.1,46.37
2016-11-03 14:30:00,61.02,58.59,53.13,44.87,48.9
2016-11-03 15:00:00,61.05,57.75,60.94,51.89,56.05
2016-11-03 15:30:00,70.47,66.16,77.51,61.87,67.05
2016-11-03 16:00:00,74.64,70.1,83.97,66.55,71.95
2016-11-03 16:30:00,76.86,72.43,87.73,70.38,75.98
2016-11-03 17:00:00,98.82,96.34,111.22,87.46,96.22
2016-11-03 17:30:00,80.9,78.37,94.06,73.72,79.44
2016-11-03 18:00:00,76.37,72.91,94.92,70.96,75.26
2016-11-03 18:30:00,65.61,63.65,79.24,59.34,63.99
2016-11-03 19:00:00,97.43,92.63,111.38,81.46,90.22
2016-11-03 19:30:00,137.71,127.72,161.75,91.55,127.36
2016-11-03 20:00:00,99.02,90.43,132.45,87.52,95.44
2016-11-03 20:30:00,83.85,76.27,106.1,74.56,81.42
2016-11-03 21:00:00,62.23,56.22,87.5,54.32,59.89
2016-11-03 21:30:00,58.35,53.4,71.23,48.22,53.46
2016-11-03 22:00:00,54.51,51.0,61.42,43.23,48.74
2016-11-03 22:30:00,60.99,56.92,71.12,47.09,56.17
2016-11-03 23:00:00,63.21,59.68,71.06,48.79,57.07
2016-11-03 23:30:00,66.81,61.5,72.65,20.66,61.75
2016-11-04 00:00:00,69.12,61.22,82.29,38.51,66.28
2016-11-04 00:30:00,63.2,55.51,71.56,51.34,59.35
2016-11-04 01:00:00,62.33,55.1,68.11,50.74,57.8
2016-11-04 01:30:00,51.83,46.92,55.75,38.74,47.08
2016-11-04 02:00:00,49.97,44.78,62.3,25.93,23.31
2016-11-04 02:30:00,38.63,34.31,45.83,16.72,13.83
2016-11-04 03:00:00,46.12,40.7,45.63,16.68,7.56
2016-11-04 03:30:00,57.71,51.23,268.5,30.32,10.4
2016-11-04 04:00:00,38.88,34.36,59.99,16.16,7.37
2016-11-04 04:30:00,49.46,44.0,59.99,21.29,10.22
2016-11-04 05:00:00,51.63,46.12,60.69,23.57,12.68
2016-11-04 05:30:00,58.88,52.87,60.6,27.82,15.5
2016-11-04 06:00:00,65.27,57.85,70.43,52.71,56.43
2016-11-04 06:30:00,64.47,58.68,78.16,54.54,58.23
2016-11-04 07:00:00,77.65,70.82,110.41,65.63,69.87
2016-11-04 07:30:00,57.81,54.38,86.41,46.07,48.83
2016-11-04 08:00:00,61.49,57.74,69.08,50.15,53.2
2016-11-04 08:30:00,61.49,57.52,62.24,45.85,48.8
2016-11-04 09:00:00,60.47,56.69,58.98,134.22,46.13
2016-11-04 09:30:00,59.7,56.05,42.81,59.64,38.34
2016-11-04 10:00:00,58.12,54.05,32.84,73.44,31.02
2016-11-04 10:30:00,58.14,54.31,10.24,27.31,20.91
2016-11-04 11:00:00,64.99,60.01,11.1,9.25,31.06
2016-11-04 11:30:00,60.31,56.88,8.91,8.09,28.55
2016-11-04 12:00:00,67.19,64.42,3.05,2.84,28.28
2016-11-04 12:30:00,72.34,69.88,4.48,3.71,31.0
2016-11-04 13:00:00,65.28,63.44,2.64,1.92,27.28
2016-11-04 13:30:00,61.05,59.28,4.08,3.33,26.42
2016-11-04 14:00:00,67.05,66.02,3.42,3.22,28.8
2016-11-04 14:30:00,66.21,66.6,9.92,9.16,23.86
2016-11-04 15:00:00,63.54,64.37,12.66,11.36,17.47
2016-11-04 15:30:00,83.32,82.78,8.64,7.62,9.5
2016-11-04 16:00:00,136.59,136.06,9.79,8.7,9.42
2016-11-04 16:30:00,91.8,92.39,8.28,7.4,8.13
2016-11-04 17:00:00,61.43,62.39,9.3,8.37,9.21
2016-11-04 17:30:00,61.43,62.62,9.5,8.35,9.2
2016-11-04 18:00:00,53.75,54.99,9.62,8.37,9.2
2016-11-04 18:30:00,49.44,51.66,9.94,8.37,9.2
2016-11-04 19:00:00,81.77,85.43,15.78,12.87,14.13
2016-11-04 19:30:00,59.95,62.87,14.26,9.54,10.47
2016-11-04 20:00:00,60.96,63.71,15.18,9.57,10.5
2016-11-04 20:30:00,53.89,55.8,13.83,8.62,9.44
2016-11-04 21:00:00,48.14,49.96,10.37,7.88,8.6
2016-11-04 21:30:00,42.85,43.1,7.92,6.45,7.12
2016-11-04 22:00:00,30.48,30.64,5.12,4.21,4.67
2016-11-04 22:30:00,54.85,55.65,12.73,10.66,23.65
2016-11-04 23:00:00,86.36,89.98,-29.43,-48.96,3.59
2016-11-04 23:30:00,44.99,46.84,2.58,2.28,18.14
2016-11-05 00:00:00,32.65,32.58,12.09,9.2,17.45
2016-11-05 00:30:00,45.5,43.78,4.79,-0.37,17.48
2016-11-05 01:00:00,40.56,38.63,13.35,1.28,16.54
2016-11-05 01:30:00,32.49,30.58,0.64,-0.03,12.36
2016-11-05 02:00:00,29.96,28.31,8.31,0.19,11.23
2016-11-05 02:30:00,30.18,28.14,-0.25,0.34,10.87
2016-11-05 03:00:00,29.55,27.34,1.25,2.96,11.41
2016-11-05 03:30:00,30.09,27.94,-31.75,-24.22,-4.37
2016-11-05 04:00:00,33.12,31.7,-12.87,-5.44,5.94
2016-11-05 04:30:00,42.75,41.34,0.9,1.84,16.29
2016-11-05 05:00:00,42.51,41.3,14.49,7.64,17.43
2016-11-05 05:30:00,47.5,46.04,39.56,15.14,-1.01
2016-11-05 06:00:00,49.51,48.18,28.96,10.55,21.53
2016-11-05 06:30:00,44.76,42.84,28.15,13.59,19.52
2016-11-05 07:00:00,55.94,51.38,50.44,30.28,10.5
2016-11-05 07:30:00,60.16,56.09,56.48,29.13,17.84
2016-11-05 08:00:00,56.22,52.02,49.35,31.25,16.72
2016-11-05 08:30:00,59.96,57.67,157.1,14.04,22.71
2016-11-05 09:00:00,53.54,53.56,21.31,12.07,13.38
2016-11-05 09:30:00,53.86,53.83,21.3,12.09,14.13
2016-11-05 10:00:00,50.0,50.04,16.65,8.42,9.27
2016-11-05 10:30:00,48.64,47.5,25.59,6.8,19.25
2016-11-05 11:00:00,49.66,48.75,26.92,0.98,19.61
2016-11-05 11:30:00,49.43,48.9,26.85,0.02,18.51
2016-11-05 12:00:00,49.26,49.0,28.89,1.47,19.9
2016-11-05 12:30:00,48.62,48.52,29.82,4.04,19.46
2016-11-05 13:00:00,49.33,49.8,30.63,4.88,12.62
2016-11-05 13:30:00,49.17,51.01,18.35,1.04,11.57
2016-11-05 14:00:00,49.86,52.45,11.86,0.04,6.46
2016-11-05 14:30:00,52.0,55.12,13.99,1.66,12.75
2016-11-05 15:00:00,50.18,53.77,5.35,-0.12,19.05
2016-11-05 15:30:00,53.34,57.47,0.33,-0.47,20.03
2016-11-05 16:00:00,60.77,65.31,-2.46,-3.47,21.69
2016-11-05 16:30:00,49.58,55.86,13.27,9.58,25.05
2016-11-05 17:00:00,51.5,68.78,21.8,11.18,23.43
2016-11-05 17:30:00,49.34,69.77,39.26,21.42,13.02
2016-11-05 18:00:00,53.29,63.91,43.64,29.51,22.23
2016-11-05 18:30:00,52.23,57.19,47.02,30.42,23.56
2016-11-05 19:00:00,86.17,115.45,62.28,30.31,19.42
2016-11-05 19:30:00,75.55,79.56,63.47,32.06,15.78
2016-11-05 20:00:00,63.7,65.94,60.8,32.75,20.21
2016-11-05 20:30:00,60.43,62.07,60.07,26.58,10.5
2016-11-05 21:00:00,59.98,62.75,59.95,24.51,10.5
2016-11-05 21:30:00,60.97,63.32,59.99,23.82,10.34
2016-11-05 22:00:00,55.87,57.6,55.14,20.13,9.2
2016-11-05 22:30:00,56.42,58.92,53.31,15.74,9.42
2016-11-05 23:00:00,53.9,57.46,54.53,13.96,9.2
2016-11-05 23:30:00,50.03,53.78,17.24,-4.72,20.93
2016-11-06 00:00:00,49.78,51.92,93.1,-8.7,9.99
2016-11-06 00:30:00,49.28,50.38,57.78,8.32,9.2
2016-11-06 01:00:00,48.57,49.61,50.08,7.85,9.42
2016-11-06 01:30:00,43.39,44.34,40.09,-6.35,-14.06
2016-11-06 02:00:00,42.73,43.62,35.05,-2.93,16.27
2016-11-06 02:30:00,32.68,33.01,21.98,-13.87,13.98
2016-11-06 03:00:00,33.12,33.05,14.88,-26.52,9.15
2016-11-06 03:30:00,30.71,30.58,-26.43,-69.25,-24.47
2016-11-06 04:00:00,30.71,30.38,-23.28,-65.12,-21.17
2016-11-06 04:30:00,37.87,37.1,-32.92,-71.23,-22.67
2016-11-06 05:00:00,35.19,33.86,-2.29,-43.65,-3.12
2016-11-06 05:30:00,39.05,37.57,58.16,-4.03,18.28
2016-11-06 06:00:00,42.67,40.59,49.99,-28.24,5.35
2016-11-06 06:30:00,43.58,41.42,49.99,6.34,22.24
2016-11-06 07:00:00,49.5,45.89,49.99,6.49,24.8
2016-11-06 07:30:00,49.13,44.97,49.99,7.58,24.26
2016-11-06 08:00:00,49.59,45.19,49.99,8.41,24.16
2016-11-06 08:30:00,49.43,45.88,49.99,8.47,23.4
2016-11-06 09:00:00,49.51,46.41,48.98,7.28,23.73
2016-11-06 09:30:00,49.51,47.32,46.57,8.26,24.12
2016-11-06 10:00:00,49.66,47.58,39.89,5.69,24.19
2016-11-06 10:30:00,49.51,46.95,33.7,5.22,22.75
2016-11-06 11:00:00,49.59,46.99,30.4,1.15,20.49
2016-11-06 11:30:00,49.43,47.56,28.04,2.18,22.0
2016-11-06 12:00:00,45.39,43.98,23.65,-0.27,19.44
2016-11-06 12:30:00,49.51,48.65,24.36,-0.92,19.45
2016-11-06 13:00:00,49.51,49.24,22.04,-1.76,18.81
2016-11-06 13:30:00,47.59,48.11,12.95,-1.07,9.19
2016-11-06 14:00:00,49.69,51.55,18.23,-0.45,18.7
2016-11-06 14:30:00,50.65,53.37,24.18,8.38,24.38
2016-11-06 15:00:00,51.34,54.3,24.59,7.74,24.44
2016-11-06 15:30:00,50.59,53.9,31.24,12.94,15.26
2016-11-06 16:00:00,49.59,53.55,49.16,20.73,10.5
2016-11-06 16:30:00,49.47,54.11,52.96,24.85,17.79
2016-11-06 17:00:00,49.18,54.29,59.25,34.87,36.18
2016-11-06 17:30:00,49.43,54.39,63.73,37.27,40.11
2016-11-06 18:00:00,50.72,55.38,69.08,39.28,42.84
2016-11-06 18:30:00,59.03,64.48,84.58,46.7,50.9
2016-11-06 19:00:00,165.17,180.94,221.9,119.7,121.25
2016-11-06 19:30:00,71.54,75.87,93.91,55.72,61.01
2016-11-06 20:00:00,89.56,94.71,160.47,70.33,76.92
2016-11-06 20:30:00,61.46,65.68,72.17,46.51,51.0
2016-11-06 21:00:00,57.58,60.96,60.31,43.52,47.93
2016-11-06 21:30:00,56.44,57.77,52.45,35.93,34.26
2016-11-06 22:00:00,51.11,53.0,30.45,10.44,17.3
2016-11-06 22:30:00,61.3,64.39,21.99,2.98,25.58
2016-11-06 23:00:00,54.84,57.48,21.53,3.71,17.8
2016-11-06 23:30:00,55.67,58.09,8.2,-23.54,26.06
2016-11-07 00:00:00,54.07,54.84,16.32,-32.54,29.6
2016-11-07 00:30:00,50.68,51.74,7.17,-19.88,23.09
2016-11-07 01:00:00,42.09,42.4,-6.5,-35.39,12.83
2016-11-07 01:30:00,47.08,46.56,-51.44,-65.45,-7.28
2016-11-07 02:00:00,42.96,41.88,-40.07,-46.75,-6.02
2016-11-07 02:30:00,37.96,36.8,-36.24,-38.13,-3.52
2016-11-07 03:00:00,39.98,38.78,-40.27,-40.22,-4.78
2016-11-07 03:30:00,44.17,42.41,-56.54,-52.36,-11.08
2016-11-07 04:00:00,42.41,41.09,-16.46,-18.17,7.84
2016-11-07 04:30:00,52.48,51.1,-49.02,-46.31,-4.13
2016-11-07 05:00:00,52.93,52.13,2.29,-1.23,20.95
2016-11-07 05:30:00,56.71,55.46,29.0,24.13,36.07
2016-11-07 06:00:00,54.08,52.73,27.55,23.64,34.74
2016-11-07 06:30:00,63.19,62.31,58.62,50.61,55.04
2016-11-07 07:00:00,63.7,62.05,61.75,52.7,57.07
2016-11-07 07:30:00,75.78,77.23,29.91,25.38,27.5
2016-11-07 08:00:00,85.13,85.69,28.75,24.72,26.72
2016-11-07 08:30:00,79.53,79.27,28.78,-73.93,27.5
2016-11-07 09:00:00,81.13,80.76,41.24,-46.52,38.51
2016-11-07 09:30:00,85.62,85.88,28.63,-15.57,27.5
2016-11-07 10:00:00,81.9,83.39,25.17,22.39,28.08
2016-11-07 10:30:00,69.55,70.54,23.9,21.64,23.95
2016-11-07 11:00:00,82.06,83.38,28.47,25.3,27.09
2016-11-07 11:30:00,79.09,80.46,27.5,24.39,26.09
2016-11-07 12:00:00,90.45,91.39,20.51,18.39,19.69
2016-11-07 12:30:00,97.95,98.44,27.28,24.41,26.11
2016-11-07 13:00:00,93.44,92.78,37.32,33.33,35.71
2016-11-07 13:30:00,121.09,121.52,39.24,33.5,36.36
2016-11-07 14:00:00,154.66,151.37,48.26,40.33,44.38
2016-11-07 14:30:00,126.01,120.98,42.71,34.02,37.45
2016-11-07 15:00:00,148.91,143.47,52.46,38.94,42.67
2016-11-07 15:30:00,181.11,172.34,36.55,29.46,32.36
2016-11-07 16:00:00,167.6,164.28,9.8,7.92,8.75
2016-11-07 16:30:00,167.35,163.05,23.93,18.18,20.12
2016-11-07 17:00:00,188.21,179.3,49.09,33.2,36.86
2016-11-07 17:30:00,111.18,106.89,23.38,17.41,19.37
2016-11-07 18:00:00,126.7,120.77,11.45,9.26,10.28
2016-11-07 18:30:00,80.58,80.09,25.46,21.05,23.35
2016-11-07 19:00:00,101.52,101.35,41.25,34.08,37.68
2016-11-07 19:30:00,96.54,94.74,61.67,51.87,56.91
2016-11-07 20:00:00,86.42,86.26,74.17,64.36,70.52
2016-11-07 20:30:00,94.41,96.25,66.78,56.53,62.1
2016-11-07 21:00:00,58.33,59.92,50.42,41.42,46.03
2016-11-07 21:30:00,81.95,83.09,61.99,47.52,53.4
2016-11-07 22:00:00,55.65,55.38,50.57,37.49,42.11
2016-11-07 22:30:00,148.06,143.05,95.66,62.05,46.26
2016-11-07 23:00:00,111.12,109.17,82.79,31.49,29.66
2016-11-07 23:30:00,70.31,68.03,62.73,18.73,59.97
2016-11-08 00:00:00,65.53,61.27,63.23,-43.79,58.3
2016-11-08 00:30:00,54.28,50.87,53.71,-68.11,47.02
2016-11-08 01:00:00,54.79,52.1,49.26,-67.28,17.87
2016-11-08 01:30:00,46.48,43.98,46.2,16.85,12.3
2016-11-08 02:00:00,43.4,40.72,40.01,9.37,12.19
2016-11-08 02:30:00,38.62,35.98,33.27,9.79,10.5
2016-11-08 03:00:00,40.38,37.33,30.89,16.15,11.93
2016-11-08 03:30:00,42.14,38.95,35.01,15.4,10.5
2016-11-08 04:00:00,44.23,40.81,42.19,19.24,10.5
2016-11-08 04:30:00,61.28,54.68,52.82,25.95,18.38
2016-11-08 05:00:00,68.92,61.34,66.92,36.79,34.33
2016-11-08 05:30:00,110.14,95.95,118.61,80.97,99.31
2016-11-08 06:00:00,148.28,127.1,228.0,87.18,141.57
2016-11-08 06:30:00,114.68,99.02,130.91,96.83,109.73
2016-11-08 07:00:00,113.71,98.43,197.18,102.63,113.97
2016-11-08 07:30:00,105.98,98.57,136.98,79.93,81.55
2016-11-08 08:00:00,154.06,141.95,148.37,89.36,97.41
2016-11-08 08:30:00,109.17,100.79,129.59,88.5,96.66
2016-11-08 09:00:00,97.13,90.14,104.17,78.43,85.29
2016-11-08 09:30:00,133.17,123.74,105.04,76.76,84.09
2016-11-08 10:00:00,176.94,162.88,120.9,80.56,88.54
2016-11-08 10:30:00,104.23,95.16,109.39,78.18,85.99
2016-11-08 11:00:00,122.33,113.48,82.48,60.16,66.62
2016-11-08 11:30:00,118.13,109.84,78.45,51.15,56.83
2016-11-08 12:00:00,171.0,158.31,80.19,51.28,56.92
2016-11-08 12:30:00,129.88,121.12,70.89,40.79,45.08
2016-11-08 13:00:00,190.79,176.69,78.31,41.85,45.83
2016-11-08 13:30:00,149.57,134.07,83.53,56.81,61.96
2016-11-08 14:00:00,157.85,141.65,68.37,36.21,39.7
2016-11-08 14:30:00,158.82,149.21,80.17,48.05,52.5
2016-11-08 15:00:00,626.77,578.76,8.95,6.06,6.38
2016-11-08 15:30:00,2190.99,2029.11,7.03,5.57,3.74
2016-11-08 16:00:00,64.73,59.95,39.72,24.23,25.12
2016-11-08 16:30:00,65.97,61.17,25.52,10.36,10.86
2016-11-08 17:00:00,64.5,60.4,72.08,8.03,8.57
2016-11-08 17:30:00,53.69,51.12,76.68,39.32,42.74
2016-11-08 18:00:00,63.48,58.55,79.05,42.1,45.67
2016-11-08 18:30:00,64.59,61.22,81.71,51.28,55.51
2016-11-08 19:00:00,75.83,74.38,95.12,60.23,64.84
2016-11-08 19:30:00,65.63,64.05,79.79,47.94,51.44
2016-11-08 20:00:00,84.71,82.88,90.48,68.27,72.95
2016-11-08 20:30:00,88.21,85.66,84.48,69.85,74.82
2016-11-08 21:00:00,62.23,59.85,63.04,47.59,50.71
2016-11-08 21:30:00,54.86,53.78,52.27,41.69,44.64
2016-11-08 22:00:00,41.5,42.12,35.87,30.96,33.15
2016-11-08 22:30:00,90.06,85.26,73.16,67.3,72.6
2016-11-08 23:00:00,58.78,57.35,46.87,42.33,44.37
2016-11-08 23:30:00,55.9,53.64,42.03,43.06,46.73
2016-11-09 00:00:00,64.01,60.02,57.15,51.21,55.79
2016-11-09 00:30:00,58.57,53.54,54.55,46.48,50.7
2016-11-09 01:00:00,57.0,53.44,51.93,43.54,47.38
2016-11-09 01:30:00,53.28,50.43,45.6,37.74,39.05
2016-11-09 02:00:00,51.74,49.72,45.47,33.36,31.09
2016-11-09 02:30:00,56.86,54.11,49.33,26.69,16.16
2016-11-09 03:00:00,56.47,53.02,48.71,26.47,15.92
2016-11-09 03:30:00,58.32,54.3,48.72,24.04,10.9
2016-11-09 04:00:00,57.83,53.08,49.45,25.86,14.21
2016-11-09 04:30:00,54.88,51.18,49.68,40.48,41.46
2016-11-09 05:00:00,55.82,52.54,56.2,40.78,41.14
2016-11-09 05:30:00,85.91,79.56,78.43,67.81,71.99
2016-11-09 06:00:00,100.7,90.63,91.8,84.65,87.02
2016-11-09 06:30:00,111.94,102.7,104.57,95.31,100.85
2016-11-09 07:00:00,112.74,105.19,108.82,99.66,104.93
2016-11-09 07:30:00,96.09,95.07,80.14,95.3,72.98
2016-11-09 08:00:00,99.74,99.52,80.24,95.3,73.32
2016-11-09 08:30:00,125.27,124.36,79.99,95.3,73.77
2016-11-09 09:00:00,97.59,94.64,77.81,62.05,64.73
2016-11-09 09:30:00,100.9,97.86,69.52,53.33,55.93
2016-11-09 10:00:00,206.86,200.55,79.77,67.58,71.33
2016-11-09 10:30:00,208.71,199.62,80.34,67.36,71.68
2016-11-09 11:00:00,113.57,108.25,78.22,58.56,62.28
2016-11-09 11:30:00,95.91,90.75,59.94,38.42,41.16
2016-11-09 12:00:00,96.35,90.95,47.06,27.64,29.68
2016-11-09 12:30:00,101.01,98.18,70.71,54.02,58.09
2016-11-09 13:00:00,91.35,90.49,68.73,48.85,52.61
2016-11-09 13:30:00,94.23,93.76,60.81,48.01,51.57
2016-11-09 14:00:00,104.36,105.54,63.55,49.2,53.15
2016-11-09 14:30:00,123.37,126.79,67.42,51.86,56.09
2016-11-09 15:00:00,146.11,150.04,75.84,55.4,59.72
2016-11-09 15:30:00,156.31,161.14,76.81,54.88,58.98
2016-11-09 16:00:00,148.65,153.44,64.61,51.57,55.87
2016-11-09 16:30:00,143.38,150.07,63.42,52.02,56.22
2016-11-09 17:00:00,143.55,149.15,64.0,53.96,58.02
2016-11-09 17:30:00,111.23,117.45,58.44,50.29,54.13
2016-11-09 18:00:00,91.03,95.99,56.65,47.13,50.51
2016-11-09 18:30:00,68.47,72.48,61.01,46.36,49.51
2016-11-09 19:00:00,81.47,85.7,72.31,48.92,52.05
2016-11-09 19:30:00,70.57,72.92,67.13,49.45,52.28
2016-11-09 20:00:00,137.76,139.19,90.59,78.62,83.19
2016-11-09 20:30:00,84.59,84.74,77.65,65.95,69.41
2016-11-09 21:00:00,72.61,74.19,67.91,55.04,58.27
2016-11-09 21:30:00,91.8,95.79,65.46,52.73,56.03
2016-11-09 22:00:00,76.0,78.79,55.87,44.42,47.52
2016-11-09 22:30:00,149.18,151.83,71.91,64.87,46.84
2016-11-09 23:00:00,138.98,146.0,63.27,54.64,22.08
2016-11-09 23:30:00,93.68,95.79,69.47,60.72,59.68
2016-11-10 00:00:00,93.38,91.15,85.01,71.25,77.89
2016-11-10 00:30:00,69.91,67.37,63.09,46.77,45.39
2016-11-10 01:00:00,79.78,77.18,69.42,39.13,21.21
2016-11-10 01:30:00,52.74,51.82,48.87,25.68,11.36
2016-11-10 02:00:00,52.36,51.52,48.36,24.47,11.0
2016-11-10 02:30:00,51.35,50.86,54.38,26.58,9.08
2016-11-10 03:00:00,53.31,52.68,47.41,27.26,13.11
2016-11-10 03:30:00,49.74,49.06,35.22,23.24,10.5
2016-11-10 04:00:00,51.55,50.65,47.25,26.34,9.4
2016-11-10 04:30:00,54.46,53.71,44.51,31.32,17.57
2016-11-10 05:00:00,64.25,61.32,65.07,51.39,52.88
2016-11-10 05:30:00,87.9,82.66,87.29,72.9,77.11
2016-11-10 06:00:00,95.7,86.91,96.48,80.11,84.56
2016-11-10 06:30:00,93.16,85.31,97.42,80.44,86.25
2016-11-10 07:00:00,114.25,111.49,121.69,98.37,106.22
2016-11-10 07:30:00,64.51,65.01,69.75,53.02,56.94
2016-11-10 08:00:00,70.4,70.58,68.7,53.19,57.5
2016-11-10 08:30:00,61.31,61.39,65.12,49.79,54.19
2016-11-10 09:00:00,61.01,62.74,61.1,47.16,51.78
2016-11-10 09:30:00,88.51,93.05,71.72,55.21,60.64
2016-11-10 10:00:00,93.29,96.02,96.1,76.54,81.92
2016-11-10 10:30:00,74.38,76.2,77.54,60.85,65.44
2016-11-10 11:00:00,65.34,67.53,64.29,50.28,54.05
2016-11-10 11:30:00,87.25,89.53,89.16,71.75,77.26
2016-11-10 12:00:00,92.17,94.58,95.93,76.21,82.17
2016-11-10 12:30:00,100.69,104.79,96.08,77.63,83.6
2016-11-10 13:00:00,90.57,94.01,67.32,53.96,58.26
2016-11-10 13:30:00,92.69,96.28,60.72,47.52,51.37
2016-11-10 14:00:00,79.13,82.88,59.8,45.99,49.71
2016-11-10 14:30:00,84.21,89.46,59.99,46.47,50.07
2016-11-10 15:00:00,108.18,115.8,67.1,49.81,53.87
2016-11-10 15:30:00,86.33,94.25,68.24,46.52,50.17
2016-11-10 16:00:00,86.35,94.68,59.99,43.26,46.46
2016-11-10 16:30:00,83.33,92.07,59.99,36.13,38.66
2016-11-10 17:00:00,118.66,129.64,60.61,39.22,41.88
2016-11-10 17:30:00,85.98,93.87,59.99,39.18,41.7
2016-11-10 18:00:00,86.18,92.72,59.99,39.11,41.53
2016-11-10 18:30:00,71.5,77.47,58.03,36.18,38.53
2016-11-10 19:00:00,129.68,140.56,54.06,40.22,42.83
2016-11-10 19:30:00,84.44,91.6,44.73,35.29,37.54
2016-11-10 20:00:00,172.11,181.37,57.94,48.44,51.5
2016-11-10 20:30:00,90.5,95.92,43.11,35.54,37.76
2016-11-10 21:00:00,65.95,71.47,20.61,17.34,18.56
2016-11-10 21:30:00,65.28,70.35,26.17,21.94,23.62
2016-11-10 22:00:00,49.57,54.37,18.03,15.15,16.33
2016-11-10 22:30:00,104.2,107.59,33.49,25.17,33.17
2016-11-10 23:00:00,112.44,116.47,25.45,17.11,41.98
2016-11-10 23:30:00,79.11,81.86,13.36,10.22,37.69
2016-11-11 00:00:00,68.27,69.87,51.01,35.91,18.91
2016-11-11 00:30:00,53.26,55.73,38.93,27.93,11.45
2016-11-11 01:00:00,56.25,59.19,25.22,19.17,17.33
2016-11-11 01:30:00,51.4,53.73,31.21,15.31,21.29
2016-11-11 02:00:00,50.98,53.38,26.38,11.55,22.65
2016-11-11 02:30:00,50.94,53.34,16.16,9.52,25.23
2016-11-11 03:00:00,50.16,52.22,12.49,9.33,24.73
2016-11-11 03:30:00,50.38,53.39,12.39,9.38,24.9
2016-11-11 04:00:00,52.6,54.66,12.05,9.15,25.63
2016-11-11 04:30:00,53.0,54.39,14.54,11.2,27.16
2016-11-11 05:00:00,56.42,57.6,19.73,15.45,31.16
2016-11-11 05:30:00,65.75,64.98,32.04,27.52,41.97
2016-11-11 06:00:00,83.21,78.92,72.1,65.5,70.37
2016-11-11 06:30:00,67.75,62.94,64.17,93.89,60.59
2016-11-11 07:00:00,126.48,127.85,113.83,108.03,110.18
2016-11-11 07:30:00,76.72,78.38,50.45,89.66,45.73
2016-11-11 08:00:00,87.54,90.32,41.27,75.65,37.37
2016-11-11 08:30:00,119.37,124.35,24.29,24.87,22.69
2016-11-11 09:00:00,101.85,106.67,17.37,22.17,16.35
2016-11-11 09:30:00,166.31,174.71,28.67,28.95,27.35
2016-11-11 10:00:00,143.25,148.84,27.55,-5.67,25.84
2016-11-11 10:30:00,113.04,117.68,27.38,13.0,24.97
2016-11-11 11:00:00,145.23,153.78,31.01,26.19,27.66
2016-11-11 11:30:00,80.17,83.26,24.38,20.52,21.69
2016-11-11 12:00:00,80.95,84.32,23.48,19.49,20.63
2016-11-11 12:30:00,89.15,92.93,26.05,20.93,22.39
2016-11-11 13:00:00,99.38,104.26,23.82,19.38,20.7
2016-11-11 13:30:00,122.04,128.84,30.45,24.45,26.05
2016-11-11 14:00:00,211.75,225.04,37.7,30.47,32.6
2016-11-11 14:30:00,154.78,168.22,26.75,22.33,23.77
2016-11-11 15:00:00,95.27,102.88,15.86,13.84,14.63
2016-11-11 15:30:00,85.37,89.43,13.81,12.42,13.08
2016-11-11 16:00:00,89.04,93.67,14.75,13.53,13.68
2016-11-11 16:30:00,97.86,103.4,18.19,19.37,16.68
2016-11-11 17:00:00,160.74,172.61,26.15,27.48,24.58
2016-11-11 17:30:00,78.65,85.0,12.64,20.54,12.06
2016-11-11 18:00:00,63.29,69.14,9.61,13.6,9.94
2016-11-11 18:30:00,49.84,56.47,9.07,9.6,9.56
2016-11-11 19:00:00,221.94,238.67,9.68,10.12,24.75
2016-11-11 19:30:00,85.46,92.03,15.64,15.04,18.16
2016-11-11 20:00:00,111.99,122.23,14.47,13.69,18.1
2016-11-11 20:30:00,77.74,88.76,16.88,15.53,16.31
2016-11-11 21:00:00,52.77,60.36,10.3,9.99,10.5
2016-11-11 21:30:00,105.46,114.39,9.82,9.37,14.63
2016-11-11 22:00:00,60.84,65.79,2.68,2.72,7.39
2016-11-11 22:30:00,103.54,113.65,2.79,1.4,43.11
2016-11-11 23:00:00,142.62,150.0,-33.24,-12.85,38.92
2016-11-11 23:30:00,91.52,98.63,-16.14,-11.84,28.37
2016-11-12 00:00:00,55.73,59.28,14.38,12.22,29.37
2016-11-12 00:30:00,49.83,52.26,0.09,-1.63,19.3
2016-11-12 01:00:00,49.51,51.59,25.63,-0.73,19.8
2016-11-12 01:30:00,46.61,48.58,49.99,5.74,22.73
2016-11-12 02:00:00,47.09,49.35,16.88,3.4,21.52
2016-11-12 02:30:00,46.73,48.46,-0.01,-0.92,18.8
2016-11-12 03:00:00,51.46,53.46,-16.97,-16.97,12.4
2016-11-12 03:30:00,46.47,48.4,-34.91,-33.6,0.55
2016-11-12 04:00:00,44.93,46.4,-18.27,-18.1,9.18
2016-11-12 04:30:00,51.45,54.04,1.02,0.36,21.6
2016-11-12 05:00:00,50.73,53.65,6.45,5.39,24.03
2016-11-12 05:30:00,47.78,50.35,10.9,9.53,24.9
2016-11-12 06:00:00,35.63,35.05,9.12,8.61,19.55
2016-11-12 06:30:00,52.24,48.68,10.19,9.06,27.12
2016-11-12 07:00:00,82.08,79.42,10.53,8.88,40.04
2016-11-12 07:30:00,62.24,61.52,11.52,8.81,30.93
2016-11-12 08:00:00,71.63,71.07,10.17,7.46,33.58
2016-11-12 08:30:00,67.18,67.86,1.03,-0.71,28.22
2016-11-12 09:00:00,66.65,68.09,1.45,-0.63,27.68
2016-11-12 09:30:00,74.63,76.88,-15.99,-16.29,23.11
2016-11-12 10:00:00,71.92,75.28,-13.1,-13.02,23.61
2016-11-12 10:30:00,69.15,71.37,-0.21,-0.67,28.95
2016-11-12 11:00:00,66.82,69.97,-8.02,-7.8,23.17
2016-11-12 11:30:00,80.7,87.32,-6.43,-6.36,29.81
2016-11-12 12:00:00,66.7,75.17,-50.75,-48.88,1.02
2016-11-12 12:30:00,59.1,64.63,-42.15,-40.27,-4.35
2016-11-12 13:00:00,61.49,66.56,-48.95,-47.19,-2.07
2016-11-12 13:30:00,88.84,97.82,-42.89,-42.43,-3.07
2016-11-12 14:00:00,114.76,124.16,-2.4,-1.86,9.76
2016-11-12 14:30:00,129.19,138.72,-14.97,-12.51,12.67
2016-11-12 15:00:00,163.22,151.93,-35.78,-35.41,-13.39
2016-11-12 15:30:00,91.75,73.67,-22.23,-21.82,-15.62
2016-11-12 16:00:00,118.11,79.99,-48.89,18.57,-50.83
2016-11-12 16:30:00,77.36,58.76,-4.68,40.24,-4.79
2016-11-12 17:00:00,61.7,62.43,15.93,-5.41,34.64
2016-11-12 17:30:00,90.92,86.36,11.74,-24.59,12.79
2016-11-12 18:00:00,83.08,79.68,9.95,-12.78,11.39
2016-11-12 18:30:00,56.98,56.83,10.53,-7.98,10.5
2016-11-12 19:00:00,65.85,66.73,8.43,7.98,9.26
2016-11-12 19:30:00,53.72,54.38,10.67,11.08,10.32
2016-11-12 20:00:00,66.48,64.45,10.2,9.49,12.99
2016-11-12 20:30:00,65.19,62.92,8.32,7.43,24.88
2016-11-12 21:00:00,55.81,55.43,-0.49,-0.97,16.69
2016-11-12 21:30:00,47.15,46.74,-2.63,-2.84,17.73
2016-11-12 22:00:00,34.71,34.46,-31.47,-30.14,-3.23
2016-11-12 22:30:00,49.85,50.76,-38.61,-37.47,-7.29
2016-11-12 23:00:00,82.55,83.73,-43.78,-41.43,-44.84
2016-11-12 23:30:00,85.03,83.66,-89.58,-69.55,-91.27
2016-11-13 00:00:00,61.22,57.81,-56.41,-51.25,-55.33
2016-11-13 00:30:00,42.96,42.01,-9.76,-6.71,-9.42
2016-11-13 01:00:00,31.26,32.05,19.45,26.75,19.58
2016-11-13 01:30:00,30.01,30.65,9.75,-37.85,17.11
2016-11-13 02:00:00,31.46,32.2,10.35,-43.45,18.03
2016-11-13 02:30:00,37.66,39.64,9.72,-33.22,20.47
2016-11-13 03:00:00,32.54,34.45,6.43,-40.6,16.45
2016-11-13 03:30:00,31.04,32.72,-10.05,-25.35,7.56
2016-11-13 04:00:00,31.21,32.44,-37.4,-69.77,-7.04
2016-11-13 04:30:00,33.26,34.42,-1.66,-19.94,12.87
2016-11-13 05:00:00,29.55,30.22,-0.04,-19.98,12.16
2016-11-13 05:30:00,29.96,30.6,9.92,-19.89,17.43
2016-11-13 06:00:00,29.57,30.13,-2.42,-19.88,14.94
2016-11-13 06:30:00,27.87,28.78,-45.0,-10.89,15.87
2016-11-13 07:00:00,32.07,32.12,-17.85,5.42,17.35
2016-11-13 07:30:00,29.98,30.08,5.98,-13.03,15.59
2016-11-13 08:00:00,35.26,34.33,9.68,2.97,19.65
2016-11-13 08:30:00,48.75,47.79,10.72,6.16,25.78
2016-11-13 09:00:00,50.1,49.07,9.58,-8.13,25.99
2016-11-13 09:30:00,56.36,55.25,0.22,-17.88,23.96
2016-11-13 10:00:00,59.21,58.27,-8.84,-13.84,23.93
2016-11-13 10:30:00,56.6,56.18,-38.29,21.68,15.0
2016-11-13 11:00:00,58.71,58.3,-29.75,-70.07,13.61
2016-11-13 11:30:00,60.32,61.29,-38.69,-55.93,4.98
2016-11-13 12:00:00,54.1,54.97,-3.65,-41.6,20.82
2016-11-13 12:30:00,51.83,53.35,-28.79,-66.61,8.6
2016-11-13 13:00:00,55.95,57.78,-45.34,-73.17,13.07
2016-11-13 13:30:00,47.46,51.11,-53.93,-57.87,-6.58
2016-11-13 14:00:00,48.68,55.57,-56.56,-32.73,19.9
2016-11-13 14:30:00,70.38,77.94,-50.82,-19.62,8.06
2016-11-13 15:00:00,74.92,88.3,-56.11,-14.09,4.53
2016-11-13 15:30:00,76.28,85.2,-36.46,-21.84,7.94
2016-11-13 16:00:00,75.91,91.56,-27.3,-8.03,26.16
2016-11-13 16:30:00,75.68,146.09,-45.0,3.62,10.39
2016-11-13 17:00:00,70.0,76.46,-35.81,3.57,9.96
2016-11-13 17:30:00,78.47,85.27,10.03,-2.5,10.28
2016-11-13 18:00:00,76.2,82.98,9.57,0.24,9.85
2016-11-13 18:30:00,65.63,71.42,9.35,-8.68,9.42
2016-11-13 19:00:00,95.59,102.24,9.16,8.94,9.2
2016-11-13 19:30:00,66.18,70.48,10.08,9.67,9.85
2016-11-13 20:00:00,68.05,69.9,9.82,10.18,9.42
2016-11-13 20:30:00,67.89,69.85,11.12,17.46,16.97
2016-11-13 21:00:00,62.53,64.27,10.89,28.78,16.98
2016-11-13 21:30:00,45.17,46.03,11.93,19.57,21.86
2016-11-13 22:00:00,30.4,30.97,10.23,18.91,17.28
2016-11-13 22:30:00,84.19,87.64,-43.81,-40.95,6.24
2016-11-13 23:00:00,54.98,56.46,-18.33,-5.73,-17.43
2016-11-13 23:30:00,75.79,74.82,-13.19,-54.56,-13.12
2016-11-14 00:00:00,128.48,117.68,6.39,2.22,6.09
2016-11-14 00:30:00,43.45,41.81,17.78,10.89,11.44
2016-11-14 01:00:00,34.59,34.8,19.06,12.41,17.56
2016-11-14 01:30:00,28.46,28.43,27.04,25.94,24.74
2016-11-14 02:00:00,26.59,26.4,46.19,22.24,16.2
2016-11-14 02:30:00,26.91,26.27,22.83,22.37,16.19
2016-11-14 03:00:00,28.35,27.29,17.2,17.17,19.92
2016-11-14 03:30:00,29.09,28.28,17.22,17.19,20.15
2016-11-14 04:00:00,32.35,31.34,25.77,25.32,22.84
2016-11-14 04:30:00,42.25,41.12,33.67,33.34,16.2
2016-11-14 05:00:00,42.88,41.86,29.54,26.33,21.01
2016-11-14 05:30:00,53.67,51.25,47.64,42.79,31.29
2016-11-14 06:00:00,136.33,131.85,132.82,51.76,120.73
2016-11-14 06:30:00,83.54,81.58,83.56,88.62,75.75
2016-11-14 07:00:00,135.93,132.89,282.14,127.4,121.76
2016-11-14 07:30:00,61.55,61.02,279.09,108.54,55.03
2016-11-14 08:00:00,68.16,67.96,174.31,116.1,60.84
2016-11-14 08:30:00,61.17,60.7,61.78,117.73,53.95
2016-11-14 09:00:00,72.81,71.42,73.95,115.0,63.12
2016-11-14 09:30:00,102.0,98.59,101.22,63.49,67.22
2016-11-14 10:00:00,64.74,62.23,64.5,43.15,45.69
2016-11-14 10:30:00,68.3,64.91,69.99,37.51,39.98
2016-11-14 11:00:00,67.54,64.45,89.57,37.56,39.84
2016-11-14 11:30:00,65.98,63.87,124.99,34.05,36.06
2016-11-14 12:00:00,108.5,102.26,98.63,42.23,44.19
2016-11-14 12:30:00,118.85,111.02,117.49,43.24,44.92
2016-11-14 13:00:00,61.93,59.44,102.49,28.89,30.8
2016-11-14 13:30:00,60.49,58.8,85.51,34.19,33.75
2016-11-14 14:00:00,64.74,63.97,2342.76,8.68,5.54
2016-11-14 14:30:00,60.63,61.15,13.67,11.64,12.35
2016-11-14 15:00:00,66.7,69.13,26.87,21.56,22.58
2016-11-14 15:30:00,64.48,68.56,24.6,20.18,20.96
2016-11-14 16:00:00,79.08,83.73,38.69,40.96,28.9
2016-11-14 16:30:00,89.38,95.3,41.74,58.69,34.83
2016-11-14 17:00:00,117.62,124.37,41.06,85.4,34.48
2016-11-14 17:30:00,79.45,84.12,58.85,77.73,50.34
2016-11-14 18:00:00,79.73,84.12,53.98,84.33,37.86
2016-11-14 18:30:00,60.58,64.37,64.24,63.51,45.94
2016-11-14 19:00:00,96.81,101.56,218.32,81.08,71.47
2016-11-14 19:30:00,76.8,81.48,259.29,64.03,66.8
2016-11-14 20:00:00,89.85,91.29,207.47,72.9,72.81
2016-11-14 20:30:00,90.36,91.57,271.34,65.1,41.37
2016-11-14 21:00:00,63.33,63.68,157.02,44.67,19.19
2016-11-14 21:30:00,58.21,56.86,183.45,69.19,15.86
2016-11-14 22:00:00,51.97,50.38,64.85,12.28,28.13
2016-11-14 22:30:00,247.08,226.5,168.24,119.75,11.91
2016-11-14 23:00:00,263.02,239.25,191.68,135.87,10.5
2016-11-14 23:30:00,264.75,237.35,197.13,124.09,16.92
2016-11-15 00:00:00,195.86,172.12,158.98,97.91,23.03
2016-11-15 00:30:00,91.03,83.18,70.7,20.14,10.5
2016-11-15 01:00:00,156.34,138.93,118.7,60.28,10.5
2016-11-15 01:30:00,78.6,72.31,61.55,-0.61,10.46
2016-11-15 02:00:00,72.4,66.91,56.77,0.51,10.02
2016-11-15 02:30:00,59.14,56.2,59.99,42.16,9.32
2016-11-15 03:00:00,52.36,51.07,58.38,-10.13,9.2
2016-11-15 03:30:00,56.76,55.01,56.53,-4.44,-29.31
2016-11-15 04:00:00,57.74,54.58,59.99,10.14,9.2
2016-11-15 04:30:00,70.79,66.16,56.17,43.59,9.2
2016-11-15 05:00:00,76.39,72.02,59.56,23.55,11.05
2016-11-15 05:30:00,96.32,58.47,74.99,96.61,14.01
2016-11-15 06:00:00,299.7,77.62,236.05,199.13,11.35
2016-11-15 06:30:00,296.2,81.71,271.0,225.07,105.37
2016-11-15 07:00:00,289.41,99.08,262.52,157.12,107.57
2016-11-15 07:30:00,65.39,61.92,106.98,57.28,47.87
2016-11-15 08:00:00,61.21,55.62,62.21,36.74,37.75
2016-11-15 08:30:00,120.06,50.5,60.29,23.97,25.17
2016-11-15 09:00:00,85.21,61.13,60.04,19.31,20.3
2016-11-15 09:30:00,73.38,23.2,60.24,11.42,12.12
2016-11-15 10:00:00,78.35,50.51,59.99,12.99,13.76
2016-11-15 10:30:00,61.21,55.49,59.99,27.31,27.29
2016-11-15 11:00:00,61.21,67.81,59.99,33.04,24.2
2016-11-15 11:30:00,78.6,59.68,54.99,32.19,22.43
2016-11-15 12:00:00,72.8,64.63,50.9,34.93,28.61
2016-11-15 12:30:00,61.21,53.72,49.99,35.24,29.38
2016-11-15 13:00:00,61.21,96.1,50.75,31.89,31.59
2016-11-15 13:30:00,61.21,120.24,49.99,24.91,26.29
2016-11-15 14:00:00,61.21,144.24,34.0,14.29,15.18
2016-11-15 14:30:00,61.17,163.63,12.79,9.71,10.28
2016-11-15 15:00:00,77.37,176.79,13.06,9.9,10.5
2016-11-15 15:30:00,66.08,200.7,29.32,16.37,14.3
2016-11-15 16:00:00,179.27,211.18,49.99,20.98,16.2
2016-11-15 16:30:00,63.3,294.15,49.99,27.76,22.98
2016-11-15 17:00:00,71.85,72.4,49.99,30.4,28.51
2016-11-15 17:30:00,73.46,75.16,49.09,28.95,25.74
2016-11-15 18:00:00,67.83,68.39,49.99,28.52,24.9
2016-11-15 18:30:00,52.38,55.21,49.99,30.36,27.06
2016-11-15 19:00:00,121.43,125.07,52.47,37.89,34.19
2016-11-15 19:30:00,174.02,176.4,52.44,41.77,34.95
2016-11-15 20:00:00,96.41,99.68,59.6,48.15,50.84
2016-11-15 20:30:00,81.07,86.58,56.28,45.03,47.58
2016-11-15 21:00:00,50.38,53.36,49.92,37.3,37.86
2016-11-15 21:30:00,51.03,53.53,34.52,24.73,12.85
2016-11-15 22:00:00,45.5,46.84,26.62,21.19,10.5
2016-11-15 22:30:00,156.75,154.13,12.43,4.37,66.17
2016-11-15 23:00:00,81.92,81.09,13.41,7.79,39.12
2016-11-15 23:30:00,79.11,77.13,4.27,1.68,35.3
2016-11-16 00:00:00,66.4,62.67,38.26,26.49,17.46
2016-11-16 00:30:00,73.49,68.21,55.56,111.12,10.67
2016-11-16 01:00:00,62.31,58.6,49.0,349.11,10.15
2016-11-16 01:30:00,55.99,53.22,44.81,76.19,11.32
2016-11-16 02:00:00,52.67,51.37,41.49,17.27,10.48
2016-11-16 02:30:00,48.39,47.01,38.12,19.39,10.46
2016-11-16 03:00:00,49.24,47.55,38.51,21.44,10.4
2016-11-16 03:30:00,49.0,46.55,38.47,24.13,10.42
2016-11-16 04:00:00,52.48,49.37,41.32,30.68,10.5
2016-11-16 04:30:00,61.96,57.12,48.0,40.41,10.5
2016-11-16 05:00:00,64.6,59.56,50.09,47.28,10.5
2016-11-16 05:30:00,85.55,75.26,65.25,66.29,11.42
2016-11-16 06:00:00,132.26,116.29,98.78,98.59,10.41
2016-11-16 06:30:00,98.99,90.15,88.35,85.41,57.31
2016-11-16 07:00:00,70.89,67.25,71.72,59.12,66.76
2016-11-16 07:30:00,54.16,51.32,45.83,39.7,40.5
2016-11-16 08:00:00,53.87,51.82,49.99,41.06,43.62
2016-11-16 08:30:00,60.37,56.57,51.33,39.71,42.34
2016-11-16 09:00:00,63.51,58.8,49.99,37.44,39.87
2016-11-16 09:30:00,75.62,70.19,49.99,29.79,31.75
2016-11-16 10:00:00,91.54,83.74,47.35,31.04,33.25
2016-11-16 10:30:00,90.49,82.59,48.1,35.96,38.52
2016-11-16 11:00:00,79.73,73.16,49.69,37.17,39.88
2016-11-16 11:30:00,71.98,66.72,49.94,32.79,35.26
2016-11-16 12:00:00,61.18,57.94,51.48,37.86,40.27
2016-11-16 12:30:00,67.34,65.86,59.38,46.78,50.74
2016-11-16 13:00:00,73.57,72.9,59.44,47.13,51.11
2016-11-16 13:30:00,78.6,77.73,58.51,46.36,50.36
2016-11-16 14:00:00,83.35,84.52,63.38,48.73,53.17
2016-11-16 14:30:00,75.88,76.28,68.86,52.54,57.43
2016-11-16 15:00:00,76.21,77.51,66.14,50.0,54.8
2016-11-16 15:30:00,81.19,82.79,82.55,62.52,68.27
2016-11-16 16:00:00,72.15,76.57,76.64,58.41,63.19
2016-11-16 16:30:00,62.63,67.56,66.52,50.03,53.81
2016-11-16 17:00:00,60.63,65.34,103.32,42.03,45.08
2016-11-16 17:30:00,60.75,67.45,210.48,40.48,38.48
2016-11-16 18:00:00,60.91,64.74,1909.8,33.14,33.61
2016-11-16 18:30:00,50.93,55.25,131.13,38.65,39.77
2016-11-16 19:00:00,65.63,72.89,227.13,51.85,46.11
2016-11-16 19:30:00,78.77,84.39,82.49,64.13,66.8
2016-11-16 20:00:00,79.49,84.97,95.27,86.46,67.97
2016-11-16 20:30:00,52.13,61.23,49.91,69.13,36.6
2016-11-16 21:00:00,50.1,54.39,41.75,39.12,23.44
2016-11-16 21:30:00,53.21,55.04,43.97,222.54,22.12
2016-11-16 22:00:00,51.78,51.43,43.14,41.45,19.71
2016-11-16 22:30:00,121.17,119.54,87.3,90.57,13.93
2016-11-16 23:00:00,86.17,85.7,65.9,66.91,16.15
2016-11-16 23:30:00,74.2,72.71,55.89,58.48,16.15
2016-11-17 00:00:00,75.66,70.91,57.92,60.28,16.15
2016-11-17 00:30:00,56.8,53.18,43.9,45.01,16.15
2016-11-17 01:00:00,55.45,52.45,42.75,43.46,16.15
2016-11-17 01:30:00,42.97,40.04,33.91,34.12,16.16
2016-11-17 02:00:00,41.95,38.32,32.85,32.9,15.96
2016-11-17 02:30:00,50.4,47.72,37.91,38.35,16.16
2016-11-17 03:00:00,42.31,40.32,25.23,24.76,16.06
2016-11-17 03:30:00,43.95,42.35,17.31,16.46,15.93
2016-11-17 04:00:00,50.43,48.96,16.97,16.58,16.04
2016-11-17 04:30:00,40.06,37.6,17.16,16.71,16.15
2016-11-17 05:00:00,45.71,42.83,29.84,30.57,16.15
2016-11-17 05:30:00,58.21,54.06,42.41,44.45,16.15
2016-11-17 06:00:00,72.24,66.56,51.03,58.13,14.99
2016-11-17 06:30:00,54.85,50.72,28.78,15.75,39.75
2016-11-17 07:00:00,138.07,132.13,45.28,9.08,140.34
2016-11-17 07:30:00,59.3,58.02,21.0,15.81,18.8
2016-11-17 08:00:00,61.21,59.41,27.57,-0.86,22.8
2016-11-17 08:30:00,62.67,60.11,33.52,1.91,25.74
2016-11-17 09:00:00,97.28,91.36,37.05,1.02,25.2
2016-11-17 09:30:00,74.42,69.05,27.09,0.28,21.57
2016-11-17 10:00:00,73.73,68.17,11.65,0.94,10.5
2016-11-17 10:30:00,70.3,64.91,13.68,12.41,12.14
2016-11-17 11:00:00,63.67,58.78,25.82,17.44,20.19
2016-11-17 11:30:00,60.95,56.17,24.78,15.72,18.4
2016-11-17 12:00:00,66.67,61.88,18.45,13.84,16.2
2016-11-17 12:30:00,70.3,65.65,20.23,15.13,20.09
2016-11-17 13:00:00,73.33,68.55,38.61,18.8,23.16
2016-11-17 13:30:00,94.79,88.9,53.0,15.87,22.63
2016-11-17 14:00:00,76.97,72.54,88.69,29.93,23.04
2016-11-17 14:30:00,76.26,73.44,77.76,27.5,36.99
2016-11-17 15:00:00,73.83,71.3,40.44,17.0,34.48
2016-11-17 15:30:00,61.75,60.84,49.42,32.89,24.98
2016-11-17 16:00:00,73.7,74.55,44.31,31.86,29.18
2016-11-17 16:30:00,82.85,84.39,61.89,46.68,49.03
2016-11-17 17:00:00,81.55,82.37,99.86,47.38,50.5
2016-11-17 17:30:00,75.4,77.3,138.82,46.56,49.35
2016-11-17 18:00:00,72.58,73.85,94.67,46.14,48.86
2016-11-17 18:30:00,56.23,58.37,51.52,43.04,45.62
2016-11-17 19:00:00,75.6,80.93,46.61,37.13,39.54
2016-11-17 19:30:00,87.93,92.54,51.76,37.63,37.49
2016-11-17 20:00:00,79.93,83.23,64.91,41.29,38.61
2016-11-17 20:30:00,66.64,68.87,70.35,37.25,26.51
2016-11-17 21:00:00,81.34,81.02,58.17,39.39,17.41
2016-11-17 21:30:00,76.63,73.36,57.31,43.72,26.5
2016-11-17 22:00:00,54.83,52.57,51.56,16.85,20.82
2016-11-17 22:30:00,102.14,101.6,61.83,35.59,21.89
2016-11-17 23:00:00,79.09,78.35,51.26,38.71,21.36
2016-11-17 23:30:00,71.97,69.84,54.89,16.02,32.9
2016-11-18 00:00:00,65.96,61.9,62.54,18.96,46.34
2016-11-18 00:30:00,60.27,55.78,57.87,32.08,18.02
2016-11-18 01:00:00,55.05,51.49,56.45,31.63,16.36
2016-11-18 01:30:00,45.63,42.24,58.08,29.49,15.87
2016-11-18 02:00:00,48.41,45.93,59.13,30.87,16.16
2016-11-18 02:30:00,48.5,46.2,59.02,29.74,16.15
2016-11-18 03:00:00,47.73,45.4,52.29,29.1,16.16
2016-11-18 03:30:00,47.82,45.72,48.01,30.36,17.84
2016-11-18 04:00:00,50.33,48.6,44.63,29.59,16.18
2016-11-18 04:30:00,56.77,52.28,54.3,32.16,16.62
2016-11-18 05:00:00,59.92,54.72,56.36,31.39,17.74
2016-11-18 05:30:00,77.08,68.95,72.6,32.59,12.43
2016-11-18 06:00:00,98.09,87.3,91.41,52.04,15.68
2016-11-18 06:30:00,79.03,73.28,76.38,49.42,47.4
2016-11-18 07:00:00,128.14,120.66,89.93,73.5,80.35
2016-11-18 07:30:00,57.31,54.47,56.14,39.39,37.19
2016-11-18 08:00:00,61.21,58.33,59.99,41.07,42.39
2016-11-18 08:30:00,62.67,59.82,61.3,43.22,46.26
2016-11-18 09:00:00,62.51,58.2,65.19,45.28,47.22
2016-11-18 09:30:00,116.43,105.41,70.13,51.35,56.45
2016-11-18 10:00:00,191.99,152.76,67.91,47.06,48.64
2016-11-18 10:30:00,166.3,142.6,61.72,44.65,49.45
2016-11-18 11:00:00,161.03,132.07,60.98,44.65,48.07
2016-11-18 11:30:00,206.12,105.64,58.1,42.95,47.37
2016-11-18 12:00:00,258.74,147.96,52.89,41.4,45.4
2016-11-18 12:30:00,299.6,76.81,51.98,40.55,44.53
2016-11-18 13:00:00,299.8,79.14,53.27,40.38,44.46
2016-11-18 13:30:00,299.67,98.98,52.39,38.54,42.21
2016-11-18 14:00:00,299.67,163.97,49.99,30.65,27.73
2016-11-18 14:30:00,309.23,123.01,42.78,26.26,14.62
2016-11-18 15:00:00,2942.11,147.99,27.06,8.71,9.41
2016-11-18 15:30:00,11700.63,208.35,49.89,12.15,13.02
2016-11-18 16:00:00,3259.13,250.5,49.52,13.98,14.92
2016-11-18 16:30:00,587.87,193.69,17.37,10.34,11.01
2016-11-18 17:00:00,122.83,106.54,28.1,18.11,19.36
2016-11-18 17:30:00,58.51,53.5,61.54,48.51,52.31
2016-11-18 18:00:00,72.79,66.23,57.41,44.76,48.23
2016-11-18 18:30:00,62.0,56.78,51.15,37.36,39.33
2016-11-18 19:00:00,128.07,116.91,60.67,47.23,50.99
2016-11-18 19:30:00,192.22,170.36,64.37,44.43,34.38
2016-11-18 20:00:00,130.35,114.99,54.67,41.4,39.26
2016-11-18 20:30:00,105.71,92.74,48.76,34.42,27.7
2016-11-18 21:00:00,74.5,66.84,36.64,28.09,24.27
2016-11-18 21:30:00,63.97,58.53,34.21,26.66,13.52
2016-11-18 22:00:00,56.03,52.02,39.98,27.53,16.16
2016-11-18 22:30:00,110.35,106.22,80.82,46.02,16.15
2016-11-18 23:00:00,71.27,70.91,58.32,31.07,12.38
2016-11-18 23:30:00,61.11,60.13,39.19,26.74,19.46
2016-11-19 00:00:00,69.02,64.93,59.18,34.37,16.16
2016-11-19 00:30:00,39.33,37.39,39.78,24.11,16.15
2016-11-19 01:00:00,35.68,34.27,49.99,24.27,15.55
2016-11-19 01:30:00,28.62,27.46,44.35,18.62,15.09
2016-11-19 02:00:00,29.98,28.51,39.13,41.68,15.79
2016-11-19 02:30:00,31.57,30.45,35.89,12.39,16.15
2016-11-19 03:00:00,31.01,30.39,35.83,10.51,16.15
2016-11-19 03:30:00,30.66,30.19,36.44,9.77,16.16
2016-11-19 04:00:00,31.58,31.07,37.73,14.98,16.15
2016-11-19 04:30:00,31.52,30.6,38.9,17.11,16.15
2016-11-19 05:00:00,31.64,30.62,41.47,17.83,16.15
2016-11-19 05:30:00,28.74,26.59,28.95,14.27,16.06
2016-11-19 06:00:00,30.82,27.96,30.17,19.03,16.15
2016-11-19 06:30:00,30.84,28.14,22.74,6.99,16.64
2016-11-19 07:00:00,36.92,33.2,27.33,11.84,18.15
2016-11-19 07:30:00,43.86,39.14,33.31,21.09,20.29
2016-11-19 08:00:00,45.06,40.26,43.17,29.39,38.53
2016-11-19 08:30:00,42.87,38.48,27.61,18.3,29.27
2016-11-19 09:00:00,43.24,39.79,13.98,9.5,23.73
2016-11-19 09:30:00,40.09,37.34,15.85,12.93,21.15
2016-11-19 10:00:00,38.68,35.7,13.16,9.49,20.57
2016-11-19 10:30:00,37.27,34.57,13.22,9.45,20.61
2016-11-19 11:00:00,36.87,34.42,14.94,10.64,21.11
2016-11-19 11:30:00,37.58,35.39,23.53,18.02,25.52
2016-11-19 12:00:00,37.32,35.09,29.57,23.01,28.18
2016-11-19 12:30:00,35.85,33.41,29.08,22.41,27.26
2016-11-19 13:00:00,31.44,30.21,30.66,23.79,25.34
2016-11-19 13:30:00,33.66,32.02,32.4,22.56,20.08
2016-11-19 14:00:00,36.51,34.65,36.99,25.77,23.73
2016-11-19 14:30:00,40.24,38.31,41.34,25.83,20.49
2016-11-19 15:00:00,39.55,37.82,42.41,27.18,23.42
2016-11-19 15:30:00,38.73,37.95,42.55,32.66,25.2
2016-11-19 16:00:00,44.71,45.27,49.97,34.91,25.89
2016-11-19 16:30:00,49.06,49.61,51.61,64.71,18.88
2016-11-19 17:00:00,50.18,51.58,56.65,52.76,22.64
2016-11-19 17:30:00,47.38,50.0,56.16,35.24,30.26
2016-11-19 18:00:00,46.08,48.53,52.23,36.18,34.45
2016-11-19 18:30:00,44.95,47.86,50.71,32.84,28.29
2016-11-19 19:00:00,49.65,53.95,49.84,31.57,23.19
2016-11-19 19:30:00,48.0,52.42,48.95,35.17,32.58
2016-11-19 20:00:00,44.28,47.71,47.39,37.5,39.85
2016-11-19 20:30:00,41.14,43.56,43.53,35.47,37.52
2016-11-19 21:00:00,34.31,35.37,34.49,29.55,30.7
2016-11-19 21:30:00,30.84,30.67,30.4,28.0,27.33
2016-11-19 22:00:00,32.53,31.89,37.07,28.04,29.03
2016-11-19 22:30:00,49.07,50.08,55.46,44.4,43.8
2016-11-19 23:00:00,38.22,39.2,49.34,34.91,35.08
2016-11-19 23:30:00,56.41,57.88,56.36,50.06,51.86
2016-11-20 00:00:00,35.57,36.14,35.59,31.43,32.28
2016-11-20 00:30:00,34.32,34.01,36.5,22.99,18.06
2016-11-20 01:00:00,29.75,29.29,38.05,22.13,14.63
2016-11-20 01:30:00,28.11,27.36,34.33,25.81,23.89
2016-11-20 02:00:00,30.1,29.25,31.22,17.35,21.68
2016-11-20 02:30:00,30.51,29.97,36.2,17.66,22.26
2016-11-20 03:00:00,30.08,29.81,34.82,18.24,23.88
2016-11-20 03:30:00,31.38,31.31,31.85,22.62,21.1
2016-11-20 04:00:00,30.69,30.6,26.01,17.65,14.61
2016-11-20 04:30:00,32.78,31.77,20.8,15.22,13.79
2016-11-20 05:00:00,25.7,23.92,18.74,15.0,15.92
2016-11-20 05:30:00,29.96,27.42,16.94,14.49,11.11
2016-11-20 06:00:00,29.96,26.95,22.39,19.88,17.47
2016-11-20 06:30:00,32.54,28.76,32.65,22.91,18.58
2016-11-20 07:00:00,34.89,30.65,49.99,30.64,28.5
2016-11-20 07:30:00,35.78,31.24,53.32,39.55,24.7
2016-11-20 08:00:00,39.47,35.13,103.32,50.71,33.71
2016-11-20 08:30:00,39.59,35.88,140.82,49.85,34.84
2016-11-20 09:00:00,34.11,31.53,40.14,31.37,30.66
2016-11-20 09:30:00,44.83,40.8,49.99,41.73,40.79
2016-11-20 10:00:00,44.06,40.02,50.01,53.97,40.3
2016-11-20 10:30:00,38.31,34.83,47.7,33.53,30.29
2016-11-20 11:00:00,37.1,33.38,42.1,31.24,32.43
2016-11-20 11:30:00,44.95,40.69,49.99,37.15,41.08
2016-11-20 12:00:00,45.58,41.17,52.05,32.67,42.18
2016-11-20 12:30:00,49.88,45.52,56.18,33.54,46.01
2016-11-20 13:00:00,47.5,43.58,55.4,51.07,43.11
2016-11-20 13:30:00,52.72,48.74,59.63,103.58,30.79
2016-11-20 14:00:00,57.51,54.08,65.12,94.59,52.8
2016-11-20 14:30:00,65.41,61.71,98.46,89.76,63.8
2016-11-20 15:00:00,64.18,61.43,97.7,61.86,64.29
2016-11-20 15:30:00,74.41,72.64,104.85,73.87,76.02
2016-11-20 16:00:00,72.86,72.35,107.19,94.48,73.14
2016-11-20 16:30:00,64.66,66.34,89.35,94.56,63.65
2016-11-20 17:00:00,69.61,71.68,110.42,94.53,69.16
2016-11-20 17:30:00,66.58,69.16,84.74,94.6,66.99
2016-11-20 18:00:00,70.05,72.13,149.85,95.52,72.0
2016-11-20 18:30:00,60.92,62.51,86.25,99.11,61.79
2016-11-20 19:00:00,101.5,106.53,141.76,94.65,98.18
2016-11-20 19:30:00,89.81,91.96,123.78,94.56,84.94
2016-11-20 20:00:00,96.97,100.17,206.62,99.21,91.73
2016-11-20 20:30:00,69.4,72.92,227.49,94.58,48.02
2016-11-20 21:00:00,50.98,53.44,220.19,58.72,42.65
2016-11-20 21:30:00,37.01,36.61,180.75,23.88,28.69
2016-11-20 22:00:00,34.25,33.0,54.99,30.44,28.05
2016-11-20 22:30:00,38.24,37.35,52.15,31.65,25.2
2016-11-20 23:00:00,35.35,34.81,47.01,34.99,25.2
2016-11-20 23:30:00,36.07,36.34,38.58,9.56,31.82
2016-11-21 00:00:00,38.43,37.13,41.69,12.8,34.18
2016-11-21 00:30:00,38.55,36.22,45.68,25.53,24.98
2016-11-21 01:00:00,35.08,32.56,38.91,18.08,13.39
2016-11-21 01:30:00,28.43,26.23,28.24,20.59,20.52
2016-11-21 02:00:00,24.47,22.44,20.43,10.63,11.17
2016-11-21 02:30:00,25.43,23.21,20.22,15.07,16.08
2016-11-21 03:00:00,15.45,14.07,15.19,13.69,13.18
2016-11-21 03:30:00,16.15,14.9,11.48,10.62,11.8
2016-11-21 04:00:00,30.81,19.31,12.45,10.9,15.75
2016-11-21 04:30:00,30.79,18.56,18.21,17.25,21.07
2016-11-21 05:00:00,31.6,15.08,20.57,18.25,22.8
2016-11-21 05:30:00,32.27,-155.28,22.53,20.41,24.63
2016-11-21 06:00:00,29.08,26.73,25.67,25.53,25.12
2016-11-21 06:30:00,40.28,36.83,39.83,39.08,37.33
2016-11-21 07:00:00,44.67,40.31,46.67,43.23,42.07
2016-11-21 07:30:00,40.89,39.25,44.46,38.94,37.5
2016-11-21 08:00:00,52.87,51.95,59.11,56.1,48.71
2016-11-21 08:30:00,58.91,55.51,65.41,64.33,56.31
2016-11-21 09:00:00,64.4,59.74,82.92,88.11,63.36
2016-11-21 09:30:00,59.11,56.08,66.86,61.75,57.9
2016-11-21 10:00:00,59.91,56.42,63.25,60.82,57.67
2016-11-21 10:30:00,58.2,54.94,59.89,60.16,56.61
2016-11-21 11:00:00,50.46,48.31,53.88,51.25,49.73
2016-11-21 11:30:00,51.87,50.16,54.72,52.13,50.92
2016-11-21 12:00:00,56.43,54.33,56.87,56.85,55.54
2016-11-21 12:30:00,65.81,62.62,70.51,63.49,67.08
2016-11-21 13:00:00,96.02,87.51,108.67,94.8,101.95
2016-11-21 13:30:00,61.17,56.67,73.37,97.94,66.81
2016-11-21 14:00:00,71.48,67.4,83.56,85.92,75.72
2016-11-21 14:30:00,72.86,69.39,84.84,92.58,75.38
2016-11-21 15:00:00,77.78,73.41,87.68,96.7,80.04
2016-11-21 15:30:00,81.74,76.82,88.03,90.27,84.33
2016-11-21 16:00:00,76.29,73.21,80.06,94.62,77.97
2016-11-21 16:30:00,74.71,73.1,82.79,88.87,78.23
2016-11-21 17:00:00,66.98,67.49,73.63,88.89,70.16
2016-11-21 17:30:00,51.03,54.28,55.74,88.91,50.97
2016-11-21 18:00:00,42.51,49.84,45.57,110.53,39.6
2016-11-21 18:30:00,57.05,59.47,59.99,61.21,54.99
2016-11-21 19:00:00,58.42,62.9,63.1,54.39,57.44
2016-11-21 19:30:00,73.34,77.56,83.46,94.98,72.67
2016-11-21 20:00:00,51.3,54.58,59.05,89.91,51.35
2016-11-21 20:30:00,44.23,47.42,54.15,79.85,43.57
2016-11-21 21:00:00,35.71,37.76,48.88,29.7,35.41
2016-11-21 21:30:00,38.01,38.07,51.52,27.91,37.79
2016-11-21 22:00:00,34.68,33.94,48.76,26.48,34.83
2016-11-21 22:30:00,50.37,49.48,62.4,36.95,49.1
2016-11-21 23:00:00,34.96,33.87,48.27,29.13,34.36
2016-11-21 23:30:00,35.63,34.96,42.78,16.61,36.55
2016-11-22 00:00:00,36.48,34.62,46.32,10.83,38.58
2016-11-22 00:30:00,33.17,30.87,44.15,23.98,34.35
2016-11-22 01:00:00,33.75,30.66,45.55,27.26,34.94
2016-11-22 01:30:00,32.48,29.41,39.19,34.04,32.76
2016-11-22 02:00:00,33.39,30.02,40.06,34.63,33.44
2016-11-22 02:30:00,31.15,28.81,35.58,32.13,30.64
2016-11-22 03:00:00,32.84,30.56,38.48,34.21,32.6
2016-11-22 03:30:00,29.55,28.24,34.29,30.66,29.14
2016-11-22 04:00:00,29.96,28.74,34.28,30.6,29.24
2016-11-22 04:30:00,29.94,28.03,36.69,31.3,29.78
2016-11-22 05:00:00,29.28,26.87,49.13,32.05,30.38
2016-11-22 05:30:00,31.68,29.2,49.99,28.28,33.2
2016-11-22 06:00:00,32.61,30.14,53.37,28.61,35.41
2016-11-22 06:30:00,31.71,30.6,55.2,29.07,34.08
2016-11-22 07:00:00,38.35,37.64,54.41,37.53,39.18
2016-11-22 07:30:00,30.07,30.76,38.02,24.13,27.27
2016-11-22 08:00:00,33.59,33.95,51.0,23.12,29.74
2016-11-22 08:30:00,43.61,44.21,59.56,38.2,39.72
2016-11-22 09:00:00,40.8,40.94,50.13,38.16,37.19
2016-11-22 09:30:00,47.89,48.07,60.35,53.37,43.71
2016-11-22 10:00:00,54.76,54.01,91.99,64.3,50.66
2016-11-22 10:30:00,62.33,60.24,86.5,66.36,56.34
2016-11-22 11:00:00,82.4,77.31,275.84,78.48,74.67
2016-11-22 11:30:00,99.92,98.05,299.84,80.78,88.57
2016-11-22 12:00:00,85.35,80.89,123.64,99.14,72.75
2016-11-22 12:30:00,89.76,84.38,234.0,99.14,69.32
2016-11-22 13:00:00,71.54,67.56,128.67,96.87,62.03
2016-11-22 13:30:00,88.21,83.47,117.9,99.13,76.13
2016-11-22 14:00:00,113.95,106.86,104.42,99.15,53.34
2016-11-22 14:30:00,133.27,119.58,-184.53,57.14,-289.19
2016-11-22 15:00:00,91.61,82.27,79.65,33.79,36.08
2016-11-22 15:30:00,56.85,54.86,44.05,27.74,28.78
2016-11-22 16:00:00,219.09,208.48,109.52,82.89,82.81
2016-11-22 16:30:00,60.46,59.88,60.6,89.47,53.03
2016-11-22 17:00:00,76.08,77.55,63.08,97.94,61.26
2016-11-22 17:30:00,80.38,83.13,80.29,91.4,70.37
2016-11-22 18:00:00,57.13,59.41,72.32,99.13,49.44
2016-11-22 18:30:00,51.68,55.46,86.03,72.25,45.51
2016-11-22 19:00:00,47.18,70.03,58.02,27.93,41.42
2016-11-22 19:30:00,44.02,58.86,59.99,31.3,37.64
2016-11-22 20:00:00,36.45,55.33,44.44,27.15,30.94
2016-11-22 20:30:00,32.82,51.53,39.43,23.25,27.28
2016-11-22 21:00:00,33.83,51.71,49.75,23.4,28.65
2016-11-22 21:30:00,32.73,38.66,43.14,16.2,25.79
2016-11-22 22:00:00,33.09,38.36,31.64,14.83,22.33
2016-11-22 22:30:00,51.58,58.67,47.86,43.63,41.84
2016-11-22 23:00:00,44.41,118.1,42.19,39.78,38.55
2016-11-22 23:30:00,44.09,56.48,41.48,41.37,39.9
2016-11-23 00:00:00,45.64,48.48,46.58,44.23,42.68
2016-11-23 00:30:00,50.4,52.16,60.81,47.48,45.54
2016-11-23 01:00:00,48.49,49.95,57.67,42.89,39.05
2016-11-23 01:30:00,40.75,41.05,45.56,31.69,26.14
2016-11-23 02:00:00,39.42,39.17,45.94,30.16,24.65
2016-11-23 02:30:00,39.39,39.31,44.44,29.35,23.73
2016-11-23 03:00:00,40.23,41.14,36.33,30.58,25.2
2016-11-23 03:30:00,43.46,44.72,36.05,31.0,24.11
2016-11-23 04:00:00,45.28,47.09,38.82,27.97,18.57
2016-11-23 04:30:00,45.4,47.07,39.07,46.0,26.85
2016-11-23 05:00:00,45.22,45.36,43.98,45.07,31.02
2016-11-23 05:30:00,49.88,50.69,49.99,68.25,46.32
2016-11-23 06:00:00,48.77,48.73,51.13,62.7,45.16
2016-11-23 06:30:00,65.1,66.67,63.93,95.38,60.18
2016-11-23 07:00:00,77.37,81.35,77.09,93.74,72.58
2016-11-23 07:30:00,46.75,50.37,58.08,43.34,42.08
2016-11-23 08:00:00,47.71,52.29,56.21,44.6,43.39
2016-11-23 08:30:00,47.74,54.8,50.04,46.69,44.7
2016-11-23 09:00:00,49.73,96.75,50.02,85.22,45.91
2016-11-23 09:30:00,53.78,133.14,52.66,93.45,48.76
2016-11-23 10:00:00,78.34,85.48,71.75,95.39,69.7
2016-11-23 10:30:00,69.24,139.25,61.49,91.56,60.74
2016-11-23 11:00:00,57.64,99.69,51.23,72.1,49.67
2016-11-23 11:30:00,68.42,73.73,52.74,73.88,50.6
2016-11-23 12:00:00,63.67,69.92,47.16,36.97,45.68
2016-11-23 12:30:00,91.31,103.91,61.31,53.17,58.89
2016-11-23 13:00:00,198.4,215.09,74.74,72.6,71.87
2016-11-23 13:30:00,77.47,84.03,69.88,76.57,68.58
2016-11-23 14:00:00,56.67,62.05,52.17,60.63,49.64
2016-11-23 14:30:00,52.65,59.38,46.24,44.32,43.9
2016-11-23 15:00:00,52.2,57.06,47.7,43.4,45.55
2016-11-23 15:30:00,37.77,103.57,34.28,32.56,33.02
2016-11-23 16:00:00,40.49,155.51,36.57,32.47,34.94
2016-11-23 16:30:00,38.09,144.57,31.74,29.17,30.13
2016-11-23 17:00:00,46.01,147.69,22.88,11.34,20.09
2016-11-23 17:30:00,45.22,54.35,15.99,11.32,10.88
2016-11-23 18:00:00,52.43,58.24,44.42,39.69,39.45
2016-11-23 18:30:00,45.24,55.35,45.0,37.19,37.65
2016-11-23 19:00:00,55.58,68.9,49.99,44.8,46.05
2016-11-23 19:30:00,56.97,63.9,50.14,45.18,48.22
2016-11-23 20:00:00,60.91,67.65,53.65,49.78,52.68
2016-11-23 20:30:00,56.37,61.74,51.44,47.68,49.72
2016-11-23 21:00:00,47.45,54.28,49.3,42.82,42.55
2016-11-23 21:30:00,49.22,54.07,46.58,42.66,42.49
2016-11-23 22:00:00,32.59,38.1,29.31,28.84,27.69
2016-11-23 22:30:00,38.95,46.76,29.8,29.92,26.27
2016-11-23 23:00:00,51.45,55.67,36.14,26.22,13.43
2016-11-23 23:30:00,51.86,55.26,31.97,34.03,24.74
2016-11-24 00:00:00,42.13,42.91,34.01,34.17,29.58
2016-11-24 00:30:00,49.47,49.34,41.1,26.3,13.74
2016-11-24 01:00:00,44.08,43.72,41.32,21.19,10.28
2016-11-24 01:30:00,37.55,36.46,28.67,22.88,15.03
2016-11-24 02:00:00,35.39,33.97,26.93,19.03,10.42
2016-11-24 02:30:00,32.36,31.16,23.09,17.98,10.5
2016-11-24 03:00:00,31.11,30.6,27.59,17.69,10.79
2016-11-24 03:30:00,34.2,33.71,28.88,19.47,11.74
2016-11-24 04:00:00,40.28,39.71,35.87,21.21,11.1
2016-11-24 04:30:00,43.91,43.14,45.92,24.9,14.41
2016-11-24 05:00:00,41.9,41.05,49.58,26.18,15.49
2016-11-24 05:30:00,49.63,48.47,57.54,42.6,37.55
2016-11-24 06:00:00,54.21,50.66,63.03,69.69,51.48
2016-11-24 06:30:00,80.51,77.63,82.7,84.05,76.29
2016-11-24 07:00:00,83.82,82.83,91.61,85.11,83.17
2016-11-24 07:30:00,59.95,61.36,77.1,56.73,55.39
2016-11-24 08:00:00,59.3,62.35,70.81,54.18,53.16
2016-11-24 08:30:00,59.14,62.77,62.14,48.73,51.84
2016-11-24 09:00:00,56.37,61.01,59.99,43.9,48.6
2016-11-24 09:30:00,60.0,65.91,60.33,42.77,51.7
2016-11-24 10:00:00,57.8,63.22,61.19,40.42,51.83
2016-11-24 10:30:00,61.62,68.64,62.49,15.49,53.58
2016-11-24 11:00:00,58.4,96.79,64.41,39.88,51.66
2016-11-24 11:30:00,51.62,61.38,59.99,24.89,45.44
2016-11-24 12:00:00,55.51,60.66,61.12,35.91,47.58
2016-11-24 12:30:00,54.07,59.04,62.28,34.51,46.55
2016-11-24 13:00:00,54.04,59.7,61.25,37.78,46.49
2016-11-24 13:30:00,73.14,83.65,72.97,54.74,59.63
2016-11-24 14:00:00,62.86,70.71,53.63,13.18,41.97
2016-11-24 14:30:00,64.98,71.91,51.65,12.64,43.51
2016-11-24 15:00:00,55.5,61.34,49.89,13.15,39.28
2016-11-24 15:30:00,57.96,62.41,51.66,12.71,41.82
2016-11-24 16:00:00,65.34,72.79,51.69,14.67,46.27
2016-11-24 16:30:00,57.49,63.63,49.99,12.71,42.14
2016-11-24 17:00:00,53.99,59.29,49.99,12.71,41.97
2016-11-24 17:30:00,46.38,55.92,42.84,31.7,38.97
2016-11-24 18:00:00,42.1,50.96,31.83,28.75,29.13
2016-11-24 18:30:00,40.77,49.82,35.76,28.84,26.87
2016-11-24 19:00:00,48.7,63.11,49.99,39.19,38.9
2016-11-24 19:30:00,50.03,67.93,49.99,40.77,40.81
2016-11-24 20:00:00,46.08,54.76,48.78,39.02,39.65
2016-11-24 20:30:00,44.96,49.66,50.24,37.56,38.14
2016-11-24 21:00:00,43.36,46.99,53.33,35.48,37.5
2016-11-24 21:30:00,46.44,48.63,54.34,37.05,33.17
2016-11-24 22:00:00,35.91,36.54,45.06,27.41,23.7
2016-11-24 22:30:00,97.09,94.87,51.41,36.42,11.45
2016-11-24 23:00:00,59.84,60.23,47.0,25.89,10.5
2016-11-24 23:30:00,50.54,52.42,31.64,22.7,23.79
2016-11-25 00:00:00,47.61,47.37,35.35,21.38,20.84
2016-11-25 00:30:00,43.8,42.48,35.75,19.28,11.45
2016-11-25 01:00:00,40.42,38.55,38.89,18.21,12.18
2016-11-25 01:30:00,33.26,31.66,29.81,16.4,11.44
2016-11-25 02:00:00,32.82,31.43,28.99,16.6,9.84
2016-11-25 02:30:00,33.49,33.11,30.28,15.43,9.98
2016-11-25 03:00:00,31.44,31.19,26.97,16.68,9.7
2016-11-25 03:30:00,34.02,34.06,28.9,17.57,9.72
2016-11-25 04:00:00,32.58,32.69,26.19,18.06,11.15
2016-11-25 04:30:00,37.82,36.39,29.4,19.46,10.5
2016-11-25 05:00:00,36.4,35.14,25.78,19.53,10.94
2016-11-25 05:30:00,42.13,40.81,25.84,23.3,28.36
2016-11-25 06:00:00,38.73,38.83,32.1,61.66,21.86
2016-11-25 06:30:00,53.42,54.92,51.08,70.79,48.74
2016-11-25 07:00:00,57.37,59.17,56.88,17.64,52.86
2016-11-25 07:30:00,51.07,55.0,48.22,22.91,38.6
2016-11-25 08:00:00,52.94,56.34,35.37,12.2,31.82
2016-11-25 08:30:00,53.12,56.44,38.22,12.65,32.09
2016-11-25 09:00:00,56.75,60.46,38.37,16.4,34.67
2016-11-25 09:30:00,57.48,61.31,36.6,13.51,34.83
2016-11-25 10:00:00,62.14,65.89,39.02,14.17,37.22
2016-11-25 10:30:00,52.78,55.67,30.06,9.48,31.29
2016-11-25 11:00:00,53.14,56.06,23.17,9.77,31.29
2016-11-25 11:30:00,54.83,57.5,28.03,9.69,32.13
2016-11-25 12:00:00,57.98,62.09,29.04,19.43,33.14
2016-11-25 12:30:00,54.61,58.78,39.25,34.44,32.38
2016-11-25 13:00:00,62.98,67.82,47.85,17.66,36.76
2016-11-25 13:30:00,56.87,61.01,41.58,13.08,33.86
2016-11-25 14:00:00,57.62,63.07,38.87,13.49,34.04
2016-11-25 14:30:00,53.17,58.28,34.94,21.8,31.61
2016-11-25 15:00:00,63.68,70.94,43.14,16.12,36.53
2016-11-25 15:30:00,59.12,73.67,39.11,25.34,34.46
2016-11-25 16:00:00,59.87,75.19,43.82,41.33,25.68
2016-11-25 16:30:00,57.34,69.27,36.06,43.58,25.21
2016-11-25 17:00:00,62.55,69.26,42.7,43.24,24.35
2016-11-25 17:30:00,48.99,55.66,40.24,100.11,13.35
2016-11-25 18:00:00,48.29,52.98,37.04,52.06,25.06
2016-11-25 18:30:00,45.81,50.23,34.22,9.83,24.53
2016-11-25 19:00:00,49.81,54.64,35.22,9.83,27.29
2016-11-25 19:30:00,51.56,55.92,34.72,29.28,27.03
2016-11-25 20:00:00,58.35,63.1,50.69,32.37,47.66
2016-11-25 20:30:00,54.58,59.31,53.04,36.2,46.09
2016-11-25 21:00:00,42.99,47.07,44.91,35.55,35.87
2016-11-25 21:30:00,40.13,42.19,35.91,33.62,32.49
2016-11-25 22:00:00,32.28,33.5,24.87,11.17,21.09
2016-11-25 22:30:00,81.78,82.49,42.49,19.73,15.4
2016-11-25 23:00:00,44.17,44.21,37.24,14.77,14.29
2016-11-25 23:30:00,53.86,54.32,34.95,9.77,23.94
2016-11-26 00:00:00,48.15,47.37,42.82,9.73,34.15
2016-11-26 00:30:00,43.46,41.83,42.18,13.92,20.76
2016-11-26 01:00:00,37.27,35.02,44.46,28.27,23.46
2016-11-26 01:30:00,34.09,31.66,32.32,22.15,16.23
2016-11-26 02:00:00,35.25,32.25,27.87,22.2,16.18
2016-11-26 02:30:00,32.96,30.6,25.15,21.31,16.15
2016-11-26 03:00:00,27.9,26.16,20.13,19.36,15.94
2016-11-26 03:30:00,31.12,29.45,22.43,20.36,16.18
2016-11-26 04:00:00,29.47,28.14,22.19,18.89,14.4
2016-11-26 04:30:00,32.81,30.76,26.64,11.04,16.15
2016-11-26 05:00:00,33.13,30.6,29.58,15.2,21.59
2016-11-26 05:30:00,31.74,29.78,28.98,10.26,25.66
2016-11-26 06:00:00,32.58,29.9,30.05,15.8,28.01
2016-11-26 06:30:00,37.21,34.23,35.3,24.42,32.2
2016-11-26 07:00:00,56.23,52.28,52.05,40.95,49.75
2016-11-26 07:30:00,42.75,40.65,47.07,29.61,27.97
2016-11-26 08:00:00,48.94,46.93,49.99,32.06,24.08
2016-11-26 08:30:00,58.13,56.42,52.94,22.41,18.09
2016-11-26 09:00:00,57.31,56.29,55.28,20.21,16.4
2016-11-26 09:30:00,60.43,59.48,59.75,19.2,16.4
2016-11-26 10:00:00,55.05,53.26,59.33,17.49,18.27
2016-11-26 10:30:00,56.41,55.03,48.89,25.96,32.46
2016-11-26 11:00:00,56.6,55.56,49.89,17.57,25.84
2016-11-26 11:30:00,55.65,54.78,58.42,17.6,22.23
2016-11-26 12:00:00,55.81,55.46,60.43,14.6,19.83
2016-11-26 12:30:00,50.59,49.63,59.05,10.82,19.04
2016-11-26 13:00:00,50.77,49.59,56.01,10.37,16.77
2016-11-26 13:30:00,55.6,55.02,59.99,10.35,10.99
2016-11-26 14:00:00,55.79,55.55,59.2,10.27,16.93
2016-11-26 14:30:00,55.75,55.67,59.53,10.33,18.8
2016-11-26 15:00:00,58.82,58.61,59.29,10.65,18.79
2016-11-26 15:30:00,60.76,61.45,62.39,13.58,17.54
2016-11-26 16:00:00,61.49,61.26,63.4,16.88,16.18
2016-11-26 16:30:00,57.15,56.54,60.11,22.06,16.2
2016-11-26 17:00:00,66.36,66.39,64.7,27.71,16.75
2016-11-26 17:30:00,70.02,70.89,70.94,33.47,23.14
2016-11-26 18:00:00,64.27,64.57,69.53,25.32,21.91
2016-11-26 18:30:00,60.06,60.5,60.05,24.98,26.51
2016-11-26 19:00:00,64.63,66.33,62.21,30.65,26.15
2016-11-26 19:30:00,59.0,59.74,59.99,41.26,33.01
2016-11-26 20:00:00,58.7,58.53,60.32,35.54,52.39
2016-11-26 20:30:00,55.68,55.67,59.99,14.55,49.76
2016-11-26 21:00:00,55.8,55.62,57.64,17.14,36.65
2016-11-26 21:30:00,56.62,55.82,53.23,11.7,24.35
2016-11-26 22:00:00,44.1,42.46,38.91,15.56,18.28
2016-11-26 22:30:00,92.54,91.71,57.99,34.9,17.07
2016-11-26 23:00:00,47.04,46.74,41.28,12.19,17.45
2016-11-26 23:30:00,53.99,53.45,49.12,9.75,42.91
2016-11-27 00:00:00,49.47,47.38,56.71,6.5,46.26
2016-11-27 00:30:00,41.66,38.64,53.7,20.5,22.26
2016-11-27 01:00:00,37.3,33.9,52.01,22.17,17.03
2016-11-27 01:30:00,37.77,33.91,49.99,25.67,17.72
2016-11-27 02:00:00,39.79,35.61,50.53,21.11,14.07
2016-11-27 02:30:00,34.14,30.79,49.99,20.04,21.16
2016-11-27 03:00:00,33.14,30.02,41.9,16.32,15.25
2016-11-27 03:30:00,30.35,27.65,36.73,19.06,16.2
2016-11-27 04:00:00,30.39,27.72,34.88,23.14,20.36
2016-11-27 04:30:00,32.74,29.55,36.71,14.58,18.22
2016-11-27 05:00:00,31.25,28.11,38.12,15.05,18.14
2016-11-27 05:30:00,29.28,26.04,34.66,9.78,22.41
2016-11-27 06:00:00,30.75,27.27,38.02,8.01,22.04
2016-11-27 06:30:00,33.39,29.6,44.51,-0.08,25.97
2016-11-27 07:00:00,43.54,38.01,57.95,11.97,26.43
2016-11-27 07:30:00,41.57,36.59,59.56,24.17,32.45
2016-11-27 08:00:00,39.73,35.27,60.36,9.82,35.85
2016-11-27 08:30:00,47.31,42.41,78.06,27.05,42.48
2016-11-27 09:00:00,55.33,50.37,79.99,41.32,49.57
2016-11-27 09:30:00,59.5,54.98,82.5,43.93,53.76
2016-11-27 10:00:00,55.44,51.03,79.99,48.78,49.85
2016-11-27 10:30:00,55.33,51.15,80.06,48.23,49.36
2016-11-27 11:00:00,49.08,44.9,81.37,44.33,42.03
2016-11-27 11:30:00,45.37,41.48,79.99,61.27,34.63
2016-11-27 12:00:00,50.07,45.8,79.15,43.94,28.6
2016-11-27 12:30:00,54.15,49.13,75.98,42.64,33.0
2016-11-27 13:00:00,54.29,48.91,74.92,37.21,28.31
2016-11-27 13:30:00,56.49,52.09,77.2,36.64,27.45
2016-11-27 14:00:00,56.66,53.19,79.99,36.71,27.58
2016-11-27 14:30:00,58.59,55.7,80.24,37.68,27.55
2016-11-27 15:00:00,61.87,59.47,82.85,40.24,29.55
2016-11-27 15:30:00,59.89,58.99,101.01,43.03,37.52
2016-11-27 16:00:00,62.29,62.53,108.53,51.83,52.13
2016-11-27 16:30:00,62.14,63.11,120.17,54.64,57.34
2016-11-27 17:00:00,64.83,65.83,212.49,58.08,60.42
2016-11-27 17:30:00,59.79,60.84,154.16,54.06,56.04
2016-11-27 18:00:00,59.39,60.34,120.73,54.73,55.77
2016-11-27 18:30:00,58.3,59.28,103.27,54.21,54.6
2016-11-27 19:00:00,63.32,66.19,100.42,57.72,58.53
2016-11-27 19:30:00,59.37,61.86,82.16,58.16,54.25
2016-11-27 20:00:00,60.12,61.25,79.99,53.17,54.88
2016-11-27 20:30:00,56.35,57.45,79.99,53.66,51.73
2016-11-27 21:00:00,49.06,49.82,79.99,49.29,44.52
2016-11-27 21:30:00,39.72,38.09,77.14,44.74,36.24
2016-11-27 22:00:00,37.46,35.04,55.06,12.27,32.27
2016-11-27 22:30:00,46.03,43.43,54.1,9.82,28.86
2016-11-27 23:00:00,39.84,38.31,48.41,9.82,29.41
2016-11-27 23:30:00,54.87,53.85,56.94,9.81,51.06
2016-11-28 00:00:00,57.58,53.93,151.88,9.81,56.42
2016-11-28 00:30:00,46.21,42.42,80.65,9.82,44.27
2016-11-28 01:00:00,37.91,34.18,79.99,16.79,33.64
2016-11-28 01:30:00,38.83,34.61,69.99,13.52,27.53
2016-11-28 02:00:00,38.14,34.16,73.32,9.8,22.09
2016-11-28 02:30:00,37.47,33.65,55.53,18.67,25.2
2016-11-28 03:00:00,37.32,33.23,52.94,14.64,24.64
2016-11-28 03:30:00,39.69,35.23,59.36,21.91,25.15
2016-11-28 04:00:00,37.47,33.04,37.99,20.12,25.2
2016-11-28 04:30:00,47.23,41.6,40.34,10.28,25.4
2016-11-28 05:00:00,41.13,36.02,42.54,10.28,35.55
2016-11-28 05:30:00,48.46,42.98,52.05,34.26,43.79
2016-11-28 06:00:00,61.47,53.46,59.5,42.94,29.26
2016-11-28 06:30:00,73.47,66.13,82.12,60.12,73.89
2016-11-28 07:00:00,112.61,107.74,119.69,102.27,109.75
2016-11-28 07:30:00,66.37,64.41,71.95,99.45,61.01
2016-11-28 08:00:00,88.03,83.13,99.87,82.02,83.61
2016-11-28 08:30:00,98.34,92.23,111.78,94.48,93.01
2016-11-28 09:00:00,80.54,73.95,91.94,71.1,75.16
2016-11-28 09:30:00,85.11,78.41,95.89,77.66,78.58
2016-11-28 10:00:00,69.95,64.31,77.36,60.75,63.88
2016-11-28 10:30:00,68.62,63.61,72.57,97.1,61.96
2016-11-28 11:00:00,83.06,76.57,85.01,102.59,74.12
2016-11-28 11:30:00,74.09,68.65,78.18,103.84,67.27
2016-11-28 12:00:00,71.38,67.15,73.69,107.24,64.2
2016-11-28 12:30:00,73.49,70.32,74.8,76.52,65.77
2016-11-28 13:00:00,78.75,76.32,77.91,105.02,69.5
2016-11-28 13:30:00,67.73,66.76,66.3,68.65,59.54
2016-11-28 14:00:00,78.11,78.15,74.95,65.47,67.75
2016-11-28 14:30:00,109.71,107.71,103.78,84.98,89.94
2016-11-28 15:00:00,117.25,112.63,109.98,89.8,95.83
2016-11-28 15:30:00,134.05,127.45,105.33,85.66,91.91
2016-11-28 16:00:00,119.05,111.05,102.36,84.34,89.8
2016-11-28 16:30:00,121.16,112.51,107.36,89.59,94.95
2016-11-28 17:00:00,100.43,95.08,96.74,81.65,86.0
2016-11-28 17:30:00,93.9,88.41,94.32,82.78,82.19
2016-11-28 18:00:00,94.82,87.87,95.48,92.39,82.52
2016-11-28 18:30:00,79.68,75.93,83.1,75.67,70.81
2016-11-28 19:00:00,91.01,88.93,92.68,78.5,80.4
2016-11-28 19:30:00,93.94,92.14,94.65,79.38,81.29
2016-11-28 20:00:00,75.75,74.88,79.99,65.22,66.21
2016-11-28 20:30:00,82.75,83.72,90.7,69.79,73.03
2016-11-28 21:00:00,68.63,68.63,80.22,49.35,62.15
2016-11-28 21:30:00,57.29,55.37,68.91,40.42,51.69
2016-11-28 22:00:00,52.44,49.64,60.51,28.51,47.35
2016-11-28 22:30:00,70.62,67.84,75.56,46.17,63.14
2016-11-28 23:00:00,79.93,79.68,84.83,72.19,73.41
2016-11-28 23:30:00,68.59,68.58,75.59,65.35,66.55
2016-11-29 00:00:00,71.92,68.26,89.44,71.9,73.48
2016-11-29 00:30:00,61.85,57.19,79.99,62.42,63.62
2016-11-29 01:00:00,55.79,51.29,79.89,55.83,56.86
2016-11-29 01:30:00,60.22,54.97,79.99,60.42,61.76
2016-11-29 02:00:00,61.02,55.5,79.99,62.38,63.99
2016-11-29 02:30:00,60.9,55.22,79.99,61.41,63.05
2016-11-29 03:00:00,59.16,53.64,79.01,60.62,60.62
2016-11-29 03:30:00,51.55,47.04,78.66,63.83,52.96
2016-11-29 04:00:00,57.39,52.19,79.99,85.05,58.89
2016-11-29 04:30:00,63.86,56.85,81.67,94.43,65.82
2016-11-29 05:00:00,65.03,57.55,81.38,94.12,65.65
2016-11-29 05:30:00,78.42,69.62,99.38,51.62,81.54
2016-11-29 06:00:00,95.07,82.67,117.04,74.12,97.06
2016-11-29 06:30:00,103.8,91.3,123.92,93.08,103.59
2016-11-29 07:00:00,87.38,79.17,105.07,94.47,87.83
2016-11-29 07:30:00,71.04,66.02,81.2,94.47,66.52
2016-11-29 08:00:00,90.37,83.42,101.18,110.07,84.6
2016-11-29 08:30:00,106.33,99.26,118.57,117.87,99.82
2016-11-29 09:00:00,89.14,82.85,99.34,113.96,84.99
2016-11-29 09:30:00,87.11,80.92,97.58,94.47,82.69
2016-11-29 10:00:00,85.46,77.51,84.72,95.36,62.97
2016-11-29 10:30:00,109.77,98.49,99.16,106.16,55.6
2016-11-29 11:00:00,105.25,93.37,123.38,98.7,108.66
2016-11-29 11:30:00,94.06,85.05,98.89,70.76,77.63
2016-11-29 12:00:00,105.54,95.47,88.4,53.87,41.08
2016-11-29 12:30:00,167.22,150.38,128.63,89.36,41.05
2016-11-29 13:00:00,149.09,135.71,153.54,120.79,36.67
2016-11-29 13:30:00,178.34,164.52,189.53,117.87,16.98
2016-11-29 14:00:00,142.2,137.33,142.63,120.53,72.71
2016-11-29 14:30:00,102.51,101.83,100.79,118.76,88.17
2016-11-29 15:00:00,74.17,76.43,64.66,117.87,45.65
2016-11-29 15:30:00,77.97,81.01,73.78,117.87,66.79
2016-11-29 16:00:00,83.07,87.59,81.95,94.45,79.31
2016-11-29 16:30:00,78.19,82.28,76.16,94.46,70.7
2016-11-29 17:00:00,57.36,58.87,59.85,94.47,52.07
2016-11-29 17:30:00,59.53,60.15,63.61,172.73,55.1
2016-11-29 18:00:00,58.17,60.38,62.4,55.34,54.05
2016-11-29 18:30:00,56.07,58.32,63.45,53.66,52.4
2016-11-29 19:00:00,62.96,67.26,70.35,58.47,57.43
2016-11-29 19:30:00,60.98,65.38,68.68,57.29,55.99
2016-11-29 20:00:00,57.96,61.67,67.09,55.19,54.23
2016-11-29 20:30:00,61.59,66.37,78.89,55.46,57.89
2016-11-29 21:00:00,56.97,60.21,79.89,49.78,54.12
2016-11-29 21:30:00,52.25,54.33,77.7,40.48,45.64
2016-11-29 22:00:00,43.49,43.88,155.83,23.61,28.01
2016-11-29 22:30:00,93.42,94.51,128.06,56.98,45.35
2016-11-29 23:00:00,93.31,95.37,105.27,69.34,16.75
2016-11-29 23:30:00,57.57,57.35,75.17,10.36,50.96
2016-11-30 00:00:00,59.17,57.34,94.73,59.77,59.55
2016-11-30 00:30:00,55.61,52.83,79.99,39.03,23.37
2016-11-30 01:00:00,55.88,51.71,79.99,55.95,17.94
2016-11-30 01:30:00,47.65,44.3,94.99,41.76,16.75
2016-11-30 02:00:00,53.66,49.18,79.99,48.23,25.47
2016-11-30 02:30:00,58.29,53.19,79.99,50.17,20.09
2016-11-30 03:00:00,61.86,56.04,80.25,51.77,16.3
2016-11-30 03:30:00,64.63,57.86,89.88,53.93,16.2
2016-11-30 04:00:00,58.03,51.89,94.99,48.97,16.2
2016-11-30 04:30:00,62.88,55.78,124.99,53.5,16.83
2016-11-30 05:00:00,56.23,51.01,79.99,49.33,19.57
2016-11-30 05:30:00,72.93,65.35,95.3,75.38,62.75
2016-11-30 06:00:00,82.18,73.51,112.1,87.56,82.32
2016-11-30 06:30:00,85.77,81.4,96.68,93.02,85.92
2016-11-30 07:00:00,97.69,91.28,123.74,98.61,99.62
2016-11-30 07:30:00,73.57,70.47,78.07,72.27,69.44
2016-11-30 08:00:00,68.78,66.01,69.29,66.4,63.76
2016-11-30 08:30:00,112.46,106.43,109.89,102.27,102.81
2016-11-30 09:00:00,128.17,121.32,147.72,109.27,116.77
2016-11-30 09:30:00,158.01,152.18,222.14,119.81,141.95
2016-11-30 10:00:00,108.35,100.1,147.29,98.36,98.64
2016-11-30 10:30:00,100.94,95.2,155.25,92.78,94.73
2016-11-30 11:00:00,114.55,110.91,4605.06,93.5,103.55
2016-11-30 11:30:00,96.24,95.11,327.08,79.49,86.04
2016-11-30 12:00:00,124.54,127.73,185.19,145.63,109.67
2016-11-30 12:30:00,121.47,125.36,123.08,2392.93,108.91
2016-11-30 13:00:00,159.83,161.35,155.38,115.39,140.34
2016-11-30 13:30:00,185.87,190.14,175.1,127.92,160.07
2016-11-30 14:00:00,141.19,148.07,128.84,117.89,117.97
2016-11-30 14:30:00,76.16,80.82,69.32,117.89,64.53
2016-11-30 15:00:00,140.32,144.38,125.89,107.06,121.45
2016-11-30 15:30:00,112.93,116.73,98.88,117.89,96.22
2016-11-30 16:00:00,71.71,73.86,65.48,117.89,62.12
2016-11-30 16:30:00,78.0,79.79,76.0,106.16,70.36
2016-11-30 17:00:00,93.4,92.84,91.77,89.33,86.42
2016-11-30 17:30:00,75.32,76.22,79.86,72.7,70.06
2016-11-30 18:00:00,85.07,85.18,91.31,84.46,80.9
2016-11-30 18:30:00,78.21,79.47,95.73,78.76,74.8
2016-11-30 19:00:00,89.25,92.06,114.2,89.2,84.55
2016-11-30 19:30:00,85.76,87.4,111.41,85.6,80.77
2016-11-30 20:00:00,84.91,85.24,103.34,87.68,81.64
2016-11-30 20:30:00,81.17,82.52,115.32,84.44,78.7
2016-11-30 21:00:00,59.02,61.33,83.9,61.31,57.03
2016-11-30 21:30:00,55.12,57.06,81.2,55.58,51.95
2016-11-30 22:00:00,48.79,50.36,79.99,47.82,45.31
2016-11-30 22:30:00,83.07,85.69,109.62,80.73,77.5
2016-11-30 23:00:00,69.01,72.09,98.05,69.02,65.46
2016-11-30 23:30:00,63.42,64.28,69.38,66.32,62.99
2016-12-01 00:00:00,59.96,57.11,137.29,66.52,62.78
2016-12-01 00:30:00,52.97,49.7,2507.3,52.84,45.74
2016-12-01 01:00:00,42.08,37.82,1963.32,31.78,9.85
2016-12-01 01:30:00,50.16,37.89,2373.3,40.01,10.21
2016-12-01 02:00:00,47.64,36.12,13766.58,85.6,10.24
2016-12-01 02:30:00,45.5,34.46,376.81,99.1,10.01
2016-12-01 03:00:00,51.77,45.27,5065.91,94.45,9.88
2016-12-01 03:30:00,49.34,46.52,6674.32,85.02,10.15
2016-12-01 04:00:00,49.34,39.81,2191.3,47.74,10.3
2016-12-01 04:30:00,55.08,52.95,53.35,79.0,10.49
2016-12-01 05:00:00,49.19,44.37,2083.63,94.43,10.5
2016-12-01 05:30:00,76.81,58.56,70.88,94.45,12.53
2016-12-01 06:00:00,69.79,61.47,99.8,72.05,56.19
2016-12-01 06:30:00,138.09,130.88,228.82,125.14,135.87
2016-12-01 07:00:00,121.49,119.76,245.67,87.06,113.94
2016-12-01 07:30:00,87.89,86.74,261.2,71.85,79.41
2016-12-01 08:00:00,68.15,66.24,292.78,58.17,60.71
2016-12-01 08:30:00,78.85,76.08,299.74,59.39,72.76
2016-12-01 09:00:00,82.19,78.87,299.69,60.55,76.18
2016-12-01 09:30:00,69.19,66.1,267.23,59.94,62.43
2016-12-01 10:00:00,65.28,62.24,2551.44,51.74,58.26
2016-12-01 10:30:00,48.78,49.38,9175.47,34.2,23.68
2016-12-01 11:00:00,61.55,60.57,-112.62,55.97,53.56
2016-12-01 11:30:00,68.77,67.29,65.39,60.56,59.73
2016-12-01 12:00:00,92.91,90.62,85.87,60.56,79.19
2016-12-01 12:30:00,74.1,71.01,100.76,61.98,64.82
2016-12-01 13:00:00,122.07,123.94,265.02,103.57,103.1
2016-12-01 13:30:00,147.29,151.88,268.53,120.12,126.79
2016-12-01 14:00:00,88.83,89.87,299.69,75.58,78.7
2016-12-01 14:30:00,84.86,91.59,322.73,79.67,64.13
2016-12-01 15:00:00,104.45,122.74,78.5,61.64,57.56
2016-12-01 15:30:00,56.66,72.66,59.99,60.55,48.61
2016-12-01 16:00:00,69.96,115.22,59.44,60.55,48.74
2016-12-01 16:30:00,73.51,86.54,79.99,73.22,62.86
2016-12-01 17:00:00,81.86,89.31,79.26,58.34,70.89
2016-12-01 17:30:00,82.02,89.01,80.24,65.4,69.24
2016-12-01 18:00:00,92.43,97.58,113.36,74.83,78.28
2016-12-01 18:30:00,90.9,97.0,216.88,82.83,80.76
2016-12-01 19:00:00,78.11,84.54,299.94,71.31,69.66
2016-12-01 19:30:00,80.08,86.27,299.94,71.42,69.93
2016-12-01 20:00:00,82.44,87.7,299.69,74.14,72.73
2016-12-01 20:30:00,70.48,74.65,135.16,64.94,62.72
2016-12-01 21:00:00,47.6,51.93,79.99,43.25,40.83
2016-12-01 21:30:00,45.64,50.72,116.61,38.19,27.12
2016-12-01 22:00:00,40.46,42.77,58.84,35.23,30.7
2016-12-01 22:30:00,91.68,98.96,70.01,55.66,38.66
2016-12-01 23:00:00,48.9,52.93,46.18,26.1,11.68
2016-12-01 23:30:00,44.04,48.08,34.15,25.09,20.02
2016-12-02 00:00:00,44.22,45.49,40.09,11.47,24.69
2016-12-02 00:30:00,49.16,48.29,66.23,81.73,24.11
2016-12-02 01:00:00,44.93,43.08,68.43,66.35,22.73
2016-12-02 01:30:00,46.21,43.17,60.86,44.9,18.04
2016-12-02 02:00:00,47.91,44.21,71.01,32.45,16.2
2016-12-02 02:30:00,51.67,48.58,66.12,33.59,16.2
2016-12-02 03:00:00,48.85,46.16,57.97,28.91,14.3
2016-12-02 03:30:00,48.9,46.13,55.02,27.0,12.3
2016-12-02 04:00:00,48.66,45.54,52.28,25.64,11.5
2016-12-02 04:30:00,55.76,52.06,59.99,54.8,16.43
2016-12-02 05:00:00,45.11,42.08,54.99,47.58,14.24
2016-12-02 05:30:00,40.98,36.69,51.28,74.88,30.39
2016-12-02 06:00:00,42.46,38.0,55.14,41.13,37.21
2016-12-02 06:30:00,58.94,55.76,68.68,60.49,57.34
2016-12-02 07:00:00,59.1,58.41,68.68,59.22,56.68
2016-12-02 07:30:00,46.29,46.13,62.19,43.84,41.85
2016-12-02 08:00:00,60.83,59.19,70.47,55.41,53.14
2016-12-02 08:30:00,57.95,56.95,64.6,51.35,49.32
2016-12-02 09:00:00,57.68,57.04,65.25,50.46,48.76
2016-12-02 09:30:00,63.37,64.38,75.23,56.39,53.98
2016-12-02 10:00:00,69.66,71.96,78.8,57.34,49.23
2016-12-02 10:30:00,74.11,76.5,79.99,67.82,65.51
2016-12-02 11:00:00,75.72,79.4,83.2,69.55,67.19
2016-12-02 11:30:00,81.33,86.42,79.94,64.11,65.51
2016-12-02 12:00:00,100.79,105.59,88.54,69.37,76.54
2016-12-02 12:30:00,71.11,75.28,58.92,34.89,53.54
2016-12-02 13:00:00,75.93,80.17,55.33,34.48,42.4
2016-12-02 13:30:00,76.1,80.43,57.06,34.48,47.83
2016-12-02 14:00:00,75.17,82.19,59.99,35.29,46.37
2016-12-02 14:30:00,113.59,124.9,70.59,39.43,72.72
2016-12-02 15:00:00,74.44,155.84,59.86,34.48,46.14
2016-12-02 15:30:00,66.81,196.23,58.96,33.49,41.03
2016-12-02 16:00:00,57.09,176.99,55.13,30.23,38.97
2016-12-02 16:30:00,102.22,177.61,62.05,29.34,62.72
2016-12-02 17:00:00,50.28,115.63,58.07,35.92,35.78
2016-12-02 17:30:00,49.84,102.37,61.07,77.44,46.26
2016-12-02 18:00:00,49.11,54.06,57.11,42.96,46.31
2016-12-02 18:30:00,46.11,49.94,57.32,39.98,33.88
2016-12-02 19:00:00,50.82,55.01,59.33,47.22,46.0
2016-12-02 19:30:00,60.57,67.55,62.48,55.31,52.97
2016-12-02 20:00:00,69.25,80.55,70.19,63.35,60.49
2016-12-02 20:30:00,56.42,61.95,58.15,52.06,49.81
2016-12-02 21:00:00,43.28,48.36,44.43,39.16,36.83
2016-12-02 21:30:00,43.94,46.74,38.28,32.4,24.74
2016-12-02 22:00:00,40.84,42.06,34.63,30.55,24.07
2016-12-02 22:30:00,138.18,144.48,78.88,64.96,20.7
2016-12-02 23:00:00,62.42,68.08,45.7,33.05,13.55
2016-12-02 23:30:00,55.22,58.88,45.79,44.88,37.96
2016-12-03 00:00:00,56.45,57.9,59.68,55.71,52.29
2016-12-03 00:30:00,44.22,44.7,43.16,38.74,31.72
2016-12-03 01:00:00,43.24,43.13,38.59,34.32,25.2
2016-12-03 01:30:00,45.09,44.07,36.87,35.08,25.33
2016-12-03 02:00:00,48.32,46.94,38.6,34.48,22.81
2016-12-03 02:30:00,47.76,45.9,35.6,51.02,21.16
2016-12-03 03:00:00,47.09,45.16,36.54,49.99,14.07
2016-12-03 03:30:00,46.38,44.06,32.83,46.13,13.04
2016-12-03 04:00:00,42.82,40.47,28.84,69.92,11.31
2016-12-03 04:30:00,50.5,47.61,37.09,64.04,11.45
2016-12-03 05:00:00,48.41,44.83,41.06,63.34,10.8
2016-12-03 05:30:00,48.67,45.07,41.65,89.13,10.44
2016-12-03 06:00:00,49.14,46.15,39.38,94.45,12.4
2016-12-03 06:30:00,49.29,47.47,39.08,94.45,21.44
2016-12-03 07:00:00,51.44,50.55,44.13,94.45,27.07
2016-12-03 07:30:00,59.37,58.32,53.35,94.45,26.95
2016-12-03 08:00:00,58.54,57.57,57.05,94.45,38.4
2016-12-03 08:30:00,60.17,61.16,65.62,94.45,47.26
2016-12-03 09:00:00,65.36,68.44,73.35,93.93,54.39
2016-12-03 09:30:00,62.29,65.83,69.81,69.1,52.1
2016-12-03 10:00:00,59.79,62.06,62.45,49.68,39.42
2016-12-03 10:30:00,59.22,61.47,66.06,94.42,53.44
2016-12-03 11:00:00,52.6,55.67,50.87,75.91,28.05
2016-12-03 11:30:00,56.27,58.81,52.39,34.48,16.2
2016-12-03 12:00:00,65.36,69.28,62.65,34.67,16.09
2016-12-03 12:30:00,69.95,75.09,67.9,51.72,21.25
2016-12-03 13:00:00,65.76,72.59,56.13,56.98,18.59
2016-12-03 13:30:00,68.65,75.3,53.27,54.93,19.26
2016-12-03 14:00:00,69.72,78.28,57.83,62.09,21.98
2016-12-03 14:30:00,61.82,78.11,51.92,59.06,24.02
2016-12-03 15:00:00,68.39,80.51,62.55,56.99,25.71
2016-12-03 15:30:00,76.78,90.0,77.53,59.68,27.91
2016-12-03 16:00:00,69.51,82.99,79.27,58.42,25.2
2016-12-03 16:30:00,71.45,89.23,82.01,44.87,25.2
2016-12-03 17:00:00,67.38,72.75,83.63,52.65,26.06
2016-12-03 17:30:00,57.55,62.23,79.99,47.47,34.51
2016-12-03 18:00:00,55.37,59.05,100.42,53.64,45.84
2016-12-03 18:30:00,58.11,63.06,87.53,59.95,56.3
2016-12-03 19:00:00,48.94,56.81,79.99,42.78,32.34
2016-12-03 19:30:00,44.96,51.05,79.99,41.0,26.16
2016-12-03 20:00:00,44.95,48.36,79.99,45.78,28.8
2016-12-03 20:30:00,44.1,47.32,79.99,45.54,26.32
2016-12-03 21:00:00,47.92,52.02,79.99,61.82,25.57
2016-12-03 21:30:00,42.39,46.51,55.1,47.75,19.51
2016-12-03 22:00:00,42.38,45.38,45.99,49.48,31.46
2016-12-03 22:30:00,49.8,59.49,55.04,51.68,46.67
2016-12-03 23:00:00,47.08,52.59,52.16,47.47,44.15
2016-12-03 23:30:00,42.76,45.53,44.37,88.44,40.86
2016-12-04 00:00:00,41.24,41.68,43.27,84.59,39.43
2016-12-04 00:30:00,48.84,47.87,71.36,79.55,46.93
2016-12-04 01:00:00,47.45,45.91,79.99,71.84,45.29
2016-12-04 01:30:00,44.59,42.95,70.76,62.42,41.01
2016-12-04 02:00:00,43.05,41.88,65.4,62.98,28.25
2016-12-04 02:30:00,43.54,41.96,54.44,58.78,25.2
2016-12-04 03:00:00,43.54,41.91,51.29,44.55,27.47
2016-12-04 03:30:00,43.54,41.44,46.04,41.0,25.2
2016-12-04 04:00:00,44.06,41.49,39.98,40.46,25.2
2016-12-04 04:30:00,45.27,41.97,41.01,33.94,18.85
2016-12-04 05:00:00,39.23,36.01,36.59,33.6,14.73
2016-12-04 05:30:00,31.31,28.63,21.17,34.19,16.84
2016-12-04 06:00:00,32.12,30.0,13.77,18.91,18.9
2016-12-04 06:30:00,30.82,29.11,21.89,22.56,22.46
2016-12-04 07:00:00,41.56,38.24,41.54,37.67,35.51
2016-12-04 07:30:00,46.19,42.69,55.16,33.91,25.53
2016-12-04 08:00:00,43.23,40.31,63.39,40.21,38.08
2016-12-04 08:30:00,45.71,43.73,76.53,43.26,40.91
2016-12-04 09:00:00,55.97,53.67,80.51,52.75,50.14
2016-12-04 09:30:00,55.78,54.28,265.14,51.79,50.15
2016-12-04 10:00:00,55.81,54.49,224.17,53.31,51.51
2016-12-04 10:30:00,61.55,60.13,304.99,59.99,58.09
2016-12-04 11:00:00,55.97,55.44,81.89,55.62,53.83
2016-12-04 11:30:00,56.01,55.61,82.55,55.53,53.75
2016-12-04 12:00:00,55.97,55.66,79.99,53.39,52.14
2016-12-04 12:30:00,56.83,56.95,79.99,52.24,51.69
2016-12-04 13:00:00,55.97,56.8,79.99,49.22,50.44
2016-12-04 13:30:00,68.81,72.82,80.03,58.17,61.22
2016-12-04 14:00:00,61.14,67.21,76.66,49.27,53.79
2016-12-04 14:30:00,61.16,82.35,77.08,48.9,51.65
2016-12-04 15:00:00,55.54,79.07,57.41,44.48,46.23
2016-12-04 15:30:00,74.28,85.88,79.99,57.79,60.51
2016-12-04 16:00:00,69.32,76.76,79.99,49.36,55.96
2016-12-04 16:30:00,81.26,89.33,79.99,62.86,66.52
2016-12-04 17:00:00,100.74,117.09,85.48,77.52,78.46
2016-12-04 17:30:00,115.59,171.05,87.82,81.84,81.32
2016-12-04 18:00:00,96.29,103.72,82.06,70.32,69.14
2016-12-04 18:30:00,70.89,76.58,79.99,60.72,59.25
2016-12-04 19:00:00,68.08,93.11,79.99,57.57,56.11
2016-12-04 19:30:00,88.93,102.42,106.91,74.75,72.98
2016-12-04 20:00:00,66.88,90.06,83.61,43.19,34.43
2016-12-04 20:30:00,66.83,73.64,79.99,29.42,10.5
2016-12-04 21:00:00,51.97,61.79,47.97,35.01,15.29
2016-12-04 21:30:00,44.25,54.72,17.6,30.19,23.11
2016-12-04 22:00:00,40.1,43.95,16.23,40.9,20.87
2016-12-04 22:30:00,83.19,94.74,29.97,31.79,38.9
2016-12-04 23:00:00,51.1,59.8,24.65,22.11,25.85
2016-12-04 23:30:00,44.44,48.42,16.5,15.28,23.34
2016-12-05 00:00:00,41.24,43.25,23.52,10.9,22.17
2016-12-05 00:30:00,44.77,45.45,60.21,21.33,16.29
2016-12-05 01:00:00,41.47,41.59,53.95,13.26,-83.6
2016-12-05 01:30:00,43.79,43.56,27.19,30.19,19.62
2016-12-05 02:00:00,41.49,40.94,-12.87,47.53,-9.99
2016-12-05 02:30:00,43.24,42.69,59.18,29.84,-15.11
2016-12-05 03:00:00,42.2,41.25,66.72,-16.45,5.5
2016-12-05 03:30:00,39.57,38.71,46.42,17.8,4.6
2016-12-05 04:00:00,40.0,37.99,54.84,4.21,9.2
2016-12-05 04:30:00,41.3,38.55,79.49,14.48,9.2
2016-12-05 05:00:00,42.24,39.8,79.99,29.8,10.26
2016-12-05 05:30:00,53.91,52.55,79.99,75.26,9.2
2016-12-05 06:00:00,45.57,45.67,69.99,28.32,10.16
2016-12-05 06:30:00,101.64,107.57,120.21,84.26,10.5
2016-12-05 07:00:00,219.37,231.13,201.63,287.62,16.15
2016-12-05 07:30:00,74.27,79.24,83.37,303.01,16.15
2016-12-05 08:00:00,93.41,98.8,82.94,105.36,25.2
2016-12-05 08:30:00,170.62,182.48,155.02,138.59,25.2
2016-12-05 09:00:00,96.16,100.59,89.33,104.43,25.2
2016-12-05 09:30:00,101.35,105.83,97.27,100.55,25.2
2016-12-05 10:00:00,145.69,148.7,138.77,123.2,25.2
2016-12-05 10:30:00,172.85,175.1,159.58,138.57,25.2
2016-12-05 11:00:00,158.46,153.75,159.35,293.32,25.2
2016-12-05 11:30:00,214.38,203.9,227.12,233.97,66.3
2016-12-05 12:00:00,154.05,148.65,152.94,109.52,32.65
2016-12-05 12:30:00,164.78,163.37,153.43,119.77,70.48
2016-12-05 13:00:00,153.21,153.17,138.42,98.3,42.22
2016-12-05 13:30:00,108.97,109.8,121.01,97.69,81.78
2016-12-05 14:00:00,213.29,215.29,260.41,123.76,184.85
2016-12-05 14:30:00,131.39,128.32,241.23,129.95,-156.69
2016-12-05 15:00:00,399.84,370.08,127.87,95.03,42.74
2016-12-05 15:30:00,193.7,181.62,270.83,52.44,36.07
2016-12-05 16:00:00,156.21,147.15,299.99,51.21,50.63
2016-12-05 16:30:00,165.53,165.13,183.32,53.37,50.49
2016-12-05 17:00:00,121.49,128.96,87.27,83.35,20.7
2016-12-05 17:30:00,61.61,99.01,79.99,95.77,19.75
2016-12-05 18:00:00,76.24,95.8,100.0,97.6,58.65
2016-12-05 18:30:00,62.51,89.12,79.99,48.32,29.27
2016-12-05 19:00:00,75.32,163.63,89.19,58.19,46.8
2016-12-05 19:30:00,61.01,129.03,66.68,82.78,47.09
2016-12-05 20:00:00,54.78,139.11,63.65,97.59,36.47
2016-12-05 20:30:00,57.49,114.13,81.81,97.59,32.16
2016-12-05 21:00:00,55.53,78.25,79.99,87.52,20.73
2016-12-05 21:30:00,54.88,70.87,75.93,34.04,13.69
2016-12-05 22:00:00,50.04,57.46,69.32,97.59,16.83
2016-12-05 22:30:00,94.45,100.41,72.26,64.93,16.16
2016-12-05 23:00:00,58.52,70.9,63.34,32.75,14.99
2016-12-05 23:30:00,53.74,63.13,39.68,31.05,16.18
2016-12-06 00:00:00,52.3,53.79,92.31,28.73,10.5
2016-12-06 00:30:00,55.52,55.46,71.49,28.94,10.38
2016-12-06 01:00:00,52.97,52.22,76.66,32.98,15.08
2016-12-06 01:30:00,52.49,50.94,67.41,63.54,15.77
2016-12-06 02:00:00,54.0,52.23,73.01,51.17,11.45
2016-12-06 02:30:00,49.97,48.65,60.04,39.47,10.5
2016-12-06 03:00:00,54.85,52.83,61.05,97.6,10.28
2016-12-06 03:30:00,53.67,51.86,58.12,97.6,11.27
2016-12-06 04:00:00,53.62,51.21,56.65,97.6,10.28
2016-12-06 04:30:00,50.79,49.27,56.47,36.34,12.61
2016-12-06 05:00:00,45.89,44.62,55.39,15.75,10.48
2016-12-06 05:30:00,57.78,55.75,77.95,35.86,18.83
2016-12-06 06:00:00,57.46,56.51,79.99,46.88,38.59
2016-12-06 06:30:00,93.56,94.09,110.6,92.9,87.97
2016-12-06 07:00:00,156.29,156.5,176.14,140.7,144.77
2016-12-06 07:30:00,95.02,97.26,107.49,96.1,86.46
2016-12-06 08:00:00,81.76,86.69,89.6,72.82,73.15
2016-12-06 08:30:00,85.87,90.32,81.73,51.3,48.54
2016-12-06 09:00:00,113.55,118.33,79.99,52.89,55.01
2016-12-06 09:30:00,102.65,109.11,81.24,66.21,64.83
2016-12-06 10:00:00,100.18,104.62,79.99,67.46,65.97
2016-12-06 10:30:00,84.01,88.22,80.58,63.14,66.77
2016-12-06 11:00:00,81.7,88.22,79.99,58.06,64.89
2016-12-06 11:30:00,78.69,85.34,85.55,62.62,70.14
2016-12-06 12:00:00,72.67,84.62,80.74,56.24,64.81
2016-12-06 12:30:00,58.41,87.33,70.07,44.09,51.8
2016-12-06 13:00:00,57.8,101.64,75.27,52.4,51.42
2016-12-06 13:30:00,89.29,103.8,72.55,58.06,55.99
2016-12-06 14:00:00,70.34,123.08,79.83,65.01,62.13
2016-12-06 14:30:00,56.52,131.78,62.81,52.53,50.01
2016-12-06 15:00:00,61.31,223.43,69.23,75.91,54.53
2016-12-06 15:30:00,100.45,197.32,79.94,67.18,64.23
2016-12-06 16:00:00,76.4,194.15,79.89,67.17,64.33
2016-12-06 16:30:00,56.94,351.33,78.38,54.19,51.82
2016-12-06 17:00:00,48.83,145.09,79.41,47.87,45.72
2016-12-06 17:30:00,54.16,141.85,79.99,52.88,50.63
2016-12-06 18:00:00,67.86,86.3,79.99,71.61,61.86
2016-12-06 18:30:00,53.97,91.27,79.99,87.76,48.8
2016-12-06 19:00:00,47.93,168.12,79.99,46.34,43.78
2016-12-06 19:30:00,45.76,80.9,79.99,45.03,42.15
2016-12-06 20:00:00,44.95,80.76,79.99,45.12,42.62
2016-12-06 20:30:00,46.13,78.0,79.99,46.66,44.73
2016-12-06 21:00:00,44.83,71.47,79.99,45.1,43.23
2016-12-06 21:30:00,46.17,59.8,79.94,45.42,43.17
2016-12-06 22:00:00,45.2,55.67,76.99,42.34,38.83
2016-12-06 22:30:00,47.03,75.04,79.99,44.83,39.7
2016-12-06 23:00:00,45.15,68.57,79.99,45.7,41.36
2016-12-06 23:30:00,44.96,61.8,54.63,47.06,44.92
2016-12-07 00:00:00,46.44,50.18,65.16,50.93,47.32
2016-12-07 00:30:00,44.98,47.51,77.22,45.86,40.87
2016-12-07 01:00:00,44.99,46.05,79.99,45.01,38.69
2016-12-07 01:30:00,44.1,44.42,71.29,45.03,36.43
2016-12-07 02:00:00,44.96,44.99,69.73,45.85,38.69
2016-12-07 02:30:00,44.95,44.87,65.03,45.03,25.2
2016-12-07 03:00:00,44.95,44.5,62.04,45.03,27.96
2016-12-07 03:30:00,44.8,44.46,57.5,45.03,30.65
2016-12-07 04:00:00,43.69,42.04,57.85,45.33,30.11
2016-12-07 04:30:00,54.99,52.5,77.08,97.59,35.63
2016-12-07 05:00:00,42.39,40.33,60.13,97.59,29.19
2016-12-07 05:30:00,50.36,48.64,70.11,33.02,40.11
2016-12-07 06:00:00,52.09,51.32,75.25,26.37,52.12
2016-12-07 06:30:00,51.08,52.45,75.64,29.33,51.42
2016-12-07 07:00:00,55.25,59.87,79.99,37.39,55.64
2016-12-07 07:30:00,46.28,55.66,72.08,29.56,44.59
2016-12-07 08:00:00,47.03,55.66,73.61,44.69,45.23
2016-12-07 08:30:00,58.4,69.61,79.89,46.23,55.2
2016-12-07 09:00:00,59.19,68.34,69.44,33.39,53.6
2016-12-07 09:30:00,49.24,56.42,54.68,46.1,44.8
2016-12-07 10:00:00,44.17,55.01,44.96,39.35,38.79
2016-12-07 10:30:00,48.06,55.35,45.76,39.55,40.34
2016-12-07 11:00:00,44.44,55.68,45.85,40.34,40.56
2016-12-07 11:30:00,53.09,58.64,52.69,45.81,46.68
2016-12-07 12:00:00,60.58,71.84,61.47,49.44,52.83
2016-12-07 12:30:00,56.31,76.18,61.77,47.93,52.98
2016-12-07 13:00:00,58.2,82.8,68.2,54.68,54.9
2016-12-07 13:30:00,56.65,87.64,79.87,53.4,54.01
2016-12-07 14:00:00,68.19,117.3,78.93,62.21,63.77
2016-12-07 14:30:00,65.49,79.42,78.61,58.86,61.17
2016-12-07 15:00:00,71.75,85.1,80.99,66.45,66.77
2016-12-07 15:30:00,69.96,89.12,79.71,66.61,65.74
2016-12-07 16:00:00,69.9,94.04,79.69,68.46,67.13
2016-12-07 16:30:00,65.95,102.89,77.44,65.15,63.58
2016-12-07 17:00:00,52.31,58.18,57.67,50.44,49.13
2016-12-07 17:30:00,46.46,51.24,52.39,44.83,43.62
2016-12-07 18:00:00,47.94,51.68,58.27,46.12,44.52
2016-12-07 18:30:00,45.14,48.99,56.12,44.0,42.37
2016-12-07 19:00:00,44.96,49.28,50.45,43.16,41.57
2016-12-07 19:30:00,44.96,51.47,49.5,42.41,40.77
2016-12-07 20:00:00,48.15,54.3,53.34,46.04,44.4
2016-12-07 20:30:00,44.29,49.61,50.27,41.95,40.51
2016-12-07 21:00:00,42.73,46.24,42.99,38.45,37.25
2016-12-07 21:30:00,41.19,42.7,39.81,36.84,35.5
2016-12-07 22:00:00,38.19,38.39,34.91,33.5,24.53
2016-12-07 22:30:00,53.4,54.93,40.54,97.6,27.8
2016-12-07 23:00:00,50.81,56.63,27.03,72.67,16.15
2016-12-07 23:30:00,43.1,49.11,23.71,47.73,16.37
2016-12-08 00:00:00,41.62,42.51,24.34,47.73,16.98
2016-12-08 00:30:00,42.37,42.78,23.95,47.73,9.97
2016-12-08 01:00:00,34.21,33.97,17.39,46.5,10.26
2016-12-08 01:30:00,29.32,28.72,15.77,45.27,10.29
2016-12-08 02:00:00,25.85,24.93,14.88,46.39,11.16
2016-12-08 02:30:00,17.37,16.72,8.83,46.09,11.24
2016-12-08 03:00:00,13.22,12.77,9.03,47.32,9.91
2016-12-08 03:30:00,19.85,19.21,9.19,46.5,12.71
2016-12-08 04:00:00,25.32,23.99,9.27,46.91,14.98
2016-12-08 04:30:00,27.51,25.66,9.63,46.5,16.08
2016-12-08 05:00:00,29.26,27.45,10.59,59.91,17.4
2016-12-08 05:30:00,33.04,30.65,12.35,51.6,19.92
2016-12-08 06:00:00,30.77,29.01,13.21,45.29,19.26
2016-12-08 06:30:00,38.11,37.29,31.33,36.9,31.4
2016-12-08 07:00:00,47.42,47.91,44.92,64.76,42.5
2016-12-08 07:30:00,43.69,45.29,38.67,82.75,36.64
2016-12-08 08:00:00,44.96,46.6,32.06,32.86,31.54
2016-12-08 08:30:00,49.98,52.83,40.0,42.25,40.35
2016-12-08 09:00:00,51.52,54.68,26.33,86.15,27.03
2016-12-08 09:30:00,52.62,55.68,24.07,62.78,25.65
2016-12-08 10:00:00,51.13,54.68,29.37,38.7,31.75
2016-12-08 10:30:00,50.46,53.77,36.37,53.23,38.97
2016-12-08 11:00:00,49.05,50.99,23.92,27.32,27.31
2016-12-08 11:30:00,53.14,56.64,18.38,21.23,22.55
2016-12-08 12:00:00,65.24,70.02,19.14,22.1,23.87
2016-12-08 12:30:00,75.48,80.02,11.13,25.37,15.18
2016-12-08 13:00:00,76.28,79.79,9.87,11.27,12.17
2016-12-08 13:30:00,67.78,71.32,9.59,10.92,12.0
2016-12-08 14:00:00,108.71,112.5,11.33,13.19,14.88
2016-12-08 14:30:00,57.79,60.49,10.47,11.87,24.46
2016-12-08 15:00:00,63.45,66.9,10.45,11.8,27.85
2016-12-08 15:30:00,70.19,74.52,18.93,19.3,33.04
2016-12-08 16:00:00,57.13,61.52,22.06,19.56,31.71
2016-12-08 16:30:00,49.96,56.49,27.82,29.68,33.33
2016-12-08 17:00:00,97.09,159.92,22.87,24.64,33.27
2016-12-08 17:30:00,73.3,80.12,28.66,30.22,34.26
2016-12-08 18:00:00,56.1,65.36,27.52,29.05,31.36
2016-12-08 18:30:00,50.18,55.66,26.95,28.27,30.57
2016-12-08 19:00:00,59.9,65.78,30.26,53.11,30.16
2016-12-08 19:30:00,55.02,60.57,42.79,66.44,42.37
2016-12-08 20:00:00,49.34,54.77,40.68,87.81,39.6
2016-12-08 20:30:00,44.1,55.67,37.53,87.78,35.74
2016-12-08 21:00:00,44.84,65.35,38.1,87.67,36.2
2016-12-08 21:30:00,39.74,55.34,28.53,36.7,29.11
2016-12-08 22:00:00,37.28,44.85,18.63,97.59,23.12
2016-12-08 22:30:00,59.06,65.35,12.46,26.17,25.05
2016-12-08 23:00:00,44.95,65.09,12.15,11.48,23.04
2016-12-08 23:30:00,48.62,57.62,11.92,11.92,25.6
2016-12-09 00:00:00,43.69,45.79,17.23,11.69,23.55
2016-12-09 00:30:00,42.72,43.46,32.3,14.25,15.13
2016-12-09 01:00:00,32.63,32.95,22.04,7.71,18.75
2016-12-09 01:30:00,17.98,18.1,14.14,8.19,11.94
2016-12-09 02:00:00,9.94,10.03,9.8,7.13,8.33
2016-12-09 02:30:00,14.19,14.48,13.36,9.42,10.7
2016-12-09 03:00:00,17.74,18.12,15.54,10.13,12.31
2016-12-09 03:30:00,12.03,12.13,11.75,9.55,9.74
2016-12-09 04:00:00,15.71,15.69,13.81,9.85,11.12
2016-12-09 04:30:00,22.12,21.9,24.03,17.01,17.44
2016-12-09 05:00:00,26.77,26.24,25.24,15.72,10.4
2016-12-09 05:30:00,43.21,42.2,44.41,29.12,21.38
2016-12-09 06:00:00,44.75,45.01,49.55,61.72,22.77
2016-12-09 06:30:00,47.1,51.8,52.42,44.73,42.11
2016-12-09 07:00:00,53.95,70.2,64.64,56.58,50.53
2016-12-09 07:30:00,39.22,68.58,73.32,62.06,35.16
2016-12-09 08:00:00,44.4,65.36,69.94,48.0,39.11
2016-12-09 08:30:00,44.2,80.04,59.99,40.19,38.33
2016-12-09 09:00:00,44.95,77.56,66.07,40.18,38.38
2016-12-09 09:30:00,44.95,71.83,63.27,39.4,38.04
2016-12-09 10:00:00,44.1,75.07,59.66,35.48,32.28
2016-12-09 10:30:00,44.95,75.07,52.49,31.17,31.89
2016-12-09 11:00:00,44.95,75.07,50.02,35.03,36.7
2016-12-09 11:30:00,44.95,75.07,45.18,27.35,29.62
2016-12-09 12:00:00,44.95,81.2,41.79,16.53,22.2
2016-12-09 12:30:00,44.95,81.87,28.4,11.36,21.2
2016-12-09 13:00:00,44.95,88.0,31.51,17.05,24.85
2016-12-09 13:30:00,44.95,83.56,33.1,18.71,26.67
2016-12-09 14:00:00,44.95,75.0,29.14,18.08,23.88
2016-12-09 14:30:00,44.95,73.66,18.22,13.51,14.61
2016-12-09 15:00:00,48.02,69.03,23.57,17.8,18.99
2016-12-09 15:30:00,45.63,55.46,25.08,15.32,20.12
2016-12-09 16:00:00,46.74,53.2,19.95,8.19,13.35
2016-12-09 16:30:00,45.63,53.15,27.23,12.95,18.83
2016-12-09 17:00:00,44.96,55.33,37.96,18.98,18.4
2016-12-09 17:30:00,45.63,52.79,49.36,24.16,21.01
2016-12-09 18:00:00,45.51,53.73,49.17,24.55,17.7
2016-12-09 18:30:00,45.63,53.72,49.9,28.13,25.2
2016-12-09 19:00:00,44.96,58.89,45.78,28.47,24.4
2016-12-09 19:30:00,44.95,58.58,48.68,32.74,26.92
2016-12-09 20:00:00,44.96,49.61,44.46,38.2,36.24
2016-12-09 20:30:00,44.96,49.17,44.74,38.68,36.48
2016-12-09 21:00:00,41.6,44.01,40.22,34.74,32.69
2016-12-09 21:30:00,42.91,44.84,40.11,35.19,33.12
2016-12-09 22:00:00,41.64,42.62,31.55,27.86,24.58
2016-12-09 22:30:00,55.29,57.62,39.97,30.46,16.69
2016-12-09 23:00:00,48.63,52.97,31.96,28.52,18.22
2016-12-09 23:30:00,43.81,46.86,30.3,30.22,23.41
2016-12-10 00:00:00,42.06,42.94,35.85,34.33,30.14
2016-12-10 00:30:00,40.65,40.66,32.29,26.96,18.31
2016-12-10 01:00:00,40.33,39.7,56.14,26.36,17.04
2016-12-10 01:30:00,34.19,32.92,79.99,26.1,20.63
2016-12-10 02:00:00,28.23,27.02,79.99,23.21,16.39
2016-12-10 02:30:00,27.51,26.17,79.99,20.68,16.39
2016-12-10 03:00:00,22.91,21.81,79.99,18.87,16.17
2016-12-10 03:30:00,18.2,17.03,45.54,17.27,16.15
2016-12-10 04:00:00,17.51,16.39,45.29,18.06,15.65
2016-12-10 04:30:00,18.27,16.82,53.11,21.61,16.17
2016-12-10 05:00:00,17.7,16.33,21.18,16.66,15.67
2016-12-10 05:30:00,19.52,18.02,18.92,16.58,15.42
2016-12-10 06:00:00,25.01,23.25,22.26,17.51,14.3
2016-12-10 06:30:00,30.92,29.21,27.96,24.83,21.21
2016-12-10 07:00:00,34.81,33.15,34.58,29.76,26.04
2016-12-10 07:30:00,40.66,38.82,38.39,31.84,25.62
2016-12-10 08:00:00,40.95,39.26,42.05,34.96,29.8
2016-12-10 08:30:00,45.02,44.27,48.71,37.29,31.34
2016-12-10 09:00:00,44.94,44.88,49.99,40.1,35.79
2016-12-10 09:30:00,44.44,44.89,49.99,34.31,26.26
2016-12-10 10:00:00,45.35,45.83,49.99,34.05,25.2
2016-12-10 10:30:00,44.44,44.69,48.1,33.83,25.4
2016-12-10 11:00:00,43.03,43.13,41.62,32.17,25.2
2016-12-10 11:30:00,44.45,44.92,39.94,32.8,25.24
2016-12-10 12:00:00,44.95,46.38,39.1,35.4,24.96
2016-12-10 12:30:00,43.01,44.38,37.38,30.74,23.56
2016-12-10 13:00:00,44.01,45.37,37.77,26.26,16.02
2016-12-10 13:30:00,44.22,45.5,37.05,26.33,16.2
2016-12-10 14:00:00,39.53,40.53,31.36,24.02,16.2
2016-12-10 14:30:00,41.4,42.76,33.87,25.42,17.02
2016-12-10 15:00:00,45.65,47.51,37.21,27.03,17.7
2016-12-10 15:30:00,44.13,45.91,39.23,26.51,16.6
2016-12-10 16:00:00,43.95,45.31,39.98,22.26,16.2
2016-12-10 16:30:00,45.54,47.9,42.95,23.85,16.2
2016-12-10 17:00:00,45.21,47.14,47.77,29.0,17.7
2016-12-10 17:30:00,44.95,47.28,47.49,28.7,17.7
2016-12-10 18:00:00,44.96,47.05,49.27,28.32,16.2
2016-12-10 18:30:00,44.88,47.22,51.02,28.58,16.2
2016-12-10 19:00:00,44.87,47.48,51.74,28.78,16.91
2016-12-10 19:30:00,44.73,47.93,45.86,28.9,18.21
2016-12-10 20:00:00,44.85,47.85,36.14,26.67,16.63
2016-12-10 20:30:00,42.94,45.72,131.27,23.32,12.19
2016-12-10 21:00:00,44.05,46.07,50.08,23.49,12.8
2016-12-10 21:30:00,44.95,45.99,57.64,25.77,15.37
2016-12-10 22:00:00,41.35,41.64,46.25,21.91,11.73
2016-12-10 22:30:00,43.96,45.9,47.43,22.51,11.36
2016-12-10 23:00:00,42.95,44.95,46.12,22.33,11.39
2016-12-10 23:30:00,37.03,38.55,25.63,23.58,16.45
2016-12-11 00:00:00,28.03,28.46,2347.55,19.43,14.75
2016-12-11 00:30:00,31.77,31.3,38.55,21.83,14.87
2016-12-11 01:00:00,30.66,29.79,50.88,20.24,13.95
2016-12-11 01:30:00,20.2,19.42,24.71,14.83,11.57
2016-12-11 02:00:00,13.54,13.14,17.99,12.53,11.37
2016-12-11 02:30:00,24.86,24.35,31.66,24.58,11.41
2016-12-11 03:00:00,23.44,22.96,29.2,51.58,12.19
2016-12-11 03:30:00,14.38,14.0,17.32,48.28,10.24
2016-12-11 04:00:00,11.23,10.96,12.85,77.99,9.78
2016-12-11 04:30:00,15.36,15.17,16.57,13.77,12.51
2016-12-11 05:00:00,25.27,24.89,27.69,17.18,10.5
2016-12-11 05:30:00,21.36,20.92,20.78,17.23,14.01
2016-12-11 06:00:00,18.36,17.89,17.66,15.47,13.48
2016-12-11 06:30:00,27.52,27.01,25.73,21.07,15.92
2016-12-11 07:00:00,31.08,30.52,31.14,23.25,16.15
2016-12-11 07:30:00,35.46,34.2,37.69,25.0,16.15
2016-12-11 08:00:00,42.55,39.64,47.58,50.64,16.15
2016-12-11 08:30:00,41.32,39.29,50.34,72.7,16.15
2016-12-11 09:00:00,42.09,40.05,55.34,75.85,15.89
2016-12-11 09:30:00,44.96,43.33,59.99,75.85,12.61
2016-12-11 10:00:00,44.49,42.34,67.91,54.39,16.15
2016-12-11 10:30:00,45.49,43.19,79.99,43.08,10.78
2016-12-11 11:00:00,52.81,49.7,79.99,35.93,10.5
2016-12-11 11:30:00,50.65,48.24,79.99,29.58,10.5
2016-12-11 12:00:00,43.68,41.7,109.99,27.58,16.52
2016-12-11 12:30:00,44.96,43.51,109.99,23.94,12.74
2016-12-11 13:00:00,44.96,44.06,94.99,22.52,10.72
2016-12-11 13:30:00,46.31,45.61,54.7,28.91,19.2
2016-12-11 14:00:00,48.03,47.44,52.17,27.51,16.2
2016-12-11 14:30:00,47.15,47.07,46.8,31.54,20.9
2016-12-11 15:00:00,51.75,52.44,53.6,34.89,22.2
2016-12-11 15:30:00,55.47,56.08,58.44,38.02,25.2
2016-12-11 16:00:00,54.77,55.94,59.94,37.6,23.96
2016-12-11 16:30:00,50.39,52.22,59.94,34.22,20.07
2016-12-11 17:00:00,60.64,62.92,63.14,37.92,20.04
2016-12-11 17:30:00,48.98,52.5,59.23,36.94,27.08
2016-12-11 18:00:00,46.49,49.81,59.89,31.94,19.78
2016-12-11 18:30:00,45.08,48.41,59.89,35.0,25.46
2016-12-11 19:00:00,45.55,49.26,57.86,33.94,23.72
2016-12-11 19:30:00,46.96,50.7,59.97,35.93,25.01
2016-12-11 20:00:00,49.85,54.24,59.59,32.97,18.6
2016-12-11 20:30:00,49.94,53.94,55.66,32.04,19.57
2016-12-11 21:00:00,44.96,48.13,44.83,29.1,18.52
2016-12-11 21:30:00,44.1,46.06,36.27,24.34,13.53
2016-12-11 22:00:00,44.59,45.93,37.37,23.76,10.86
2016-12-11 22:30:00,43.24,44.41,40.56,23.42,12.75
2016-12-11 23:00:00,44.59,45.85,39.65,30.52,15.49
2016-12-11 23:30:00,40.05,40.98,28.2,43.38,19.45
2016-12-12 00:00:00,34.58,34.24,26.65,28.86,19.94
2016-12-12 00:30:00,28.01,27.81,19.8,20.89,14.34
2016-12-12 01:00:00,22.1,21.76,68.51,22.78,12.86
2016-12-12 01:30:00,21.35,20.72,30.25,31.22,11.58
2016-12-12 02:00:00,14.87,14.41,21.33,15.69,13.01
2016-12-12 02:30:00,18.08,17.83,25.61,56.06,15.81
2016-12-12 03:00:00,17.98,17.59,26.01,62.29,16.05
2016-12-12 03:30:00,17.83,17.22,23.85,79.56,15.82
2016-12-12 04:00:00,20.13,19.31,24.66,97.59,16.16
2016-12-12 04:30:00,26.05,24.74,28.69,97.59,15.35
2016-12-12 05:00:00,28.05,25.92,31.24,42.28,15.8
2016-12-12 05:30:00,37.64,34.13,39.6,94.32,22.23
2016-12-12 06:00:00,44.63,43.03,47.13,45.59,30.16
2016-12-12 06:30:00,45.74,46.56,51.25,42.01,38.99
2016-12-12 07:00:00,50.96,52.4,66.29,51.91,45.68
2016-12-12 07:30:00,50.62,53.21,69.69,56.55,42.92
2016-12-12 08:00:00,49.62,52.6,424.99,47.44,42.09
2016-12-12 08:30:00,52.05,54.37,321.04,47.3,44.47
2016-12-12 09:00:00,47.97,50.21,62.6,37.46,27.19
2016-12-12 09:30:00,47.07,49.5,56.84,43.76,40.31
2016-12-12 10:00:00,53.38,54.86,62.01,50.39,47.87
2016-12-12 10:30:00,53.56,54.84,65.74,49.78,47.25
2016-12-12 11:00:00,50.85,51.79,70.33,42.93,35.27
2016-12-12 11:30:00,55.66,55.94,79.99,45.62,34.6
2016-12-12 12:00:00,56.9,57.55,77.32,43.5,29.97
2016-12-12 12:30:00,54.46,55.79,73.15,47.6,41.63
2016-12-12 13:00:00,74.15,75.15,88.11,69.2,66.57
2016-12-12 13:30:00,75.87,76.88,87.78,69.61,67.43
2016-12-12 14:00:00,68.88,70.52,128.08,63.63,61.41
2016-12-12 14:30:00,73.83,74.01,102.16,67.84,65.17
2016-12-12 15:00:00,83.43,79.85,184.14,78.17,76.07
2016-12-12 15:30:00,58.87,56.83,186.16,55.47,55.01
2016-12-12 16:00:00,64.11,61.31,229.91,59.44,60.39
2016-12-12 16:30:00,90.68,86.42,214.4,85.38,84.88
2016-12-12 17:00:00,91.75,87.39,262.86,91.12,89.61
2016-12-12 17:30:00,73.12,70.33,300.17,66.65,71.58
2016-12-12 18:00:00,71.75,69.18,2493.61,65.78,69.56
2016-12-12 18:30:00,69.48,68.66,346.72,62.1,66.18
2016-12-12 19:00:00,70.18,72.1,439.54,61.14,65.37
2016-12-12 19:30:00,65.87,68.51,300.18,55.29,60.35
2016-12-12 20:00:00,65.1,68.68,300.03,52.84,57.28
2016-12-12 20:30:00,62.03,66.31,263.66,49.75,53.92
2016-12-12 21:00:00,65.16,69.52,184.47,49.07,56.88
2016-12-12 21:30:00,47.12,50.71,117.05,41.19,40.23
2016-12-12 22:00:00,43.56,45.28,95.27,34.14,27.51
2016-12-12 22:30:00,49.1,50.25,80.12,33.59,17.39
2016-12-12 23:00:00,44.79,46.79,79.99,31.4,16.15
2016-12-12 23:30:00,43.11,44.24,44.51,38.87,35.03
2016-12-13 00:00:00,41.39,40.79,51.85,34.53,27.67
2016-12-13 00:30:00,40.59,38.64,47.66,28.09,16.96
2016-12-13 01:00:00,35.75,33.27,35.76,23.19,15.51
2016-12-13 01:30:00,32.31,29.71,28.89,21.37,15.44
2016-12-13 02:00:00,23.43,21.74,19.87,17.98,16.31
2016-12-13 02:30:00,20.51,19.47,11.41,11.1,13.19
2016-12-13 03:00:00,27.51,26.99,12.52,12.17,16.21
2016-12-13 03:30:00,18.05,17.62,10.92,10.91,12.15
2016-12-13 04:00:00,19.43,19.06,9.71,10.17,12.21
2016-12-13 04:30:00,20.49,19.11,10.2,11.06,13.01
2016-12-13 05:00:00,23.59,21.94,10.97,11.11,14.49
2016-12-13 05:30:00,29.7,28.09,11.34,11.78,17.09
2016-12-13 06:00:00,35.32,33.3,11.39,40.78,19.64
2016-12-13 06:30:00,39.85,38.54,11.57,11.84,21.61
2016-12-13 07:00:00,44.16,44.6,16.27,16.14,25.99
2016-12-13 07:30:00,32.56,34.08,23.72,23.36,24.51
2016-12-13 08:00:00,40.79,42.2,28.48,28.46,29.97
2016-12-13 08:30:00,44.97,47.15,27.64,27.33,30.85
2016-12-13 09:00:00,44.51,47.12,32.76,31.49,33.42
2016-12-13 09:30:00,45.53,48.22,38.35,35.48,36.82
2016-12-13 10:00:00,47.47,48.72,47.24,43.79,42.57
2016-12-13 10:30:00,48.8,49.42,51.42,46.28,44.73
2016-12-13 11:00:00,53.43,53.53,57.86,50.97,49.26
2016-12-13 11:30:00,56.58,56.25,61.25,54.84,52.98
2016-12-13 12:00:00,56.18,56.05,60.85,54.46,53.05
2016-12-13 12:30:00,63.27,62.61,67.51,60.88,59.62
2016-12-13 13:00:00,74.49,73.92,79.92,63.23,68.18
2016-12-13 13:30:00,66.52,66.14,72.55,62.09,60.22
2016-12-13 14:00:00,54.95,55.43,58.26,48.93,47.64
2016-12-13 14:30:00,63.43,62.84,70.94,56.16,54.92
2016-12-13 15:00:00,79.13,78.47,81.31,69.67,68.39
2016-12-13 15:30:00,86.0,83.84,90.36,78.61,77.89
2016-12-13 16:00:00,98.54,94.49,109.2,88.94,91.42
2016-12-13 16:30:00,87.83,87.37,93.84,78.83,79.58
2016-12-13 17:00:00,105.53,107.77,92.07,72.74,77.85
2016-12-13 17:30:00,95.17,98.79,88.07,64.44,70.76
2016-12-13 18:00:00,117.48,122.3,83.76,65.66,72.25
2016-12-13 18:30:00,74.12,77.46,79.79,58.74,62.18
2016-12-13 19:00:00,96.94,104.31,80.05,63.72,67.84
2016-12-13 19:30:00,80.25,86.08,75.45,64.92,66.73
2016-12-13 20:00:00,75.25,80.62,73.44,61.71,62.54
2016-12-13 20:30:00,61.75,66.0,68.75,50.95,50.94
2016-12-13 21:00:00,63.94,68.16,68.52,57.86,55.44
2016-12-13 21:30:00,47.32,53.05,49.76,35.6,28.45
2016-12-13 22:00:00,44.53,46.71,43.42,33.38,26.92
2016-12-13 22:30:00,78.81,80.73,49.01,38.23,16.97
2016-12-13 23:00:00,45.0,51.03,37.23,25.65,16.15
2016-12-13 23:30:00,42.29,45.03,25.03,23.15,16.17
2016-12-14 00:00:00,43.29,44.21,25.32,21.82,16.17
2016-12-14 00:30:00,41.45,40.55,39.55,23.07,14.65
2016-12-14 01:00:00,36.97,34.81,43.65,1.05,-15.88
2016-12-14 01:30:00,31.37,29.42,35.01,20.38,15.86
2016-12-14 02:00:00,19.75,18.59,30.75,15.09,15.58
2016-12-14 02:30:00,35.81,33.99,31.45,20.53,14.0
2016-12-14 03:00:00,33.03,31.27,29.67,19.57,13.53
2016-12-14 03:30:00,26.78,25.31,26.87,16.42,14.87
2016-12-14 04:00:00,31.78,29.83,29.95,18.95,13.49
2016-12-14 04:30:00,24.14,22.14,19.56,16.14,14.37
2016-12-14 05:00:00,37.39,33.33,44.7,21.48,13.39
2016-12-14 05:30:00,46.09,41.99,44.3,27.33,16.85
2016-12-14 06:00:00,44.95,42.12,79.97,22.66,22.11
2016-12-14 06:30:00,48.26,47.59,116.66,30.55,20.84
2016-12-14 07:00:00,47.0,48.47,97.83,22.01,16.97
2016-12-14 07:30:00,40.77,42.82,52.43,18.76,22.16
2016-12-14 08:00:00,44.97,46.66,143.33,26.28,23.85
2016-12-14 08:30:00,45.42,47.49,146.68,24.92,23.97
2016-12-14 09:00:00,50.85,53.59,182.69,11.48,19.48
2016-12-14 09:30:00,62.68,64.3,189.04,14.04,27.65
2016-12-14 10:00:00,55.75,55.83,263.33,12.74,25.51
2016-12-14 10:30:00,55.75,56.32,125.57,16.42,26.08
2016-12-14 11:00:00,56.08,57.55,59.31,14.59,29.59
2016-12-14 11:30:00,59.41,61.32,59.55,13.74,25.68
2016-12-14 12:00:00,55.38,58.28,59.92,22.27,25.41
2016-12-14 12:30:00,58.51,60.6,56.82,21.27,31.37
2016-12-14 13:00:00,60.36,62.71,50.36,14.98,27.26
2016-12-14 13:30:00,68.85,73.31,36.19,11.54,26.38
2016-12-14 14:00:00,66.6,71.17,29.01,9.8,21.07
2016-12-14 14:30:00,68.0,72.91,16.93,9.59,12.95
2016-12-14 15:00:00,69.51,76.41,11.34,7.77,10.1
2016-12-14 15:30:00,54.57,91.14,28.85,16.48,24.18
2016-12-14 16:00:00,58.4,89.1,32.69,14.09,27.02
2016-12-14 16:30:00,44.97,132.21,32.25,13.85,25.21
2016-12-14 17:00:00,45.65,87.56,30.82,13.17,24.92
2016-12-14 17:30:00,46.85,125.02,42.86,15.63,23.3
2016-12-14 18:00:00,46.23,96.82,63.32,22.17,15.7
2016-12-14 18:30:00,44.97,68.58,56.28,23.61,13.78
2016-12-14 19:00:00,44.54,115.65,47.07,23.23,18.35
2016-12-14 19:30:00,44.97,97.9,42.22,26.13,20.93
2016-12-14 20:00:00,44.96,81.1,37.57,24.53,17.14
2016-12-14 20:30:00,44.98,55.84,41.98,26.38,17.7
2016-12-14 21:00:00,44.96,63.73,45.76,26.85,17.45
2016-12-14 21:30:00,44.97,55.67,39.35,28.01,19.2
2016-12-14 22:00:00,39.04,47.28,30.95,23.7,16.19
2016-12-14 22:30:00,68.95,77.34,29.23,15.15,31.6
2016-12-14 23:00:00,46.98,57.84,24.87,26.09,16.15
2016-12-14 23:30:00,44.97,51.87,18.48,20.13,22.91
2016-12-15 00:00:00,46.25,47.74,24.21,26.31,16.17
2016-12-15 00:30:00,43.55,43.6,25.39,24.75,15.35
2016-12-15 01:00:00,40.73,40.6,22.87,30.27,15.63
2016-12-15 01:30:00,36.62,35.3,21.62,22.93,16.15
2016-12-15 02:00:00,34.97,33.05,17.27,36.36,16.79
2016-12-15 02:30:00,36.4,34.82,10.08,28.82,18.95
2016-12-15 03:00:00,42.48,40.56,9.37,29.45,20.75
2016-12-15 03:30:00,39.05,37.36,14.39,36.32,21.99
2016-12-15 04:00:00,43.73,41.73,16.69,36.29,20.63
2016-12-15 04:30:00,43.55,41.9,16.94,20.89,22.89
2016-12-15 05:00:00,44.96,43.75,14.83,15.1,24.47
2016-12-15 05:30:00,42.42,42.23,17.84,18.42,25.65
2016-12-15 06:00:00,44.98,45.6,29.39,34.47,28.52
2016-12-15 06:30:00,46.57,47.68,41.04,43.59,39.57
2016-12-15 07:00:00,50.77,54.04,48.79,86.86,46.09
2016-12-15 07:30:00,49.96,58.9,42.22,96.41,39.59
2016-12-15 08:00:00,50.4,62.51,42.83,97.59,40.92
2016-12-15 08:30:00,65.4,100.12,54.53,83.56,52.53
2016-12-15 09:00:00,54.08,76.87,43.67,50.24,42.61
2016-12-15 09:30:00,55.13,72.98,42.73,46.69,41.35
2016-12-15 10:00:00,54.91,62.79,43.05,43.65,41.34
2016-12-15 10:30:00,51.72,77.43,42.8,43.0,40.83
2016-12-15 11:00:00,47.04,91.19,40.37,40.62,38.57
2016-12-15 11:30:00,44.99,69.9,40.12,40.13,38.12
2016-12-15 12:00:00,44.99,111.82,40.3,40.05,38.05
2016-12-15 12:30:00,44.98,151.58,39.06,39.68,37.57
2016-12-15 13:00:00,44.99,141.17,38.39,39.07,37.0
2016-12-15 13:30:00,44.99,110.42,32.28,33.6,32.69
2016-12-15 14:00:00,49.15,126.75,27.47,28.6,27.89
2016-12-15 14:30:00,44.99,157.91,28.7,29.73,27.22
2016-12-15 15:00:00,45.2,111.43,35.65,35.74,33.77
2016-12-15 15:30:00,44.98,127.11,39.34,38.21,36.19
2016-12-15 16:00:00,44.99,123.81,37.03,34.76,32.36
2016-12-15 16:30:00,96.2,176.95,50.59,46.69,43.84
2016-12-15 17:00:00,44.99,254.46,42.83,38.67,36.25
2016-12-15 17:30:00,44.96,226.46,44.62,38.75,36.07
2016-12-15 18:00:00,44.98,116.98,48.92,56.39,29.79
2016-12-15 18:30:00,45.58,90.85,56.05,41.84,27.26
2016-12-15 19:00:00,44.85,177.52,50.15,34.24,27.03
2016-12-15 19:30:00,44.96,207.27,53.27,33.66,25.2
2016-12-15 20:00:00,44.95,110.78,53.98,47.53,25.21
2016-12-15 20:30:00,44.97,134.34,53.86,97.59,25.72
2016-12-15 21:00:00,45.04,113.08,49.05,97.59,32.26
2016-12-15 21:30:00,45.03,85.53,40.67,97.59,29.68
2016-12-15 22:00:00,43.68,55.67,35.72,97.59,25.2
2016-12-15 22:30:00,71.83,78.04,57.27,62.94,23.88
2016-12-15 23:00:00,50.04,136.36,38.63,49.49,22.08
2016-12-15 23:30:00,44.96,151.77,31.97,47.11,25.76
2016-12-16 00:00:00,58.25,67.01,49.81,60.12,39.49
2016-12-16 00:30:00,48.97,55.23,50.2,55.8,39.94
2016-12-16 01:00:00,45.34,52.18,52.93,62.1,44.67
2016-12-16 01:30:00,42.56,44.89,47.16,52.2,40.84
2016-12-16 02:00:00,46.29,49.99,51.79,46.33,43.87
2016-12-16 02:30:00,51.45,55.57,57.09,51.13,48.43
2016-12-16 03:00:00,53.11,57.05,58.34,51.4,49.42
2016-12-16 03:30:00,53.59,57.31,56.95,50.14,48.37
2016-12-16 04:00:00,55.73,59.29,60.23,52.25,50.4
2016-12-16 04:30:00,58.06,62.79,63.45,53.81,52.89
2016-12-16 05:00:00,66.55,72.31,74.49,63.47,62.22
2016-12-16 05:30:00,63.36,80.07,70.22,60.25,58.74
2016-12-16 06:00:00,54.29,75.47,64.85,52.58,50.09
2016-12-16 06:30:00,60.96,2434.05,73.73,60.91,58.05
2016-12-16 07:00:00,65.18,68.4,80.35,66.28,63.66
2016-12-16 07:30:00,53.42,64.49,68.35,48.84,47.41
2016-12-16 08:00:00,63.48,82.34,79.99,57.75,56.11
2016-12-16 08:30:00,51.27,274.56,66.63,46.9,45.92
2016-12-16 09:00:00,75.35,81.07,80.97,66.3,65.52
2016-12-16 09:30:00,89.4,112.3,89.28,40.59,77.04
2016-12-16 10:00:00,80.32,104.55,79.94,19.19,69.93
2016-12-16 10:30:00,72.0,77.32,76.44,53.96,65.12
2016-12-16 11:00:00,76.35,83.04,76.71,58.14,67.86
2016-12-16 11:30:00,81.19,99.07,79.99,68.02,71.55
2016-12-16 12:00:00,81.01,107.66,79.89,62.25,71.49
2016-12-16 12:30:00,58.67,106.38,60.87,43.73,52.31
2016-12-16 13:00:00,63.74,83.08,64.81,48.27,56.07
2016-12-16 13:30:00,48.95,86.33,50.89,36.25,43.81
2016-12-16 14:00:00,46.51,115.74,47.16,35.91,41.38
2016-12-16 14:30:00,45.39,172.52,42.53,39.0,38.59
2016-12-16 15:00:00,45.04,146.47,42.55,36.17,38.11
2016-12-16 15:30:00,48.75,92.83,47.68,39.7,41.77
2016-12-16 16:00:00,45.26,142.75,46.49,37.15,39.08
2016-12-16 16:30:00,44.98,106.78,45.87,36.16,37.81
2016-12-16 17:00:00,45.18,97.57,51.41,36.66,37.76
2016-12-16 17:30:00,44.98,76.97,56.53,40.71,38.49
2016-12-16 18:00:00,44.98,101.1,52.8,36.29,37.16
2016-12-16 18:30:00,48.13,80.88,58.21,40.66,41.66
2016-12-16 19:00:00,45.0,128.86,59.88,39.41,39.9
2016-12-16 19:30:00,45.84,109.81,59.83,30.35,40.03
2016-12-16 20:00:00,43.72,285.07,57.3,28.66,38.29
2016-12-16 20:30:00,47.61,99.0,54.61,31.8,40.73
2016-12-16 21:00:00,45.34,77.29,50.66,26.89,38.84
2016-12-16 21:30:00,45.55,85.74,46.16,19.12,37.71
2016-12-16 22:00:00,45.35,68.74,43.64,13.15,36.39
2016-12-16 22:30:00,65.14,77.11,63.95,18.67,55.09
2016-12-16 23:00:00,46.14,158.28,46.67,10.79,40.6
2016-12-16 23:30:00,45.0,71.83,42.99,10.58,40.71
2016-12-17 00:00:00,54.98,71.81,56.35,8.66,50.6
2016-12-17 00:30:00,44.97,71.8,46.99,10.6,40.94
2016-12-17 01:00:00,44.23,65.35,46.28,11.94,39.43
2016-12-17 01:30:00,44.97,55.67,44.5,15.19,38.77
2016-12-17 02:00:00,42.7,70.55,38.93,31.22,32.85
2016-12-17 02:30:00,44.07,55.66,38.65,36.19,32.09
2016-12-17 03:00:00,43.58,52.15,36.71,33.33,27.95
2016-12-17 03:30:00,44.28,55.94,34.84,31.69,25.23
2016-12-17 04:00:00,44.92,59.71,35.39,31.93,25.03
2016-12-17 04:30:00,41.0,56.44,37.15,30.71,25.2
2016-12-17 05:00:00,45.03,56.44,43.66,31.85,25.2
2016-12-17 05:30:00,40.62,44.42,36.87,30.03,24.68
2016-12-17 06:00:00,38.62,41.77,31.81,29.32,25.63
2016-12-17 06:30:00,40.75,43.7,30.42,24.94,21.63
2016-12-17 07:00:00,47.92,50.62,41.3,29.58,25.2
2016-12-17 07:30:00,47.9,55.66,47.28,25.94,22.08
2016-12-17 08:00:00,53.53,69.33,53.23,43.35,25.2
2016-12-17 08:30:00,50.8,76.88,52.88,29.25,25.38
2016-12-17 09:00:00,50.39,67.74,44.65,29.86,25.2
2016-12-17 09:30:00,49.16,61.2,43.62,24.75,20.68
2016-12-17 10:00:00,49.16,56.43,33.08,17.78,16.18
2016-12-17 10:30:00,51.18,61.05,14.92,14.02,13.22
2016-12-17 11:00:00,48.64,56.01,13.27,12.77,12.14
2016-12-17 11:30:00,51.78,85.86,11.44,11.15,10.57
2016-12-17 12:00:00,49.16,91.58,10.38,10.44,9.82
2016-12-17 12:30:00,51.16,79.51,9.75,9.85,9.2
2016-12-17 13:00:00,56.86,140.14,5.18,5.16,4.85
2016-12-17 13:30:00,54.94,76.4,8.93,9.13,8.53
2016-12-17 14:00:00,59.16,121.61,6.33,6.47,5.94
2016-12-17 14:30:00,55.3,104.66,4.89,24.86,4.59
2016-12-17 15:00:00,108.63,125.08,8.21,16.42,7.66
2016-12-17 15:30:00,125.09,136.0,1.63,41.84,1.53
2016-12-17 16:00:00,134.01,199.73,8.46,13.8,14.83
2016-12-17 16:30:00,48.64,145.69,10.89,10.85,23.65
2016-12-17 17:00:00,59.63,185.89,12.17,11.29,27.98
2016-12-17 17:30:00,48.61,104.77,16.14,14.83,25.86
2016-12-17 18:00:00,54.26,103.25,17.37,15.66,28.02
2016-12-17 18:30:00,49.83,94.5,20.31,18.12,27.66
2016-12-17 19:00:00,46.77,109.11,23.97,21.98,28.48
2016-12-17 19:30:00,46.33,98.74,29.49,27.53,28.25
2016-12-17 20:00:00,56.11,87.77,40.87,32.8,23.58
2016-12-17 20:30:00,53.27,87.78,45.33,37.87,33.22
2016-12-17 21:00:00,47.85,80.51,39.6,36.34,33.4
2016-12-17 21:30:00,45.16,73.64,32.4,30.15,25.38
2016-12-17 22:00:00,44.29,66.13,27.86,25.5,30.15
2016-12-17 22:30:00,47.03,273.89,31.36,28.69,26.43
2016-12-17 23:00:00,44.71,71.45,31.17,27.64,25.33
2016-12-17 23:30:00,44.8,78.44,22.09,13.97,28.56
2016-12-18 00:00:00,45.64,50.0,34.49,24.25,30.49
2016-12-18 00:30:00,46.37,50.17,38.1,25.86,23.61
2016-12-18 01:00:00,44.84,48.11,43.23,31.46,25.31
2016-12-18 01:30:00,46.33,49.3,43.56,32.16,25.2
2016-12-18 02:00:00,44.98,48.31,42.51,27.49,19.2
2016-12-18 02:30:00,46.16,49.34,41.06,25.7,16.2
2016-12-18 03:00:00,48.98,51.62,43.02,31.54,23.23
2016-12-18 03:30:00,50.18,53.01,42.22,33.26,25.2
2016-12-18 04:00:00,48.34,51.02,36.86,32.51,25.2
2016-12-18 04:30:00,48.93,52.15,36.48,30.99,22.44
2016-12-18 05:00:00,48.24,51.31,35.74,32.73,25.2
2016-12-18 05:30:00,48.62,52.05,34.78,33.1,25.2
2016-12-18 06:00:00,43.5,46.55,32.64,30.93,25.41
2016-12-18 06:30:00,45.04,48.69,33.2,28.73,24.84
2016-12-18 07:00:00,46.77,50.93,33.17,29.19,25.21
2016-12-18 07:30:00,50.55,54.9,32.29,39.83,28.76
2016-12-18 08:00:00,48.56,54.19,30.73,51.15,28.39
2016-12-18 08:30:00,45.04,65.36,28.31,68.98,26.9
2016-12-18 09:00:00,45.21,168.84,28.8,56.13,27.45
2016-12-18 09:30:00,45.02,145.99,29.11,49.48,27.65
2016-12-18 10:00:00,45.03,65.35,30.59,48.85,28.69
2016-12-18 10:30:00,45.04,94.52,32.14,45.56,29.94
2016-12-18 11:00:00,45.04,193.85,31.37,47.85,29.15
2016-12-18 11:30:00,45.04,185.92,28.0,29.66,25.95
2016-12-18 12:00:00,45.03,183.46,28.96,29.73,26.06
2016-12-18 12:30:00,39.5,199.99,36.89,35.4,33.49
2016-12-18 13:00:00,40.93,199.83,35.39,34.33,31.78
2016-12-18 13:30:00,38.96,140.95,31.1,29.29,28.99
2016-12-18 14:00:00,43.7,123.45,30.96,28.44,28.21
2016-12-18 14:30:00,38.12,111.39,29.14,26.17,27.3
2016-12-18 15:00:00,42.93,132.09,35.62,30.96,25.56
2016-12-18 15:30:00,37.91,134.63,32.46,28.18,27.24
2016-12-18 16:00:00,39.84,85.56,35.81,30.82,26.88
2016-12-18 16:30:00,42.05,86.5,38.33,35.52,25.2
2016-12-18 17:00:00,43.57,74.38,44.17,32.62,25.2
2016-12-18 17:30:00,45.03,93.43,59.07,36.44,25.2
2016-12-18 18:00:00,45.03,93.71,63.85,35.59,25.2
2016-12-18 18:30:00,45.02,68.58,71.1,36.15,25.2
2016-12-18 19:00:00,45.03,75.13,68.78,40.81,25.2
2016-12-18 19:30:00,45.03,81.96,68.03,44.0,25.2
2016-12-18 20:00:00,45.03,79.78,61.03,46.14,25.64
2016-12-18 20:30:00,41.96,86.57,55.46,57.06,35.85
2016-12-18 21:00:00,39.26,65.88,54.08,44.39,32.81
2016-12-18 21:30:00,37.63,71.77,40.8,31.18,26.08
2016-12-18 22:00:00,39.62,59.02,36.17,31.24,25.2
2016-12-18 22:30:00,38.46,68.59,33.01,44.05,25.2
2016-12-18 23:00:00,37.32,278.04,30.81,54.19,25.7
2016-12-18 23:30:00,38.36,62.64,18.28,35.54,24.88
2016-12-19 00:00:00,36.58,46.87,24.1,35.24,27.04
2016-12-19 00:30:00,36.49,47.67,17.97,29.92,23.54
2016-12-19 01:00:00,35.83,39.24,21.13,33.92,21.41
2016-12-19 01:30:00,40.76,51.49,16.11,36.01,23.58
2016-12-19 02:00:00,39.52,47.68,13.3,97.59,21.66
2016-12-19 02:30:00,44.02,48.29,12.72,97.59,23.41
2016-12-19 03:00:00,42.25,50.06,12.11,97.59,22.51
2016-12-19 03:30:00,40.58,45.14,11.32,89.01,21.77
2016-12-19 04:00:00,40.58,43.96,11.47,97.59,21.76
2016-12-19 04:30:00,40.21,42.86,10.45,84.84,21.32
2016-12-19 05:00:00,39.97,41.82,21.08,49.15,14.71
2016-12-19 05:30:00,44.99,48.12,13.59,47.67,25.4
2016-12-19 06:00:00,42.6,45.09,12.56,12.04,23.89
2016-12-19 06:30:00,45.92,64.17,20.63,20.21,21.04
2016-12-19 07:00:00,43.74,67.87,23.39,25.29,24.35
2016-12-19 07:30:00,38.98,59.06,20.15,19.09,26.68
2016-12-19 08:00:00,40.84,56.53,21.15,17.8,27.4
2016-12-19 08:30:00,39.85,66.93,20.17,14.31,25.67
2016-12-19 09:00:00,40.66,65.35,18.7,11.62,24.78
2016-12-19 09:30:00,39.67,62.66,15.89,11.34,24.29
2016-12-19 10:00:00,39.57,55.63,14.53,11.44,24.11
2016-12-19 10:30:00,39.63,54.58,13.8,11.24,24.06
2016-12-19 11:00:00,39.23,55.61,12.36,10.7,23.53
2016-12-19 11:30:00,38.98,53.75,12.07,10.36,23.28
2016-12-19 12:00:00,38.98,53.31,14.06,11.55,23.83
2016-12-19 12:30:00,40.07,54.96,13.35,11.27,24.5
2016-12-19 13:00:00,39.02,55.65,13.38,11.29,24.11
2016-12-19 13:30:00,39.42,55.68,18.29,15.08,25.97
2016-12-19 14:00:00,40.35,68.18,15.65,12.45,25.27
2016-12-19 14:30:00,45.02,86.75,18.87,15.31,27.77
2016-12-19 15:00:00,45.25,83.48,34.93,23.53,32.4
2016-12-19 15:30:00,44.47,85.96,44.09,21.72,31.3
2016-12-19 16:00:00,45.65,88.1,77.63,41.21,40.14
2016-12-19 16:30:00,49.39,148.08,79.94,46.76,45.15
2016-12-19 17:00:00,50.83,112.05,79.94,50.34,48.29
2016-12-19 17:30:00,46.65,98.2,79.99,46.74,44.37
2016-12-19 18:00:00,45.03,85.85,79.99,44.35,41.84
2016-12-19 18:30:00,44.82,75.05,76.07,42.7,40.76
2016-12-19 19:00:00,45.03,93.11,79.84,42.07,40.57
2016-12-19 19:30:00,45.03,125.56,79.79,41.0,39.55
2016-12-19 20:00:00,45.02,84.13,68.19,40.9,39.3
2016-12-19 20:30:00,45.17,62.12,78.49,41.79,40.14
2016-12-19 21:00:00,45.01,54.26,77.71,40.34,38.95
2016-12-19 21:30:00,45.02,52.7,66.96,33.9,29.72
2016-12-19 22:00:00,41.71,45.52,53.97,30.14,25.38
2016-12-19 22:30:00,46.41,49.18,53.47,27.13,16.19
2016-12-19 23:00:00,44.02,50.17,48.0,23.04,12.26
2016-12-19 23:30:00,45.01,50.66,34.84,23.84,15.7
2016-12-20 00:00:00,43.73,45.9,135.46,60.15,33.15
2016-12-20 00:30:00,35.58,36.52,42.32,64.89,26.48
2016-12-20 01:00:00,37.76,37.86,2604.47,133.23,-150.11
2016-12-20 01:30:00,30.77,30.49,25.57,88.59,15.58
2016-12-20 02:00:00,25.75,25.68,285.95,88.59,11.18
2016-12-20 02:30:00,12.21,12.43,2223.87,88.59,8.5
2016-12-20 03:00:00,29.47,30.23,25.27,48.62,21.73
2016-12-20 03:30:00,28.88,29.84,23.43,22.65,18.72
2016-12-20 04:00:00,29.97,30.6,19.21,44.25,13.53
2016-12-20 04:30:00,33.97,33.48,15.61,76.76,15.82
2016-12-20 05:00:00,39.56,38.53,18.33,97.59,21.62
2016-12-20 05:30:00,37.69,37.31,18.74,86.78,11.32
2016-12-20 06:00:00,32.09,31.49,13.82,12.79,19.15
2016-12-20 06:30:00,39.31,37.87,40.02,21.78,12.33
2016-12-20 07:00:00,44.95,45.0,102.57,22.56,11.85
2016-12-20 07:30:00,38.12,39.6,103.42,9.87,14.92
2016-12-20 08:00:00,44.01,45.25,79.99,15.0,18.27
2016-12-20 08:30:00,45.02,47.41,79.99,34.61,26.64
2016-12-20 09:00:00,45.04,48.2,79.99,15.18,25.2
2016-12-20 09:30:00,45.03,48.31,73.98,8.97,25.33
2016-12-20 10:00:00,45.04,47.47,60.53,2120.26,24.48
2016-12-20 10:30:00,45.59,46.56,61.87,25.71,14.7
2016-12-20 11:00:00,46.52,48.08,54.83,97.59,11.45
2016-12-20 11:30:00,47.96,49.64,53.07,36.08,10.5
2016-12-20 12:00:00,54.32,55.62,63.18,41.4,16.15
2016-12-20 12:30:00,52.05,54.06,45.31,18.83,27.12
2016-12-20 13:00:00,49.26,51.43,39.36,14.24,27.6
2016-12-20 13:30:00,48.77,51.83,32.76,11.15,25.3
2016-12-20 14:00:00,53.1,56.24,34.62,10.26,26.41
2016-12-20 14:30:00,62.2,66.87,35.35,11.7,26.65
2016-12-20 15:00:00,61.44,66.29,34.72,13.59,26.92
2016-12-20 15:30:00,46.18,54.3,30.72,13.01,25.24
2016-12-20 16:00:00,51.12,58.89,41.18,30.79,20.7
2016-12-20 16:30:00,56.07,67.3,55.0,37.38,25.2
2016-12-20 17:00:00,63.72,72.34,61.32,36.38,19.2
2016-12-20 17:30:00,46.91,58.85,47.08,31.36,20.7
2016-12-20 18:00:00,44.92,55.61,44.17,29.61,16.2
2016-12-20 18:30:00,46.11,55.61,58.46,31.71,16.2
2016-12-20 19:00:00,45.42,62.14,76.13,31.64,16.2
2016-12-20 19:30:00,45.24,68.59,79.99,31.55,16.19
2016-12-20 20:00:00,45.18,63.15,79.99,31.55,10.5
2016-12-20 20:30:00,45.05,55.67,79.99,35.59,25.2
2016-12-20 21:00:00,45.08,53.88,79.99,35.34,25.2
2016-12-20 21:30:00,44.54,48.95,79.99,32.91,25.2
2016-12-20 22:00:00,42.17,44.85,70.41,27.84,19.2
2016-12-20 22:30:00,103.55,106.39,92.56,54.95,9.2
2016-12-20 23:00:00,54.12,57.32,73.57,41.53,10.01
2016-12-20 23:30:00,44.02,46.56,39.26,35.33,14.03
2016-12-21 00:00:00,42.12,41.25,48.62,32.92,12.12
2016-12-21 00:30:00,43.81,42.09,79.99,34.78,11.36
2016-12-21 01:00:00,38.31,37.19,79.99,31.41,16.2
2016-12-21 01:30:00,41.81,40.08,79.99,34.4,16.2
2016-12-21 02:00:00,36.87,34.89,61.11,29.42,12.4
2016-12-21 02:30:00,39.03,36.82,52.89,31.01,12.38
2016-12-21 03:00:00,39.01,36.41,76.66,31.33,14.21
2016-12-21 03:30:00,38.31,35.37,51.1,30.05,11.32
2016-12-21 04:00:00,38.96,35.4,59.99,31.57,15.41
2016-12-21 04:30:00,38.98,35.62,76.66,31.9,15.2
2016-12-21 05:00:00,42.98,39.48,68.5,35.55,16.2
2016-12-21 05:30:00,45.06,42.18,79.99,40.33,23.7
2016-12-21 06:00:00,46.72,44.63,79.99,38.08,10.62
2016-12-21 06:30:00,54.53,53.14,79.99,46.17,16.18
2016-12-21 07:00:00,55.13,55.25,79.99,46.88,16.19
2016-12-21 07:30:00,42.19,43.42,79.99,37.22,25.04
2016-12-21 08:00:00,47.83,49.74,79.99,40.05,23.7
2016-12-21 08:30:00,47.56,49.77,79.99,38.33,25.2
2016-12-21 09:00:00,46.58,48.99,79.99,21.25,25.19
2016-12-21 09:30:00,52.27,55.56,79.99,23.05,25.2
2016-12-21 10:00:00,45.8,48.88,79.99,20.17,27.19
2016-12-21 10:30:00,53.31,56.71,79.99,16.99,29.22
2016-12-21 11:00:00,58.26,63.67,79.99,28.58,45.54
2016-12-21 11:30:00,47.17,72.24,73.07,17.6,18.23
2016-12-21 12:00:00,57.5,92.1,80.11,17.98,15.66
2016-12-21 12:30:00,81.35,93.11,87.29,17.85,15.0
2016-12-21 13:00:00,69.95,86.0,79.99,16.33,16.15
2016-12-21 13:30:00,73.96,91.33,82.85,17.17,16.15
2016-12-21 14:00:00,71.37,113.44,80.29,15.18,16.15
2016-12-21 14:30:00,69.95,113.06,80.11,16.8,16.15
2016-12-21 15:00:00,69.7,208.34,80.72,18.07,16.15
2016-12-21 15:30:00,73.78,125.57,87.69,25.08,20.7
2016-12-21 16:00:00,91.8,133.04,146.89,27.91,22.19
2016-12-21 16:30:00,69.23,83.1,141.76,24.65,23.69
2016-12-21 17:00:00,56.71,89.5,79.99,31.42,24.74
2016-12-21 17:30:00,44.66,73.56,79.99,34.98,27.64
2016-12-21 18:00:00,46.89,56.95,79.99,33.56,25.6
2016-12-21 18:30:00,45.05,57.95,79.99,32.42,25.2
2016-12-21 19:00:00,45.08,62.13,79.99,30.44,25.28
2016-12-21 19:30:00,45.06,85.46,79.99,33.34,25.2
2016-12-21 20:00:00,45.08,87.74,64.37,32.71,25.46
2016-12-21 20:30:00,44.88,73.82,55.12,33.63,29.71
2016-12-21 21:00:00,44.81,54.65,54.59,24.01,31.41
2016-12-21 21:30:00,43.63,50.04,45.12,22.49,27.09
2016-12-21 22:00:00,40.16,42.85,36.53,28.92,25.33
2016-12-21 22:30:00,63.0,66.56,52.44,36.89,23.94
2016-12-21 23:00:00,46.11,51.17,33.92,28.01,23.58
2016-12-21 23:30:00,42.63,45.68,29.12,12.71,22.4
2016-12-22 00:00:00,41.89,43.02,33.59,8.68,26.84
2016-12-22 00:30:00,45.61,46.96,42.56,24.1,15.75
2016-12-22 01:00:00,40.18,40.67,50.88,23.78,15.32
2016-12-22 01:30:00,38.97,38.45,43.38,26.36,19.04
2016-12-22 02:00:00,39.99,39.13,44.02,37.81,20.64
2016-12-22 02:30:00,39.68,39.16,37.61,36.7,16.2
2016-12-22 03:00:00,38.23,37.34,33.22,40.45,18.12
2016-12-22 03:30:00,38.03,36.84,24.49,38.91,16.22
2016-12-22 04:00:00,38.97,37.88,23.59,43.42,15.59
2016-12-22 04:30:00,37.91,35.51,23.76,116.56,16.2
2016-12-22 05:00:00,38.98,36.81,23.95,25.48,16.08
2016-12-22 05:30:00,42.98,39.87,29.74,29.14,17.94
2016-12-22 06:00:00,50.95,46.22,44.24,40.1,9.77
2016-12-22 06:30:00,45.83,45.4,37.13,36.48,15.21
2016-12-22 07:00:00,52.14,54.02,44.89,42.17,16.55
2016-12-22 07:30:00,38.71,41.56,32.78,21.84,16.19
2016-12-22 08:00:00,45.05,48.73,39.05,23.56,16.18
2016-12-22 08:30:00,45.37,54.75,40.44,25.47,16.19
2016-12-22 09:00:00,45.17,54.69,43.76,22.66,16.15
2016-12-22 09:30:00,46.16,55.61,45.66,19.18,25.2
2016-12-22 10:00:00,50.27,55.64,34.75,20.04,21.52
2016-12-22 10:30:00,54.85,59.92,88.83,8.22,25.2
2016-12-22 11:00:00,45.06,55.67,150.67,35.53,25.2
2016-12-22 11:30:00,46.74,75.37,264.22,36.59,25.2
2016-12-22 12:00:00,55.92,86.11,323.81,43.05,25.2
2016-12-22 12:30:00,48.06,63.59,272.5,37.38,25.2
2016-12-22 13:00:00,59.19,81.79,213.21,44.92,25.2
2016-12-22 13:30:00,50.41,64.56,256.07,38.22,25.2
2016-12-22 14:00:00,67.01,76.19,72.99,48.7,25.2
2016-12-22 14:30:00,71.0,89.23,87.03,43.16,25.2
2016-12-22 15:00:00,51.65,64.75,79.97,32.91,15.22
2016-12-22 15:30:00,59.42,74.3,103.78,40.23,23.62
2016-12-22 16:00:00,68.68,87.32,111.86,46.58,25.2
2016-12-22 16:30:00,58.37,69.78,115.54,41.52,27.94
2016-12-22 17:00:00,45.06,79.14,81.63,32.54,22.65
2016-12-22 17:30:00,45.05,55.67,114.66,34.17,25.2
2016-12-22 18:00:00,45.07,55.67,110.43,25.57,25.2
2016-12-22 18:30:00,45.07,55.64,85.44,19.24,25.2
2016-12-22 19:00:00,45.08,67.23,165.33,25.27,25.2
2016-12-22 19:30:00,45.08,66.4,80.62,20.21,16.38
2016-12-22 20:00:00,45.07,57.38,79.99,22.2,15.24
2016-12-22 20:30:00,45.05,53.8,79.99,14.53,15.33
2016-12-22 21:00:00,45.02,49.18,74.55,27.37,22.35
2016-12-22 21:30:00,42.98,45.62,55.54,32.79,25.35
2016-12-22 22:00:00,38.05,38.83,40.64,29.83,25.2
2016-12-22 22:30:00,102.69,102.57,101.59,41.52,14.4
2016-12-22 23:00:00,44.11,46.81,51.07,31.53,25.2
2016-12-22 23:30:00,42.99,44.83,29.65,27.39,29.27
2016-12-23 00:00:00,39.59,38.83,34.05,31.49,27.3
2016-12-23 00:30:00,37.09,35.44,34.23,29.02,25.2
2016-12-23 01:00:00,29.06,27.46,27.98,24.67,23.07
2016-12-23 01:30:00,25.23,23.95,24.24,22.72,21.64
2016-12-23 02:00:00,30.33,28.18,24.12,21.32,16.87
2016-12-23 02:30:00,30.42,27.86,23.64,20.66,15.64
2016-12-23 03:00:00,27.65,25.29,20.97,19.81,15.97
2016-12-23 03:30:00,26.87,24.56,20.06,19.67,16.2
2016-12-23 04:00:00,29.31,26.6,23.63,23.47,20.83
2016-12-23 04:30:00,34.16,30.7,23.67,23.14,17.78
2016-12-23 05:00:00,37.91,33.67,27.15,26.21,20.21
2016-12-23 05:30:00,38.58,34.65,27.53,26.93,27.36
2016-12-23 06:00:00,37.82,34.83,18.71,17.53,23.57
2016-12-23 06:30:00,43.31,40.77,27.06,25.35,26.72
2016-12-23 07:00:00,46.02,44.59,38.33,35.32,10.5
2016-12-23 07:30:00,41.79,41.09,28.95,17.92,23.18
2016-12-23 08:00:00,43.69,43.2,31.03,10.82,26.48
2016-12-23 08:30:00,45.53,46.02,41.64,35.88,25.2
2016-12-23 09:00:00,45.2,46.0,44.47,40.8,25.97
2016-12-23 09:30:00,45.03,46.58,44.86,84.85,28.17
2016-12-23 10:00:00,42.42,43.01,33.48,23.06,26.43
2016-12-23 10:30:00,45.2,46.73,19.98,52.41,22.61
2016-12-23 11:00:00,45.02,47.07,18.74,32.69,22.33
2016-12-23 11:30:00,44.34,45.68,16.23,9.72,18.78
2016-12-23 12:00:00,45.02,45.86,18.84,16.1,22.58
2016-12-23 12:30:00,45.02,45.85,40.01,14.28,21.62
2016-12-23 13:00:00,45.03,45.87,36.75,23.98,27.37
2016-12-23 13:30:00,45.02,45.58,41.95,27.1,29.17
2016-12-23 14:00:00,45.52,46.17,49.87,18.06,19.78
2016-12-23 14:30:00,45.75,45.52,80.1,24.38,15.07
2016-12-23 15:00:00,43.71,43.12,95.21,30.46,27.61
2016-12-23 15:30:00,46.13,46.3,79.99,36.91,37.88
2016-12-23 16:00:00,46.88,47.19,79.2,39.21,42.1
2016-12-23 16:30:00,46.02,46.34,71.15,37.89,40.86
2016-12-23 17:00:00,45.85,47.42,58.98,37.6,40.48
2016-12-23 17:30:00,45.04,46.53,50.6,35.56,38.21
2016-12-23 18:00:00,55.61,55.97,52.71,39.3,41.89
2016-12-23 18:30:00,47.81,49.85,49.19,36.64,37.61
2016-12-23 19:00:00,52.21,55.37,58.91,32.32,23.31
2016-12-23 19:30:00,51.02,54.15,53.55,28.98,17.74
2016-12-23 20:00:00,53.54,55.66,58.24,51.39,17.13
2016-12-23 20:30:00,50.12,51.77,50.46,36.1,16.47
2016-12-23 21:00:00,46.02,47.64,46.39,23.71,13.26
2016-12-23 21:30:00,46.01,46.97,49.67,23.34,12.4
2016-12-23 22:00:00,41.09,40.86,46.0,10.85,11.45
2016-12-23 22:30:00,87.9,86.13,62.15,18.9,10.28
2016-12-23 23:00:00,46.57,48.93,46.54,8.69,11.45
2016-12-23 23:30:00,45.52,48.34,28.29,3.84,24.52
2016-12-24 00:00:00,45.49,46.28,29.9,13.06,20.88
2016-12-24 00:30:00,44.78,43.84,30.54,16.2,12.06
2016-12-24 01:00:00,40.82,38.93,35.56,21.38,11.1
2016-12-24 01:30:00,38.08,35.4,26.69,19.9,10.5
2016-12-24 02:00:00,40.52,37.18,29.61,20.66,10.59
2016-12-24 02:30:00,33.56,30.6,22.96,19.17,11.51
2016-12-24 03:00:00,20.03,18.61,13.27,12.9,10.62
2016-12-24 03:30:00,20.63,19.22,12.91,12.4,13.18
2016-12-24 04:00:00,28.52,26.26,14.21,13.61,14.36
2016-12-24 04:30:00,31.45,28.89,15.52,15.17,13.06
2016-12-24 05:00:00,32.24,29.66,17.69,17.54,10.5
2016-12-24 05:30:00,33.14,30.6,18.09,17.89,10.5
2016-12-24 06:00:00,33.77,31.18,18.51,12.89,10.28
2016-12-24 06:30:00,30.02,28.41,23.05,16.57,11.18
2016-12-24 07:00:00,38.62,36.44,35.6,20.14,10.66
2016-12-24 07:30:00,43.28,40.52,45.13,29.71,23.06
2016-12-24 08:00:00,45.43,42.89,49.13,23.18,27.46
2016-12-24 08:30:00,46.22,44.56,50.34,21.13,22.86
2016-12-24 09:00:00,47.34,46.57,50.45,27.69,17.48
2016-12-24 09:30:00,49.83,49.12,53.34,27.52,15.71
2016-12-24 10:00:00,49.17,47.9,56.6,27.97,16.41
2016-12-24 10:30:00,52.96,51.36,65.23,29.95,16.2
2016-12-24 11:00:00,56.37,54.83,79.99,41.68,32.44
2016-12-24 11:30:00,63.16,61.09,79.99,36.82,15.53
2016-12-24 12:00:00,79.66,77.35,107.64,57.16,40.73
2016-12-24 12:30:00,58.84,57.85,91.59,68.35,56.26
2016-12-24 13:00:00,58.82,58.14,135.83,53.52,56.9
2016-12-24 13:30:00,72.85,71.42,271.07,65.67,70.68
2016-12-24 14:00:00,85.18,83.14,271.32,77.19,83.45
2016-12-24 14:30:00,57.27,56.06,316.91,52.92,57.26
2016-12-24 15:00:00,56.38,55.74,316.77,51.46,55.51
2016-12-24 15:30:00,54.97,55.67,331.0,50.95,55.01
2016-12-24 16:00:00,54.86,56.15,183.68,52.25,56.12
2016-12-24 16:30:00,54.07,55.68,147.66,51.14,55.03
2016-12-24 17:00:00,63.62,65.89,106.74,60.42,64.79
2016-12-24 17:30:00,54.6,56.6,88.47,51.27,54.89
2016-12-24 18:00:00,55.81,57.46,87.94,51.61,55.01
2016-12-24 18:30:00,53.85,55.71,79.99,50.61,53.35
2016-12-24 19:00:00,52.25,55.28,79.99,48.94,51.29
2016-12-24 19:30:00,50.23,53.87,79.99,49.66,48.3
2016-12-24 20:00:00,47.52,50.68,76.21,47.13,44.62
2016-12-24 20:30:00,47.68,51.02,57.66,43.28,39.21
2016-12-24 21:00:00,46.69,49.25,53.89,35.74,27.18
2016-12-24 21:30:00,45.84,47.17,46.95,43.66,13.34
2016-12-24 22:00:00,43.09,43.45,40.35,32.54,11.15
2016-12-24 22:30:00,47.16,49.66,47.88,13.38,35.08
2016-12-24 23:00:00,45.08,49.16,39.59,10.06,19.34
2016-12-24 23:30:00,37.62,40.16,29.61,8.76,25.42
2016-12-25 00:00:00,33.79,33.99,32.22,8.67,28.63
2016-12-25 00:30:00,38.03,36.12,35.62,13.95,27.73
2016-12-25 01:00:00,41.36,37.73,33.65,21.18,11.76
2016-12-25 01:30:00,35.06,31.59,22.84,17.99,14.25
2016-12-25 02:00:00,23.23,21.17,17.42,15.3,12.54
2016-12-25 02:30:00,17.54,15.99,16.7,15.24,14.72
2016-12-25 03:00:00,18.83,16.97,17.86,16.64,15.85
2016-12-25 03:30:00,16.63,15.2,15.5,14.43,13.78
2016-12-25 04:00:00,14.08,13.12,11.97,11.23,10.39
2016-12-25 04:30:00,14.83,13.8,12.21,11.3,10.06
2016-12-25 05:00:00,14.41,13.52,11.87,10.91,9.72
2016-12-25 05:30:00,18.88,17.4,12.67,11.63,10.75
2016-12-25 06:00:00,23.53,21.32,13.06,12.03,13.91
2016-12-25 06:30:00,34.12,30.6,14.84,13.97,17.81
2016-12-25 07:00:00,38.28,34.11,13.97,12.96,20.79
2016-12-25 07:30:00,40.07,35.49,11.71,10.81,20.39
2016-12-25 08:00:00,39.44,34.88,15.67,14.23,22.14
2016-12-25 08:30:00,44.24,39.86,27.39,25.74,18.63
2016-12-25 09:00:00,45.86,42.05,34.46,29.41,21.24
2016-12-25 09:30:00,45.2,42.13,41.96,35.48,30.75
2016-12-25 10:00:00,45.55,42.86,54.9,39.94,35.69
2016-12-25 10:30:00,45.9,43.89,58.14,18.11,35.69
2016-12-25 11:00:00,46.8,45.06,62.91,38.1,35.69
2016-12-25 11:30:00,45.23,43.05,73.71,35.58,34.84
2016-12-25 12:00:00,45.05,41.48,66.48,34.45,33.22
2016-12-25 12:30:00,44.5,40.11,59.03,25.57,18.63
2016-12-25 13:00:00,40.9,35.82,54.45,21.94,14.28
2016-12-25 13:30:00,38.12,32.79,66.62,22.76,16.84
2016-12-25 14:00:00,38.01,32.62,79.99,29.13,29.22
2016-12-25 14:30:00,44.06,37.95,70.53,21.91,10.55
2016-12-25 15:00:00,44.39,38.59,79.99,33.39,32.43
2016-12-25 15:30:00,44.92,39.18,75.9,35.87,35.69
2016-12-25 16:00:00,44.59,39.0,79.99,37.53,40.14
2016-12-25 16:30:00,43.6,38.39,79.99,37.4,40.49
2016-12-25 17:00:00,45.23,40.27,80.48,39.53,42.61
2016-12-25 17:30:00,45.4,40.71,210.46,40.28,43.38
2016-12-25 18:00:00,45.23,40.34,81.48,40.88,43.86
2016-12-25 18:30:00,45.1,40.45,84.28,41.1,44.15
2016-12-25 19:00:00,44.75,41.31,174.19,41.21,44.29
2016-12-25 19:30:00,45.4,42.95,80.54,41.7,44.85
2016-12-25 20:00:00,45.13,42.9,79.99,40.65,43.71
2016-12-25 20:30:00,44.55,42.31,72.18,39.69,42.56
2016-12-25 21:00:00,44.32,41.64,51.11,37.81,40.55
2016-12-25 21:30:00,44.59,41.75,42.06,31.29,28.31
2016-12-25 22:00:00,42.06,38.85,36.84,22.06,11.44
2016-12-25 22:30:00,52.9,50.85,47.67,78.43,36.04
2016-12-25 23:00:00,41.72,41.63,29.82,48.64,30.6
2016-12-25 23:30:00,41.88,41.02,13.56,15.03,24.0
2016-12-26 00:00:00,30.75,29.14,14.32,13.81,19.85
2016-12-26 00:30:00,27.71,25.73,16.0,14.6,18.83
2016-12-26 01:00:00,21.88,20.15,19.81,17.18,18.14
2016-12-26 01:30:00,25.43,23.25,19.19,17.13,17.61
2016-12-26 02:00:00,32.06,28.99,31.36,138.86,3.86
2016-12-26 02:30:00,31.63,28.2,33.6,49.24,27.09
2016-12-26 03:00:00,28.79,25.51,29.76,27.05,25.16
2016-12-26 03:30:00,28.75,25.16,30.19,27.4,25.2
2016-12-26 04:00:00,26.92,23.35,28.36,39.21,23.88
2016-12-26 04:30:00,20.64,18.01,21.05,72.12,18.01
2016-12-26 05:00:00,26.32,23.72,25.21,74.13,22.51
2016-12-26 05:30:00,29.53,25.35,29.56,34.04,25.71
2016-12-26 06:00:00,31.07,26.69,30.37,21.71,26.67
2016-12-26 06:30:00,37.24,31.05,32.75,7.63,29.32
2016-12-26 07:00:00,44.49,38.13,38.96,7.62,36.19
2016-12-26 07:30:00,44.77,38.3,37.99,7.63,36.99
2016-12-26 08:00:00,44.54,38.67,37.24,24.77,36.72
2016-12-26 08:30:00,45.4,40.1,29.11,51.57,32.96
2016-12-26 09:00:00,45.13,39.99,37.34,36.68,37.31
2016-12-26 09:30:00,45.05,40.2,38.63,36.49,38.0
2016-12-26 10:00:00,45.25,39.69,35.04,31.51,36.72
2016-12-26 10:30:00,40.84,35.99,37.25,33.28,35.58
2016-12-26 11:00:00,45.1,39.9,38.56,43.45,37.74
2016-12-26 11:30:00,45.25,39.99,35.39,48.66,31.0
2016-12-26 12:00:00,46.02,40.81,35.96,63.09,25.75
2016-12-26 12:30:00,49.34,44.07,30.17,61.2,17.78
2016-12-26 13:00:00,47.16,42.36,43.88,21.88,10.59
2016-12-26 13:30:00,47.66,43.34,45.02,22.28,11.19
2016-12-26 14:00:00,51.33,47.78,45.94,33.07,17.52
2016-12-26 14:30:00,49.67,46.72,39.67,27.42,16.6
2016-12-26 15:00:00,49.67,46.66,41.64,25.27,13.38
2016-12-26 15:30:00,48.67,46.38,40.51,27.27,15.85
2016-12-26 16:00:00,48.52,46.69,41.71,24.8,11.82
2016-12-26 16:30:00,47.39,46.34,42.61,24.53,12.38
2016-12-26 17:00:00,51.33,51.18,44.4,10.45,15.25
2016-12-26 17:30:00,46.51,46.63,37.09,25.03,23.25
2016-12-26 18:00:00,45.87,45.9,32.22,25.47,19.07
2016-12-26 18:30:00,46.02,46.11,26.78,25.72,16.2
2016-12-26 19:00:00,45.87,46.9,33.51,26.52,16.2
2016-12-26 19:30:00,45.72,47.78,25.11,24.27,14.44
2016-12-26 20:00:00,45.87,48.0,24.55,24.46,14.6
2016-12-26 20:30:00,45.87,47.59,27.4,26.55,17.9
2016-12-26 21:00:00,45.58,45.93,25.14,24.18,17.76
2016-12-26 21:30:00,45.47,44.97,13.3,11.82,22.93
2016-12-26 22:00:00,42.25,40.81,13.56,12.86,22.15
2016-12-26 22:30:00,91.95,88.88,-4.65,63.54,31.78
2016-12-26 23:00:00,45.1,45.92,8.93,7.57,21.45
2016-12-26 23:30:00,39.76,39.75,8.47,7.58,20.07
2016-12-27 00:00:00,38.53,36.56,9.52,8.33,19.78
2016-12-27 00:30:00,40.76,37.32,11.79,64.47,21.26
2016-12-27 01:00:00,42.37,38.18,11.29,7.88,21.4
2016-12-27 01:30:00,42.37,37.6,35.28,36.64,35.29
2016-12-27 02:00:00,37.13,32.79,29.59,31.62,30.25
2016-12-27 02:30:00,31.94,28.53,19.92,21.77,22.66
2016-12-27 03:00:00,34.03,30.0,17.42,18.36,21.73
2016-12-27 03:30:00,33.9,29.46,12.31,13.61,18.98
2016-12-27 04:00:00,34.34,29.66,10.94,12.16,18.49
2016-12-27 04:30:00,35.52,30.6,13.24,14.43,20.02
2016-12-27 05:00:00,31.77,27.6,12.05,13.51,18.14
2016-12-27 05:30:00,34.99,29.96,14.67,16.83,20.89
2016-12-27 06:00:00,40.56,34.46,22.65,24.75,27.62
2016-12-27 06:30:00,36.78,31.83,26.52,28.56,28.85
2016-12-27 07:00:00,42.65,37.32,34.73,36.94,35.48
2016-12-27 07:30:00,44.1,38.46,28.26,7.59,31.52
2016-12-27 08:00:00,45.13,39.69,19.38,36.74,26.46
2016-12-27 08:30:00,45.88,41.38,12.27,48.4,22.86
2016-12-27 09:00:00,45.25,41.59,12.3,48.73,22.58
2016-12-27 09:30:00,45.84,42.32,9.97,75.53,21.82
2016-12-27 10:00:00,46.07,42.18,-0.32,74.83,16.64
2016-12-27 10:30:00,46.01,42.56,8.02,18.65,20.93
2016-12-27 11:00:00,46.29,43.67,9.86,7.57,21.79
2016-12-27 11:30:00,46.64,44.07,5.79,7.6,19.7
2016-12-27 12:00:00,48.3,46.2,12.04,8.62,23.11
2016-12-27 12:30:00,49.5,47.65,13.08,9.17,23.89
2016-12-27 13:00:00,49.66,48.47,14.87,9.5,24.29
2016-12-27 13:30:00,49.83,48.39,14.03,9.49,24.33
2016-12-27 14:00:00,53.19,51.97,14.23,9.46,25.58
2016-12-27 14:30:00,56.53,55.33,14.75,9.43,26.78
2016-12-27 15:00:00,52.68,52.4,32.38,9.21,25.42
2016-12-27 15:30:00,55.89,55.65,28.95,9.4,26.9
2016-12-27 16:00:00,52.45,54.04,26.34,9.45,25.52
2016-12-27 16:30:00,56.04,58.13,41.98,14.04,29.6
2016-12-27 17:00:00,53.19,57.31,45.2,13.42,27.82
2016-12-27 17:30:00,49.99,55.31,36.79,10.06,24.58
2016-12-27 18:00:00,51.37,55.68,59.46,9.68,25.15
2016-12-27 18:30:00,49.96,55.54,80.08,9.71,24.58
2016-12-27 19:00:00,49.17,55.65,153.32,10.44,24.23
2016-12-27 19:30:00,49.29,58.93,98.42,12.23,25.42
2016-12-27 20:00:00,48.85,56.13,11.42,8.55,20.85
2016-12-27 20:30:00,47.3,54.85,14.77,12.46,20.47
2016-12-27 21:00:00,47.43,51.01,7.22,7.63,17.12
2016-12-27 21:30:00,45.57,48.01,17.72,18.66,21.35
2016-12-27 22:00:00,45.37,46.09,28.6,7.55,21.64
2016-12-27 22:30:00,50.84,53.27,53.75,7.53,23.36
2016-12-27 23:00:00,47.36,51.06,48.32,5.15,20.29
2016-12-27 23:30:00,43.5,45.47,31.43,8.15,22.5
2016-12-28 00:00:00,43.73,43.02,192.2,16.58,20.76
2016-12-28 00:30:00,43.25,41.37,60.22,8.2,21.4
2016-12-28 01:00:00,42.71,40.35,58.32,9.9,21.33
2016-12-28 01:30:00,37.92,34.9,62.16,10.23,19.74
2016-12-28 02:00:00,32.85,30.27,43.52,9.54,17.39
2016-12-28 02:30:00,28.05,26.07,37.04,10.0,15.64
2016-12-28 03:00:00,22.77,20.78,30.23,9.85,13.62
2016-12-28 03:30:00,30.1,28.28,22.66,9.97,16.29
2016-12-28 04:00:00,15.69,14.68,12.02,10.39,11.19
2016-12-28 04:30:00,20.57,19.17,12.03,11.71,13.59
2016-12-28 05:00:00,23.67,21.8,9.2,9.49,13.4
2016-12-28 05:30:00,34.96,31.2,9.69,10.7,18.47
2016-12-28 06:00:00,42.8,38.44,8.29,9.77,20.89
2016-12-28 06:30:00,52.3,48.11,1.46,3.4,20.79
2016-12-28 07:00:00,45.13,42.93,2.22,-0.9,18.53
2016-12-28 07:30:00,31.15,30.21,4.09,-0.87,13.84
2016-12-28 08:00:00,45.21,42.95,12.8,-0.86,21.88
2016-12-28 08:30:00,44.86,42.76,24.09,-0.85,26.81
2016-12-28 09:00:00,44.79,43.59,23.55,2.58,23.77
2016-12-28 09:30:00,44.72,43.05,25.8,10.59,22.23
2016-12-28 10:00:00,45.13,42.75,22.2,14.64,21.78
2016-12-28 10:30:00,45.43,43.07,24.27,11.75,22.14
2016-12-28 11:00:00,45.53,43.68,24.52,23.58,22.03
2016-12-28 11:30:00,44.69,43.0,30.89,7.14,20.96
2016-12-28 12:00:00,48.02,46.7,39.97,7.09,22.33
2016-12-28 12:30:00,48.81,48.16,43.97,73.16,22.69
2016-12-28 13:00:00,50.69,50.12,56.28,30.97,25.12
2016-12-28 13:30:00,55.6,54.44,46.46,63.11,27.1
2016-12-28 14:00:00,56.78,56.41,32.51,106.41,27.57
2016-12-28 14:30:00,54.17,54.73,39.12,44.5,28.3
2016-12-28 15:00:00,51.84,53.67,70.96,44.58,40.94
2016-12-28 15:30:00,53.12,55.57,74.74,80.23,47.02
2016-12-28 16:00:00,62.62,65.81,79.94,84.2,57.8
2016-12-28 16:30:00,73.31,78.58,84.98,74.35,68.88
2016-12-28 17:00:00,103.86,159.42,119.46,89.23,98.52
2016-12-28 17:30:00,70.76,117.79,90.25,65.68,71.2
2016-12-28 18:00:00,61.32,120.91,78.54,58.36,62.87
2016-12-28 18:30:00,57.78,65.59,80.24,56.6,61.43
2016-12-28 19:00:00,58.65,73.18,80.29,59.47,64.29
2016-12-28 19:30:00,60.96,86.54,81.32,60.72,66.28
2016-12-28 20:00:00,71.41,80.11,86.91,65.68,72.06
2016-12-28 20:30:00,73.57,85.66,89.08,66.64,73.43
2016-12-28 21:00:00,61.9,68.12,75.39,56.14,61.55
2016-12-28 21:30:00,49.21,53.15,63.54,43.64,47.75
2016-12-28 22:00:00,44.39,47.93,70.28,38.54,42.35
2016-12-28 22:30:00,92.44,98.65,111.16,55.62,86.95
2016-12-28 23:00:00,55.38,75.9,71.95,38.52,35.69
2016-12-28 23:30:00,46.04,53.46,49.79,37.57,41.09
2016-12-29 00:00:00,45.05,47.53,47.78,35.14,36.76
2016-12-29 00:30:00,44.13,45.0,44.84,33.65,34.71
2016-12-29 01:00:00,43.61,43.28,59.03,27.48,22.51
2016-12-29 01:30:00,42.28,42.44,54.49,39.92,35.4
2016-12-29 02:00:00,45.3,45.23,49.88,28.1,28.84
2016-12-29 02:30:00,45.13,44.79,44.78,21.34,24.48
2016-12-29 03:00:00,42.66,41.92,47.93,24.28,24.05
2016-12-29 03:30:00,40.2,39.3,41.46,24.51,18.97
2016-12-29 04:00:00,39.98,38.87,36.74,17.03,24.85
2016-12-29 04:30:00,46.1,45.24,47.19,30.16,26.96
2016-12-29 05:00:00,46.43,45.72,54.02,36.3,35.85
2016-12-29 05:30:00,39.99,37.89,54.09,-0.82,35.49
2016-12-29 06:00:00,43.15,41.08,56.58,43.85,35.36
2016-12-29 06:30:00,47.23,46.1,65.88,36.82,35.67
2016-12-29 07:00:00,45.72,45.36,69.15,52.12,30.94
2016-12-29 07:30:00,38.44,38.48,79.99,92.68,34.35
2016-12-29 08:00:00,47.01,47.39,76.64,60.61,43.55
2016-12-29 08:30:00,52.56,53.62,79.99,84.1,52.2
2016-12-29 09:00:00,52.41,53.79,75.85,76.24,52.17
2016-12-29 09:30:00,56.23,56.96,72.33,60.79,56.8
2016-12-29 10:00:00,61.06,61.36,77.48,58.94,62.14
2016-12-29 10:30:00,50.4,52.16,63.59,48.75,51.58
2016-12-29 11:00:00,54.71,55.78,67.0,51.9,55.52
2016-12-29 11:30:00,54.92,56.14,64.11,63.21,55.2
2016-12-29 12:00:00,55.95,57.4,65.86,84.5,57.2
2016-12-29 12:30:00,65.51,67.76,75.64,75.46,67.34
2016-12-29 13:00:00,54.85,57.7,61.13,51.54,55.4
2016-12-29 13:30:00,55.12,58.2,56.94,49.43,53.88
2016-12-29 14:00:00,65.88,72.46,64.86,59.41,64.27
2016-12-29 14:30:00,60.64,81.24,57.76,53.4,57.99
2016-12-29 15:00:00,54.38,72.14,50.55,45.97,50.01
2016-12-29 15:30:00,53.94,88.31,48.5,43.35,47.63
2016-12-29 16:00:00,51.41,114.7,44.18,38.3,42.29
2016-12-29 16:30:00,173.64,195.32,55.98,47.57,52.76
2016-12-29 17:00:00,55.84,80.0,52.04,44.18,48.72
2016-12-29 17:30:00,46.6,89.76,44.23,36.93,40.49
2016-12-29 18:00:00,53.55,86.61,46.65,38.4,41.54
2016-12-29 18:30:00,49.98,71.82,50.0,40.07,43.38
2016-12-29 19:00:00,73.87,80.61,72.4,58.84,63.46
2016-12-29 19:30:00,68.95,78.4,66.5,55.56,59.49
2016-12-29 20:00:00,76.33,82.53,71.3,100.18,65.5
2016-12-29 20:30:00,59.9,65.24,57.54,74.17,51.63
2016-12-29 21:00:00,51.92,58.68,49.44,74.16,44.26
2016-12-29 21:30:00,49.79,55.51,44.01,68.27,40.49
2016-12-29 22:00:00,48.46,51.89,46.54,45.19,40.28
2016-12-29 22:30:00,113.55,116.87,67.57,50.28,74.91
2016-12-29 23:00:00,71.13,76.82,62.81,49.18,56.73
2016-12-29 23:30:00,61.08,65.36,61.32,74.14,54.84
2016-12-30 00:00:00,62.6,63.93,68.72,70.76,57.51
2016-12-30 00:30:00,48.83,49.9,40.5,74.17,19.04
2016-12-30 01:00:00,43.82,43.86,37.72,27.2,14.78
2016-12-30 01:30:00,40.17,39.58,47.5,44.09,16.37
2016-12-30 02:00:00,45.05,43.14,53.61,48.35,14.49
2016-12-30 02:30:00,45.07,43.59,46.75,52.66,10.83
2016-12-30 03:00:00,43.07,41.3,45.41,74.13,11.29
2016-12-30 03:30:00,44.1,41.94,46.3,69.84,12.27
2016-12-30 04:00:00,44.1,41.63,44.52,69.84,11.48
2016-12-30 04:30:00,45.58,43.52,49.5,74.13,16.2
2016-12-30 05:00:00,44.4,42.2,50.81,74.13,16.2
2016-12-30 05:30:00,45.31,43.62,49.58,74.13,20.18
2016-12-30 06:00:00,38.94,36.28,47.21,74.13,23.7
2016-12-30 06:30:00,42.81,40.63,51.28,74.13,27.7
2016-12-30 07:00:00,50.96,49.26,66.08,33.35,38.22
2016-12-30 07:30:00,40.4,38.99,51.91,36.02,26.99
2016-12-30 08:00:00,45.9,44.84,53.45,25.05,25.54
2016-12-30 08:30:00,46.16,46.06,48.81,27.97,25.23
2016-12-30 09:00:00,53.36,53.82,56.32,30.76,25.2
2016-12-30 09:30:00,49.3,49.35,53.9,31.39,25.46
2016-12-30 10:00:00,46.03,46.16,50.3,31.26,25.4
2016-12-30 10:30:00,51.27,52.26,66.45,32.19,24.45
2016-12-30 11:00:00,46.49,48.56,51.84,35.57,31.56
2016-12-30 11:30:00,45.9,47.74,41.9,34.11,31.32
2016-12-30 12:00:00,46.11,49.03,34.05,29.25,30.52
2016-12-30 12:30:00,46.05,52.37,30.63,19.83,28.4
2016-12-30 13:00:00,46.02,55.64,25.03,8.11,24.81
2016-12-30 13:30:00,46.02,64.91,19.64,7.53,23.93
2016-12-30 14:00:00,45.78,90.37,15.31,6.36,20.37
2016-12-30 14:30:00,51.05,65.96,14.75,11.37,21.08
2016-12-30 15:00:00,130.67,149.31,19.14,13.9,29.42
2016-12-30 15:30:00,174.76,189.43,33.34,24.45,39.99
2016-12-30 16:00:00,134.89,148.64,22.07,15.08,33.31
2016-12-30 16:30:00,105.96,2179.52,30.09,22.2,34.57
2016-12-30 17:00:00,49.0,52.82,19.26,13.7,26.12
2016-12-30 17:30:00,47.49,77.94,25.97,19.43,28.58
2016-12-30 18:00:00,46.07,97.58,24.19,18.71,25.87
2016-12-30 18:30:00,62.78,80.28,41.26,34.53,21.02
2016-12-30 19:00:00,47.92,68.64,43.81,58.53,13.79
2016-12-30 19:30:00,48.18,71.85,54.61,33.01,24.88
2016-12-30 20:00:00,52.34,70.8,59.69,34.45,23.33
2016-12-30 20:30:00,46.82,68.58,59.79,28.23,16.2
2016-12-30 21:00:00,45.6,55.67,63.04,30.03,16.3
2016-12-30 21:30:00,46.94,55.64,60.65,32.6,21.0
2016-12-30 22:00:00,43.48,47.68,57.58,29.33,17.31
2016-12-30 22:30:00,99.49,107.94,61.35,45.1,15.79
2016-12-30 23:00:00,47.72,79.11,45.81,27.19,16.19
2016-12-30 23:30:00,45.75,56.26,37.8,31.05,23.16
2016-12-31 00:00:00,47.59,50.26,50.38,31.5,22.26
2016-12-31 00:30:00,45.78,47.19,61.5,27.54,15.26
2016-12-31 01:00:00,40.71,41.51,73.32,21.97,11.68
2016-12-31 01:30:00,36.98,36.19,49.63,24.25,17.59
2016-12-31 02:00:00,41.28,39.59,50.66,27.1,19.98
2016-12-31 02:30:00,38.8,36.68,46.79,23.75,16.2
2016-12-31 03:00:00,39.05,36.26,45.25,23.8,16.2
2016-12-31 03:30:00,45.13,41.69,46.81,25.73,16.2
2016-12-31 04:00:00,45.28,41.59,46.44,25.76,16.2
2016-12-31 04:30:00,43.15,39.73,43.66,21.41,10.68
2016-12-31 05:00:00,43.2,39.16,43.79,22.02,11.49
2016-12-31 05:30:00,48.74,44.52,50.98,24.11,11.6
2016-12-31 06:00:00,45.1,41.34,51.76,25.56,15.36
2016-12-31 06:30:00,43.65,40.43,49.25,25.57,16.2
2016-12-31 07:00:00,45.67,43.17,57.06,30.09,21.43
2016-12-31 07:30:00,53.65,50.84,70.01,35.2,22.2
2016-12-31 08:00:00,49.92,48.22,63.86,36.42,25.16
2016-12-31 08:30:00,56.38,55.53,76.63,37.49,22.14
2016-12-31 09:00:00,57.36,56.25,74.0,37.34,22.51
2016-12-31 09:30:00,68.15,67.8,73.62,24.92,13.35
2016-12-31 10:00:00,61.47,61.84,63.66,21.5,16.3
2016-12-31 10:30:00,57.39,59.26,58.28,28.98,16.2
2016-12-31 11:00:00,58.81,65.12,57.6,29.45,16.56
2016-12-31 11:30:00,59.43,65.27,60.1,29.86,17.05
2016-12-31 12:00:00,60.81,85.85,59.84,34.54,19.46
2016-12-31 12:30:00,66.46,77.35,62.08,48.42,16.73
2016-12-31 13:00:00,77.23,90.29,63.65,49.07,21.72
2016-12-31 13:30:00,48.63,96.66,47.67,49.63,22.22
2016-12-31 14:00:00,17.88,2342.24,15.71,9.31,12.58
2016-12-31 14:30:00,48.26,48.75,31.33,18.86,28.13
2016-12-31 15:00:00,50.87,55.6,36.56,24.35,30.17
2016-12-31 15:30:00,49.99,123.5,41.95,29.79,27.84
2016-12-31 16:00:00,64.26,130.94,53.46,35.37,25.03
2016-12-31 16:30:00,50.69,148.58,46.24,30.8,25.34
2016-12-31 17:00:00,49.55,89.46,44.56,30.35,25.34
2016-12-31 17:30:00,49.94,75.79,47.86,25.75,15.36
2016-12-31 18:00:00,47.39,99.62,46.93,22.95,11.45
2016-12-31 18:30:00,46.08,78.64,44.51,21.65,10.5
2016-12-31 19:00:00,56.04,75.77,55.43,25.15,10.5
2016-12-31 19:30:00,45.52,119.88,40.59,24.78,16.98
2016-12-31 20:00:00,47.16,62.12,44.6,22.31,10.57
2016-12-31 20:30:00,47.34,54.02,44.28,26.48,12.62
2016-12-31 21:00:00,45.49,51.73,41.95,27.46,11.04
2016-12-31 21:30:00,44.19,48.77,38.31,21.45,10.5
2016-12-31 22:00:00,42.43,45.24,33.71,43.15,10.5
2016-12-31 22:30:00,48.33,53.71,36.23,25.98,16.17
2016-12-31 23:00:00,43.31,50.04,34.24,23.43,14.76
2016-12-31 23:30:00,40.74,45.12,31.02,28.13,23.26
