Timestamp,North Macedonia
2023-05-11 00:00:00,104.0
2023-05-11 01:00:00,95.67
2023-05-11 02:00:00,91.74
2023-05-11 03:00:00,90.99
2023-05-11 04:00:00,92.52
2023-05-11 05:00:00,99.3
2023-05-11 06:00:00,112.0
2023-05-11 07:00:00,136.28
2023-05-11 08:00:00,135.68
2023-05-11 09:00:00,125.76
2023-05-11 10:00:00,114.59
2023-05-11 11:00:00,108.27
2023-05-11 12:00:00,102.86
2023-05-11 13:00:00,101.14
2023-05-11 14:00:00,106.85
2023-05-11 15:00:00,107.62
2023-05-11 16:00:00,111.0
2023-05-11 17:00:00,117.0
2023-05-11 18:00:00,128.23
2023-05-11 19:00:00,153.0
2023-05-11 20:00:00,169.84
2023-05-11 21:00:00,142.4
2023-05-11 22:00:00,121.0
2023-05-11 23:00:00,112.0
2023-05-12 00:00:00,101.9
2023-05-12 01:00:00,90.0
2023-05-12 02:00:00,84.7
2023-05-12 03:00:00,81.22
2023-05-12 04:00:00,81.22
2023-05-12 05:00:00,90.46
2023-05-12 06:00:00,104.0
2023-05-12 07:00:00,131.68
2023-05-12 08:00:00,135.0
2023-05-12 09:00:00,120.0
2023-05-12 10:00:00,110.0
2023-05-12 11:00:00,100.0
2023-05-12 12:00:00,95.0
2023-05-12 13:00:00,78.34
2023-05-12 14:00:00,76.02
2023-05-12 15:00:00,81.3
2023-05-12 16:00:00,89.8
2023-05-12 17:00:00,100.0
2023-05-12 18:00:00,141.49
2023-05-12 19:00:00,165.34
2023-05-12 20:00:00,169.91
2023-05-12 21:00:00,135.28
2023-05-12 22:00:00,110.0
2023-05-12 23:00:00,100.0
2023-05-13 00:00:00,90.46
2023-05-13 01:00:00,86.73
2023-05-13 02:00:00,79.0
2023-05-13 03:00:00,79.0
2023-05-13 04:00:00,79.0
2023-05-13 05:00:00,79.0
2023-05-13 06:00:00,81.0
2023-05-13 07:00:00,83.36
2023-05-13 08:00:00,86.0
2023-05-13 09:00:00,88.0
2023-05-13 10:00:00,79.0
2023-05-13 11:00:00,77.0
2023-05-13 12:00:00,67.0
2023-05-13 13:00:00,46.0
2023-05-13 14:00:00,44.3
2023-05-13 15:00:00,51.5
2023-05-13 16:00:00,62.3
2023-05-13 17:00:00,79.0
2023-05-13 18:00:00,100.0
2023-05-13 19:00:00,115.0
2023-05-13 20:00:00,120.0
2023-05-13 21:00:00,110.0
2023-05-13 22:00:00,105.0
2023-05-13 23:00:00,97.5
2023-05-14 00:00:00,97.0
2023-05-14 01:00:00,79.0
2023-05-14 02:00:00,79.0
2023-05-14 03:00:00,79.0
2023-05-14 04:00:00,79.0
2023-05-14 05:00:00,79.0
2023-05-14 06:00:00,79.0
2023-05-14 07:00:00,69.0
2023-05-14 08:00:00,67.0
2023-05-14 09:00:00,62.0
2023-05-14 10:00:00,60.0
2023-05-14 11:00:00,35.0
2023-05-14 12:00:00,32.0
2023-05-14 13:00:00,29.0
2023-05-14 14:00:00,21.0
2023-05-14 15:00:00,27.0
2023-05-14 16:00:00,59.6
2023-05-14 17:00:00,78.7
2023-05-14 18:00:00,97.3
2023-05-14 19:00:00,110.7
2023-05-14 20:00:00,114.7
2023-05-14 21:00:00,111.9
2023-05-14 22:00:00,109.6
2023-05-14 23:00:00,101.9
2023-05-15 00:00:00,103.26
2023-05-15 01:00:00,81.22
2023-05-15 02:00:00,81.22
2023-05-15 03:00:00,81.22
2023-05-15 04:00:00,81.22
2023-05-15 05:00:00,81.22
2023-05-15 06:00:00,81.22
2023-05-15 07:00:00,111.0
2023-05-15 08:00:00,111.0
2023-05-15 09:00:00,103.0
2023-05-15 10:00:00,87.0
2023-05-15 11:00:00,87.0
2023-05-15 12:00:00,65.0
2023-05-15 13:00:00,85.1
2023-05-15 14:00:00,81.3
2023-05-15 15:00:00,81.0
2023-05-15 16:00:00,86.7
2023-05-15 17:00:00,96.8
2023-05-15 18:00:00,109.44
2023-05-15 19:00:00,115.0
2023-05-15 20:00:00,115.0
2023-05-15 21:00:00,115.1
2023-05-15 22:00:00,107.5
2023-05-15 23:00:00,101.0
2023-05-16 00:00:00,90.52
2023-05-16 01:00:00,81.22
2023-05-16 02:00:00,81.22
2023-05-16 03:00:00,81.22
2023-05-16 04:00:00,81.22
2023-05-16 05:00:00,81.22
2023-05-16 06:00:00,100.95
2023-05-16 07:00:00,119.0
2023-05-16 08:00:00,134.98
2023-05-16 09:00:00,109.44
2023-05-16 10:00:00,94.0
2023-05-16 11:00:00,90.0
2023-05-16 12:00:00,81.0
2023-05-16 13:00:00,74.2
2023-05-16 14:00:00,82.7
2023-05-16 15:00:00,90.7
2023-05-16 16:00:00,94.17
2023-05-16 17:00:00,95.23
2023-05-16 18:00:00,108.7
2023-05-16 19:00:00,112.04
2023-05-16 20:00:00,118.59
2023-05-16 21:00:00,122.27
2023-05-16 22:00:00,108.5
2023-05-16 23:00:00,97.8
2023-05-17 00:00:00,90.0
2023-05-17 01:00:00,84.5
2023-05-17 02:00:00,81.23
2023-05-17 03:00:00,81.23
2023-05-17 04:00:00,81.23
2023-05-17 05:00:00,92.0
2023-05-17 06:00:00,111.0
2023-05-17 07:00:00,130.1
2023-05-17 08:00:00,109.45
2023-05-17 09:00:00,99.1
2023-05-17 10:00:00,69.33
2023-05-17 11:00:00,62.47
2023-05-17 12:00:00,56.88
2023-05-17 13:00:00,56.0
2023-05-17 14:00:00,60.0
2023-05-17 15:00:00,84.0
2023-05-17 16:00:00,88.01
2023-05-17 17:00:00,97.58
2023-05-17 18:00:00,119.0
2023-05-17 19:00:00,130.1
2023-05-17 20:00:00,140.02
2023-05-17 21:00:00,127.02
2023-05-17 22:00:00,115.0
2023-05-17 23:00:00,104.0
2023-05-18 00:00:00,103.89
2023-05-18 01:00:00,89.21
2023-05-18 02:00:00,83.01
2023-05-18 03:00:00,79.36
2023-05-18 04:00:00,81.01
2023-05-18 05:00:00,82.61
2023-05-18 06:00:00,95.99
2023-05-18 07:00:00,115.59
2023-05-18 08:00:00,102.01
2023-05-18 09:00:00,102.01
2023-05-18 10:00:00,82.01
2023-05-18 11:00:00,73.01
2023-05-18 12:00:00,73.01
2023-05-18 13:00:00,74.01
2023-05-18 14:00:00,69.85
2023-05-18 15:00:00,73.19
2023-05-18 16:00:00,74.01
2023-05-18 17:00:00,84.01
2023-05-18 18:00:00,120.46
2023-05-18 19:00:00,127.74
2023-05-18 20:00:00,146.03
2023-05-18 21:00:00,120.01
2023-05-18 22:00:00,116.19
2023-05-18 23:00:00,113.92
2023-05-19 00:00:00,86.99
2023-05-19 01:00:00,73.99
2023-05-19 02:00:00,73.99
2023-05-19 03:00:00,73.99
2023-05-19 04:00:00,73.99
2023-05-19 05:00:00,73.99
2023-05-19 06:00:00,100.01
2023-05-19 07:00:00,126.99
2023-05-19 08:00:00,92.99
2023-05-19 09:00:00,81.02
2023-05-19 10:00:00,73.99
2023-05-19 11:00:00,73.99
2023-05-19 12:00:00,73.99
2023-05-19 13:00:00,71.99
2023-05-19 14:00:00,68.3
2023-05-19 15:00:00,69.01
2023-05-19 16:00:00,73.99
2023-05-19 17:00:00,91.79
2023-05-19 18:00:00,147.44
2023-05-19 19:00:00,160.34
2023-05-19 20:00:00,179.85
2023-05-19 21:00:00,149.02
2023-05-19 22:00:00,122.99
2023-05-19 23:00:00,113.99
2023-05-20 00:00:00,91.07
2023-05-20 01:00:00,74.0
2023-05-20 02:00:00,74.0
2023-05-20 03:00:00,74.0
2023-05-20 04:00:00,72.0
2023-05-20 05:00:00,74.0
2023-05-20 06:00:00,80.0
2023-05-20 07:00:00,80.0
2023-05-20 08:00:00,80.0
2023-05-20 09:00:00,67.0
2023-05-20 10:00:00,24.0
2023-05-20 11:00:00,10.0
2023-05-20 12:00:00,9.0
2023-05-20 13:00:00,2.0
2023-05-20 14:00:00,22.8
2023-05-20 15:00:00,24.3
2023-05-20 16:00:00,30.08
2023-05-20 17:00:00,74.0
2023-05-20 18:00:00,77.0
2023-05-20 19:00:00,100.0
2023-05-20 20:00:00,100.0
2023-05-20 21:00:00,100.0
2023-05-20 22:00:00,94.0
2023-05-20 23:00:00,80.0
2023-05-21 00:00:00,58.59
2023-05-21 01:00:00,54.99
2023-05-21 02:00:00,48.49
2023-05-21 03:00:00,46.18
2023-05-21 04:00:00,45.51
2023-05-21 05:00:00,45.18
2023-05-21 06:00:00,40.37
2023-05-21 07:00:00,29.0
2023-05-21 08:00:00,24.0
2023-05-21 09:00:00,3.48
2023-05-21 10:00:00,1.02
2023-05-21 11:00:00,1.02
2023-05-21 12:00:00,1.02
2023-05-21 13:00:00,8.98
2023-05-21 14:00:00,8.99
2023-05-21 15:00:00,9.05
2023-05-21 16:00:00,3.0
2023-05-21 17:00:00,17.49
2023-05-21 18:00:00,52.82
2023-05-21 19:00:00,77.0
2023-05-21 20:00:00,79.58
2023-05-21 21:00:00,82.77
2023-05-21 22:00:00,76.54
2023-05-21 23:00:00,72.53
2023-05-22 00:00:00,69.0
2023-05-22 01:00:00,63.0
2023-05-22 02:00:00,54.0
2023-05-22 03:00:00,54.0
2023-05-22 04:00:00,57.0
2023-05-22 05:00:00,73.7
2023-05-22 06:00:00,90.0
2023-05-22 07:00:00,92.0
2023-05-22 08:00:00,92.0
2023-05-22 09:00:00,77.98
2023-05-22 10:00:00,58.54
2023-05-22 11:00:00,58.54
2023-05-22 12:00:00,58.54
2023-05-22 13:00:00,58.54
2023-05-22 14:00:00,58.54
2023-05-22 15:00:00,73.18
2023-05-22 16:00:00,74.0
2023-05-22 17:00:00,85.55
2023-05-22 18:00:00,110.0
2023-05-22 19:00:00,120.0
2023-05-22 20:00:00,120.0
2023-05-22 21:00:00,120.0
2023-05-22 22:00:00,105.0
2023-05-22 23:00:00,94.0
2023-05-23 00:00:00,83.14
2023-05-23 01:00:00,72.2
2023-05-23 02:00:00,58.51
2023-05-23 03:00:00,56.67
2023-05-23 04:00:00,58.4
2023-05-23 05:00:00,74.0
2023-05-23 06:00:00,88.9
2023-05-23 07:00:00,104.84
2023-05-23 08:00:00,92.31
2023-05-23 09:00:00,87.8
2023-05-23 10:00:00,69.18
2023-05-23 11:00:00,59.36
2023-05-23 12:00:00,55.08
2023-05-23 13:00:00,46.72
2023-05-23 14:00:00,38.82
2023-05-23 15:00:00,42.15
2023-05-23 16:00:00,54.76
2023-05-23 17:00:00,77.0
2023-05-23 18:00:00,100.0
2023-05-23 19:00:00,108.52
2023-05-23 20:00:00,133.4
2023-05-23 21:00:00,121.63
2023-05-23 22:00:00,110.19
2023-05-23 23:00:00,93.81
2023-05-24 00:00:00,83.44
2023-05-24 01:00:00,75.82
2023-05-24 02:00:00,69.47
2023-05-24 03:00:00,66.97
2023-05-24 04:00:00,70.01
2023-05-24 05:00:00,80.01
2023-05-24 06:00:00,101.0
2023-05-24 07:00:00,120.01
2023-05-24 08:00:00,115.16
2023-05-24 09:00:00,94.0
2023-05-24 10:00:00,85.0
2023-05-24 11:00:00,77.0
2023-05-24 12:00:00,69.38
2023-05-24 13:00:00,67.21
2023-05-24 14:00:00,66.1
2023-05-24 15:00:00,69.27
2023-05-24 16:00:00,91.83
2023-05-24 17:00:00,97.32
2023-05-24 18:00:00,111.71
2023-05-24 19:00:00,129.71
2023-05-24 20:00:00,148.95
2023-05-24 21:00:00,123.67
2023-05-24 22:00:00,127.81
2023-05-24 23:00:00,100.15
2023-05-25 00:00:00,0.0
2023-05-25 01:00:00,0.0
2023-05-25 02:00:00,0.0
2023-05-25 03:00:00,0.0
2023-05-25 04:00:00,0.0
2023-05-25 05:00:00,0.0
2023-05-25 06:00:00,0.0
2023-05-25 07:00:00,0.0
2023-05-25 08:00:00,0.0
2023-05-25 09:00:00,0.0
2023-05-25 10:00:00,0.0
2023-05-25 11:00:00,0.0
2023-05-25 12:00:00,0.0
2023-05-25 13:00:00,0.0
2023-05-25 14:00:00,0.0
2023-05-25 15:00:00,0.0
2023-05-25 16:00:00,0.0
2023-05-25 17:00:00,0.0
2023-05-25 18:00:00,0.0
2023-05-25 19:00:00,0.0
2023-05-25 20:00:00,0.0
2023-05-25 21:00:00,0.0
2023-05-25 22:00:00,0.0
2023-05-25 23:00:00,0.0
2023-05-26 00:00:00,85.39
2023-05-26 01:00:00,75.26
2023-05-26 02:00:00,69.53
2023-05-26 03:00:00,69.21
2023-05-26 04:00:00,69.75
2023-05-26 05:00:00,72.77
2023-05-26 06:00:00,96.03
2023-05-26 07:00:00,108.6
2023-05-26 08:00:00,91.78
2023-05-26 09:00:00,82.41
2023-05-26 10:00:00,65.04
2023-05-26 11:00:00,45.92
2023-05-26 12:00:00,40.8
2023-05-26 13:00:00,30.0
2023-05-26 14:00:00,30.0
2023-05-26 15:00:00,38.46
2023-05-26 16:00:00,48.05
2023-05-26 17:00:00,71.54
2023-05-26 18:00:00,99.23
2023-05-26 19:00:00,111.0
2023-05-26 20:00:00,127.33
2023-05-26 21:00:00,114.0
2023-05-26 22:00:00,107.68
2023-05-26 23:00:00,90.0
2023-05-27 00:00:00,85.41
2023-05-27 01:00:00,69.0
2023-05-27 02:00:00,66.23
2023-05-27 03:00:00,65.0
2023-05-27 04:00:00,57.54
2023-05-27 05:00:00,56.54
2023-05-27 06:00:00,60.51
2023-05-27 07:00:00,61.1
2023-05-27 08:00:00,60.0
2023-05-27 09:00:00,64.94
2023-05-27 10:00:00,35.17
2023-05-27 11:00:00,29.29
2023-05-27 12:00:00,24.34
2023-05-27 13:00:00,23.36
2023-05-27 14:00:00,22.93
2023-05-27 15:00:00,25.0
2023-05-27 16:00:00,28.98
2023-05-27 17:00:00,56.59
2023-05-27 18:00:00,73.7
2023-05-27 19:00:00,108.82
2023-05-27 20:00:00,128.01
2023-05-27 21:00:00,105.0
2023-05-27 22:00:00,103.16
2023-05-27 23:00:00,92.54
2023-05-28 00:00:00,65.0
2023-05-28 01:00:00,35.0
2023-05-28 02:00:00,35.0
2023-05-28 03:00:00,30.0
2023-05-28 04:00:00,30.0
2023-05-28 05:00:00,30.0
2023-05-28 06:00:00,35.0
2023-05-28 07:00:00,30.0
2023-05-28 08:00:00,30.0
2023-05-28 09:00:00,28.0
2023-05-28 10:00:00,28.0
2023-05-28 11:00:00,28.0
2023-05-28 12:00:00,28.0
2023-05-28 13:00:00,28.0
2023-05-28 14:00:00,28.0
2023-05-28 15:00:00,28.0
2023-05-28 16:00:00,28.0
2023-05-28 17:00:00,28.0
2023-05-28 18:00:00,45.0
2023-05-28 19:00:00,65.0
2023-05-28 20:00:00,75.0
2023-05-28 21:00:00,90.9
2023-05-28 22:00:00,128.88
2023-05-28 23:00:00,74.0
2023-05-29 00:00:00,73.18
2023-05-29 01:00:00,62.13
2023-05-29 02:00:00,55.0
2023-05-29 03:00:00,50.0
2023-05-29 04:00:00,46.0
2023-05-29 05:00:00,48.0
2023-05-29 06:00:00,50.95
2023-05-29 07:00:00,50.0
2023-05-29 08:00:00,73.18
2023-05-29 09:00:00,73.18
2023-05-29 10:00:00,10.03
2023-05-29 11:00:00,10.03
2023-05-29 12:00:00,10.03
2023-05-29 13:00:00,11.39
2023-05-29 14:00:00,65.0
2023-05-29 15:00:00,30.0
2023-05-29 16:00:00,32.52
2023-05-29 17:00:00,86.19
2023-05-29 18:00:00,73.7
2023-05-29 19:00:00,83.68
2023-05-29 20:00:00,115.0
2023-05-29 21:00:00,90.0
2023-05-29 22:00:00,90.0
2023-05-29 23:00:00,80.0
2023-05-30 00:00:00,73.52
2023-05-30 01:00:00,65.0
2023-05-30 02:00:00,57.28
2023-05-30 03:00:00,60.0
2023-05-30 04:00:00,62.99
2023-05-30 05:00:00,73.55
2023-05-30 06:00:00,95.08
2023-05-30 07:00:00,104.89
2023-05-30 08:00:00,95.09
2023-05-30 09:00:00,87.17
2023-05-30 10:00:00,71.0
2023-05-30 11:00:00,68.88
2023-05-30 12:00:00,65.26
2023-05-30 13:00:00,68.31
2023-05-30 14:00:00,61.94
2023-05-30 15:00:00,79.18
2023-05-30 16:00:00,80.75
2023-05-30 17:00:00,101.86
2023-05-30 18:00:00,97.0
2023-05-30 19:00:00,115.33
2023-05-30 20:00:00,115.49
2023-05-30 21:00:00,113.58
2023-05-30 22:00:00,99.2
2023-05-30 23:00:00,90.05
2023-05-31 00:00:00,99.95
2023-05-31 01:00:00,78.0
2023-05-31 02:00:00,73.58
2023-05-31 03:00:00,71.65
2023-05-31 04:00:00,71.1
2023-05-31 05:00:00,78.05
2023-05-31 06:00:00,93.06
2023-05-31 07:00:00,105.61
2023-05-31 08:00:00,103.0
2023-05-31 09:00:00,83.08
2023-05-31 10:00:00,71.19
2023-05-31 11:00:00,69.06
2023-05-31 12:00:00,55.81
2023-05-31 13:00:00,56.08
2023-05-31 14:00:00,67.06
2023-05-31 15:00:00,71.02
2023-05-31 16:00:00,75.07
2023-05-31 17:00:00,76.87
2023-05-31 18:00:00,113.48
2023-05-31 19:00:00,118.9
2023-05-31 20:00:00,118.9
2023-05-31 21:00:00,110.0
2023-05-31 22:00:00,104.9
2023-05-31 23:00:00,86.06
2023-06-01 00:00:00,85.0
2023-06-01 01:00:00,77.03
2023-06-01 02:00:00,64.0
2023-06-01 03:00:00,59.0
2023-06-01 04:00:00,64.0
2023-06-01 05:00:00,75.0
2023-06-01 06:00:00,93.33
2023-06-01 07:00:00,101.27
2023-06-01 08:00:00,88.0
2023-06-01 09:00:00,71.0
2023-06-01 10:00:00,56.18
2023-06-01 11:00:00,55.0
2023-06-01 12:00:00,55.0
2023-06-01 13:00:00,55.0
2023-06-01 14:00:00,55.0
2023-06-01 15:00:00,55.0
2023-06-01 16:00:00,55.0
2023-06-01 17:00:00,78.3
2023-06-01 18:00:00,106.19
2023-06-01 19:00:00,111.0
2023-06-01 20:00:00,135.88
2023-06-01 21:00:00,120.01
2023-06-01 22:00:00,101.06
2023-06-01 23:00:00,89.0
2023-06-02 00:00:00,89.0
2023-06-02 01:00:00,74.32
2023-06-02 02:00:00,68.43
2023-06-02 03:00:00,63.57
2023-06-02 04:00:00,70.0
2023-06-02 05:00:00,75.0
2023-06-02 06:00:00,86.95
2023-06-02 07:00:00,100.0
2023-06-02 08:00:00,95.0
2023-06-02 09:00:00,80.0
2023-06-02 10:00:00,66.0
2023-06-02 11:00:00,50.0
2023-06-02 12:00:00,35.0
2023-06-02 13:00:00,32.77
2023-06-02 14:00:00,32.63
2023-06-02 15:00:00,35.7
2023-06-02 16:00:00,45.25
2023-06-02 17:00:00,73.6
2023-06-02 18:00:00,94.87
2023-06-02 19:00:00,110.68
2023-06-02 20:00:00,110.0
2023-06-02 21:00:00,100.0
2023-06-02 22:00:00,99.0
2023-06-02 23:00:00,83.88
2023-06-03 00:00:00,82.0
2023-06-03 01:00:00,76.87
2023-06-03 02:00:00,73.0
2023-06-03 03:00:00,66.5
2023-06-03 04:00:00,66.37
2023-06-03 05:00:00,67.69
2023-06-03 06:00:00,69.69
2023-06-03 07:00:00,72.0
2023-06-03 08:00:00,73.0
2023-06-03 09:00:00,52.0
2023-06-03 10:00:00,31.84
2023-06-03 11:00:00,25.0
2023-06-03 12:00:00,27.79
2023-06-03 13:00:00,32.55
2023-06-03 14:00:00,26.65
2023-06-03 15:00:00,33.6
2023-06-03 16:00:00,43.0
2023-06-03 17:00:00,60.0
2023-06-03 18:00:00,74.0
2023-06-03 19:00:00,92.98
2023-06-03 20:00:00,101.18
2023-06-03 21:00:00,97.59
2023-06-03 22:00:00,90.0
2023-06-03 23:00:00,80.0
2023-06-04 00:00:00,74.0
2023-06-04 01:00:00,57.44
2023-06-04 02:00:00,51.37
2023-06-04 03:00:00,47.58
2023-06-04 04:00:00,47.48
2023-06-04 05:00:00,48.08
2023-06-04 06:00:00,51.66
2023-06-04 07:00:00,51.97
2023-06-04 08:00:00,38.24
2023-06-04 09:00:00,21.0
2023-06-04 10:00:00,1.0
2023-06-04 11:00:00,1.0
2023-06-04 12:00:00,1.0
2023-06-04 13:00:00,1.0
2023-06-04 14:00:00,1.0
2023-06-04 15:00:00,1.0
2023-06-04 16:00:00,3.0
2023-06-04 17:00:00,33.76
2023-06-04 18:00:00,75.0
2023-06-04 19:00:00,87.49
2023-06-04 20:00:00,110.0
2023-06-04 21:00:00,100.0
2023-06-04 22:00:00,95.3
2023-06-04 23:00:00,83.41
2023-06-05 00:00:00,0.0
2023-06-05 01:00:00,0.0
2023-06-05 02:00:00,0.0
2023-06-05 03:00:00,0.0
2023-06-05 04:00:00,0.0
2023-06-05 05:00:00,0.0
2023-06-05 06:00:00,0.0
2023-06-05 07:00:00,0.0
2023-06-05 08:00:00,0.0
2023-06-05 09:00:00,0.0
2023-06-05 10:00:00,0.0
2023-06-05 11:00:00,0.0
2023-06-05 12:00:00,0.0
2023-06-05 13:00:00,0.0
2023-06-05 14:00:00,0.0
2023-06-05 15:00:00,0.0
2023-06-05 16:00:00,0.0
2023-06-05 17:00:00,0.0
2023-06-05 18:00:00,0.0
2023-06-05 19:00:00,0.0
2023-06-05 20:00:00,0.0
2023-06-05 21:00:00,0.0
2023-06-05 22:00:00,0.0
2023-06-05 23:00:00,0.0
2023-06-06 00:00:00,89.31
2023-06-06 01:00:00,77.0
2023-06-06 02:00:00,73.75
2023-06-06 03:00:00,72.8
2023-06-06 04:00:00,75.4
2023-06-06 05:00:00,83.6
2023-06-06 06:00:00,105.72
2023-06-06 07:00:00,120.45
2023-06-06 08:00:00,108.0
2023-06-06 09:00:00,96.74
2023-06-06 10:00:00,84.27
2023-06-06 11:00:00,78.93
2023-06-06 12:00:00,72.65
2023-06-06 13:00:00,71.26
2023-06-06 14:00:00,71.34
2023-06-06 15:00:00,74.93
2023-06-06 16:00:00,80.7
2023-06-06 17:00:00,93.3
2023-06-06 18:00:00,104.24
2023-06-06 19:00:00,126.28
2023-06-06 20:00:00,143.62
2023-06-06 21:00:00,123.0
2023-06-06 22:00:00,108.97
2023-06-06 23:00:00,97.48
2023-06-07 00:00:00,70.08
2023-06-07 01:00:00,65.98
2023-06-07 02:00:00,65.51
2023-06-07 03:00:00,66.48
2023-06-07 04:00:00,68.36
2023-06-07 05:00:00,69.5
2023-06-07 06:00:00,89.44
2023-06-07 07:00:00,81.0
2023-06-07 08:00:00,112.31
2023-06-07 09:00:00,96.73
2023-06-07 10:00:00,70.78
2023-06-07 11:00:00,66.97
2023-06-07 12:00:00,63.33
2023-06-07 13:00:00,61.52
2023-06-07 14:00:00,59.74
2023-06-07 15:00:00,73.01
2023-06-07 16:00:00,74.89
2023-06-07 17:00:00,88.4
2023-06-07 18:00:00,106.0
2023-06-07 19:00:00,134.01
2023-06-07 20:00:00,135.09
2023-06-07 21:00:00,119.35
2023-06-07 22:00:00,96.62
2023-06-07 23:00:00,93.67
2023-06-08 00:00:00,81.79
2023-06-08 01:00:00,71.55
2023-06-08 02:00:00,60.86
2023-06-08 03:00:00,58.03
2023-06-08 04:00:00,58.3
2023-06-08 05:00:00,50.0
2023-06-08 06:00:00,65.01
2023-06-08 07:00:00,78.53
2023-06-08 08:00:00,74.91
2023-06-08 09:00:00,64.68
2023-06-08 10:00:00,50.0
2023-06-08 11:00:00,42.34
2023-06-08 12:00:00,42.33
2023-06-08 13:00:00,37.54
2023-06-08 14:00:00,36.94
2023-06-08 15:00:00,39.66
2023-06-08 16:00:00,52.09
2023-06-08 17:00:00,76.49
2023-06-08 18:00:00,90.0
2023-06-08 19:00:00,100.0
2023-06-08 20:00:00,111.15
2023-06-08 21:00:00,103.9
2023-06-08 22:00:00,95.0
2023-06-08 23:00:00,87.0
2023-06-09 00:00:00,83.02
2023-06-09 01:00:00,77.0
2023-06-09 02:00:00,68.62
2023-06-09 03:00:00,64.93
2023-06-09 04:00:00,67.0
2023-06-09 05:00:00,69.64
2023-06-09 06:00:00,84.62
2023-06-09 07:00:00,91.77
2023-06-09 08:00:00,92.0
2023-06-09 09:00:00,91.0
2023-06-09 10:00:00,80.44
2023-06-09 11:00:00,68.0
2023-06-09 12:00:00,59.93
2023-06-09 13:00:00,58.0
2023-06-09 14:00:00,59.3
2023-06-09 15:00:00,67.47
2023-06-09 16:00:00,68.84
2023-06-09 17:00:00,75.0
2023-06-09 18:00:00,84.0
2023-06-09 19:00:00,103.0
2023-06-09 20:00:00,108.0
2023-06-09 21:00:00,99.16
2023-06-09 22:00:00,90.55
2023-06-09 23:00:00,84.77
2023-06-10 00:00:00,76.0
2023-06-10 01:00:00,77.0
2023-06-10 02:00:00,69.65
2023-06-10 03:00:00,63.08
2023-06-10 04:00:00,62.68
2023-06-10 05:00:00,62.89
2023-06-10 06:00:00,70.0
2023-06-10 07:00:00,69.0
2023-06-10 08:00:00,69.94
2023-06-10 09:00:00,69.7
2023-06-10 10:00:00,40.0
2023-06-10 11:00:00,37.0
2023-06-10 12:00:00,25.0
2023-06-10 13:00:00,25.0
2023-06-10 14:00:00,26.16
2023-06-10 15:00:00,28.9
2023-06-10 16:00:00,40.0
2023-06-10 17:00:00,52.22
2023-06-10 18:00:00,74.8
2023-06-10 19:00:00,84.14
2023-06-10 20:00:00,90.89
2023-06-10 21:00:00,86.0
2023-06-10 22:00:00,85.0
2023-06-10 23:00:00,79.6
2023-06-11 00:00:00,60.0
2023-06-11 01:00:00,45.45
2023-06-11 02:00:00,44.85
2023-06-11 03:00:00,36.97
2023-06-11 04:00:00,38.0
2023-06-11 05:00:00,38.0
2023-06-11 06:00:00,38.76
2023-06-11 07:00:00,39.38
2023-06-11 08:00:00,39.93
2023-06-11 09:00:00,39.25
2023-06-11 10:00:00,34.56
2023-06-11 11:00:00,33.28
2023-06-11 12:00:00,30.98
2023-06-11 13:00:00,30.0
2023-06-11 14:00:00,31.79
2023-06-11 15:00:00,31.28
2023-06-11 16:00:00,30.0
2023-06-11 17:00:00,40.0
2023-06-11 18:00:00,65.06
2023-06-11 19:00:00,82.29
2023-06-11 20:00:00,92.66
2023-06-11 21:00:00,91.39
2023-06-11 22:00:00,79.18
2023-06-11 23:00:00,70.03
2023-06-12 00:00:00,65.0
2023-06-12 01:00:00,40.0
2023-06-12 02:00:00,40.0
2023-06-12 03:00:00,40.0
2023-06-12 04:00:00,40.0
2023-06-12 05:00:00,40.0
2023-06-12 06:00:00,45.0
2023-06-12 07:00:00,86.0
2023-06-12 08:00:00,86.0
2023-06-12 09:00:00,86.0
2023-06-12 10:00:00,74.39
2023-06-12 11:00:00,66.0
2023-06-12 12:00:00,62.0
2023-06-12 13:00:00,56.0
2023-06-12 14:00:00,54.0
2023-06-12 15:00:00,60.0
2023-06-12 16:00:00,70.0
2023-06-12 17:00:00,85.0
2023-06-12 18:00:00,96.65
2023-06-12 19:00:00,100.97
2023-06-12 20:00:00,116.82
2023-06-12 21:00:00,90.62
2023-06-12 22:00:00,93.84
2023-06-12 23:00:00,89.48
2023-06-13 00:00:00,97.77
2023-06-13 01:00:00,82.94
2023-06-13 02:00:00,79.0
2023-06-13 03:00:00,75.82
2023-06-13 04:00:00,79.19
2023-06-13 05:00:00,87.35
2023-06-13 06:00:00,102.11
2023-06-13 07:00:00,115.0
2023-06-13 08:00:00,110.0
2023-06-13 09:00:00,98.0
2023-06-13 10:00:00,87.02
2023-06-13 11:00:00,83.32
2023-06-13 12:00:00,79.49
2023-06-13 13:00:00,71.55
2023-06-13 14:00:00,73.1
2023-06-13 15:00:00,77.11
2023-06-13 16:00:00,81.81
2023-06-13 17:00:00,91.88
2023-06-13 18:00:00,115.0
2023-06-13 19:00:00,136.9
2023-06-13 20:00:00,136.48
2023-06-13 21:00:00,129.32
2023-06-13 22:00:00,119.0
2023-06-13 23:00:00,99.0
2023-06-14 00:00:00,97.7
2023-06-14 01:00:00,84.96
2023-06-14 02:00:00,80.82
2023-06-14 03:00:00,76.0
2023-06-14 04:00:00,80.22
2023-06-14 05:00:00,87.52
2023-06-14 06:00:00,105.6
2023-06-14 07:00:00,122.37
2023-06-14 08:00:00,111.59
2023-06-14 09:00:00,100.4
2023-06-14 10:00:00,86.0
2023-06-14 11:00:00,76.64
2023-06-14 12:00:00,74.8
2023-06-14 13:00:00,74.8
2023-06-14 14:00:00,74.8
2023-06-14 15:00:00,78.21
2023-06-14 16:00:00,88.4
2023-06-14 17:00:00,100.6
2023-06-14 18:00:00,114.3
2023-06-14 19:00:00,121.0
2023-06-14 20:00:00,133.32
2023-06-14 21:00:00,120.0
2023-06-14 22:00:00,111.13
2023-06-14 23:00:00,101.0
2023-06-15 00:00:00,117.04
2023-06-15 01:00:00,95.58
2023-06-15 02:00:00,92.0
2023-06-15 03:00:00,88.84
2023-06-15 04:00:00,96.52
2023-06-15 05:00:00,101.64
2023-06-15 06:00:00,125.0
2023-06-15 07:00:00,135.0
2023-06-15 08:00:00,121.37
2023-06-15 09:00:00,110.04
2023-06-15 10:00:00,98.0
2023-06-15 11:00:00,92.55
2023-06-15 12:00:00,94.79
2023-06-15 13:00:00,91.27
2023-06-15 14:00:00,93.98
2023-06-15 15:00:00,94.23
2023-06-15 16:00:00,102.98
2023-06-15 17:00:00,101.82
2023-06-15 18:00:00,117.12
2023-06-15 19:00:00,135.0
2023-06-15 20:00:00,140.0
2023-06-15 21:00:00,125.0
2023-06-15 22:00:00,118.28
2023-06-15 23:00:00,110.87
2023-06-16 00:00:00,117.04
2023-06-16 01:00:00,95.58
2023-06-16 02:00:00,92.0
2023-06-16 03:00:00,88.84
2023-06-16 04:00:00,96.52
2023-06-16 05:00:00,101.64
2023-06-16 06:00:00,125.0
2023-06-16 07:00:00,135.0
2023-06-16 08:00:00,121.37
2023-06-16 09:00:00,110.04
2023-06-16 10:00:00,98.0
2023-06-16 11:00:00,92.55
2023-06-16 12:00:00,94.79
2023-06-16 13:00:00,91.27
2023-06-16 14:00:00,93.98
2023-06-16 15:00:00,94.23
2023-06-16 16:00:00,102.98
2023-06-16 17:00:00,101.82
2023-06-16 18:00:00,117.12
2023-06-16 19:00:00,135.0
2023-06-16 20:00:00,140.0
2023-06-16 21:00:00,125.0
2023-06-16 22:00:00,118.28
2023-06-16 23:00:00,110.87
2023-06-17 00:00:00,107.0
2023-06-17 01:00:00,99.34
2023-06-17 02:00:00,88.0
2023-06-17 03:00:00,88.0
2023-06-17 04:00:00,88.0
2023-06-17 05:00:00,88.0
2023-06-17 06:00:00,90.06
2023-06-17 07:00:00,96.17
2023-06-17 08:00:00,102.2
2023-06-17 09:00:00,92.83
2023-06-17 10:00:00,77.98
2023-06-17 11:00:00,71.92
2023-06-17 12:00:00,63.18
2023-06-17 13:00:00,55.79
2023-06-17 14:00:00,54.75
2023-06-17 15:00:00,59.65
2023-06-17 16:00:00,74.73
2023-06-17 17:00:00,87.12
2023-06-17 18:00:00,103.43
2023-06-17 19:00:00,115.41
2023-06-17 20:00:00,128.0
2023-06-17 21:00:00,125.0
2023-06-17 22:00:00,119.0
2023-06-17 23:00:00,115.0
2023-06-18 00:00:00,107.0
2023-06-18 01:00:00,91.66
2023-06-18 02:00:00,90.0
2023-06-18 03:00:00,88.13
2023-06-18 04:00:00,87.0
2023-06-18 05:00:00,87.01
2023-06-18 06:00:00,85.0
2023-06-18 07:00:00,77.0
2023-06-18 08:00:00,81.01
2023-06-18 09:00:00,76.43
2023-06-18 10:00:00,70.01
2023-06-18 11:00:00,52.0
2023-06-18 12:00:00,51.24
2023-06-18 13:00:00,45.0
2023-06-18 14:00:00,26.98
2023-06-18 15:00:00,50.0
2023-06-18 16:00:00,65.0
2023-06-18 17:00:00,87.51
2023-06-18 18:00:00,93.96
2023-06-18 19:00:00,110.0
2023-06-18 20:00:00,120.13
2023-06-18 21:00:00,120.0
2023-06-18 22:00:00,110.0
2023-06-18 23:00:00,102.38
2023-06-19 00:00:00,108.09
2023-06-19 01:00:00,95.0
2023-06-19 02:00:00,60.35
2023-06-19 03:00:00,60.0
2023-06-19 04:00:00,66.14
2023-06-19 05:00:00,71.51
2023-06-19 06:00:00,77.74
2023-06-19 07:00:00,103.18
2023-06-19 08:00:00,96.0
2023-06-19 09:00:00,90.0
2023-06-19 10:00:00,91.36
2023-06-19 11:00:00,95.0
2023-06-19 12:00:00,90.0
2023-06-19 13:00:00,94.0
2023-06-19 14:00:00,95.0
2023-06-19 15:00:00,96.0
2023-06-19 16:00:00,100.0
2023-06-19 17:00:00,98.58
2023-06-19 18:00:00,96.96
2023-06-19 19:00:00,109.0
2023-06-19 20:00:00,127.45
2023-06-19 21:00:00,110.0
2023-06-19 22:00:00,104.0
2023-06-19 23:00:00,119.05
2023-06-20 00:00:00,105.0
2023-06-20 01:00:00,100.15
2023-06-20 02:00:00,67.0
2023-06-20 03:00:00,50.0
2023-06-20 04:00:00,67.0
2023-06-20 05:00:00,85.0
2023-06-20 06:00:00,98.8
2023-06-20 07:00:00,90.0
2023-06-20 08:00:00,93.79
2023-06-20 09:00:00,90.0
2023-06-20 10:00:00,100.0
2023-06-20 11:00:00,100.98
2023-06-20 12:00:00,96.33
2023-06-20 13:00:00,90.18
2023-06-20 14:00:00,92.89
2023-06-20 15:00:00,98.69
2023-06-20 16:00:00,103.99
2023-06-20 17:00:00,107.0
2023-06-20 18:00:00,130.0
2023-06-20 19:00:00,140.0
2023-06-20 20:00:00,155.0
2023-06-20 21:00:00,150.0
2023-06-20 22:00:00,140.0
2023-06-20 23:00:00,106.2
2023-06-21 00:00:00,113.0
2023-06-21 01:00:00,90.0
2023-06-21 02:00:00,60.0
2023-06-21 03:00:00,52.89
2023-06-21 04:00:00,60.0
2023-06-21 05:00:00,62.0
2023-06-21 06:00:00,77.01
2023-06-21 07:00:00,120.0
2023-06-21 08:00:00,107.88
2023-06-21 09:00:00,67.19
2023-06-21 10:00:00,95.1
2023-06-21 11:00:00,86.53
2023-06-21 12:00:00,93.29
2023-06-21 13:00:00,88.17
2023-06-21 14:00:00,76.13
2023-06-21 15:00:00,99.71
2023-06-21 16:00:00,105.61
2023-06-21 17:00:00,107.0
2023-06-21 18:00:00,122.08
2023-06-21 19:00:00,149.94
2023-06-21 20:00:00,150.01
2023-06-21 21:00:00,144.7
2023-06-21 22:00:00,136.3
2023-06-21 23:00:00,111.14
2023-06-22 00:00:00,107.34
2023-06-22 01:00:00,89.39
2023-06-22 02:00:00,55.26
2023-06-22 03:00:00,55.26
2023-06-22 04:00:00,55.26
2023-06-22 05:00:00,70.26
2023-06-22 06:00:00,79.32
2023-06-22 07:00:00,122.54
2023-06-22 08:00:00,113.77
2023-06-22 09:00:00,106.94
2023-06-22 10:00:00,80.47
2023-06-22 11:00:00,76.39
2023-06-22 12:00:00,76.39
2023-06-22 13:00:00,78.85
2023-06-22 14:00:00,80.99
2023-06-22 15:00:00,90.23
2023-06-22 16:00:00,95.86
2023-06-22 17:00:00,106.94
2023-06-22 18:00:00,121.09
2023-06-22 19:00:00,140.82
2023-06-22 20:00:00,145.0
2023-06-22 21:00:00,136.2
2023-06-22 22:00:00,143.01
2023-06-22 23:00:00,110.0
2023-06-23 00:00:00,94.9
2023-06-23 01:00:00,67.89
2023-06-23 02:00:00,63.9
2023-06-23 03:00:00,60.07
2023-06-23 04:00:00,62.52
2023-06-23 05:00:00,60.07
2023-06-23 06:00:00,51.92
2023-06-23 07:00:00,51.92
2023-06-23 08:00:00,51.92
2023-06-23 09:00:00,46.93
2023-06-23 10:00:00,46.93
2023-06-23 11:00:00,44.28
2023-06-23 12:00:00,44.28
2023-06-23 13:00:00,44.28
2023-06-23 14:00:00,41.79
2023-06-23 15:00:00,65.0
2023-06-23 16:00:00,83.87
2023-06-23 17:00:00,93.85
2023-06-23 18:00:00,106.82
2023-06-23 19:00:00,111.19
2023-06-23 20:00:00,117.5
2023-06-23 21:00:00,119.14
2023-06-23 22:00:00,119.0
2023-06-23 23:00:00,106.82
2023-06-24 00:00:00,106.78
2023-06-24 01:00:00,113.04
2023-06-24 02:00:00,82.44
2023-06-24 03:00:00,85.14
2023-06-24 04:00:00,82.37
2023-06-24 05:00:00,74.72
2023-06-24 06:00:00,76.11
2023-06-24 07:00:00,80.91
2023-06-24 08:00:00,78.38
2023-06-24 09:00:00,86.39
2023-06-24 10:00:00,72.98
2023-06-24 11:00:00,66.65
2023-06-24 12:00:00,57.03
2023-06-24 13:00:00,48.55
2023-06-24 14:00:00,52.17
2023-06-24 15:00:00,55.46
2023-06-24 16:00:00,71.76
2023-06-24 17:00:00,92.03
2023-06-24 18:00:00,106.78
2023-06-24 19:00:00,129.83
2023-06-24 20:00:00,127.03
2023-06-24 21:00:00,124.92
2023-06-24 22:00:00,113.94
2023-06-24 23:00:00,107.33
2023-06-25 00:00:00,106.71
2023-06-25 01:00:00,84.57
2023-06-25 02:00:00,75.81
2023-06-25 03:00:00,74.12
2023-06-25 04:00:00,73.9
2023-06-25 05:00:00,74.06
2023-06-25 06:00:00,75.62
2023-06-25 07:00:00,73.81
2023-06-25 08:00:00,79.22
2023-06-25 09:00:00,65.73
2023-06-25 10:00:00,41.36
2023-06-25 11:00:00,35.0
2023-06-25 12:00:00,19.85
2023-06-25 13:00:00,20.0
2023-06-25 14:00:00,15.0
2023-06-25 15:00:00,18.51
2023-06-25 16:00:00,38.3
2023-06-25 17:00:00,80.46
2023-06-25 18:00:00,97.99
2023-06-25 19:00:00,111.24
2023-06-25 20:00:00,117.53
2023-06-25 21:00:00,120.02
2023-06-25 22:00:00,109.94
2023-06-25 23:00:00,106.72
2023-06-26 00:00:00,96.0
2023-06-26 01:00:00,86.0
2023-06-26 02:00:00,74.77
2023-06-26 03:00:00,72.1
2023-06-26 04:00:00,70.96
2023-06-26 05:00:00,78.96
2023-06-26 06:00:00,98.87
2023-06-26 07:00:00,124.87
2023-06-26 08:00:00,112.26
2023-06-26 09:00:00,98.67
2023-06-26 10:00:00,82.65
2023-06-26 11:00:00,67.16
2023-06-26 12:00:00,59.32
2023-06-26 13:00:00,46.14
2023-06-26 14:00:00,51.8
2023-06-26 15:00:00,50.0
2023-06-26 16:00:00,82.37
2023-06-26 17:00:00,97.13
2023-06-26 18:00:00,112.44
2023-06-26 19:00:00,120.02
2023-06-26 20:00:00,120.95
2023-06-26 21:00:00,120.02
2023-06-26 22:00:00,110.0
2023-06-26 23:00:00,100.86
2023-06-27 00:00:00,105.0
2023-06-27 01:00:00,95.0
2023-06-27 02:00:00,88.0
2023-06-27 03:00:00,83.67
2023-06-27 04:00:00,84.98
2023-06-27 05:00:00,94.11
2023-06-27 06:00:00,107.49
2023-06-27 07:00:00,123.77
2023-06-27 08:00:00,123.0
2023-06-27 09:00:00,104.35
2023-06-27 10:00:00,93.45
2023-06-27 11:00:00,90.62
2023-06-27 12:00:00,83.22
2023-06-27 13:00:00,78.0
2023-06-27 14:00:00,78.0
2023-06-27 15:00:00,88.0
2023-06-27 16:00:00,89.47
2023-06-27 17:00:00,106.25
2023-06-27 18:00:00,128.51
2023-06-27 19:00:00,134.92
2023-06-27 20:00:00,154.59
2023-06-27 21:00:00,139.18
2023-06-27 22:00:00,127.2
2023-06-27 23:00:00,113.74
2023-06-28 00:00:00,106.65
2023-06-28 01:00:00,97.97
2023-06-28 02:00:00,85.0
2023-06-28 03:00:00,85.0
2023-06-28 04:00:00,88.2
2023-06-28 05:00:00,93.63
2023-06-28 06:00:00,111.74
2023-06-28 07:00:00,128.49
2023-06-28 08:00:00,129.09
2023-06-28 09:00:00,117.68
2023-06-28 10:00:00,101.18
2023-06-28 11:00:00,99.69
2023-06-28 12:00:00,87.38
2023-06-28 13:00:00,85.0
2023-06-28 14:00:00,83.93
2023-06-28 15:00:00,86.38
2023-06-28 16:00:00,89.87
2023-06-28 17:00:00,103.51
2023-06-28 18:00:00,119.24
2023-06-28 19:00:00,135.0
2023-06-28 20:00:00,150.0
2023-06-28 21:00:00,139.59
2023-06-28 22:00:00,135.0
2023-06-28 23:00:00,112.28
2023-06-29 00:00:00,108.38
2023-06-29 01:00:00,100.03
2023-06-29 02:00:00,90.85
2023-06-29 03:00:00,88.0
2023-06-29 04:00:00,87.35
2023-06-29 05:00:00,93.28
2023-06-29 06:00:00,111.8
2023-06-29 07:00:00,121.33
2023-06-29 08:00:00,123.83
2023-06-29 09:00:00,108.74
2023-06-29 10:00:00,103.2
2023-06-29 11:00:00,92.47
2023-06-29 12:00:00,99.12
2023-06-29 13:00:00,91.0
2023-06-29 14:00:00,90.46
2023-06-29 15:00:00,87.46
2023-06-29 16:00:00,91.0
2023-06-29 17:00:00,98.92
2023-06-29 18:00:00,110.48
2023-06-29 19:00:00,126.85
2023-06-29 20:00:00,133.21
2023-06-29 21:00:00,128.0
2023-06-29 22:00:00,119.5
2023-06-29 23:00:00,108.65
2023-06-30 00:00:00,108.38
2023-06-30 01:00:00,100.03
2023-06-30 02:00:00,90.85
2023-06-30 03:00:00,88.0
2023-06-30 04:00:00,87.35
2023-06-30 05:00:00,93.28
2023-06-30 06:00:00,111.8
2023-06-30 07:00:00,121.33
2023-06-30 08:00:00,123.83
2023-06-30 09:00:00,108.74
2023-06-30 10:00:00,103.2
2023-06-30 11:00:00,92.47
2023-06-30 12:00:00,99.12
2023-06-30 13:00:00,91.0
2023-06-30 14:00:00,90.46
2023-06-30 15:00:00,87.46
2023-06-30 16:00:00,91.0
2023-06-30 17:00:00,98.92
2023-06-30 18:00:00,110.48
2023-06-30 19:00:00,126.85
2023-06-30 20:00:00,133.21
2023-06-30 21:00:00,128.0
2023-06-30 22:00:00,119.5
2023-06-30 23:00:00,108.65
2023-07-01 00:00:00,96.02
2023-07-01 01:00:00,92.13
2023-07-01 02:00:00,79.14
2023-07-01 03:00:00,73.12
2023-07-01 04:00:00,68.0
2023-07-01 05:00:00,68.0
2023-07-01 06:00:00,68.0
2023-07-01 07:00:00,73.01
2023-07-01 08:00:00,65.65
2023-07-01 09:00:00,67.4
2023-07-01 10:00:00,58.21
2023-07-01 11:00:00,49.71
2023-07-01 12:00:00,41.5
2023-07-01 13:00:00,41.5
2023-07-01 14:00:00,41.5
2023-07-01 15:00:00,44.99
2023-07-01 16:00:00,64.02
2023-07-01 17:00:00,67.8
2023-07-01 18:00:00,75.62
2023-07-01 19:00:00,90.0
2023-07-01 20:00:00,97.0
2023-07-01 21:00:00,105.0
2023-07-01 22:00:00,105.0
2023-07-01 23:00:00,82.02
2023-07-02 00:00:00,50.11
2023-07-02 01:00:00,43.08
2023-07-02 02:00:00,39.3
2023-07-02 03:00:00,28.74
2023-07-02 04:00:00,31.54
2023-07-02 05:00:00,27.56
2023-07-02 06:00:00,10.0
2023-07-02 07:00:00,10.0
2023-07-02 08:00:00,0.85
2023-07-02 09:00:00,1.0
2023-07-02 10:00:00,9.03
2023-07-02 11:00:00,9.0
2023-07-02 12:00:00,6.03
2023-07-02 13:00:00,6.0
2023-07-02 14:00:00,6.0
2023-07-02 15:00:00,9.02
2023-07-02 16:00:00,1.0
2023-07-02 17:00:00,38.97
2023-07-02 18:00:00,56.4
2023-07-02 19:00:00,90.14
2023-07-02 20:00:00,95.15
2023-07-02 21:00:00,97.94
2023-07-02 22:00:00,95.15
2023-07-02 23:00:00,97.94
2023-07-03 00:00:00,74.9
2023-07-03 01:00:00,65.73
2023-07-03 02:00:00,46.24
2023-07-03 03:00:00,46.0
2023-07-03 04:00:00,46.0
2023-07-03 05:00:00,67.27
2023-07-03 06:00:00,83.7
2023-07-03 07:00:00,99.75
2023-07-03 08:00:00,91.89
2023-07-03 09:00:00,73.14
2023-07-03 10:00:00,75.16
2023-07-03 11:00:00,83.77
2023-07-03 12:00:00,83.77
2023-07-03 13:00:00,83.76
2023-07-03 14:00:00,83.76
2023-07-03 15:00:00,80.53
2023-07-03 16:00:00,94.02
2023-07-03 17:00:00,97.39
2023-07-03 18:00:00,104.91
2023-07-03 19:00:00,120.0
2023-07-03 20:00:00,123.36
2023-07-03 21:00:00,117.92
2023-07-03 22:00:00,114.29
2023-07-03 23:00:00,101.66
2023-07-04 00:00:00,94.07
2023-07-04 01:00:00,80.0
2023-07-04 02:00:00,67.45
2023-07-04 03:00:00,58.76
2023-07-04 04:00:00,59.61
2023-07-04 05:00:00,70.93
2023-07-04 06:00:00,94.43
2023-07-04 07:00:00,105.0
2023-07-04 08:00:00,115.3
2023-07-04 09:00:00,94.5
2023-07-04 10:00:00,110.12
2023-07-04 11:00:00,110.12
2023-07-04 12:00:00,109.94
2023-07-04 13:00:00,106.73
2023-07-04 14:00:00,109.94
2023-07-04 15:00:00,86.26
2023-07-04 16:00:00,100.59
2023-07-04 17:00:00,103.37
2023-07-04 18:00:00,119.1
2023-07-04 19:00:00,142.94
2023-07-04 20:00:00,159.91
2023-07-04 21:00:00,158.6
2023-07-04 22:00:00,148.96
2023-07-04 23:00:00,131.79
2023-07-05 00:00:00,110.01
2023-07-05 01:00:00,95.0
2023-07-05 02:00:00,88.1
2023-07-05 03:00:00,78.0
2023-07-05 04:00:00,81.0
2023-07-05 05:00:00,83.0
2023-07-05 06:00:00,91.08
2023-07-05 07:00:00,100.94
2023-07-05 08:00:00,107.43
2023-07-05 09:00:00,100.11
2023-07-05 10:00:00,90.99
2023-07-05 11:00:00,98.0
2023-07-05 12:00:00,96.81
2023-07-05 13:00:00,99.9
2023-07-05 14:00:00,100.34
2023-07-05 15:00:00,106.34
2023-07-05 16:00:00,114.41
2023-07-05 17:00:00,119.46
2023-07-05 18:00:00,121.68
2023-07-05 19:00:00,135.38
2023-07-05 20:00:00,139.47
2023-07-05 21:00:00,135.75
2023-07-05 22:00:00,135.15
2023-07-05 23:00:00,120.01
2023-07-06 00:00:00,110.01
2023-07-06 01:00:00,99.6
2023-07-06 02:00:00,95.3
2023-07-06 03:00:00,93.74
2023-07-06 04:00:00,90.46
2023-07-06 05:00:00,98.9
2023-07-06 06:00:00,108.24
2023-07-06 07:00:00,119.0
2023-07-06 08:00:00,113.0
2023-07-06 09:00:00,101.57
2023-07-06 10:00:00,95.56
2023-07-06 11:00:00,92.69
2023-07-06 12:00:00,92.69
2023-07-06 13:00:00,95.07
2023-07-06 14:00:00,96.53
2023-07-06 15:00:00,100.01
2023-07-06 16:00:00,103.77
2023-07-06 17:00:00,114.66
2023-07-06 18:00:00,118.71
2023-07-06 19:00:00,140.0
2023-07-06 20:00:00,152.55
2023-07-06 21:00:00,154.24
2023-07-06 22:00:00,140.01
2023-07-06 23:00:00,123.0
2023-07-07 00:00:00,109.59
2023-07-07 01:00:00,94.4
2023-07-07 02:00:00,86.79
2023-07-07 03:00:00,82.0
2023-07-07 04:00:00,82.0
2023-07-07 05:00:00,92.59
2023-07-07 06:00:00,95.0
2023-07-07 07:00:00,117.2
2023-07-07 08:00:00,104.57
2023-07-07 09:00:00,98.0
2023-07-07 10:00:00,88.62
2023-07-07 11:00:00,85.18
2023-07-07 12:00:00,80.52
2023-07-07 13:00:00,84.07
2023-07-07 14:00:00,91.77
2023-07-07 15:00:00,93.77
2023-07-07 16:00:00,98.0
2023-07-07 17:00:00,105.35
2023-07-07 18:00:00,117.01
2023-07-07 19:00:00,130.02
2023-07-07 20:00:00,148.39
2023-07-07 21:00:00,140.01
2023-07-07 22:00:00,124.69
2023-07-07 23:00:00,107.18
2023-07-08 00:00:00,99.0
2023-07-08 01:00:00,93.44
2023-07-08 02:00:00,85.34
2023-07-08 03:00:00,74.42
2023-07-08 04:00:00,74.46
2023-07-08 05:00:00,73.94
2023-07-08 06:00:00,80.07
2023-07-08 07:00:00,81.67
2023-07-08 08:00:00,69.23
2023-07-08 09:00:00,63.15
2023-07-08 10:00:00,57.29
2023-07-08 11:00:00,44.85
2023-07-08 12:00:00,37.39
2023-07-08 13:00:00,32.0
2023-07-08 14:00:00,36.0
2023-07-08 15:00:00,37.39
2023-07-08 16:00:00,47.54
2023-07-08 17:00:00,72.67
2023-07-08 18:00:00,98.0
2023-07-08 19:00:00,113.6
2023-07-08 20:00:00,112.2
2023-07-08 21:00:00,103.94
2023-07-08 22:00:00,112.94
2023-07-08 23:00:00,112.83
2023-07-09 00:00:00,96.61
2023-07-09 01:00:00,88.1
2023-07-09 02:00:00,82.84
2023-07-09 03:00:00,76.78
2023-07-09 04:00:00,78.93
2023-07-09 05:00:00,81.24
2023-07-09 06:00:00,81.08
2023-07-09 07:00:00,81.69
2023-07-09 08:00:00,76.0
2023-07-09 09:00:00,61.0
2023-07-09 10:00:00,45.0
2023-07-09 11:00:00,45.0
2023-07-09 12:00:00,45.0
2023-07-09 13:00:00,45.0
2023-07-09 14:00:00,45.0
2023-07-09 15:00:00,45.0
2023-07-09 16:00:00,71.0
2023-07-09 17:00:00,89.23
2023-07-09 18:00:00,87.08
2023-07-09 19:00:00,110.0
2023-07-09 20:00:00,121.19
2023-07-09 21:00:00,118.27
2023-07-09 22:00:00,113.96
2023-07-09 23:00:00,106.42
2023-07-10 00:00:00,100.66
2023-07-10 01:00:00,88.91
2023-07-10 02:00:00,80.1
2023-07-10 03:00:00,75.83
2023-07-10 04:00:00,77.54
2023-07-10 05:00:00,87.16
2023-07-10 06:00:00,118.12
2023-07-10 07:00:00,118.29
2023-07-10 08:00:00,111.67
2023-07-10 09:00:00,105.01
2023-07-10 10:00:00,93.44
2023-07-10 11:00:00,93.01
2023-07-10 12:00:00,91.89
2023-07-10 13:00:00,86.39
2023-07-10 14:00:00,91.74
2023-07-10 15:00:00,92.05
2023-07-10 16:00:00,92.05
2023-07-10 17:00:00,97.62
2023-07-10 18:00:00,134.24
2023-07-10 19:00:00,147.08
2023-07-10 20:00:00,174.44
2023-07-10 21:00:00,160.51
2023-07-10 22:00:00,141.4
2023-07-10 23:00:00,128.09
2023-07-11 00:00:00,111.21
2023-07-11 01:00:00,103.63
2023-07-11 02:00:00,96.46
2023-07-11 03:00:00,95.08
2023-07-11 04:00:00,95.52
2023-07-11 05:00:00,99.57
2023-07-11 06:00:00,109.84
2023-07-11 07:00:00,145.91
2023-07-11 08:00:00,111.84
2023-07-11 09:00:00,104.1
2023-07-11 10:00:00,110.68
2023-07-11 11:00:00,93.93
2023-07-11 12:00:00,93.09
2023-07-11 13:00:00,92.0
2023-07-11 14:00:00,92.09
2023-07-11 15:00:00,88.77
2023-07-11 16:00:00,113.0
2023-07-11 17:00:00,136.68
2023-07-11 18:00:00,150.76
2023-07-11 19:00:00,164.74
2023-07-11 20:00:00,150.01
2023-07-11 21:00:00,145.87
2023-07-11 22:00:00,137.0
2023-07-11 23:00:00,110.77
2023-07-12 00:00:00,105.02
2023-07-12 01:00:00,95.02
2023-07-12 02:00:00,89.69
2023-07-12 03:00:00,86.0
2023-07-12 04:00:00,84.42
2023-07-12 05:00:00,91.0
2023-07-12 06:00:00,101.0
2023-07-12 07:00:00,119.09
2023-07-12 08:00:00,105.0
2023-07-12 09:00:00,102.0
2023-07-12 10:00:00,98.0
2023-07-12 11:00:00,99.33
2023-07-12 12:00:00,98.0
2023-07-12 13:00:00,102.33
2023-07-12 14:00:00,100.66
2023-07-12 15:00:00,119.38
2023-07-12 16:00:00,124.21
2023-07-12 17:00:00,143.59
2023-07-12 18:00:00,142.83
2023-07-12 19:00:00,147.43
2023-07-12 20:00:00,148.33
2023-07-12 21:00:00,150.85
2023-07-12 22:00:00,132.13
2023-07-12 23:00:00,111.21
2023-07-13 00:00:00,100.66
2023-07-13 01:00:00,97.73
2023-07-13 02:00:00,100.01
2023-07-13 03:00:00,89.13
2023-07-13 04:00:00,89.09
2023-07-13 05:00:00,92.63
2023-07-13 06:00:00,108.0
2023-07-13 07:00:00,120.01
2023-07-13 08:00:00,113.0
2023-07-13 09:00:00,100.66
2023-07-13 10:00:00,98.79
2023-07-13 11:00:00,100.01
2023-07-13 12:00:00,92.19
2023-07-13 13:00:00,95.01
2023-07-13 14:00:00,93.11
2023-07-13 15:00:00,103.36
2023-07-13 16:00:00,108.01
2023-07-13 17:00:00,120.01
2023-07-13 18:00:00,143.36
2023-07-13 19:00:00,153.47
2023-07-13 20:00:00,154.61
2023-07-13 21:00:00,155.0
2023-07-13 22:00:00,133.7
2023-07-13 23:00:00,122.51
2023-07-14 00:00:00,105.4
2023-07-14 01:00:00,102.13
2023-07-14 02:00:00,100.66
2023-07-14 03:00:00,90.0
2023-07-14 04:00:00,90.0
2023-07-14 05:00:00,91.47
2023-07-14 06:00:00,102.11
2023-07-14 07:00:00,113.83
2023-07-14 08:00:00,106.28
2023-07-14 09:00:00,98.0
2023-07-14 10:00:00,95.9
2023-07-14 11:00:00,96.42
2023-07-14 12:00:00,97.83
2023-07-14 13:00:00,98.0
2023-07-14 14:00:00,98.0
2023-07-14 15:00:00,98.0
2023-07-14 16:00:00,100.26
2023-07-14 17:00:00,120.01
2023-07-14 18:00:00,120.01
2023-07-14 19:00:00,135.0
2023-07-14 20:00:00,145.0
2023-07-14 21:00:00,134.11
2023-07-14 22:00:00,130.0
2023-07-14 23:00:00,110.0
2023-07-15 00:00:00,97.99
2023-07-15 01:00:00,90.0
2023-07-15 02:00:00,83.99
2023-07-15 03:00:00,70.0
2023-07-15 04:00:00,69.7
2023-07-15 05:00:00,66.0
2023-07-15 06:00:00,75.0
2023-07-15 07:00:00,87.89
2023-07-15 08:00:00,97.99
2023-07-15 09:00:00,77.0
2023-07-15 10:00:00,73.67
2023-07-15 11:00:00,71.09
2023-07-15 12:00:00,90.0
2023-07-15 13:00:00,90.0
2023-07-15 14:00:00,90.0
2023-07-15 15:00:00,90.0
2023-07-15 16:00:00,97.99
2023-07-15 17:00:00,97.99
2023-07-15 18:00:00,98.25
2023-07-15 19:00:00,100.65
2023-07-15 20:00:00,110.0
2023-07-15 21:00:00,131.77
2023-07-15 22:00:00,108.74
2023-07-15 23:00:00,100.65
2023-07-16 00:00:00,98.0
2023-07-16 01:00:00,110.0
2023-07-16 02:00:00,55.0
2023-07-16 03:00:00,103.21
2023-07-16 04:00:00,103.38
2023-07-16 05:00:00,0.0
2023-07-16 06:00:00,0.0
2023-07-16 07:00:00,12.0
2023-07-16 08:00:00,21.65
2023-07-16 09:00:00,53.0
2023-07-16 10:00:00,53.0
2023-07-16 11:00:00,53.0
2023-07-16 12:00:00,53.0
2023-07-16 13:00:00,53.0
2023-07-16 14:00:00,53.0
2023-07-16 15:00:00,61.64
2023-07-16 16:00:00,61.39
2023-07-16 17:00:00,89.26
2023-07-16 18:00:00,98.0
2023-07-16 19:00:00,105.58
2023-07-16 20:00:00,120.0
2023-07-16 21:00:00,126.05
2023-07-16 22:00:00,123.0
2023-07-16 23:00:00,112.05
2023-07-17 00:00:00,105.28
2023-07-17 01:00:00,83.68
2023-07-17 02:00:00,94.14
2023-07-17 03:00:00,75.5
2023-07-17 04:00:00,81.7
2023-07-17 05:00:00,90.06
2023-07-17 06:00:00,103.31
2023-07-17 07:00:00,112.8
2023-07-17 08:00:00,106.0
2023-07-17 09:00:00,82.0
2023-07-17 10:00:00,89.23
2023-07-17 11:00:00,76.0
2023-07-17 12:00:00,79.0
2023-07-17 13:00:00,81.81
2023-07-17 14:00:00,93.11
2023-07-17 15:00:00,87.85
2023-07-17 16:00:00,99.0
2023-07-17 17:00:00,119.0
2023-07-17 18:00:00,116.04
2023-07-17 19:00:00,139.72
2023-07-17 20:00:00,145.78
2023-07-17 21:00:00,134.15
2023-07-17 22:00:00,115.24
2023-07-17 23:00:00,110.03
2023-07-18 00:00:00,110.0
2023-07-18 01:00:00,100.66
2023-07-18 02:00:00,100.66
2023-07-18 03:00:00,100.01
2023-07-18 04:00:00,100.01
2023-07-18 05:00:00,100.01
2023-07-18 06:00:00,117.84
2023-07-18 07:00:00,123.0
2023-07-18 08:00:00,120.01
2023-07-18 09:00:00,103.0
2023-07-18 10:00:00,100.0
2023-07-18 11:00:00,100.0
2023-07-18 12:00:00,98.59
2023-07-18 13:00:00,100.0
2023-07-18 14:00:00,100.0
2023-07-18 15:00:00,100.66
2023-07-18 16:00:00,109.58
2023-07-18 17:00:00,123.81
2023-07-18 18:00:00,136.57
2023-07-18 19:00:00,161.14
2023-07-18 20:00:00,176.03
2023-07-18 21:00:00,164.61
2023-07-18 22:00:00,144.0
2023-07-18 23:00:00,125.0
2023-07-19 00:00:00,107.37
2023-07-19 01:00:00,98.83
2023-07-19 02:00:00,95.45
2023-07-19 03:00:00,100.38
2023-07-19 04:00:00,100.66
2023-07-19 05:00:00,98.31
2023-07-19 06:00:00,112.15
2023-07-19 07:00:00,117.88
2023-07-19 08:00:00,112.09
2023-07-19 09:00:00,108.69
2023-07-19 10:00:00,101.2
2023-07-19 11:00:00,106.73
2023-07-19 12:00:00,105.23
2023-07-19 13:00:00,106.8
2023-07-19 14:00:00,110.0
2023-07-19 15:00:00,110.01
2023-07-19 16:00:00,119.39
2023-07-19 17:00:00,134.02
2023-07-19 18:00:00,144.06
2023-07-19 19:00:00,155.0
2023-07-19 20:00:00,164.47
2023-07-19 21:00:00,147.0
2023-07-19 22:00:00,132.7
2023-07-19 23:00:00,119.61
2023-07-20 00:00:00,115.0
2023-07-20 01:00:00,105.0
2023-07-20 02:00:00,100.0
2023-07-20 03:00:00,100.0
2023-07-20 04:00:00,100.0
2023-07-20 05:00:00,101.0
2023-07-20 06:00:00,111.0
2023-07-20 07:00:00,116.0
2023-07-20 08:00:00,113.0
2023-07-20 09:00:00,114.0
2023-07-20 10:00:00,114.0
2023-07-20 11:00:00,114.0
2023-07-20 12:00:00,110.0
2023-07-20 13:00:00,113.0
2023-07-20 14:00:00,114.0
2023-07-20 15:00:00,116.0
2023-07-20 16:00:00,124.0
2023-07-20 17:00:00,139.0
2023-07-20 18:00:00,179.0
2023-07-20 19:00:00,196.0
2023-07-20 20:00:00,197.0
2023-07-20 21:00:00,175.0
2023-07-20 22:00:00,164.0
2023-07-20 23:00:00,139.0
2023-07-21 00:00:00,114.0
2023-07-21 01:00:00,104.0
2023-07-21 02:00:00,101.0
2023-07-21 03:00:00,100.0
2023-07-21 04:00:00,101.0
2023-07-21 05:00:00,100.0
2023-07-21 06:00:00,123.0
2023-07-21 07:00:00,129.0
2023-07-21 08:00:00,119.0
2023-07-21 09:00:00,119.0
2023-07-21 10:00:00,119.0
2023-07-21 11:00:00,119.0
2023-07-21 12:00:00,119.0
2023-07-21 13:00:00,119.0
2023-07-21 14:00:00,119.0
2023-07-21 15:00:00,119.0
2023-07-21 16:00:00,125.0
2023-07-21 17:00:00,136.0
2023-07-21 18:00:00,159.0
2023-07-21 19:00:00,178.0
2023-07-21 20:00:00,192.0
2023-07-21 21:00:00,174.0
2023-07-21 22:00:00,139.0
2023-07-21 23:00:00,120.0
2023-07-22 00:00:00,117.82
2023-07-22 01:00:00,100.66
2023-07-22 02:00:00,105.0
2023-07-22 03:00:00,103.74
2023-07-22 04:00:00,100.01
2023-07-22 05:00:00,100.01
2023-07-22 06:00:00,90.21
2023-07-22 07:00:00,100.66
2023-07-22 08:00:00,100.66
2023-07-22 09:00:00,100.66
2023-07-22 10:00:00,100.0
2023-07-22 11:00:00,100.0
2023-07-22 12:00:00,100.0
2023-07-22 13:00:00,100.0
2023-07-22 14:00:00,100.0
2023-07-22 15:00:00,106.14
2023-07-22 16:00:00,105.87
2023-07-22 17:00:00,120.0
2023-07-22 18:00:00,179.02
2023-07-22 19:00:00,197.08
2023-07-22 20:00:00,210.02
2023-07-22 21:00:00,170.63
2023-07-22 22:00:00,154.89
2023-07-22 23:00:00,128.0
2023-07-23 00:00:00,109.0
2023-07-23 01:00:00,115.0
2023-07-23 02:00:00,101.0
2023-07-23 03:00:00,97.0
2023-07-23 04:00:00,97.0
2023-07-23 05:00:00,87.0
2023-07-23 06:00:00,85.0
2023-07-23 07:00:00,94.0
2023-07-23 08:00:00,85.0
2023-07-23 09:00:00,85.0
2023-07-23 10:00:00,85.0
2023-07-23 11:00:00,85.0
2023-07-23 12:00:00,100.0
2023-07-23 13:00:00,100.0
2023-07-23 14:00:00,100.0
2023-07-23 15:00:00,94.0
2023-07-23 16:00:00,95.0
2023-07-23 17:00:00,95.0
2023-07-23 18:00:00,125.0
2023-07-23 19:00:00,181.0
2023-07-23 20:00:00,209.0
2023-07-23 21:00:00,190.0
2023-07-23 22:00:00,175.0
2023-07-23 23:00:00,131.0
2023-07-24 00:00:00,104.0
2023-07-24 01:00:00,120.0
2023-07-24 02:00:00,101.0
2023-07-24 03:00:00,101.0
2023-07-24 04:00:00,101.0
2023-07-24 05:00:00,100.0
2023-07-24 06:00:00,109.0
2023-07-24 07:00:00,121.0
2023-07-24 08:00:00,114.0
2023-07-24 09:00:00,108.0
2023-07-24 10:00:00,102.0
2023-07-24 11:00:00,104.0
2023-07-24 12:00:00,102.0
2023-07-24 13:00:00,102.0
2023-07-24 14:00:00,104.0
2023-07-24 15:00:00,116.0
2023-07-24 16:00:00,129.0
2023-07-24 17:00:00,111.0
2023-07-24 18:00:00,154.0
2023-07-24 19:00:00,179.0
2023-07-24 20:00:00,157.0
2023-07-24 21:00:00,138.0
2023-07-24 22:00:00,120.0
2023-07-24 23:00:00,107.0
2023-07-25 00:00:00,120.0
2023-07-25 01:00:00,118.0
2023-07-25 02:00:00,110.0
2023-07-25 03:00:00,103.0
2023-07-25 04:00:00,108.0
2023-07-25 05:00:00,103.0
2023-07-25 06:00:00,121.0
2023-07-25 07:00:00,139.0
2023-07-25 08:00:00,122.0
2023-07-25 09:00:00,111.0
2023-07-25 10:00:00,108.0
2023-07-25 11:00:00,102.0
2023-07-25 12:00:00,102.0
2023-07-25 13:00:00,111.0
2023-07-25 14:00:00,111.0
2023-07-25 15:00:00,120.0
2023-07-25 16:00:00,120.0
2023-07-25 17:00:00,137.0
2023-07-25 18:00:00,164.0
2023-07-25 19:00:00,165.0
2023-07-25 20:00:00,163.0
2023-07-25 21:00:00,146.0
2023-07-25 22:00:00,126.0
2023-07-25 23:00:00,106.0
2023-07-26 00:00:00,98.0
2023-07-26 01:00:00,98.0
2023-07-26 02:00:00,84.0
2023-07-26 03:00:00,82.0
2023-07-26 04:00:00,82.0
2023-07-26 05:00:00,89.0
2023-07-26 06:00:00,104.0
2023-07-26 07:00:00,117.0
2023-07-26 08:00:00,118.0
2023-07-26 09:00:00,111.0
2023-07-26 10:00:00,115.0
2023-07-26 11:00:00,115.0
2023-07-26 12:00:00,104.0
2023-07-26 13:00:00,103.0
2023-07-26 14:00:00,104.0
2023-07-26 15:00:00,115.0
2023-07-26 16:00:00,109.0
2023-07-26 17:00:00,111.0
2023-07-26 18:00:00,121.0
2023-07-26 19:00:00,153.0
2023-07-26 20:00:00,160.0
2023-07-26 21:00:00,132.0
2023-07-26 22:00:00,117.0
2023-07-26 23:00:00,103.0
2023-07-27 00:00:00,107.0
2023-07-27 01:00:00,101.0
2023-07-27 02:00:00,99.0
2023-07-27 03:00:00,95.0
2023-07-27 04:00:00,93.0
2023-07-27 05:00:00,98.0
2023-07-27 06:00:00,109.0
2023-07-27 07:00:00,117.0
2023-07-27 08:00:00,122.0
2023-07-27 09:00:00,116.0
2023-07-27 10:00:00,110.0
2023-07-27 11:00:00,105.0
2023-07-27 12:00:00,100.0
2023-07-27 13:00:00,101.0
2023-07-27 14:00:00,100.0
2023-07-27 15:00:00,100.0
2023-07-27 16:00:00,104.0
2023-07-27 17:00:00,117.0
2023-07-27 18:00:00,128.0
2023-07-27 19:00:00,148.0
2023-07-27 20:00:00,161.0
2023-07-27 21:00:00,144.0
2023-07-27 22:00:00,117.0
2023-07-27 23:00:00,102.0
2023-07-28 00:00:00,100.0
2023-07-28 01:00:00,86.0
2023-07-28 02:00:00,82.0
2023-07-28 03:00:00,80.0
2023-07-28 04:00:00,80.0
2023-07-28 05:00:00,91.0
2023-07-28 06:00:00,105.0
2023-07-28 07:00:00,107.0
2023-07-28 08:00:00,107.0
2023-07-28 09:00:00,102.0
2023-07-28 10:00:00,98.0
2023-07-28 11:00:00,100.0
2023-07-28 12:00:00,102.0
2023-07-28 13:00:00,100.0
2023-07-28 14:00:00,102.0
2023-07-28 15:00:00,106.0
2023-07-28 16:00:00,101.0
2023-07-28 17:00:00,106.0
2023-07-28 18:00:00,130.0
2023-07-28 19:00:00,145.0
2023-07-28 20:00:00,158.0
2023-07-28 21:00:00,144.0
2023-07-28 22:00:00,116.0
2023-07-28 23:00:00,110.0
2023-07-29 00:00:00,100.0
2023-07-29 01:00:00,100.0
2023-07-29 02:00:00,90.0
2023-07-29 03:00:00,89.0
2023-07-29 04:00:00,89.0
2023-07-29 05:00:00,88.0
2023-07-29 06:00:00,87.0
2023-07-29 07:00:00,85.0
2023-07-29 08:00:00,88.0
2023-07-29 09:00:00,78.0
2023-07-29 10:00:00,67.0
2023-07-29 11:00:00,51.0
2023-07-29 12:00:00,43.0
2023-07-29 13:00:00,42.0
2023-07-29 14:00:00,28.0
2023-07-29 15:00:00,49.0
2023-07-29 16:00:00,60.0
2023-07-29 17:00:00,99.0
2023-07-29 18:00:00,105.0
2023-07-29 19:00:00,119.0
2023-07-29 20:00:00,146.0
2023-07-29 21:00:00,127.0
2023-07-29 22:00:00,109.0
2023-07-29 23:00:00,103.0
2023-07-30 00:00:00,71.0
2023-07-30 01:00:00,61.0
2023-07-30 02:00:00,51.0
2023-07-30 03:00:00,39.0
2023-07-30 04:00:00,38.0
2023-07-30 05:00:00,50.0
2023-07-30 06:00:00,50.0
2023-07-30 07:00:00,47.0
2023-07-30 08:00:00,35.0
2023-07-30 09:00:00,24.0
2023-07-30 10:00:00,79.0
2023-07-30 11:00:00,80.0
2023-07-30 12:00:00,80.0
2023-07-30 13:00:00,78.0
2023-07-30 14:00:00,80.0
2023-07-30 15:00:00,80.0
2023-07-30 16:00:00,80.0
2023-07-30 17:00:00,98.0
2023-07-30 18:00:00,90.0
2023-07-30 19:00:00,105.0
2023-07-30 20:00:00,124.0
2023-07-30 21:00:00,122.0
2023-07-30 22:00:00,111.0
2023-07-30 23:00:00,98.0
2023-07-31 00:00:00,89.0
2023-07-31 01:00:00,65.0
2023-07-31 02:00:00,56.0
2023-07-31 03:00:00,50.0
2023-07-31 04:00:00,50.0
2023-07-31 05:00:00,58.0
2023-07-31 06:00:00,81.0
2023-07-31 07:00:00,94.0
2023-07-31 08:00:00,101.0
2023-07-31 09:00:00,93.0
2023-07-31 10:00:00,85.0
2023-07-31 11:00:00,99.0
2023-07-31 12:00:00,97.0
2023-07-31 13:00:00,99.0
2023-07-31 14:00:00,99.0
2023-07-31 15:00:00,99.0
2023-07-31 16:00:00,99.0
2023-07-31 17:00:00,99.0
2023-07-31 18:00:00,117.0
2023-07-31 19:00:00,129.0
2023-07-31 20:00:00,127.0
2023-07-31 21:00:00,127.0
2023-07-31 22:00:00,102.0
2023-07-31 23:00:00,99.0
2023-08-01 00:00:00,90.0
2023-08-01 01:00:00,75.0
2023-08-01 02:00:00,64.0
2023-08-01 03:00:00,60.0
2023-08-01 04:00:00,60.0
2023-08-01 05:00:00,69.0
2023-08-01 06:00:00,85.0
2023-08-01 07:00:00,92.0
2023-08-01 08:00:00,91.0
2023-08-01 09:00:00,95.0
2023-08-01 10:00:00,101.0
2023-08-01 11:00:00,99.0
2023-08-01 12:00:00,96.0
2023-08-01 13:00:00,97.0
2023-08-01 14:00:00,99.0
2023-08-01 15:00:00,101.0
2023-08-01 16:00:00,107.0
2023-08-01 17:00:00,106.0
2023-08-01 18:00:00,116.0
2023-08-01 19:00:00,130.0
2023-08-01 20:00:00,159.0
2023-08-01 21:00:00,151.0
2023-08-01 22:00:00,110.0
2023-08-01 23:00:00,102.0
2023-08-02 00:00:00,85.0
2023-08-02 01:00:00,70.0
2023-08-02 02:00:00,70.0
2023-08-02 03:00:00,62.0
2023-08-02 04:00:00,68.0
2023-08-02 05:00:00,73.0
2023-08-02 06:00:00,93.0
2023-08-02 07:00:00,96.0
2023-08-02 08:00:00,92.0
2023-08-02 09:00:00,86.0
2023-08-02 10:00:00,87.0
2023-08-02 11:00:00,85.0
2023-08-02 12:00:00,73.0
2023-08-02 13:00:00,73.0
2023-08-02 14:00:00,79.0
2023-08-02 15:00:00,91.0
2023-08-02 16:00:00,96.0
2023-08-02 17:00:00,100.0
2023-08-02 18:00:00,112.0
2023-08-02 19:00:00,140.0
2023-08-02 20:00:00,129.0
2023-08-02 21:00:00,104.0
2023-08-02 22:00:00,95.0
2023-08-02 23:00:00,89.0
2023-08-03 00:00:00,80.0
2023-08-03 01:00:00,79.0
2023-08-03 02:00:00,59.0
2023-08-03 03:00:00,59.0
2023-08-03 04:00:00,59.0
2023-08-03 05:00:00,59.0
2023-08-03 06:00:00,81.0
2023-08-03 07:00:00,81.0
2023-08-03 08:00:00,81.0
2023-08-03 09:00:00,83.0
2023-08-03 10:00:00,75.0
2023-08-03 11:00:00,85.0
2023-08-03 12:00:00,75.0
2023-08-03 13:00:00,98.0
2023-08-03 14:00:00,98.0
2023-08-03 15:00:00,98.0
2023-08-03 16:00:00,98.0
2023-08-03 17:00:00,85.0
2023-08-03 18:00:00,93.0
2023-08-03 19:00:00,105.0
2023-08-03 20:00:00,118.0
2023-08-03 21:00:00,101.0
2023-08-03 22:00:00,85.0
2023-08-03 23:00:00,73.0
2023-08-04 00:00:00,0.0
2023-08-04 01:00:00,0.0
2023-08-04 02:00:00,0.0
2023-08-04 03:00:00,0.0
2023-08-04 04:00:00,0.0
2023-08-04 05:00:00,0.0
2023-08-04 06:00:00,0.0
2023-08-04 07:00:00,0.0
2023-08-04 08:00:00,0.0
2023-08-04 09:00:00,0.0
2023-08-04 10:00:00,0.0
2023-08-04 11:00:00,0.0
2023-08-04 12:00:00,0.0
2023-08-04 13:00:00,0.0
2023-08-04 14:00:00,0.0
2023-08-04 15:00:00,0.0
2023-08-04 16:00:00,0.0
2023-08-04 17:00:00,0.0
2023-08-04 18:00:00,0.0
2023-08-04 19:00:00,0.0
2023-08-04 20:00:00,0.0
2023-08-04 21:00:00,0.0
2023-08-04 22:00:00,0.0
2023-08-04 23:00:00,0.0
2023-08-05 00:00:00,100.0
2023-08-05 01:00:00,93.0
2023-08-05 02:00:00,88.0
2023-08-05 03:00:00,85.0
2023-08-05 04:00:00,85.0
2023-08-05 05:00:00,84.0
2023-08-05 06:00:00,99.0
2023-08-05 07:00:00,85.0
2023-08-05 08:00:00,96.0
2023-08-05 09:00:00,96.0
2023-08-05 10:00:00,89.0
2023-08-05 11:00:00,85.0
2023-08-05 12:00:00,81.0
2023-08-05 13:00:00,80.0
2023-08-05 14:00:00,80.0
2023-08-05 15:00:00,81.0
2023-08-05 16:00:00,85.0
2023-08-05 17:00:00,90.0
2023-08-05 18:00:00,104.0
2023-08-05 19:00:00,135.0
2023-08-05 20:00:00,144.0
2023-08-05 21:00:00,120.0
2023-08-05 22:00:00,101.0
2023-08-05 23:00:00,95.0
2023-08-06 00:00:00,90.0
2023-08-06 01:00:00,85.0
2023-08-06 02:00:00,85.0
2023-08-06 03:00:00,84.0
2023-08-06 04:00:00,67.0
2023-08-06 05:00:00,57.0
2023-08-06 06:00:00,83.0
2023-08-06 07:00:00,40.0
2023-08-06 08:00:00,79.0
2023-08-06 09:00:00,85.0
2023-08-06 10:00:00,85.0
2023-08-06 11:00:00,85.0
2023-08-06 12:00:00,85.0
2023-08-06 13:00:00,95.0
2023-08-06 14:00:00,95.0
2023-08-06 15:00:00,82.0
2023-08-06 16:00:00,95.0
2023-08-06 17:00:00,95.0
2023-08-06 18:00:00,96.0
2023-08-06 19:00:00,98.0
2023-08-06 20:00:00,98.0
2023-08-06 21:00:00,98.0
2023-08-06 22:00:00,98.0
2023-08-06 23:00:00,90.0
2023-08-07 00:00:00,70.0
2023-08-07 01:00:00,72.0
2023-08-07 02:00:00,55.0
2023-08-07 03:00:00,55.0
2023-08-07 04:00:00,55.0
2023-08-07 05:00:00,55.0
2023-08-07 06:00:00,88.0
2023-08-07 07:00:00,85.0
2023-08-07 08:00:00,85.0
2023-08-07 09:00:00,84.0
2023-08-07 10:00:00,75.0
2023-08-07 11:00:00,66.0
2023-08-07 12:00:00,75.0
2023-08-07 13:00:00,75.0
2023-08-07 14:00:00,75.0
2023-08-07 15:00:00,75.0
2023-08-07 16:00:00,78.0
2023-08-07 17:00:00,98.0
2023-08-07 18:00:00,109.0
2023-08-07 19:00:00,122.0
2023-08-07 20:00:00,130.0
2023-08-07 21:00:00,105.0
2023-08-07 22:00:00,96.0
2023-08-07 23:00:00,93.0
2023-08-08 00:00:00,66.0
2023-08-08 01:00:00,65.0
2023-08-08 02:00:00,55.0
2023-08-08 03:00:00,50.0
2023-08-08 04:00:00,50.0
2023-08-08 05:00:00,56.0
2023-08-08 06:00:00,67.0
2023-08-08 07:00:00,75.0
2023-08-08 08:00:00,65.0
2023-08-08 09:00:00,36.0
2023-08-08 10:00:00,30.0
2023-08-08 11:00:00,22.0
2023-08-08 12:00:00,17.0
2023-08-08 13:00:00,20.0
2023-08-08 14:00:00,29.0
2023-08-08 15:00:00,39.0
2023-08-08 16:00:00,48.0
2023-08-08 17:00:00,98.0
2023-08-08 18:00:00,115.0
2023-08-08 19:00:00,130.0
2023-08-08 20:00:00,143.0
2023-08-08 21:00:00,110.0
2023-08-08 22:00:00,88.0
2023-08-08 23:00:00,85.0
2023-08-09 00:00:00,78.0
2023-08-09 01:00:00,75.0
2023-08-09 02:00:00,62.0
2023-08-09 03:00:00,61.0
2023-08-09 04:00:00,63.0
2023-08-09 05:00:00,65.0
2023-08-09 06:00:00,85.0
2023-08-09 07:00:00,106.0
2023-08-09 08:00:00,90.0
2023-08-09 09:00:00,80.0
2023-08-09 10:00:00,80.0
2023-08-09 11:00:00,75.0
2023-08-09 12:00:00,65.0
2023-08-09 13:00:00,65.0
2023-08-09 14:00:00,65.0
2023-08-09 15:00:00,68.0
2023-08-09 16:00:00,88.0
2023-08-09 17:00:00,98.0
2023-08-09 18:00:00,124.0
2023-08-09 19:00:00,140.0
2023-08-09 20:00:00,151.0
2023-08-09 21:00:00,140.0
2023-08-09 22:00:00,129.0
2023-08-09 23:00:00,106.0
2023-08-10 00:00:00,95.0
2023-08-10 01:00:00,90.0
2023-08-10 02:00:00,86.0
2023-08-10 03:00:00,83.0
2023-08-10 04:00:00,84.0
2023-08-10 05:00:00,94.0
2023-08-10 06:00:00,102.0
2023-08-10 07:00:00,119.0
2023-08-10 08:00:00,110.0
2023-08-10 09:00:00,98.0
2023-08-10 10:00:00,89.0
2023-08-10 11:00:00,82.0
2023-08-10 12:00:00,76.0
2023-08-10 13:00:00,76.0
2023-08-10 14:00:00,72.0
2023-08-10 15:00:00,80.0
2023-08-10 16:00:00,86.0
2023-08-10 17:00:00,96.0
2023-08-10 18:00:00,106.0
2023-08-10 19:00:00,130.0
2023-08-10 20:00:00,142.0
2023-08-10 21:00:00,134.0
2023-08-10 22:00:00,118.0
2023-08-10 23:00:00,100.0
2023-08-11 00:00:00,101.0
2023-08-11 01:00:00,96.0
2023-08-11 02:00:00,90.0
2023-08-11 03:00:00,85.0
2023-08-11 04:00:00,85.0
2023-08-11 05:00:00,90.0
2023-08-11 06:00:00,100.0
2023-08-11 07:00:00,105.0
2023-08-11 08:00:00,103.0
2023-08-11 09:00:00,95.0
2023-08-11 10:00:00,82.0
2023-08-11 11:00:00,75.0
2023-08-11 12:00:00,74.0
2023-08-11 13:00:00,59.0
2023-08-11 14:00:00,68.0
2023-08-11 15:00:00,77.0
2023-08-11 16:00:00,86.0
2023-08-11 17:00:00,100.0
2023-08-11 18:00:00,111.0
2023-08-11 19:00:00,125.0
2023-08-11 20:00:00,135.0
2023-08-11 21:00:00,124.0
2023-08-11 22:00:00,110.0
2023-08-11 23:00:00,101.0
2023-08-12 00:00:00,93.0
2023-08-12 01:00:00,86.0
2023-08-12 02:00:00,82.0
2023-08-12 03:00:00,77.0
2023-08-12 04:00:00,75.0
2023-08-12 05:00:00,65.0
2023-08-12 06:00:00,73.0
2023-08-12 07:00:00,55.0
2023-08-12 08:00:00,69.0
2023-08-12 09:00:00,48.0
2023-08-12 10:00:00,25.0
2023-08-12 11:00:00,21.0
2023-08-12 12:00:00,21.0
2023-08-12 13:00:00,20.0
2023-08-12 14:00:00,19.0
2023-08-12 15:00:00,23.0
2023-08-12 16:00:00,54.0
2023-08-12 17:00:00,56.0
2023-08-12 18:00:00,85.0
2023-08-12 19:00:00,101.0
2023-08-12 20:00:00,105.0
2023-08-12 21:00:00,103.0
2023-08-12 22:00:00,98.0
2023-08-12 23:00:00,89.0
2023-08-13 00:00:00,84.0
2023-08-13 01:00:00,82.0
2023-08-13 02:00:00,73.0
2023-08-13 03:00:00,68.0
2023-08-13 04:00:00,68.0
2023-08-13 05:00:00,61.0
2023-08-13 06:00:00,60.0
2023-08-13 07:00:00,19.0
2023-08-13 08:00:00,19.0
2023-08-13 09:00:00,13.0
2023-08-13 10:00:00,18.0
2023-08-13 11:00:00,17.0
2023-08-13 12:00:00,18.0
2023-08-13 13:00:00,19.0
2023-08-13 14:00:00,21.0
2023-08-13 15:00:00,24.0
2023-08-13 16:00:00,40.0
2023-08-13 17:00:00,73.0
2023-08-13 18:00:00,85.0
2023-08-13 19:00:00,94.0
2023-08-13 20:00:00,101.0
2023-08-13 21:00:00,98.0
2023-08-13 22:00:00,94.0
2023-08-13 23:00:00,85.0
2023-08-14 00:00:00,85.0
2023-08-14 01:00:00,82.0
2023-08-14 02:00:00,82.0
2023-08-14 03:00:00,79.0
2023-08-14 04:00:00,79.0
2023-08-14 05:00:00,69.0
2023-08-14 06:00:00,80.0
2023-08-14 07:00:00,82.0
2023-08-14 08:00:00,94.0
2023-08-14 09:00:00,85.0
2023-08-14 10:00:00,79.0
2023-08-14 11:00:00,75.0
2023-08-14 12:00:00,67.0
2023-08-14 13:00:00,72.0
2023-08-14 14:00:00,76.0
2023-08-14 15:00:00,80.0
2023-08-14 16:00:00,86.0
2023-08-14 17:00:00,93.0
2023-08-14 18:00:00,99.0
2023-08-14 19:00:00,112.0
2023-08-14 20:00:00,126.0
2023-08-14 21:00:00,114.0
2023-08-14 22:00:00,105.0
2023-08-14 23:00:00,94.0
2023-08-15 00:00:00,100.0
2023-08-15 01:00:00,97.0
2023-08-15 02:00:00,90.0
2023-08-15 03:00:00,85.0
2023-08-15 04:00:00,85.0
2023-08-15 05:00:00,83.0
2023-08-15 06:00:00,100.0
2023-08-15 07:00:00,106.0
2023-08-15 08:00:00,105.0
2023-08-15 09:00:00,98.0
2023-08-15 10:00:00,66.0
2023-08-15 11:00:00,63.0
2023-08-15 12:00:00,63.0
2023-08-15 13:00:00,67.0
2023-08-15 14:00:00,75.0
2023-08-15 15:00:00,78.0
2023-08-15 16:00:00,87.0
2023-08-15 17:00:00,100.0
2023-08-15 18:00:00,120.0
2023-08-15 19:00:00,143.0
2023-08-15 20:00:00,150.0
2023-08-15 21:00:00,143.0
2023-08-15 22:00:00,120.0
2023-08-15 23:00:00,100.0
2023-08-16 00:00:00,100.0
2023-08-16 01:00:00,100.0
2023-08-16 02:00:00,97.0
2023-08-16 03:00:00,92.0
2023-08-16 04:00:00,92.0
2023-08-16 05:00:00,89.0
2023-08-16 06:00:00,102.0
2023-08-16 07:00:00,117.0
2023-08-16 08:00:00,115.0
2023-08-16 09:00:00,99.0
2023-08-16 10:00:00,89.0
2023-08-16 11:00:00,86.0
2023-08-16 12:00:00,81.0
2023-08-16 13:00:00,85.0
2023-08-16 14:00:00,89.0
2023-08-16 15:00:00,89.0
2023-08-16 16:00:00,98.0
2023-08-16 17:00:00,111.0
2023-08-16 18:00:00,130.0
2023-08-16 19:00:00,130.0
2023-08-16 20:00:00,150.0
2023-08-16 21:00:00,141.0
2023-08-16 22:00:00,130.0
2023-08-16 23:00:00,125.0
2023-08-17 00:00:00,100.0
2023-08-17 01:00:00,100.0
2023-08-17 02:00:00,98.0
2023-08-17 03:00:00,87.0
2023-08-17 04:00:00,90.0
2023-08-17 05:00:00,83.0
2023-08-17 06:00:00,97.0
2023-08-17 07:00:00,115.0
2023-08-17 08:00:00,129.0
2023-08-17 09:00:00,110.0
2023-08-17 10:00:00,98.0
2023-08-17 11:00:00,100.0
2023-08-17 12:00:00,99.0
2023-08-17 13:00:00,98.0
2023-08-17 14:00:00,100.0
2023-08-17 15:00:00,105.0
2023-08-17 16:00:00,115.0
2023-08-17 17:00:00,115.0
2023-08-17 18:00:00,130.0
2023-08-17 19:00:00,143.0
2023-08-17 20:00:00,150.0
2023-08-17 21:00:00,122.0
2023-08-17 22:00:00,128.0
2023-08-17 23:00:00,110.0
2023-08-18 00:00:00,100.0
2023-08-18 01:00:00,95.0
2023-08-18 02:00:00,90.0
2023-08-18 03:00:00,90.0
2023-08-18 04:00:00,89.0
2023-08-18 05:00:00,91.0
2023-08-18 06:00:00,103.0
2023-08-18 07:00:00,102.0
2023-08-18 08:00:00,105.0
2023-08-18 09:00:00,91.0
2023-08-18 10:00:00,97.0
2023-08-18 11:00:00,93.0
2023-08-18 12:00:00,90.0
2023-08-18 13:00:00,88.0
2023-08-18 14:00:00,87.0
2023-08-18 15:00:00,92.0
2023-08-18 16:00:00,98.0
2023-08-18 17:00:00,110.0
2023-08-18 18:00:00,126.0
2023-08-18 19:00:00,139.0
2023-08-18 20:00:00,149.0
2023-08-18 21:00:00,127.0
2023-08-18 22:00:00,114.0
2023-08-18 23:00:00,100.0
2023-08-19 00:00:00,93.0
2023-08-19 01:00:00,99.0
2023-08-19 02:00:00,92.0
2023-08-19 03:00:00,96.0
2023-08-19 04:00:00,88.0
2023-08-19 05:00:00,95.0
2023-08-19 06:00:00,95.0
2023-08-19 07:00:00,94.0
2023-08-19 08:00:00,88.0
2023-08-19 09:00:00,84.0
2023-08-19 10:00:00,75.0
2023-08-19 11:00:00,60.0
2023-08-19 12:00:00,58.0
2023-08-19 13:00:00,55.0
2023-08-19 14:00:00,56.0
2023-08-19 15:00:00,60.0
2023-08-19 16:00:00,72.0
2023-08-19 17:00:00,100.0
2023-08-19 18:00:00,120.0
2023-08-19 19:00:00,120.0
2023-08-19 20:00:00,130.0
2023-08-19 21:00:00,130.0
2023-08-19 22:00:00,120.0
2023-08-19 23:00:00,114.0
2023-08-20 00:00:00,100.0
2023-08-20 01:00:00,98.0
2023-08-20 02:00:00,95.0
2023-08-20 03:00:00,88.0
2023-08-20 04:00:00,86.0
2023-08-20 05:00:00,85.0
2023-08-20 06:00:00,84.0
2023-08-20 07:00:00,90.0
2023-08-20 08:00:00,85.0
2023-08-20 09:00:00,85.0
2023-08-20 10:00:00,76.0
2023-08-20 11:00:00,58.0
2023-08-20 12:00:00,58.0
2023-08-20 13:00:00,65.0
2023-08-20 14:00:00,65.0
2023-08-20 15:00:00,56.0
2023-08-20 16:00:00,91.0
2023-08-20 17:00:00,108.0
2023-08-20 18:00:00,119.0
2023-08-20 19:00:00,127.0
2023-08-20 20:00:00,146.0
2023-08-20 21:00:00,129.0
2023-08-20 22:00:00,120.0
2023-08-20 23:00:00,110.0
2023-08-21 00:00:00,109.0
2023-08-21 01:00:00,100.0
2023-08-21 02:00:00,99.0
2023-08-21 03:00:00,99.0
2023-08-21 04:00:00,99.0
2023-08-21 05:00:00,100.0
2023-08-21 06:00:00,120.0
2023-08-21 07:00:00,131.0
2023-08-21 08:00:00,129.0
2023-08-21 09:00:00,119.0
2023-08-21 10:00:00,114.0
2023-08-21 11:00:00,111.0
2023-08-21 12:00:00,111.0
2023-08-21 13:00:00,111.0
2023-08-21 14:00:00,111.0
2023-08-21 15:00:00,114.0
2023-08-21 16:00:00,114.0
2023-08-21 17:00:00,130.0
2023-08-21 18:00:00,155.0
2023-08-21 19:00:00,172.0
2023-08-21 20:00:00,171.0
2023-08-21 21:00:00,150.0
2023-08-21 22:00:00,136.0
2023-08-21 23:00:00,120.0
2023-08-22 00:00:00,107.0
2023-08-22 01:00:00,100.0
2023-08-22 02:00:00,93.0
2023-08-22 03:00:00,90.0
2023-08-22 04:00:00,92.0
2023-08-22 05:00:00,96.0
2023-08-22 06:00:00,113.0
2023-08-22 07:00:00,130.0
2023-08-22 08:00:00,129.0
2023-08-22 09:00:00,116.0
2023-08-22 10:00:00,112.0
2023-08-22 11:00:00,105.0
2023-08-22 12:00:00,101.0
2023-08-22 13:00:00,100.0
2023-08-22 14:00:00,101.0
2023-08-22 15:00:00,96.0
2023-08-22 16:00:00,105.0
2023-08-22 17:00:00,115.0
2023-08-22 18:00:00,147.0
2023-08-22 19:00:00,182.0
2023-08-22 20:00:00,201.0
2023-08-22 21:00:00,170.0
2023-08-22 22:00:00,137.0
2023-08-22 23:00:00,125.0
2023-08-23 00:00:00,122.0
2023-08-23 01:00:00,117.0
2023-08-23 02:00:00,113.0
2023-08-23 03:00:00,113.0
2023-08-23 04:00:00,113.0
2023-08-23 05:00:00,120.0
2023-08-23 06:00:00,139.0
2023-08-23 07:00:00,146.0
2023-08-23 08:00:00,142.0
2023-08-23 09:00:00,127.0
2023-08-23 10:00:00,121.0
2023-08-23 11:00:00,120.0
2023-08-23 12:00:00,118.0
2023-08-23 13:00:00,114.0
2023-08-23 14:00:00,115.0
2023-08-23 15:00:00,120.0
2023-08-23 16:00:00,129.0
2023-08-23 17:00:00,145.0
2023-08-23 18:00:00,178.0
2023-08-23 19:00:00,213.0
2023-08-23 20:00:00,233.0
2023-08-23 21:00:00,181.0
2023-08-23 22:00:00,160.0
2023-08-23 23:00:00,141.0
2023-08-24 00:00:00,104.0
2023-08-24 01:00:00,120.0
2023-08-24 02:00:00,101.0
2023-08-24 03:00:00,101.0
2023-08-24 04:00:00,101.0
2023-08-24 05:00:00,100.0
2023-08-24 06:00:00,109.0
2023-08-24 07:00:00,121.0
2023-08-24 08:00:00,114.0
2023-08-24 09:00:00,108.0
2023-08-24 10:00:00,102.0
2023-08-24 11:00:00,104.0
2023-08-24 12:00:00,102.0
2023-08-24 13:00:00,102.0
2023-08-24 14:00:00,104.0
2023-08-24 15:00:00,116.0
2023-08-24 16:00:00,129.0
2023-08-24 17:00:00,111.0
2023-08-24 18:00:00,154.0
2023-08-24 19:00:00,179.0
2023-08-24 20:00:00,157.0
2023-08-24 21:00:00,138.0
2023-08-24 22:00:00,120.0
2023-08-24 23:00:00,107.0
2023-08-25 00:00:00,120.0
2023-08-25 01:00:00,118.0
2023-08-25 02:00:00,110.0
2023-08-25 03:00:00,103.0
2023-08-25 04:00:00,108.0
2023-08-25 05:00:00,103.0
2023-08-25 06:00:00,121.0
2023-08-25 07:00:00,139.0
2023-08-25 08:00:00,122.0
2023-08-25 09:00:00,111.0
2023-08-25 10:00:00,108.0
2023-08-25 11:00:00,102.0
2023-08-25 12:00:00,102.0
2023-08-25 13:00:00,111.0
2023-08-25 14:00:00,111.0
2023-08-25 15:00:00,120.0
2023-08-25 16:00:00,120.0
2023-08-25 17:00:00,137.0
2023-08-25 18:00:00,164.0
2023-08-25 19:00:00,165.0
2023-08-25 20:00:00,163.0
2023-08-25 21:00:00,146.0
2023-08-25 22:00:00,126.0
2023-08-25 23:00:00,106.0
2023-08-26 00:00:00,131.5
2023-08-26 01:00:00,125.2
2023-08-26 02:00:00,124.6
2023-08-26 03:00:00,115.3
2023-08-26 04:00:00,117.5
2023-08-26 05:00:00,115.1
2023-08-26 06:00:00,115.6
2023-08-26 07:00:00,121.1
2023-08-26 08:00:00,117.0
2023-08-26 09:00:00,99.5
2023-08-26 10:00:00,93.7
2023-08-26 11:00:00,97.7
2023-08-26 12:00:00,102.5
2023-08-26 13:00:00,106.8
2023-08-26 14:00:00,135.0
2023-08-26 15:00:00,140.2
2023-08-26 16:00:00,151.8
2023-08-26 17:00:00,160.1
2023-08-26 18:00:00,177.3
2023-08-26 19:00:00,204.8
2023-08-26 20:00:00,202.5
2023-08-26 21:00:00,175.1
2023-08-26 22:00:00,160.1
2023-08-26 23:00:00,131.5
2023-08-27 00:00:00,107.2
2023-08-27 01:00:00,106.4
2023-08-27 02:00:00,94.8
2023-08-27 03:00:00,91.8
2023-08-27 04:00:00,90.1
2023-08-27 05:00:00,93.3
2023-08-27 06:00:00,95.4
2023-08-27 07:00:00,97.4
2023-08-27 08:00:00,98.1
2023-08-27 09:00:00,95.0
2023-08-27 10:00:00,91.1
2023-08-27 11:00:00,93.4
2023-08-27 12:00:00,97.3
2023-08-27 13:00:00,88.7
2023-08-27 14:00:00,95.9
2023-08-27 15:00:00,95.9
2023-08-27 16:00:00,98.1
2023-08-27 17:00:00,117.5
2023-08-27 18:00:00,145.8
2023-08-27 19:00:00,170.3
2023-08-27 20:00:00,170.9
2023-08-27 21:00:00,163.1
2023-08-27 22:00:00,123.8
2023-08-27 23:00:00,110.0
2023-08-28 00:00:00,103.4
2023-08-28 01:00:00,97.8
2023-08-28 02:00:00,91.8
2023-08-28 03:00:00,91.6
2023-08-28 04:00:00,93.4
2023-08-28 05:00:00,99.7
2023-08-28 06:00:00,117.1
2023-08-28 07:00:00,134.0
2023-08-28 08:00:00,142.2
2023-08-28 09:00:00,131.4
2023-08-28 10:00:00,123.7
2023-08-28 11:00:00,119.1
2023-08-28 12:00:00,121.9
2023-08-28 13:00:00,130.0
2023-08-28 14:00:00,130.0
2023-08-28 15:00:00,130.0
2023-08-28 16:00:00,127.7
2023-08-28 17:00:00,150.1
2023-08-28 18:00:00,184.0
2023-08-28 19:00:00,228.3
2023-08-28 20:00:00,225.0
2023-08-28 21:00:00,200.1
2023-08-28 22:00:00,200.1
2023-08-28 23:00:00,150.1
2023-08-29 00:00:00,117.1
2023-08-29 01:00:00,110.6
2023-08-29 02:00:00,105.8
2023-08-29 03:00:00,100.1
2023-08-29 04:00:00,101.2
2023-08-29 05:00:00,110.6
2023-08-29 06:00:00,126.9
2023-08-29 07:00:00,139.9
2023-08-29 08:00:00,147.4
2023-08-29 09:00:00,139.9
2023-08-29 10:00:00,138.0
2023-08-29 11:00:00,131.1
2023-08-29 12:00:00,125.8
2023-08-29 13:00:00,122.1
2023-08-29 14:00:00,139.9
2023-08-29 15:00:00,139.9
2023-08-29 16:00:00,131.1
2023-08-29 17:00:00,230.0
2023-08-29 18:00:00,244.4
2023-08-29 19:00:00,283.5
2023-08-29 20:00:00,281.9
2023-08-29 21:00:00,157.7
2023-08-29 22:00:00,122.8
2023-08-29 23:00:00,111.9
2023-08-30 00:00:00,108.1
2023-08-30 01:00:00,101.9
2023-08-30 02:00:00,101.1
2023-08-30 03:00:00,101.1
2023-08-30 04:00:00,101.1
2023-08-30 05:00:00,101.4
2023-08-30 06:00:00,121.5
2023-08-30 07:00:00,142.3
2023-08-30 08:00:00,143.4
2023-08-30 09:00:00,125.8
2023-08-30 10:00:00,118.0
2023-08-30 11:00:00,108.0
2023-08-30 12:00:00,105.0
2023-08-30 13:00:00,101.1
2023-08-30 14:00:00,104.8
2023-08-30 15:00:00,110.9
2023-08-30 16:00:00,108.0
2023-08-30 17:00:00,131.1
2023-08-30 18:00:00,169.1
2023-08-30 19:00:00,266.7
2023-08-30 20:00:00,278.4
2023-08-30 21:00:00,146.5
2023-08-30 22:00:00,134.6
2023-08-30 23:00:00,110.4
2023-08-31 00:00:00,98.0
2023-08-31 01:00:00,93.0
2023-08-31 02:00:00,91.1
2023-08-31 03:00:00,85.3
2023-08-31 04:00:00,89.3
2023-08-31 05:00:00,91.5
2023-08-31 06:00:00,113.9
2023-08-31 07:00:00,151.1
2023-08-31 08:00:00,145.7
2023-08-31 09:00:00,121.0
2023-08-31 10:00:00,105.1
2023-08-31 11:00:00,109.9
2023-08-31 12:00:00,101.9
2023-08-31 13:00:00,96.1
2023-08-31 14:00:00,105.5
2023-08-31 15:00:00,104.6
2023-08-31 16:00:00,116.1
2023-08-31 17:00:00,122.4
2023-08-31 18:00:00,154.5
2023-08-31 19:00:00,209.7
2023-08-31 20:00:00,188.2
2023-08-31 21:00:00,134.2
2023-08-31 22:00:00,125.3
2023-08-31 23:00:00,101.8
2023-09-01 00:00:00,102.8
2023-09-01 01:00:00,99.0
2023-09-01 02:00:00,95.1
2023-09-01 03:00:00,91.0
2023-09-01 04:00:00,91.1
2023-09-01 05:00:00,94.4
2023-09-01 06:00:00,114.6
2023-09-01 07:00:00,125.2
2023-09-01 08:00:00,129.9
2023-09-01 09:00:00,115.7
2023-09-01 10:00:00,106.7
2023-09-01 11:00:00,98.2
2023-09-01 12:00:00,98.0
2023-09-01 13:00:00,95.9
2023-09-01 14:00:00,98.2
2023-09-01 15:00:00,98.2
2023-09-01 16:00:00,112.5
2023-09-01 17:00:00,124.5
2023-09-01 18:00:00,161.6
2023-09-01 19:00:00,191.0
2023-09-01 20:00:00,187.1
2023-09-01 21:00:00,158.2
2023-09-01 22:00:00,125.7
2023-09-01 23:00:00,113.4
2023-09-02 00:00:00,113.5
2023-09-02 01:00:00,107.5
2023-09-02 02:00:00,103.5
2023-09-02 03:00:00,96.0
2023-09-02 04:00:00,95.2
2023-09-02 05:00:00,97.5
2023-09-02 06:00:00,103.1
2023-09-02 07:00:00,97.6
2023-09-02 08:00:00,99.1
2023-09-02 09:00:00,95.4
2023-09-02 10:00:00,86.3
2023-09-02 11:00:00,81.2
2023-09-02 12:00:00,80.2
2023-09-02 13:00:00,78.7
2023-09-02 14:00:00,77.0
2023-09-02 15:00:00,86.3
2023-09-02 16:00:00,91.3
2023-09-02 17:00:00,112.4
2023-09-02 18:00:00,168.3
2023-09-02 19:00:00,205.4
2023-09-02 20:00:00,183.0
2023-09-02 21:00:00,140.1
2023-09-02 22:00:00,134.1
2023-09-02 23:00:00,120.1
2023-09-03 00:00:00,98.1
2023-09-03 01:00:00,95.2
2023-09-03 02:00:00,92.3
2023-09-03 03:00:00,91.8
2023-09-03 04:00:00,91.0
2023-09-03 05:00:00,91.0
2023-09-03 06:00:00,89.9
2023-09-03 07:00:00,89.9
2023-09-03 08:00:00,89.9
2023-09-03 09:00:00,80.0
2023-09-03 10:00:00,68.0
2023-09-03 11:00:00,63.0
2023-09-03 12:00:00,55.3
2023-09-03 13:00:00,50.0
2023-09-03 14:00:00,46.3
2023-09-03 15:00:00,49.7
2023-09-03 16:00:00,84.0
2023-09-03 17:00:00,90.6
2023-09-03 18:00:00,105.4
2023-09-03 19:00:00,121.3
2023-09-03 20:00:00,130.9
2023-09-03 21:00:00,124.7
2023-09-03 22:00:00,113.0
2023-09-03 23:00:00,99.3
2023-09-04 00:00:00,91.5
2023-09-04 01:00:00,87.9
2023-09-04 02:00:00,82.9
2023-09-04 03:00:00,81.3
2023-09-04 04:00:00,83.7
2023-09-04 05:00:00,84.7
2023-09-04 06:00:00,110.9
2023-09-04 07:00:00,118.0
2023-09-04 08:00:00,119.6
2023-09-04 09:00:00,107.5
2023-09-04 10:00:00,92.0
2023-09-04 11:00:00,84.0
2023-09-04 12:00:00,78.3
2023-09-04 13:00:00,73.7
2023-09-04 14:00:00,75.0
2023-09-04 15:00:00,80.9
2023-09-04 16:00:00,88.3
2023-09-04 17:00:00,102.0
2023-09-04 18:00:00,117.2
2023-09-04 19:00:00,144.5
2023-09-04 20:00:00,144.1
2023-09-04 21:00:00,121.6
2023-09-04 22:00:00,113.6
2023-09-04 23:00:00,102.3
2023-09-05 00:00:00,96.2
2023-09-05 01:00:00,91.6
2023-09-05 02:00:00,86.2
2023-09-05 03:00:00,82.2
2023-09-05 04:00:00,82.7
2023-09-05 05:00:00,91.5
2023-09-05 06:00:00,107.2
2023-09-05 07:00:00,114.2
2023-09-05 08:00:00,120.2
2023-09-05 09:00:00,101.6
2023-09-05 10:00:00,91.6
2023-09-05 11:00:00,81.8
2023-09-05 12:00:00,78.3
2023-09-05 13:00:00,79.8
2023-09-05 14:00:00,82.1
2023-09-05 15:00:00,89.3
2023-09-05 16:00:00,96.9
2023-09-05 17:00:00,109.2
2023-09-05 18:00:00,131.5
2023-09-05 19:00:00,153.6
2023-09-05 20:00:00,142.3
2023-09-05 21:00:00,124.5
2023-09-05 22:00:00,108.5
2023-09-05 23:00:00,100.5
2023-09-06 00:00:00,96.4
2023-09-06 01:00:00,90.1
2023-09-06 02:00:00,84.5
2023-09-06 03:00:00,80.1
2023-09-06 04:00:00,87.0
2023-09-06 05:00:00,95.1
2023-09-06 06:00:00,119.5
2023-09-06 07:00:00,118.5
2023-09-06 08:00:00,115.0
2023-09-06 09:00:00,100.7
2023-09-06 10:00:00,90.1
2023-09-06 11:00:00,91.6
2023-09-06 12:00:00,83.7
2023-09-06 13:00:00,86.5
2023-09-06 14:00:00,88.9
2023-09-06 15:00:00,91.0
2023-09-06 16:00:00,98.0
2023-09-06 17:00:00,112.2
2023-09-06 18:00:00,133.0
2023-09-06 19:00:00,149.0
2023-09-06 20:00:00,140.0
2023-09-06 21:00:00,119.5
2023-09-06 22:00:00,115.0
2023-09-06 23:00:00,105.1
2023-09-07 00:00:00,93.3
2023-09-07 01:00:00,91.1
2023-09-07 02:00:00,80.3
2023-09-07 03:00:00,79.4
2023-09-07 04:00:00,81.2
2023-09-07 05:00:00,86.6
2023-09-07 06:00:00,116.9
2023-09-07 07:00:00,128.6
2023-09-07 08:00:00,118.8
2023-09-07 09:00:00,103.0
2023-09-07 10:00:00,91.5
2023-09-07 11:00:00,81.1
2023-09-07 12:00:00,76.0
2023-09-07 13:00:00,79.3
2023-09-07 14:00:00,79.4
2023-09-07 15:00:00,86.2
2023-09-07 16:00:00,93.1
2023-09-07 17:00:00,103.7
2023-09-07 18:00:00,131.1
2023-09-07 19:00:00,157.1
2023-09-07 20:00:00,141.2
2023-09-07 21:00:00,117.9
2023-09-07 22:00:00,117.4
2023-09-07 23:00:00,105.2
2023-09-08 00:00:00,82.0
2023-09-08 01:00:00,76.1
2023-09-08 02:00:00,72.5
2023-09-08 03:00:00,67.1
2023-09-08 04:00:00,67.1
2023-09-08 05:00:00,81.0
2023-09-08 06:00:00,98.8
2023-09-08 07:00:00,101.2
2023-09-08 08:00:00,97.9
2023-09-08 09:00:00,98.1
2023-09-08 10:00:00,90.0
2023-09-08 11:00:00,84.4
2023-09-08 12:00:00,80.5
2023-09-08 13:00:00,73.0
2023-09-08 14:00:00,75.0
2023-09-08 15:00:00,83.0
2023-09-08 16:00:00,91.3
2023-09-08 17:00:00,107.2
2023-09-08 18:00:00,120.1
2023-09-08 19:00:00,138.4
2023-09-08 20:00:00,121.7
2023-09-08 21:00:00,110.1
2023-09-08 22:00:00,101.7
2023-09-08 23:00:00,103.6
2023-09-09 00:00:00,90.1
2023-09-09 01:00:00,83.1
2023-09-09 02:00:00,69.9
2023-09-09 03:00:00,66.5
2023-09-09 04:00:00,65.6
2023-09-09 05:00:00,66.6
2023-09-09 06:00:00,79.5
2023-09-09 07:00:00,90.9
2023-09-09 08:00:00,96.4
2023-09-09 09:00:00,83.4
2023-09-09 10:00:00,67.3
2023-09-09 11:00:00,58.0
2023-09-09 12:00:00,41.7
2023-09-09 13:00:00,40.7
2023-09-09 14:00:00,40.0
2023-09-09 15:00:00,57.2
2023-09-09 16:00:00,81.3
2023-09-09 17:00:00,89.6
2023-09-09 18:00:00,115.2
2023-09-09 19:00:00,140.3
2023-09-09 20:00:00,143.0
2023-09-09 21:00:00,112.4
2023-09-09 22:00:00,107.4
2023-09-09 23:00:00,101.5
2023-09-10 00:00:00,95.6
2023-09-10 01:00:00,91.9
2023-09-10 02:00:00,89.7
2023-09-10 03:00:00,79.4
2023-09-10 04:00:00,81.8
2023-09-10 05:00:00,81.0
2023-09-10 06:00:00,85.1
2023-09-10 07:00:00,87.9
2023-09-10 08:00:00,85.3
2023-09-10 09:00:00,75.0
2023-09-10 10:00:00,60.0
2023-09-10 11:00:00,35.0
2023-09-10 12:00:00,25.0
2023-09-10 13:00:00,21.8
2023-09-10 14:00:00,20.4
2023-09-10 15:00:00,32.2
2023-09-10 16:00:00,77.1
2023-09-10 17:00:00,91.6
2023-09-10 18:00:00,115.9
2023-09-10 19:00:00,138.3
2023-09-10 20:00:00,143.3
2023-09-10 21:00:00,126.0
2023-09-10 22:00:00,107.9
2023-09-10 23:00:00,97.9
2023-09-11 00:00:00,89.0
2023-09-11 01:00:00,82.0
2023-09-11 02:00:00,69.85
2023-09-11 03:00:00,68.3
2023-09-11 04:00:00,64.98
2023-09-11 05:00:00,85.05
2023-09-11 06:00:00,99.95
2023-09-11 07:00:00,125.0
2023-09-11 08:00:00,120.0
2023-09-11 09:00:00,97.01
2023-09-11 10:00:00,85.48
2023-09-11 11:00:00,80.61
2023-09-11 12:00:00,76.75
2023-09-11 13:00:00,76.75
2023-09-11 14:00:00,89.34
2023-09-11 15:00:00,90.9
2023-09-11 16:00:00,97.46
2023-09-11 17:00:00,104.0
2023-09-11 18:00:00,150.0
2023-09-11 19:00:00,170.0
2023-09-11 20:00:00,170.0
2023-09-11 21:00:00,151.09
2023-09-11 22:00:00,132.73
2023-09-11 23:00:00,100.9
2023-09-12 00:00:00,118.0
2023-09-12 01:00:00,112.8
2023-09-12 02:00:00,109.2
2023-09-12 03:00:00,105.2
2023-09-12 04:00:00,105.4
2023-09-12 05:00:00,119.9
2023-09-12 06:00:00,154.2
2023-09-12 07:00:00,178.2
2023-09-12 08:00:00,140.3
2023-09-12 09:00:00,120.0
2023-09-12 10:00:00,110.1
2023-09-12 11:00:00,105.4
2023-09-12 12:00:00,105.2
2023-09-12 13:00:00,104.7
2023-09-12 14:00:00,104.9
2023-09-12 15:00:00,111.5
2023-09-12 16:00:00,120.0
2023-09-12 17:00:00,139.9
2023-09-12 18:00:00,209.5
2023-09-12 19:00:00,273.6
2023-09-12 20:00:00,230.1
2023-09-12 21:00:00,169.9
2023-09-12 22:00:00,136.3
2023-09-12 23:00:00,115.9
2023-09-13 00:00:00,107.8
2023-09-13 01:00:00,101.5
2023-09-13 02:00:00,101.4
2023-09-13 03:00:00,100.1
2023-09-13 04:00:00,102.2
2023-09-13 05:00:00,102.8
2023-09-13 06:00:00,120.1
2023-09-13 07:00:00,137.1
2023-09-13 08:00:00,116.2
2023-09-13 09:00:00,119.8
2023-09-13 10:00:00,114.9
2023-09-13 11:00:00,103.6
2023-09-13 12:00:00,97.9
2023-09-13 13:00:00,97.9
2023-09-13 14:00:00,94.6
2023-09-13 15:00:00,96.9
2023-09-13 16:00:00,105.0
2023-09-13 17:00:00,113.0
2023-09-13 18:00:00,141.9
2023-09-13 19:00:00,168.9
2023-09-13 20:00:00,159.9
2023-09-13 21:00:00,139.9
2023-09-13 22:00:00,122.6
2023-09-13 23:00:00,104.0
2023-09-14 00:00:00,107.7
2023-09-14 01:00:00,105.7
2023-09-14 02:00:00,105.3
2023-09-14 03:00:00,103.8
2023-09-14 04:00:00,103.1
2023-09-14 05:00:00,111.4
2023-09-14 06:00:00,145.2
2023-09-14 07:00:00,157.8
2023-09-14 08:00:00,145.4
2023-09-14 09:00:00,125.1
2023-09-14 10:00:00,112.4
2023-09-14 11:00:00,104.4
2023-09-14 12:00:00,97.9
2023-09-14 13:00:00,97.1
2023-09-14 14:00:00,103.6
2023-09-14 15:00:00,105.6
2023-09-14 16:00:00,113.7
2023-09-14 17:00:00,135.3
2023-09-14 18:00:00,162.2
2023-09-14 19:00:00,222.4
2023-09-14 20:00:00,185.4
2023-09-14 21:00:00,146.9
2023-09-14 22:00:00,121.9
2023-09-14 23:00:00,115.0
2023-09-15 00:00:00,115.0
2023-09-15 01:00:00,108.1
2023-09-15 02:00:00,104.3
2023-09-15 03:00:00,104.4
2023-09-15 04:00:00,105.0
2023-09-15 05:00:00,115.0
2023-09-15 06:00:00,125.3
2023-09-15 07:00:00,146.5
2023-09-15 08:00:00,135.1
2023-09-15 09:00:00,112.1
2023-09-15 10:00:00,105.0
2023-09-15 11:00:00,95.0
2023-09-15 12:00:00,91.3
2023-09-15 13:00:00,91.5
2023-09-15 14:00:00,93.7
2023-09-15 15:00:00,105.2
2023-09-15 16:00:00,112.7
2023-09-15 17:00:00,125.1
2023-09-15 18:00:00,150.9
2023-09-15 19:00:00,205.4
2023-09-15 20:00:00,163.2
2023-09-15 21:00:00,130.0
2023-09-15 22:00:00,111.4
2023-09-15 23:00:00,99.5
2023-09-16 00:00:00,98.1
2023-09-16 01:00:00,91.5
2023-09-16 02:00:00,90.0
2023-09-16 03:00:00,86.5
2023-09-16 04:00:00,87.3
2023-09-16 05:00:00,90.4
2023-09-16 06:00:00,97.9
2023-09-16 07:00:00,100.0
2023-09-16 08:00:00,100.0
2023-09-16 09:00:00,98.1
2023-09-16 10:00:00,88.4
2023-09-16 11:00:00,74.4
2023-09-16 12:00:00,61.8
2023-09-16 13:00:00,60.7
2023-09-16 14:00:00,60.6
2023-09-16 15:00:00,70.9
2023-09-16 16:00:00,90.9
2023-09-16 17:00:00,112.1
2023-09-16 18:00:00,130.1
2023-09-16 19:00:00,156.2
2023-09-16 20:00:00,139.9
2023-09-16 21:00:00,113.0
2023-09-16 22:00:00,104.0
2023-09-16 23:00:00,93.2
2023-09-17 00:00:00,94.9
2023-09-17 01:00:00,91.5
2023-09-17 02:00:00,87.1
2023-09-17 03:00:00,84.0
2023-09-17 04:00:00,82.3
2023-09-17 05:00:00,83.1
2023-09-17 06:00:00,89.7
2023-09-17 07:00:00,95.3
2023-09-17 08:00:00,87.6
2023-09-17 09:00:00,83.0
2023-09-17 10:00:00,65.4
2023-09-17 11:00:00,45.2
2023-09-17 12:00:00,35.2
2023-09-17 13:00:00,35.3
2023-09-17 14:00:00,35.5
2023-09-17 15:00:00,49.0
2023-09-17 16:00:00,79.2
2023-09-17 17:00:00,102.4
2023-09-17 18:00:00,121.5
2023-09-17 19:00:00,146.1
2023-09-17 20:00:00,134.5
2023-09-17 21:00:00,115.4
2023-09-17 22:00:00,94.1
2023-09-17 23:00:00,80.4
2023-09-18 00:00:00,85.9
2023-09-18 01:00:00,91.1
2023-09-18 02:00:00,80.0
2023-09-18 03:00:00,74.8
2023-09-18 04:00:00,75.5
2023-09-18 05:00:00,87.3
2023-09-18 06:00:00,115.1
2023-09-18 07:00:00,120.4
2023-09-18 08:00:00,109.9
2023-09-18 09:00:00,100.8
2023-09-18 10:00:00,90.3
2023-09-18 11:00:00,85.5
2023-09-18 12:00:00,79.8
2023-09-18 13:00:00,61.3
2023-09-18 14:00:00,67.1
2023-09-18 15:00:00,84.1
2023-09-18 16:00:00,107.8
2023-09-18 17:00:00,109.9
2023-09-18 18:00:00,128.2
2023-09-18 19:00:00,163.8
2023-09-18 20:00:00,132.5
2023-09-18 21:00:00,109.2
2023-09-18 22:00:00,97.8
2023-09-18 23:00:00,82.3
2023-09-19 00:00:00,80.0
2023-09-19 01:00:00,69.9
2023-09-19 02:00:00,57.4
2023-09-19 03:00:00,57.8
2023-09-19 04:00:00,47.3
2023-09-19 05:00:00,70.9
2023-09-19 06:00:00,100.0
2023-09-19 07:00:00,107.9
2023-09-19 08:00:00,108.8
2023-09-19 09:00:00,100.0
2023-09-19 10:00:00,63.9
2023-09-19 11:00:00,38.1
2023-09-19 12:00:00,45.7
2023-09-19 13:00:00,48.1
2023-09-19 14:00:00,59.0
2023-09-19 15:00:00,82.0
2023-09-19 16:00:00,92.3
2023-09-19 17:00:00,102.1
2023-09-19 18:00:00,123.0
2023-09-19 19:00:00,140.1
2023-09-19 20:00:00,123.1
2023-09-19 21:00:00,98.1
2023-09-19 22:00:00,87.6
2023-09-19 23:00:00,75.5
2023-09-20 00:00:00,61.1
2023-09-20 01:00:00,47.3
2023-09-20 02:00:00,40.1
2023-09-20 03:00:00,40.1
2023-09-20 04:00:00,37.2
2023-09-20 05:00:00,71.9
2023-09-20 06:00:00,113.3
2023-09-20 07:00:00,123.5
2023-09-20 08:00:00,126.5
2023-09-20 09:00:00,97.0
2023-09-20 10:00:00,73.2
2023-09-20 11:00:00,60.1
2023-09-20 12:00:00,66.0
2023-09-20 13:00:00,65.1
2023-09-20 14:00:00,85.0
2023-09-20 15:00:00,93.6
2023-09-20 16:00:00,111.0
2023-09-20 17:00:00,123.3
2023-09-20 18:00:00,149.6
2023-09-20 19:00:00,175.2
2023-09-20 20:00:00,140.0
2023-09-20 21:00:00,113.6
2023-09-20 22:00:00,100.0
2023-09-20 23:00:00,85.3
2023-09-21 00:00:00,86.4
2023-09-21 01:00:00,73.1
2023-09-21 02:00:00,63.1
2023-09-21 03:00:00,60.0
2023-09-21 04:00:00,68.1
2023-09-21 05:00:00,103.7
2023-09-21 06:00:00,120.0
2023-09-21 07:00:00,127.5
2023-09-21 08:00:00,117.6
2023-09-21 09:00:00,110.1
2023-09-21 10:00:00,100.0
2023-09-21 11:00:00,92.7
2023-09-21 12:00:00,90.0
2023-09-21 13:00:00,86.3
2023-09-21 14:00:00,92.0
2023-09-21 15:00:00,105.1
2023-09-21 16:00:00,120.0
2023-09-21 17:00:00,129.1
2023-09-21 18:00:00,172.8
2023-09-21 19:00:00,222.4
2023-09-21 20:00:00,167.3
2023-09-21 21:00:00,123.1
2023-09-21 22:00:00,111.1
2023-09-21 23:00:00,98.1
2023-09-22 00:00:00,88.1
2023-09-22 01:00:00,79.2
2023-09-22 02:00:00,79.1
2023-09-22 03:00:00,72.7
2023-09-22 04:00:00,79.3
2023-09-22 05:00:00,84.4
2023-09-22 06:00:00,110.2
2023-09-22 07:00:00,129.5
2023-09-22 08:00:00,123.7
2023-09-22 09:00:00,105.2
2023-09-22 10:00:00,97.0
2023-09-22 11:00:00,87.0
2023-09-22 12:00:00,85.0
2023-09-22 13:00:00,75.3
2023-09-22 14:00:00,80.3
2023-09-22 15:00:00,90.4
2023-09-22 16:00:00,103.3
2023-09-22 17:00:00,109.6
2023-09-22 18:00:00,136.2
2023-09-22 19:00:00,181.0
2023-09-22 20:00:00,143.5
2023-09-22 21:00:00,114.3
2023-09-22 22:00:00,105.6
2023-09-22 23:00:00,95.1
2023-09-23 00:00:00,88.1
2023-09-23 01:00:00,79.2
2023-09-23 02:00:00,79.1
2023-09-23 03:00:00,72.7
2023-09-23 04:00:00,79.3
2023-09-23 05:00:00,84.4
2023-09-23 06:00:00,110.2
2023-09-23 07:00:00,129.5
2023-09-23 08:00:00,123.7
2023-09-23 09:00:00,105.2
2023-09-23 10:00:00,97.0
2023-09-23 11:00:00,87.0
2023-09-23 12:00:00,85.0
2023-09-23 13:00:00,75.3
2023-09-23 14:00:00,80.3
2023-09-23 15:00:00,90.4
2023-09-23 16:00:00,103.3
2023-09-23 17:00:00,109.6
2023-09-23 18:00:00,136.2
2023-09-23 19:00:00,181.0
2023-09-23 20:00:00,143.5
2023-09-23 21:00:00,114.3
2023-09-23 22:00:00,105.6
2023-09-23 23:00:00,95.1
2023-09-24 00:00:00,97.9
2023-09-24 01:00:00,91.6
2023-09-24 02:00:00,88.5
2023-09-24 03:00:00,87.3
2023-09-24 04:00:00,86.4
2023-09-24 05:00:00,87.2
2023-09-24 06:00:00,88.0
2023-09-24 07:00:00,101.7
2023-09-24 08:00:00,100.0
2023-09-24 09:00:00,89.8
2023-09-24 10:00:00,95.0
2023-09-24 11:00:00,80.0
2023-09-24 12:00:00,75.0
2023-09-24 13:00:00,75.0
2023-09-24 14:00:00,57.0
2023-09-24 15:00:00,73.7
2023-09-24 16:00:00,100.0
2023-09-24 17:00:00,103.9
2023-09-24 18:00:00,124.6
2023-09-24 19:00:00,137.5
2023-09-24 20:00:00,115.9
2023-09-24 21:00:00,108.1
2023-09-24 22:00:00,99.3
2023-09-24 23:00:00,95.7
2023-09-25 00:00:00,70.0
2023-09-25 01:00:00,50.1
2023-09-25 02:00:00,40.8
2023-09-25 03:00:00,39.3
2023-09-25 04:00:00,43.0
2023-09-25 05:00:00,68.8
2023-09-25 06:00:00,105.9
2023-09-25 07:00:00,124.1
2023-09-25 08:00:00,114.3
2023-09-25 09:00:00,101.4
2023-09-25 10:00:00,91.7
2023-09-25 11:00:00,81.7
2023-09-25 12:00:00,73.2
2023-09-25 13:00:00,73.6
2023-09-25 14:00:00,75.5
2023-09-25 15:00:00,82.6
2023-09-25 16:00:00,89.2
2023-09-25 17:00:00,122.0
2023-09-25 18:00:00,159.9
2023-09-25 19:00:00,216.6
2023-09-25 20:00:00,194.2
2023-09-25 21:00:00,154.0
2023-09-25 22:00:00,129.7
2023-09-25 23:00:00,102.2
2023-09-26 00:00:00,108.0
2023-09-26 01:00:00,97.7
2023-09-26 02:00:00,93.4
2023-09-26 03:00:00,93.0
2023-09-26 04:00:00,87.6
2023-09-26 05:00:00,105.9
2023-09-26 06:00:00,133.8
2023-09-26 07:00:00,125.1
2023-09-26 08:00:00,146.5
2023-09-26 09:00:00,113.5
2023-09-26 10:00:00,103.8
2023-09-26 11:00:00,96.0
2023-09-26 12:00:00,90.1
2023-09-26 13:00:00,90.1
2023-09-26 14:00:00,90.1
2023-09-26 15:00:00,100.0
2023-09-26 16:00:00,108.0
2023-09-26 17:00:00,127.6
2023-09-26 18:00:00,172.4
2023-09-26 19:00:00,256.9
2023-09-26 20:00:00,190.1
2023-09-26 21:00:00,129.1
2023-09-26 22:00:00,120.0
2023-09-26 23:00:00,106.2
2023-09-27 00:00:00,105.0
2023-09-27 01:00:00,99.02
2023-09-27 02:00:00,94.68
2023-09-27 03:00:00,93.04
2023-09-27 04:00:00,95.4
2023-09-27 05:00:00,103.38
2023-09-27 06:00:00,126.13
2023-09-27 07:00:00,137.54
2023-09-27 08:00:00,119.9
2023-09-27 09:00:00,114.75
2023-09-27 10:00:00,103.33
2023-09-27 11:00:00,105.75
2023-09-27 12:00:00,102.6
2023-09-27 13:00:00,98.79
2023-09-27 14:00:00,99.06
2023-09-27 15:00:00,105.11
2023-09-27 16:00:00,111.51
2023-09-27 17:00:00,131.72
2023-09-27 18:00:00,160.28
2023-09-27 19:00:00,212.52
2023-09-27 20:00:00,158.12
2023-09-27 21:00:00,116.69
2023-09-27 22:00:00,106.96
2023-09-27 23:00:00,101.98
2023-09-28 00:00:00,91.6
2023-09-28 01:00:00,81.2
2023-09-28 02:00:00,74.8
2023-09-28 03:00:00,71.7
2023-09-28 04:00:00,77.1
2023-09-28 05:00:00,86.7
2023-09-28 06:00:00,115.1
2023-09-28 07:00:00,131.1
2023-09-28 08:00:00,124.9
2023-09-28 09:00:00,110.0
2023-09-28 10:00:00,97.6
2023-09-28 11:00:00,91.6
2023-09-28 12:00:00,90.1
2023-09-28 13:00:00,87.1
2023-09-28 14:00:00,91.6
2023-09-28 15:00:00,96.6
2023-09-28 16:00:00,101.7
2023-09-28 17:00:00,124.9
2023-09-28 18:00:00,163.9
2023-09-28 19:00:00,215.8
2023-09-28 20:00:00,155.7
2023-09-28 21:00:00,123.7
2023-09-28 22:00:00,111.6
2023-09-28 23:00:00,101.4
2023-09-29 00:00:00,102.5
2023-09-29 01:00:00,95.5
2023-09-29 02:00:00,89.7
2023-09-29 03:00:00,87.3
2023-09-29 04:00:00,87.6
2023-09-29 05:00:00,96.2
2023-09-29 06:00:00,117.7
2023-09-29 07:00:00,136.8
2023-09-29 08:00:00,130.9
2023-09-29 09:00:00,108.1
2023-09-29 10:00:00,97.1
2023-09-29 11:00:00,91.6
2023-09-29 12:00:00,87.1
2023-09-29 13:00:00,83.4
2023-09-29 14:00:00,87.1
2023-09-29 15:00:00,96.5
2023-09-29 16:00:00,98.0
2023-09-29 17:00:00,123.0
2023-09-29 18:00:00,144.0
2023-09-29 19:00:00,172.8
2023-09-29 20:00:00,139.2
2023-09-29 21:00:00,111.4
2023-09-29 22:00:00,108.8
2023-09-29 23:00:00,101.9
2023-09-30 00:00:00,98.5
2023-09-30 01:00:00,95.0
2023-09-30 02:00:00,88.7
2023-09-30 03:00:00,83.6
2023-09-30 04:00:00,83.0
2023-09-30 05:00:00,87.8
2023-09-30 06:00:00,95.7
2023-09-30 07:00:00,105.2
2023-09-30 08:00:00,104.2
2023-09-30 09:00:00,95.9
2023-09-30 10:00:00,81.7
2023-09-30 11:00:00,67.8
2023-09-30 12:00:00,43.3
2023-09-30 13:00:00,37.4
2023-09-30 14:00:00,40.0
2023-09-30 15:00:00,78.0
2023-09-30 16:00:00,92.9
2023-09-30 17:00:00,105.1
2023-09-30 18:00:00,133.4
2023-09-30 19:00:00,169.0
2023-09-30 20:00:00,142.0
2023-09-30 21:00:00,118.0
2023-09-30 22:00:00,107.3
2023-09-30 23:00:00,99.8
2023-10-01 00:00:00,95.1
2023-10-01 01:00:00,87.3
2023-10-01 02:00:00,79.8
2023-10-01 03:00:00,74.8
2023-10-01 04:00:00,79.4
2023-10-01 05:00:00,79.1
2023-10-01 06:00:00,85.2
2023-10-01 07:00:00,91.2
2023-10-01 08:00:00,89.6
2023-10-01 09:00:00,77.1
2023-10-01 10:00:00,59.3
2023-10-01 11:00:00,39.4
2023-10-01 12:00:00,27.4
2023-10-01 13:00:00,16.9
2023-10-01 14:00:00,15.0
2023-10-01 15:00:00,35.1
2023-10-01 16:00:00,66.1
2023-10-01 17:00:00,96.2
2023-10-01 18:00:00,121.6
2023-10-01 19:00:00,137.1
2023-10-01 20:00:00,122.6
2023-10-01 21:00:00,111.7
2023-10-01 22:00:00,102.9
2023-10-01 23:00:00,95.3
2023-10-02 00:00:00,89.4
2023-10-02 01:00:00,85.1
2023-10-02 02:00:00,81.5
2023-10-02 03:00:00,80.4
2023-10-02 04:00:00,80.2
2023-10-02 05:00:00,90.5
2023-10-02 06:00:00,115.4
2023-10-02 07:00:00,136.6
2023-10-02 08:00:00,128.3
2023-10-02 09:00:00,106.7
2023-10-02 10:00:00,91.9
2023-10-02 11:00:00,78.5
2023-10-02 12:00:00,82.2
2023-10-02 13:00:00,77.1
2023-10-02 14:00:00,81.6
2023-10-02 15:00:00,89.0
2023-10-02 16:00:00,99.6
2023-10-02 17:00:00,121.2
2023-10-02 18:00:00,167.2
2023-10-02 19:00:00,210.7
2023-10-02 20:00:00,160.1
2023-10-02 21:00:00,129.6
2023-10-02 22:00:00,111.2
2023-10-02 23:00:00,101.0
2023-10-03 00:00:00,84.0
2023-10-03 01:00:00,76.1
2023-10-03 02:00:00,67.6
2023-10-03 03:00:00,65.1
2023-10-03 04:00:00,59.6
2023-10-03 05:00:00,68.3
2023-10-03 06:00:00,91.2
2023-10-03 07:00:00,107.4
2023-10-03 08:00:00,93.1
2023-10-03 09:00:00,69.2
2023-10-03 10:00:00,40.0
2023-10-03 11:00:00,40.0
2023-10-03 12:00:00,39.1
2023-10-03 13:00:00,40.0
2023-10-03 14:00:00,40.7
2023-10-03 15:00:00,67.5
2023-10-03 16:00:00,83.7
2023-10-03 17:00:00,100.6
2023-10-03 18:00:00,136.3
2023-10-03 19:00:00,166.4
2023-10-03 20:00:00,120.0
2023-10-03 21:00:00,98.0
2023-10-03 22:00:00,87.6
2023-10-03 23:00:00,67.9
2023-10-04 00:00:00,55.8
2023-10-04 01:00:00,47.1
2023-10-04 02:00:00,45.5
2023-10-04 03:00:00,37.2
2023-10-04 04:00:00,46.1
2023-10-04 05:00:00,60.0
2023-10-04 06:00:00,105.3
2023-10-04 07:00:00,110.6
2023-10-04 08:00:00,110.8
2023-10-04 09:00:00,93.2
2023-10-04 10:00:00,67.6
2023-10-04 11:00:00,49.8
2023-10-04 12:00:00,43.3
2023-10-04 13:00:00,41.9
2023-10-04 14:00:00,51.2
2023-10-04 15:00:00,91.0
2023-10-04 16:00:00,109.2
2023-10-04 17:00:00,122.0
2023-10-04 18:00:00,146.3
2023-10-04 19:00:00,182.4
2023-10-04 20:00:00,130.1
2023-10-04 21:00:00,110.0
2023-10-04 22:00:00,99.0
2023-10-04 23:00:00,90.0
2023-10-05 00:00:00,95.2
2023-10-05 01:00:00,85.3
2023-10-05 02:00:00,76.9
2023-10-05 03:00:00,73.1
2023-10-05 04:00:00,71.2
2023-10-05 05:00:00,85.2
2023-10-05 06:00:00,108.4
2023-10-05 07:00:00,118.8
2023-10-05 08:00:00,119.2
2023-10-05 09:00:00,104.0
2023-10-05 10:00:00,89.5
2023-10-05 11:00:00,79.4
2023-10-05 12:00:00,69.1
2023-10-05 13:00:00,71.9
2023-10-05 14:00:00,74.8
2023-10-05 15:00:00,91.1
2023-10-05 16:00:00,99.6
2023-10-05 17:00:00,124.8
2023-10-05 18:00:00,148.2
2023-10-05 19:00:00,191.8
2023-10-05 20:00:00,153.3
2023-10-05 21:00:00,122.9
2023-10-05 22:00:00,110.0
2023-10-05 23:00:00,100.8
2023-10-06 00:00:00,93.2
2023-10-06 01:00:00,87.7
2023-10-06 02:00:00,82.1
2023-10-06 03:00:00,78.1
2023-10-06 04:00:00,78.7
2023-10-06 05:00:00,92.1
2023-10-06 06:00:00,111.4
2023-10-06 07:00:00,122.0
2023-10-06 08:00:00,122.0
2023-10-06 09:00:00,101.6
2023-10-06 10:00:00,93.3
2023-10-06 11:00:00,82.5
2023-10-06 12:00:00,75.0
2023-10-06 13:00:00,76.4
2023-10-06 14:00:00,83.0
2023-10-06 15:00:00,100.1
2023-10-06 16:00:00,98.0
2023-10-06 17:00:00,127.2
2023-10-06 18:00:00,150.0
2023-10-06 19:00:00,193.1
2023-10-06 20:00:00,135.0
2023-10-06 21:00:00,107.5
2023-10-06 22:00:00,100.3
2023-10-06 23:00:00,93.2
2023-10-07 00:00:00,81.3
2023-10-07 01:00:00,73.2
2023-10-07 02:00:00,65.1
2023-10-07 03:00:00,63.4
2023-10-07 04:00:00,56.3
2023-10-07 05:00:00,48.9
2023-10-07 06:00:00,71.4
2023-10-07 07:00:00,87.0
2023-10-07 08:00:00,89.9
2023-10-07 09:00:00,70.7
2023-10-07 10:00:00,57.7
2023-10-07 11:00:00,37.1
2023-10-07 12:00:00,17.6
2023-10-07 13:00:00,17.2
2023-10-07 14:00:00,24.7
2023-10-07 15:00:00,37.0
2023-10-07 16:00:00,80.1
2023-10-07 17:00:00,98.0
2023-10-07 18:00:00,100.1
2023-10-07 19:00:00,113.1
2023-10-07 20:00:00,105.8
2023-10-07 21:00:00,93.5
2023-10-07 22:00:00,90.8
2023-10-07 23:00:00,81.4
2023-10-08 00:00:00,71.6
2023-10-08 01:00:00,53.4
2023-10-08 02:00:00,57.2
2023-10-08 03:00:00,42.0
2023-10-08 04:00:00,43.2
2023-10-08 05:00:00,50.0
2023-10-08 06:00:00,69.6
2023-10-08 07:00:00,78.7
2023-10-08 08:00:00,95.0
2023-10-08 09:00:00,80.0
2023-10-08 10:00:00,65.0
2023-10-08 11:00:00,52.8
2023-10-08 12:00:00,39.5
2023-10-08 13:00:00,39.4
2023-10-08 14:00:00,45.0
2023-10-08 15:00:00,65.0
2023-10-08 16:00:00,80.0
2023-10-08 17:00:00,96.7
2023-10-08 18:00:00,122.6
2023-10-08 19:00:00,135.7
2023-10-08 20:00:00,121.7
2023-10-08 21:00:00,107.2
2023-10-08 22:00:00,95.9
2023-10-08 23:00:00,90.6
2023-10-09 00:00:00,94.3
2023-10-09 01:00:00,85.5
2023-10-09 02:00:00,77.8
2023-10-09 03:00:00,71.1
2023-10-09 04:00:00,71.6
2023-10-09 05:00:00,75.7
2023-10-09 06:00:00,108.0
2023-10-09 07:00:00,124.5
2023-10-09 08:00:00,128.8
2023-10-09 09:00:00,111.0
2023-10-09 10:00:00,93.2
2023-10-09 11:00:00,86.1
2023-10-09 12:00:00,77.1
2023-10-09 13:00:00,74.8
2023-10-09 14:00:00,88.0
2023-10-09 15:00:00,95.6
2023-10-09 16:00:00,108.3
2023-10-09 17:00:00,137.3
2023-10-09 18:00:00,161.3
2023-10-09 19:00:00,210.1
2023-10-09 20:00:00,169.6
2023-10-09 21:00:00,105.0
2023-10-09 22:00:00,113.2
2023-10-09 23:00:00,99.3
2023-10-10 00:00:00,94.3
2023-10-10 01:00:00,85.5
2023-10-10 02:00:00,77.8
2023-10-10 03:00:00,71.1
2023-10-10 04:00:00,71.6
2023-10-10 05:00:00,75.7
2023-10-10 06:00:00,108.0
2023-10-10 07:00:00,124.5
2023-10-10 08:00:00,128.8
2023-10-10 09:00:00,111.0
2023-10-10 10:00:00,93.2
2023-10-10 11:00:00,86.1
2023-10-10 12:00:00,77.1
2023-10-10 13:00:00,74.8
2023-10-10 14:00:00,88.0
2023-10-10 15:00:00,95.6
2023-10-10 16:00:00,108.3
2023-10-10 17:00:00,137.3
2023-10-10 18:00:00,161.3
2023-10-10 19:00:00,210.1
2023-10-10 20:00:00,169.6
2023-10-10 21:00:00,105.0
2023-10-10 22:00:00,113.2
2023-10-10 23:00:00,99.3
2023-10-11 00:00:00,97.0
2023-10-11 01:00:00,92.3
2023-10-11 02:00:00,79.2
2023-10-11 03:00:00,79.1
2023-10-11 04:00:00,77.1
2023-10-11 05:00:00,100.0
2023-10-11 06:00:00,138.2
2023-10-11 07:00:00,163.0
2023-10-11 08:00:00,169.3
2023-10-11 09:00:00,120.0
2023-10-11 10:00:00,105.0
2023-10-11 11:00:00,100.0
2023-10-11 12:00:00,93.8
2023-10-11 13:00:00,90.7
2023-10-11 14:00:00,92.4
2023-10-11 15:00:00,100.0
2023-10-11 16:00:00,129.1
2023-10-11 17:00:00,175.0
2023-10-11 18:00:00,196.9
2023-10-11 19:00:00,227.5
2023-10-11 20:00:00,178.3
2023-10-11 21:00:00,123.7
2023-10-11 22:00:00,104.2
2023-10-11 23:00:00,93.3
2023-10-12 00:00:00,93.3
2023-10-12 01:00:00,83.6
2023-10-12 02:00:00,78.2
2023-10-12 03:00:00,78.0
2023-10-12 04:00:00,78.5
2023-10-12 05:00:00,92.1
2023-10-12 06:00:00,145.2
2023-10-12 07:00:00,162.5
2023-10-12 08:00:00,142.9
2023-10-12 09:00:00,130.1
2023-10-12 10:00:00,114.1
2023-10-12 11:00:00,110.6
2023-10-12 12:00:00,105.7
2023-10-12 13:00:00,105.4
2023-10-12 14:00:00,111.5
2023-10-12 15:00:00,123.3
2023-10-12 16:00:00,136.8
2023-10-12 17:00:00,164.1
2023-10-12 18:00:00,187.1
2023-10-12 19:00:00,225.4
2023-10-12 20:00:00,187.5
2023-10-12 21:00:00,151.2
2023-10-12 22:00:00,135.2
2023-10-12 23:00:00,129.0
2023-10-13 00:00:00,115.2
2023-10-13 01:00:00,105.0
2023-10-13 02:00:00,99.6
2023-10-13 03:00:00,95.2
2023-10-13 04:00:00,95.4
2023-10-13 05:00:00,119.9
2023-10-13 06:00:00,140.0
2023-10-13 07:00:00,166.5
2023-10-13 08:00:00,155.3
2023-10-13 09:00:00,127.7
2023-10-13 10:00:00,109.9
2023-10-13 11:00:00,98.2
2023-10-13 12:00:00,93.8
2023-10-13 13:00:00,95.8
2023-10-13 14:00:00,109.9
2023-10-13 15:00:00,125.5
2023-10-13 16:00:00,139.9
2023-10-13 17:00:00,172.5
2023-10-13 18:00:00,185.1
2023-10-13 19:00:00,213.5
2023-10-13 20:00:00,190.6
2023-10-13 21:00:00,155.1
2023-10-13 22:00:00,129.0
2023-10-13 23:00:00,121.7
2023-10-14 00:00:00,131.8
2023-10-14 01:00:00,131.8
2023-10-14 02:00:00,117.1
2023-10-14 03:00:00,112.9
2023-10-14 04:00:00,105.2
2023-10-14 05:00:00,105.8
2023-10-14 06:00:00,127.6
2023-10-14 07:00:00,117.5
2023-10-14 08:00:00,107.5
2023-10-14 09:00:00,101.7
2023-10-14 10:00:00,93.2
2023-10-14 11:00:00,86.4
2023-10-14 12:00:00,85.5
2023-10-14 13:00:00,89.4
2023-10-14 14:00:00,90.8
2023-10-14 15:00:00,110.2
2023-10-14 16:00:00,135.3
2023-10-14 17:00:00,155.7
2023-10-14 18:00:00,169.2
2023-10-14 19:00:00,182.5
2023-10-14 20:00:00,166.8
2023-10-14 21:00:00,135.7
2023-10-14 22:00:00,136.5
2023-10-14 23:00:00,117.5
2023-10-15 00:00:00,98.0
2023-10-15 01:00:00,91.3
2023-10-15 02:00:00,89.4
2023-10-15 03:00:00,85.8
2023-10-15 04:00:00,91.1
2023-10-15 05:00:00,93.2
2023-10-15 06:00:00,78.7
2023-10-15 07:00:00,93.6
2023-10-15 08:00:00,95.2
2023-10-15 09:00:00,94.9
2023-10-15 10:00:00,89.9
2023-10-15 11:00:00,69.3
2023-10-15 12:00:00,50.9
2023-10-15 13:00:00,45.8
2023-10-15 14:00:00,53.8
2023-10-15 15:00:00,82.1
2023-10-15 16:00:00,100.1
2023-10-15 17:00:00,126.5
2023-10-15 18:00:00,150.0
2023-10-15 19:00:00,170.5
2023-10-15 20:00:00,147.7
2023-10-15 21:00:00,123.6
2023-10-15 22:00:00,117.5
2023-10-15 23:00:00,108.5
2023-10-16 00:00:00,105.7
2023-10-16 01:00:00,97.6
2023-10-16 02:00:00,97.6
2023-10-16 03:00:00,97.6
2023-10-16 04:00:00,102.5
2023-10-16 05:00:00,107.4
2023-10-16 06:00:00,142.8
2023-10-16 07:00:00,172.3
2023-10-16 08:00:00,175.9
2023-10-16 09:00:00,140.5
2023-10-16 10:00:00,129.2
2023-10-16 11:00:00,118.7
2023-10-16 12:00:00,114.8
2023-10-16 13:00:00,109.7
2023-10-16 14:00:00,111.5
2023-10-16 15:00:00,120.6
2023-10-16 16:00:00,149.6
2023-10-16 17:00:00,175.7
2023-10-16 18:00:00,222.8
2023-10-16 19:00:00,239.2
2023-10-16 20:00:00,190.1
2023-10-16 21:00:00,157.4
2023-10-16 22:00:00,156.5
2023-10-16 23:00:00,146.2
2023-10-17 00:00:00,123.3
2023-10-17 01:00:00,117.6
2023-10-17 02:00:00,113.6
2023-10-17 03:00:00,110.5
2023-10-17 04:00:00,110.1
2023-10-17 05:00:00,127.2
2023-10-17 06:00:00,157.6
2023-10-17 07:00:00,186.8
2023-10-17 08:00:00,182.1
2023-10-17 09:00:00,157.3
2023-10-17 10:00:00,141.4
2023-10-17 11:00:00,126.3
2023-10-17 12:00:00,125.1
2023-10-17 13:00:00,120.1
2023-10-17 14:00:00,120.7
2023-10-17 15:00:00,130.0
2023-10-17 16:00:00,149.3
2023-10-17 17:00:00,188.3
2023-10-17 18:00:00,213.1
2023-10-17 19:00:00,221.0
2023-10-17 20:00:00,171.7
2023-10-17 21:00:00,155.4
2023-10-17 22:00:00,134.4
2023-10-17 23:00:00,128.0
2023-10-18 00:00:00,118.9
2023-10-18 01:00:00,113.0
2023-10-18 02:00:00,106.1
2023-10-18 03:00:00,100.0
2023-10-18 04:00:00,107.1
2023-10-18 05:00:00,121.6
2023-10-18 06:00:00,150.0
2023-10-18 07:00:00,171.7
2023-10-18 08:00:00,164.8
2023-10-18 09:00:00,148.2
2023-10-18 10:00:00,120.7
2023-10-18 11:00:00,104.3
2023-10-18 12:00:00,102.5
2023-10-18 13:00:00,100.0
2023-10-18 14:00:00,112.6
2023-10-18 15:00:00,123.8
2023-10-18 16:00:00,155.1
2023-10-18 17:00:00,180.0
2023-10-18 18:00:00,200.9
2023-10-18 19:00:00,213.4
2023-10-18 20:00:00,200.0
2023-10-18 21:00:00,152.9
2023-10-18 22:00:00,142.8
2023-10-18 23:00:00,131.0
2023-10-19 00:00:00,125.2
2023-10-19 01:00:00,111.5
2023-10-19 02:00:00,107.3
2023-10-19 03:00:00,95.4
2023-10-19 04:00:00,113.2
2023-10-19 05:00:00,130.1
2023-10-19 06:00:00,150.0
2023-10-19 07:00:00,172.3
2023-10-19 08:00:00,150.0
2023-10-19 09:00:00,132.9
2023-10-19 10:00:00,130.0
2023-10-19 11:00:00,110.0
2023-10-19 12:00:00,107.0
2023-10-19 13:00:00,108.5
2023-10-19 14:00:00,99.5
2023-10-19 15:00:00,118.0
2023-10-19 16:00:00,123.2
2023-10-19 17:00:00,150.0
2023-10-19 18:00:00,166.3
2023-10-19 19:00:00,180.0
2023-10-19 20:00:00,150.0
2023-10-19 21:00:00,123.3
2023-10-19 22:00:00,100.1
2023-10-19 23:00:00,91.3
2023-10-20 00:00:00,98.0
2023-10-20 01:00:00,90.0
2023-10-20 02:00:00,86.6
2023-10-20 03:00:00,81.7
2023-10-20 04:00:00,90.0
2023-10-20 05:00:00,100.0
2023-10-20 06:00:00,123.2
2023-10-20 07:00:00,140.1
2023-10-20 08:00:00,125.0
2023-10-20 09:00:00,103.0
2023-10-20 10:00:00,108.7
2023-10-20 11:00:00,100.1
2023-10-20 12:00:00,98.0
2023-10-20 13:00:00,91.2
2023-10-20 14:00:00,90.0
2023-10-20 15:00:00,99.5
2023-10-20 16:00:00,130.0
2023-10-20 17:00:00,150.0
2023-10-20 18:00:00,160.3
2023-10-20 19:00:00,160.3
2023-10-20 20:00:00,130.1
2023-10-20 21:00:00,119.2
2023-10-20 22:00:00,115.1
2023-10-20 23:00:00,100.0
2023-10-21 00:00:00,70.0
2023-10-21 01:00:00,48.0
2023-10-21 02:00:00,37.6
2023-10-21 03:00:00,37.7
2023-10-21 04:00:00,36.0
2023-10-21 05:00:00,58.0
2023-10-21 06:00:00,62.8
2023-10-21 07:00:00,81.2
2023-10-21 08:00:00,78.7
2023-10-21 09:00:00,87.0
2023-10-21 10:00:00,67.0
2023-10-21 11:00:00,57.3
2023-10-21 12:00:00,57.1
2023-10-21 13:00:00,43.1
2023-10-21 14:00:00,41.8
2023-10-21 15:00:00,62.5
2023-10-21 16:00:00,85.8
2023-10-21 17:00:00,101.4
2023-10-21 18:00:00,120.6
2023-10-21 19:00:00,123.6
2023-10-21 20:00:00,109.4
2023-10-21 21:00:00,92.5
2023-10-21 22:00:00,82.4
2023-10-21 23:00:00,69.5
2023-10-22 00:00:00,64.1
2023-10-22 01:00:00,48.1
2023-10-22 02:00:00,47.6
2023-10-22 03:00:00,37.1
2023-10-22 04:00:00,32.9
2023-10-22 05:00:00,37.4
2023-10-22 06:00:00,51.3
2023-10-22 07:00:00,70.3
2023-10-22 08:00:00,79.1
2023-10-22 09:00:00,79.2
2023-10-22 10:00:00,63.8
2023-10-22 11:00:00,57.4
2023-10-22 12:00:00,35.1
2023-10-22 13:00:00,31.7
2023-10-22 14:00:00,35.0
2023-10-22 15:00:00,66.6
2023-10-22 16:00:00,90.1
2023-10-22 17:00:00,100.1
2023-10-22 18:00:00,115.5
2023-10-22 19:00:00,122.8
2023-10-22 20:00:00,112.1
2023-10-22 21:00:00,100.1
2023-10-22 22:00:00,101.3
2023-10-22 23:00:00,93.2
2023-10-23 00:00:00,105.1
2023-10-23 01:00:00,93.2
2023-10-23 02:00:00,83.3
2023-10-23 03:00:00,81.6
2023-10-23 04:00:00,85.4
2023-10-23 05:00:00,103.2
2023-10-23 06:00:00,134.0
2023-10-23 07:00:00,162.8
2023-10-23 08:00:00,170.7
2023-10-23 09:00:00,131.7
2023-10-23 10:00:00,117.9
2023-10-23 11:00:00,105.1
2023-10-23 12:00:00,105.1
2023-10-23 13:00:00,100.0
2023-10-23 14:00:00,100.0
2023-10-23 15:00:00,109.9
2023-10-23 16:00:00,131.1
2023-10-23 17:00:00,149.3
2023-10-23 18:00:00,180.3
2023-10-23 19:00:00,179.8
2023-10-23 20:00:00,144.5
2023-10-23 21:00:00,133.6
2023-10-23 22:00:00,129.4
2023-10-23 23:00:00,104.9
2023-10-24 00:00:00,110.0
2023-10-24 01:00:00,100.1
2023-10-24 02:00:00,100.0
2023-10-24 03:00:00,95.1
2023-10-24 04:00:00,93.5
2023-10-24 05:00:00,102.7
2023-10-24 06:00:00,144.6
2023-10-24 07:00:00,173.4
2023-10-24 08:00:00,163.5
2023-10-24 09:00:00,143.5
2023-10-24 10:00:00,130.0
2023-10-24 11:00:00,117.0
2023-10-24 12:00:00,110.0
2023-10-24 13:00:00,108.4
2023-10-24 14:00:00,116.8
2023-10-24 15:00:00,130.0
2023-10-24 16:00:00,146.9
2023-10-24 17:00:00,154.0
2023-10-24 18:00:00,184.7
2023-10-24 19:00:00,193.9
2023-10-24 20:00:00,155.5
2023-10-24 21:00:00,136.3
2023-10-24 22:00:00,119.8
2023-10-24 23:00:00,118.7
2023-10-25 00:00:00,95.6
2023-10-25 01:00:00,93.2
2023-10-25 02:00:00,90.0
2023-10-25 03:00:00,83.5
2023-10-25 04:00:00,85.6
2023-10-25 05:00:00,93.5
2023-10-25 06:00:00,125.8
2023-10-25 07:00:00,145.2
2023-10-25 08:00:00,152.1
2023-10-25 09:00:00,140.0
2023-10-25 10:00:00,125.8
2023-10-25 11:00:00,121.1
2023-10-25 12:00:00,111.4
2023-10-25 13:00:00,110.8
2023-10-25 14:00:00,114.1
2023-10-25 15:00:00,127.4
2023-10-25 16:00:00,140.0
2023-10-25 17:00:00,141.1
2023-10-25 18:00:00,160.2
2023-10-25 19:00:00,172.4
2023-10-25 20:00:00,140.0
2023-10-25 21:00:00,123.8
2023-10-25 22:00:00,125.3
2023-10-25 23:00:00,106.1
2023-10-26 00:00:00,100.0
2023-10-26 01:00:00,93.2
2023-10-26 02:00:00,81.7
2023-10-26 03:00:00,80.7
2023-10-26 04:00:00,80.0
2023-10-26 05:00:00,93.2
2023-10-26 06:00:00,120.0
2023-10-26 07:00:00,135.3
2023-10-26 08:00:00,148.5
2023-10-26 09:00:00,140.7
2023-10-26 10:00:00,133.2
2023-10-26 11:00:00,129.6
2023-10-26 12:00:00,121.6
2023-10-26 13:00:00,119.6
2023-10-26 14:00:00,123.7
2023-10-26 15:00:00,130.0
2023-10-26 16:00:00,136.2
2023-10-26 17:00:00,144.9
2023-10-26 18:00:00,160.0
2023-10-26 19:00:00,160.0
2023-10-26 20:00:00,132.4
2023-10-26 21:00:00,120.1
2023-10-26 22:00:00,117.5
2023-10-26 23:00:00,110.0
2023-10-27 00:00:00,105.3
2023-10-27 01:00:00,95.4
2023-10-27 02:00:00,93.1
2023-10-27 03:00:00,89.4
2023-10-27 04:00:00,91.6
2023-10-27 05:00:00,102.2
2023-10-27 06:00:00,130.0
2023-10-27 07:00:00,140.0
2023-10-27 08:00:00,145.4
2023-10-27 09:00:00,140.0
2023-10-27 10:00:00,133.2
2023-10-27 11:00:00,119.5
2023-10-27 12:00:00,115.5
2023-10-27 13:00:00,114.6
2023-10-27 14:00:00,113.1
2023-10-27 15:00:00,116.4
2023-10-27 16:00:00,122.0
2023-10-27 17:00:00,136.8
2023-10-27 18:00:00,150.8
2023-10-27 19:00:00,151.7
2023-10-27 20:00:00,128.6
2023-10-27 21:00:00,111.1
2023-10-27 22:00:00,115.1
2023-10-27 23:00:00,105.4
2023-10-28 00:00:00,96.4
2023-10-28 01:00:00,83.5
2023-10-28 02:00:00,75.5
2023-10-28 03:00:00,67.0
2023-10-28 04:00:00,77.7
2023-10-28 05:00:00,79.2
2023-10-28 06:00:00,93.3
2023-10-28 07:00:00,107.6
2023-10-28 08:00:00,110.9
2023-10-28 09:00:00,100.0
2023-10-28 10:00:00,93.1
2023-10-28 11:00:00,80.9
2023-10-28 12:00:00,65.5
2023-10-28 13:00:00,55.3
2023-10-28 14:00:00,63.5
2023-10-28 15:00:00,97.1
2023-10-28 16:00:00,120.0
2023-10-28 17:00:00,132.1
2023-10-28 18:00:00,138.8
2023-10-28 19:00:00,148.4
2023-10-28 20:00:00,122.0
2023-10-28 21:00:00,100.1
2023-10-28 22:00:00,100.0
2023-10-28 23:00:00,90.0
2023-10-29 00:00:00,90.0
2023-10-29 01:00:00,35.92
2023-10-29 02:00:00,25.16
2023-10-29 03:00:00,25.12
2023-10-29 04:00:00,25.11
2023-10-29 05:00:00,41.06
2023-10-29 06:00:00,69.6
2023-10-29 07:00:00,75.97
2023-10-29 08:00:00,87.81
2023-10-29 09:00:00,100.0
2023-10-29 10:00:00,67.94
2023-10-29 11:00:00,80.0
2023-10-29 12:00:00,80.0
2023-10-29 13:00:00,80.0
2023-10-29 14:00:00,80.0
2023-10-29 15:00:00,100.0
2023-10-29 16:00:00,120.0
2023-10-29 17:00:00,121.78
2023-10-29 18:00:00,119.6
2023-10-29 19:00:00,95.9
2023-10-29 20:00:00,93.16
2023-10-29 21:00:00,81.25
2023-10-29 22:00:00,71.84
2023-10-29 23:00:00,75.09
2023-10-30 00:00:00,96.4
2023-10-30 01:00:00,83.5
2023-10-30 02:00:00,75.5
2023-10-30 03:00:00,67.0
2023-10-30 04:00:00,77.7
2023-10-30 05:00:00,79.2
2023-10-30 06:00:00,93.3
2023-10-30 07:00:00,107.6
2023-10-30 08:00:00,110.9
2023-10-30 09:00:00,100.0
2023-10-30 10:00:00,93.1
2023-10-30 11:00:00,80.9
2023-10-30 12:00:00,65.5
2023-10-30 13:00:00,55.3
2023-10-30 14:00:00,63.5
2023-10-30 15:00:00,97.1
2023-10-30 16:00:00,120.0
2023-10-30 17:00:00,132.1
2023-10-30 18:00:00,138.8
2023-10-30 19:00:00,148.4
2023-10-30 20:00:00,122.0
2023-10-30 21:00:00,100.1
2023-10-30 22:00:00,100.0
2023-10-30 23:00:00,90.0
2023-10-31 00:00:00,93.2
2023-10-31 01:00:00,81.4
2023-10-31 02:00:00,68.1
2023-10-31 03:00:00,63.0
2023-10-31 04:00:00,61.2
2023-10-31 05:00:00,81.4
2023-10-31 06:00:00,120.1
2023-10-31 07:00:00,129.0
2023-10-31 08:00:00,127.8
2023-10-31 09:00:00,119.2
2023-10-31 10:00:00,107.6
2023-10-31 11:00:00,109.3
2023-10-31 12:00:00,107.4
2023-10-31 13:00:00,107.4
2023-10-31 14:00:00,114.8
2023-10-31 15:00:00,127.8
2023-10-31 16:00:00,145.6
2023-10-31 17:00:00,151.3
2023-10-31 18:00:00,152.0
2023-10-31 19:00:00,145.4
2023-10-31 20:00:00,125.9
2023-10-31 21:00:00,119.4
2023-10-31 22:00:00,112.6
2023-10-31 23:00:00,103.4
2023-11-01 00:00:00,88.0
2023-11-01 01:00:00,68.1
2023-11-01 02:00:00,56.3
2023-11-01 03:00:00,51.1
2023-11-01 04:00:00,52.2
2023-11-01 05:00:00,67.9
2023-11-01 06:00:00,95.0
2023-11-01 07:00:00,103.0
2023-11-01 08:00:00,98.0
2023-11-01 09:00:00,92.0
2023-11-01 10:00:00,72.1
2023-11-01 11:00:00,80.0
2023-11-01 12:00:00,84.8
2023-11-01 13:00:00,73.4
2023-11-01 14:00:00,98.0
2023-11-01 15:00:00,105.7
2023-11-01 16:00:00,119.2
2023-11-01 17:00:00,134.7
2023-11-01 18:00:00,142.5
2023-11-01 19:00:00,125.9
2023-11-01 20:00:00,109.7
2023-11-01 21:00:00,98.0
2023-11-01 22:00:00,99.4
2023-11-01 23:00:00,87.4
2023-11-02 00:00:00,98.0
2023-11-02 01:00:00,69.2
2023-11-02 02:00:00,48.8
2023-11-02 03:00:00,41.8
2023-11-02 04:00:00,42.9
2023-11-02 05:00:00,81.9
2023-11-02 06:00:00,105.0
2023-11-02 07:00:00,125.5
2023-11-02 08:00:00,106.1
2023-11-02 09:00:00,86.1
2023-11-02 10:00:00,93.2
2023-11-02 11:00:00,81.6
2023-11-02 12:00:00,83.9
2023-11-02 13:00:00,87.5
2023-11-02 14:00:00,135.1
2023-11-02 15:00:00,135.1
2023-11-02 16:00:00,143.6
2023-11-02 17:00:00,152.5
2023-11-02 18:00:00,151.7
2023-11-02 19:00:00,148.2
2023-11-02 20:00:00,121.6
2023-11-02 21:00:00,115.9
2023-11-02 22:00:00,105.7
2023-11-02 23:00:00,84.0
2023-11-03 00:00:00,74.1
2023-11-03 01:00:00,51.9
2023-11-03 02:00:00,35.9
2023-11-03 03:00:00,32.2
2023-11-03 04:00:00,34.4
2023-11-03 05:00:00,70.1
2023-11-03 06:00:00,119.8
2023-11-03 07:00:00,129.9
2023-11-03 08:00:00,96.0
2023-11-03 09:00:00,93.6
2023-11-03 10:00:00,86.4
2023-11-03 11:00:00,81.3
2023-11-03 12:00:00,79.3
2023-11-03 13:00:00,83.5
2023-11-03 14:00:00,76.9
2023-11-03 15:00:00,99.6
2023-11-03 16:00:00,137.2
2023-11-03 17:00:00,151.4
2023-11-03 18:00:00,120.6
2023-11-03 19:00:00,119.2
2023-11-03 20:00:00,95.5
2023-11-03 21:00:00,87.4
2023-11-03 22:00:00,84.9
2023-11-03 23:00:00,61.8
2023-11-04 00:00:00,59.8
2023-11-04 01:00:00,46.5
2023-11-04 02:00:00,30.0
2023-11-04 03:00:00,30.0
2023-11-04 04:00:00,30.0
2023-11-04 05:00:00,39.2
2023-11-04 06:00:00,41.5
2023-11-04 07:00:00,65.3
2023-11-04 08:00:00,67.6
2023-11-04 09:00:00,65.3
2023-11-04 10:00:00,53.8
2023-11-04 11:00:00,51.9
2023-11-04 12:00:00,50.0
2023-11-04 13:00:00,61.1
2023-11-04 14:00:00,71.8
2023-11-04 15:00:00,91.1
2023-11-04 16:00:00,81.9
2023-11-04 17:00:00,98.0
2023-11-04 18:00:00,87.6
2023-11-04 19:00:00,83.6
2023-11-04 20:00:00,120.1
2023-11-04 21:00:00,112.1
2023-11-04 22:00:00,120.1
2023-11-04 23:00:00,65.3
2023-11-05 00:00:00,25.4
2023-11-05 01:00:00,19.4
2023-11-05 02:00:00,10.1
2023-11-05 03:00:00,5.9
2023-11-05 04:00:00,8.1
2023-11-05 05:00:00,9.6
2023-11-05 06:00:00,15.1
2023-11-05 07:00:00,24.0
2023-11-05 08:00:00,15.6
2023-11-05 09:00:00,15.1
2023-11-05 10:00:00,15.2
2023-11-05 11:00:00,17.9
2023-11-05 12:00:00,18.3
2023-11-05 13:00:00,19.4
2023-11-05 14:00:00,23.4
2023-11-05 15:00:00,47.4
2023-11-05 16:00:00,91.5
2023-11-05 17:00:00,93.6
2023-11-05 18:00:00,89.5
2023-11-05 19:00:00,65.2
2023-11-05 20:00:00,45.1
2023-11-05 21:00:00,35.1
2023-11-05 22:00:00,31.4
2023-11-05 23:00:00,25.3
2023-11-06 00:00:00,30.1
2023-11-06 01:00:00,23.5
2023-11-06 02:00:00,5.6
2023-11-06 03:00:00,5.8
2023-11-06 04:00:00,11.7
2023-11-06 05:00:00,36.3
2023-11-06 06:00:00,52.8
2023-11-06 07:00:00,72.1
2023-11-06 08:00:00,90.0
2023-11-06 09:00:00,77.8
2023-11-06 10:00:00,68.9
2023-11-06 11:00:00,63.7
2023-11-06 12:00:00,65.5
2023-11-06 13:00:00,67.3
2023-11-06 14:00:00,79.6
2023-11-06 15:00:00,99.9
2023-11-06 16:00:00,110.1
2023-11-06 17:00:00,114.3
2023-11-06 18:00:00,115.9
2023-11-06 19:00:00,123.3
2023-11-06 20:00:00,125.1
2023-11-06 21:00:00,112.4
2023-11-06 22:00:00,115.0
2023-11-06 23:00:00,79.0
2023-11-07 00:00:00,100.1
2023-11-07 01:00:00,84.6
2023-11-07 02:00:00,69.7
2023-11-07 03:00:00,65.9
2023-11-07 04:00:00,68.1
2023-11-07 05:00:00,86.1
2023-11-07 06:00:00,115.1
2023-11-07 07:00:00,126.0
2023-11-07 08:00:00,127.1
2023-11-07 09:00:00,125.1
2023-11-07 10:00:00,108.3
2023-11-07 11:00:00,103.9
2023-11-07 12:00:00,104.7
2023-11-07 13:00:00,109.4
2023-11-07 14:00:00,125.1
2023-11-07 15:00:00,156.6
2023-11-07 16:00:00,165.5
2023-11-07 17:00:00,190.0
2023-11-07 18:00:00,172.3
2023-11-07 19:00:00,188.4
2023-11-07 20:00:00,149.6
2023-11-07 21:00:00,137.3
2023-11-07 22:00:00,125.1
2023-11-07 23:00:00,115.1
2023-11-08 00:00:00,79.7
2023-11-08 01:00:00,71.8
2023-11-08 02:00:00,68.8
2023-11-08 03:00:00,59.9
2023-11-08 04:00:00,64.0
2023-11-08 05:00:00,81.6
2023-11-08 06:00:00,110.9
2023-11-08 07:00:00,124.7
2023-11-08 08:00:00,123.5
2023-11-08 09:00:00,101.2
2023-11-08 10:00:00,85.3
2023-11-08 11:00:00,79.7
2023-11-08 12:00:00,77.2
2023-11-08 13:00:00,81.9
2023-11-08 14:00:00,103.4
2023-11-08 15:00:00,118.9
2023-11-08 16:00:00,154.3
2023-11-08 17:00:00,203.2
2023-11-08 18:00:00,183.0
2023-11-08 19:00:00,171.8
2023-11-08 20:00:00,129.3
2023-11-08 21:00:00,104.6
2023-11-08 22:00:00,93.1
2023-11-08 23:00:00,79.7
2023-11-09 00:00:00,98.0
2023-11-09 01:00:00,86.0
2023-11-09 02:00:00,81.3
2023-11-09 03:00:00,77.9
2023-11-09 04:00:00,80.0
2023-11-09 05:00:00,100.1
2023-11-09 06:00:00,115.1
2023-11-09 07:00:00,126.1
2023-11-09 08:00:00,128.0
2023-11-09 09:00:00,115.1
2023-11-09 10:00:00,105.7
2023-11-09 11:00:00,98.1
2023-11-09 12:00:00,93.3
2023-11-09 13:00:00,94.2
2023-11-09 14:00:00,103.9
2023-11-09 15:00:00,121.4
2023-11-09 16:00:00,143.6
2023-11-09 17:00:00,153.2
2023-11-09 18:00:00,155.2
2023-11-09 19:00:00,143.2
2023-11-09 20:00:00,126.4
2023-11-09 21:00:00,103.8
2023-11-09 22:00:00,105.7
2023-11-09 23:00:00,93.4
2023-11-10 00:00:00,84.7
2023-11-10 01:00:00,72.0
2023-11-10 02:00:00,70.1
2023-11-10 03:00:00,69.2
2023-11-10 04:00:00,71.2
2023-11-10 05:00:00,81.9
2023-11-10 06:00:00,99.4
2023-11-10 07:00:00,111.8
2023-11-10 08:00:00,121.1
2023-11-10 09:00:00,119.0
2023-11-10 10:00:00,107.3
2023-11-10 11:00:00,101.5
2023-11-10 12:00:00,98.0
2023-11-10 13:00:00,101.6
2023-11-10 14:00:00,111.7
2023-11-10 15:00:00,109.7
2023-11-10 16:00:00,134.1
2023-11-10 17:00:00,136.2
2023-11-10 18:00:00,132.8
2023-11-10 19:00:00,123.4
2023-11-10 20:00:00,110.1
2023-11-10 21:00:00,105.7
2023-11-10 22:00:00,105.8
2023-11-10 23:00:00,98.0
2023-11-11 00:00:00,101.3
2023-11-11 01:00:00,95.4
2023-11-11 02:00:00,90.1
2023-11-11 03:00:00,78.1
2023-11-11 04:00:00,76.2
2023-11-11 05:00:00,83.9
2023-11-11 06:00:00,88.1
2023-11-11 07:00:00,97.7
2023-11-11 08:00:00,105.0
2023-11-11 09:00:00,99.5
2023-11-11 10:00:00,93.2
2023-11-11 11:00:00,87.5
2023-11-11 12:00:00,87.2
2023-11-11 13:00:00,88.6
2023-11-11 14:00:00,87.4
2023-11-11 15:00:00,105.8
2023-11-11 16:00:00,115.7
2023-11-11 17:00:00,131.5
2023-11-11 18:00:00,131.9
2023-11-11 19:00:00,129.0
2023-11-11 20:00:00,112.8
2023-11-11 21:00:00,110.7
2023-11-11 22:00:00,109.0
2023-11-11 23:00:00,100.5
2023-11-12 00:00:00,101.3
2023-11-12 01:00:00,95.4
2023-11-12 02:00:00,90.1
2023-11-12 03:00:00,78.1
2023-11-12 04:00:00,76.2
2023-11-12 05:00:00,83.9
2023-11-12 06:00:00,88.0
2023-11-12 07:00:00,97.7
2023-11-12 08:00:00,105.0
2023-11-12 09:00:00,99.5
2023-11-12 10:00:00,93.2
2023-11-12 11:00:00,87.5
2023-11-12 12:00:00,87.2
2023-11-12 13:00:00,88.6
2023-11-12 14:00:00,87.4
2023-11-12 15:00:00,105.7
2023-11-12 16:00:00,115.7
2023-11-12 17:00:00,131.5
2023-11-12 18:00:00,131.9
2023-11-12 19:00:00,129.0
2023-11-12 20:00:00,112.8
2023-11-12 21:00:00,110.7
2023-11-12 22:00:00,109.0
2023-11-12 23:00:00,100.5
2023-11-13 00:00:00,120.1
2023-11-13 01:00:00,103.6
2023-11-13 02:00:00,97.2
2023-11-13 03:00:00,93.7
2023-11-13 04:00:00,95.1
2023-11-13 05:00:00,105.1
2023-11-13 06:00:00,125.8
2023-11-13 07:00:00,142.7
2023-11-13 08:00:00,145.6
2023-11-13 09:00:00,125.1
2023-11-13 10:00:00,117.9
2023-11-13 11:00:00,111.6
2023-11-13 12:00:00,111.9
2023-11-13 13:00:00,108.0
2023-11-13 14:00:00,110.6
2023-11-13 15:00:00,120.1
2023-11-13 16:00:00,149.5
2023-11-13 17:00:00,149.2
2023-11-13 18:00:00,155.4
2023-11-13 19:00:00,155.1
2023-11-13 20:00:00,125.8
2023-11-13 21:00:00,111.2
2023-11-13 22:00:00,120.1
2023-11-13 23:00:00,115.0
2023-11-14 00:00:00,84.1
2023-11-14 01:00:00,65.0
2023-11-14 02:00:00,46.5
2023-11-14 03:00:00,56.4
2023-11-14 04:00:00,57.5
2023-11-14 05:00:00,73.1
2023-11-14 06:00:00,90.1
2023-11-14 07:00:00,116.4
2023-11-14 08:00:00,104.9
2023-11-14 09:00:00,95.2
2023-11-14 10:00:00,85.1
2023-11-14 11:00:00,78.0
2023-11-14 12:00:00,77.1
2023-11-14 13:00:00,79.7
2023-11-14 14:00:00,99.1
2023-11-14 15:00:00,125.1
2023-11-14 16:00:00,140.3
2023-11-14 17:00:00,154.3
2023-11-14 18:00:00,155.4
2023-11-14 19:00:00,131.8
2023-11-14 20:00:00,123.0
2023-11-14 21:00:00,125.1
2023-11-14 22:00:00,126.1
2023-11-14 23:00:00,105.7
2023-11-15 00:00:00,97.1
2023-11-15 01:00:00,74.1
2023-11-15 02:00:00,67.7
2023-11-15 03:00:00,65.3
2023-11-15 04:00:00,67.8
2023-11-15 05:00:00,88.7
2023-11-15 06:00:00,115.1
2023-11-15 07:00:00,125.5
2023-11-15 08:00:00,125.1
2023-11-15 09:00:00,119.2
2023-11-15 10:00:00,108.1
2023-11-15 11:00:00,104.3
2023-11-15 12:00:00,100.1
2023-11-15 13:00:00,102.3
2023-11-15 14:00:00,109.7
2023-11-15 15:00:00,115.1
2023-11-15 16:00:00,131.9
2023-11-15 17:00:00,139.1
2023-11-15 18:00:00,136.0
2023-11-15 19:00:00,126.0
2023-11-15 20:00:00,115.5
2023-11-15 21:00:00,115.7
2023-11-15 22:00:00,109.6
2023-11-15 23:00:00,100.8
2023-11-16 00:00:00,125.0
2023-11-16 01:00:00,95.63
2023-11-16 02:00:00,86.51
2023-11-16 03:00:00,85.07
2023-11-16 04:00:00,88.47
2023-11-16 05:00:00,104.25
2023-11-16 06:00:00,130.0
2023-11-16 07:00:00,145.0
2023-11-16 08:00:00,145.0
2023-11-16 09:00:00,130.0
2023-11-16 10:00:00,130.0
2023-11-16 11:00:00,125.0
2023-11-16 12:00:00,125.0
2023-11-16 13:00:00,125.0
2023-11-16 14:00:00,127.57
2023-11-16 15:00:00,148.4
2023-11-16 16:00:00,188.1
2023-11-16 17:00:00,210.01
2023-11-16 18:00:00,205.28
2023-11-16 19:00:00,213.21
2023-11-16 20:00:00,145.0
2023-11-16 21:00:00,125.0
2023-11-16 22:00:00,125.0
2023-11-16 23:00:00,125.0
2023-11-17 00:00:00,110.0
2023-11-17 01:00:00,105.0
2023-11-17 02:00:00,90.0
2023-11-17 03:00:00,85.0
2023-11-17 04:00:00,89.0
2023-11-17 05:00:00,95.0
2023-11-17 06:00:00,112.0
2023-11-17 07:00:00,133.0
2023-11-17 08:00:00,141.0
2023-11-17 09:00:00,135.0
2023-11-17 10:00:00,126.0
2023-11-17 11:00:00,121.0
2023-11-17 12:00:00,120.0
2023-11-17 13:00:00,118.0
2023-11-17 14:00:00,126.0
2023-11-17 15:00:00,123.0
2023-11-17 16:00:00,140.0
2023-11-17 17:00:00,146.0
2023-11-17 18:00:00,144.0
2023-11-17 19:00:00,135.0
2023-11-17 20:00:00,135.0
2023-11-17 21:00:00,112.0
2023-11-17 22:00:00,122.0
2023-11-17 23:00:00,110.0
2023-11-18 00:00:00,106.0
2023-11-18 01:00:00,97.0
2023-11-18 02:00:00,91.0
2023-11-18 03:00:00,84.0
2023-11-18 04:00:00,83.0
2023-11-18 05:00:00,88.0
2023-11-18 06:00:00,90.0
2023-11-18 07:00:00,95.0
2023-11-18 08:00:00,106.0
2023-11-18 09:00:00,100.0
2023-11-18 10:00:00,96.0
2023-11-18 11:00:00,92.0
2023-11-18 12:00:00,85.0
2023-11-18 13:00:00,86.0
2023-11-18 14:00:00,87.0
2023-11-18 15:00:00,95.0
2023-11-18 16:00:00,103.0
2023-11-18 17:00:00,112.0
2023-11-18 18:00:00,110.0
2023-11-18 19:00:00,108.0
2023-11-18 20:00:00,91.0
2023-11-18 21:00:00,82.0
2023-11-18 22:00:00,94.0
2023-11-18 23:00:00,80.0
2023-11-19 00:00:00,67.0
2023-11-19 01:00:00,35.0
2023-11-19 02:00:00,20.0
2023-11-19 03:00:00,14.0
2023-11-19 04:00:00,11.0
2023-11-19 05:00:00,13.0
2023-11-19 06:00:00,20.0
2023-11-19 07:00:00,25.0
2023-11-19 08:00:00,26.0
2023-11-19 09:00:00,33.0
2023-11-19 10:00:00,32.0
2023-11-19 11:00:00,39.0
2023-11-19 12:00:00,37.0
2023-11-19 13:00:00,36.0
2023-11-19 14:00:00,32.0
2023-11-19 15:00:00,75.0
2023-11-19 16:00:00,120.0
2023-11-19 17:00:00,128.0
2023-11-19 18:00:00,128.0
2023-11-19 19:00:00,126.0
2023-11-19 20:00:00,125.0
2023-11-19 21:00:00,102.0
2023-11-19 22:00:00,100.0
2023-11-19 23:00:00,88.0
2023-11-20 00:00:00,100.0
2023-11-20 01:00:00,93.0
2023-11-20 02:00:00,71.0
2023-11-20 03:00:00,67.0
2023-11-20 04:00:00,62.0
2023-11-20 05:00:00,74.0
2023-11-20 06:00:00,101.0
2023-11-20 07:00:00,115.0
2023-11-20 08:00:00,129.0
2023-11-20 09:00:00,118.0
2023-11-20 10:00:00,108.0
2023-11-20 11:00:00,104.0
2023-11-20 12:00:00,100.0
2023-11-20 13:00:00,104.0
2023-11-20 14:00:00,120.0
2023-11-20 15:00:00,130.0
2023-11-20 16:00:00,144.0
2023-11-20 17:00:00,156.0
2023-11-20 18:00:00,152.0
2023-11-20 19:00:00,152.0
2023-11-20 20:00:00,135.0
2023-11-20 21:00:00,125.0
2023-11-20 22:00:00,130.0
2023-11-20 23:00:00,115.0
2023-11-21 00:00:00,113.74
2023-11-21 01:00:00,99.86
2023-11-21 02:00:00,94.42
2023-11-21 03:00:00,89.48
2023-11-21 04:00:00,92.8
2023-11-21 05:00:00,111.59
2023-11-21 06:00:00,135.0
2023-11-21 07:00:00,145.75
2023-11-21 08:00:00,150.0
2023-11-21 09:00:00,148.28
2023-11-21 10:00:00,139.21
2023-11-21 11:00:00,135.73
2023-11-21 12:00:00,130.0
2023-11-21 13:00:00,130.0
2023-11-21 14:00:00,139.89
2023-11-21 15:00:00,155.0
2023-11-21 16:00:00,175.96
2023-11-21 17:00:00,176.18
2023-11-21 18:00:00,164.41
2023-11-21 19:00:00,152.04
2023-11-21 20:00:00,137.61
2023-11-21 21:00:00,127.47
2023-11-21 22:00:00,129.83
2023-11-21 23:00:00,121.26
2023-11-22 00:00:00,105.44
2023-11-22 01:00:00,96.14
2023-11-22 02:00:00,91.76
2023-11-22 03:00:00,87.24
2023-11-22 04:00:00,91.13
2023-11-22 05:00:00,97.52
2023-11-22 06:00:00,128.84
2023-11-22 07:00:00,144.99
2023-11-22 08:00:00,149.04
2023-11-22 09:00:00,136.85
2023-11-22 10:00:00,130.01
2023-11-22 11:00:00,123.29
2023-11-22 12:00:00,119.6
2023-11-22 13:00:00,121.06
2023-11-22 14:00:00,126.28
2023-11-22 15:00:00,125.0
2023-11-22 16:00:00,140.0
2023-11-22 17:00:00,143.01
2023-11-22 18:00:00,128.27
2023-11-22 19:00:00,130.01
2023-11-22 20:00:00,111.28
2023-11-22 21:00:00,98.86
2023-11-22 22:00:00,97.47
2023-11-22 23:00:00,81.4
2023-11-23 00:00:00,85.8
2023-11-23 01:00:00,67.16
2023-11-23 02:00:00,54.67
2023-11-23 03:00:00,50.45
2023-11-23 04:00:00,55.1
2023-11-23 05:00:00,79.46
2023-11-23 06:00:00,106.16
2023-11-23 07:00:00,125.8
2023-11-23 08:00:00,133.45
2023-11-23 09:00:00,113.36
2023-11-23 10:00:00,102.98
2023-11-23 11:00:00,140.0
2023-11-23 12:00:00,132.53
2023-11-23 13:00:00,134.19
2023-11-23 14:00:00,131.39
2023-11-23 15:00:00,117.87
2023-11-23 16:00:00,143.03
2023-11-23 17:00:00,151.93
2023-11-23 18:00:00,140.68
2023-11-23 19:00:00,131.81
2023-11-23 20:00:00,125.0
2023-11-23 21:00:00,101.33
2023-11-23 22:00:00,98.0
2023-11-23 23:00:00,110.0
2023-11-24 00:00:00,55.0
2023-11-24 01:00:00,18.9
2023-11-24 02:00:00,17.56
2023-11-24 03:00:00,19.77
2023-11-24 04:00:00,25.98
2023-11-24 05:00:00,39.41
2023-11-24 06:00:00,87.09
2023-11-24 07:00:00,111.06
2023-11-24 08:00:00,117.32
2023-11-24 09:00:00,107.0
2023-11-24 10:00:00,98.0
2023-11-24 11:00:00,97.86
2023-11-24 12:00:00,98.0
2023-11-24 13:00:00,98.0
2023-11-24 14:00:00,104.11
2023-11-24 15:00:00,113.17
2023-11-24 16:00:00,137.14
2023-11-24 17:00:00,136.81
2023-11-24 18:00:00,130.1
2023-11-24 19:00:00,128.18
2023-11-24 20:00:00,129.76
2023-11-24 21:00:00,112.45
2023-11-24 22:00:00,94.2
2023-11-24 23:00:00,73.39
2023-11-25 00:00:00,71.67
2023-11-25 01:00:00,65.02
2023-11-25 02:00:00,53.0
2023-11-25 03:00:00,48.34
2023-11-25 04:00:00,48.02
2023-11-25 05:00:00,64.92
2023-11-25 06:00:00,71.52
2023-11-25 07:00:00,83.05
2023-11-25 08:00:00,98.0
2023-11-25 09:00:00,97.98
2023-11-25 10:00:00,98.0
2023-11-25 11:00:00,97.39
2023-11-25 12:00:00,87.27
2023-11-25 13:00:00,97.67
2023-11-25 14:00:00,99.0
2023-11-25 15:00:00,111.79
2023-11-25 16:00:00,115.0
2023-11-25 17:00:00,120.87
2023-11-25 18:00:00,110.22
2023-11-25 19:00:00,105.26
2023-11-25 20:00:00,100.9
2023-11-25 21:00:00,98.0
2023-11-25 22:00:00,110.0
2023-11-25 23:00:00,100.0
2023-11-26 00:00:00,100.0
2023-11-26 01:00:00,80.0
2023-11-26 02:00:00,74.04
2023-11-26 03:00:00,74.98
2023-11-26 04:00:00,74.98
2023-11-26 05:00:00,80.0
2023-11-26 06:00:00,90.0
2023-11-26 07:00:00,100.0
2023-11-26 08:00:00,102.48
2023-11-26 09:00:00,107.74
2023-11-26 10:00:00,111.82
2023-11-26 11:00:00,111.28
2023-11-26 12:00:00,109.04
2023-11-26 13:00:00,113.55
2023-11-26 14:00:00,115.0
2023-11-26 15:00:00,115.0
2023-11-26 16:00:00,125.98
2023-11-26 17:00:00,138.0
2023-11-26 18:00:00,145.0
2023-11-26 19:00:00,138.0
2023-11-26 20:00:00,131.0
2023-11-26 21:00:00,119.0
2023-11-26 22:00:00,112.0
2023-11-26 23:00:00,110.0
2023-11-27 00:00:00,104.0
2023-11-27 01:00:00,95.53
2023-11-27 02:00:00,82.73
2023-11-27 03:00:00,81.33
2023-11-27 04:00:00,81.58
2023-11-27 05:00:00,98.41
2023-11-27 06:00:00,117.57
2023-11-27 07:00:00,134.55
2023-11-27 08:00:00,142.4
2023-11-27 09:00:00,127.65
2023-11-27 10:00:00,120.51
2023-11-27 11:00:00,120.0
2023-11-27 12:00:00,120.0
2023-11-27 13:00:00,120.0
2023-11-27 14:00:00,125.57
2023-11-27 15:00:00,133.19
2023-11-27 16:00:00,138.88
2023-11-27 17:00:00,142.5
2023-11-27 18:00:00,149.0
2023-11-27 19:00:00,141.74
2023-11-27 20:00:00,131.68
2023-11-27 21:00:00,122.04
2023-11-27 22:00:00,135.0
2023-11-27 23:00:00,130.0
2023-11-28 00:00:00,95.41
2023-11-28 01:00:00,88.0
2023-11-28 02:00:00,82.0
2023-11-28 03:00:00,75.55
2023-11-28 04:00:00,78.71
2023-11-28 05:00:00,91.7
2023-11-28 06:00:00,119.18
2023-11-28 07:00:00,125.69
2023-11-28 08:00:00,135.41
2023-11-28 09:00:00,125.0
2023-11-28 10:00:00,119.89
2023-11-28 11:00:00,129.64
2023-11-28 12:00:00,127.22
2023-11-28 13:00:00,129.12
2023-11-28 14:00:00,130.0
2023-11-28 15:00:00,137.64
2023-11-28 16:00:00,143.79
2023-11-28 17:00:00,154.56
2023-11-28 18:00:00,150.0
2023-11-28 19:00:00,140.42
2023-11-28 20:00:00,135.0
2023-11-28 21:00:00,121.0
2023-11-28 22:00:00,115.88
2023-11-28 23:00:00,100.44
2023-11-29 00:00:00,86.0
2023-11-29 01:00:00,51.0
2023-11-29 02:00:00,45.0
2023-11-29 03:00:00,20.0
2023-11-29 04:00:00,50.0
2023-11-29 05:00:00,73.0
2023-11-29 06:00:00,107.0
2023-11-29 07:00:00,123.0
2023-11-29 08:00:00,128.0
2023-11-29 09:00:00,129.0
2023-11-29 10:00:00,130.0
2023-11-29 11:00:00,130.0
2023-11-29 12:00:00,127.0
2023-11-29 13:00:00,131.0
2023-11-29 14:00:00,136.0
2023-11-29 15:00:00,147.0
2023-11-29 16:00:00,158.0
2023-11-29 17:00:00,184.0
2023-11-29 18:00:00,172.0
2023-11-29 19:00:00,154.0
2023-11-29 20:00:00,135.0
2023-11-29 21:00:00,125.0
2023-11-29 22:00:00,120.0
2023-11-29 23:00:00,110.0
2023-11-30 00:00:00,110.0
2023-11-30 01:00:00,102.0
2023-11-30 02:00:00,100.0
2023-11-30 03:00:00,98.91
2023-11-30 04:00:00,100.0
2023-11-30 05:00:00,107.82
2023-11-30 06:00:00,142.6
2023-11-30 07:00:00,175.0
2023-11-30 08:00:00,182.1
2023-11-30 09:00:00,165.0
2023-11-30 10:00:00,149.38
2023-11-30 11:00:00,148.48
2023-11-30 12:00:00,141.79
2023-11-30 13:00:00,151.93
2023-11-30 14:00:00,169.54
2023-11-30 15:00:00,213.58
2023-11-30 16:00:00,238.19
2023-11-30 17:00:00,243.93
2023-11-30 18:00:00,225.94
2023-11-30 19:00:00,196.65
2023-11-30 20:00:00,160.66
2023-11-30 21:00:00,140.23
2023-11-30 22:00:00,125.24
2023-11-30 23:00:00,115.0
2023-12-01 00:00:00,102.03
2023-12-01 01:00:00,98.13
2023-12-01 02:00:00,81.56
2023-12-01 03:00:00,79.44
2023-12-01 04:00:00,83.94
2023-12-01 05:00:00,87.96
2023-12-01 06:00:00,112.04
2023-12-01 07:00:00,136.0
2023-12-01 08:00:00,140.69
2023-12-01 09:00:00,140.0
2023-12-01 10:00:00,115.02
2023-12-01 11:00:00,113.02
2023-12-01 12:00:00,102.46
2023-12-01 13:00:00,110.04
2023-12-01 14:00:00,131.88
2023-12-01 15:00:00,131.21
2023-12-01 16:00:00,180.0
2023-12-01 17:00:00,180.0
2023-12-01 18:00:00,162.88
2023-12-01 19:00:00,150.0
2023-12-01 20:00:00,133.86
2023-12-01 21:00:00,117.82
2023-12-01 22:00:00,103.45
2023-12-01 23:00:00,98.01
2023-12-02 00:00:00,67.0
2023-12-02 01:00:00,59.21
2023-12-02 02:00:00,35.71
2023-12-02 03:00:00,30.03
2023-12-02 04:00:00,39.83
2023-12-02 05:00:00,37.61
2023-12-02 06:00:00,54.01
2023-12-02 07:00:00,77.31
2023-12-02 08:00:00,90.06
2023-12-02 09:00:00,61.09
2023-12-02 10:00:00,60.04
2023-12-02 11:00:00,61.37
2023-12-02 12:00:00,60.04
2023-12-02 13:00:00,77.52
2023-12-02 14:00:00,89.37
2023-12-02 15:00:00,100.0
2023-12-02 16:00:00,121.28
2023-12-02 17:00:00,131.98
2023-12-02 18:00:00,121.46
2023-12-02 19:00:00,140.0
2023-12-02 20:00:00,86.1
2023-12-02 21:00:00,71.69
2023-12-02 22:00:00,69.12
2023-12-02 23:00:00,63.74
2023-12-03 00:00:00,98.0
2023-12-03 01:00:00,91.67
2023-12-03 02:00:00,73.72
2023-12-03 03:00:00,71.47
2023-12-03 04:00:00,69.9
2023-12-03 05:00:00,81.51
2023-12-03 06:00:00,87.24
2023-12-03 07:00:00,101.34
2023-12-03 08:00:00,102.04
2023-12-03 09:00:00,102.55
2023-12-03 10:00:00,100.15
2023-12-03 11:00:00,100.0
2023-12-03 12:00:00,100.0
2023-12-03 13:00:00,100.0
2023-12-03 14:00:00,103.7
2023-12-03 15:00:00,110.0
2023-12-03 16:00:00,115.0
2023-12-03 17:00:00,121.75
2023-12-03 18:00:00,115.0
2023-12-03 19:00:00,120.0
2023-12-03 20:00:00,110.0
2023-12-03 21:00:00,114.95
2023-12-03 22:00:00,98.0
2023-12-03 23:00:00,98.0
2023-12-04 00:00:00,115.84
2023-12-04 01:00:00,100.0
2023-12-04 02:00:00,88.03
2023-12-04 03:00:00,83.27
2023-12-04 04:00:00,83.46
2023-12-04 05:00:00,91.26
2023-12-04 06:00:00,123.59
2023-12-04 07:00:00,140.97
2023-12-04 08:00:00,156.33
2023-12-04 09:00:00,151.03
2023-12-04 10:00:00,140.0
2023-12-04 11:00:00,134.03
2023-12-04 12:00:00,133.24
2023-12-04 13:00:00,138.77
2023-12-04 14:00:00,151.44
2023-12-04 15:00:00,160.26
2023-12-04 16:00:00,164.11
2023-12-04 17:00:00,175.1
2023-12-04 18:00:00,157.54
2023-12-04 19:00:00,160.77
2023-12-04 20:00:00,137.07
2023-12-04 21:00:00,125.0
2023-12-04 22:00:00,125.0
2023-12-04 23:00:00,116.0
2023-12-05 00:00:00,107.66
2023-12-05 01:00:00,96.76
2023-12-05 02:00:00,86.22
2023-12-05 03:00:00,80.83
2023-12-05 04:00:00,81.93
2023-12-05 05:00:00,92.01
2023-12-05 06:00:00,116.4
2023-12-05 07:00:00,135.13
2023-12-05 08:00:00,158.36
2023-12-05 09:00:00,152.31
2023-12-05 10:00:00,141.0
2023-12-05 11:00:00,140.33
2023-12-05 12:00:00,140.0
2023-12-05 13:00:00,140.0
2023-12-05 14:00:00,148.53
2023-12-05 15:00:00,154.03
2023-12-05 16:00:00,178.87
2023-12-05 17:00:00,184.0
2023-12-05 18:00:00,172.0
2023-12-05 19:00:00,156.28
2023-12-05 20:00:00,133.74
2023-12-05 21:00:00,129.54
2023-12-05 22:00:00,129.94
2023-12-05 23:00:00,119.86
2023-12-06 00:00:00,106.09
2023-12-06 01:00:00,100.32
2023-12-06 02:00:00,98.06
2023-12-06 03:00:00,93.66
2023-12-06 04:00:00,98.03
2023-12-06 05:00:00,105.08
2023-12-06 06:00:00,123.28
2023-12-06 07:00:00,142.32
2023-12-06 08:00:00,155.6
2023-12-06 09:00:00,161.07
2023-12-06 10:00:00,157.49
2023-12-06 11:00:00,151.21
2023-12-06 12:00:00,145.02
2023-12-06 13:00:00,140.31
2023-12-06 14:00:00,142.38
2023-12-06 15:00:00,151.57
2023-12-06 16:00:00,168.69
2023-12-06 17:00:00,178.61
2023-12-06 18:00:00,168.16
2023-12-06 19:00:00,157.39
2023-12-06 20:00:00,137.21
2023-12-06 21:00:00,126.85
2023-12-06 22:00:00,125.71
2023-12-06 23:00:00,114.06
2023-12-07 00:00:00,105.51
2023-12-07 01:00:00,99.36
2023-12-07 02:00:00,87.93
2023-12-07 03:00:00,85.74
2023-12-07 04:00:00,87.0
2023-12-07 05:00:00,98.24
2023-12-07 06:00:00,121.23
2023-12-07 07:00:00,137.15
2023-12-07 08:00:00,150.06
2023-12-07 09:00:00,146.86
2023-12-07 10:00:00,140.0
2023-12-07 11:00:00,140.0
2023-12-07 12:00:00,139.18
2023-12-07 13:00:00,137.2
2023-12-07 14:00:00,139.52
2023-12-07 15:00:00,134.53
2023-12-07 16:00:00,145.73
2023-12-07 17:00:00,151.16
2023-12-07 18:00:00,139.77
2023-12-07 19:00:00,129.43
2023-12-07 20:00:00,115.34
2023-12-07 21:00:00,107.29
2023-12-07 22:00:00,105.29
2023-12-07 23:00:00,97.2
2023-12-08 00:00:00,96.56
2023-12-08 01:00:00,89.68
2023-12-08 02:00:00,80.06
2023-12-08 03:00:00,74.24
2023-12-08 04:00:00,74.0
2023-12-08 05:00:00,85.11
2023-12-08 06:00:00,97.76
2023-12-08 07:00:00,113.52
2023-12-08 08:00:00,121.45
2023-12-08 09:00:00,124.84
2023-12-08 10:00:00,120.95
2023-12-08 11:00:00,121.66
2023-12-08 12:00:00,120.11
2023-12-08 13:00:00,121.14
2023-12-08 14:00:00,122.12
2023-12-08 15:00:00,121.46
2023-12-08 16:00:00,125.92
2023-12-08 17:00:00,129.89
2023-12-08 18:00:00,127.88
2023-12-08 19:00:00,126.96
2023-12-08 20:00:00,113.94
2023-12-08 21:00:00,103.08
2023-12-08 22:00:00,103.36
2023-12-08 23:00:00,98.0
2023-12-09 00:00:00,92.01
2023-12-09 01:00:00,83.71
2023-12-09 02:00:00,79.0
2023-12-09 03:00:00,73.65
2023-12-09 04:00:00,74.31
2023-12-09 05:00:00,76.71
2023-12-09 06:00:00,85.0
2023-12-09 07:00:00,93.41
2023-12-09 08:00:00,95.73
2023-12-09 09:00:00,99.02
2023-12-09 10:00:00,99.61
2023-12-09 11:00:00,98.92
2023-12-09 12:00:00,96.76
2023-12-09 13:00:00,105.11
2023-12-09 14:00:00,103.81
2023-12-09 15:00:00,107.45
2023-12-09 16:00:00,116.12
2023-12-09 17:00:00,127.2
2023-12-09 18:00:00,120.94
2023-12-09 19:00:00,118.31
2023-12-09 20:00:00,109.01
2023-12-09 21:00:00,99.21
2023-12-09 22:00:00,99.01
2023-12-09 23:00:00,97.01
2023-12-10 00:00:00,73.01
2023-12-10 01:00:00,51.84
2023-12-10 02:00:00,35.93
2023-12-10 03:00:00,30.0
2023-12-10 04:00:00,36.0
2023-12-10 05:00:00,39.45
2023-12-10 06:00:00,55.0
2023-12-10 07:00:00,62.0
2023-12-10 08:00:00,80.0
2023-12-10 09:00:00,96.76
2023-12-10 10:00:00,98.0
2023-12-10 11:00:00,98.0
2023-12-10 12:00:00,98.0
2023-12-10 13:00:00,101.0
2023-12-10 14:00:00,101.58
2023-12-10 15:00:00,111.06
2023-12-10 16:00:00,127.11
2023-12-10 17:00:00,131.56
2023-12-10 18:00:00,133.02
2023-12-10 19:00:00,134.99
2023-12-10 20:00:00,129.35
2023-12-10 21:00:00,96.76
2023-12-10 22:00:00,96.76
2023-12-10 23:00:00,98.0
2023-12-11 00:00:00,95.68
2023-12-11 01:00:00,81.47
2023-12-11 02:00:00,61.51
2023-12-11 03:00:00,59.82
2023-12-11 04:00:00,65.07
2023-12-11 05:00:00,71.78
2023-12-11 06:00:00,100.25
2023-12-11 07:00:00,119.56
2023-12-11 08:00:00,120.01
2023-12-11 09:00:00,114.62
2023-12-11 10:00:00,112.0
2023-12-11 11:00:00,108.54
2023-12-11 12:00:00,105.5
2023-12-11 13:00:00,106.03
2023-12-11 14:00:00,117.44
2023-12-11 15:00:00,127.2
2023-12-11 16:00:00,140.02
2023-12-11 17:00:00,144.13
2023-12-11 18:00:00,141.8
2023-12-11 19:00:00,135.0
2023-12-11 20:00:00,125.46
2023-12-11 21:00:00,117.36
2023-12-11 22:00:00,115.0
2023-12-11 23:00:00,104.12
2023-12-12 00:00:00,108.51
2023-12-12 01:00:00,96.98
2023-12-12 02:00:00,85.78
2023-12-12 03:00:00,75.82
2023-12-12 04:00:00,82.42
2023-12-12 05:00:00,94.13
2023-12-12 06:00:00,109.8
2023-12-12 07:00:00,127.45
2023-12-12 08:00:00,131.61
2023-12-12 09:00:00,125.85
2023-12-12 10:00:00,120.16
2023-12-12 11:00:00,120.0
2023-12-12 12:00:00,116.7
2023-12-12 13:00:00,120.0
2023-12-12 14:00:00,124.0
2023-12-12 15:00:00,128.05
2023-12-12 16:00:00,136.63
2023-12-12 17:00:00,139.85
2023-12-12 18:00:00,135.0
2023-12-12 19:00:00,130.0
2023-12-12 20:00:00,123.53
2023-12-12 21:00:00,121.28
2023-12-12 22:00:00,121.09
2023-12-12 23:00:00,108.32
2023-12-13 00:00:00,99.23
2023-12-13 01:00:00,85.83
2023-12-13 02:00:00,77.86
2023-12-13 03:00:00,77.06
2023-12-13 04:00:00,78.3
2023-12-13 05:00:00,88.98
2023-12-13 06:00:00,111.62
2023-12-13 07:00:00,124.0
2023-12-13 08:00:00,132.12
2023-12-13 09:00:00,131.53
2023-12-13 10:00:00,127.62
2023-12-13 11:00:00,121.36
2023-12-13 12:00:00,117.5
2023-12-13 13:00:00,115.0
2023-12-13 14:00:00,125.0
2023-12-13 15:00:00,127.0
2023-12-13 16:00:00,147.56
2023-12-13 17:00:00,145.08
2023-12-13 18:00:00,137.19
2023-12-13 19:00:00,125.62
2023-12-13 20:00:00,117.72
2023-12-13 21:00:00,112.27
2023-12-13 22:00:00,120.0
2023-12-13 23:00:00,105.0
2023-12-14 00:00:00,95.07
2023-12-14 01:00:00,87.83
2023-12-14 02:00:00,80.12
2023-12-14 03:00:00,75.4
2023-12-14 04:00:00,78.98
2023-12-14 05:00:00,88.0
2023-12-14 06:00:00,110.16
2023-12-14 07:00:00,121.63
2023-12-14 08:00:00,133.0
2023-12-14 09:00:00,130.0
2023-12-14 10:00:00,122.41
2023-12-14 11:00:00,126.86
2023-12-14 12:00:00,119.13
2023-12-14 13:00:00,125.0
2023-12-14 14:00:00,127.83
2023-12-14 15:00:00,130.0
2023-12-14 16:00:00,126.87
2023-12-14 17:00:00,128.75
2023-12-14 18:00:00,124.84
2023-12-14 19:00:00,117.39
2023-12-14 20:00:00,115.54
2023-12-14 21:00:00,105.83
2023-12-14 22:00:00,106.94
2023-12-14 23:00:00,100.9
2023-12-15 00:00:00,91.94
2023-12-15 01:00:00,84.11
2023-12-15 02:00:00,76.27
2023-12-15 03:00:00,73.49
2023-12-15 04:00:00,73.32
2023-12-15 05:00:00,77.99
2023-12-15 06:00:00,93.51
2023-12-15 07:00:00,109.69
2023-12-15 08:00:00,120.0
2023-12-15 09:00:00,115.93
2023-12-15 10:00:00,117.85
2023-12-15 11:00:00,115.73
2023-12-15 12:00:00,108.61
2023-12-15 13:00:00,112.11
2023-12-15 14:00:00,118.11
2023-12-15 15:00:00,117.8
2023-12-15 16:00:00,129.71
2023-12-15 17:00:00,129.87
2023-12-15 18:00:00,123.95
2023-12-15 19:00:00,125.81
2023-12-15 20:00:00,107.21
2023-12-15 21:00:00,96.51
2023-12-15 22:00:00,98.0
2023-12-15 23:00:00,89.0
2023-12-16 00:00:00,84.0
2023-12-16 01:00:00,74.68
2023-12-16 02:00:00,61.85
2023-12-16 03:00:00,55.18
2023-12-16 04:00:00,51.16
2023-12-16 05:00:00,55.36
2023-12-16 06:00:00,61.77
2023-12-16 07:00:00,77.07
2023-12-16 08:00:00,95.12
2023-12-16 09:00:00,98.0
2023-12-16 10:00:00,99.65
2023-12-16 11:00:00,99.7
2023-12-16 12:00:00,99.11
2023-12-16 13:00:00,100.0
2023-12-16 14:00:00,101.63
2023-12-16 15:00:00,105.9
2023-12-16 16:00:00,105.75
2023-12-16 17:00:00,115.0
2023-12-16 18:00:00,113.02
2023-12-16 19:00:00,110.98
2023-12-16 20:00:00,93.54
2023-12-16 21:00:00,85.0
2023-12-16 22:00:00,81.89
2023-12-16 23:00:00,75.57
2023-12-17 00:00:00,90.0
2023-12-17 01:00:00,54.01
2023-12-17 02:00:00,40.0
2023-12-17 03:00:00,35.86
2023-12-17 04:00:00,33.98
2023-12-17 05:00:00,40.67
2023-12-17 06:00:00,53.07
2023-12-17 07:00:00,63.25
2023-12-17 08:00:00,71.74
2023-12-17 09:00:00,83.89
2023-12-17 10:00:00,90.0
2023-12-17 11:00:00,90.0
2023-12-17 12:00:00,90.0
2023-12-17 13:00:00,98.0
2023-12-17 14:00:00,98.0
2023-12-17 15:00:00,115.0
2023-12-17 16:00:00,120.0
2023-12-17 17:00:00,120.0
2023-12-17 18:00:00,120.0
2023-12-17 19:00:00,125.0
2023-12-17 20:00:00,110.0
2023-12-17 21:00:00,95.0
2023-12-17 22:00:00,95.0
2023-12-17 23:00:00,90.0
2023-12-18 00:00:00,95.1
2023-12-18 01:00:00,67.48
2023-12-18 02:00:00,61.0
2023-12-18 03:00:00,53.0
2023-12-18 04:00:00,54.06
2023-12-18 05:00:00,76.67
2023-12-18 06:00:00,103.38
2023-12-18 07:00:00,108.16
2023-12-18 08:00:00,114.31
2023-12-18 09:00:00,111.0
2023-12-18 10:00:00,106.04
2023-12-18 11:00:00,99.0
2023-12-18 12:00:00,95.59
2023-12-18 13:00:00,93.46
2023-12-18 14:00:00,99.0
2023-12-18 15:00:00,132.12
2023-12-18 16:00:00,160.03
2023-12-18 17:00:00,161.25
2023-12-18 18:00:00,147.16
2023-12-18 19:00:00,144.39
2023-12-18 20:00:00,140.8
2023-12-18 21:00:00,129.51
2023-12-18 22:00:00,126.04
2023-12-18 23:00:00,123.23
2023-12-19 00:00:00,99.94
2023-12-19 01:00:00,93.53
2023-12-19 02:00:00,83.33
2023-12-19 03:00:00,77.95
2023-12-19 04:00:00,80.76
2023-12-19 05:00:00,95.74
2023-12-19 06:00:00,118.26
2023-12-19 07:00:00,120.0
2023-12-19 08:00:00,130.0
2023-12-19 09:00:00,119.21
2023-12-19 10:00:00,105.15
2023-12-19 11:00:00,98.0
2023-12-19 12:00:00,96.76
2023-12-19 13:00:00,98.22
2023-12-19 14:00:00,103.7
2023-12-19 15:00:00,128.07
2023-12-19 16:00:00,153.03
2023-12-19 17:00:00,171.22
2023-12-19 18:00:00,157.98
2023-12-19 19:00:00,151.27
2023-12-19 20:00:00,135.0
2023-12-19 21:00:00,119.0
2023-12-19 22:00:00,129.49
2023-12-19 23:00:00,121.8
2023-12-20 00:00:00,125.0
2023-12-20 01:00:00,107.02
2023-12-20 02:00:00,95.67
2023-12-20 03:00:00,69.37
2023-12-20 04:00:00,75.82
2023-12-20 05:00:00,100.01
2023-12-20 06:00:00,119.77
2023-12-20 07:00:00,129.52
2023-12-20 08:00:00,128.01
2023-12-20 09:00:00,111.07
2023-12-20 10:00:00,101.44
2023-12-20 11:00:00,97.07
2023-12-20 12:00:00,93.01
2023-12-20 13:00:00,98.0
2023-12-20 14:00:00,113.0
2023-12-20 15:00:00,120.0
2023-12-20 16:00:00,144.11
2023-12-20 17:00:00,151.02
2023-12-20 18:00:00,145.39
2023-12-20 19:00:00,139.58
2023-12-20 20:00:00,120.0
2023-12-20 21:00:00,109.61
2023-12-20 22:00:00,136.36
2023-12-20 23:00:00,127.24
2023-12-21 00:00:00,97.43
2023-12-21 01:00:00,89.49
2023-12-21 02:00:00,40.78
2023-12-21 03:00:00,31.78
2023-12-21 04:00:00,33.52
2023-12-21 05:00:00,59.29
2023-12-21 06:00:00,79.68
2023-12-21 07:00:00,100.0
2023-12-21 08:00:00,106.93
2023-12-21 09:00:00,95.76
2023-12-21 10:00:00,95.12
2023-12-21 11:00:00,85.0
2023-12-21 12:00:00,85.0
2023-12-21 13:00:00,95.0
2023-12-21 14:00:00,97.57
2023-12-21 15:00:00,103.07
2023-12-21 16:00:00,117.41
2023-12-21 17:00:00,119.24
2023-12-21 18:00:00,114.92
2023-12-21 19:00:00,104.91
2023-12-21 20:00:00,98.0
2023-12-21 21:00:00,89.31
2023-12-21 22:00:00,96.89
2023-12-21 23:00:00,81.84
2023-12-22 00:00:00,70.56
2023-12-22 01:00:00,57.65
2023-12-22 02:00:00,39.13
2023-12-22 03:00:00,15.0
2023-12-22 04:00:00,11.42
2023-12-22 05:00:00,45.92
2023-12-22 06:00:00,87.29
2023-12-22 07:00:00,101.18
2023-12-22 08:00:00,98.0
2023-12-22 09:00:00,83.39
2023-12-22 10:00:00,79.07
2023-12-22 11:00:00,76.39
2023-12-22 12:00:00,80.0
2023-12-22 13:00:00,80.0
2023-12-22 14:00:00,88.08
2023-12-22 15:00:00,98.0
2023-12-22 16:00:00,98.0
2023-12-22 17:00:00,99.77
2023-12-22 18:00:00,101.63
2023-12-22 19:00:00,98.25
2023-12-22 20:00:00,91.46
2023-12-22 21:00:00,75.3
2023-12-22 22:00:00,75.62
2023-12-22 23:00:00,53.85
2023-12-23 00:00:00,92.0
2023-12-23 01:00:00,74.47
2023-12-23 02:00:00,50.01
2023-12-23 03:00:00,40.0
2023-12-23 04:00:00,40.0
2023-12-23 05:00:00,50.01
2023-12-23 06:00:00,90.09
2023-12-23 07:00:00,83.9
2023-12-23 08:00:00,80.58
2023-12-23 09:00:00,64.43
2023-12-23 10:00:00,67.49
2023-12-23 11:00:00,64.07
2023-12-23 12:00:00,62.06
2023-12-23 13:00:00,70.01
2023-12-23 14:00:00,88.01
2023-12-23 15:00:00,98.04
2023-12-23 16:00:00,100.4
2023-12-23 17:00:00,111.29
2023-12-23 18:00:00,104.05
2023-12-23 19:00:00,100.01
2023-12-23 20:00:00,102.02
2023-12-23 21:00:00,98.01
2023-12-23 22:00:00,98.01
2023-12-23 23:00:00,97.71
2023-12-24 00:00:00,100.0
2023-12-24 01:00:00,100.0
2023-12-24 02:00:00,80.0
2023-12-24 03:00:00,80.0
2023-12-24 04:00:00,80.0
2023-12-24 05:00:00,80.0
2023-12-24 06:00:00,100.0
2023-12-24 07:00:00,90.0
2023-12-24 08:00:00,98.0
2023-12-24 09:00:00,80.0
2023-12-24 10:00:00,80.0
2023-12-24 11:00:00,80.0
2023-12-24 12:00:00,80.0
2023-12-24 13:00:00,80.0
2023-12-24 14:00:00,100.0
2023-12-24 15:00:00,110.0
2023-12-24 16:00:00,115.0
2023-12-24 17:00:00,120.0
2023-12-24 18:00:00,115.0
2023-12-24 19:00:00,115.0
2023-12-24 20:00:00,115.0
2023-12-24 21:00:00,110.0
2023-12-24 22:00:00,110.0
2023-12-24 23:00:00,110.0
2023-12-25 00:00:00,104.0
2023-12-25 01:00:00,103.0
2023-12-25 02:00:00,98.0
2023-12-25 03:00:00,95.0
2023-12-25 04:00:00,98.0
2023-12-25 05:00:00,104.0
2023-12-25 06:00:00,106.0
2023-12-25 07:00:00,107.0
2023-12-25 08:00:00,90.12
2023-12-25 09:00:00,87.69
2023-12-25 10:00:00,45.0
2023-12-25 11:00:00,45.0
2023-12-25 12:00:00,37.65
2023-12-25 13:00:00,60.0
2023-12-25 14:00:00,80.0
2023-12-25 15:00:00,111.13
2023-12-25 16:00:00,141.19
2023-12-25 17:00:00,149.62
2023-12-25 18:00:00,125.0
2023-12-25 19:00:00,125.0
2023-12-25 20:00:00,142.99
2023-12-25 21:00:00,142.19
2023-12-25 22:00:00,136.67
2023-12-25 23:00:00,125.0
2023-12-26 00:00:00,115.0
2023-12-26 01:00:00,110.0
2023-12-26 02:00:00,110.0
2023-12-26 03:00:00,109.35
2023-12-26 04:00:00,109.0
2023-12-26 05:00:00,110.0
2023-12-26 06:00:00,115.0
2023-12-26 07:00:00,115.0
2023-12-26 08:00:00,100.0
2023-12-26 09:00:00,100.0
2023-12-26 10:00:00,80.0
2023-12-26 11:00:00,80.0
2023-12-26 12:00:00,57.97
2023-12-26 13:00:00,69.15
2023-12-26 14:00:00,100.0
2023-12-26 15:00:00,109.0
2023-12-26 16:00:00,114.0
2023-12-26 17:00:00,114.0
2023-12-26 18:00:00,114.0
2023-12-26 19:00:00,114.39
2023-12-26 20:00:00,114.94
2023-12-26 21:00:00,114.0
2023-12-26 22:00:00,114.0
2023-12-26 23:00:00,109.3
2023-12-27 00:00:00,123.59
2023-12-27 01:00:00,114.88
2023-12-27 02:00:00,112.03
2023-12-27 03:00:00,104.49
2023-12-27 04:00:00,103.65
2023-12-27 05:00:00,109.74
2023-12-27 06:00:00,125.0
2023-12-27 07:00:00,125.0
2023-12-27 08:00:00,110.0
2023-12-27 09:00:00,98.0
2023-12-27 10:00:00,85.61
2023-12-27 11:00:00,80.0
2023-12-27 12:00:00,75.0
2023-12-27 13:00:00,90.0
2023-12-27 14:00:00,110.0
2023-12-27 15:00:00,120.0
2023-12-27 16:00:00,128.03
2023-12-27 17:00:00,150.34
2023-12-27 18:00:00,141.0
2023-12-27 19:00:00,142.81
2023-12-27 20:00:00,137.45
2023-12-27 21:00:00,130.11
2023-12-27 22:00:00,125.0
2023-12-27 23:00:00,120.0
2023-12-28 00:00:00,120.21
2023-12-28 01:00:00,110.0
2023-12-28 02:00:00,101.5
2023-12-28 03:00:00,98.84
2023-12-28 04:00:00,102.51
2023-12-28 05:00:00,110.04
2023-12-28 06:00:00,120.06
2023-12-28 07:00:00,130.0
2023-12-28 08:00:00,115.35
2023-12-28 09:00:00,98.0
2023-12-28 10:00:00,69.11
2023-12-28 11:00:00,75.23
2023-12-28 12:00:00,61.77
2023-12-28 13:00:00,91.59
2023-12-28 14:00:00,100.06
2023-12-28 15:00:00,120.0
2023-12-28 16:00:00,129.32
2023-12-28 17:00:00,140.9
2023-12-28 18:00:00,137.41
2023-12-28 19:00:00,131.4
2023-12-28 20:00:00,125.0
2023-12-28 21:00:00,109.85
2023-12-28 22:00:00,115.86
2023-12-28 23:00:00,112.34
2023-12-29 00:00:00,125.0
2023-12-29 01:00:00,110.25
2023-12-29 02:00:00,96.23
2023-12-29 03:00:00,88.98
2023-12-29 04:00:00,61.7
2023-12-29 05:00:00,67.3
2023-12-29 06:00:00,104.15
2023-12-29 07:00:00,115.0
2023-12-29 08:00:00,120.0
2023-12-29 09:00:00,98.0
2023-12-29 10:00:00,63.0
2023-12-29 11:00:00,50.0
2023-12-29 12:00:00,50.0
2023-12-29 13:00:00,67.1
2023-12-29 14:00:00,98.0
2023-12-29 15:00:00,96.04
2023-12-29 16:00:00,101.54
2023-12-29 17:00:00,103.42
2023-12-29 18:00:00,107.42
2023-12-29 19:00:00,124.61
2023-12-29 20:00:00,113.01
2023-12-29 21:00:00,120.0
2023-12-29 22:00:00,125.0
2023-12-29 23:00:00,120.0
2023-12-30 00:00:00,108.25
2023-12-30 01:00:00,105.0
2023-12-30 02:00:00,91.06
2023-12-30 03:00:00,21.72
2023-12-30 04:00:00,12.3
2023-12-30 05:00:00,25.0
2023-12-30 06:00:00,82.6
2023-12-30 07:00:00,110.0
2023-12-30 08:00:00,98.0
2023-12-30 09:00:00,89.16
2023-12-30 10:00:00,70.0
2023-12-30 11:00:00,42.06
2023-12-30 12:00:00,39.48
2023-12-30 13:00:00,70.0
2023-12-30 14:00:00,98.0
2023-12-30 15:00:00,98.0
2023-12-30 16:00:00,100.0
2023-12-30 17:00:00,107.43
2023-12-30 18:00:00,103.41
2023-12-30 19:00:00,103.91
2023-12-30 20:00:00,100.0
2023-12-30 21:00:00,100.59
2023-12-30 22:00:00,101.73
2023-12-30 23:00:00,105.0
2023-12-31 00:00:00,109.85
2023-12-31 01:00:00,103.24
2023-12-31 02:00:00,93.7
2023-12-31 03:00:00,85.76
2023-12-31 04:00:00,60.0
2023-12-31 05:00:00,82.57
2023-12-31 06:00:00,38.0
2023-12-31 07:00:00,80.0
2023-12-31 08:00:00,85.78
2023-12-31 09:00:00,81.37
2023-12-31 10:00:00,70.99
2023-12-31 11:00:00,64.99
2023-12-31 12:00:00,67.99
2023-12-31 13:00:00,70.99
2023-12-31 14:00:00,84.98
2023-12-31 15:00:00,104.88
2023-12-31 16:00:00,106.68
2023-12-31 17:00:00,115.0
2023-12-31 18:00:00,115.0
2023-12-31 19:00:00,115.0
2023-12-31 20:00:00,101.55
2023-12-31 21:00:00,98.0
2023-12-31 22:00:00,95.7
2023-12-31 23:00:00,82.65
