Timestamp,HB_BUSAVG,HB_HOUSTON,HB_HUBAVG,HB_NORTH,HB_PAN,HB_SOUTH,HB_WEST,LZ_AEN,LZ_CPS,LZ_HOUSTON,LZ_LCRA,LZ_NORTH,LZ_RAYBN,LZ_SOUTH,LZ_WEST
2022-01-01 00:00:00,32.72,33.2,32.69,33.41,31.28,30.17,33.97,33.61,34.16,33.24,33.73,33.37,33.35,28.81,34.72
2022-01-01 01:00:00,24.61,25.65,24.62,25.22,23.03,22.08,25.52,25.23,25.64,25.9,25.32,25.21,25.21,21.17,26.25
2022-01-01 02:00:00,22.26,23.01,22.2,22.91,21.19,19.97,22.91,22.92,23.31,23.13,22.97,22.92,22.94,19.32,23.4
2022-01-01 03:00:00,17.59,18.56,17.25,18.41,15.6,15.9,16.13,18.21,18.42,18.57,18.18,18.89,18.99,15.43,16.61
2022-01-01 04:00:00,11.29,12.74,10.76,12.19,7.8,10.0,8.13,11.81,11.88,12.78,11.72,13.02,13.2,9.57,8.77
2022-01-01 05:00:00,13.94,15.62,13.28,14.92,9.29,12.93,9.66,14.45,14.46,15.66,14.33,15.87,16.18,12.64,10.41
2022-01-01 06:00:00,14.38,17.11,13.04,16.0,5.53,13.76,5.3,14.79,14.44,17.12,14.51,17.51,18.44,13.45,6.51
2022-01-01 07:00:00,15.36,18.78,13.94,17.0,5.36,14.88,5.08,15.49,14.92,18.97,15.15,18.47,19.71,14.76,6.36
2022-01-01 08:00:00,15.67,19.87,14.03,17.39,3.73,15.74,3.12,16.16,15.36,19.97,15.69,19.77,20.85,15.93,4.65
2022-01-01 09:00:00,16.48,21.38,14.4,18.63,1.16,16.83,0.75,17.12,16.57,21.76,16.61,20.13,21.66,17.41,2.1
2022-01-01 10:00:00,18.56,24.05,16.13,20.86,0.22,19.87,-0.28,19.3,20.71,24.45,18.73,22.34,24.12,20.12,1.08
2022-01-01 11:00:00,21.84,27.21,18.98,24.44,0.7,24.03,0.24,22.11,26.69,27.35,21.42,25.56,28.55,24.27,1.87
2022-01-01 12:00:00,22.67,28.3,19.76,25.02,0.46,26.02,-0.28,23.18,30.01,28.4,22.42,26.32,29.19,26.68,1.05
2022-01-01 13:00:00,23.74,29.71,20.81,25.88,0.67,27.94,-0.28,24.3,33.06,29.82,23.44,27.38,30.11,29.04,0.96
2022-01-01 14:00:00,23.78,29.94,21.09,25.28,0.91,29.42,-0.29,24.25,35.86,30.08,23.41,26.79,29.14,32.76,0.65
2022-01-01 15:00:00,22.4,28.37,19.96,23.59,1.09,28.08,-0.2,22.84,34.62,28.49,21.97,25.23,27.35,31.62,0.66
2022-01-01 16:00:00,28.31,33.0,26.6,29.0,12.72,32.78,11.61,28.5,37.9,33.1,27.82,30.39,32.12,36.0,12.26
2022-01-01 17:00:00,40.95,43.67,39.8,41.49,30.85,43.72,30.33,41.52,45.28,43.65,41.19,43.2,43.91,46.26,31.12
2022-01-01 18:00:00,28.27,30.21,27.37,29.11,21.57,28.79,21.38,28.66,28.48,30.16,28.37,30.45,30.86,29.04,22.15
2022-01-01 19:00:00,25.09,27.31,24.03,26.11,17.43,25.55,17.16,25.51,25.11,27.25,25.2,27.64,28.17,25.62,18.07
2022-01-01 20:00:00,22.26,24.8,21.11,23.36,13.89,22.79,13.5,22.77,22.27,24.75,22.4,25.07,25.6,22.9,14.48
2022-01-01 21:00:00,21.91,25.04,20.49,23.29,11.71,22.47,11.16,22.46,21.85,25.0,22.03,25.42,26.17,22.59,12.42
2022-01-01 22:00:00,23.41,25.65,22.41,24.38,16.21,23.8,15.81,23.75,23.39,25.64,23.46,25.91,26.38,23.88,16.68
2022-01-01 23:00:00,22.89,25.18,21.98,23.79,16.18,23.15,15.81,23.15,22.78,25.24,22.87,25.31,25.67,23.22,16.61
2022-01-02 00:00:00,26.27,27.1,25.9,26.63,23.89,26.43,23.46,26.42,26.26,27.1,26.31,27.3,28.63,26.65,24.75
2022-01-02 01:00:00,24.47,25.22,24.14,24.79,22.28,24.59,21.96,24.59,24.45,25.22,24.5,25.39,26.8,24.69,23.07
2022-01-02 02:00:00,23.61,24.16,23.4,23.85,22.18,23.67,21.93,23.71,23.64,24.17,23.66,24.32,27.9,23.65,23.03
2022-01-02 03:00:00,22.17,22.67,21.84,22.81,20.72,21.37,20.51,22.6,22.92,22.63,22.59,23.28,24.81,20.31,21.79
2022-01-02 04:00:00,22.4,23.24,21.89,23.59,20.73,20.29,20.43,23.33,24.33,23.18,23.31,24.17,24.86,18.59,22.22
2022-01-02 05:00:00,24.61,25.33,24.19,25.76,23.3,22.24,23.43,25.53,26.66,25.28,25.53,26.29,26.32,20.54,24.55
2022-01-02 06:00:00,28.89,29.83,28.51,30.29,28.39,25.32,28.62,30.55,31.27,29.83,30.91,30.94,31.34,24.22,30.61
2022-01-02 07:00:00,36.03,37.26,35.53,38.11,35.93,30.75,36.0,42.92,35.05,37.23,44.55,39.34,57.54,29.65,38.1
2022-01-02 08:00:00,43.76,43.09,43.0,46.77,45.83,36.24,45.88,48.44,43.77,43.16,50.55,47.48,59.46,34.77,46.28
2022-01-02 09:00:00,35.91,36.6,35.58,37.65,37.38,30.71,37.36,41.13,35.25,36.77,43.33,38.33,39.57,30.91,37.38
2022-01-02 10:00:00,34.05,34.77,33.85,35.47,35.63,29.54,35.61,38.25,34.07,34.95,39.54,36.68,37.23,29.15,35.58
2022-01-02 11:00:00,33.23,32.75,32.78,35.0,34.68,28.66,34.71,36.91,32.49,32.89,38.66,35.87,35.41,29.4,34.65
2022-01-02 12:00:00,30.03,29.58,29.71,31.33,31.06,26.78,31.15,31.24,31.12,29.73,31.71,31.98,31.52,26.54,31.16
2022-01-02 13:00:00,26.57,26.65,26.43,27.45,27.45,24.02,27.59,27.65,28.2,26.8,27.81,27.85,27.38,23.86,27.71
2022-01-02 14:00:00,25.6,25.68,25.5,26.33,26.36,23.46,26.51,26.34,26.68,25.82,26.36,26.8,26.28,23.86,26.63
2022-01-02 15:00:00,25.16,25.22,25.05,25.84,25.88,23.13,26.01,25.85,26.15,25.34,25.9,26.27,25.8,23.04,26.12
2022-01-02 16:00:00,30.42,30.4,30.23,31.4,31.31,27.69,31.41,32.17,31.41,30.48,32.86,31.65,31.4,26.25,31.46
2022-01-02 17:00:00,81.32,78.12,80.14,84.63,82.65,74.78,83.02,79.25,81.43,78.2,79.89,85.8,86.69,70.09,86.52
2022-01-02 18:00:00,94.9,91.17,93.66,98.07,96.05,89.05,96.35,92.8,93.96,91.26,93.62,99.58,100.32,84.57,99.86
2022-01-02 19:00:00,71.64,70.67,71.32,72.65,72.22,69.43,72.53,73.36,70.8,70.76,74.36,73.45,73.38,68.38,76.08
2022-01-02 20:00:00,61.89,61.36,61.81,62.24,62.17,61.11,62.53,62.91,62.18,61.47,63.32,63.14,64.24,60.82,66.53
2022-01-02 21:00:00,48.18,48.02,48.16,48.31,48.19,47.82,48.49,48.41,48.02,48.18,48.59,48.72,49.27,48.79,52.36
2022-01-02 22:00:00,39.2,39.24,39.2,39.26,39.17,38.94,39.36,39.24,39.0,39.37,39.39,39.31,39.26,39.71,41.95
2022-01-02 23:00:00,36.76,36.78,36.78,36.75,36.68,36.72,36.86,36.79,36.75,36.85,36.84,36.76,36.75,36.95,39.14
2022-01-03 00:00:00,31.0,30.84,31.0,31.01,30.99,31.04,31.12,31.2,31.18,30.88,31.19,31.02,31.0,31.16,32.53
2022-01-03 01:00:00,30.46,30.36,30.47,30.45,30.42,30.52,30.54,30.55,30.56,30.36,30.59,30.46,30.44,30.57,31.92
2022-01-03 02:00:00,30.05,29.95,30.05,30.03,30.01,30.09,30.12,30.14,30.14,29.96,30.17,30.05,30.03,30.15,31.4
2022-01-03 03:00:00,29.67,29.6,29.67,29.65,29.63,29.73,29.73,29.73,29.74,29.6,29.77,29.66,29.65,29.76,30.95
2022-01-03 04:00:00,30.93,30.5,30.89,31.03,31.05,30.85,31.16,31.55,31.37,30.48,31.35,31.08,31.03,31.17,32.58
2022-01-03 05:00:00,39.67,38.01,39.28,40.43,39.72,38.84,39.82,39.63,39.4,38.32,39.49,41.53,41.08,39.21,41.23
2022-01-03 06:00:00,95.15,91.4,94.32,96.58,95.31,93.91,95.4,95.56,95.65,92.43,96.37,98.68,99.21,94.12,97.51
2022-01-03 07:00:00,100.52,99.07,100.12,101.16,100.16,100.01,100.24,101.48,100.94,100.17,102.54,103.67,101.64,100.28,101.93
2022-01-03 08:00:00,47.34,47.58,47.26,47.62,47.2,46.56,47.27,47.85,50.56,48.41,47.81,48.89,49.96,47.36,47.36
2022-01-03 09:00:00,34.18,35.27,33.75,34.68,31.3,33.95,31.1,34.08,34.21,35.83,34.03,35.45,36.01,35.07,31.42
2022-01-03 10:00:00,29.11,29.96,28.85,29.38,27.23,29.01,27.06,29.06,28.86,30.49,28.91,29.68,29.88,31.51,27.18
2022-01-03 11:00:00,27.22,28.13,26.92,27.53,24.99,27.23,24.8,27.25,27.12,28.64,27.08,27.88,28.12,29.61,24.95
2022-01-03 12:00:00,26.59,27.08,26.42,26.67,25.14,26.95,24.99,26.63,26.88,27.45,26.54,26.88,27.01,29.22,24.97
2022-01-03 13:00:00,25.06,25.46,24.84,25.13,23.19,25.76,23.01,25.29,25.69,25.74,25.17,25.4,25.56,27.97,22.97
2022-01-03 14:00:00,24.18,24.6,23.95,24.17,22.04,25.24,21.78,24.59,25.19,24.81,24.42,24.46,24.61,27.46,21.62
2022-01-03 15:00:00,23.14,23.54,22.89,23.2,21.0,24.03,20.79,23.49,23.96,23.65,23.35,23.52,23.7,25.71,20.74
2022-01-03 16:00:00,26.69,26.77,26.45,26.79,24.27,27.4,24.83,26.91,27.26,26.86,26.88,27.11,27.28,29.05,25.17
2022-01-03 17:00:00,47.05,47.25,47.0,47.05,44.66,47.25,46.45,47.14,47.27,47.43,47.13,47.61,47.96,49.02,47.01
2022-01-03 18:00:00,35.06,36.0,34.74,35.37,30.97,35.16,32.42,35.2,35.38,36.13,35.1,36.47,37.16,36.16,33.43
2022-01-03 19:00:00,30.6,31.6,30.19,30.99,26.6,30.83,27.32,30.78,31.15,31.67,30.64,31.65,32.05,31.39,27.9
2022-01-03 20:00:00,29.6,32.08,28.32,30.81,19.89,30.37,20.03,30.21,31.24,32.09,29.8,32.22,33.03,30.97,20.95
2022-01-03 21:00:00,27.32,30.47,25.46,29.05,13.34,28.6,13.73,28.39,29.77,30.4,27.9,30.75,31.7,29.33,14.96
2022-01-03 22:00:00,25.59,28.49,24.08,27.02,14.34,26.47,14.34,26.28,27.74,28.41,25.83,28.92,29.84,27.08,15.51
2022-01-03 23:00:00,23.23,25.85,21.96,24.4,13.43,24.1,13.49,23.84,25.2,25.78,23.46,26.19,27.0,24.76,14.5
2022-01-04 00:00:00,17.02,20.46,14.56,19.48,-0.15,18.28,0.01,18.23,19.65,20.38,17.57,20.87,22.59,18.75,1.47
2022-01-04 01:00:00,15.93,19.12,13.66,18.15,-0.22,17.28,0.08,17.1,18.44,19.04,16.38,19.35,20.91,17.71,1.38
2022-01-04 02:00:00,16.86,19.81,14.55,19.11,0.3,18.34,0.93,18.13,19.27,19.75,17.39,19.82,21.42,18.68,2.12
2022-01-04 03:00:00,18.02,20.56,15.61,20.35,1.14,19.76,1.76,19.3,20.15,20.38,18.78,21.25,22.93,20.82,3.13
2022-01-04 04:00:00,22.06,25.06,19.3,24.91,3.43,23.21,4.02,23.2,24.84,24.98,22.6,25.64,27.99,23.61,5.44
2022-01-04 05:00:00,24.02,26.31,22.02,25.84,9.15,25.87,10.05,25.8,29.18,26.23,25.37,26.55,27.92,26.83,10.94
2022-01-04 06:00:00,36.47,41.16,32.37,40.23,7.08,40.16,7.91,40.06,41.71,41.34,39.46,41.24,42.29,41.98,9.19
2022-01-04 07:00:00,38.15,42.04,33.17,42.89,4.59,42.25,5.5,41.92,45.16,42.16,41.76,44.0,47.18,44.73,7.37
2022-01-04 08:00:00,31.43,36.73,26.92,35.56,0.09,35.39,0.01,34.82,35.86,36.87,33.81,36.55,38.5,37.16,1.54
2022-01-04 09:00:00,24.02,27.43,20.68,26.61,-0.2,28.98,-0.29,27.69,29.27,27.47,27.67,27.11,28.16,30.53,0.47
2022-01-04 10:00:00,20.86,23.93,17.88,23.39,-0.5,24.79,-0.61,25.24,25.2,23.92,23.65,23.81,25.02,26.73,0.23
2022-01-04 11:00:00,20.01,23.31,17.1,22.74,-0.28,22.64,-0.29,22.61,22.69,23.42,21.83,22.99,24.4,23.89,0.55
2022-01-04 12:00:00,17.87,20.78,15.23,20.37,-0.24,20.06,-0.29,20.73,20.03,20.81,19.31,20.75,22.17,21.17,0.55
2022-01-04 13:00:00,16.85,19.53,14.35,19.22,-0.15,18.92,-0.29,18.55,18.86,19.47,18.22,19.85,21.23,20.05,0.68
2022-01-04 14:00:00,16.13,19.22,13.8,18.33,-0.05,17.94,-0.28,17.6,18.06,19.27,17.17,19.03,20.33,18.67,0.62
2022-01-04 15:00:00,15.94,18.95,13.73,18.05,0.56,17.58,0.34,17.79,17.57,18.95,16.88,18.76,20.07,18.27,1.26
2022-01-04 16:00:00,20.7,21.55,19.84,21.57,15.12,21.14,15.12,21.36,21.13,21.55,20.94,21.75,22.48,21.72,15.56
2022-01-04 17:00:00,43.86,44.14,43.77,43.98,43.29,43.69,43.26,43.74,43.68,44.38,43.72,44.06,44.13,44.19,43.32
2022-01-04 18:00:00,33.94,34.06,33.92,33.98,33.81,33.83,33.8,33.88,33.81,34.23,33.85,34.01,34.02,34.22,33.81
2022-01-04 19:00:00,29.08,29.23,29.05,29.14,28.93,28.92,28.91,29.04,28.97,29.39,29.03,29.17,29.19,29.18,28.94
2022-01-04 20:00:00,25.95,26.1,25.93,26.03,25.95,25.66,25.93,25.95,25.91,26.26,25.95,26.05,26.05,25.7,25.99
2022-01-04 21:00:00,24.44,24.54,24.43,24.53,24.53,24.1,24.54,24.48,24.49,24.67,24.49,24.53,24.53,23.94,24.56
2022-01-04 22:00:00,25.66,25.81,25.63,25.84,25.85,25.0,25.89,25.83,25.88,25.82,25.84,25.84,25.84,24.59,25.96
2022-01-04 23:00:00,24.14,24.29,24.1,24.38,24.39,23.27,24.44,24.36,24.46,24.3,24.39,24.38,24.38,22.72,24.55
2022-01-05 00:00:00,22.73,22.97,22.65,23.23,23.24,21.09,23.32,23.18,23.45,22.96,23.22,23.22,23.21,19.76,23.41
2022-01-05 01:00:00,21.86,22.08,21.81,22.23,22.23,20.62,22.3,22.21,22.4,22.07,22.27,22.21,22.21,19.88,22.36
2022-01-05 02:00:00,22.03,22.18,21.99,22.29,22.29,21.13,22.34,22.28,22.42,22.17,22.33,22.28,22.28,20.7,22.39
2022-01-05 03:00:00,22.31,22.42,22.29,22.42,22.4,21.91,22.42,22.41,22.42,22.42,22.42,22.42,22.42,21.87,22.44
2022-01-05 04:00:00,24.57,24.6,24.56,24.59,24.58,24.48,24.59,24.6,24.6,24.6,24.6,24.59,24.59,24.51,24.64
2022-01-05 05:00:00,29.23,29.25,29.21,29.25,29.07,29.25,29.08,29.25,29.25,29.25,29.25,29.28,29.29,29.3,29.17
2022-01-05 06:00:00,32.75,32.8,32.73,32.77,32.63,32.77,32.59,32.77,32.8,32.8,32.78,32.8,32.8,32.85,32.85
2022-01-05 07:00:00,34.64,34.68,34.62,34.66,34.61,34.68,34.43,34.66,35.17,34.7,34.79,34.68,34.68,35.03,35.09
2022-01-05 08:00:00,27.58,27.61,27.58,27.59,27.56,27.57,27.57,27.56,28.03,27.64,27.69,27.61,27.6,27.91,27.58
2022-01-05 09:00:00,23.85,23.92,23.85,23.83,23.74,23.91,23.73,23.8,23.93,23.96,23.93,23.91,23.86,24.6,23.75
2022-01-05 10:00:00,23.27,23.34,23.28,23.26,23.26,23.26,23.25,23.19,23.29,23.4,23.31,23.26,23.27,23.96,23.25
2022-01-05 11:00:00,23.56,23.62,23.57,23.55,23.55,23.57,23.55,23.48,23.57,23.68,23.59,23.55,23.55,24.26,23.53
2022-01-05 12:00:00,23.56,23.56,23.56,23.54,23.54,23.61,23.55,23.51,23.63,23.59,23.62,23.54,23.54,24.08,23.55
2022-01-05 13:00:00,23.21,23.22,23.21,23.19,23.19,23.25,23.19,23.15,23.27,23.26,23.26,23.19,23.19,23.78,23.2
2022-01-05 14:00:00,22.88,22.89,22.89,22.86,22.87,22.95,22.87,22.82,22.97,22.92,22.95,22.86,22.86,23.52,22.87
2022-01-05 15:00:00,22.63,22.66,22.64,22.6,22.61,22.69,22.61,22.57,22.68,22.68,22.69,22.6,22.6,23.43,22.61
2022-01-05 16:00:00,24.82,24.95,24.83,24.83,24.81,24.72,24.8,24.66,24.77,25.13,24.79,24.83,24.83,25.42,24.8
2022-01-05 17:00:00,60.03,60.12,60.05,60.02,59.52,59.98,60.08,59.98,60.0,60.22,60.01,60.02,60.02,60.26,60.32
2022-01-05 18:00:00,47.09,47.21,47.12,47.07,46.2,46.99,47.19,47.04,47.15,47.34,47.08,47.06,47.06,47.22,47.81
2022-01-05 19:00:00,34.28,34.39,34.34,34.21,32.47,34.29,34.47,34.31,34.42,34.49,34.35,34.2,34.19,34.4,35.41
2022-01-05 20:00:00,31.09,31.17,31.14,31.01,28.98,31.13,31.26,31.19,31.29,31.2,31.22,31.02,30.99,31.25,32.26
2022-01-05 21:00:00,25.13,25.28,25.19,25.08,22.88,25.04,25.36,25.29,25.33,25.31,25.32,25.07,25.05,25.01,26.36
2022-01-05 22:00:00,26.77,26.87,26.82,26.72,25.02,26.69,27.02,26.89,26.93,26.87,26.92,26.72,26.7,26.64,27.57
2022-01-05 23:00:00,25.05,25.07,25.1,24.98,23.67,25.12,25.22,25.11,25.15,25.07,25.13,24.97,24.96,25.13,25.67
2022-01-06 00:00:00,25.08,25.12,25.08,25.08,24.68,25.05,25.06,25.11,25.12,25.12,25.11,25.09,25.09,25.05,25.18
2022-01-06 01:00:00,23.08,23.17,23.04,23.11,22.35,23.11,22.78,23.11,23.15,23.17,23.1,23.15,23.19,23.12,22.94
2022-01-06 02:00:00,22.82,23.07,22.66,23.0,21.16,22.84,21.75,22.85,22.99,23.06,22.82,23.07,23.29,22.91,22.04
2022-01-06 03:00:00,21.76,22.12,21.51,22.0,18.87,21.96,19.96,21.9,22.0,22.08,21.86,22.22,22.47,22.27,20.48
2022-01-06 04:00:00,22.72,23.19,22.19,23.2,17.54,23.28,19.07,23.01,23.04,23.07,22.97,23.63,24.16,24.27,20.02
2022-01-06 05:00:00,24.27,24.92,23.83,24.64,19.9,24.77,20.98,24.81,24.7,24.83,24.64,25.14,25.48,25.47,21.9
2022-01-06 06:00:00,27.14,28.1,26.45,27.72,21.54,28.03,21.97,27.89,27.9,28.05,27.92,28.14,28.4,28.68,22.74
2022-01-06 07:00:00,26.75,28.58,25.6,27.71,17.79,28.16,17.96,28.02,28.45,28.57,28.06,28.21,28.5,29.26,18.76
2022-01-06 08:00:00,21.98,25.88,20.03,23.16,6.08,26.08,5.01,26.48,25.6,25.85,26.31,24.39,24.3,27.77,5.44
2022-01-06 09:00:00,19.64,24.05,17.29,21.16,0.89,24.24,-0.28,24.43,23.72,24.03,24.63,22.4,22.31,25.82,0.14
2022-01-06 10:00:00,19.45,24.07,17.12,21.11,0.93,23.29,0.01,23.29,23.62,24.12,23.13,22.3,22.53,25.32,0.66
2022-01-06 11:00:00,20.56,24.43,19.14,21.24,8.61,24.05,6.85,24.19,24.06,24.55,23.65,22.62,22.03,25.71,6.74
2022-01-06 12:00:00,22.61,24.43,22.41,22.35,19.57,24.38,18.49,24.25,24.01,24.58,24.2,23.16,22.72,26.92,18.24
2022-01-06 13:00:00,25.04,25.41,24.96,25.04,24.18,25.37,24.02,24.92,25.1,25.52,25.01,25.23,25.2,27.08,23.98
2022-01-06 14:00:00,24.9,25.09,24.88,24.9,24.58,24.98,24.55,24.84,24.92,25.18,24.91,25.0,24.97,25.64,24.56
2022-01-06 15:00:00,25.57,25.62,25.57,25.57,25.56,25.55,25.56,25.51,25.59,25.68,25.58,25.57,25.57,25.86,25.56
2022-01-06 16:00:00,28.76,28.98,28.75,28.82,28.76,28.48,28.73,28.6,28.49,29.2,28.6,28.84,28.83,28.59,28.73
2022-01-06 17:00:00,61.74,61.36,61.37,62.93,62.43,58.72,62.45,61.07,61.5,61.87,61.37,63.24,63.45,55.57,63.14
2022-01-06 18:00:00,54.82,54.7,54.36,56.55,56.07,49.98,56.21,55.55,55.09,55.25,56.2,56.79,56.94,43.87,57.31
2022-01-06 19:00:00,46.77,46.49,46.33,48.47,47.96,42.18,48.16,47.95,46.78,46.95,48.72,48.67,48.81,36.35,49.33
2022-01-06 20:00:00,42.95,43.29,42.71,44.26,44.12,38.88,44.41,44.65,44.11,43.63,45.22,44.2,44.17,33.07,45.78
2022-01-06 21:00:00,30.81,31.1,30.65,31.85,31.74,27.5,32.16,31.75,32.66,31.16,31.98,31.8,31.78,22.91,33.2
2022-01-06 22:00:00,29.84,30.32,29.68,30.87,30.71,26.43,31.07,30.49,31.11,30.53,30.67,30.85,30.85,22.64,31.99
2022-01-06 23:00:00,30.21,30.51,30.07,31.13,30.98,27.21,31.42,30.99,31.72,30.54,31.16,31.1,31.07,23.8,32.4
2022-01-07 00:00:00,29.32,29.54,29.09,30.62,30.22,25.57,30.64,30.0,30.87,29.8,30.2,30.63,30.95,21.1,31.03
2022-01-07 01:00:00,28.51,28.96,28.37,29.52,29.27,25.3,29.71,29.55,30.34,29.14,29.8,29.46,29.46,21.35,30.12
2022-01-07 02:00:00,28.23,28.74,28.13,29.07,28.68,25.46,29.25,29.09,29.59,28.86,29.24,29.04,29.03,22.7,29.62
2022-01-07 03:00:00,28.8,29.25,28.71,29.47,28.99,26.53,29.59,29.65,29.92,29.3,29.93,29.46,29.45,24.45,30.09
2022-01-07 04:00:00,31.35,32.14,31.25,32.11,31.39,28.7,32.04,31.89,32.14,32.45,32.04,32.11,32.1,26.8,32.57
2022-01-07 05:00:00,34.78,35.31,34.5,35.98,35.04,31.19,35.54,34.41,34.71,35.86,34.54,36.19,36.38,29.61,36.22
2022-01-07 06:00:00,80.35,77.68,79.09,83.5,80.21,74.31,80.89,77.04,77.99,78.23,77.61,84.93,85.88,72.7,82.11
2022-01-07 07:00:00,67.87,64.91,66.48,71.33,67.93,61.17,68.51,65.41,65.77,65.49,66.34,72.83,73.8,58.84,69.35
2022-01-07 08:00:00,40.85,41.46,40.73,41.33,40.66,39.29,40.86,40.43,41.35,42.03,40.66,41.49,41.49,39.84,41.09
2022-01-07 09:00:00,29.76,30.54,29.64,29.94,28.69,29.42,28.64,29.93,32.81,30.77,30.22,30.71,30.23,30.43,28.99
2022-01-07 10:00:00,26.78,27.38,26.67,26.94,25.86,26.58,25.77,26.76,27.04,27.61,26.71,27.41,27.2,26.67,25.92
2022-01-07 11:00:00,26.89,27.46,26.73,27.06,25.59,26.89,25.49,26.94,27.37,27.6,26.87,27.31,27.37,27.07,25.59
2022-01-07 12:00:00,24.35,25.16,24.14,24.42,22.36,24.87,22.13,24.65,24.93,25.28,24.51,24.66,24.78,25.28,22.03
2022-01-07 13:00:00,23.96,25.12,23.49,24.24,20.05,24.82,19.78,24.53,24.78,25.21,24.33,24.57,24.73,25.27,19.73
2022-01-07 14:00:00,19.77,22.32,18.44,20.81,9.64,21.41,9.24,21.04,21.93,22.31,20.68,21.66,22.06,22.04,9.66
2022-01-07 15:00:00,18.55,21.88,16.62,20.0,3.87,21.3,3.3,21.14,21.66,21.87,20.7,20.81,21.08,21.86,3.64
2022-01-07 16:00:00,20.59,23.97,18.46,22.4,4.93,22.88,4.59,22.56,23.44,23.98,22.16,23.23,23.75,23.39,5.17
2022-01-07 17:00:00,26.82,29.4,25.31,28.09,15.26,28.46,15.3,28.24,28.86,29.45,27.9,28.73,29.18,28.84,15.82
2022-01-07 18:00:00,25.99,29.84,24.2,27.14,10.85,29.21,10.6,29.71,29.48,29.87,29.3,28.36,28.27,29.44,11.19
2022-01-07 19:00:00,22.51,27.34,19.82,24.55,1.51,26.24,1.13,26.63,26.83,27.34,26.09,25.9,26.06,26.47,1.98
2022-01-07 20:00:00,21.43,26.05,18.68,23.56,0.51,25.11,0.01,25.41,25.69,26.02,24.9,24.81,24.97,25.28,0.78
2022-01-07 21:00:00,21.24,25.87,18.5,23.35,0.29,25.0,-0.2,25.31,25.54,25.84,24.8,24.6,24.74,25.15,0.54
2022-01-07 22:00:00,22.41,27.14,19.4,24.92,0.13,25.81,-0.28,25.94,26.66,27.09,25.4,26.14,26.62,25.98,0.68
2022-01-07 23:00:00,21.79,26.47,18.87,24.22,0.14,25.08,-0.28,25.23,25.97,26.42,24.79,25.49,26.01,25.28,0.7
2022-01-08 00:00:00,24.6,32.34,22.58,23.85,0.78,35.76,-1.61,39.68,36.74,32.59,43.59,25.07,25.19,37.23,-0.37
2022-01-08 01:00:00,21.74,28.34,19.68,21.7,0.0,30.47,-1.78,33.37,31.03,28.49,36.28,23.0,23.18,31.6,-0.42
2022-01-08 02:00:00,20.0,26.0,18.05,20.14,-0.01,27.55,-1.48,29.99,27.95,26.12,32.53,21.45,21.66,28.52,-0.11
2022-01-08 03:00:00,19.48,25.22,17.54,19.8,0.0,26.42,-1.29,28.61,26.72,25.33,30.94,21.04,21.3,27.3,0.07
2022-01-08 04:00:00,19.91,25.66,18.19,19.78,0.85,27.59,-0.28,30.13,28.1,25.8,32.89,20.85,21.05,28.57,1.09
2022-01-08 05:00:00,20.19,25.51,18.3,20.68,1.54,26.21,0.79,28.08,26.41,25.61,30.01,21.85,22.22,26.96,2.28
2022-01-08 06:00:00,20.47,26.06,18.75,20.53,2.18,27.41,0.99,29.61,27.86,26.22,32.04,21.55,21.85,28.59,2.56
2022-01-08 07:00:00,24.44,29.86,23.31,23.51,8.79,32.56,7.29,35.61,33.54,30.1,39.06,23.98,24.13,33.67,8.58
2022-01-08 08:00:00,27.97,33.5,27.22,26.21,13.47,37.59,11.58,40.92,39.08,33.83,45.7,26.33,26.24,39.1,12.69
2022-01-08 09:00:00,26.94,33.94,25.99,25.04,9.98,37.83,7.16,42.36,39.57,34.48,46.79,25.18,25.15,39.67,7.94
2022-01-08 10:00:00,23.29,28.94,22.66,21.58,10.38,32.13,7.99,36.03,33.29,29.38,39.36,21.72,21.67,33.42,8.46
2022-01-08 11:00:00,24.44,28.55,23.76,23.67,14.37,29.96,12.85,32.42,30.7,28.87,34.28,23.91,24.0,30.77,13.25
2022-01-08 12:00:00,22.04,25.37,21.53,21.44,14.3,26.2,13.11,28.25,26.86,25.69,29.71,21.6,21.65,27.45,13.38
2022-01-08 13:00:00,20.65,23.8,20.1,20.18,12.99,24.54,11.87,26.56,25.15,24.05,27.87,20.4,20.48,26.32,12.21
2022-01-08 14:00:00,18.08,22.55,17.39,17.64,8.49,22.26,7.13,24.74,23.13,23.1,26.3,18.02,18.19,26.14,7.69
2022-01-08 15:00:00,17.97,21.92,17.72,17.1,11.29,21.94,9.91,24.75,23.17,22.54,26.53,17.22,17.2,27.51,10.13
2022-01-08 16:00:00,23.12,24.43,23.14,22.96,22.05,23.4,21.78,24.37,24.33,24.77,24.81,22.97,22.96,28.3,21.8
2022-01-08 17:00:00,49.85,49.97,49.83,49.99,49.8,49.37,50.0,50.1,50.05,50.02,50.16,49.99,49.98,53.38,50.05
2022-01-08 18:00:00,43.16,43.35,43.14,43.3,43.11,42.63,43.29,43.32,43.35,43.42,43.35,43.29,43.29,44.84,43.32
2022-01-08 19:00:00,30.88,31.12,30.88,31.0,30.77,30.43,30.97,31.06,31.21,31.14,31.1,30.99,30.99,32.37,31.02
2022-01-08 20:00:00,25.33,26.28,25.37,25.4,25.0,24.59,25.21,25.47,25.56,26.54,25.55,25.39,25.39,25.11,25.26
2022-01-08 21:00:00,24.11,25.64,24.14,24.14,23.2,23.52,23.28,24.4,24.31,26.07,24.62,24.16,24.21,24.47,23.34
2022-01-08 22:00:00,26.18,27.05,26.1,26.22,24.89,26.21,24.9,26.82,26.72,27.2,27.04,26.28,26.37,26.52,25.02
2022-01-08 23:00:00,22.73,25.2,22.77,22.59,20.77,22.59,20.68,23.54,23.11,25.94,23.99,22.64,22.72,23.39,20.77
2022-01-09 00:00:00,24.59,27.19,24.3,24.97,20.92,23.95,21.07,24.28,25.13,27.79,24.15,25.51,25.77,24.14,21.58
2022-01-09 01:00:00,19.45,21.14,18.82,20.09,14.36,19.55,14.52,19.64,20.19,21.19,19.47,20.89,21.25,19.75,15.27
2022-01-09 02:00:00,18.21,19.69,17.62,18.78,13.28,18.42,13.58,18.47,19.08,19.68,18.32,19.6,19.89,18.6,14.42
2022-01-09 03:00:00,17.13,18.66,16.48,17.76,11.86,17.34,12.16,17.38,18.06,18.64,17.22,18.57,18.97,17.53,13.13
2022-01-09 04:00:00,17.77,19.45,16.52,19.0,8.71,18.45,9.17,18.45,19.08,19.4,18.26,19.34,20.16,18.61,10.21
2022-01-09 05:00:00,17.54,20.86,15.51,19.41,2.75,19.04,2.72,19.27,19.9,20.86,18.94,20.23,21.34,19.4,3.92
2022-01-09 06:00:00,18.7,23.22,16.47,20.39,1.47,21.7,0.57,22.27,21.85,23.18,21.91,21.89,22.47,22.33,1.63
2022-01-09 07:00:00,19.49,23.94,16.95,21.62,0.65,22.22,0.01,22.45,22.77,23.88,22.0,22.88,23.71,22.68,1.12
2022-01-09 08:00:00,20.62,25.4,17.98,22.77,0.81,23.73,0.01,24.13,24.75,25.34,23.65,23.93,24.95,24.58,1.03
2022-01-09 09:00:00,20.06,25.17,17.49,21.9,0.03,23.95,-1.05,24.26,26.01,25.14,24.09,23.21,23.85,25.53,-0.24
2022-01-09 10:00:00,19.8,25.12,17.36,21.35,0.06,24.22,-1.24,24.48,25.31,25.16,24.02,22.6,23.07,26.49,-0.72
2022-01-09 11:00:00,19.78,25.38,17.66,20.79,1.18,24.78,-0.3,24.43,26.09,25.57,24.03,22.07,22.17,27.91,-0.08
2022-01-09 12:00:00,20.0,25.75,17.87,21.07,1.34,24.65,0.01,23.97,25.22,26.05,23.47,22.29,22.49,28.2,0.28
2022-01-09 13:00:00,19.78,25.54,17.87,20.63,2.43,24.26,1.06,23.39,24.86,25.88,22.7,21.94,22.1,28.6,1.35
2022-01-09 14:00:00,19.37,25.29,17.64,20.11,3.15,23.47,1.7,23.12,24.17,25.69,22.48,21.61,21.62,28.16,2.0
2022-01-09 15:00:00,22.36,26.12,21.5,22.61,13.58,24.63,12.63,24.34,26.56,26.52,23.93,23.49,23.34,29.9,12.61
2022-01-09 16:00:00,24.82,25.79,24.57,25.02,22.75,25.0,22.46,24.9,29.52,25.97,24.84,25.12,25.15,29.46,22.34
2022-01-09 17:00:00,41.94,42.79,41.95,42.04,41.75,41.3,41.66,41.88,46.16,43.16,41.91,42.05,42.07,43.18,41.61
2022-01-09 18:00:00,43.58,44.2,43.56,43.73,43.53,42.9,43.42,43.69,49.38,44.48,43.77,43.72,43.73,44.38,43.35
2022-01-09 19:00:00,38.54,39.14,38.52,38.81,38.68,37.49,38.64,38.89,40.85,39.43,39.05,38.8,38.8,37.74,38.62
2022-01-09 20:00:00,38.03,38.82,38.0,38.59,38.48,36.03,38.56,38.51,41.14,39.2,38.65,38.54,38.54,34.0,38.63
2022-01-09 21:00:00,33.65,35.23,33.64,34.44,34.27,30.56,34.35,34.19,35.93,35.94,34.42,34.36,34.37,28.24,34.43
2022-01-09 22:00:00,28.18,28.77,28.07,29.11,29.07,25.2,29.22,29.12,31.22,29.06,29.3,29.04,29.04,21.99,29.36
2022-01-09 23:00:00,26.82,27.13,26.69,27.85,27.86,23.7,28.06,27.94,29.74,27.29,28.13,27.78,27.77,19.89,28.22
2022-01-10 00:00:00,28.78,28.91,28.59,30.09,30.1,25.0,30.35,30.46,31.57,28.85,30.94,29.99,29.97,17.95,30.54
2022-01-10 01:00:00,25.04,25.21,24.86,26.23,26.28,21.5,26.51,26.45,27.48,25.16,26.71,26.15,26.13,15.67,26.7
2022-01-10 02:00:00,26.32,26.48,26.14,27.54,27.59,22.73,27.83,27.82,28.83,26.42,28.08,27.46,27.44,17.18,28.02
2022-01-10 03:00:00,27.45,27.69,27.26,28.74,28.8,23.56,29.04,28.97,30.05,27.63,29.21,28.67,28.65,18.07,29.26
2022-01-10 04:00:00,30.25,30.45,30.06,31.5,31.51,26.55,31.75,31.72,32.8,30.47,32.12,31.41,31.39,21.62,31.96
2022-01-10 05:00:00,37.39,37.7,37.07,39.18,39.05,32.17,39.23,40.0,39.44,37.85,40.73,39.19,39.14,26.56,39.44
2022-01-10 06:00:00,58.82,58.46,58.22,61.48,61.22,51.61,61.33,63.72,60.38,58.82,65.68,61.88,61.5,43.73,61.45
2022-01-10 07:00:00,61.86,61.98,61.3,64.46,64.28,54.41,64.34,66.51,66.43,62.52,69.14,64.99,64.37,50.77,64.47
2022-01-10 08:00:00,42.53,43.49,42.24,44.24,44.13,37.03,44.2,45.15,45.63,44.39,46.64,44.25,44.21,34.17,44.2
2022-01-10 09:00:00,31.04,31.91,30.85,32.34,32.31,26.73,32.42,32.67,34.76,32.44,33.77,32.33,32.31,24.94,32.45
2022-01-10 10:00:00,27.25,28.48,27.13,28.31,28.28,23.34,28.38,27.96,29.84,29.17,28.53,28.3,28.31,21.39,28.59
2022-01-10 11:00:00,25.64,26.86,25.56,26.55,26.54,22.19,26.62,26.22,28.43,27.43,26.81,26.55,26.56,21.03,26.8
2022-01-10 12:00:00,24.18,25.43,24.13,24.87,24.83,21.36,24.86,24.53,25.54,25.95,24.86,24.87,24.88,20.36,25.02
2022-01-10 13:00:00,23.27,24.19,23.26,23.66,23.62,21.57,23.64,23.37,23.97,24.6,23.52,23.66,23.67,21.12,23.7
2022-01-10 14:00:00,22.73,23.43,22.72,23.0,22.96,21.51,22.96,22.74,23.21,23.87,22.86,23.0,23.0,22.83,22.94
2022-01-10 15:00:00,23.06,23.5,23.05,23.25,23.2,22.27,23.19,22.95,23.24,23.94,23.02,23.24,23.25,24.25,23.21
2022-01-10 16:00:00,26.3,26.69,26.29,26.46,26.4,25.62,26.4,26.09,26.88,27.19,26.27,26.45,26.46,27.97,26.6
2022-01-10 17:00:00,72.84,74.21,72.81,73.35,72.98,70.63,73.04,71.7,72.81,76.27,72.05,73.32,73.37,73.54,75.32
2022-01-10 18:00:00,69.89,70.86,69.88,70.24,69.94,68.25,70.19,69.03,72.51,72.46,69.88,70.22,70.26,71.33,74.33
2022-01-10 19:00:00,43.71,44.62,43.73,44.01,43.75,42.27,44.0,42.98,46.27,45.82,43.75,44.02,44.63,45.49,47.96
2022-01-10 20:00:00,41.67,42.31,41.67,41.93,41.78,40.47,41.99,41.1,46.72,43.24,42.36,41.92,41.94,44.09,44.89
2022-01-10 21:00:00,31.71,31.88,31.72,31.86,31.84,31.05,32.07,31.54,39.27,32.38,33.11,31.87,32.1,34.95,34.53
2022-01-10 22:00:00,35.27,35.96,35.27,35.5,35.29,34.18,35.42,34.77,37.54,36.73,35.23,35.49,35.51,35.84,37.26
2022-01-10 23:00:00,31.44,31.51,31.44,31.5,31.44,31.15,31.62,31.46,33.77,31.67,31.9,31.5,31.5,32.19,33.24
2022-01-11 00:00:00,32.25,32.33,32.21,32.49,32.35,31.39,32.63,32.66,32.85,32.5,32.87,32.5,32.49,30.01,34.64
2022-01-11 01:00:00,28.25,28.48,28.23,28.47,28.33,27.38,28.58,28.51,28.55,28.68,28.62,28.48,28.48,26.85,30.35
2022-01-11 02:00:00,26.26,26.45,26.22,26.54,26.37,25.22,26.67,26.66,26.82,26.71,26.86,26.55,26.54,24.09,28.31
2022-01-11 03:00:00,25.96,26.29,25.93,26.29,26.12,24.72,26.4,26.35,26.42,26.47,26.48,26.3,26.3,23.86,28.01
2022-01-11 04:00:00,28.78,29.41,28.75,29.16,28.93,27.25,29.2,28.93,29.06,29.74,28.97,29.16,29.17,27.07,30.86
2022-01-11 05:00:00,36.18,37.05,36.16,36.6,36.29,34.34,36.64,35.98,37.35,38.0,36.35,36.6,36.62,35.13,39.68
2022-01-11 06:00:00,58.87,59.39,58.64,60.04,59.61,55.14,60.0,60.58,61.79,61.72,62.08,60.05,60.04,55.13,64.07
2022-01-11 07:00:00,62.7,63.7,62.56,63.7,63.16,59.14,63.68,62.72,66.01,66.2,63.71,63.73,63.72,59.05,68.68
2022-01-11 08:00:00,43.61,44.52,43.56,44.1,43.68,41.68,43.96,43.39,45.36,46.62,43.94,44.11,44.11,42.65,45.77
2022-01-11 09:00:00,40.78,41.62,40.77,41.02,40.17,39.7,40.75,40.36,40.95,42.91,40.58,41.03,41.03,40.44,41.15
2022-01-11 10:00:00,31.2,31.69,31.2,31.27,30.88,30.81,31.01,31.18,31.52,32.8,31.37,31.26,31.26,31.39,31.1
2022-01-11 11:00:00,27.97,28.29,27.97,28.0,27.65,27.78,27.83,27.96,27.86,29.07,28.02,27.99,27.99,28.21,27.87
2022-01-11 12:00:00,25.23,25.57,25.25,25.16,24.55,25.35,24.92,25.52,25.45,26.18,25.68,25.15,25.15,25.75,25.05
2022-01-11 13:00:00,24.4,24.87,24.41,24.26,23.24,24.8,23.73,25.04,24.94,25.28,25.34,24.27,24.25,25.22,23.93
2022-01-11 14:00:00,23.75,24.07,23.75,23.62,22.7,24.14,23.19,24.31,24.25,24.41,24.55,23.62,23.61,24.58,23.39
2022-01-11 15:00:00,24.08,24.27,24.09,24.0,23.4,24.3,23.78,24.44,24.38,24.53,24.61,24.0,23.99,25.05,23.93
2022-01-11 16:00:00,26.5,26.69,26.51,26.53,26.18,26.34,26.48,26.47,26.59,27.07,26.51,26.52,26.52,26.77,26.58
2022-01-11 17:00:00,65.47,66.15,65.47,65.64,65.25,64.58,65.51,65.06,65.39,67.15,65.18,65.63,65.65,65.21,66.99
2022-01-11 18:00:00,50.09,50.61,50.11,50.22,49.88,49.38,50.2,49.89,51.28,51.49,50.23,50.21,50.22,50.49,52.95
2022-01-11 19:00:00,30.85,31.1,30.88,30.71,30.23,31.21,30.5,31.37,32.35,31.6,31.82,30.71,30.7,32.46,33.27
2022-01-11 20:00:00,32.08,32.37,32.08,32.0,31.52,32.3,31.66,32.5,33.43,32.7,32.89,32.02,32.01,33.3,33.22
2022-01-11 21:00:00,29.8,30.06,29.8,29.71,29.02,30.11,29.3,30.25,30.76,30.3,30.56,29.73,29.72,30.78,30.06
2022-01-11 22:00:00,29.57,29.86,29.57,29.45,28.86,29.98,29.0,30.11,30.49,29.96,30.29,29.48,29.46,30.35,29.45
2022-01-11 23:00:00,27.78,27.94,27.8,27.68,27.29,28.11,27.45,28.17,28.23,28.03,28.34,27.69,27.68,28.27,27.83
2022-01-12 00:00:00,24.03,23.4,24.03,23.87,23.93,24.85,24.0,24.19,24.87,23.41,24.25,23.87,23.86,26.15,24.05
2022-01-12 01:00:00,23.68,23.62,23.68,23.67,23.66,23.77,23.68,23.69,24.02,23.68,23.7,23.67,23.67,23.98,23.68
2022-01-12 02:00:00,24.56,24.57,24.56,24.56,24.55,24.56,24.57,24.56,24.57,24.61,24.56,24.56,24.56,24.57,24.57
2022-01-12 03:00:00,25.06,25.05,25.06,25.05,25.04,25.07,25.06,25.05,25.16,25.12,25.05,25.05,25.05,25.13,25.13
2022-01-12 04:00:00,29.34,29.35,29.34,29.34,29.32,29.31,29.36,29.32,29.56,29.43,29.32,29.34,29.34,29.34,29.45
2022-01-12 05:00:00,36.17,36.51,36.16,36.29,36.21,35.64,36.19,35.85,36.53,36.95,35.9,36.29,36.3,35.87,36.33
2022-01-12 06:00:00,57.72,57.88,57.7,57.86,57.82,57.21,57.83,57.61,59.62,58.38,58.05,57.86,57.87,58.35,58.08
2022-01-12 07:00:00,58.86,59.17,58.84,59.06,58.99,58.14,58.98,58.64,60.68,59.93,59.09,59.06,59.07,59.32,59.32
2022-01-12 08:00:00,43.85,44.02,43.83,43.96,43.94,43.4,43.94,43.79,45.93,44.52,44.25,43.97,43.97,44.56,43.94
2022-01-12 09:00:00,30.37,30.16,30.36,30.35,30.4,30.52,30.42,30.47,32.48,30.4,30.86,30.36,30.35,31.9,30.44
2022-01-12 10:00:00,30.0,30.0,30.0,30.03,30.04,29.93,30.04,30.03,31.41,30.34,30.34,30.03,30.03,31.06,30.06
2022-01-12 11:00:00,27.18,27.06,27.18,27.17,27.19,27.28,27.2,27.2,28.06,27.33,27.37,27.17,27.17,28.28,27.22
2022-01-12 12:00:00,25.4,25.17,25.4,25.35,25.38,25.69,25.39,25.4,25.77,25.41,25.44,25.35,25.35,26.73,25.41
2022-01-12 13:00:00,25.04,24.88,25.04,25.0,25.02,25.23,25.03,25.03,25.26,25.11,25.05,25.0,25.0,26.07,25.04
2022-01-12 14:00:00,24.6,24.55,24.6,24.59,24.59,24.68,24.59,24.55,24.66,24.8,24.56,24.59,24.59,25.48,24.59
2022-01-12 15:00:00,24.4,24.24,24.4,24.35,24.37,24.62,24.38,24.38,24.6,24.39,24.4,24.36,24.35,25.7,24.4
2022-01-12 16:00:00,26.7,26.69,26.69,26.71,26.71,26.68,26.71,26.65,27.01,26.89,26.72,26.71,26.71,27.43,26.71
2022-01-12 17:00:00,65.61,66.04,65.61,65.74,65.64,65.0,65.67,65.26,65.6,66.74,65.35,65.73,65.75,65.87,66.06
2022-01-12 18:00:00,63.41,63.69,63.41,63.51,63.44,62.96,63.48,63.2,64.07,64.21,63.4,63.5,63.52,63.98,64.28
2022-01-12 19:00:00,46.02,46.23,46.02,46.09,46.04,45.65,46.11,45.86,46.81,46.61,46.07,46.09,46.1,46.46,46.68
2022-01-12 20:00:00,45.1,45.23,45.1,45.16,45.13,44.83,45.16,45.0,46.2,45.6,45.25,45.16,45.17,45.84,45.69
2022-01-12 21:00:00,37.87,37.92,37.87,37.91,37.89,37.74,37.92,37.84,38.83,38.17,38.05,37.9,37.91,38.44,38.24
2022-01-12 22:00:00,33.34,32.82,33.33,33.23,33.28,33.93,33.32,33.18,34.04,33.32,33.26,33.24,33.24,35.9,33.56
2022-01-12 23:00:00,32.82,32.58,32.81,32.77,32.79,33.09,32.81,32.74,33.18,32.83,32.78,32.77,32.77,34.03,33.02
2022-01-13 00:00:00,31.21,30.88,31.21,31.13,31.18,31.63,31.21,31.29,31.64,30.92,31.32,31.13,31.13,32.37,31.24
2022-01-13 01:00:00,28.24,28.05,28.23,28.19,28.22,28.46,28.23,28.28,28.48,28.08,28.3,28.19,28.19,28.86,28.26
2022-01-13 02:00:00,27.74,27.67,27.74,27.73,27.74,27.84,27.74,27.76,27.84,27.71,27.77,27.73,27.73,28.02,27.79
2022-01-13 03:00:00,27.27,27.23,27.27,27.26,27.26,27.31,27.27,27.27,27.32,27.28,27.28,27.26,27.26,27.42,27.3
2022-01-13 04:00:00,28.01,27.97,28.01,28.0,28.01,28.06,28.01,28.0,28.07,28.03,28.01,28.0,28.0,28.23,28.04
2022-01-13 05:00:00,38.79,38.56,38.78,38.76,38.79,38.98,38.82,38.8,39.34,38.7,38.89,38.76,38.76,39.77,38.94
2022-01-13 06:00:00,54.64,54.69,54.62,54.72,54.7,54.37,54.71,54.58,56.41,55.05,54.96,54.72,54.72,55.46,54.9
2022-01-13 07:00:00,57.14,57.62,57.12,57.35,57.28,56.25,57.26,56.93,59.48,58.3,57.49,57.35,57.36,57.81,57.42
2022-01-13 08:00:00,42.82,43.25,42.8,43.0,42.92,42.07,42.89,42.53,44.0,44.02,42.86,42.99,43.01,43.14,42.87
2022-01-13 09:00:00,34.08,33.94,34.06,34.11,34.11,34.07,34.13,34.1,34.57,34.27,34.24,34.13,34.12,35.25,34.21
2022-01-13 10:00:00,28.83,28.7,28.82,28.82,28.83,28.94,28.84,28.9,28.87,28.8,28.95,28.82,28.82,30.2,28.84
2022-01-13 11:00:00,28.03,27.87,28.02,28.02,28.03,28.14,28.04,28.12,28.08,27.94,28.18,28.02,28.02,29.13,28.1
2022-01-13 12:00:00,27.52,27.61,27.52,27.56,27.54,27.36,27.54,27.52,27.33,27.73,27.53,27.56,27.56,27.86,27.58
2022-01-13 13:00:00,26.68,26.69,26.67,26.7,26.69,26.61,26.68,26.69,26.54,26.85,26.73,26.7,26.7,27.35,26.69
2022-01-13 14:00:00,25.9,25.64,25.88,25.88,25.9,26.11,25.91,26.03,26.05,25.78,26.1,25.88,25.88,27.29,25.93
2022-01-13 15:00:00,25.84,25.68,25.84,25.81,25.83,26.01,25.84,25.92,25.86,25.74,25.97,25.82,25.82,27.35,25.85
2022-01-13 16:00:00,28.12,27.2,28.08,28.0,28.11,28.98,28.16,28.44,28.94,27.32,28.61,28.01,27.99,31.46,28.45
2022-01-13 17:00:00,61.4,61.38,61.38,61.45,61.43,61.29,61.42,61.3,61.36,61.78,61.34,61.45,61.45,62.09,61.53
2022-01-13 18:00:00,61.24,61.33,61.23,61.3,61.26,61.03,61.26,61.08,61.34,61.7,61.17,61.3,61.3,61.57,61.39
2022-01-13 19:00:00,43.53,43.6,43.53,43.56,43.54,43.42,43.54,43.42,43.7,43.78,43.5,43.56,43.55,43.82,43.67
2022-01-13 20:00:00,38.86,38.78,38.86,38.86,38.87,38.92,38.88,38.85,39.14,38.89,38.92,38.86,38.86,39.49,39.0
2022-01-13 21:00:00,32.08,31.81,32.08,32.0,31.83,32.42,32.1,32.16,32.41,31.86,32.21,32.0,32.0,33.63,32.28
2022-01-13 22:00:00,32.67,32.67,32.68,32.66,32.45,32.7,32.69,32.64,32.7,32.77,32.65,32.66,32.66,32.95,32.79
2022-01-13 23:00:00,29.73,29.73,29.74,29.71,29.38,29.77,29.76,29.72,29.77,29.81,29.73,29.71,29.71,29.93,29.85
2022-01-14 00:00:00,31.13,31.13,31.14,31.11,30.83,31.12,31.17,31.13,31.13,31.17,31.13,31.11,31.11,31.12,31.31
2022-01-14 01:00:00,28.57,28.57,28.58,28.55,28.25,28.57,28.61,28.57,28.58,28.61,28.57,28.55,28.55,28.57,28.74
2022-01-14 02:00:00,25.86,25.86,25.87,25.85,25.49,25.87,25.91,25.87,25.93,25.9,25.88,25.85,25.84,25.88,26.05
2022-01-14 03:00:00,24.26,24.26,24.27,24.24,23.84,24.27,24.31,24.27,24.35,24.3,24.28,24.24,24.24,24.28,24.46
2022-01-14 04:00:00,26.67,26.68,26.69,26.65,26.09,26.69,26.74,26.69,26.82,26.73,26.7,26.65,26.64,26.71,26.91
2022-01-14 05:00:00,32.7,32.74,32.72,32.68,32.11,32.7,32.76,32.72,33.6,32.82,32.73,32.68,32.67,32.8,32.93
2022-01-14 06:00:00,47.84,48.18,47.87,47.9,46.93,47.45,47.94,47.61,48.72,48.59,48.0,47.89,47.89,47.93,48.17
2022-01-14 07:00:00,38.26,38.41,38.28,38.23,37.24,38.18,38.31,38.3,39.19,38.66,38.65,38.24,38.22,38.53,38.52
2022-01-14 08:00:00,33.2,33.71,32.93,33.41,30.64,33.56,31.04,33.9,34.34,33.8,34.24,33.93,34.41,34.04,31.27
2022-01-14 09:00:00,32.24,34.63,31.68,32.15,26.19,34.8,25.14,35.18,34.78,34.84,35.8,33.21,33.08,35.1,25.06
2022-01-14 10:00:00,28.03,30.23,27.77,27.69,24.03,30.14,23.02,30.51,30.07,30.47,30.91,28.52,28.31,30.59,22.86
2022-01-14 11:00:00,27.82,29.91,27.11,28.08,21.36,29.71,20.74,29.81,29.65,30.05,29.59,28.83,29.03,30.33,20.75
2022-01-14 12:00:00,23.55,28.38,22.21,23.67,9.97,28.54,8.24,29.56,29.57,28.64,28.23,25.4,25.5,29.19,8.12
2022-01-14 13:00:00,21.51,26.3,19.63,22.24,4.7,26.59,3.39,26.7,28.54,26.55,25.44,23.83,24.56,27.22,3.39
2022-01-14 14:00:00,20.37,25.07,18.55,21.0,3.8,25.59,2.56,26.52,28.93,25.33,23.84,23.01,24.49,26.02,2.66
2022-01-14 15:00:00,20.47,24.64,18.73,21.26,5.22,24.8,4.21,27.28,26.83,24.85,23.85,23.07,24.36,25.19,4.4
2022-01-14 16:00:00,28.41,30.12,28.24,28.22,25.01,29.62,25.02,34.3,29.53,30.35,29.93,28.97,29.12,29.67,25.15
2022-01-14 17:00:00,51.21,52.1,51.16,51.36,49.23,50.61,50.56,51.33,50.95,52.48,50.93,51.53,51.91,50.74,50.91
2022-01-14 18:00:00,30.76,31.46,30.54,31.08,28.09,30.45,29.15,34.08,31.3,31.62,31.27,31.31,31.81,30.05,29.55
2022-01-14 19:00:00,25.68,29.16,24.01,27.06,11.96,27.54,12.28,30.76,28.5,29.23,29.44,28.39,29.17,26.02,12.94
2022-01-14 20:00:00,24.01,28.57,21.09,26.68,2.74,26.6,2.51,34.09,28.63,28.59,29.32,28.18,29.71,23.74,3.36
2022-01-14 21:00:00,20.89,25.19,17.88,24.0,0.17,22.31,0.01,26.43,24.77,25.19,25.28,25.45,27.53,19.29,0.96
2022-01-14 22:00:00,18.1,21.67,15.28,21.24,-0.34,18.5,-0.28,22.73,21.39,21.66,21.52,22.45,24.91,15.03,0.62
2022-01-14 23:00:00,14.3,17.37,12.01,16.87,-0.73,14.56,-0.75,19.8,17.36,17.34,17.59,18.13,20.28,11.36,0.05
2022-01-15 00:00:00,10.03,13.14,8.29,11.85,-2.14,10.43,-2.27,12.11,10.99,13.25,11.73,13.35,15.74,9.76,-1.47
2022-01-15 01:00:00,10.28,13.42,8.57,11.98,-1.89,10.98,-2.09,12.27,11.1,13.54,11.89,13.49,15.83,10.82,-1.31
2022-01-15 02:00:00,10.5,13.92,8.85,11.99,-1.8,11.7,-2.2,13.08,11.35,14.0,12.74,13.81,16.25,11.87,-1.4
2022-01-15 03:00:00,11.7,14.74,9.99,13.33,-0.7,12.79,-0.9,13.83,12.55,14.8,13.53,14.83,17.31,12.77,-0.09
2022-01-15 04:00:00,14.3,17.45,12.22,16.4,-0.13,15.33,-0.28,16.78,15.77,17.48,16.47,17.9,20.48,14.6,0.57
2022-01-15 05:00:00,14.41,17.48,12.3,16.68,0.22,15.03,0.01,17.18,16.48,17.48,16.91,18.19,20.49,13.56,0.79
2022-01-15 06:00:00,24.26,29.07,20.49,28.69,0.17,23.89,0.31,27.31,26.47,29.3,26.93,30.67,35.35,21.17,1.8
2022-01-15 07:00:00,22.36,26.9,18.88,26.58,0.6,21.53,0.52,30.49,26.04,26.98,27.76,28.11,31.43,16.3,1.65
2022-01-15 08:00:00,22.52,28.05,19.31,26.13,1.04,22.59,0.48,32.96,27.98,28.29,28.91,27.67,29.78,17.05,1.3
2022-01-15 09:00:00,22.22,29.1,19.11,25.77,0.97,21.83,-0.29,32.48,25.73,29.72,30.29,27.62,29.49,18.71,0.16
2022-01-15 10:00:00,24.17,31.31,20.53,28.55,0.22,23.02,-0.76,33.35,26.84,31.87,32.05,30.49,33.43,18.69,-0.05
2022-01-15 11:00:00,24.7,31.9,20.97,29.11,0.07,23.77,-0.89,34.29,27.27,32.44,32.45,31.32,34.75,19.19,-0.06
2022-01-15 12:00:00,23.04,29.08,19.41,27.47,0.0,21.81,-0.72,31.26,24.72,29.47,30.32,29.63,33.33,18.13,0.23
2022-01-15 13:00:00,20.61,25.97,17.48,24.23,0.0,20.49,-0.77,28.56,23.7,26.23,26.85,26.22,29.29,17.22,-0.05
2022-01-15 14:00:00,20.16,25.66,17.16,23.57,0.14,20.17,-0.78,30.17,23.36,25.96,26.94,25.61,28.46,16.96,-0.13
2022-01-15 15:00:00,19.37,25.06,16.55,22.54,0.41,19.43,-0.84,29.38,22.31,25.41,27.0,24.9,27.59,16.27,-0.24
2022-01-15 16:00:00,20.13,25.22,17.41,23.32,2.11,19.75,1.36,32.99,23.5,25.65,24.96,25.42,28.86,16.47,2.16
2022-01-15 17:00:00,37.92,42.53,36.24,41.42,30.23,31.38,29.64,44.16,36.76,43.42,43.53,42.92,45.97,28.0,30.22
2022-01-15 18:00:00,41.61,43.06,40.82,44.41,41.95,34.26,41.54,46.73,41.91,43.39,47.75,44.73,45.28,31.48,41.52
2022-01-15 19:00:00,40.17,41.52,39.79,42.24,41.84,33.84,41.55,44.41,41.46,41.84,45.21,42.32,42.19,30.52,41.51
2022-01-15 20:00:00,43.32,44.31,43.02,45.2,45.13,37.44,45.14,46.2,45.11,44.61,46.88,45.2,45.12,33.52,45.23
2022-01-15 21:00:00,44.96,45.84,44.63,46.98,46.91,38.74,46.95,47.92,46.17,46.28,48.75,46.9,46.87,36.55,47.04
2022-01-15 22:00:00,42.72,43.47,42.36,44.74,44.66,36.56,44.69,45.65,43.65,43.86,46.47,44.66,44.64,34.6,44.75
2022-01-15 23:00:00,40.98,41.46,40.56,43.17,43.06,34.51,43.08,44.95,41.71,41.72,46.05,43.09,43.05,31.06,43.11
2022-01-16 00:00:00,36.84,36.68,36.57,38.37,38.47,32.59,38.62,39.45,40.09,36.65,40.21,38.32,38.49,25.76,38.93
2022-01-16 01:00:00,34.98,35.07,34.76,36.32,36.45,31.06,36.61,36.74,38.22,35.1,37.31,36.27,36.47,25.48,36.89
2022-01-16 02:00:00,36.34,36.3,36.12,37.65,37.81,32.55,38.0,38.18,39.66,36.26,38.72,37.59,37.8,27.24,38.3
2022-01-16 03:00:00,37.68,37.81,37.47,38.99,39.14,33.79,39.31,39.36,40.67,37.79,39.73,38.92,39.17,28.23,39.67
2022-01-16 04:00:00,40.25,40.25,40.12,41.12,41.26,37.72,41.4,41.44,42.23,40.25,41.4,41.08,41.24,35.14,41.78
2022-01-16 05:00:00,42.29,42.67,42.2,42.92,42.83,40.23,42.99,43.61,42.48,42.79,43.77,42.94,43.1,38.9,43.38
2022-01-16 06:00:00,66.82,66.35,66.45,68.35,67.9,62.63,68.49,71.32,67.79,66.46,72.08,68.4,68.28,58.38,69.1
2022-01-16 07:00:00,70.65,70.38,70.22,72.24,71.45,66.39,71.85,75.81,69.02,70.91,76.65,72.42,72.17,65.89,72.45
2022-01-16 08:00:00,51.66,51.92,51.49,52.39,52.05,49.48,52.17,54.46,52.23,52.1,55.27,52.57,52.35,50.78,52.44
2022-01-16 09:00:00,35.98,35.92,35.96,36.07,36.11,35.73,36.12,36.03,38.38,35.94,36.56,36.08,36.07,36.8,36.14
2022-01-16 10:00:00,32.37,32.39,32.37,32.38,32.38,32.33,32.38,32.34,32.55,32.4,32.39,32.38,32.38,32.49,32.38
2022-01-16 11:00:00,29.52,29.57,29.52,29.51,29.51,29.5,29.51,29.5,29.51,29.64,29.5,29.51,29.51,29.55,29.51
2022-01-16 12:00:00,27.17,27.27,27.18,27.16,27.16,27.13,27.15,27.13,27.13,27.31,27.13,27.16,27.16,27.23,27.15
2022-01-16 13:00:00,26.31,26.47,26.33,26.29,26.29,26.26,26.28,26.25,26.22,26.53,26.25,26.29,26.29,26.41,26.28
2022-01-16 14:00:00,25.31,25.41,25.33,25.28,25.28,25.35,25.27,25.25,25.26,25.46,25.24,25.28,25.28,25.67,25.27
2022-01-16 15:00:00,25.13,25.16,25.14,25.1,25.1,25.19,25.1,25.09,25.11,25.18,25.09,25.1,25.1,25.52,25.13
2022-01-16 16:00:00,27.33,27.36,27.34,27.3,27.3,27.38,27.3,27.26,27.82,27.37,27.38,27.3,27.3,28.15,27.3
2022-01-16 17:00:00,57.39,56.44,57.39,57.14,57.26,58.65,57.33,57.56,58.37,56.39,57.69,57.15,57.13,60.65,57.41
2022-01-16 18:00:00,58.55,58.03,58.56,58.36,58.42,59.36,58.46,58.56,59.19,58.01,58.67,58.37,58.36,61.33,58.57
2022-01-16 19:00:00,45.03,44.81,45.03,45.0,45.04,45.24,45.06,45.09,46.43,44.8,45.41,45.01,45.0,46.31,45.2
2022-01-16 20:00:00,40.34,40.11,40.33,40.31,40.36,40.5,40.4,40.4,42.29,40.1,40.81,40.32,40.31,41.65,40.55
2022-01-16 21:00:00,35.73,35.5,35.72,35.71,35.77,35.87,35.81,35.82,38.15,35.49,36.31,35.71,35.71,37.0,35.92
2022-01-16 22:00:00,35.79,35.67,35.78,35.79,35.82,35.83,35.85,35.82,37.56,35.67,36.2,35.79,35.79,36.59,35.94
2022-01-16 23:00:00,31.32,31.41,31.33,31.32,31.33,31.27,31.33,31.3,31.93,31.46,31.44,31.32,31.32,31.51,31.4
2022-01-17 00:00:00,28.74,28.63,28.7,29.09,29.11,27.84,29.22,29.14,29.66,28.62,29.24,29.05,29.04,25.96,29.37
2022-01-17 01:00:00,27.61,27.5,27.55,28.01,28.04,26.53,28.16,28.08,28.66,27.47,28.18,27.97,27.96,24.45,28.33
2022-01-17 02:00:00,28.39,28.31,28.35,28.63,28.65,27.74,28.73,28.66,29.03,28.31,28.73,28.61,28.6,26.58,28.86
2022-01-17 03:00:00,30.26,30.24,30.25,30.34,30.34,30.06,30.37,30.34,30.46,30.26,30.37,30.33,30.33,29.73,30.53
2022-01-17 04:00:00,36.12,36.12,36.12,36.12,36.11,36.13,36.13,36.13,36.13,36.14,36.13,36.12,36.12,36.13,36.42
2022-01-17 05:00:00,42.83,42.82,42.83,42.83,42.82,42.82,42.84,42.83,42.84,42.9,42.83,42.83,42.83,42.92,43.12
2022-01-17 06:00:00,86.78,86.35,86.73,86.86,86.85,86.81,86.9,87.17,87.18,86.66,87.35,86.86,86.85,87.27,87.57
2022-01-17 07:00:00,90.11,88.2,89.77,90.79,90.64,89.45,90.63,89.97,91.19,90.1,90.24,90.78,90.8,90.46,91.32
2022-01-17 08:00:00,52.07,51.32,51.94,52.33,52.31,51.81,52.3,51.98,54.2,52.58,52.37,52.33,52.33,52.93,52.39
2022-01-17 09:00:00,36.24,35.66,36.16,36.31,36.21,36.43,36.24,36.3,39.23,36.18,36.78,36.34,36.34,37.65,36.29
2022-01-17 10:00:00,34.04,33.64,33.97,34.07,33.87,34.3,33.89,34.08,35.76,34.0,34.36,34.12,34.11,35.56,33.94
2022-01-17 11:00:00,31.54,31.17,31.44,31.56,31.09,31.96,31.09,31.59,31.73,31.55,31.59,31.61,31.65,32.99,31.15
2022-01-17 12:00:00,29.94,29.85,29.83,29.96,29.11,30.4,29.13,29.88,29.92,30.03,29.87,30.04,30.09,32.02,29.23
2022-01-17 13:00:00,27.63,27.65,27.54,27.65,25.72,27.96,26.92,27.66,27.68,27.77,27.66,27.73,27.78,29.22,27.29
2022-01-17 14:00:00,25.96,26.08,25.82,26.06,23.95,26.16,24.99,26.03,26.05,26.17,26.01,26.18,26.24,26.82,25.37
2022-01-17 15:00:00,25.05,25.23,24.93,25.14,22.84,25.25,24.1,25.14,25.16,25.28,25.12,25.26,25.32,25.91,24.52
2022-01-17 16:00:00,26.67,26.86,26.52,26.8,24.37,26.78,25.63,26.76,26.9,26.99,26.75,26.93,27.01,27.28,26.07
2022-01-17 17:00:00,44.1,44.21,43.94,44.26,41.74,44.16,43.14,44.18,44.2,44.5,44.16,44.37,44.46,44.51,43.6
2022-01-17 18:00:00,36.1,36.39,35.95,36.25,32.53,36.18,34.98,36.62,37.08,36.58,36.37,36.4,36.49,36.85,35.74
2022-01-17 19:00:00,29.45,30.5,29.02,29.92,24.82,29.42,26.26,29.55,30.02,30.59,29.53,30.27,30.53,29.73,27.06
2022-01-17 20:00:00,26.47,29.51,25.04,28.1,15.9,26.28,16.27,27.35,27.93,29.63,26.49,29.24,30.0,25.95,17.79
2022-01-17 21:00:00,23.84,28.06,21.74,26.0,9.01,24.47,8.41,25.91,24.99,28.15,25.48,27.48,27.98,24.4,9.69
2022-01-17 22:00:00,21.66,27.51,18.79,24.63,1.76,22.38,0.64,24.25,22.67,27.57,23.67,27.1,28.4,23.13,2.57
2022-01-17 23:00:00,19.36,23.46,16.66,22.37,1.74,19.51,1.3,20.85,20.22,23.51,20.33,24.39,26.99,18.65,3.01
2022-01-18 00:00:00,16.19,20.56,13.84,18.84,0.49,16.23,-0.29,18.71,18.28,20.57,18.3,20.61,21.0,13.82,1.2
2022-01-18 01:00:00,16.0,20.37,13.63,18.79,0.45,15.63,-0.29,18.37,17.91,20.38,17.94,20.53,20.98,13.34,1.25
2022-01-18 02:00:00,16.07,20.55,13.68,18.91,0.54,15.54,-0.28,18.58,18.0,20.56,18.14,20.67,21.13,13.3,1.27
2022-01-18 03:00:00,16.55,21.14,14.12,19.46,0.98,15.86,0.01,18.8,18.13,21.14,18.31,21.45,21.84,13.82,1.63
2022-01-18 04:00:00,19.2,23.67,16.44,22.51,1.87,18.4,1.18,20.53,20.04,23.67,20.02,24.52,25.34,16.97,3.05
2022-01-18 05:00:00,28.8,34.4,25.23,33.3,7.0,26.98,6.22,29.64,28.4,34.38,29.17,35.84,37.59,26.95,8.76
2022-01-18 06:00:00,39.04,42.92,36.52,41.9,22.82,39.13,22.12,41.72,41.34,43.44,41.33,43.38,44.71,37.37,23.19
2022-01-18 07:00:00,41.99,45.74,39.65,44.67,27.35,41.94,26.27,44.4,43.69,46.58,43.99,46.49,46.33,40.63,27.06
2022-01-18 08:00:00,28.72,32.57,26.19,31.45,12.42,29.41,11.32,32.48,30.97,33.03,32.1,33.34,34.56,28.31,11.97
2022-01-18 09:00:00,24.07,29.34,20.7,27.43,1.47,25.78,0.26,28.24,26.01,29.83,27.76,29.96,32.45,26.39,1.29
2022-01-18 10:00:00,20.36,25.02,17.49,23.25,1.23,21.7,0.01,24.4,22.41,25.39,24.16,25.39,26.8,22.42,0.72
2022-01-18 11:00:00,19.12,24.04,16.21,22.51,0.33,18.59,-0.29,22.46,19.88,24.81,21.26,24.51,26.77,18.6,0.66
2022-01-18 12:00:00,18.59,23.61,15.55,22.28,-0.69,17.35,-1.05,23.31,18.36,24.37,20.72,24.36,27.52,18.18,0.12
2022-01-18 13:00:00,17.58,22.34,14.75,20.83,-0.76,17.05,-1.22,25.68,17.33,22.66,21.04,23.26,26.47,18.51,0.01
2022-01-18 14:00:00,17.17,23.98,14.8,19.76,-0.74,16.69,-1.22,22.79,17.43,24.26,19.77,21.8,23.82,18.77,-0.26
2022-01-18 15:00:00,16.86,23.16,14.78,18.88,0.79,17.36,-0.28,20.06,17.96,23.38,19.3,20.97,21.7,20.25,0.34
2022-01-18 16:00:00,19.42,25.09,17.45,21.39,4.74,19.78,3.53,24.53,20.55,25.3,22.97,23.87,25.58,23.15,4.34
2022-01-18 17:00:00,38.07,40.05,37.5,39.17,35.3,35.99,34.79,38.23,37.3,40.81,37.97,40.03,40.4,38.42,34.93
2022-01-18 18:00:00,43.69,46.74,42.57,45.91,38.57,39.63,38.01,43.24,42.22,46.79,43.08,47.8,47.7,39.68,38.58
2022-01-18 19:00:00,28.22,30.43,27.12,30.2,23.01,25.28,22.58,29.36,28.0,30.95,28.8,32.08,31.97,24.05,23.26
2022-01-18 20:00:00,28.11,30.8,27.13,29.78,22.46,25.91,22.02,30.47,28.97,31.32,29.4,31.74,31.52,23.25,22.73
2022-01-18 21:00:00,23.81,27.9,22.51,26.23,16.87,19.75,16.15,25.78,22.88,28.46,24.79,28.69,28.4,18.16,16.91
2022-01-18 22:00:00,22.4,25.43,20.46,25.53,12.58,18.88,11.99,23.0,22.71,25.5,22.8,28.98,28.72,15.65,13.32
2022-01-18 23:00:00,21.13,22.83,19.96,23.41,16.33,17.59,16.0,21.85,22.05,22.88,21.8,25.33,25.14,13.65,16.76
2022-01-19 00:00:00,19.39,20.63,18.39,21.21,15.05,16.85,14.88,20.39,21.0,20.63,20.33,22.88,22.74,12.02,15.64
2022-01-19 01:00:00,16.46,17.71,15.41,18.34,11.88,13.9,11.68,17.52,18.15,17.67,17.44,20.07,19.94,8.92,12.46
2022-01-19 02:00:00,15.95,16.87,15.19,17.41,12.85,13.75,12.74,16.8,17.42,16.82,16.81,18.58,18.51,10.54,13.34
2022-01-19 03:00:00,17.22,18.27,16.47,18.7,14.07,14.94,13.96,18.02,18.55,18.3,18.02,19.9,19.82,12.06,14.56
2022-01-19 04:00:00,19.91,21.13,19.05,21.55,16.11,17.53,15.97,20.66,21.11,21.15,20.58,23.0,22.87,14.59,16.62
2022-01-19 05:00:00,27.22,28.5,26.36,28.8,23.27,25.0,23.13,27.81,28.14,28.56,27.75,30.23,30.14,22.91,23.78
2022-01-19 06:00:00,35.59,36.95,34.86,36.88,31.99,33.84,31.78,35.91,35.58,37.18,35.93,38.08,38.06,33.33,32.32
2022-01-19 07:00:00,38.23,39.67,37.44,39.47,34.01,36.81,33.8,38.27,37.61,39.84,38.21,40.82,40.82,37.12,34.37
2022-01-19 08:00:00,31.23,32.91,30.31,32.55,26.05,29.99,25.79,31.07,30.16,33.07,30.96,34.14,34.16,30.76,26.41
2022-01-19 09:00:00,21.99,25.51,21.28,22.33,15.51,23.3,13.98,25.65,23.28,25.65,25.47,24.19,23.55,25.41,14.19
2022-01-19 10:00:00,19.82,25.6,18.7,20.32,9.25,22.06,6.83,28.43,22.65,25.8,26.76,22.88,22.06,23.69,7.12
2022-01-19 11:00:00,19.42,25.53,18.22,20.0,8.18,21.66,5.68,28.23,22.75,25.77,26.66,22.66,21.69,24.73,5.94
2022-01-19 12:00:00,21.62,27.59,20.04,22.62,8.26,23.97,6.0,28.11,25.17,27.96,27.74,24.97,24.35,29.39,6.39
2022-01-19 13:00:00,20.39,27.01,19.02,21.0,7.42,23.2,4.87,27.17,24.72,27.25,26.65,23.82,22.82,30.14,5.2
2022-01-19 14:00:00,19.89,26.26,18.21,20.56,4.61,23.97,2.06,25.91,25.5,26.8,25.31,23.65,23.06,27.65,2.62
2022-01-19 15:00:00,19.03,25.37,17.33,19.36,2.73,24.59,0.01,24.59,29.3,25.73,24.07,22.42,21.96,28.04,0.4
2022-01-19 16:00:00,21.54,27.73,19.41,22.28,2.53,27.63,0.01,27.94,31.52,27.86,27.45,24.74,24.52,31.03,0.41
2022-01-19 17:00:00,33.51,39.8,30.32,35.76,8.99,38.64,7.09,39.95,39.89,40.03,39.48,37.96,38.02,41.86,7.87
2022-01-19 18:00:00,34.75,41.34,31.14,38.03,9.41,37.74,7.46,39.65,37.37,41.47,39.09,41.93,42.09,39.52,8.88
2022-01-19 19:00:00,27.25,34.25,23.77,30.28,2.61,30.55,0.01,33.15,29.7,34.47,32.59,34.18,34.42,31.89,1.23
2022-01-19 20:00:00,24.51,31.61,21.57,26.78,2.28,28.16,-0.28,30.71,27.31,31.87,30.07,31.07,30.29,29.38,0.79
2022-01-19 21:00:00,22.57,28.73,19.83,24.65,2.07,26.24,-0.28,28.3,25.82,28.81,27.61,28.31,27.81,27.64,0.61
2022-01-19 22:00:00,24.63,30.15,21.17,27.98,1.85,26.82,-0.28,28.64,26.31,30.07,28.0,31.66,32.35,28.08,0.99
2022-01-19 23:00:00,24.12,29.24,20.61,27.67,1.79,25.83,-0.28,27.6,24.96,29.14,27.11,31.03,32.12,26.81,0.97
2022-01-20 00:00:00,22.43,26.25,19.92,25.36,7.37,21.88,6.18,22.36,22.02,26.11,21.9,30.43,29.74,23.04,7.88
2022-01-20 01:00:00,24.79,27.38,22.85,27.21,14.09,23.7,13.12,24.19,23.3,27.23,23.85,30.84,30.49,24.37,14.32
2022-01-20 02:00:00,26.64,28.27,25.24,28.6,19.73,25.16,18.92,26.1,25.39,28.13,25.91,31.05,30.8,25.12,19.72
2022-01-20 03:00:00,27.17,28.32,25.94,29.23,21.85,24.95,21.25,27.12,27.49,28.25,26.93,31.3,31.01,22.57,22.03
2022-01-20 04:00:00,28.88,29.46,27.84,31.19,26.19,24.98,25.72,30.15,29.08,29.27,30.14,32.6,32.34,21.12,26.21
2022-01-20 05:00:00,35.06,35.0,33.75,38.41,33.78,28.29,33.31,37.42,37.37,34.18,35.92,39.61,39.45,21.32,33.69
2022-01-20 06:00:00,40.23,39.03,38.7,44.54,40.31,31.11,40.13,47.05,45.75,38.52,46.02,46.69,48.32,27.61,40.63
2022-01-20 07:00:00,43.72,42.77,41.74,49.52,45.0,30.71,43.96,45.27,43.92,42.8,47.0,55.09,56.68,27.95,44.3
2022-01-20 08:00:00,42.64,43.24,41.33,46.55,42.27,33.61,41.94,46.82,45.45,43.61,47.68,49.65,66.55,30.94,42.3
2022-01-20 09:00:00,39.72,40.78,38.48,42.88,37.02,33.4,36.86,41.22,46.73,41.32,42.17,44.42,45.21,31.18,37.59
2022-01-20 10:00:00,39.04,39.76,38.06,41.7,37.16,33.58,37.19,41.05,47.69,40.17,41.63,43.02,45.43,32.03,37.91
2022-01-20 11:00:00,40.27,40.78,39.52,42.53,39.26,35.37,39.39,42.22,48.62,41.6,43.03,43.64,43.17,36.37,40.0
2022-01-20 12:00:00,38.77,38.97,38.15,40.71,38.24,34.47,38.47,40.61,47.5,39.52,41.64,41.31,41.19,37.52,39.07
2022-01-20 13:00:00,38.98,38.62,38.62,40.6,39.97,34.92,40.33,40.89,48.57,39.17,42.22,41.93,40.66,40.07,40.88
2022-01-20 14:00:00,35.49,34.98,35.18,37.12,37.0,31.25,37.38,37.55,47.07,35.26,39.16,37.35,37.07,35.96,37.98
2022-01-20 15:00:00,38.04,37.48,37.71,39.72,39.67,33.59,40.05,40.43,49.27,37.76,42.11,39.82,39.65,38.29,40.61
2022-01-20 16:00:00,42.62,41.94,42.05,45.0,44.81,36.48,44.79,44.87,51.07,42.67,46.15,45.52,44.91,39.61,45.79
2022-01-20 17:00:00,76.53,75.44,75.73,80.0,79.9,67.17,80.32,81.8,88.07,77.44,84.67,81.5,79.86,68.29,82.9
2022-01-20 18:00:00,91.07,88.94,90.05,95.17,95.02,80.48,95.59,95.49,103.93,90.5,98.68,97.94,97.67,87.1,100.28
2022-01-20 19:00:00,87.02,85.23,86.5,89.75,90.17,80.04,90.97,93.03,102.23,86.73,95.87,94.75,109.75,83.51,95.27
2022-01-20 20:00:00,79.77,78.02,79.29,82.07,82.45,73.84,83.23,84.69,94.4,78.53,87.29,85.5,90.09,73.31,87.88
2022-01-20 21:00:00,55.09,54.76,54.88,56.58,56.69,51.06,57.11,57.65,64.5,54.97,59.72,58.15,76.26,53.64,60.17
2022-01-20 22:00:00,37.53,37.03,37.33,38.5,38.61,34.85,38.95,38.74,49.19,37.15,40.63,38.62,38.45,39.42,41.22
2022-01-20 23:00:00,36.81,36.45,36.69,37.51,37.64,34.84,37.96,37.54,49.72,36.53,39.55,37.89,37.47,39.73,39.87
2022-01-21 00:00:00,31.84,30.97,31.68,32.44,32.59,30.42,32.89,33.54,41.81,30.92,34.56,32.91,32.42,32.82,35.14
2022-01-21 01:00:00,31.66,30.55,31.49,32.23,32.44,30.42,32.74,33.01,41.95,30.54,33.91,33.13,32.23,32.62,34.86
2022-01-21 02:00:00,31.67,30.61,31.49,32.24,32.45,30.38,32.75,33.03,42.1,30.59,33.94,33.07,32.25,32.56,35.0
2022-01-21 03:00:00,31.77,30.81,31.61,32.34,32.54,30.42,32.85,33.11,42.26,30.82,34.14,33.04,32.34,32.66,35.36
2022-01-21 04:00:00,35.35,34.35,35.1,36.2,36.17,33.25,36.58,38.64,44.9,34.42,40.7,37.18,36.19,35.46,39.61
2022-01-21 05:00:00,42.9,40.92,42.33,44.73,44.15,38.8,44.86,47.73,54.06,41.76,50.97,46.69,52.75,43.28,49.68
2022-01-21 06:00:00,116.68,107.28,113.51,125.0,119.87,100.33,121.43,127.35,131.58,108.94,136.68,128.05,135.51,105.53,129.43
2022-01-21 07:00:00,138.97,126.22,134.87,149.67,143.01,118.88,144.69,156.36,148.12,128.32,166.17,153.73,181.1,124.73,151.66
2022-01-21 08:00:00,64.29,60.2,62.61,68.83,65.21,55.2,66.23,71.14,76.26,61.72,76.64,71.47,82.0,63.72,70.21
2022-01-21 09:00:00,44.34,43.8,43.75,45.88,44.0,41.08,44.26,48.64,50.3,44.62,51.08,47.38,46.78,46.28,45.0
2022-01-21 10:00:00,40.07,40.75,39.54,40.84,37.32,39.36,37.22,40.72,43.77,41.04,41.55,41.84,41.66,46.73,37.72
2022-01-21 11:00:00,34.02,34.47,33.64,34.5,31.78,33.86,31.74,33.78,38.4,34.78,34.48,35.29,35.16,41.78,32.08
2022-01-21 12:00:00,29.64,30.0,29.39,29.94,27.52,29.61,28.0,29.55,31.01,30.02,29.75,30.51,30.4,37.27,28.35
2022-01-21 13:00:00,28.06,28.47,27.77,28.39,25.71,28.02,26.21,27.98,28.85,28.48,28.09,29.04,28.9,34.97,26.6
2022-01-21 14:00:00,27.4,27.8,27.13,27.7,25.22,27.37,25.65,27.35,27.74,27.8,27.38,28.32,28.19,31.34,25.99
2022-01-21 15:00:00,27.61,28.03,27.33,27.94,25.53,27.59,25.77,27.54,27.85,28.01,27.56,28.57,28.44,31.55,26.06
2022-01-21 16:00:00,29.34,29.76,29.06,29.66,27.24,29.33,27.5,29.27,29.58,29.75,29.28,30.3,30.17,36.25,27.79
2022-01-21 17:00:00,40.36,40.91,40.03,40.72,37.59,40.41,38.1,40.1,42.84,40.9,40.52,41.49,41.35,43.18,38.55
2022-01-21 18:00:00,42.19,42.65,41.89,42.53,39.72,42.18,40.2,42.03,44.67,42.65,42.41,42.91,42.93,44.56,40.8
2022-01-21 19:00:00,35.53,36.21,35.0,36.03,31.42,35.91,31.87,35.15,41.32,36.3,36.09,36.69,36.75,39.92,32.61
2022-01-21 20:00:00,33.31,33.98,32.68,33.98,29.36,33.43,29.34,33.12,41.95,33.96,34.41,34.75,34.79,36.61,30.15
2022-01-21 21:00:00,32.12,32.49,31.59,32.67,28.9,32.47,28.72,32.04,40.51,32.43,33.31,33.34,33.36,36.17,29.46
2022-01-21 22:00:00,28.33,28.26,27.95,28.66,26.17,28.93,25.95,28.43,35.32,28.18,29.48,29.13,29.13,32.5,26.85
2022-01-21 23:00:00,27.82,27.91,27.5,28.12,25.98,28.16,25.8,27.87,31.79,27.86,28.46,28.52,28.52,30.16,26.47
2022-01-22 00:00:00,30.03,30.07,29.94,30.15,29.64,29.92,29.62,29.85,30.89,30.06,30.05,30.26,30.24,30.38,29.68
2022-01-22 01:00:00,31.02,31.02,30.94,31.13,30.67,30.93,30.66,30.82,33.21,31.02,31.25,31.24,31.22,31.86,30.74
2022-01-22 02:00:00,32.76,32.73,32.72,32.83,32.67,32.66,32.67,32.57,34.03,32.73,32.87,32.89,32.87,33.27,32.77
2022-01-22 03:00:00,35.12,35.05,35.1,35.17,35.17,35.0,35.19,34.91,37.35,35.05,35.38,35.2,35.18,35.96,35.38
2022-01-22 04:00:00,36.97,36.73,36.87,37.25,37.16,36.33,37.18,36.52,40.52,36.72,37.29,37.34,37.29,37.58,37.48
2022-01-22 05:00:00,43.55,41.96,42.92,44.99,43.77,41.03,43.72,41.8,45.81,41.9,42.9,45.41,45.3,41.37,44.72
2022-01-22 06:00:00,75.5,71.82,74.03,78.99,76.12,69.34,75.97,73.09,83.73,72.37,75.84,79.92,81.36,69.3,76.98
2022-01-22 07:00:00,89.59,85.11,88.02,93.45,91.09,82.47,91.06,89.27,100.51,85.27,92.69,94.32,94.06,81.17,92.3
2022-01-22 08:00:00,57.14,54.51,56.17,59.5,57.83,52.98,57.72,56.99,62.92,54.61,59.35,60.21,64.52,53.98,58.39
2022-01-22 09:00:00,40.54,39.66,40.19,41.32,40.58,39.26,40.53,39.74,44.34,39.76,40.66,41.58,41.52,41.12,40.61
2022-01-22 10:00:00,33.63,33.5,33.62,33.66,33.71,33.58,33.74,33.46,36.64,33.5,33.99,33.77,33.67,34.79,33.77
2022-01-22 11:00:00,26.4,26.37,26.39,26.43,26.44,26.32,26.44,26.27,27.01,26.37,26.41,26.48,26.43,26.66,26.44
2022-01-22 12:00:00,24.38,24.36,24.37,24.4,24.41,24.32,24.41,24.29,24.81,24.36,24.39,24.43,24.4,24.56,24.41
2022-01-22 13:00:00,23.75,23.73,23.74,23.77,23.77,23.7,23.77,23.67,23.78,23.73,23.7,23.78,23.77,23.77,23.76
2022-01-22 14:00:00,22.18,22.17,22.18,22.2,22.2,22.13,22.2,22.12,22.2,22.17,22.15,22.21,22.2,22.23,22.2
2022-01-22 15:00:00,22.16,22.15,22.15,22.18,22.18,22.1,22.18,22.11,22.17,22.15,22.13,22.19,22.18,22.23,22.18
2022-01-22 16:00:00,23.16,23.15,23.15,23.18,23.19,23.09,23.18,23.1,23.19,23.15,23.13,23.19,23.18,23.24,23.24
2022-01-22 17:00:00,35.72,35.7,35.71,35.78,35.78,35.57,35.78,35.58,35.85,35.72,35.66,35.8,35.78,35.8,35.95
2022-01-22 18:00:00,42.61,42.53,42.57,42.74,42.73,42.27,42.74,42.28,42.45,42.52,42.38,42.79,42.74,42.61,43.12
2022-01-22 19:00:00,38.64,38.55,38.61,38.78,38.77,38.31,38.78,38.16,38.77,38.55,38.38,38.84,38.77,38.8,39.28
2022-01-22 20:00:00,37.86,37.75,37.84,37.91,37.99,37.69,38.02,37.59,38.22,37.75,37.75,37.99,37.89,38.1,38.52
2022-01-22 21:00:00,34.9,34.84,34.88,34.97,34.97,34.72,34.99,34.63,35.03,34.84,34.75,35.0,34.96,35.07,35.38
2022-01-22 22:00:00,31.06,31.02,31.04,31.1,31.1,30.94,31.11,30.87,31.17,31.02,30.96,31.12,31.1,31.19,31.44
2022-01-22 23:00:00,31.25,31.22,31.24,31.28,31.28,31.15,31.29,31.11,31.2,31.24,31.16,31.3,31.28,31.28,31.54
2022-01-23 00:00:00,29.01,28.99,29.01,29.01,28.44,28.95,29.1,28.89,28.98,28.99,28.96,29.03,29.01,29.07,29.35
2022-01-23 01:00:00,26.78,26.76,26.78,26.79,26.24,26.72,26.87,26.66,26.75,26.8,26.73,26.8,26.78,26.84,27.09
2022-01-23 02:00:00,26.15,26.14,26.16,26.14,25.3,26.11,26.27,26.05,26.14,26.17,26.11,26.15,26.13,26.22,26.54
2022-01-23 03:00:00,26.0,25.99,26.02,25.99,24.95,25.97,26.15,25.9,26.0,26.02,25.97,26.0,25.97,26.11,26.54
2022-01-23 04:00:00,27.38,27.37,27.4,27.37,26.38,27.33,27.54,27.27,27.33,27.38,27.34,27.39,27.36,27.46,27.96
2022-01-23 05:00:00,30.82,30.89,30.83,30.9,29.84,30.46,31.06,30.73,30.74,30.91,30.86,30.92,30.89,30.5,31.46
2022-01-23 06:00:00,33.28,33.39,33.22,33.64,32.65,32.1,33.73,32.95,32.98,33.42,33.39,33.69,33.61,32.22,34.1
2022-01-23 07:00:00,43.52,43.63,43.46,43.89,42.91,42.34,43.99,43.2,43.11,43.66,43.59,43.95,43.87,42.41,44.35
2022-01-23 08:00:00,42.02,41.99,41.96,42.27,41.82,41.28,42.28,41.39,41.66,42.01,41.71,42.35,42.26,41.92,42.35
2022-01-23 09:00:00,37.75,37.72,37.72,37.88,37.84,37.4,37.87,37.4,37.88,37.74,37.57,37.92,37.88,38.04,37.86
2022-01-23 10:00:00,34.69,34.67,34.68,34.75,34.75,34.56,34.75,34.52,34.99,34.67,34.62,34.77,34.75,34.93,34.74
2022-01-23 11:00:00,26.8,26.73,26.79,26.84,26.85,26.73,26.85,26.7,27.17,26.75,26.82,26.86,26.84,27.15,26.85
2022-01-23 12:00:00,24.25,24.23,24.24,24.27,24.27,24.21,24.26,24.25,24.27,24.25,24.28,24.27,24.27,24.41,24.26
2022-01-23 13:00:00,23.19,23.18,23.19,23.2,23.2,23.17,23.2,23.18,23.19,23.19,23.19,23.2,23.2,23.24,23.19
2022-01-23 14:00:00,22.41,22.4,22.4,22.41,22.41,22.4,22.41,22.4,22.43,22.4,22.41,22.41,22.41,22.44,22.41
2022-01-23 15:00:00,22.23,22.23,22.23,22.23,22.23,22.22,22.23,22.22,22.24,22.24,22.23,22.23,22.23,22.31,22.23
2022-01-23 16:00:00,25.01,25.0,25.0,25.03,25.03,24.95,25.03,24.95,25.05,25.01,24.98,25.04,25.03,25.1,25.02
2022-01-23 17:00:00,38.92,38.89,38.91,38.98,38.98,38.79,38.97,38.75,38.97,38.9,38.84,39.0,38.98,39.08,38.98
2022-01-23 18:00:00,42.1,42.06,42.08,42.16,42.16,41.95,42.15,41.89,42.15,42.07,42.0,42.19,42.16,42.26,42.16
2022-01-23 19:00:00,35.93,35.87,35.91,36.0,36.0,35.79,35.99,35.75,36.11,35.89,35.88,36.02,36.0,36.23,36.04
2022-01-23 20:00:00,30.04,29.98,30.03,30.09,30.09,29.95,30.09,29.9,30.27,29.99,30.02,30.1,30.08,30.31,30.19
2022-01-23 21:00:00,28.39,28.34,28.38,28.44,28.45,28.27,28.44,28.25,28.44,28.37,28.35,28.46,28.44,28.62,28.52
2022-01-23 22:00:00,28.04,27.82,28.03,28.05,28.07,28.18,28.09,28.03,28.17,27.8,28.1,28.06,28.05,28.77,28.21
2022-01-23 23:00:00,27.94,27.88,27.94,27.95,27.96,27.95,27.97,27.9,27.94,27.88,27.93,27.96,27.95,28.1,28.05
2022-01-24 00:00:00,26.65,26.63,26.65,26.65,26.57,26.65,26.68,26.63,26.64,26.63,26.64,26.65,26.65,26.72,26.75
2022-01-24 01:00:00,24.28,24.27,24.28,24.28,24.16,24.26,24.3,24.25,24.26,24.27,24.26,24.28,24.28,24.32,24.33
2022-01-24 02:00:00,23.75,23.74,23.75,23.74,23.53,23.75,23.77,23.75,23.76,23.74,23.76,23.74,23.73,23.81,23.83
2022-01-24 03:00:00,24.34,24.34,24.35,24.34,24.11,24.34,24.39,24.33,24.34,24.34,24.34,24.34,24.33,24.39,24.48
2022-01-24 04:00:00,26.58,26.57,26.59,26.57,26.29,26.57,26.63,26.56,26.57,26.57,26.57,26.57,26.57,26.85,26.72
2022-01-24 05:00:00,30.44,30.43,30.45,30.44,30.03,30.41,30.54,30.34,30.43,30.44,30.4,30.44,30.43,30.59,30.67
2022-01-24 06:00:00,39.53,39.58,39.53,39.54,38.94,39.54,39.47,39.56,39.63,39.6,39.57,39.55,39.55,40.15,39.61
2022-01-24 07:00:00,40.35,40.44,40.33,40.41,39.83,40.16,40.31,40.21,40.43,40.55,40.31,40.43,40.42,40.77,40.44
2022-01-24 08:00:00,36.77,36.77,36.77,36.78,36.38,36.74,36.78,36.73,37.68,36.92,36.92,36.79,36.79,37.54,36.88
2022-01-24 09:00:00,31.82,32.02,31.82,31.83,31.68,31.76,31.67,31.73,32.38,32.05,31.88,31.85,31.86,32.82,31.69
2022-01-24 10:00:00,29.85,29.91,29.89,29.76,29.84,30.03,29.85,29.86,31.05,30.01,30.07,29.82,29.83,31.37,29.87
2022-01-24 11:00:00,28.75,28.7,28.76,28.71,28.73,28.9,28.73,28.7,29.27,28.86,28.82,28.73,28.73,30.04,28.74
2022-01-24 12:00:00,25.59,25.59,25.6,25.56,25.57,25.67,25.57,25.51,26.17,25.75,25.63,25.56,25.57,26.58,25.58
2022-01-24 13:00:00,24.77,24.78,24.78,24.75,24.75,24.83,24.75,24.69,25.19,24.92,24.79,24.75,24.75,25.63,24.75
2022-01-24 14:00:00,23.94,23.98,23.94,23.93,23.93,23.93,23.93,23.89,24.21,24.08,23.96,23.93,23.93,24.36,23.93
2022-01-24 15:00:00,23.97,24.09,23.99,23.95,23.95,23.98,23.95,23.89,24.3,24.13,23.97,23.95,23.95,24.59,23.94
2022-01-24 16:00:00,25.26,25.31,25.27,25.23,25.22,25.33,25.22,25.16,25.64,25.41,25.26,25.22,25.23,26.33,25.22
2022-01-24 17:00:00,49.01,48.9,49.0,49.03,48.93,49.02,49.05,49.05,49.07,49.05,49.07,49.03,49.02,49.29,49.12
2022-01-24 18:00:00,51.52,51.26,51.5,51.51,51.19,51.64,51.6,51.64,52.04,51.39,51.8,51.51,51.51,51.95,51.71
2022-01-24 19:00:00,49.96,49.92,49.95,50.0,49.68,49.85,50.04,50.02,50.06,50.09,50.18,50.0,50.0,50.11,50.18
2022-01-24 20:00:00,38.48,38.37,38.47,38.48,38.33,38.47,38.55,38.49,39.41,38.52,38.64,38.49,38.48,38.83,38.71
2022-01-24 21:00:00,32.02,31.91,32.01,32.02,32.04,32.04,32.07,32.02,33.19,32.0,32.21,32.02,32.02,32.44,32.24
2022-01-24 22:00:00,31.32,30.4,31.3,31.13,31.21,32.35,31.3,31.68,31.75,30.41,32.36,31.14,31.12,34.66,31.41
2022-01-24 23:00:00,31.69,31.58,31.7,31.66,31.61,31.81,31.74,31.75,31.74,31.57,31.85,31.66,31.65,32.12,31.88
2022-01-25 00:00:00,30.81,30.46,30.83,30.62,30.49,31.51,30.72,30.78,31.0,30.47,30.81,30.63,30.61,33.3,30.92
2022-01-25 01:00:00,27.07,26.97,27.09,26.98,26.9,27.36,27.03,27.06,27.12,27.0,27.06,26.99,26.99,28.08,27.12
2022-01-25 02:00:00,26.23,26.18,26.23,26.23,26.12,26.3,26.2,26.25,26.3,26.18,26.26,26.23,26.23,26.72,26.24
2022-01-25 03:00:00,25.89,25.89,25.88,25.91,25.73,25.9,25.82,25.92,25.93,25.89,25.91,25.92,25.92,26.35,25.88
2022-01-25 04:00:00,28.04,28.06,28.02,28.06,27.79,28.08,27.9,28.06,28.06,28.05,28.08,28.08,28.08,28.2,27.99
2022-01-25 05:00:00,31.9,31.87,31.9,31.88,31.5,31.99,31.88,31.92,32.75,31.87,32.07,31.89,31.89,32.43,32.01
2022-01-25 06:00:00,45.41,45.02,45.34,45.42,44.6,45.82,45.1,45.54,46.27,45.31,45.86,45.46,45.47,47.1,45.39
2022-01-25 07:00:00,43.79,43.8,43.63,44.01,42.56,43.7,43.0,44.02,44.26,44.17,44.83,44.1,44.15,45.13,43.36
2022-01-25 08:00:00,31.54,31.6,31.47,31.6,30.84,31.63,31.03,31.51,31.72,31.75,32.0,31.65,31.68,33.52,31.17
2022-01-25 09:00:00,29.44,29.66,29.27,29.62,28.38,29.47,28.32,29.29,29.43,29.92,29.62,29.73,29.79,31.71,28.44
2022-01-25 10:00:00,26.11,26.38,26.04,26.13,25.4,26.29,25.35,25.92,26.13,26.45,26.21,26.2,26.24,28.72,25.42
2022-01-25 11:00:00,25.76,26.07,25.68,25.8,24.97,25.92,24.92,25.55,25.6,26.12,25.8,25.88,25.92,28.28,24.99
2022-01-25 12:00:00,25.14,25.43,25.05,25.21,24.37,25.23,24.33,24.98,24.81,25.47,25.16,25.28,25.32,26.92,24.4
2022-01-25 13:00:00,24.37,24.7,24.28,24.5,23.69,24.28,23.64,24.27,24.05,24.75,24.43,24.57,24.61,25.42,23.72
2022-01-25 14:00:00,23.08,23.38,22.97,23.21,22.3,23.03,22.26,23.0,22.76,23.4,23.16,23.3,23.34,24.02,22.35
2022-01-25 15:00:00,22.63,22.92,22.51,22.76,21.83,22.56,21.8,22.56,22.28,22.93,22.73,22.86,22.89,23.55,21.88
2022-01-25 16:00:00,23.33,23.64,23.17,23.54,22.34,23.19,22.31,23.31,23.09,23.67,23.45,23.66,23.71,23.57,22.43
2022-01-25 17:00:00,33.3,33.63,33.15,33.55,32.01,33.01,32.39,33.39,33.07,33.74,33.81,33.66,33.71,33.73,32.6
2022-01-25 18:00:00,34.39,35.77,33.78,35.27,30.12,33.52,30.54,34.5,33.32,35.88,35.31,35.72,35.97,35.57,31.13
2022-01-25 19:00:00,25.22,27.02,24.32,26.38,18.72,24.54,19.33,25.52,24.51,27.18,26.23,27.02,27.42,26.69,20.2
2022-01-25 20:00:00,23.69,26.78,21.99,25.6,12.75,23.43,12.16,24.24,23.02,26.8,24.78,26.96,27.55,25.57,13.4
2022-01-25 21:00:00,20.87,25.04,18.93,22.62,6.95,22.27,5.8,23.15,21.46,25.03,23.46,24.6,24.85,24.02,7.09
2022-01-25 22:00:00,18.95,23.35,16.93,20.54,3.84,21.34,2.49,22.12,20.98,23.36,22.17,22.5,22.84,22.92,3.62
2022-01-25 23:00:00,18.85,23.08,16.35,21.31,2.23,20.01,1.01,20.37,19.09,22.99,20.21,23.4,24.2,20.78,2.71
2022-01-26 00:00:00,19.14,20.8,17.93,20.49,11.76,19.1,11.33,19.03,19.73,20.72,18.89,21.51,22.01,19.55,12.54
2022-01-26 01:00:00,19.94,21.23,18.98,21.03,14.18,19.85,13.82,19.79,20.07,21.17,19.64,21.82,22.22,20.13,14.82
2022-01-26 02:00:00,21.86,22.66,21.29,22.51,18.51,21.79,18.2,21.79,21.8,22.63,21.67,22.95,23.2,22.0,19.2
2022-01-26 03:00:00,24.97,25.44,24.67,25.34,23.36,24.87,23.04,24.95,24.78,25.45,24.93,25.56,25.68,25.28,24.01
2022-01-26 04:00:00,25.95,26.2,25.8,26.14,25.17,25.87,25.0,25.94,25.83,26.21,25.97,26.25,26.31,26.15,25.51
2022-01-26 05:00:00,34.94,35.15,34.8,35.1,34.29,34.88,34.08,34.98,35.09,35.15,35.11,35.19,35.24,35.12,34.72
2022-01-26 06:00:00,46.15,46.25,46.02,46.49,45.99,45.34,45.99,46.51,46.67,46.34,46.62,46.7,46.58,44.61,46.31
2022-01-26 07:00:00,54.91,52.6,54.29,56.57,56.56,51.61,56.38,54.06,55.03,52.99,54.31,57.65,58.33,48.79,56.78
2022-01-26 08:00:00,46.77,46.1,46.63,47.48,48.25,44.69,48.25,47.68,48.68,46.32,47.94,48.15,47.36,41.18,48.55
2022-01-26 09:00:00,41.35,40.89,41.23,42.03,42.73,39.24,42.75,42.22,43.15,40.95,42.45,42.61,41.92,35.48,42.95
2022-01-26 10:00:00,38.05,37.88,37.94,38.57,38.84,36.5,38.83,38.79,39.67,37.93,38.91,38.8,38.56,33.61,39.08
2022-01-26 11:00:00,34.45,34.36,34.36,34.9,35.1,33.08,35.1,35.07,35.81,34.39,35.14,35.04,34.87,30.71,35.3
2022-01-26 12:00:00,28.88,28.87,28.83,29.1,29.22,28.19,29.17,29.16,29.48,28.89,29.22,29.17,29.1,27.5,29.45
2022-01-26 13:00:00,27.36,27.37,27.32,27.57,27.64,26.73,27.61,27.64,27.88,27.39,27.7,27.59,27.57,26.1,27.98
2022-01-26 14:00:00,26.27,26.3,26.23,26.45,26.46,25.68,26.51,26.57,26.86,26.32,26.62,26.46,26.44,25.08,26.81
2022-01-26 15:00:00,25.76,25.78,25.73,25.97,26.0,25.1,26.07,26.11,26.57,25.81,26.15,25.98,25.96,24.43,26.57
2022-01-26 16:00:00,26.69,26.71,26.59,27.19,27.24,25.12,27.37,27.54,28.35,26.72,27.67,27.21,27.18,21.94,28.05
2022-01-26 17:00:00,46.53,46.13,46.38,47.47,47.7,43.55,48.37,47.98,49.96,46.17,48.47,47.75,47.34,36.81,49.76
2022-01-26 18:00:00,52.04,51.73,51.91,52.9,52.79,49.2,53.82,53.4,55.0,51.66,54.09,53.09,52.85,42.96,56.57
2022-01-26 19:00:00,44.68,44.64,44.61,45.19,44.63,42.8,45.81,45.47,46.33,44.65,46.21,45.33,45.19,39.88,48.52
2022-01-26 20:00:00,43.92,43.77,43.93,44.18,43.31,42.81,44.95,44.42,45.27,43.76,45.06,44.28,44.17,41.27,48.08
2022-01-26 21:00:00,40.31,40.29,40.37,40.4,39.3,39.63,41.15,40.67,41.11,40.27,41.11,40.5,40.39,39.03,44.6
2022-01-26 22:00:00,35.63,35.55,35.75,35.61,34.47,35.14,36.68,36.01,36.41,35.54,36.25,35.63,35.59,34.08,39.73
2022-01-26 23:00:00,33.9,33.82,34.01,33.83,32.64,33.63,34.76,34.2,34.49,33.81,34.39,33.84,33.8,33.05,37.44
2022-01-27 00:00:00,30.32,29.05,30.01,31.27,30.8,28.27,31.45,29.69,30.21,28.97,29.98,31.87,32.32,26.59,33.16
2022-01-27 01:00:00,29.08,28.66,29.07,29.44,29.81,27.79,30.39,29.37,29.83,28.55,29.64,29.95,29.27,26.04,32.0
2022-01-27 02:00:00,28.47,28.11,28.4,28.99,29.39,26.85,29.65,29.04,29.69,27.99,29.31,29.42,28.89,24.19,30.97
2022-01-27 03:00:00,28.63,28.24,28.54,29.21,29.71,26.79,29.93,29.37,30.24,28.13,29.7,29.65,29.11,23.41,31.35
2022-01-27 04:00:00,30.78,30.18,30.64,31.55,31.9,28.45,32.38,31.15,31.81,29.93,31.49,32.16,31.43,25.46,33.82
2022-01-27 05:00:00,40.53,39.54,40.31,41.76,42.58,36.75,43.2,40.64,41.13,38.96,41.18,42.79,41.34,33.07,45.04
2022-01-27 06:00:00,71.16,69.6,70.72,73.51,74.89,64.3,75.48,72.14,74.6,68.84,73.01,77.09,75.31,55.63,77.36
2022-01-27 07:00:00,68.69,66.39,68.13,71.65,73.65,60.23,74.24,69.28,71.36,65.33,70.02,77.22,74.72,51.58,76.03
2022-01-27 08:00:00,49.62,48.21,49.42,51.02,52.57,45.6,52.83,48.38,52.98,47.55,49.61,56.02,54.06,45.65,53.49
2022-01-27 09:00:00,46.43,45.76,46.28,47.29,48.08,44.03,48.04,45.44,47.96,45.35,46.03,50.39,49.39,44.5,48.26
2022-01-27 10:00:00,38.08,37.73,38.1,38.29,38.96,37.42,38.96,37.63,41.39,37.65,38.32,40.3,39.41,38.65,39.05
2022-01-27 11:00:00,32.31,32.33,32.37,32.39,32.79,31.98,32.79,32.06,33.84,32.41,32.42,34.4,33.83,32.57,32.86
2022-01-27 12:00:00,31.08,31.07,31.11,31.12,31.3,30.94,31.3,31.01,31.33,31.11,31.21,32.34,32.06,31.16,31.29
2022-01-27 13:00:00,28.96,28.92,28.99,29.0,29.21,28.85,29.19,28.89,29.19,28.96,28.98,30.1,29.83,28.93,29.23
2022-01-27 14:00:00,26.97,26.92,26.99,27.0,27.18,26.86,27.19,26.89,27.24,26.94,26.97,28.0,27.76,26.92,27.23
2022-01-27 15:00:00,27.94,27.87,27.96,28.0,28.2,27.78,28.21,27.87,28.17,27.89,27.94,29.1,28.82,27.75,28.25
2022-01-27 16:00:00,29.22,29.14,29.25,29.24,29.48,29.13,29.49,29.14,29.44,29.16,29.24,30.01,29.68,29.26,29.55
2022-01-27 17:00:00,48.01,47.99,48.09,48.0,46.97,47.77,48.61,47.99,48.48,48.05,48.13,49.01,48.61,47.9,49.94
2022-01-27 18:00:00,40.01,40.04,40.04,40.0,38.1,39.98,40.15,40.06,41.28,40.06,40.28,41.25,41.09,40.4,41.99
2022-01-27 19:00:00,31.71,32.31,31.44,32.04,27.52,31.7,29.69,31.73,32.98,32.32,31.88,33.47,33.7,32.17,30.91
2022-01-27 20:00:00,28.35,29.21,27.85,29.0,23.94,28.27,24.93,28.3,29.15,29.21,28.34,31.0,31.3,28.89,25.93
2022-01-27 21:00:00,25.68,27.36,24.54,27.02,18.01,25.56,18.23,25.51,26.43,27.28,25.43,28.94,29.55,26.15,19.34
2022-01-27 22:00:00,27.04,29.68,25.25,29.13,15.98,26.71,15.48,26.74,27.76,29.58,26.56,30.63,31.47,27.77,16.95
2022-01-27 23:00:00,22.43,24.84,20.8,24.35,12.55,22.01,11.97,22.16,21.97,24.76,21.78,25.86,26.57,22.71,13.26
2022-01-28 00:00:00,22.5,25.34,20.64,24.71,11.25,21.89,10.61,22.15,21.62,25.26,21.78,26.18,26.91,23.13,12.1
2022-01-28 01:00:00,21.26,24.27,19.26,23.62,9.16,20.68,8.47,20.9,20.5,24.17,20.5,25.18,25.98,21.86,10.07
2022-01-28 02:00:00,22.54,24.19,21.51,23.82,16.38,22.02,16.01,22.34,21.96,24.17,22.15,24.6,25.03,23.17,16.83
2022-01-28 03:00:00,23.37,24.25,22.84,24.3,20.76,22.13,20.65,23.55,23.47,24.25,23.5,24.66,24.85,21.98,21.11
2022-01-28 04:00:00,26.6,26.58,25.88,28.46,25.57,22.95,25.51,26.32,26.49,26.68,26.48,28.77,30.16,22.87,25.8
2022-01-28 05:00:00,29.57,29.25,28.69,32.12,29.33,24.1,29.3,29.43,29.95,28.77,29.71,32.44,33.51,19.07,29.61
2022-01-28 06:00:00,44.17,44.73,43.29,47.32,44.96,36.22,44.89,44.74,45.17,43.93,45.11,49.13,48.25,28.89,45.28
2022-01-28 07:00:00,61.27,58.82,59.6,66.59,64.3,49.08,63.89,59.79,62.93,57.88,60.57,69.79,70.54,39.22,63.84
2022-01-28 08:00:00,53.97,53.05,53.25,57.5,58.44,44.11,58.35,54.72,57.52,52.13,55.37,60.01,58.11,35.0,58.0
2022-01-28 09:00:00,34.98,34.69,34.73,36.95,38.39,28.73,38.53,36.66,39.39,34.59,37.08,38.13,36.48,24.15,38.43
2022-01-28 10:00:00,32.79,35.77,32.49,35.22,34.82,24.21,34.75,33.34,32.69,37.03,34.16,35.47,35.11,33.98,34.7
2022-01-28 11:00:00,27.86,29.92,27.62,29.65,29.21,21.66,29.24,28.45,28.05,30.63,29.03,29.7,29.6,27.57,29.26
2022-01-28 12:00:00,26.22,27.72,26.02,27.56,27.09,21.69,27.12,26.76,26.83,28.19,27.21,27.52,27.55,25.82,27.17
2022-01-28 13:00:00,24.65,25.51,24.47,25.79,25.63,20.89,25.68,25.44,25.32,25.68,25.72,25.76,25.77,19.94,25.71
2022-01-28 14:00:00,23.54,23.88,23.46,24.05,23.98,21.91,24.0,23.87,23.99,23.95,24.0,24.03,24.04,23.34,24.0
2022-01-28 15:00:00,23.31,23.82,23.26,23.64,23.49,22.1,23.47,23.41,23.19,24.0,23.53,23.64,23.66,24.05,23.46
2022-01-28 16:00:00,25.02,25.44,24.96,25.34,25.19,23.92,25.15,25.02,24.69,25.64,25.18,25.34,25.35,25.82,25.13
2022-01-28 17:00:00,45.11,45.06,45.12,45.16,45.06,44.89,45.36,45.12,46.36,45.07,45.36,45.22,45.12,45.28,45.73
2022-01-28 18:00:00,81.07,81.04,81.08,81.12,81.2,80.85,81.3,81.14,81.72,81.06,81.28,81.13,81.09,81.03,82.5
2022-01-28 19:00:00,48.61,48.56,48.6,48.74,48.88,48.12,48.99,48.79,49.08,48.56,48.92,48.77,48.69,47.76,50.31
2022-01-28 20:00:00,47.39,47.37,47.39,47.49,47.54,47.01,47.68,47.55,47.64,47.37,47.65,47.5,47.46,46.73,49.0
2022-01-28 21:00:00,45.18,45.2,45.17,45.25,45.21,44.9,45.34,45.32,45.51,45.23,45.4,45.19,45.24,44.71,46.62
2022-01-28 22:00:00,40.65,40.67,40.67,40.62,40.02,40.6,40.78,40.71,41.06,40.67,40.8,40.58,40.61,40.79,42.15
2022-01-28 23:00:00,32.85,32.89,32.86,32.84,32.56,32.78,32.94,32.91,33.06,32.91,33.02,32.81,32.84,32.96,34.42
2022-01-29 00:00:00,41.6,41.81,41.62,41.74,40.8,40.89,42.02,41.91,41.97,41.81,41.93,41.74,41.73,41.46,43.02
2022-01-29 01:00:00,37.12,37.27,37.17,37.16,36.14,36.73,37.52,37.38,37.65,37.29,37.41,37.15,37.14,37.42,38.63
2022-01-29 02:00:00,34.82,34.93,34.84,34.84,33.59,34.58,35.0,35.02,35.12,34.93,35.04,34.84,34.83,35.23,36.01
2022-01-29 03:00:00,32.81,32.96,32.77,32.84,30.87,32.8,32.47,32.98,33.09,32.96,32.99,32.89,32.89,34.18,33.69
2022-01-29 04:00:00,35.66,35.93,35.58,35.78,33.14,35.51,35.1,35.91,36.12,35.92,35.91,35.86,35.87,37.08,36.5
2022-01-29 05:00:00,44.69,45.5,44.24,45.22,39.79,44.48,41.77,44.9,45.45,45.47,44.82,45.61,45.73,46.26,43.42
2022-01-29 06:00:00,58.03,59.46,57.14,58.98,50.27,58.06,52.05,58.1,58.88,59.39,57.93,59.69,59.99,58.84,54.05
2022-01-29 07:00:00,65.59,67.17,64.59,66.71,57.67,65.46,59.01,65.69,66.49,67.09,65.48,67.38,67.82,69.36,60.71
2022-01-29 08:00:00,55.52,56.48,55.0,55.99,50.84,55.85,51.67,55.42,56.27,56.47,55.33,56.44,56.62,60.5,52.38
2022-01-29 09:00:00,43.55,44.37,43.1,43.88,40.19,44.15,40.0,43.21,44.31,44.36,43.13,44.22,44.43,47.16,40.37
2022-01-29 10:00:00,36.9,37.21,36.84,36.8,35.91,37.51,35.84,36.47,36.97,37.32,36.5,36.89,36.93,41.32,35.91
2022-01-29 11:00:00,33.1,33.33,33.03,33.07,32.26,33.5,32.21,32.8,33.18,33.35,32.81,33.13,33.19,36.02,32.27
2022-01-29 12:00:00,32.07,32.28,32.01,32.05,31.37,32.38,31.32,31.82,31.92,32.31,31.82,32.1,32.15,34.51,31.38
2022-01-29 13:00:00,29.05,29.23,28.99,29.03,28.32,29.41,28.28,28.82,28.79,29.25,28.81,29.08,29.13,31.47,28.34
2022-01-29 14:00:00,27.31,27.48,27.26,27.27,26.66,27.66,26.62,27.06,27.19,27.5,27.06,27.31,27.36,29.78,26.67
2022-01-29 15:00:00,27.14,27.32,27.1,27.1,26.54,27.46,26.5,26.91,26.88,27.35,26.9,27.14,27.18,29.44,26.55
2022-01-29 16:00:00,30.71,30.74,30.72,30.67,30.61,30.86,30.6,30.61,30.75,30.75,30.62,30.67,30.67,31.81,30.6
2022-01-29 17:00:00,65.87,65.77,65.89,65.76,65.76,66.26,65.77,65.76,65.77,65.77,65.75,65.76,65.76,68.27,65.79
2022-01-29 18:00:00,72.38,72.38,72.37,72.4,72.35,72.36,72.36,72.41,72.37,72.38,72.39,72.4,72.4,72.45,72.39
2022-01-29 19:00:00,43.21,43.22,43.2,43.22,43.14,43.2,43.16,43.19,43.21,43.22,43.21,43.23,43.23,43.26,43.21
2022-01-29 20:00:00,33.58,33.91,33.35,33.83,32.2,33.54,32.14,33.57,33.72,33.89,33.53,33.95,34.06,33.71,32.34
2022-01-29 21:00:00,31.89,33.47,30.86,33.03,25.4,31.86,25.07,31.87,32.62,33.42,31.64,33.67,34.14,32.21,25.86
2022-01-29 22:00:00,29.94,31.93,28.65,31.27,21.6,30.28,21.14,29.77,30.91,31.84,29.46,32.12,32.68,32.82,22.13
2022-01-29 23:00:00,25.36,28.05,23.64,27.2,14.34,25.59,13.73,25.2,26.19,27.93,24.78,28.47,29.09,27.05,15.06
2022-01-30 00:00:00,25.62,28.26,23.79,27.56,13.99,26.0,13.35,25.5,26.89,28.11,25.02,29.26,29.55,27.37,14.77
2022-01-30 01:00:00,24.76,27.52,22.93,26.74,13.14,24.97,12.5,24.62,25.78,27.38,24.16,28.49,28.73,25.84,13.93
2022-01-30 02:00:00,26.49,28.84,24.9,28.19,16.37,26.75,15.82,26.36,27.39,28.72,26.01,29.72,29.95,27.73,17.07
2022-01-30 03:00:00,30.45,31.49,29.65,31.26,25.25,30.82,25.01,30.4,30.89,31.41,30.23,32.01,32.14,31.73,25.66
2022-01-30 04:00:00,33.28,33.88,32.88,33.67,30.64,33.46,30.53,33.19,33.59,33.85,33.11,34.04,34.11,34.16,30.87
2022-01-30 05:00:00,35.93,36.31,35.67,36.18,34.24,36.01,34.16,35.88,36.09,36.3,35.83,36.42,36.47,36.64,34.37
2022-01-30 06:00:00,50.31,50.58,50.17,50.43,49.22,50.48,49.18,50.18,50.46,50.58,50.15,50.56,50.6,51.75,49.33
2022-01-30 07:00:00,67.51,67.5,67.41,67.47,66.68,68.02,66.66,67.39,67.4,67.49,67.39,67.61,67.6,70.16,66.84
2022-01-30 08:00:00,63.69,63.81,63.66,63.66,63.37,63.84,63.34,63.51,63.36,63.85,63.53,63.7,63.7,65.52,63.36
2022-01-30 09:00:00,45.07,45.1,45.08,45.0,44.98,45.24,44.97,44.94,44.93,45.12,44.93,45.02,45.0,46.58,44.96
2022-01-30 10:00:00,40.77,40.73,40.78,40.72,40.72,40.94,40.72,40.73,40.74,40.75,40.71,40.72,40.72,41.79,40.72
2022-01-30 11:00:00,33.52,33.52,33.52,33.52,33.52,33.52,33.52,33.52,33.52,33.52,33.52,33.52,33.52,33.53,33.52
2022-01-30 12:00:00,33.61,33.61,33.61,33.61,33.61,33.61,33.61,33.61,33.61,33.61,33.61,33.61,33.61,33.62,33.61
2022-01-30 13:00:00,29.59,29.59,29.59,29.59,29.59,29.59,29.59,29.59,29.6,29.59,29.59,29.59,29.59,29.59,29.59
2022-01-30 14:00:00,27.3,27.3,27.3,27.3,27.3,27.3,27.3,27.3,27.3,27.3,27.3,27.3,27.3,27.29,27.3
2022-01-30 15:00:00,27.29,27.28,27.28,27.31,27.32,27.21,27.32,27.34,27.33,27.28,27.32,27.31,27.31,27.21,27.32
2022-01-30 16:00:00,29.47,29.48,29.45,29.56,29.55,29.23,29.55,29.48,29.47,29.45,29.47,29.56,29.56,29.07,29.55
2022-01-30 17:00:00,53.16,53.24,53.12,53.4,53.37,52.45,53.41,53.23,53.31,53.21,53.24,53.38,53.38,51.81,53.45
2022-01-30 18:00:00,55.81,55.75,55.66,56.5,56.38,53.95,56.44,55.89,55.97,55.53,55.82,56.46,56.47,52.1,56.49
2022-01-30 19:00:00,41.19,41.13,41.01,41.99,41.83,39.02,41.88,41.13,41.03,40.81,41.06,41.95,41.97,38.08,41.99
2022-01-30 20:00:00,38.13,38.12,37.98,38.87,38.73,36.09,38.83,38.09,38.11,37.87,38.08,38.82,38.85,35.03,39.05
2022-01-30 21:00:00,32.48,32.49,32.38,33.11,33.05,30.72,33.19,32.79,33.1,32.34,32.82,33.06,33.06,29.03,33.41
2022-01-30 22:00:00,31.71,31.74,31.65,32.17,32.19,30.38,32.33,32.22,32.66,31.72,32.27,32.13,32.13,28.65,32.49
2022-01-30 23:00:00,28.1,28.09,28.02,28.69,28.71,26.4,28.9,28.76,29.36,28.05,28.84,28.64,28.63,23.94,29.1
2022-01-31 00:00:00,25.76,25.77,25.67,26.46,26.5,23.71,26.73,26.55,27.28,25.72,26.66,26.4,26.4,20.71,26.95
2022-01-31 01:00:00,21.26,21.27,21.17,22.0,22.04,19.11,22.29,22.09,22.87,21.21,22.21,21.94,21.93,16.06,22.55
2022-01-31 02:00:00,22.25,22.18,22.17,22.95,23.0,20.28,23.25,23.08,23.92,22.12,23.2,22.89,22.88,17.13,23.51
2022-01-31 03:00:00,27.05,27.03,26.97,27.68,27.72,25.2,27.96,27.77,28.48,26.98,27.87,27.63,27.62,22.48,28.27
2022-01-31 04:00:00,30.6,30.57,30.53,31.19,31.22,28.88,31.49,31.28,31.96,30.52,31.37,31.14,31.13,26.28,31.85
2022-01-31 05:00:00,41.1,40.7,40.98,41.56,41.39,40.01,41.65,41.02,41.23,40.63,41.06,41.55,42.3,39.13,42.03
2022-01-31 06:00:00,56.79,56.91,56.79,56.86,56.82,56.43,56.96,56.92,56.89,56.91,56.92,56.91,56.91,56.59,57.2
2022-01-31 07:00:00,71.12,71.49,71.22,71.03,71.32,70.87,71.51,71.49,71.46,71.48,71.48,71.45,71.5,70.5,71.73
2022-01-31 08:00:00,59.63,59.97,59.74,59.54,60.05,59.4,60.05,59.96,59.8,59.88,59.97,60.07,60.16,59.05,60.08
2022-01-31 09:00:00,43.52,43.75,43.62,43.38,43.75,43.57,43.77,43.84,44.16,43.74,43.74,43.73,43.79,43.82,43.88
2022-01-31 10:00:00,39.75,40.02,39.87,39.56,39.98,39.91,40.0,40.07,40.56,40.01,40.01,39.97,40.04,40.14,40.13
2022-01-31 11:00:00,36.17,36.41,36.27,36.02,36.39,36.26,36.39,36.44,37.07,36.43,36.43,36.37,36.43,36.64,36.41
2022-01-31 12:00:00,34.23,34.5,34.34,34.09,34.48,34.26,34.49,34.56,35.09,34.5,34.55,34.47,34.53,34.9,34.51
2022-01-31 13:00:00,30.81,31.07,30.89,30.74,31.07,30.67,31.09,31.15,31.7,31.07,31.15,31.06,31.11,31.74,31.11
2022-01-31 14:00:00,29.19,29.54,29.24,29.15,29.19,29.08,29.19,29.56,29.87,29.54,29.54,29.52,29.54,30.19,29.26
2022-01-31 15:00:00,29.09,29.47,29.16,28.99,29.1,29.06,29.11,29.46,29.79,29.46,29.45,29.41,29.44,30.08,29.16
2022-01-31 16:00:00,30.41,30.68,30.49,30.29,30.5,30.47,30.5,30.68,31.33,30.68,30.69,30.61,30.6,31.08,30.53
2022-01-31 17:00:00,81.75,82.05,81.87,81.55,80.9,81.89,82.0,82.08,82.11,82.06,82.08,81.96,82.03,82.49,82.15
2022-01-31 18:00:00,72.11,72.24,72.16,72.02,68.26,72.24,72.14,72.25,72.27,72.24,72.26,72.13,72.13,72.32,72.57
2022-01-31 19:00:00,38.51,38.76,38.44,38.55,17.83,38.61,37.83,38.64,38.66,38.8,38.63,38.66,38.71,38.81,38.4
2022-01-31 20:00:00,36.27,37.01,36.04,36.38,26.79,36.64,34.14,36.62,36.86,37.01,36.58,36.71,36.82,37.04,36.35
2022-01-31 21:00:00,31.08,32.93,30.14,31.88,18.81,31.94,23.82,31.07,31.77,32.87,30.81,32.78,33.18,34.36,25.99
2022-01-31 22:00:00,26.27,28.83,24.41,27.95,10.39,27.86,12.98,26.37,27.36,28.66,25.88,29.61,30.3,31.98,15.26
2022-01-31 23:00:00,22.82,26.45,20.61,25.05,5.83,23.67,7.29,22.68,22.51,26.29,22.07,27.21,27.87,26.79,9.51
2022-02-01 00:00:00,15.22,18.58,13.15,17.33,-0.4,15.93,0.75,15.13,16.22,18.43,14.6,19.38,19.91,17.84,2.86
2022-02-01 01:00:00,14.17,16.86,12.38,15.96,0.54,15.01,1.69,14.21,15.44,16.71,13.76,17.72,18.2,16.74,3.62
2022-02-01 02:00:00,15.47,17.68,14.02,16.82,4.06,16.57,5.02,15.26,16.83,17.56,14.89,18.22,18.65,18.57,6.69
2022-02-01 03:00:00,19.12,20.91,18.01,20.17,10.16,19.84,11.12,18.97,20.26,20.83,18.68,21.28,21.58,22.04,12.44
2022-02-01 04:00:00,22.02,23.54,21.15,22.81,14.43,22.7,15.55,21.77,23.2,23.48,21.55,23.72,23.93,25.46,16.96
2022-02-01 05:00:00,27.88,29.18,27.17,28.49,21.18,28.52,22.48,27.67,28.93,29.14,27.66,29.17,29.41,31.38,23.78
2022-02-01 06:00:00,38.15,39.33,37.53,38.61,32.06,38.99,33.17,37.9,39.25,39.41,37.97,39.17,39.4,42.67,35.06
2022-02-01 07:00:00,39.07,40.32,38.33,39.75,32.85,39.61,33.64,39.02,39.47,40.36,38.91,40.35,40.64,43.24,35.58
2022-02-01 08:00:00,36.71,38.02,36.06,37.29,30.73,37.19,31.72,36.51,37.46,38.06,36.45,37.86,38.12,40.46,32.69
2022-02-01 09:00:00,33.14,34.63,32.36,33.89,27.21,33.59,27.34,33.0,34.09,34.64,32.87,34.55,34.87,36.05,27.93
2022-02-01 10:00:00,32.66,33.83,32.07,33.19,28.06,33.17,28.09,32.42,33.65,33.83,32.3,33.7,33.97,35.69,28.55
2022-02-01 11:00:00,33.77,34.48,33.42,34.08,30.72,34.05,31.07,33.68,34.31,34.52,33.64,34.38,34.54,35.8,31.41
2022-02-01 12:00:00,33.61,34.13,33.36,33.79,31.54,33.97,31.56,33.42,33.5,34.17,33.31,34.02,34.13,35.95,31.76
2022-02-01 13:00:00,32.2,32.52,32.07,32.27,31.05,32.51,30.99,32.02,32.03,32.54,31.94,32.4,32.46,34.39,31.23
2022-02-01 14:00:00,32.63,32.86,32.54,32.67,31.8,32.86,31.76,32.49,32.44,32.88,32.43,32.77,32.81,34.42,31.97
2022-02-01 15:00:00,33.69,33.74,33.66,33.7,33.45,33.79,33.43,33.64,33.62,33.78,33.63,33.72,33.74,34.45,33.45
2022-02-01 16:00:00,33.09,33.09,33.07,33.12,32.98,33.08,32.97,33.17,33.06,33.1,33.07,33.14,33.15,33.48,32.99
2022-02-01 17:00:00,71.67,71.65,71.67,71.7,71.58,71.57,71.75,71.81,71.67,71.72,71.72,71.71,71.7,71.75,72.03
2022-02-01 18:00:00,58.41,58.35,58.39,58.52,58.33,58.12,58.57,58.43,58.24,58.35,58.32,58.51,58.52,58.16,59.05
2022-02-01 19:00:00,42.38,42.36,42.29,42.69,42.38,41.64,42.49,42.46,42.4,42.36,42.41,42.7,42.72,41.0,42.97
2022-02-01 20:00:00,34.86,34.96,34.72,35.2,34.43,34.19,34.54,35.11,35.15,34.96,35.04,35.28,35.32,33.48,35.05
2022-02-01 21:00:00,33.19,33.51,32.99,33.56,32.16,32.7,32.17,33.4,33.58,33.53,33.42,33.74,33.81,32.11,32.67
2022-02-01 22:00:00,32.28,29.87,31.25,34.27,31.42,29.8,31.08,30.41,30.61,29.88,30.46,34.68,39.76,29.18,31.48
2022-02-01 23:00:00,21.36,21.53,21.21,21.74,20.9,20.66,20.92,21.66,21.98,21.5,21.68,21.84,21.87,19.53,21.42
2022-02-02 00:00:00,14.95,17.76,13.14,17.34,4.29,13.59,3.86,15.4,15.66,17.57,14.96,17.85,19.22,11.17,5.26
2022-02-02 01:00:00,11.58,14.18,10.06,13.69,2.67,10.0,2.37,12.28,12.65,14.0,11.92,14.12,14.97,7.28,3.65
2022-02-02 02:00:00,9.25,11.77,7.81,11.3,0.94,7.52,0.65,9.97,10.3,11.61,9.63,11.69,12.49,4.88,1.92
2022-02-02 03:00:00,11.73,14.31,10.27,13.79,3.33,10.0,2.99,12.44,12.72,14.15,12.09,14.19,15.0,7.49,4.31
2022-02-02 04:00:00,14.97,17.6,13.43,17.1,6.01,13.36,5.65,15.54,15.72,17.44,15.16,17.53,18.56,11.14,7.01
2022-02-02 05:00:00,22.59,23.22,20.35,26.17,13.38,18.88,13.13,21.65,21.81,23.09,21.31,26.65,31.95,16.31,14.5
2022-02-02 06:00:00,31.92,34.52,30.54,33.8,23.79,30.49,23.36,32.46,31.94,34.48,32.36,34.1,34.94,30.48,25.77
2022-02-02 07:00:00,33.28,35.91,31.84,35.15,25.32,32.22,24.06,33.9,33.41,35.89,33.81,35.43,36.22,32.4,29.16
2022-02-02 08:00:00,31.27,33.8,29.81,33.29,23.73,29.61,22.55,32.16,31.05,33.81,31.78,33.57,34.36,31.13,28.12
2022-02-02 09:00:00,25.7,28.48,24.15,28.0,18.01,23.55,16.56,26.69,26.48,28.41,26.29,28.27,29.11,21.9,20.75
2022-02-02 10:00:00,25.92,28.16,24.58,28.63,21.68,21.33,20.21,27.97,27.22,28.12,27.33,28.81,29.41,18.8,24.21
2022-02-02 11:00:00,26.68,28.01,25.77,29.0,25.31,21.85,24.2,28.67,28.21,27.97,28.18,29.22,29.42,18.54,27.87
2022-02-02 12:00:00,28.13,29.19,27.29,30.53,28.22,22.76,26.67,30.62,30.25,29.12,29.91,30.78,30.78,17.95,31.67
2022-02-02 13:00:00,31.13,30.88,30.14,34.01,32.5,24.82,30.86,35.98,33.83,30.72,33.24,34.41,34.17,23.01,36.43
2022-02-02 14:00:00,32.21,31.01,31.17,35.15,34.38,25.96,32.56,38.39,35.9,30.67,34.17,35.66,35.3,23.19,38.46
2022-02-02 15:00:00,32.77,33.88,32.2,34.49,34.01,28.51,31.89,33.78,33.97,33.9,33.96,35.1,34.72,24.67,37.9
2022-02-02 16:00:00,32.51,32.76,31.67,34.69,34.68,27.78,31.45,35.03,37.82,32.65,35.49,35.67,34.89,23.36,40.56
2022-02-02 17:00:00,42.42,43.1,41.82,44.08,43.22,38.49,41.62,43.78,45.28,43.08,43.86,45.54,46.58,33.38,51.62
2022-02-02 18:00:00,55.13,55.3,54.48,56.64,52.96,52.2,53.78,58.27,56.93,55.28,57.47,58.48,61.52,47.41,60.88
2022-02-02 19:00:00,50.18,50.83,49.68,51.33,47.2,47.91,48.65,52.62,52.35,50.82,52.13,54.05,56.65,44.19,56.18
2022-02-02 20:00:00,49.07,50.1,48.53,50.15,45.25,47.18,46.71,51.09,50.25,50.23,50.82,52.8,56.3,45.98,54.7
2022-02-02 21:00:00,47.59,48.68,46.99,48.58,43.43,46.33,44.39,49.46,49.04,48.7,49.08,51.19,54.6,44.88,52.38
2022-02-02 22:00:00,40.33,38.1,39.18,42.61,38.0,37.13,38.89,40.61,40.22,38.05,39.68,45.49,48.16,36.54,46.87
2022-02-02 23:00:00,37.86,35.82,36.99,39.65,36.16,35.23,37.26,38.45,37.82,35.8,37.5,42.35,42.0,34.92,44.36
2022-02-03 00:00:00,36.49,32.54,35.14,39.47,36.19,31.89,36.66,33.99,36.45,32.49,33.99,41.0,43.49,30.18,42.76
2022-02-03 01:00:00,35.51,32.5,34.54,37.81,35.49,31.64,36.21,34.74,39.66,32.41,34.8,39.64,40.49,28.58,42.39
2022-02-03 02:00:00,31.97,32.11,31.83,32.64,31.46,30.14,32.43,34.3,35.59,32.05,34.06,34.74,33.07,26.75,38.68
2022-02-03 03:00:00,32.5,32.22,32.3,33.5,32.6,29.94,33.54,35.58,38.15,32.1,35.84,36.04,35.2,24.34,40.04
2022-02-03 04:00:00,34.28,33.28,33.87,35.91,35.09,30.41,35.88,39.2,41.69,33.07,38.65,38.41,39.91,23.85,43.41
2022-02-03 05:00:00,37.79,36.3,37.23,40.04,39.37,32.32,40.27,44.58,49.22,36.04,43.47,43.07,50.54,22.82,48.33
2022-02-03 06:00:00,63.17,62.14,62.44,66.32,65.51,54.72,66.58,77.68,68.17,61.92,78.4,70.33,86.32,43.79,77.69
2022-02-03 07:00:00,71.6,70.29,70.79,75.02,74.97,62.44,75.41,84.93,83.53,70.02,84.97,81.02,95.02,46.71,87.12
2022-02-03 08:00:00,73.36,73.35,72.41,77.32,76.19,62.65,76.33,107.33,73.95,73.13,122.13,83.32,97.32,49.5,86.67
2022-02-03 09:00:00,76.11,75.58,75.27,79.86,81.57,65.78,79.85,100.34,80.23,75.36,110.17,85.97,99.87,52.15,89.85
2022-02-03 10:00:00,75.79,75.41,74.87,79.86,82.2,64.51,79.7,99.83,79.01,75.38,109.53,85.53,99.86,53.28,89.05
2022-02-03 11:00:00,75.84,75.39,74.95,79.86,82.26,64.66,79.88,97.51,80.18,75.47,105.79,84.69,91.09,56.52,88.56
2022-02-03 12:00:00,72.57,72.28,71.75,76.36,78.68,61.94,76.41,87.98,78.01,72.59,93.46,80.47,93.38,56.08,84.3
2022-02-03 13:00:00,71.15,70.65,70.34,74.86,77.3,60.87,74.99,85.2,77.69,70.84,89.81,78.52,83.45,54.93,82.99
2022-02-03 14:00:00,70.2,69.55,69.33,74.11,76.65,59.53,74.11,83.25,77.16,69.84,87.37,77.42,79.13,53.62,82.62
2022-02-03 15:00:00,73.9,73.12,72.95,78.04,80.58,62.6,78.04,90.21,80.99,73.36,96.21,81.04,83.31,55.73,86.64
2022-02-03 16:00:00,74.96,73.52,73.83,79.86,83.01,61.71,80.24,99.26,85.86,73.53,109.76,83.86,88.04,49.62,90.24
2022-02-03 17:00:00,110.39,107.69,108.96,116.4,119.83,94.4,117.36,128.64,132.02,107.75,127.64,122.06,141.58,77.4,128.36
2022-02-03 18:00:00,133.68,128.67,132.0,140.3,142.43,117.04,141.98,156.87,161.51,128.6,157.02,146.31,203.81,95.33,150.86
2022-02-03 19:00:00,131.59,126.87,130.08,137.7,139.98,116.07,139.68,154.83,159.74,126.83,156.32,144.59,170.23,98.59,149.68
2022-02-03 20:00:00,122.17,118.16,120.62,128.09,130.04,107.05,129.17,143.03,145.1,118.36,143.98,134.43,152.61,95.53,139.17
2022-02-03 21:00:00,111.51,107.58,110.41,116.32,118.1,98.8,118.94,127.8,134.7,107.63,127.73,121.84,137.21,89.62,128.04
2022-02-03 22:00:00,87.17,85.32,86.49,90.64,91.48,77.59,92.4,98.13,100.91,85.19,98.43,93.65,110.65,66.47,98.58
2022-02-03 23:00:00,80.65,79.19,80.2,83.48,84.86,72.33,85.78,91.99,91.54,79.13,92.75,86.2,103.48,65.14,91.79
2022-02-04 00:00:00,65.92,65.67,65.24,69.15,69.4,56.34,69.78,72.49,74.94,66.08,71.09,70.85,85.79,56.6,72.47
2022-02-04 01:00:00,67.86,67.71,67.11,71.17,71.13,58.2,71.36,75.06,74.36,68.2,74.61,72.88,91.04,58.99,74.73
2022-02-04 02:00:00,68.43,68.37,67.66,71.82,71.78,58.46,72.02,75.81,74.61,68.99,75.33,73.75,88.1,60.7,75.48
2022-02-04 03:00:00,71.52,71.56,70.74,75.0,74.98,61.16,75.25,80.61,76.24,72.27,79.48,77.1,91.09,64.63,78.72
2022-02-04 04:00:00,81.93,80.49,80.61,87.31,87.38,66.92,87.72,97.83,85.53,81.19,98.92,90.11,107.31,72.56,91.93
2022-02-04 05:00:00,135.65,132.17,133.18,144.99,145.09,110.33,145.22,168.33,145.3,133.03,172.62,149.99,202.54,115.08,151.22
2022-02-04 06:00:00,406.91,391.11,400.16,429.48,430.21,351.07,428.96,502.68,437.33,389.98,513.03,437.64,679.49,325.71,435.79
2022-02-04 07:00:00,369.09,351.82,362.42,391.94,393.68,312.46,393.45,456.48,415.05,351.96,471.19,401.23,641.94,286.02,400.28
2022-02-04 08:00:00,226.16,216.28,221.43,242.42,243.31,184.8,242.24,293.83,246.19,216.87,308.16,249.42,355.03,189.44,247.69
2022-02-04 09:00:00,125.98,125.71,123.93,133.94,133.26,103.27,132.8,162.13,122.7,128.31,173.57,137.94,162.18,120.76,137.41
2022-02-04 10:00:00,85.4,86.57,84.21,90.5,89.96,70.05,89.73,103.73,81.79,88.93,110.16,93.05,120.73,83.9,94.83
2022-02-04 11:00:00,73.65,73.66,72.75,77.53,77.54,62.17,77.64,82.81,76.39,75.13,83.61,79.23,83.99,71.93,82.65
2022-02-04 12:00:00,60.69,61.07,60.03,63.72,63.77,51.43,63.91,67.58,63.56,61.91,68.47,65.12,69.19,56.21,68.96
2022-02-04 13:00:00,54.64,54.81,54.0,57.57,57.6,45.84,57.76,61.07,57.04,55.63,61.32,58.8,61.95,50.08,62.82
2022-02-04 14:00:00,51.61,52.0,51.07,54.19,54.2,43.7,54.39,57.84,53.9,52.58,57.46,55.34,59.29,45.87,59.39
2022-02-04 15:00:00,51.15,51.22,50.57,53.75,53.8,43.37,53.94,56.94,54.48,51.78,57.36,54.76,58.81,44.37,58.94
2022-02-04 16:00:00,55.45,55.75,54.85,58.3,58.32,46.85,58.51,61.37,59.27,56.32,61.62,59.53,62.32,47.44,62.48
2022-02-04 17:00:00,81.56,80.64,80.62,85.0,85.07,72.28,84.58,92.84,84.45,81.16,94.5,86.6,90.03,75.4,89.2
2022-02-04 18:00:00,103.15,101.75,101.44,108.69,108.55,88.98,106.33,125.69,100.27,102.78,128.45,110.39,122.13,97.83,113.13
2022-02-04 19:00:00,104.11,103.15,102.68,108.5,108.47,93.06,106.02,121.61,101.68,104.12,123.76,110.42,126.39,102.25,114.52
2022-02-04 20:00:00,100.59,99.62,99.31,104.26,104.3,91.84,101.53,117.03,97.54,100.26,119.03,106.66,136.24,100.0,110.17
2022-02-04 21:00:00,98.31,97.3,97.7,100.27,100.4,93.24,100.0,104.76,97.86,97.83,105.35,101.98,125.19,100.79,107.46
2022-02-04 22:00:00,90.01,89.42,89.58,91.5,91.67,85.96,91.42,93.56,90.63,89.93,94.34,92.86,98.37,92.99,97.12
2022-02-04 23:00:00,76.49,75.52,76.05,77.93,78.15,72.8,77.94,80.23,80.69,75.73,81.21,78.88,81.15,77.21,83.64
2022-02-05 00:00:00,50.47,50.42,50.52,50.52,50.68,50.08,51.06,51.16,52.94,50.44,52.3,51.87,50.66,51.23,53.05
2022-02-05 01:00:00,48.61,48.53,48.65,48.73,48.96,47.95,49.39,49.24,51.22,48.55,50.37,50.12,48.89,49.07,51.41
2022-02-05 02:00:00,47.29,47.23,47.33,47.38,47.53,46.71,47.99,48.0,50.15,47.23,49.09,48.88,47.53,47.62,50.12
2022-02-05 03:00:00,47.39,47.34,47.43,47.45,47.58,46.94,47.99,48.07,50.01,47.34,49.16,48.95,47.61,47.91,50.15
2022-02-05 04:00:00,50.96,51.0,51.05,50.92,50.54,50.69,51.57,51.57,53.48,51.01,53.34,52.63,51.51,52.04,53.87
2022-02-05 05:00:00,63.8,63.59,63.94,63.69,62.21,63.68,64.81,64.92,67.19,63.68,66.51,65.63,65.03,66.45,68.29
2022-02-05 06:00:00,127.85,126.83,127.8,128.4,126.74,126.11,129.84,132.39,127.47,126.76,133.21,131.9,135.62,133.68,133.88
2022-02-05 07:00:00,120.69,119.64,120.58,121.4,119.68,118.59,122.68,124.93,120.41,119.6,125.73,126.44,129.63,127.93,127.08
2022-02-05 08:00:00,85.31,85.72,85.48,84.99,83.69,85.7,85.52,88.03,85.69,85.79,90.1,89.01,85.68,93.61,87.41
2022-02-05 09:00:00,52.03,52.4,52.02,52.11,51.46,51.71,51.85,54.55,52.3,52.48,56.14,54.82,52.38,59.16,52.8
2022-02-05 10:00:00,47.22,47.31,47.22,47.13,46.89,47.54,46.93,48.49,47.23,47.32,49.93,48.45,47.27,52.41,47.4
2022-02-05 11:00:00,42.75,43.0,42.67,42.75,41.89,43.08,41.85,43.35,42.58,43.11,44.09,43.3,42.89,46.65,42.2
2022-02-05 12:00:00,34.14,34.52,33.87,34.29,31.95,34.74,31.93,34.33,33.87,34.54,34.46,34.59,34.56,39.31,32.48
2022-02-05 13:00:00,32.07,32.47,31.75,32.33,29.77,32.43,29.79,32.54,31.93,32.47,32.46,32.56,32.59,35.73,30.4
2022-02-05 14:00:00,29.61,30.27,29.13,30.0,26.25,30.2,26.05,30.06,29.73,30.23,29.98,30.25,30.48,33.8,26.56
2022-02-05 15:00:00,28.88,29.88,28.21,29.49,24.35,29.5,23.97,29.52,29.2,29.8,29.37,29.76,30.19,32.51,24.49
2022-02-05 16:00:00,29.5,30.29,28.95,30.0,25.79,30.0,25.49,30.28,29.73,30.23,30.04,30.22,30.57,32.8,25.92
2022-02-05 17:00:00,36.89,37.25,36.65,37.01,34.45,37.47,34.86,36.96,36.96,37.23,37.16,37.16,37.27,40.24,35.35
2022-02-05 18:00:00,46.94,47.75,46.37,47.39,42.51,47.48,42.85,47.54,46.9,47.72,47.56,47.74,47.86,50.58,43.78
2022-02-05 19:00:00,40.99,42.24,39.94,41.99,33.64,41.51,34.04,41.9,41.06,42.18,41.82,42.88,42.71,44.32,36.14
2022-02-05 20:00:00,35.2,37.82,33.42,36.91,22.87,36.23,22.72,36.12,36.02,37.7,35.87,38.11,38.51,39.2,25.24
2022-02-05 21:00:00,33.31,36.74,30.81,35.8,16.82,34.42,16.3,34.68,35.46,36.64,34.15,37.36,37.45,36.07,18.43
2022-02-05 22:00:00,29.48,32.09,27.33,31.6,15.12,30.73,14.89,30.37,31.05,31.97,30.09,33.1,32.9,32.75,16.3
2022-02-05 23:00:00,27.89,31.06,25.76,29.88,12.92,29.4,12.68,29.18,29.93,30.92,28.75,30.92,31.41,31.27,14.28
2022-02-06 00:00:00,32.89,36.36,31.42,34.03,21.66,34.6,20.7,34.42,35.22,36.23,34.05,34.84,35.86,36.18,21.95
2022-02-06 01:00:00,32.76,36.09,31.4,33.86,22.42,34.16,21.49,34.19,35.09,36.01,33.86,34.64,35.54,35.23,22.72
2022-02-06 02:00:00,34.62,37.3,33.46,35.57,25.94,35.7,25.27,35.69,36.43,37.24,35.42,36.17,36.99,36.85,26.39
2022-02-06 03:00:00,39.69,41.26,39.0,40.35,34.51,40.03,34.36,40.14,40.93,41.24,40.01,40.76,41.18,40.78,35.13
2022-02-06 04:00:00,43.38,44.13,43.07,43.63,39.79,43.69,40.82,43.73,44.31,44.14,43.73,43.92,44.12,44.49,41.46
2022-02-06 05:00:00,56.12,56.74,55.98,56.17,50.96,56.38,54.63,56.51,56.92,56.76,56.57,56.46,56.7,58.15,55.73
2022-02-06 06:00:00,73.73,74.12,73.71,73.67,67.09,73.92,73.11,74.25,74.64,74.15,74.48,74.08,76.97,75.06,74.69
2022-02-06 07:00:00,87.14,87.44,87.08,87.01,78.64,87.16,86.7,87.41,87.32,87.42,88.31,88.51,88.36,89.52,88.69
2022-02-06 08:00:00,68.99,69.29,68.92,68.96,63.36,69.15,68.29,68.75,69.27,69.33,69.94,70.34,69.4,71.41,69.57
2022-02-06 09:00:00,48.41,48.8,48.21,48.54,44.95,48.46,47.05,48.47,48.71,48.89,48.65,50.26,49.16,50.04,47.68
2022-02-06 10:00:00,38.84,39.96,38.44,39.11,33.85,39.31,35.36,39.03,38.58,40.04,39.05,44.71,41.61,42.37,36.06
2022-02-06 11:00:00,31.88,32.92,31.59,32.09,27.68,32.15,29.19,32.03,31.72,32.91,31.98,36.16,33.94,33.29,29.83
2022-02-06 12:00:00,30.63,32.12,30.19,30.95,25.61,31.08,26.61,30.97,30.66,32.08,30.82,34.36,32.77,31.79,27.31
2022-02-06 13:00:00,24.36,25.79,23.75,24.94,18.92,24.67,19.6,24.52,24.23,25.74,24.36,26.94,26.8,25.35,20.33
2022-02-06 14:00:00,20.33,22.27,19.63,20.91,14.49,20.95,14.36,20.64,20.31,22.2,20.41,24.82,23.39,21.99,15.02
2022-02-06 15:00:00,19.15,20.7,18.32,20.0,13.54,19.46,13.11,19.14,18.85,20.63,18.95,21.5,22.19,20.48,13.74
2022-02-06 16:00:00,20.17,22.07,19.12,21.3,13.36,20.33,12.8,20.17,19.8,21.98,19.95,22.8,23.93,20.87,13.57
2022-02-06 17:00:00,31.72,31.97,31.65,31.79,30.61,31.76,31.09,31.79,31.72,31.97,31.79,32.84,32.27,31.97,31.28
2022-02-06 18:00:00,45.1,45.45,44.99,45.2,43.97,45.14,44.16,45.16,45.07,45.44,45.15,46.7,45.89,45.32,44.31
2022-02-06 19:00:00,49.31,49.66,49.2,49.42,48.19,49.33,48.37,49.38,49.33,49.65,49.39,50.93,50.11,49.53,48.51
2022-02-06 20:00:00,47.29,47.63,47.16,47.4,46.4,47.29,46.33,47.35,47.44,47.62,47.36,48.9,48.09,47.48,46.51
2022-02-06 21:00:00,45.12,45.46,45.0,45.25,44.31,45.09,44.18,45.18,45.05,45.46,45.18,46.75,45.94,45.29,44.28
2022-02-06 22:00:00,37.08,37.42,36.96,37.2,36.26,37.08,36.14,37.14,37.3,37.41,37.14,38.7,37.88,37.24,36.24
2022-02-06 23:00:00,37.51,37.8,37.41,37.6,36.76,37.52,36.72,37.54,37.7,37.81,37.52,38.91,38.2,37.62,36.86
2022-02-07 00:00:00,32.38,32.62,32.31,32.46,31.86,32.4,31.74,32.41,32.53,32.61,32.38,33.51,32.93,32.45,31.79
2022-02-07 01:00:00,32.47,32.65,32.42,32.53,32.08,32.49,31.99,32.5,32.51,32.64,32.47,33.32,32.89,32.52,32.02
2022-02-07 02:00:00,32.89,33.07,32.83,32.95,32.47,32.9,32.38,32.91,32.92,33.07,32.89,33.79,33.33,32.93,32.42
2022-02-07 03:00:00,33.5,33.68,33.43,33.57,33.08,33.46,33.0,33.54,33.6,33.68,33.54,34.45,33.97,33.51,33.06
2022-02-07 04:00:00,37.6,37.79,37.51,37.79,37.3,37.21,37.26,37.77,37.96,37.79,37.8,38.66,38.18,36.92,37.35
2022-02-07 05:00:00,41.2,41.46,41.07,41.51,40.91,40.46,40.86,41.5,42.28,41.49,41.53,42.57,41.98,40.18,40.97
2022-02-07 06:00:00,66.99,67.68,66.74,67.75,66.75,64.87,66.65,67.71,67.13,67.93,68.09,69.39,68.5,66.06,66.84
2022-02-07 07:00:00,74.48,75.15,73.42,77.22,73.76,68.29,73.04,74.02,71.77,75.22,73.29,81.75,79.41,69.87,73.13
2022-02-07 08:00:00,51.45,52.14,50.88,53.33,51.55,46.5,51.57,53.7,51.32,52.15,52.26,55.5,54.32,43.5,52.08
2022-02-07 09:00:00,42.18,43.41,41.67,43.55,41.26,38.89,40.83,45.75,41.18,43.57,43.26,47.32,45.25,40.11,40.89
2022-02-07 10:00:00,35.36,35.87,35.11,36.21,35.49,33.0,35.36,39.09,35.75,35.89,37.16,37.49,36.78,31.57,35.38
2022-02-07 11:00:00,31.99,32.48,31.87,32.56,32.23,30.25,32.17,34.26,32.45,32.53,33.36,33.17,32.83,29.16,32.19
2022-02-07 12:00:00,30.66,31.11,30.55,31.17,30.91,29.08,30.86,31.72,30.74,31.17,31.2,31.55,31.34,27.98,30.86
2022-02-07 13:00:00,28.76,29.03,28.69,29.09,28.97,27.73,28.94,29.67,28.71,29.05,29.13,29.23,29.15,27.21,28.94
2022-02-07 14:00:00,27.67,27.71,27.66,27.71,27.7,27.51,27.7,28.38,27.62,27.73,27.92,27.73,27.72,27.71,27.71
2022-02-07 15:00:00,27.12,27.12,27.11,27.14,27.14,27.05,27.15,27.83,27.12,27.15,27.36,27.14,27.14,27.16,27.15
2022-02-07 16:00:00,29.74,29.86,29.73,29.85,29.84,29.37,29.84,29.85,29.85,29.91,29.85,29.86,29.85,28.85,29.85
2022-02-07 17:00:00,47.54,47.53,47.54,47.55,47.4,47.46,47.64,49.29,47.66,47.56,48.18,47.57,47.54,47.68,48.13
2022-02-07 18:00:00,77.46,77.52,77.49,77.4,76.68,77.48,77.55,79.18,77.71,77.54,78.21,77.5,77.39,77.77,78.85
2022-02-07 19:00:00,57.57,57.66,57.6,57.51,56.71,57.62,57.61,58.93,57.82,57.66,58.21,57.69,57.52,57.88,58.98
2022-02-07 20:00:00,57.62,57.68,57.67,57.5,56.71,57.81,57.71,57.89,57.9,57.71,57.86,57.51,57.44,57.85,59.19
2022-02-07 21:00:00,46.07,46.1,46.11,46.01,45.5,46.16,46.16,47.01,46.3,46.16,46.49,46.01,45.97,46.26,47.15
2022-02-07 22:00:00,42.95,43.0,42.99,42.88,42.38,43.07,42.99,43.07,43.19,43.02,43.08,42.92,42.86,43.09,43.87
2022-02-07 23:00:00,37.04,37.07,37.04,37.01,36.77,37.08,37.02,37.07,37.09,37.07,37.08,37.09,37.03,37.08,37.31
2022-02-08 00:00:00,24.84,25.11,24.77,24.87,24.07,24.94,24.17,24.94,25.04,25.1,24.92,25.42,25.15,24.99,24.55
2022-02-08 01:00:00,22.12,22.58,22.01,22.18,20.67,22.28,20.98,22.27,22.47,22.57,22.21,23.16,22.68,22.35,21.34
2022-02-08 02:00:00,22.01,22.55,21.88,22.1,20.01,22.21,20.63,22.17,22.43,22.54,22.11,23.13,22.67,22.36,21.19
2022-02-08 03:00:00,23.88,24.97,23.67,23.87,21.08,24.68,21.15,25.01,24.86,24.96,24.71,25.37,24.52,24.98,21.93
2022-02-08 04:00:00,28.7,29.87,28.45,28.74,25.56,29.45,25.74,29.9,29.74,29.93,29.43,30.54,29.56,29.79,26.64
2022-02-08 05:00:00,33.51,34.96,33.24,33.47,29.55,34.67,29.86,34.64,35.66,35.08,34.36,35.71,34.5,36.7,31.08
2022-02-08 06:00:00,56.3,58.56,55.85,56.21,49.1,58.28,50.34,58.46,57.04,59.32,57.72,60.32,58.13,62.85,52.06
2022-02-08 07:00:00,50.34,52.84,49.97,50.06,43.9,52.7,44.28,53.32,54.93,53.55,52.89,51.56,50.97,59.31,46.12
2022-02-08 08:00:00,38.08,41.76,37.34,38.06,30.48,40.97,28.58,42.95,40.63,42.3,41.68,40.68,39.94,45.76,29.03
2022-02-08 09:00:00,27.11,32.48,26.5,26.13,17.72,32.77,14.63,33.94,32.06,32.7,33.47,29.48,27.49,37.19,14.46
2022-02-08 10:00:00,26.5,29.53,26.16,25.91,21.2,29.85,19.36,30.57,150.5,29.63,30.19,27.81,26.66,46.36,19.15
2022-02-08 11:00:00,25.15,27.02,24.8,25.0,21.27,27.09,20.08,27.33,37.04,27.04,26.8,26.35,25.86,29.81,19.94
2022-02-08 12:00:00,21.26,23.8,20.62,21.29,15.18,23.73,13.66,24.0,23.62,23.79,23.35,23.37,22.98,25.93,13.54
2022-02-08 13:00:00,17.88,20.63,17.09,18.1,10.95,20.26,9.37,20.42,20.15,20.61,19.67,20.53,20.24,22.45,9.36
2022-02-08 14:00:00,17.48,21.07,16.36,18.0,8.16,20.04,6.34,20.46,19.43,21.02,19.61,21.32,21.11,21.45,6.5
2022-02-08 15:00:00,17.57,20.73,16.6,18.0,9.32,19.91,7.76,20.23,19.34,20.83,19.34,20.91,20.78,21.58,7.87
2022-02-08 16:00:00,20.37,21.39,20.11,20.31,17.7,21.64,17.1,21.36,21.23,21.49,20.89,21.12,21.08,23.08,16.91
2022-02-08 17:00:00,29.19,29.3,29.15,29.15,28.19,29.5,28.65,29.44,29.31,29.32,29.25,29.36,29.36,30.2,28.84
2022-02-08 18:00:00,49.74,49.86,49.76,49.69,48.92,49.86,49.63,49.99,49.82,49.97,49.88,49.77,49.77,50.22,49.84
2022-02-08 19:00:00,37.19,37.27,37.2,37.15,36.62,37.3,37.09,37.56,37.37,37.35,37.4,37.21,37.23,37.57,37.37
2022-02-08 20:00:00,32.9,32.96,32.9,32.89,32.67,32.95,32.82,32.96,32.97,33.05,32.95,32.99,32.93,33.25,32.98
2022-02-08 21:00:00,30.08,30.14,30.07,30.07,29.95,30.16,29.9,30.61,30.28,30.18,30.34,30.18,30.12,30.33,30.18
2022-02-08 22:00:00,26.08,26.17,26.07,26.03,25.83,26.28,25.82,26.08,26.29,26.18,26.06,26.23,26.13,26.68,25.86
2022-02-08 23:00:00,27.99,28.06,27.99,27.96,27.86,28.07,27.85,28.05,28.07,28.06,28.05,28.07,28.0,28.17,28.01
2022-02-09 00:00:00,27.91,27.91,27.95,27.82,27.78,28.06,28.01,27.86,27.94,27.94,27.87,27.95,27.88,28.57,28.67
2022-02-09 01:00:00,27.26,27.26,27.3,27.2,27.15,27.33,27.39,27.25,27.27,27.28,27.26,27.33,27.26,27.6,28.08
2022-02-09 02:00:00,29.28,29.27,29.32,29.21,29.2,29.36,29.45,29.27,29.3,29.31,29.28,29.29,29.24,29.57,30.15
2022-02-09 03:00:00,29.6,29.49,29.63,29.48,29.47,29.87,29.68,29.57,29.64,29.54,29.59,29.57,29.52,30.42,30.26
2022-02-09 04:00:00,33.73,33.58,33.76,33.59,33.59,34.12,33.75,33.69,33.82,33.61,33.72,33.68,33.63,35.02,34.5
2022-02-09 05:00:00,37.31,37.08,37.36,37.0,36.96,38.28,37.08,36.96,37.19,37.17,36.96,37.08,37.53,41.29,38.45
2022-02-09 06:00:00,89.45,89.76,89.51,89.17,88.77,90.25,88.86,88.98,88.48,89.94,89.0,89.79,91.56,96.21,90.84
2022-02-09 07:00:00,73.54,73.75,73.6,73.12,72.54,74.85,72.69,72.99,72.42,73.87,72.92,74.02,75.5,82.7,74.35
2022-02-09 08:00:00,38.03,38.33,38.07,37.75,37.29,38.83,37.35,37.55,37.97,38.47,37.58,38.3,38.02,44.77,37.64
2022-02-09 09:00:00,31.78,32.09,31.85,31.49,31.33,32.52,31.28,31.53,31.55,32.19,31.52,32.16,51.49,36.87,31.3
2022-02-09 10:00:00,28.1,28.25,28.16,27.87,27.77,28.77,27.73,27.59,27.37,28.3,27.68,27.96,29.06,32.75,27.73
2022-02-09 11:00:00,29.39,29.61,29.46,29.18,29.12,29.93,29.1,29.15,28.99,29.64,29.2,29.64,49.18,32.62,29.13
2022-02-09 12:00:00,28.88,28.96,28.9,28.77,28.68,29.21,28.66,28.65,28.58,29.02,28.68,28.89,28.83,31.02,28.67
2022-02-09 13:00:00,26.63,26.64,26.68,26.38,26.32,27.41,26.3,26.19,26.1,26.66,26.23,26.43,26.4,30.9,26.3
2022-02-09 14:00:00,24.98,24.97,25.01,24.79,24.74,25.58,24.72,24.67,24.62,24.98,24.67,24.86,24.82,28.02,24.72
2022-02-09 15:00:00,23.96,23.93,24.01,23.74,23.72,24.63,23.71,23.61,23.57,23.98,23.63,23.76,23.75,27.33,23.71
2022-02-09 16:00:00,26.07,26.01,26.11,25.89,25.88,26.65,25.88,25.79,25.77,26.03,25.79,25.9,25.89,28.83,25.88
2022-02-09 17:00:00,35.9,35.77,35.93,35.67,35.67,36.62,35.68,35.58,35.58,35.82,35.57,35.69,35.68,39.12,35.7
2022-02-09 18:00:00,55.5,55.4,55.56,55.27,55.27,56.21,55.35,55.41,55.53,55.48,55.39,55.72,74.02,57.81,55.68
2022-02-09 19:00:00,41.76,41.81,41.76,41.76,41.73,41.71,41.78,41.8,41.76,41.88,41.84,41.88,46.52,42.53,42.21
2022-02-09 20:00:00,34.47,34.5,34.47,34.49,34.46,34.38,34.51,34.5,34.45,34.64,34.54,34.51,34.67,35.35,35.03
2022-02-09 21:00:00,30.92,31.0,30.9,30.99,30.96,30.66,30.93,30.96,30.9,31.13,31.01,31.09,32.19,31.47,31.33
2022-02-09 22:00:00,28.94,29.04,28.93,29.01,28.97,28.71,28.96,28.95,28.85,29.12,28.99,29.02,29.02,29.16,29.26
2022-02-09 23:00:00,28.98,29.01,28.96,29.0,28.98,28.99,28.86,29.02,29.04,29.02,29.03,29.03,29.01,28.98,29.46
2022-02-10 00:00:00,25.09,25.04,25.11,25.09,25.11,25.01,25.28,25.17,25.18,25.04,25.16,25.09,25.09,25.09,25.7
2022-02-10 01:00:00,25.21,25.17,25.23,25.21,25.23,25.15,25.38,25.29,25.28,25.17,25.27,25.21,25.21,25.24,25.74
2022-02-10 02:00:00,27.42,27.38,27.43,27.43,27.43,27.38,27.53,27.46,27.46,27.4,27.47,27.42,27.42,27.48,27.74
2022-02-10 03:00:00,27.02,26.95,27.02,27.02,27.03,26.96,27.16,27.13,27.05,26.97,27.06,27.02,27.02,27.04,27.53
2022-02-10 04:00:00,28.83,28.82,28.85,28.8,28.8,28.84,28.94,28.83,28.84,28.83,28.85,28.8,28.8,28.91,29.35
2022-02-10 05:00:00,40.18,40.24,40.2,40.18,39.48,40.06,40.32,40.28,40.04,40.29,40.26,40.19,40.17,41.05,41.37
2022-02-10 06:00:00,82.67,83.05,82.66,82.81,81.53,81.9,82.88,82.65,82.17,83.34,82.88,82.85,82.82,86.9,84.02
2022-02-10 07:00:00,71.75,72.1,71.78,71.72,70.08,71.55,71.76,71.55,70.96,72.39,71.7,71.86,71.77,76.72,72.74
2022-02-10 08:00:00,36.3,36.54,36.33,36.19,35.38,36.46,36.14,36.24,35.76,36.74,36.23,36.38,36.27,40.36,36.34
2022-02-10 09:00:00,28.54,28.9,28.53,28.49,28.14,28.64,28.08,28.39,27.87,29.09,28.36,28.98,28.71,32.52,28.07
2022-02-10 10:00:00,27.05,27.88,27.09,27.0,26.62,26.95,26.52,26.76,26.37,28.17,26.7,27.57,27.26,29.83,26.52
2022-02-10 11:00:00,26.62,27.05,26.63,26.55,26.23,26.75,26.16,26.51,26.28,27.21,26.43,27.08,26.79,28.58,26.17
2022-02-10 12:00:00,24.66,24.96,24.68,24.62,24.45,24.72,24.41,24.47,24.4,25.08,24.47,24.87,24.73,26.0,24.41
2022-02-10 13:00:00,24.04,24.27,24.04,24.01,23.84,24.07,23.82,23.88,23.82,24.38,23.89,24.04,24.06,25.19,23.83
2022-02-10 14:00:00,23.33,23.65,23.35,23.3,23.19,23.29,23.18,23.17,23.12,23.82,23.18,23.32,23.33,24.27,23.18
2022-02-10 15:00:00,23.39,23.76,23.42,23.35,23.28,23.31,23.26,23.18,23.11,23.94,23.19,23.36,23.36,24.36,23.26
2022-02-10 16:00:00,24.81,25.19,24.85,24.77,24.74,24.74,24.72,24.59,24.52,25.37,24.6,24.78,24.77,25.88,24.72
2022-02-10 17:00:00,34.07,34.07,34.08,34.05,34.05,34.12,34.06,34.04,34.04,34.09,34.05,34.07,34.06,35.43,34.1
2022-02-10 18:00:00,59.95,59.86,59.96,59.95,59.89,59.97,60.05,60.07,60.0,59.88,59.99,59.95,59.95,61.38,60.3
2022-02-10 19:00:00,40.39,40.41,40.41,40.38,40.08,40.37,40.47,40.41,40.41,40.44,40.44,40.39,40.38,41.39,40.79
2022-02-10 20:00:00,34.15,34.14,34.17,34.13,33.66,34.17,34.23,34.18,34.21,34.15,34.2,34.13,34.12,35.11,34.59
2022-02-10 21:00:00,29.84,29.86,29.89,29.76,28.15,29.87,30.05,29.91,29.94,29.87,29.94,29.76,29.74,30.5,30.54
2022-02-10 22:00:00,26.9,26.98,26.99,26.75,23.12,27.03,27.19,27.05,27.12,26.99,27.1,26.78,26.76,27.7,28.15
2022-02-10 23:00:00,27.38,27.49,27.46,27.23,23.11,27.52,27.6,27.55,27.62,27.5,27.6,27.28,27.29,28.07,28.78
2022-02-11 00:00:00,24.17,24.55,24.22,24.0,17.14,24.49,23.86,24.52,24.59,24.55,24.56,24.38,24.27,24.85,25.89
2022-02-11 01:00:00,16.27,17.17,16.1,16.25,9.91,17.0,13.97,17.02,16.95,17.16,16.98,17.0,16.9,17.53,16.19
2022-02-11 02:00:00,12.94,15.51,12.17,13.33,4.0,14.58,5.25,14.72,14.2,15.46,14.51,14.8,15.35,15.2,6.57
2022-02-11 03:00:00,12.75,16.59,11.6,13.33,1.08,15.22,1.24,15.55,14.65,16.63,15.29,15.28,16.13,15.83,2.24
2022-02-11 04:00:00,15.55,19.96,14.41,15.86,2.86,18.96,2.86,19.22,18.07,20.01,19.03,18.24,18.71,20.14,3.85
2022-02-11 05:00:00,23.4,27.38,21.65,24.54,8.23,26.5,8.17,25.48,24.93,27.48,25.13,26.05,27.59,30.03,9.18
2022-02-11 06:00:00,36.37,41.56,35.37,35.96,24.09,41.76,22.19,40.03,38.07,41.8,39.99,39.96,38.51,51.47,24.52
2022-02-11 07:00:00,36.47,42.95,35.48,35.79,22.81,42.59,20.57,42.41,40.12,43.1,42.2,43.78,39.16,48.19,21.91
2022-02-11 08:00:00,25.25,32.56,24.26,24.29,11.54,32.34,7.83,32.84,30.32,32.69,32.52,32.52,27.59,36.64,7.72
2022-02-11 09:00:00,19.28,26.27,18.29,18.28,5.81,26.54,2.08,27.56,24.91,26.46,27.36,23.86,20.9,29.06,1.95
2022-02-11 10:00:00,18.32,24.16,17.54,17.4,7.25,24.53,4.07,25.41,23.15,24.22,25.14,21.51,19.38,26.8,3.77
2022-02-11 11:00:00,17.39,21.02,16.41,17.7,8.32,20.15,6.78,20.43,19.21,21.01,20.01,19.75,19.78,21.62,7.02
2022-02-11 12:00:00,18.56,21.41,17.62,19.21,9.87,19.93,9.92,19.76,19.18,21.52,19.42,20.92,21.58,21.06,10.57
2022-02-11 13:00:00,19.14,21.37,18.26,19.97,10.8,19.58,12.11,19.25,19.01,21.48,18.96,21.51,22.41,20.33,13.19
2022-02-11 14:00:00,19.12,20.89,18.43,19.77,11.82,19.46,13.57,19.24,19.05,20.92,19.03,21.06,21.72,20.1,14.56
2022-02-11 15:00:00,19.7,21.12,19.13,20.23,13.63,19.95,15.22,19.8,19.66,21.13,19.62,21.26,21.82,20.37,16.08
2022-02-11 16:00:00,21.52,22.83,21.0,22.04,15.98,21.71,17.4,21.66,21.53,22.85,21.51,22.94,23.52,22.0,18.15
2022-02-11 17:00:00,42.77,43.57,42.54,43.0,39.24,42.78,40.83,42.91,42.75,43.59,42.84,43.88,43.8,43.32,41.46
2022-02-11 18:00:00,42.5,44.14,41.91,43.17,36.48,42.34,37.99,42.69,42.2,44.23,42.54,44.43,44.92,43.45,38.93
2022-02-11 19:00:00,23.96,25.8,23.39,24.57,18.41,23.9,19.28,24.28,23.77,25.92,24.11,27.14,26.35,24.81,20.03
2022-02-11 20:00:00,19.04,22.18,17.3,20.8,6.09,19.86,6.35,20.45,19.62,22.19,20.13,22.3,23.32,20.36,7.55
2022-02-11 21:00:00,20.05,24.9,17.49,22.32,0.65,22.41,0.33,23.01,21.96,24.82,22.48,23.98,25.49,22.64,1.53
2022-02-11 22:00:00,16.14,19.96,13.74,18.47,-0.96,17.68,-1.14,18.19,17.44,19.92,17.77,19.97,21.37,18.45,-0.17
2022-02-11 23:00:00,11.61,15.18,9.72,13.34,-2.75,13.12,-2.77,13.68,12.68,15.11,13.33,14.84,16.08,13.78,-1.78
2022-02-12 00:00:00,8.27,12.21,7.0,9.13,-2.02,10.17,-3.52,11.22,9.64,12.72,11.03,10.56,11.48,11.04,-3.07
2022-02-12 01:00:00,7.38,11.37,6.18,8.1,-2.72,9.48,-4.24,10.43,8.83,12.1,10.23,9.6,10.35,10.27,-3.83
2022-02-12 02:00:00,7.56,11.54,6.39,8.21,-2.45,9.75,-3.92,10.57,9.07,12.31,10.35,9.71,10.49,10.45,-3.51
2022-02-12 03:00:00,8.53,12.75,7.42,8.95,-1.59,11.37,-3.4,12.23,10.68,13.35,12.09,10.45,11.08,11.8,-3.12
2022-02-12 04:00:00,11.87,16.56,10.57,12.35,0.0,15.26,-1.88,16.16,14.5,17.2,16.04,14.01,14.54,15.71,-1.61
2022-02-12 05:00:00,15.93,20.62,14.15,16.79,0.81,20.11,-0.92,19.97,18.69,21.19,19.72,18.3,19.12,21.89,-0.66
2022-02-12 06:00:00,21.28,27.54,19.09,22.19,2.07,26.9,-0.29,26.52,24.59,27.83,26.32,24.68,25.06,31.06,-0.06
2022-02-12 07:00:00,25.11,31.95,22.6,25.97,2.63,32.33,0.13,31.19,29.5,32.18,30.91,31.54,29.23,37.63,0.32
2022-02-12 08:00:00,27.99,36.16,25.85,28.73,8.48,33.68,4.84,35.63,32.59,36.54,35.28,36.34,32.47,36.3,4.92
2022-02-12 09:00:00,23.81,31.64,21.76,24.47,5.05,29.42,1.52,31.11,28.59,31.85,30.57,32.29,28.3,31.14,1.61
2022-02-12 10:00:00,23.58,30.75,21.57,24.65,8.42,27.54,3.33,29.13,26.5,30.91,28.39,33.55,28.93,29.43,2.77
2022-02-12 11:00:00,25.97,31.97,23.48,28.25,12.54,27.61,6.1,29.34,26.67,32.21,28.58,34.65,32.94,30.17,5.2
2022-02-12 12:00:00,26.97,28.38,23.79,31.71,19.34,23.24,11.84,24.47,23.02,28.56,23.72,35.81,38.02,25.89,10.16
2022-02-12 13:00:00,23.51,25.02,22.82,24.89,21.83,21.19,20.17,23.2,22.74,25.33,22.9,27.18,26.12,22.48,19.91
2022-02-12 14:00:00,22.01,23.06,21.76,23.18,22.27,18.71,22.1,22.65,22.91,23.39,22.74,24.37,23.66,18.54,22.18
2022-02-12 15:00:00,21.9,22.64,21.71,23.15,22.79,18.17,22.88,22.97,23.22,22.97,23.21,23.55,23.28,18.71,23.01
2022-02-12 16:00:00,23.83,24.3,23.68,25.0,24.9,20.32,25.11,25.12,25.76,24.4,25.26,25.05,24.96,18.44,25.28
2022-02-12 17:00:00,33.22,33.61,32.99,34.73,34.63,28.79,34.84,35.03,35.14,33.72,34.85,34.73,35.81,27.48,35.02
2022-02-12 18:00:00,66.87,65.53,66.16,69.79,69.66,59.42,69.92,69.15,70.75,65.57,69.19,69.7,70.34,54.64,71.1
2022-02-12 19:00:00,53.97,52.95,53.42,56.48,56.52,47.38,56.87,56.23,58.64,53.08,55.81,56.42,57.48,43.53,58.32
2022-02-12 20:00:00,48.32,47.6,47.98,50.12,50.39,43.37,50.83,49.75,52.81,47.68,49.57,50.1,51.54,41.81,52.28
2022-02-12 21:00:00,43.46,43.46,43.26,44.81,44.75,39.55,45.22,45.58,47.59,43.51,45.53,44.74,44.7,36.93,46.87
2022-02-12 22:00:00,33.37,33.51,33.25,34.4,34.05,30.36,34.72,34.64,35.58,33.75,34.77,34.4,34.33,30.04,35.72
2022-02-12 23:00:00,30.42,30.57,30.3,31.34,30.95,27.66,31.64,31.58,32.36,30.71,31.68,31.34,31.28,27.62,32.91
2022-02-13 00:00:00,32.9,33.38,32.73,33.97,33.36,29.48,34.09,34.21,34.66,33.6,34.55,34.06,33.97,27.17,34.51
2022-02-13 01:00:00,27.48,27.99,27.33,28.37,27.59,24.59,28.39,28.44,28.64,28.28,28.7,28.5,28.4,24.1,28.94
2022-02-13 02:00:00,25.3,26.09,25.08,26.07,24.55,23.04,25.09,26.06,26.01,26.3,26.17,27.44,26.66,23.04,26.1
2022-02-13 03:00:00,24.74,25.55,24.52,25.41,23.81,22.94,24.19,25.27,24.94,25.91,25.4,26.92,26.06,24.63,25.4
2022-02-13 04:00:00,27.38,28.5,27.09,28.21,26.31,25.24,26.42,28.0,27.57,28.91,28.09,30.69,29.34,26.39,27.19
2022-02-13 05:00:00,31.39,32.6,31.06,31.99,29.79,30.26,29.4,31.71,31.15,32.9,31.73,35.49,34.21,32.47,30.33
2022-02-13 06:00:00,46.91,48.98,46.44,47.96,45.12,44.38,44.44,47.03,45.24,49.99,47.28,52.21,49.83,51.48,45.32
2022-02-13 07:00:00,56.97,58.6,56.48,57.92,55.0,55.03,54.37,57.09,55.46,59.67,57.32,62.27,59.95,61.18,55.09
2022-02-13 08:00:00,51.65,53.01,51.35,52.21,50.12,50.48,49.68,51.64,50.51,53.77,51.73,55.71,54.21,55.37,49.75
2022-02-13 09:00:00,35.31,36.13,35.12,35.58,34.09,34.97,33.78,35.69,34.76,36.44,35.44,38.12,36.71,37.65,33.84
2022-02-13 10:00:00,31.11,31.38,31.05,31.17,30.64,31.1,30.54,31.3,30.94,31.45,31.17,32.13,32.14,31.91,30.56
2022-02-13 11:00:00,27.06,27.09,27.06,27.06,27.02,27.08,27.02,27.21,27.09,27.17,27.14,27.13,27.09,27.15,27.02
2022-02-13 12:00:00,25.67,25.68,25.67,25.67,25.66,25.67,25.66,25.67,25.67,25.73,25.67,25.68,25.67,25.69,25.66
2022-02-13 13:00:00,23.57,23.57,23.57,23.57,23.57,23.57,23.57,23.57,23.57,23.6,23.57,23.57,23.57,23.58,23.57
2022-02-13 14:00:00,22.88,22.88,22.88,22.88,22.88,22.88,22.88,22.88,22.88,22.91,22.88,22.88,22.88,22.88,22.88
2022-02-13 15:00:00,22.25,22.25,22.25,22.25,22.25,22.25,22.25,22.25,22.25,22.27,22.25,22.25,22.25,22.25,22.25
2022-02-13 16:00:00,22.96,22.96,22.96,22.95,22.95,22.96,22.95,22.96,22.96,22.98,22.96,22.95,22.95,22.96,22.96
2022-02-13 17:00:00,37.28,37.28,37.28,37.28,37.28,37.28,37.28,37.28,37.28,37.28,37.28,37.28,37.28,37.3,37.29
2022-02-13 18:00:00,64.66,64.66,64.66,64.66,64.66,64.66,64.68,64.66,64.66,64.66,64.67,64.66,64.66,64.72,64.71
2022-02-13 19:00:00,34.73,34.72,34.73,34.72,34.71,34.73,34.74,34.73,34.73,34.72,34.73,34.72,34.72,34.78,34.85
2022-02-13 20:00:00,29.94,29.95,29.95,29.92,29.54,29.96,29.99,29.96,29.96,29.95,29.97,29.92,29.92,30.03,30.14
2022-02-13 21:00:00,26.5,26.51,26.52,26.47,25.86,26.54,26.55,26.54,26.54,26.51,26.55,26.47,26.46,26.57,26.71
2022-02-13 22:00:00,24.95,25.18,24.8,25.0,23.02,25.36,23.67,25.2,25.24,25.18,25.19,25.02,25.02,25.68,23.78
2022-02-13 23:00:00,20.67,21.91,20.02,21.0,14.3,22.24,14.94,21.99,21.97,21.92,21.93,21.1,21.17,22.81,15.09
2022-02-14 00:00:00,15.73,18.36,13.99,16.89,2.35,18.82,1.89,18.25,17.69,18.39,17.94,17.66,17.34,20.51,1.97
2022-02-14 01:00:00,15.22,17.94,13.33,16.49,0.71,18.65,0.23,17.99,17.51,18.0,17.68,17.26,16.97,20.39,0.36
2022-02-14 02:00:00,15.31,18.26,13.4,16.65,0.59,18.63,0.05,18.62,18.07,18.32,18.33,17.55,17.11,19.27,0.24
2022-02-14 03:00:00,16.79,19.59,14.74,18.28,1.55,20.15,0.94,20.0,19.62,19.62,19.69,19.28,18.83,20.87,1.16
2022-02-14 04:00:00,21.04,23.7,19.08,22.61,7.07,23.73,6.26,23.96,23.57,23.74,23.69,23.75,23.34,23.72,6.3
2022-02-14 05:00:00,24.19,27.72,22.34,25.29,9.49,27.99,8.34,28.46,27.68,27.81,28.35,26.89,28.21,28.42,8.37
2022-02-14 06:00:00,47.42,49.42,45.9,48.65,39.14,49.42,36.11,49.17,49.18,49.47,48.98,50.88,56.12,51.62,37.03
2022-02-14 07:00:00,53.38,56.35,51.96,53.92,43.83,57.36,40.19,56.42,59.87,56.59,56.68,55.87,60.19,60.16,40.35
2022-02-14 08:00:00,36.27,40.15,34.84,36.53,32.06,40.67,22.02,40.12,42.33,40.36,40.64,38.32,36.94,43.98,29.18
2022-02-14 09:00:00,25.96,30.85,24.9,25.42,19.56,31.85,11.48,31.64,37.1,31.06,33.79,26.53,29.09,34.22,14.77
2022-02-14 10:00:00,23.7,26.12,23.23,23.29,20.44,26.93,16.59,26.36,30.77,26.28,27.13,23.49,23.29,28.51,17.88
2022-02-14 11:00:00,24.27,26.67,23.76,24.1,21.26,26.82,17.46,26.64,30.22,26.83,27.4,24.38,24.14,27.83,17.84
2022-02-14 12:00:00,23.31,25.92,22.74,23.07,20.26,26.29,15.69,25.5,30.13,26.1,26.67,23.28,23.08,26.7,16.7
2022-02-14 13:00:00,21.32,24.38,20.88,20.75,17.34,25.0,13.42,23.94,29.83,24.59,25.32,20.89,20.7,25.25,14.22
2022-02-14 14:00:00,17.23,21.57,16.82,16.85,13.19,19.75,9.11,19.72,24.55,21.82,21.56,16.97,16.8,19.95,9.91
2022-02-14 15:00:00,14.97,21.05,14.62,14.86,10.9,15.73,6.86,17.29,20.23,21.34,19.77,14.95,14.81,15.78,7.27
2022-02-14 16:00:00,19.15,22.96,18.36,20.62,19.26,15.99,13.85,18.61,16.15,23.11,17.65,20.96,20.9,15.46,17.82
2022-02-14 17:00:00,29.84,32.73,29.38,30.87,30.34,27.11,26.81,29.31,27.84,32.83,29.13,30.98,30.95,26.02,29.88
2022-02-14 18:00:00,37.48,39.44,36.71,38.62,38.13,35.9,32.87,37.5,36.84,39.51,37.42,38.84,42.62,34.73,37.83
2022-02-14 19:00:00,21.15,26.95,18.14,24.09,22.1,21.42,0.1,23.44,21.82,27.32,23.24,24.75,28.88,20.64,21.17
2022-02-14 20:00:00,19.0,26.48,16.93,20.42,12.97,21.08,-0.28,24.24,21.08,26.89,24.01,23.14,21.03,20.16,10.18
2022-02-14 21:00:00,17.5,24.88,15.34,19.19,5.82,19.31,-2.02,22.17,19.32,25.33,21.81,21.25,19.95,18.48,3.54
2022-02-14 22:00:00,15.95,22.26,13.17,18.62,3.18,16.98,-5.19,19.97,17.57,22.8,19.81,19.39,19.42,17.31,2.0
2022-02-14 23:00:00,13.83,19.94,10.92,16.99,1.01,13.57,-6.8,16.58,14.48,19.96,16.14,17.38,18.09,11.53,0.22
2022-02-15 00:00:00,9.23,14.55,7.49,11.51,-2.02,7.4,-3.5,9.94,7.64,14.66,9.45,13.23,14.88,6.76,-2.35
2022-02-15 01:00:00,8.15,13.26,6.43,10.22,-2.31,7.01,-4.75,9.44,7.29,13.37,9.07,11.76,13.27,6.49,-2.75
2022-02-15 02:00:00,9.39,15.09,7.77,11.29,-1.36,8.32,-3.61,10.89,8.22,15.29,10.56,12.75,14.22,8.36,-2.11
2022-02-15 03:00:00,10.19,16.16,8.6,11.85,-1.06,10.0,-3.6,12.21,9.24,16.35,11.9,13.52,14.8,10.64,-2.09
2022-02-15 04:00:00,13.19,18.18,11.29,14.94,0.22,14.25,-2.19,15.49,13.5,18.18,15.1,16.32,17.74,14.2,-0.46
2022-02-15 05:00:00,17.09,23.28,14.87,19.08,2.45,18.42,-1.32,19.94,17.51,23.49,19.62,20.72,22.17,18.94,1.48
2022-02-15 06:00:00,29.09,37.71,25.58,31.95,4.4,32.67,0.01,34.68,31.72,37.97,34.33,37.12,35.38,33.31,3.09
2022-02-15 07:00:00,29.99,41.16,27.24,30.95,7.06,36.85,0.01,38.8,39.95,41.9,39.43,37.05,34.52,39.11,2.51
2022-02-15 08:00:00,26.14,36.94,24.18,25.88,7.08,34.18,-0.28,35.1,40.07,37.66,35.85,31.92,29.36,36.68,1.57
2022-02-15 09:00:00,20.33,30.14,18.99,19.73,3.37,27.11,-1.01,30.09,31.25,30.74,36.0,24.62,22.61,29.46,-2.55
2022-02-15 10:00:00,14.97,26.0,13.69,15.56,0.49,16.38,-3.16,20.88,21.06,26.64,25.93,21.46,19.09,17.12,-4.34
2022-02-15 11:00:00,14.79,26.58,13.16,16.41,-0.55,13.65,-3.99,19.78,19.72,27.21,24.02,21.97,20.29,12.01,-4.83
2022-02-15 12:00:00,14.22,26.69,12.58,16.0,-1.35,12.43,-4.8,19.76,20.47,27.49,24.35,21.22,19.8,9.56,-5.64
2022-02-15 13:00:00,13.26,25.76,11.76,15.01,-1.19,10.86,-4.59,18.86,19.45,26.73,23.48,20.0,18.47,8.18,-5.49
2022-02-15 14:00:00,12.23,23.38,10.6,14.32,-1.85,9.35,-4.65,15.78,18.37,24.29,17.96,19.46,18.03,7.31,-5.01
2022-02-15 15:00:00,12.02,22.62,10.29,14.31,-2.16,8.99,-4.77,15.4,17.81,23.44,17.58,18.97,18.06,6.92,-5.01
2022-02-15 16:00:00,12.98,22.03,10.65,16.68,-2.29,7.63,-3.76,14.08,11.28,22.48,13.44,22.24,21.2,3.92,-2.74
2022-02-15 17:00:00,18.81,28.93,15.83,23.61,-0.39,11.93,-1.14,19.22,15.98,29.63,18.72,26.55,27.25,7.79,-0.13
2022-02-15 18:00:00,24.54,35.83,20.64,30.81,1.57,15.94,0.01,24.13,19.46,36.76,23.45,31.34,36.0,11.66,1.22
2022-02-15 19:00:00,22.2,31.83,18.58,27.9,1.19,14.88,-0.29,22.18,18.27,32.5,21.44,28.62,32.78,10.88,0.72
2022-02-15 20:00:00,20.0,29.13,16.73,25.25,1.24,12.86,-0.31,19.61,16.19,29.92,18.92,26.94,30.38,8.75,0.66
2022-02-15 21:00:00,15.63,23.75,13.08,19.63,0.07,10.29,-1.33,16.48,13.48,24.36,15.92,20.73,23.54,6.09,-0.5
2022-02-15 22:00:00,11.31,18.51,9.5,13.94,-1.15,8.03,-2.5,13.66,10.7,18.76,13.25,14.83,16.65,4.24,-1.79
2022-02-15 23:00:00,6.43,10.65,4.58,9.24,-4.08,3.3,-4.86,6.83,5.98,10.66,6.39,10.56,12.94,0.05,-3.7
2022-02-16 00:00:00,5.38,12.86,3.84,7.82,-5.42,1.54,-6.86,7.01,3.69,12.88,6.53,9.27,10.73,-2.21,-6.13
2022-02-16 01:00:00,3.72,10.48,2.3,6.0,-5.99,0.04,-7.31,5.26,2.14,10.45,4.88,6.98,8.46,-3.73,-6.67
2022-02-16 02:00:00,3.37,10.08,2.08,5.41,-5.71,0.01,-7.19,5.23,2.16,10.09,4.9,6.55,7.73,-3.68,-6.61
2022-02-16 03:00:00,4.27,11.7,2.92,6.46,-4.86,0.41,-6.88,6.11,2.64,11.81,5.79,7.62,8.8,-3.1,-5.89
2022-02-16 04:00:00,5.91,13.47,4.72,8.0,-2.44,1.76,-4.36,7.81,4.36,13.62,7.56,9.19,10.11,-2.18,-3.6
2022-02-16 05:00:00,11.77,20.12,10.22,14.29,1.26,7.41,-0.95,13.82,9.95,20.28,13.53,15.49,16.95,3.24,0.05
2022-02-16 06:00:00,17.99,29.65,15.95,21.0,4.78,13.16,0.01,21.24,16.08,30.2,20.9,22.82,24.05,8.45,2.71
2022-02-16 07:00:00,20.3,33.75,18.24,23.06,6.76,16.15,0.01,25.28,20.87,34.35,25.41,24.85,25.77,10.93,3.4
2022-02-16 08:00:00,17.57,29.15,15.77,20.0,4.93,13.93,0.01,22.19,19.67,29.72,22.62,21.38,21.82,9.57,2.04
2022-02-16 09:00:00,15.72,27.25,14.31,17.57,3.03,12.7,-0.28,21.11,20.96,27.96,22.33,19.07,19.39,8.57,-0.52
2022-02-16 10:00:00,14.75,26.09,13.47,16.5,2.54,11.57,-0.29,19.65,20.85,26.99,20.83,18.0,18.31,8.28,-0.93
2022-02-16 11:00:00,15.09,26.32,13.7,17.0,2.45,11.78,-0.29,19.78,20.76,27.17,20.98,18.34,18.82,8.94,-0.87
2022-02-16 12:00:00,15.72,27.68,14.22,17.71,1.79,12.57,-1.09,20.35,21.53,28.58,21.66,19.05,19.91,11.27,-1.75
2022-02-16 13:00:00,16.28,28.52,14.75,18.25,1.89,13.25,-1.03,20.77,21.83,29.44,22.15,19.39,20.49,12.74,-1.72
2022-02-16 14:00:00,15.22,27.14,13.75,17.03,1.0,12.62,-1.79,19.59,21.33,28.07,20.63,17.99,19.21,11.92,-2.43
2022-02-16 15:00:00,15.73,27.54,14.15,17.75,1.22,12.84,-1.51,20.06,20.95,28.37,21.11,18.9,20.12,11.54,-1.94
2022-02-16 16:00:00,16.38,27.31,14.25,19.98,1.27,10.0,-0.28,17.13,12.69,28.08,16.54,22.48,23.9,8.44,0.71
2022-02-16 17:00:00,23.41,36.31,20.11,28.63,5.7,15.51,0.01,24.28,19.18,36.96,23.59,30.25,32.19,12.19,5.4
2022-02-16 18:00:00,32.3,45.19,29.78,37.15,23.06,22.04,14.74,32.21,25.5,45.92,31.67,38.49,38.08,19.65,20.72
2022-02-16 19:00:00,25.39,37.42,22.46,30.27,15.34,17.05,5.08,26.66,21.58,38.2,26.14,31.77,31.51,12.92,13.38
2022-02-16 20:00:00,22.61,33.4,20.21,26.7,12.21,15.32,5.43,24.6,19.84,33.96,24.26,28.59,28.22,10.96,9.79
2022-02-16 21:00:00,16.05,25.56,14.22,18.99,9.47,10.85,1.47,19.52,15.68,26.19,19.33,21.49,20.15,6.42,7.04
2022-02-16 22:00:00,10.84,18.37,9.41,13.23,5.7,6.32,-0.28,13.76,10.53,18.62,13.63,15.38,14.26,2.06,3.82
2022-02-16 23:00:00,7.22,13.11,6.15,9.37,3.82,2.43,-0.29,9.0,6.59,13.31,8.94,10.9,10.17,-1.38,2.62
2022-02-17 00:00:00,6.13,13.73,5.02,9.19,3.49,-2.55,-0.29,4.53,0.99,13.84,4.25,9.3,12.19,-8.08,3.21
2022-02-17 01:00:00,4.83,12.15,3.96,7.53,3.43,-3.54,-0.29,3.56,0.27,12.25,3.37,7.86,10.33,-9.28,3.04
2022-02-17 02:00:00,3.57,10.63,2.87,6.05,2.09,-4.59,-0.62,2.27,-0.96,10.72,2.09,6.26,8.84,-10.16,1.73
2022-02-17 03:00:00,2.66,10.42,1.83,5.25,0.76,-5.52,-2.84,1.15,-2.68,10.54,0.85,5.41,7.74,-10.25,0.33
2022-02-17 04:00:00,5.63,13.93,4.35,8.57,1.25,-1.9,-3.22,4.59,0.41,14.09,4.18,8.68,10.97,-6.08,0.73
2022-02-17 05:00:00,9.93,18.99,8.35,13.5,4.63,1.2,-0.29,8.25,3.38,19.21,7.74,13.9,15.99,-2.82,3.71
2022-02-17 06:00:00,21.67,33.74,19.57,26.0,14.57,11.6,6.96,19.47,13.26,34.59,18.76,26.66,28.5,8.93,13.21
2022-02-17 07:00:00,21.38,35.37,18.64,26.0,6.53,12.95,0.24,20.64,13.67,35.88,19.84,27.76,28.87,9.87,5.81
2022-02-17 08:00:00,20.67,34.17,18.06,24.92,1.65,13.43,-0.29,20.28,13.42,34.8,19.35,26.42,27.71,11.87,1.52
2022-02-17 09:00:00,19.83,32.26,17.0,23.53,-2.03,16.05,-3.85,20.48,14.71,32.73,19.45,27.56,28.06,16.84,-2.22
2022-02-17 10:00:00,20.92,34.94,17.94,24.57,-3.21,17.69,-5.44,22.05,16.02,35.58,20.71,29.39,29.53,18.42,-3.78
2022-02-17 11:00:00,20.52,33.96,17.97,23.58,-0.68,17.69,-3.33,24.43,16.54,34.56,24.14,25.66,26.49,18.66,-2.6
2022-02-17 12:00:00,21.53,34.61,18.71,24.9,-1.03,18.81,-3.46,25.43,17.67,35.23,25.27,26.77,27.78,19.96,-2.5
2022-02-17 13:00:00,21.4,33.94,18.72,24.86,0.06,17.86,-1.79,22.6,16.84,34.78,21.45,26.4,27.65,18.25,-0.69
2022-02-17 14:00:00,21.17,32.56,18.71,24.26,1.34,18.29,-0.29,22.23,17.17,33.4,21.18,25.76,26.76,18.9,0.76
2022-02-17 15:00:00,20.01,28.58,17.34,23.43,1.11,17.35,0.01,20.76,16.29,29.14,20.17,24.87,26.0,18.7,1.38
2022-02-17 16:00:00,19.5,26.51,16.83,22.69,3.2,18.1,0.01,20.33,16.84,26.75,19.49,24.07,25.66,18.09,3.0
2022-02-17 17:00:00,28.21,32.55,27.41,29.47,21.97,26.11,21.5,27.51,25.38,32.73,27.07,30.97,30.91,26.21,22.11
2022-02-17 18:00:00,66.15,69.72,65.8,67.3,63.93,62.63,63.55,64.93,62.86,69.92,64.65,68.24,72.8,61.67,63.66
2022-02-17 19:00:00,55.36,57.55,54.99,56.75,54.64,51.29,54.39,54.21,52.48,57.65,53.85,57.5,64.26,49.65,54.33
2022-02-17 20:00:00,55.49,57.15,55.04,57.37,56.11,49.79,55.85,53.88,52.59,57.25,53.66,58.33,59.23,46.19,55.78
2022-02-17 21:00:00,43.29,47.5,43.03,45.67,44.99,34.15,44.81,42.66,41.01,47.61,42.43,46.05,47.41,25.16,44.92
2022-02-17 22:00:00,32.12,36.08,31.94,34.36,34.1,23.25,34.07,32.4,31.38,36.28,32.42,34.64,37.97,12.88,34.37
2022-02-17 23:00:00,30.42,33.83,30.21,32.65,32.46,21.87,32.48,30.75,30.18,34.02,30.78,32.73,32.83,12.15,32.76
2022-02-18 00:00:00,31.3,36.75,31.2,33.7,33.39,21.04,33.33,31.28,29.3,36.79,31.26,33.71,33.74,10.85,33.81
2022-02-18 01:00:00,30.5,35.7,30.4,32.84,32.55,20.56,32.51,30.41,28.64,35.76,30.57,32.85,32.88,10.81,33.19
2022-02-18 02:00:00,30.93,35.71,30.8,33.25,32.97,21.27,32.98,31.06,29.34,35.65,31.28,33.34,33.29,11.69,33.77
2022-02-18 03:00:00,31.57,35.36,31.39,33.86,33.11,22.52,33.83,32.36,30.74,34.95,32.49,33.99,33.88,12.94,34.86
2022-02-18 04:00:00,31.95,36.74,31.86,34.1,32.97,22.71,33.9,32.09,29.99,36.64,32.13,34.56,34.13,14.8,35.11
2022-02-18 05:00:00,39.87,44.13,39.81,41.75,40.33,31.73,41.65,40.51,38.04,44.21,40.18,42.35,56.67,25.64,43.48
2022-02-18 06:00:00,116.78,121.01,115.72,121.74,117.3,101.23,118.91,111.91,111.27,121.27,112.08,123.24,141.74,92.51,120.75
2022-02-18 07:00:00,100.33,102.57,99.49,104.11,100.7,88.76,102.51,97.88,99.31,102.6,97.16,106.11,113.57,81.14,104.51
2022-02-18 08:00:00,48.01,50.49,48.21,48.4,48.68,44.9,49.03,48.6,46.83,50.91,48.56,49.51,50.4,43.96,49.53
2022-02-18 09:00:00,34.86,36.57,34.95,35.11,35.15,33.05,35.07,34.76,33.83,36.73,34.8,35.48,42.74,32.81,35.03
2022-02-18 10:00:00,29.59,30.84,29.66,29.72,29.67,28.47,29.6,29.29,28.49,30.93,29.24,29.86,31.68,28.32,29.55
2022-02-18 11:00:00,31.01,31.9,31.06,31.04,30.97,30.4,30.92,30.79,30.41,32.11,30.76,31.13,31.13,30.31,30.9
2022-02-18 12:00:00,29.26,29.75,29.3,29.25,29.24,28.98,29.23,29.14,28.99,29.9,29.13,29.29,29.3,28.95,29.22
2022-02-18 13:00:00,27.82,28.27,27.87,27.78,27.8,27.65,27.79,27.72,27.66,28.42,27.72,27.83,27.83,27.64,27.78
2022-02-18 14:00:00,27.21,27.6,27.25,27.17,27.19,27.06,27.18,27.11,27.07,27.74,27.11,27.21,27.21,27.06,27.18
2022-02-18 15:00:00,26.92,27.23,26.96,26.89,26.91,26.81,26.9,26.85,26.82,27.34,26.85,26.92,26.93,26.81,26.9
2022-02-18 16:00:00,27.38,27.8,27.43,27.34,27.36,27.23,27.35,27.28,27.24,27.95,27.28,27.38,27.38,27.23,27.35
2022-02-18 17:00:00,31.61,31.69,31.64,31.57,31.65,31.65,31.65,31.65,31.65,31.82,31.65,31.65,31.65,31.66,31.66
2022-02-18 18:00:00,60.39,60.54,60.48,60.25,60.61,60.49,60.62,60.7,60.68,60.74,60.63,60.62,61.26,60.8,60.8
2022-02-18 19:00:00,40.04,40.01,40.04,40.04,40.05,40.05,40.06,40.11,40.09,40.14,40.06,40.05,40.04,40.29,40.26
2022-02-18 20:00:00,38.72,38.74,38.69,38.74,38.74,38.78,38.49,38.77,38.77,38.83,38.76,38.74,38.74,39.01,39.04
2022-02-18 21:00:00,34.76,34.78,34.75,34.76,34.69,34.76,34.7,34.77,34.76,34.84,34.77,34.78,34.78,34.78,34.87
2022-02-18 22:00:00,31.59,31.64,31.57,31.6,31.42,31.6,31.42,31.6,31.59,31.7,31.59,31.66,31.64,31.62,31.54
2022-02-18 23:00:00,31.24,31.36,31.14,31.33,31.16,31.32,30.56,31.32,31.32,31.42,31.32,31.38,31.36,31.34,31.19
2022-02-19 00:00:00,27.0,27.0,27.0,27.0,27.0,27.0,27.0,27.0,27.0,27.0,27.0,27.0,27.0,27.0,27.08
2022-02-19 01:00:00,26.79,26.79,26.79,26.79,26.79,26.79,26.79,26.79,26.79,26.79,26.79,26.79,26.79,26.79,26.87
2022-02-19 02:00:00,27.07,27.07,27.07,27.07,27.07,27.07,27.07,27.07,27.07,27.07,27.08,27.07,27.07,27.07,27.17
2022-02-19 03:00:00,27.71,27.7,27.71,27.7,27.7,27.71,27.71,27.71,27.71,27.7,27.71,27.7,27.7,27.71,27.91
2022-02-19 04:00:00,28.65,28.65,28.65,28.64,28.64,28.65,28.65,28.64,28.65,28.65,28.67,28.64,28.64,28.66,28.86
2022-02-19 05:00:00,36.66,36.64,36.66,36.66,36.66,36.65,36.7,36.68,36.68,36.65,36.69,36.66,36.66,36.79,37.2
2022-02-19 06:00:00,59.99,59.99,59.98,60.05,60.07,59.78,60.1,60.04,59.99,60.11,60.02,60.05,60.05,60.9,60.51
2022-02-19 07:00:00,61.07,61.03,61.07,61.09,61.11,60.99,61.16,61.11,61.13,61.13,61.12,61.09,61.09,61.74,61.71
2022-02-19 08:00:00,36.84,36.81,36.84,36.86,36.86,36.81,36.87,36.92,36.85,36.92,36.86,36.86,36.86,37.39,36.9
2022-02-19 09:00:00,35.49,35.58,35.48,35.57,35.55,35.22,35.54,35.55,35.35,35.68,35.49,35.57,35.57,35.93,35.53
2022-02-19 10:00:00,34.11,34.17,34.11,34.12,34.11,34.05,34.11,34.09,34.04,34.2,34.09,34.13,34.12,34.24,34.1
2022-02-19 11:00:00,33.3,33.47,33.32,33.29,33.28,33.23,33.27,33.24,33.22,33.54,33.24,33.28,33.29,33.28,33.27
2022-02-19 12:00:00,32.46,32.67,32.48,32.44,32.43,32.37,32.42,32.39,32.36,32.75,32.38,32.44,32.44,32.39,32.42
2022-02-19 13:00:00,26.3,26.53,26.33,26.29,26.28,26.21,26.27,26.24,26.21,26.61,26.23,26.29,26.29,26.22,26.27
2022-02-19 14:00:00,23.05,23.17,23.07,23.03,22.78,23.02,23.06,23.03,23.02,23.22,23.03,23.03,23.03,23.05,23.12
2022-02-19 15:00:00,20.3,20.43,20.35,20.24,19.18,20.32,20.41,20.32,20.33,20.48,20.33,20.24,20.23,20.34,20.69
2022-02-19 16:00:00,20.73,20.99,20.79,20.64,19.2,20.68,20.86,20.72,20.71,21.08,20.73,20.63,20.62,20.68,21.24
2022-02-19 17:00:00,30.89,31.11,30.98,30.77,28.35,30.91,31.15,30.95,30.96,31.19,30.98,30.75,30.73,31.01,31.78
2022-02-19 18:00:00,56.4,56.54,56.49,56.29,53.65,56.41,56.71,56.5,56.47,56.6,56.54,56.28,56.25,56.71,57.4
2022-02-19 19:00:00,31.16,31.64,31.04,31.41,27.92,30.65,30.46,31.06,30.71,31.8,31.09,31.56,31.7,31.71,31.12
2022-02-19 20:00:00,26.04,27.83,24.78,27.3,14.91,26.58,17.41,26.93,26.46,27.96,26.81,27.48,28.0,27.4,20.29
2022-02-19 21:00:00,20.48,24.2,18.65,22.0,5.02,22.4,6.03,23.26,21.79,24.41,23.02,22.84,22.9,23.97,7.71
2022-02-19 22:00:00,16.63,20.81,14.61,18.07,-0.84,19.84,-0.28,20.76,19.21,20.88,20.56,19.29,19.15,20.58,0.31
2022-02-19 23:00:00,15.94,20.19,13.85,17.43,-2.02,19.24,-1.47,20.16,18.62,20.25,19.94,18.6,18.54,19.93,-0.84
2022-02-20 00:00:00,16.44,20.51,14.16,17.78,0.0,21.07,-2.73,20.47,20.87,20.56,21.05,17.99,18.5,22.22,-1.15
2022-02-20 01:00:00,14.0,17.85,11.86,15.28,-1.49,18.27,-3.96,17.9,18.2,17.9,18.4,15.55,15.96,19.12,-2.72
2022-02-20 02:00:00,14.96,18.86,12.85,16.13,-0.65,19.55,-3.14,18.87,19.37,18.93,19.4,16.32,16.78,20.67,-2.21
2022-02-20 03:00:00,15.22,18.91,13.13,16.46,-0.37,19.49,-2.35,18.79,19.3,18.97,19.38,16.59,17.12,20.8,-1.75
2022-02-20 04:00:00,17.18,20.85,15.08,18.48,0.35,21.31,-0.29,20.91,21.3,20.89,21.5,18.65,19.11,22.11,-0.41
2022-02-20 05:00:00,20.54,24.24,17.71,22.88,0.8,24.02,-0.28,23.95,23.78,24.32,23.99,22.9,23.6,25.42,0.72
2022-02-20 06:00:00,27.64,32.94,24.11,30.16,4.47,33.34,0.01,32.93,33.31,33.07,33.49,30.85,30.92,35.32,2.47
2022-02-20 07:00:00,36.67,43.42,32.07,40.04,6.68,43.82,0.98,43.73,43.93,43.58,44.18,40.91,40.8,45.97,4.98
2022-02-20 08:00:00,34.07,40.26,30.71,35.97,9.42,41.32,5.27,40.55,41.26,40.42,41.56,36.88,36.64,44.39,6.32
2022-02-20 09:00:00,26.48,32.5,23.57,27.91,3.37,33.5,0.36,32.47,33.13,32.68,33.39,28.57,28.62,36.5,0.21
2022-02-20 10:00:00,23.55,28.75,20.82,25.11,1.84,29.42,0.01,28.86,29.72,28.88,29.65,25.22,25.75,30.3,-0.78
2022-02-20 11:00:00,21.13,26.2,18.77,22.39,1.72,26.5,0.01,25.93,27.16,26.4,26.92,22.44,23.18,27.21,-1.24
2022-02-20 12:00:00,18.43,23.2,16.29,19.81,1.49,22.29,-0.14,22.33,22.82,23.4,22.99,19.86,20.54,22.59,-0.72
2022-02-20 13:00:00,15.98,20.99,14.24,17.02,1.35,19.22,-0.28,19.35,19.86,21.2,20.26,17.03,17.75,19.7,-1.31
2022-02-20 14:00:00,14.35,18.86,12.73,15.43,1.05,16.92,-0.28,17.12,17.29,19.04,17.79,15.51,16.13,17.49,-1.15
2022-02-20 15:00:00,13.77,18.7,12.2,15.0,0.85,15.38,-0.28,16.08,15.62,18.89,16.55,15.11,15.72,15.74,-1.09
2022-02-20 16:00:00,14.75,20.29,13.15,16.0,1.39,16.3,0.01,17.09,16.76,20.49,17.92,16.01,16.81,16.61,-0.96
2022-02-20 17:00:00,21.42,28.91,18.86,23.71,4.53,22.8,0.01,24.43,23.1,29.14,24.9,23.83,24.47,23.04,2.34
2022-02-20 18:00:00,35.97,43.48,33.08,38.71,23.96,36.85,13.28,38.56,37.04,43.67,38.82,38.71,39.41,36.98,22.15
2022-02-20 19:00:00,24.48,31.78,21.35,27.36,5.29,26.24,0.01,28.0,25.8,31.92,27.81,27.36,28.16,26.2,4.37
2022-02-20 20:00:00,22.54,29.54,19.48,25.77,0.76,22.91,-0.29,24.88,22.18,29.69,24.24,25.62,26.84,22.71,0.66
2022-02-20 21:00:00,17.88,24.92,15.53,20.55,0.24,17.03,-0.39,19.65,16.55,25.07,19.08,20.66,21.58,16.33,-0.12
2022-02-20 22:00:00,9.97,14.01,8.2,12.0,-2.02,9.55,-2.78,11.15,9.35,14.03,10.78,12.01,12.82,8.78,-2.26
2022-02-20 23:00:00,5.68,9.17,4.39,7.34,-2.79,4.52,-3.48,6.36,4.69,9.2,6.04,7.36,7.93,3.42,-3.01
2022-02-21 00:00:00,6.91,12.55,5.15,8.9,-2.21,6.14,-7.0,9.46,7.16,12.56,9.08,9.15,9.48,3.73,-3.02
2022-02-21 01:00:00,5.74,11.08,4.08,7.71,-3.51,4.55,-7.0,8.1,5.93,11.09,7.79,7.93,8.25,1.74,-4.26
2022-02-21 02:00:00,4.79,9.66,3.29,6.5,-3.68,4.02,-7.0,7.23,5.26,9.66,6.94,6.78,7.0,1.42,-4.42
2022-02-21 03:00:00,6.34,11.71,4.73,8.21,-2.39,5.34,-6.32,8.89,6.75,11.72,8.58,8.46,8.76,2.49,-3.18
2022-02-21 04:00:00,8.31,13.61,7.04,10.0,-0.56,6.56,-2.02,10.58,8.48,13.62,10.33,10.2,10.54,3.1,-1.2
2022-02-21 05:00:00,11.87,18.42,10.39,13.85,2.49,9.57,-0.29,13.94,11.05,18.45,13.64,14.24,14.4,6.42,1.63
2022-02-21 06:00:00,19.44,27.57,17.85,22.01,13.43,14.82,7.01,20.77,16.65,27.82,20.57,22.62,22.48,11.68,12.17
2022-02-21 07:00:00,20.85,28.89,19.52,23.23,15.92,15.79,10.16,21.73,17.49,29.04,21.49,23.79,23.68,12.4,14.68
2022-02-21 08:00:00,20.68,29.3,19.48,22.95,17.33,15.25,10.41,22.11,17.55,29.54,22.02,24.13,23.45,11.87,15.42
2022-02-21 09:00:00,18.16,26.57,16.62,20.85,11.84,12.83,6.24,20.28,15.62,26.73,20.01,21.97,21.44,10.64,9.99
2022-02-21 10:00:00,18.06,26.86,16.51,20.82,10.59,12.45,5.92,19.56,15.56,27.27,19.29,21.26,21.53,9.97,9.41
2022-02-21 11:00:00,16.63,26.91,14.52,19.91,6.15,11.26,0.01,18.63,14.25,27.55,18.21,20.77,20.8,8.65,4.49
2022-02-21 12:00:00,19.47,32.17,16.91,23.83,3.53,11.65,0.01,20.52,14.28,32.56,19.79,24.02,25.05,8.98,2.04
2022-02-21 13:00:00,21.09,35.36,18.44,25.62,2.59,12.78,0.01,21.72,15.24,36.16,20.87,25.71,27.2,10.53,1.3
2022-02-21 14:00:00,21.07,35.34,18.59,25.0,2.39,14.32,-0.29,22.55,17.23,36.16,22.06,25.01,26.96,12.24,0.88
2022-02-21 15:00:00,21.05,36.01,18.75,24.64,2.99,14.63,-0.29,22.93,18.15,37.13,22.76,24.72,26.24,11.77,0.69
2022-02-21 16:00:00,20.12,33.35,17.81,23.6,3.31,14.56,-0.28,22.49,18.65,33.92,22.67,23.76,24.91,11.5,0.51
2022-02-21 17:00:00,25.02,36.07,21.97,30.24,11.6,16.33,5.25,25.38,20.04,36.36,24.75,30.7,30.87,12.76,9.9
2022-02-21 18:00:00,37.88,49.48,35.56,43.33,32.66,24.46,24.97,35.76,29.22,49.7,35.19,43.72,44.73,19.85,30.97
2022-02-21 19:00:00,38.93,49.75,38.35,42.3,37.66,25.82,35.54,37.57,31.02,50.07,37.08,42.87,51.02,21.26,36.76
2022-02-21 20:00:00,28.26,36.79,27.86,30.64,27.7,18.68,25.34,28.17,23.71,37.04,28.1,31.28,31.14,14.31,26.7
2022-02-21 21:00:00,22.81,30.94,22.23,25.06,20.63,14.76,18.17,23.0,19.03,31.17,22.83,25.55,25.67,10.21,19.73
2022-02-21 22:00:00,14.35,23.0,13.18,16.8,7.99,8.22,4.69,14.86,11.11,23.36,14.46,16.99,17.51,4.16,7.21
2022-02-21 23:00:00,9.13,17.19,8.07,11.25,4.43,3.84,0.0,10.4,6.73,17.26,10.06,11.43,11.98,-0.11,3.77
2022-02-22 00:00:00,3.11,11.63,2.97,4.7,1.02,-4.45,0.01,3.14,-0.67,11.77,2.66,4.74,5.17,-9.44,0.34
2022-02-22 01:00:00,1.87,9.64,1.77,3.52,0.69,-5.98,-0.1,1.72,-1.65,9.77,1.32,3.57,3.86,-11.56,-0.06
2022-02-22 02:00:00,1.67,9.14,1.57,3.35,0.67,-6.22,0.01,1.58,-1.42,9.23,1.2,3.37,3.68,-12.39,-0.03
2022-02-22 03:00:00,1.84,9.19,1.68,3.6,1.51,-6.08,0.01,1.47,-1.64,9.31,1.12,3.61,3.85,-11.85,0.8
2022-02-22 04:00:00,3.71,11.26,3.57,5.5,3.77,-4.5,2.0,3.0,-0.65,11.4,2.69,5.52,5.69,-9.49,3.02
2022-02-22 05:00:00,9.65,17.11,9.6,11.55,10.67,0.63,9.12,8.14,4.04,17.23,7.89,11.47,11.67,-4.07,9.98
2022-02-22 06:00:00,27.1,34.56,27.19,29.1,28.35,17.09,28.02,25.68,22.06,34.79,25.65,29.01,29.32,10.53,27.87
2022-02-22 07:00:00,32.75,40.85,32.86,34.84,33.98,22.16,33.6,30.98,26.63,41.11,30.88,34.77,35.33,16.13,33.42
2022-02-22 08:00:00,30.46,38.32,30.62,32.16,31.24,21.17,30.82,28.6,24.24,38.83,28.47,32.13,32.23,19.11,30.55
2022-02-22 09:00:00,25.14,32.2,25.33,26.48,25.67,17.36,25.29,23.52,19.89,32.83,23.37,26.49,27.13,17.98,25.02
2022-02-22 10:00:00,29.36,35.44,29.58,30.35,29.78,23.02,29.52,28.29,25.73,36.44,28.24,30.32,31.01,25.13,29.3
2022-02-22 11:00:00,35.26,39.16,35.33,36.21,35.88,30.23,35.72,35.02,33.48,39.96,35.16,36.2,36.56,33.79,35.6
2022-02-22 12:00:00,37.06,40.34,37.07,38.0,37.64,32.47,37.45,37.26,36.08,41.04,37.54,37.99,38.23,36.77,37.27
2022-02-22 13:00:00,38.92,42.62,38.96,39.8,39.31,34.36,39.07,39.24,38.26,43.58,39.67,39.78,39.93,39.26,38.78
2022-02-22 14:00:00,38.12,41.77,38.15,38.98,38.44,33.69,38.16,38.52,37.62,42.59,38.99,38.96,39.1,38.23,37.82
2022-02-22 15:00:00,33.46,37.07,33.48,34.23,33.54,29.44,33.18,34.0,33.23,37.83,34.6,34.19,34.26,33.89,32.71
2022-02-22 16:00:00,33.36,36.06,33.29,34.39,34.01,28.89,33.82,33.72,32.27,36.51,34.08,34.38,34.43,33.62,33.63
2022-02-22 17:00:00,44.34,47.51,44.18,46.02,45.38,37.7,45.5,44.75,43.02,49.34,45.57,45.98,46.04,43.72,45.44
2022-02-22 18:00:00,46.01,49.31,45.84,47.95,46.75,38.4,47.72,46.89,45.93,50.84,47.6,47.91,47.95,41.79,48.02
2022-02-22 19:00:00,32.29,36.04,32.32,33.54,31.2,26.32,33.4,32.11,30.16,36.72,32.36,33.49,33.59,26.11,34.07
2022-02-22 20:00:00,28.85,34.41,28.89,30.31,27.84,21.54,29.28,28.13,25.37,34.77,28.17,30.24,30.42,18.62,30.48
2022-02-22 21:00:00,26.99,33.76,26.77,28.78,25.88,19.28,25.25,26.41,22.9,34.18,26.39,28.82,28.83,16.46,28.25
2022-02-22 22:00:00,13.21,21.43,12.71,15.03,11.84,6.35,8.05,12.82,8.84,22.44,12.63,15.13,15.33,3.82,12.04
2022-02-22 23:00:00,6.67,14.68,5.96,8.45,4.06,1.0,-0.29,6.95,3.21,15.61,6.73,8.53,8.85,-1.33,4.05
2022-02-23 00:00:00,11.38,18.67,10.9,13.38,11.8,3.9,7.65,9.7,5.46,18.92,9.36,13.64,13.56,1.03,11.16
2022-02-23 01:00:00,12.92,19.41,12.79,14.63,13.41,5.26,11.87,11.21,7.48,19.81,10.95,14.85,14.79,1.79,12.84
2022-02-23 02:00:00,15.24,20.93,15.14,16.87,15.95,7.94,14.81,13.71,10.51,21.33,13.58,17.02,17.03,4.68,15.39
2022-02-23 03:00:00,24.1,29.12,24.08,25.59,24.86,17.12,24.5,22.69,19.97,29.93,22.81,25.7,25.7,14.59,24.7
2022-02-23 04:00:00,34.07,36.57,33.97,35.19,34.88,29.46,34.68,33.54,32.58,37.19,33.71,35.38,35.3,26.37,34.98
2022-02-23 05:00:00,36.67,38.82,36.48,37.89,37.36,32.26,36.95,35.96,34.98,39.52,36.12,38.5,38.1,29.71,37.54
2022-02-23 06:00:00,42.14,43.95,41.84,43.57,42.89,37.53,42.33,40.96,39.92,44.3,41.03,45.41,44.17,35.29,43.57
2022-02-23 07:00:00,47.5,49.5,47.23,49.07,48.45,42.3,48.04,47.01,45.21,50.06,46.75,50.83,49.82,39.56,50.05
2022-02-23 08:00:00,44.73,48.21,44.57,46.31,45.57,38.57,45.18,43.84,41.56,48.77,43.68,47.91,47.19,35.43,46.46
2022-02-23 09:00:00,36.78,39.41,36.5,38.6,37.92,30.46,37.52,36.58,34.15,39.98,36.34,40.2,41.6,29.08,38.31
2022-02-23 10:00:00,36.17,39.42,35.96,38.07,37.48,29.11,37.24,35.86,34.06,40.13,36.1,39.57,50.35,28.2,37.65
2022-02-23 11:00:00,36.53,39.55,36.35,38.36,37.96,29.62,37.87,37.01,34.89,40.45,37.19,39.87,40.52,29.34,38.34
2022-02-23 12:00:00,36.52,39.55,36.33,38.36,37.88,29.65,37.77,37.47,35.01,40.45,37.29,39.86,39.61,30.06,38.17
2022-02-23 13:00:00,35.19,38.57,35.02,37.02,36.53,28.11,36.36,36.3,33.26,39.47,35.82,38.36,38.13,28.18,36.87
2022-02-23 14:00:00,35.45,39.35,35.3,37.34,36.87,27.83,36.67,36.95,33.87,39.97,36.35,38.5,38.06,27.56,37.17
2022-02-23 15:00:00,35.94,39.03,35.79,37.6,37.16,29.51,37.0,36.46,33.85,40.13,36.26,38.97,38.29,30.69,37.77
2022-02-23 16:00:00,35.11,36.28,34.46,38.02,37.51,26.43,37.11,36.97,31.53,37.3,34.85,39.53,38.69,26.7,38.08
2022-02-23 17:00:00,49.56,47.13,48.36,54.21,54.48,37.49,54.62,50.07,44.59,48.13,47.45,55.64,57.49,34.96,56.87
2022-02-23 18:00:00,71.6,68.79,70.56,76.15,77.41,59.25,78.04,72.26,66.29,69.7,69.26,77.65,96.15,55.01,81.92
2022-02-23 19:00:00,66.2,63.24,65.18,70.21,70.92,55.95,71.31,69.42,62.37,64.04,65.11,71.71,90.21,52.43,74.21
2022-02-23 20:00:00,67.63,66.0,67.03,70.24,70.98,60.47,71.41,68.05,65.03,66.81,66.41,71.46,72.18,57.32,75.29
2022-02-23 21:00:00,52.7,51.53,52.23,54.82,55.37,46.79,55.78,52.7,49.58,52.03,51.09,55.75,56.19,44.84,58.58
2022-02-23 22:00:00,40.53,40.44,40.38,41.63,42.19,36.88,42.57,41.16,41.44,40.95,41.64,42.12,41.92,32.96,44.66
2022-02-23 23:00:00,38.47,38.09,38.24,39.66,40.06,34.86,40.34,38.97,39.07,38.7,39.34,40.0,39.81,30.59,42.33
2022-02-24 00:00:00,41.71,41.7,41.67,42.09,42.31,40.38,42.49,41.84,41.63,41.8,41.73,46.09,42.11,39.35,44.71
2022-02-24 01:00:00,40.88,40.92,40.87,41.02,41.07,40.36,41.17,41.0,40.99,41.02,41.07,44.03,41.02,39.88,43.34
2022-02-24 02:00:00,40.98,40.84,40.96,41.04,41.07,40.8,41.17,41.09,41.06,41.03,41.1,43.14,41.04,40.73,43.16
2022-02-24 03:00:00,41.81,41.66,41.81,41.87,41.94,41.65,42.06,41.87,41.8,41.76,41.83,44.37,41.87,41.69,44.06
2022-02-24 04:00:00,42.63,42.4,42.66,42.69,42.99,42.33,43.21,42.62,42.46,42.56,42.63,45.23,45.69,42.53,45.22
2022-02-24 05:00:00,46.9,44.69,46.34,48.33,47.82,44.37,47.96,44.84,45.13,44.88,44.96,53.33,54.35,44.76,51.92
2022-02-24 06:00:00,98.55,97.67,98.23,99.72,99.95,95.51,100.0,101.75,98.67,98.11,99.41,105.29,119.73,97.84,105.57
2022-02-24 07:00:00,97.66,95.41,97.15,99.32,100.05,93.84,100.0,99.6,96.22,96.22,97.48,105.33,119.32,95.42,104.99
2022-02-24 08:00:00,67.12,66.62,67.5,67.29,71.7,64.54,71.56,68.95,67.04,67.6,67.9,78.54,70.29,66.37,74.15
2022-02-24 09:00:00,49.51,50.03,49.71,49.73,51.73,47.56,51.5,50.01,48.89,50.53,49.57,56.52,51.36,49.14,53.06
2022-02-24 10:00:00,51.83,51.53,51.79,52.42,53.71,49.74,53.46,50.97,50.41,52.25,50.96,58.42,54.27,51.03,54.56
2022-02-24 11:00:00,47.38,45.6,46.75,48.94,48.29,44.57,47.89,44.92,44.86,46.02,45.1,53.07,51.88,45.01,48.77
2022-02-24 12:00:00,42.03,42.53,42.03,42.16,42.13,41.41,42.0,41.97,41.61,43.23,41.84,44.61,42.18,41.72,42.66
2022-02-24 13:00:00,43.51,43.5,43.07,44.77,43.71,40.65,43.35,41.34,40.8,43.92,41.37,47.49,46.56,40.69,44.0
2022-02-24 14:00:00,41.84,39.54,40.68,44.61,42.3,36.92,41.67,37.58,37.11,39.96,37.75,47.28,48.88,36.83,42.43
2022-02-24 15:00:00,40.63,37.59,39.11,44.27,41.24,34.15,40.42,35.01,34.38,37.99,35.26,46.98,49.88,34.15,41.35
2022-02-24 16:00:00,35.91,37.54,35.94,36.18,35.96,34.29,35.74,35.36,34.31,37.9,35.29,38.24,36.19,34.15,36.49
2022-02-24 17:00:00,44.39,45.43,44.41,44.62,44.49,43.18,44.39,44.17,43.42,46.33,43.95,47.04,44.63,43.23,45.04
2022-02-24 18:00:00,64.94,64.99,64.7,66.24,66.57,60.85,66.71,62.45,60.93,65.7,62.42,69.26,67.77,60.93,68.39
2022-02-24 19:00:00,48.84,50.15,48.93,49.48,50.36,45.5,50.6,47.71,46.26,50.54,47.78,51.97,49.74,44.88,52.38
2022-02-24 20:00:00,46.07,47.74,46.16,46.65,47.17,42.98,47.25,45.56,44.86,48.24,45.77,48.66,46.88,41.15,48.51
2022-02-24 21:00:00,42.79,44.53,42.81,43.35,43.28,40.05,43.32,42.39,41.68,44.8,42.54,44.85,43.38,38.31,44.16
2022-02-24 22:00:00,35.34,35.54,35.29,35.78,35.9,33.81,36.04,35.59,35.85,35.84,35.74,37.37,35.8,31.59,37.12
2022-02-24 23:00:00,33.05,32.98,32.99,33.51,33.79,31.55,33.92,33.47,33.81,33.38,33.68,35.01,33.58,29.6,34.85
2022-02-25 00:00:00,42.77,42.21,42.15,44.95,44.13,37.29,44.14,41.47,42.54,42.28,42.18,45.37,46.8,34.31,45.88
2022-02-25 01:00:00,42.84,42.47,42.4,44.56,44.08,38.37,44.18,42.17,43.11,42.67,42.83,44.91,45.81,35.65,45.9
2022-02-25 02:00:00,42.73,43.35,42.64,43.69,43.99,39.26,44.26,43.07,44.13,43.55,43.87,44.0,44.77,36.23,45.93
2022-02-25 03:00:00,44.38,44.14,44.13,45.69,45.91,40.55,46.13,44.41,45.53,44.34,45.21,46.04,46.8,37.92,47.82
2022-02-25 04:00:00,45.18,44.44,44.59,47.31,46.7,39.8,46.84,43.88,45.1,44.49,44.65,47.91,49.12,36.83,48.63
2022-02-25 05:00:00,61.48,57.74,60.04,65.85,64.92,51.91,64.67,60.53,59.64,58.03,60.17,67.85,69.01,48.61,67.23
2022-02-25 06:00:00,183.96,175.81,181.45,191.35,191.28,168.04,190.6,204.02,181.04,176.38,199.21,193.89,194.35,169.04,194.17
2022-02-25 07:00:00,181.06,177.8,179.7,186.02,185.78,168.24,186.75,201.72,181.24,178.2,197.47,188.75,188.19,169.77,201.75
2022-02-25 08:00:00,81.99,81.21,80.97,85.87,85.41,71.29,85.51,93.29,78.4,81.55,91.16,88.57,87.17,73.23,91.51
2022-02-25 09:00:00,59.07,62.51,58.88,60.83,60.23,52.11,60.08,73.67,55.17,62.91,64.48,62.63,80.83,54.66,62.08
2022-02-25 10:00:00,61.15,64.06,60.8,62.79,61.09,55.64,60.7,64.27,57.71,64.48,61.57,64.79,82.25,56.21,61.33
2022-02-25 11:00:00,51.94,52.86,51.64,52.95,52.08,49.14,51.59,54.71,51.02,53.26,52.68,53.86,57.12,49.64,52.24
2022-02-25 12:00:00,44.57,44.87,44.38,45.15,44.66,43.14,44.34,45.42,44.63,45.13,44.99,45.69,47.27,43.67,44.74
2022-02-25 13:00:00,44.66,45.01,44.47,45.25,44.69,43.22,44.39,45.56,44.32,45.41,44.89,45.67,46.5,43.77,44.79
2022-02-25 14:00:00,43.3,43.74,43.17,43.72,43.27,42.1,43.13,43.57,42.76,43.95,43.26,44.15,44.47,42.63,43.34
2022-02-25 15:00:00,42.26,42.65,42.12,42.75,42.25,40.9,42.17,42.5,41.49,43.0,42.1,43.05,43.46,41.55,42.32
2022-02-25 16:00:00,44.6,44.28,44.45,44.95,44.59,44.02,44.57,44.98,44.79,44.56,44.92,45.26,45.67,44.71,44.9
2022-02-25 17:00:00,48.19,47.95,48.07,48.51,48.15,47.56,48.29,48.97,48.64,48.25,48.84,48.81,49.62,48.08,50.27
2022-02-25 18:00:00,56.08,55.59,55.9,56.53,56.07,55.23,56.25,58.46,56.32,55.89,57.37,57.02,57.65,56.12,59.2
2022-02-25 19:00:00,50.11,49.93,50.01,50.39,50.03,49.47,50.24,50.8,50.22,49.95,50.85,50.77,52.65,50.69,53.51
2022-02-25 20:00:00,51.84,51.59,51.72,52.11,51.75,51.34,51.84,52.43,52.15,51.73,52.58,52.42,52.59,52.43,55.09
2022-02-25 21:00:00,50.71,50.58,50.63,50.87,50.54,50.43,50.65,50.94,50.84,50.56,50.97,51.12,51.34,51.38,53.87
2022-02-25 22:00:00,39.75,39.75,39.77,39.75,39.65,39.63,39.94,39.91,39.89,39.73,39.96,39.76,40.28,40.33,43.48
2022-02-25 23:00:00,37.82,37.89,37.82,37.87,37.78,37.55,37.97,37.89,37.72,37.94,38.0,37.88,38.08,38.42,40.51
2022-02-26 00:00:00,45.68,45.72,45.65,45.8,45.74,45.3,45.79,45.85,45.81,45.69,46.04,45.83,46.51,48.3,47.4
2022-02-26 01:00:00,43.94,43.99,43.89,44.06,44.0,43.61,43.91,44.09,44.01,43.96,44.32,44.09,44.77,46.07,45.51
2022-02-26 02:00:00,46.15,46.2,46.12,46.28,46.22,45.79,46.21,46.32,46.25,46.16,46.49,46.31,46.99,48.09,47.81
2022-02-26 03:00:00,47.03,47.07,46.99,47.15,47.12,46.73,47.02,47.2,47.3,47.06,47.28,47.17,47.87,48.58,48.63
2022-02-26 04:00:00,46.67,46.71,46.67,46.74,46.71,46.37,46.84,46.73,46.88,46.7,46.9,46.76,47.83,48.23,48.45
2022-02-26 05:00:00,57.83,57.94,57.8,58.0,57.93,57.21,58.05,57.97,57.9,57.92,58.21,58.14,61.57,59.53,59.89
2022-02-26 06:00:00,89.66,89.75,89.52,89.93,89.88,89.18,89.19,89.84,90.23,89.72,90.61,90.13,95.95,91.83,92.19
2022-02-26 07:00:00,90.71,90.44,90.56,91.03,91.05,89.77,90.98,90.98,91.03,90.86,92.38,91.29,97.06,93.67,93.65
2022-02-26 08:00:00,100.58,100.45,100.28,101.07,101.07,99.61,100.01,101.25,101.46,100.87,102.73,101.49,107.72,103.73,103.47
2022-02-26 09:00:00,89.07,89.01,88.97,89.36,89.42,88.19,89.33,91.61,89.63,89.27,91.12,89.98,109.37,92.2,91.09
2022-02-26 10:00:00,81.7,81.47,81.61,81.82,81.86,81.53,81.62,82.93,81.9,82.06,82.83,82.38,101.82,84.76,82.84
2022-02-26 11:00:00,69.52,69.54,69.5,69.57,69.58,69.38,69.5,70.88,69.68,69.77,70.3,70.12,89.28,72.03,70.74
2022-02-26 12:00:00,51.76,51.6,51.71,51.86,51.83,51.61,51.76,52.89,51.9,51.95,52.25,52.03,57.89,53.31,52.92
2022-02-26 13:00:00,45.09,44.94,45.04,45.22,45.19,44.86,45.14,46.18,45.22,45.24,45.54,45.27,47.23,46.4,46.07
2022-02-26 14:00:00,41.48,41.42,41.44,41.56,41.53,41.3,41.49,42.56,41.53,41.51,41.88,41.59,42.56,42.66,42.41
2022-02-26 15:00:00,39.64,39.61,39.6,39.74,39.71,39.38,39.67,41.37,39.67,39.65,40.22,39.78,40.86,40.74,40.6
2022-02-26 16:00:00,40.2,40.18,40.17,40.29,40.25,40.0,40.2,41.76,40.25,40.22,40.72,40.31,41.4,41.19,41.4
2022-02-26 17:00:00,65.06,64.81,65.01,65.17,65.15,64.96,65.1,66.53,65.16,65.21,65.68,65.24,68.17,66.31,66.4
2022-02-26 18:00:00,100.02,100.04,100.0,100.1,100.05,99.73,100.15,101.01,100.19,100.18,100.58,100.3,108.28,101.73,102.65
2022-02-26 19:00:00,95.25,95.23,95.24,95.31,95.28,95.01,95.43,96.13,95.34,95.36,95.77,95.51,103.22,97.34,98.03
2022-02-26 20:00:00,75.96,75.85,75.93,76.05,75.98,75.72,76.09,76.7,76.02,76.07,76.48,76.09,77.52,77.72,78.86
2022-02-26 21:00:00,67.98,67.92,67.97,68.03,67.99,67.84,68.09,68.78,67.99,67.98,68.4,68.05,68.74,69.34,70.08
2022-02-26 22:00:00,54.92,55.03,54.92,55.03,54.99,54.48,55.12,55.07,55.08,55.0,55.1,55.04,55.51,55.85,56.72
2022-02-26 23:00:00,48.58,48.66,48.58,48.65,48.6,48.31,48.71,48.69,48.7,48.63,48.71,48.65,48.77,49.11,50.31
2022-02-27 00:00:00,46.15,46.16,46.16,46.14,46.12,46.16,46.17,46.17,46.16,46.26,46.19,46.15,46.14,46.22,46.64
2022-02-27 01:00:00,43.22,43.22,43.23,43.22,43.19,43.22,43.24,43.23,43.23,43.22,43.24,43.22,43.22,43.25,43.77
2022-02-27 02:00:00,38.71,38.71,38.72,38.7,38.69,38.71,38.74,38.72,38.72,38.82,38.74,38.7,38.7,38.76,39.27
2022-02-27 03:00:00,36.39,36.35,36.39,36.41,36.42,36.32,36.48,36.38,36.35,36.4,36.43,36.41,36.41,36.43,37.01
2022-02-27 04:00:00,35.82,35.67,35.8,35.96,36.07,35.37,36.18,35.85,36.2,35.76,35.99,35.98,35.97,35.1,36.7
2022-02-27 05:00:00,39.21,38.95,39.15,39.58,39.86,38.02,40.05,39.35,40.15,38.98,39.73,39.6,39.59,37.49,40.77
2022-02-27 06:00:00,50.43,48.23,49.66,52.33,51.46,46.9,51.18,48.96,49.42,48.4,49.68,52.76,54.83,47.27,52.04
2022-02-27 07:00:00,49.9,49.03,49.56,51.02,51.0,47.16,51.05,49.97,50.17,49.18,50.91,51.3,51.95,48.2,51.86
2022-02-27 08:00:00,42.33,42.24,42.15,42.93,42.97,40.65,42.8,43.15,43.05,42.41,43.82,43.18,43.01,41.55,43.18
2022-02-27 09:00:00,33.52,33.79,33.31,34.0,33.92,32.38,33.06,34.47,33.43,34.07,34.58,34.13,34.04,34.09,33.87
2022-02-27 10:00:00,30.48,30.65,30.37,30.75,30.71,29.78,30.31,30.81,30.39,30.86,30.89,30.76,30.75,30.95,30.69
2022-02-27 11:00:00,28.74,28.87,28.62,29.0,28.91,28.26,28.35,28.82,28.51,29.03,28.91,29.01,29.08,29.33,28.95
2022-02-27 12:00:00,27.8,26.17,27.23,28.96,28.22,26.28,27.49,26.61,26.51,26.31,26.69,29.04,31.92,26.99,27.9
2022-02-27 13:00:00,25.21,25.35,25.16,25.29,25.27,25.04,24.96,25.26,25.14,25.48,25.29,25.29,25.29,25.54,25.29
2022-02-27 14:00:00,24.0,24.06,23.96,24.07,24.06,23.94,23.76,24.06,24.01,24.13,24.07,24.07,24.07,24.24,24.09
2022-02-27 15:00:00,23.96,23.56,23.78,24.28,24.09,23.59,23.7,23.68,23.66,23.58,23.7,24.3,25.07,23.8,24.03
2022-02-27 16:00:00,25.97,26.0,25.95,26.0,25.99,25.98,25.82,26.0,25.98,26.01,26.0,26.0,26.0,26.06,26.02
2022-02-27 17:00:00,30.16,30.14,30.15,30.16,30.15,30.15,30.15,30.16,30.16,30.19,30.17,30.16,30.16,30.23,30.36
2022-02-27 18:00:00,62.0,62.0,62.0,62.0,61.98,61.98,62.02,61.99,62.0,62.02,62.03,62.0,62.0,62.16,62.54
2022-02-27 19:00:00,53.53,53.53,53.53,53.53,53.53,53.52,53.55,53.53,53.53,53.54,53.57,53.53,53.53,53.76,54.35
2022-02-27 20:00:00,48.0,48.0,47.99,48.0,47.98,47.99,47.99,48.01,48.02,48.02,48.05,48.0,48.0,48.4,49.17
2022-02-27 21:00:00,40.0,40.0,40.0,40.0,39.97,39.99,40.01,40.01,40.04,40.01,40.03,40.0,40.0,40.4,40.68
2022-02-27 22:00:00,32.3,32.31,32.31,32.28,32.06,32.32,32.35,32.32,32.33,32.35,32.33,32.28,32.28,32.43,32.76
2022-02-27 23:00:00,31.28,31.29,31.29,31.27,31.1,31.29,31.32,31.29,31.3,31.28,31.3,31.27,31.27,32.98,31.71
2022-02-28 00:00:00,30.4,30.4,30.43,30.35,29.51,30.45,30.52,30.44,30.46,30.4,30.45,30.35,30.34,30.46,30.94
2022-02-28 01:00:00,29.5,29.5,29.53,29.46,28.7,29.54,29.61,29.54,29.56,29.52,29.55,29.45,29.44,29.55,29.96
2022-02-28 02:00:00,29.54,29.54,29.57,29.49,28.53,29.59,29.67,29.57,29.62,29.58,29.61,29.48,29.47,29.62,30.01
2022-02-28 03:00:00,29.92,29.94,29.96,29.87,28.82,29.97,30.05,29.97,30.0,30.0,30.01,29.86,29.85,30.02,30.42
2022-02-28 04:00:00,31.49,31.5,31.53,31.43,30.26,31.55,31.63,31.55,31.57,31.58,31.6,31.42,31.41,31.65,31.97
2022-02-28 05:00:00,41.67,41.68,41.7,41.62,40.36,41.7,41.82,41.8,41.77,41.79,41.97,41.62,41.79,41.98,42.27
2022-02-28 06:00:00,122.65,122.72,122.55,122.8,121.48,122.24,122.42,122.85,122.65,122.92,124.2,122.9,124.78,124.96,123.53
2022-02-28 07:00:00,75.21,75.69,75.12,75.12,73.68,75.61,74.07,76.31,75.77,75.94,77.65,76.38,76.24,80.69,75.59
2022-02-28 08:00:00,41.43,41.29,41.5,40.67,40.72,44.13,39.93,42.96,43.58,41.45,43.82,41.24,41.21,49.93,40.93
2022-02-28 09:00:00,31.48,31.41,31.39,31.21,31.14,32.95,30.0,32.07,32.65,31.53,32.27,31.38,32.32,37.4,31.21
2022-02-28 10:00:00,29.56,29.78,29.53,29.45,28.97,30.15,28.73,29.24,29.89,29.85,29.32,29.53,29.56,32.68,28.98
2022-02-28 11:00:00,28.61,28.65,28.62,28.54,28.45,28.85,28.45,28.47,28.69,28.81,28.5,28.55,28.56,30.01,28.46
2022-02-28 12:00:00,27.92,28.75,27.95,27.85,27.39,27.89,27.32,27.74,27.69,28.97,27.73,27.93,27.95,28.58,27.37
2022-02-28 13:00:00,26.81,27.81,26.86,26.71,26.28,26.72,26.22,26.58,26.53,28.05,26.57,26.76,26.81,27.37,26.26
2022-02-28 14:00:00,25.91,26.84,25.97,25.84,25.53,25.73,25.48,25.62,25.55,27.1,25.62,25.87,25.9,26.39,25.5
2022-02-28 15:00:00,26.77,27.56,26.8,26.75,26.42,26.54,26.37,26.54,26.46,27.88,26.53,26.8,26.81,26.84,26.4
2022-02-28 16:00:00,27.84,28.29,27.88,27.8,27.77,27.67,27.75,27.66,27.63,28.49,27.66,27.81,27.81,27.87,27.75
2022-02-28 17:00:00,35.96,36.58,36.02,35.92,35.89,35.68,35.89,35.72,35.68,36.88,35.73,35.92,35.92,35.77,36.05
2022-02-28 18:00:00,56.5,56.58,56.53,56.45,56.38,56.53,56.55,56.5,56.52,56.68,56.52,56.44,56.44,56.63,58.61
2022-02-28 19:00:00,42.57,42.65,42.61,42.52,42.45,42.61,42.64,42.6,42.62,42.83,42.62,42.52,42.52,42.62,44.89
2022-02-28 20:00:00,37.65,38.0,37.7,37.6,37.51,37.51,37.7,37.58,37.56,38.22,37.61,37.6,37.6,37.68,40.07
2022-02-28 21:00:00,33.16,33.47,33.21,33.11,33.03,33.07,33.19,33.1,33.1,33.67,33.11,33.11,33.11,33.17,35.2
2022-02-28 22:00:00,31.32,31.7,31.37,31.28,31.27,31.19,31.31,31.23,31.21,31.81,31.23,31.3,31.3,31.53,31.88
2022-02-28 23:00:00,30.09,30.23,30.12,30.05,30.06,30.1,30.11,30.11,30.11,30.26,30.11,30.07,30.08,30.3,30.68
2022-03-01 00:00:00,25.74,25.9,25.67,25.78,25.45,25.8,25.2,25.81,25.77,25.9,25.8,25.83,25.84,25.87,25.95
2022-03-01 01:00:00,25.29,25.45,25.23,25.33,25.04,25.34,24.79,25.36,25.33,25.46,25.36,25.38,25.4,25.4,25.54
2022-03-01 02:00:00,24.97,25.06,24.97,24.97,24.74,25.02,24.82,25.02,25.0,25.11,25.02,24.99,25.01,25.13,25.99
2022-03-01 03:00:00,26.84,26.91,26.84,26.82,26.63,26.88,26.73,26.88,26.88,26.92,26.89,26.84,26.85,26.92,28.17
2022-03-01 04:00:00,29.72,29.72,29.74,29.68,29.64,29.8,29.76,29.74,29.75,29.73,29.75,29.68,29.68,30.02,31.31
2022-03-01 05:00:00,35.88,36.42,36.21,34.84,35.0,38.27,35.3,39.23,37.95,36.67,38.84,34.84,35.1,39.77,37.82
2022-03-01 06:00:00,92.83,92.77,92.75,92.51,91.87,94.27,91.44,93.23,92.94,92.96,93.67,92.76,93.73,101.13,95.76
2022-03-01 07:00:00,91.3,92.24,91.44,89.88,89.57,96.17,87.46,95.64,94.19,93.03,95.57,90.68,92.88,104.28,91.77
2022-03-01 08:00:00,43.02,44.36,43.1,42.78,42.97,43.23,42.01,43.43,47.57,44.79,44.07,43.58,44.02,48.32,44.01
2022-03-01 09:00:00,37.33,37.76,37.26,37.53,37.62,36.71,37.04,37.47,38.88,38.09,37.66,37.63,37.56,39.62,37.79
2022-03-01 10:00:00,29.54,30.07,29.45,29.89,29.92,28.44,29.41,28.84,32.22,30.43,29.43,29.9,29.92,31.76,30.01
2022-03-01 11:00:00,27.99,28.52,27.93,28.19,28.16,27.3,27.69,27.53,28.69,28.85,27.8,28.21,28.21,29.35,28.25
2022-03-01 12:00:00,27.02,27.58,26.94,27.24,27.2,26.35,26.57,26.85,27.19,28.17,27.0,27.27,27.26,27.9,27.22
2022-03-01 13:00:00,26.69,27.14,26.63,26.86,26.84,26.17,26.34,26.64,26.77,27.71,26.73,26.87,26.86,27.36,26.89
2022-03-01 14:00:00,25.91,26.19,25.84,26.06,26.06,25.56,25.57,26.04,25.99,26.65,26.07,26.07,26.06,26.28,26.12
2022-03-01 15:00:00,26.08,26.32,26.02,26.22,26.23,25.69,25.84,26.17,26.17,26.6,26.2,26.23,26.23,26.41,26.31
2022-03-01 16:00:00,25.85,26.08,25.83,25.91,25.87,25.65,25.7,25.81,25.6,26.36,25.82,25.91,25.92,26.1,25.95
2022-03-01 17:00:00,37.0,37.14,37.02,36.97,36.94,36.97,37.0,37.0,36.96,37.42,37.01,36.97,36.97,37.11,37.7
2022-03-01 18:00:00,55.9,56.0,55.94,55.85,55.76,55.93,55.98,55.94,55.93,56.2,55.96,55.85,55.85,56.05,58.24
2022-03-01 19:00:00,39.45,39.6,39.48,39.42,39.3,39.39,39.52,39.58,39.56,39.88,39.61,39.43,39.41,39.5,42.62
2022-03-01 20:00:00,32.56,32.73,32.55,32.61,32.5,32.3,32.57,32.76,32.73,32.93,32.8,32.61,32.6,32.31,35.41
2022-03-01 21:00:00,29.21,29.38,29.21,29.24,29.14,29.03,29.19,29.28,29.1,29.58,29.31,29.24,29.24,29.51,31.36
2022-03-01 22:00:00,27.26,27.33,27.27,27.27,27.23,27.18,27.31,27.29,27.24,27.44,27.3,27.27,27.27,27.36,28.24
2022-03-01 23:00:00,25.99,26.05,26.0,25.98,25.95,25.95,26.02,26.01,25.96,26.19,26.02,25.98,25.98,26.09,26.82
2022-03-02 00:00:00,25.16,25.27,25.17,25.16,25.15,25.06,25.19,25.17,25.16,25.42,25.17,25.16,25.16,25.06,25.58
2022-03-02 01:00:00,24.94,25.01,24.95,24.92,24.9,24.94,24.94,24.93,24.93,25.16,24.94,24.91,24.91,24.95,25.3
2022-03-02 02:00:00,24.5,24.53,24.51,24.48,24.46,24.5,24.51,24.5,24.5,24.6,24.5,24.48,24.48,24.51,25.01
2022-03-02 03:00:00,25.94,26.01,25.95,25.92,25.9,25.94,25.95,25.94,25.94,26.16,25.94,25.92,25.91,25.94,26.36
2022-03-02 04:00:00,28.09,28.14,28.1,28.07,28.05,28.09,28.1,28.09,28.09,28.25,28.09,28.07,28.07,28.11,28.6
2022-03-02 05:00:00,34.66,34.83,34.69,34.62,34.56,34.62,34.69,34.64,34.6,35.09,34.66,34.62,34.62,34.74,36.05
2022-03-02 06:00:00,82.32,82.65,82.38,82.29,82.24,82.14,82.43,82.51,82.14,83.05,82.51,82.38,82.31,83.15,84.42
2022-03-02 07:00:00,61.81,61.96,61.81,61.82,61.78,61.67,61.78,62.03,61.58,62.17,62.09,61.95,61.93,63.2,63.76
2022-03-02 08:00:00,37.41,37.66,37.42,37.45,37.39,37.16,37.43,37.31,37.45,37.8,37.39,37.47,37.44,38.62,37.94
2022-03-02 09:00:00,32.0,32.19,32.0,32.04,31.99,31.78,31.98,31.89,31.97,32.29,31.95,32.05,32.05,32.69,32.05
2022-03-02 10:00:00,27.94,28.07,27.95,27.92,27.9,27.89,27.9,27.9,27.85,28.36,27.92,27.93,27.92,28.28,27.97
2022-03-02 11:00:00,28.17,28.33,28.17,28.2,28.13,28.0,28.13,28.1,28.01,28.43,28.1,28.21,28.22,28.2,28.24
2022-03-02 12:00:00,27.6,27.75,27.61,27.62,27.56,27.49,27.56,27.57,27.49,27.94,27.57,27.63,27.62,27.59,27.66
2022-03-02 13:00:00,27.6,27.79,27.6,27.62,27.6,27.45,27.53,27.55,27.44,27.98,27.55,27.62,27.63,27.61,27.61
2022-03-02 14:00:00,26.95,27.1,26.96,26.97,26.95,26.84,26.92,26.94,26.84,27.29,26.92,26.97,26.97,26.97,26.99
2022-03-02 15:00:00,26.42,26.66,26.43,26.44,26.41,26.24,26.4,26.34,26.24,26.76,26.33,26.44,26.44,26.38,26.44
2022-03-02 16:00:00,27.44,27.7,27.46,27.46,27.44,27.25,27.41,27.35,27.25,27.78,27.35,27.46,27.47,27.41,27.48
2022-03-02 17:00:00,36.29,36.53,36.3,36.32,36.26,36.05,36.29,36.2,36.07,36.61,36.2,36.32,36.32,36.24,36.67
2022-03-02 18:00:00,58.94,58.93,58.94,58.98,58.9,58.81,59.04,58.93,58.81,59.13,58.95,58.98,58.98,59.01,60.43
2022-03-02 19:00:00,42.04,42.33,42.05,42.15,42.05,41.53,42.16,42.07,41.8,42.43,42.03,42.15,42.16,41.68,43.42
2022-03-02 20:00:00,34.86,34.94,34.86,34.89,34.84,34.7,34.91,34.86,34.76,35.09,34.86,34.89,34.89,34.83,35.78
2022-03-02 21:00:00,28.84,29.03,28.86,28.86,28.81,28.67,28.87,28.82,28.73,29.25,28.83,28.86,28.86,28.81,29.56
2022-03-02 22:00:00,26.64,26.67,26.65,26.63,26.63,26.65,26.65,26.66,26.66,26.85,26.66,26.63,26.62,26.68,26.76
2022-03-02 23:00:00,22.06,22.09,22.07,22.05,22.05,22.08,22.07,22.09,22.1,22.29,22.09,22.05,22.04,22.1,22.15
2022-03-03 00:00:00,23.91,24.03,23.93,23.87,23.88,23.93,23.9,23.92,23.92,24.4,23.92,23.87,23.87,23.93,23.92
2022-03-03 01:00:00,23.44,23.54,23.45,23.4,23.41,23.45,23.42,23.44,23.45,23.89,23.44,23.41,23.4,23.45,23.44
2022-03-03 02:00:00,24.55,24.64,24.57,24.52,24.52,24.58,24.54,24.56,24.58,25.0,24.57,24.52,24.51,24.58,24.56
2022-03-03 03:00:00,25.51,25.59,25.53,25.47,25.48,25.54,25.5,25.52,25.53,25.93,25.52,25.47,25.47,25.54,25.54
2022-03-03 04:00:00,29.08,29.16,29.1,29.04,29.05,29.11,29.07,29.09,29.1,29.49,29.09,29.04,29.04,29.13,29.1
2022-03-03 05:00:00,35.49,35.56,35.52,35.44,35.45,35.56,35.5,35.52,35.55,35.93,35.53,35.44,35.44,35.6,35.66
2022-03-03 06:00:00,60.63,60.74,60.66,60.56,60.55,60.75,60.6,60.67,60.66,61.28,60.69,60.56,60.56,61.08,61.2
2022-03-03 07:00:00,57.24,57.23,57.28,57.1,57.1,57.62,57.15,57.24,57.32,57.74,57.29,57.11,57.1,59.22,57.65
2022-03-03 08:00:00,36.37,36.8,36.36,36.58,36.56,35.53,36.51,36.54,36.35,37.53,36.56,36.58,36.58,38.69,36.67
2022-03-03 09:00:00,42.22,42.97,42.21,42.54,42.51,40.85,42.47,42.31,41.67,43.85,42.32,42.55,42.63,42.91,42.47
2022-03-03 10:00:00,32.85,33.45,32.85,33.03,33.01,31.96,32.98,32.89,32.49,34.39,32.89,33.03,33.03,33.04,32.99
2022-03-03 11:00:00,30.78,31.33,30.78,30.95,30.92,29.98,30.84,30.82,30.47,32.21,30.82,30.95,30.95,30.87,30.94
2022-03-03 12:00:00,30.85,31.46,30.86,31.02,31.0,30.04,30.92,30.89,30.54,32.46,30.89,31.02,31.02,30.88,31.01
2022-03-03 13:00:00,31.11,31.73,31.12,31.27,31.25,30.26,31.21,31.13,30.77,32.74,31.13,31.28,31.29,31.12,31.24
2022-03-03 14:00:00,30.41,31.11,30.43,30.56,30.54,29.57,30.51,30.41,30.05,32.19,30.4,30.56,30.56,30.4,30.52
2022-03-03 15:00:00,30.55,31.47,30.59,30.68,30.65,29.61,30.59,30.48,30.1,32.66,30.47,30.68,30.69,30.49,30.63
2022-03-03 16:00:00,31.0,31.26,31.03,30.96,30.96,30.96,30.95,30.97,30.96,31.65,30.97,30.96,30.96,31.02,30.96
2022-03-03 17:00:00,46.45,46.8,46.49,46.4,46.41,46.38,46.4,46.37,46.38,47.42,46.38,46.42,46.52,46.46,46.46
2022-03-03 18:00:00,49.3,49.62,49.32,49.26,48.72,49.28,49.1,49.27,49.27,50.12,49.27,49.29,49.37,49.31,49.46
2022-03-03 19:00:00,34.86,36.11,34.67,35.1,32.42,34.52,32.96,34.47,34.45,36.61,34.44,35.4,38.12,34.56,33.79
2022-03-03 20:00:00,30.88,32.08,30.3,31.6,26.74,30.41,27.12,30.56,30.33,32.82,30.53,31.34,36.18,30.94,29.07
2022-03-03 21:00:00,29.09,31.93,28.04,30.41,21.9,28.12,21.68,28.23,27.88,32.93,28.1,30.02,33.63,28.78,23.87
2022-03-03 22:00:00,24.22,26.93,22.75,26.06,14.29,23.27,14.74,23.08,22.78,27.72,22.85,25.61,29.54,23.61,15.99
2022-03-03 23:00:00,16.12,18.98,14.84,17.45,6.64,16.34,6.6,16.33,16.01,19.97,16.17,16.9,20.71,16.53,7.55
2022-03-04 00:00:00,14.79,17.74,12.92,16.7,2.52,15.47,1.76,14.85,15.34,18.74,15.02,15.76,20.49,15.9,3.01
2022-03-04 01:00:00,11.37,13.65,9.89,13.01,1.81,11.37,1.54,11.11,11.08,14.55,10.96,12.24,16.18,11.59,2.4
2022-03-04 02:00:00,10.17,11.97,8.84,11.69,1.75,10.06,1.66,9.72,9.82,12.87,9.64,10.81,14.43,10.25,2.38
2022-03-04 03:00:00,13.06,15.02,11.66,14.59,4.11,13.14,3.88,12.75,12.96,15.84,12.72,13.71,17.5,13.42,4.54
2022-03-04 04:00:00,17.92,19.38,16.69,19.42,10.61,17.5,10.46,17.28,17.25,19.97,17.18,18.68,21.94,17.74,11.14
2022-03-04 05:00:00,27.1,28.89,25.84,28.63,20.13,26.53,19.32,26.35,26.11,29.72,26.14,28.45,31.32,26.74,20.54
2022-03-04 06:00:00,48.97,51.26,47.89,49.64,45.29,50.72,39.96,50.3,50.85,52.27,50.52,49.65,50.78,51.2,45.0
2022-03-04 07:00:00,52.61,54.11,51.59,53.47,48.64,53.81,44.98,53.46,53.89,55.0,53.6,54.47,55.24,54.31,48.53
2022-03-04 08:00:00,30.65,35.63,29.17,31.0,24.58,35.24,14.81,34.15,35.9,36.74,34.76,32.5,33.12,36.7,23.03
2022-03-04 09:00:00,23.46,31.65,21.27,24.14,3.53,29.57,-0.28,28.59,30.08,32.45,29.53,24.35,28.51,31.31,1.9
2022-03-04 10:00:00,21.29,29.62,19.35,22.06,1.46,26.02,-0.29,24.96,26.37,30.82,25.91,23.56,27.42,27.16,-0.3
2022-03-04 11:00:00,19.06,28.63,16.89,21.0,-0.25,19.84,-1.91,18.84,19.57,29.43,19.39,22.5,27.36,21.21,-0.85
2022-03-04 12:00:00,20.06,31.34,17.86,22.14,-0.35,19.9,-1.94,19.33,19.64,32.89,19.79,22.95,28.5,21.66,-0.83
2022-03-04 13:00:00,19.9,30.9,17.72,22.18,0.68,18.97,-1.17,18.99,19.29,32.45,19.51,23.84,28.97,20.67,-0.25
2022-03-04 14:00:00,19.74,30.72,17.46,22.35,0.56,17.91,-1.15,18.77,18.96,31.93,19.37,23.86,29.13,19.09,-0.22
2022-03-04 15:00:00,20.32,30.83,17.69,23.83,1.25,16.74,-0.62,18.8,18.79,31.98,19.43,25.33,30.18,17.95,0.26
2022-03-04 16:00:00,20.24,31.62,17.88,23.2,1.18,17.3,-0.6,19.66,19.8,33.06,20.47,24.7,30.0,18.47,0.25
2022-03-04 17:00:00,26.97,36.49,22.58,33.47,1.51,20.35,0.01,24.13,23.47,37.89,23.77,34.54,40.44,19.09,3.55
2022-03-04 18:00:00,32.48,41.65,27.34,39.22,3.67,28.47,0.01,32.2,31.63,42.77,31.86,39.63,47.4,27.15,6.01
2022-03-04 19:00:00,29.6,38.72,25.22,35.0,0.05,27.45,-0.28,30.32,29.75,39.43,29.63,35.26,41.97,26.24,2.25
2022-03-04 20:00:00,23.78,31.66,20.36,27.27,-0.14,24.54,-2.02,26.83,25.1,32.8,26.36,27.35,32.16,24.16,0.34
2022-03-04 21:00:00,22.59,31.06,19.33,26.0,-0.97,22.72,-2.48,24.55,22.96,32.14,24.01,26.2,31.36,22.18,-0.48
2022-03-04 22:00:00,17.2,22.8,14.25,20.63,-1.79,16.29,-2.71,17.67,16.58,23.87,17.33,19.99,26.29,15.86,-1.26
2022-03-04 23:00:00,8.7,13.17,6.35,11.83,-5.46,6.51,-6.09,8.07,6.97,14.35,7.69,11.33,16.51,6.73,-4.73
2022-03-05 00:00:00,9.4,13.07,6.2,13.85,-9.02,6.16,-8.3,6.68,6.5,13.58,6.49,10.62,20.28,5.69,-6.4
2022-03-05 01:00:00,6.81,10.13,3.95,10.8,-9.78,3.87,-8.99,4.37,4.3,10.53,4.23,7.58,16.48,3.33,-7.33
2022-03-05 02:00:00,5.07,8.1,2.46,8.73,-10.09,2.24,-9.23,2.7,2.55,8.45,2.51,5.61,13.95,1.69,-7.63
2022-03-05 03:00:00,4.88,8.19,2.6,8.04,-9.09,2.51,-8.32,2.86,2.78,8.53,2.75,5.13,12.77,2.14,-6.92
2022-03-05 04:00:00,7.11,10.41,4.81,10.32,-6.95,4.62,-6.13,4.9,4.73,10.75,4.75,7.32,15.1,4.3,-4.68
2022-03-05 05:00:00,11.73,15.11,9.14,15.28,-3.93,9.16,-3.0,9.32,9.14,15.39,9.17,11.89,20.6,8.89,-1.42
2022-03-05 06:00:00,19.71,24.57,16.39,24.01,0.48,17.27,-0.28,17.36,17.43,24.69,17.32,19.96,30.25,16.81,3.2
2022-03-05 07:00:00,21.18,25.76,17.47,26.01,3.51,18.32,-0.19,18.85,18.68,25.9,18.63,21.96,32.13,17.63,6.42
2022-03-05 08:00:00,19.98,25.25,16.52,24.71,0.93,16.41,-0.28,17.54,17.33,25.67,17.25,20.93,30.57,15.64,3.71
2022-03-05 09:00:00,18.56,25.2,15.25,23.25,-2.22,14.23,-1.69,16.06,15.62,25.52,15.77,19.89,29.35,13.7,0.31
2022-03-05 10:00:00,20.11,30.08,16.84,24.75,-2.89,15.01,-2.5,16.69,16.46,30.65,16.38,21.35,31.64,13.9,0.11
2022-03-05 11:00:00,20.17,29.58,16.79,25.0,-2.66,15.06,-2.5,17.17,16.66,30.09,16.89,22.98,33.22,15.03,0.2
2022-03-05 12:00:00,22.2,31.65,18.36,27.77,-2.21,16.25,-2.23,18.35,17.77,32.45,18.04,24.71,35.04,18.28,0.6
2022-03-05 13:00:00,24.15,35.23,20.44,29.61,-0.56,17.64,-0.71,20.03,19.01,36.62,19.69,26.75,36.82,20.89,2.1
2022-03-05 14:00:00,23.89,36.12,20.67,28.45,-0.05,18.42,-0.29,20.54,19.76,36.97,20.31,25.88,35.06,22.6,2.48
2022-03-05 15:00:00,30.08,41.36,26.46,35.3,6.53,24.06,5.11,26.39,25.51,42.44,26.1,32.78,41.6,28.02,8.92
2022-03-05 16:00:00,25.32,39.41,22.82,28.47,3.26,21.7,1.7,23.06,22.94,40.27,23.17,26.0,33.94,25.51,5.67
2022-03-05 17:00:00,38.13,42.71,36.63,41.45,31.43,31.03,31.34,35.17,34.24,43.83,34.91,40.25,43.78,33.94,32.19
2022-03-05 18:00:00,98.08,100.15,97.46,100.0,96.58,93.07,96.62,97.57,97.27,100.89,97.09,99.75,101.58,92.46,97.08
2022-03-05 19:00:00,85.37,87.16,84.92,87.25,85.2,79.94,85.32,85.21,85.33,87.83,84.39,87.06,88.12,77.98,85.78
2022-03-05 20:00:00,48.24,49.91,47.8,49.72,47.3,44.19,47.4,47.5,47.85,50.48,47.06,49.53,50.81,42.07,47.82
2022-03-05 21:00:00,41.62,43.16,41.33,42.8,41.13,38.16,41.19,41.44,41.65,43.42,41.46,42.65,43.54,34.93,41.51
2022-03-05 22:00:00,32.23,34.09,32.15,33.27,32.99,28.19,33.06,31.92,31.97,34.77,31.99,33.2,33.26,25.01,33.23
2022-03-05 23:00:00,32.11,33.7,31.99,33.17,32.7,28.28,32.79,32.31,32.45,34.43,32.37,33.09,33.28,25.11,32.88
2022-03-06 00:00:00,37.13,40.64,36.7,39.05,36.34,30.79,36.31,35.31,34.98,40.82,35.23,38.64,39.83,28.03,36.39
2022-03-06 01:00:00,28.33,30.99,27.82,30.16,27.19,22.96,27.18,27.19,26.96,31.1,27.23,29.76,31.12,20.42,27.35
2022-03-06 02:00:00,25.96,29.78,24.31,29.33,19.12,19.51,18.63,23.5,22.87,29.95,23.42,28.03,33.29,17.47,19.86
2022-03-06 03:00:00,19.33,22.13,17.29,22.8,10.61,14.6,9.63,17.53,17.25,22.38,17.39,21.32,27.77,13.05,11.63
2022-03-06 04:00:00,20.56,23.01,18.76,23.69,12.81,16.05,12.28,18.9,18.68,23.25,18.81,22.19,27.78,14.27,13.87
2022-03-06 05:00:00,22.23,25.01,20.46,25.41,14.57,17.36,14.08,20.29,19.98,25.29,20.18,23.87,29.42,15.68,15.57
2022-03-06 06:00:00,33.5,35.62,32.65,35.65,30.77,28.57,30.75,32.43,32.25,35.74,32.39,34.88,37.07,25.97,31.19
2022-03-06 07:00:00,29.84,31.57,29.36,31.42,28.9,25.51,28.94,29.23,29.13,31.89,29.24,31.03,32.07,23.38,29.1
2022-03-06 08:00:00,27.43,29.93,26.83,29.35,26.71,22.0,26.05,26.24,25.98,30.49,26.15,29.29,30.3,20.04,26.42
2022-03-06 09:00:00,27.13,31.65,25.94,30.29,23.37,19.08,22.75,23.76,22.9,32.39,23.53,29.83,32.81,17.58,23.02
2022-03-06 10:00:00,33.43,41.16,31.59,38.04,26.25,22.1,25.05,27.84,26.35,42.48,27.5,37.49,43.43,21.25,25.71
2022-03-06 11:00:00,33.58,40.04,32.03,37.55,27.81,23.69,26.82,29.12,27.98,40.54,28.85,37.11,41.84,23.89,27.42
2022-03-06 12:00:00,35.27,42.09,33.17,40.0,26.53,24.94,25.66,30.31,29.07,42.89,30.0,39.26,45.99,26.18,26.49
2022-03-06 13:00:00,38.43,46.84,36.15,43.7,28.56,26.46,27.61,32.06,30.34,47.61,31.67,42.78,50.11,30.49,28.47
2022-03-06 14:00:00,33.7,42.81,29.7,40.84,13.6,22.34,12.81,26.75,25.11,43.88,26.3,38.79,53.12,26.73,14.96
2022-03-06 15:00:00,33.24,42.06,28.67,40.91,10.15,22.45,9.26,26.93,25.29,42.87,26.37,38.42,53.6,27.98,11.32
2022-03-06 16:00:00,34.14,43.98,29.18,41.87,7.37,24.76,6.12,28.9,27.91,44.79,28.8,39.15,56.6,30.24,8.09
2022-03-06 17:00:00,47.11,54.79,43.55,53.63,30.08,36.44,29.34,41.97,40.34,55.09,41.23,51.82,64.23,39.93,31.19
2022-03-06 18:00:00,85.19,89.91,82.41,90.36,75.49,76.66,72.7,83.63,82.31,89.92,82.73,88.91,96.56,77.13,76.66
2022-03-06 19:00:00,50.65,54.31,46.52,57.06,37.23,43.65,31.05,51.18,49.02,54.31,49.13,55.11,65.42,43.59,39.05
2022-03-06 20:00:00,39.58,44.22,35.48,45.58,26.74,33.72,18.42,37.8,36.98,44.23,37.24,43.61,52.85,32.31,28.42
2022-03-06 21:00:00,40.84,45.8,36.89,47.08,26.35,33.32,21.37,37.39,36.85,45.83,36.74,44.63,54.28,31.52,28.38
2022-03-06 22:00:00,35.71,39.97,32.2,41.53,18.72,28.25,19.05,31.92,31.36,40.17,31.63,38.92,49.73,25.79,21.0
2022-03-06 23:00:00,26.44,30.17,23.8,30.95,13.8,20.22,13.86,23.73,23.23,30.45,23.54,29.21,37.71,18.51,15.35
2022-03-07 00:00:00,24.79,27.47,22.63,28.51,14.95,19.67,14.86,23.64,23.26,27.98,23.16,27.17,34.49,18.89,16.06
2022-03-07 01:00:00,19.48,21.72,17.25,23.12,9.09,15.16,9.01,18.41,18.25,22.1,17.99,21.68,29.33,14.33,10.27
2022-03-07 02:00:00,16.7,19.26,14.19,20.59,4.51,12.61,4.31,14.94,14.9,19.57,14.67,18.97,27.94,11.82,5.73
2022-03-07 03:00:00,17.25,19.81,14.73,20.87,4.45,14.2,4.04,15.13,14.91,20.07,14.8,19.41,28.85,13.77,5.48
2022-03-07 04:00:00,21.03,22.78,18.95,23.89,10.28,19.13,10.0,19.6,19.0,23.0,19.0,22.57,30.21,19.51,11.17
2022-03-07 05:00:00,26.67,28.53,24.52,29.42,16.35,25.45,14.67,25.6,25.48,28.95,24.96,28.11,35.33,25.75,17.19
2022-03-07 06:00:00,56.67,58.0,53.96,59.97,46.96,55.84,42.02,56.68,56.69,57.94,55.46,58.22,64.83,56.72,48.04
2022-03-07 07:00:00,53.16,54.91,50.81,55.97,43.89,52.59,39.76,54.0,53.7,55.2,52.55,55.01,60.9,53.33,44.26
2022-03-07 08:00:00,38.81,43.05,36.32,41.36,24.66,39.47,21.41,41.58,40.88,43.0,39.81,41.62,47.76,40.57,24.05
2022-03-07 09:00:00,30.22,36.49,26.93,33.7,9.04,30.69,6.85,31.9,30.99,36.61,30.61,33.62,42.82,31.85,8.23
2022-03-07 10:00:00,34.2,38.3,30.53,39.5,18.39,29.44,14.88,31.02,29.5,38.98,29.26,38.59,49.51,31.18,18.52
2022-03-07 11:00:00,38.4,41.9,36.0,41.9,31.19,34.71,25.51,36.54,35.45,42.79,35.61,41.56,46.96,35.22,31.07
2022-03-07 12:00:00,39.08,43.78,37.51,41.9,33.24,34.03,30.33,36.69,35.7,45.78,36.09,41.47,46.18,33.77,33.34
2022-03-07 13:00:00,35.37,40.02,34.74,37.45,33.03,28.91,32.6,32.95,31.86,41.48,32.46,37.22,39.53,28.6,32.8
2022-03-07 14:00:00,32.7,37.12,32.3,34.76,32.47,25.15,32.17,31.34,29.97,38.25,30.61,34.64,35.76,25.2,32.11
2022-03-07 15:00:00,31.74,35.44,31.52,33.64,33.02,24.16,32.82,31.4,29.96,36.31,30.42,33.6,33.83,24.32,32.68
2022-03-07 16:00:00,33.64,36.9,33.28,35.88,34.97,25.48,34.84,35.04,33.21,37.77,33.43,35.82,36.24,25.28,34.79
2022-03-07 17:00:00,48.1,53.39,47.27,51.09,46.26,38.72,45.88,46.49,45.03,53.7,45.74,50.81,53.35,39.69,46.1
2022-03-07 18:00:00,110.64,111.79,110.14,113.08,112.85,102.78,112.9,116.64,113.23,111.65,112.92,113.06,113.16,100.48,113.3
2022-03-07 19:00:00,81.77,81.65,81.41,83.38,83.27,77.15,83.45,87.18,85.8,81.85,83.71,83.34,83.42,76.27,84.15
2022-03-07 20:00:00,57.13,57.04,56.77,58.04,56.85,55.12,56.88,60.36,58.54,57.09,58.65,57.96,58.66,55.74,57.56
2022-03-07 21:00:00,45.33,45.35,44.54,46.62,42.76,43.88,42.3,47.81,45.94,45.29,46.08,46.37,48.62,45.01,43.25
2022-03-07 22:00:00,40.36,39.16,40.1,41.01,40.76,39.3,40.93,44.91,42.25,39.26,42.42,41.0,41.18,40.84,41.27
2022-03-07 23:00:00,38.09,37.08,37.94,38.5,38.71,37.33,38.86,41.76,39.67,37.3,39.68,38.53,38.43,38.61,39.12
2022-03-08 00:00:00,38.95,38.55,38.82,39.25,38.88,38.5,38.99,41.31,39.9,39.17,39.83,39.23,39.46,39.14,39.63
2022-03-08 01:00:00,37.51,37.12,37.47,37.66,37.77,37.18,37.93,39.77,38.49,37.83,38.39,37.68,37.62,37.7,38.93
2022-03-08 02:00:00,38.32,37.72,38.25,38.55,38.68,37.88,38.84,41.0,39.47,38.25,39.38,38.56,38.49,38.65,39.84
2022-03-08 03:00:00,39.26,38.61,39.19,39.48,39.6,38.87,39.79,42.03,40.46,39.12,40.4,39.5,39.42,39.52,41.01
2022-03-08 04:00:00,40.45,39.82,40.37,40.69,40.84,39.94,41.03,43.48,41.74,40.44,41.68,40.72,40.64,40.79,42.22
2022-03-08 05:00:00,50.78,50.39,50.69,51.04,50.89,50.24,51.09,53.69,51.96,51.18,52.06,51.04,51.12,51.06,52.59
2022-03-08 06:00:00,146.71,145.81,143.99,150.69,135.78,143.57,135.89,152.19,147.19,146.14,147.07,149.89,157.07,146.64,139.43
2022-03-08 07:00:00,151.51,147.33,149.28,155.0,145.62,148.78,146.0,163.3,156.3,147.49,154.67,154.57,159.21,153.3,148.9
2022-03-08 08:00:00,119.16,115.83,117.49,122.48,117.05,114.23,117.43,131.19,123.56,115.99,123.57,122.29,124.95,124.48,119.22
2022-03-08 09:00:00,87.07,84.86,85.25,90.27,82.6,83.09,82.79,95.57,89.46,84.82,89.86,89.95,93.73,89.77,84.3
2022-03-08 10:00:00,82.11,81.7,78.94,87.04,69.97,77.38,69.66,86.53,81.6,81.82,81.75,86.16,94.51,82.01,71.71
2022-03-08 11:00:00,74.92,75.24,72.11,79.23,63.46,71.0,62.99,76.97,73.74,75.34,73.33,78.44,86.06,73.95,64.8
2022-03-08 12:00:00,65.27,64.67,62.37,69.76,54.08,61.21,53.85,69.31,65.16,64.71,64.03,69.16,76.64,63.98,55.55
2022-03-08 13:00:00,58.57,59.1,56.68,61.6,51.46,55.45,50.57,59.92,57.61,59.29,57.23,60.93,65.79,57.67,51.61
2022-03-08 14:00:00,55.2,54.94,53.54,57.94,49.66,52.27,49.0,58.49,55.3,55.04,54.95,57.42,61.37,54.78,49.94
2022-03-08 15:00:00,51.44,52.42,49.37,54.88,43.55,47.47,42.74,52.71,49.94,52.65,49.97,54.26,59.61,50.24,43.8
2022-03-08 16:00:00,55.99,57.02,53.7,59.49,46.47,52.81,45.48,56.73,54.58,57.66,53.65,58.71,64.91,53.92,46.8
2022-03-08 17:00:00,82.83,84.79,81.12,85.51,75.06,79.91,74.27,81.98,80.67,85.98,80.37,84.85,89.85,80.69,75.53
2022-03-08 18:00:00,144.25,143.06,140.54,150.0,129.87,139.07,130.0,152.81,145.79,143.56,143.87,149.26,158.8,140.12,133.88
2022-03-08 19:00:00,137.82,134.84,135.19,142.09,129.61,133.82,130.0,149.0,141.67,135.24,139.38,141.62,147.56,134.21,133.95
2022-03-08 20:00:00,93.05,91.96,90.89,96.42,84.96,90.04,85.16,99.08,94.45,92.35,93.1,95.92,101.46,91.03,88.16
2022-03-08 21:00:00,65.88,65.47,63.24,69.84,54.92,62.71,54.96,69.52,65.78,65.56,64.76,69.17,76.39,64.07,57.7
2022-03-08 22:00:00,45.9,45.38,45.55,46.5,44.99,45.28,45.05,48.01,46.61,45.62,46.69,46.39,47.11,46.03,46.99
2022-03-08 23:00:00,43.86,43.54,43.53,44.41,42.83,43.31,42.87,45.64,44.44,43.88,44.42,44.29,45.05,43.8,44.63
2022-03-09 00:00:00,50.07,50.19,50.08,50.06,50.0,50.0,50.08,50.03,50.03,50.69,50.04,50.06,50.06,50.02,51.08
2022-03-09 01:00:00,47.38,47.5,47.39,47.38,47.33,47.31,47.39,47.34,47.33,47.96,47.35,47.38,47.39,47.33,48.18
2022-03-09 02:00:00,44.61,44.77,44.59,44.66,44.42,44.49,44.45,44.52,44.51,45.31,44.52,44.64,44.74,44.51,45.14
2022-03-09 03:00:00,43.33,43.47,43.32,43.35,43.21,43.23,43.26,43.26,43.25,43.97,43.3,43.34,43.39,43.25,44.02
2022-03-09 04:00:00,47.59,47.74,47.54,47.67,47.29,47.46,47.31,47.48,47.47,48.14,47.52,47.63,47.8,47.53,48.11
2022-03-09 05:00:00,70.31,70.57,69.85,70.97,68.05,69.75,68.1,70.39,69.98,71.17,70.19,70.81,72.22,69.81,69.57
2022-03-09 06:00:00,237.78,239.51,235.52,240.85,225.92,235.88,225.85,236.38,235.7,239.98,235.92,241.04,246.96,236.95,228.1
2022-03-09 07:00:00,185.09,187.53,181.91,189.35,168.14,182.71,168.07,183.96,183.72,187.84,182.74,189.43,198.12,185.61,170.67
2022-03-09 08:00:00,64.55,66.25,62.51,67.12,52.71,63.75,52.91,63.35,63.38,66.45,63.01,67.4,73.01,65.75,54.5
2022-03-09 09:00:00,51.28,53.52,49.19,54.01,39.71,49.86,39.36,49.7,49.57,53.66,49.28,53.17,60.28,50.67,40.68
2022-03-09 10:00:00,41.65,43.42,40.65,42.75,34.64,41.73,34.69,41.54,41.4,43.64,41.31,42.53,46.54,42.28,35.55
2022-03-09 11:00:00,36.94,38.84,34.66,39.93,24.27,35.46,24.41,34.88,34.83,38.91,34.6,38.89,46.11,36.24,25.92
2022-03-09 12:00:00,31.31,33.42,28.87,34.34,17.6,30.35,17.35,29.93,29.73,33.41,29.54,33.33,41.21,31.14,18.95
2022-03-09 13:00:00,25.42,28.64,22.72,27.98,7.21,27.48,6.76,27.98,27.71,28.66,26.94,26.82,36.71,27.87,8.78
2022-03-09 14:00:00,22.58,26.84,19.28,25.71,0.26,24.88,-0.29,25.08,25.8,26.84,23.47,24.16,36.26,25.08,2.12
2022-03-09 15:00:00,22.95,27.43,19.56,26.14,-0.25,25.44,-0.77,25.34,26.48,27.49,23.85,24.55,36.75,25.78,1.6
2022-03-09 16:00:00,24.53,29.06,21.02,27.73,0.04,27.57,-0.28,28.83,27.67,29.12,27.38,25.89,39.11,27.81,2.44
2022-03-09 17:00:00,34.15,38.21,29.83,39.41,8.98,32.85,8.83,33.52,31.65,38.22,32.57,37.24,51.01,33.05,11.75
2022-03-09 18:00:00,58.35,61.41,54.31,63.77,37.01,55.24,36.83,54.68,54.22,61.48,54.13,61.96,73.38,55.52,39.43
2022-03-09 19:00:00,51.61,54.92,47.35,57.36,29.14,48.26,28.87,47.67,47.18,54.93,47.09,55.6,67.83,48.67,31.44
2022-03-09 20:00:00,40.76,44.81,34.08,49.84,6.36,35.38,6.3,34.52,33.84,44.72,33.8,47.09,65.35,35.77,10.3
2022-03-09 21:00:00,39.01,44.52,32.51,47.24,3.14,35.8,2.5,35.76,34.17,44.36,35.0,45.28,61.34,36.2,6.6
2022-03-09 22:00:00,29.4,34.82,25.51,33.28,2.96,31.32,2.62,32.09,31.01,34.8,30.87,32.7,41.59,32.03,4.86
2022-03-09 23:00:00,25.51,30.33,21.89,28.79,-0.16,28.75,-0.28,29.82,29.81,30.39,27.94,27.44,37.89,28.81,2.0
2022-03-10 00:00:00,26.21,31.12,22.06,30.58,-1.04,27.45,-0.9,27.54,28.28,31.47,25.89,28.78,39.37,27.73,1.55
2022-03-10 01:00:00,25.62,31.04,21.42,30.07,-1.96,26.74,-2.17,27.02,26.76,31.34,25.05,28.65,38.79,27.15,0.22
2022-03-10 02:00:00,24.98,29.81,21.13,29.09,-0.16,25.89,-0.29,26.33,25.76,30.11,24.6,27.6,37.24,26.11,1.92
2022-03-10 03:00:00,24.95,29.49,21.75,28.21,3.35,26.24,3.08,26.46,26.28,29.85,24.91,27.22,34.84,26.66,4.86
2022-03-10 04:00:00,32.5,34.97,29.0,37.13,13.1,30.14,13.74,29.86,29.3,35.15,29.3,35.42,44.56,30.42,15.83
2022-03-10 05:00:00,47.07,49.58,43.09,52.55,25.76,43.58,26.65,43.15,42.67,50.0,42.67,50.18,60.72,43.87,28.98
2022-03-10 06:00:00,87.0,90.69,80.9,95.4,55.54,81.65,55.89,80.9,80.15,90.47,80.44,92.18,109.53,82.18,59.28
2022-03-10 07:00:00,72.78,76.0,68.88,77.94,51.55,70.01,51.58,69.85,69.1,77.0,69.5,76.06,86.66,71.11,53.69
2022-03-10 08:00:00,45.36,48.9,42.42,48.88,28.28,44.51,27.4,44.91,45.46,49.03,44.95,48.24,56.3,47.32,28.9
2022-03-10 09:00:00,37.65,40.98,34.5,41.59,20.12,36.17,19.26,36.34,35.98,41.0,36.43,40.79,49.85,37.9,20.87
2022-03-10 10:00:00,31.48,33.18,30.47,32.59,25.0,31.52,24.57,31.69,31.34,33.48,31.75,32.62,35.31,32.32,25.13
2022-03-10 11:00:00,32.19,32.79,31.78,32.71,29.99,31.89,29.72,31.85,31.91,33.09,31.88,32.58,33.82,32.27,30.22
2022-03-10 12:00:00,33.46,33.98,33.25,33.73,32.28,33.26,32.05,33.3,33.27,34.18,33.26,33.7,34.42,33.49,32.41
2022-03-10 13:00:00,35.43,35.85,35.22,35.72,34.28,35.16,34.14,35.18,35.17,36.03,35.15,35.67,36.38,35.36,34.4
2022-03-10 14:00:00,33.85,34.22,33.66,34.1,32.92,33.61,32.72,33.64,33.65,34.42,33.61,34.06,34.63,33.81,33.02
2022-03-10 15:00:00,31.39,31.67,31.15,31.76,30.19,31.03,30.12,31.3,31.15,31.85,31.14,31.7,32.45,31.29,30.32
2022-03-10 16:00:00,30.01,30.29,29.68,30.47,28.45,29.69,28.27,29.94,29.76,30.49,29.78,30.39,31.21,29.85,28.67
2022-03-10 17:00:00,35.17,35.35,34.92,35.53,33.87,34.92,33.88,35.17,35.05,35.45,35.03,35.49,36.22,34.99,34.05
2022-03-10 18:00:00,49.38,49.78,48.49,50.64,44.87,48.5,45.04,49.07,48.61,49.85,48.7,50.29,52.47,48.68,45.74
2022-03-10 19:00:00,38.27,39.38,36.3,40.93,28.78,36.7,28.18,37.08,36.5,39.37,36.67,40.08,45.0,36.88,30.15
2022-03-10 20:00:00,32.27,36.01,27.63,37.75,9.12,31.43,5.33,30.64,31.0,35.94,30.87,35.64,46.84,32.03,10.89
2022-03-10 21:00:00,29.32,33.19,24.68,34.77,3.35,28.73,2.04,27.58,28.33,33.14,28.04,32.31,44.01,29.43,5.31
2022-03-10 22:00:00,25.75,28.69,22.37,29.72,5.45,25.41,5.67,24.4,25.22,28.73,24.63,27.88,36.86,25.88,6.8
2022-03-10 23:00:00,22.24,24.86,18.96,26.29,3.3,21.08,3.63,20.43,20.57,24.9,20.42,24.65,33.13,21.4,5.04
2022-03-11 00:00:00,25.45,29.26,20.95,31.63,1.58,21.4,1.5,20.86,20.19,30.27,20.16,30.35,43.17,21.75,3.8
2022-03-11 01:00:00,24.68,28.44,20.09,30.99,0.17,20.57,0.36,20.04,19.34,29.49,19.33,29.38,42.26,20.93,2.76
2022-03-11 02:00:00,24.57,28.37,19.95,30.79,0.51,20.9,-0.28,20.33,19.76,29.27,19.65,29.13,41.81,21.3,2.89
2022-03-11 03:00:00,25.36,29.31,20.55,31.87,1.24,21.31,-0.29,20.82,20.06,30.25,20.05,30.27,43.59,21.67,3.63
2022-03-11 04:00:00,27.3,31.42,22.23,33.98,1.98,23.78,-0.28,23.25,22.68,32.23,22.58,32.02,45.45,24.24,4.49
2022-03-11 05:00:00,33.98,38.63,28.55,41.05,6.16,30.45,4.06,31.0,29.4,39.32,29.88,38.94,53.07,31.1,9.05
2022-03-11 06:00:00,44.06,48.9,38.32,51.02,18.37,42.16,11.21,44.51,41.68,49.21,43.05,49.95,61.95,43.39,20.29
2022-03-11 07:00:00,44.54,50.29,39.01,50.84,19.92,44.0,10.91,44.04,42.72,50.62,44.03,50.06,60.97,44.8,21.28
2022-03-11 08:00:00,43.19,50.13,37.04,49.75,12.42,44.38,3.91,44.08,43.32,50.53,44.03,49.0,61.5,45.67,12.9
2022-03-11 09:00:00,42.44,49.3,35.34,50.61,7.62,41.73,-0.28,40.95,40.57,49.72,40.71,50.34,65.4,42.82,8.58
2022-03-11 10:00:00,43.34,50.45,36.05,51.82,8.09,42.23,-0.28,41.15,41.53,50.86,40.71,50.23,67.54,43.02,9.29
2022-03-11 11:00:00,42.55,49.44,35.4,50.86,6.34,41.59,-0.29,40.65,40.42,49.95,40.48,50.72,66.42,42.59,7.14
2022-03-11 12:00:00,41.06,47.9,34.17,49.11,6.08,39.95,-0.29,38.9,38.89,48.46,38.96,47.87,64.71,40.93,6.84
2022-03-11 13:00:00,37.13,42.52,30.17,46.35,3.99,32.08,-0.29,31.58,30.34,43.03,30.78,45.42,62.52,32.52,6.34
2022-03-11 14:00:00,36.39,40.87,29.58,45.75,3.7,30.18,1.52,29.8,28.64,41.27,29.23,44.56,61.4,30.5,6.59
2022-03-11 15:00:00,34.82,38.7,28.92,43.38,6.61,27.96,5.62,28.71,27.78,39.02,28.01,43.03,57.48,26.89,8.26
2022-03-11 16:00:00,34.34,39.11,28.89,42.86,9.07,25.36,8.22,28.78,28.23,40.47,28.54,42.57,55.93,21.52,10.8
2022-03-11 17:00:00,50.0,52.56,46.16,57.25,36.95,38.82,36.01,45.14,45.86,53.52,46.76,57.81,65.49,31.74,37.25
2022-03-11 18:00:00,76.46,82.42,74.99,81.22,75.17,63.09,73.23,71.76,72.46,84.9,73.02,82.32,87.31,55.52,75.01
2022-03-11 19:00:00,119.19,124.8,118.06,124.26,121.69,103.0,120.19,115.91,119.46,126.3,117.94,125.36,129.5,88.73,122.24
2022-03-11 20:00:00,120.0,124.27,118.98,125.0,123.11,104.33,122.31,119.39,125.29,125.82,121.31,125.9,131.02,89.45,124.76
2022-03-11 21:00:00,99.41,102.58,98.55,103.43,102.32,87.07,101.13,100.56,106.55,105.31,102.04,104.07,109.45,73.03,103.87
2022-03-11 22:00:00,59.38,60.52,59.06,61.95,62.76,50.58,63.2,59.84,62.7,62.4,60.14,62.58,66.28,43.19,65.24
2022-03-11 23:00:00,54.09,55.66,53.84,56.41,57.12,45.73,57.56,54.29,56.1,57.66,54.41,56.86,59.94,39.56,59.62
2022-03-12 00:00:00,65.4,67.78,65.13,67.95,68.72,55.84,68.96,66.67,67.95,69.62,67.4,68.86,69.33,45.11,72.6
2022-03-12 01:00:00,64.01,65.66,63.74,66.41,67.37,55.18,67.69,64.31,66.04,67.2,64.77,67.34,67.8,46.67,71.05
2022-03-12 02:00:00,64.58,66.82,64.36,66.86,67.63,55.9,67.87,65.11,66.66,69.34,65.47,67.72,69.12,47.28,70.69
2022-03-12 03:00:00,70.98,72.88,70.75,73.28,74.22,62.32,74.52,71.91,73.85,75.49,72.28,74.22,75.7,52.51,77.34
2022-03-12 04:00:00,71.98,73.77,71.85,73.96,74.68,64.36,75.29,73.14,75.0,76.86,73.56,74.75,82.3,56.06,77.95
2022-03-12 05:00:00,93.47,95.02,93.21,96.18,97.09,83.64,98.01,95.8,98.69,98.35,96.38,97.12,105.89,68.69,101.06
2022-03-12 06:00:00,149.02,153.57,148.51,152.74,151.63,135.21,152.5,151.34,152.02,157.75,152.71,153.44,172.39,119.83,156.31
2022-03-12 07:00:00,135.03,140.6,134.68,138.16,136.48,122.71,137.24,136.9,136.49,145.93,138.31,138.91,158.01,114.1,140.08
2022-03-12 08:00:00,71.99,75.68,71.67,74.11,72.98,64.1,72.78,72.73,71.87,78.4,73.47,74.97,93.68,61.46,73.78
2022-03-12 09:00:00,53.02,55.42,52.72,54.34,53.59,48.52,52.61,52.88,52.52,56.9,53.37,55.0,67.73,47.59,53.46
2022-03-12 10:00:00,44.94,45.82,44.82,45.53,45.24,42.84,45.1,44.71,44.66,46.42,44.86,45.66,45.52,42.01,45.03
2022-03-12 11:00:00,33.87,34.46,33.81,34.18,33.97,32.8,33.79,33.64,33.35,35.0,33.61,34.29,34.74,33.18,33.76
2022-03-12 12:00:00,30.79,31.81,30.54,31.42,30.71,29.21,29.72,30.11,29.24,32.58,30.09,31.59,31.54,30.06,29.85
2022-03-12 13:00:00,28.27,29.11,27.89,28.94,27.3,27.15,26.36,27.75,27.14,29.79,27.68,29.08,29.08,27.68,26.48
2022-03-12 14:00:00,23.37,24.79,21.98,24.78,20.13,23.76,14.61,23.9,23.71,25.29,23.73,24.98,24.98,23.92,19.52
2022-03-12 15:00:00,18.79,20.78,17.0,20.53,12.56,19.68,7.02,19.79,19.63,21.23,19.61,20.6,20.83,19.85,12.09
2022-03-12 16:00:00,19.81,22.11,17.92,21.39,9.76,21.82,6.37,21.73,21.79,22.6,21.45,21.41,21.61,21.85,9.46
2022-03-12 17:00:00,30.21,31.6,29.27,30.9,29.06,31.3,23.3,31.42,31.25,32.0,31.33,31.04,30.9,31.33,28.86
2022-03-12 18:00:00,53.63,54.76,53.14,53.9,53.32,54.41,49.48,54.64,54.34,55.16,54.54,54.16,53.88,54.51,52.99
2022-03-12 19:00:00,40.16,42.18,39.32,40.62,38.66,41.58,32.89,42.07,41.46,42.53,41.9,41.13,40.7,41.97,37.86
2022-03-12 20:00:00,33.66,38.1,31.78,34.74,20.06,37.31,16.96,38.64,36.98,38.56,38.09,36.0,34.74,37.61,18.63
2022-03-12 21:00:00,30.02,35.96,26.92,32.07,8.08,35.24,4.41,36.4,34.59,36.52,35.65,33.44,32.21,35.92,6.41
2022-03-12 22:00:00,25.4,31.23,22.48,27.55,2.7,29.56,1.6,30.24,28.85,32.14,29.69,28.2,28.19,30.49,1.77
2022-03-12 23:00:00,21.53,27.71,19.29,22.67,2.08,26.51,0.26,27.82,25.83,28.44,27.19,24.05,23.19,27.03,0.24
2022-03-13 00:00:00,24.02,30.26,21.21,25.74,4.6,29.1,-0.29,30.61,28.42,30.91,30.12,27.24,26.05,30.17,2.75
2022-03-13 01:00:00,24.21,30.15,21.34,26.0,5.44,29.39,-0.17,31.11,28.93,30.73,30.64,27.5,26.37,29.95,3.6
2022-03-13 03:00:00,24.39,30.33,21.44,26.31,4.56,29.41,-0.29,31.08,28.99,30.99,30.56,27.75,26.81,29.89,2.81
2022-03-13 04:00:00,25.94,31.69,22.56,28.58,3.73,30.26,-0.28,31.5,29.74,32.38,30.69,29.42,29.22,30.4,2.44
2022-03-13 05:00:00,28.59,34.48,24.97,31.41,6.23,33.18,0.81,34.36,32.7,35.16,33.62,32.5,32.46,33.4,4.81
2022-03-13 06:00:00,45.76,53.78,40.86,49.65,16.74,51.6,8.41,53.56,51.06,54.4,52.69,51.16,50.51,52.66,14.79
2022-03-13 07:00:00,67.14,75.19,61.12,72.8,30.63,71.36,25.15,72.46,70.67,75.62,71.72,74.6,73.94,74.15,28.42
2022-03-13 08:00:00,52.44,60.54,46.59,58.02,16.48,56.26,11.54,58.06,55.89,60.94,57.19,60.13,59.01,58.07,14.02
2022-03-13 09:00:00,35.52,42.75,31.56,39.17,9.25,38.28,6.03,39.79,37.54,42.94,39.42,42.27,39.68,39.36,5.48
2022-03-13 10:00:00,26.53,32.55,23.28,28.93,2.87,31.19,0.43,33.29,30.78,33.19,32.14,30.44,29.64,31.53,0.8
2022-03-13 11:00:00,23.6,30.45,20.62,26.17,2.52,26.13,-0.28,28.8,25.96,31.44,28.09,27.81,26.77,27.31,0.22
2022-03-13 12:00:00,20.38,27.77,17.8,23.0,1.83,20.71,-0.28,24.39,20.66,29.06,23.75,24.5,23.45,22.82,-0.61
2022-03-13 13:00:00,19.69,27.53,17.09,22.6,1.48,18.84,-0.63,23.12,19.63,28.96,22.48,23.94,23.2,19.18,-0.91
2022-03-13 14:00:00,16.89,24.13,14.37,19.89,-0.08,15.45,-1.98,19.59,16.62,25.33,18.93,20.87,20.69,14.67,-2.15
2022-03-13 15:00:00,15.93,23.12,13.29,18.97,-1.68,14.89,-3.82,18.91,16.12,24.25,18.26,19.93,19.76,14.05,-3.61
2022-03-13 16:00:00,16.29,23.88,13.73,19.14,-1.5,15.58,-3.68,19.64,16.8,25.16,19.01,20.2,19.94,14.67,-3.47
2022-03-13 17:00:00,16.19,21.9,13.81,18.37,-0.93,17.72,-2.75,20.75,18.82,22.5,20.05,19.74,18.93,17.09,-2.89
2022-03-13 18:00:00,24.77,30.14,21.27,28.0,0.99,27.45,-0.49,29.56,27.94,30.53,28.5,28.76,28.6,27.65,-0.19
2022-03-13 19:00:00,31.1,37.31,26.84,34.72,3.36,35.6,-0.29,37.36,35.83,37.74,36.33,35.61,35.26,35.64,2.36
2022-03-13 20:00:00,34.8,41.36,30.02,38.81,3.29,40.18,-0.29,41.61,40.26,41.72,40.4,39.6,39.39,40.2,2.24
2022-03-13 21:00:00,30.82,37.16,26.38,34.53,1.17,35.89,-2.06,37.2,35.82,37.51,36.22,35.31,35.08,36.06,0.04
2022-03-13 22:00:00,20.79,26.54,18.2,22.48,0.0,25.34,-1.53,26.7,24.96,27.1,26.03,23.54,23.03,25.62,-1.48
2022-03-13 23:00:00,14.26,19.78,12.35,15.23,-1.27,18.41,-4.0,19.82,17.98,20.3,19.27,16.26,15.83,18.74,-2.73
2022-03-14 00:00:00,10.95,19.41,10.4,9.03,-1.97,19.56,-6.39,23.17,18.64,20.01,22.55,12.74,8.52,20.31,-5.85
2022-03-14 01:00:00,10.53,18.76,10.07,8.6,-1.59,18.87,-5.95,22.4,18.05,19.18,21.92,12.03,8.18,19.55,-5.25
2022-03-14 02:00:00,9.33,16.72,8.94,7.44,-1.16,17.24,-5.62,20.38,16.37,17.26,20.04,10.69,6.78,17.96,-4.52
2022-03-14 03:00:00,11.3,19.67,10.96,9.09,-1.0,20.17,-5.1,23.77,19.16,20.11,23.43,12.79,8.45,21.0,-4.86
2022-03-14 04:00:00,15.69,24.06,14.69,14.3,-0.73,24.42,-4.0,27.64,23.45,24.5,27.3,17.69,13.9,25.13,-4.24
2022-03-14 05:00:00,25.75,33.7,23.28,26.29,2.67,33.81,-0.69,36.22,33.06,34.11,35.65,29.12,26.24,34.18,-0.18
2022-03-14 06:00:00,32.57,42.59,29.45,33.18,5.33,42.93,-0.88,46.28,41.9,42.92,45.52,37.03,32.91,43.51,1.78
2022-03-14 07:00:00,31.66,43.75,29.23,31.3,7.19,42.18,-0.28,46.25,40.81,44.12,46.12,36.4,30.58,43.11,2.3
2022-03-14 08:00:00,28.13,40.45,26.18,27.6,7.12,36.95,-0.29,42.12,36.98,41.02,41.84,33.17,37.61,39.23,2.05
2022-03-14 09:00:00,24.56,36.6,22.5,25.48,4.64,28.19,-0.29,31.88,28.07,37.63,31.34,29.32,26.71,29.45,0.09
2022-03-14 10:00:00,22.15,33.43,20.04,23.38,2.3,25.0,-1.63,28.94,26.49,34.73,28.31,26.28,25.14,26.61,-1.12
2022-03-14 11:00:00,19.1,32.26,17.83,19.25,1.11,21.82,-2.02,26.54,23.01,34.24,26.02,21.96,23.6,22.97,-1.9
2022-03-14 12:00:00,18.76,33.01,17.43,19.32,1.34,19.81,-2.42,24.78,20.56,35.15,24.45,21.52,22.11,21.01,-1.47
2022-03-14 13:00:00,20.58,31.94,18.61,22.37,2.45,20.43,-0.29,25.01,21.41,33.71,24.77,23.87,22.41,22.54,-0.08
2022-03-14 14:00:00,20.0,31.68,17.96,21.74,1.03,20.3,-1.88,24.71,20.94,33.35,24.38,23.12,21.77,22.51,-1.36
2022-03-14 15:00:00,20.75,33.8,18.9,22.01,1.44,21.83,-2.05,26.1,22.77,35.51,25.46,24.52,22.06,23.67,-2.25
2022-03-14 16:00:00,20.82,32.67,18.65,22.15,0.0,23.4,-3.61,26.95,23.23,34.67,26.43,24.15,22.42,25.38,-2.71
2022-03-14 17:00:00,20.58,31.75,18.45,21.64,0.5,24.22,-3.79,28.52,23.95,32.86,28.01,24.92,22.19,26.38,-3.15
2022-03-14 18:00:00,25.96,39.36,24.15,26.02,6.97,31.5,-0.28,37.09,30.84,40.36,36.55,30.82,27.08,33.98,1.99
2022-03-14 19:00:00,47.91,55.45,46.85,47.89,40.29,51.17,32.9,53.96,50.85,56.49,53.56,50.63,49.63,52.68,38.37
2022-03-14 20:00:00,95.72,99.41,95.49,95.42,93.67,97.12,90.0,99.05,97.16,99.99,98.65,96.69,97.79,97.88,93.3
2022-03-14 21:00:00,52.9,54.12,52.45,53.54,52.33,52.14,50.0,53.27,52.31,54.68,53.14,53.84,53.93,52.49,52.01
2022-03-14 22:00:00,32.01,32.54,31.95,32.16,31.63,31.58,31.52,32.39,31.69,32.78,32.14,32.31,32.33,31.64,31.51
2022-03-14 23:00:00,30.89,31.53,30.83,31.08,30.58,30.26,30.45,31.0,30.37,31.73,30.77,31.14,31.15,30.28,30.42
2022-03-15 00:00:00,34.43,35.0,34.38,34.57,33.97,34.04,33.9,34.61,34.14,35.42,34.35,34.68,34.65,34.16,33.99
2022-03-15 01:00:00,32.2,32.63,32.15,32.3,31.71,32.0,31.66,32.42,32.08,33.05,32.19,32.41,32.38,32.14,31.76
2022-03-15 02:00:00,31.73,32.07,31.67,31.83,31.26,31.53,31.24,31.91,31.62,32.46,31.7,31.93,31.9,31.68,31.38
2022-03-15 03:00:00,32.48,32.79,32.4,32.6,32.03,32.33,31.88,32.66,32.41,33.15,32.48,32.7,32.66,32.48,32.25
2022-03-15 04:00:00,33.13,33.44,33.05,33.28,32.71,32.81,32.67,33.24,32.93,33.84,33.03,33.36,33.33,32.96,32.77
2022-03-15 05:00:00,37.76,38.05,37.7,37.9,37.46,37.4,37.44,37.8,37.51,38.48,37.61,37.99,37.94,37.53,37.54
2022-03-15 06:00:00,43.89,44.59,43.74,44.24,43.84,43.05,43.1,43.85,43.29,44.99,43.71,44.59,44.39,43.28,43.87
2022-03-15 07:00:00,54.4,54.84,54.18,55.0,54.5,52.89,53.97,54.94,53.61,55.58,54.24,55.26,55.11,53.59,54.66
2022-03-15 08:00:00,41.78,43.08,41.6,42.74,42.27,38.5,42.09,42.72,41.38,43.54,41.89,43.42,43.05,40.44,42.03
2022-03-15 09:00:00,31.58,32.61,31.38,32.41,31.8,29.17,31.35,32.29,30.77,33.0,31.4,33.8,33.03,30.44,31.52
2022-03-15 10:00:00,26.38,28.99,26.26,27.36,26.71,22.57,26.1,26.57,23.6,29.86,25.77,28.88,28.07,24.14,26.3
2022-03-15 11:00:00,25.57,29.0,25.48,26.71,26.0,20.89,25.31,24.77,22.03,30.26,24.26,28.44,27.56,23.17,25.57
2022-03-15 12:00:00,27.75,30.93,27.74,28.72,28.25,23.42,27.87,27.49,25.03,32.18,26.88,30.41,29.55,25.95,27.98
2022-03-15 13:00:00,27.0,29.77,27.03,27.77,27.42,23.3,27.29,27.03,24.92,31.27,26.32,28.75,28.24,25.62,27.24
2022-03-15 14:00:00,28.54,30.93,28.52,29.38,29.13,24.81,28.96,29.04,26.59,31.9,28.15,29.63,29.5,27.33,28.98
2022-03-15 15:00:00,29.63,31.0,29.56,30.36,30.25,26.69,30.21,30.89,28.68,31.86,29.83,30.56,30.44,29.35,30.24
2022-03-15 16:00:00,31.75,32.79,31.73,32.22,32.19,29.75,32.17,33.61,31.32,33.96,32.03,32.4,32.29,31.54,32.22
2022-03-15 17:00:00,32.59,33.36,32.53,33.08,33.05,30.73,32.95,34.41,32.34,34.74,32.81,33.21,33.11,32.24,33.08
2022-03-15 18:00:00,47.55,47.96,47.49,47.86,47.83,46.47,47.69,48.8,47.46,49.21,47.6,48.0,47.91,47.26,48.09
2022-03-15 19:00:00,149.26,148.85,149.2,149.39,149.24,149.14,149.41,151.31,150.34,150.25,150.03,149.52,149.4,150.0,152.43
2022-03-15 20:00:00,102.57,102.2,102.46,102.7,102.24,102.57,102.38,104.34,103.59,103.03,103.36,102.69,102.63,103.37,105.58
2022-03-15 21:00:00,45.07,45.0,45.03,45.06,44.64,45.29,44.76,46.45,45.98,45.56,45.86,45.06,45.02,45.87,47.04
2022-03-15 22:00:00,38.89,38.56,39.05,38.67,37.15,39.1,39.86,41.26,40.34,38.96,40.37,38.75,38.66,39.84,41.52
2022-03-15 23:00:00,34.4,33.87,34.49,34.3,32.77,34.42,35.37,37.54,36.14,34.41,36.17,34.4,34.3,35.37,36.43
2022-03-16 00:00:00,31.16,31.02,31.24,31.03,28.36,31.28,31.63,32.68,32.04,31.69,31.92,31.12,31.11,31.73,32.43
2022-03-16 01:00:00,29.22,29.26,29.28,29.1,26.29,29.37,29.4,29.71,29.6,29.86,29.56,29.26,29.42,29.55,30.17
2022-03-16 02:00:00,21.63,22.14,21.68,21.43,18.56,22.08,21.06,22.37,22.14,22.74,22.3,21.75,21.75,22.22,21.66
2022-03-16 03:00:00,14.63,16.81,14.64,14.02,10.11,16.56,11.18,17.44,16.34,17.21,17.52,15.02,14.15,16.82,11.6
2022-03-16 04:00:00,16.31,19.17,16.3,15.56,11.03,18.86,11.6,20.08,18.55,19.77,20.2,16.93,15.72,19.17,11.94
2022-03-16 05:00:00,21.15,25.09,21.11,20.04,14.05,25.0,14.3,26.71,24.52,25.74,26.93,22.06,20.1,25.49,14.69
2022-03-16 06:00:00,49.37,56.32,48.9,47.83,38.23,56.22,35.22,59.19,55.42,56.99,59.61,51.19,47.61,57.19,38.67
2022-03-16 07:00:00,34.66,39.65,33.36,34.73,23.52,39.35,19.73,41.0,39.01,40.3,40.84,36.94,35.79,40.46,23.98
2022-03-16 08:00:00,26.89,34.32,25.49,26.69,13.09,32.75,8.19,36.47,36.86,34.97,36.03,30.37,27.74,34.71,11.62
2022-03-16 09:00:00,22.97,33.78,21.36,23.0,5.89,28.29,0.38,31.49,29.08,34.62,30.7,26.62,24.04,30.07,1.34
2022-03-16 10:00:00,20.89,30.5,19.34,21.0,5.84,25.81,0.07,28.0,25.47,31.5,26.5,23.7,21.78,27.47,0.39
2022-03-16 11:00:00,19.03,30.06,18.22,18.0,4.21,24.81,0.01,27.88,24.8,31.49,28.13,20.82,18.7,27.08,-0.47
2022-03-16 12:00:00,19.41,29.83,18.56,18.2,3.79,26.21,0.01,28.37,26.3,31.49,27.87,20.05,18.79,27.93,-0.54
2022-03-16 13:00:00,19.2,28.03,18.17,18.32,5.86,25.82,0.5,27.91,26.09,30.5,27.86,19.82,18.92,27.24,0.93
2022-03-16 14:00:00,19.47,30.61,19.22,17.67,7.66,25.55,3.04,28.47,26.78,32.48,28.75,19.28,18.47,27.06,2.61
2022-03-16 15:00:00,19.42,30.89,19.1,18.1,8.09,23.8,3.6,27.86,27.22,34.05,28.67,19.6,18.89,26.68,2.96
2022-03-16 16:00:00,19.51,34.7,19.35,18.53,8.55,20.87,3.32,25.92,21.98,36.8,27.37,19.81,19.18,22.5,3.53
2022-03-16 17:00:00,22.84,33.5,21.6,24.49,13.3,19.82,8.58,26.7,20.64,34.76,27.91,25.49,25.16,22.43,7.78
2022-03-16 18:00:00,28.61,38.36,27.72,31.0,23.49,21.06,20.45,29.56,22.21,39.56,28.29,31.94,31.6,23.66,21.31
2022-03-16 19:00:00,42.59,50.93,41.62,46.09,39.73,31.2,38.27,47.3,36.28,51.61,42.51,46.53,46.83,33.99,38.87
2022-03-16 20:00:00,28.32,38.86,27.12,30.83,21.07,21.54,17.26,30.55,22.81,39.6,29.11,32.31,31.69,23.35,19.57
2022-03-16 21:00:00,19.06,30.2,17.06,21.54,6.17,16.06,0.45,22.75,16.39,31.33,22.19,23.54,22.68,17.28,4.03
2022-03-16 22:00:00,13.07,23.2,12.06,14.27,2.17,10.92,-0.15,17.18,11.26,24.0,16.82,16.97,16.04,10.88,-0.45
2022-03-16 23:00:00,10.24,20.82,9.51,11.46,1.31,6.53,-0.75,13.12,7.07,21.56,12.78,13.79,12.68,6.04,-1.12
2022-03-17 00:00:00,6.03,17.48,5.5,7.53,-1.01,0.0,-3.0,6.85,0.21,19.79,6.43,8.86,8.26,-0.63,-3.29
2022-03-17 01:00:00,3.8,14.37,3.39,5.0,-1.61,-1.47,-4.33,4.83,-1.01,17.09,4.47,6.33,5.68,-1.69,-4.13
2022-03-17 02:00:00,3.31,13.86,3.09,4.58,-1.21,-3.06,-3.02,3.4,-2.38,16.52,3.02,5.72,5.15,-3.78,-3.57
2022-03-17 03:00:00,4.36,15.07,4.05,5.58,-0.71,-1.46,-3.0,5.04,-0.77,17.43,4.67,6.91,6.25,-1.96,-3.22
2022-03-17 04:00:00,6.43,18.27,5.92,8.0,0.07,-0.04,-2.56,6.92,0.68,20.8,6.55,9.37,8.69,-0.59,-2.05
2022-03-17 05:00:00,9.6,23.44,9.22,10.97,3.27,2.77,-0.29,10.54,3.11,26.44,10.37,12.95,11.62,3.51,-0.15
2022-03-17 06:00:00,18.91,37.08,18.13,20.65,10.01,11.52,3.25,21.36,12.11,40.47,21.28,24.32,21.24,11.15,5.6
2022-03-17 07:00:00,25.07,42.32,24.41,26.89,18.76,16.84,11.61,26.42,18.25,47.42,26.14,29.85,27.39,17.55,15.61
2022-03-17 08:00:00,18.77,36.93,18.0,20.26,9.2,12.51,2.3,25.46,12.59,44.93,23.6,23.65,20.81,12.37,4.8
2022-03-17 09:00:00,15.72,32.71,14.98,17.0,4.89,10.47,-0.28,20.72,10.38,36.99,20.0,20.07,17.68,11.21,0.24
2022-03-17 10:00:00,14.36,30.74,13.75,15.37,3.1,9.7,-0.82,18.94,9.73,35.74,18.21,18.32,16.31,11.98,-1.15
2022-03-17 11:00:00,15.72,31.2,14.53,17.15,0.88,12.32,-2.57,20.43,12.85,35.63,19.32,20.25,18.81,16.12,-2.84
2022-03-17 12:00:00,16.09,32.91,14.92,16.95,0.31,14.62,-4.8,22.14,15.92,38.07,20.47,20.05,18.88,19.26,-4.13
2022-03-17 13:00:00,17.04,33.87,16.04,17.0,0.0,18.38,-5.09,25.96,20.85,39.43,23.92,19.91,19.0,24.26,-4.86
2022-03-17 14:00:00,17.17,32.03,16.0,16.71,-0.01,21.4,-6.13,28.83,26.03,36.03,26.34,18.46,17.57,28.23,-5.32
2022-03-17 15:00:00,19.23,35.52,18.01,18.78,-0.01,23.48,-5.75,32.09,28.72,40.42,29.08,20.49,19.72,32.06,-5.15
2022-03-17 16:00:00,24.83,41.52,23.08,24.93,-0.74,29.34,-3.49,35.8,32.15,44.93,34.34,27.47,26.97,36.97,-4.39
2022-03-17 17:00:00,25.66,39.38,22.99,27.45,-0.41,28.55,-3.43,35.4,31.11,42.38,33.08,29.08,28.82,35.28,-3.71
2022-03-17 18:00:00,27.69,42.93,25.37,29.0,2.43,30.55,-1.0,38.7,31.52,47.56,37.79,32.19,30.45,36.47,-0.99
2022-03-17 19:00:00,33.81,50.0,30.54,36.31,4.15,36.13,-0.28,45.08,36.78,54.0,43.77,39.57,38.08,40.53,4.91
2022-03-17 20:00:00,25.0,39.21,22.79,26.82,3.78,25.41,-0.29,32.35,25.45,42.83,31.63,29.45,28.19,28.11,5.55
2022-03-17 21:00:00,20.04,34.03,18.39,21.07,1.57,20.89,-2.42,26.7,20.53,37.13,26.26,23.57,21.9,22.11,2.57
2022-03-17 22:00:00,16.47,30.82,15.71,16.67,1.48,16.35,-1.0,22.26,16.02,34.49,21.94,18.93,16.66,17.73,0.79
2022-03-17 23:00:00,10.96,25.58,11.0,10.12,-0.22,10.98,-2.67,16.89,10.44,31.14,16.52,12.35,10.23,11.76,-0.67
2022-03-18 00:00:00,9.57,24.78,10.0,7.81,-2.02,11.41,-3.99,16.79,10.44,33.83,16.28,10.25,7.28,11.76,-1.99
2022-03-18 01:00:00,9.63,20.88,9.87,7.42,-1.85,14.97,-3.78,19.17,14.02,27.71,18.84,10.1,6.75,15.56,-1.78
2022-03-18 02:00:00,9.6,17.97,9.83,6.83,-1.87,17.96,-3.43,20.49,17.09,24.56,20.29,9.63,6.11,18.86,-1.43
2022-03-18 03:00:00,10.68,19.23,10.77,7.89,-1.11,19.65,-3.69,22.23,18.75,25.82,22.11,10.92,7.13,20.61,-0.65
2022-03-18 04:00:00,13.43,22.11,13.63,10.5,1.06,22.43,-0.5,25.17,21.53,28.29,25.16,13.68,9.73,23.35,3.1
2022-03-18 05:00:00,13.9,22.42,13.87,11.5,2.75,21.86,-0.28,24.52,21.03,28.18,24.65,14.48,10.85,22.61,4.71
2022-03-18 06:00:00,25.1,37.89,24.21,23.38,12.52,33.12,2.46,37.39,32.2,44.22,37.44,27.55,22.62,34.13,14.62
2022-03-18 07:00:00,30.72,44.97,29.91,30.54,20.8,31.85,12.26,38.0,31.49,50.53,37.82,33.55,30.65,32.41,23.44
2022-03-18 08:00:00,25.55,41.18,25.07,27.01,17.28,18.69,13.39,27.3,20.14,47.38,26.88,28.94,28.1,17.5,15.72
2022-03-18 09:00:00,18.31,35.71,16.87,20.89,2.57,11.17,-0.28,20.68,13.45,41.8,20.24,23.08,22.5,9.44,-0.04
2022-03-18 10:00:00,17.47,34.0,15.93,20.41,2.21,9.58,-0.29,19.2,12.42,39.61,18.79,21.92,21.56,7.62,-0.38
2022-03-18 11:00:00,18.49,35.52,17.11,21.22,5.22,10.49,1.21,19.96,13.22,42.32,19.55,23.12,22.33,10.33,2.5
2022-03-18 12:00:00,19.62,34.52,18.31,22.0,10.09,13.03,3.7,21.8,15.85,39.79,21.46,23.7,22.98,12.01,7.5
2022-03-18 13:00:00,27.22,39.26,27.17,28.97,25.41,17.79,22.67,24.55,19.89,45.14,24.45,29.87,29.82,17.09,23.7
2022-03-18 14:00:00,31.01,40.88,31.35,32.31,30.87,22.04,30.17,28.03,23.53,47.34,27.46,32.52,32.6,21.77,29.7
2022-03-18 15:00:00,27.73,33.22,28.18,27.59,27.08,25.01,26.9,26.2,25.28,40.06,26.15,27.7,27.76,25.19,26.76
2022-03-18 16:00:00,33.16,35.87,33.43,33.0,32.92,31.95,32.89,32.69,32.32,40.71,32.54,32.99,33.0,32.05,32.86
2022-03-18 17:00:00,36.3,38.0,36.55,36.01,35.96,35.97,36.23,36.24,36.17,42.11,36.15,36.0,35.99,36.13,37.02
2022-03-18 18:00:00,55.94,57.36,56.36,55.37,55.13,55.98,56.73,56.48,56.5,62.05,56.27,55.33,55.27,56.18,60.8
2022-03-18 19:00:00,140.74,141.89,142.38,138.5,137.1,141.87,147.26,145.45,145.48,147.46,143.32,138.31,137.95,142.61,172.95
2022-03-18 20:00:00,119.31,120.14,121.8,115.71,113.43,122.0,129.36,125.89,125.81,125.7,123.52,115.42,114.88,123.43,168.71
2022-03-18 21:00:00,77.95,80.01,80.16,74.54,72.61,80.87,85.22,80.38,81.87,85.43,80.97,74.3,73.97,80.96,116.1
2022-03-18 22:00:00,55.48,57.03,57.19,52.95,51.43,57.29,61.52,56.96,57.97,61.56,57.39,52.78,52.55,57.44,84.21
2022-03-18 23:00:00,42.36,42.55,43.72,40.76,39.45,42.33,49.23,45.67,44.94,47.23,44.79,40.62,40.38,43.64,68.63
2022-03-19 00:00:00,56.29,56.17,57.67,54.95,53.65,55.18,64.39,59.79,58.63,59.64,58.57,54.81,54.58,55.81,84.79
2022-03-19 01:00:00,47.98,47.26,49.24,46.84,45.66,46.75,56.11,52.27,50.71,51.24,50.8,46.71,46.46,48.24,75.99
2022-03-19 02:00:00,44.41,44.22,45.68,43.33,42.08,42.78,52.38,47.83,46.34,48.14,46.77,43.2,43.0,43.91,70.82
2022-03-19 03:00:00,41.06,41.94,42.54,39.7,38.26,39.35,49.16,42.99,42.07,45.94,42.33,39.58,39.43,39.65,67.33
2022-03-19 04:00:00,40.86,41.66,42.21,39.75,38.38,38.81,48.61,43.12,41.97,45.16,42.43,39.62,39.47,39.21,65.8
2022-03-19 05:00:00,39.53,39.69,40.78,38.6,37.26,37.24,47.58,42.03,40.11,42.28,40.69,38.49,38.36,38.01,63.59
2022-03-19 06:00:00,41.31,44.27,42.82,40.18,38.42,38.05,48.79,41.5,40.03,47.27,41.37,40.04,39.98,37.39,65.46
2022-03-19 07:00:00,41.99,44.61,43.41,41.05,39.37,38.53,49.44,42.32,40.8,47.59,42.03,40.91,40.87,37.98,64.44
2022-03-19 08:00:00,34.55,37.9,35.06,34.7,33.91,30.83,36.79,33.99,32.16,40.04,33.85,34.64,34.67,30.07,41.09
2022-03-19 09:00:00,35.06,40.04,35.34,35.51,34.99,30.87,34.93,33.8,31.29,43.05,33.62,35.52,35.55,30.64,35.03
2022-03-19 10:00:00,27.89,32.56,28.06,28.41,27.87,24.0,27.26,26.98,24.68,35.16,26.77,28.46,28.45,23.96,27.37
2022-03-19 11:00:00,24.33,30.25,24.55,24.81,23.97,20.07,23.05,23.02,20.53,33.26,22.87,24.86,24.87,19.78,23.18
2022-03-19 12:00:00,21.89,27.34,22.06,22.24,21.43,18.44,20.22,20.94,19.06,30.9,20.84,22.3,22.28,18.68,20.62
2022-03-19 13:00:00,25.18,29.73,25.37,25.58,25.16,21.66,24.53,24.5,22.78,33.06,24.25,25.56,25.6,22.19,24.69
2022-03-19 14:00:00,28.54,33.08,28.7,29.24,28.85,23.99,28.47,28.14,25.77,35.97,27.32,29.22,29.27,24.62,28.47
2022-03-19 15:00:00,26.97,31.97,27.11,27.85,27.41,21.72,26.89,26.44,23.87,34.52,25.66,27.81,27.89,22.54,26.99
2022-03-19 16:00:00,28.05,32.65,28.15,28.98,28.51,22.84,28.13,27.47,24.71,34.63,26.81,28.94,29.02,23.26,28.23
2022-03-19 17:00:00,26.36,30.86,26.55,27.13,26.63,21.43,26.78,25.77,23.04,32.86,25.2,27.08,27.16,21.38,27.11
2022-03-19 18:00:00,41.07,45.0,41.27,41.79,41.29,36.43,41.84,40.92,38.15,47.03,40.1,41.74,41.8,35.94,42.84
2022-03-19 19:00:00,121.17,122.48,121.81,121.47,120.51,116.81,126.47,123.31,121.27,123.81,122.17,121.38,121.29,115.54,134.89
2022-03-19 20:00:00,48.17,49.76,48.52,48.56,47.66,44.53,51.23,50.44,48.01,50.94,49.27,48.5,48.39,44.13,60.94
2022-03-19 21:00:00,29.86,32.42,28.93,30.78,30.21,29.55,22.96,30.73,30.12,33.74,31.02,30.81,30.75,29.24,37.14
2022-03-19 22:00:00,21.75,23.33,21.9,21.13,19.77,23.12,20.02,23.49,23.22,24.78,23.52,21.49,21.0,23.16,25.02
2022-03-19 23:00:00,18.15,22.95,18.26,16.63,12.53,22.7,10.75,24.15,22.4,25.66,23.83,17.97,16.28,22.85,15.28
2022-03-20 00:00:00,16.37,22.72,16.33,14.35,5.69,23.41,4.85,25.06,22.69,25.69,24.44,16.03,14.3,23.72,7.65
2022-03-20 01:00:00,12.05,18.43,11.97,9.99,0.23,19.46,0.01,21.17,18.69,21.19,20.38,11.71,10.01,19.74,3.17
2022-03-20 02:00:00,11.29,17.43,11.31,9.13,0.0,18.67,0.01,20.35,17.95,20.16,19.49,10.83,9.13,18.96,3.44
2022-03-20 03:00:00,11.56,17.74,11.48,9.56,-0.36,18.77,-0.15,20.36,18.05,20.47,19.51,11.17,9.72,19.06,3.19
2022-03-20 04:00:00,12.44,19.21,12.4,10.15,0.16,20.51,-0.28,22.59,19.6,21.93,21.8,12.11,10.11,20.69,3.56
2022-03-20 05:00:00,13.78,21.37,13.84,10.96,0.94,23.31,-0.28,25.79,22.33,24.04,24.83,13.34,10.63,23.61,3.12
2022-03-20 06:00:00,20.53,29.94,19.96,17.72,5.04,32.48,-0.29,35.73,31.29,32.63,34.7,20.79,17.02,32.7,5.26
2022-03-20 07:00:00,23.87,34.32,23.04,20.99,5.85,37.13,-0.28,40.79,35.79,36.63,39.69,24.44,20.23,37.34,5.45
2022-03-20 08:00:00,22.79,34.26,22.53,18.95,4.95,37.17,-0.28,41.31,35.62,37.27,40.43,22.99,18.05,37.45,1.94
2022-03-20 09:00:00,16.43,27.65,16.56,12.39,0.48,29.85,-3.66,33.91,28.36,30.67,33.19,16.34,11.5,30.12,-3.66
2022-03-20 10:00:00,11.84,21.06,11.63,9.39,-1.37,20.9,-4.81,24.39,19.79,23.18,23.81,12.41,8.83,20.97,-4.76
2022-03-20 11:00:00,9.72,21.96,9.05,9.5,-2.65,11.19,-6.44,16.73,10.7,24.08,16.17,11.51,9.58,10.84,-5.65
2022-03-20 12:00:00,7.98,23.94,7.66,8.16,-3.26,5.35,-6.81,12.99,5.01,26.95,12.37,9.97,8.43,4.82,-6.55
2022-03-20 13:00:00,7.5,24.52,7.26,7.75,-3.97,4.02,-7.25,12.15,4.06,27.93,11.53,9.32,8.47,3.63,-7.13
2022-03-20 14:00:00,8.04,26.01,7.64,8.57,-4.44,3.92,-7.93,12.38,4.03,28.67,11.69,10.0,9.58,3.3,-7.61
2022-03-20 15:00:00,8.26,26.49,7.89,8.82,-4.09,3.8,-7.53,12.56,4.05,30.01,11.83,10.33,9.83,3.15,-7.37
2022-03-20 16:00:00,9.51,27.16,9.1,10.0,-3.18,5.77,-6.54,14.38,6.33,29.94,13.6,11.66,11.0,5.39,-6.52
2022-03-20 17:00:00,15.75,35.06,14.46,17.69,-2.55,10.07,-5.0,19.94,10.39,37.06,19.21,19.2,19.2,8.98,-5.17
2022-03-20 18:00:00,22.56,43.45,20.78,25.09,0.21,16.46,-1.91,27.12,17.29,45.96,26.23,26.6,26.75,15.02,-1.64
2022-03-20 19:00:00,31.87,51.89,28.33,36.7,5.22,25.0,-0.28,34.94,26.2,54.44,33.9,37.84,37.57,22.1,5.59
2022-03-20 20:00:00,29.2,47.8,26.13,33.13,5.91,23.87,-0.28,33.28,25.02,49.71,32.29,34.64,33.65,21.26,7.52
2022-03-20 21:00:00,18.32,33.69,16.61,20.9,1.54,12.81,-0.94,21.13,13.95,35.24,20.41,22.05,21.14,10.36,3.82
2022-03-20 22:00:00,8.28,22.54,8.3,8.53,-2.32,4.26,-2.14,12.39,5.1,24.23,11.87,10.2,8.71,2.19,1.0
2022-03-20 23:00:00,5.56,19.26,5.79,5.73,-3.1,0.9,-2.72,8.5,1.58,22.17,8.0,7.0,6.03,-1.47,0.44
2022-03-21 00:00:00,5.19,21.72,5.6,4.97,-3.39,0.66,-4.94,9.66,0.86,25.11,9.12,6.94,5.21,-1.4,-3.79
2022-03-21 01:00:00,3.03,17.66,3.48,2.83,-3.95,-1.4,-5.15,6.91,-1.0,20.88,6.42,4.67,2.91,-3.57,-4.0
2022-03-21 02:00:00,2.47,17.14,2.94,2.73,-3.32,-3.93,-4.17,4.49,-3.63,20.14,4.08,4.23,2.9,-5.6,-2.89
2022-03-21 03:00:00,2.54,16.9,2.99,2.93,-2.87,-4.19,-3.69,4.34,-3.52,19.9,3.94,4.43,3.1,-6.12,-2.47
2022-03-21 04:00:00,3.2,18.17,3.65,3.78,-1.93,-4.45,-2.92,4.32,-3.89,21.18,3.93,5.22,4.01,-6.48,-2.0
2022-03-21 05:00:00,8.15,26.11,8.67,8.62,1.82,0.0,-0.06,10.18,0.65,29.03,9.8,10.76,8.77,-2.08,0.22
2022-03-21 06:00:00,14.48,39.41,15.13,14.6,4.54,5.55,0.97,19.59,5.95,42.57,19.11,18.45,14.47,2.6,1.4
2022-03-21 07:00:00,22.37,43.39,20.78,25.0,-2.54,15.0,-0.25,27.56,16.64,46.39,26.98,28.77,24.91,11.89,10.74
2022-03-21 08:00:00,19.84,40.91,18.17,23.52,-1.61,8.52,-0.28,24.89,12.45,43.77,24.28,26.61,23.46,7.21,8.67
2022-03-21 09:00:00,21.88,42.4,20.13,24.96,-1.34,13.47,-0.28,27.9,19.55,46.64,26.72,28.04,24.87,12.36,8.04
2022-03-21 10:00:00,19.15,39.24,18.05,21.16,0.0,12.08,-0.29,26.13,18.58,43.14,24.97,23.94,20.93,10.56,4.89
2022-03-21 11:00:00,18.27,37.13,17.08,20.76,0.0,9.88,0.57,23.46,17.34,41.13,22.55,23.06,20.63,9.45,6.16
2022-03-21 12:00:00,26.49,43.71,25.86,28.28,13.13,18.54,12.91,30.58,22.63,49.27,29.63,30.17,28.14,20.23,16.45
2022-03-21 13:00:00,36.41,51.57,36.06,38.75,29.55,25.36,28.56,38.36,33.53,56.13,37.15,39.85,38.78,29.38,29.85
2022-03-21 14:00:00,29.66,43.69,29.49,31.2,22.74,21.19,21.88,33.13,28.23,49.25,31.76,32.2,31.19,24.85,23.14
2022-03-21 15:00:00,22.03,37.16,21.87,23.6,14.38,13.24,13.47,24.44,21.27,42.72,23.8,24.71,23.53,16.59,14.8
2022-03-21 16:00:00,25.57,40.81,24.72,27.06,10.16,20.44,10.55,31.23,25.37,43.81,30.26,29.0,26.81,22.02,15.07
2022-03-21 17:00:00,25.27,39.72,23.73,27.63,5.41,20.05,7.54,30.12,23.46,42.32,29.16,29.83,27.48,20.48,15.16
2022-03-21 18:00:00,34.67,49.57,32.17,38.67,8.02,27.29,13.16,38.63,36.68,52.58,37.67,40.72,38.53,28.66,25.73
2022-03-21 19:00:00,56.3,68.98,54.39,60.2,34.17,46.98,41.39,58.62,62.6,72.75,58.04,61.26,60.07,50.86,55.42
2022-03-21 20:00:00,61.42,69.97,59.27,65.24,38.18,54.53,47.33,65.57,70.56,71.75,64.28,66.27,65.04,56.95,64.01
2022-03-21 21:00:00,34.28,42.13,30.94,38.38,0.0,32.13,11.12,37.64,37.58,43.98,37.22,39.98,38.24,33.19,32.13
2022-03-21 22:00:00,31.47,37.32,30.12,33.23,14.1,29.62,20.3,32.57,32.18,39.92,32.32,34.14,33.19,29.91,31.76
2022-03-21 23:00:00,23.09,32.49,21.17,25.01,-2.48,22.61,4.57,26.83,24.06,37.02,26.34,26.78,24.79,22.8,18.9
2022-03-22 00:00:00,19.11,28.7,17.73,19.4,-5.12,22.64,0.2,27.46,23.15,31.7,27.07,22.08,18.91,24.25,12.46
2022-03-22 01:00:00,17.27,25.31,16.05,17.15,-5.52,22.01,-0.28,25.6,22.01,28.01,25.29,19.74,16.66,23.22,11.61
2022-03-22 02:00:00,17.52,24.44,16.22,17.27,-5.47,23.33,-0.15,26.05,22.88,27.09,25.79,19.91,16.77,24.03,11.84
2022-03-22 03:00:00,15.75,22.74,14.44,15.51,-7.27,21.61,-2.1,24.38,21.04,25.41,24.13,18.26,15.01,21.95,9.71
2022-03-22 04:00:00,17.48,24.86,16.19,17.09,-6.24,23.78,-0.98,26.37,23.04,27.47,26.17,20.01,16.57,24.01,11.1
2022-03-22 05:00:00,21.94,30.73,20.4,21.42,-4.77,29.72,-0.28,33.25,28.53,33.33,32.9,25.08,20.82,29.91,11.51
2022-03-22 06:00:00,54.61,66.33,51.43,55.12,10.13,65.53,18.74,69.51,64.06,69.03,69.39,60.45,54.32,65.61,40.64
2022-03-22 07:00:00,42.57,54.92,41.4,40.56,6.07,53.55,16.57,58.13,52.16,57.44,57.97,45.53,39.67,53.6,28.18
2022-03-22 08:00:00,29.94,44.49,28.89,27.67,-4.57,40.97,2.43,47.22,39.4,46.94,46.57,32.57,26.69,40.93,9.62
2022-03-22 09:00:00,26.16,46.07,25.45,24.62,-7.18,31.5,-0.38,42.62,30.33,48.62,41.31,29.03,23.81,31.36,2.32
2022-03-22 10:00:00,18.71,37.47,17.62,19.03,-12.46,18.64,-4.65,28.86,18.74,40.13,27.63,22.0,18.94,18.46,-1.38
2022-03-22 11:00:00,18.52,38.44,17.19,20.0,-12.2,14.72,-4.41,26.91,16.26,41.73,25.51,22.72,19.99,17.13,-0.29
2022-03-22 12:00:00,20.15,41.72,18.92,21.59,-11.35,15.75,-3.39,29.02,16.99,44.73,27.48,24.33,21.54,16.87,0.71
2022-03-22 13:00:00,20.47,41.9,19.37,21.61,-12.29,16.6,-2.61,30.22,18.28,47.15,28.68,24.39,21.65,18.72,0.59
2022-03-22 14:00:00,21.18,42.29,20.05,22.29,-11.66,17.71,-2.11,31.02,18.87,47.54,29.52,24.99,22.25,19.5,1.51
2022-03-22 15:00:00,22.03,42.79,20.59,23.59,-10.63,18.31,-2.32,31.06,19.66,46.19,29.61,26.27,23.59,19.7,2.77
2022-03-22 16:00:00,19.92,39.52,18.85,20.42,-11.67,18.88,-3.41,31.04,19.97,42.35,29.63,23.68,19.84,20.2,0.82
2022-03-22 17:00:00,21.48,41.36,20.42,21.72,-9.79,21.42,-2.81,33.75,22.74,43.32,32.36,25.32,21.05,22.19,0.96
2022-03-22 18:00:00,27.53,50.18,27.24,27.06,-3.8,25.92,5.8,41.2,28.25,52.58,39.28,30.29,27.03,25.86,4.89
2022-03-22 19:00:00,43.17,56.22,43.7,42.84,10.56,38.95,36.79,49.92,43.0,59.48,48.92,44.82,42.59,43.22,42.74
2022-03-22 20:00:00,71.7,79.45,73.06,71.1,46.94,65.45,76.22,74.25,72.07,81.51,73.52,72.11,71.08,68.16,96.23
2022-03-22 21:00:00,52.44,57.14,53.72,52.81,33.58,43.39,61.53,52.4,49.85,58.14,51.51,52.83,52.96,44.69,80.55
2022-03-22 22:00:00,32.21,37.27,33.73,31.82,19.17,24.9,40.92,30.58,29.45,38.38,30.1,31.93,31.93,24.03,59.41
2022-03-22 23:00:00,29.51,34.26,30.98,29.32,21.01,21.75,38.59,28.59,27.13,36.52,27.56,29.43,29.4,21.52,57.2
2022-03-23 00:00:00,40.01,42.81,41.58,39.65,36.49,32.73,51.13,38.92,36.9,44.49,38.81,39.71,39.73,33.92,73.44
2022-03-23 01:00:00,32.3,33.76,33.73,31.52,24.51,27.79,41.85,31.32,30.51,35.47,31.44,31.61,31.58,28.96,61.06
2022-03-23 02:00:00,29.72,30.57,31.14,28.77,15.42,26.06,39.18,29.26,29.8,32.55,29.36,28.85,28.82,28.28,58.4
2022-03-23 03:00:00,29.85,30.59,31.12,28.44,11.86,28.87,36.59,30.19,30.33,32.51,30.24,28.81,28.41,29.74,53.44
2022-03-23 04:00:00,32.1,33.26,33.18,30.45,10.36,32.99,36.04,33.83,33.17,35.08,33.85,31.21,30.32,33.39,52.04
2022-03-23 05:00:00,35.5,38.47,36.13,33.85,10.39,38.36,33.83,39.52,38.21,40.78,39.63,35.26,33.54,38.76,43.85
2022-03-23 06:00:00,64.99,69.9,65.43,64.06,42.05,65.45,62.29,69.09,65.59,72.67,68.93,65.57,63.8,68.33,78.89
2022-03-23 07:00:00,74.8,82.08,75.36,73.5,44.94,75.42,70.44,81.12,76.03,85.27,80.9,75.84,73.11,79.94,82.87
2022-03-23 08:00:00,37.54,42.3,37.72,36.18,10.04,41.0,31.39,44.43,42.06,44.98,43.87,38.0,35.81,42.32,34.3
2022-03-23 09:00:00,35.05,43.11,34.81,33.77,5.44,39.65,22.69,43.7,40.45,46.44,43.4,36.34,33.26,41.58,22.15
2022-03-23 10:00:00,26.19,36.41,25.13,25.06,-4.12,33.68,5.37,37.65,33.22,39.58,37.07,27.87,24.43,35.2,4.71
2022-03-23 11:00:00,22.12,31.33,20.81,21.57,-5.97,28.75,1.58,31.96,28.28,34.33,31.29,23.79,21.18,29.99,1.01
2022-03-23 12:00:00,21.5,30.73,20.26,20.82,-5.46,28.25,1.24,31.32,27.78,34.32,30.54,22.9,20.43,29.33,0.47
2022-03-23 13:00:00,21.32,30.54,20.0,20.72,-4.57,28.22,0.5,31.32,27.68,33.75,30.53,22.77,20.34,29.3,-0.35
2022-03-23 14:00:00,19.78,28.59,18.59,19.01,-5.98,26.74,0.01,29.67,26.21,31.53,28.88,21.08,18.69,27.8,-1.04
2022-03-23 15:00:00,19.05,27.94,17.96,18.17,-6.54,26.02,-0.28,28.75,25.63,30.97,28.01,20.2,17.95,27.26,-1.83
2022-03-23 16:00:00,22.18,31.64,20.97,21.21,-3.95,29.94,1.11,33.83,29.16,34.25,32.82,23.55,20.67,31.39,-0.17
2022-03-23 17:00:00,25.61,35.21,24.71,24.24,0.73,33.46,5.93,38.28,32.48,37.28,37.24,27.23,23.64,34.76,4.73
2022-03-23 18:00:00,28.81,35.2,28.83,27.31,9.98,33.39,19.41,36.11,33.22,37.32,35.75,29.29,26.77,34.22,18.94
2022-03-23 19:00:00,92.4,93.21,92.9,91.77,84.94,92.3,94.31,93.11,94.17,94.94,92.92,91.83,91.77,92.67,101.18
2022-03-23 20:00:00,142.37,141.83,143.86,140.66,138.17,142.18,150.76,146.55,144.72,142.9,144.56,140.56,140.38,143.87,178.32
2022-03-23 21:00:00,83.83,83.28,85.47,82.01,80.27,83.3,93.28,87.92,85.93,84.36,85.73,81.9,81.73,84.97,118.29
2022-03-23 22:00:00,66.71,65.68,68.07,65.24,63.99,66.26,75.08,72.21,69.68,66.54,69.37,65.15,64.94,68.09,94.84
2022-03-23 23:00:00,43.83,42.41,44.99,42.67,41.64,43.18,51.71,50.01,46.75,43.81,46.48,42.6,42.4,45.3,68.72
2022-03-24 00:00:00,38.91,39.04,39.64,37.9,37.29,39.43,42.17,39.39,39.7,40.38,39.46,37.86,37.81,39.53,51.94
2022-03-24 01:00:00,31.64,31.75,32.28,30.77,30.2,31.95,34.65,31.96,32.18,33.16,32.0,30.74,30.69,32.04,43.46
2022-03-24 02:00:00,30.09,30.25,30.73,29.28,28.56,30.22,33.16,30.41,30.56,31.66,30.43,29.26,29.21,30.42,41.15
2022-03-24 03:00:00,27.97,28.83,28.64,27.48,26.39,26.44,31.8,28.43,28.1,30.08,28.37,27.45,27.4,27.18,40.53
2022-03-24 04:00:00,28.31,30.21,28.79,28.43,26.13,25.05,31.49,28.57,28.17,31.34,28.41,28.4,28.39,24.55,38.04
2022-03-24 05:00:00,32.59,35.45,33.01,33.15,31.41,27.7,35.75,32.69,32.95,36.92,32.59,33.12,33.14,26.41,41.31
2022-03-24 06:00:00,53.26,58.41,53.71,54.48,52.54,45.06,56.88,53.68,50.09,60.19,52.93,54.83,54.5,46.88,62.81
2022-03-24 07:00:00,62.45,65.33,62.47,64.5,62.97,53.48,66.57,65.07,66.91,66.97,64.77,65.0,64.52,47.71,74.21
2022-03-24 08:00:00,40.81,43.72,40.56,43.28,42.78,31.47,43.76,44.16,42.09,45.3,45.26,43.42,43.32,31.6,46.03
2022-03-24 09:00:00,36.55,40.54,36.36,38.08,36.75,30.5,36.3,38.97,36.98,42.45,39.88,38.37,38.08,32.97,37.07
2022-03-24 10:00:00,30.57,33.8,30.39,31.93,30.97,25.31,30.53,32.7,34.07,35.46,33.2,32.06,31.96,26.63,31.14
2022-03-24 11:00:00,23.79,29.45,23.63,25.64,24.19,15.93,23.51,24.16,23.15,30.66,24.36,25.86,25.69,13.58,23.94
2022-03-24 12:00:00,18.14,25.88,17.73,20.0,15.7,11.05,13.98,22.51,20.57,27.4,22.2,21.06,19.88,6.37,14.03
2022-03-24 13:00:00,17.78,27.47,17.33,19.52,13.52,10.93,11.4,22.57,18.22,29.81,22.31,20.98,19.35,10.0,10.88
2022-03-24 14:00:00,17.26,26.26,16.89,18.71,13.44,11.25,11.36,21.36,17.41,28.13,21.11,20.0,18.56,10.15,10.94
2022-03-24 15:00:00,18.88,27.95,18.47,20.64,15.69,11.89,13.41,22.98,19.58,30.14,22.88,21.81,20.48,10.18,13.57
2022-03-24 16:00:00,20.15,27.55,20.05,21.29,18.2,14.48,16.87,20.64,17.17,28.55,20.4,21.94,21.26,13.63,17.0
2022-03-24 17:00:00,27.65,32.88,27.67,28.6,27.21,22.59,26.61,26.99,24.58,33.84,26.88,28.83,28.63,23.46,26.44
2022-03-24 18:00:00,37.45,38.46,37.59,37.7,37.58,35.54,38.65,37.54,36.82,39.24,37.32,37.7,37.78,36.39,40.78
2022-03-24 19:00:00,145.49,144.76,146.9,143.8,143.57,145.44,153.61,147.49,147.03,145.74,146.52,143.8,143.64,146.61,176.01
2022-03-24 20:00:00,173.0,170.97,175.67,169.7,169.57,173.55,188.48,177.41,176.66,171.89,175.41,169.66,169.36,175.0,234.48
2022-03-24 21:00:00,84.9,83.46,87.55,81.7,81.56,85.04,100.0,86.56,86.64,84.75,85.92,81.66,81.45,86.17,140.27
2022-03-24 22:00:00,56.39,55.0,58.56,53.96,54.32,55.98,69.29,56.79,56.84,55.77,56.41,53.93,53.81,56.58,103.29
2022-03-24 23:00:00,42.89,41.6,44.95,40.59,40.76,42.35,55.27,43.18,43.2,42.74,42.8,40.58,40.48,42.94,86.19
2022-03-25 00:00:00,40.54,40.05,43.45,38.63,40.0,34.5,60.63,39.99,40.56,40.83,40.38,38.58,38.53,32.28,110.63
2022-03-25 01:00:00,34.47,34.07,37.35,32.97,34.99,27.31,55.06,32.83,32.84,34.88,32.84,32.91,32.96,25.34,105.16
2022-03-25 02:00:00,33.29,33.18,36.17,31.93,33.96,25.47,54.07,31.61,31.44,33.98,31.62,31.88,31.94,23.65,104.08
2022-03-25 03:00:00,33.06,32.74,35.98,31.65,33.74,25.36,54.15,31.25,31.18,33.56,31.31,31.6,31.66,23.99,104.16
2022-03-25 04:00:00,36.82,36.15,39.55,35.54,38.84,28.85,57.67,35.03,35.26,36.94,35.16,35.61,35.7,27.15,107.67
2022-03-25 05:00:00,45.33,45.06,48.16,43.51,44.92,39.71,64.34,45.78,47.19,45.98,46.34,43.43,43.33,37.1,114.34
2022-03-25 06:00:00,119.87,119.9,123.08,118.25,119.88,110.82,143.33,121.92,124.59,121.16,123.47,118.26,118.09,106.18,200.34
2022-03-25 07:00:00,134.07,133.94,137.03,132.9,134.26,124.41,156.88,137.7,140.53,135.25,139.83,132.93,132.71,121.88,210.9
2022-03-25 08:00:00,72.77,75.09,73.61,72.74,72.99,68.7,77.91,74.18,73.38,77.16,74.94,72.69,72.61,70.59,97.9
2022-03-25 09:00:00,46.27,46.46,46.35,46.31,46.33,45.71,46.94,47.11,46.51,47.33,46.79,46.31,46.28,46.67,50.18
2022-03-25 10:00:00,36.72,36.46,36.68,36.87,36.98,36.42,36.99,37.99,37.37,37.19,37.58,36.87,36.84,37.13,38.34
2022-03-25 11:00:00,39.9,39.91,39.9,39.97,40.0,39.65,40.07,40.89,40.42,40.83,40.41,39.97,39.94,41.03,41.95
2022-03-25 12:00:00,42.96,43.13,42.97,42.98,43.02,42.78,43.0,44.06,43.5,44.67,43.29,42.98,42.95,44.29,45.0
2022-03-25 13:00:00,41.72,41.33,41.61,41.96,42.1,41.4,41.76,44.89,42.92,43.25,42.5,41.97,41.91,45.06,44.63
2022-03-25 14:00:00,44.24,42.92,44.02,44.63,44.95,44.02,44.53,50.01,46.74,45.22,45.57,44.64,44.53,49.26,47.93
2022-03-25 15:00:00,45.79,44.4,45.56,46.23,46.58,45.5,46.09,51.7,48.31,46.45,47.21,46.25,46.14,50.99,49.32
2022-03-25 16:00:00,46.17,44.89,45.84,47.04,47.34,44.65,46.78,52.71,48.66,46.36,47.91,47.05,46.93,47.58,50.0
2022-03-25 17:00:00,47.5,46.42,47.16,48.66,48.91,44.82,48.74,54.37,49.88,47.95,49.79,48.67,48.55,48.84,50.97
2022-03-25 18:00:00,56.07,55.85,56.0,56.96,56.93,52.92,58.28,62.7,58.38,57.3,58.49,56.94,56.8,57.37,62.88
2022-03-25 19:00:00,103.89,105.18,104.83,103.28,102.26,101.65,109.2,113.39,109.29,107.0,109.49,103.14,102.74,106.38,134.2
2022-03-25 20:00:00,51.8,53.96,52.48,51.63,50.89,49.0,55.34,62.85,58.19,55.65,58.1,51.46,51.05,52.14,95.34
2022-03-25 21:00:00,39.24,43.16,40.01,38.46,37.32,38.09,40.33,42.25,41.9,44.09,42.46,38.28,38.06,37.16,71.79
2022-03-25 22:00:00,32.95,34.72,33.61,32.72,31.77,30.46,36.56,34.0,33.42,35.54,33.94,32.63,32.56,28.76,46.5
2022-03-25 23:00:00,26.99,29.93,27.58,27.14,26.08,23.09,30.18,27.36,26.14,31.13,27.26,27.06,27.06,21.32,38.5
2022-03-26 00:00:00,21.81,25.81,22.03,22.49,21.81,17.32,22.52,20.94,19.29,27.45,21.02,22.45,22.47,15.38,27.31
2022-03-26 01:00:00,16.27,20.01,16.45,16.84,16.08,12.4,16.56,15.64,14.06,21.77,15.7,16.86,16.82,10.67,20.54
2022-03-26 02:00:00,16.1,19.5,16.27,16.66,16.09,12.4,16.53,15.29,13.86,21.31,15.35,16.65,16.67,10.89,20.31
2022-03-26 03:00:00,21.08,23.13,21.17,21.58,21.19,18.34,21.64,20.81,20.16,24.33,20.87,21.58,21.57,16.91,25.45
2022-03-26 04:00:00,31.42,31.87,31.44,31.73,31.62,30.1,32.05,32.01,32.23,32.96,31.95,31.72,31.7,28.82,35.07
2022-03-26 05:00:00,41.84,42.08,41.84,42.19,42.09,40.56,42.52,42.89,42.66,42.94,42.46,42.17,42.14,39.56,45.87
2022-03-26 06:00:00,40.73,41.77,40.7,41.31,41.09,38.41,41.33,41.48,40.69,42.27,41.04,41.28,41.27,37.18,46.23
2022-03-26 07:00:00,43.53,44.07,43.49,44.15,43.94,41.22,44.52,44.88,43.8,44.55,44.29,44.12,44.11,40.48,51.1
2022-03-26 08:00:00,47.86,48.0,47.76,48.5,48.45,45.86,48.7,50.0,48.38,48.43,49.14,48.49,48.45,45.93,51.1
2022-03-26 09:00:00,45.65,46.44,45.7,45.65,45.52,45.23,45.48,45.72,45.64,47.78,45.68,45.68,45.71,45.46,45.68
2022-03-26 10:00:00,33.59,34.23,33.64,33.4,33.08,33.98,32.95,34.15,34.44,35.7,34.1,33.48,33.4,34.08,32.89
2022-03-26 11:00:00,39.53,40.01,39.56,39.54,39.45,39.29,39.39,40.4,40.17,41.62,39.93,39.54,39.54,39.57,39.5
2022-03-26 12:00:00,37.3,37.76,37.28,37.48,37.42,36.49,37.4,38.59,37.75,39.14,37.79,37.48,37.46,36.99,37.6
2022-03-26 13:00:00,36.27,36.6,36.21,36.67,36.66,34.86,36.71,38.72,36.87,38.52,37.43,36.67,36.63,36.72,37.11
2022-03-26 14:00:00,41.74,41.84,41.59,42.51,42.54,39.37,42.64,46.02,42.36,44.0,43.61,42.52,42.5,43.0,43.31
2022-03-26 15:00:00,48.18,49.35,48.09,49.04,48.96,44.94,49.04,51.84,48.6,52.43,49.52,49.04,49.03,47.22,50.06
2022-03-26 16:00:00,57.82,60.3,57.82,58.72,58.46,53.67,58.61,60.08,56.76,62.57,58.02,58.71,58.76,54.9,60.11
2022-03-26 17:00:00,53.41,55.4,53.32,54.62,54.4,48.54,54.74,56.79,52.9,56.76,53.88,54.61,54.65,48.6,57.12
2022-03-26 18:00:00,74.98,77.38,74.68,77.55,77.31,65.64,78.15,82.26,76.15,78.06,76.93,77.52,77.47,63.5,83.06
2022-03-26 19:00:00,100.0,102.66,100.17,102.52,101.66,88.71,106.8,112.66,105.49,103.21,105.67,102.41,102.11,85.29,134.06
2022-03-26 20:00:00,50.46,55.67,50.98,52.02,50.42,40.78,55.46,55.59,50.46,56.11,52.21,51.87,51.74,37.1,90.24
2022-03-26 21:00:00,38.63,43.38,38.66,40.38,39.48,30.65,40.23,41.05,37.83,43.7,39.86,40.32,40.26,26.91,56.87
2022-03-26 22:00:00,34.34,38.41,34.23,36.32,35.38,26.08,36.11,35.93,32.18,39.02,34.01,36.42,36.35,22.48,43.41
2022-03-26 23:00:00,23.24,28.16,23.16,25.01,23.95,15.45,24.03,22.49,19.04,28.76,21.53,25.13,25.12,12.31,28.37
2022-03-27 00:00:00,19.38,26.15,19.31,20.96,19.11,11.86,18.28,17.23,13.51,27.15,17.07,21.33,21.12,9.55,20.38
2022-03-27 01:00:00,13.03,22.11,12.99,14.45,11.09,5.5,9.92,11.85,6.75,23.47,11.6,15.17,14.48,3.19,11.56
2022-03-27 02:00:00,7.39,14.91,7.35,8.4,5.35,1.89,4.22,7.12,3.0,16.46,6.87,9.11,8.39,0.07,6.32
2022-03-27 03:00:00,5.69,12.77,5.69,6.53,3.81,0.77,2.69,5.68,1.88,14.52,5.44,7.19,6.51,-0.83,4.79
2022-03-27 04:00:00,7.64,15.29,7.65,8.62,5.87,2.05,4.64,7.3,3.17,17.07,7.06,9.27,8.61,0.39,6.74
2022-03-27 05:00:00,11.15,17.78,11.14,12.0,9.52,6.37,8.42,11.02,7.48,19.33,10.8,12.61,12.0,4.81,10.45
2022-03-27 06:00:00,21.49,30.1,21.44,23.0,20.39,13.81,18.86,19.94,15.32,31.21,19.73,23.54,23.06,11.54,21.47
2022-03-27 07:00:00,25.74,32.6,25.62,27.28,25.49,18.7,23.93,24.36,20.57,33.27,24.08,27.6,27.35,16.7,29.03
2022-03-27 08:00:00,31.1,38.34,31.01,33.04,31.64,22.14,30.52,29.63,24.64,39.29,28.74,33.21,33.15,20.2,32.62
2022-03-27 09:00:00,29.01,37.77,28.92,30.78,28.26,20.38,26.73,26.55,21.64,38.87,26.25,31.37,30.96,17.89,25.93
2022-03-27 10:00:00,26.85,34.3,26.52,29.11,26.87,17.6,25.06,23.88,19.68,35.18,23.28,29.82,29.51,15.15,24.2
2022-03-27 11:00:00,34.49,42.54,33.77,38.0,35.26,21.79,32.77,31.31,25.15,43.46,29.41,38.99,38.7,19.35,31.7
2022-03-27 12:00:00,55.86,65.12,54.8,60.49,56.59,40.03,53.57,52.59,44.47,66.2,49.74,61.6,61.81,38.23,52.38
2022-03-27 13:00:00,38.19,44.3,37.6,41.0,38.48,28.26,36.83,36.73,32.07,45.86,35.04,41.61,41.95,27.47,36.2
2022-03-27 14:00:00,38.39,45.02,37.84,41.25,38.28,27.95,37.14,37.89,32.46,47.12,35.64,41.48,42.61,27.62,36.64
2022-03-27 15:00:00,50.11,57.56,49.55,53.17,49.93,38.66,48.79,50.03,44.44,60.12,47.67,53.38,54.64,38.59,48.37
2022-03-27 16:00:00,51.35,59.44,50.86,54.64,51.86,38.55,50.8,51.94,45.77,61.37,49.34,54.89,55.64,38.75,50.52
2022-03-27 17:00:00,53.59,61.49,53.13,57.08,55.05,39.91,54.04,54.29,47.86,65.26,52.77,57.27,57.68,41.48,54.24
2022-03-27 18:00:00,76.25,84.54,75.65,80.64,79.03,59.42,77.99,79.0,69.44,87.81,75.22,80.64,81.15,59.58,79.66
2022-03-27 19:00:00,69.75,74.21,68.98,73.59,71.97,57.04,71.09,76.01,67.97,76.26,71.14,73.71,74.1,55.7,86.15
2022-03-27 20:00:00,45.46,53.59,44.31,48.94,42.08,35.13,39.6,48.3,41.81,55.43,46.38,49.79,50.37,33.43,57.1
2022-03-27 21:00:00,34.34,42.59,33.48,36.01,28.72,30.0,25.34,38.62,34.81,43.59,37.75,37.53,36.33,27.62,41.82
2022-03-27 22:00:00,25.13,34.21,24.15,26.64,16.99,21.68,14.1,29.34,23.88,35.07,28.53,28.81,27.44,20.34,21.56
2022-03-27 23:00:00,15.72,24.78,15.31,16.19,9.97,13.82,6.44,19.96,15.01,25.71,19.55,18.18,16.1,12.16,12.0
2022-03-28 00:00:00,11.37,23.25,11.07,13.32,8.05,2.36,5.36,10.44,3.4,24.06,10.16,14.44,13.94,0.74,7.92
2022-03-28 01:00:00,8.15,19.67,8.01,9.69,5.29,0.09,2.59,7.87,1.11,20.58,7.63,10.91,9.71,-1.06,5.53
2022-03-28 02:00:00,7.7,18.82,7.59,9.21,5.07,-0.28,2.62,7.21,0.65,19.67,6.97,10.37,9.24,-1.31,4.58
2022-03-28 03:00:00,8.67,20.04,8.59,10.31,6.42,0.0,4.01,7.56,0.87,21.04,7.36,11.33,10.35,-0.87,6.53
2022-03-28 04:00:00,11.88,22.82,11.82,13.65,10.27,2.68,8.11,10.09,3.55,23.44,9.94,14.47,13.73,1.86,10.49
2022-03-28 05:00:00,22.6,32.99,22.48,24.63,21.64,12.67,19.63,20.5,14.22,34.23,20.58,25.34,24.76,11.84,21.59
2022-03-28 06:00:00,34.92,49.33,34.74,37.97,34.07,20.26,31.41,31.39,22.41,52.71,32.33,38.73,38.13,21.43,34.91
2022-03-28 07:00:00,48.41,57.99,48.25,50.88,48.64,37.13,47.0,49.27,46.15,59.27,48.53,51.67,50.93,30.54,50.98
2022-03-28 08:00:00,38.76,46.85,38.73,40.58,38.96,29.74,37.77,39.53,38.26,48.34,39.07,41.47,41.44,24.12,39.77
2022-03-28 09:00:00,30.07,41.33,30.2,31.85,29.28,19.75,27.86,29.88,27.59,44.72,29.5,32.75,32.56,14.65,27.19
2022-03-28 10:00:00,29.63,40.23,29.64,31.91,29.76,17.98,28.45,30.24,29.18,43.83,29.83,32.92,32.9,10.91,27.82
2022-03-28 11:00:00,35.12,46.9,35.15,37.93,36.02,21.05,34.72,34.29,32.91,51.4,33.85,38.64,38.39,14.2,33.97
2022-03-28 12:00:00,44.74,58.41,44.89,47.73,45.88,28.9,44.54,42.76,40.54,62.29,42.21,48.73,47.63,21.52,43.72
2022-03-28 13:00:00,49.52,61.68,49.56,52.51,50.74,34.53,49.55,48.8,45.92,65.56,47.88,53.66,55.05,32.3,48.84
2022-03-28 14:00:00,45.71,61.71,45.41,49.08,42.64,30.0,40.84,45.95,42.13,65.94,44.68,50.51,49.47,28.84,40.14
2022-03-28 15:00:00,44.75,62.24,43.93,48.45,37.91,29.86,35.17,47.36,43.19,66.47,45.63,50.19,51.54,30.36,34.36
2022-03-28 16:00:00,46.95,57.1,45.39,50.28,37.28,38.81,35.37,47.69,47.33,60.66,46.37,51.78,58.08,42.56,35.42
2022-03-28 17:00:00,44.79,56.57,42.46,48.27,28.77,39.46,25.54,50.39,49.74,60.45,48.97,50.13,56.77,42.01,26.5
2022-03-28 18:00:00,57.38,68.47,55.54,61.13,45.91,48.7,43.85,59.66,63.27,71.48,57.32,62.99,70.59,52.17,47.33
2022-03-28 19:00:00,88.87,100.4,87.52,92.32,80.24,78.87,78.49,91.75,91.57,102.76,89.97,94.92,101.87,78.35,95.16
2022-03-28 20:00:00,49.88,61.22,48.62,51.77,39.08,45.9,35.58,55.44,54.57,63.65,54.27,54.08,57.4,47.18,52.25
2022-03-28 21:00:00,32.51,43.77,29.97,35.38,12.99,30.65,10.07,37.86,36.9,45.32,36.94,38.09,41.96,31.34,23.73
2022-03-28 22:00:00,25.94,37.8,23.51,28.5,4.78,24.63,3.11,31.69,28.27,39.37,31.0,31.19,34.94,26.79,11.12
2022-03-28 23:00:00,21.24,31.31,18.57,24.6,1.78,18.35,0.0,23.87,20.72,33.55,23.35,25.56,33.21,19.09,5.5
2022-03-29 00:00:00,19.7,31.82,17.63,22.17,2.62,17.02,-0.51,24.27,19.49,34.16,23.83,24.08,28.63,17.63,1.03
2022-03-29 01:00:00,11.11,21.07,9.92,12.56,0.0,8.89,-2.85,16.15,11.15,23.61,15.97,14.69,15.53,10.88,-1.19
2022-03-29 02:00:00,9.24,18.45,8.37,10.37,0.45,6.83,-2.15,14.26,9.18,20.62,14.28,12.45,12.21,9.45,-0.59
2022-03-29 03:00:00,8.42,17.26,7.69,9.59,1.04,5.25,-1.32,12.51,7.78,19.57,12.58,11.53,11.09,7.56,0.02
2022-03-29 04:00:00,9.51,18.16,8.85,10.41,2.06,7.11,-0.28,13.88,9.69,19.67,13.76,12.49,11.75,7.1,0.75
2022-03-29 05:00:00,14.04,23.88,13.27,15.35,5.8,10.28,3.59,17.97,13.1,26.16,18.1,17.69,16.85,10.21,5.22
2022-03-29 06:00:00,24.88,41.3,24.61,25.0,13.61,22.16,10.0,33.43,25.19,44.81,33.78,29.51,24.64,25.26,13.02
2022-03-29 07:00:00,25.84,40.44,25.55,25.97,15.48,23.59,12.17,34.05,27.31,43.2,34.15,30.07,25.81,27.61,15.64
2022-03-29 08:00:00,24.82,37.5,23.9,26.9,16.57,18.01,13.18,26.02,21.64,40.3,27.14,30.44,27.61,24.69,16.15
2022-03-29 09:00:00,27.93,43.57,27.16,30.39,19.73,18.15,16.54,26.58,21.6,46.92,27.56,33.39,31.14,26.0,16.34
2022-03-29 10:00:00,23.99,41.2,22.23,27.59,9.11,14.05,6.06,21.69,17.05,44.41,22.49,31.09,28.88,21.56,7.53
2022-03-29 11:00:00,27.15,46.0,24.91,31.66,9.69,15.62,6.34,23.67,18.82,49.98,24.57,34.73,34.83,25.24,7.95
2022-03-29 12:00:00,32.82,54.12,29.58,39.12,10.0,18.26,6.81,27.51,23.01,59.33,28.8,42.0,46.12,32.93,9.05
2022-03-29 13:00:00,29.83,53.46,27.47,34.36,7.95,17.7,4.36,27.78,22.92,59.69,29.61,38.06,38.68,34.71,7.29
2022-03-29 14:00:00,30.53,50.5,27.31,36.21,7.36,18.72,3.8,28.52,26.38,56.17,29.61,39.92,40.83,32.03,6.61
2022-03-29 15:00:00,32.75,51.52,29.4,37.99,8.22,23.64,4.45,34.04,33.1,56.43,34.35,43.09,50.85,32.31,6.16
2022-03-29 16:00:00,34.85,53.83,31.07,40.73,8.83,25.17,4.54,36.45,35.82,58.19,36.62,45.83,52.32,35.17,6.2
2022-03-29 17:00:00,34.98,52.59,30.47,41.69,6.35,25.74,1.85,35.88,38.27,55.31,35.67,46.95,55.48,33.59,3.89
2022-03-29 18:00:00,49.85,67.83,46.67,55.74,31.34,37.37,25.74,49.2,50.79,70.63,48.77,59.85,59.51,46.46,27.16
2022-03-29 19:00:00,64.2,82.57,62.62,68.87,56.82,48.71,50.32,63.39,63.87,85.57,61.34,72.57,68.83,56.23,60.24
2022-03-29 20:00:00,53.16,68.56,51.85,57.1,47.78,40.0,41.76,51.64,52.11,70.86,49.76,60.45,58.32,46.37,56.77
2022-03-29 21:00:00,43.88,56.81,42.78,46.96,38.92,33.74,33.62,43.6,41.26,58.8,42.74,50.06,48.21,39.04,45.62
2022-03-29 22:00:00,39.15,47.44,38.93,40.33,36.28,33.64,34.31,44.2,40.02,49.07,42.83,42.2,41.02,34.99,42.31
2022-03-29 23:00:00,34.01,42.65,34.04,34.53,29.96,29.82,29.18,37.03,34.87,44.23,36.81,36.11,34.53,29.55,32.54
2022-03-30 00:00:00,21.91,28.39,21.97,21.59,14.78,21.53,16.38,29.33,28.0,29.48,29.34,23.69,21.16,18.82,21.96
2022-03-30 01:00:00,12.39,19.26,12.48,11.98,5.28,12.14,6.56,19.9,18.7,21.12,19.94,14.08,11.52,9.29,12.12
2022-03-30 02:00:00,9.5,16.3,9.63,8.93,2.31,9.72,3.56,17.0,15.96,18.4,17.05,11.06,8.49,6.67,8.59
2022-03-30 03:00:00,9.78,17.12,9.9,9.14,2.13,10.24,3.11,17.62,16.5,19.22,17.68,11.41,8.64,7.19,8.09
2022-03-30 04:00:00,10.1,17.29,10.14,9.55,2.48,10.59,3.13,17.95,16.74,18.86,18.11,11.9,9.04,7.81,8.2
2022-03-30 05:00:00,11.29,20.03,11.38,10.27,1.13,13.19,2.01,20.5,18.61,21.08,20.73,13.31,9.66,11.26,11.82
2022-03-30 06:00:00,26.48,42.35,26.12,25.44,6.94,29.03,7.66,39.29,34.19,45.9,39.83,31.0,24.93,31.36,26.12
2022-03-30 07:00:00,25.82,40.49,25.2,25.0,5.86,29.0,6.33,38.99,34.22,42.82,39.25,30.66,24.58,30.01,22.34
2022-03-30 08:00:00,23.6,38.43,22.16,23.77,2.52,26.73,-0.28,36.18,31.29,40.73,35.93,28.38,23.31,26.08,2.73
2022-03-30 09:00:00,19.83,34.87,18.61,20.05,1.51,21.69,-2.16,30.08,24.83,37.98,29.6,23.57,19.6,23.48,-1.99
2022-03-30 10:00:00,21.21,37.77,19.83,21.56,1.22,22.97,-2.97,31.68,25.85,40.84,31.06,24.82,21.23,26.22,-3.16
2022-03-30 11:00:00,21.73,40.01,20.88,21.31,3.03,23.6,-1.38,33.36,26.88,44.01,32.76,24.57,21.04,29.75,-2.39
2022-03-30 12:00:00,25.14,44.07,23.89,25.32,4.2,26.45,-0.29,36.95,29.8,49.27,36.32,28.32,25.0,35.3,-0.85
2022-03-30 13:00:00,28.3,52.19,27.65,27.64,6.42,29.0,1.75,38.72,31.2,58.29,38.28,30.64,27.89,39.93,0.48
2022-03-30 14:00:00,29.71,51.81,29.31,29.15,11.65,29.19,7.1,37.37,33.26,57.37,36.18,31.66,30.66,37.17,5.71
2022-03-30 15:00:00,35.16,54.43,35.71,34.23,25.82,32.09,22.09,39.87,34.94,59.99,39.61,36.51,33.8,42.1,20.56
2022-03-30 16:00:00,38.47,50.06,38.77,38.71,34.71,33.54,32.78,39.73,36.43,55.15,39.86,39.64,38.54,41.74,31.83
2022-03-30 17:00:00,42.9,46.96,43.13,43.11,42.71,40.12,42.32,42.71,42.63,50.96,42.59,43.29,43.24,42.04,44.34
2022-03-30 18:00:00,69.05,71.72,69.18,69.57,69.61,65.78,69.67,70.9,68.8,74.59,69.68,69.67,69.67,67.88,78.76
2022-03-30 19:00:00,190.54,188.06,190.7,191.24,191.34,187.48,196.02,201.54,195.69,191.5,194.68,191.43,191.21,190.29,246.02
2022-03-30 20:00:00,155.84,153.11,156.46,155.9,155.25,153.27,163.56,167.48,162.08,155.11,161.09,156.02,155.74,155.96,221.16
2022-03-30 21:00:00,68.82,66.86,69.58,68.61,67.65,66.44,76.4,78.21,73.66,68.04,73.19,68.71,68.47,69.23,129.0
2022-03-30 22:00:00,44.28,44.15,45.83,42.48,40.47,44.12,52.58,46.72,46.3,45.06,45.98,42.56,42.4,44.6,102.58
2022-03-30 23:00:00,39.52,38.89,40.36,38.72,37.52,38.88,44.95,42.91,41.3,39.75,41.22,38.76,38.63,39.73,75.81
2022-03-31 00:00:00,38.26,38.78,38.72,38.01,37.12,36.95,41.13,40.93,40.5,39.5,39.87,38.01,37.9,36.03,54.1
2022-03-31 01:00:00,33.25,33.31,33.65,33.0,32.21,32.29,35.97,36.53,35.56,33.99,34.94,32.97,32.85,32.16,48.95
2022-03-31 02:00:00,31.9,32.25,32.29,31.56,30.67,31.27,34.09,34.31,33.42,32.93,33.04,31.53,31.43,31.61,45.15
2022-03-31 03:00:00,32.95,32.52,33.18,32.66,31.81,33.12,34.41,35.86,34.78,33.05,34.35,32.63,32.52,33.87,45.81
2022-03-31 04:00:00,34.1,33.59,34.27,33.88,33.18,34.3,35.3,36.73,35.75,34.14,35.37,33.87,33.77,34.94,43.78
2022-03-31 05:00:00,37.73,37.74,37.82,37.47,36.78,38.43,37.62,39.72,39.38,38.45,39.09,37.46,37.38,38.83,49.62
2022-03-31 06:00:00,57.79,59.58,57.95,57.37,56.48,58.36,56.48,59.18,59.15,60.82,58.97,57.38,57.32,59.02,75.1
2022-03-31 07:00:00,53.75,54.94,53.87,53.37,52.63,54.42,52.75,55.44,55.41,56.28,55.1,53.4,53.34,54.96,68.75
2022-03-31 08:00:00,45.43,46.27,45.34,45.5,45.37,45.37,44.24,46.04,45.82,47.63,45.94,45.55,45.54,45.95,47.82
2022-03-31 09:00:00,40.5,41.33,40.38,40.63,40.64,40.38,39.19,40.96,40.76,42.83,40.83,40.66,40.65,41.11,40.9
2022-03-31 10:00:00,35.17,36.42,35.17,35.08,34.97,35.3,33.87,35.1,35.24,38.3,34.98,35.08,35.09,36.5,34.79
2022-03-31 11:00:00,36.2,37.82,36.26,35.97,35.86,36.56,34.69,35.71,35.77,39.99,35.57,35.99,36.0,39.03,35.87
2022-03-31 12:00:00,39.47,41.62,39.54,39.19,39.04,39.76,37.61,38.8,38.78,43.95,38.49,39.24,39.25,43.36,39.05
2022-03-31 13:00:00,39.77,42.35,39.92,39.31,39.16,40.32,37.72,38.97,38.53,45.52,38.59,39.35,39.37,45.4,39.12
2022-03-31 14:00:00,40.56,42.95,40.67,40.28,40.23,40.71,38.75,40.91,40.43,46.84,40.24,40.32,40.31,45.94,40.3
2022-03-31 15:00:00,42.5,45.1,42.55,42.54,42.54,41.59,40.97,43.7,43.47,49.19,44.06,42.58,42.56,46.87,43.03
2022-03-31 16:00:00,44.12,46.61,44.01,44.7,44.76,41.75,42.99,46.47,44.92,49.52,44.98,44.76,44.72,45.43,45.2
2022-03-31 17:00:00,43.31,45.07,43.11,44.12,44.21,40.56,42.68,46.92,44.62,47.06,44.38,44.18,44.12,44.06,45.17
2022-03-31 18:00:00,61.68,63.19,61.27,63.07,62.93,57.73,61.11,66.99,65.54,64.65,64.82,63.08,63.01,60.01,68.0
2022-03-31 19:00:00,170.36,168.79,170.84,170.55,166.57,167.69,176.34,192.6,189.87,170.4,186.55,170.45,169.79,170.32,226.34
2022-03-31 20:00:00,128.64,126.39,129.73,128.44,124.08,124.99,139.11,150.5,149.16,127.41,145.13,128.31,127.65,123.77,196.36
2022-03-31 21:00:00,57.35,56.56,58.77,55.96,52.31,56.56,65.99,68.27,68.4,57.12,66.32,55.83,55.43,55.35,115.99
2022-03-31 22:00:00,43.3,43.48,44.48,41.97,38.74,43.1,49.38,47.53,47.73,44.03,46.69,41.86,41.63,42.1,80.38
2022-03-31 23:00:00,38.22,37.65,38.74,38.11,36.42,36.44,42.75,43.14,41.46,38.36,40.9,38.08,37.96,36.51,58.66
2022-04-01 00:00:00,40.66,42.2,40.79,41.01,40.54,38.4,41.53,40.99,40.82,42.87,40.92,41.07,41.05,37.62,45.54
2022-04-01 01:00:00,31.97,33.5,31.99,32.4,31.61,29.89,32.15,32.14,32.03,34.28,32.02,32.55,32.46,29.5,35.39
2022-04-01 02:00:00,19.5,20.73,19.34,19.93,18.89,18.35,18.34,19.66,19.6,21.65,19.49,20.21,20.04,18.03,22.32
2022-04-01 03:00:00,17.64,19.08,17.53,17.81,16.36,17.17,16.05,17.74,17.46,20.16,17.52,18.29,17.97,17.27,19.26
2022-04-01 04:00:00,24.63,25.91,24.32,24.76,22.63,25.37,21.22,25.6,25.23,26.66,25.37,25.54,24.95,25.63,26.16
2022-04-01 05:00:00,32.53,36.14,31.76,32.51,26.72,35.56,22.85,36.66,35.06,36.98,36.49,34.97,32.9,36.09,29.25
2022-04-01 06:00:00,68.96,76.0,67.75,68.82,58.04,73.85,52.33,76.04,72.96,77.36,75.87,73.37,69.5,74.67,62.18
2022-04-01 07:00:00,65.5,72.72,64.18,65.46,54.1,70.52,48.0,72.89,69.49,73.97,72.46,70.47,67.22,71.4,55.05
2022-04-01 08:00:00,32.05,40.35,30.48,32.16,19.19,37.4,12.01,40.45,36.12,41.13,39.7,37.54,33.54,38.59,12.65
2022-04-01 09:00:00,23.07,33.03,21.56,23.58,10.02,26.2,3.45,30.15,25.29,34.41,29.07,28.45,24.63,28.71,1.66
2022-04-01 10:00:00,17.58,27.45,16.05,18.69,6.22,18.37,-0.28,22.78,18.49,28.91,21.46,22.84,19.69,20.88,-2.31
2022-04-01 11:00:00,17.2,30.38,16.07,18.0,5.11,16.66,-0.74,22.2,17.45,32.54,20.92,22.07,18.91,19.56,-2.39
2022-04-01 12:00:00,17.64,30.32,16.17,18.64,3.68,18.0,-2.28,23.81,19.45,33.89,22.3,22.45,19.6,20.87,-3.96
2022-04-01 13:00:00,20.66,36.69,19.42,21.48,4.73,19.91,-0.41,24.9,20.69,40.65,23.56,24.75,22.47,24.28,-1.75
2022-04-01 14:00:00,22.41,42.29,21.71,22.14,4.42,22.68,-0.29,27.73,24.04,46.27,26.56,25.06,22.99,26.95,-1.68
2022-04-01 15:00:00,23.58,39.61,22.17,24.18,5.65,24.52,0.37,29.93,26.39,43.65,28.45,27.52,25.04,28.54,-1.27
2022-04-01 16:00:00,26.25,40.17,24.17,27.73,6.86,27.4,1.39,33.31,29.52,43.05,32.22,31.41,28.64,32.11,-0.24
2022-04-01 17:00:00,26.52,38.72,24.93,27.11,11.14,29.22,4.68,36.02,31.25,42.94,35.25,32.17,28.1,32.75,2.95
2022-04-01 18:00:00,27.23,39.35,26.71,26.8,16.18,28.91,11.8,34.07,32.83,43.84,33.71,30.19,27.16,30.18,10.15
2022-04-01 19:00:00,58.34,64.06,58.35,58.0,54.04,58.38,52.98,61.56,59.72,65.94,61.42,59.6,58.89,58.59,63.65
2022-04-01 20:00:00,105.58,108.44,105.89,105.06,102.49,105.59,104.45,107.39,107.0,109.84,107.37,105.77,106.19,104.66,121.02
2022-04-01 21:00:00,50.44,53.33,50.43,50.2,48.64,50.76,47.44,51.57,50.9,54.53,51.49,50.88,51.22,50.92,59.21
2022-04-01 22:00:00,37.22,38.11,37.52,36.5,35.31,38.39,37.1,38.33,38.06,39.22,38.26,36.84,36.52,38.98,43.26
2022-04-01 23:00:00,35.89,36.16,36.16,35.39,35.0,36.46,36.63,36.16,36.26,37.17,36.12,35.51,35.46,36.93,40.65
2022-04-02 00:00:00,40.85,40.94,40.98,40.71,40.65,40.74,41.55,41.28,41.43,41.48,41.26,40.71,40.69,40.19,44.16
2022-04-02 01:00:00,36.79,36.86,36.93,36.63,36.57,36.74,37.52,37.18,37.29,37.39,37.17,36.63,36.61,36.37,40.28
2022-04-02 02:00:00,34.07,34.13,34.24,33.82,33.71,34.29,34.7,34.47,34.5,34.66,34.42,33.82,33.8,34.31,38.04
2022-04-02 03:00:00,35.35,35.37,35.5,35.09,34.97,35.61,35.94,35.7,35.76,35.77,35.67,35.09,35.07,35.7,39.44
2022-04-02 04:00:00,41.99,42.03,42.1,41.79,41.68,42.28,42.29,42.46,42.47,42.44,42.38,41.78,41.77,42.36,46.24
2022-04-02 05:00:00,44.2,44.13,44.45,43.8,43.52,44.66,45.21,45.25,45.16,44.79,44.96,43.79,43.76,44.87,52.21
2022-04-02 06:00:00,49.37,48.98,49.71,48.88,48.43,49.83,51.14,51.28,50.86,49.87,50.53,48.87,48.81,50.28,59.81
2022-04-02 07:00:00,54.34,53.54,54.6,54.02,53.75,54.55,56.28,57.33,56.26,54.45,55.9,54.02,53.95,55.32,64.28
2022-04-02 08:00:00,47.71,46.44,47.62,48.0,48.2,47.28,48.78,51.52,49.58,47.12,49.34,48.03,47.94,48.38,50.51
2022-04-02 09:00:00,38.84,38.07,38.76,39.02,39.22,38.63,39.32,41.53,40.16,38.94,39.99,39.05,38.98,39.62,39.4
2022-04-02 10:00:00,37.46,37.12,37.44,37.5,37.64,37.44,37.71,39.14,38.35,37.93,38.21,37.53,37.48,38.16,37.77
2022-04-02 11:00:00,44.67,44.24,44.64,44.73,44.87,44.62,44.97,46.57,45.65,45.11,45.51,44.75,44.7,45.58,45.16
2022-04-02 12:00:00,48.33,47.82,48.3,48.44,48.65,48.15,48.77,51.09,49.71,49.03,49.51,48.46,48.4,49.64,48.86
2022-04-02 13:00:00,48.14,47.6,48.17,48.11,48.51,48.23,48.73,52.67,50.78,50.77,50.39,48.15,48.04,50.64,48.93
2022-04-02 14:00:00,49.16,49.9,49.35,48.86,49.14,49.33,49.31,51.93,50.92,53.78,50.74,48.88,48.81,52.17,49.5
2022-04-02 15:00:00,49.32,50.68,49.57,48.93,49.19,49.35,49.33,51.74,51.05,54.99,50.65,48.95,48.88,52.78,49.47
2022-04-02 16:00:00,48.35,50.14,48.61,48.05,48.19,47.94,48.29,49.81,49.57,53.65,49.03,48.07,48.02,51.26,48.42
2022-04-02 17:00:00,48.61,50.43,48.86,48.34,48.48,48.1,48.57,50.02,49.36,53.97,49.27,48.36,48.32,49.91,48.7
2022-04-02 18:00:00,70.56,72.01,70.87,69.97,69.96,71.11,70.41,70.83,71.64,75.53,70.91,69.98,69.95,71.59,71.41
2022-04-02 19:00:00,155.37,157.17,156.29,153.81,151.82,156.82,157.35,156.53,157.58,160.28,156.84,153.77,153.69,157.16,176.82
2022-04-02 20:00:00,82.31,82.82,83.59,80.19,76.23,84.58,86.74,84.43,86.15,84.74,84.88,80.13,79.97,84.41,112.71
2022-04-02 21:00:00,46.84,47.66,47.39,46.05,43.07,47.2,48.65,47.48,47.92,48.67,47.62,46.04,45.96,46.8,61.4
2022-04-02 22:00:00,40.0,40.56,40.27,39.51,36.63,40.54,40.49,40.34,40.47,41.63,40.39,39.51,39.46,40.8,45.62
2022-04-02 23:00:00,33.92,35.34,34.42,32.49,29.69,36.97,32.89,38.36,36.7,38.04,37.7,32.73,32.52,36.97,36.89
2022-04-03 00:00:00,27.89,30.82,27.76,26.98,19.9,31.56,21.67,30.88,31.44,32.73,30.48,27.85,27.07,33.07,24.84
2022-04-03 01:00:00,16.01,19.19,15.45,15.66,6.44,19.41,7.56,19.09,19.31,20.9,18.59,16.42,15.95,20.38,10.85
2022-04-03 02:00:00,11.67,15.37,11.29,10.44,0.45,17.7,1.66,17.51,19.41,17.08,16.22,11.17,10.68,18.27,5.53
2022-04-03 03:00:00,11.95,16.23,11.7,10.37,1.25,18.69,1.49,18.14,20.63,17.97,16.66,10.93,10.56,19.43,5.0
2022-04-03 04:00:00,12.44,16.87,12.35,10.66,2.03,19.25,2.61,19.73,19.86,18.59,18.25,11.22,10.76,19.92,6.56
2022-04-03 05:00:00,12.67,17.23,12.66,10.72,2.6,19.74,2.96,20.4,20.21,18.76,18.79,11.34,10.8,20.42,6.92
2022-04-03 06:00:00,17.81,22.77,17.54,16.45,8.54,23.62,7.32,24.36,23.27,24.07,23.69,18.64,16.48,24.73,13.33
2022-04-03 07:00:00,21.32,25.6,21.22,19.91,13.2,26.61,12.76,26.98,26.35,27.4,26.4,21.71,19.92,27.67,18.32
2022-04-03 08:00:00,25.46,30.23,25.33,24.0,17.65,31.03,16.05,31.51,30.96,32.14,31.03,26.21,24.04,32.2,15.71
2022-04-03 09:00:00,22.51,29.19,21.3,21.63,6.72,30.54,3.85,30.66,31.28,30.75,29.68,23.85,21.72,31.85,2.41
2022-04-03 10:00:00,21.42,28.9,20.45,20.0,5.77,30.27,2.65,30.14,31.53,30.6,29.04,22.65,20.08,32.78,1.2
2022-04-03 11:00:00,24.06,34.59,23.21,22.0,4.36,34.34,1.9,33.49,36.19,36.76,32.29,24.46,22.05,36.78,0.88
2022-04-03 12:00:00,28.56,39.04,27.36,26.46,6.36,40.65,3.31,38.12,45.75,41.35,35.95,28.71,26.53,44.29,1.83
2022-04-03 13:00:00,28.52,42.36,28.41,24.88,9.61,40.92,5.47,39.38,45.21,45.47,36.67,27.57,24.84,45.28,3.23
2022-04-03 14:00:00,36.67,46.93,36.47,33.98,22.16,46.4,18.57,47.05,48.11,50.89,45.91,36.3,33.98,50.36,16.33
2022-04-03 15:00:00,37.64,48.66,37.6,35.39,25.2,44.66,21.7,44.03,48.71,52.54,42.79,37.71,35.5,49.26,19.64
2022-04-03 16:00:00,44.13,56.0,44.3,43.02,35.85,45.24,32.94,47.84,46.12,59.37,47.09,45.47,43.18,51.27,31.4
2022-04-03 17:00:00,36.03,44.45,36.03,35.11,29.39,38.05,26.49,40.97,38.74,47.87,40.4,37.45,35.27,40.71,25.28
2022-04-03 18:00:00,48.94,56.0,48.98,49.05,45.09,46.82,44.04,51.22,49.88,58.54,50.94,50.4,49.34,45.41,43.79
2022-04-03 19:00:00,95.0,99.32,95.16,95.28,92.08,92.16,93.88,97.86,98.17,101.42,98.08,96.15,95.43,85.65,104.9
2022-04-03 20:00:00,53.97,59.91,53.96,53.59,44.82,54.28,48.08,59.14,58.16,61.51,59.16,55.47,53.76,50.63,66.08
2022-04-03 21:00:00,39.97,46.87,39.51,39.28,27.53,43.56,28.33,46.45,43.8,48.47,46.1,41.73,39.43,44.17,39.08
2022-04-03 22:00:00,35.78,40.55,35.16,35.43,23.11,39.24,25.41,41.09,39.05,41.33,40.67,37.17,35.59,40.15,32.11
2022-04-03 23:00:00,23.93,28.29,23.87,22.99,15.31,27.17,17.02,28.34,27.17,29.39,28.1,24.94,23.1,27.8,21.02
2022-04-04 00:00:00,13.12,18.78,13.71,11.17,5.77,17.06,7.82,18.35,17.64,20.53,17.83,11.97,11.22,16.7,10.4
2022-04-04 01:00:00,17.24,18.76,17.4,17.05,13.95,17.0,16.78,18.53,18.9,19.96,18.45,17.49,17.05,15.55,19.44
2022-04-04 02:00:00,17.8,18.49,18.05,17.5,15.25,17.73,18.48,18.22,18.55,19.55,18.19,17.62,17.49,17.22,21.68
2022-04-04 03:00:00,27.83,28.07,28.09,27.5,26.09,27.9,28.89,28.04,28.3,28.97,28.07,27.53,27.48,27.67,32.07
2022-04-04 04:00:00,36.31,36.47,36.56,35.99,34.59,36.38,37.41,36.6,36.86,37.37,36.67,35.98,35.95,36.06,40.41
2022-04-04 05:00:00,39.85,39.94,40.25,39.27,38.4,40.19,41.59,40.24,40.47,40.83,40.32,39.27,39.23,40.03,46.15
2022-04-04 06:00:00,51.49,51.94,52.14,50.62,49.53,51.71,54.3,51.93,52.51,53.04,52.1,50.62,50.56,51.24,60.19
2022-04-04 07:00:00,55.12,56.0,55.35,55.0,52.64,54.26,56.11,55.33,55.14,56.8,55.38,55.41,55.1,53.64,62.52
2022-04-04 08:00:00,48.85,49.48,49.01,48.78,47.69,48.22,49.57,48.94,49.22,50.38,49.05,49.02,48.85,47.74,55.37
2022-04-04 09:00:00,41.44,43.09,41.42,41.84,40.81,39.68,41.07,41.14,41.04,43.89,41.18,42.11,41.95,39.29,42.58
2022-04-04 10:00:00,39.84,42.33,39.81,40.61,39.65,36.41,39.9,39.7,39.57,43.53,39.81,40.85,40.71,35.86,41.35
2022-04-04 11:00:00,46.49,49.58,46.47,47.5,46.58,41.99,46.83,46.46,46.59,51.0,46.54,47.73,47.61,42.43,48.26
2022-04-04 12:00:00,48.96,54.11,49.08,50.14,49.24,42.67,49.41,48.14,48.09,56.17,48.2,50.32,50.25,42.73,50.75
2022-04-04 13:00:00,51.09,54.39,51.11,52.12,51.45,46.24,51.7,51.21,51.96,56.78,51.28,52.29,52.21,46.94,53.16
2022-04-04 14:00:00,52.73,56.39,52.77,53.8,53.1,47.58,53.32,52.93,53.75,59.04,52.98,53.96,53.87,49.27,54.73
2022-04-04 15:00:00,59.69,62.8,59.64,60.97,60.27,54.29,60.5,59.95,61.94,65.46,59.97,61.13,61.05,56.68,61.96
2022-04-04 16:00:00,68.81,72.07,68.73,70.22,69.51,62.9,69.72,69.18,70.18,73.96,69.24,70.39,70.31,65.03,71.19
2022-04-04 17:00:00,70.86,74.14,70.81,72.18,71.46,65.13,71.78,71.26,72.41,75.74,71.37,72.46,72.45,65.57,73.53
2022-04-04 18:00:00,65.2,68.12,65.14,66.69,66.06,58.95,66.79,65.92,67.37,69.5,66.16,67.33,66.8,57.9,69.46
2022-04-04 19:00:00,139.16,141.96,140.0,140.2,137.98,130.3,147.56,140.81,143.69,143.96,141.48,140.43,140.22,122.21,171.16
2022-04-04 20:00:00,157.49,159.22,158.66,157.85,154.31,150.0,167.58,159.5,161.95,160.6,160.25,158.07,157.8,138.44,199.58
2022-04-04 21:00:00,93.22,94.69,94.16,93.07,90.93,88.89,100.01,94.25,96.56,95.79,94.82,93.27,93.07,81.73,123.19
2022-04-04 22:00:00,67.26,68.01,68.66,66.14,64.63,64.74,75.76,68.82,71.04,68.89,69.42,66.13,65.99,59.17,95.2
2022-04-04 23:00:00,54.95,55.31,56.15,53.87,52.91,53.29,62.14,56.41,58.38,56.23,56.96,53.83,53.74,48.54,78.81
2022-04-05 00:00:00,48.48,49.05,49.03,48.55,48.39,45.44,53.08,49.68,51.53,49.69,50.49,48.56,48.51,40.39,67.99
2022-04-05 01:00:00,40.52,40.65,41.17,40.08,39.79,39.1,44.83,41.65,43.56,41.03,42.32,40.09,40.02,36.0,61.35
2022-04-05 02:00:00,39.24,39.27,39.98,38.18,37.5,39.93,42.53,39.92,41.03,39.8,40.24,38.19,38.12,39.61,58.27
2022-04-05 03:00:00,37.5,37.46,38.41,36.09,34.84,38.69,41.38,38.21,39.31,38.02,38.54,36.12,36.01,38.9,58.8
2022-04-05 04:00:00,36.94,36.67,37.99,35.39,33.06,38.13,41.75,37.63,38.99,37.21,37.94,35.44,35.3,38.41,57.42
2022-04-05 05:00:00,41.96,41.69,42.93,40.54,36.99,42.99,46.52,42.48,44.36,42.27,42.71,40.7,40.48,43.45,61.52
2022-04-05 06:00:00,65.41,65.17,66.07,64.37,59.7,66.39,68.37,65.79,68.34,65.99,66.12,64.95,64.46,67.23,82.89
2022-04-05 07:00:00,51.36,52.06,51.6,50.75,46.97,52.48,51.1,50.99,57.37,52.88,52.7,51.52,51.03,54.81,62.3
2022-04-05 08:00:00,39.65,40.22,39.73,39.3,36.93,40.57,38.85,39.21,44.49,41.65,40.92,39.75,39.49,42.6,42.75
2022-04-05 09:00:00,36.3,39.18,36.42,35.0,30.56,40.4,31.08,39.87,45.45,40.99,40.12,35.9,35.22,43.07,34.43
2022-04-05 10:00:00,32.57,38.11,32.6,30.0,20.2,41.61,20.7,39.99,50.54,40.54,39.68,31.1,30.02,45.0,23.87
2022-04-05 11:00:00,33.57,42.09,32.58,30.88,10.01,47.42,9.92,44.86,59.73,46.58,44.32,32.08,30.96,52.49,12.69
2022-04-05 12:00:00,41.19,52.66,39.76,37.73,8.94,59.57,9.1,56.32,78.74,58.22,55.7,39.09,38.11,65.99,13.3
2022-04-05 13:00:00,48.39,73.06,50.05,38.51,14.83,74.75,13.88,68.07,105.36,79.88,70.02,40.79,38.54,83.4,18.09
2022-04-05 14:00:00,56.64,84.13,59.01,42.66,17.05,95.43,13.8,87.01,146.09,90.65,89.31,45.57,42.38,105.73,17.11
2022-04-05 15:00:00,65.82,94.89,68.72,49.5,24.29,110.98,19.5,101.06,169.02,104.12,102.75,52.48,49.37,122.09,20.97
2022-04-05 16:00:00,87.23,124.67,90.74,71.24,45.63,126.14,40.89,121.34,156.41,131.6,122.69,75.98,71.95,136.14,43.56
2022-04-05 17:00:00,81.25,116.07,84.25,65.93,39.32,120.47,34.52,124.08,148.0,124.17,124.02,70.99,66.58,130.47,36.93
2022-04-05 18:00:00,86.95,110.68,88.43,77.09,54.91,114.12,51.83,119.69,132.96,117.57,116.52,82.19,78.08,119.68,55.26
2022-04-05 19:00:00,273.99,282.69,274.82,270.05,256.29,283.94,262.57,291.56,293.37,288.69,288.19,272.58,270.69,288.82,278.04
2022-04-05 20:00:00,141.14,149.0,142.69,136.63,128.23,150.0,135.15,158.72,156.31,152.66,153.81,139.08,136.69,151.71,159.22
2022-04-05 21:00:00,46.39,54.94,46.74,43.69,32.99,53.82,34.53,58.55,56.22,56.5,56.22,46.32,43.72,54.2,49.53
2022-04-05 22:00:00,42.35,49.91,41.91,40.47,24.81,50.47,26.81,54.07,55.3,50.9,51.38,42.56,40.5,50.57,37.52
2022-04-05 23:00:00,33.58,40.46,32.77,32.16,15.02,41.85,16.6,46.55,45.89,41.6,42.94,33.94,32.2,41.86,25.89
2022-04-06 00:00:00,41.11,48.68,38.96,41.74,16.04,47.49,17.91,46.93,49.34,49.28,46.0,42.67,44.69,48.08,24.01
2022-04-06 01:00:00,27.12,34.25,25.47,27.25,5.89,33.14,7.25,33.49,33.53,35.04,32.95,28.94,28.97,33.73,13.2
2022-04-06 02:00:00,17.46,24.16,16.6,16.44,0.35,24.38,1.42,24.92,24.47,25.16,24.3,18.5,16.93,25.22,6.21
2022-04-06 03:00:00,16.06,22.81,15.09,15.26,-0.41,22.59,-0.28,23.46,22.56,23.65,23.06,17.67,15.37,23.16,4.3
2022-04-06 04:00:00,16.14,22.77,15.1,15.46,-0.38,22.48,-0.28,23.12,22.67,23.44,23.01,17.67,15.45,22.97,3.74
2022-04-06 05:00:00,20.35,28.11,19.2,19.58,1.58,27.39,1.72,27.62,27.78,28.81,27.53,22.01,19.58,28.01,6.04
2022-04-06 06:00:00,36.24,49.08,33.88,36.0,4.95,46.0,4.44,46.01,46.75,50.44,46.11,38.77,36.13,46.31,9.28
2022-04-06 07:00:00,36.99,49.69,34.47,36.89,4.62,46.87,4.42,46.62,49.04,50.79,46.51,39.69,37.09,47.12,7.43
2022-04-06 08:00:00,33.26,47.02,31.39,32.0,3.36,44.54,1.99,42.84,47.99,48.13,42.73,34.5,32.12,45.08,3.06
2022-04-06 09:00:00,33.2,53.21,32.66,28.99,1.83,48.4,0.04,43.95,54.1,54.89,44.08,31.43,29.0,49.11,0.56
2022-04-06 10:00:00,33.54,57.23,33.76,28.13,2.38,49.11,0.59,43.7,55.54,58.83,43.81,30.4,28.09,50.37,1.11
2022-04-06 11:00:00,34.32,52.54,33.45,31.0,3.71,48.0,2.27,42.59,56.25,55.06,42.72,32.5,31.03,49.61,2.63
2022-04-06 12:00:00,36.29,53.78,35.9,33.0,11.35,47.65,9.19,43.74,52.72,56.15,43.62,34.5,32.99,49.57,8.48
2022-04-06 13:00:00,43.71,62.0,45.05,39.09,28.47,51.88,27.24,48.89,55.35,66.04,49.08,39.74,39.02,53.66,26.12
2022-04-06 14:00:00,47.15,66.35,49.86,42.14,41.16,50.01,40.96,48.3,55.24,70.36,48.62,42.34,42.08,51.15,40.89
2022-04-06 15:00:00,47.62,68.13,50.54,43.13,43.42,47.25,43.65,48.77,53.17,73.69,49.25,43.25,43.07,48.66,43.84
2022-04-06 16:00:00,51.84,68.73,53.91,49.44,49.46,47.79,49.7,50.96,54.01,73.39,51.06,49.51,49.44,49.72,50.16
2022-04-06 17:00:00,44.98,51.04,45.26,46.03,45.65,38.32,45.65,44.36,46.14,55.04,44.46,46.05,46.06,40.1,46.0
2022-04-06 18:00:00,53.31,57.96,53.42,55.06,55.15,45.0,55.67,53.22,54.79,60.49,53.66,55.09,55.11,43.56,57.1
2022-04-06 19:00:00,139.54,142.95,140.14,142.2,142.39,125.39,150.01,141.14,145.75,145.67,142.12,142.23,142.21,113.22,170.01
2022-04-06 20:00:00,116.76,119.95,117.69,118.55,118.35,104.52,127.73,117.49,122.24,122.44,118.25,118.55,118.54,93.48,152.73
2022-04-06 21:00:00,53.58,56.41,54.29,54.41,54.13,46.3,60.05,54.01,55.99,57.29,54.46,54.42,54.4,42.54,76.72
2022-04-06 22:00:00,46.26,47.83,46.48,47.56,47.7,39.7,50.82,46.94,48.4,48.18,47.37,47.58,47.58,33.35,58.64
2022-04-06 23:00:00,38.46,40.62,38.64,39.83,39.8,31.76,42.35,38.87,39.88,41.09,39.27,39.85,39.85,26.52,48.25
2022-04-07 00:00:00,39.62,41.07,39.59,41.39,41.86,32.5,43.39,40.34,41.51,41.79,41.02,41.41,41.42,26.94,47.9
2022-04-07 01:00:00,31.71,32.45,31.67,33.29,33.8,25.44,35.48,32.6,33.95,32.98,33.33,33.33,33.33,19.94,40.48
2022-04-07 02:00:00,28.04,29.05,28.04,29.55,30.01,21.87,31.67,28.78,30.03,29.56,29.48,29.58,29.59,16.89,36.67
2022-04-07 03:00:00,28.29,29.05,28.26,29.8,30.32,22.25,31.93,29.13,30.39,29.56,29.88,29.83,29.83,17.16,36.93
2022-04-07 04:00:00,28.57,29.43,28.56,30.05,30.52,22.56,32.19,29.36,30.65,29.91,30.07,30.08,30.08,17.54,37.12
2022-04-07 05:00:00,37.28,38.11,37.28,38.81,39.21,30.93,41.25,38.16,39.56,38.64,38.85,38.84,38.84,25.25,46.79
2022-04-07 06:00:00,76.59,78.05,76.66,78.37,78.62,68.83,81.38,77.38,79.1,79.17,78.12,78.46,78.42,60.45,89.24
2022-04-07 07:00:00,94.79,97.14,95.18,96.0,95.83,87.56,100.0,95.22,97.04,98.7,95.86,96.1,96.02,79.87,108.41
2022-04-07 08:00:00,44.09,46.17,44.17,45.0,44.97,39.62,45.9,43.91,44.42,46.97,44.19,45.09,45.06,35.86,47.89
2022-04-07 09:00:00,38.28,41.0,38.37,38.81,38.27,35.17,38.49,38.09,38.04,41.55,38.21,39.35,38.85,34.92,39.29
2022-04-07 10:00:00,26.17,29.31,26.18,26.91,26.05,22.5,26.0,27.0,26.15,29.87,26.78,27.13,26.99,23.27,26.63
2022-04-07 11:00:00,19.65,24.0,19.71,20.0,16.59,17.05,17.8,22.46,20.22,24.92,21.48,20.51,20.14,18.41,19.51
2022-04-07 12:00:00,20.45,24.68,20.43,20.57,16.02,19.2,17.26,24.58,21.34,25.78,23.13,21.02,20.69,23.09,18.67
2022-04-07 13:00:00,27.04,37.83,28.04,25.0,19.9,28.15,21.17,31.14,29.77,39.33,30.77,25.65,25.07,32.5,22.86
2022-04-07 14:00:00,28.25,40.88,30.0,23.72,18.62,35.18,20.22,38.64,36.15,42.58,37.17,24.37,23.89,38.32,22.08
2022-04-07 15:00:00,29.84,44.99,31.33,25.0,14.87,38.72,16.61,41.35,40.13,46.88,39.83,25.62,25.21,40.98,18.62
2022-04-07 16:00:00,33.51,46.55,33.96,30.0,15.17,42.6,16.7,44.26,44.51,48.5,42.91,30.66,30.27,43.47,18.7
2022-04-07 17:00:00,33.7,44.82,33.53,31.35,14.69,41.59,16.35,42.76,43.25,46.1,41.6,32.98,31.54,42.72,18.36
2022-04-07 18:00:00,42.42,52.07,44.11,39.0,36.75,45.9,39.49,46.55,46.83,53.62,46.13,41.38,38.89,46.4,42.25
2022-04-07 19:00:00,99.1,100.05,100.81,96.69,93.49,100.24,106.27,99.67,101.84,101.94,99.95,97.0,96.49,100.95,132.64
2022-04-07 20:00:00,139.08,139.26,141.48,135.69,130.89,140.96,150.01,140.14,142.38,140.5,140.64,135.85,135.4,141.6,187.62
2022-04-07 21:00:00,92.23,92.47,94.19,89.47,85.96,93.64,101.19,92.95,94.75,93.27,93.38,89.38,89.25,94.13,133.67
2022-04-07 22:00:00,58.29,57.99,60.12,55.69,52.07,59.88,66.91,59.22,60.57,58.4,59.64,55.61,55.47,60.2,96.35
2022-04-07 23:00:00,47.73,47.43,49.16,45.73,42.51,48.87,54.62,48.47,49.56,47.75,48.84,45.71,45.57,48.91,77.95
2022-04-08 00:00:00,48.51,48.25,48.93,48.13,47.35,48.1,51.24,48.89,49.43,48.63,49.11,48.11,48.08,46.99,59.24
2022-04-08 01:00:00,43.6,43.12,43.99,43.2,42.45,43.38,46.27,44.03,44.56,43.52,44.25,43.18,43.15,42.47,54.26
2022-04-08 02:00:00,41.72,41.32,42.07,41.32,40.71,41.64,44.01,42.06,42.49,41.66,42.23,41.31,41.28,41.05,51.23
2022-04-08 03:00:00,39.68,39.39,39.96,39.37,38.87,39.57,41.51,39.97,40.33,39.67,40.12,39.36,39.34,39.03,47.11
2022-04-08 04:00:00,40.13,39.84,40.42,39.75,39.26,40.28,41.81,40.32,40.57,40.12,40.41,39.74,39.72,40.16,47.37
2022-04-08 05:00:00,47.7,47.3,47.96,47.35,46.86,47.94,49.27,47.85,48.03,47.7,47.92,47.34,47.32,47.96,54.37
2022-04-08 06:00:00,75.59,76.04,76.05,75.0,74.25,75.66,77.49,75.63,75.82,76.54,75.71,75.17,74.96,75.76,84.4
2022-04-08 07:00:00,66.79,67.64,67.28,66.0,65.45,67.44,68.04,67.46,67.56,68.74,67.46,67.5,65.91,67.58,74.04
2022-04-08 08:00:00,46.24,46.86,46.4,45.9,45.84,46.67,46.17,46.62,46.77,47.67,46.59,46.9,45.87,47.02,47.02
2022-04-08 09:00:00,40.25,40.79,40.32,40.0,39.82,40.83,39.65,40.62,40.95,41.4,40.53,40.2,40.02,41.24,39.24
2022-04-08 10:00:00,36.81,37.68,36.94,36.4,36.23,37.64,36.05,37.47,37.79,38.3,37.32,36.59,36.44,38.44,35.63
2022-04-08 11:00:00,37.36,38.18,37.51,36.87,36.75,38.38,36.62,38.13,39.24,38.83,37.9,37.01,36.92,39.75,36.28
2022-04-08 12:00:00,39.15,40.04,39.43,38.34,38.46,40.84,38.49,41.04,42.22,40.88,40.77,38.34,38.45,42.37,38.46
2022-04-08 13:00:00,41.15,42.07,41.5,40.13,40.44,43.24,40.56,43.5,44.31,43.28,43.19,40.28,40.35,44.99,40.63
2022-04-08 14:00:00,38.67,39.98,39.28,36.85,37.34,42.72,37.56,44.26,44.96,41.28,43.0,36.88,37.15,44.33,37.73
2022-04-08 15:00:00,41.05,43.11,41.51,40.0,40.28,42.54,40.4,43.48,43.62,44.83,43.0,40.07,40.2,43.91,40.52
2022-04-08 16:00:00,43.0,44.81,43.4,42.08,42.32,44.3,42.42,45.11,46.11,46.1,44.69,42.65,42.28,45.9,42.54
2022-04-08 17:00:00,41.15,42.62,41.3,41.09,41.1,40.4,41.09,40.68,41.9,43.69,40.56,41.31,41.14,41.53,41.11
2022-04-08 18:00:00,47.65,50.16,47.86,47.73,47.57,45.79,47.76,46.74,48.22,51.21,46.67,47.72,47.74,46.56,48.29
2022-04-08 19:00:00,147.9,150.17,149.27,146.9,145.4,144.89,155.13,150.0,150.0,151.37,149.41,146.8,146.74,142.78,180.41
2022-04-08 20:00:00,140.77,141.7,142.75,139.37,136.82,136.92,153.0,144.26,145.65,142.37,144.33,139.25,139.11,131.93,199.26
2022-04-08 21:00:00,84.17,86.37,86.16,83.13,80.64,78.58,96.54,85.68,86.95,86.86,86.42,82.98,82.9,71.93,136.96
2022-04-08 22:00:00,68.94,69.18,70.46,67.88,66.59,66.05,78.75,70.49,72.28,69.46,71.03,67.77,67.69,61.19,111.85
2022-04-08 23:00:00,47.43,47.51,48.51,46.61,45.83,45.69,54.22,48.63,50.06,47.74,49.02,46.53,46.48,42.39,78.2
2022-04-09 00:00:00,63.15,67.46,63.76,63.46,62.75,58.31,65.81,62.35,62.96,68.1,62.61,63.39,63.41,55.03,74.21
2022-04-09 01:00:00,43.19,47.92,43.83,43.59,42.69,37.75,46.06,42.36,42.97,48.62,42.71,43.53,43.54,34.4,55.01
2022-04-09 02:00:00,41.29,47.45,42.0,41.69,40.52,35.19,43.67,39.68,40.08,48.37,39.99,41.64,41.65,32.32,50.79
2022-04-09 03:00:00,22.04,25.77,22.54,22.25,21.31,18.03,24.09,21.25,21.58,26.37,21.44,22.2,22.22,16.01,29.66
2022-04-09 04:00:00,17.9,21.19,18.29,18.17,16.78,14.32,19.49,17.28,17.57,21.72,17.42,18.2,18.16,12.44,24.51
2022-04-09 05:00:00,18.67,23.08,19.09,19.0,17.31,14.41,19.88,17.54,17.65,23.78,17.61,19.05,19.01,12.52,23.84
2022-04-09 06:00:00,33.6,37.82,34.11,33.78,32.1,29.54,35.29,32.57,32.74,38.51,32.5,33.81,33.78,27.54,40.85
2022-04-09 07:00:00,34.02,40.53,34.49,34.43,31.64,28.77,34.24,32.57,32.09,41.55,32.25,34.71,34.48,26.98,37.84
2022-04-09 08:00:00,23.37,32.36,23.49,24.11,18.44,17.94,19.56,22.16,20.38,33.87,21.81,25.18,24.25,17.6,21.9
2022-04-09 09:00:00,17.19,27.49,16.23,18.56,5.02,14.29,4.58,18.25,16.14,28.86,17.87,20.06,18.77,14.49,6.25
2022-04-09 10:00:00,13.45,28.79,12.63,15.11,0.08,7.67,-1.04,14.64,10.17,30.99,13.66,17.28,15.45,8.5,1.36
2022-04-09 11:00:00,16.15,30.39,14.75,17.84,-0.84,13.2,-2.45,22.49,15.65,32.23,19.96,19.72,18.22,14.11,-1.59
2022-04-09 12:00:00,17.9,37.28,16.96,18.73,-1.16,15.04,-3.21,29.6,17.4,39.51,23.76,20.85,19.28,15.38,-2.68
2022-04-09 13:00:00,20.2,41.44,19.72,19.8,0.0,19.62,-1.97,46.18,21.65,44.46,34.96,21.3,20.86,21.49,-1.76
2022-04-09 14:00:00,22.81,43.89,22.02,22.99,0.98,21.51,-0.29,50.31,24.58,47.61,38.55,24.39,24.8,26.43,0.72
2022-04-09 15:00:00,30.76,56.97,29.43,31.97,3.11,26.82,1.96,57.82,31.91,61.92,46.17,32.62,35.28,35.67,2.71
2022-04-09 16:00:00,34.03,61.82,32.64,34.92,3.94,31.38,2.45,62.22,36.82,66.24,52.04,36.42,37.95,36.99,3.6
2022-04-09 17:00:00,35.66,59.61,33.76,36.69,5.7,35.72,3.02,64.01,42.0,65.17,57.38,38.19,39.96,37.93,3.67
2022-04-09 18:00:00,37.35,57.25,34.96,38.48,6.19,40.39,3.71,69.07,47.16,61.0,62.11,40.88,40.12,39.63,4.92
2022-04-09 19:00:00,54.96,65.98,55.63,53.23,41.21,56.49,46.81,80.26,67.85,68.78,71.04,59.5,53.33,52.25,60.73
2022-04-09 20:00:00,55.79,63.42,56.66,54.56,43.54,54.94,53.73,75.19,66.08,65.19,67.71,56.63,55.03,51.04,77.12
2022-04-09 21:00:00,33.41,42.47,33.05,33.56,18.61,32.84,23.33,40.1,40.33,43.67,39.75,37.44,33.66,30.91,40.71
2022-04-09 22:00:00,16.9,27.26,16.6,17.06,4.23,15.68,6.39,21.72,19.94,28.91,21.39,19.36,17.44,14.06,16.69
2022-04-09 23:00:00,9.76,17.76,9.33,10.0,-0.86,9.27,0.28,16.85,12.82,19.44,14.79,11.3,10.65,7.38,7.29
2022-04-10 00:00:00,5.7,12.69,5.29,6.77,-0.48,2.01,-0.29,5.96,5.59,15.85,5.54,7.49,7.82,0.81,3.27
2022-04-10 01:00:00,2.96,9.27,2.75,3.71,-1.61,-0.28,-1.69,3.47,3.04,12.28,2.9,4.53,4.69,-1.2,1.31
2022-04-10 02:00:00,2.2,8.01,1.95,2.94,-2.4,-0.71,-2.44,2.88,2.61,10.7,2.27,3.73,3.87,-1.82,0.54
2022-04-10 03:00:00,1.55,5.26,1.22,2.37,-2.28,-0.81,-1.93,2.5,2.52,6.65,1.96,3.06,2.96,-1.99,1.2
2022-04-10 04:00:00,2.16,7.09,1.98,2.84,-1.38,-0.67,-1.32,2.98,2.85,9.34,2.48,3.57,3.41,-1.78,1.4
2022-04-10 05:00:00,2.65,7.99,2.56,3.36,-0.47,-0.81,-0.29,3.03,2.99,10.66,2.52,3.96,3.89,-2.44,1.81
2022-04-10 06:00:00,5.67,12.4,5.22,7.02,0.0,1.15,0.31,5.84,5.47,13.99,5.32,7.55,7.47,-0.28,2.74
2022-04-10 07:00:00,7.74,14.86,7.28,9.1,1.43,3.15,1.99,8.03,7.64,17.2,7.55,9.83,9.38,1.42,5.59
2022-04-10 08:00:00,9.11,16.54,8.41,10.63,0.73,4.97,1.5,9.82,9.2,18.77,9.54,11.61,10.97,3.45,5.3
2022-04-10 09:00:00,14.61,24.04,13.07,16.95,0.05,10.9,0.41,16.17,15.39,26.26,15.82,18.17,17.45,9.26,4.04
2022-04-10 10:00:00,16.81,28.37,15.29,19.0,0.56,13.15,0.66,19.62,17.15,31.59,18.58,20.66,19.55,12.34,4.76
2022-04-10 11:00:00,19.98,30.29,18.56,22.0,4.1,16.84,5.11,23.62,21.03,33.39,22.6,23.86,22.57,16.14,10.39
2022-04-10 12:00:00,29.26,42.15,27.66,31.39,10.57,25.92,11.18,33.27,30.57,45.24,32.65,34.43,32.03,26.72,16.92
2022-04-10 13:00:00,38.46,50.59,37.12,39.9,20.63,36.57,21.44,47.39,41.36,53.69,45.22,42.62,40.62,38.03,26.5
2022-04-10 14:00:00,43.71,57.14,42.65,44.85,26.15,41.48,27.12,53.13,47.92,61.14,53.27,47.67,45.53,44.46,33.12
2022-04-10 15:00:00,40.76,56.44,39.16,42.03,17.38,40.12,18.06,54.04,48.34,60.78,56.12,46.3,43.15,46.79,29.77
2022-04-10 16:00:00,36.41,54.61,34.9,36.35,9.28,40.03,8.62,57.09,53.72,59.29,60.38,41.72,37.62,48.18,23.52
2022-04-10 17:00:00,33.45,51.33,31.75,33.8,8.44,36.51,5.37,56.84,45.6,55.21,62.32,39.36,35.07,44.7,19.29
2022-04-10 18:00:00,38.48,51.58,37.35,39.88,23.74,35.62,22.32,47.99,41.62,54.9,46.7,44.27,40.99,37.41,32.32
2022-04-10 19:00:00,82.53,91.87,82.86,84.34,77.56,71.93,83.3,83.92,83.26,95.62,83.66,86.23,85.3,67.79,101.53
2022-04-10 20:00:00,112.14,117.17,113.59,112.77,109.57,101.66,122.77,113.93,116.28,119.0,114.77,113.38,113.09,91.53,152.61
2022-04-10 21:00:00,55.74,60.21,57.0,55.69,53.14,49.08,63.02,56.01,57.85,62.38,56.4,56.46,56.18,44.86,86.25
2022-04-10 22:00:00,46.76,52.32,47.67,47.19,45.08,39.56,51.6,46.11,46.96,55.39,46.34,47.34,47.3,36.02,67.16
2022-04-10 23:00:00,45.7,49.5,46.36,46.33,44.39,39.3,50.33,45.94,47.01,51.34,46.2,46.44,46.46,34.85,63.4
2022-04-11 00:00:00,34.84,37.69,34.98,35.9,35.23,29.48,36.84,35.08,35.69,38.77,35.18,35.98,35.93,26.79,39.45
2022-04-11 01:00:00,20.0,22.52,20.09,20.91,19.85,15.41,21.53,20.13,20.51,23.45,20.3,21.1,20.99,13.28,24.67
2022-04-11 02:00:00,16.41,18.92,16.42,17.33,15.91,12.13,17.31,16.46,16.75,19.92,16.61,17.6,17.44,10.55,20.39
2022-04-11 03:00:00,10.3,12.95,10.37,11.1,9.97,6.21,11.23,10.15,10.32,13.94,10.32,11.31,11.19,4.97,13.86
2022-04-11 04:00:00,12.3,14.97,12.35,13.12,11.95,8.25,13.07,12.14,12.31,15.83,12.26,13.33,13.21,6.91,15.52
2022-04-11 05:00:00,23.77,26.79,23.81,24.8,23.95,18.83,24.82,23.61,23.89,27.68,23.73,25.0,24.9,16.65,26.79
2022-04-11 06:00:00,43.8,47.61,43.94,45.07,44.35,37.26,45.83,43.97,44.63,48.85,44.15,45.19,45.12,32.78,48.35
2022-04-11 07:00:00,48.73,55.87,48.87,50.86,49.6,38.04,50.7,48.43,46.72,56.97,48.15,51.05,50.95,32.59,53.01
2022-04-11 08:00:00,40.36,47.54,40.63,42.05,41.17,30.99,41.94,39.66,38.33,48.93,39.48,42.07,42.08,27.17,43.19
2022-04-11 09:00:00,45.0,53.72,45.19,46.71,44.17,35.54,44.78,46.7,41.84,55.44,45.09,46.96,46.8,33.23,46.9
2022-04-11 10:00:00,47.71,55.21,47.71,49.62,46.87,38.51,47.5,49.38,47.03,56.71,47.45,49.96,49.75,38.28,50.0
2022-04-11 11:00:00,58.46,66.67,58.57,60.0,56.83,50.0,57.59,65.28,58.49,69.44,60.6,60.45,60.2,50.46,60.81
2022-04-11 12:00:00,72.72,82.02,73.09,74.1,72.44,63.4,72.84,85.94,75.5,86.02,77.83,75.26,74.52,66.32,74.97
2022-04-11 13:00:00,121.4,136.25,122.24,123.03,121.74,107.6,122.07,137.91,131.91,141.0,126.66,124.45,123.55,112.39,124.04
2022-04-11 14:00:00,185.19,194.42,184.58,190.82,188.87,163.6,189.47,207.05,202.98,200.42,192.1,193.68,191.65,173.61,193.61
2022-04-11 15:00:00,244.63,267.48,246.53,245.47,244.28,227.15,246.01,271.12,268.21,273.8,273.63,253.47,247.73,238.26,252.02
2022-04-11 16:00:00,280.74,302.85,282.23,281.69,274.87,264.98,279.4,315.35,304.57,308.85,318.27,288.82,283.7,277.55,289.4
2022-04-11 17:00:00,185.69,199.44,185.9,186.64,170.74,178.13,179.38,232.41,213.44,205.0,239.91,193.04,187.96,190.46,195.39
2022-04-11 18:00:00,85.4,89.25,84.31,87.92,64.99,79.97,80.1,124.19,113.15,92.49,128.87,94.47,88.59,91.35,99.8
2022-04-11 19:00:00,186.66,187.68,186.14,192.11,148.95,167.79,197.01,214.75,233.64,191.22,197.27,194.85,191.95,177.24,247.01
2022-04-11 20:00:00,116.62,116.04,116.85,119.31,70.22,105.48,126.55,137.31,143.36,118.15,126.02,120.58,119.0,108.32,176.56
2022-04-11 21:00:00,59.9,65.41,60.88,60.0,10.74,53.83,64.29,63.27,65.35,66.77,62.24,61.17,60.01,51.81,114.29
2022-04-11 22:00:00,51.94,56.11,52.59,52.35,3.87,46.51,55.41,53.15,55.83,56.99,52.92,52.6,52.23,43.38,78.0
2022-04-11 23:00:00,43.8,47.83,44.22,44.45,3.78,38.58,46.04,44.3,45.27,48.69,44.48,44.58,44.36,34.98,61.05
2022-04-12 00:00:00,51.26,59.0,50.29,53.48,3.1,45.71,42.98,51.53,51.45,61.06,51.32,54.01,53.75,43.84,50.0
2022-04-12 01:00:00,37.71,45.9,36.08,40.36,-1.26,33.47,24.58,38.66,38.52,47.91,38.2,40.59,40.64,32.58,30.08
2022-04-12 02:00:00,31.18,39.55,29.37,33.99,-1.82,26.96,16.99,32.14,31.43,41.5,31.62,34.25,34.32,27.08,21.61
2022-04-12 03:00:00,29.67,38.55,28.34,32.05,1.15,24.78,17.98,29.63,29.2,41.01,29.1,32.4,32.4,24.62,22.96
2022-04-12 04:00:00,34.05,42.1,32.8,36.28,1.86,29.44,23.4,34.25,33.79,44.26,33.77,36.61,36.57,29.09,28.2
2022-04-12 05:00:00,42.49,49.46,42.11,43.81,7.61,37.54,37.62,42.25,42.05,51.49,41.95,43.86,43.98,36.74,42.42
2022-04-12 06:00:00,45.7,55.29,45.72,46.55,1.92,40.05,41.0,44.84,44.19,58.1,44.63,46.99,46.56,39.6,48.2
2022-04-12 07:00:00,55.44,64.0,55.13,56.81,10.73,49.73,50.0,54.19,53.64,66.55,54.13,57.6,56.95,50.08,59.61
2022-04-12 08:00:00,42.42,52.82,41.25,44.88,0.56,36.01,31.29,41.34,39.69,55.6,41.18,45.32,45.5,35.61,39.68
2022-04-12 09:00:00,49.14,61.96,46.53,53.0,-1.35,43.77,27.41,48.92,47.75,65.27,48.74,54.01,54.03,44.88,36.57
2022-04-12 10:00:00,47.67,68.77,46.94,47.63,-3.64,46.92,24.45,52.12,50.89,71.9,51.58,53.8,67.64,50.38,33.28
2022-04-12 11:00:00,55.33,77.86,55.0,53.42,-4.67,60.01,28.7,67.09,63.39,80.58,64.97,62.35,84.38,64.18,35.1
2022-04-12 12:00:00,67.92,90.43,65.84,69.84,7.92,65.49,37.62,78.16,68.93,94.54,74.3,71.48,72.61,68.74,45.75
2022-04-12 13:00:00,90.37,124.17,89.12,89.98,30.37,90.76,51.57,110.12,94.53,129.53,103.61,92.09,94.87,94.91,60.49
2022-04-12 14:00:00,79.0,117.56,78.11,77.36,18.0,81.66,35.84,117.52,89.81,123.5,102.17,80.3,81.5,87.4,46.04
2022-04-12 15:00:00,76.98,116.69,75.35,76.28,12.12,79.12,29.32,113.14,92.82,123.22,102.31,79.33,80.22,86.28,41.52
2022-04-12 16:00:00,68.85,104.34,66.09,68.42,6.97,76.35,15.23,110.31,92.8,111.19,103.83,71.72,71.45,85.78,29.05
2022-04-12 17:00:00,56.94,85.08,52.97,59.23,-3.07,61.01,6.55,91.02,77.35,90.5,85.31,62.62,62.21,68.04,20.34
2022-04-12 18:00:00,52.39,75.15,48.13,55.91,-7.61,54.38,7.09,77.77,68.89,79.15,69.75,59.29,57.11,56.2,18.9
2022-04-12 19:00:00,81.42,95.42,78.99,85.76,21.42,73.22,61.55,92.81,87.31,98.85,87.45,88.02,86.67,72.5,82.3
2022-04-12 20:00:00,104.13,115.66,104.09,106.82,44.13,91.46,102.42,110.06,107.09,118.77,106.17,107.55,107.43,86.87,137.08
2022-04-12 21:00:00,63.35,70.88,63.71,64.16,13.3,56.8,62.99,65.27,65.56,72.88,64.74,64.53,64.58,52.9,90.91
2022-04-12 22:00:00,54.54,61.37,54.62,55.69,7.32,48.12,53.3,55.23,56.3,63.24,55.36,55.84,56.06,44.72,69.98
2022-04-12 23:00:00,44.45,52.54,43.53,46.93,3.02,37.4,37.26,45.82,45.8,54.53,45.81,47.25,47.25,35.88,53.27
2022-04-13 00:00:00,42.9,50.32,39.73,47.29,6.07,39.43,21.87,46.41,46.74,51.74,45.67,47.14,47.81,37.62,25.42
2022-04-13 01:00:00,38.11,45.64,35.26,42.51,5.75,32.94,19.93,39.68,39.7,46.74,39.14,42.46,43.09,31.53,22.79
2022-04-13 02:00:00,30.43,40.29,27.54,35.12,0.91,23.82,10.91,30.62,29.89,41.3,29.92,35.0,35.68,22.78,13.32
2022-04-13 03:00:00,31.36,40.82,29.05,35.51,5.53,24.18,15.68,31.1,30.45,42.01,30.5,35.36,35.98,23.26,17.71
2022-04-13 04:00:00,31.64,40.59,29.25,35.89,10.96,24.57,15.96,31.54,30.92,41.55,30.99,35.86,36.39,23.66,18.13
2022-04-13 05:00:00,41.97,48.74,39.93,45.54,25.77,36.39,29.06,43.36,43.6,50.43,43.16,45.49,45.95,35.19,31.06
2022-04-13 06:00:00,41.05,49.38,38.67,45.0,22.54,35.25,25.04,43.24,44.47,51.38,43.0,45.16,45.37,35.6,28.45
2022-04-13 07:00:00,41.8,52.78,38.67,46.19,16.05,37.2,18.54,45.45,43.4,55.38,43.61,47.23,46.79,38.5,23.34
2022-04-13 08:00:00,35.73,47.93,30.98,40.96,-1.94,35.3,-0.28,43.91,39.5,50.29,40.94,41.91,41.85,37.03,4.72
2022-04-13 09:00:00,40.83,55.55,35.87,45.63,-0.79,42.59,-0.28,53.58,48.46,58.37,50.44,46.81,46.57,47.17,4.58
2022-04-13 10:00:00,40.93,57.5,37.06,42.98,-0.71,47.96,-0.21,65.27,51.44,60.65,58.08,45.13,43.63,50.71,4.89
2022-04-13 11:00:00,48.49,62.31,43.23,51.77,-0.45,57.9,0.95,75.86,58.85,64.97,67.85,52.14,52.62,58.16,4.34
2022-04-13 12:00:00,56.6,73.75,50.81,60.0,0.0,67.4,2.1,85.21,70.21,77.17,75.82,60.38,61.32,67.07,6.85
2022-04-13 13:00:00,60.35,83.76,56.58,58.34,0.0,81.65,2.55,113.05,91.03,89.32,93.42,59.31,59.48,80.79,7.94
2022-04-13 14:00:00,65.79,95.12,63.03,60.87,-0.29,92.53,3.59,136.64,109.17,101.76,117.23,62.38,63.38,97.31,11.37
2022-04-13 15:00:00,75.27,110.44,76.21,60.31,8.23,123.0,11.07,160.87,154.6,118.1,159.73,62.77,62.68,130.98,21.87
2022-04-13 16:00:00,82.06,112.49,83.11,65.66,14.99,136.02,18.28,181.12,167.43,118.53,185.75,68.68,66.75,147.93,30.29
2022-04-13 17:00:00,84.8,116.44,88.0,66.88,25.58,134.18,34.5,177.67,157.01,122.01,177.98,70.88,63.05,141.59,44.51
2022-04-13 18:00:00,94.0,108.14,97.27,81.17,61.04,126.35,73.4,160.88,130.66,112.15,147.73,84.39,84.1,122.78,89.15
2022-04-13 19:00:00,288.68,296.12,292.13,281.42,230.69,299.32,291.65,312.32,302.19,299.0,305.57,282.22,282.02,298.21,341.66
2022-04-13 20:00:00,356.61,361.18,359.47,351.57,316.74,361.82,363.3,368.92,364.74,363.05,364.97,352.25,350.32,362.0,417.3
2022-04-13 21:00:00,163.36,164.43,164.67,161.28,148.16,164.98,167.99,164.98,167.3,165.0,165.33,161.44,161.1,165.21,218.0
2022-04-13 22:00:00,101.65,102.84,102.68,100.0,93.8,102.96,104.92,102.75,103.92,103.33,103.14,99.99,99.77,102.93,139.72
2022-04-13 23:00:00,68.95,69.86,69.63,67.91,62.97,69.63,71.1,69.5,70.26,70.25,69.81,67.9,67.78,69.68,99.07
2022-04-14 00:00:00,67.75,70.63,68.58,66.92,66.73,66.34,70.43,67.0,67.39,71.92,67.2,66.9,66.88,66.0,92.03
2022-04-14 01:00:00,55.43,57.58,56.14,54.59,54.54,54.78,57.61,54.84,55.98,58.57,54.99,54.58,54.55,55.21,77.61
2022-04-14 02:00:00,48.3,49.03,48.89,47.55,47.16,48.13,50.86,48.08,48.69,49.45,48.16,47.55,47.52,48.34,62.81
2022-04-14 03:00:00,43.92,44.59,44.44,43.28,42.83,43.66,46.23,43.67,43.94,44.99,43.73,43.3,43.27,43.76,53.92
2022-04-14 04:00:00,42.51,44.42,43.02,42.2,41.75,40.78,44.7,41.96,42.22,45.32,42.08,42.21,42.19,40.01,50.97
2022-04-14 05:00:00,45.24,48.7,45.86,45.05,44.33,42.15,47.54,44.09,44.32,50.23,44.24,45.09,45.06,40.82,53.2
2022-04-14 06:00:00,73.94,78.79,74.53,74.15,72.76,69.21,75.97,72.37,72.99,80.84,72.54,74.27,74.21,66.45,82.41
2022-04-14 07:00:00,74.37,82.5,74.87,75.01,71.71,67.64,74.32,71.61,71.95,85.82,71.72,75.52,75.24,64.54,82.32
2022-04-14 08:00:00,61.44,72.21,62.05,61.9,58.71,54.34,59.74,57.58,57.05,76.39,57.49,62.3,62.09,52.84,63.24
2022-04-14 09:00:00,56.62,69.58,56.99,57.42,51.36,48.91,52.03,52.24,50.54,74.5,51.21,58.26,57.83,49.08,57.76
2022-04-14 10:00:00,52.39,63.96,52.81,52.89,48.61,45.92,48.46,49.88,47.54,68.29,48.19,53.4,53.17,46.44,51.69
2022-04-14 11:00:00,49.69,66.99,50.59,50.0,45.68,40.41,44.98,46.82,42.45,73.4,44.01,50.43,50.28,41.86,47.96
2022-04-14 12:00:00,46.29,59.99,46.98,46.48,42.66,39.29,42.16,44.79,42.39,65.05,42.57,46.88,46.72,41.32,44.45
2022-04-14 13:00:00,47.03,62.29,47.78,47.7,43.95,37.49,43.62,46.28,42.84,67.86,42.93,48.08,47.94,40.65,46.09
2022-04-14 14:00:00,47.83,58.99,48.32,48.17,44.28,41.76,44.36,54.43,49.01,62.96,49.46,48.66,48.49,43.77,47.61
2022-04-14 15:00:00,49.49,65.95,50.17,50.0,43.0,40.78,43.94,59.58,49.73,71.07,51.9,50.77,50.48,43.73,48.86
2022-04-14 16:00:00,53.3,72.63,53.68,54.55,43.47,42.51,45.01,65.72,55.13,77.52,56.97,55.86,55.29,45.16,53.68
2022-04-14 17:00:00,48.68,68.07,49.15,50.0,39.85,37.16,41.37,65.47,54.2,73.63,66.95,51.5,50.03,41.4,50.29
2022-04-14 18:00:00,55.8,65.01,55.67,57.16,48.34,49.33,51.16,68.05,60.44,69.01,62.61,58.66,57.68,50.25,59.76
2022-04-14 19:00:00,120.36,128.24,120.77,122.18,114.74,109.88,122.76,126.79,120.4,131.75,120.75,122.63,122.2,104.74,145.51
2022-04-14 20:00:00,96.23,100.18,97.58,95.05,86.72,93.86,101.22,106.9,100.38,102.09,102.75,95.25,94.97,87.61,130.67
2022-04-14 21:00:00,50.37,56.18,51.26,49.35,43.6,48.86,50.64,56.01,54.36,58.12,53.3,49.55,49.26,47.53,68.38
2022-04-14 22:00:00,48.3,54.56,47.0,49.46,31.13,48.59,35.36,50.95,50.56,56.09,50.12,49.48,49.56,48.01,44.14
2022-04-14 23:00:00,37.79,45.84,34.05,40.93,7.72,41.61,7.8,42.92,42.43,47.14,41.97,40.96,41.34,42.05,19.81
2022-04-15 00:00:00,20.77,25.99,17.79,23.16,-4.61,24.5,-2.49,24.17,25.54,26.67,23.48,23.04,23.39,24.58,-0.74
2022-04-15 01:00:00,17.28,21.49,14.59,19.59,-6.2,20.17,-2.89,20.07,20.55,21.96,19.34,19.5,19.83,20.38,-1.72
2022-04-15 02:00:00,17.46,21.16,14.98,19.54,-4.98,20.37,-1.16,20.31,20.72,21.55,19.68,19.42,19.75,20.29,-0.16
2022-04-15 03:00:00,17.55,21.31,15.22,19.35,-4.74,20.9,-0.68,20.65,21.6,21.73,20.06,19.21,19.52,20.86,0.51
2022-04-15 04:00:00,18.18,22.08,15.87,19.88,-4.66,21.8,-0.29,21.27,22.72,22.5,20.56,19.81,20.03,21.78,0.8
2022-04-15 05:00:00,22.62,27.56,19.82,24.55,-4.17,27.34,-0.17,27.03,28.09,27.99,26.35,24.73,24.74,27.7,0.8
2022-04-15 06:00:00,43.55,52.05,38.64,47.59,0.51,49.4,5.5,49.37,50.03,53.06,48.54,47.73,48.01,49.23,7.32
2022-04-15 07:00:00,41.75,51.35,37.57,44.53,0.38,48.92,5.48,49.78,49.04,52.22,49.24,45.34,44.78,49.03,8.09
2022-04-15 08:00:00,35.92,47.09,32.25,38.0,-1.44,43.01,0.93,43.58,43.09,48.18,43.14,38.72,38.33,43.15,3.3
2022-04-15 09:00:00,36.56,53.76,33.4,38.11,-1.69,42.0,-0.28,43.11,42.32,56.43,42.73,38.81,38.47,42.58,1.53
2022-04-15 10:00:00,34.86,56.67,32.71,35.19,-1.77,39.27,-0.28,40.28,39.46,60.19,40.06,35.73,35.56,39.73,1.67
2022-04-15 11:00:00,37.32,56.3,33.62,40.97,-0.72,36.59,0.64,40.82,38.31,60.83,40.68,41.36,41.28,38.71,2.41
2022-04-15 12:00:00,41.83,64.66,39.06,44.19,3.39,40.99,6.4,45.96,42.62,69.62,45.09,44.3,44.37,42.78,9.1
2022-04-15 13:00:00,47.34,72.28,47.45,46.39,21.51,45.22,25.91,53.68,46.92,77.84,51.81,46.39,46.05,46.47,29.5
2022-04-15 14:00:00,52.45,79.26,53.03,51.27,28.51,48.51,33.07,57.25,50.55,85.39,56.1,51.74,51.56,50.39,37.23
2022-04-15 15:00:00,54.24,71.79,54.04,53.76,30.97,53.35,37.25,63.99,55.67,75.13,60.79,54.19,53.68,56.0,43.5
2022-04-15 16:00:00,56.88,77.25,57.28,55.69,36.15,55.32,40.87,68.02,59.25,80.81,63.68,56.57,55.52,58.91,49.72
2022-04-15 17:00:00,52.99,69.0,52.41,54.41,36.49,46.77,39.44,66.41,55.08,71.15,57.92,56.12,55.08,51.48,51.35
2022-04-15 18:00:00,51.65,62.41,51.2,54.03,41.01,42.08,46.27,56.82,52.28,64.29,49.75,55.53,54.55,44.8,57.2
2022-04-15 19:00:00,101.3,111.48,101.7,102.99,90.07,90.67,101.64,103.25,100.41,113.23,101.48,104.5,103.52,87.56,121.64
2022-04-15 20:00:00,121.52,128.73,122.55,122.28,115.19,112.31,126.88,123.2,123.69,130.43,123.05,122.76,122.29,105.03,149.57
2022-04-15 21:00:00,69.08,72.91,69.8,69.02,64.51,65.27,72.01,69.91,70.09,74.41,69.46,69.09,68.91,61.26,86.12
2022-04-15 22:00:00,53.63,56.42,54.23,53.57,50.76,50.6,56.32,53.78,54.32,57.54,53.94,53.61,53.56,47.75,65.76
2022-04-15 23:00:00,46.25,48.92,46.6,46.43,46.24,43.36,47.68,46.04,46.17,50.01,46.11,46.42,46.42,41.21,52.72
2022-04-16 00:00:00,52.12,55.34,52.42,51.86,50.63,50.89,51.61,51.26,50.9,56.76,51.04,51.92,51.89,51.21,53.48
2022-04-16 01:00:00,46.72,49.39,46.94,46.57,45.6,45.59,46.21,46.02,45.76,50.64,45.71,46.65,46.62,45.64,48.09
2022-04-16 02:00:00,40.92,43.38,41.15,40.75,39.71,39.96,40.49,40.3,40.05,44.52,40.11,40.81,40.78,40.02,42.89
2022-04-16 03:00:00,38.89,40.85,39.06,38.76,37.52,38.18,38.45,38.48,38.33,41.75,38.31,38.8,38.79,38.14,40.86
2022-04-16 04:00:00,39.81,41.3,40.01,39.65,39.25,39.14,39.95,39.38,39.28,42.02,39.28,39.71,39.68,39.1,42.36
2022-04-16 05:00:00,40.89,42.47,41.19,40.59,39.81,40.24,41.45,40.49,40.41,43.26,40.43,40.62,40.59,40.19,44.66
2022-04-16 06:00:00,50.0,51.69,50.33,49.6,47.37,49.65,50.39,49.91,49.84,52.44,49.87,49.66,49.58,49.6,54.8
2022-04-16 07:00:00,48.48,51.02,48.81,48.2,45.84,47.43,48.58,47.78,47.67,52.08,47.78,48.35,48.24,47.43,53.28
2022-04-16 08:00:00,51.14,53.17,51.24,51.13,48.77,50.21,50.46,50.96,50.38,53.99,50.57,51.5,51.28,50.23,54.73
2022-04-16 09:00:00,49.48,55.3,49.6,49.58,45.79,47.21,46.3,48.64,47.54,57.44,48.13,50.21,49.86,47.31,50.06
2022-04-16 10:00:00,50.4,58.14,50.2,50.93,43.59,47.54,44.2,49.8,48.1,60.84,48.63,51.64,51.16,47.93,47.77
2022-04-16 11:00:00,54.67,65.12,54.9,54.87,48.23,50.41,49.2,55.89,51.4,69.03,53.86,55.91,55.09,52.11,53.77
2022-04-16 12:00:00,61.26,72.57,62.48,59.43,57.16,60.26,57.65,73.94,62.27,75.85,66.53,59.88,59.52,60.28,59.65
2022-04-16 13:00:00,67.42,82.13,68.66,66.5,63.82,61.9,64.11,83.64,65.87,87.24,69.9,66.89,66.6,62.77,65.98
2022-04-16 14:00:00,88.89,104.46,90.38,87.3,84.75,84.67,85.09,132.9,94.64,110.02,101.31,87.69,87.53,86.0,88.03
2022-04-16 15:00:00,126.56,141.31,127.87,125.53,123.13,121.17,123.47,174.59,138.62,146.87,139.45,125.86,125.78,123.61,126.87
2022-04-16 16:00:00,151.01,168.33,152.73,149.25,146.52,145.97,147.39,199.22,170.74,174.33,165.64,149.8,149.53,150.3,152.4
2022-04-16 17:00:00,95.91,104.17,96.91,94.42,92.65,95.2,93.85,148.56,124.5,109.4,129.07,95.01,94.68,100.36,100.04
2022-04-16 18:00:00,79.06,83.87,79.14,80.85,80.23,70.5,81.32,117.29,94.07,88.82,84.66,81.93,81.41,78.16,89.09
2022-04-16 19:00:00,112.82,116.41,113.27,114.11,111.3,104.72,117.84,128.47,121.16,119.02,118.41,114.83,114.41,109.51,155.8
2022-04-16 20:00:00,103.7,106.65,104.44,104.08,98.47,97.96,109.06,111.45,107.91,108.62,106.95,104.31,104.06,92.15,151.27
2022-04-16 21:00:00,74.36,77.59,75.03,74.38,73.28,70.36,77.8,75.61,75.9,78.88,75.21,74.4,74.34,65.58,103.83
2022-04-16 22:00:00,66.22,69.48,66.87,66.07,64.91,62.91,69.03,65.95,66.67,70.82,66.19,66.09,66.05,59.39,82.4
2022-04-16 23:00:00,60.35,62.12,60.83,59.93,59.68,59.16,62.12,60.04,60.38,62.82,60.23,59.95,59.92,58.57,75.76
2022-04-17 00:00:00,57.4,58.51,57.85,57.0,56.6,56.5,59.37,57.21,57.59,59.02,57.39,57.03,56.99,55.89,68.12
2022-04-17 01:00:00,51.41,51.99,51.82,51.01,50.67,50.86,53.44,51.37,51.78,52.31,51.54,51.03,50.99,50.41,63.12
2022-04-17 02:00:00,51.92,52.54,52.32,51.53,51.33,51.35,53.87,51.82,52.22,52.91,52.09,51.55,51.52,50.78,62.92
2022-04-17 03:00:00,52.75,53.21,53.22,52.23,52.22,52.39,55.07,52.62,52.97,53.51,52.95,52.22,52.2,52.07,65.65
2022-04-17 04:00:00,53.34,53.62,53.83,52.76,52.67,53.16,55.79,53.21,53.53,53.84,53.54,52.76,52.73,53.06,66.88
2022-04-17 05:00:00,56.16,56.4,56.77,55.49,55.43,55.72,59.48,56.26,56.78,56.58,56.69,55.49,55.45,55.16,74.9
2022-04-17 06:00:00,59.62,60.21,60.16,58.93,58.44,59.52,61.99,59.54,59.98,60.54,59.82,58.99,58.92,59.52,75.27
2022-04-17 07:00:00,60.08,60.68,60.59,59.47,58.97,59.8,62.41,60.04,60.38,61.0,60.29,59.54,59.47,59.65,75.71
2022-04-17 08:00:00,52.6,54.08,52.87,52.38,51.47,51.81,53.2,52.2,52.2,54.69,52.22,52.49,52.42,51.67,58.98
2022-04-17 09:00:00,49.36,51.95,49.4,49.54,47.74,47.93,48.18,49.01,48.11,52.92,48.46,49.83,49.68,47.94,51.03
2022-04-17 10:00:00,50.09,54.59,50.18,50.35,47.76,47.54,48.22,49.27,47.89,56.27,48.46,50.77,50.56,47.55,51.42
2022-04-17 11:00:00,53.07,58.24,53.1,53.53,50.15,49.9,50.72,52.81,50.6,60.11,51.36,54.08,53.79,50.23,54.79
2022-04-17 12:00:00,56.33,64.25,56.55,56.91,53.44,51.13,53.9,57.35,52.53,67.08,53.88,57.44,57.17,51.9,57.89
2022-04-17 13:00:00,58.14,67.79,58.35,58.93,54.28,51.8,54.88,59.42,54.11,71.52,55.46,59.66,59.29,52.94,60.21
2022-04-17 14:00:00,60.58,72.82,61.25,60.0,53.92,56.93,55.27,67.16,60.54,77.32,62.74,61.14,60.45,57.93,63.63
2022-04-17 15:00:00,67.48,83.89,68.3,66.74,57.79,62.73,59.85,73.95,66.48,89.46,68.83,68.51,67.35,64.28,72.04
2022-04-17 16:00:00,71.17,88.8,72.03,70.14,59.43,67.1,62.1,78.47,70.96,94.56,72.54,72.36,70.85,69.17,76.38
2022-04-17 17:00:00,76.38,90.16,76.88,75.65,65.51,73.66,68.05,86.72,77.82,95.04,78.83,77.78,76.34,75.91,83.25
2022-04-17 18:00:00,92.88,96.99,92.81,93.47,89.81,89.88,90.88,101.21,91.56,100.99,93.29,94.18,93.76,91.66,100.34
2022-04-17 19:00:00,190.66,195.11,191.56,189.86,185.6,188.55,192.7,197.58,190.76,198.14,191.69,190.64,190.13,191.0,249.62
2022-04-17 20:00:00,102.96,105.27,104.54,100.98,92.98,102.52,109.39,105.29,105.08,106.85,104.4,101.32,100.91,104.05,190.42
2022-04-17 21:00:00,61.02,64.07,62.05,60.0,57.62,59.32,64.82,61.25,61.56,65.4,61.15,60.1,59.95,58.1,113.31
2022-04-17 22:00:00,53.31,55.31,53.87,52.66,49.28,52.63,54.88,52.85,53.0,56.18,52.92,52.91,52.67,52.74,69.64
2022-04-17 23:00:00,49.28,51.31,49.64,48.86,46.98,48.67,49.72,48.89,48.93,52.14,48.8,49.08,48.92,48.75,56.72
2022-04-18 00:00:00,45.57,46.56,45.82,45.2,41.94,45.58,45.94,45.51,45.72,47.17,45.31,45.21,45.17,45.7,48.14
2022-04-18 01:00:00,42.45,43.0,42.66,42.09,39.85,42.72,42.85,42.52,42.83,43.5,42.33,42.1,42.07,42.84,44.88
2022-04-18 02:00:00,42.04,42.41,42.23,41.77,40.6,42.14,42.59,42.04,42.22,42.82,41.97,41.77,41.75,42.24,44.58
2022-04-18 03:00:00,43.49,43.83,43.69,43.21,42.97,43.53,44.21,43.46,43.62,44.19,43.4,43.21,43.2,43.63,46.52
2022-04-18 04:00:00,44.73,44.98,44.92,44.5,44.19,44.63,45.6,44.63,44.71,45.18,44.66,44.52,44.5,44.74,48.36
2022-04-18 05:00:00,57.11,57.46,57.32,56.86,56.45,56.96,58.01,56.97,57.06,57.66,57.01,56.91,56.87,57.09,61.54
2022-04-18 06:00:00,65.84,67.43,66.08,65.65,64.78,65.0,66.23,65.26,65.17,68.19,65.25,65.78,65.7,65.12,69.6
2022-04-18 07:00:00,64.84,65.91,65.37,64.03,62.96,65.25,66.29,65.09,65.54,66.61,65.25,64.09,63.97,65.41,85.04
2022-04-18 08:00:00,50.03,51.47,50.18,49.79,48.76,49.93,49.55,49.9,49.97,53.57,49.93,49.96,49.84,50.07,54.65
2022-04-18 09:00:00,41.99,44.89,41.95,41.97,38.36,41.63,39.3,41.6,41.71,46.94,41.54,42.5,42.2,41.93,42.51
2022-04-18 10:00:00,40.84,46.56,40.42,41.29,30.45,39.87,33.96,39.97,40.01,49.56,39.82,42.58,41.74,40.36,42.92
2022-04-18 11:00:00,42.24,50.98,42.31,41.42,29.26,43.32,33.54,44.1,43.3,53.08,43.28,42.92,41.75,44.17,44.07
2022-04-18 12:00:00,45.33,56.06,45.65,43.63,28.7,48.33,34.59,49.29,48.06,60.43,48.13,45.4,43.92,49.25,47.7
2022-04-18 13:00:00,45.06,61.4,46.04,41.83,24.58,49.78,31.14,50.77,50.41,65.91,49.34,43.91,42.09,51.34,47.06
2022-04-18 14:00:00,50.95,69.0,52.03,47.55,28.39,55.48,36.09,57.84,55.98,73.91,55.87,49.77,47.72,56.89,54.03
2022-04-18 15:00:00,53.9,79.75,55.65,49.75,27.74,56.5,36.62,59.9,59.3,85.31,57.53,52.62,50.46,58.1,58.22
2022-04-18 16:00:00,52.07,78.31,53.58,47.84,21.19,56.11,32.07,61.4,61.47,83.87,59.5,51.19,48.44,57.79,58.49
2022-04-18 17:00:00,44.88,72.12,46.02,40.97,6.57,49.2,21.8,55.49,54.87,77.68,54.29,44.83,41.51,50.83,53.18
2022-04-18 18:00:00,53.5,79.57,54.4,49.19,7.87,60.96,27.89,66.81,63.92,83.56,66.42,53.41,49.52,61.22,63.1
2022-04-18 19:00:00,97.58,104.38,95.68,100.23,50.71,94.82,83.29,99.61,98.34,106.54,98.7,104.83,101.96,91.67,121.68
2022-04-18 20:00:00,106.83,110.5,105.79,108.1,58.54,106.11,98.45,108.83,108.65,111.85,108.36,111.28,109.11,104.29,141.53
2022-04-18 21:00:00,54.71,67.45,55.37,52.69,3.49,56.92,44.41,58.5,57.56,69.41,58.01,53.85,52.45,56.61,63.2
2022-04-18 22:00:00,49.41,53.31,48.13,50.04,-0.8,52.17,37.0,51.63,51.51,54.08,51.37,50.34,50.1,53.57,46.5
2022-04-18 23:00:00,36.76,44.07,36.14,35.73,-8.7,42.24,22.53,42.04,41.77,44.76,41.42,35.73,35.33,43.05,30.43
2022-04-19 00:00:00,45.56,50.07,42.18,48.45,0.27,49.41,20.8,49.2,49.55,50.69,48.65,48.87,48.92,49.41,26.23
2022-04-19 01:00:00,33.43,37.76,29.97,36.49,-1.23,37.09,8.53,36.94,37.2,38.19,36.32,36.95,37.04,36.99,14.09
2022-04-19 02:00:00,26.99,30.93,23.89,29.76,-4.95,30.06,4.83,29.94,30.14,31.39,29.38,30.29,30.33,29.99,10.39
2022-04-19 03:00:00,28.83,32.47,26.01,31.37,-2.91,31.61,8.6,31.5,31.68,32.93,30.91,31.92,31.89,31.55,13.07
2022-04-19 04:00:00,39.66,41.98,38.12,41.0,6.24,41.25,28.27,41.14,41.31,42.28,40.74,41.59,41.32,41.26,32.61
2022-04-19 05:00:00,54.19,54.97,53.63,54.74,18.23,54.53,50.27,54.43,54.51,55.17,54.16,55.53,55.05,54.61,54.92
2022-04-19 06:00:00,72.82,74.95,71.12,75.0,35.01,71.92,62.6,72.49,72.12,75.65,72.26,78.15,76.24,72.04,83.98
2022-04-19 07:00:00,68.84,75.88,67.25,71.92,32.81,62.8,58.4,68.0,64.62,76.95,67.34,75.13,73.16,61.43,80.13
2022-04-19 08:00:00,40.25,68.96,39.91,40.0,-0.6,36.9,13.77,38.21,37.7,70.03,38.11,43.6,41.8,37.46,37.55
2022-04-19 09:00:00,30.68,48.6,27.9,33.32,-9.37,29.93,-0.28,32.21,31.33,49.61,31.66,34.81,34.35,30.15,10.13
2022-04-19 10:00:00,32.43,60.71,30.76,33.27,-12.31,31.35,-2.3,33.76,33.31,61.78,33.38,33.95,34.16,31.51,3.48
2022-04-19 11:00:00,32.4,63.71,30.46,33.0,-15.94,32.91,-7.79,34.97,35.0,64.55,34.44,34.13,34.11,32.41,0.52
2022-04-19 12:00:00,35.35,66.5,32.9,36.5,-15.5,36.17,-7.58,39.12,39.11,67.86,38.21,37.27,37.7,35.67,-0.93
2022-04-19 13:00:00,40.48,70.15,36.85,43.41,-13.02,40.26,-6.43,44.0,43.73,71.73,43.14,43.95,45.23,40.49,0.46
2022-04-19 14:00:00,42.7,75.03,39.67,44.59,-11.31,43.14,-4.08,46.96,47.56,77.37,45.93,45.3,46.26,43.38,3.48
2022-04-19 15:00:00,44.24,77.16,41.24,46.12,-10.5,44.47,-2.79,49.3,50.02,79.75,47.81,47.19,47.88,44.21,6.79
2022-04-19 16:00:00,42.65,76.22,39.61,44.59,-14.35,42.66,-5.04,48.58,49.31,79.02,47.18,46.97,45.93,41.77,9.71
2022-04-19 17:00:00,43.98,90.0,43.09,42.38,-14.42,45.0,-5.0,50.03,55.47,91.61,48.16,45.77,44.5,43.44,19.2
2022-04-19 18:00:00,46.91,79.68,42.91,50.16,-14.49,46.58,-4.77,52.98,55.68,81.26,52.06,54.41,52.81,44.03,25.65
2022-04-19 19:00:00,56.02,81.27,49.13,62.8,-15.18,57.16,-4.7,64.37,65.18,82.34,63.64,66.76,65.28,52.94,25.22
2022-04-19 20:00:00,60.48,86.14,53.65,67.18,-13.61,61.56,-0.29,67.61,68.56,86.36,66.96,72.18,70.14,57.93,43.71
2022-04-19 21:00:00,49.95,78.17,45.81,52.89,-10.05,52.47,-0.29,56.6,58.83,78.33,56.04,55.23,54.45,49.27,25.31
2022-04-19 22:00:00,51.48,63.91,47.46,55.69,-0.83,51.64,18.61,56.44,56.55,64.11,55.88,56.41,56.67,47.9,26.61
2022-04-19 23:00:00,34.76,47.88,30.62,39.46,-7.41,33.51,1.62,38.58,39.08,48.23,37.94,39.86,41.15,29.56,8.63
2022-04-20 00:00:00,29.93,37.32,26.06,35.0,-12.38,26.91,5.0,31.85,31.98,37.77,31.06,35.19,36.98,23.46,10.56
2022-04-20 01:00:00,22.48,28.6,18.79,27.42,-15.97,19.44,-0.28,23.87,24.11,28.93,23.13,27.5,29.48,16.47,5.28
2022-04-20 02:00:00,19.7,25.54,16.46,24.09,-16.14,16.67,-0.46,20.95,21.31,25.86,20.21,24.17,25.88,13.79,4.45
2022-04-20 03:00:00,18.6,24.28,15.64,22.6,-13.03,15.95,-0.29,20.14,20.51,24.87,19.39,22.72,23.97,13.31,3.98
2022-04-20 04:00:00,19.64,25.67,16.55,23.75,-11.07,17.06,-0.29,21.18,21.56,25.99,20.44,24.01,25.25,14.29,5.03
2022-04-20 05:00:00,23.23,29.26,19.51,28.0,-9.52,21.04,-0.28,25.6,25.99,29.54,24.83,28.29,29.43,17.66,5.21
2022-04-20 06:00:00,36.5,56.64,33.78,39.79,-4.93,32.43,6.27,38.03,37.71,56.83,37.21,40.6,41.54,29.41,15.56
2022-04-20 07:00:00,40.61,52.53,35.99,46.94,-2.9,35.37,9.1,41.6,40.66,53.41,40.61,48.03,49.5,33.42,21.38
2022-04-20 08:00:00,37.8,57.59,33.9,42.7,-6.36,33.11,2.21,41.76,38.55,60.15,43.14,44.14,45.88,32.4,18.3
2022-04-20 09:00:00,39.2,64.33,35.95,42.38,-3.97,37.1,0.01,44.08,42.31,65.4,45.26,43.5,44.82,35.31,10.3
2022-04-20 10:00:00,42.38,70.65,39.67,44.44,-0.95,41.45,2.15,50.23,46.8,71.12,51.37,45.94,47.96,40.68,15.16
2022-04-20 11:00:00,46.76,78.85,45.41,46.81,6.83,46.36,9.63,57.08,52.23,79.14,58.8,49.29,50.49,46.16,26.3
2022-04-20 12:00:00,56.02,72.44,55.19,57.74,37.77,49.89,40.69,60.22,56.57,75.32,60.79,60.69,59.14,49.86,56.39
2022-04-20 13:00:00,60.23,84.38,61.51,60.0,50.17,49.72,51.95,60.91,56.65,87.17,58.69,61.93,60.81,49.84,61.5
2022-04-20 14:00:00,61.19,86.04,62.74,61.02,52.2,49.06,54.83,61.51,56.9,89.59,58.43,62.75,61.79,49.89,66.47
2022-04-20 15:00:00,78.58,108.99,80.78,77.58,67.55,65.46,71.08,77.94,74.45,112.55,75.46,79.6,78.52,65.4,86.08
2022-04-20 16:00:00,88.39,117.26,89.92,88.68,76.26,73.61,80.13,88.47,83.59,121.69,85.03,91.06,89.68,73.69,96.84
2022-04-20 17:00:00,84.2,107.57,85.07,85.15,71.89,71.16,76.38,86.34,81.64,111.81,82.64,87.7,86.28,70.22,95.49
2022-04-20 18:00:00,92.55,106.89,91.97,95.75,80.94,79.59,85.66,94.26,91.63,110.45,92.27,98.22,96.92,77.7,105.66
2022-04-20 19:00:00,196.63,207.71,196.7,199.5,191.75,182.5,197.11,198.06,199.88,211.04,198.18,201.0,200.09,173.18,245.11
2022-04-20 20:00:00,156.91,164.71,157.75,158.05,153.27,146.52,161.72,161.09,163.24,166.54,161.1,158.79,158.2,136.3,223.72
2022-04-20 21:00:00,62.27,70.05,62.93,61.7,58.97,59.8,60.16,64.89,67.11,70.69,65.15,62.01,61.66,54.22,110.16
2022-04-20 22:00:00,57.46,62.78,57.91,57.34,52.73,54.67,56.85,58.33,59.32,63.1,58.52,57.68,57.41,50.73,72.55
2022-04-20 23:00:00,46.64,53.77,47.12,45.5,37.62,47.54,41.65,52.48,51.4,54.45,53.9,45.86,45.39,45.05,50.08
2022-04-21 00:00:00,46.17,59.86,42.46,49.84,9.96,46.59,13.53,47.6,47.43,61.28,46.65,50.45,50.6,46.76,16.96
2022-04-21 01:00:00,35.94,49.98,32.15,39.69,-1.2,36.44,2.48,37.84,37.85,50.91,36.79,40.45,40.45,35.71,6.48
2022-04-21 02:00:00,35.3,46.53,31.78,39.06,3.77,35.0,6.53,36.76,36.65,47.53,35.81,39.7,39.75,34.56,9.71
2022-04-21 03:00:00,31.53,44.0,28.93,34.17,4.21,31.04,6.5,32.46,32.55,44.8,31.6,34.69,34.77,30.35,9.45
2022-04-21 04:00:00,34.5,45.07,32.12,37.14,11.1,33.27,13.01,34.57,34.6,45.74,33.75,38.16,37.78,32.47,16.96
2022-04-21 05:00:00,41.55,54.29,39.96,43.16,20.12,40.13,22.24,41.3,41.23,54.76,40.56,43.81,43.68,39.63,24.95
2022-04-21 06:00:00,57.71,67.7,57.28,58.53,44.5,54.46,48.42,55.8,55.25,68.99,55.48,59.91,58.88,54.99,54.36
2022-04-21 07:00:00,64.36,76.69,64.42,64.36,52.16,61.38,55.25,61.95,61.56,77.51,61.62,65.66,64.78,62.38,60.81
2022-04-21 08:00:00,51.8,66.2,49.84,54.2,29.37,48.63,30.32,49.97,49.5,67.57,49.27,54.9,55.38,48.8,34.48
2022-04-21 09:00:00,44.21,61.67,41.08,47.89,13.74,40.94,13.83,43.2,42.67,63.44,42.39,48.95,49.12,40.72,18.15
2022-04-21 10:00:00,46.0,63.13,42.75,50.7,17.97,39.37,17.81,43.95,43.33,65.41,43.03,52.38,52.23,39.15,24.2
2022-04-21 11:00:00,55.69,79.23,54.18,58.44,32.24,46.88,32.18,51.9,50.7,82.24,50.88,60.16,60.02,48.57,38.91
2022-04-21 12:00:00,59.42,86.68,59.61,61.18,44.3,45.71,44.89,54.15,51.62,92.68,52.24,62.68,62.81,45.51,51.97
2022-04-21 13:00:00,64.59,105.24,66.55,63.52,45.37,50.66,46.8,60.85,57.31,111.87,58.49,65.28,65.23,54.41,55.89
2022-04-21 14:00:00,64.33,118.81,67.92,60.28,37.45,51.55,41.05,65.52,62.07,125.81,59.74,62.89,62.44,54.35,55.68
2022-04-21 15:00:00,72.38,139.43,75.37,67.92,19.53,61.38,32.77,79.49,75.73,146.43,70.85,70.92,71.67,62.95,51.5
2022-04-21 16:00:00,76.11,140.59,75.16,76.73,0.13,64.72,18.6,83.7,83.88,150.59,80.18,80.73,82.75,66.18,40.73
2022-04-21 17:00:00,69.57,124.64,66.54,72.64,-8.94,60.3,8.58,79.64,76.8,129.65,80.98,75.87,76.81,61.57,30.4
2022-04-21 18:00:00,64.42,106.89,58.93,70.28,-16.8,58.85,-0.28,72.62,73.72,109.49,72.69,74.16,74.99,58.53,20.98
2022-04-21 19:00:00,78.66,108.2,71.99,87.38,-2.98,70.09,22.3,81.14,81.15,113.46,80.96,91.38,91.99,68.07,55.54
2022-04-21 20:00:00,74.07,96.59,68.77,80.74,5.9,68.35,29.41,76.87,76.04,98.59,76.27,82.78,83.73,65.83,61.43
2022-04-21 21:00:00,52.48,72.66,46.1,59.51,-14.78,51.02,1.22,53.83,55.69,73.16,53.24,61.96,61.94,50.8,27.99
2022-04-21 22:00:00,50.1,70.46,45.82,55.0,-8.49,47.04,10.76,49.28,48.58,71.06,48.62,56.5,56.82,46.91,22.27
2022-04-21 23:00:00,43.18,61.12,39.02,47.37,-12.05,42.98,4.61,44.97,45.43,61.7,44.5,48.78,48.66,41.27,13.05
2022-04-22 00:00:00,52.19,79.1,48.65,55.69,-7.81,49.75,10.05,52.37,52.3,81.12,51.42,56.09,56.98,49.05,14.4
2022-04-22 01:00:00,39.04,55.49,34.94,43.49,-13.53,37.79,3.0,40.03,40.17,55.76,39.11,43.47,45.24,36.69,6.99
2022-04-22 02:00:00,31.6,46.56,27.91,35.89,-15.8,29.33,-0.15,31.53,31.45,46.88,30.47,35.96,37.69,28.47,4.34
2022-04-22 03:00:00,28.37,43.84,25.32,31.91,-15.8,25.82,-0.29,27.63,27.49,44.31,26.57,32.29,33.63,25.28,5.28
2022-04-22 04:00:00,29.63,45.68,26.54,33.02,-14.77,27.75,-0.29,29.33,29.5,45.74,28.43,33.21,34.76,26.84,5.19
2022-04-22 05:00:00,32.84,47.88,29.17,36.96,-13.75,31.06,0.78,33.07,33.24,47.86,32.05,37.65,38.69,29.62,7.78
2022-04-22 06:00:00,41.77,73.0,39.05,44.0,-14.71,39.5,-0.29,41.54,41.24,72.01,40.82,45.5,45.88,39.53,12.0
2022-04-22 07:00:00,42.18,74.03,39.49,43.98,-17.82,41.41,-1.47,43.25,43.59,71.54,42.58,44.85,45.63,40.93,6.77
2022-04-22 08:00:00,39.72,82.95,39.0,39.01,-16.54,36.89,-2.84,39.05,40.01,79.73,38.66,39.82,40.94,36.39,4.91
2022-04-22 09:00:00,40.51,90.89,40.0,39.5,-19.49,36.54,-6.91,40.42,41.42,88.83,39.52,40.97,41.79,34.79,3.72
2022-04-22 10:00:00,44.38,98.12,43.5,44.08,-16.35,38.56,-6.75,44.01,45.58,98.24,42.54,45.58,46.75,38.28,2.02
2022-04-22 11:00:00,41.34,89.82,40.47,40.82,-18.66,37.48,-6.24,44.01,46.41,90.02,41.91,42.32,43.1,37.91,1.79
2022-04-22 12:00:00,43.98,94.77,43.3,43.27,-16.27,39.43,-4.27,43.99,46.29,95.78,43.55,45.52,45.29,39.47,3.77
2022-04-22 13:00:00,45.7,100.01,45.7,43.89,-16.91,41.48,-2.59,46.08,50.71,105.57,45.8,46.4,46.04,43.48,5.01
2022-04-22 14:00:00,53.99,132.83,56.51,48.41,-18.88,47.42,-2.62,52.34,59.87,138.39,52.35,51.22,50.89,49.93,7.79
2022-04-22 15:00:00,59.19,138.95,60.47,55.32,-18.73,51.51,-3.88,58.45,63.5,144.52,58.75,58.6,58.25,55.31,7.65
2022-04-22 16:00:00,64.46,142.8,64.11,62.8,-16.51,56.15,-5.29,63.41,68.89,143.72,63.52,66.17,67.11,60.53,9.46
2022-04-22 17:00:00,50.86,100.01,48.71,52.41,-12.52,44.7,-2.28,52.14,62.21,100.01,51.5,57.97,55.42,49.35,14.39
2022-04-22 18:00:00,44.83,78.34,42.08,46.74,-12.28,43.52,-0.28,51.83,59.2,78.35,50.94,52.3,47.39,44.88,5.28
2022-04-22 19:00:00,52.54,83.1,50.36,53.82,-6.35,51.58,12.92,60.28,63.86,83.1,59.28,59.39,54.27,50.0,20.89
2022-04-22 20:00:00,58.98,89.19,60.31,57.0,28.15,53.96,41.08,59.26,64.2,85.64,59.14,58.8,57.68,50.69,54.45
2022-04-22 21:00:00,51.87,69.71,51.71,53.0,20.01,44.31,39.81,49.92,52.03,70.55,49.46,54.5,53.7,41.19,47.32
2022-04-22 22:00:00,56.04,69.28,56.44,57.11,37.01,47.13,52.25,52.2,52.75,69.11,51.71,58.26,58.05,43.06,57.25
2022-04-22 23:00:00,47.25,59.19,47.77,48.16,33.18,38.68,45.04,44.26,44.27,59.39,44.0,49.05,48.81,36.38,50.0
2022-04-23 00:00:00,48.22,57.05,47.8,50.62,30.91,38.88,44.68,44.66,44.61,57.62,43.8,52.1,51.45,36.63,47.59
2022-04-23 01:00:00,44.13,54.07,43.68,46.51,22.08,34.79,39.35,40.59,39.97,54.51,39.5,47.57,47.47,33.23,41.86
2022-04-23 02:00:00,35.93,45.87,35.1,38.3,10.12,28.48,27.74,33.89,33.46,46.24,32.77,39.0,39.14,26.84,30.24
2022-04-23 03:00:00,24.26,35.04,21.96,27.84,-6.21,18.89,6.06,24.06,23.22,35.84,22.75,28.53,28.58,18.1,8.32
2022-04-23 04:00:00,25.07,36.39,22.71,28.48,-9.09,20.55,5.42,24.98,24.59,36.48,23.69,29.06,29.38,19.71,7.22
2022-04-23 05:00:00,23.95,35.88,21.54,27.54,-7.16,18.83,3.9,23.06,22.96,35.89,21.79,28.26,28.63,17.44,5.4
2022-04-23 06:00:00,37.48,51.02,33.97,43.0,5.91,29.71,12.15,36.57,34.39,52.21,35.18,43.75,44.2,30.17,13.71
2022-04-23 07:00:00,38.01,52.46,34.13,44.0,7.34,30.01,10.05,37.61,34.58,54.17,36.29,44.64,45.04,31.47,11.42
2022-04-23 08:00:00,35.76,57.56,32.92,39.78,3.32,29.01,5.33,35.56,33.77,58.13,34.63,40.36,40.74,29.14,6.07
2022-04-23 09:00:00,37.97,64.91,35.33,41.54,1.92,30.96,3.89,36.93,35.61,65.48,36.02,42.19,42.65,29.89,4.54
2022-04-23 10:00:00,42.72,69.02,39.75,46.53,4.31,36.4,7.05,42.03,40.84,69.55,41.06,47.36,47.68,36.08,7.8
2022-04-23 11:00:00,43.08,75.16,40.65,45.75,-5.36,37.3,4.41,42.9,41.58,74.76,42.28,46.75,46.83,38.38,6.14
2022-04-23 12:00:00,45.28,77.52,43.19,47.53,-6.49,39.49,8.22,45.26,44.66,77.51,44.79,48.72,48.61,42.86,10.46
2022-04-23 13:00:00,49.36,91.38,48.64,49.51,-6.3,43.28,10.38,49.03,49.56,90.65,48.71,50.84,50.52,47.4,12.81
2022-04-23 14:00:00,49.57,107.62,51.6,45.39,-8.83,44.04,9.38,48.96,54.72,104.52,49.73,47.41,46.45,50.36,14.94
2022-04-23 15:00:00,51.74,107.78,52.87,49.28,-7.05,44.21,10.22,49.31,55.45,104.94,49.15,52.49,50.61,51.95,19.27
2022-04-23 16:00:00,47.48,99.1,48.19,46.06,-7.24,38.71,8.91,43.9,49.32,97.02,43.51,49.78,47.42,46.84,19.2
2022-04-23 17:00:00,46.57,65.0,42.39,52.67,-6.31,38.65,13.22,47.01,45.97,69.2,45.73,58.23,53.57,43.63,23.13
2022-04-23 18:00:00,46.19,62.12,42.88,50.01,-2.46,43.65,15.74,52.33,49.86,65.1,50.97,56.99,50.47,44.16,21.3
2022-04-23 19:00:00,68.11,74.84,67.45,70.94,22.04,58.53,65.48,66.98,66.54,76.74,66.86,72.28,71.27,56.07,71.03
2022-04-23 20:00:00,87.73,95.16,88.39,89.12,53.29,77.49,91.8,86.28,86.25,97.44,86.23,89.87,89.26,74.29,106.12
2022-04-23 21:00:00,71.87,78.19,72.48,72.83,43.5,63.89,75.0,70.84,70.97,80.18,70.57,73.41,72.85,61.72,84.84
2022-04-23 22:00:00,52.87,58.88,53.55,53.54,31.75,45.8,55.98,51.76,51.97,60.91,51.44,53.84,53.56,43.95,63.42
2022-04-23 23:00:00,45.96,51.11,46.68,46.46,27.68,39.47,49.67,45.27,45.59,52.86,44.96,46.69,46.46,36.73,57.69
2022-04-24 00:00:00,50.38,57.16,50.54,52.3,45.71,40.51,52.18,49.33,48.78,59.14,49.13,52.75,52.42,38.79,57.01
2022-04-24 01:00:00,45.78,51.33,45.96,47.55,41.84,36.66,48.31,45.55,45.14,52.88,45.41,47.84,47.61,34.83,53.11
2022-04-24 02:00:00,40.7,45.71,40.94,42.35,37.37,31.87,43.85,40.82,39.82,46.78,40.59,42.49,42.39,29.32,48.47
2022-04-24 03:00:00,38.32,42.97,38.58,39.9,35.17,29.8,41.64,38.89,37.57,43.74,38.73,39.92,39.86,27.29,45.88
2022-04-24 04:00:00,38.34,43.2,38.69,39.75,32.58,30.01,41.82,38.85,38.2,44.3,38.78,39.75,39.71,27.88,47.22
2022-04-24 05:00:00,42.15,46.91,42.41,43.73,30.55,33.56,45.44,42.7,41.74,47.85,42.6,43.74,43.7,30.88,49.98
2022-04-24 06:00:00,44.75,52.53,45.05,46.95,39.78,32.84,47.88,45.01,42.39,54.0,44.78,46.93,46.89,31.55,51.55
2022-04-24 07:00:00,43.65,49.81,43.79,45.87,38.79,32.83,46.64,44.15,42.28,50.92,43.99,45.91,45.86,31.31,50.08
2022-04-24 08:00:00,42.51,48.75,42.56,44.64,37.3,32.38,44.48,42.45,41.51,50.33,42.38,44.73,44.7,31.33,45.36
2022-04-24 09:00:00,41.18,50.37,41.44,42.94,28.7,30.99,41.47,39.23,37.91,52.96,39.05,43.14,43.04,28.62,41.68
2022-04-24 10:00:00,44.96,55.48,45.19,47.1,25.59,33.06,45.11,43.49,39.2,58.05,43.13,47.3,47.17,33.31,45.11
2022-04-24 11:00:00,56.86,67.58,57.04,59.29,51.24,43.99,57.29,55.31,51.59,70.02,54.95,59.46,59.35,48.45,57.7
2022-04-24 12:00:00,53.62,66.36,54.04,55.35,50.69,41.91,52.55,51.12,47.78,69.22,50.76,55.65,55.39,46.28,53.95
2022-04-24 13:00:00,56.86,70.43,57.34,58.62,54.16,44.53,55.76,54.02,50.55,73.79,53.67,58.92,58.67,46.0,57.08
2022-04-24 14:00:00,68.05,83.01,68.56,70.0,65.83,54.59,66.65,64.79,60.29,86.67,64.39,70.29,70.01,56.07,68.54
2022-04-24 15:00:00,67.92,83.34,68.43,70.0,66.27,53.77,66.6,64.96,61.7,87.35,64.7,70.37,70.05,55.66,68.66
2022-04-24 16:00:00,71.98,86.5,72.46,73.99,71.35,58.55,70.8,69.52,66.38,90.16,69.37,74.19,74.0,58.37,74.27
2022-04-24 17:00:00,70.21,83.52,70.58,72.34,69.95,56.99,69.47,68.46,65.54,87.36,68.7,72.56,72.36,56.15,73.02
2022-04-24 18:00:00,67.72,75.65,67.81,70.0,69.02,56.56,69.04,67.67,65.57,77.42,67.77,70.05,69.98,52.3,72.06
2022-04-24 19:00:00,111.93,120.89,112.27,114.52,111.95,97.99,115.68,112.43,110.12,122.42,112.44,114.47,114.46,91.14,129.27
2022-04-24 20:00:00,103.35,110.02,104.05,105.01,101.95,91.83,109.34,104.25,103.41,111.27,104.52,104.97,104.91,85.06,129.4
2022-04-24 21:00:00,62.75,70.99,63.72,63.34,54.78,53.94,66.62,61.77,62.0,73.61,61.95,63.31,63.27,50.0,82.62
2022-04-24 22:00:00,53.61,60.43,54.33,54.35,29.83,45.74,56.79,53.06,52.95,62.5,53.1,54.3,54.28,43.77,64.2
2022-04-24 23:00:00,49.42,56.23,50.04,50.37,23.95,41.19,52.38,48.89,48.32,58.37,49.0,50.32,50.3,40.41,57.36
2022-04-25 00:00:00,44.6,49.83,44.83,45.79,42.13,37.64,46.08,44.37,44.61,51.6,44.33,45.79,45.77,35.26,48.18
2022-04-25 01:00:00,39.82,43.81,40.02,40.95,38.64,33.57,41.74,40.01,40.32,45.1,39.97,40.95,40.92,30.73,43.62
2022-04-25 02:00:00,38.07,41.64,38.24,39.26,36.89,31.7,40.34,38.35,38.9,42.84,38.58,39.28,39.26,28.2,42.49
2022-04-25 03:00:00,38.44,43.13,38.73,39.49,38.13,31.87,40.45,38.18,38.65,44.89,38.4,39.5,39.48,28.42,42.56
2022-04-25 04:00:00,40.12,43.69,40.35,40.88,38.84,35.28,41.55,40.05,40.26,44.93,40.17,40.89,40.86,32.91,43.96
2022-04-25 05:00:00,47.04,51.43,47.47,47.41,43.48,42.58,48.47,46.47,46.1,52.9,46.5,47.41,47.36,41.22,51.79
2022-04-25 06:00:00,54.05,57.44,54.4,54.0,46.88,51.72,54.44,53.27,52.9,58.59,53.3,54.09,53.96,52.68,58.85
2022-04-25 07:00:00,56.7,79.28,58.37,57.0,46.98,42.48,54.72,53.58,42.56,80.06,51.92,57.5,56.78,41.88,60.28
2022-04-25 08:00:00,39.36,55.0,40.59,38.34,24.36,34.04,34.98,38.94,34.79,56.54,36.21,38.72,38.36,36.62,38.5
2022-04-25 09:00:00,37.46,62.32,36.36,38.59,8.65,32.84,11.7,41.95,35.11,63.6,37.19,38.68,39.11,36.86,14.94
2022-04-25 10:00:00,44.98,75.61,44.42,45.2,14.01,40.17,16.71,55.14,42.36,76.46,45.17,45.3,45.68,44.33,17.69
2022-04-25 11:00:00,47.99,100.01,49.96,44.0,10.03,43.21,12.64,47.59,47.12,98.34,47.26,44.06,44.69,47.15,13.92
2022-04-25 12:00:00,48.96,95.88,50.39,45.64,13.96,45.28,14.76,51.53,50.64,96.69,51.97,45.3,45.71,50.41,15.36
2022-04-25 13:00:00,53.56,109.99,57.34,46.24,20.12,52.36,20.77,59.2,56.73,110.56,56.21,46.09,46.3,57.09,21.25
2022-04-25 14:00:00,53.55,123.42,60.0,42.82,23.09,50.14,23.64,54.26,56.82,125.39,54.37,42.92,42.72,54.38,23.68
2022-04-25 15:00:00,57.58,128.95,65.17,46.06,34.01,51.47,34.21,54.39,62.64,131.42,55.31,46.05,45.88,56.95,34.02
2022-04-25 16:00:00,57.7,121.93,65.06,46.56,39.68,52.74,39.0,58.78,61.84,122.4,57.35,46.69,46.23,57.28,39.75
2022-04-25 17:00:00,51.6,92.65,56.46,44.61,41.43,47.15,41.45,51.0,52.5,93.03,50.24,47.09,44.33,49.9,41.81
2022-04-25 18:00:00,46.89,68.9,49.39,43.83,42.66,42.34,42.47,44.79,47.9,69.13,44.71,44.55,43.76,43.82,43.69
2022-04-25 19:00:00,60.89,82.3,63.62,57.29,57.15,57.47,57.42,57.87,58.25,82.3,57.95,57.32,57.28,57.94,62.98
2022-04-25 20:00:00,110.56,122.92,112.24,108.41,107.68,108.39,109.23,108.71,108.65,122.46,108.76,108.43,108.39,108.68,128.68
2022-04-25 21:00:00,62.25,75.15,64.01,59.85,57.85,60.54,60.5,61.37,60.76,75.93,61.2,61.11,59.72,61.15,76.6
2022-04-25 22:00:00,56.77,68.7,58.63,54.44,51.4,54.46,56.91,54.56,54.38,69.44,54.55,54.43,54.39,56.83,65.7
2022-04-25 23:00:00,44.07,48.77,45.02,42.93,39.6,42.9,45.49,43.01,42.87,49.58,42.98,42.92,42.88,44.73,52.89
2022-04-26 00:00:00,46.1,49.68,47.0,45.43,44.98,43.59,49.29,44.45,44.13,50.95,44.17,45.41,45.43,43.97,57.24
2022-04-26 01:00:00,43.57,45.87,44.36,42.9,42.15,41.79,46.9,42.34,42.18,46.75,42.08,42.89,42.9,42.1,55.68
2022-04-26 02:00:00,42.45,43.35,42.94,42.03,41.88,41.56,44.81,41.87,41.83,43.7,41.69,42.03,42.03,41.79,50.75
2022-04-26 03:00:00,43.63,44.54,44.16,43.15,42.98,42.72,46.24,43.01,42.98,44.94,42.79,43.15,43.15,42.94,52.62
2022-04-26 04:00:00,52.15,52.89,52.77,51.54,51.38,51.27,55.39,51.5,51.52,53.26,51.33,51.55,51.55,51.56,62.29
2022-04-26 05:00:00,58.07,59.93,58.85,57.44,57.16,56.33,61.7,56.9,56.72,60.67,56.77,57.43,57.45,56.69,71.7
2022-04-26 06:00:00,89.61,100.0,91.76,87.14,86.81,86.71,93.17,86.92,86.79,100.41,86.83,87.14,87.15,86.82,107.14
2022-04-26 07:00:00,70.6,74.98,71.44,69.86,68.89,68.5,72.43,69.02,68.68,76.18,68.92,69.86,69.88,68.72,82.43
2022-04-26 08:00:00,51.45,56.54,52.05,51.05,50.65,49.09,51.5,49.74,49.18,57.74,49.63,51.15,51.16,49.55,56.5
2022-04-26 09:00:00,46.43,50.51,46.85,46.13,45.71,44.72,46.05,45.97,44.78,51.41,45.16,46.14,46.13,45.04,47.19
2022-04-26 10:00:00,42.8,47.59,43.28,42.44,41.65,40.9,42.19,42.96,41.0,48.58,41.58,42.46,42.45,41.79,42.35
2022-04-26 11:00:00,44.45,54.07,45.54,43.28,42.36,41.74,43.07,43.67,41.92,54.84,42.47,43.3,43.29,43.08,43.17
2022-04-26 12:00:00,44.04,52.31,44.94,43.17,41.79,41.37,42.89,43.62,41.54,53.35,42.37,43.17,43.18,43.06,42.99
2022-04-26 13:00:00,48.8,65.21,50.87,46.09,44.34,46.08,46.09,47.81,46.21,65.25,46.44,46.11,46.09,47.91,46.22
2022-04-26 14:00:00,47.66,67.4,50.26,44.0,41.3,45.44,44.19,46.42,46.46,67.36,45.33,44.03,44.0,46.54,44.38
2022-04-26 15:00:00,50.11,71.24,52.9,46.19,38.52,47.77,46.4,48.18,48.86,71.24,47.67,46.22,46.17,48.89,46.73
2022-04-26 16:00:00,53.05,74.1,55.86,49.1,20.97,51.03,49.19,52.17,51.78,74.1,51.26,49.36,49.04,52.29,50.19
2022-04-26 17:00:00,47.08,64.37,49.43,43.53,4.6,46.43,43.37,48.47,46.88,64.37,46.8,44.44,43.44,47.57,44.96
2022-04-26 18:00:00,48.55,62.4,50.6,45.55,4.25,47.87,46.58,48.32,48.95,61.72,48.01,45.76,45.48,48.51,49.86
2022-04-26 19:00:00,75.93,94.85,79.99,69.85,23.42,76.99,78.26,76.85,77.9,93.39,76.7,70.53,69.35,77.61,94.05
2022-04-26 20:00:00,87.99,104.89,93.12,80.67,29.13,89.33,97.59,92.44,90.13,102.85,89.14,80.67,80.04,90.01,132.19
2022-04-26 21:00:00,57.81,62.41,60.1,54.77,-2.2,58.05,65.18,58.54,58.51,62.8,58.26,54.65,54.31,58.48,87.58
2022-04-26 22:00:00,45.73,49.57,47.64,43.28,-9.29,45.6,52.11,45.59,46.07,50.26,45.77,43.18,42.91,46.31,71.91
2022-04-26 23:00:00,45.23,46.77,46.62,43.31,-11.43,45.96,50.44,45.66,46.19,47.07,45.86,43.24,43.0,46.85,66.26
2022-04-27 00:00:00,40.81,43.26,42.34,38.73,-8.45,41.39,45.98,40.79,41.3,43.55,41.09,38.68,38.52,42.91,63.54
2022-04-27 01:00:00,40.1,41.48,41.38,38.38,-8.53,40.71,44.93,40.27,40.62,41.67,40.5,38.32,38.16,41.96,60.93
2022-04-27 02:00:00,37.42,38.06,38.46,36.06,-7.66,37.81,41.92,37.52,37.78,38.2,37.72,36.0,35.86,38.86,56.49
2022-04-27 03:00:00,38.03,38.53,39.16,36.53,-6.3,38.55,43.04,38.37,38.72,38.71,38.6,36.46,36.29,39.14,58.33
2022-04-27 04:00:00,40.18,40.78,41.38,38.62,0.03,40.59,45.55,40.52,40.86,41.08,40.73,38.54,38.36,41.04,62.09
2022-04-27 05:00:00,46.44,47.57,47.65,44.97,14.49,46.33,51.74,46.33,46.54,48.12,46.49,44.9,44.76,46.79,68.28
2022-04-27 06:00:00,74.32,77.23,76.0,72.23,45.77,74.09,80.45,74.13,74.47,77.89,74.37,72.17,71.96,74.56,98.3
2022-04-27 07:00:00,68.71,72.57,69.83,67.39,44.85,67.83,71.54,67.85,68.14,73.05,68.09,67.41,67.27,68.4,81.75
2022-04-27 08:00:00,47.98,57.34,49.29,46.31,25.37,46.46,47.03,46.29,46.85,59.04,46.5,46.36,46.21,48.0,50.0
2022-04-27 09:00:00,48.22,59.65,49.4,46.25,12.73,48.11,43.59,50.02,52.06,61.54,46.5,46.38,46.19,49.68,43.61
2022-04-27 10:00:00,36.93,52.05,37.2,34.83,-5.29,40.96,20.96,40.77,48.66,53.52,36.47,35.05,34.79,44.4,20.93
2022-04-27 11:00:00,34.64,52.86,34.28,32.21,-5.86,42.4,9.65,42.6,53.11,54.65,36.06,32.09,32.12,45.79,9.14
2022-04-27 12:00:00,37.58,59.03,36.41,35.97,-7.12,45.29,5.34,47.28,53.11,60.41,41.15,36.1,36.2,48.32,4.29
2022-04-27 13:00:00,42.01,68.0,41.97,37.52,-6.26,54.85,7.52,59.21,65.56,69.31,46.51,37.56,37.64,60.48,5.26
2022-04-27 14:00:00,45.07,77.54,45.93,38.48,-7.49,60.83,6.87,68.04,78.48,79.8,49.78,38.47,38.62,65.4,5.31
2022-04-27 15:00:00,50.33,90.51,51.98,42.57,-4.91,65.32,9.53,67.96,79.34,93.62,57.16,43.15,42.66,71.32,7.92
2022-04-27 16:00:00,50.15,98.32,52.07,42.07,-6.14,63.44,4.45,66.42,69.84,100.61,60.48,45.47,42.13,68.57,3.89
2022-04-27 17:00:00,45.38,80.0,44.51,42.93,-8.87,52.15,2.96,56.27,56.67,80.42,50.44,43.43,43.43,53.82,3.44
2022-04-27 18:00:00,43.46,69.85,41.02,43.91,-10.9,47.81,2.52,51.0,53.08,70.15,47.42,44.19,44.5,48.81,3.59
2022-04-27 19:00:00,48.82,67.19,46.49,50.34,-5.73,49.93,18.49,54.75,54.86,67.5,50.36,50.7,50.88,49.69,24.53
2022-04-27 20:00:00,55.41,68.0,53.29,57.12,-4.59,55.95,32.08,60.63,58.92,68.41,56.67,57.7,57.61,55.8,45.77
2022-04-27 21:00:00,50.67,63.26,49.58,51.5,-9.33,49.74,33.83,52.77,51.0,64.14,50.0,52.09,51.95,49.66,44.13
2022-04-27 22:00:00,47.23,54.19,45.6,48.46,-5.2,48.42,31.34,48.93,48.68,55.52,47.97,48.58,48.74,49.72,46.19
2022-04-27 23:00:00,37.85,48.56,36.86,37.66,-8.83,41.04,20.19,41.77,41.16,49.5,40.72,37.6,37.88,41.83,31.43
2022-04-28 00:00:00,39.76,46.93,39.2,39.83,-6.05,40.55,29.51,40.28,41.29,47.43,39.72,39.94,40.06,42.39,50.93
2022-04-28 01:00:00,23.7,29.89,22.48,24.53,-16.02,24.94,10.57,24.89,25.25,30.57,24.23,24.58,24.76,26.79,29.67
2022-04-28 02:00:00,19.59,25.41,18.83,19.93,-16.27,20.62,9.37,20.41,20.87,25.98,19.79,20.02,20.12,22.43,27.89
2022-04-28 03:00:00,25.88,30.98,26.0,25.34,-9.63,26.31,21.39,25.92,26.6,31.38,25.43,25.52,25.48,28.14,40.91
2022-04-28 04:00:00,29.24,35.3,29.52,28.39,-6.08,29.92,24.48,29.37,30.5,35.75,28.92,28.47,28.5,31.97,44.96
2022-04-28 05:00:00,37.66,43.37,38.68,36.08,-0.57,37.71,37.55,37.26,38.18,43.81,36.93,36.21,36.14,39.87,58.57
2022-04-28 06:00:00,53.89,60.88,52.67,54.66,-1.85,55.21,39.92,55.15,55.61,61.13,54.68,54.81,54.92,55.52,58.42
2022-04-28 07:00:00,67.35,73.01,66.03,68.49,13.2,67.9,54.72,67.76,68.53,74.06,67.24,68.78,68.84,68.3,113.9
2022-04-28 08:00:00,38.67,50.45,35.57,41.89,-6.17,38.29,11.66,39.06,38.97,53.23,38.18,42.22,42.34,38.53,25.52
2022-04-28 09:00:00,35.53,51.91,31.77,39.31,-0.74,35.11,0.76,36.09,36.24,54.8,34.94,39.65,39.91,35.26,2.17
2022-04-28 10:00:00,49.63,66.73,45.75,54.16,15.18,46.68,15.42,49.13,47.84,69.76,47.46,55.22,55.05,47.68,16.27
2022-04-28 11:00:00,45.98,78.14,45.03,46.13,12.75,43.08,12.77,44.36,44.21,78.64,42.78,46.8,46.79,44.21,13.38
2022-04-28 12:00:00,48.94,80.0,48.74,47.81,21.07,47.77,19.36,51.73,50.34,81.88,50.14,48.52,48.19,51.19,19.6
2022-04-28 13:00:00,56.02,84.92,55.44,55.98,28.66,52.85,28.0,60.05,58.9,86.1,53.26,57.0,56.77,57.54,28.06
2022-04-28 14:00:00,51.69,109.12,54.21,48.16,17.89,41.29,18.27,63.52,50.41,110.63,45.76,50.51,49.2,46.89,19.45
2022-04-28 15:00:00,60.68,122.53,63.5,56.51,22.88,50.42,24.53,74.04,70.83,124.53,54.9,58.02,57.28,58.01,27.6
2022-04-28 16:00:00,67.7,121.33,68.66,65.76,25.74,59.32,28.25,79.51,77.83,125.33,67.7,71.94,66.56,66.73,34.46
2022-04-28 17:00:00,57.17,94.42,54.87,59.24,10.88,51.98,13.83,71.21,79.64,94.81,59.37,61.73,60.53,58.9,19.16
2022-04-28 18:00:00,51.83,79.99,47.79,55.69,5.01,49.84,5.64,64.81,78.33,81.03,60.03,61.9,57.48,54.5,19.26
2022-04-28 19:00:00,63.76,89.72,62.57,64.69,29.68,59.99,35.88,72.85,83.25,90.72,68.34,68.64,65.86,63.61,80.08
2022-04-28 20:00:00,64.62,88.21,66.05,62.01,30.96,62.6,51.38,73.73,80.3,88.04,69.68,65.04,62.59,65.51,142.73
2022-04-28 21:00:00,48.1,73.43,46.75,48.43,-0.44,47.7,17.44,53.57,61.86,74.56,52.24,50.53,49.08,49.68,78.29
2022-04-28 22:00:00,46.7,58.39,44.55,48.88,2.25,45.82,25.13,49.66,51.37,60.7,49.28,49.87,49.4,48.63,73.56
2022-04-28 23:00:00,48.54,57.91,46.94,51.13,4.11,43.84,34.88,47.94,48.18,60.45,47.51,52.01,51.87,42.24,73.89
2022-04-29 00:00:00,43.85,46.13,45.18,43.68,-4.06,36.97,53.95,40.19,40.86,47.47,41.18,44.95,44.29,36.58,95.87
2022-04-29 01:00:00,36.02,38.44,36.89,36.29,-5.53,29.84,43.0,32.79,33.43,39.69,33.52,37.39,36.85,28.74,80.6
2022-04-29 02:00:00,27.29,29.73,27.79,27.76,-8.09,22.21,31.45,24.87,25.46,30.86,25.35,28.62,28.28,21.44,62.69
2022-04-29 03:00:00,28.27,30.74,28.87,28.65,-6.95,23.03,33.05,25.64,26.14,31.92,26.07,29.52,29.14,22.3,63.64
2022-04-29 04:00:00,31.97,33.87,32.85,32.16,-5.58,26.25,39.11,29.05,29.74,34.93,29.31,33.19,32.65,25.54,71.26
2022-04-29 05:00:00,39.07,41.46,41.02,38.1,-2.45,32.44,52.07,36.05,36.81,42.87,36.3,38.91,38.42,31.46,92.87
2022-04-29 06:00:00,73.72,78.75,75.2,73.58,25.52,65.59,82.88,70.68,70.9,80.13,71.12,74.52,74.05,64.6,122.07
2022-04-29 07:00:00,53.02,58.74,52.89,54.62,14.71,45.9,52.31,50.67,49.99,60.64,50.64,55.68,55.01,45.53,78.75
2022-04-29 08:00:00,44.09,55.41,41.93,47.79,12.1,37.45,27.09,42.86,41.59,58.52,42.11,48.5,48.34,36.94,31.42
2022-04-29 09:00:00,36.83,52.93,32.6,42.87,1.22,30.0,4.59,37.24,34.49,57.08,35.23,43.77,43.68,30.06,6.58
2022-04-29 10:00:00,41.8,58.89,37.76,47.28,5.94,35.86,9.01,46.12,40.53,62.49,41.97,48.78,48.12,37.09,14.44
2022-04-29 11:00:00,52.55,83.87,50.41,55.19,9.91,45.62,16.97,59.39,51.61,87.09,52.61,57.1,56.11,47.41,23.29
2022-04-29 12:00:00,48.48,84.11,48.99,47.87,13.82,40.73,23.23,55.23,46.38,86.9,47.23,50.28,48.69,43.72,29.08
2022-04-29 13:00:00,57.79,104.33,60.38,54.41,19.06,48.69,34.07,61.41,58.82,105.84,57.85,57.3,55.16,51.57,42.46
2022-04-29 14:00:00,58.41,111.8,60.5,55.16,1.91,49.66,25.37,64.96,60.59,114.14,61.78,59.72,55.94,53.26,41.07
2022-04-29 15:00:00,65.1,119.74,67.39,61.32,11.81,57.2,31.32,74.28,73.6,121.99,71.55,67.34,62.09,61.79,46.79
2022-04-29 16:00:00,61.99,108.55,62.03,60.75,7.38,56.68,22.11,72.09,83.19,112.32,72.18,68.11,61.73,63.77,41.02
2022-04-29 17:00:00,61.98,101.3,60.88,62.8,10.43,55.39,24.02,73.42,83.51,104.4,73.89,69.76,63.92,63.67,41.83
2022-04-29 18:00:00,49.11,71.84,46.78,52.77,7.89,40.54,21.96,54.54,69.45,73.79,53.87,59.32,54.11,47.67,40.6
2022-04-29 19:00:00,63.65,73.25,65.43,63.46,22.93,53.1,71.93,61.52,70.71,74.57,62.2,65.12,63.97,59.99,119.41
2022-04-29 20:00:00,78.02,81.8,81.79,76.39,35.85,64.86,104.1,75.71,77.25,83.59,76.5,77.34,76.65,67.57,181.59
2022-04-29 21:00:00,58.97,63.07,61.63,58.09,25.19,48.15,77.2,56.2,64.8,64.92,56.75,59.06,58.53,49.35,150.0
2022-04-29 22:00:00,56.91,58.99,59.53,56.0,11.75,47.06,76.08,53.45,54.9,60.79,53.6,56.91,56.4,48.87,128.9
2022-04-29 23:00:00,50.35,52.28,52.23,50.47,-0.26,40.0,66.16,45.86,46.21,53.77,45.82,51.62,51.09,39.39,112.77
2022-04-30 00:00:00,39.53,44.72,39.35,40.72,-2.65,34.13,37.81,37.79,37.67,45.65,37.56,41.47,41.19,33.21,54.69
2022-04-30 01:00:00,33.49,38.17,33.76,34.17,-3.08,28.29,34.41,30.93,31.0,39.22,30.82,34.86,34.59,27.02,51.29
2022-04-30 02:00:00,31.57,34.89,32.15,31.54,2.46,28.1,34.05,30.51,30.7,35.91,30.51,31.75,31.67,26.59,50.78
2022-04-30 03:00:00,30.88,32.44,31.91,30.12,4.7,28.46,36.62,29.17,29.17,33.14,29.29,30.35,30.21,29.2,51.54
2022-04-30 04:00:00,37.48,38.53,38.6,36.36,16.13,36.12,43.4,36.26,36.3,39.1,36.41,36.43,36.37,37.77,58.41
2022-04-30 05:00:00,46.6,47.02,47.77,45.37,35.71,45.61,53.06,45.63,45.76,47.42,45.82,45.4,45.35,47.3,69.66
2022-04-30 06:00:00,59.59,60.72,60.84,58.33,53.09,58.18,66.11,58.44,58.49,61.32,58.62,58.37,58.32,59.45,83.34
2022-04-30 07:00:00,50.7,52.53,51.5,50.0,46.49,49.26,54.2,49.63,49.49,53.2,49.68,50.0,49.98,50.46,64.86
2022-04-30 08:00:00,46.26,50.45,46.68,46.18,44.38,43.7,46.38,44.76,44.28,51.67,44.64,46.17,46.18,44.9,47.88
2022-04-30 09:00:00,45.04,53.21,45.54,45.0,42.83,41.0,42.96,42.73,41.83,55.22,42.45,45.36,45.09,42.92,42.81
2022-04-30 10:00:00,49.15,61.45,49.94,48.25,45.08,46.34,43.74,48.66,46.47,63.73,48.18,49.41,48.42,49.7,43.39
2022-04-30 11:00:00,54.03,71.49,55.56,52.12,48.5,50.6,48.03,53.54,52.12,73.04,53.32,53.28,52.29,53.33,48.05
2022-04-30 12:00:00,60.87,77.87,62.57,58.95,57.72,56.8,56.65,59.09,58.13,79.43,58.99,59.53,59.06,60.03,56.85
2022-04-30 13:00:00,61.51,88.7,64.89,57.18,57.15,56.9,56.78,58.21,58.9,90.0,58.55,57.47,57.21,61.28,57.75
2022-04-30 14:00:00,68.99,92.63,71.92,65.33,65.43,64.59,65.14,66.75,67.52,94.75,66.95,65.59,65.34,67.62,66.43
2022-04-30 15:00:00,93.85,116.37,96.63,90.38,90.45,89.68,90.08,91.89,94.98,117.96,92.09,90.61,90.37,92.91,91.51
2022-04-30 16:00:00,99.16,118.84,101.39,96.68,96.57,94.25,95.78,96.92,103.1,120.92,97.04,96.91,96.67,97.13,98.78
2022-04-30 17:00:00,91.39,98.35,91.72,92.0,91.26,85.84,90.66,89.93,99.92,101.56,89.88,92.16,91.99,89.21,94.11
2022-04-30 18:00:00,88.9,93.68,89.08,90.0,89.52,82.6,90.02,88.58,91.48,95.02,88.62,90.22,90.02,87.11,94.5
2022-04-30 19:00:00,140.42,141.6,141.46,141.24,141.02,131.62,151.38,142.74,146.49,142.96,144.53,141.31,141.24,133.3,171.75
2022-04-30 20:00:00,118.6,117.24,122.48,115.91,113.61,110.24,146.52,118.99,123.1,118.51,120.6,116.05,115.9,108.38,218.02
2022-04-30 21:00:00,67.79,68.88,71.55,64.43,62.99,62.34,90.55,64.71,66.32,69.92,65.01,64.5,64.45,66.78,155.55
2022-04-30 22:00:00,52.07,52.94,54.56,49.62,45.64,49.4,66.27,50.09,52.2,53.65,50.26,49.65,49.58,57.41,104.78
2022-04-30 23:00:00,50.95,52.45,52.71,49.14,34.69,49.2,60.04,49.49,50.35,53.17,49.59,49.15,49.07,54.27,84.02
2022-05-01 00:00:00,49.39,49.19,50.35,48.49,39.52,48.35,55.36,49.21,49.42,49.27,49.39,48.5,48.43,50.62,70.36
2022-05-01 01:00:00,44.67,44.54,45.37,44.0,30.7,43.96,49.0,44.62,44.8,44.59,44.78,44.0,43.94,46.48,59.53
2022-05-01 02:00:00,44.5,44.35,45.17,43.88,32.04,43.75,48.68,44.44,44.6,44.39,44.58,43.89,43.83,45.97,58.55
2022-05-01 03:00:00,41.5,41.34,42.08,40.95,32.85,40.81,45.23,41.41,41.54,41.37,41.53,40.96,40.91,42.82,54.03
2022-05-01 04:00:00,38.0,37.85,38.63,37.37,29.92,37.38,41.93,37.89,38.02,37.89,38.03,37.38,37.33,38.33,51.05
2022-05-01 05:00:00,36.5,36.36,37.13,35.85,30.75,35.98,40.35,36.45,36.63,36.41,36.62,35.85,35.8,36.72,49.25
2022-05-01 06:00:00,41.51,41.55,42.17,40.99,37.07,40.31,45.84,41.63,41.85,41.61,41.82,41.0,40.96,41.92,55.83
2022-05-01 07:00:00,38.43,38.68,38.95,38.05,32.72,37.26,41.82,38.45,38.59,38.8,38.59,38.05,38.02,38.63,49.53
2022-05-01 08:00:00,45.83,47.99,46.19,45.93,39.66,43.25,47.59,45.3,45.07,48.65,45.27,45.93,45.92,45.02,52.59
2022-05-01 09:00:00,49.97,53.78,50.05,50.8,43.91,45.39,50.21,48.6,47.99,54.92,48.36,50.92,50.88,47.64,50.77
2022-05-01 10:00:00,42.37,49.76,41.77,43.65,21.93,38.46,35.23,42.42,40.88,51.6,41.94,44.18,43.82,39.69,35.74
2022-05-01 11:00:00,42.08,55.91,40.0,44.79,4.27,38.22,21.09,47.5,44.56,58.36,46.53,46.09,45.0,41.46,21.99
2022-05-01 12:00:00,39.73,55.2,36.99,42.8,-1.34,37.18,12.79,46.2,44.17,58.16,44.8,44.48,43.14,40.83,14.84
2022-05-01 13:00:00,46.28,68.83,44.21,48.19,-0.3,43.67,16.17,55.72,56.63,72.69,53.48,51.7,48.69,47.36,17.71
2022-05-01 14:00:00,50.01,75.03,48.03,51.68,1.4,47.38,18.02,61.26,61.5,79.04,58.88,56.05,52.18,51.42,20.92
2022-05-01 15:00:00,52.2,81.21,50.57,53.65,2.27,47.91,19.48,63.45,63.25,86.03,60.55,60.05,54.42,52.27,23.37
2022-05-01 16:00:00,51.2,76.49,50.02,52.47,5.6,46.2,24.93,61.98,67.76,80.76,59.74,58.87,53.07,52.09,30.17
2022-05-01 17:00:00,58.43,76.07,56.97,60.67,22.47,52.46,38.66,69.39,76.28,78.98,67.98,67.0,61.28,56.78,46.63
2022-05-01 18:00:00,49.77,64.43,49.08,50.66,19.43,46.14,35.11,60.27,65.91,66.63,59.59,56.22,51.25,47.78,40.64
2022-05-01 19:00:00,57.43,64.65,57.77,58.85,28.55,48.25,59.32,60.86,65.33,66.21,61.16,60.42,58.9,48.83,75.34
2022-05-01 20:00:00,62.52,67.64,64.61,62.27,29.84,51.91,76.6,64.13,66.78,69.13,64.58,63.28,62.31,51.87,110.34
2022-05-01 21:00:00,51.39,59.49,53.1,51.25,21.74,41.52,60.15,52.64,58.28,61.32,52.39,52.3,51.32,45.11,83.7
2022-05-01 22:00:00,45.85,50.73,47.17,45.92,13.61,38.07,53.98,47.54,46.59,51.79,47.3,47.03,46.03,38.17,76.33
2022-05-01 23:00:00,41.92,45.33,42.54,43.13,9.28,33.29,48.42,41.73,41.82,46.17,41.65,43.68,43.31,34.15,65.69
2022-05-02 00:00:00,42.37,44.95,42.8,43.13,2.21,36.63,46.49,43.34,43.63,45.52,43.59,43.67,43.19,35.62,57.51
2022-05-02 01:00:00,35.57,36.77,35.91,36.4,-1.5,30.3,40.16,35.55,36.16,37.13,35.83,36.8,36.49,28.93,51.08
2022-05-02 02:00:00,32.3,33.72,32.47,33.46,-1.0,26.41,36.3,31.16,31.62,34.28,31.31,34.01,33.7,24.3,46.3
2022-05-02 03:00:00,29.12,30.15,29.5,30.0,-4.48,23.44,34.4,27.91,28.5,30.65,28.14,30.56,30.24,21.22,47.01
2022-05-02 04:00:00,29.92,31.31,30.03,31.19,-4.54,23.95,33.65,27.87,28.2,31.98,27.88,31.94,31.55,22.26,44.27
2022-05-02 05:00:00,32.67,35.52,32.85,33.71,-4.21,27.0,35.17,32.01,31.86,36.34,31.91,34.82,34.08,25.21,45.72
2022-05-02 06:00:00,37.99,43.03,38.09,39.57,-3.68,29.97,39.79,36.94,36.46,44.62,36.91,40.59,39.89,28.16,53.17
2022-05-02 07:00:00,37.24,43.18,37.45,38.1,-4.1,31.48,37.03,38.91,38.57,44.58,38.96,38.98,38.06,29.14,47.93
2022-05-02 08:00:00,33.18,43.73,31.44,35.76,-6.3,29.05,17.22,37.39,35.44,45.85,36.71,36.65,35.88,28.45,22.75
2022-05-02 09:00:00,34.37,53.52,30.7,38.97,-13.72,29.5,0.82,40.16,37.38,57.48,38.64,40.49,39.39,29.12,4.36
2022-05-02 10:00:00,39.35,61.95,35.23,44.72,-10.79,32.73,1.5,43.98,40.83,66.79,42.37,46.08,45.25,33.39,3.3
2022-05-02 11:00:00,41.02,59.5,36.78,45.63,-8.81,38.91,3.06,51.4,49.91,62.4,49.49,47.17,46.03,41.2,4.78
2022-05-02 12:00:00,39.51,59.98,36.83,42.69,-4.33,35.16,9.48,45.89,46.56,64.1,44.26,44.99,43.1,37.3,11.68
2022-05-02 13:00:00,50.5,70.46,48.31,53.58,5.21,44.35,24.83,56.64,61.21,74.46,55.03,55.93,53.89,47.93,27.28
2022-05-02 14:00:00,53.1,80.1,53.18,52.56,10.18,49.1,30.95,62.71,65.66,85.67,60.69,56.57,52.61,52.92,35.18
2022-05-02 15:00:00,59.29,88.25,60.14,57.24,24.08,57.36,37.71,72.95,73.75,93.81,70.57,62.72,57.28,62.68,42.01
2022-05-02 16:00:00,66.03,94.47,66.74,64.47,35.47,62.83,45.2,79.52,93.8,100.09,77.13,69.88,64.5,70.42,50.7
2022-05-02 17:00:00,58.15,77.86,58.75,57.31,33.55,54.49,45.35,69.29,89.19,81.46,67.1,60.58,57.34,62.17,48.76
2022-05-02 18:00:00,47.54,56.84,47.53,48.32,32.66,42.45,42.5,53.16,64.5,59.34,52.12,49.95,48.28,49.1,48.15
2022-05-02 19:00:00,66.21,72.18,67.21,67.12,51.84,56.4,73.14,68.26,73.06,73.85,69.33,67.52,66.75,66.4,94.14
2022-05-02 20:00:00,119.51,125.84,121.27,120.52,105.37,105.28,133.45,123.44,126.18,127.68,125.53,120.55,120.19,115.28,175.92
2022-05-02 21:00:00,57.61,65.52,59.16,57.44,39.35,49.01,64.67,58.62,59.53,67.99,59.26,57.4,57.07,49.23,94.23
2022-05-02 22:00:00,54.72,58.76,55.86,55.11,34.66,46.72,62.85,55.83,56.56,59.95,56.08,55.08,54.89,46.37,78.55
2022-05-02 23:00:00,47.4,51.12,48.33,47.76,20.7,40.73,53.72,49.09,49.95,52.14,49.35,47.69,47.47,39.99,65.72
2022-05-03 00:00:00,54.16,59.74,55.44,54.35,11.68,46.06,61.61,55.07,54.8,61.6,55.46,54.35,54.07,47.26,77.6
2022-05-03 01:00:00,43.29,46.91,44.15,43.68,16.75,36.89,49.13,44.52,44.38,48.19,44.71,43.7,43.49,37.62,61.15
2022-05-03 02:00:00,37.83,42.2,38.64,38.22,25.55,31.55,42.57,38.32,38.04,43.79,38.24,38.24,38.09,31.84,52.5
2022-05-03 03:00:00,34.69,39.29,35.49,35.0,27.54,28.6,39.09,34.79,34.49,41.03,34.91,34.91,34.85,28.38,48.12
2022-05-03 04:00:00,41.62,45.8,42.31,42.21,35.63,35.06,46.15,42.17,42.1,47.25,42.35,42.14,42.08,35.03,55.28
2022-05-03 05:00:00,48.52,52.6,49.16,49.08,43.64,42.36,52.62,48.94,48.89,53.99,49.08,49.01,48.97,41.9,62.63
2022-05-03 06:00:00,56.45,61.32,56.9,57.3,56.18,49.8,59.18,56.69,55.81,62.94,56.68,57.26,57.22,51.02,73.21
2022-05-03 07:00:00,56.09,60.64,56.92,56.27,54.93,50.34,60.43,56.16,55.36,62.2,55.92,56.23,56.19,51.72,78.1
2022-05-03 08:00:00,48.56,56.94,49.13,49.43,48.61,40.47,49.69,47.01,45.34,59.89,46.61,49.36,49.41,42.7,54.11
2022-05-03 09:00:00,46.1,59.69,46.94,47.07,46.0,35.29,45.73,42.74,40.05,64.56,41.9,46.96,47.05,38.3,48.33
2022-05-03 10:00:00,53.9,69.41,54.79,55.15,54.09,41.27,53.32,50.8,50.77,74.79,49.6,55.03,55.13,45.04,53.13
2022-05-03 11:00:00,61.12,79.73,62.44,61.82,60.97,47.96,60.26,59.55,55.9,85.23,57.54,61.77,61.75,52.74,60.52
2022-05-03 12:00:00,73.05,100.01,75.73,71.32,70.8,61.24,70.34,72.62,70.53,105.57,70.61,71.49,71.18,66.57,71.8
2022-05-03 13:00:00,97.88,137.89,102.47,93.14,93.04,86.07,92.79,101.24,98.88,143.57,96.62,93.68,92.84,93.8,94.38
2022-05-03 14:00:00,95.74,148.99,103.04,85.22,86.34,90.99,86.98,107.89,108.39,154.81,102.87,86.13,84.65,99.48,89.85
2022-05-03 15:00:00,97.44,153.82,105.54,85.0,85.81,95.9,87.44,119.88,118.45,160.0,111.83,86.4,83.4,106.02,91.44
2022-05-03 16:00:00,95.93,152.97,104.6,82.24,81.59,97.41,85.79,121.44,120.13,158.84,113.52,86.21,80.81,108.32,91.35
2022-05-03 17:00:00,85.06,120.7,90.25,77.18,73.53,84.29,78.84,108.13,123.53,126.26,101.15,79.42,75.08,96.58,84.85
2022-05-03 18:00:00,75.03,89.69,77.37,72.75,69.35,69.82,77.23,86.67,101.9,95.25,84.63,74.35,72.64,81.44,93.41
2022-05-03 19:00:00,92.8,104.2,95.79,90.55,73.98,85.11,103.29,99.39,107.6,106.6,99.4,90.51,89.73,98.89,148.26
2022-05-03 20:00:00,76.83,86.61,81.24,71.6,36.83,74.69,92.06,82.46,89.68,89.23,82.63,71.83,70.72,82.06,155.62
2022-05-03 21:00:00,62.9,69.45,66.43,58.18,15.67,63.6,74.5,69.27,71.96,71.2,68.78,59.38,57.54,66.97,122.76
2022-05-03 22:00:00,57.17,61.13,59.44,54.71,8.13,55.4,66.54,58.57,58.78,62.83,58.54,54.51,54.15,57.37,102.59
2022-05-03 23:00:00,49.35,53.09,51.3,47.32,1.8,47.42,57.39,50.12,50.0,54.68,50.14,47.17,46.88,49.6,91.57
2022-05-04 00:00:00,51.44,57.73,52.83,50.33,-1.25,47.83,55.43,50.98,50.53,60.2,51.23,50.15,49.96,50.41,71.13
2022-05-04 01:00:00,50.17,56.35,51.56,49.08,-2.08,46.5,54.31,49.59,49.1,58.81,49.83,48.92,48.73,48.94,65.95
2022-05-04 02:00:00,44.82,49.64,46.05,43.79,-3.7,41.98,48.8,44.52,44.2,51.6,44.71,43.65,43.48,44.09,57.94
2022-05-04 03:00:00,44.94,49.66,46.06,44.08,-3.14,41.96,48.55,44.78,44.47,51.52,44.96,43.95,43.78,43.98,56.68
2022-05-04 04:00:00,46.74,51.27,47.9,45.87,-0.8,43.67,50.8,46.88,46.74,53.0,47.11,45.74,45.54,45.71,60.23
2022-05-04 05:00:00,59.27,64.64,60.51,58.24,24.45,56.26,62.88,59.09,58.94,66.8,59.35,58.13,57.84,56.14,76.76
2022-05-04 06:00:00,63.84,68.6,65.0,63.11,40.81,60.2,68.1,64.74,64.62,70.35,65.02,63.0,62.64,61.02,85.62
2022-05-04 07:00:00,56.04,62.24,56.75,56.62,42.98,48.93,59.21,56.5,55.73,64.45,56.6,56.52,56.43,49.81,69.22
2022-05-04 08:00:00,51.65,63.36,52.51,52.21,43.05,42.68,51.81,49.05,46.92,67.91,48.53,52.09,52.15,43.07,53.17
2022-05-04 09:00:00,48.63,64.14,49.59,49.58,43.29,36.82,47.83,45.37,42.53,70.1,44.05,49.52,49.6,37.83,47.53
2022-05-04 10:00:00,52.89,75.54,54.18,54.19,47.29,36.62,50.38,50.19,45.19,83.62,48.17,54.44,54.19,39.92,49.69
2022-05-04 11:00:00,56.73,84.46,58.25,58.0,47.49,38.39,52.14,54.47,50.28,94.02,51.8,58.6,57.97,44.48,51.17
2022-05-04 12:00:00,60.3,91.21,61.93,60.79,51.2,43.73,52.01,60.58,69.05,101.28,56.83,61.99,60.76,47.27,50.53
2022-05-04 13:00:00,71.2,114.66,74.66,68.56,59.85,55.77,59.66,75.31,73.53,125.3,70.22,70.37,68.45,59.82,58.25
2022-05-04 14:00:00,74.59,128.34,79.3,70.36,59.26,57.37,61.11,80.0,86.69,140.0,74.14,72.42,70.15,63.23,59.71
2022-05-04 15:00:00,77.86,142.14,83.34,73.16,50.38,56.7,61.33,79.67,90.02,157.59,74.28,75.74,72.92,64.62,61.9
2022-05-04 16:00:00,76.39,129.17,79.76,74.06,49.48,58.42,57.41,84.96,106.66,143.39,78.78,78.1,73.86,68.42,62.1
2022-05-04 17:00:00,71.81,103.54,73.54,71.02,51.64,59.95,59.65,83.7,108.9,112.26,78.84,73.93,70.85,71.48,62.22
2022-05-04 18:00:00,63.73,85.71,64.56,63.71,45.21,55.05,53.78,75.43,92.47,91.04,72.18,66.45,63.54,64.87,55.63
2022-05-04 19:00:00,72.54,88.78,73.5,73.63,56.57,59.86,71.73,77.43,91.59,94.34,75.52,74.2,73.33,68.27,82.92
2022-05-04 20:00:00,88.11,103.31,89.54,89.0,63.47,74.19,91.65,90.67,105.18,109.05,90.12,89.2,88.4,82.41,111.52
2022-05-04 21:00:00,61.89,71.97,62.83,62.08,41.95,54.3,62.98,65.27,71.08,75.34,64.67,62.69,61.66,57.62,79.65
2022-05-04 22:00:00,61.45,69.44,62.17,62.25,51.13,53.05,63.93,61.82,64.58,72.63,61.57,62.24,62.05,55.43,71.56
2022-05-04 23:00:00,56.7,63.32,57.15,57.76,49.05,48.79,58.73,57.03,57.75,66.16,56.76,57.75,57.67,52.1,64.29
2022-05-05 00:00:00,53.27,58.67,53.8,53.54,42.98,48.39,54.61,52.98,52.81,60.52,52.94,53.51,53.43,46.94,57.23
2022-05-05 01:00:00,48.11,52.73,48.59,48.36,36.77,43.81,49.46,47.69,47.61,54.37,47.68,48.3,48.26,42.17,51.77
2022-05-05 02:00:00,44.82,49.51,45.27,45.18,34.51,40.16,46.24,44.37,44.43,51.2,44.43,45.13,45.09,38.02,48.44
2022-05-05 03:00:00,46.62,50.67,47.05,47.05,35.44,41.92,48.57,46.71,47.05,52.07,46.86,47.0,46.94,40.27,51.42
2022-05-05 04:00:00,51.01,55.83,51.37,52.01,42.25,44.16,53.48,51.0,51.17,57.51,51.33,51.98,51.94,41.74,56.02
2022-05-05 05:00:00,53.09,57.49,53.62,53.88,38.56,46.38,56.71,53.84,54.34,58.99,54.36,53.82,53.69,43.13,61.31
2022-05-05 06:00:00,75.0,80.88,75.51,76.69,59.28,64.42,80.06,76.93,76.91,82.77,77.35,76.61,76.45,61.77,85.53
2022-05-05 07:00:00,67.29,73.93,67.74,69.23,53.47,55.82,71.99,68.94,67.92,76.44,69.41,69.14,69.0,54.72,76.83
2022-05-05 08:00:00,51.0,59.59,51.4,52.73,46.18,40.21,53.08,51.07,51.59,62.89,50.86,52.64,52.64,39.56,55.28
2022-05-05 09:00:00,51.67,72.69,52.97,52.91,47.98,35.77,50.51,49.22,52.77,80.61,47.33,52.86,52.89,36.24,50.38
2022-05-05 10:00:00,53.0,75.57,54.32,53.93,48.88,37.92,49.84,54.57,59.1,83.57,51.1,54.2,53.94,39.72,49.91
2022-05-05 11:00:00,56.95,83.07,58.86,57.05,52.2,41.72,53.61,57.5,72.07,91.1,54.87,57.22,56.94,47.29,54.03
2022-05-05 12:00:00,62.76,87.69,64.74,62.48,58.63,49.01,59.77,63.98,72.47,94.5,61.22,62.7,62.37,54.84,60.17
2022-05-05 13:00:00,74.99,114.6,79.58,70.19,68.25,63.75,69.78,76.94,79.92,121.6,74.58,70.56,69.99,71.01,70.93
2022-05-05 14:00:00,85.08,129.17,89.97,80.59,77.63,70.19,79.92,82.05,83.77,138.26,80.76,80.83,80.42,78.03,81.67
2022-05-05 15:00:00,116.01,174.14,122.36,110.36,106.35,95.74,109.19,110.82,110.44,186.15,108.96,110.89,109.97,105.55,110.9
2022-05-05 16:00:00,107.3,152.69,111.84,104.35,100.55,87.6,102.74,101.21,101.2,164.69,99.37,104.62,104.05,101.12,104.26
2022-05-05 17:00:00,115.25,143.47,117.54,115.26,111.46,98.16,113.25,110.7,112.75,151.79,109.37,115.22,115.1,110.74,115.03
2022-05-05 18:00:00,117.86,133.23,118.98,118.9,108.91,104.94,118.88,115.9,116.12,138.58,114.98,118.85,118.62,114.94,121.67
2022-05-05 19:00:00,207.88,217.46,208.66,209.82,188.92,194.15,213.23,210.91,211.03,220.26,211.34,209.92,209.31,205.31,229.26
2022-05-05 20:00:00,284.84,292.14,285.5,287.29,260.15,270.03,292.56,290.29,291.64,293.74,291.18,287.4,286.67,285.88,319.72
2022-05-05 21:00:00,168.63,175.79,169.66,169.13,142.15,160.04,173.68,171.04,171.54,177.66,171.39,169.1,168.56,169.57,196.33
2022-05-05 22:00:00,80.19,87.29,81.11,80.01,65.38,74.9,82.26,79.7,79.26,89.71,79.74,79.95,79.68,79.59,94.94
2022-05-05 23:00:00,78.96,82.62,79.33,79.3,73.44,75.0,80.38,79.13,78.94,83.75,79.14,79.29,79.14,78.81,87.39
2022-05-06 00:00:00,58.15,60.17,58.71,57.38,55.57,58.12,59.15,58.95,59.54,63.05,59.23,57.41,57.31,59.77,65.16
2022-05-06 01:00:00,51.39,53.05,52.06,50.5,48.75,51.43,53.25,52.11,52.73,54.58,52.41,50.51,50.4,52.76,57.9
2022-05-06 02:00:00,49.0,52.2,49.78,47.77,46.81,49.56,49.61,49.47,50.0,53.51,49.98,47.82,47.7,51.45,53.47
2022-05-06 03:00:00,45.46,46.11,45.71,45.06,43.95,45.81,45.85,45.35,45.25,47.36,45.87,45.04,45.03,48.53,48.48
2022-05-06 04:00:00,48.07,49.76,48.59,47.29,46.39,48.38,48.93,48.28,48.55,50.84,48.75,47.29,47.26,50.52,52.88
2022-05-06 05:00:00,50.93,52.86,51.45,50.13,48.7,51.24,51.56,51.18,51.44,54.06,51.66,50.12,50.09,53.55,55.06
2022-05-06 06:00:00,54.21,55.37,54.4,54.28,51.89,52.76,55.19,55.54,55.32,57.17,55.31,54.28,54.24,55.51,59.14
2022-05-06 07:00:00,56.19,57.14,56.31,56.37,54.93,54.61,57.14,57.36,57.25,60.49,57.12,56.37,56.34,57.3,60.81
2022-05-06 08:00:00,51.81,54.5,52.09,51.67,51.55,50.5,51.7,52.8,52.88,61.5,52.7,51.67,51.65,53.4,52.6
2022-05-06 09:00:00,50.56,55.4,51.17,49.38,48.93,51.31,48.58,52.03,54.08,62.4,51.87,49.37,49.31,57.3,47.93
2022-05-06 10:00:00,56.53,70.48,58.57,52.95,52.8,58.25,52.62,61.37,62.87,77.72,60.02,53.06,52.81,66.13,52.08
2022-05-06 11:00:00,65.78,87.78,69.14,59.88,60.04,68.85,60.05,73.62,76.65,94.92,73.5,60.17,59.64,78.18,59.77
2022-05-06 12:00:00,74.4,104.66,79.5,65.0,66.05,81.72,66.63,86.02,88.84,112.43,94.3,65.9,64.6,97.09,67.31
2022-05-06 13:00:00,84.68,129.25,92.23,70.64,72.19,95.95,73.1,109.59,109.24,138.5,112.47,72.01,70.09,112.48,74.98
2022-05-06 14:00:00,119.3,174.91,128.97,101.08,103.39,134.95,104.92,162.35,160.39,190.91,162.87,102.84,100.4,159.05,108.72
2022-05-06 15:00:00,217.63,278.75,228.04,198.75,201.73,231.15,203.49,274.98,267.48,296.0,263.34,201.0,198.22,260.4,207.98
2022-05-06 16:00:00,324.07,392.11,335.47,303.7,307.42,336.78,309.3,391.14,389.91,413.11,378.43,306.29,303.02,364.78,316.42
2022-05-06 17:00:00,366.07,426.29,376.14,348.19,351.64,376.54,353.53,442.28,426.74,441.95,429.34,350.47,347.9,405.52,362.04
2022-05-06 18:00:00,308.71,324.64,310.9,306.72,308.03,302.25,309.98,347.37,342.6,332.75,330.32,308.14,307.06,326.56,326.65
2022-05-06 19:00:00,467.65,476.99,467.7,472.69,463.14,444.89,476.24,481.91,488.67,481.04,478.53,473.07,471.39,477.8,509.13
2022-05-06 20:00:00,328.57,336.32,329.19,331.32,315.13,312.76,336.36,340.39,346.43,339.63,337.91,331.55,330.27,335.78,381.37
2022-05-06 21:00:00,99.35,104.52,100.56,98.53,77.57,95.83,103.37,106.56,111.25,106.57,103.93,98.56,97.82,103.97,137.23
2022-05-06 22:00:00,69.7,76.82,71.72,66.91,33.71,69.97,73.2,74.35,74.82,78.59,73.92,67.0,66.16,75.15,94.99
2022-05-06 23:00:00,61.98,68.1,63.54,59.88,26.91,61.85,64.32,65.33,65.58,69.58,64.96,59.93,59.41,65.55,79.04
2022-05-07 00:00:00,50.77,52.82,51.29,49.86,13.97,51.63,50.83,52.05,53.09,53.92,52.14,49.86,49.68,53.48,54.63
2022-05-07 01:00:00,48.37,49.12,48.51,48.09,22.8,48.71,48.15,49.32,50.06,49.8,49.25,48.05,47.98,50.38,50.74
2022-05-07 02:00:00,45.96,46.46,46.13,45.77,34.69,45.83,46.46,46.55,46.99,47.15,46.48,45.75,45.71,47.18,48.11
2022-05-07 03:00:00,41.28,41.67,41.43,41.11,33.84,41.13,41.83,41.73,42.1,42.25,41.54,41.09,41.07,42.23,43.47
2022-05-07 04:00:00,42.39,42.73,42.5,42.31,38.6,42.03,42.95,42.75,43.02,43.25,42.61,42.31,42.29,43.1,44.39
2022-05-07 05:00:00,42.96,43.41,43.08,42.87,41.29,42.68,43.38,43.4,43.69,44.26,43.25,42.86,42.84,43.78,45.15
2022-05-07 06:00:00,46.55,47.13,46.66,46.71,43.7,45.27,47.52,47.15,47.4,47.66,47.07,46.7,46.68,47.46,49.25
2022-05-07 07:00:00,47.28,47.79,47.35,47.47,45.53,46.03,48.13,47.93,48.21,48.54,47.82,47.46,47.44,48.28,49.76
2022-05-07 08:00:00,49.6,51.38,49.67,49.62,47.52,48.79,48.9,50.51,51.3,52.94,50.44,49.62,49.57,51.84,48.39
2022-05-07 09:00:00,53.88,57.12,54.07,53.84,53.16,52.5,52.81,54.64,55.38,59.76,54.72,53.9,53.78,56.01,52.07
2022-05-07 10:00:00,60.52,65.17,60.89,60.12,59.3,59.38,58.88,62.02,63.79,68.27,62.13,60.2,60.02,64.34,58.09
2022-05-07 11:00:00,81.0,99.24,83.29,77.22,75.94,81.38,75.3,84.72,87.75,102.49,85.03,78.12,76.94,88.67,74.64
2022-05-07 12:00:00,96.43,130.04,101.16,87.99,86.82,100.61,85.99,103.37,110.25,132.93,104.3,89.67,87.39,111.36,86.49
2022-05-07 13:00:00,132.37,192.19,140.6,117.89,115.27,138.5,113.83,145.15,156.25,196.24,147.56,121.56,116.92,155.24,114.13
2022-05-07 14:00:00,113.61,193.65,124.45,93.65,85.99,125.12,85.37,135.83,145.23,201.32,137.93,99.9,92.57,144.61,86.37
2022-05-07 15:00:00,139.94,223.4,149.04,123.4,102.2,145.23,104.13,171.15,175.87,233.4,175.97,133.4,122.98,168.33,105.07
2022-05-07 16:00:00,145.83,233.31,153.82,129.78,94.06,153.68,98.52,203.82,189.36,243.31,208.18,144.72,129.88,180.05,99.13
2022-05-07 17:00:00,134.38,199.47,138.58,124.66,81.06,139.66,90.53,201.22,183.92,207.36,206.47,139.66,125.03,163.15,89.56
2022-05-07 18:00:00,102.73,141.21,103.5,100.0,44.8,101.94,70.86,158.05,142.35,147.89,158.2,112.08,100.57,119.54,73.69
2022-05-07 19:00:00,115.19,128.53,114.56,119.4,62.42,98.13,112.18,139.53,138.62,133.93,139.84,123.31,119.49,106.79,125.63
2022-05-07 20:00:00,103.69,111.24,104.09,106.31,50.02,89.44,109.36,113.64,124.34,115.1,111.12,107.44,106.26,93.73,128.17
2022-05-07 21:00:00,69.26,75.34,69.34,70.0,17.5,64.51,67.5,81.56,87.09,77.02,79.17,72.04,70.24,64.52,75.71
2022-05-07 22:00:00,57.17,63.53,56.38,58.5,10.9,54.07,49.43,63.43,76.31,64.93,63.28,60.08,58.74,55.02,55.5
2022-05-07 23:00:00,52.81,60.78,51.35,54.57,2.94,51.04,38.99,59.36,71.97,62.45,59.15,56.07,54.84,51.05,42.48
2022-05-08 00:00:00,50.95,59.74,47.24,54.99,8.42,50.69,23.54,56.82,60.18,61.09,56.32,55.76,56.25,51.1,26.36
2022-05-08 01:00:00,47.26,54.99,43.49,51.2,2.86,47.84,19.92,52.83,52.47,55.99,52.18,51.7,52.36,47.5,22.19
2022-05-08 02:00:00,35.68,44.18,31.65,39.99,-4.0,35.86,6.59,40.6,38.89,45.48,39.81,40.3,41.28,34.92,8.61
2022-05-08 03:00:00,34.43,39.37,32.15,37.0,7.31,34.04,18.2,37.68,36.93,39.96,37.22,37.25,37.82,33.1,19.71
2022-05-08 04:00:00,33.62,37.81,31.39,36.0,6.96,33.94,17.79,36.96,36.39,38.21,36.49,36.28,36.59,33.53,19.09
2022-05-08 05:00:00,38.71,43.03,36.68,40.77,13.11,39.21,23.72,42.18,41.64,43.44,41.71,41.25,41.19,39.08,24.94
2022-05-08 06:00:00,45.31,49.01,44.36,46.41,22.36,44.64,37.37,48.4,47.51,49.57,48.15,47.23,46.65,45.53,38.39
2022-05-08 07:00:00,46.82,50.75,46.06,47.83,25.61,45.55,40.13,49.32,48.21,51.57,49.13,48.52,48.07,46.9,40.98
2022-05-08 08:00:00,44.37,51.79,42.76,46.12,22.66,43.46,29.66,47.92,45.52,53.7,47.48,47.26,46.49,45.79,29.57
2022-05-08 09:00:00,52.52,60.86,51.18,54.22,35.33,50.31,39.32,56.63,54.1,63.5,56.4,55.68,54.53,54.82,38.94
2022-05-08 10:00:00,55.78,66.07,55.2,57.24,40.44,50.46,47.01,58.53,57.8,69.79,58.49,58.31,57.47,56.76,46.72
2022-05-08 11:00:00,68.48,91.99,70.74,66.09,54.64,62.23,62.66,71.78,73.68,96.84,72.49,67.69,65.98,71.78,62.62
2022-05-08 12:00:00,80.37,113.73,83.97,77.2,70.43,68.7,76.25,83.47,82.25,120.01,84.98,78.53,76.84,81.12,76.48
2022-05-08 13:00:00,93.74,137.23,98.71,88.65,80.87,81.1,87.87,100.0,100.47,144.31,101.12,90.74,92.71,96.66,88.21
2022-05-08 14:00:00,105.14,179.39,114.06,92.85,77.41,96.1,87.91,121.2,120.14,187.85,121.78,98.19,105.5,116.96,88.42
2022-05-08 15:00:00,120.29,211.54,129.75,105.61,81.04,114.75,87.11,152.52,155.71,221.54,156.25,116.27,118.85,139.99,87.02
2022-05-08 16:00:00,122.19,223.43,130.84,105.5,62.77,126.55,67.86,182.45,234.28,233.45,182.2,122.98,110.01,154.19,66.53
2022-05-08 17:00:00,107.54,186.3,111.11,98.38,48.38,110.76,49.0,171.43,276.67,195.71,170.96,117.82,103.38,138.47,46.3
2022-05-08 18:00:00,90.3,133.51,88.96,90.0,42.09,88.97,43.34,131.22,176.24,140.85,132.7,106.15,91.13,105.29,42.23
2022-05-08 19:00:00,95.23,119.86,95.45,96.29,51.15,84.62,81.04,111.12,117.8,125.53,114.31,103.17,96.77,92.11,91.37
2022-05-08 20:00:00,98.6,108.33,98.7,100.55,56.0,88.23,97.7,106.78,116.95,111.09,107.9,102.61,100.63,89.63,113.72
2022-05-08 21:00:00,77.53,84.11,77.67,78.81,28.7,70.41,77.36,83.61,91.94,85.83,84.11,80.33,78.77,69.6,86.1
2022-05-08 22:00:00,61.32,68.73,61.18,62.53,16.5,55.47,58.01,65.73,73.82,70.95,66.02,64.16,62.72,56.04,62.29
2022-05-08 23:00:00,55.69,61.87,54.98,57.12,10.81,52.03,48.88,59.09,59.14,63.35,59.21,58.3,57.41,50.08,52.37
2022-05-09 00:00:00,51.64,57.71,50.06,54.03,4.68,48.24,40.28,55.15,70.42,59.18,55.03,54.13,54.66,48.52,41.54
2022-05-09 01:00:00,44.55,49.6,41.8,48.18,1.39,42.05,27.35,47.79,56.38,50.76,47.59,47.62,49.08,41.84,28.81
2022-05-09 02:00:00,34.49,39.23,31.68,37.91,-4.58,33.23,16.33,37.32,40.5,40.16,36.98,37.37,38.85,31.86,17.6
2022-05-09 03:00:00,35.37,38.5,33.93,37.4,5.05,33.42,26.38,37.25,41.06,39.2,37.16,37.05,38.18,32.1,27.73
2022-05-09 04:00:00,43.07,45.53,41.78,45.14,13.22,40.35,36.09,44.65,45.79,46.12,44.61,44.74,45.96,39.6,37.49
2022-05-09 05:00:00,51.23,54.79,50.92,52.18,25.24,48.11,48.58,52.97,55.38,55.87,53.06,52.59,52.63,48.59,49.7
2022-05-09 06:00:00,51.15,54.42,50.92,51.9,25.43,48.57,48.78,53.53,53.85,55.4,53.66,52.6,52.15,49.69,50.3
2022-05-09 07:00:00,56.76,59.56,56.59,57.46,31.02,54.14,55.2,58.84,62.71,60.23,58.91,57.87,57.73,55.88,56.47
2022-05-09 08:00:00,51.92,57.53,51.08,52.9,23.5,50.89,42.99,55.39,62.46,60.4,55.22,53.6,53.45,54.22,43.11
2022-05-09 09:00:00,54.26,62.22,51.97,56.97,17.89,52.68,36.02,58.36,72.6,65.11,58.09,57.36,57.43,57.91,36.07
2022-05-09 10:00:00,61.8,79.84,59.45,64.22,7.74,59.53,34.22,69.85,78.58,84.71,67.99,65.2,64.69,65.38,34.3
2022-05-09 11:00:00,68.39,91.39,66.65,70.0,19.0,65.34,39.86,77.63,87.57,96.95,77.5,71.25,70.39,72.47,39.98
2022-05-09 12:00:00,69.3,109.43,70.63,66.82,27.43,64.42,41.82,86.86,93.87,114.13,87.33,69.49,66.81,73.26,42.28
2022-05-09 13:00:00,85.81,145.23,89.63,79.91,41.43,78.65,54.75,115.91,132.54,148.65,116.5,85.25,79.63,89.69,55.77
2022-05-09 14:00:00,94.26,171.85,99.79,85.68,48.5,85.94,55.68,147.39,162.11,177.86,160.35,94.25,85.01,98.18,61.07
2022-05-09 15:00:00,105.63,205.93,112.7,94.18,49.25,96.73,53.98,177.49,226.96,215.49,196.04,104.18,93.24,113.24,58.84
2022-05-09 16:00:00,117.93,216.02,124.32,106.04,59.95,114.9,60.33,208.49,279.22,223.68,229.23,118.3,105.23,135.71,62.34
2022-05-09 17:00:00,104.27,160.87,103.85,103.81,53.87,96.56,54.16,180.65,252.84,167.54,195.58,114.84,103.9,113.95,56.16
2022-05-09 18:00:00,93.68,131.64,91.63,96.57,52.86,84.15,54.15,151.24,221.92,135.3,156.77,105.6,97.68,97.27,57.5
2022-05-09 19:00:00,107.61,123.6,106.55,113.19,92.82,87.13,102.3,127.3,213.09,124.85,132.63,116.06,116.8,97.13,117.96
2022-05-09 20:00:00,109.35,119.56,109.18,112.61,99.97,95.16,109.39,121.17,172.44,120.48,121.96,113.51,112.88,101.12,143.6
2022-05-09 21:00:00,67.98,72.95,67.95,69.21,56.45,62.42,67.24,74.03,111.62,73.45,74.4,69.67,69.08,67.1,89.66
2022-05-09 22:00:00,59.36,64.54,59.8,59.54,46.79,55.74,59.4,62.62,81.74,65.92,62.87,60.02,59.52,58.58,68.92
2022-05-09 23:00:00,55.7,60.05,55.73,56.13,38.76,53.29,53.45,59.72,76.04,61.05,59.73,57.04,56.22,55.93,57.24
2022-05-10 00:00:00,57.79,63.0,58.46,56.91,11.3,57.31,56.6,60.06,64.11,66.54,60.27,57.34,56.9,57.93,60.13
2022-05-10 01:00:00,53.99,58.27,54.64,53.27,13.27,53.13,53.88,55.55,58.23,59.92,55.78,53.41,53.22,53.87,56.82
2022-05-10 02:00:00,47.28,49.91,47.68,46.84,9.56,46.75,47.22,48.33,50.19,51.61,48.47,46.95,46.82,47.12,49.59
2022-05-10 03:00:00,45.67,48.55,46.11,45.12,18.17,45.28,45.48,46.59,48.17,49.28,46.73,45.21,45.08,45.95,46.71
2022-05-10 04:00:00,50.6,53.77,51.07,50.14,29.92,49.68,50.69,51.55,52.66,54.35,51.7,50.21,50.09,50.87,52.48
2022-05-10 05:00:00,64.06,68.12,64.65,63.55,45.54,62.53,64.39,65.08,66.35,68.85,65.26,63.59,63.49,64.55,66.48
2022-05-10 06:00:00,58.82,65.0,59.65,58.0,46.72,56.88,58.72,59.87,64.51,65.77,60.11,58.06,57.94,59.19,61.07
2022-05-10 07:00:00,61.21,71.22,62.34,60.25,51.26,57.58,60.29,61.22,66.91,72.79,61.52,60.31,60.19,59.73,61.55
2022-05-10 08:00:00,61.37,72.25,62.25,61.0,57.2,56.33,59.42,61.56,68.13,75.83,61.48,61.15,60.95,58.58,59.26
2022-05-10 09:00:00,55.08,69.2,55.92,55.02,52.04,48.26,51.2,54.69,67.22,74.49,54.31,55.58,54.97,50.99,51.41
2022-05-10 10:00:00,56.77,85.11,58.51,54.71,46.37,50.63,43.58,60.96,69.58,89.82,60.53,56.38,54.67,53.53,45.27
2022-05-10 11:00:00,64.89,97.86,66.51,64.33,55.09,52.28,51.57,67.48,72.29,102.79,66.35,65.92,64.32,56.43,53.21
2022-05-10 12:00:00,73.58,136.25,78.48,69.14,60.13,54.62,53.9,74.69,92.72,139.45,72.17,71.71,69.17,62.03,60.8
2022-05-10 13:00:00,79.75,143.51,84.52,74.41,62.27,65.26,54.89,88.78,150.32,146.71,87.48,78.01,77.79,72.28,64.89
2022-05-10 14:00:00,80.15,164.71,87.15,71.98,57.44,62.04,49.86,91.56,146.56,171.0,89.66,77.55,78.36,69.86,59.86
2022-05-10 15:00:00,102.75,200.0,110.55,92.08,69.53,88.32,61.82,138.9,195.42,206.67,143.6,100.08,100.95,94.79,78.03
2022-05-10 16:00:00,108.18,198.9,114.95,98.89,70.35,94.85,67.17,148.6,226.15,204.83,153.09,107.82,116.73,103.09,82.19
2022-05-10 17:00:00,89.28,146.59,91.75,86.04,48.71,79.17,55.2,122.55,202.81,151.59,126.3,94.12,98.29,88.1,68.46
2022-05-10 18:00:00,79.22,113.23,79.53,80.0,41.79,68.13,56.77,100.31,167.27,116.6,101.42,85.56,98.1,73.13,65.67
2022-05-10 19:00:00,84.85,112.46,86.39,85.59,48.52,68.85,78.65,94.59,156.29,114.72,96.42,88.25,86.17,71.04,90.66
2022-05-10 20:00:00,85.17,107.72,87.98,82.34,46.58,78.65,83.23,92.58,115.82,109.02,93.83,83.74,83.41,79.98,94.23
2022-05-10 21:00:00,69.07,98.36,73.37,62.8,29.74,67.95,64.36,74.82,95.75,99.86,75.39,63.84,66.96,69.59,76.13
2022-05-10 22:00:00,64.46,69.04,64.73,64.6,21.81,61.72,63.55,66.34,75.52,70.59,66.44,65.0,64.55,63.97,66.75
2022-05-10 23:00:00,54.84,59.51,55.24,54.5,14.62,53.37,53.56,56.7,67.64,61.53,56.79,54.93,54.42,55.93,56.41
2022-05-11 00:00:00,64.82,68.67,65.55,63.66,49.87,65.2,64.65,65.66,67.07,69.66,65.9,63.76,63.56,66.12,69.09
2022-05-11 01:00:00,58.19,61.28,58.81,57.27,43.37,58.34,58.36,58.94,59.93,62.04,59.22,57.36,57.18,59.08,62.08
2022-05-11 02:00:00,50.45,52.12,50.79,50.05,36.68,50.14,50.82,50.98,51.21,53.24,51.12,50.08,49.99,50.81,53.33
2022-05-11 03:00:00,45.6,47.67,46.01,45.0,33.23,45.66,45.71,46.07,46.82,48.45,46.22,45.05,44.95,46.65,48.18
2022-05-11 04:00:00,48.8,51.27,49.27,48.1,37.73,48.89,48.81,49.33,49.83,52.93,49.53,48.16,48.05,50.13,51.15
2022-05-11 05:00:00,61.11,64.93,61.83,59.93,51.15,61.61,60.86,61.84,63.09,66.65,62.1,60.02,59.84,62.94,63.35
2022-05-11 06:00:00,69.95,75.72,70.73,68.99,55.31,68.87,69.35,70.54,71.18,77.85,70.6,69.03,68.94,70.92,71.45
2022-05-11 07:00:00,69.72,87.51,72.38,65.37,53.95,70.74,65.9,71.71,76.41,90.41,71.74,65.63,65.25,72.19,67.89
2022-05-11 08:00:00,58.05,82.21,61.4,52.0,37.44,61.25,50.15,63.79,66.96,85.66,62.89,53.13,51.85,63.13,51.09
2022-05-11 09:00:00,52.83,83.22,54.91,47.51,23.52,57.94,30.97,59.1,64.25,86.47,59.71,49.1,47.7,59.49,33.53
2022-05-11 10:00:00,56.03,98.82,58.95,48.74,21.43,62.4,25.83,63.74,67.57,102.73,63.85,50.84,48.71,63.99,30.95
2022-05-11 11:00:00,56.03,117.42,60.1,46.2,10.08,63.24,13.55,68.29,71.41,121.17,66.86,50.84,47.21,63.96,22.82
2022-05-11 12:00:00,67.67,158.43,75.02,52.0,9.69,76.55,13.11,85.94,100.48,161.0,84.96,60.6,53.01,79.18,26.37
2022-05-11 13:00:00,84.09,213.29,96.43,60.0,15.53,94.72,17.72,115.41,127.98,217.73,115.95,72.38,60.12,93.44,28.71
2022-05-11 14:00:00,94.64,265.03,111.86,65.03,20.57,95.31,22.07,135.87,151.35,271.34,136.94,78.83,64.57,94.21,37.23
2022-05-11 15:00:00,129.84,298.24,147.06,98.24,54.27,139.29,52.45,204.46,279.05,305.25,208.71,112.22,101.6,141.53,70.19
2022-05-11 16:00:00,138.19,309.5,154.14,109.5,53.31,141.64,55.93,217.6,306.22,316.5,225.51,127.33,114.43,140.47,72.6
2022-05-11 17:00:00,106.22,259.01,119.57,84.27,31.81,99.09,35.89,180.26,238.24,262.89,191.59,100.33,92.92,103.17,51.9
2022-05-11 18:00:00,88.86,139.48,89.45,86.47,35.0,85.4,46.44,137.1,176.45,140.52,145.47,95.94,86.51,84.98,58.99
2022-05-11 19:00:00,109.88,144.98,111.46,109.33,66.3,97.49,94.02,133.39,170.06,145.99,139.06,113.93,109.67,91.86,101.99
2022-05-11 20:00:00,111.65,142.54,114.64,107.76,64.13,107.01,101.25,125.12,131.66,143.15,125.01,110.01,107.26,100.62,114.08
2022-05-11 21:00:00,70.61,92.58,72.51,66.6,18.7,73.27,57.58,82.01,85.86,94.48,80.1,69.86,66.45,71.41,65.13
2022-05-11 22:00:00,56.37,64.52,56.96,54.84,20.73,58.19,50.27,60.79,70.55,65.45,60.64,56.34,54.76,58.13,54.36
2022-05-11 23:00:00,50.96,57.64,51.57,49.17,15.73,53.9,45.55,55.0,60.67,58.06,54.84,50.7,49.13,54.81,49.56
2022-05-12 00:00:00,55.29,58.62,54.13,55.99,4.88,57.35,44.55,58.04,58.64,59.01,57.4,56.37,56.13,58.19,46.51
2022-05-12 01:00:00,52.91,54.68,52.58,52.98,10.94,53.81,48.85,54.53,54.9,54.93,54.17,53.3,53.03,54.8,50.1
2022-05-12 02:00:00,46.35,48.38,46.39,45.89,11.11,47.63,43.69,47.65,49.36,48.6,47.28,46.22,45.9,48.5,44.82
2022-05-12 03:00:00,45.55,47.58,45.58,45.08,10.29,46.84,42.83,46.8,48.54,47.71,46.46,45.38,45.1,47.82,43.11
2022-05-12 04:00:00,52.18,53.63,52.38,51.7,20.73,52.86,51.34,52.96,54.46,53.86,52.73,51.84,51.68,53.97,52.08
2022-05-12 05:00:00,61.15,63.4,61.52,60.39,30.16,61.94,60.36,61.92,63.35,63.82,61.85,60.52,60.37,63.08,60.74
2022-05-12 06:00:00,52.49,60.53,53.58,50.0,8.02,55.66,48.14,55.3,58.4,61.17,55.73,50.8,50.01,57.96,49.26
2022-05-12 07:00:00,53.59,64.55,55.29,50.0,9.46,57.68,48.92,55.99,61.39,65.57,56.47,50.49,49.94,60.08,48.96
2022-05-12 08:00:00,47.5,61.45,48.38,44.04,9.76,54.26,33.77,54.28,57.21,62.71,54.03,46.15,44.18,56.83,33.22
2022-05-12 09:00:00,47.13,70.87,45.77,44.87,3.35,57.89,9.46,56.49,63.6,72.75,56.19,46.08,45.15,61.55,9.41
2022-05-12 10:00:00,57.37,97.35,58.81,50.0,16.09,71.85,16.06,69.34,83.1,100.45,69.16,51.5,50.13,76.53,18.04
2022-05-12 11:00:00,62.57,124.92,68.74,47.19,24.29,81.83,21.03,78.02,98.52,129.52,79.4,50.4,47.13,88.2,24.18
2022-05-12 12:00:00,85.91,200.33,101.0,55.74,42.41,110.92,37.02,112.02,119.28,201.58,112.98,63.87,54.63,114.01,42.52
2022-05-12 13:00:00,131.29,363.88,164.69,68.92,58.78,173.3,52.65,174.33,214.42,369.92,179.33,80.67,69.62,175.42,64.2
2022-05-12 14:00:00,156.9,392.61,189.01,92.61,73.58,212.44,58.37,227.09,330.62,400.28,227.94,110.27,95.66,217.4,78.12
2022-05-12 15:00:00,214.28,455.12,244.33,155.12,130.79,258.02,109.08,289.43,396.74,471.47,291.49,173.81,161.5,256.05,144.08
2022-05-12 16:00:00,304.6,550.0,333.25,250.0,222.28,335.78,197.24,397.78,487.21,567.64,407.53,270.99,262.79,329.2,232.25
2022-05-12 17:00:00,196.67,443.37,226.09,143.37,121.84,219.07,98.56,292.55,385.7,450.0,306.15,161.89,162.87,206.56,145.52
2022-05-12 18:00:00,132.26,253.01,145.36,109.01,95.46,138.14,81.28,179.58,213.81,254.23,186.78,119.12,116.58,128.51,113.88
2022-05-12 19:00:00,132.97,183.65,139.17,123.83,113.58,129.59,119.62,147.75,165.79,184.29,149.11,126.57,122.89,121.99,131.62
2022-05-12 20:00:00,104.67,148.59,111.0,95.31,85.35,103.06,97.04,113.78,127.65,148.95,115.44,96.78,95.44,96.72,112.31
2022-05-12 21:00:00,68.01,100.0,72.6,60.0,53.46,71.76,58.63,75.01,85.55,100.64,76.26,61.84,59.44,71.18,69.42
2022-05-12 22:00:00,62.87,70.58,63.87,61.22,54.97,63.1,60.58,65.41,69.69,71.53,65.45,61.97,61.16,62.58,62.73
2022-05-12 23:00:00,55.92,58.81,56.23,55.37,50.07,56.05,54.68,57.45,58.08,59.38,57.35,55.96,55.37,56.29,56.74
2022-05-13 00:00:00,51.17,52.17,51.22,51.48,49.28,49.55,51.69,50.85,50.6,52.55,50.41,51.45,51.52,48.72,52.82
2022-05-13 01:00:00,44.7,45.88,44.83,44.8,42.85,43.63,45.02,44.6,44.23,45.92,43.94,44.58,44.77,42.92,46.03
2022-05-13 02:00:00,41.01,41.57,41.11,41.05,40.52,40.41,41.4,40.8,40.61,41.64,40.2,40.82,41.04,40.22,42.49
2022-05-13 03:00:00,39.0,39.25,39.06,39.04,38.48,38.62,39.34,38.83,38.62,39.29,38.44,38.89,39.03,38.63,40.13
2022-05-13 04:00:00,44.87,44.97,44.97,44.82,44.5,44.57,45.54,44.79,44.59,45.02,44.64,44.75,44.81,44.72,46.66
2022-05-13 05:00:00,49.79,49.93,49.93,49.68,48.76,49.56,50.56,49.72,49.62,50.05,49.64,49.62,49.67,49.84,52.4
2022-05-13 06:00:00,49.56,51.36,50.11,48.8,48.01,49.63,50.64,49.9,49.86,51.46,50.09,48.82,48.71,50.32,53.6
2022-05-13 07:00:00,51.22,53.02,51.63,50.65,49.38,51.2,51.63,51.52,51.39,53.11,51.69,50.67,50.57,51.92,54.08
2022-05-13 08:00:00,53.57,56.98,54.12,52.75,51.81,53.54,53.21,54.03,53.7,57.36,54.23,52.83,52.64,54.53,53.81
2022-05-13 09:00:00,59.97,66.39,60.9,58.49,58.84,60.12,58.61,60.69,60.18,67.51,61.1,58.57,58.47,61.72,60.1
2022-05-13 10:00:00,68.55,79.62,70.01,66.24,66.9,68.49,65.69,69.1,68.43,81.49,69.54,66.4,66.19,70.2,70.93
2022-05-13 11:00:00,78.25,108.96,82.46,71.52,73.25,78.76,70.59,79.83,78.15,111.96,80.61,72.12,71.18,80.87,82.48
2022-05-13 12:00:00,107.99,229.04,125.99,78.24,83.8,115.96,80.73,116.43,110.24,231.0,118.74,81.08,76.29,116.27,101.73
2022-05-13 13:00:00,261.24,420.57,285.46,220.57,228.58,275.27,225.44,275.53,267.56,423.97,279.09,223.98,218.3,275.52,251.44
2022-05-13 14:00:00,416.46,581.51,439.15,381.51,388.94,413.43,380.13,429.17,411.52,588.06,430.77,384.98,379.51,405.67,421.13
2022-05-13 15:00:00,531.84,700.0,553.46,500.0,508.85,520.8,493.04,546.51,528.96,707.0,548.1,504.12,497.91,511.66,556.84
2022-05-13 16:00:00,604.3,778.19,624.93,578.19,587.0,573.95,569.39,624.88,601.17,785.37,631.97,582.93,575.97,549.03,640.39
2022-05-13 17:00:00,427.5,599.25,448.7,401.0,412.31,396.73,397.84,450.89,453.55,601.65,453.23,405.73,402.48,369.02,471.62
2022-05-13 18:00:00,214.09,242.83,215.4,216.93,220.81,190.65,211.19,223.45,226.96,243.38,224.75,218.43,235.7,179.93,252.47
2022-05-13 19:00:00,198.73,208.56,198.34,203.85,203.9,177.93,203.04,203.89,206.08,209.28,204.07,204.26,203.98,165.8,223.93
2022-05-13 20:00:00,111.14,118.08,111.61,113.08,112.85,99.64,115.66,115.61,118.99,118.74,116.44,113.23,112.96,91.41,149.74
2022-05-13 21:00:00,78.89,81.12,79.22,79.36,79.12,75.06,81.33,80.63,82.06,81.44,81.05,79.38,79.25,71.37,97.35
2022-05-13 22:00:00,69.29,69.58,69.37,69.55,69.36,67.84,70.51,69.88,70.14,69.89,70.01,69.57,69.41,66.32,78.51
2022-05-13 23:00:00,64.3,64.58,64.37,64.48,64.29,63.27,65.13,64.68,64.76,64.84,64.76,64.46,64.46,62.3,70.94
2022-05-14 00:00:00,60.3,60.08,60.83,59.77,56.0,59.98,63.48,60.46,61.17,60.27,60.73,59.75,59.73,58.88,78.48
2022-05-14 01:00:00,49.56,49.39,50.0,49.04,44.42,49.54,52.03,49.61,50.01,49.42,49.77,49.03,49.0,49.25,62.7
2022-05-14 02:00:00,46.65,46.58,47.05,46.15,43.61,46.74,48.73,46.63,46.94,46.67,46.76,46.14,46.11,46.75,59.41
2022-05-14 03:00:00,46.49,46.32,46.86,46.04,45.88,46.54,48.52,46.5,46.87,46.33,46.67,46.03,46.02,46.45,59.63
2022-05-14 04:00:00,46.8,46.63,47.17,46.34,46.2,46.88,48.84,46.8,47.12,46.64,46.95,46.33,46.32,46.85,59.56
2022-05-14 05:00:00,49.61,49.46,49.96,49.18,48.88,49.69,51.53,49.61,49.92,49.47,49.76,49.16,49.15,49.66,62.26
2022-05-14 06:00:00,51.28,51.49,51.61,50.99,50.47,50.76,53.2,51.43,51.72,51.59,51.56,50.99,50.96,51.44,64.97
2022-05-14 07:00:00,52.7,52.92,52.96,52.5,52.07,52.22,54.22,52.86,53.09,53.0,52.96,52.5,52.47,52.85,64.22
2022-05-14 08:00:00,50.89,51.41,51.0,50.95,50.87,49.96,51.69,51.03,51.08,51.55,51.08,50.96,50.94,50.83,56.21
2022-05-14 09:00:00,58.62,59.62,58.48,59.02,59.34,57.53,57.74,58.71,58.54,59.96,58.68,59.01,59.01,58.54,65.72
2022-05-14 10:00:00,70.61,76.43,70.51,71.03,72.15,68.37,66.2,70.26,69.11,77.97,70.08,71.05,71.02,69.18,86.04
2022-05-14 11:00:00,85.48,96.81,85.88,85.0,86.81,83.38,78.34,85.18,84.02,99.12,85.08,85.16,84.88,84.36,107.34
2022-05-14 12:00:00,118.43,137.3,119.0,117.04,121.89,118.07,103.57,120.06,117.78,137.71,119.93,120.84,116.02,118.87,167.88
2022-05-14 13:00:00,198.71,262.04,205.11,187.04,195.29,202.74,168.63,204.04,200.52,262.04,204.84,189.07,185.86,202.94,268.63
2022-05-14 14:00:00,512.79,578.0,518.34,503.0,512.05,513.25,479.09,517.79,511.04,579.78,518.18,504.98,501.86,512.9,604.09
2022-05-14 15:00:00,616.65,682.37,622.0,607.91,616.32,613.63,584.1,621.38,611.88,684.76,621.46,609.8,607.25,613.83,709.11
2022-05-14 16:00:00,721.84,788.67,727.0,713.67,722.62,717.19,688.46,727.95,720.46,790.96,728.37,716.05,732.72,713.41,813.46
2022-05-14 17:00:00,596.04,637.15,596.92,594.76,603.66,590.26,565.52,600.51,593.25,637.92,600.59,596.39,614.04,586.4,715.52
2022-05-14 18:00:00,304.53,319.47,301.61,309.41,318.46,297.63,279.95,306.67,304.11,319.78,307.33,310.91,311.87,293.47,429.95
2022-05-14 19:00:00,269.4,273.56,268.38,272.56,275.75,261.72,265.7,270.66,270.05,273.86,270.92,273.0,284.66,254.44,352.76
2022-05-14 20:00:00,121.43,124.89,123.26,119.43,117.09,119.95,128.77,123.42,126.11,125.0,124.29,119.53,119.22,115.49,202.78
2022-05-14 21:00:00,76.89,78.84,78.05,75.72,75.46,75.58,82.06,77.81,79.11,78.94,78.2,75.77,75.61,73.85,107.07
2022-05-14 22:00:00,62.69,62.43,63.25,62.19,62.02,62.02,66.38,62.96,63.72,62.6,63.15,62.17,62.15,60.25,80.06
2022-05-14 23:00:00,55.02,55.44,55.56,54.5,52.43,54.43,57.85,54.9,55.27,56.05,54.99,54.48,54.47,53.68,66.86
2022-05-15 00:00:00,45.12,45.47,45.32,44.97,44.14,44.7,46.13,45.41,45.56,45.5,45.46,45.0,44.95,45.6,49.56
2022-05-15 01:00:00,40.41,40.83,40.67,40.19,39.1,40.04,41.61,40.58,40.76,40.88,40.65,40.21,40.17,40.74,44.26
2022-05-15 02:00:00,37.46,37.52,37.67,37.3,36.43,37.08,38.77,37.58,37.71,37.52,37.63,37.3,37.28,37.7,41.2
2022-05-15 03:00:00,21.13,21.32,21.33,20.87,19.63,21.23,21.89,21.17,21.29,21.33,21.22,20.88,20.86,21.31,24.15
2022-05-15 04:00:00,37.12,37.25,37.3,37.0,36.33,36.76,38.18,37.25,37.37,37.25,37.31,36.99,36.98,37.38,40.38
2022-05-15 05:00:00,32.8,32.81,32.98,32.66,31.6,32.53,33.9,32.9,33.0,32.82,32.94,32.66,32.65,32.99,36.34
2022-05-15 06:00:00,23.44,23.99,23.72,23.05,21.83,23.53,24.29,23.54,23.84,24.05,23.64,23.08,23.02,23.76,26.92
2022-05-15 07:00:00,26.84,27.51,27.1,26.5,25.49,26.87,27.5,26.98,27.22,27.5,27.07,26.53,26.47,27.2,29.37
2022-05-15 08:00:00,29.02,29.9,29.2,28.8,28.71,28.87,29.22,29.16,29.5,29.95,29.21,28.84,28.78,29.31,29.74
2022-05-15 09:00:00,38.39,41.15,38.79,37.89,37.98,37.89,38.22,38.78,39.7,41.33,38.9,37.97,37.84,39.15,38.57
2022-05-15 10:00:00,50.48,56.66,51.36,49.28,49.48,49.81,49.67,51.04,51.3,57.4,51.27,49.4,49.21,51.76,50.47
2022-05-15 11:00:00,57.73,74.01,60.09,54.01,53.84,57.95,54.4,58.94,61.04,76.01,59.46,54.51,53.75,60.76,56.21
2022-05-15 12:00:00,72.15,105.65,76.88,65.0,65.85,71.12,65.74,73.22,73.4,110.01,74.01,65.96,64.5,74.4,69.34
2022-05-15 13:00:00,92.52,155.52,101.81,77.35,79.83,95.66,78.7,97.79,99.81,157.05,99.76,79.57,76.2,100.74,89.77
2022-05-15 14:00:00,318.38,383.59,326.81,305.88,308.8,314.31,303.46,325.48,324.16,386.49,327.48,308.17,304.77,327.34,319.59
2022-05-15 15:00:00,868.7,945.42,876.22,861.51,864.58,844.99,852.97,878.68,872.97,948.02,879.93,863.91,860.43,867.87,877.23
2022-05-15 16:00:00,1153.99,1249.74,1161.79,1149.73,1153.04,1112.97,1134.7,1165.49,1152.89,1252.79,1165.99,1152.43,1148.56,1139.11,1166.69
2022-05-15 17:00:00,1091.82,1166.22,1097.48,1091.22,1093.26,1050.87,1081.62,1103.82,1095.59,1168.32,1106.34,1093.49,1090.31,1072.03,1106.62
2022-05-15 18:00:00,564.96,599.52,567.59,566.9,565.07,536.96,566.97,573.23,570.4,600.0,573.72,567.76,566.44,559.84,578.27
2022-05-15 19:00:00,393.36,410.05,394.74,395.76,390.82,373.14,400.0,401.17,405.01,410.08,402.16,396.24,395.44,382.55,427.98
2022-05-15 20:00:00,115.89,128.69,118.11,113.91,99.01,110.53,119.3,119.38,121.37,128.93,120.25,114.27,113.53,106.91,156.25
2022-05-15 21:00:00,72.58,82.21,73.98,71.46,48.64,68.27,74.0,73.59,74.85,85.02,74.03,71.64,71.29,67.26,89.63
2022-05-15 22:00:00,62.79,65.5,63.23,62.5,31.52,61.27,63.64,63.64,64.39,65.78,63.86,62.59,62.44,60.84,70.48
2022-05-15 23:00:00,57.27,57.79,57.38,57.51,29.5,55.64,58.58,57.67,58.06,58.1,57.75,57.51,57.5,55.33,64.47
2022-05-16 00:00:00,41.89,42.2,42.04,41.91,31.8,40.99,43.08,42.06,42.3,42.44,42.14,41.92,41.91,40.99,45.46
2022-05-16 01:00:00,39.0,39.19,39.11,39.07,31.27,38.17,40.01,39.23,39.48,39.32,39.29,39.06,39.05,38.04,42.1
2022-05-16 02:00:00,33.68,33.73,33.79,33.64,31.32,33.35,34.42,33.82,33.93,33.73,33.87,33.64,33.63,33.72,36.52
2022-05-16 03:00:00,34.99,35.08,35.08,35.0,34.83,34.54,35.7,35.16,35.25,35.08,35.2,34.99,34.99,35.09,37.74
2022-05-16 04:00:00,41.35,41.54,41.45,41.43,41.4,40.53,42.32,41.62,41.73,41.54,41.67,41.42,41.42,41.62,44.73
2022-05-16 05:00:00,45.35,45.56,45.51,45.4,45.39,44.28,46.81,45.72,45.91,45.57,45.82,45.39,45.39,45.45,49.47
2022-05-16 06:00:00,52.46,52.88,52.45,52.91,52.83,50.57,53.46,53.06,53.16,52.92,53.21,52.91,52.9,52.25,57.43
2022-05-16 07:00:00,51.36,51.79,51.34,51.79,51.68,49.59,52.2,51.92,51.96,51.84,52.05,51.8,51.78,51.39,56.2
2022-05-16 08:00:00,49.62,50.27,49.61,50.0,49.92,48.0,50.16,49.97,49.86,50.43,50.01,50.0,49.99,50.06,51.67
2022-05-16 09:00:00,54.4,56.21,54.49,54.68,54.65,52.4,54.69,54.81,54.54,56.64,54.91,54.69,54.68,55.12,54.89
2022-05-16 10:00:00,64.78,70.5,65.44,64.11,64.34,63.03,64.14,65.7,66.2,71.34,66.0,64.19,64.06,66.74,64.95
2022-05-16 11:00:00,78.27,94.57,80.4,75.48,75.99,75.87,75.67,79.16,79.41,96.88,79.74,75.78,77.05,80.79,77.5
2022-05-16 12:00:00,108.79,140.35,113.39,101.31,103.0,110.09,101.82,113.48,118.92,140.36,114.84,102.25,100.73,117.63,105.7
2022-05-16 13:00:00,120.21,200.4,131.93,101.07,105.04,124.07,102.18,128.61,126.87,200.6,130.92,103.14,105.2,130.19,113.18
2022-05-16 14:00:00,247.13,338.61,259.56,228.11,232.48,244.68,226.85,263.85,259.22,339.65,265.45,230.35,234.61,256.11,243.21
2022-05-16 15:00:00,336.87,452.0,351.87,314.9,320.32,329.08,311.48,354.49,356.56,455.12,357.43,318.01,323.93,350.17,341.49
2022-05-16 16:00:00,390.92,558.09,411.58,364.2,369.24,363.85,360.18,410.66,398.29,563.65,420.39,368.7,375.96,374.19,391.18
2022-05-16 17:00:00,238.28,331.21,248.99,225.0,227.63,220.74,218.99,266.37,259.59,333.64,269.06,227.38,235.92,228.91,245.39
2022-05-16 18:00:00,100.58,133.44,105.45,92.52,94.64,102.76,93.1,127.81,141.93,134.41,127.84,93.43,96.87,112.6,108.1
2022-05-16 19:00:00,87.44,102.0,89.45,85.32,85.74,83.19,87.3,100.19,114.27,102.44,100.37,85.69,87.99,84.97,97.17
2022-05-16 20:00:00,77.31,88.02,78.76,76.23,76.12,72.35,78.43,81.12,85.49,88.66,82.13,76.56,77.58,69.74,97.71
2022-05-16 21:00:00,64.42,75.83,66.03,62.41,60.14,62.29,63.59,67.25,76.3,76.2,68.24,62.89,65.21,62.18,74.69
2022-05-16 22:00:00,55.87,60.23,56.3,55.61,50.11,53.94,55.43,57.34,65.86,61.17,57.72,55.82,57.06,53.0,60.47
2022-05-16 23:00:00,49.52,50.68,49.28,50.39,43.79,46.85,49.18,50.34,51.21,51.36,50.46,50.48,50.65,44.38,54.75
2022-05-17 00:00:00,51.17,52.86,51.37,51.29,43.75,49.39,51.93,51.86,52.5,52.99,51.98,51.38,51.3,48.94,54.72
2022-05-17 01:00:00,49.54,50.8,49.79,49.56,42.44,48.03,50.8,50.11,50.86,50.84,50.24,49.64,49.56,47.16,52.76
2022-05-17 02:00:00,41.78,42.67,42.01,41.67,36.38,40.93,42.79,42.08,42.5,42.65,42.14,41.75,41.68,40.87,44.64
2022-05-17 03:00:00,39.21,39.87,39.4,39.17,34.55,38.3,40.28,39.49,39.83,39.89,39.55,39.22,39.18,38.47,42.02
2022-05-17 04:00:00,43.62,44.32,43.83,43.47,39.62,43.08,44.46,44.01,44.04,44.37,44.01,43.44,43.47,43.99,46.21
2022-05-17 05:00:00,45.67,46.82,45.87,45.62,42.76,44.63,46.42,46.07,46.31,46.95,46.16,45.64,45.62,45.58,48.33
2022-05-17 06:00:00,73.69,73.97,73.47,73.97,69.46,73.59,72.35,74.14,74.21,74.04,74.24,73.97,73.97,73.46,76.13
2022-05-17 07:00:00,68.66,69.04,68.34,69.06,64.04,68.56,66.71,69.23,69.46,69.12,69.32,69.07,69.08,67.84,68.82
2022-05-17 08:00:00,54.99,57.98,53.32,56.46,41.7,56.64,42.21,57.47,57.48,58.25,57.26,56.51,56.73,56.0,42.61
2022-05-17 09:00:00,53.21,61.9,48.19,57.34,14.22,59.31,14.21,60.16,60.78,62.47,59.7,57.47,58.05,58.46,14.86
2022-05-17 10:00:00,52.67,70.3,47.47,55.85,1.42,62.22,1.5,63.28,63.77,70.81,62.78,58.95,58.78,61.29,2.3
2022-05-17 11:00:00,52.79,75.39,47.53,56.74,0.38,57.77,0.22,61.64,62.26,76.76,60.91,57.93,58.11,59.43,1.38
2022-05-17 12:00:00,67.65,111.03,62.68,71.14,0.31,68.34,0.23,75.36,75.22,112.16,74.01,71.94,72.06,68.64,1.41
2022-05-17 13:00:00,72.58,164.32,75.7,64.32,4.27,71.61,2.53,78.08,89.21,164.61,78.16,68.18,67.81,73.68,5.31
2022-05-17 14:00:00,83.47,204.22,92.15,66.3,16.82,85.41,12.69,98.78,105.94,203.94,102.86,71.86,69.71,85.41,18.69
2022-05-17 15:00:00,103.16,275.07,118.6,75.48,24.73,104.26,19.59,125.29,142.41,277.14,132.04,81.94,78.5,103.3,28.56
2022-05-17 16:00:00,115.69,279.57,129.23,91.94,41.37,111.68,33.73,137.87,172.62,284.38,148.61,98.76,100.83,112.51,44.83
2022-05-17 17:00:00,95.71,189.27,97.7,89.27,28.72,92.28,20.0,117.98,142.89,189.56,129.71,95.59,99.38,94.19,29.81
2022-05-17 18:00:00,78.79,121.31,75.8,81.51,33.01,73.25,27.13,90.32,109.99,120.5,97.31,87.51,93.12,78.19,33.13
2022-05-17 19:00:00,84.42,106.51,83.99,86.51,70.51,73.34,69.58,87.49,89.02,106.52,88.18,88.63,91.68,69.89,75.6
2022-05-17 20:00:00,85.83,106.81,85.86,86.81,76.98,77.31,72.53,88.46,91.34,107.8,88.78,88.21,90.16,74.04,97.05
2022-05-17 21:00:00,67.06,80.51,65.61,69.38,54.49,61.86,50.69,70.91,74.99,80.6,70.83,69.76,70.79,59.77,67.29
2022-05-17 22:00:00,56.58,61.55,54.74,58.83,42.7,55.26,43.31,59.76,64.55,61.85,59.82,58.94,59.06,53.48,49.73
2022-05-17 23:00:00,55.79,59.35,53.69,58.76,41.78,53.2,43.47,58.39,59.89,59.79,58.29,58.86,59.09,51.14,48.66
2022-05-18 00:00:00,58.11,60.67,55.62,61.88,43.21,54.35,45.57,59.49,59.75,60.81,59.26,61.96,64.32,53.08,47.98
2022-05-18 01:00:00,47.93,50.01,46.27,50.76,36.05,44.05,40.25,49.01,49.13,50.11,48.88,50.22,51.44,42.08,42.42
2022-05-18 02:00:00,38.15,40.33,37.03,40.49,29.7,33.58,33.73,38.85,38.76,40.4,38.76,40.22,40.94,29.86,35.57
2022-05-18 03:00:00,30.98,32.91,30.14,33.01,23.62,26.44,28.2,31.8,31.88,32.95,31.74,32.74,33.32,21.53,29.95
2022-05-18 04:00:00,31.13,32.94,30.6,32.86,26.25,26.3,30.27,31.64,31.51,33.07,31.74,32.71,33.13,22.01,32.17
2022-05-18 05:00:00,46.27,47.68,45.65,48.18,41.44,41.16,45.59,47.0,47.32,47.82,47.1,47.8,48.54,37.61,47.47
2022-05-18 06:00:00,56.37,57.04,56.0,58.2,52.9,50.5,58.26,57.78,59.25,57.07,58.37,58.36,58.43,46.67,60.21
2022-05-18 07:00:00,53.7,54.32,53.27,55.46,50.31,48.42,54.89,54.8,55.85,54.45,55.26,55.68,55.71,45.69,55.93
2022-05-18 08:00:00,51.85,53.67,50.38,54.56,43.48,47.57,45.74,52.84,53.36,54.1,52.87,54.98,55.58,46.23,46.32
2022-05-18 09:00:00,49.14,53.69,46.45,53.25,34.45,44.46,34.42,49.91,49.82,54.44,49.67,54.09,55.86,43.19,34.97
2022-05-18 10:00:00,50.99,60.9,51.23,51.41,44.88,46.05,46.56,51.36,51.66,61.87,51.61,52.72,51.86,46.1,46.73
2022-05-18 11:00:00,57.57,75.75,59.0,57.0,53.66,48.93,54.33,56.87,56.71,77.69,57.0,58.39,57.46,48.92,55.0
2022-05-18 12:00:00,75.0,105.19,77.36,74.75,72.99,58.12,71.39,70.95,70.81,106.08,68.59,75.63,74.79,54.73,73.24
2022-05-18 13:00:00,89.5,140.71,94.52,85.48,85.42,70.63,81.27,87.81,82.62,142.71,86.5,86.82,85.1,68.32,89.03
2022-05-18 14:00:00,136.5,189.78,140.87,134.77,135.13,110.97,127.96,141.18,130.74,191.68,141.41,136.49,134.52,104.81,141.97
2022-05-18 15:00:00,154.41,219.58,160.51,150.0,152.0,128.92,143.55,166.75,155.12,222.17,169.0,152.27,149.54,116.4,160.22
2022-05-18 16:00:00,199.87,271.92,206.1,196.92,199.13,166.23,189.35,215.3,200.74,275.49,217.6,199.99,215.83,148.91,208.63
2022-05-18 17:00:00,202.27,240.74,204.29,205.57,208.18,170.84,200.0,215.45,215.78,241.49,217.57,207.52,224.76,154.87,217.49
2022-05-18 18:00:00,128.43,144.02,128.97,131.71,133.35,109.21,130.95,135.0,140.72,144.32,136.17,132.93,151.71,98.99,143.97
2022-05-18 19:00:00,107.25,122.49,109.07,107.53,108.92,94.09,112.16,113.36,119.03,122.19,114.91,108.54,113.2,84.03,129.71
2022-05-18 20:00:00,89.33,104.18,91.58,87.78,87.75,81.61,92.75,93.54,96.56,104.16,94.98,88.28,87.52,75.82,124.31
2022-05-18 21:00:00,74.74,84.32,76.13,73.84,74.07,69.63,76.75,77.54,79.53,84.45,78.45,74.16,73.83,66.49,96.45
2022-05-18 22:00:00,69.79,72.03,69.84,71.11,70.69,63.7,72.51,71.61,72.46,72.21,71.93,71.15,71.12,60.29,81.51
2022-05-18 23:00:00,60.57,61.85,60.47,62.04,61.54,54.75,63.26,62.06,62.76,61.95,62.31,62.04,62.06,50.95,70.53
2022-05-19 00:00:00,59.37,59.53,59.31,60.25,60.57,56.07,61.4,60.2,61.63,59.83,60.71,60.26,60.28,49.78,64.66
2022-05-19 01:00:00,51.83,51.6,51.79,52.66,53.14,48.65,54.25,52.76,54.24,51.59,53.21,52.68,52.69,42.61,57.45
2022-05-19 02:00:00,48.91,48.85,48.86,49.74,50.2,45.74,51.13,49.73,51.04,48.85,50.16,49.76,49.75,40.02,53.44
2022-05-19 03:00:00,48.49,48.32,48.46,49.26,49.71,45.53,50.74,49.3,50.66,48.32,49.75,49.29,49.28,40.26,52.75
2022-05-19 04:00:00,53.46,53.24,53.47,54.07,54.46,51.02,55.55,54.16,55.34,53.22,54.58,54.09,54.08,46.66,57.75
2022-05-19 05:00:00,66.25,66.33,66.3,66.61,66.76,64.58,67.66,66.66,67.14,66.39,66.97,66.61,66.61,61.3,69.62
2022-05-19 06:00:00,74.62,74.69,74.62,74.97,74.99,73.23,75.6,75.12,75.66,74.75,75.37,74.98,74.96,69.92,78.76
2022-05-19 07:00:00,65.85,66.1,65.86,66.18,66.2,64.48,66.68,66.25,66.6,66.26,66.49,66.18,66.18,61.84,68.74
2022-05-19 08:00:00,54.29,55.62,54.16,55.23,54.96,50.92,54.87,54.33,54.0,55.92,54.35,55.44,55.34,47.92,55.11
2022-05-19 09:00:00,54.29,57.54,54.1,55.82,55.12,48.45,54.59,53.72,52.45,58.29,53.58,56.21,56.02,44.18,54.58
2022-05-19 10:00:00,57.72,63.7,57.73,59.35,58.57,49.76,58.12,56.75,53.93,65.26,56.5,59.7,59.48,45.83,58.13
2022-05-19 11:00:00,69.64,84.0,70.68,69.96,69.24,60.27,68.47,68.43,64.18,85.79,68.12,70.4,69.98,55.73,68.91
2022-05-19 12:00:00,87.64,124.28,91.52,84.15,83.55,75.3,82.34,86.22,79.04,125.98,85.69,85.15,83.89,66.56,83.88
2022-05-19 13:00:00,111.31,163.6,117.26,104.69,104.57,98.25,102.49,111.65,102.05,164.49,111.75,106.18,104.3,88.21,105.73
2022-05-19 14:00:00,109.5,174.26,117.35,99.26,99.95,99.3,96.56,111.75,103.16,175.45,112.23,101.26,98.71,92.79,102.58
2022-05-19 15:00:00,124.47,210.13,134.89,110.12,107.89,114.04,105.27,128.68,117.86,211.35,129.02,113.46,119.15,108.68,114.27
2022-05-19 16:00:00,118.08,203.85,127.61,103.84,88.81,111.48,91.26,126.04,121.16,205.8,128.25,109.05,123.76,110.99,106.15
2022-05-19 17:00:00,96.0,160.26,103.01,85.26,69.68,92.01,74.49,104.36,104.21,160.44,108.13,89.56,104.98,93.46,82.47
2022-05-19 18:00:00,72.36,115.27,76.67,64.84,42.2,72.89,53.67,80.81,89.52,115.27,87.84,68.83,67.39,76.62,60.47
2022-05-19 19:00:00,81.85,118.6,87.79,72.92,54.29,81.68,77.94,86.92,89.32,118.6,88.24,74.6,72.16,75.95,89.09
2022-05-19 20:00:00,83.38,119.84,89.85,73.41,48.37,85.06,81.07,90.06,92.0,120.25,92.58,75.01,72.46,82.96,103.64
2022-05-19 21:00:00,70.48,89.41,74.14,64.35,40.38,73.88,68.9,74.59,80.83,89.32,75.73,65.47,63.73,70.92,83.93
2022-05-19 22:00:00,65.72,70.2,66.31,64.36,34.94,67.5,63.2,67.49,76.98,70.93,67.64,64.57,64.17,64.35,72.65
2022-05-19 23:00:00,58.88,60.68,58.64,59.29,29.15,58.14,56.45,60.11,63.41,61.24,60.2,59.48,59.3,54.69,62.6
2022-05-20 00:00:00,56.37,60.54,53.3,60.02,11.75,55.62,37.03,59.47,60.7,60.97,59.1,60.02,60.82,49.83,45.03
2022-05-20 01:00:00,47.49,51.2,44.89,50.48,4.99,47.24,30.66,51.26,52.72,51.38,50.99,50.42,50.68,41.47,36.47
2022-05-20 02:00:00,41.04,43.53,39.77,43.07,13.25,38.37,34.11,42.75,43.46,43.72,42.67,43.16,43.27,32.93,38.09
2022-05-20 03:00:00,33.29,35.43,32.54,34.88,8.43,30.0,29.83,34.72,35.41,35.63,34.81,34.91,35.0,24.42,34.18
2022-05-20 04:00:00,36.44,38.59,35.95,37.79,14.36,32.98,34.45,37.67,38.25,38.88,37.9,37.83,37.88,27.75,38.79
2022-05-20 05:00:00,46.64,48.78,46.5,47.61,23.21,43.03,46.58,47.32,47.26,49.03,47.46,47.61,47.68,38.16,52.14
2022-05-20 06:00:00,56.78,59.33,56.48,58.04,32.0,52.83,55.71,57.95,57.84,59.45,58.08,58.07,58.33,47.21,64.08
2022-05-20 07:00:00,59.9,62.83,59.43,61.49,37.34,55.32,58.08,61.16,60.88,62.96,61.24,61.5,61.83,48.6,65.15
2022-05-20 08:00:00,52.38,58.56,50.11,56.54,36.06,45.52,39.81,53.5,51.71,59.08,52.94,56.83,57.21,37.71,40.41
2022-05-20 09:00:00,55.11,68.2,50.96,61.56,28.08,46.75,27.32,56.12,52.26,70.3,54.93,62.04,62.61,39.29,27.47
2022-05-20 10:00:00,60.15,83.56,59.25,62.36,41.17,50.54,40.54,60.13,56.09,86.59,59.58,62.96,62.7,44.26,40.87
2022-05-20 11:00:00,68.1,89.47,69.26,68.16,62.75,57.72,61.67,66.85,62.45,91.35,66.45,68.89,68.32,53.25,62.08
2022-05-20 12:00:00,75.61,117.23,80.33,70.5,69.85,64.66,68.91,75.36,68.34,117.83,75.28,71.69,70.42,61.81,69.83
2022-05-20 13:00:00,83.54,146.63,91.84,71.63,73.01,78.26,70.86,89.87,80.43,146.53,91.93,73.5,70.7,79.11,75.66
2022-05-20 14:00:00,110.1,173.98,118.04,98.98,100.53,103.2,96.01,117.71,106.56,173.68,119.92,100.87,98.06,105.67,104.77
2022-05-20 15:00:00,151.0,221.75,159.72,138.06,139.68,146.24,132.85,161.11,153.89,222.15,163.83,140.7,140.85,149.45,146.57
2022-05-20 16:00:00,162.46,236.39,170.65,150.48,147.97,155.73,140.0,170.31,168.73,236.5,172.44,154.2,167.49,161.46,155.0
2022-05-20 17:00:00,97.3,155.77,103.7,87.81,84.34,92.42,78.81,104.47,111.85,154.85,107.21,90.77,93.22,94.36,89.3
2022-05-20 18:00:00,75.75,103.19,78.1,72.61,67.8,71.27,65.33,78.7,86.61,103.0,79.3,75.04,92.43,72.49,70.86
2022-05-20 19:00:00,75.76,97.83,78.62,72.3,68.69,71.29,73.06,78.96,82.84,97.47,79.74,73.46,72.64,66.05,77.68
2022-05-20 20:00:00,77.37,89.95,78.99,75.95,72.44,72.62,77.44,79.28,80.87,90.3,79.9,76.45,75.85,67.46,85.46
2022-05-20 21:00:00,74.18,81.3,75.05,73.57,70.52,70.9,74.42,76.08,77.86,81.4,76.66,73.95,73.92,64.87,83.28
2022-05-20 22:00:00,70.52,73.85,70.97,70.36,65.32,68.27,71.41,71.86,73.58,74.05,72.29,70.56,70.36,63.88,76.56
2022-05-20 23:00:00,64.16,65.31,64.27,64.43,59.0,62.32,65.03,65.43,66.53,65.38,65.63,64.54,64.44,58.53,67.73
2022-05-21 00:00:00,60.36,61.19,60.23,61.0,16.51,58.19,60.55,60.84,61.54,61.66,61.01,60.97,61.13,55.38,64.93
2022-05-21 01:00:00,56.43,56.92,56.38,57.05,14.26,54.03,57.52,56.97,57.8,57.21,57.2,57.05,57.14,50.72,60.0
2022-05-21 02:00:00,52.61,52.74,52.58,53.26,17.31,50.1,54.2,53.3,54.35,52.85,53.58,53.24,53.32,45.95,56.49
2022-05-21 03:00:00,48.1,48.5,48.12,48.7,15.0,45.5,49.79,48.66,49.57,48.65,48.92,48.69,48.74,41.44,52.41
2022-05-21 04:00:00,49.21,49.54,49.25,49.84,14.32,46.49,51.12,49.87,50.84,49.66,50.26,49.83,49.88,42.07,54.83
2022-05-21 05:00:00,52.25,52.52,52.28,53.05,15.64,48.86,54.67,53.09,54.44,52.65,53.89,53.06,53.1,42.82,58.63
2022-05-21 06:00:00,58.87,61.27,58.97,60.0,16.51,53.38,61.22,59.25,59.79,62.02,60.02,60.0,60.04,46.53,65.0
2022-05-21 07:00:00,58.95,60.0,58.96,59.86,15.32,55.07,60.89,59.6,60.77,60.46,60.0,59.88,59.89,49.27,62.16
2022-05-21 08:00:00,52.96,57.41,52.41,54.39,9.87,49.01,48.81,52.99,53.17,58.97,52.98,54.39,54.5,44.85,49.27
2022-05-21 09:00:00,49.85,61.99,45.92,54.5,-3.81,47.76,19.43,52.02,51.33,65.15,51.53,54.27,54.91,44.73,19.74
2022-05-21 10:00:00,56.06,70.89,51.93,60.46,7.75,55.09,21.27,59.25,58.73,73.77,58.88,60.29,60.85,53.93,21.63
2022-05-21 11:00:00,62.71,100.0,63.26,60.0,23.1,63.11,29.93,66.32,65.86,102.35,66.55,60.63,59.87,64.59,30.48
2022-05-21 12:00:00,76.61,126.85,81.16,68.41,49.64,77.2,52.2,80.56,78.18,128.85,80.6,69.91,68.4,80.9,52.65
2022-05-21 13:00:00,78.91,140.14,86.19,65.13,51.45,86.64,52.87,89.1,89.48,141.59,89.19,67.15,67.65,96.55,53.72
2022-05-21 14:00:00,113.05,174.19,120.68,99.19,89.38,119.48,89.85,123.0,122.7,177.26,124.57,101.35,101.71,133.51,91.75
2022-05-21 15:00:00,176.36,247.87,185.31,160.37,150.6,182.79,150.22,188.35,186.15,251.23,188.32,162.93,162.9,199.67,153.39
2022-05-21 16:00:00,200.3,270.18,209.35,182.98,172.79,212.13,172.1,216.28,219.69,271.1,217.46,185.73,185.5,231.28,176.1
2022-05-21 17:00:00,111.73,171.24,119.38,96.24,85.21,125.11,84.95,131.71,134.2,171.49,131.4,98.57,97.77,138.85,89.86
2022-05-21 18:00:00,80.98,124.45,86.8,69.3,61.23,90.98,62.48,92.42,95.83,124.45,93.0,70.98,68.66,96.11,64.83
2022-05-21 19:00:00,74.57,107.69,80.04,64.99,61.83,79.99,67.5,81.35,82.94,107.08,81.86,66.37,64.44,80.22,73.51
2022-05-21 20:00:00,69.62,90.33,74.01,62.83,53.88,71.54,71.33,72.28,76.65,90.48,73.39,63.55,62.35,68.31,112.16
2022-05-21 21:00:00,67.93,86.44,72.2,61.51,40.84,69.38,71.47,69.56,71.93,87.17,70.44,62.05,61.06,67.54,115.33
2022-05-21 22:00:00,60.59,64.88,61.48,59.01,33.56,61.84,60.16,61.92,63.34,65.05,62.27,59.07,58.93,61.23,84.17
2022-05-21 23:00:00,55.37,56.49,56.0,54.5,33.21,55.67,57.33,55.89,56.68,56.74,56.08,54.46,54.46,56.18,76.72
2022-05-22 00:00:00,62.82,69.3,63.59,60.62,50.77,66.68,57.79,64.08,69.94,69.59,63.34,60.73,60.46,68.23,62.05
2022-05-22 01:00:00,52.24,54.16,52.42,51.65,46.12,53.35,50.51,52.81,53.47,54.66,52.64,51.65,51.62,54.91,54.85
2022-05-22 02:00:00,45.35,46.98,45.83,44.51,44.12,46.04,45.8,45.61,46.12,47.24,45.56,44.53,44.45,47.57,49.63
2022-05-22 03:00:00,39.74,40.99,40.22,38.99,38.83,40.22,40.68,39.87,40.27,41.42,39.85,39.0,38.94,41.23,44.83
2022-05-22 04:00:00,36.99,38.27,37.49,36.2,36.05,37.47,38.01,37.11,37.52,38.67,37.09,36.21,36.15,38.23,42.36
2022-05-22 05:00:00,47.47,48.63,47.94,46.73,46.57,47.99,48.39,47.58,47.97,49.19,47.55,46.74,46.68,48.87,52.81
2022-05-22 06:00:00,54.86,56.19,55.25,54.23,54.18,55.19,55.38,54.97,55.21,56.4,55.05,54.27,54.19,55.96,60.49
2022-05-22 07:00:00,55.7,57.1,56.06,55.1,55.05,56.11,55.92,55.84,56.1,57.41,55.9,55.13,55.06,56.39,59.84
2022-05-22 08:00:00,64.03,66.87,64.54,62.98,62.81,65.23,63.06,64.31,65.49,67.38,64.24,63.04,62.91,65.97,64.74
2022-05-22 09:00:00,60.31,67.54,61.51,58.11,58.3,61.89,58.48,60.83,61.68,67.79,61.04,58.32,57.96,62.45,58.9
2022-05-22 10:00:00,62.29,76.96,64.68,57.96,58.4,65.16,58.64,62.82,65.31,77.76,63.34,58.38,57.69,66.84,58.79
2022-05-22 11:00:00,58.87,77.87,62.15,52.86,54.01,63.34,54.54,60.26,62.25,78.67,61.05,53.34,52.6,65.51,54.98
2022-05-22 12:00:00,64.66,83.93,67.88,58.93,59.94,68.23,60.42,65.75,67.37,84.45,66.43,59.61,58.57,70.43,60.82
2022-05-22 13:00:00,63.59,94.82,68.72,54.63,56.19,68.45,56.96,65.18,67.45,95.79,66.18,55.8,54.05,71.1,57.62
2022-05-22 14:00:00,62.46,88.82,66.83,54.84,56.26,66.61,57.05,63.89,65.97,90.37,64.91,55.5,54.51,71.0,57.79
2022-05-22 15:00:00,64.62,87.26,68.25,58.52,59.66,66.92,60.32,65.69,66.79,88.38,66.52,59.06,58.26,70.1,61.14
2022-05-22 16:00:00,69.36,93.99,73.27,62.98,64.32,71.02,65.09,70.79,71.56,95.0,71.71,63.43,62.77,73.45,66.32
2022-05-22 17:00:00,73.03,94.28,76.38,67.76,68.99,73.72,69.74,74.25,75.03,94.58,75.08,68.37,67.49,74.41,71.24
2022-05-22 18:00:00,70.91,85.45,73.22,67.39,68.34,70.93,69.09,71.93,72.95,85.7,72.57,67.94,67.15,70.18,70.58
2022-05-22 19:00:00,79.96,95.02,82.42,76.1,76.9,80.47,78.11,81.47,82.86,95.02,82.12,76.69,75.82,78.55,82.06
2022-05-22 20:00:00,105.52,110.19,106.52,104.0,103.03,105.8,106.09,106.78,108.24,110.19,107.27,104.18,103.85,103.83,131.09
2022-05-22 21:00:00,100.19,102.69,100.76,99.3,97.74,100.55,100.47,100.66,101.19,102.97,100.87,99.36,99.21,100.43,115.93
2022-05-22 22:00:00,80.49,81.57,80.75,80.06,78.6,80.71,80.64,80.72,80.93,81.82,80.83,80.08,80.02,81.11,90.99
2022-05-22 23:00:00,67.37,68.68,67.67,66.83,64.65,67.83,67.37,67.64,67.91,68.93,67.74,66.85,66.78,67.96,78.3
2022-05-23 00:00:00,60.64,61.54,60.99,59.94,56.24,61.61,60.88,60.93,61.34,61.53,61.05,59.95,59.86,62.37,70.88
2022-05-23 01:00:00,51.19,51.25,51.29,50.99,47.33,51.57,51.34,51.39,51.58,51.32,51.47,50.97,50.95,51.79,56.9
2022-05-23 02:00:00,49.71,49.89,49.8,49.51,46.41,50.07,49.74,49.95,50.13,50.23,50.03,49.5,49.48,50.15,55.3
2022-05-23 03:00:00,49.42,49.51,49.48,49.28,47.4,49.71,49.44,49.63,49.78,49.51,49.7,49.27,49.25,49.77,55.0
2022-05-23 04:00:00,51.34,51.42,51.39,51.19,50.31,51.66,51.3,51.55,51.71,51.42,51.61,51.18,51.16,51.77,57.32
2022-05-23 05:00:00,60.39,60.42,60.51,60.14,59.67,60.75,60.74,60.58,60.78,60.43,60.65,60.13,60.12,60.92,70.4
2022-05-23 06:00:00,70.4,70.77,70.6,70.0,69.5,70.9,70.72,70.81,71.04,70.99,70.91,70.05,70.06,71.1,84.59
2022-05-23 07:00:00,66.77,67.01,66.9,66.53,66.08,67.08,67.0,67.02,67.19,67.06,67.13,66.55,66.55,67.24,77.4
2022-05-23 08:00:00,67.34,68.28,67.51,67.06,66.86,67.41,67.27,67.38,67.48,68.43,67.44,67.07,67.04,67.67,73.3
2022-05-23 09:00:00,62.12,67.76,63.11,60.28,60.17,63.47,60.94,62.14,65.32,68.3,62.42,60.36,60.24,63.74,63.69
2022-05-23 10:00:00,64.7,75.52,66.52,61.43,61.5,66.84,62.28,65.2,67.57,76.15,65.55,61.62,61.32,67.24,62.53
2022-05-23 11:00:00,68.84,99.16,73.85,60.0,60.71,74.04,62.2,70.31,72.97,99.77,71.82,60.8,59.48,75.97,62.82
2022-05-23 12:00:00,70.05,97.66,74.57,62.16,63.19,74.3,64.14,71.45,74.33,98.05,72.99,62.95,61.66,76.91,64.67
2022-05-23 13:00:00,77.77,144.73,88.95,57.86,61.13,90.23,62.98,81.73,88.11,145.79,85.31,59.67,56.73,93.91,64.28
2022-05-23 14:00:00,80.39,145.48,91.56,60.0,62.99,95.19,65.59,85.77,94.51,145.76,88.45,61.76,58.89,98.98,66.99
2022-05-23 15:00:00,81.36,151.78,93.25,60.0,63.58,95.51,65.73,86.1,95.01,153.09,88.79,61.95,58.82,99.93,67.25
2022-05-23 16:00:00,77.36,138.57,87.36,60.0,61.4,86.34,64.52,80.3,84.97,140.23,82.21,61.74,59.01,89.44,65.72
2022-05-23 17:00:00,75.28,109.88,80.9,65.64,64.02,79.83,68.26,77.75,80.25,110.14,78.9,66.72,65.01,83.26,69.02
2022-05-23 18:00:00,67.65,92.01,71.49,61.31,56.2,69.58,63.06,69.22,71.47,92.33,69.9,62.03,60.86,72.81,63.86
2022-05-23 19:00:00,68.39,84.77,71.07,64.03,54.11,69.63,65.86,69.72,72.39,84.97,70.32,64.52,63.7,72.0,69.7
2022-05-23 20:00:00,71.77,84.86,74.01,68.13,58.33,72.9,70.16,72.87,75.86,85.21,73.48,68.53,67.84,75.14,77.5
2022-05-23 21:00:00,65.46,74.31,67.2,62.12,50.69,68.69,63.69,68.3,71.55,74.3,68.56,62.43,61.9,70.11,69.97
2022-05-23 22:00:00,67.08,71.51,68.04,65.08,57.57,69.49,66.09,68.46,69.07,71.58,68.46,65.25,64.98,71.97,69.74
2022-05-23 23:00:00,55.63,57.84,56.16,54.5,49.24,57.14,55.15,56.26,57.27,57.88,56.18,54.58,54.44,58.56,58.95
2022-05-24 00:00:00,55.05,55.06,55.11,55.0,54.82,55.0,55.36,55.08,55.09,55.11,55.1,55.0,55.0,55.34,56.62
2022-05-24 01:00:00,53.38,53.37,53.45,53.31,53.29,53.36,53.76,53.39,53.41,53.37,53.41,53.31,53.31,53.55,54.65
2022-05-24 02:00:00,49.14,49.12,49.2,49.07,49.06,49.13,49.5,49.14,49.16,49.12,49.15,49.07,49.06,49.33,50.12
2022-05-24 03:00:00,49.0,48.96,49.05,49.0,49.03,48.75,49.5,49.07,49.2,48.97,49.16,49.0,49.0,48.49,50.21
2022-05-24 04:00:00,53.87,54.2,53.97,53.8,53.76,53.66,54.21,53.75,53.73,54.39,53.76,53.79,53.79,53.82,55.1
2022-05-24 05:00:00,63.52,64.13,63.62,63.45,63.37,63.21,63.7,63.32,63.27,64.53,63.32,63.44,63.45,63.29,65.06
2022-05-24 06:00:00,75.3,76.59,75.43,75.34,75.24,74.19,75.6,74.98,74.99,77.25,75.02,75.33,75.34,73.94,77.38
2022-05-24 07:00:00,70.55,72.48,70.72,70.62,70.51,69.04,70.73,70.01,69.95,73.41,70.05,70.61,70.63,68.78,72.12
2022-05-24 08:00:00,58.49,64.1,58.93,58.53,58.19,54.99,58.12,56.56,55.91,66.79,56.45,58.48,58.55,54.68,58.16
2022-05-24 09:00:00,52.46,58.57,52.93,52.67,52.62,48.07,52.4,50.09,49.17,61.5,49.86,52.63,52.72,48.51,53.81
2022-05-24 10:00:00,55.18,66.75,56.06,55.44,55.02,47.38,54.66,51.01,49.46,72.13,50.64,55.36,55.51,47.64,55.74
2022-05-24 11:00:00,59.85,72.73,60.8,60.37,60.09,50.4,59.7,55.29,53.76,78.73,54.93,60.29,60.45,49.82,61.56
2022-05-24 12:00:00,62.87,71.01,63.71,62.74,63.63,57.62,63.49,61.53,60.66,72.51,61.47,62.84,62.77,58.18,67.55
2022-05-24 13:00:00,62.78,77.85,64.61,60.71,60.7,59.13,60.73,62.43,62.32,79.58,62.57,60.83,60.6,62.69,60.8
2022-05-24 14:00:00,66.19,88.41,69.18,62.09,62.53,63.59,62.64,67.13,67.15,88.71,67.46,62.36,61.88,68.2,63.01
2022-05-24 15:00:00,69.69,100.09,73.8,64.09,64.8,66.14,64.87,69.78,70.13,101.08,70.27,64.45,63.85,72.02,65.7
2022-05-24 16:00:00,76.35,108.56,80.76,70.17,71.05,73.25,71.07,77.29,77.56,109.19,77.9,70.65,69.87,80.81,72.12
2022-05-24 17:00:00,68.22,88.24,70.95,64.51,64.08,65.89,65.18,70.63,70.81,88.61,71.01,65.02,64.16,71.77,65.81
2022-05-24 18:00:00,63.36,78.47,65.54,60.46,58.29,61.38,61.85,65.59,66.83,78.47,66.31,60.93,60.19,64.2,62.4
2022-05-24 19:00:00,75.17,81.85,75.96,74.89,70.64,71.06,76.06,76.82,78.18,82.1,77.47,75.09,74.79,68.06,78.15
2022-05-24 20:00:00,99.14,103.46,99.57,99.78,95.29,93.54,101.52,100.41,101.35,103.67,100.99,99.91,99.74,86.0,106.19
2022-05-24 21:00:00,67.2,70.57,67.63,67.27,62.73,64.12,68.55,68.18,69.19,70.68,68.63,67.37,67.22,60.54,73.8
2022-05-24 22:00:00,59.44,59.75,59.42,60.11,56.8,56.78,61.04,59.97,60.65,59.88,60.25,60.13,60.13,53.9,64.7
2022-05-24 23:00:00,55.1,55.28,55.01,56.03,53.36,51.72,57.01,55.75,56.68,55.43,56.07,56.05,56.05,47.08,59.61
2022-05-25 00:00:00,59.25,59.92,59.18,60.55,58.47,54.2,62.04,60.12,61.4,60.07,61.29,60.58,60.59,46.8,64.65
2022-05-25 01:00:00,51.5,51.93,51.42,52.74,50.1,46.71,54.32,52.59,54.09,51.96,54.04,52.76,52.76,39.62,56.72
2022-05-25 02:00:00,38.32,38.98,38.26,39.48,37.27,33.69,40.88,39.15,40.28,39.08,40.3,39.51,39.51,27.27,42.9
2022-05-25 03:00:00,44.16,44.5,44.1,45.34,43.39,39.55,47.0,45.09,46.42,44.55,46.15,45.37,45.37,32.84,49.27
2022-05-25 04:00:00,45.59,45.69,45.56,46.43,44.82,42.24,47.89,46.46,47.77,45.71,47.28,46.46,46.45,37.06,50.07
2022-05-25 05:00:00,54.69,54.75,54.74,55.0,53.32,53.14,56.08,55.09,55.75,54.79,55.49,55.01,55.01,50.88,57.71
2022-05-25 06:00:00,75.11,75.19,75.15,75.3,73.4,74.12,75.98,75.49,75.92,75.24,75.67,75.31,75.29,73.43,78.58
2022-05-25 07:00:00,71.36,71.48,71.41,71.44,69.35,70.8,71.93,71.58,71.89,71.58,71.7,71.45,71.43,70.18,74.58
2022-05-25 08:00:00,61.99,63.54,62.26,61.53,58.4,62.13,61.85,61.96,62.12,63.62,61.99,61.58,61.51,62.38,63.6
2022-05-25 09:00:00,56.42,64.76,56.97,54.76,42.95,58.74,49.62,57.33,59.84,64.73,57.52,54.96,54.69,59.85,52.87
2022-05-25 10:00:00,59.82,71.79,60.82,56.79,40.59,64.75,49.96,61.27,66.95,71.55,60.99,57.06,56.62,66.55,52.68
2022-05-25 11:00:00,67.81,76.63,68.66,65.21,50.7,72.37,60.45,68.61,74.69,76.62,68.73,65.36,65.05,76.16,63.15
2022-05-25 12:00:00,64.53,72.38,65.47,61.41,45.24,70.93,57.16,66.5,71.9,72.36,67.46,61.51,61.16,77.38,57.88
2022-05-25 13:00:00,66.9,79.77,68.88,61.5,45.84,76.5,57.74,70.54,78.68,79.92,70.53,61.61,61.07,82.67,55.49
2022-05-25 14:00:00,70.24,85.92,72.59,63.83,47.31,81.51,59.09,75.17,84.96,86.37,74.56,63.88,63.34,88.91,56.67
2022-05-25 15:00:00,77.56,110.52,82.79,65.44,55.33,94.37,60.83,84.59,100.95,111.32,84.24,65.82,64.59,101.94,59.02
2022-05-25 16:00:00,82.13,115.73,87.48,70.08,61.13,98.02,66.09,88.6,103.93,116.24,88.31,70.63,69.25,105.69,63.96
2022-05-25 17:00:00,80.62,105.86,84.66,71.34,66.83,93.38,68.05,85.46,101.15,105.85,85.38,71.84,70.65,99.69,66.44
2022-05-25 18:00:00,70.62,84.44,72.95,65.57,64.86,76.89,64.91,72.97,81.58,84.45,73.29,65.91,65.22,80.09,64.62
2022-05-25 19:00:00,105.59,109.89,106.47,103.95,103.69,107.03,105.02,105.81,108.67,109.75,106.09,104.11,103.85,107.55,109.6
2022-05-25 20:00:00,182.85,184.82,183.47,181.78,180.52,183.81,183.48,183.24,184.39,184.8,183.47,181.84,181.69,184.03,201.09
2022-05-25 21:00:00,151.0,152.32,151.51,150.14,149.4,151.78,151.79,151.38,152.09,152.29,151.59,150.17,150.06,152.01,171.8
2022-05-25 22:00:00,95.31,95.34,95.53,94.95,94.49,95.66,96.18,95.56,95.83,95.36,95.67,94.94,94.91,95.83,112.18
2022-05-25 23:00:00,74.94,74.95,75.1,74.69,74.49,75.14,75.61,75.09,75.25,75.13,75.15,74.69,74.67,75.26,84.29
2022-05-26 00:00:00,61.34,61.32,61.4,61.26,61.2,61.38,61.66,61.36,61.41,61.32,61.38,61.25,61.25,61.4,63.63
2022-05-26 01:00:00,57.73,57.71,57.81,57.63,57.59,57.78,58.13,57.76,57.81,57.71,57.78,57.63,57.62,57.8,59.38
2022-05-26 02:00:00,53.58,53.56,53.63,53.52,53.5,53.6,53.85,53.59,53.62,53.56,53.6,53.52,53.52,53.61,54.8
2022-05-26 03:00:00,50.06,50.04,50.1,50.0,49.98,50.07,50.3,50.06,50.09,50.04,50.07,50.0,50.0,50.08,51.13
2022-05-26 04:00:00,48.94,48.92,48.98,48.89,48.87,48.96,49.16,48.94,48.97,48.93,48.96,48.88,48.88,48.97,50.03
2022-05-26 05:00:00,54.19,54.16,54.26,54.1,54.07,54.22,54.57,54.19,54.24,54.16,54.22,54.1,54.09,54.23,55.95
2022-05-26 06:00:00,60.69,60.66,60.76,60.58,60.5,60.73,61.08,60.7,60.76,60.66,60.73,60.58,60.58,60.75,63.26
2022-05-26 07:00:00,62.23,62.22,62.28,62.18,62.15,62.25,62.46,62.24,62.27,62.22,62.25,62.18,62.17,62.28,63.54
2022-05-26 08:00:00,56.6,57.12,56.66,56.57,56.53,56.33,56.63,56.4,56.34,57.38,56.38,56.57,56.57,56.61,56.83
2022-05-26 09:00:00,60.22,60.99,60.29,60.14,60.01,60.06,59.98,59.91,59.81,61.34,59.83,60.13,60.14,60.95,60.08
2022-05-26 10:00:00,59.59,62.41,59.97,58.85,58.55,60.18,58.43,59.02,59.48,63.03,58.89,58.83,58.82,63.85,58.42
2022-05-26 11:00:00,64.37,70.02,65.1,63.11,62.83,64.7,62.57,63.56,64.09,71.08,63.39,63.1,63.06,68.36,62.89
2022-05-26 12:00:00,70.5,73.99,71.06,69.05,68.56,72.96,68.25,71.12,73.47,73.93,71.27,69.12,68.94,77.78,68.45
2022-05-26 13:00:00,71.37,82.89,73.34,67.14,67.15,76.51,66.82,72.46,80.01,82.57,73.03,67.49,66.86,80.17,67.47
2022-05-26 14:00:00,82.94,99.93,85.62,77.37,77.64,88.93,76.26,84.73,92.4,99.93,85.05,77.86,76.99,92.98,78.82
2022-05-26 15:00:00,104.98,142.38,111.19,92.65,94.48,116.99,92.74,108.11,127.77,142.04,109.63,93.9,91.84,122.68,97.67
2022-05-26 16:00:00,124.22,167.45,131.33,110.14,112.08,137.74,110.0,128.27,150.08,167.37,129.21,111.65,109.2,143.29,115.81
2022-05-26 17:00:00,118.42,153.98,124.32,106.83,108.53,129.31,107.17,121.7,138.21,153.77,122.62,108.1,106.05,133.13,112.4
2022-05-26 18:00:00,104.53,109.1,105.19,103.23,103.28,105.63,102.79,105.16,107.51,109.48,105.26,103.39,103.14,106.29,105.92
2022-05-26 19:00:00,140.67,141.17,140.86,140.36,140.01,140.9,141.03,140.81,141.17,141.37,140.89,140.38,140.33,141.06,150.45
2022-05-26 20:00:00,145.32,145.46,145.64,144.93,144.14,145.35,146.81,145.71,146.26,145.67,146.06,144.92,144.88,145.15,171.81
2022-05-26 21:00:00,93.41,93.44,93.6,93.22,92.79,93.23,94.49,93.68,94.21,93.56,93.93,93.22,93.19,92.4,109.52
2022-05-26 22:00:00,78.09,77.99,78.2,78.0,77.92,77.88,78.93,78.23,78.68,78.07,78.43,78.01,77.99,77.28,85.93
2022-05-26 23:00:00,64.69,64.66,64.77,64.59,64.51,64.66,65.15,64.7,64.92,64.68,64.82,64.59,64.59,64.63,70.06
2022-05-27 00:00:00,64.06,63.99,64.19,63.9,63.72,64.05,64.82,64.08,64.19,63.99,64.12,63.9,63.89,63.99,66.75
2022-05-27 01:00:00,59.51,59.43,59.67,59.3,59.03,59.54,60.43,59.51,59.61,59.43,59.55,59.3,59.29,59.55,62.42
2022-05-27 02:00:00,49.99,49.93,50.12,49.83,49.42,50.03,50.68,50.0,50.07,49.94,50.03,49.82,49.82,50.06,52.19
2022-05-27 03:00:00,44.34,44.28,44.46,44.18,43.3,44.38,45.02,44.35,44.42,44.29,44.37,44.17,44.16,44.4,46.51
2022-05-27 04:00:00,50.28,50.23,50.41,50.13,48.91,50.33,50.96,50.29,50.36,50.23,50.32,50.12,50.11,50.35,52.42
2022-05-27 05:00:00,56.57,56.51,56.72,56.39,55.11,56.62,57.36,56.58,56.66,56.51,56.61,56.38,56.38,56.66,59.07
2022-05-27 06:00:00,72.05,72.01,72.13,71.93,68.98,72.1,72.5,72.07,72.13,72.02,72.09,71.93,71.92,72.12,74.47
2022-05-27 07:00:00,71.21,71.18,71.27,71.12,67.39,71.24,71.55,71.22,71.26,71.19,71.23,71.12,71.12,71.27,72.92
2022-05-27 08:00:00,62.72,62.71,62.75,62.7,59.92,62.74,62.84,62.73,62.74,62.75,62.73,62.69,62.69,62.77,63.3
2022-05-27 09:00:00,61.53,65.28,62.16,60.0,55.55,63.95,59.42,61.74,65.06,65.21,61.23,60.06,59.89,65.61,59.36
2022-05-27 10:00:00,66.15,77.31,68.03,61.81,54.69,72.3,60.69,66.87,75.38,77.07,66.09,62.03,61.51,75.73,60.7
2022-05-27 11:00:00,74.66,95.02,78.04,66.96,54.73,85.23,64.95,75.95,90.99,94.7,74.89,67.38,66.43,90.57,65.03
2022-05-27 12:00:00,86.27,113.59,90.44,76.01,52.89,101.95,70.22,92.2,108.69,113.3,92.67,76.45,75.13,110.27,67.18
2022-05-27 13:00:00,101.93,162.8,111.77,80.42,48.81,128.65,75.23,111.6,135.67,161.22,112.58,81.95,78.76,141.33,74.77
2022-05-27 14:00:00,128.05,216.07,142.27,96.9,65.35,166.95,89.13,142.18,179.04,213.82,143.11,99.1,94.49,184.73,91.41
2022-05-27 15:00:00,190.01,299.39,207.56,151.66,113.08,237.59,141.59,209.24,258.25,297.86,209.43,154.36,148.51,258.7,144.85
2022-05-27 16:00:00,255.06,358.31,270.43,220.49,181.53,299.11,203.8,282.38,330.04,358.32,287.74,222.96,217.23,324.91,207.29
2022-05-27 17:00:00,167.52,242.66,178.54,142.16,107.52,201.19,128.16,185.91,223.59,241.16,191.62,144.08,139.89,220.45,132.43
2022-05-27 18:00:00,103.6,142.5,108.81,91.7,61.1,118.5,82.54,112.85,133.28,141.6,115.68,92.79,90.67,127.5,86.96
2022-05-27 19:00:00,108.26,136.43,112.81,99.6,72.43,115.45,99.75,113.11,128.21,135.62,113.55,100.63,98.94,119.97,107.72
2022-05-27 20:00:00,85.32,101.02,88.28,79.91,47.65,89.64,82.54,88.1,96.42,100.61,88.52,80.43,79.44,91.54,96.53
2022-05-27 21:00:00,70.15,83.77,71.51,66.67,18.81,74.8,60.79,73.32,80.09,83.51,73.55,67.07,66.38,76.16,71.63
2022-05-27 22:00:00,65.18,76.48,65.17,62.85,8.65,72.34,48.99,67.87,77.23,76.49,67.79,63.02,62.72,72.69,53.36
2022-05-27 23:00:00,64.59,70.41,62.68,65.51,5.31,68.84,45.96,67.53,69.76,70.57,67.4,65.48,65.65,69.0,49.81
2022-05-28 00:00:00,48.71,60.44,46.8,48.13,0.19,57.8,20.82,52.59,63.77,60.28,50.74,48.18,48.25,58.77,22.38
2022-05-28 01:00:00,44.23,50.74,42.09,45.0,-0.09,50.05,22.55,47.34,53.16,50.69,46.15,44.94,45.19,50.57,24.52
2022-05-28 02:00:00,32.04,36.51,30.15,32.5,-7.3,38.34,13.24,34.36,44.06,36.62,32.53,32.36,32.66,39.52,14.55
2022-05-28 03:00:00,25.86,30.02,24.48,26.02,-8.1,30.98,10.92,27.71,35.89,30.05,26.25,25.91,26.15,31.74,12.14
2022-05-28 04:00:00,24.06,27.34,22.67,24.56,-8.13,28.1,10.69,25.94,31.24,27.37,24.83,24.45,24.68,28.64,11.78
2022-05-28 05:00:00,28.58,31.83,27.42,28.82,-5.06,32.55,16.48,30.38,35.58,31.86,29.33,28.73,28.92,33.16,17.92
2022-05-28 06:00:00,39.02,42.36,36.87,40.36,1.97,43.31,21.45,41.38,46.09,42.4,40.26,40.23,40.5,43.8,22.11
2022-05-28 07:00:00,40.41,44.83,37.06,42.91,1.91,45.53,14.94,43.9,47.81,44.86,42.73,42.73,43.15,45.73,15.38
2022-05-28 08:00:00,43.86,50.83,40.32,45.97,11.02,50.95,13.54,48.83,53.49,50.83,47.58,45.8,46.16,51.09,13.39
2022-05-28 09:00:00,61.33,78.23,56.21,63.56,9.86,73.48,9.59,69.53,76.2,78.05,68.47,63.48,63.81,73.81,9.38
2022-05-28 10:00:00,68.01,89.56,62.86,69.76,11.22,81.25,10.86,76.84,84.47,89.77,75.48,69.76,69.99,81.26,10.57
2022-05-28 11:00:00,62.08,91.89,58.71,60.51,4.43,78.4,4.04,71.77,85.14,93.43,73.93,60.91,60.65,81.07,3.65
2022-05-28 12:00:00,59.51,106.05,61.04,49.19,5.82,84.17,4.73,70.2,97.53,105.48,69.65,50.55,48.66,88.61,3.81
2022-05-28 13:00:00,77.94,163.47,88.13,51.48,22.66,117.84,19.74,93.37,148.73,163.87,100.53,54.98,50.03,130.28,17.45
2022-05-28 14:00:00,90.24,213.03,106.97,52.09,28.45,138.09,24.66,114.74,173.43,213.03,137.62,57.47,49.77,162.83,22.06
2022-05-28 15:00:00,137.31,295.2,156.87,95.2,60.2,179.93,57.13,159.39,205.71,296.38,179.12,103.19,98.23,200.43,57.0
2022-05-28 16:00:00,181.39,346.8,198.58,146.8,100.79,203.28,97.44,201.44,208.77,348.31,211.37,153.8,151.9,217.83,99.75
2022-05-28 17:00:00,135.68,280.65,150.53,105.65,62.36,154.94,60.87,154.0,166.43,278.08,166.01,113.23,119.19,165.37,60.96
2022-05-28 18:00:00,94.91,143.98,94.51,92.42,43.05,96.69,44.97,100.89,100.24,143.92,103.01,95.52,112.42,99.51,45.28
2022-05-28 19:00:00,81.88,110.61,81.24,81.04,39.72,82.28,51.04,85.64,84.89,110.61,86.85,83.2,87.95,83.0,57.41
2022-05-28 20:00:00,66.79,92.0,67.99,62.95,29.68,71.24,45.75,71.33,75.29,91.99,72.04,63.86,63.82,69.84,66.63
2022-05-28 21:00:00,62.75,87.55,62.31,60.09,12.08,70.39,31.21,69.36,77.58,86.88,70.15,60.82,60.2,68.51,52.21
2022-05-28 22:00:00,63.02,72.54,61.53,63.0,13.54,68.32,42.25,66.6,73.38,72.38,66.51,63.13,63.36,66.18,46.8
2022-05-28 23:00:00,63.79,71.13,61.45,65.23,12.69,67.79,41.64,68.17,69.82,70.98,68.36,65.22,65.71,65.92,46.35
2022-05-29 00:00:00,41.8,48.48,38.82,43.85,1.44,46.54,16.4,45.46,47.37,48.48,44.96,43.84,44.13,46.38,18.17
2022-05-29 01:00:00,34.94,40.76,31.99,37.15,-1.99,39.04,11.02,38.48,39.82,40.75,37.97,37.14,37.46,38.49,13.07
2022-05-29 02:00:00,23.02,26.72,20.62,25.0,-5.35,25.87,4.89,25.64,26.06,26.8,25.26,24.9,25.25,25.72,6.41
2022-05-29 03:00:00,16.86,19.92,15.14,18.22,-7.05,19.04,3.39,18.95,19.42,19.93,18.67,18.17,18.38,18.63,4.61
2022-05-29 04:00:00,14.75,17.38,13.25,15.91,-7.06,16.76,2.96,16.56,16.99,17.39,16.29,15.86,16.04,16.63,4.17
2022-05-29 05:00:00,15.18,17.94,13.69,16.36,-7.01,17.02,3.44,17.0,17.41,17.96,16.77,16.31,16.48,16.66,4.61
2022-05-29 06:00:00,22.77,25.2,20.31,25.09,-4.86,24.81,6.16,25.35,25.83,25.2,25.0,24.97,25.3,23.66,7.3
2022-05-29 07:00:00,24.72,27.16,22.21,27.19,-1.34,26.36,8.13,27.42,28.04,27.14,27.12,27.09,27.4,24.54,8.96
2022-05-29 08:00:00,29.47,34.16,25.88,32.83,0.41,32.29,4.22,32.94,33.46,34.26,32.5,32.8,33.19,31.87,4.61
2022-05-29 09:00:00,40.45,51.8,36.02,44.16,1.25,44.5,3.63,45.99,47.42,52.17,45.78,44.15,44.76,42.06,4.2
2022-05-29 10:00:00,51.28,68.66,46.55,54.76,4.6,56.37,6.42,57.65,59.29,69.44,57.63,54.89,55.6,53.98,7.18
2022-05-29 11:00:00,55.43,83.01,52.46,56.3,8.71,60.37,10.18,61.02,62.88,84.52,60.98,56.96,57.18,60.67,10.9
2022-05-29 12:00:00,67.82,112.23,66.96,65.31,15.3,72.92,17.38,74.79,79.55,112.31,77.73,69.19,71.23,74.02,18.19
2022-05-29 13:00:00,72.42,137.32,74.9,64.66,15.88,78.26,19.35,81.74,82.98,136.89,83.97,69.22,69.74,81.1,20.53
2022-05-29 14:00:00,79.28,167.33,85.18,66.22,18.94,85.08,22.08,91.15,92.34,166.69,95.91,71.82,72.66,92.69,23.33
2022-05-29 15:00:00,100.35,240.86,112.88,75.56,20.68,110.33,24.78,115.47,119.9,238.56,122.63,83.83,80.86,117.0,28.69
2022-05-29 16:00:00,136.82,345.26,156.17,101.38,30.28,142.61,35.41,154.34,155.64,343.64,156.39,111.76,115.53,150.95,40.92
2022-05-29 17:00:00,96.61,227.46,106.25,75.91,12.35,106.23,15.39,117.94,126.54,225.12,125.83,82.9,84.75,118.23,18.93
2022-05-29 18:00:00,76.05,123.58,72.49,76.9,6.06,79.96,9.51,90.09,92.88,122.79,91.24,81.59,89.74,86.63,11.33
2022-05-29 19:00:00,77.53,107.69,75.26,78.15,22.48,79.71,35.51,84.12,87.06,107.56,84.81,82.54,88.73,80.66,43.17
2022-05-29 20:00:00,71.1,88.29,69.22,72.07,27.81,73.07,43.45,77.22,82.27,88.57,77.93,73.57,92.07,71.32,69.19
2022-05-29 21:00:00,66.21,84.96,64.45,66.43,19.7,69.98,36.42,72.27,79.22,84.92,72.9,67.93,67.59,67.31,57.42
2022-05-29 22:00:00,59.66,67.92,57.13,61.59,11.86,62.43,36.59,63.65,65.43,68.08,63.63,61.89,62.11,61.24,42.66
2022-05-29 23:00:00,46.69,52.5,42.36,50.83,-3.12,49.72,16.4,51.59,52.97,52.64,51.43,50.83,51.7,47.55,21.96
2022-05-30 00:00:00,37.25,40.93,34.35,40.62,1.65,36.91,18.93,39.95,41.14,41.41,39.69,40.68,41.13,32.72,22.93
2022-05-30 01:00:00,25.92,28.64,23.81,28.36,-1.04,25.65,12.58,28.19,29.29,29.04,28.04,28.36,28.68,22.58,15.9
2022-05-30 02:00:00,13.26,15.22,11.89,15.0,-6.91,12.46,4.87,15.07,16.18,15.59,15.03,14.94,15.19,9.51,6.62
2022-05-30 03:00:00,6.67,7.51,5.97,7.76,-8.74,5.53,3.07,7.82,8.8,7.63,7.91,7.75,7.9,2.92,4.77
2022-05-30 04:00:00,5.62,6.23,5.21,6.42,-6.99,4.28,3.92,6.5,7.4,6.4,6.58,6.43,6.52,1.71,5.42
2022-05-30 05:00:00,11.05,11.47,10.68,11.85,-3.15,9.48,9.93,11.9,12.88,11.57,12.0,11.86,11.97,5.92,11.53
2022-05-30 06:00:00,22.64,23.8,21.68,24.11,11.9,21.08,17.74,24.09,25.25,23.96,24.22,24.1,24.25,16.7,21.84
2022-05-30 07:00:00,24.64,25.48,24.08,25.85,20.28,22.28,22.71,25.46,26.58,25.69,25.58,25.95,26.03,17.74,25.0
2022-05-30 08:00:00,30.41,34.88,28.09,33.32,15.06,28.92,15.22,32.24,33.05,35.92,32.0,33.35,33.68,25.07,15.94
2022-05-30 09:00:00,41.54,53.65,38.86,45.5,20.69,35.89,20.39,41.75,41.29,57.38,41.18,45.53,46.12,31.37,20.5
2022-05-30 10:00:00,52.62,65.49,50.75,55.42,34.94,47.48,34.62,52.84,52.9,69.12,52.78,55.6,56.05,44.14,34.71
2022-05-30 11:00:00,61.7,76.07,61.86,62.58,55.65,54.07,54.72,61.28,61.94,79.42,61.84,63.53,63.21,56.9,54.66
2022-05-30 12:00:00,72.89,93.0,74.14,71.97,66.57,66.06,65.51,75.43,78.44,95.72,77.13,73.25,72.54,67.73,65.86
2022-05-30 13:00:00,69.21,100.35,72.43,65.0,61.54,63.96,60.42,72.28,83.64,104.14,74.65,67.21,66.28,68.0,61.25
2022-05-30 14:00:00,75.38,119.75,80.53,67.97,65.03,70.9,63.51,88.91,95.07,123.46,94.51,70.11,67.79,78.36,65.77
2022-05-30 15:00:00,89.57,142.9,94.98,81.52,71.37,84.48,71.03,114.24,114.45,146.78,123.36,83.84,81.3,93.26,75.53
2022-05-30 16:00:00,109.47,207.2,119.96,92.01,72.16,108.51,72.1,139.59,141.4,213.18,151.31,96.16,96.06,118.75,78.54
2022-05-30 17:00:00,79.4,138.26,82.91,73.0,47.1,75.78,44.6,115.77,114.04,140.47,127.98,76.49,88.16,87.41,50.91
2022-05-30 18:00:00,65.83,98.07,65.74,65.32,38.79,61.62,37.96,88.22,92.28,99.02,95.96,68.63,85.32,69.46,40.6
2022-05-30 19:00:00,65.79,82.0,66.33,65.58,55.21,60.87,56.88,68.95,84.73,83.65,70.35,67.82,85.58,63.34,60.43
2022-05-30 20:00:00,70.25,86.48,72.33,67.47,64.57,67.93,67.45,72.65,86.08,87.95,73.76,68.32,69.45,66.42,72.75
2022-05-30 21:00:00,65.51,80.18,67.25,63.33,60.59,62.92,62.56,66.62,78.36,81.83,67.33,64.13,69.73,60.53,68.06
2022-05-30 22:00:00,60.6,64.77,60.63,60.68,55.06,59.22,57.86,61.48,63.42,65.36,61.69,60.94,61.06,56.53,61.86
2022-05-30 23:00:00,49.35,52.13,47.96,51.31,37.9,47.61,40.78,50.36,51.5,52.84,50.43,51.86,52.81,43.54,47.01
2022-05-31 00:00:00,40.52,44.26,36.84,44.09,13.09,43.03,15.98,43.54,44.19,44.41,42.94,44.34,44.96,42.13,19.97
2022-05-31 01:00:00,29.0,32.53,25.37,32.58,-1.83,31.32,5.05,32.5,33.41,32.57,32.01,32.61,33.1,29.56,8.04
2022-05-31 02:00:00,21.23,22.98,19.47,22.91,1.53,22.43,9.57,22.75,23.12,23.0,22.4,22.93,23.27,22.19,11.01
2022-05-31 03:00:00,17.96,19.44,16.53,19.26,0.57,19.25,8.18,19.27,19.5,19.45,19.03,19.21,19.58,19.59,9.4
2022-05-31 04:00:00,20.48,23.86,19.52,21.39,4.67,20.55,12.29,20.51,20.18,25.09,20.25,21.39,21.69,21.56,13.62
2022-05-31 05:00:00,30.3,33.86,29.69,30.94,19.59,29.82,24.12,29.77,29.36,35.32,29.55,30.99,31.24,30.85,25.88
2022-05-31 06:00:00,50.34,53.03,49.07,51.61,39.34,50.73,40.89,50.96,50.87,53.83,50.77,51.63,52.13,50.9,43.89
2022-05-31 07:00:00,53.8,61.38,52.94,55.0,44.71,51.42,43.97,52.53,51.78,64.65,52.17,54.97,55.44,51.68,46.39
2022-05-31 08:00:00,51.34,61.61,48.03,54.92,25.2,50.69,24.91,51.85,51.08,65.11,51.12,54.97,55.64,50.95,25.01
2022-05-31 09:00:00,53.56,66.81,48.15,59.46,13.93,53.04,13.28,54.47,53.45,70.97,53.56,60.56,62.82,54.0,13.32
2022-05-31 10:00:00,51.26,70.13,47.59,54.55,15.43,51.61,14.05,52.6,52.38,75.45,50.75,54.95,55.31,53.48,13.43
2022-05-31 11:00:00,64.45,83.7,63.57,65.11,44.99,61.88,43.59,62.48,65.6,90.31,61.71,65.71,65.59,64.09,42.79
2022-05-31 12:00:00,74.57,100.51,76.52,70.3,60.82,76.83,58.43,75.1,80.26,103.5,75.73,71.67,70.46,82.52,58.41
2022-05-31 13:00:00,75.53,123.45,81.29,65.12,62.28,79.56,57.03,79.64,85.8,128.16,82.99,67.72,64.64,92.29,61.47
2022-05-31 14:00:00,95.98,152.43,102.7,84.57,82.88,97.71,76.1,102.36,109.77,157.33,105.75,87.86,84.1,108.48,86.1
2022-05-31 15:00:00,114.64,181.54,122.14,102.65,101.13,112.58,91.8,123.46,128.75,191.54,128.2,106.87,102.31,126.89,105.07
2022-05-31 16:00:00,127.49,216.96,137.38,113.93,110.86,115.74,102.89,146.9,143.07,227.38,156.1,118.7,121.61,129.16,113.89
2022-05-31 17:00:00,89.92,130.72,93.48,85.21,81.51,83.41,74.59,105.3,113.81,136.28,111.48,88.41,95.34,100.49,84.01
2022-05-31 18:00:00,77.89,91.76,78.35,78.7,74.84,69.95,73.0,85.21,93.29,96.24,88.46,80.29,98.7,84.87,74.53
2022-05-31 19:00:00,73.99,78.44,73.87,75.31,71.86,68.6,73.14,76.85,82.48,81.21,78.26,76.02,90.51,75.72,73.36
2022-05-31 20:00:00,81.64,90.08,81.94,82.44,78.79,75.18,80.07,82.02,82.79,94.09,82.89,82.84,82.65,78.1,82.59
2022-05-31 21:00:00,62.07,68.08,62.2,62.01,55.11,60.6,58.12,62.66,74.38,69.4,63.02,62.59,70.2,62.36,62.81
2022-05-31 22:00:00,60.63,62.54,60.61,60.62,52.15,60.43,58.86,60.67,61.12,63.04,60.73,60.82,60.86,60.58,61.87
2022-05-31 23:00:00,53.24,53.85,53.02,53.39,48.51,53.58,51.26,53.68,53.9,54.13,53.7,53.63,53.64,53.87,56.58
2022-06-01 00:00:00,62.72,67.03,63.43,61.38,60.73,63.8,61.53,63.24,64.75,67.5,63.23,61.63,61.43,64.35,63.53
2022-06-01 01:00:00,57.7,60.66,58.23,56.76,56.08,58.34,57.16,57.84,58.72,61.09,57.76,56.93,56.85,58.88,58.76
2022-06-01 02:00:00,56.05,58.51,56.53,55.21,54.71,56.63,55.78,56.22,56.79,58.93,56.16,55.25,55.24,57.1,57.29
2022-06-01 03:00:00,54.03,56.13,54.46,53.22,52.85,54.77,53.7,54.27,55.04,56.32,54.19,53.25,53.23,55.22,54.86
2022-06-01 04:00:00,55.47,58.65,55.91,54.99,54.64,54.61,55.39,54.75,54.76,60.11,54.67,54.99,55.0,54.79,56.46
2022-06-01 05:00:00,62.43,65.24,62.86,61.93,61.71,61.77,62.51,61.88,61.84,66.52,61.88,61.95,61.92,61.91,63.66
2022-06-01 06:00:00,71.05,75.0,71.46,70.72,70.41,69.56,70.54,69.96,69.76,77.02,69.86,70.71,70.72,69.72,70.74
2022-06-01 07:00:00,75.87,84.65,77.17,73.83,73.95,75.98,74.21,75.17,76.63,85.85,75.47,73.71,73.86,76.29,74.52
2022-06-01 08:00:00,68.73,77.51,69.95,66.77,66.65,68.87,66.66,68.09,70.02,78.94,68.34,66.65,66.79,69.51,66.57
2022-06-01 09:00:00,63.41,84.13,66.49,57.61,56.96,67.65,56.57,63.38,71.61,85.6,64.24,57.24,57.59,70.31,55.85
2022-06-01 10:00:00,73.6,113.29,79.46,63.36,63.12,78.36,62.83,72.39,82.08,116.0,74.3,62.8,63.41,82.73,62.66
2022-06-01 11:00:00,86.55,130.02,92.98,75.84,76.4,89.6,76.46,84.55,89.5,133.22,86.74,75.27,75.96,95.79,77.03
2022-06-01 12:00:00,90.77,126.66,96.63,80.2,79.3,97.72,81.93,94.29,99.3,127.79,96.16,81.29,79.47,106.93,83.12
2022-06-01 13:00:00,180.87,241.87,190.51,164.09,160.7,189.25,166.85,185.68,187.74,244.48,188.45,165.83,162.9,199.25,168.93
2022-06-01 14:00:00,121.94,182.72,131.19,106.12,105.1,128.51,107.41,126.45,131.06,185.82,129.2,107.79,107.46,139.46,113.42
2022-06-01 15:00:00,139.0,222.92,151.41,118.4,111.86,144.99,119.32,145.22,149.09,229.04,149.29,120.91,134.09,162.99,126.85
2022-06-01 16:00:00,172.49,271.47,187.19,148.27,133.18,178.94,150.1,178.17,192.14,278.07,182.23,151.42,165.4,193.16,157.11
2022-06-01 17:00:00,128.11,182.72,136.04,116.72,92.75,124.85,119.88,126.92,132.16,188.21,128.21,118.13,133.86,134.86,125.32
2022-06-01 18:00:00,106.37,127.0,109.36,102.7,70.84,102.49,105.27,108.17,110.45,128.98,109.37,103.28,102.43,105.09,107.47
2022-06-01 19:00:00,96.25,104.74,97.5,95.47,69.5,91.67,98.13,98.54,99.08,106.61,99.79,95.68,95.24,92.17,101.65
2022-06-01 20:00:00,99.32,110.32,101.33,97.04,77.2,96.6,101.36,101.01,102.13,111.6,102.08,97.38,99.44,93.74,106.91
2022-06-01 21:00:00,84.53,90.85,85.86,82.84,72.42,83.71,86.04,85.31,86.18,91.67,85.79,83.03,82.67,82.63,90.44
2022-06-01 22:00:00,67.93,70.54,68.72,66.88,62.29,67.94,69.51,68.1,68.54,71.04,68.29,66.95,66.79,67.8,73.53
2022-06-01 23:00:00,64.51,66.17,65.2,63.34,60.85,65.62,65.69,65.54,65.74,66.46,65.59,63.42,63.29,65.58,69.18
2022-06-02 00:00:00,65.51,71.08,66.63,63.76,63.65,66.02,65.68,65.49,65.98,71.63,65.71,63.89,63.65,66.07,68.57
2022-06-02 01:00:00,58.54,65.32,59.93,56.21,56.26,59.85,58.34,58.86,59.56,65.57,59.17,56.41,56.07,60.06,61.29
2022-06-02 02:00:00,56.19,62.48,57.5,53.99,54.03,57.45,56.06,56.52,57.2,62.68,56.82,54.18,53.85,57.6,58.95
2022-06-02 03:00:00,55.17,60.23,56.24,53.44,53.36,55.92,55.38,55.28,55.77,60.58,55.51,53.57,53.33,56.04,58.28
2022-06-02 04:00:00,56.37,61.06,57.27,54.96,54.89,56.7,56.37,56.27,56.59,61.64,56.43,55.06,54.87,56.8,58.48
2022-06-02 05:00:00,60.44,68.05,61.85,58.05,58.22,61.64,59.66,60.68,61.34,68.46,60.99,58.25,57.9,61.81,61.67
2022-06-02 06:00:00,70.8,80.79,72.4,68.39,68.42,70.72,69.69,70.19,70.59,82.44,70.47,68.57,68.26,70.93,71.51
2022-06-02 07:00:00,72.36,84.59,74.24,69.46,69.63,72.35,70.56,71.69,72.14,87.08,71.98,69.69,69.3,72.62,71.8
2022-06-02 08:00:00,74.68,89.96,76.79,71.68,71.8,73.34,72.2,73.15,73.18,93.23,73.39,71.9,71.52,73.74,72.76
2022-06-02 09:00:00,78.32,97.48,81.44,72.94,73.82,80.92,74.41,78.98,80.22,99.55,79.79,73.44,72.61,82.5,75.07
2022-06-02 10:00:00,85.75,112.68,90.18,77.96,79.3,90.09,79.98,86.8,88.7,115.22,87.97,78.69,77.49,93.41,80.7
2022-06-02 11:00:00,96.9,129.87,102.6,86.47,88.42,104.65,89.4,99.68,104.64,132.47,101.94,87.48,85.81,110.7,90.34
2022-06-02 12:00:00,110.05,158.52,118.37,94.86,97.67,121.02,99.08,113.5,119.89,158.37,116.71,96.44,93.89,129.52,100.38
2022-06-02 13:00:00,116.42,198.27,130.63,90.44,95.48,135.56,98.26,122.4,140.05,198.56,128.47,93.18,88.75,150.1,101.03
2022-06-02 14:00:00,113.68,223.61,132.36,80.01,86.03,136.5,89.31,123.99,141.86,223.97,129.74,83.53,77.7,149.38,92.63
2022-06-02 15:00:00,133.93,271.68,157.31,91.89,99.54,162.03,103.63,146.16,166.62,272.6,153.18,96.49,89.05,176.58,107.57
2022-06-02 16:00:00,135.63,268.87,157.95,96.03,103.09,159.93,106.96,146.92,167.4,270.88,153.78,100.63,93.33,175.84,111.56
2022-06-02 17:00:00,115.72,187.13,127.69,94.5,98.23,128.75,100.37,122.22,139.93,187.81,126.06,97.0,93.04,138.75,103.91
2022-06-02 18:00:00,93.28,126.02,98.69,83.94,85.45,98.12,86.67,95.96,102.15,127.11,97.7,85.03,83.3,104.17,89.88
2022-06-02 19:00:00,98.1,112.52,100.5,94.15,94.48,99.46,95.86,98.93,100.07,113.5,99.71,94.6,93.88,102.33,98.86
2022-06-02 20:00:00,99.23,111.3,101.07,96.79,96.52,97.65,98.54,97.86,97.87,113.55,98.12,97.01,96.66,98.09,102.81
2022-06-02 21:00:00,92.41,100.49,93.78,90.48,90.32,91.95,92.19,91.82,92.05,101.68,92.03,90.66,90.37,92.15,95.29
2022-06-02 22:00:00,68.25,76.01,69.68,66.0,66.05,68.77,67.94,67.95,69.96,76.84,68.27,66.23,65.88,68.83,70.54
2022-06-02 23:00:00,64.61,72.01,66.13,62.0,62.12,66.26,64.24,65.14,66.04,72.05,65.47,62.29,61.84,66.44,67.06
2022-06-03 00:00:00,56.89,57.28,57.03,56.75,56.63,56.72,57.35,56.73,56.73,57.5,56.75,56.74,56.75,56.8,58.76
2022-06-03 01:00:00,55.02,55.0,55.09,54.93,54.83,55.02,55.41,55.01,55.05,55.01,55.03,54.93,54.92,55.03,56.25
2022-06-03 02:00:00,51.63,51.67,51.77,51.46,51.27,51.6,52.35,51.58,51.64,51.73,51.61,51.46,51.45,51.61,53.92
2022-06-03 03:00:00,49.7,49.86,49.8,49.58,49.46,49.63,50.14,49.63,49.66,50.0,49.65,49.58,49.58,49.64,51.16
2022-06-03 04:00:00,49.27,49.63,49.38,49.16,49.03,49.07,49.67,49.12,49.11,49.84,49.13,49.15,49.16,49.08,50.63
2022-06-03 05:00:00,52.95,53.29,53.11,52.78,52.58,52.76,53.62,52.8,52.82,53.5,52.82,52.77,52.77,52.78,55.17
2022-06-03 06:00:00,60.86,61.55,61.02,60.73,60.55,60.49,61.31,60.59,60.55,61.91,60.6,60.72,60.73,60.52,62.41
2022-06-03 07:00:00,61.0,61.61,61.12,60.9,60.77,60.68,61.3,60.75,60.71,61.91,60.76,60.89,60.9,60.75,62.07
2022-06-03 08:00:00,62.34,63.85,62.49,62.27,62.15,61.56,62.28,61.74,61.58,64.57,61.73,62.26,62.28,61.91,62.5
2022-06-03 09:00:00,67.51,71.25,67.91,67.11,66.98,66.32,66.98,66.43,66.16,72.61,66.43,67.12,67.11,67.34,67.05
2022-06-03 10:00:00,75.95,85.58,77.28,74.02,74.12,75.32,74.21,75.0,74.9,87.24,75.23,74.17,73.92,77.04,74.47
2022-06-03 11:00:00,83.2,99.28,85.75,78.86,79.48,85.0,79.86,83.28,84.65,100.5,84.05,79.27,78.6,88.81,80.4
2022-06-03 12:00:00,94.17,120.39,98.65,86.01,87.41,99.98,88.21,95.15,98.85,120.72,96.81,86.82,85.52,105.87,89.14
2022-06-03 13:00:00,108.36,152.29,116.05,94.15,96.8,119.41,98.34,111.47,117.88,151.61,114.34,95.62,93.25,126.42,100.06
2022-06-03 14:00:00,100.62,143.29,108.01,87.27,89.8,109.98,91.5,103.45,114.44,143.52,106.04,88.64,86.4,116.5,93.49
2022-06-03 15:00:00,102.59,147.18,110.02,89.58,91.91,110.0,93.34,105.98,111.43,148.37,108.56,91.02,88.7,116.93,96.72
2022-06-03 16:00:00,100.82,135.55,106.44,91.29,92.92,105.0,93.9,102.81,107.44,137.53,104.83,92.41,90.66,111.36,97.51
2022-06-03 17:00:00,89.14,107.41,92.07,84.33,84.96,90.65,85.88,90.1,91.05,108.85,91.1,84.89,84.0,94.23,87.62
2022-06-03 18:00:00,79.87,88.46,81.31,77.47,77.75,80.85,78.46,80.32,82.07,88.96,80.73,77.74,77.31,82.25,79.67
2022-06-03 19:00:00,79.78,85.48,80.78,78.22,78.31,80.14,79.27,79.87,80.82,86.0,80.12,78.38,78.12,80.76,81.27
2022-06-03 20:00:00,83.29,92.1,84.78,81.26,80.82,82.4,83.37,82.48,82.78,93.62,82.73,81.43,81.14,82.89,86.85
2022-06-03 21:00:00,75.79,82.15,76.82,74.57,73.96,74.39,76.19,74.7,74.72,83.73,74.79,74.64,74.5,74.25,79.48
2022-06-03 22:00:00,64.57,68.2,65.28,63.56,62.18,64.42,64.95,64.17,64.26,68.91,64.26,63.63,63.5,64.74,67.09
2022-06-03 23:00:00,60.43,62.19,60.84,59.85,58.41,60.32,61.0,60.03,60.0,62.7,60.06,59.88,59.83,60.92,62.96
2022-06-04 00:00:00,58.21,59.81,58.53,57.74,57.65,58.2,58.36,58.03,58.06,60.08,58.06,57.77,57.72,58.42,59.44
2022-06-04 01:00:00,61.72,62.19,61.88,61.49,61.39,61.73,62.11,61.68,61.74,62.37,61.71,61.5,61.48,61.76,63.23
2022-06-04 02:00:00,54.49,54.77,54.6,54.35,54.3,54.52,54.76,54.48,54.53,54.86,54.51,54.35,54.34,54.56,55.65
2022-06-04 03:00:00,50.89,50.96,50.99,50.75,50.64,50.94,51.31,50.82,50.83,51.01,50.85,50.75,50.74,51.14,52.38
2022-06-04 04:00:00,49.16,49.75,49.28,49.06,48.94,48.89,49.44,48.92,48.86,50.02,48.92,49.05,49.06,49.0,50.24
2022-06-04 05:00:00,50.75,51.03,50.85,50.61,50.53,50.72,51.05,50.7,50.74,51.1,50.73,50.62,50.61,50.74,51.85
2022-06-04 06:00:00,62.23,62.22,62.3,62.14,61.93,62.25,62.58,62.23,62.27,62.34,62.25,62.13,62.13,62.27,63.38
2022-06-04 07:00:00,59.24,59.22,59.3,59.16,59.05,59.28,59.55,59.24,59.28,59.35,59.27,59.16,59.16,59.34,60.22
2022-06-04 08:00:00,55.33,55.93,55.43,55.0,54.76,56.03,54.76,54.82,55.39,56.21,55.02,54.99,54.99,57.75,54.76
2022-06-04 09:00:00,54.64,60.55,55.5,52.42,51.0,58.2,50.84,54.63,58.25,61.1,54.93,52.47,52.27,61.9,49.77
2022-06-04 10:00:00,59.37,73.3,61.29,54.38,51.33,67.38,50.08,60.51,74.97,74.58,59.92,54.48,53.99,71.17,47.93
2022-06-04 11:00:00,64.57,86.45,68.02,56.69,54.82,75.15,53.81,66.69,80.45,87.1,67.4,57.2,56.12,80.04,52.0
2022-06-04 12:00:00,70.52,100.3,75.29,60.0,58.14,83.74,57.12,73.41,90.13,100.97,74.35,60.84,59.24,89.63,55.3
2022-06-04 13:00:00,80.98,133.5,89.7,63.5,63.36,98.58,63.22,86.46,101.6,133.3,88.52,65.43,62.25,104.47,62.18
2022-06-04 14:00:00,86.9,133.89,94.64,71.56,71.64,101.62,71.51,92.9,104.84,133.81,96.9,73.41,70.44,108.13,71.15
2022-06-04 15:00:00,97.35,148.16,105.58,81.98,83.24,109.06,83.14,103.27,118.38,148.0,105.29,84.01,80.85,115.07,84.32
2022-06-04 16:00:00,103.14,149.53,110.51,89.83,91.19,111.53,91.16,108.17,122.01,150.35,109.87,91.68,88.85,117.59,93.02
2022-06-04 17:00:00,97.24,128.25,102.22,88.44,89.65,102.28,89.9,99.71,110.2,128.75,101.05,89.64,87.83,106.09,91.47
2022-06-04 18:00:00,83.63,104.06,86.9,78.0,78.84,86.21,79.35,84.89,89.62,104.74,85.8,78.77,77.64,88.84,80.12
2022-06-04 19:00:00,74.08,84.38,75.73,71.33,71.61,75.03,72.18,74.51,78.27,84.86,74.94,71.68,71.15,76.23,74.86
2022-06-04 20:00:00,68.74,83.07,71.0,65.14,65.53,69.33,66.48,69.06,72.2,83.9,69.59,65.59,64.91,68.94,71.76
2022-06-04 21:00:00,65.14,75.0,66.83,62.5,62.58,65.57,64.24,65.27,67.74,75.6,65.61,62.79,62.33,65.11,68.22
2022-06-04 22:00:00,58.0,63.03,59.1,56.12,54.22,59.24,58.03,58.86,60.36,63.23,59.0,56.29,56.02,59.3,60.71
2022-06-04 23:00:00,55.24,56.85,55.95,53.92,49.25,56.76,56.25,56.34,56.28,57.08,56.31,53.99,53.92,57.52,60.08
2022-06-05 00:00:00,52.66,53.81,53.01,51.91,41.87,53.73,52.58,53.49,53.6,53.88,53.43,51.94,51.97,54.0,53.73
2022-06-05 01:00:00,45.07,45.33,45.14,44.87,34.83,45.38,44.99,45.06,45.2,45.4,45.01,44.87,44.91,45.91,45.5
2022-06-05 02:00:00,40.63,41.03,40.74,40.35,35.79,41.08,40.49,40.63,40.74,41.05,40.59,40.35,40.36,41.81,40.9
2022-06-05 03:00:00,23.97,24.5,24.2,23.33,20.48,25.37,23.58,25.07,24.91,24.55,24.91,23.36,23.35,26.02,23.92
2022-06-05 04:00:00,17.9,18.71,18.18,17.1,15.9,19.58,17.34,19.36,19.24,18.76,19.16,17.15,17.13,20.0,17.7
2022-06-05 05:00:00,25.21,25.37,25.31,24.93,24.91,25.75,25.17,25.58,25.46,25.44,25.53,24.95,24.97,26.21,25.57
2022-06-05 06:00:00,34.91,34.96,34.94,34.86,34.83,34.96,34.97,34.88,34.88,35.03,34.88,34.86,34.87,35.19,35.18
2022-06-05 07:00:00,38.33,38.44,38.35,38.24,38.12,38.54,38.21,38.37,38.48,38.52,38.33,38.24,38.24,38.79,38.3
2022-06-05 08:00:00,44.77,45.95,44.53,45.0,42.75,44.77,42.4,44.56,44.78,46.27,44.36,45.16,45.1,45.13,42.08
2022-06-05 09:00:00,49.39,52.11,48.88,49.81,44.77,49.56,44.03,49.28,49.69,52.63,48.88,50.15,50.0,49.87,43.52
2022-06-05 10:00:00,55.07,66.05,55.82,52.9,47.91,57.92,46.39,56.03,58.4,66.91,55.1,53.49,52.92,59.02,44.99
2022-06-05 11:00:00,66.06,74.53,66.94,64.48,63.2,66.43,62.32,65.51,66.92,75.45,65.51,65.14,64.58,67.61,61.49
2022-06-05 12:00:00,73.99,85.83,75.51,71.07,70.19,75.96,69.18,74.73,78.19,86.35,74.91,71.76,71.01,77.72,69.14
2022-06-05 13:00:00,75.05,101.06,78.83,68.04,68.45,79.6,66.63,77.18,86.37,101.36,78.13,69.21,67.69,82.63,69.52
2022-06-05 14:00:00,86.51,115.45,90.42,79.06,79.61,91.57,75.61,90.05,100.89,115.46,90.79,80.33,78.65,95.61,82.43
2022-06-05 15:00:00,98.21,130.75,102.19,90.55,90.18,102.98,84.47,103.33,113.33,131.25,104.65,91.84,90.09,109.47,93.1
2022-06-05 16:00:00,107.35,136.79,110.34,102.22,101.08,107.2,95.16,111.07,114.07,138.57,111.74,103.56,102.07,115.26,103.38
2022-06-05 17:00:00,98.77,115.82,99.8,97.74,96.41,94.23,91.39,102.42,102.73,116.9,103.18,98.57,97.8,97.37,97.81
2022-06-05 18:00:00,81.74,90.97,82.2,82.34,81.38,74.99,80.51,81.53,83.39,92.27,81.87,82.79,82.57,76.08,81.43
2022-06-05 19:00:00,81.76,85.4,81.86,83.0,83.12,75.52,83.51,82.3,85.7,86.25,83.03,83.29,83.17,69.92,85.22
2022-06-05 20:00:00,79.22,82.97,79.49,79.94,80.07,74.14,80.91,79.49,82.08,83.72,80.22,80.08,80.08,68.0,83.45
2022-06-05 21:00:00,64.5,68.39,64.91,64.82,64.62,60.35,66.1,64.59,72.93,69.18,65.17,64.89,64.96,56.62,70.51
2022-06-05 22:00:00,58.5,61.63,59.03,58.13,57.98,56.76,59.6,58.86,59.9,61.88,59.22,58.25,58.2,53.49,62.47
2022-06-05 23:00:00,54.74,55.64,54.91,54.99,54.16,52.8,56.19,55.02,55.91,55.84,55.32,55.06,55.21,49.5,60.19
2022-06-06 00:00:00,45.34,47.04,45.47,45.55,44.9,43.47,45.81,45.57,46.43,47.22,45.94,45.8,45.8,40.16,48.42
2022-06-06 01:00:00,32.49,33.73,32.47,32.95,32.14,30.49,32.72,32.82,33.8,33.96,33.22,33.16,33.2,26.65,34.42
2022-06-06 02:00:00,20.04,21.26,20.01,20.4,19.49,18.42,19.93,20.33,21.13,21.34,20.83,20.61,20.65,15.54,21.3
2022-06-06 03:00:00,13.19,14.47,13.28,13.36,13.06,11.79,13.5,13.56,14.4,14.44,14.17,13.57,13.59,9.07,14.86
2022-06-06 04:00:00,16.86,18.28,16.92,17.13,16.92,15.09,17.19,17.12,17.96,18.43,17.73,17.32,17.36,12.04,18.41
2022-06-06 05:00:00,24.46,25.76,24.54,24.68,24.44,22.89,24.82,24.66,25.45,25.87,25.17,24.86,24.88,19.94,25.92
2022-06-06 06:00:00,43.72,44.71,43.71,44.15,43.45,41.81,44.19,43.64,44.15,45.05,43.86,44.35,44.31,39.16,45.14
2022-06-06 07:00:00,44.27,45.69,44.26,44.73,43.71,42.09,44.55,44.13,44.43,46.13,44.4,44.94,44.91,39.8,45.31
2022-06-06 08:00:00,47.2,49.82,47.02,48.15,46.51,43.54,46.56,45.82,45.56,50.71,45.74,48.65,48.46,42.36,46.54
2022-06-06 09:00:00,50.74,55.52,50.52,51.95,49.91,45.54,49.09,48.41,47.68,56.99,48.28,52.85,52.43,44.98,48.7
2022-06-06 10:00:00,60.86,72.52,61.93,60.0,59.17,56.61,58.61,58.18,58.35,74.39,57.87,60.54,60.17,56.62,58.6
2022-06-06 11:00:00,66.25,82.35,68.15,63.94,63.67,62.98,63.34,64.73,66.55,84.16,64.7,64.64,63.92,63.94,63.79
2022-06-06 12:00:00,81.83,97.91,83.74,79.62,79.6,78.14,79.3,80.52,81.19,99.22,80.12,80.12,79.48,79.13,80.6
2022-06-06 13:00:00,92.23,126.4,96.54,86.6,87.48,87.11,86.05,90.42,94.36,129.56,90.35,88.6,87.72,89.86,92.05
2022-06-06 14:00:00,118.73,153.37,122.67,112.7,115.55,116.96,107.66,121.48,127.29,155.26,125.06,115.21,114.29,121.68,130.39
2022-06-06 15:00:00,141.99,187.92,147.51,132.97,136.97,142.42,126.71,149.02,166.74,188.56,154.2,135.63,133.15,147.42,157.72
2022-06-06 16:00:00,169.63,217.64,174.36,162.93,166.06,163.64,153.25,173.63,187.97,220.41,180.48,165.8,162.16,169.98,189.11
2022-06-06 17:00:00,140.34,171.03,142.37,139.53,141.58,126.83,132.11,151.2,152.5,173.28,171.98,142.03,141.03,131.96,161.78
2022-06-06 18:00:00,113.82,128.2,114.65,115.0,115.06,101.99,113.42,119.22,116.53,129.76,122.29,116.55,116.25,98.22,125.42
2022-06-06 19:00:00,106.59,110.77,107.04,108.31,105.17,96.58,112.5,109.01,111.06,112.05,110.61,108.62,108.42,86.24,122.5
2022-06-06 20:00:00,97.2,101.33,97.98,98.14,94.48,88.79,103.64,98.95,101.96,102.34,100.81,98.3,98.09,76.39,115.53
2022-06-06 21:00:00,77.44,79.54,77.84,78.27,76.8,71.69,81.85,78.31,80.47,80.17,79.47,78.39,79.09,62.86,88.69
2022-06-06 22:00:00,68.78,70.82,69.05,69.58,67.83,63.77,72.03,69.17,70.69,71.7,70.06,69.61,69.6,56.62,76.41
2022-06-06 23:00:00,59.45,60.21,59.56,60.35,58.07,55.14,62.56,60.31,62.08,60.6,61.22,60.37,60.36,47.77,65.85
2022-06-07 00:00:00,56.77,57.42,56.92,57.72,55.66,52.01,60.54,57.82,59.89,57.74,58.46,57.75,57.73,42.18,64.53
2022-06-07 01:00:00,53.39,53.7,53.43,54.52,53.86,48.58,56.91,54.63,56.76,53.86,55.31,54.54,54.54,38.65,60.55
2022-06-07 02:00:00,48.06,48.28,48.16,49.06,49.31,43.52,51.77,49.12,51.04,48.42,49.72,49.08,49.09,34.68,55.48
2022-06-07 03:00:00,42.38,42.65,42.41,43.4,43.74,38.05,45.54,43.4,45.24,42.77,44.0,43.42,43.43,29.72,48.79
2022-06-07 04:00:00,39.95,40.7,40.09,40.73,40.85,35.96,42.96,40.68,42.33,41.05,41.2,40.74,40.75,28.7,46.2
2022-06-07 05:00:00,47.65,48.39,47.76,48.41,48.63,43.9,50.33,48.33,49.88,48.7,49.12,48.42,48.43,36.92,53.26
2022-06-07 06:00:00,54.81,56.86,54.97,55.63,55.79,50.18,57.22,55.11,56.58,57.66,55.57,55.64,55.65,42.38,59.71
2022-06-07 07:00:00,50.26,52.79,50.49,50.97,50.42,45.66,52.55,50.54,52.14,53.61,50.9,50.98,50.98,38.04,54.81
2022-06-07 08:00:00,52.42,57.81,52.65,53.29,52.47,46.61,52.89,51.23,51.63,59.83,51.37,53.53,53.43,41.29,53.33
2022-06-07 09:00:00,57.57,64.21,57.91,58.18,57.2,51.9,57.33,55.97,56.33,66.11,56.0,58.5,58.35,47.8,57.5
2022-06-07 10:00:00,67.16,76.67,68.11,66.65,66.22,62.65,66.46,66.01,66.05,78.78,66.32,66.88,66.65,61.17,66.83
2022-06-07 11:00:00,77.81,86.88,78.68,77.42,77.25,73.2,77.23,76.58,76.88,89.04,76.74,77.56,77.4,71.73,78.24
2022-06-07 12:00:00,98.29,113.91,99.22,99.13,98.23,86.91,96.94,92.61,94.29,116.44,90.42,99.27,99.22,85.76,99.76
2022-06-07 13:00:00,107.84,133.36,110.32,105.06,105.93,101.75,101.12,106.52,105.11,134.88,108.38,106.87,105.85,103.77,115.06
2022-06-07 14:00:00,124.99,153.58,127.65,121.91,124.65,118.84,116.25,125.85,124.13,155.12,127.91,125.41,125.82,121.84,143.83
2022-06-07 15:00:00,163.91,203.51,166.08,163.51,165.42,146.08,151.22,157.8,160.48,205.28,176.39,167.51,166.46,150.47,192.22
2022-06-07 16:00:00,179.81,222.85,181.15,182.99,183.02,150.59,168.16,172.59,170.41,225.95,187.98,187.03,187.85,152.67,212.66
2022-06-07 17:00:00,152.69,180.72,152.58,158.09,157.44,124.37,147.15,155.38,144.7,183.59,186.52,161.59,165.12,126.01,178.63
2022-06-07 18:00:00,114.84,131.73,115.46,116.74,116.92,100.96,112.42,122.25,116.5,132.76,138.91,119.74,136.74,96.51,128.44
2022-06-07 19:00:00,106.31,113.67,106.86,108.03,105.72,95.59,110.14,107.91,108.27,115.0,109.32,108.51,124.33,87.92,117.02
2022-06-07 20:00:00,94.58,103.33,96.06,94.19,92.83,87.33,99.37,94.23,96.37,104.74,94.84,94.61,102.66,79.59,110.51
2022-06-07 21:00:00,78.3,84.67,79.72,77.19,75.97,74.63,82.4,78.88,81.95,85.29,79.67,77.58,80.81,68.18,90.39
2022-06-07 22:00:00,72.81,74.88,73.25,73.04,71.99,69.43,75.64,72.74,73.88,75.61,73.04,73.21,76.64,64.4,80.03
2022-06-07 23:00:00,65.69,66.51,66.04,66.03,65.28,62.42,69.17,66.11,67.49,66.88,66.54,66.06,66.03,56.48,73.97
2022-06-08 00:00:00,60.96,63.24,61.07,62.23,62.69,54.73,64.1,61.48,63.41,65.0,62.16,62.25,62.27,43.72,66.39
2022-06-08 01:00:00,57.91,58.16,57.81,59.39,60.13,52.3,61.39,58.95,60.74,58.63,59.95,59.44,59.43,41.53,63.4
2022-06-08 02:00:00,55.14,54.92,55.05,56.32,56.87,50.84,58.12,56.28,58.11,54.92,57.17,56.35,56.35,42.16,60.31
2022-06-08 03:00:00,52.49,52.84,52.47,53.29,53.63,49.2,54.55,53.21,54.63,53.25,53.95,53.31,53.31,42.98,56.29
2022-06-08 04:00:00,51.78,52.42,51.86,52.27,52.43,49.21,53.54,52.13,53.14,52.87,52.65,52.28,52.28,44.76,55.44
2022-06-08 05:00:00,56.69,57.25,56.81,56.81,56.81,55.5,57.68,56.7,57.1,57.53,56.96,56.82,56.82,53.79,59.09
2022-06-08 06:00:00,59.58,60.55,59.71,59.66,59.64,58.38,60.26,59.46,59.75,61.18,59.62,59.66,59.67,56.75,61.26
2022-06-08 07:00:00,61.06,62.9,61.3,60.97,60.9,59.88,61.43,60.44,60.5,63.86,60.54,60.96,60.98,59.44,62.54
2022-06-08 08:00:00,59.72,64.89,59.78,59.96,59.63,57.15,57.12,58.26,57.81,66.83,58.18,59.95,59.99,56.67,59.61
2022-06-08 09:00:00,59.33,67.05,59.47,59.23,58.86,57.11,54.49,57.95,57.67,69.55,57.89,59.35,59.26,56.79,58.49
2022-06-08 10:00:00,65.98,77.3,66.94,64.65,64.6,64.08,61.71,64.76,64.71,80.12,64.86,64.81,64.58,63.6,64.81
2022-06-08 11:00:00,76.79,84.51,77.11,76.81,76.39,73.38,73.72,74.78,74.21,88.26,74.67,76.82,76.84,73.31,76.44
2022-06-08 12:00:00,93.82,100.44,94.36,93.49,93.36,91.15,92.36,92.27,91.94,102.3,92.19,93.62,93.49,91.41,95.5
2022-06-08 13:00:00,98.73,115.73,100.63,95.98,96.57,97.07,93.74,97.47,97.43,118.58,98.2,96.43,95.82,99.84,102.42
2022-06-08 14:00:00,115.66,142.17,118.53,111.38,112.26,113.44,107.14,114.36,114.62,144.43,116.04,112.1,111.09,116.91,121.09
2022-06-08 15:00:00,139.0,178.39,142.5,134.74,134.92,130.56,126.3,135.0,138.29,180.6,140.5,135.61,134.43,136.17,142.67
2022-06-08 16:00:00,152.73,200.88,155.5,152.86,151.6,127.18,141.1,140.3,150.26,206.44,167.05,153.86,159.73,135.33,161.08
2022-06-08 17:00:00,131.14,159.27,131.94,134.57,133.99,106.3,127.59,130.58,133.6,165.31,170.67,135.28,154.15,112.28,143.6
2022-06-08 18:00:00,112.7,129.29,113.34,115.65,115.14,94.66,113.76,123.7,115.7,132.0,139.61,116.17,135.16,88.01,119.87
2022-06-08 19:00:00,104.87,118.1,106.18,105.6,104.53,93.11,107.92,106.95,107.2,120.1,112.48,106.24,125.6,82.95,114.33
2022-06-08 20:00:00,98.67,112.79,101.86,95.5,93.8,93.18,105.97,100.1,103.12,114.38,101.63,95.98,102.35,80.85,137.07
2022-06-08 21:00:00,82.15,92.71,84.74,79.25,76.81,79.11,87.91,83.23,86.84,94.25,84.44,79.45,79.12,71.45,112.92
2022-06-08 22:00:00,77.39,80.17,78.34,76.92,74.48,74.12,82.13,77.05,78.6,81.8,77.72,76.89,76.86,69.72,93.38
2022-06-08 23:00:00,68.84,69.2,69.62,68.33,66.89,67.14,73.81,68.74,70.4,69.67,69.72,68.32,68.28,64.74,85.03
2022-06-09 00:00:00,65.95,67.31,66.27,66.04,66.13,63.66,68.07,65.98,66.83,68.75,66.39,66.03,66.03,59.87,72.14
2022-06-09 01:00:00,59.91,60.38,60.24,59.61,59.54,59.49,61.48,59.77,60.14,60.98,59.99,59.6,59.59,59.05,65.48
2022-06-09 02:00:00,57.3,57.96,57.66,56.94,56.89,56.85,58.86,57.08,57.41,58.75,57.31,56.93,56.92,56.54,63.26
2022-06-09 03:00:00,56.92,57.19,57.22,56.56,56.44,56.81,58.33,56.82,57.02,57.57,56.93,56.55,56.54,56.75,62.27
2022-06-09 04:00:00,58.84,59.24,59.11,58.54,58.32,58.69,59.97,58.69,58.79,59.71,58.73,58.53,58.52,58.68,62.78
2022-06-09 05:00:00,62.7,62.84,63.0,62.33,62.2,62.72,64.12,62.66,62.82,63.04,62.73,62.32,62.31,62.74,68.12
2022-06-09 06:00:00,66.13,67.07,66.52,65.69,65.57,65.88,67.44,65.89,66.04,67.97,65.96,65.67,65.66,65.92,71.89
2022-06-09 07:00:00,66.3,68.6,66.69,65.94,65.69,65.43,66.79,65.63,65.59,70.38,65.64,65.92,65.93,65.45,69.59
2022-06-09 08:00:00,64.91,68.66,65.29,64.66,64.48,63.22,64.62,63.78,63.34,71.62,63.65,64.65,64.67,63.25,65.54
2022-06-09 09:00:00,73.73,79.95,74.45,72.9,72.68,72.24,72.73,72.59,72.31,83.3,72.49,72.96,72.87,72.43,73.1
2022-06-09 10:00:00,81.47,92.52,82.81,79.73,79.12,79.68,79.31,80.07,79.71,96.78,79.97,79.95,79.65,79.78,80.18
2022-06-09 11:00:00,97.31,109.99,98.82,95.32,94.88,95.44,94.52,95.79,95.24,114.57,95.68,95.58,95.22,95.63,97.18
2022-06-09 12:00:00,121.19,138.0,123.33,117.85,118.23,120.78,116.67,120.53,120.35,142.06,120.58,118.27,117.66,120.99,121.36
2022-06-09 13:00:00,123.73,145.53,126.41,119.25,120.28,124.35,116.49,123.2,123.94,150.36,123.67,119.8,118.98,125.34,128.49
2022-06-09 14:00:00,144.96,175.04,148.44,139.16,139.33,145.28,134.3,144.26,146.86,181.92,144.86,139.87,138.79,148.46,150.32
2022-06-09 15:00:00,163.07,203.44,167.48,155.58,154.52,163.55,147.33,163.43,165.65,210.6,163.79,156.69,155.07,165.86,168.33
2022-06-09 16:00:00,148.9,190.42,152.47,143.87,139.97,142.89,132.7,147.01,147.9,197.43,148.28,145.02,143.52,144.81,154.12
2022-06-09 17:00:00,130.22,170.9,134.22,124.96,113.28,123.34,117.69,128.99,131.36,177.64,131.26,126.46,129.44,125.71,132.69
2022-06-09 18:00:00,111.94,135.29,114.29,109.23,103.22,106.5,106.15,113.17,115.37,140.39,114.91,109.65,109.88,105.37,117.25
2022-06-09 19:00:00,120.82,133.83,122.27,120.76,113.96,111.3,123.19,119.64,117.97,139.16,120.33,120.86,123.72,102.31,128.88
2022-06-09 20:00:00,120.67,134.27,123.56,118.32,106.97,113.28,128.38,118.88,120.25,142.63,119.78,118.29,118.07,105.22,148.13
2022-06-09 21:00:00,96.08,102.0,97.78,94.81,86.63,91.75,102.56,95.21,96.61,107.26,95.77,94.73,94.65,86.51,118.56
2022-06-09 22:00:00,81.88,84.77,82.75,81.29,76.9,79.44,85.5,81.44,82.25,87.35,81.69,81.25,81.22,76.35,92.89
2022-06-09 23:00:00,75.47,76.27,76.03,75.0,71.22,74.51,78.32,75.47,76.06,77.09,75.67,74.97,74.94,72.91,85.0
2022-06-10 00:00:00,60.91,61.5,61.12,60.68,58.72,60.69,61.6,60.68,60.73,62.1,60.69,60.67,60.67,60.74,63.13
2022-06-10 01:00:00,52.25,52.5,52.39,52.09,50.9,52.19,52.77,52.16,52.22,52.78,52.17,52.09,52.08,52.22,53.9
2022-06-10 02:00:00,48.71,49.12,48.85,48.52,47.53,48.72,49.04,48.72,48.69,49.53,48.7,48.52,48.52,48.8,49.91
2022-06-10 03:00:00,45.38,45.4,45.48,45.26,45.06,45.37,45.87,45.35,45.4,45.47,45.37,45.26,45.25,45.39,46.88
2022-06-10 04:00:00,44.5,44.79,44.61,44.39,44.27,44.38,44.87,44.4,44.41,45.09,44.4,44.39,44.39,44.39,45.67
2022-06-10 05:00:00,48.75,49.01,48.88,48.61,48.46,48.64,49.27,48.65,48.68,49.29,48.66,48.61,48.61,48.65,50.37
2022-06-10 06:00:00,55.03,55.42,55.13,54.94,54.65,54.87,55.31,54.91,54.91,55.76,54.91,54.94,54.93,54.9,55.95
2022-06-10 07:00:00,57.01,57.4,57.08,56.96,56.14,56.84,57.13,56.88,56.87,57.65,56.88,56.96,56.96,56.87,57.45
2022-06-10 08:00:00,53.37,58.17,53.78,52.92,51.84,52.23,51.78,52.82,52.27,60.21,52.42,53.08,52.96,52.34,51.7
2022-06-10 09:00:00,57.1,66.16,57.03,56.69,49.94,57.17,48.1,57.39,57.51,68.68,56.61,56.87,56.74,57.45,47.03
2022-06-10 10:00:00,61.06,74.17,62.15,59.14,55.95,60.77,54.53,60.8,62.51,77.52,60.36,59.65,59.14,61.44,54.7
2022-06-10 11:00:00,72.87,86.05,74.34,70.64,70.1,72.02,68.65,73.24,73.86,89.56,72.46,71.01,70.52,72.72,69.45
2022-06-10 12:00:00,110.76,129.23,113.3,106.53,106.96,111.65,105.78,111.08,111.73,132.12,111.02,107.08,106.27,112.33,108.02
2022-06-10 13:00:00,138.01,169.17,142.46,130.17,131.85,141.65,128.84,138.73,140.72,173.0,139.51,131.19,129.68,142.78,137.42
2022-06-10 14:00:00,190.34,238.34,196.93,178.48,181.23,196.35,174.54,192.09,195.71,243.69,193.32,180.0,177.71,198.76,190.55
2022-06-10 15:00:00,294.15,347.83,300.82,282.24,285.59,298.87,274.33,295.39,299.4,355.38,296.67,283.75,281.45,304.06,299.33
2022-06-10 16:00:00,384.48,415.92,387.13,380.43,382.68,381.52,370.65,385.54,383.35,424.44,387.07,381.93,381.46,388.74,396.65
2022-06-10 17:00:00,285.11,311.99,287.76,281.94,283.71,279.64,277.47,293.91,283.47,317.82,299.96,283.4,291.81,281.21,295.43
2022-06-10 18:00:00,171.72,186.03,173.12,170.47,170.79,166.96,169.03,174.71,172.83,190.23,176.82,170.83,171.57,163.87,177.03
2022-06-10 19:00:00,143.85,152.79,145.0,143.4,140.74,138.19,145.62,145.26,147.79,155.88,146.03,143.6,144.2,129.79,150.63
2022-06-10 20:00:00,147.86,159.02,150.44,146.39,136.35,139.02,157.35,147.52,151.09,166.64,148.81,146.37,146.17,124.31,175.7
2022-06-10 21:00:00,89.78,96.02,91.42,89.02,85.93,83.61,97.03,88.92,90.97,101.63,89.66,88.98,88.95,74.65,109.85
2022-06-10 22:00:00,70.55,75.93,71.66,69.43,66.45,68.61,72.68,70.49,71.65,78.26,70.91,69.5,69.33,64.86,77.51
2022-06-10 23:00:00,62.08,63.53,62.69,61.63,58.83,60.63,64.97,62.09,62.88,64.79,62.39,61.61,61.57,58.11,70.2
2022-06-11 00:00:00,55.29,56.56,55.77,54.71,54.44,55.15,56.67,55.73,56.0,57.24,55.78,54.75,54.7,54.13,59.34
2022-06-11 01:00:00,46.14,47.57,46.52,45.84,45.51,45.29,47.38,46.24,46.83,48.18,46.37,45.89,45.82,43.49,49.62
2022-06-11 02:00:00,40.17,41.43,40.4,40.13,39.88,39.09,40.94,40.16,40.62,42.29,40.31,40.16,40.13,37.34,42.18
2022-06-11 03:00:00,33.24,33.54,33.4,33.31,33.21,32.23,34.5,33.39,33.92,33.91,33.6,33.33,33.32,30.33,36.3
2022-06-11 04:00:00,33.87,34.49,34.13,33.7,33.46,33.25,35.09,33.68,33.95,35.22,33.77,33.7,33.7,32.62,37.26
2022-06-11 05:00:00,33.58,33.73,33.77,33.49,33.33,33.12,34.73,33.57,33.91,33.96,33.73,33.5,33.49,32.38,36.65
2022-06-11 06:00:00,46.74,47.53,46.9,46.67,46.57,46.08,47.33,46.52,46.64,48.28,46.6,46.68,46.68,45.61,48.35
2022-06-11 07:00:00,48.69,49.46,48.82,48.58,48.49,48.27,48.98,48.4,48.45,50.22,48.43,48.58,48.59,48.22,49.63
2022-06-11 08:00:00,49.39,52.22,49.54,49.47,48.99,47.77,48.69,47.97,47.66,54.26,47.81,49.67,49.59,48.07,48.57
2022-06-11 09:00:00,51.27,57.84,51.38,51.36,48.69,48.93,47.39,49.07,48.7,61.75,48.77,51.89,51.63,49.4,46.79
2022-06-11 10:00:00,61.39,72.5,62.28,60.0,58.6,60.33,56.28,59.85,61.65,75.91,59.66,61.02,60.17,60.98,55.67
2022-06-11 11:00:00,75.01,89.37,76.14,73.25,70.88,73.64,68.31,73.41,75.31,94.44,73.42,74.75,73.53,74.09,68.71
2022-06-11 12:00:00,91.4,104.69,92.96,89.12,88.26,90.19,87.84,90.2,92.38,108.78,89.96,89.45,89.02,91.28,89.45
2022-06-11 13:00:00,101.2,124.19,104.08,96.29,95.95,102.39,93.45,101.58,107.08,128.81,101.93,97.2,102.49,104.21,99.76
2022-06-11 14:00:00,133.33,159.88,136.3,128.24,126.02,133.99,123.1,133.57,138.86,165.91,133.73,129.74,132.56,135.94,134.07
2022-06-11 15:00:00,179.64,208.21,181.86,175.96,173.87,177.8,165.48,178.8,181.53,216.74,179.8,177.63,185.98,181.6,184.48
2022-06-11 16:00:00,213.28,240.01,214.87,211.3,209.26,208.15,200.0,211.41,210.19,248.9,211.45,212.8,224.76,210.35,219.96
2022-06-11 17:00:00,161.2,185.26,163.13,159.23,156.83,155.11,152.93,159.64,158.94,190.86,159.7,160.78,174.07,154.59,165.69
2022-06-11 18:00:00,123.97,135.06,124.65,124.51,119.95,116.38,122.64,127.06,125.63,139.2,129.17,125.09,135.45,111.97,127.87
2022-06-11 19:00:00,114.26,122.8,114.99,115.17,107.6,105.26,116.73,113.98,116.32,127.68,114.28,115.38,115.23,94.95,120.6
2022-06-11 20:00:00,92.45,99.87,93.6,92.24,76.96,86.24,96.05,92.12,94.41,105.13,92.75,92.4,92.22,77.95,103.35
2022-06-11 21:00:00,80.3,91.16,82.07,78.65,51.45,76.14,82.33,79.81,83.62,96.56,80.34,78.87,78.55,70.26,88.65
2022-06-11 22:00:00,70.57,75.37,71.07,70.25,29.05,68.47,70.2,70.85,77.28,77.57,71.17,70.45,70.41,65.39,73.86
2022-06-11 23:00:00,62.98,66.28,62.76,63.58,11.35,60.99,60.18,63.27,64.42,68.16,63.41,63.98,63.83,57.64,63.3
2022-06-12 00:00:00,57.28,60.8,57.56,56.7,15.61,57.6,55.13,58.0,59.1,61.15,58.24,56.9,56.86,56.22,58.6
2022-06-12 01:00:00,51.6,53.56,51.55,51.65,12.33,51.23,49.74,52.1,52.77,54.06,52.26,51.73,51.81,49.53,51.98
2022-06-12 02:00:00,48.99,49.8,48.85,49.42,15.18,47.8,48.4,49.26,49.84,50.45,49.4,49.5,49.53,45.49,49.66
2022-06-12 03:00:00,43.77,44.66,43.67,43.97,12.93,43.24,42.82,44.19,44.77,44.75,44.34,44.06,44.03,41.54,44.29
2022-06-12 04:00:00,35.56,36.42,35.84,35.3,12.25,35.13,36.51,35.52,36.04,36.75,35.77,35.41,35.34,34.37,38.81
2022-06-12 05:00:00,33.16,33.8,33.34,32.99,11.61,32.82,33.76,33.21,33.59,33.94,33.38,33.09,33.04,32.05,35.26
2022-06-12 06:00:00,45.36,46.06,45.04,45.83,23.27,44.8,43.49,45.67,46.03,46.47,45.7,45.87,45.92,43.37,44.03
2022-06-12 07:00:00,44.8,45.61,44.39,45.26,25.98,44.76,41.93,44.95,45.12,45.98,44.92,45.32,45.36,44.53,42.09
2022-06-12 08:00:00,45.29,52.15,42.84,47.75,21.31,45.7,25.77,45.98,45.62,55.03,45.42,47.79,48.15,45.95,25.8
2022-06-12 09:00:00,49.23,60.8,45.04,53.14,10.99,51.15,15.07,51.31,51.36,64.8,50.49,53.46,53.84,51.39,15.08
2022-06-12 10:00:00,64.18,76.22,59.98,68.1,25.45,66.09,29.51,66.35,67.17,79.18,65.38,68.66,68.91,66.05,29.59
2022-06-12 11:00:00,64.24,83.42,61.74,65.81,28.11,65.87,31.85,65.25,68.52,87.74,64.43,67.31,67.1,66.85,31.86
2022-06-12 12:00:00,72.17,93.04,70.42,73.11,39.38,72.4,43.11,71.98,78.1,98.0,72.77,74.62,75.55,75.45,44.01
2022-06-12 13:00:00,87.69,116.56,87.12,87.31,56.4,85.86,58.74,85.81,94.11,122.16,85.77,89.5,91.99,89.74,60.26
2022-06-12 14:00:00,94.77,141.3,96.6,90.09,60.06,94.9,60.09,94.98,107.81,147.31,99.12,93.45,95.12,103.94,65.15
2022-06-12 15:00:00,101.44,161.75,104.74,95.75,64.38,95.71,65.74,104.44,111.65,170.63,113.07,99.97,100.48,105.28,74.51
2022-06-12 16:00:00,122.33,185.77,123.67,119.77,72.46,112.74,76.39,123.5,131.46,193.94,133.05,125.28,131.3,123.08,85.94
2022-06-12 17:00:00,118.1,165.63,116.78,120.19,69.4,105.89,75.4,125.12,130.36,171.93,135.61,123.92,130.93,113.99,83.28
2022-06-12 18:00:00,101.56,126.06,98.77,106.69,55.39,89.02,73.3,123.29,107.67,129.87,139.4,109.6,112.56,93.06,78.58
2022-06-12 19:00:00,101.0,119.59,99.96,103.96,69.41,90.14,86.14,115.5,102.4,123.97,126.16,107.16,107.67,88.08,95.0
2022-06-12 20:00:00,129.98,135.51,129.05,133.66,98.11,118.45,128.57,127.75,128.06,140.85,129.05,135.37,136.61,111.17,132.01
2022-06-12 21:00:00,88.08,95.63,88.13,89.2,57.03,81.74,85.96,87.25,88.39,100.62,87.5,90.33,89.97,75.86,89.33
2022-06-12 22:00:00,71.66,75.6,71.23,72.9,27.02,67.89,68.54,71.77,79.34,77.97,71.97,73.59,73.31,65.21,70.04
2022-06-12 23:00:00,62.36,65.46,61.7,63.66,13.54,59.65,58.02,63.18,66.13,66.81,63.38,63.97,64.0,55.54,59.64
2022-06-13 00:00:00,58.42,60.63,56.83,60.77,7.5,56.06,49.86,59.56,60.98,61.4,59.94,61.44,62.62,50.09,52.35
2022-06-13 01:00:00,48.82,50.66,47.28,51.14,3.65,46.52,40.79,50.38,51.88,51.23,50.85,51.5,52.1,40.18,42.47
2022-06-13 02:00:00,39.73,41.46,37.97,42.15,2.05,38.02,30.25,41.76,43.33,41.76,42.22,42.22,42.55,31.59,31.67
2022-06-13 03:00:00,32.98,34.34,31.51,35.0,2.23,31.62,25.09,34.69,35.95,34.44,35.09,35.06,35.33,26.63,26.31
2022-06-13 04:00:00,34.35,35.83,33.01,36.12,2.41,33.38,26.7,35.74,36.65,36.13,35.99,36.15,36.44,29.77,27.5
2022-06-13 05:00:00,42.81,44.09,41.96,44.09,7.56,41.43,38.23,43.8,44.7,44.62,44.1,44.12,44.34,37.67,39.1
2022-06-13 06:00:00,55.02,57.03,53.96,56.44,14.76,53.92,48.46,56.11,56.91,57.75,56.27,56.45,56.69,50.22,49.57
2022-06-13 07:00:00,52.54,55.94,50.24,54.94,5.42,53.19,36.89,54.62,55.08,56.69,54.51,54.9,55.29,50.7,37.96
2022-06-13 08:00:00,47.45,58.89,42.36,52.41,-3.66,49.5,8.64,50.79,50.78,62.29,50.25,52.45,53.1,47.72,9.23
2022-06-13 09:00:00,56.23,69.71,49.87,62.47,-1.07,58.83,8.48,59.99,60.19,72.75,59.08,63.15,64.44,56.99,8.95
2022-06-13 10:00:00,69.6,88.2,62.02,76.96,0.02,72.54,10.37,74.04,75.7,91.0,73.45,79.31,83.45,69.53,11.26
2022-06-13 11:00:00,59.46,91.58,55.32,61.85,-6.81,62.93,4.93,63.03,69.83,97.1,62.91,63.73,64.6,62.91,5.97
2022-06-13 12:00:00,65.7,91.8,59.84,71.25,3.03,66.5,9.82,67.31,75.01,94.9,67.19,74.09,77.32,68.21,10.89
2022-06-13 13:00:00,75.6,119.36,72.19,77.5,8.43,75.11,16.8,78.6,86.06,123.86,80.3,81.6,85.67,79.58,18.88
2022-06-13 14:00:00,86.53,134.16,84.32,87.72,25.95,82.36,33.05,90.9,99.23,138.9,94.98,92.73,98.51,88.07,35.14
2022-06-13 15:00:00,104.31,181.97,105.38,100.08,29.64,99.87,39.61,110.86,121.66,184.87,120.0,105.65,111.7,105.95,42.52
2022-06-13 16:00:00,110.94,172.47,107.64,114.25,33.2,100.34,43.52,117.36,121.87,178.29,122.89,120.13,130.47,106.19,47.5
2022-06-13 17:00:00,96.71,133.7,91.24,103.3,26.57,88.79,39.17,104.37,108.62,134.66,129.16,106.5,119.32,95.79,41.73
2022-06-13 18:00:00,80.59,112.16,75.71,85.31,9.37,78.5,26.87,86.54,95.88,113.47,102.48,90.6,98.4,85.38,30.35
2022-06-13 19:00:00,79.11,104.61,74.98,83.51,22.81,75.92,35.9,82.75,88.8,106.21,84.43,88.0,90.09,75.93,45.27
2022-06-13 20:00:00,114.12,118.23,108.41,123.97,60.38,100.95,90.5,109.8,111.27,121.1,109.83,126.95,132.22,93.49,97.05
2022-06-13 21:00:00,84.69,89.85,80.8,91.2,30.39,75.98,66.19,82.42,83.67,94.26,82.37,92.71,96.31,68.54,70.93
2022-06-13 22:00:00,67.49,71.92,66.01,69.53,19.49,65.5,57.09,68.2,70.23,73.58,68.25,69.91,70.02,62.46,59.46
2022-06-13 23:00:00,60.06,63.67,57.55,63.16,7.75,59.0,44.38,61.72,62.77,64.39,61.86,63.98,64.13,55.04,49.25
2022-06-14 00:00:00,55.54,59.32,53.36,58.58,18.08,52.96,42.56,56.96,58.01,60.12,56.71,58.78,59.25,47.08,43.11
2022-06-14 01:00:00,53.49,56.33,51.77,56.3,21.8,49.75,44.71,53.93,55.13,57.06,53.75,56.81,57.05,43.3,45.15
2022-06-14 02:00:00,45.07,47.73,43.18,47.59,16.71,43.38,34.03,46.52,47.6,48.18,46.46,47.72,48.1,38.19,34.64
2022-06-14 03:00:00,38.52,41.75,35.95,41.6,9.99,37.77,22.69,40.79,41.9,42.14,40.7,41.65,42.11,32.7,23.49
2022-06-14 04:00:00,41.59,45.53,38.99,44.69,11.34,40.79,24.97,43.84,44.75,46.22,43.49,44.68,45.18,36.11,25.49
2022-06-14 05:00:00,45.35,47.95,43.83,47.44,19.04,43.61,36.32,46.76,47.8,48.48,46.83,47.46,47.81,38.53,37.02
2022-06-14 06:00:00,57.23,61.52,54.65,60.35,26.57,56.15,40.57,59.29,60.28,62.35,59.05,60.39,60.83,50.74,41.02
2022-06-14 07:00:00,57.05,63.65,52.88,61.6,19.37,57.33,28.92,60.08,60.77,64.77,59.48,61.62,62.26,52.65,29.45
2022-06-14 08:00:00,51.01,63.91,44.38,57.99,0.43,52.02,3.58,54.65,54.5,66.6,53.58,58.04,59.02,49.16,4.05
2022-06-14 09:00:00,57.71,72.46,49.85,66.15,0.45,58.42,2.38,61.15,60.71,75.32,59.8,66.61,67.41,56.34,2.61
2022-06-14 10:00:00,63.91,80.63,57.0,71.22,11.41,64.12,12.03,66.68,67.44,84.0,65.46,71.96,72.5,63.25,12.06
2022-06-14 11:00:00,62.41,79.71,55.5,70.12,10.74,60.91,11.24,62.98,64.89,83.18,61.87,71.16,73.41,61.44,11.53
2022-06-14 12:00:00,67.46,88.02,60.86,75.25,17.08,63.39,16.79,65.43,73.08,91.48,63.83,76.5,79.91,66.85,17.18
2022-06-14 13:00:00,90.79,120.83,85.17,99.01,45.24,78.26,42.57,81.7,83.45,124.02,80.16,101.37,107.84,84.3,42.85
2022-06-14 14:00:00,94.94,124.34,92.07,100.0,63.74,82.01,61.94,89.49,87.48,128.44,89.92,102.55,105.35,88.32,62.45
2022-06-14 15:00:00,114.31,174.87,116.0,112.31,77.52,101.38,75.46,109.42,108.85,178.83,110.54,115.53,116.94,108.39,77.97
2022-06-14 16:00:00,115.58,167.54,114.63,117.54,73.85,101.19,72.24,110.06,109.45,171.64,111.45,120.38,124.56,106.32,75.66
2022-06-14 17:00:00,102.97,137.65,100.17,107.55,64.93,90.63,64.83,102.04,100.73,140.31,103.46,110.24,114.46,91.31,68.21
2022-06-14 18:00:00,92.61,110.91,88.36,100.0,60.58,79.28,63.27,87.59,89.03,113.27,87.37,102.01,107.59,82.39,65.31
2022-06-14 19:00:00,84.69,97.39,81.98,89.47,56.76,75.78,65.26,82.72,85.56,99.67,82.56,90.99,94.28,72.89,66.12
2022-06-14 20:00:00,81.34,88.2,79.43,85.15,56.69,73.74,70.63,79.69,81.61,90.36,79.76,86.04,88.61,68.67,72.1
2022-06-14 21:00:00,81.61,86.05,78.3,87.6,49.46,72.44,67.13,77.49,79.43,88.68,77.19,88.09,94.09,66.64,68.26
2022-06-14 22:00:00,67.8,72.82,67.12,69.35,31.17,63.77,62.53,66.59,68.42,74.57,66.54,70.01,70.17,61.38,63.71
2022-06-14 23:00:00,63.65,68.19,62.6,65.49,28.66,60.31,56.42,63.51,64.06,69.61,63.43,65.83,66.09,56.25,57.47
2022-06-15 00:00:00,53.56,65.87,49.21,58.67,13.34,51.29,20.99,55.24,55.57,70.6,54.43,58.71,59.6,46.02,21.93
2022-06-15 01:00:00,52.17,62.67,47.78,58.23,16.88,46.65,23.56,51.33,52.29,68.23,50.84,59.33,62.99,39.49,24.45
2022-06-15 02:00:00,41.4,50.26,37.69,45.87,8.46,39.36,15.26,43.41,44.23,53.19,43.18,45.94,46.59,33.45,16.36
2022-06-15 03:00:00,38.95,48.83,35.05,43.38,4.08,37.66,10.32,40.95,41.38,52.58,40.52,43.39,44.04,33.34,11.38
2022-06-15 04:00:00,39.61,48.94,35.73,43.89,5.41,38.99,11.12,41.89,42.16,51.94,41.14,43.77,44.53,35.24,11.85
2022-06-15 05:00:00,40.7,49.58,37.19,44.49,7.28,40.46,14.22,42.61,42.55,52.28,42.09,44.32,45.08,38.06,15.16
2022-06-15 06:00:00,46.91,58.52,42.26,51.69,5.76,47.56,11.29,49.78,49.61,62.94,48.99,51.43,52.25,45.04,12.52
2022-06-15 07:00:00,49.48,63.55,44.14,54.94,4.45,50.19,7.87,52.39,51.74,67.99,51.5,54.61,55.68,48.37,8.78
2022-06-15 08:00:00,44.06,64.89,39.25,49.0,-1.52,42.91,0.19,45.39,44.7,71.79,44.43,48.99,49.69,41.41,0.6
2022-06-15 09:00:00,51.0,78.91,45.87,56.2,-0.81,48.73,-0.34,52.36,51.85,88.01,51.24,56.49,57.03,46.03,0.07
2022-06-15 10:00:00,55.88,91.0,51.36,60.0,0.78,53.64,0.79,56.86,56.9,100.67,56.02,60.54,60.81,51.91,1.23
2022-06-15 11:00:00,59.34,100.96,55.88,61.41,3.19,58.79,2.35,60.61,62.53,110.96,60.6,62.51,62.27,59.8,2.91
2022-06-15 12:00:00,68.28,118.61,65.58,70.49,13.55,61.55,11.69,64.05,70.88,133.61,62.08,71.99,71.66,65.24,12.01
2022-06-15 13:00:00,83.93,145.47,82.25,85.63,27.73,72.25,25.63,73.73,84.01,158.08,72.13,88.19,95.24,78.8,26.23
2022-06-15 14:00:00,97.88,178.92,101.1,94.34,55.37,79.35,51.77,85.96,88.93,193.93,85.2,97.89,100.73,87.35,52.28
2022-06-15 15:00:00,114.99,205.88,117.98,114.26,73.34,83.95,67.82,98.07,96.87,216.98,100.16,119.37,126.72,93.95,70.39
2022-06-15 16:00:00,118.19,197.76,119.52,119.49,77.4,89.39,71.44,111.39,107.32,207.73,116.65,123.9,131.88,98.64,77.01
2022-06-15 17:00:00,107.05,166.18,104.72,113.71,65.32,78.65,60.35,101.58,100.69,174.9,108.48,117.63,131.22,87.28,65.75
2022-06-15 18:00:00,89.37,122.06,84.58,97.64,49.24,72.06,46.54,88.03,94.65,128.66,91.29,100.66,117.64,79.16,51.23
2022-06-15 19:00:00,85.85,108.65,84.23,90.45,67.16,70.16,67.67,80.9,99.54,114.26,81.95,92.26,98.14,70.94,69.62
2022-06-15 20:00:00,79.92,101.16,80.31,80.64,66.57,70.95,68.5,76.19,83.09,108.27,75.81,82.14,100.64,65.26,73.32
2022-06-15 21:00:00,87.26,97.9,85.68,91.71,76.02,74.98,78.14,79.73,82.05,105.0,79.27,92.71,110.96,70.09,81.14
2022-06-15 22:00:00,65.24,74.96,65.71,65.52,56.2,59.89,62.46,63.03,69.71,81.95,63.0,65.67,70.13,58.04,63.71
2022-06-15 23:00:00,62.31,71.47,62.71,62.69,55.03,56.92,59.75,59.94,60.02,77.44,59.84,62.76,62.96,54.03,60.25
2022-06-16 00:00:00,58.22,67.52,58.63,58.15,37.03,54.57,54.26,56.25,56.17,76.01,56.03,58.12,58.3,52.82,56.52
2022-06-16 01:00:00,52.34,59.71,53.13,51.91,27.55,48.67,52.23,50.25,50.35,67.01,50.17,52.03,52.06,46.95,55.66
2022-06-16 02:00:00,45.75,49.82,46.23,45.48,24.24,43.69,45.92,44.68,44.85,53.85,44.65,45.57,45.56,42.53,49.02
2022-06-16 03:00:00,43.09,47.18,43.69,42.57,26.86,41.38,43.61,41.62,41.49,51.29,41.6,42.66,42.67,41.71,46.37
2022-06-16 04:00:00,43.52,47.25,44.05,43.07,32.5,41.94,43.95,42.23,42.09,50.94,42.21,43.1,43.11,42.26,45.88
2022-06-16 05:00:00,47.35,50.71,47.9,46.84,42.61,45.99,48.06,46.24,46.07,54.02,46.2,46.83,46.84,46.15,50.51
2022-06-16 06:00:00,54.91,57.72,55.42,54.36,52.21,54.08,55.53,54.19,54.15,60.87,54.19,54.34,54.35,54.2,57.67
2022-06-16 07:00:00,56.47,61.4,57.11,55.87,54.79,54.75,56.4,55.12,54.92,66.14,55.1,55.85,55.88,54.92,57.64
2022-06-16 08:00:00,51.03,62.3,52.31,49.29,47.88,49.52,48.14,49.13,50.56,68.71,48.94,49.39,49.24,50.14,47.97
2022-06-16 09:00:00,58.45,82.81,59.7,55.66,42.15,58.54,41.81,56.84,61.58,93.11,56.51,55.77,55.61,58.97,41.59
2022-06-16 10:00:00,62.99,85.33,64.31,60.0,48.14,63.97,47.95,62.13,65.29,93.33,61.96,60.31,59.95,64.54,48.18
2022-06-16 11:00:00,69.41,99.52,72.75,63.76,58.61,69.73,58.0,68.13,71.92,108.4,68.25,64.68,63.95,71.08,58.88
2022-06-16 12:00:00,85.07,140.97,91.04,75.0,65.68,85.06,63.14,82.1,86.11,155.27,82.46,76.42,76.35,87.77,64.32
2022-06-16 13:00:00,99.82,161.5,105.63,89.36,73.61,101.04,70.59,96.94,105.28,172.61,99.3,91.91,94.65,103.89,76.59
2022-06-16 14:00:00,103.93,190.1,112.49,89.02,68.91,104.64,66.21,99.3,108.18,205.0,102.54,92.11,97.38,108.93,74.2
2022-06-16 15:00:00,119.37,234.01,130.26,101.97,76.05,113.1,71.97,111.75,130.36,248.89,116.88,105.97,121.97,119.65,80.99
2022-06-16 16:00:00,119.5,214.98,127.08,107.86,78.85,109.99,75.48,112.25,121.08,226.08,117.94,111.52,127.86,115.41,83.87
2022-06-16 17:00:00,105.12,161.71,106.02,103.51,67.86,95.35,63.53,98.26,107.96,172.81,102.06,106.09,123.51,98.36,71.7
2022-06-16 18:00:00,89.76,116.19,88.36,91.58,61.98,83.77,61.88,86.75,92.07,122.6,89.24,93.68,111.59,85.34,66.45
2022-06-16 19:00:00,96.85,112.51,98.1,95.41,86.47,93.78,90.71,95.54,98.11,116.93,95.71,96.6,115.41,91.56,93.32
2022-06-16 20:00:00,98.17,111.61,100.0,95.85,91.62,96.12,96.43,97.29,98.5,116.68,97.49,96.31,105.18,93.58,97.93
2022-06-16 21:00:00,92.54,105.7,93.69,91.52,81.33,88.32,89.23,89.34,89.51,111.19,89.35,92.5,94.1,87.3,90.47
2022-06-16 22:00:00,67.64,75.71,68.69,66.48,59.93,65.52,67.06,66.01,66.37,81.1,66.02,66.51,66.46,65.31,68.18
2022-06-16 23:00:00,61.23,68.2,62.09,60.3,52.76,59.3,60.56,59.74,60.13,73.4,59.71,60.32,60.28,59.21,61.28
2022-06-17 00:00:00,57.8,64.98,58.72,56.74,42.94,56.07,57.1,56.11,56.34,70.55,56.12,56.75,56.73,56.36,58.22
2022-06-17 01:00:00,51.49,55.44,52.05,50.86,36.64,50.52,51.36,50.58,50.84,58.64,50.56,50.86,50.84,50.53,52.53
2022-06-17 02:00:00,47.26,49.34,47.78,46.31,32.57,48.23,47.23,48.65,48.13,51.33,48.42,46.34,46.35,48.09,48.46
2022-06-17 03:00:00,45.83,47.75,46.24,45.18,35.77,46.09,45.93,46.39,46.06,49.64,46.24,45.19,45.2,46.0,47.07
2022-06-17 04:00:00,47.44,49.14,47.72,47.07,40.79,47.2,47.49,47.41,47.25,50.8,47.41,47.07,47.08,47.23,48.33
2022-06-17 05:00:00,50.12,51.97,50.45,49.75,46.18,49.69,50.39,49.82,49.76,53.57,49.85,49.75,49.74,49.73,51.6
2022-06-17 06:00:00,50.47,51.58,50.67,50.26,47.87,50.08,50.77,50.14,50.17,52.68,50.23,50.25,50.26,50.19,51.88
2022-06-17 07:00:00,53.61,55.92,53.9,53.33,51.8,52.87,53.49,53.0,52.97,58.03,53.08,53.32,53.33,53.05,54.1
2022-06-17 08:00:00,56.52,64.93,57.62,55.0,54.74,55.48,55.08,55.38,55.55,68.94,55.45,55.11,54.94,55.68,55.18
2022-06-17 09:00:00,66.23,92.49,69.73,61.36,61.02,63.45,61.61,63.09,63.92,101.79,63.3,61.75,61.14,63.76,61.75
2022-06-17 10:00:00,76.88,117.45,82.58,68.18,67.78,75.89,68.78,74.58,75.35,127.65,74.93,68.97,67.68,77.0,68.98
2022-06-17 11:00:00,98.17,156.21,106.55,84.65,84.88,100.05,85.29,97.32,99.0,168.31,97.77,86.0,83.8,102.67,86.21
2022-06-17 12:00:00,148.15,238.19,161.26,126.2,126.78,154.57,126.06,148.84,152.81,253.2,149.99,128.56,124.81,159.12,131.25
2022-06-17 13:00:00,253.22,348.49,266.66,229.97,230.68,262.15,226.03,255.54,260.17,364.49,256.65,232.76,228.83,265.06,238.78
2022-06-17 14:00:00,168.88,281.6,185.04,142.19,143.24,174.93,141.46,167.22,173.79,303.56,169.08,145.21,140.63,177.3,152.57
2022-06-17 15:00:00,172.51,302.52,190.97,141.55,140.38,181.22,138.59,178.59,183.71,324.13,181.37,145.26,147.58,186.25,149.81
2022-06-17 16:00:00,162.87,255.99,174.95,143.32,137.02,164.26,136.23,169.06,172.11,276.0,169.1,145.68,161.22,169.43,148.74
2022-06-17 17:00:00,112.88,166.66,119.88,100.99,92.03,116.0,95.89,119.38,127.69,171.71,121.92,102.92,113.77,119.35,106.24
2022-06-17 18:00:00,93.68,119.95,97.15,87.83,74.86,95.27,85.57,97.87,103.01,123.35,99.49,89.11,99.11,97.33,90.61
2022-06-17 19:00:00,91.36,100.69,92.76,89.33,79.22,91.01,90.01,91.98,94.66,101.59,92.28,89.84,95.35,89.24,92.03
2022-06-17 20:00:00,81.98,90.79,83.48,79.79,73.25,81.79,81.55,82.53,84.19,91.87,83.0,80.04,79.63,78.95,83.56
2022-06-17 21:00:00,85.36,92.45,86.39,84.44,77.31,82.66,86.0,84.26,84.61,94.99,84.42,84.49,84.39,80.42,88.49
2022-06-17 22:00:00,68.22,74.97,69.24,67.07,60.22,66.51,68.43,67.07,67.1,77.06,67.15,67.11,67.01,65.91,70.58
2022-06-17 23:00:00,60.03,65.44,60.86,58.94,51.34,59.29,59.78,59.27,59.33,67.97,59.31,59.0,58.89,59.31,61.05
2022-06-18 00:00:00,55.82,57.22,56.2,55.31,45.61,55.73,56.56,55.72,57.28,57.61,55.79,55.32,55.28,55.93,58.51
2022-06-18 01:00:00,54.14,54.87,54.43,53.75,43.04,54.14,54.97,54.06,54.68,55.24,54.11,53.76,53.73,54.27,56.89
2022-06-18 02:00:00,48.7,49.25,49.03,48.26,41.57,48.82,49.79,48.7,48.91,49.45,48.76,48.27,48.23,48.86,52.17
2022-06-18 03:00:00,46.94,47.19,47.32,46.43,43.9,47.11,48.57,46.96,47.2,47.35,47.06,46.43,46.4,47.14,52.56
2022-06-18 04:00:00,46.72,46.83,47.06,46.3,44.97,46.77,48.35,46.69,46.86,47.14,46.76,46.29,46.28,46.79,52.26
2022-06-18 05:00:00,50.03,50.17,50.37,49.59,49.2,50.08,51.64,49.99,50.17,50.49,50.08,49.58,49.57,50.1,55.61
2022-06-18 06:00:00,53.88,53.99,54.09,53.6,53.43,53.93,54.85,53.87,53.98,54.33,53.92,53.6,53.59,53.96,57.25
2022-06-18 07:00:00,52.65,53.42,52.9,52.38,52.18,52.34,53.45,52.4,52.42,54.03,52.43,52.37,52.37,52.37,55.57
2022-06-18 08:00:00,55.0,56.67,55.19,54.87,54.75,54.22,55.01,54.44,54.31,57.57,54.43,54.86,54.88,54.3,55.47
2022-06-18 09:00:00,61.16,64.85,61.48,61.07,60.83,59.21,60.79,59.89,59.99,66.45,59.82,61.04,61.09,59.26,60.81
2022-06-18 10:00:00,68.58,80.02,70.13,66.42,66.49,67.44,66.62,67.31,67.33,81.83,67.43,66.6,66.31,67.57,66.85
2022-06-18 11:00:00,90.45,100.76,91.82,88.51,88.57,89.45,88.56,89.32,89.5,102.76,89.42,88.71,88.42,89.62,89.13
2022-06-18 12:00:00,109.8,123.45,111.28,108.13,107.9,106.49,107.06,106.69,107.76,128.26,106.09,108.22,108.08,107.41,108.34
2022-06-18 13:00:00,112.1,131.42,114.59,108.56,108.76,110.34,108.04,109.96,110.64,136.54,109.97,109.01,108.39,110.84,110.39
2022-06-18 14:00:00,114.17,151.19,119.03,107.02,107.48,111.74,106.18,111.09,112.64,158.0,110.79,107.94,106.82,112.81,109.51
2022-06-18 15:00:00,127.63,191.45,135.48,117.06,117.17,118.98,114.43,119.21,120.47,204.54,117.89,118.3,121.25,120.97,119.35
2022-06-18 16:00:00,126.0,182.52,132.72,117.52,116.96,115.9,114.94,117.63,120.21,189.41,115.09,118.52,119.92,118.22,120.08
2022-06-18 17:00:00,96.88,124.68,100.35,92.26,91.13,92.98,91.49,94.96,94.26,128.61,95.46,93.05,98.62,93.52,93.34
2022-06-18 18:00:00,88.47,104.99,90.44,86.15,82.3,84.9,85.73,87.28,88.3,107.53,87.36,86.54,86.85,84.02,87.34
2022-06-18 19:00:00,87.36,100.73,89.32,84.7,77.42,85.88,85.95,87.19,87.56,102.89,87.62,85.0,84.5,84.02,87.51
2022-06-18 20:00:00,85.59,98.4,87.6,82.86,72.19,84.33,84.8,85.02,85.79,101.21,85.38,83.05,82.64,82.44,87.28
2022-06-18 21:00:00,80.09,87.41,81.11,78.9,64.03,78.4,79.74,79.16,79.25,88.86,79.28,78.97,78.83,77.37,81.04
2022-06-18 22:00:00,64.12,69.11,64.95,63.05,52.5,63.42,64.21,63.72,64.09,69.82,63.85,63.12,62.98,62.82,65.76
2022-06-18 23:00:00,59.77,61.56,60.12,59.4,49.2,59.24,60.3,59.43,59.67,62.04,59.47,59.4,59.38,59.11,61.66
2022-06-19 00:00:00,53.89,56.49,54.4,52.99,51.31,54.52,53.62,54.15,55.63,56.63,54.29,53.07,52.93,54.73,54.34
2022-06-19 01:00:00,53.21,54.76,53.54,52.65,51.46,53.6,53.15,53.33,54.23,54.99,53.41,52.69,52.62,53.84,53.81
2022-06-19 02:00:00,48.56,49.39,48.77,48.22,47.51,48.76,48.69,48.64,49.1,49.51,48.69,48.25,48.2,48.83,49.35
2022-06-19 03:00:00,45.63,46.31,45.81,45.33,45.06,45.8,45.8,45.69,45.96,46.41,45.73,45.35,45.31,45.85,46.49
2022-06-19 04:00:00,43.67,43.94,43.8,43.49,43.41,43.74,44.04,43.68,43.75,44.14,43.7,43.49,43.48,43.75,44.93
2022-06-19 05:00:00,44.28,44.37,44.36,44.17,44.11,44.31,44.6,44.28,44.32,44.49,44.3,44.17,44.17,44.31,45.31
2022-06-19 06:00:00,48.54,48.59,48.61,48.45,48.38,48.55,48.84,48.53,48.56,48.72,48.54,48.45,48.45,48.56,49.5
2022-06-19 07:00:00,47.98,48.02,48.04,47.91,47.85,47.99,48.22,47.97,48.0,48.13,47.99,47.91,47.91,48.0,48.72
2022-06-19 08:00:00,50.49,51.18,50.56,50.44,50.4,50.19,50.43,50.28,50.22,51.58,50.27,50.43,50.44,50.2,50.48
2022-06-19 09:00:00,58.56,61.97,58.99,58.01,58.0,57.97,58.0,58.04,57.95,62.88,58.07,58.04,57.98,58.03,57.99
2022-06-19 10:00:00,62.4,71.08,63.61,60.62,60.74,61.91,60.81,61.7,62.25,72.63,61.85,60.78,60.53,62.07,60.86
2022-06-19 11:00:00,68.95,84.45,71.28,65.06,64.95,70.19,65.41,69.16,71.2,85.92,69.46,65.46,64.82,70.83,65.85
2022-06-19 12:00:00,85.13,102.39,87.36,81.6,79.62,85.06,80.4,84.85,87.07,104.38,84.21,81.94,81.35,86.81,80.63
2022-06-19 13:00:00,84.16,114.62,88.45,76.37,72.58,88.54,74.26,86.3,89.58,116.27,86.73,77.46,76.01,89.98,78.38
2022-06-19 14:00:00,82.68,126.12,87.8,73.55,59.02,85.64,65.91,82.44,87.42,129.43,84.34,75.05,74.85,89.46,70.19
2022-06-19 15:00:00,93.52,165.65,101.34,80.77,48.67,92.01,66.94,93.86,94.45,167.45,100.6,82.95,83.73,96.28,74.84
2022-06-19 16:00:00,98.54,165.63,103.87,90.42,42.66,91.13,68.29,102.13,95.76,168.95,112.97,92.66,95.9,97.93,76.2
2022-06-19 17:00:00,91.92,137.5,93.74,89.02,48.72,85.1,63.36,97.72,88.75,138.2,108.02,91.02,95.68,90.31,66.62
2022-06-19 18:00:00,81.82,121.71,84.03,77.49,45.17,80.19,56.71,99.0,91.0,121.86,114.66,79.49,82.66,84.75,59.65
2022-06-19 19:00:00,89.13,101.26,90.92,86.46,63.2,88.77,87.18,90.25,91.21,102.06,91.07,86.95,86.3,86.31,87.68
2022-06-19 20:00:00,96.02,108.8,97.85,93.5,74.9,94.72,94.36,95.59,96.54,111.64,95.96,93.76,93.35,92.28,95.4
2022-06-19 21:00:00,83.09,91.56,84.2,81.56,66.76,82.15,81.55,82.83,83.51,92.36,83.11,81.8,82.31,80.26,82.79
2022-06-19 22:00:00,64.76,72.7,66.12,62.39,49.78,66.07,63.32,65.47,68.98,72.94,65.84,62.64,62.24,65.88,64.41
2022-06-19 23:00:00,57.51,65.29,58.9,55.0,40.48,59.36,55.95,58.33,62.57,65.26,58.69,55.24,54.83,59.92,56.67
2022-06-20 00:00:00,53.99,56.56,54.45,53.05,48.93,55.0,53.18,54.58,55.89,56.71,54.65,53.24,53.01,55.43,53.86
2022-06-20 01:00:00,49.98,51.17,50.38,49.01,44.75,51.68,49.68,51.62,51.35,51.38,51.5,49.09,49.02,51.8,50.31
2022-06-20 02:00:00,45.61,46.18,45.82,45.19,42.01,46.19,45.72,46.16,46.17,46.24,46.14,45.22,45.19,46.18,46.41
2022-06-20 03:00:00,43.33,44.09,43.59,42.78,40.93,44.15,43.34,44.09,44.1,44.15,44.05,42.82,42.77,44.12,44.04
2022-06-20 04:00:00,43.18,43.71,43.37,42.78,41.36,43.78,43.21,43.77,43.72,43.8,43.75,42.81,42.78,43.76,43.74
2022-06-20 05:00:00,46.6,46.77,46.66,46.49,45.57,46.71,46.67,46.7,46.7,46.99,46.7,46.49,46.49,46.71,46.96
2022-06-20 06:00:00,49.21,49.22,49.24,49.18,48.8,49.22,49.34,49.21,49.23,49.26,49.22,49.17,49.17,49.24,49.64
2022-06-20 07:00:00,50.58,50.65,50.61,50.54,50.23,50.58,50.68,50.57,50.59,50.74,50.58,50.54,50.54,50.6,50.9
2022-06-20 08:00:00,54.94,56.54,55.12,54.73,53.8,54.53,54.69,54.6,54.52,57.04,54.6,54.74,54.73,54.67,54.7
2022-06-20 09:00:00,54.81,67.77,56.69,51.75,50.15,55.41,51.85,54.23,56.42,69.18,54.35,52.01,51.57,55.82,51.87
2022-06-20 10:00:00,62.85,81.21,64.99,59.14,48.62,63.67,55.93,62.21,64.77,83.41,62.33,59.5,58.94,64.07,56.06
2022-06-20 11:00:00,67.25,99.73,71.39,58.77,47.24,74.72,52.34,70.27,78.05,100.58,70.14,59.84,58.17,76.52,52.64
2022-06-20 12:00:00,68.84,105.87,72.89,60.0,42.46,77.2,48.51,71.65,86.36,108.9,72.53,61.57,61.55,80.68,49.17
2022-06-20 13:00:00,73.03,117.18,76.87,64.12,37.78,81.24,44.93,78.68,95.36,118.84,81.01,66.35,65.58,87.26,47.69
2022-06-20 14:00:00,84.2,141.28,89.77,72.36,44.36,93.13,52.31,90.95,110.93,144.17,98.34,75.06,74.95,102.16,56.51
2022-06-20 15:00:00,100.06,158.41,104.13,90.33,54.74,107.44,60.33,109.36,122.63,159.33,128.61,93.04,96.62,116.87,64.96
2022-06-20 16:00:00,92.9,143.67,95.58,86.06,52.84,96.81,55.79,101.35,107.76,144.55,121.13,88.34,93.34,106.81,60.69
2022-06-20 17:00:00,87.08,119.78,85.11,90.26,53.92,76.66,53.74,91.13,91.39,121.81,113.83,92.36,99.61,86.01,56.89
2022-06-20 18:00:00,77.0,107.1,75.98,78.37,47.48,70.08,48.36,82.33,87.37,109.03,102.81,80.04,89.97,77.21,49.58
2022-06-20 19:00:00,78.21,92.36,80.16,75.25,67.3,77.8,75.22,80.77,83.17,92.94,81.78,76.02,75.09,75.11,76.32
2022-06-20 20:00:00,90.41,101.95,91.92,88.77,87.52,87.33,89.62,90.7,91.27,103.2,91.15,89.01,88.63,82.33,90.34
2022-06-20 21:00:00,91.77,97.72,92.28,91.98,91.36,87.25,92.16,90.51,90.69,100.84,90.63,91.97,93.95,83.92,93.16
2022-06-20 22:00:00,63.49,67.88,64.18,62.55,62.68,63.04,63.25,63.55,64.05,68.31,63.77,62.65,62.49,61.66,64.04
2022-06-20 23:00:00,58.15,60.3,58.53,57.59,57.06,58.08,58.15,58.05,58.3,60.65,58.12,57.63,57.56,57.99,58.95
2022-06-21 00:00:00,55.51,57.0,55.81,54.99,55.02,55.85,55.39,55.67,56.46,57.09,55.73,55.04,54.96,55.96,55.9
2022-06-21 01:00:00,50.54,51.36,50.77,50.04,49.91,51.28,50.39,51.28,51.3,51.51,51.23,50.08,50.04,51.27,50.91
2022-06-21 02:00:00,48.35,48.71,48.72,47.35,46.79,50.61,48.2,50.96,50.39,48.96,50.69,47.41,47.4,50.45,49.07
2022-06-21 03:00:00,46.43,46.64,46.65,45.81,45.46,47.77,46.39,47.96,47.63,46.79,47.8,45.85,45.84,47.68,47.14
2022-06-21 04:00:00,46.95,47.23,47.22,46.19,45.74,48.7,46.75,48.97,48.51,47.42,48.76,46.24,46.23,48.57,47.29
2022-06-21 05:00:00,50.75,50.9,50.9,50.33,50.37,51.69,50.66,51.83,51.59,51.02,51.72,50.35,50.35,51.64,51.01
2022-06-21 06:00:00,52.02,52.2,52.2,51.5,51.62,53.21,51.88,53.4,53.07,52.3,53.25,51.54,51.53,53.15,52.21
2022-06-21 07:00:00,53.89,53.96,53.91,53.85,53.6,53.89,53.96,53.91,53.91,54.06,53.89,53.85,53.85,53.93,54.21
2022-06-21 08:00:00,57.13,58.25,57.28,56.92,56.91,57.0,56.93,57.05,56.99,58.49,57.02,56.94,56.91,57.07,56.95
2022-06-21 09:00:00,62.38,68.05,63.13,61.33,61.34,61.77,61.36,61.85,61.74,68.85,61.85,61.43,61.26,61.89,61.37
2022-06-21 10:00:00,70.13,83.78,72.13,67.0,67.27,70.28,67.48,69.72,71.77,84.82,70.0,67.32,66.78,70.74,67.67
2022-06-21 11:00:00,82.09,91.74,83.49,79.87,80.01,82.27,80.06,81.98,83.51,92.44,82.1,80.13,79.72,82.75,80.26
2022-06-21 12:00:00,111.9,121.6,113.02,110.0,110.39,112.19,108.29,111.81,112.58,122.36,111.9,110.31,109.87,112.49,111.85
2022-06-21 13:00:00,103.01,117.65,104.8,100.0,100.44,103.44,98.11,103.1,105.6,118.45,104.16,100.6,103.96,104.32,102.21
2022-06-21 14:00:00,114.29,133.11,116.37,111.21,111.36,112.77,108.39,113.44,112.79,134.04,114.8,111.86,114.89,114.1,113.27
2022-06-21 15:00:00,119.97,144.41,121.51,119.9,118.91,107.57,114.16,109.86,115.63,145.31,140.48,120.44,123.08,113.59,120.88
2022-06-21 16:00:00,121.59,146.19,122.81,122.8,121.31,105.56,116.67,110.94,115.17,147.3,127.57,123.11,124.83,108.45,122.7
2022-06-21 17:00:00,105.13,121.03,105.61,106.96,106.21,92.07,102.36,97.87,101.75,121.56,112.33,107.59,112.74,91.42,107.91
2022-06-21 18:00:00,83.12,92.5,83.23,84.89,83.56,73.47,82.06,78.84,85.28,93.35,84.09,85.26,89.36,71.69,86.05
2022-06-21 19:00:00,88.74,90.3,88.74,89.7,89.48,84.61,90.34,87.91,90.22,90.55,113.35,89.96,94.96,81.95,91.06
2022-06-21 20:00:00,91.83,94.13,92.22,91.54,91.07,90.77,92.43,92.73,93.64,94.15,92.99,91.72,96.72,87.58,93.78
2022-06-21 21:00:00,85.96,86.01,86.05,85.93,85.4,85.6,86.67,86.11,86.26,86.09,86.14,85.93,85.91,84.94,87.76
2022-06-21 22:00:00,66.0,67.13,66.26,65.7,65.63,65.7,66.52,66.13,66.39,67.29,66.22,65.72,65.67,64.92,67.68
2022-06-21 23:00:00,59.85,60.26,59.96,59.71,59.19,59.84,60.02,59.86,59.9,60.35,59.87,59.72,59.7,59.8,60.5
2022-06-22 00:00:00,51.79,51.81,51.82,51.74,51.7,51.8,51.95,51.78,51.8,51.86,51.79,51.74,51.73,51.8,52.31
2022-06-22 01:00:00,45.18,45.19,45.21,45.14,45.12,45.19,45.32,45.18,45.2,45.22,45.19,45.14,45.14,45.19,45.82
2022-06-22 02:00:00,41.53,41.51,41.58,41.47,41.4,41.54,41.8,41.53,41.55,41.51,41.54,41.46,41.46,41.54,42.34
2022-06-22 03:00:00,41.35,41.37,41.42,41.28,41.21,41.37,41.66,41.35,41.38,41.43,41.36,41.27,41.27,41.37,42.34
2022-06-22 04:00:00,42.33,42.32,42.39,42.26,42.2,42.34,42.63,42.33,42.36,42.33,42.34,42.26,42.26,42.35,43.22
2022-06-22 05:00:00,46.37,46.43,46.41,46.32,46.3,46.39,46.5,46.37,46.39,46.52,46.38,46.32,46.32,46.39,46.99
2022-06-22 06:00:00,56.34,56.35,56.37,56.3,56.28,56.35,56.47,56.34,56.36,56.38,56.35,56.3,56.3,56.35,56.83
2022-06-22 07:00:00,57.94,57.99,57.97,57.9,57.89,57.95,58.04,57.94,57.96,58.06,57.94,57.9,57.9,57.96,58.4
2022-06-22 08:00:00,58.89,59.17,58.92,58.87,58.85,58.77,58.87,58.8,58.78,59.33,58.8,58.86,58.87,58.77,58.91
2022-06-22 09:00:00,60.27,61.67,60.45,60.04,60.04,60.05,60.04,60.07,60.05,61.93,60.07,60.06,60.03,60.06,60.05
2022-06-22 10:00:00,72.75,78.11,73.53,71.55,71.66,72.71,71.75,72.38,72.65,78.51,72.4,71.68,71.48,72.88,71.89
2022-06-22 11:00:00,95.84,100.39,96.34,95.0,95.19,95.84,94.15,95.37,95.92,100.57,95.14,95.15,96.13,96.24,96.2
2022-06-22 12:00:00,117.65,127.15,118.99,115.0,115.76,119.95,113.85,118.53,119.51,127.06,118.85,115.36,115.03,120.22,117.85
2022-06-22 13:00:00,143.93,156.86,145.45,140.63,141.83,147.14,137.19,145.33,146.5,156.53,145.72,141.18,140.39,147.51,145.92
2022-06-22 14:00:00,201.0,215.52,202.58,197.5,198.93,204.52,192.76,202.63,203.81,215.29,202.98,198.15,197.22,204.95,205.32
2022-06-22 15:00:00,265.34,282.39,266.77,262.43,263.85,266.66,255.61,266.37,265.96,282.39,269.43,263.02,262.17,267.07,271.62
2022-06-22 16:00:00,281.0,296.32,282.12,278.58,280.01,282.12,271.47,282.41,282.08,295.98,287.51,279.13,278.56,281.89,288.06
2022-06-22 17:00:00,230.18,239.58,230.48,229.58,230.63,229.24,223.54,229.43,230.45,239.46,232.78,229.98,230.43,229.44,238.52
2022-06-22 18:00:00,175.95,178.56,175.55,177.29,177.71,171.87,174.46,174.04,175.62,178.83,180.42,177.56,178.22,169.82,182.42
2022-06-22 19:00:00,203.0,204.24,203.17,203.11,203.12,201.4,203.94,203.58,204.62,204.24,208.42,203.21,203.09,198.41,204.75
2022-06-22 20:00:00,175.99,177.55,176.3,175.92,175.72,174.4,177.33,177.0,178.19,177.47,177.41,176.02,175.88,170.76,180.25
2022-06-22 21:00:00,101.06,101.09,101.18,101.09,100.73,100.35,102.2,101.34,101.76,101.17,101.49,101.09,101.08,99.1,104.8
2022-06-22 22:00:00,65.62,66.86,65.92,65.15,65.16,65.85,65.82,65.76,66.0,66.85,65.86,65.19,65.12,65.64,66.77
2022-06-22 23:00:00,55.42,56.23,55.66,55.02,54.96,55.65,55.75,55.5,55.85,56.2,55.56,55.05,55.0,55.7,56.81
2022-06-23 00:00:00,44.35,44.37,44.41,44.27,43.97,44.36,44.65,44.35,44.38,44.42,44.36,44.27,44.27,44.37,45.27
2022-06-23 01:00:00,47.51,47.45,47.7,47.28,47.04,47.55,48.54,47.5,47.6,47.48,47.54,47.27,47.26,47.57,50.61
2022-06-23 02:00:00,43.0,42.94,43.13,42.83,42.78,43.02,43.71,42.98,43.06,42.96,43.01,42.83,42.82,43.03,45.72
2022-06-23 03:00:00,41.5,41.48,41.56,41.41,41.41,41.54,41.81,41.51,41.56,41.48,41.54,41.41,41.41,41.56,43.03
2022-06-23 04:00:00,41.74,41.69,41.83,41.63,41.57,41.75,42.26,41.72,41.77,41.69,41.75,41.62,41.62,41.76,43.53
2022-06-23 05:00:00,43.28,43.26,43.36,43.18,43.08,43.29,43.7,43.27,43.32,43.28,43.29,43.17,43.17,43.31,44.58
2022-06-23 06:00:00,48.8,48.81,48.86,48.72,48.68,48.82,49.07,48.8,48.84,48.86,48.82,48.72,48.72,48.85,49.88
2022-06-23 07:00:00,49.41,49.43,49.5,49.29,49.15,49.43,49.86,49.4,49.46,49.5,49.43,49.29,49.28,49.46,50.79
2022-06-23 08:00:00,47.75,47.85,47.77,47.73,47.71,47.7,47.8,47.71,47.71,47.94,47.71,47.72,47.73,47.73,48.01
2022-06-23 09:00:00,55.21,56.51,55.38,55.0,54.99,54.99,55.0,55.02,55.2,56.78,55.04,55.03,54.99,55.07,55.04
2022-06-23 10:00:00,70.86,73.13,71.19,70.36,69.83,70.82,70.44,70.83,71.02,73.39,70.83,70.43,70.32,71.01,70.64
2022-06-23 11:00:00,110.89,114.17,111.41,110.0,109.69,111.28,110.19,110.98,111.74,114.32,111.04,110.17,109.94,111.98,110.55
2022-06-23 12:00:00,168.51,173.23,169.14,167.3,167.03,169.31,166.74,169.14,170.04,173.39,169.1,167.7,167.19,170.0,168.41
2022-06-23 13:00:00,245.21,256.13,246.25,242.75,242.53,247.89,238.21,247.42,248.92,256.13,247.37,244.25,243.92,248.96,248.21
2022-06-23 14:00:00,395.74,409.81,396.52,393.4,392.75,398.53,384.32,398.42,399.86,410.15,400.6,395.34,394.01,400.63,404.37
2022-06-23 15:00:00,541.74,552.4,541.42,541.29,540.62,542.99,528.98,543.74,544.32,552.91,553.62,544.13,544.14,546.6,554.35
2022-06-23 16:00:00,588.85,596.0,588.31,589.0,588.6,589.61,578.64,590.55,590.1,596.24,590.36,592.47,597.22,592.6,603.64
2022-06-23 17:00:00,426.09,430.91,425.5,426.55,426.1,426.32,418.23,427.85,426.55,431.1,428.15,429.03,436.21,428.44,442.64
2022-06-23 18:00:00,280.28,282.07,280.07,280.77,280.47,279.31,278.12,282.62,280.31,282.23,283.79,282.28,293.9,279.14,287.78
2022-06-23 19:00:00,299.6,299.8,299.69,300.04,297.42,297.47,301.47,300.43,301.51,300.0,300.86,300.58,307.54,295.66,304.07
2022-06-23 20:00:00,162.87,162.82,162.97,163.71,158.93,159.13,166.24,164.32,166.02,162.88,164.95,164.08,169.04,151.15,170.23
2022-06-23 21:00:00,98.05,97.88,98.11,98.6,94.44,95.53,100.42,99.08,100.25,97.87,99.49,98.64,98.56,90.32,103.52
2022-06-23 22:00:00,63.47,64.61,63.74,63.22,61.18,62.95,64.18,63.87,64.48,64.63,64.11,63.26,63.18,61.08,65.43
2022-06-23 23:00:00,50.89,51.62,51.14,50.56,44.29,50.84,51.54,51.06,51.36,51.7,51.2,50.58,50.53,50.25,53.1
2022-06-24 00:00:00,48.49,48.43,48.54,48.57,26.92,48.01,49.14,48.67,48.96,48.45,48.83,48.57,48.56,46.83,50.02
2022-06-24 01:00:00,44.9,44.86,44.96,44.92,27.85,44.61,45.45,45.04,45.27,44.87,45.09,44.92,44.91,43.83,46.25
2022-06-24 02:00:00,40.8,40.74,40.91,40.66,26.0,40.82,41.42,40.8,40.87,40.74,40.83,40.66,40.65,40.82,42.66
2022-06-24 03:00:00,40.02,39.97,40.14,39.87,24.99,40.06,40.68,40.03,40.09,39.97,40.06,39.87,39.86,40.09,42.02
2022-06-24 04:00:00,39.26,39.19,39.42,39.06,24.46,39.31,40.11,39.27,39.36,39.19,39.31,39.06,39.05,39.35,41.83
2022-06-24 05:00:00,39.08,39.02,39.2,38.93,17.19,39.11,39.76,39.08,39.15,39.02,39.11,38.92,38.92,39.15,41.09
2022-06-24 06:00:00,41.94,41.9,42.01,41.85,25.12,41.96,42.34,41.94,41.98,41.9,41.96,41.85,41.84,42.01,43.14
2022-06-24 07:00:00,44.2,44.19,44.23,44.18,19.2,44.21,44.33,44.21,44.22,44.19,44.22,44.17,44.17,44.26,44.56
2022-06-24 08:00:00,45.32,45.65,45.32,45.16,27.92,45.87,44.61,45.63,49.8,45.67,45.47,45.16,45.14,46.46,44.37
2022-06-24 09:00:00,46.36,47.83,46.3,45.78,21.21,48.68,42.91,46.95,53.84,48.02,46.7,46.0,46.02,49.51,42.32
2022-06-24 10:00:00,60.44,65.78,60.71,59.07,31.77,63.61,54.36,61.18,69.05,65.83,60.95,59.48,60.0,64.96,53.65
2022-06-24 11:00:00,76.68,86.9,77.5,74.21,56.68,80.61,68.26,78.4,84.41,86.81,78.09,75.56,77.49,82.88,67.72
2022-06-24 12:00:00,89.21,98.52,89.67,87.22,72.23,93.09,79.85,93.35,93.41,98.5,92.94,88.66,90.93,94.68,81.29
2022-06-24 13:00:00,116.81,128.39,117.43,114.87,109.27,119.24,107.24,120.23,119.03,128.39,119.47,116.48,116.14,121.68,113.22
2022-06-24 14:00:00,242.1,255.99,242.24,240.74,236.26,244.08,228.15,246.53,243.93,256.42,244.95,242.64,243.76,247.86,240.91
2022-06-24 15:00:00,284.3,299.63,283.95,284.83,280.43,280.67,270.66,284.27,281.79,299.85,286.18,287.23,292.82,285.15,286.66
2022-06-24 16:00:00,208.51,221.2,207.85,210.95,208.91,199.57,199.66,211.76,204.41,221.21,217.32,215.45,230.95,199.22,215.66
2022-06-24 17:00:00,159.79,166.53,158.89,163.53,162.9,148.03,157.46,160.47,158.4,166.76,169.27,167.13,182.13,148.8,168.53
2022-06-24 18:00:00,110.53,112.84,109.74,113.52,113.2,101.87,110.72,115.97,110.75,112.89,120.8,115.23,118.95,99.21,117.13
2022-06-24 19:00:00,97.71,97.82,97.4,99.78,99.33,90.78,101.22,100.53,101.71,97.89,101.49,100.39,102.92,82.53,102.52
2022-06-24 20:00:00,84.98,84.59,84.87,86.61,84.55,79.0,89.29,86.97,89.51,84.53,88.0,87.04,88.12,67.13,93.6
2022-06-24 21:00:00,72.08,71.89,72.13,72.89,71.14,68.61,75.12,73.06,74.63,71.92,73.69,72.95,72.89,61.04,78.45
2022-06-24 22:00:00,61.42,61.29,61.41,61.89,59.76,59.61,62.85,62.02,63.0,61.29,62.4,61.92,61.91,55.57,64.46
2022-06-24 23:00:00,54.2,54.15,54.3,54.41,51.15,52.99,55.63,54.66,55.4,54.21,54.92,54.47,57.44,50.27,57.46
2022-06-25 00:00:00,49.23,49.49,49.32,49.31,36.29,48.35,50.15,49.67,50.33,49.52,49.86,49.37,49.31,46.18,51.45
2022-06-25 01:00:00,46.48,46.47,46.5,46.67,33.52,45.55,47.31,46.83,47.46,46.53,46.96,46.74,46.69,43.38,48.42
2022-06-25 02:00:00,41.42,41.34,41.58,41.32,28.25,41.04,42.64,41.53,41.84,41.37,41.61,41.35,41.32,40.17,45.0
2022-06-25 03:00:00,37.42,37.44,37.6,37.18,23.64,37.46,38.31,37.39,37.48,37.44,37.43,37.2,37.18,37.56,40.22
2022-06-25 04:00:00,33.11,33.08,33.23,32.95,22.53,33.15,33.75,33.06,33.11,33.12,33.09,32.96,32.95,33.3,35.15
2022-06-25 05:00:00,31.62,31.61,31.69,31.52,22.08,31.66,31.98,31.58,31.6,31.64,31.59,31.52,31.52,31.79,32.77
2022-06-25 06:00:00,34.02,33.97,34.13,33.87,27.58,34.07,34.6,33.97,34.01,33.98,33.99,33.88,33.87,34.24,35.81
2022-06-25 07:00:00,37.29,37.28,37.32,37.23,31.46,37.34,37.43,37.26,37.26,37.28,37.26,37.23,37.23,37.5,37.78
2022-06-25 08:00:00,40.26,40.48,40.28,40.2,36.44,40.37,40.07,40.22,40.28,40.58,40.19,40.24,40.21,40.67,40.09
2022-06-25 09:00:00,40.74,41.95,40.78,40.54,36.64,41.07,39.55,40.7,41.07,42.35,40.63,40.63,40.55,41.75,39.03
2022-06-25 10:00:00,50.75,54.2,51.09,50.21,47.16,50.56,49.41,50.51,50.58,54.91,50.43,50.36,50.21,50.87,49.54
2022-06-25 11:00:00,59.93,61.14,59.81,60.09,59.58,59.59,58.4,59.91,59.58,61.64,59.71,60.44,60.15,59.89,59.16
2022-06-25 12:00:00,88.96,90.49,88.49,89.58,89.68,88.43,85.46,88.76,88.36,91.08,88.59,90.11,89.9,88.71,91.02
2022-06-25 13:00:00,90.27,92.28,89.67,91.1,91.34,89.37,85.93,89.95,89.35,93.17,90.17,92.11,94.65,90.0,94.11
2022-06-25 14:00:00,121.9,125.88,121.2,123.19,123.57,119.17,116.57,121.13,120.21,127.35,121.31,124.33,125.99,119.91,127.35
2022-06-25 15:00:00,163.25,171.17,162.32,165.84,165.92,155.58,156.68,160.95,158.2,171.77,161.37,167.29,167.62,155.54,170.96
2022-06-25 16:00:00,165.68,175.71,164.64,169.67,169.55,152.35,160.84,166.23,157.92,175.71,167.69,171.38,170.92,146.71,174.25
2022-06-25 17:00:00,116.57,124.43,115.58,120.5,120.71,103.76,113.62,117.31,113.0,124.44,122.87,122.0,122.67,97.87,125.16
2022-06-25 18:00:00,99.13,103.94,98.21,102.86,103.23,87.38,98.67,102.84,98.24,103.3,105.46,103.78,106.33,77.66,106.49
2022-06-25 19:00:00,88.42,88.55,88.19,90.35,90.74,81.71,92.14,90.15,91.98,88.55,90.78,90.65,91.53,70.53,93.75
2022-06-25 20:00:00,84.13,84.02,84.09,85.63,85.27,78.26,88.44,85.49,87.65,84.21,86.32,85.75,85.64,66.34,91.84
2022-06-25 21:00:00,74.51,74.13,74.59,75.21,73.32,71.39,77.63,75.4,76.71,74.1,75.87,75.23,75.19,64.5,81.15
2022-06-25 22:00:00,58.15,58.16,58.19,58.46,55.95,56.68,59.47,58.55,59.29,58.23,58.78,58.47,58.46,53.61,61.18
2022-06-25 23:00:00,51.63,51.64,51.71,51.72,49.57,50.88,52.59,51.82,52.22,51.7,51.96,51.72,51.72,49.33,53.83
2022-06-26 00:00:00,45.08,45.01,45.2,44.93,43.02,45.08,45.8,45.07,45.15,45.01,45.09,44.92,44.92,45.07,47.25
2022-06-26 01:00:00,43.46,43.37,43.63,43.25,41.53,43.48,44.43,43.44,43.53,43.37,43.47,43.24,43.24,43.51,46.42
2022-06-26 02:00:00,39.5,39.39,39.7,39.26,37.45,39.53,40.63,39.48,39.58,39.4,39.51,39.25,39.24,39.55,42.96
2022-06-26 03:00:00,38.34,38.25,38.53,38.12,36.43,38.37,39.39,38.33,38.42,38.25,38.36,38.11,38.11,38.38,41.65
2022-06-26 04:00:00,36.62,36.53,36.8,36.4,34.71,36.65,37.61,36.61,36.69,36.53,36.64,36.4,36.39,36.66,39.78
2022-06-26 05:00:00,37.11,37.01,37.3,36.88,35.62,37.13,38.17,37.09,37.18,37.01,37.13,36.87,36.87,37.14,40.5
2022-06-26 06:00:00,42.47,42.38,42.64,42.26,40.77,42.49,43.43,42.45,42.54,42.38,42.49,42.25,42.25,42.5,45.53
2022-06-26 07:00:00,41.2,41.15,41.3,41.07,39.3,41.22,41.76,41.19,41.24,41.15,41.21,41.07,41.06,41.22,43.02
2022-06-26 08:00:00,45.72,45.72,45.74,45.7,41.45,45.73,45.82,45.73,45.74,45.73,45.73,45.7,45.69,45.74,46.03
2022-06-26 09:00:00,47.89,47.9,47.89,47.88,39.68,47.93,47.87,47.91,47.93,47.95,47.91,47.88,47.88,47.94,47.85
2022-06-26 10:00:00,56.33,56.45,56.34,56.28,45.23,56.49,56.14,56.41,56.51,56.52,56.4,56.27,56.27,56.6,56.04
2022-06-26 11:00:00,66.36,67.82,66.54,65.91,54.94,66.98,65.46,66.8,67.0,67.84,66.73,65.95,65.87,67.36,65.43
2022-06-26 12:00:00,90.89,92.72,91.04,90.45,82.54,91.63,89.35,91.71,91.66,92.73,91.52,90.64,90.39,92.18,90.78
2022-06-26 13:00:00,83.36,85.28,83.37,83.07,76.95,84.07,81.08,84.14,84.28,85.31,84.01,83.3,84.3,84.6,84.82
2022-06-26 14:00:00,95.65,99.8,95.94,94.9,89.59,96.39,92.67,96.52,96.26,99.81,96.47,95.49,96.64,96.93,97.63
2022-06-26 15:00:00,121.56,126.53,121.67,121.13,113.1,121.71,117.31,122.26,121.58,126.56,122.12,121.94,123.47,122.72,122.87
2022-06-26 16:00:00,118.01,123.55,117.77,118.14,106.31,117.41,111.99,118.29,117.59,123.55,118.13,119.18,121.87,118.26,116.95
2022-06-26 17:00:00,95.37,99.94,95.53,95.09,83.88,94.86,92.22,95.9,95.6,99.89,95.77,96.13,102.13,94.91,93.47
2022-06-26 18:00:00,79.48,81.92,79.52,79.43,69.3,79.02,77.72,79.9,80.0,81.9,79.82,80.0,81.12,78.75,78.3
2022-06-26 19:00:00,74.98,76.46,75.0,74.98,65.04,74.61,73.93,75.22,75.8,76.4,75.33,75.4,76.14,73.29,74.98
2022-06-26 20:00:00,70.34,72.34,70.83,69.53,61.66,70.9,70.53,70.78,71.78,72.29,70.9,69.61,69.45,70.83,71.86
2022-06-26 21:00:00,68.87,68.97,69.03,68.67,62.03,68.98,69.48,69.09,69.1,68.99,69.07,68.65,68.63,69.06,70.76
2022-06-26 22:00:00,51.39,53.75,51.92,50.48,46.84,52.06,51.39,51.7,53.07,53.68,51.83,50.55,50.41,52.28,52.48
2022-06-26 23:00:00,49.76,50.14,49.99,49.42,47.64,49.93,50.47,49.81,50.06,50.14,49.86,49.42,49.39,50.0,51.98
2022-06-27 00:00:00,44.78,45.66,44.99,44.33,44.14,45.36,44.61,44.98,45.55,45.64,44.9,44.35,44.3,45.57,45.17
2022-06-27 01:00:00,39.56,40.17,39.7,39.22,39.03,40.08,39.32,39.72,40.37,40.16,39.61,39.23,39.19,40.28,39.69
2022-06-27 02:00:00,38.24,38.89,38.42,37.85,37.69,38.81,38.12,38.26,38.87,38.88,38.19,37.86,37.82,39.21,38.7
2022-06-27 03:00:00,38.86,38.96,38.94,38.57,38.47,39.59,38.64,38.75,38.85,38.99,38.72,38.56,38.56,40.65,39.76
2022-06-27 04:00:00,39.96,40.02,40.03,39.77,39.69,40.41,39.9,39.78,39.8,40.04,39.79,39.77,39.77,41.23,40.87
2022-06-27 05:00:00,41.14,41.19,41.21,40.98,40.91,41.51,41.15,40.97,40.88,41.22,41.0,40.97,40.97,42.27,42.05
2022-06-27 06:00:00,42.23,42.26,42.28,42.1,42.05,42.48,42.27,42.13,42.35,42.27,42.17,42.1,42.1,43.03,43.32
2022-06-27 07:00:00,46.43,46.49,46.47,46.28,46.23,46.8,46.31,46.25,46.64,46.5,46.31,46.28,46.28,47.74,47.12
2022-06-27 08:00:00,47.11,47.17,47.14,46.99,46.95,47.45,46.95,46.92,47.32,47.18,46.96,46.98,46.99,48.5,46.97
2022-06-27 09:00:00,49.13,49.87,49.27,48.81,48.79,49.59,48.79,49.02,49.77,49.87,49.11,48.82,48.79,50.68,48.78
2022-06-27 10:00:00,59.45,60.68,59.65,59.03,58.96,59.94,58.94,59.56,59.82,60.73,59.54,59.06,59.0,60.59,58.87
2022-06-27 11:00:00,70.9,73.69,71.4,69.8,69.74,72.37,69.73,70.91,71.17,73.67,70.91,69.89,69.74,74.64,69.67
2022-06-27 12:00:00,83.41,86.37,83.91,82.42,82.41,84.36,82.5,83.87,84.31,86.29,83.89,82.52,82.35,85.08,82.67
2022-06-27 13:00:00,79.96,88.37,81.31,77.35,77.81,82.18,77.34,80.94,82.71,88.08,81.21,77.7,77.16,82.85,78.68
2022-06-27 14:00:00,91.01,100.33,92.5,88.17,88.71,93.33,88.17,92.11,93.66,100.1,92.45,88.54,87.97,94.18,90.12
2022-06-27 15:00:00,109.26,114.64,109.99,107.81,108.06,110.54,106.97,110.19,112.37,114.55,110.31,108.01,107.68,111.5,110.16
2022-06-27 16:00:00,111.26,115.0,111.77,110.23,110.53,112.15,109.69,111.74,113.16,114.95,111.93,110.38,110.16,112.83,112.57
2022-06-27 17:00:00,89.32,90.77,89.55,88.89,88.95,89.63,88.9,89.5,89.92,90.78,89.59,88.95,88.85,90.1,90.12
2022-06-27 18:00:00,73.52,73.52,73.54,73.48,73.46,73.52,73.64,73.5,73.52,73.52,73.51,73.5,73.48,73.75,74.31
2022-06-27 19:00:00,82.08,82.06,82.14,82.01,81.84,82.11,82.4,82.08,82.13,82.06,82.1,82.02,82.0,82.32,83.11
2022-06-27 20:00:00,79.81,79.79,79.89,79.72,79.31,79.85,80.2,79.83,79.92,79.8,79.87,79.72,79.71,80.01,81.63
2022-06-27 21:00:00,89.07,89.06,89.14,88.96,88.36,89.14,89.41,89.1,89.19,89.06,89.15,88.95,88.95,89.31,91.26
2022-06-27 22:00:00,60.06,60.1,60.07,60.0,59.87,60.2,59.97,60.16,60.27,60.12,60.21,60.0,59.99,60.24,63.97
2022-06-27 23:00:00,52.04,52.02,52.1,51.95,51.9,52.08,52.35,52.06,52.11,52.04,52.08,51.95,51.95,52.11,53.75
2022-06-28 00:00:00,52.28,52.27,52.35,52.17,52.09,52.37,52.59,52.33,52.4,52.29,52.36,52.17,52.16,52.38,54.59
2022-06-28 01:00:00,48.05,48.08,48.14,47.85,47.7,48.34,48.28,48.02,48.03,48.11,48.08,47.85,47.84,48.74,52.06
2022-06-28 02:00:00,44.39,44.4,44.48,44.17,44.03,44.75,44.61,44.26,44.18,44.42,44.32,44.16,44.16,45.4,47.25
2022-06-28 03:00:00,42.51,42.51,42.62,42.31,42.26,42.77,42.9,42.46,42.44,42.53,42.51,42.31,42.3,43.17,44.9
2022-06-28 04:00:00,42.72,42.7,42.83,42.54,42.53,42.87,43.2,42.72,42.77,42.71,42.77,42.54,42.53,43.04,45.2
2022-06-28 05:00:00,46.25,46.23,46.39,46.03,45.96,46.41,46.91,46.35,46.47,46.24,46.4,46.03,46.01,46.42,49.38
2022-06-28 06:00:00,52.51,52.53,52.55,52.4,52.31,52.61,52.67,52.58,52.65,52.55,52.61,52.4,52.4,52.63,55.91
2022-06-28 07:00:00,52.21,52.23,52.22,52.16,52.11,52.28,52.2,52.26,52.3,52.25,52.28,52.16,52.16,52.29,54.34
2022-06-28 08:00:00,51.55,53.02,51.74,51.21,51.18,51.66,51.07,51.53,51.77,53.16,51.58,51.24,51.19,51.91,53.45
2022-06-28 09:00:00,51.17,53.32,51.46,50.66,50.69,51.27,50.61,51.44,51.58,53.47,51.28,50.72,50.63,51.57,51.91
2022-06-28 10:00:00,60.58,62.97,60.87,60.17,60.15,60.3,60.05,60.94,60.32,63.31,60.53,60.22,60.15,60.4,61.34
2022-06-28 11:00:00,69.53,72.6,69.92,69.0,69.01,69.09,68.99,71.59,69.21,72.98,69.91,69.08,68.96,69.36,69.95
2022-06-28 12:00:00,77.69,81.7,78.31,76.68,76.88,77.92,76.93,85.27,79.37,81.63,80.13,76.87,76.58,78.99,78.89
2022-06-28 13:00:00,87.39,94.7,88.69,85.0,84.99,89.23,85.83,88.13,89.68,94.49,88.48,85.3,84.84,89.73,86.44
2022-06-28 14:00:00,110.42,119.68,112.07,107.38,107.53,112.83,108.41,111.34,113.45,119.36,111.74,107.77,107.17,113.35,109.13
2022-06-28 15:00:00,113.49,126.25,115.72,109.35,109.94,116.75,110.52,114.82,117.56,125.82,115.35,109.88,109.07,117.61,111.45
2022-06-28 16:00:00,120.37,129.66,121.97,117.47,117.99,122.45,118.28,121.21,123.44,129.47,121.59,117.85,117.27,123.23,119.17
2022-06-28 17:00:00,104.26,109.5,105.19,102.6,102.68,105.39,103.26,104.7,105.77,109.42,104.92,102.84,102.49,105.8,104.06
2022-06-28 18:00:00,96.81,97.93,97.03,96.43,96.35,97.04,96.72,96.92,97.37,97.93,96.98,96.51,96.4,97.31,97.37
2022-06-28 19:00:00,106.27,107.14,106.45,105.94,105.31,106.54,106.18,106.39,106.9,107.12,106.45,105.99,105.91,106.73,107.16
2022-06-28 20:00:00,97.63,98.86,97.97,97.06,95.73,98.04,97.92,97.81,98.52,98.83,97.9,97.1,97.02,98.25,99.8
2022-06-28 21:00:00,79.07,80.0,79.37,78.57,76.48,79.44,79.47,79.25,79.76,79.97,79.33,78.59,78.52,79.62,81.37
2022-06-28 22:00:00,64.41,64.99,64.68,63.99,63.36,64.65,65.1,64.48,64.66,64.97,64.55,64.0,63.96,64.73,67.19
2022-06-28 23:00:00,56.06,56.01,56.19,55.9,55.39,56.12,56.73,56.07,56.15,56.02,56.1,55.89,55.88,56.14,58.29
2022-06-29 00:00:00,53.38,53.29,53.53,53.17,52.99,53.56,54.08,53.31,53.36,53.3,53.36,53.16,53.16,53.91,55.62
2022-06-29 01:00:00,47.26,47.18,47.43,47.06,46.84,47.31,48.18,47.26,47.36,47.19,47.31,47.05,47.04,47.34,50.1
2022-06-29 02:00:00,41.75,41.69,41.87,41.59,41.45,41.78,42.44,41.74,41.81,41.69,41.78,41.59,41.59,41.8,43.92
2022-06-29 03:00:00,40.12,40.07,40.23,39.98,39.82,40.15,40.74,40.12,40.19,40.07,40.15,39.98,39.97,40.17,42.1
2022-06-29 04:00:00,40.19,40.14,40.31,40.05,39.91,40.23,40.83,40.2,40.27,40.14,40.23,40.04,40.04,40.25,42.19
2022-06-29 05:00:00,42.67,42.6,42.8,42.5,42.35,42.71,43.39,42.67,42.75,42.61,42.71,42.49,42.49,42.73,44.89
2022-06-29 06:00:00,45.23,45.17,45.34,45.08,44.97,45.25,45.87,45.21,45.28,45.17,45.25,45.08,45.08,45.27,47.27
2022-06-29 07:00:00,47.08,47.06,47.14,47.01,46.95,47.1,47.4,47.08,47.11,47.07,47.09,47.01,47.01,47.11,48.11
2022-06-29 08:00:00,48.88,48.88,48.89,48.86,48.83,48.87,48.97,48.87,48.88,48.9,48.87,48.86,48.85,48.88,49.17
2022-06-29 09:00:00,52.03,52.06,52.03,52.03,52.02,52.01,52.02,52.02,52.02,52.08,52.02,52.03,52.03,52.03,52.06
2022-06-29 10:00:00,61.53,61.62,61.54,61.51,61.5,61.5,61.53,61.51,61.5,61.65,61.51,61.51,61.51,61.51,61.62
2022-06-29 11:00:00,69.19,69.61,69.25,69.12,69.1,69.14,69.14,69.17,69.17,69.66,69.17,69.13,69.11,69.26,69.29
2022-06-29 12:00:00,87.52,87.97,87.58,87.45,87.42,87.37,87.55,87.57,87.62,88.0,87.59,87.48,87.44,88.07,87.91
2022-06-29 13:00:00,90.37,92.18,90.61,90.07,90.12,90.07,90.15,90.56,90.63,92.2,90.61,90.17,90.03,91.82,90.79
2022-06-29 14:00:00,96.06,98.24,96.36,95.69,95.75,95.63,95.88,96.39,96.45,98.34,96.51,95.81,95.64,98.43,96.67
2022-06-29 15:00:00,107.91,108.52,107.89,108.24,108.24,106.6,108.21,108.17,108.03,108.67,108.2,108.41,108.24,109.54,109.21
2022-06-29 16:00:00,110.28,110.79,110.26,110.65,110.67,108.85,110.73,110.58,110.55,110.86,110.6,110.83,110.66,110.96,111.78
2022-06-29 17:00:00,93.25,93.41,93.23,93.64,93.67,91.76,94.13,93.7,93.91,93.48,93.8,93.79,93.63,92.69,95.03
2022-06-29 18:00:00,81.77,81.83,81.72,82.24,82.34,80.05,82.77,82.3,82.72,81.83,82.42,82.32,82.24,78.79,83.41
2022-06-29 19:00:00,80.46,80.52,80.48,80.72,79.48,79.36,81.3,80.92,81.36,80.51,81.07,80.76,80.7,77.61,82.16
2022-06-29 20:00:00,76.57,76.5,76.78,76.38,73.92,76.36,77.88,76.8,77.13,76.5,76.94,76.38,76.34,75.63,80.84
2022-06-29 21:00:00,73.03,73.0,73.31,72.64,67.8,73.29,74.32,73.24,73.44,73.01,73.32,72.61,72.56,73.33,77.32
2022-06-29 22:00:00,57.96,57.97,58.29,57.49,50.78,58.35,59.35,58.26,58.48,57.98,58.36,57.46,57.39,58.4,62.69
2022-06-29 23:00:00,51.52,51.55,51.9,50.94,42.91,52.11,53.02,52.0,52.24,51.57,52.09,50.9,50.81,52.17,56.52
2022-06-30 00:00:00,50.68,50.02,51.03,49.62,42.96,53.51,50.96,50.13,50.07,50.04,50.31,49.6,49.55,58.47,52.99
2022-06-30 01:00:00,44.39,44.39,44.63,44.03,38.41,44.77,45.33,44.47,44.54,44.4,44.52,44.01,43.97,45.13,47.31
2022-06-30 02:00:00,41.37,41.37,41.52,41.14,36.97,41.61,41.98,41.45,41.52,41.38,41.49,41.12,41.1,41.79,43.25
2022-06-30 03:00:00,39.62,39.61,39.74,39.43,36.55,39.81,40.1,39.66,39.69,39.62,39.68,39.42,39.4,39.99,41.14
2022-06-30 04:00:00,40.31,40.28,40.41,40.15,38.0,40.47,40.72,40.32,40.34,40.29,40.35,40.14,40.13,40.67,41.61
2022-06-30 05:00:00,41.97,41.95,42.05,41.85,40.26,42.11,42.29,41.98,42.0,41.96,42.0,41.84,41.83,42.3,43.0
2022-06-30 06:00:00,42.87,42.82,42.94,42.75,42.05,43.07,43.13,42.83,42.84,42.82,42.86,42.75,42.74,43.42,43.74
2022-06-30 07:00:00,45.33,45.26,45.37,45.23,44.92,45.56,45.41,45.28,45.26,45.26,45.31,45.23,45.23,45.98,45.72
2022-06-30 08:00:00,46.59,46.47,46.6,46.48,46.48,46.99,46.47,46.5,46.48,46.47,46.54,46.48,46.48,47.83,46.56
2022-06-30 09:00:00,48.38,48.2,48.4,48.19,48.18,49.08,48.15,48.32,48.16,48.2,48.29,48.19,48.18,50.48,48.35
2022-06-30 10:00:00,59.91,59.9,59.91,59.88,59.86,60.03,59.83,60.09,59.91,59.9,59.93,59.88,59.88,60.26,60.12
2022-06-30 11:00:00,70.97,71.01,70.91,71.0,71.03,71.05,70.58,71.25,70.96,71.01,70.99,71.02,71.0,71.41,71.66
2022-06-30 12:00:00,80.41,80.58,80.23,80.57,80.63,80.59,79.18,80.8,80.54,80.58,80.56,80.67,80.58,80.79,83.39
2022-06-30 13:00:00,106.59,106.7,106.42,106.79,106.74,106.67,105.51,106.67,106.63,106.7,106.66,107.05,106.76,106.88,108.51
2022-06-30 14:00:00,142.22,142.43,141.87,142.63,142.77,142.34,140.08,142.38,142.3,142.43,142.35,143.14,142.58,142.71,145.64
2022-06-30 15:00:00,167.03,167.26,166.64,167.45,167.94,167.19,164.67,167.22,167.15,167.26,167.2,168.22,167.41,167.56,172.74
2022-06-30 16:00:00,160.1,160.17,159.82,160.42,160.86,160.17,158.51,160.19,160.13,160.17,160.18,161.92,160.36,160.52,163.53
2022-06-30 17:00:00,112.99,113.08,112.83,113.17,113.22,113.06,112.0,113.08,113.05,113.08,113.07,113.69,113.23,113.19,115.79
2022-06-30 18:00:00,83.43,83.44,83.44,83.4,82.99,83.48,83.43,83.46,83.48,83.44,83.47,83.5,83.39,83.58,85.02
2022-06-30 19:00:00,87.55,87.54,87.61,87.47,86.11,87.61,87.81,87.6,87.63,87.55,87.61,87.51,87.45,87.68,88.36
2022-06-30 20:00:00,80.34,80.28,80.6,80.0,76.36,80.53,81.62,80.45,80.62,80.29,80.52,79.99,79.94,80.6,84.18
2022-06-30 21:00:00,63.72,63.67,64.08,63.22,55.95,64.04,65.37,63.95,64.17,63.68,64.04,63.19,63.13,64.12,68.72
2022-06-30 22:00:00,55.44,55.39,55.76,54.99,48.55,55.72,56.95,55.65,55.84,55.41,55.73,54.96,54.91,55.74,60.03
2022-06-30 23:00:00,47.77,47.77,48.03,47.4,39.85,48.06,48.9,47.98,48.17,47.78,48.04,47.37,47.32,48.08,51.11
2022-07-01 00:00:00,47.9,47.76,48.24,47.36,35.94,48.54,49.3,48.35,49.04,47.75,48.45,47.33,47.25,49.01,52.22
2022-07-01 01:00:00,41.54,41.47,41.89,41.02,32.98,41.98,43.07,41.83,42.17,41.48,41.9,41.0,40.94,42.18,46.38
2022-07-01 02:00:00,39.06,38.92,39.37,38.64,33.0,39.37,40.53,39.25,39.48,38.92,39.35,38.62,38.57,39.57,43.63
2022-07-01 03:00:00,37.0,36.78,37.21,36.71,34.4,37.26,38.08,37.14,37.33,36.76,37.22,36.7,36.68,37.6,40.37
2022-07-01 04:00:00,39.52,39.29,39.68,39.29,38.35,39.72,40.43,39.61,39.78,39.27,39.68,39.28,39.27,40.06,42.35
2022-07-01 05:00:00,42.37,42.24,42.5,42.19,41.45,42.48,43.07,42.41,42.52,42.23,42.46,42.19,42.17,42.65,44.55
2022-07-01 06:00:00,43.92,43.89,43.99,43.83,43.7,43.94,44.31,43.92,43.96,43.89,43.94,43.83,43.83,43.98,45.11
2022-07-01 07:00:00,44.89,44.83,44.92,44.85,44.82,44.95,45.05,44.92,44.96,44.84,44.93,44.85,44.85,45.13,45.37
2022-07-01 08:00:00,46.97,46.96,46.98,46.94,46.93,47.02,46.99,46.95,46.98,46.96,46.94,46.94,46.94,47.23,47.08
2022-07-01 09:00:00,48.59,48.59,48.59,48.58,48.58,48.6,48.58,48.58,48.63,48.59,48.58,48.58,48.58,48.77,48.59
2022-07-01 10:00:00,60.06,60.07,60.06,60.06,60.06,60.07,60.03,60.06,60.17,60.06,60.07,60.06,60.06,60.4,60.17
2022-07-01 11:00:00,75.71,75.75,75.65,75.78,75.82,75.73,75.33,75.75,75.74,75.75,75.74,75.8,75.78,76.42,76.15
2022-07-01 12:00:00,87.01,87.14,86.84,87.21,87.35,87.04,85.96,87.13,87.11,87.13,87.12,87.29,87.21,88.28,88.69
2022-07-01 13:00:00,108.31,108.62,107.96,108.73,109.11,108.26,106.25,108.61,108.59,108.61,108.6,108.89,108.73,110.3,114.1
2022-07-01 14:00:00,131.71,132.26,131.23,132.53,132.97,130.75,129.37,132.59,132.51,132.25,132.5,132.79,132.53,135.95,139.61
2022-07-01 15:00:00,144.75,145.4,144.13,145.93,146.38,143.0,142.18,146.79,146.08,145.38,145.98,146.37,145.95,151.0,152.25
2022-07-01 16:00:00,126.07,126.89,125.69,127.01,127.91,124.06,124.81,128.32,127.91,126.88,127.98,127.81,127.16,135.26,133.67
2022-07-01 17:00:00,91.51,91.89,91.18,92.24,92.54,90.08,90.5,93.18,92.23,91.9,92.45,92.5,92.23,101.1,96.37
2022-07-01 18:00:00,80.03,80.29,79.93,80.61,80.55,78.26,80.56,81.59,81.13,80.27,80.98,80.72,80.58,83.64,82.69
2022-07-01 19:00:00,72.22,72.41,72.17,72.81,72.3,70.15,73.31,73.16,73.52,72.39,73.38,72.86,72.78,73.71,74.01
2022-07-01 20:00:00,76.86,76.79,76.99,77.23,75.22,74.89,79.05,77.75,78.76,76.77,78.02,77.21,77.17,73.7,82.09
2022-07-01 21:00:00,67.6,67.46,67.89,67.64,63.75,66.27,70.2,68.31,69.13,67.45,68.51,67.59,67.55,64.82,74.2
2022-07-01 22:00:00,55.3,55.22,55.59,55.1,51.02,54.82,57.21,55.7,56.5,55.23,55.86,55.07,55.03,54.96,60.55
2022-07-01 23:00:00,48.5,48.53,48.77,48.21,44.34,48.4,49.92,48.67,49.38,48.56,48.78,48.2,48.16,49.37,52.72
2022-07-02 00:00:00,55.41,55.32,55.45,55.65,54.95,54.29,56.53,55.85,56.46,55.3,56.0,55.66,55.64,51.81,57.74
2022-07-02 01:00:00,46.63,46.56,46.7,46.72,45.78,45.95,47.58,46.92,47.35,46.54,47.04,46.72,46.7,44.38,48.88
2022-07-02 02:00:00,44.02,43.99,44.07,44.07,43.66,43.53,44.7,44.19,44.45,43.98,44.27,44.07,44.06,42.56,45.68
2022-07-02 03:00:00,39.06,39.05,39.12,38.98,38.7,39.02,39.44,39.06,39.11,39.09,39.09,38.98,38.98,39.07,40.23
2022-07-02 04:00:00,38.85,38.83,38.91,38.79,38.6,38.84,39.19,38.85,38.91,38.83,38.88,38.79,38.78,38.86,39.89
2022-07-02 05:00:00,40.04,40.02,40.08,40.0,39.84,40.03,40.27,40.03,40.07,40.02,40.06,40.0,39.99,40.03,40.77
2022-07-02 06:00:00,39.81,39.78,39.85,39.77,39.71,39.77,40.09,39.8,39.85,39.78,39.83,39.77,39.77,39.73,40.64
2022-07-02 07:00:00,40.99,40.97,41.02,40.97,40.92,40.98,41.16,40.98,41.01,40.97,41.0,40.97,40.97,41.02,41.51
2022-07-02 08:00:00,48.27,48.26,48.28,48.26,48.26,48.27,48.32,48.26,48.27,48.28,48.26,48.26,48.26,48.35,48.44
2022-07-02 09:00:00,46.87,46.87,46.87,46.88,46.89,46.85,46.89,46.88,46.92,46.9,46.89,46.88,46.88,46.83,46.94
2022-07-02 10:00:00,53.7,53.7,53.69,53.72,53.72,53.63,53.71,53.73,53.78,53.7,53.74,53.72,53.72,53.5,53.81
2022-07-02 11:00:00,69.65,69.67,69.61,69.7,69.73,69.62,69.45,69.68,69.71,69.67,69.69,69.72,69.7,70.8,70.02
2022-07-02 12:00:00,99.63,99.84,99.35,100.0,100.16,99.53,98.05,99.84,99.82,99.83,99.83,100.05,99.99,101.13,101.77
2022-07-02 13:00:00,107.78,108.03,107.47,108.29,108.49,107.27,106.29,108.11,108.13,108.04,108.11,108.39,108.28,109.84,110.31
2022-07-02 14:00:00,117.01,117.43,116.6,117.83,118.1,115.76,115.37,117.6,117.68,117.42,117.61,117.97,117.81,119.5,120.48
2022-07-02 15:00:00,120.18,120.72,119.56,121.5,121.95,117.72,118.32,121.4,121.48,120.7,121.59,121.67,121.53,122.69,125.36
2022-07-02 16:00:00,115.38,115.95,114.86,116.95,117.33,111.49,115.04,116.88,117.39,115.93,117.06,117.12,116.94,116.51,120.01
2022-07-02 17:00:00,87.0,87.36,86.45,88.9,89.46,82.01,87.54,88.65,89.68,87.36,88.99,89.07,88.9,85.41,92.25
2022-07-02 18:00:00,75.93,76.03,75.61,77.72,78.15,70.22,78.5,77.84,79.4,75.96,78.22,77.8,77.71,70.45,79.42
2022-07-02 19:00:00,79.19,79.05,78.88,81.13,81.67,72.85,82.5,81.01,82.87,78.97,81.59,81.19,81.14,68.92,83.47
2022-07-02 20:00:00,71.6,71.2,71.47,73.0,73.38,66.67,75.0,72.81,74.5,71.12,73.44,73.06,73.03,58.71,76.84
2022-07-02 21:00:00,62.43,62.22,62.36,63.34,63.37,59.17,64.7,63.23,64.33,62.2,63.62,63.36,63.35,53.93,66.04
2022-07-02 22:00:00,52.43,52.32,52.44,52.8,52.16,50.86,53.79,52.97,53.71,52.3,53.15,52.8,52.79,48.56,55.03
2022-07-02 23:00:00,50.75,50.65,50.84,50.91,50.19,49.74,52.05,51.11,51.65,50.63,51.25,50.91,50.89,48.41,53.65
2022-07-03 00:00:00,50.52,50.4,50.49,50.94,51.1,49.03,51.59,50.99,51.66,50.39,51.18,50.95,50.94,45.9,52.33
2022-07-03 01:00:00,43.78,43.66,43.77,44.15,44.26,42.35,44.9,44.26,44.98,43.65,44.44,44.17,44.16,39.25,45.85
2022-07-03 02:00:00,41.57,41.5,41.56,41.77,41.83,40.74,42.25,41.85,42.27,41.51,41.95,41.78,41.78,38.95,42.88
2022-07-03 03:00:00,39.29,39.27,39.31,39.3,39.28,39.14,39.54,39.34,39.44,39.27,39.37,39.3,39.3,38.82,39.92
2022-07-03 04:00:00,38.78,38.74,38.8,38.75,38.73,38.78,38.94,38.79,38.84,38.77,38.81,38.75,38.75,38.76,39.26
2022-07-03 05:00:00,37.12,37.1,37.15,37.1,37.08,37.1,37.29,37.12,37.16,37.11,37.14,37.1,37.1,37.07,37.61
2022-07-03 06:00:00,39.18,39.17,39.21,39.16,39.14,39.17,39.35,39.18,39.21,39.18,39.19,39.16,39.16,39.16,39.66
2022-07-03 07:00:00,38.39,38.39,38.42,38.36,38.34,38.4,38.51,38.38,38.4,38.39,38.39,38.37,38.36,38.48,38.76
2022-07-03 08:00:00,38.13,38.15,38.13,38.12,38.13,38.13,38.12,38.13,38.15,38.17,38.13,38.13,38.12,38.19,38.13
2022-07-03 09:00:00,39.63,39.7,39.6,39.63,39.48,39.72,39.36,39.6,39.7,39.72,39.58,39.68,39.65,39.93,39.25
2022-07-03 10:00:00,49.49,49.64,49.48,49.53,49.49,49.31,49.46,49.49,49.53,49.69,49.5,49.56,49.54,49.13,49.47
2022-07-03 11:00:00,60.03,60.27,59.98,60.16,60.07,59.66,59.85,60.03,60.08,60.34,60.03,60.31,60.2,59.35,60.06
2022-07-03 12:00:00,73.09,73.55,72.95,73.36,73.32,72.56,72.32,73.14,73.16,73.67,73.13,73.73,73.43,72.44,73.86
2022-07-03 13:00:00,83.54,84.0,83.33,84.04,83.96,82.44,82.86,83.83,83.96,84.14,83.88,84.33,84.15,82.36,84.53
2022-07-03 14:00:00,86.82,87.89,86.54,87.66,87.52,84.54,86.07,87.57,87.22,88.2,87.87,88.02,87.89,85.17,88.27
2022-07-03 15:00:00,89.05,90.51,88.62,90.61,90.27,84.55,88.82,90.6,90.13,90.91,91.04,91.42,91.91,88.56,90.8
2022-07-03 16:00:00,81.49,82.55,80.37,84.34,81.67,75.25,79.32,83.3,83.55,82.92,83.68,85.68,86.05,79.23,81.98
2022-07-03 17:00:00,76.43,77.36,75.14,79.62,75.78,69.59,73.96,78.82,79.39,77.47,79.05,80.63,81.49,69.33,75.69
2022-07-03 18:00:00,70.9,71.46,69.51,74.15,68.85,64.47,67.95,72.42,73.32,71.52,72.71,75.3,77.37,63.29,68.74
2022-07-03 19:00:00,82.6,82.14,81.68,85.41,82.64,75.92,83.25,82.94,84.68,82.04,83.38,86.23,91.16,70.01,84.08
2022-07-03 20:00:00,87.16,86.78,86.9,88.72,87.3,82.16,89.94,88.37,90.06,86.7,88.96,88.94,89.59,72.92,91.35
2022-07-03 21:00:00,72.11,71.94,72.04,72.86,71.34,69.52,73.84,73.03,74.2,71.9,73.36,72.91,74.44,64.28,74.88
2022-07-03 22:00:00,57.34,57.26,57.36,57.61,55.75,56.13,58.43,57.87,58.57,57.26,58.05,57.61,57.58,53.63,59.5
2022-07-03 23:00:00,52.25,52.2,52.29,52.39,50.58,51.52,53.05,52.62,53.09,52.2,52.74,52.38,52.36,49.72,53.98
2022-07-04 00:00:00,49.86,49.8,49.9,50.0,48.86,49.17,50.62,50.12,50.47,49.8,50.24,50.0,49.99,47.51,51.48
2022-07-04 01:00:00,44.4,44.34,44.45,44.49,43.25,43.81,45.16,44.63,44.94,44.33,44.75,44.49,44.48,42.44,46.13
2022-07-04 02:00:00,39.98,39.96,40.02,39.99,39.4,39.79,40.36,40.08,40.23,39.95,40.12,39.98,39.98,39.31,40.95
2022-07-04 03:00:00,36.31,36.31,36.34,36.26,35.96,36.34,36.45,36.3,36.34,36.32,36.32,36.26,36.26,36.45,36.77
2022-07-04 04:00:00,34.9,34.89,34.93,34.86,34.63,34.92,35.03,34.9,34.91,34.89,34.9,34.86,34.85,34.99,35.34
2022-07-04 05:00:00,35.79,35.78,35.82,35.74,35.54,35.82,35.95,35.79,35.8,35.79,35.8,35.74,35.74,35.89,36.3
2022-07-04 06:00:00,38.53,38.52,38.56,38.5,38.47,38.55,38.67,38.52,38.54,38.53,38.53,38.5,38.5,38.65,38.96
2022-07-04 07:00:00,38.45,38.46,38.46,38.42,38.41,38.48,38.48,38.42,38.42,38.46,38.43,38.42,38.42,38.67,38.59
2022-07-04 08:00:00,39.54,39.65,39.54,39.47,39.33,39.81,39.23,39.57,39.68,39.68,39.53,39.49,39.47,40.32,39.07
2022-07-04 09:00:00,41.85,43.09,40.87,42.8,35.71,42.38,35.22,42.0,42.05,43.24,41.81,43.06,43.02,43.27,35.0
2022-07-04 10:00:00,42.17,43.65,41.11,43.26,35.43,42.6,34.92,42.43,42.61,43.86,42.23,43.51,43.48,42.8,34.71
2022-07-04 11:00:00,52.27,54.4,49.73,55.65,40.01,50.39,38.5,50.38,50.42,54.81,49.94,56.18,58.58,50.71,38.52
2022-07-04 12:00:00,57.55,60.33,55.9,60.0,49.51,55.06,48.23,56.07,55.39,60.89,55.83,60.64,62.87,56.59,48.47
2022-07-04 13:00:00,60.67,66.77,59.89,61.77,53.95,58.78,52.24,60.6,59.6,67.27,60.45,63.18,64.04,61.85,53.31
2022-07-04 14:00:00,70.18,74.67,68.17,73.29,61.46,66.44,58.29,69.36,68.94,75.04,69.99,73.96,77.65,70.25,62.09
2022-07-04 15:00:00,78.57,82.27,75.76,83.46,69.38,71.68,65.64,76.98,76.39,82.32,77.41,84.43,88.98,77.44,69.9
2022-07-04 16:00:00,87.51,92.67,84.34,93.29,77.51,78.53,72.86,87.32,86.13,92.71,87.88,96.91,102.92,85.66,78.29
2022-07-04 17:00:00,77.09,77.0,73.13,84.43,67.88,66.56,64.54,75.76,75.82,77.25,76.23,85.44,90.7,71.8,67.26
2022-07-04 18:00:00,74.2,72.96,70.28,81.51,64.96,63.96,62.68,72.01,72.17,72.96,72.47,82.46,88.15,66.21,64.19
2022-07-04 19:00:00,98.24,95.67,93.91,106.38,87.76,86.82,86.79,94.58,95.75,95.53,95.0,107.31,114.8,82.63,88.62
2022-07-04 20:00:00,76.86,75.12,74.34,81.71,70.69,69.77,70.75,74.87,76.07,75.04,75.21,81.82,86.37,63.04,72.39
2022-07-04 21:00:00,69.99,69.21,68.94,72.29,67.34,66.0,68.25,69.24,70.3,69.21,69.54,72.38,74.69,61.17,69.32
2022-07-04 22:00:00,53.97,54.07,54.0,54.16,52.73,53.04,54.75,54.42,55.1,54.12,54.56,54.15,54.12,50.78,55.63
2022-07-04 23:00:00,49.84,49.81,49.93,49.88,47.88,49.32,50.72,50.22,50.77,49.83,50.33,49.87,49.84,47.75,52.02
2022-07-05 00:00:00,45.83,45.77,45.71,46.16,44.84,45.07,45.84,45.92,46.27,45.76,46.0,46.18,46.43,43.67,46.49
2022-07-05 01:00:00,42.06,42.1,41.89,42.42,40.97,41.4,41.63,42.3,42.7,42.09,42.34,42.45,42.57,39.87,42.14
2022-07-05 02:00:00,37.85,37.97,37.76,38.0,36.53,37.68,37.41,38.05,38.24,37.97,38.07,37.99,38.06,37.12,37.99
2022-07-05 03:00:00,33.23,33.35,33.15,33.27,31.8,33.36,32.61,33.33,33.39,33.35,33.33,33.28,33.29,33.43,33.11
2022-07-05 04:00:00,35.06,35.11,35.08,35.0,34.34,35.21,35.0,35.1,35.16,35.11,35.08,35.0,35.0,35.39,35.43
2022-07-05 05:00:00,35.14,35.23,35.11,35.14,34.22,35.32,34.76,35.22,35.28,35.24,35.19,35.14,35.14,35.46,35.1
2022-07-05 06:00:00,39.91,39.94,39.94,39.84,39.31,40.04,39.96,39.96,40.04,39.94,39.95,39.84,39.83,40.14,40.24
2022-07-05 07:00:00,42.03,42.05,42.06,41.99,41.67,42.1,42.08,42.07,42.13,42.05,42.07,41.99,41.98,42.18,42.26
2022-07-05 08:00:00,41.16,41.85,40.67,41.54,37.56,41.81,37.47,41.67,41.82,41.95,41.62,41.54,41.58,42.34,37.33
2022-07-05 09:00:00,38.77,41.61,36.92,40.29,25.07,40.94,24.86,40.55,41.16,41.81,40.29,40.41,40.46,41.58,24.82
2022-07-05 10:00:00,48.88,51.57,47.49,50.26,39.12,49.46,38.65,49.45,49.48,52.05,49.26,50.78,50.56,49.8,38.64
2022-07-05 11:00:00,59.04,61.62,58.92,59.1,56.84,58.84,56.13,59.08,58.78,62.01,58.95,60.22,60.69,59.66,55.9
2022-07-05 12:00:00,71.97,74.06,71.75,72.33,70.48,71.14,69.46,71.49,71.2,74.46,71.63,73.12,73.83,72.21,70.06
2022-07-05 13:00:00,73.0,77.0,73.31,72.48,72.22,72.75,70.99,73.17,72.86,77.4,73.33,73.02,72.81,74.38,73.07
2022-07-05 14:00:00,92.6,96.76,92.44,92.94,90.88,91.24,88.84,92.7,92.47,97.06,92.95,94.34,96.33,94.95,92.48
2022-07-05 15:00:00,102.89,106.54,102.21,104.54,101.55,98.9,98.86,103.23,103.55,106.85,103.8,105.95,112.53,103.76,103.83
2022-07-05 16:00:00,104.61,108.25,103.55,107.71,103.98,96.97,101.27,105.61,105.33,108.86,106.78,109.68,126.47,101.92,107.1
2022-07-05 17:00:00,84.73,86.88,83.91,87.71,84.89,76.63,84.4,85.83,86.3,87.18,86.3,89.24,107.71,79.58,86.07
2022-07-05 18:00:00,74.19,74.71,72.82,77.91,73.24,65.74,72.93,75.25,76.25,74.87,75.64,79.58,84.24,63.08,73.9
2022-07-05 19:00:00,74.98,75.54,74.53,77.31,76.77,67.82,77.46,76.73,77.99,75.59,77.25,78.16,85.29,62.15,78.32
2022-07-05 20:00:00,82.9,82.57,82.19,85.38,82.66,76.36,84.45,83.55,85.36,82.49,84.3,86.41,88.52,66.21,86.47
2022-07-05 21:00:00,67.88,67.62,67.83,68.69,68.76,64.85,70.18,68.65,69.56,67.63,69.12,68.75,68.7,59.05,71.81
2022-07-05 22:00:00,54.47,54.62,54.56,54.67,54.48,53.17,55.8,54.76,55.33,54.7,54.91,54.68,54.66,50.55,57.41
2022-07-05 23:00:00,50.36,50.36,50.5,50.39,50.21,49.53,51.72,50.56,50.86,50.44,50.71,50.4,50.38,48.22,53.75
2022-07-06 00:00:00,45.15,45.07,45.12,45.43,45.46,44.15,45.83,45.46,45.97,45.05,45.56,45.46,45.45,41.84,46.37
2022-07-06 01:00:00,43.05,42.97,43.02,43.28,43.28,42.22,43.61,43.24,43.63,42.96,43.31,43.33,43.31,40.5,44.16
2022-07-06 02:00:00,37.74,37.72,37.76,37.76,37.61,37.57,37.99,37.79,37.93,37.71,37.81,37.77,37.77,37.2,38.45
2022-07-06 03:00:00,34.46,34.44,34.47,34.44,34.31,34.44,34.58,34.45,34.49,34.44,34.46,34.45,34.45,34.45,34.9
2022-07-06 04:00:00,34.69,34.68,34.71,34.67,34.62,34.69,34.81,34.68,34.71,34.68,34.69,34.68,34.68,34.75,35.1
2022-07-06 05:00:00,34.74,34.78,34.76,34.66,34.56,34.9,34.7,34.78,34.88,34.79,34.73,34.67,34.66,35.11,34.88
2022-07-06 06:00:00,37.13,37.17,37.16,37.09,37.01,37.21,37.15,37.18,37.23,37.21,37.17,37.09,37.09,37.46,37.34
2022-07-06 07:00:00,38.76,38.83,38.77,38.71,38.6,38.91,38.64,38.83,38.93,38.87,38.8,38.71,38.7,39.36,38.66
2022-07-06 08:00:00,37.46,37.68,37.35,37.5,36.65,37.82,36.4,37.65,37.87,37.78,37.6,37.59,37.53,38.83,36.12
2022-07-06 09:00:00,37.26,39.7,35.59,38.54,24.87,39.59,24.54,38.68,41.34,39.95,38.06,38.73,38.74,40.2,24.42
2022-07-06 10:00:00,44.43,46.56,43.21,45.59,36.54,45.0,35.71,44.71,45.74,46.9,44.21,46.6,46.35,46.07,35.34
2022-07-06 11:00:00,53.22,54.44,53.1,53.46,52.44,52.61,51.88,53.12,52.76,54.82,53.1,54.36,54.15,53.76,52.01
2022-07-06 12:00:00,75.82,77.45,75.39,76.46,74.31,75.09,72.57,75.65,74.81,77.75,75.93,77.1,78.91,76.3,74.45
2022-07-06 13:00:00,83.82,86.72,83.72,84.07,83.85,82.65,81.44,83.53,83.06,87.26,83.13,84.76,85.13,84.71,85.05
2022-07-06 14:00:00,95.78,96.75,95.12,96.9,95.77,94.32,92.51,96.05,95.32,97.06,96.01,98.23,100.22,97.3,97.79
2022-07-06 15:00:00,99.68,101.06,98.68,101.78,99.81,95.94,95.95,100.67,99.67,101.26,101.03,103.45,110.45,99.95,102.61
2022-07-06 16:00:00,95.46,96.48,94.25,98.52,96.36,89.09,92.92,100.57,95.73,96.58,102.77,100.59,110.58,92.6,99.07
2022-07-06 17:00:00,83.95,84.86,82.76,87.27,84.77,76.48,82.42,89.32,84.16,84.96,91.76,89.41,99.41,79.06,86.83
2022-07-06 18:00:00,73.98,74.3,72.72,77.69,74.14,65.16,73.71,78.8,74.5,74.34,81.19,79.42,88.33,62.19,74.7
2022-07-06 19:00:00,73.1,73.41,72.7,75.39,75.68,65.9,76.1,75.68,76.09,73.43,76.62,76.7,86.7,59.97,76.87
2022-07-06 20:00:00,83.67,83.32,82.95,86.38,84.38,76.27,85.83,84.64,86.74,83.24,85.5,87.38,93.09,65.08,87.71
2022-07-06 21:00:00,63.66,63.41,63.58,64.57,64.57,60.39,65.95,64.43,65.35,63.43,64.9,64.82,65.61,54.29,67.36
2022-07-06 22:00:00,53.54,53.5,53.55,53.92,53.81,51.95,54.83,53.9,54.48,53.54,54.13,53.93,54.73,48.8,55.9
2022-07-06 23:00:00,47.41,47.39,47.41,47.64,47.48,46.5,48.1,47.56,47.98,47.4,47.68,47.77,47.75,44.71,48.77
2022-07-07 00:00:00,43.82,43.78,43.88,43.91,43.52,43.22,44.62,44.02,44.34,43.77,44.11,43.91,43.9,41.99,45.74
2022-07-07 01:00:00,38.67,38.62,38.76,38.63,38.31,38.48,39.29,38.75,38.92,38.62,38.8,38.63,38.62,38.01,40.37
2022-07-07 02:00:00,37.11,37.06,37.2,37.0,36.48,37.1,37.64,37.15,37.28,37.06,37.19,36.99,36.99,37.0,38.71
2022-07-07 03:00:00,34.18,34.16,34.26,34.08,33.59,34.22,34.59,34.2,34.27,34.16,34.23,34.08,34.07,34.23,35.46
2022-07-07 04:00:00,33.17,33.14,33.24,33.08,32.66,33.2,33.54,33.18,33.23,33.15,33.2,33.07,33.07,33.21,34.33
2022-07-07 05:00:00,34.25,34.23,34.32,34.15,33.74,34.31,34.59,34.28,34.34,34.24,34.28,34.15,34.15,34.34,35.35
2022-07-07 06:00:00,34.9,34.9,34.96,34.82,34.55,34.98,35.13,34.93,35.0,34.9,34.93,34.82,34.81,35.02,35.67
2022-07-07 07:00:00,36.28,36.24,36.3,36.23,36.18,36.4,36.34,36.32,36.41,36.24,36.31,36.23,36.23,36.64,36.54
2022-07-07 08:00:00,37.25,37.29,37.25,37.18,37.09,37.48,37.05,37.32,37.46,37.3,37.29,37.19,37.18,37.9,36.96
2022-07-07 09:00:00,38.06,38.62,38.07,37.86,37.34,38.73,37.07,38.21,39.15,38.75,38.01,37.9,37.86,39.56,36.66
2022-07-07 10:00:00,47.32,47.98,47.3,47.32,46.8,47.29,46.59,47.35,47.45,48.18,47.34,47.46,47.55,48.3,46.32
2022-07-07 11:00:00,63.16,64.37,63.06,63.43,63.06,62.36,62.09,63.08,62.48,64.62,62.94,63.45,63.51,63.44,63.15
2022-07-07 12:00:00,76.06,76.67,75.82,76.4,76.36,75.84,74.35,76.48,75.91,76.81,76.45,76.58,76.38,77.17,77.43
2022-07-07 13:00:00,121.4,121.94,120.91,122.0,122.25,121.22,118.48,121.87,121.33,122.02,121.7,122.42,122.02,122.37,124.72
2022-07-07 14:00:00,194.73,195.78,193.84,195.87,196.37,194.26,189.45,195.61,194.62,195.97,195.33,197.04,195.96,196.69,201.13
2022-07-07 15:00:00,290.66,292.02,289.46,292.34,292.96,289.4,284.09,292.77,290.42,292.19,292.88,293.61,292.54,293.67,299.47
2022-07-07 16:00:00,294.59,296.81,292.9,298.18,298.92,287.82,288.79,304.99,292.07,296.9,310.15,299.67,299.08,290.81,306.98
2022-07-07 17:00:00,196.08,197.87,194.73,200.0,200.79,186.56,194.48,206.04,196.51,197.87,210.63,201.5,204.73,185.84,207.01
2022-07-07 18:00:00,112.74,113.49,111.94,116.66,117.31,100.74,116.85,122.72,116.78,113.44,126.8,117.63,122.42,90.82,120.8
2022-07-07 19:00:00,116.24,116.31,115.49,120.64,121.88,102.07,122.92,124.25,122.89,116.15,127.34,121.54,123.27,81.99,124.46
2022-07-07 20:00:00,93.75,93.58,93.41,96.47,97.12,84.33,99.27,96.55,99.08,93.48,97.37,97.02,96.68,69.23,102.02
2022-07-07 21:00:00,63.42,63.24,63.37,64.63,65.1,58.78,66.84,64.41,65.56,63.19,65.01,64.78,64.65,49.99,69.73
2022-07-07 22:00:00,57.28,56.99,57.31,57.81,58.01,55.06,59.4,57.8,58.66,56.95,58.17,57.83,57.81,50.32,61.56
2022-07-07 23:00:00,50.53,50.34,50.56,50.85,50.98,49.07,51.98,50.87,51.42,50.32,51.12,50.86,50.85,46.1,53.61
2022-07-08 00:00:00,47.3,47.12,47.25,47.73,47.96,45.73,48.44,47.65,48.21,47.08,47.93,47.75,47.74,42.37,49.21
2022-07-08 01:00:00,42.96,42.82,42.96,43.23,43.36,41.87,43.92,43.21,43.61,42.8,43.42,43.25,43.23,39.62,44.81
2022-07-08 02:00:00,38.69,38.61,38.72,38.76,38.79,38.22,39.29,38.79,38.98,38.6,38.89,38.76,38.76,37.28,40.11
2022-07-08 03:00:00,35.96,35.92,36.0,35.95,35.92,35.81,36.33,35.99,36.07,35.91,36.03,35.95,35.94,35.51,36.99
2022-07-08 04:00:00,36.01,35.97,36.05,35.97,35.93,35.94,36.34,36.01,36.07,35.97,36.04,35.97,35.96,35.82,36.99
2022-07-08 05:00:00,38.09,38.06,38.13,38.05,38.02,38.05,38.37,38.08,38.13,38.05,38.11,38.05,38.05,37.98,38.95
2022-07-08 06:00:00,50.65,50.64,50.68,50.62,50.59,50.65,50.79,50.65,50.67,50.66,50.66,50.62,50.62,50.66,51.1
2022-07-08 07:00:00,46.03,46.01,46.04,46.0,45.98,46.04,46.13,46.03,46.04,46.08,46.03,46.0,46.0,46.06,46.34
2022-07-08 08:00:00,47.0,47.0,47.01,47.0,47.0,47.01,47.0,47.01,47.01,47.06,47.01,47.01,47.0,47.05,47.01
2022-07-08 09:00:00,48.68,48.73,48.68,48.68,48.69,48.62,48.68,48.67,48.66,48.78,48.75,48.72,48.68,48.76,48.69
2022-07-08 10:00:00,59.1,59.4,59.13,59.09,59.11,58.94,59.09,59.01,58.94,59.63,58.99,59.17,59.1,59.02,59.09
2022-07-08 11:00:00,74.99,75.07,74.98,75.04,75.0,74.8,75.01,74.92,74.76,75.11,74.88,75.15,75.05,75.01,75.3
2022-07-08 12:00:00,141.68,141.85,141.38,142.0,142.25,141.82,139.86,142.07,141.76,142.16,142.02,142.71,142.08,142.15,144.02
2022-07-08 13:00:00,270.49,270.54,269.8,271.22,271.8,270.8,266.66,271.22,270.73,271.38,271.11,272.38,271.27,271.26,275.61
2022-07-08 14:00:00,398.4,399.17,397.43,399.58,400.94,398.11,392.86,400.76,397.87,400.03,401.44,402.09,400.82,399.0,407.1
2022-07-08 15:00:00,525.82,527.89,524.6,528.06,530.1,522.25,520.21,532.83,524.5,528.4,536.28,532.57,531.88,521.82,537.72
2022-07-08 16:00:00,467.42,469.92,465.72,472.26,474.46,455.53,465.15,486.1,465.95,469.95,495.51,477.26,476.65,453.46,481.86
2022-07-08 17:00:00,267.66,270.38,265.91,273.42,274.99,252.2,267.66,286.93,267.51,270.39,296.42,276.67,275.72,244.3,281.18
2022-07-08 18:00:00,187.08,186.25,186.06,191.6,192.43,173.87,192.51,197.34,195.36,186.22,200.86,193.11,192.53,156.35,196.02
2022-07-08 19:00:00,214.59,213.39,213.61,219.84,221.39,198.19,223.04,224.51,226.94,213.14,227.28,220.84,220.26,167.5,226.04
2022-07-08 20:00:00,162.24,160.74,161.56,166.65,168.6,147.92,170.94,167.13,173.18,160.45,168.64,166.94,166.72,116.0,174.74
2022-07-08 21:00:00,89.87,89.15,89.78,91.54,92.36,83.7,94.73,91.3,93.6,89.04,92.29,91.63,91.58,69.96,98.46
2022-07-08 22:00:00,61.34,60.95,61.38,62.01,62.36,58.47,64.09,61.99,63.11,60.9,62.47,62.05,62.02,52.3,67.16
2022-07-08 23:00:00,54.4,54.15,54.43,54.82,55.01,52.59,56.15,54.81,55.52,54.12,55.13,54.87,54.83,48.82,57.85
2022-07-09 00:00:00,53.72,53.57,53.69,54.12,54.33,52.28,54.8,54.06,54.6,53.53,54.27,54.13,54.13,49.36,55.6
2022-07-09 01:00:00,47.28,47.2,47.32,47.4,47.45,46.67,47.99,47.46,47.75,47.2,47.57,47.4,47.4,45.38,49.33
2022-07-09 02:00:00,40.62,40.58,40.66,40.6,40.55,40.47,41.01,40.68,40.79,40.59,40.71,40.59,40.59,40.14,41.94
2022-07-09 03:00:00,37.09,37.07,37.14,37.03,36.97,37.1,37.37,37.1,37.15,37.07,37.12,37.02,37.02,37.09,38.21
2022-07-09 04:00:00,36.42,36.41,36.46,36.37,36.32,36.44,36.62,36.44,36.47,36.41,36.45,36.36,36.36,36.44,37.52
2022-07-09 05:00:00,36.32,36.32,36.36,36.27,36.23,36.35,36.51,36.34,36.38,36.32,36.36,36.27,36.27,36.36,37.41
2022-07-09 06:00:00,39.03,39.03,39.05,39.0,38.98,39.05,39.14,39.04,39.06,39.03,39.05,39.0,39.0,39.05,39.64
2022-07-09 07:00:00,40.09,40.08,40.11,40.07,40.05,40.1,40.18,40.09,40.1,40.08,40.1,40.07,40.07,40.11,40.38
2022-07-09 08:00:00,40.8,40.8,40.8,40.8,40.8,40.8,40.8,40.8,40.8,40.81,40.8,40.8,40.8,40.83,40.82
2022-07-09 09:00:00,44.99,45.01,44.99,45.0,45.01,44.95,45.0,44.99,44.99,45.04,45.07,45.0,45.0,45.07,45.07
2022-07-09 10:00:00,55.51,55.6,55.59,55.4,55.71,55.66,55.68,55.81,55.7,55.59,55.87,55.93,55.46,55.8,55.98
2022-07-09 11:00:00,70.11,70.22,70.15,70.02,70.43,70.27,70.1,70.57,70.3,70.26,70.63,70.86,70.11,70.54,71.1
2022-07-09 12:00:00,103.43,103.92,103.27,103.49,104.41,104.07,101.58,104.62,104.09,104.17,104.65,105.27,103.68,104.46,107.18
2022-07-09 13:00:00,182.56,183.4,182.32,182.65,184.09,183.62,179.6,184.03,183.66,183.71,184.15,184.99,182.9,184.29,188.6
2022-07-09 14:00:00,237.61,238.6,237.2,237.77,239.8,239.09,233.35,240.15,239.12,238.95,240.12,241.58,238.11,239.89,247.06
2022-07-09 15:00:00,342.4,344.0,342.63,341.79,345.26,344.22,340.52,346.53,345.13,344.41,346.65,348.09,342.38,346.56,353.12
2022-07-09 16:00:00,377.39,379.06,377.64,377.0,380.1,377.96,376.56,381.26,380.05,379.41,381.4,382.51,377.59,382.98,389.3
2022-07-09 17:00:00,286.82,288.07,286.79,287.72,289.63,283.43,287.93,293.11,289.7,288.27,295.08,291.33,288.03,282.39,295.29
2022-07-09 18:00:00,188.0,188.1,187.64,190.4,191.72,180.2,191.87,195.77,195.1,188.1,197.88,192.5,190.55,169.42,194.08
2022-07-09 19:00:00,199.93,200.01,200.26,201.07,204.41,194.35,205.59,207.66,210.45,199.66,208.51,206.65,201.7,179.53,208.34
2022-07-09 20:00:00,168.93,168.33,168.69,171.14,172.53,161.37,173.91,173.46,174.94,168.15,174.9,172.14,171.28,145.68,177.31
2022-07-09 21:00:00,95.07,94.46,95.03,96.72,98.23,88.77,100.18,97.16,99.38,94.29,98.08,97.73,96.89,74.49,103.14
2022-07-09 22:00:00,68.57,68.1,68.52,69.75,70.48,64.14,72.08,69.71,71.29,68.03,70.29,70.0,69.81,54.82,74.28
2022-07-09 23:00:00,59.34,59.08,59.31,60.0,60.29,56.9,61.24,59.99,61.08,59.04,60.39,60.02,60.01,51.77,62.61
2022-07-10 00:00:00,55.24,55.02,55.25,55.65,55.86,53.54,56.78,55.61,56.25,54.98,55.9,55.67,55.66,50.06,58.18
2022-07-10 01:00:00,48.25,48.12,48.34,48.31,48.29,47.58,49.34,48.4,48.72,48.11,48.55,48.32,48.31,46.2,50.9
2022-07-10 02:00:00,41.73,41.67,41.8,41.68,41.62,41.55,42.32,41.8,41.95,41.7,41.87,41.68,41.68,41.09,43.9
2022-07-10 03:00:00,38.03,37.98,38.13,37.92,37.84,38.02,38.59,38.04,38.12,37.99,38.08,37.92,37.92,37.96,39.91
2022-07-10 04:00:00,37.23,37.18,37.31,37.12,37.04,37.24,37.71,37.24,37.31,37.19,37.27,37.12,37.11,37.22,39.13
2022-07-10 05:00:00,38.11,38.07,38.19,38.0,37.92,38.13,38.56,38.12,38.18,38.07,38.15,38.0,38.0,38.13,39.9
2022-07-10 06:00:00,43.54,43.54,43.55,43.51,43.49,43.56,43.61,43.55,43.58,43.54,43.56,43.51,43.51,43.57,44.22
2022-07-10 07:00:00,44.56,44.55,44.58,44.54,44.52,44.57,44.66,44.56,44.57,44.57,44.56,44.54,44.54,44.58,44.89
2022-07-10 08:00:00,44.4,44.4,44.4,44.4,44.4,44.4,44.4,44.4,44.41,44.42,44.4,44.4,44.4,44.43,44.42
2022-07-10 09:00:00,52.61,52.61,52.61,52.61,52.61,52.61,52.61,52.61,52.62,52.64,52.61,52.61,52.61,52.66,52.71
2022-07-10 10:00:00,57.84,57.8,57.82,57.9,57.98,57.7,57.87,57.99,57.73,57.83,57.8,57.91,57.9,57.81,57.85
2022-07-10 11:00:00,73.1,73.07,73.0,73.29,73.46,72.78,72.86,72.95,72.72,73.09,72.88,73.32,73.31,72.95,73.26
2022-07-10 12:00:00,104.45,104.97,103.77,105.25,105.59,104.6,100.27,104.86,104.52,105.14,104.78,105.36,105.24,104.86,109.56
2022-07-10 13:00:00,189.78,190.54,188.92,190.81,191.23,189.99,184.36,191.0,189.91,190.74,190.74,191.31,190.84,190.39,197.89
2022-07-10 14:00:00,354.96,356.26,353.64,356.69,357.36,354.57,347.05,358.83,354.06,357.26,359.63,357.7,356.67,355.4,367.06
2022-07-10 15:00:00,544.08,546.43,542.24,547.94,549.92,537.38,537.2,563.08,534.1,547.13,574.15,550.58,548.7,538.26,560.14
2022-07-10 16:00:00,628.97,630.0,625.62,637.83,637.64,609.28,625.37,688.1,607.4,630.71,729.28,639.34,638.24,611.8,646.63
2022-07-10 17:00:00,490.97,491.06,487.76,500.0,499.0,469.94,490.04,545.19,475.54,491.78,585.07,501.51,501.39,473.05,505.04
2022-07-10 18:00:00,271.57,270.61,269.61,278.2,277.2,254.02,275.63,323.26,257.83,270.98,358.66,278.94,278.61,250.56,278.71
2022-07-10 19:00:00,295.93,295.26,295.0,300.0,300.3,284.0,300.73,322.67,290.95,295.04,338.93,300.8,300.42,272.06,303.08
2022-07-10 20:00:00,197.76,196.86,197.3,200.6,201.08,188.56,203.15,206.84,201.37,196.68,211.56,200.79,200.64,171.99,205.98
2022-07-10 21:00:00,85.07,84.45,85.01,86.48,86.57,79.71,89.4,86.38,88.35,84.36,87.1,86.54,86.51,68.3,92.56
2022-07-10 22:00:00,63.27,62.86,63.35,63.96,63.39,60.16,66.43,64.02,65.26,62.81,64.45,64.0,63.97,53.55,69.43
2022-07-10 23:00:00,55.22,54.93,55.32,55.6,55.25,53.19,57.56,55.7,56.54,54.91,55.99,55.62,55.6,48.98,60.07
2022-07-11 00:00:00,51.93,51.66,52.0,52.35,51.8,49.97,54.02,52.41,53.2,51.63,52.79,52.36,52.35,45.6,56.23
2022-07-11 01:00:00,46.77,46.54,46.86,47.06,46.38,45.19,48.64,47.16,47.83,46.5,47.49,47.07,47.06,41.79,50.84
2022-07-11 02:00:00,41.8,41.69,41.94,41.76,41.0,41.35,42.96,41.94,42.22,41.68,42.08,41.75,41.74,40.35,44.9
2022-07-11 03:00:00,38.23,38.17,38.38,38.07,37.47,38.21,39.05,38.27,38.39,38.17,38.34,38.07,38.06,38.07,40.83
2022-07-11 04:00:00,38.65,38.59,38.77,38.5,38.37,38.66,39.35,38.65,38.73,38.59,38.69,38.5,38.49,38.64,40.84
2022-07-11 05:00:00,40.42,40.35,40.55,40.26,40.13,40.43,41.16,40.41,40.5,40.36,40.46,40.26,40.26,40.44,42.72
2022-07-11 06:00:00,47.11,47.06,47.2,47.0,46.89,47.12,47.63,47.11,47.18,47.06,47.15,47.0,46.99,47.13,48.73
2022-07-11 07:00:00,50.48,50.46,50.53,50.42,50.37,50.49,50.75,50.48,50.51,50.46,50.5,50.42,50.42,50.5,51.47
2022-07-11 08:00:00,54.81,54.81,54.83,54.79,54.76,54.82,54.91,54.81,54.83,54.84,54.82,54.79,54.79,54.85,55.17
2022-07-11 09:00:00,60.07,60.08,60.07,60.06,60.03,60.03,60.13,60.06,60.06,60.1,60.15,60.07,60.06,60.17,60.47
2022-07-11 10:00:00,69.41,69.53,69.25,69.59,69.66,69.39,68.5,69.47,69.4,69.54,69.55,69.6,69.6,69.57,70.56
2022-07-11 11:00:00,95.54,95.9,95.15,96.01,96.14,95.49,93.21,95.76,95.48,96.07,95.85,96.03,96.02,95.86,98.31
2022-07-11 12:00:00,310.92,311.75,310.07,311.97,312.34,310.55,306.01,312.39,310.55,312.31,311.58,312.16,311.99,311.24,317.02
2022-07-11 13:00:00,847.43,851.17,845.82,850.0,850.66,843.62,838.49,852.61,843.59,853.11,851.79,851.2,850.02,844.45,859.35
2022-07-11 14:00:00,1759.4,1768.23,1757.27,1764.46,1764.93,1747.24,1749.16,1774.74,1747.74,1771.21,1779.91,1768.34,1764.23,1746.99,1775.4
2022-07-11 15:00:00,2087.45,2098.39,2083.5,2100.11,2099.38,2052.67,2082.83,2128.68,2070.12,2101.85,2143.97,2106.41,2099.69,2045.0,2108.47
2022-07-11 16:00:00,1911.18,1916.85,1904.94,1930.8,1929.19,1860.04,1912.09,1998.34,1881.93,1919.35,2045.31,1936.8,1930.32,1845.69,1937.09
2022-07-11 17:00:00,1327.76,1330.01,1322.28,1346.03,1345.0,1279.29,1333.78,1431.21,1296.39,1332.2,1481.91,1351.01,1345.58,1262.23,1349.78
2022-07-11 18:00:00,688.06,687.64,683.98,702.96,702.35,647.06,698.25,791.91,658.85,687.84,845.45,705.56,702.64,623.49,706.4
2022-07-11 19:00:00,733.42,731.29,730.7,745.02,746.36,699.06,747.43,791.81,733.46,730.75,823.22,747.02,744.82,651.64,749.28
2022-07-11 20:00:00,271.32,268.8,269.12,280.59,282.12,241.68,285.39,294.94,288.93,268.17,304.14,286.15,282.01,187.38,290.39
2022-07-11 21:00:00,87.76,86.94,87.53,90.26,90.17,78.89,94.04,90.65,93.88,86.85,91.66,90.36,90.27,61.8,98.13
2022-07-11 22:00:00,64.47,63.87,64.53,65.59,65.56,59.72,68.95,65.55,67.29,63.79,66.3,65.64,65.61,49.53,72.95
2022-07-11 23:00:00,53.64,53.23,53.68,54.41,54.38,50.39,56.69,54.38,55.58,53.16,54.92,54.44,54.42,43.58,59.48
2022-07-12 00:00:00,47.24,46.95,47.35,47.61,47.67,45.26,49.58,47.71,48.51,46.92,48.11,47.63,47.62,40.95,53.0
2022-07-12 01:00:00,42.65,42.41,42.82,42.78,42.65,41.35,44.74,42.97,43.57,42.39,43.27,42.79,42.78,38.59,47.77
2022-07-12 02:00:00,40.1,39.98,40.21,40.13,40.09,39.49,41.23,40.25,40.55,39.96,40.41,40.13,40.13,38.23,43.2
2022-07-12 03:00:00,37.41,37.32,37.54,37.31,37.21,37.22,38.29,37.46,37.63,37.32,37.55,37.31,37.3,36.79,40.2
2022-07-12 04:00:00,38.33,38.27,38.45,38.19,38.05,38.33,39.02,38.34,38.42,38.27,38.38,38.19,38.18,38.29,40.53
2022-07-12 05:00:00,40.94,40.88,41.07,40.8,40.67,40.96,41.63,40.94,41.01,40.88,40.98,40.79,40.79,40.96,43.09
2022-07-12 06:00:00,42.77,42.66,42.9,42.63,42.66,42.68,43.63,42.67,42.71,42.66,42.7,42.63,42.63,42.73,46.43
2022-07-12 07:00:00,42.74,42.7,42.79,42.69,42.67,42.71,43.05,42.7,42.71,42.7,42.71,42.69,42.69,42.76,43.86
2022-07-12 08:00:00,43.34,43.34,43.35,43.33,43.33,43.34,43.4,43.34,43.34,43.34,43.34,43.33,43.33,43.38,43.53
2022-07-12 09:00:00,48.25,48.25,48.25,48.25,48.25,48.25,48.24,48.25,48.25,48.25,48.25,48.25,48.25,48.33,48.32
2022-07-12 10:00:00,60.21,60.38,60.04,60.37,60.36,60.35,59.07,60.4,60.39,60.41,60.38,60.36,60.36,60.52,60.86
2022-07-12 11:00:00,71.18,71.65,70.78,71.56,71.47,71.46,68.46,71.62,71.46,71.83,71.55,71.56,71.55,71.64,72.28
2022-07-12 12:00:00,87.32,88.16,86.57,88.0,88.05,87.86,82.25,88.06,87.87,88.49,88.0,88.26,88.01,88.04,90.65
2022-07-12 13:00:00,137.16,138.11,136.22,137.96,138.65,136.78,132.03,139.53,137.26,139.02,138.26,140.71,138.06,138.29,143.5
2022-07-12 14:00:00,217.05,218.79,215.75,218.66,219.42,214.27,211.26,224.47,214.45,221.43,227.98,222.76,218.88,217.49,225.55
2022-07-12 15:00:00,302.11,305.36,300.36,305.54,306.04,292.84,297.69,319.9,297.67,307.3,329.44,311.04,305.86,294.2,312.22
2022-07-12 16:00:00,280.98,283.2,278.49,288.18,288.06,259.8,282.78,333.26,270.77,284.74,365.38,294.59,289.97,255.51,291.81
2022-07-12 17:00:00,220.97,222.12,218.94,227.71,227.62,201.42,224.51,261.12,216.61,223.33,283.6,231.27,230.94,194.23,232.48
2022-07-12 18:00:00,142.07,141.55,140.51,147.88,148.18,124.94,147.67,184.4,147.53,141.75,208.36,150.48,155.55,115.44,149.48
2022-07-12 19:00:00,140.02,139.07,138.94,144.6,146.07,124.83,147.28,158.83,147.83,139.07,166.29,150.6,151.1,101.58,149.54
2022-07-12 20:00:00,126.8,125.31,125.84,131.18,133.04,111.19,135.67,137.25,138.04,124.87,140.22,135.83,131.33,82.0,140.17
2022-07-12 21:00:00,79.92,79.29,79.82,81.43,81.97,74.23,84.32,81.26,83.35,79.19,82.18,81.63,81.47,62.75,88.33
2022-07-12 22:00:00,68.66,68.29,68.53,69.82,70.04,64.59,71.41,69.87,71.48,68.21,70.59,69.87,69.84,55.44,79.91
2022-07-12 23:00:00,61.23,61.02,61.21,61.79,61.82,59.06,62.95,61.91,62.83,60.98,62.33,61.82,61.8,54.26,69.34
2022-07-13 00:00:00,55.63,55.54,55.7,55.65,55.63,55.2,56.4,55.72,55.93,55.53,55.83,55.65,55.65,54.28,57.5
2022-07-13 01:00:00,54.12,54.05,54.22,54.07,54.0,53.89,54.85,54.18,54.32,54.05,54.25,54.07,54.07,53.39,56.1
2022-07-13 02:00:00,51.29,51.24,51.38,51.19,51.1,51.24,51.86,51.3,51.39,51.24,51.35,51.19,51.19,51.11,52.97
2022-07-13 03:00:00,45.9,45.86,46.0,45.79,45.68,45.91,46.43,45.9,45.96,45.86,45.93,45.79,45.78,45.9,47.5
2022-07-13 04:00:00,45.57,45.53,45.65,45.47,45.36,45.58,46.03,45.57,45.61,45.53,45.58,45.46,45.46,45.59,46.99
2022-07-13 05:00:00,48.53,48.48,48.62,48.42,48.32,48.54,49.01,48.52,48.57,48.49,48.54,48.42,48.41,48.55,50.0
2022-07-13 06:00:00,51.93,51.86,52.01,51.83,51.84,51.88,52.48,51.87,51.89,51.86,51.89,51.83,51.83,51.94,54.1
2022-07-13 07:00:00,52.12,52.09,52.16,52.08,52.09,52.1,52.35,52.1,52.11,52.09,52.1,52.08,52.08,52.14,53.15
2022-07-13 08:00:00,52.86,52.85,52.87,52.84,52.84,52.85,52.93,52.85,52.85,52.85,52.85,52.84,52.84,52.9,53.14
2022-07-13 09:00:00,54.67,54.67,54.67,54.67,54.63,54.67,54.67,54.67,54.67,54.67,54.67,54.67,54.67,54.72,54.91
2022-07-13 10:00:00,71.92,71.96,71.88,71.97,71.92,71.95,71.65,72.0,71.95,71.96,71.97,71.97,71.97,72.04,72.29
2022-07-13 11:00:00,88.34,88.59,88.13,88.54,88.47,88.51,86.86,88.62,88.52,88.59,88.57,88.55,88.54,88.65,89.42
2022-07-13 12:00:00,185.0,185.64,184.42,185.56,185.36,185.42,181.05,186.01,185.47,185.74,185.67,185.66,185.55,185.78,187.38
2022-07-13 13:00:00,486.07,486.49,485.58,486.56,486.92,485.86,483.43,488.8,485.9,486.69,487.8,488.06,486.66,487.26,490.31
2022-07-13 14:00:00,642.13,643.09,641.42,643.29,643.74,640.12,639.19,648.97,639.13,644.01,652.62,645.35,643.66,643.37,648.5
2022-07-13 15:00:00,887.7,889.35,886.45,891.46,891.22,876.92,888.08,902.43,882.74,890.03,910.87,894.62,891.58,874.22,897.0
2022-07-13 16:00:00,744.46,744.36,742.34,751.78,751.29,723.64,749.57,786.12,731.92,745.06,810.7,755.45,751.76,726.08,755.73
2022-07-13 17:00:00,441.05,440.05,438.63,450.0,449.41,415.59,448.87,490.78,428.5,440.46,520.14,451.66,449.89,403.51,452.02
2022-07-13 18:00:00,228.18,227.4,226.7,234.09,234.22,210.71,234.61,264.01,223.68,227.41,283.9,235.5,234.0,193.6,235.98
2022-07-13 19:00:00,216.33,214.88,214.7,223.29,224.3,195.49,225.15,249.12,219.28,214.41,266.22,224.73,223.25,164.79,227.03
2022-07-13 20:00:00,149.36,148.09,148.72,153.17,154.18,136.9,156.7,158.08,157.42,147.81,161.56,154.27,153.22,111.88,159.94
2022-07-13 21:00:00,88.82,88.23,88.71,90.24,90.58,83.67,92.69,90.05,91.87,88.14,90.81,90.3,90.27,72.34,95.14
2022-07-13 22:00:00,70.54,70.27,70.66,70.81,70.38,68.86,72.71,70.94,71.67,70.24,71.24,70.82,70.8,65.25,75.28
2022-07-13 23:00:00,55.84,55.68,55.98,55.87,55.43,55.07,57.29,56.03,56.42,55.67,56.2,55.87,55.86,53.42,59.4
2022-07-14 00:00:00,55.81,55.73,55.95,55.65,55.1,55.77,56.63,55.83,55.96,55.73,55.9,55.65,55.64,55.66,58.46
2022-07-14 01:00:00,52.81,52.73,52.96,52.63,52.08,52.78,53.7,52.84,52.97,52.74,52.91,52.63,52.62,52.63,55.75
2022-07-14 02:00:00,46.85,46.78,47.02,46.65,46.13,46.9,47.73,46.87,46.96,46.79,46.91,46.65,46.64,46.92,49.77
2022-07-14 03:00:00,41.94,41.88,42.07,41.78,41.41,41.98,42.63,41.95,42.02,41.89,41.98,41.78,41.77,42.0,44.13
2022-07-14 04:00:00,42.01,41.95,42.13,41.86,41.62,42.04,42.67,42.01,42.07,41.95,42.04,41.85,41.85,42.06,44.05
2022-07-14 05:00:00,45.55,45.49,45.67,45.4,45.25,45.58,46.21,45.55,45.61,45.49,45.57,45.4,45.39,45.6,47.58
2022-07-14 06:00:00,50.24,50.19,50.33,50.12,50.01,50.26,50.76,50.23,50.28,50.19,50.26,50.12,50.12,50.27,51.85
2022-07-14 07:00:00,50.71,50.68,50.77,50.63,50.55,50.72,51.07,50.71,50.74,50.68,50.73,50.63,50.63,50.73,51.86
2022-07-14 08:00:00,47.17,47.17,47.18,47.16,47.14,47.17,47.23,47.17,47.18,47.17,47.18,47.16,47.16,47.19,47.39
2022-07-14 09:00:00,54.07,54.07,54.07,54.07,54.06,54.07,54.08,54.07,54.08,54.07,54.08,54.07,54.07,54.1,54.19
2022-07-14 10:00:00,68.28,68.29,68.26,68.32,68.33,68.26,68.16,68.29,68.24,68.29,68.27,68.32,68.32,68.34,68.72
2022-07-14 11:00:00,83.21,83.41,82.99,83.49,83.56,83.21,81.86,83.5,83.19,83.41,83.34,83.49,83.48,83.34,84.92
2022-07-14 12:00:00,140.79,141.05,140.4,141.29,141.51,140.68,138.6,142.11,140.67,141.1,141.16,141.38,141.28,140.95,143.92
2022-07-14 13:00:00,406.0,406.45,405.42,406.61,407.01,405.81,402.83,408.24,405.98,406.85,406.78,407.91,406.66,407.83,410.62
2022-07-14 14:00:00,599.45,599.68,598.73,600.73,600.77,597.08,597.44,604.82,596.68,600.18,607.66,602.24,600.78,600.06,604.38
2022-07-14 15:00:00,763.32,763.21,762.3,765.68,765.68,757.64,762.65,774.88,758.84,763.51,781.56,768.43,765.95,758.4,768.72
2022-07-14 16:00:00,603.42,602.54,602.17,607.38,606.99,592.87,605.89,621.99,598.47,602.75,632.87,609.15,607.62,589.13,609.86
2022-07-14 17:00:00,333.98,333.38,333.07,337.13,337.06,324.94,336.81,353.79,330.18,333.75,364.94,339.28,337.33,318.85,338.66
2022-07-14 18:00:00,164.17,163.61,163.49,166.8,167.2,156.06,167.47,175.23,167.55,163.41,180.07,168.22,166.98,144.33,168.46
2022-07-14 19:00:00,139.54,138.94,139.06,141.76,142.03,132.43,143.13,145.07,145.34,138.77,146.27,142.68,141.78,118.5,144.39
2022-07-14 20:00:00,105.92,105.39,105.72,107.34,106.55,101.16,108.99,109.7,109.98,105.29,108.95,107.4,107.33,90.95,110.99
2022-07-14 21:00:00,75.63,75.44,75.68,76.0,74.15,73.93,77.34,76.18,76.98,75.42,76.53,76.02,75.99,70.14,79.44
2022-07-14 22:00:00,57.81,57.64,57.99,57.76,56.55,57.1,59.48,58.06,58.58,57.63,58.33,57.76,57.74,55.73,62.22
2022-07-14 23:00:00,55.93,55.82,56.08,55.88,54.5,55.44,57.19,56.15,56.53,55.82,56.34,55.87,55.85,54.23,59.43
2022-07-15 00:00:00,43.74,43.75,43.89,43.54,40.29,43.92,44.34,43.88,43.98,43.76,43.93,43.52,43.49,43.94,45.84
2022-07-15 01:00:00,42.15,42.15,42.29,41.96,39.03,42.31,42.73,42.27,42.36,42.16,42.31,41.94,41.91,42.33,44.11
2022-07-15 02:00:00,41.24,41.22,41.33,41.11,39.93,41.32,41.68,41.29,41.35,41.23,41.32,41.1,41.09,41.34,42.99
2022-07-15 03:00:00,40.37,40.35,40.45,40.26,39.58,40.42,40.79,40.4,40.45,40.35,40.43,40.26,40.25,40.44,41.92
2022-07-15 04:00:00,41.09,41.06,41.16,41.0,40.9,41.11,41.48,41.09,41.13,41.06,41.11,41.0,41.0,41.13,42.48
2022-07-15 05:00:00,43.07,43.04,43.12,43.0,42.93,43.08,43.37,43.07,43.1,43.04,43.08,43.0,42.99,43.09,44.0
2022-07-15 06:00:00,47.64,47.61,47.69,47.56,47.49,47.65,47.96,47.63,47.67,47.61,47.65,47.56,47.56,47.66,48.62
2022-07-15 07:00:00,49.28,49.24,49.34,49.2,49.12,49.29,49.63,49.27,49.31,49.25,49.29,49.2,49.19,49.3,50.34
2022-07-15 08:00:00,52.47,52.55,52.47,52.5,52.44,52.35,52.49,52.62,54.99,52.56,52.64,52.5,52.5,52.58,52.6
2022-07-15 09:00:00,58.61,58.74,58.6,58.67,58.59,58.4,58.56,58.84,62.57,58.75,58.87,58.67,58.67,58.78,58.67
2022-07-15 10:00:00,66.42,66.51,66.38,66.5,66.49,66.17,66.33,66.88,69.79,66.52,66.67,66.51,66.51,66.55,66.87
2022-07-15 11:00:00,72.16,72.25,72.0,72.43,72.48,71.81,71.52,74.26,74.79,72.25,72.81,72.44,72.43,72.26,73.52
2022-07-15 12:00:00,89.6,89.75,89.2,90.12,90.34,89.39,87.56,92.64,89.58,89.74,90.44,90.14,90.13,89.84,92.49
2022-07-15 13:00:00,209.58,209.81,208.96,210.35,210.81,209.2,206.48,213.9,209.56,209.8,210.83,211.02,210.38,210.47,214.33
2022-07-15 14:00:00,339.75,339.38,339.1,340.98,341.23,337.53,338.53,352.75,338.06,339.53,347.27,342.23,341.0,339.49,345.1
2022-07-15 15:00:00,505.54,504.78,504.67,507.87,508.2,500.0,506.04,528.8,505.53,504.71,518.93,509.37,507.86,500.93,514.11
2022-07-15 16:00:00,434.25,432.48,433.07,438.15,438.4,423.77,437.85,476.04,437.37,432.48,467.08,440.8,438.15,422.37,443.51
2022-07-15 17:00:00,240.71,239.56,239.13,246.29,245.72,225.45,245.24,289.22,244.12,239.53,320.42,247.79,246.24,216.93,248.74
2022-07-15 18:00:00,121.44,120.38,120.51,124.97,125.07,111.53,125.18,144.2,125.5,120.14,150.81,126.38,124.93,99.26,126.39
2022-07-15 19:00:00,101.63,100.7,101.02,104.19,103.95,94.23,104.97,111.72,107.73,100.51,114.62,104.9,104.08,80.34,106.86
2022-07-15 20:00:00,84.38,83.62,84.12,86.01,84.54,79.41,87.43,94.05,88.47,83.49,90.44,86.04,85.92,71.35,89.43
2022-07-15 21:00:00,63.94,63.78,63.98,64.25,63.35,62.67,65.23,66.09,66.64,63.76,65.0,64.24,64.21,60.89,67.23
2022-07-15 22:00:00,55.04,55.01,55.24,54.87,50.66,54.87,56.22,55.37,55.72,55.01,55.48,54.83,54.78,54.09,58.49
2022-07-15 23:00:00,51.07,51.06,51.23,50.85,47.08,51.17,51.86,51.26,51.43,51.07,51.32,50.83,50.79,51.04,53.61
2022-07-16 00:00:00,48.03,48.02,48.09,47.95,46.71,48.04,48.35,48.1,48.17,48.02,48.13,47.95,47.93,47.98,49.08
2022-07-16 01:00:00,44.77,44.76,44.83,44.69,43.69,44.79,45.09,44.82,44.88,44.76,44.85,44.69,44.68,44.77,45.81
2022-07-16 02:00:00,43.49,43.47,43.53,43.45,43.4,43.49,43.72,43.49,43.52,43.47,43.51,43.44,43.44,43.51,44.19
2022-07-16 03:00:00,40.83,40.82,40.86,40.8,40.76,40.83,41.01,40.83,40.85,40.82,40.84,40.8,40.79,40.86,41.38
2022-07-16 04:00:00,40.61,40.6,40.64,40.58,40.55,40.62,40.78,40.61,40.63,40.6,40.62,40.58,40.58,40.64,41.15
2022-07-16 05:00:00,42.11,42.09,42.16,42.05,42.0,42.12,42.37,42.11,42.14,42.09,42.12,42.05,42.05,42.13,42.89
2022-07-16 06:00:00,45.11,45.09,45.15,45.07,45.02,45.12,45.31,45.11,45.13,45.1,45.12,45.07,45.07,45.14,45.72
2022-07-16 07:00:00,47.27,47.25,47.32,47.22,47.16,47.28,47.53,47.27,47.3,47.25,47.28,47.21,47.21,47.3,48.04
2022-07-16 08:00:00,50.0,50.0,50.0,50.0,50.0,50.0,50.0,50.0,50.0,50.0,50.0,50.0,50.0,50.02,50.0
2022-07-16 09:00:00,50.07,50.08,50.07,50.08,50.08,50.02,50.08,50.07,50.06,50.09,50.14,50.08,50.08,50.12,50.1
2022-07-16 10:00:00,61.13,61.15,61.13,61.15,61.14,61.08,61.13,61.14,61.12,61.16,61.21,61.15,61.15,61.19,61.23
2022-07-16 11:00:00,80.28,80.3,80.24,80.34,80.33,80.21,80.1,80.52,80.25,80.31,80.39,80.34,80.33,80.35,80.72
2022-07-16 12:00:00,104.75,104.99,104.4,105.2,105.35,104.72,102.68,105.85,104.89,104.99,105.13,105.2,105.19,104.93,107.44
2022-07-16 13:00:00,152.33,152.64,151.78,153.25,153.47,151.4,149.83,155.56,152.24,152.62,155.84,153.37,153.2,151.55,156.3
2022-07-16 14:00:00,241.81,241.61,240.46,245.56,246.04,233.66,241.0,253.85,244.91,241.43,259.73,246.9,245.31,223.71,250.0
2022-07-16 15:00:00,364.52,364.23,362.61,370.87,371.44,348.35,367.0,387.76,370.58,363.88,391.31,372.37,370.82,336.0,375.08
2022-07-16 16:00:00,333.14,330.71,330.29,343.47,343.98,305.69,341.29,398.21,333.75,329.96,390.76,344.97,343.37,287.86,346.05
2022-07-16 17:00:00,216.93,214.43,214.03,228.12,228.65,186.1,227.47,291.51,217.61,213.75,314.99,229.62,227.92,160.83,230.0
2022-07-16 18:00:00,141.1,139.98,139.48,148.0,148.3,121.24,148.7,180.59,148.45,139.57,186.81,148.36,147.93,100.42,149.15
2022-07-16 19:00:00,142.37,140.99,140.83,148.99,149.64,123.01,150.33,171.59,148.9,140.57,183.39,149.79,148.88,92.05,151.0
2022-07-16 20:00:00,143.67,142.49,142.78,148.21,148.21,130.09,150.32,153.38,156.08,142.19,155.6,148.33,148.12,101.4,151.6
2022-07-16 21:00:00,75.35,75.13,75.24,76.45,75.02,71.92,77.46,77.5,78.54,75.08,77.37,76.4,76.35,64.37,78.61
2022-07-16 22:00:00,60.15,60.06,60.21,60.57,57.16,58.47,61.74,61.02,62.06,60.04,61.26,60.51,60.46,54.73,63.4
2022-07-16 23:00:00,53.38,53.35,53.44,53.6,50.67,52.43,54.37,53.96,54.6,53.34,54.11,53.55,53.52,50.35,55.55
2022-07-17 00:00:00,47.03,47.0,47.09,47.1,45.6,46.56,47.72,47.31,47.62,46.99,47.39,47.08,47.06,45.58,48.71
2022-07-17 01:00:00,44.63,44.57,44.72,44.6,43.72,44.35,45.37,44.79,45.02,44.57,44.86,44.59,44.57,43.78,46.61
2022-07-17 02:00:00,43.55,43.51,43.62,43.56,43.08,43.25,44.16,43.7,43.89,43.5,43.75,43.55,43.54,42.69,45.12
2022-07-17 03:00:00,39.35,39.31,39.41,39.3,39.22,39.23,39.8,39.39,39.49,39.31,39.43,39.3,39.29,39.03,40.64
2022-07-17 04:00:00,37.37,37.34,37.45,37.29,37.2,37.38,37.8,37.38,37.43,37.34,37.4,37.28,37.28,37.37,38.69
2022-07-17 05:00:00,39.22,39.18,39.29,39.13,39.04,39.23,39.64,39.22,39.26,39.18,39.24,39.12,39.12,39.23,40.49
2022-07-17 06:00:00,41.73,41.7,41.79,41.66,41.59,41.74,42.06,41.73,41.77,41.7,41.75,41.66,41.66,41.75,42.71
2022-07-17 07:00:00,44.25,44.17,44.28,44.23,44.14,44.21,44.51,44.21,44.24,44.17,44.22,44.23,44.32,44.22,45.01
2022-07-17 08:00:00,45.96,45.96,45.96,45.96,45.96,45.96,45.97,45.96,45.97,45.96,45.97,45.96,45.96,45.97,45.99
2022-07-17 09:00:00,44.34,44.34,44.34,44.34,44.34,44.33,44.34,44.34,44.34,44.34,44.34,44.34,44.34,44.36,44.39
2022-07-17 10:00:00,55.01,55.01,55.0,55.03,55.02,55.0,54.97,55.03,55.02,55.02,55.02,55.03,55.03,55.03,55.18
2022-07-17 11:00:00,66.88,66.95,66.76,67.02,67.08,66.88,66.2,67.07,66.92,66.95,66.95,67.02,67.02,66.92,67.83
2022-07-17 12:00:00,92.08,92.31,91.71,92.58,92.77,91.98,89.98,93.52,92.06,92.31,92.51,92.58,92.56,92.11,94.98
2022-07-17 13:00:00,173.9,174.44,173.19,175.0,175.35,173.0,170.32,176.16,173.34,174.5,177.19,175.25,174.96,172.33,179.29
2022-07-17 14:00:00,268.88,269.73,267.62,272.4,273.07,260.73,267.63,278.47,271.1,269.98,279.05,273.9,272.31,253.38,277.68
2022-07-17 15:00:00,400.58,400.71,398.47,407.34,408.01,383.67,402.15,419.68,404.16,400.31,427.47,409.0,407.31,366.82,412.75
2022-07-17 16:00:00,459.42,458.82,456.53,469.5,470.17,432.78,465.01,495.17,461.92,459.07,512.11,471.08,469.45,404.09,474.27
2022-07-17 17:00:00,291.79,290.71,289.19,301.92,302.49,263.53,300.59,334.63,296.13,290.08,345.04,303.22,301.93,236.72,305.38
2022-07-17 18:00:00,242.35,240.78,240.08,252.01,252.97,214.47,253.04,278.46,250.89,240.19,293.47,253.51,252.11,180.86,255.46
2022-07-17 19:00:00,242.39,240.64,240.64,250.0,251.42,219.64,252.27,267.61,259.84,240.08,264.29,251.51,249.97,181.43,253.42
2022-07-17 20:00:00,168.44,167.11,167.43,173.5,174.52,153.15,175.98,179.32,183.67,166.76,178.98,173.7,173.44,123.26,178.19
2022-07-17 21:00:00,88.18,87.88,88.0,89.56,89.77,83.77,90.81,90.1,92.17,87.8,90.35,89.55,89.51,74.86,92.18
2022-07-17 22:00:00,63.09,62.93,63.12,63.57,63.53,61.19,64.8,63.82,64.72,62.9,63.98,63.54,63.52,57.77,66.7
2022-07-17 23:00:00,55.82,55.73,55.84,56.12,56.07,54.65,56.87,56.27,56.81,55.71,56.37,56.1,56.09,52.61,57.87
2022-07-18 00:00:00,48.27,48.21,48.27,48.49,48.47,47.47,48.92,48.57,48.94,48.2,48.66,48.49,48.48,46.05,49.52
2022-07-18 01:00:00,43.3,43.26,43.32,43.42,43.37,42.81,43.78,43.47,43.7,43.25,43.52,43.42,43.41,42.01,44.35
2022-07-18 02:00:00,42.33,42.3,42.37,42.35,42.3,42.13,42.7,42.41,42.53,42.3,42.44,42.35,42.34,41.8,43.29
2022-07-18 03:00:00,39.18,39.16,39.23,39.14,39.08,39.15,39.45,39.19,39.24,39.16,39.21,39.14,39.14,39.12,40.0
2022-07-18 04:00:00,39.36,39.33,39.4,39.3,39.25,39.36,39.61,39.36,39.39,39.34,39.37,39.3,39.3,39.38,40.14
2022-07-18 05:00:00,41.14,41.12,41.19,41.08,41.03,41.15,41.42,41.14,41.17,41.12,41.16,41.08,41.08,41.16,41.97
2022-07-18 06:00:00,45.3,45.28,45.35,45.24,45.19,45.31,45.57,45.3,45.33,45.28,45.31,45.24,45.24,45.31,46.1
2022-07-18 07:00:00,45.73,45.71,45.78,45.68,45.62,45.74,45.99,45.73,45.76,45.71,45.75,45.68,45.67,45.74,46.51
2022-07-18 08:00:00,50.3,50.3,50.3,50.3,50.3,50.3,50.31,50.31,50.31,50.3,50.31,50.3,50.3,50.34,50.32
2022-07-18 09:00:00,47.59,47.59,47.59,47.59,47.59,47.58,47.59,47.59,47.59,47.6,47.6,47.59,47.59,47.64,47.61
2022-07-18 10:00:00,59.72,59.74,59.72,59.72,59.7,59.7,59.72,59.71,59.71,59.75,59.71,59.72,59.72,59.77,59.83
2022-07-18 11:00:00,74.54,74.67,74.44,74.69,74.71,74.45,73.96,74.86,74.45,74.68,74.62,74.68,74.68,74.51,75.35
2022-07-18 12:00:00,156.0,157.0,155.58,156.88,156.94,154.46,153.97,160.14,154.73,156.81,156.93,156.86,156.86,154.19,158.97
2022-07-18 13:00:00,394.61,396.25,393.91,395.78,396.05,392.57,391.04,398.83,391.88,396.28,401.09,397.24,395.79,392.41,399.68
2022-07-18 14:00:00,806.0,808.88,804.31,810.7,810.55,793.72,803.93,827.94,796.37,808.72,840.36,813.42,810.7,786.3,815.06
2022-07-18 15:00:00,1450.21,1449.31,1446.48,1462.11,1461.91,1419.11,1455.41,1500.0,1442.6,1448.59,1527.16,1465.27,1462.03,1390.77,1467.71
2022-07-18 16:00:00,1418.35,1415.64,1413.4,1434.68,1434.32,1374.03,1429.24,1500.0,1399.56,1414.93,1545.54,1441.08,1434.7,1339.21,1438.99
2022-07-18 17:00:00,798.0,795.56,793.08,815.44,815.2,750.0,811.33,890.68,781.53,794.55,941.51,817.84,815.26,707.08,819.84
2022-07-18 18:00:00,431.66,429.37,427.73,447.56,447.65,385.57,448.43,524.68,419.83,428.46,574.57,449.0,447.33,338.82,450.04
2022-07-18 19:00:00,387.44,384.63,384.42,400.0,401.65,350.43,402.62,433.49,402.41,383.71,453.49,401.9,399.91,292.77,404.02
2022-07-18 20:00:00,201.59,199.47,199.83,210.06,211.7,176.02,213.78,219.98,226.37,198.88,223.3,210.48,210.0,125.47,216.54
2022-07-18 21:00:00,90.76,90.15,90.33,93.18,93.39,83.29,94.72,95.45,98.61,89.98,95.06,93.21,93.13,68.21,96.27
2022-07-18 22:00:00,61.76,61.59,61.7,62.62,62.57,58.69,63.9,62.95,64.45,61.54,63.33,62.61,62.59,52.22,65.58
2022-07-18 23:00:00,55.32,55.23,55.3,55.85,55.52,53.49,56.64,56.09,57.0,55.2,56.35,55.83,55.81,49.96,57.69
2022-07-19 00:00:00,55.07,54.84,54.96,55.65,53.67,53.52,55.83,54.9,55.6,54.81,55.14,56.72,62.55,51.55,57.08
2022-07-19 01:00:00,46.4,46.2,46.3,46.82,45.0,45.35,46.83,46.1,46.52,46.18,46.26,47.78,49.88,44.3,47.88
2022-07-19 02:00:00,42.63,42.61,42.64,42.69,41.87,42.38,42.89,42.71,42.88,42.61,42.75,42.77,42.71,41.96,43.69
2022-07-19 03:00:00,38.61,38.59,38.64,38.6,37.92,38.53,38.84,38.61,38.68,38.59,38.63,38.67,38.61,38.43,39.54
2022-07-19 04:00:00,38.38,38.36,38.44,38.31,37.67,38.41,38.67,38.39,38.44,38.37,38.42,38.32,38.3,38.42,39.47
2022-07-19 05:00:00,40.85,40.83,40.91,40.77,40.21,40.89,41.16,40.87,40.91,40.84,40.89,40.78,40.77,40.9,41.98
2022-07-19 06:00:00,44.68,44.67,44.7,44.67,44.22,44.65,44.8,44.64,44.67,44.67,44.65,44.77,45.79,44.71,45.42
2022-07-19 07:00:00,44.64,44.64,44.69,44.6,44.42,44.65,44.86,44.65,44.67,44.64,44.66,44.64,47.6,44.7,45.37
2022-07-19 08:00:00,45.0,45.0,44.8,45.35,44.47,44.56,44.3,44.59,44.81,45.0,44.65,45.75,46.1,44.72,44.57
2022-07-19 09:00:00,45.01,44.96,44.26,46.3,43.16,43.39,42.4,43.75,44.37,44.95,43.61,47.54,51.04,43.56,43.88
2022-07-19 10:00:00,52.02,52.21,51.26,53.65,51.09,49.09,50.08,51.84,50.73,52.31,51.5,54.42,56.94,49.94,52.12
2022-07-19 11:00:00,59.77,60.38,58.9,62.0,59.42,54.83,58.4,62.29,59.19,60.72,60.78,63.0,69.5,57.77,61.68
2022-07-19 12:00:00,77.9,79.26,77.12,80.26,79.98,71.97,77.0,86.41,77.0,79.35,81.49,80.86,87.76,70.43,84.2
2022-07-19 13:00:00,102.33,104.4,100.93,106.35,106.47,91.98,100.97,119.99,104.17,104.4,116.32,107.85,113.85,85.28,109.95
2022-07-19 14:00:00,268.66,270.91,265.28,279.57,279.2,238.73,271.92,314.61,270.8,270.42,325.69,283.57,287.07,206.39,284.57
2022-07-19 15:00:00,620.38,623.41,615.01,638.39,636.24,570.24,627.99,707.68,631.69,622.47,725.19,643.94,645.89,516.23,642.83
2022-07-19 16:00:00,644.43,644.11,638.45,664.6,663.36,589.51,655.59,752.71,653.37,643.71,772.64,671.01,672.11,532.56,672.87
2022-07-19 17:00:00,455.0,453.14,448.68,476.46,475.6,395.68,469.45,560.94,502.09,451.94,577.45,483.23,483.96,338.12,484.44
2022-07-19 18:00:00,340.1,339.51,335.27,359.55,360.46,282.73,359.31,425.19,393.81,338.37,435.6,363.65,367.05,203.92,363.26
2022-07-19 19:00:00,285.99,284.46,282.35,299.99,302.36,241.35,303.58,332.16,324.0,283.35,334.62,309.99,307.49,169.46,305.62
2022-07-19 20:00:00,217.16,214.73,214.89,226.57,229.16,187.73,230.51,248.36,245.74,213.95,239.31,231.66,234.07,136.94,232.66
2022-07-19 21:00:00,83.45,82.93,83.0,86.07,86.68,75.43,87.58,92.16,89.58,82.81,88.39,86.5,93.57,61.52,88.86
2022-07-19 22:00:00,68.66,68.58,68.53,69.84,69.99,64.86,70.82,70.12,71.84,68.52,70.55,69.98,77.34,57.63,72.07
2022-07-19 23:00:00,56.5,56.32,56.23,57.86,57.42,52.72,58.0,57.09,58.58,56.26,57.53,58.87,65.36,46.98,58.89
2022-07-20 00:00:00,51.26,51.12,51.05,52.08,51.54,49.18,51.83,51.52,52.27,51.07,51.61,52.27,52.25,46.22,52.65
2022-07-20 01:00:00,44.41,44.32,44.21,45.14,44.53,42.62,44.76,44.68,45.46,44.28,44.78,45.34,45.41,40.19,45.55
2022-07-20 02:00:00,41.17,41.04,40.99,41.9,41.41,39.29,41.74,41.42,42.16,40.99,41.57,42.1,42.14,36.83,42.6
2022-07-20 03:00:00,37.06,36.95,36.95,37.5,37.15,35.88,37.47,37.1,37.55,36.93,37.2,37.65,37.59,34.56,38.32
2022-07-20 04:00:00,36.78,36.73,36.77,37.0,36.88,36.07,37.3,36.93,37.26,36.71,37.02,37.04,37.02,35.13,38.12
2022-07-20 05:00:00,40.41,40.37,40.45,40.45,40.4,40.1,40.86,40.53,40.7,40.36,40.57,40.44,40.44,39.61,41.69
2022-07-20 06:00:00,46.67,46.63,46.68,46.77,46.75,46.2,47.13,46.84,47.09,46.62,46.89,46.77,46.77,45.3,47.74
2022-07-20 07:00:00,51.84,51.8,51.86,51.93,51.92,51.41,52.28,52.0,52.23,51.8,52.05,51.93,51.92,50.56,52.82
2022-07-20 08:00:00,54.07,54.06,54.04,54.32,54.44,53.24,54.52,54.23,54.4,54.06,54.32,54.32,54.32,52.29,55.1
2022-07-20 09:00:00,54.84,54.73,54.73,55.63,56.14,52.34,56.23,55.15,55.35,54.78,55.24,55.62,55.63,50.92,58.46
2022-07-20 10:00:00,60.06,60.54,59.92,61.29,62.03,55.75,62.13,60.46,60.64,60.72,60.39,61.31,61.3,54.3,65.23
2022-07-20 11:00:00,77.04,78.5,76.75,79.29,80.06,69.15,80.07,78.72,77.26,78.65,78.27,79.38,81.46,64.15,84.2
2022-07-20 12:00:00,98.46,100.0,97.93,101.83,103.42,87.12,102.8,103.03,100.1,100.2,101.08,102.23,104.79,77.9,109.8
2022-07-20 13:00:00,158.27,162.74,156.65,165.05,165.49,138.03,160.77,175.5,163.17,163.04,174.27,166.95,169.95,116.86,168.47
2022-07-20 14:00:00,329.86,339.91,326.28,346.13,345.88,279.15,339.93,368.11,335.75,340.47,368.81,348.57,348.95,226.49,350.62
2022-07-20 15:00:00,591.97,595.42,586.36,614.65,614.37,526.42,608.93,647.04,602.8,595.92,654.21,619.02,622.02,449.58,622.09
2022-07-20 16:00:00,666.59,663.49,659.56,693.1,693.58,594.26,687.38,745.19,671.99,664.68,814.47,701.0,707.0,510.33,703.38
2022-07-20 17:00:00,476.61,471.49,468.98,505.07,505.72,399.36,500.0,559.3,501.46,472.1,593.53,510.37,525.07,302.89,514.19
2022-07-20 18:00:00,364.21,363.29,358.35,388.17,389.38,295.39,386.56,451.55,390.12,363.59,481.26,391.07,397.07,201.26,394.56
2022-07-20 19:00:00,316.51,311.02,311.97,335.35,337.72,263.13,338.39,381.15,344.64,311.03,404.77,337.15,338.15,171.44,340.11
2022-07-20 20:00:00,203.1,200.98,201.29,211.78,213.76,177.3,215.11,219.97,228.65,200.4,222.38,213.28,217.27,124.69,216.94
2022-07-20 21:00:00,103.83,103.18,103.14,107.51,108.38,92.49,109.39,109.27,114.33,103.0,109.65,107.65,107.47,70.68,110.71
2022-07-20 22:00:00,70.68,70.68,70.46,72.28,72.6,65.35,73.53,72.53,74.48,70.67,72.96,72.29,72.25,56.26,74.77
2022-07-20 23:00:00,65.56,65.46,65.44,66.58,66.72,62.25,67.5,66.76,68.11,65.42,67.06,66.56,66.54,56.26,68.48
2022-07-21 00:00:00,54.63,54.52,54.55,55.29,55.3,52.61,55.78,55.34,56.21,54.48,55.53,55.28,55.26,49.15,56.39
2022-07-21 01:00:00,51.21,51.13,51.16,51.67,51.68,49.8,52.06,51.71,52.33,51.09,51.85,51.66,51.65,47.46,52.65
2022-07-21 02:00:00,52.06,51.97,52.03,52.46,52.45,50.79,52.89,52.51,53.09,51.94,52.64,52.44,52.43,48.69,53.49
2022-07-21 03:00:00,48.95,48.89,48.94,49.17,49.19,48.19,49.52,49.23,49.59,48.88,49.32,49.16,49.16,46.84,50.0
2022-07-21 04:00:00,50.35,50.3,50.35,50.53,50.55,49.7,50.87,50.59,50.91,50.28,50.67,50.52,50.52,48.51,51.34
2022-07-21 05:00:00,52.87,52.82,52.87,53.03,53.05,52.27,53.38,53.09,53.39,52.81,53.17,53.03,53.02,51.13,53.97
2022-07-21 06:00:00,53.91,53.87,53.91,54.03,54.04,53.41,54.34,54.11,54.38,53.86,54.19,54.03,54.02,52.41,54.87
2022-07-21 07:00:00,58.17,58.3,57.96,59.39,59.58,54.23,59.9,59.92,62.12,58.23,59.95,59.41,59.39,52.51,60.3
2022-07-21 08:00:00,53.1,53.21,52.86,54.37,54.57,49.11,54.76,54.86,57.0,53.14,54.91,54.38,54.36,46.54,54.95
2022-07-21 09:00:00,55.85,55.98,55.57,57.35,57.58,51.18,57.75,57.92,60.34,55.9,57.96,57.36,57.33,47.96,57.89
2022-07-21 10:00:00,67.1,67.19,66.69,69.19,69.45,60.71,69.65,72.15,72.39,67.05,70.21,69.21,69.17,57.76,69.81
2022-07-21 11:00:00,76.56,76.96,76.06,79.11,79.39,68.61,79.54,81.33,82.79,76.83,79.98,79.14,79.1,65.1,79.84
2022-07-21 12:00:00,86.83,87.44,86.0,90.65,91.02,75.26,90.66,94.54,94.27,87.51,94.38,90.72,90.62,69.3,91.76
2022-07-21 13:00:00,93.47,94.26,92.6,97.04,97.1,83.23,95.89,101.68,96.87,94.46,102.18,97.16,96.97,73.76,97.76
2022-07-21 14:00:00,126.26,125.7,124.31,133.52,133.19,106.47,131.55,148.97,124.24,126.03,157.99,134.52,133.35,92.24,133.59
2022-07-21 15:00:00,167.06,165.21,164.1,178.13,177.69,136.81,176.25,203.04,173.55,165.67,217.42,179.63,177.91,107.74,178.45
2022-07-21 16:00:00,173.84,170.55,170.48,186.33,185.88,140.12,184.91,218.13,180.84,171.1,229.91,187.69,186.12,108.55,186.42
2022-07-21 17:00:00,158.1,155.77,154.73,170.92,170.56,122.74,169.49,241.31,162.65,156.37,256.14,172.07,170.63,96.92,171.15
2022-07-21 18:00:00,125.44,123.09,123.04,134.96,135.12,99.04,135.06,183.83,135.26,123.1,195.81,135.71,134.73,79.15,135.88
2022-07-21 19:00:00,120.67,119.2,119.0,127.77,128.32,100.27,128.76,157.3,128.9,118.75,167.23,128.25,127.6,72.67,129.4
2022-07-21 20:00:00,103.88,102.76,102.99,108.1,108.74,91.42,109.69,115.59,114.3,102.47,117.16,108.55,107.99,67.95,110.67
2022-07-21 21:00:00,77.75,77.44,77.52,79.18,79.37,73.39,80.08,81.23,81.75,77.34,80.41,79.21,79.11,65.18,81.09
2022-07-21 22:00:00,69.37,69.28,69.31,70.0,70.03,67.33,70.62,70.17,71.11,69.24,70.4,69.98,69.96,63.41,71.32
2022-07-21 23:00:00,64.85,64.76,64.82,65.25,65.25,63.5,65.78,65.36,65.97,64.73,65.49,65.23,65.22,60.97,66.57
2022-07-22 00:00:00,56.9,56.85,56.92,57.01,57.02,56.39,57.44,57.1,57.37,56.84,57.17,57.0,56.99,55.46,58.69
2022-07-22 01:00:00,55.61,55.64,55.63,55.64,55.68,55.45,55.78,55.83,56.05,55.63,55.9,55.63,55.63,54.99,58.59
2022-07-22 02:00:00,50.65,50.74,50.64,50.62,50.67,50.82,50.37,50.86,51.03,50.75,50.93,50.62,50.61,50.75,54.83
2022-07-22 03:00:00,47.28,47.28,47.32,47.22,47.22,47.32,47.47,47.33,47.39,47.28,47.36,47.22,47.21,47.32,48.97
2022-07-22 04:00:00,47.04,47.05,47.05,47.0,47.01,47.1,47.06,47.09,47.14,47.05,47.11,47.0,47.0,47.1,48.56
2022-07-22 05:00:00,49.65,49.65,49.67,49.6,49.6,49.69,49.73,49.68,49.73,49.65,49.7,49.6,49.6,49.69,51.13
2022-07-22 06:00:00,56.19,56.19,56.21,56.16,56.13,56.22,56.29,56.21,56.25,56.19,56.23,56.15,56.15,56.2,57.31
2022-07-22 07:00:00,57.45,57.48,57.46,57.43,57.43,57.52,57.42,57.51,57.56,57.48,57.53,57.42,57.42,57.52,58.93
2022-07-22 08:00:00,59.03,59.03,59.04,59.03,59.05,59.02,59.09,59.05,59.08,59.03,59.06,59.02,59.02,59.0,59.86
2022-07-22 09:00:00,58.44,58.83,58.4,58.54,58.54,58.12,58.09,58.33,58.31,58.93,58.4,58.56,58.55,58.05,59.12
2022-07-22 10:00:00,68.64,69.29,68.46,68.94,69.02,68.1,67.5,68.94,68.35,69.45,68.59,68.97,68.96,67.95,71.14
2022-07-22 11:00:00,82.96,83.55,82.64,83.47,83.71,82.3,81.24,84.36,82.48,83.65,83.26,83.47,83.47,82.23,87.57
2022-07-22 12:00:00,100.76,100.61,99.73,103.1,102.77,96.27,98.96,104.71,95.89,100.64,104.3,103.18,103.15,95.65,108.96
2022-07-22 13:00:00,110.58,110.89,109.12,114.24,113.86,102.74,108.62,120.65,105.44,111.01,116.13,114.62,114.43,101.31,115.64
2022-07-22 14:00:00,164.03,162.95,160.91,173.42,172.11,141.66,165.6,196.51,154.88,163.24,200.5,174.2,173.65,125.61,174.1
2022-07-22 15:00:00,203.74,200.78,199.02,218.71,217.11,166.68,209.89,245.55,201.15,201.44,241.41,219.91,219.41,133.02,219.6
2022-07-22 16:00:00,207.39,204.83,202.16,224.51,221.7,164.05,215.27,276.29,206.15,205.55,275.89,225.83,231.83,124.98,223.69
2022-07-22 17:00:00,162.5,159.68,158.45,176.17,173.67,127.67,170.27,232.54,174.48,160.36,207.12,177.67,183.67,99.47,177.21
2022-07-22 18:00:00,127.88,126.58,125.08,138.48,137.64,99.07,136.2,204.17,139.6,126.76,189.28,139.33,144.17,79.0,139.95
2022-07-22 19:00:00,116.64,115.48,115.16,123.35,122.95,97.08,124.72,152.22,131.09,115.55,137.56,123.74,129.37,73.26,125.94
2022-07-22 20:00:00,93.67,92.98,93.25,96.29,95.76,85.5,98.24,100.73,101.66,92.82,98.7,96.37,96.2,71.39,100.69
2022-07-22 21:00:00,76.19,76.07,76.11,76.99,76.74,73.64,77.75,77.9,78.22,76.04,77.56,76.96,76.94,69.4,78.9
2022-07-22 22:00:00,62.07,62.02,62.11,62.2,61.77,61.43,62.81,62.35,62.7,62.01,62.43,62.19,62.18,60.26,64.15
2022-07-22 23:00:00,53.7,53.66,53.74,53.72,53.28,53.47,54.09,53.8,53.97,53.66,53.84,53.72,53.71,53.1,54.77
2022-07-23 00:00:00,59.91,59.89,59.93,59.9,59.11,59.85,60.1,59.93,60.01,59.89,59.95,59.96,59.91,59.77,60.93
2022-07-23 01:00:00,52.08,52.05,52.11,52.04,51.51,52.04,52.32,52.05,52.12,52.05,52.06,52.08,52.06,52.04,53.43
2022-07-23 02:00:00,50.52,50.49,50.53,50.52,49.96,50.46,50.66,50.46,50.51,50.49,50.46,50.56,50.53,50.46,51.32
2022-07-23 03:00:00,48.04,48.02,48.06,48.01,47.48,48.02,48.2,48.01,48.05,48.02,48.01,48.04,48.02,48.03,48.81
2022-07-23 04:00:00,45.29,45.28,45.33,45.25,44.77,45.3,45.48,45.29,45.32,45.28,45.3,45.26,45.25,45.32,46.08
2022-07-23 05:00:00,45.02,45.0,45.04,44.99,44.92,45.02,45.17,45.02,45.04,45.0,45.03,44.99,44.98,45.03,45.58
2022-07-23 06:00:00,52.05,52.04,52.06,52.03,52.01,52.04,52.13,52.05,52.06,52.04,52.05,52.03,52.03,52.08,52.33
2022-07-23 07:00:00,51.57,51.37,51.52,51.67,51.55,51.41,51.65,51.41,51.43,51.37,51.42,51.68,51.99,51.45,51.81
2022-07-23 08:00:00,52.94,52.94,52.94,52.95,52.94,52.92,52.93,52.92,52.93,52.94,52.92,52.96,52.96,52.98,52.95
2022-07-23 09:00:00,54.42,54.41,54.23,54.73,54.15,54.05,53.73,54.09,54.21,54.46,54.05,54.93,54.91,54.4,53.86
2022-07-23 10:00:00,60.9,60.94,60.67,61.35,60.93,60.14,60.26,60.78,60.6,61.06,60.63,61.64,61.48,60.86,60.83
2022-07-23 11:00:00,69.07,69.82,68.98,69.35,69.12,68.22,68.51,70.29,69.44,70.05,69.09,69.48,69.4,69.26,69.34
2022-07-23 12:00:00,84.53,85.24,84.08,85.58,85.3,82.35,83.14,88.0,83.7,85.34,85.06,85.85,85.68,84.39,85.04
2022-07-23 13:00:00,92.22,92.83,90.94,95.52,94.26,84.96,90.43,98.83,86.3,92.94,97.13,96.09,100.13,86.74,94.24
2022-07-23 14:00:00,129.28,128.16,126.83,135.98,133.92,114.29,128.88,144.38,120.3,128.42,143.93,137.24,138.01,111.63,134.11
2022-07-23 15:00:00,137.3,136.48,133.99,146.86,143.38,115.0,137.61,159.64,130.4,136.98,150.95,148.36,152.88,111.8,143.58
2022-07-23 16:00:00,133.41,130.4,128.42,147.25,140.84,102.02,134.03,181.31,121.4,130.6,213.04,149.95,153.27,97.99,141.38
2022-07-23 17:00:00,118.28,116.69,113.64,131.07,122.57,89.28,117.52,168.66,114.14,116.9,201.43,132.67,134.66,84.6,122.83
2022-07-23 18:00:00,97.25,96.5,93.43,107.12,96.23,75.97,94.14,136.84,91.76,96.25,162.07,108.62,111.46,71.7,97.11
2022-07-23 19:00:00,96.39,95.21,94.03,103.0,95.41,81.51,96.41,115.25,96.1,95.14,119.3,103.68,106.52,73.27,97.59
2022-07-23 20:00:00,94.92,94.47,94.12,97.76,94.86,87.63,96.63,103.13,97.61,94.39,103.63,98.14,98.59,79.01,98.31
2022-07-23 21:00:00,80.37,80.22,80.18,81.43,80.93,77.37,81.69,81.92,82.3,80.18,81.53,81.53,81.43,73.04,82.49
2022-07-23 22:00:00,69.07,69.01,69.04,69.4,68.98,68.03,69.72,69.45,69.92,69.0,69.53,69.42,69.38,66.33,70.46
2022-07-23 23:00:00,55.39,55.36,55.36,55.65,55.18,54.62,55.82,55.65,56.06,55.35,55.7,55.69,55.65,53.35,56.38
2022-07-24 00:00:00,61.98,61.97,62.01,62.07,60.48,61.53,62.49,62.27,62.61,61.96,62.33,62.09,62.05,60.55,63.26
2022-07-24 01:00:00,54.83,54.8,54.82,55.0,53.8,54.26,55.2,54.99,55.33,54.79,55.01,55.06,55.01,53.26,55.81
2022-07-24 02:00:00,49.49,49.47,49.49,49.57,48.87,49.24,49.68,49.51,49.66,49.46,49.51,49.62,49.59,48.85,50.08
2022-07-24 03:00:00,45.03,45.02,45.05,45.02,44.49,45.01,45.15,45.01,45.04,45.02,45.01,45.04,45.03,45.03,45.46
2022-07-24 04:00:00,44.64,44.63,44.66,44.62,44.29,44.63,44.77,44.63,44.65,44.63,44.63,44.63,44.62,44.64,45.09
2022-07-24 05:00:00,43.26,43.25,43.28,43.22,43.03,43.26,43.4,43.26,43.28,43.25,43.27,43.22,43.22,43.27,43.68
2022-07-24 06:00:00,52.04,52.03,52.06,52.03,51.96,52.04,52.12,52.04,52.05,52.03,52.05,52.02,52.03,52.05,52.28
2022-07-24 07:00:00,49.13,49.12,49.15,49.11,49.09,49.13,49.22,49.13,49.14,49.12,49.14,49.11,49.11,49.14,49.38
2022-07-24 08:00:00,49.62,49.62,49.61,49.65,49.62,49.57,49.59,49.59,49.6,49.61,49.58,49.68,49.67,49.59,49.58
2022-07-24 09:00:00,50.74,50.74,50.49,51.15,50.42,50.31,49.74,50.2,50.38,50.75,50.02,51.58,51.34,50.49,49.45
2022-07-24 10:00:00,57.65,57.56,57.39,58.18,57.68,56.76,57.05,57.17,57.06,57.61,56.94,58.57,58.36,56.66,57.26
2022-07-24 11:00:00,62.82,62.75,62.76,63.06,63.15,62.2,63.03,63.73,62.73,62.74,63.18,63.09,63.07,61.91,63.52
2022-07-24 12:00:00,79.5,79.87,79.25,80.22,80.08,77.79,79.1,80.83,79.35,79.88,80.16,80.43,80.27,77.18,80.36
2022-07-24 13:00:00,92.33,93.85,91.62,94.76,94.07,85.67,92.2,102.98,86.51,94.55,104.18,95.16,94.83,82.62,94.17
2022-07-24 14:00:00,101.68,102.85,100.55,105.62,104.9,91.05,102.67,116.12,95.79,103.55,117.8,106.37,105.75,84.35,105.55
2022-07-24 15:00:00,115.49,116.14,113.76,121.42,120.22,99.89,117.6,133.57,109.6,116.29,135.33,122.52,121.98,91.76,121.69
2022-07-24 16:00:00,121.59,120.46,118.97,129.86,127.19,101.29,124.26,158.42,111.61,121.01,163.19,131.37,131.47,91.77,128.75
2022-07-24 17:00:00,114.02,112.61,111.48,122.25,119.88,93.61,117.46,154.22,103.55,113.11,158.76,123.75,123.49,84.91,121.43
2022-07-24 18:00:00,95.64,94.41,93.91,101.46,99.79,80.99,98.8,124.41,93.49,94.12,120.47,102.45,102.48,73.75,101.39
2022-07-24 19:00:00,103.05,102.46,102.19,106.72,106.72,92.05,107.54,116.36,107.57,102.26,116.04,108.02,106.66,77.9,108.32
2022-07-24 20:00:00,104.03,103.43,103.65,106.41,106.38,96.61,108.15,110.71,110.7,103.27,108.53,107.11,106.31,84.19,110.04
2022-07-24 21:00:00,88.49,88.23,88.37,89.69,89.42,84.65,90.91,91.43,91.56,88.16,90.6,89.65,89.6,78.27,92.25
2022-07-24 22:00:00,71.08,70.95,71.14,71.42,71.02,69.69,72.5,71.64,72.35,70.93,71.77,71.38,71.37,67.15,74.02
2022-07-24 23:00:00,62.81,62.73,62.85,63.0,62.69,61.99,63.66,63.14,63.56,62.71,63.22,62.98,62.97,60.54,64.48
2022-07-25 00:00:00,60.45,60.43,60.5,60.48,59.94,60.2,60.87,60.61,60.83,60.42,60.65,60.48,60.47,59.67,61.5
2022-07-25 01:00:00,56.59,56.57,56.62,56.62,56.28,56.4,56.88,56.67,56.81,56.57,56.69,56.63,56.62,56.07,57.35
2022-07-25 02:00:00,50.32,50.29,50.35,50.28,50.06,50.29,50.53,50.31,50.35,50.29,50.32,50.3,50.29,50.28,50.99
2022-07-25 03:00:00,45.82,45.8,45.83,45.81,45.63,45.78,45.94,45.79,45.82,45.8,45.79,45.84,45.82,45.77,46.24
2022-07-25 04:00:00,47.54,47.53,47.56,47.51,47.35,47.54,47.67,47.54,47.56,47.53,47.55,47.53,47.51,47.55,48.01
2022-07-25 05:00:00,50.85,50.84,50.88,50.82,50.79,50.85,51.0,50.85,50.87,50.84,50.86,50.82,50.82,50.86,51.31
2022-07-25 06:00:00,57.54,57.53,57.55,57.53,57.49,57.53,57.61,57.53,57.54,57.53,57.53,57.53,57.53,57.54,57.8
2022-07-25 07:00:00,56.23,56.22,56.24,56.22,56.18,56.22,56.28,56.22,56.23,56.22,56.22,56.23,56.22,56.24,56.42
2022-07-25 08:00:00,55.58,55.63,55.55,55.58,55.41,55.67,55.33,55.78,55.68,55.64,55.57,55.62,55.6,55.77,55.25
2022-07-25 09:00:00,54.8,55.09,54.55,55.02,53.25,55.06,53.02,55.14,55.1,55.13,54.88,55.16,55.08,55.42,52.89
2022-07-25 10:00:00,67.83,68.2,67.65,68.02,66.93,67.84,66.55,68.77,68.18,68.21,67.84,68.35,68.71,68.29,66.26
2022-07-25 11:00:00,78.97,79.27,78.95,79.0,78.85,78.91,78.62,79.41,79.0,79.33,79.17,79.03,79.0,79.22,78.82
2022-07-25 12:00:00,101.2,101.46,101.14,101.41,101.37,100.58,101.13,102.19,100.74,101.64,101.32,101.58,101.41,100.95,101.53
2022-07-25 13:00:00,103.38,104.54,103.13,104.21,104.09,101.03,102.74,107.22,100.59,104.82,107.0,104.38,104.2,101.48,105.42
2022-07-25 14:00:00,148.23,149.38,147.41,151.12,150.65,140.27,148.88,154.67,144.18,149.63,155.4,151.33,151.12,138.22,152.06
2022-07-25 15:00:00,187.14,188.35,185.83,192.06,191.69,173.37,189.53,201.47,185.84,188.35,203.13,192.47,192.0,166.41,193.79
2022-07-25 16:00:00,180.97,181.4,178.98,188.23,187.77,161.15,185.16,204.08,179.27,181.65,206.83,189.08,188.14,146.38,190.72
2022-07-25 17:00:00,160.79,160.27,158.77,168.46,168.41,139.77,166.57,184.49,163.61,160.42,187.06,169.56,168.31,116.69,170.75
2022-07-25 18:00:00,120.97,120.42,119.69,126.29,126.63,105.98,126.06,138.52,127.6,120.43,137.31,127.28,126.22,88.19,128.06
2022-07-25 19:00:00,107.66,106.77,106.89,111.33,111.76,96.84,112.63,117.72,118.14,106.53,114.73,111.62,111.25,78.28,113.48
2022-07-25 20:00:00,100.43,99.89,100.14,102.35,102.25,94.49,103.82,104.91,106.17,99.76,103.97,102.63,102.24,83.33,105.38
2022-07-25 21:00:00,83.12,82.95,83.07,83.83,83.7,80.77,84.73,84.08,85.16,82.91,84.27,83.82,83.78,76.41,86.14
2022-07-25 22:00:00,72.12,72.24,72.2,72.2,71.7,71.45,72.93,72.26,72.42,72.24,72.33,72.2,72.18,70.24,74.18
2022-07-25 23:00:00,64.64,64.59,64.7,64.63,64.25,64.46,65.14,64.73,64.89,64.59,64.77,64.64,64.61,64.16,65.91
2022-07-26 00:00:00,56.28,56.21,56.24,56.39,55.67,56.01,56.36,56.05,56.14,56.2,56.01,56.54,56.47,55.94,57.06
2022-07-26 01:00:00,53.54,53.48,53.49,53.66,52.88,53.3,53.51,53.29,53.35,53.47,53.24,53.81,53.75,53.29,54.01
2022-07-26 02:00:00,50.69,50.63,50.66,50.78,50.18,50.5,50.74,50.45,50.5,50.62,50.4,50.91,50.86,50.5,51.32
2022-07-26 03:00:00,45.76,45.72,45.73,45.85,45.26,45.61,45.75,45.56,45.61,45.71,45.52,45.96,45.92,45.62,46.15
2022-07-26 04:00:00,45.73,45.69,45.72,45.76,45.31,45.62,45.8,45.59,45.62,45.69,45.57,45.84,45.8,45.64,46.19
2022-07-26 05:00:00,48.78,48.77,48.81,48.73,48.36,48.8,48.96,48.79,48.81,48.77,48.8,48.73,48.73,48.82,49.34
2022-07-26 06:00:00,56.15,56.14,56.18,56.12,55.93,56.15,56.3,56.34,56.17,56.14,56.11,56.12,56.12,56.18,56.57
2022-07-26 07:00:00,54.79,54.73,54.8,54.8,54.67,54.68,55.0,55.98,54.78,54.73,55.01,54.8,54.8,54.82,55.31
2022-07-26 08:00:00,53.26,53.27,53.2,53.35,53.01,53.19,52.98,54.21,54.14,53.27,53.46,53.39,53.39,53.43,53.0
2022-07-26 09:00:00,56.14,56.29,55.79,56.55,54.35,56.12,54.19,58.41,58.33,56.3,56.73,56.76,57.03,56.8,54.13
2022-07-26 10:00:00,66.94,66.51,66.21,68.08,64.82,65.9,64.37,70.23,68.83,66.48,67.26,68.13,69.28,66.74,64.49
2022-07-26 11:00:00,79.34,79.63,79.25,79.46,79.17,79.19,78.74,80.53,79.92,79.63,79.71,79.47,79.49,79.57,79.27
2022-07-26 12:00:00,94.94,96.22,94.68,95.55,95.31,93.45,93.48,95.9,93.66,96.1,95.91,95.73,95.65,93.57,97.55
2022-07-26 13:00:00,109.56,110.36,108.87,111.29,111.04,105.71,108.13,117.66,105.07,110.37,119.04,111.53,111.3,103.97,114.15
2022-07-26 14:00:00,156.0,154.99,154.01,161.75,160.73,142.72,156.59,180.11,148.13,155.05,184.44,162.3,162.03,132.57,164.92
2022-07-26 15:00:00,182.24,181.05,179.22,191.34,189.71,160.4,184.09,220.52,171.71,180.64,226.44,192.0,192.36,143.84,196.23
2022-07-26 16:00:00,175.89,173.43,172.02,187.9,186.15,146.71,180.02,239.21,164.55,173.48,249.36,189.0,188.81,122.63,192.78
2022-07-26 17:00:00,144.04,141.98,141.1,153.56,153.46,120.29,148.58,199.81,151.88,142.01,196.97,154.47,153.83,99.71,160.66
2022-07-26 18:00:00,113.33,112.12,111.41,119.94,119.61,96.31,117.27,146.99,118.32,111.96,146.16,120.64,121.49,80.74,123.1
2022-07-26 19:00:00,109.99,108.78,108.92,114.55,114.67,97.09,115.27,128.4,119.31,108.53,122.61,114.89,114.65,77.41,116.58
2022-07-26 20:00:00,102.44,101.63,101.95,105.02,104.94,94.75,106.38,114.42,108.35,101.45,109.95,105.21,104.93,82.19,108.18
2022-07-26 21:00:00,82.71,82.47,82.63,83.43,83.4,80.36,84.29,84.36,85.17,82.42,84.08,83.44,83.39,75.89,85.68
2022-07-26 22:00:00,69.19,69.08,69.3,69.25,68.75,68.53,70.34,69.47,69.9,69.07,69.58,69.25,69.22,67.28,72.19
2022-07-26 23:00:00,61.0,60.94,61.06,61.0,60.52,60.7,61.6,61.11,61.31,60.94,61.17,61.01,60.99,60.19,62.61
2022-07-27 00:00:00,59.39,59.36,59.39,59.41,59.3,59.3,59.49,59.34,59.38,59.36,59.32,59.45,59.44,59.27,59.8
2022-07-27 01:00:00,55.06,55.03,55.04,55.11,54.93,54.96,55.07,54.98,55.01,55.03,54.97,55.15,55.18,54.96,55.3
2022-07-27 02:00:00,50.8,50.78,50.81,50.8,50.7,50.76,50.88,50.77,50.79,50.78,50.76,50.82,50.83,50.76,51.14
2022-07-27 03:00:00,47.76,47.75,47.76,47.78,47.69,47.72,47.81,47.72,47.74,47.75,47.72,47.79,47.81,47.72,48.04
2022-07-27 04:00:00,48.66,48.65,48.67,48.65,48.6,48.64,48.74,48.63,48.65,48.65,48.63,48.67,48.67,48.66,48.95
2022-07-27 05:00:00,51.68,51.66,51.7,51.65,51.63,51.68,51.79,51.67,51.68,51.67,51.67,51.66,51.65,51.69,52.03
2022-07-27 06:00:00,59.25,59.26,59.25,59.24,59.18,59.25,59.25,59.25,59.66,59.26,59.14,59.26,59.25,59.32,59.33
2022-07-27 07:00:00,60.55,60.57,60.56,60.53,60.48,60.56,60.57,60.58,61.39,60.57,60.5,60.53,60.52,60.67,60.66
2022-07-27 08:00:00,57.78,57.94,57.72,57.78,57.4,58.03,57.12,57.91,59.55,57.95,57.77,57.86,57.81,58.39,56.83
2022-07-27 09:00:00,55.69,56.19,55.55,55.53,54.46,56.84,53.66,56.03,58.09,56.21,55.76,55.73,55.6,57.53,52.81
2022-07-27 10:00:00,67.56,67.79,67.39,67.71,67.1,67.72,66.34,67.63,70.38,67.8,67.55,67.91,67.8,68.29,66.12
2022-07-27 11:00:00,93.22,93.34,93.18,93.26,93.21,93.29,92.83,93.48,93.33,93.34,93.29,93.28,93.26,93.4,93.6
2022-07-27 12:00:00,110.17,111.27,109.99,110.66,110.54,108.9,109.12,111.41,108.82,111.16,110.79,110.73,110.74,109.14,112.46
2022-07-27 13:00:00,126.31,127.28,125.61,128.35,128.05,121.29,125.53,134.39,122.0,127.2,133.86,128.54,128.3,119.06,131.1
2022-07-27 14:00:00,165.71,167.27,164.07,170.62,169.92,153.51,164.87,184.73,155.74,166.82,186.69,171.12,170.64,147.15,175.88
2022-07-27 15:00:00,207.85,207.22,205.47,214.72,214.1,191.78,208.15,232.06,199.99,207.16,231.24,215.44,214.75,181.56,221.67
2022-07-27 16:00:00,163.37,160.53,160.25,172.61,172.11,141.63,166.24,223.17,155.39,160.53,198.29,173.13,172.52,132.33,179.7
2022-07-27 17:00:00,136.24,133.35,133.4,144.8,144.97,115.93,139.51,197.8,135.41,133.35,163.98,145.31,144.92,104.85,153.06
2022-07-27 18:00:00,106.79,105.37,105.34,111.44,111.07,95.44,109.11,142.56,111.46,105.11,118.77,112.06,112.42,88.79,114.8
2022-07-27 19:00:00,107.22,106.47,106.53,110.02,110.04,99.5,110.13,117.66,114.15,106.29,112.58,110.25,110.41,87.53,111.13
2022-07-27 20:00:00,109.27,108.53,108.89,111.28,111.53,103.2,112.55,118.3,114.94,108.38,113.8,111.38,111.23,92.81,114.44
2022-07-27 21:00:00,90.98,90.79,90.92,91.54,91.56,89.21,92.15,92.97,92.46,90.76,92.12,91.55,91.51,86.18,93.09
2022-07-27 22:00:00,72.46,72.37,72.51,72.6,72.52,71.73,73.36,72.73,73.13,72.36,72.81,72.58,72.57,70.44,74.42
2022-07-27 23:00:00,67.64,67.63,67.66,67.76,67.69,67.13,68.12,67.78,68.01,67.62,67.82,67.76,67.75,66.33,68.64
2022-07-28 00:00:00,67.24,67.21,67.23,67.29,67.06,67.13,67.31,67.19,67.26,67.2,67.19,67.31,67.38,67.06,67.7
2022-07-28 01:00:00,56.54,56.51,56.53,56.58,56.38,56.45,56.57,56.48,56.53,56.51,56.48,56.6,56.66,56.43,56.87
2022-07-28 02:00:00,57.03,57.0,57.02,57.07,56.86,56.95,57.06,57.0,57.05,57.0,57.0,57.08,57.16,56.92,57.33
2022-07-28 03:00:00,53.27,53.26,53.26,53.3,53.12,53.23,53.27,53.24,53.26,53.25,53.24,53.31,53.37,53.25,53.47
2022-07-28 04:00:00,55.65,55.64,55.65,55.65,55.53,55.63,55.66,55.63,55.65,55.64,55.64,55.65,55.69,55.66,55.84
2022-07-28 05:00:00,59.12,59.11,59.12,59.13,59.02,59.11,59.15,59.11,59.12,59.11,59.11,59.12,59.17,59.14,59.31
2022-07-28 06:00:00,62.85,62.84,62.85,62.85,62.75,62.84,62.87,62.83,62.84,62.84,62.76,62.84,62.9,62.87,62.98
2022-07-28 07:00:00,68.91,68.9,68.92,68.89,68.87,68.91,68.98,68.91,68.91,68.9,68.83,68.89,68.89,68.94,69.09
2022-07-28 08:00:00,64.64,64.68,64.62,64.64,64.56,64.67,64.5,64.79,64.69,64.68,64.6,64.65,64.64,64.77,64.41
2022-07-28 09:00:00,64.37,64.5,64.23,64.55,64.05,64.22,63.67,64.89,64.43,64.5,64.15,64.71,64.6,64.48,63.33
2022-07-28 10:00:00,71.44,71.78,71.38,71.55,71.25,71.17,71.01,72.03,71.87,71.78,71.41,71.59,71.55,71.32,70.89
2022-07-28 11:00:00,90.12,90.32,90.04,90.28,90.24,89.76,89.82,91.09,89.68,90.29,90.3,90.3,90.27,89.9,90.74
2022-07-28 12:00:00,111.03,111.34,110.73,111.94,111.9,108.72,110.91,118.8,109.17,111.24,116.89,112.06,111.91,107.65,113.2
2022-07-28 13:00:00,153.08,156.0,152.2,156.67,156.76,142.2,153.92,163.82,154.53,155.31,160.11,156.73,156.67,130.41,160.92
2022-07-28 14:00:00,203.18,202.68,200.51,212.45,212.72,178.62,208.29,236.29,210.59,201.65,218.46,212.6,212.42,153.36,219.43
2022-07-28 15:00:00,233.81,230.53,230.17,245.8,246.38,203.55,240.8,287.74,242.33,229.77,263.98,246.1,245.73,174.8,255.35
2022-07-28 16:00:00,188.32,184.5,184.15,202.23,202.61,152.98,196.91,278.18,198.68,183.62,248.2,202.67,202.08,125.98,211.13
2022-07-28 17:00:00,148.03,143.68,144.62,159.43,161.26,119.49,155.86,250.35,168.9,142.88,180.59,160.02,159.3,103.26,171.98
2022-07-28 18:00:00,128.7,125.72,126.64,136.54,137.93,107.7,136.6,188.66,149.78,125.15,149.96,136.93,136.44,89.19,142.16
2022-07-28 19:00:00,137.95,136.08,136.61,144.0,145.15,120.43,145.94,162.24,162.0,135.67,150.81,144.23,143.9,91.19,146.75
2022-07-28 20:00:00,125.07,123.5,124.19,129.39,130.14,112.34,131.52,142.04,138.74,123.18,134.29,129.49,129.29,89.28,133.22
2022-07-28 21:00:00,93.0,92.46,92.7,94.82,95.0,87.42,96.1,98.96,98.4,92.32,96.69,94.84,94.76,78.21,97.47
2022-07-28 22:00:00,74.59,74.46,74.65,74.95,74.86,73.05,76.15,75.17,75.91,74.44,75.34,74.92,74.9,70.72,77.95
2022-07-28 23:00:00,68.98,68.91,69.03,69.06,68.98,68.42,69.75,69.19,69.5,68.9,69.26,69.05,69.04,67.99,70.82
2022-07-29 00:00:00,68.97,68.96,69.0,69.0,68.97,68.76,69.27,69.05,69.16,68.96,69.09,69.0,68.99,69.01,69.77
2022-07-29 01:00:00,61.21,61.21,61.25,61.18,61.16,61.13,61.49,61.24,61.28,61.21,61.28,61.17,61.17,61.58,62.49
2022-07-29 02:00:00,57.76,57.75,57.78,57.74,57.7,57.72,57.93,57.77,57.8,57.75,57.78,57.74,57.73,57.95,58.3
2022-07-29 03:00:00,55.53,55.52,55.55,55.52,55.5,55.51,55.64,55.53,55.55,55.52,55.54,55.52,55.51,55.58,55.89
2022-07-29 04:00:00,57.46,57.45,57.48,57.44,57.42,57.45,57.57,57.46,57.47,57.45,57.46,57.43,57.43,57.49,57.82
2022-07-29 05:00:00,60.54,60.53,60.56,60.52,60.5,60.54,60.64,60.54,60.55,60.53,60.54,60.52,60.52,60.54,60.85
2022-07-29 06:00:00,66.01,66.02,66.03,66.0,65.99,65.96,66.12,66.02,66.01,66.02,66.03,66.0,66.0,66.41,66.3
2022-07-29 07:00:00,75.14,75.15,75.15,75.14,75.12,75.09,75.23,75.15,75.15,75.16,75.16,75.14,75.14,75.52,75.39
2022-07-29 08:00:00,72.89,72.92,72.88,72.91,72.9,72.8,72.9,72.89,72.87,72.93,72.98,72.91,72.91,73.31,72.9
2022-07-29 09:00:00,68.21,68.33,68.19,68.3,68.28,67.86,68.27,68.2,68.17,68.36,68.73,68.3,68.3,68.63,68.26
2022-07-29 10:00:00,73.28,73.41,73.26,73.39,73.36,72.87,73.36,73.34,73.21,73.45,73.96,73.39,73.39,73.53,73.38
2022-07-29 11:00:00,91.71,92.18,91.65,91.91,91.9,91.05,91.48,92.37,91.41,92.1,91.73,91.91,91.92,90.91,92.58
2022-07-29 12:00:00,110.19,109.6,109.64,112.04,112.12,105.51,111.4,116.1,112.51,109.38,112.63,112.07,112.03,99.71,113.3
2022-07-29 13:00:00,147.54,146.57,145.93,152.78,152.92,134.34,150.04,162.81,150.76,146.05,159.84,152.88,152.74,117.86,157.1
2022-07-29 14:00:00,181.2,178.63,178.21,190.79,191.39,157.43,185.98,206.97,192.32,177.81,194.72,191.0,190.74,127.85,200.03
2022-07-29 15:00:00,201.1,197.95,197.64,212.36,213.27,172.88,207.36,233.91,225.9,197.12,219.36,212.62,212.32,139.32,223.36
2022-07-29 16:00:00,166.55,162.63,163.08,177.62,178.81,138.96,173.13,218.9,192.77,161.82,185.59,178.47,177.62,112.63,188.92
2022-07-29 17:00:00,134.78,131.52,131.8,144.31,145.87,111.33,140.05,189.46,160.75,130.84,154.46,144.68,144.23,90.83,156.82
2022-07-29 18:00:00,112.2,109.88,110.53,118.66,119.74,94.78,118.79,150.9,134.11,109.41,127.53,118.93,118.57,75.38,123.11
2022-07-29 19:00:00,117.92,115.92,116.72,123.21,123.96,102.83,124.93,144.52,138.72,115.53,130.41,123.51,123.11,78.91,125.43
2022-07-29 20:00:00,113.83,112.7,113.18,117.22,117.37,103.7,119.11,123.28,129.24,112.45,120.56,117.29,117.14,84.51,120.88
2022-07-29 21:00:00,91.91,91.57,91.73,93.2,92.58,87.85,94.3,96.56,95.64,91.48,94.67,93.2,93.14,81.99,95.6
2022-07-29 22:00:00,82.53,82.45,82.62,82.63,82.54,81.75,83.64,82.82,83.21,82.45,82.92,82.61,82.6,81.22,85.46
2022-07-29 23:00:00,77.26,77.23,77.33,77.28,77.2,76.94,77.86,77.39,77.55,77.23,77.44,77.27,77.26,77.29,78.81
2022-07-30 00:00:00,69.99,69.98,70.0,70.0,69.99,69.86,70.17,70.03,70.08,69.98,70.05,70.0,70.0,70.11,70.45
2022-07-30 01:00:00,63.01,63.0,63.03,63.01,62.99,62.94,63.16,63.03,63.05,63.0,63.04,63.0,63.0,63.18,63.45
2022-07-30 02:00:00,57.76,57.76,57.77,57.75,57.74,57.71,57.87,57.77,57.77,57.76,57.78,57.75,57.75,57.93,58.07
2022-07-30 03:00:00,56.15,56.19,56.16,56.12,56.07,56.21,56.13,56.18,56.37,56.19,56.14,56.12,56.12,56.37,56.24
2022-07-30 04:00:00,55.97,56.0,55.99,55.94,55.9,56.03,56.0,55.99,56.15,56.0,55.96,55.94,55.94,56.14,56.17
2022-07-30 05:00:00,57.08,57.09,57.1,57.06,57.03,57.11,57.14,57.09,57.18,57.09,57.08,57.06,57.06,57.15,57.31
2022-07-30 06:00:00,55.54,55.56,55.55,55.54,55.52,55.46,55.62,55.57,55.75,55.56,55.58,55.54,55.54,56.05,55.77
2022-07-30 07:00:00,57.08,57.12,57.09,57.08,57.04,57.02,57.14,57.13,57.92,57.12,57.14,57.08,57.08,57.62,57.28
2022-07-30 08:00:00,60.5,60.65,60.5,60.42,60.26,60.76,60.17,60.62,61.23,60.66,60.52,60.41,60.4,61.34,60.1
2022-07-30 09:00:00,60.52,60.65,60.52,60.48,60.36,60.66,60.3,60.62,61.04,60.66,60.56,60.47,60.47,61.27,60.24
2022-07-30 10:00:00,66.66,66.75,66.66,66.65,66.6,66.65,66.58,66.72,68.01,66.78,66.73,66.65,66.65,66.88,66.55
2022-07-30 11:00:00,81.26,81.81,81.21,81.44,81.39,80.63,80.96,81.73,80.91,81.77,81.12,81.44,81.45,80.77,81.63
2022-07-30 12:00:00,91.7,91.54,91.32,92.53,92.39,90.18,91.03,92.19,90.41,91.62,91.25,92.52,92.55,90.49,93.1
2022-07-30 13:00:00,108.91,108.64,107.99,111.11,110.98,104.57,107.62,111.33,106.47,108.82,111.69,111.18,111.21,104.03,114.83
2022-07-30 14:00:00,134.02,133.24,131.9,139.46,139.37,122.52,132.37,139.59,132.45,133.68,140.2,139.79,139.85,116.11,148.98
2022-07-30 15:00:00,156.0,154.69,152.86,165.4,165.41,133.53,157.83,179.88,155.83,155.06,182.35,166.04,165.95,118.03,175.79
2022-07-30 16:00:00,147.14,146.11,143.94,157.1,157.08,122.45,150.08,187.46,152.76,146.28,190.71,157.94,157.64,102.27,167.1
2022-07-30 17:00:00,130.57,129.46,127.78,139.36,139.94,108.8,133.49,173.56,137.53,129.42,173.23,139.83,139.51,91.17,150.25
2022-07-30 18:00:00,111.57,110.42,109.93,117.77,118.29,94.86,116.68,143.39,120.14,110.25,137.14,117.95,117.69,80.56,121.68
2022-07-30 19:00:00,107.48,106.47,106.58,111.49,111.98,96.07,112.29,121.65,116.71,106.35,119.15,111.61,111.45,80.56,112.74
2022-07-30 20:00:00,108.75,108.08,108.26,111.24,111.52,101.48,112.26,116.81,114.57,107.98,115.6,111.27,111.16,89.48,113.8
2022-07-30 21:00:00,86.36,86.17,86.24,87.12,87.21,84.06,87.6,88.89,88.47,86.15,87.84,87.11,87.09,81.41,88.21
2022-07-30 22:00:00,69.9,69.85,69.95,70.0,69.95,69.39,70.55,70.1,70.39,69.85,70.18,69.98,69.98,69.39,71.63
2022-07-30 23:00:00,68.56,68.53,68.57,68.65,68.61,68.17,68.95,68.7,68.9,68.53,68.75,68.64,68.63,68.31,69.43
2022-07-31 00:00:00,65.48,65.88,65.5,65.22,64.63,66.4,64.47,65.79,67.82,65.9,65.23,65.23,65.22,66.47,64.52
2022-07-31 01:00:00,65.23,65.7,65.23,64.95,64.21,66.34,63.91,65.5,67.86,65.72,64.8,64.97,64.97,66.46,63.75
2022-07-31 02:00:00,56.29,56.87,56.31,55.91,55.06,57.69,54.77,56.68,59.51,56.89,55.88,55.9,55.91,57.81,54.62
2022-07-31 03:00:00,53.94,54.76,53.97,53.35,52.22,55.97,51.78,54.52,58.55,54.79,53.38,53.32,53.32,56.14,51.51
2022-07-31 04:00:00,52.23,53.25,52.27,51.5,50.11,54.76,49.56,52.99,57.9,53.29,51.61,51.45,51.47,54.94,49.23
2022-07-31 05:00:00,50.84,51.87,50.88,50.1,48.71,53.42,48.15,51.61,56.6,51.92,50.23,50.04,50.07,53.64,47.83
2022-07-31 06:00:00,56.43,57.0,56.37,56.03,54.7,58.2,54.25,56.83,60.54,57.03,55.78,55.99,56.43,58.74,53.92
2022-07-31 07:00:00,55.26,55.84,55.25,54.81,53.73,57.08,53.27,55.72,59.44,55.87,54.65,54.78,55.08,57.62,52.91
2022-07-31 08:00:00,56.21,57.58,56.19,55.35,53.41,59.54,52.29,57.24,63.55,57.63,55.62,55.39,55.3,60.43,51.5
2022-07-31 09:00:00,57.56,60.65,57.19,56.33,50.9,63.71,48.06,61.67,69.84,60.75,63.24,56.34,56.17,64.89,46.16
2022-07-31 10:00:00,58.96,62.31,58.56,57.75,52.05,65.15,49.04,64.29,70.38,62.42,68.51,57.74,57.55,66.15,46.96
2022-07-31 11:00:00,70.5,73.95,70.31,69.11,64.42,76.35,61.82,77.74,79.86,74.06,85.93,69.09,68.92,77.64,60.12
2022-07-31 12:00:00,82.46,83.85,82.32,82.02,80.33,84.59,78.83,85.67,85.98,83.88,88.47,82.0,81.9,85.16,79.09
2022-07-31 13:00:00,94.14,94.77,93.75,94.7,93.77,93.68,91.87,99.09,94.78,94.83,99.05,94.87,94.83,94.85,94.88
2022-07-31 14:00:00,108.18,108.41,106.92,110.8,110.3,103.64,104.84,121.18,107.71,108.59,119.58,110.88,110.81,104.24,117.3
2022-07-31 15:00:00,137.0,136.5,135.18,141.42,141.0,128.07,134.73,150.53,137.61,136.86,150.38,141.72,141.68,124.83,149.42
2022-07-31 16:00:00,139.03,137.52,136.69,145.37,145.39,125.0,138.87,167.51,146.28,137.81,154.54,145.87,145.71,115.29,154.87
2022-07-31 17:00:00,131.84,130.47,129.52,138.38,138.53,116.85,132.38,173.97,140.49,130.47,171.47,139.1,138.74,104.99,147.51
2022-07-31 18:00:00,114.84,113.25,113.12,119.94,118.42,102.92,116.38,142.91,125.6,113.16,132.9,120.38,120.81,91.12,120.83
2022-07-31 19:00:00,108.47,107.04,107.6,111.7,111.87,99.97,111.7,128.77,112.71,107.0,121.9,111.91,111.79,92.61,112.48
2022-07-31 20:00:00,100.16,99.73,99.97,101.01,101.08,97.83,101.3,107.13,102.18,99.69,103.44,101.07,101.0,95.35,102.3
2022-07-31 21:00:00,80.05,79.98,80.03,80.18,80.15,79.7,80.25,81.58,80.94,79.98,80.59,80.18,80.16,79.71,80.93
2022-07-31 22:00:00,67.4,67.42,67.43,67.38,67.26,67.33,67.57,67.48,69.02,67.42,67.5,67.38,67.4,67.5,68.18
2022-07-31 23:00:00,64.26,64.39,64.27,64.15,63.88,64.58,63.96,64.36,65.11,64.39,64.23,64.15,64.17,64.59,64.1
2022-08-01 00:00:00,62.86,65.54,62.93,61.05,57.56,69.34,55.81,64.78,77.53,65.63,62.46,61.01,60.92,69.12,54.75
2022-08-01 01:00:00,62.78,66.05,62.87,60.55,56.28,70.72,54.15,65.11,80.86,66.17,62.24,60.47,60.38,70.44,52.87
2022-08-01 02:00:00,55.72,59.62,55.86,53.0,47.98,65.26,45.56,58.51,77.44,59.77,55.0,52.82,52.76,64.95,44.1
2022-08-01 03:00:00,48.44,52.58,48.56,45.56,40.21,58.62,37.49,51.43,71.4,52.74,45.72,45.39,45.33,59.05,35.81
2022-08-01 04:00:00,48.72,52.88,48.87,45.82,40.55,58.94,37.85,51.77,71.78,53.04,46.18,45.62,45.54,59.38,36.16
2022-08-01 05:00:00,54.62,58.29,54.78,52.03,47.49,63.63,45.18,57.35,74.96,58.43,53.62,51.83,51.75,63.68,43.72
2022-08-01 06:00:00,59.87,63.17,60.04,57.49,53.5,68.01,51.49,62.21,78.39,63.3,59.24,57.28,57.2,67.87,50.19
2022-08-01 07:00:00,61.02,64.16,61.18,58.8,55.4,68.61,53.13,63.43,78.23,64.27,60.33,58.56,58.5,68.47,51.88
2022-08-01 08:00:00,61.97,65.54,62.1,59.51,55.64,70.6,52.74,64.66,81.67,65.67,61.05,59.28,59.22,70.48,50.96
2022-08-01 09:00:00,59.93,64.26,60.06,56.98,52.21,70.37,48.61,63.11,83.82,64.42,58.69,56.75,56.65,70.24,46.47
2022-08-01 10:00:00,65.68,69.19,65.77,63.46,59.26,73.54,56.9,69.15,82.84,69.33,67.75,63.24,63.17,73.57,55.21
2022-08-01 11:00:00,78.39,80.48,78.35,77.29,74.73,82.64,72.98,80.83,87.42,80.56,80.28,77.23,77.13,82.72,72.65
2022-08-01 12:00:00,94.29,94.72,93.76,94.97,93.93,93.95,91.41,99.1,94.1,94.74,96.94,95.08,95.06,94.45,93.56
2022-08-01 13:00:00,107.35,107.43,106.58,108.68,108.56,105.75,104.43,114.67,106.72,107.5,109.87,108.8,108.7,106.99,112.49
2022-08-01 14:00:00,135.26,134.78,133.75,138.54,138.86,129.47,132.23,149.4,135.67,134.94,143.86,138.84,138.76,129.19,147.94
2022-08-01 15:00:00,143.15,142.36,141.18,148.42,148.81,131.63,142.32,160.51,147.4,142.64,165.35,148.62,149.39,129.14,158.24
2022-08-01 16:00:00,132.97,130.94,130.43,140.75,141.71,114.32,135.7,176.67,146.54,131.03,164.18,140.98,142.77,106.7,151.7
2022-08-01 17:00:00,120.76,118.35,118.21,128.45,129.35,102.59,123.45,174.57,133.73,118.35,151.7,128.84,129.62,97.88,140.07
2022-08-01 18:00:00,107.81,106.23,106.17,113.98,114.51,91.28,113.18,134.9,118.31,106.23,141.01,114.24,114.74,77.19,118.58
2022-08-01 19:00:00,109.0,107.1,107.81,114.32,114.88,93.89,115.93,126.98,116.01,107.09,146.34,114.55,116.55,78.6,117.15
2022-08-01 20:00:00,97.55,96.67,96.99,100.54,100.76,88.67,102.06,110.05,101.95,96.58,123.62,100.61,100.54,78.02,104.11
2022-08-01 21:00:00,82.07,81.73,81.85,83.42,83.46,77.93,84.34,86.67,87.41,81.68,86.63,83.43,83.37,71.63,85.32
2022-08-01 22:00:00,64.68,64.76,64.74,64.94,64.69,63.45,65.81,65.39,72.53,64.75,65.51,64.93,64.91,62.5,67.16
2022-08-01 23:00:00,64.66,64.69,64.62,65.08,64.79,63.28,65.41,65.29,70.47,64.69,65.39,65.08,65.05,61.83,66.02
2022-08-02 00:00:00,60.69,60.93,60.37,61.17,59.65,60.34,59.04,60.25,62.92,60.93,59.47,61.61,61.46,59.35,59.14
2022-08-02 01:00:00,55.25,55.7,54.8,55.78,53.6,55.2,52.53,54.62,58.68,55.7,53.38,56.42,56.13,54.08,52.55
2022-08-02 02:00:00,51.57,52.27,51.27,51.7,49.81,52.4,48.7,51.29,56.49,52.29,49.84,52.1,51.95,51.49,48.42
2022-08-02 03:00:00,49.32,50.04,49.09,49.3,47.55,50.43,46.56,49.23,53.84,50.07,48.03,49.62,49.51,49.92,46.27
2022-08-02 04:00:00,47.73,48.37,47.51,47.66,46.0,48.95,45.04,47.36,51.76,48.39,46.09,47.99,47.89,48.84,44.77
2022-08-02 05:00:00,51.05,51.62,50.88,50.94,49.63,52.14,48.83,50.81,54.57,51.64,49.73,51.21,51.08,52.03,48.61
2022-08-02 06:00:00,56.69,57.03,56.44,56.9,55.6,56.96,54.87,56.66,57.92,57.04,56.23,57.24,57.14,56.94,54.7
2022-08-02 07:00:00,56.79,57.14,56.5,57.12,55.82,56.8,54.94,57.04,57.44,57.15,56.21,57.49,57.29,56.79,54.64
2022-08-02 08:00:00,53.47,56.79,52.88,53.01,47.56,57.53,44.17,59.43,61.22,56.88,64.15,53.52,53.11,58.09,42.45
2022-08-02 09:00:00,50.64,55.74,48.6,51.66,36.55,55.45,31.54,58.54,60.02,55.98,64.1,52.74,52.05,56.39,29.47
2022-08-02 10:00:00,52.14,57.46,50.63,52.93,42.15,55.32,36.82,59.1,62.15,57.82,64.73,54.22,53.31,55.2,34.73
2022-08-02 11:00:00,58.75,66.02,57.98,58.92,51.34,60.45,46.53,66.33,69.87,66.22,72.33,59.38,58.97,59.82,45.04
2022-08-02 12:00:00,71.88,81.97,70.71,73.73,64.62,68.18,58.95,81.0,76.26,81.97,87.53,74.41,74.19,67.5,58.66
2022-08-02 13:00:00,91.76,100.48,89.71,97.18,88.67,78.07,83.11,99.94,85.3,100.5,101.31,98.41,99.24,77.75,88.2
2022-08-02 14:00:00,94.39,99.64,91.63,101.36,92.42,78.71,86.79,120.1,92.33,99.69,124.02,103.02,104.92,78.09,94.86
2022-08-02 15:00:00,112.62,118.22,108.88,122.61,110.96,89.42,105.28,145.48,111.61,118.37,158.28,124.39,127.52,88.1,114.37
2022-08-02 16:00:00,106.46,108.7,102.15,116.91,104.34,84.68,98.32,141.86,120.37,108.84,119.17,119.18,123.53,85.64,109.88
2022-08-02 17:00:00,102.15,103.77,97.94,112.98,100.6,78.52,96.47,155.96,120.0,103.96,120.96,115.58,119.66,77.88,107.2
2022-08-02 18:00:00,91.31,93.01,88.35,100.0,91.66,70.12,90.28,125.81,96.3,93.16,148.15,101.71,103.91,68.13,92.96
2022-08-02 19:00:00,96.04,95.5,93.92,102.66,97.55,79.84,97.66,115.35,102.58,95.57,125.58,103.74,105.74,68.59,99.41
2022-08-02 20:00:00,91.06,90.92,90.02,95.15,92.6,79.83,94.19,103.96,102.2,90.82,109.76,95.7,96.14,67.11,97.28
2022-08-02 21:00:00,77.57,77.13,76.9,80.08,78.59,71.02,79.36,80.69,85.36,77.08,80.68,80.28,80.48,60.7,80.65
2022-08-02 22:00:00,60.75,60.93,60.52,61.7,60.11,58.3,61.15,61.77,69.24,60.91,61.95,62.0,61.81,55.74,62.14
2022-08-02 23:00:00,60.34,60.33,59.99,61.43,59.66,57.85,60.34,60.64,65.39,60.31,60.49,61.81,61.62,55.61,60.88
2022-08-03 00:00:00,56.98,57.22,56.33,58.22,54.98,55.21,54.68,57.49,59.06,57.2,57.54,58.7,58.57,52.83,55.48
2022-08-03 01:00:00,54.14,54.2,53.22,55.78,51.52,52.13,50.78,53.82,54.53,54.17,53.57,56.51,56.6,50.19,51.0
2022-08-03 02:00:00,47.76,47.91,46.9,49.18,44.65,46.33,44.18,47.49,48.0,47.89,47.24,49.68,49.79,45.02,44.54
2022-08-03 03:00:00,43.07,43.42,42.26,44.26,40.01,42.15,39.23,43.02,43.45,43.4,42.94,44.83,44.72,41.33,39.34
2022-08-03 04:00:00,42.34,42.74,41.5,43.51,38.93,41.62,38.14,42.15,42.91,42.72,41.82,44.07,43.92,40.89,38.23
2022-08-03 05:00:00,46.96,47.52,46.29,47.76,43.5,46.86,43.03,47.42,48.04,47.52,47.39,48.04,47.99,46.19,43.08
2022-08-03 06:00:00,48.42,49.09,47.67,49.31,44.89,48.36,43.92,48.9,49.35,49.08,49.0,49.81,49.58,47.98,43.81
2022-08-03 07:00:00,49.0,49.52,48.22,50.1,46.03,48.27,45.01,49.47,49.58,49.51,49.25,50.66,50.39,47.28,44.87
2022-08-03 08:00:00,47.89,51.31,44.87,51.02,31.19,49.23,27.94,51.82,53.1,51.32,52.81,52.32,51.99,47.64,27.27
2022-08-03 09:00:00,51.11,57.08,45.15,57.75,17.92,52.0,13.76,57.15,59.39,57.66,58.6,59.76,60.37,51.76,13.34
2022-08-03 10:00:00,48.6,56.43,43.83,54.0,20.89,48.31,16.6,57.94,63.59,57.57,62.06,55.18,54.71,49.25,15.5
2022-08-03 11:00:00,56.28,67.15,52.78,61.83,37.84,48.67,33.48,60.92,64.86,67.23,62.04,62.76,63.93,47.95,33.17
2022-08-03 12:00:00,71.86,82.98,68.85,78.2,63.46,58.51,55.7,100.05,68.91,82.92,109.74,79.7,80.99,56.51,54.44
2022-08-03 13:00:00,87.31,96.93,84.51,94.05,82.93,71.62,75.45,105.16,84.09,96.9,110.36,95.28,98.01,68.79,82.13
2022-08-03 14:00:00,105.29,111.39,101.74,115.19,106.37,81.2,99.17,131.3,104.31,111.17,109.86,117.35,119.35,75.33,112.19
2022-08-03 15:00:00,132.05,136.07,127.52,143.93,133.73,105.04,125.04,160.64,137.8,136.17,139.27,146.35,151.75,94.04,143.21
2022-08-03 16:00:00,149.44,151.15,144.43,163.19,154.68,117.65,145.73,199.4,160.82,151.33,164.46,165.57,169.12,102.08,165.73
2022-08-03 17:00:00,144.56,146.19,140.14,157.13,150.78,114.72,142.5,200.55,158.56,146.34,162.6,158.88,164.88,99.48,162.51
2022-08-03 18:00:00,141.46,138.45,138.32,151.2,149.4,117.8,145.84,191.49,163.52,138.54,161.22,152.16,154.16,99.11,156.05
2022-08-03 19:00:00,166.3,163.32,163.76,175.68,174.4,141.34,174.69,201.82,184.16,163.35,183.34,176.57,178.57,109.97,176.71
2022-08-03 20:00:00,119.38,117.32,118.09,125.33,126.42,102.31,127.4,148.88,133.72,117.08,133.62,125.71,125.38,82.04,130.51
2022-08-03 21:00:00,87.31,86.59,86.66,90.52,90.93,77.86,91.69,97.92,96.14,86.49,93.93,90.62,90.46,66.0,94.24
2022-08-03 22:00:00,68.18,67.94,67.92,69.7,69.75,63.67,70.37,70.34,72.52,67.9,70.68,69.79,69.69,56.67,71.74
2022-08-03 23:00:00,64.06,63.89,63.81,65.43,65.39,60.02,65.92,65.82,67.85,63.87,66.04,65.5,65.44,54.02,66.52
2022-08-04 00:00:00,56.99,56.81,56.7,58.2,57.87,53.87,57.92,57.52,58.66,56.78,57.58,58.43,58.31,50.15,58.34
2022-08-04 01:00:00,53.61,53.4,53.3,54.74,54.29,50.87,54.17,54.01,54.75,53.37,53.84,55.07,54.9,47.67,54.55
2022-08-04 02:00:00,48.88,48.7,48.62,49.82,49.44,46.57,49.39,49.26,49.87,48.67,49.11,50.08,49.95,43.87,49.74
2022-08-04 03:00:00,46.61,46.47,46.4,47.24,46.85,45.2,46.67,46.5,46.94,46.45,46.43,47.5,47.38,43.74,46.89
2022-08-04 04:00:00,48.79,48.69,48.63,49.25,48.93,47.83,48.77,48.63,48.92,48.68,48.56,49.47,49.36,46.94,48.89
2022-08-04 05:00:00,52.11,52.05,52.02,52.44,52.27,51.34,52.24,52.09,52.36,52.04,52.07,52.57,52.5,50.47,52.38
2022-08-04 06:00:00,60.32,60.29,60.28,60.53,60.51,59.7,60.6,60.53,60.79,60.29,60.45,60.56,60.54,58.75,60.68
2022-08-04 07:00:00,57.32,57.31,57.27,57.6,57.56,56.54,57.63,57.74,57.6,57.3,57.46,57.61,57.59,55.54,57.7
2022-08-04 08:00:00,53.24,53.23,53.18,53.57,53.53,52.33,53.57,53.72,53.65,53.23,53.54,53.58,53.55,51.23,53.6
2022-08-04 09:00:00,55.39,56.3,55.23,56.57,56.44,51.54,56.5,57.13,56.01,56.32,57.01,56.57,56.54,49.08,56.53
2022-08-04 10:00:00,66.67,69.23,66.5,68.44,68.16,60.17,68.14,71.56,65.84,69.24,68.11,68.41,68.4,57.74,68.17
2022-08-04 11:00:00,86.19,91.74,85.8,89.49,88.78,74.06,87.91,95.7,82.03,91.41,86.67,89.55,89.52,71.22,89.37
2022-08-04 12:00:00,106.0,108.05,104.09,114.34,114.32,81.09,112.86,193.11,99.13,107.45,127.4,114.89,114.23,81.57,116.33
2022-08-04 13:00:00,156.01,163.88,153.71,166.73,167.13,122.14,162.08,212.37,159.44,163.55,172.77,167.46,166.67,99.57,174.83
2022-08-04 14:00:00,268.04,285.21,264.31,287.6,288.03,203.3,281.12,335.77,281.33,286.77,289.25,290.89,287.42,148.02,298.38
2022-08-04 15:00:00,331.05,342.58,325.78,355.79,358.35,253.96,350.79,447.38,369.79,341.49,370.35,363.34,355.25,188.41,371.74
2022-08-04 16:00:00,371.84,378.57,365.46,400.0,403.67,287.25,396.03,497.79,435.3,378.57,422.19,407.38,399.43,205.87,418.82
2022-08-04 17:00:00,318.03,317.7,311.94,344.36,349.98,241.3,344.39,444.6,359.91,317.7,399.18,351.81,353.8,180.11,366.0
2022-08-04 18:00:00,230.3,219.85,226.06,248.04,254.0,181.33,255.01,342.18,280.91,219.34,337.18,250.77,247.92,137.2,262.03
2022-08-04 19:00:00,232.35,218.65,228.67,250.0,259.29,181.6,264.43,348.66,327.41,217.88,316.69,251.54,250.18,145.32,267.79
2022-08-04 20:00:00,169.02,161.0,166.26,180.81,184.36,136.65,186.57,296.96,195.84,160.38,214.16,182.32,184.31,117.48,191.27
2022-08-04 21:00:00,103.62,99.97,102.4,108.68,109.77,90.13,110.82,173.27,107.65,99.69,126.2,109.28,109.78,86.14,112.82
2022-08-04 22:00:00,76.46,75.94,76.34,77.43,77.51,73.48,78.51,84.75,78.28,75.89,79.67,77.44,77.38,70.98,80.19
2022-08-04 23:00:00,71.68,71.45,71.66,72.0,71.99,70.62,72.56,75.3,72.08,71.43,72.93,72.0,71.97,70.1,73.6
2022-08-05 00:00:00,62.8,62.74,62.8,63.0,63.0,62.15,63.29,63.05,63.4,62.74,63.12,62.99,62.99,61.21,63.6
2022-08-05 01:00:00,55.65,55.58,55.64,55.78,55.77,55.18,56.02,55.82,56.08,55.58,55.87,55.77,55.77,54.57,56.28
2022-08-05 02:00:00,52.57,52.54,52.58,52.63,52.61,52.34,52.82,52.67,52.82,52.53,52.7,52.62,52.62,52.04,53.06
2022-08-05 03:00:00,48.83,48.81,48.85,48.83,48.8,48.78,48.97,48.85,48.9,48.81,48.86,48.82,48.82,48.73,49.17
2022-08-05 04:00:00,49.12,49.11,49.14,49.11,49.09,49.11,49.23,49.13,49.15,49.11,49.13,49.11,49.11,49.09,49.41
2022-08-05 05:00:00,52.43,52.42,52.45,52.41,52.39,52.42,52.56,52.44,52.46,52.42,52.44,52.41,52.41,52.4,52.78
2022-08-05 06:00:00,59.93,59.91,59.95,59.9,59.88,59.92,60.05,59.93,59.98,59.91,59.94,59.9,59.9,59.91,60.27
2022-08-05 07:00:00,61.03,61.01,61.05,61.0,60.99,61.05,61.15,60.99,61.34,61.01,61.02,61.0,61.0,61.04,61.35
2022-08-05 08:00:00,65.08,65.07,65.08,65.08,65.08,65.07,65.08,65.07,65.64,65.08,65.08,65.08,65.08,65.1,65.09
2022-08-05 09:00:00,69.66,69.66,69.66,69.67,69.67,69.65,69.67,69.66,69.81,69.67,69.67,69.67,69.67,69.66,69.67
2022-08-05 10:00:00,74.83,74.83,74.84,74.83,74.83,74.84,74.84,74.84,74.84,74.84,74.84,74.83,74.83,74.9,74.87
2022-08-05 11:00:00,91.72,91.74,91.72,91.76,91.75,91.55,91.81,92.46,91.61,91.74,91.89,91.88,91.76,91.68,91.97
2022-08-05 12:00:00,105.4,105.85,105.34,105.66,105.68,104.46,105.39,107.83,104.73,105.81,105.8,106.21,105.64,104.81,106.13
2022-08-05 13:00:00,140.78,140.2,139.82,142.81,143.04,136.93,139.34,149.69,138.9,140.33,142.61,144.14,142.81,137.49,147.85
2022-08-05 14:00:00,182.97,179.06,180.34,190.38,191.47,166.56,185.38,245.37,181.06,179.29,199.84,193.41,190.14,165.32,200.38
2022-08-05 15:00:00,215.47,210.13,211.96,226.36,228.6,189.5,221.85,280.67,229.96,210.39,237.06,230.6,226.1,173.49,239.62
2022-08-05 16:00:00,201.98,194.08,197.73,216.1,219.78,166.95,213.8,324.09,225.49,193.87,243.02,220.2,215.75,148.63,232.06
2022-08-05 17:00:00,166.81,163.23,163.39,177.65,179.71,138.27,174.39,241.59,187.19,162.97,219.73,183.21,177.44,114.16,189.75
2022-08-05 18:00:00,126.95,123.81,124.81,134.8,136.55,105.65,134.98,183.28,147.47,123.47,163.28,137.41,134.61,83.87,141.06
2022-08-05 19:00:00,141.14,138.34,139.75,147.21,148.95,123.18,150.28,164.34,169.21,138.05,155.25,149.39,147.16,96.51,151.46
2022-08-05 20:00:00,107.67,106.19,107.1,110.49,111.03,99.13,112.59,120.38,120.73,106.06,114.66,111.3,110.45,87.08,114.59
2022-08-05 21:00:00,85.54,85.03,85.37,86.55,86.62,82.44,87.45,92.06,88.2,84.99,88.31,86.57,86.51,78.39,88.71
2022-08-05 22:00:00,69.55,69.44,69.63,69.6,69.5,69.11,70.34,69.74,70.07,69.44,69.8,69.58,69.58,68.56,71.6
2022-08-05 23:00:00,65.76,65.69,65.8,65.78,65.73,65.53,66.19,65.86,66.05,65.69,65.9,65.77,65.77,65.3,66.83
2022-08-06 00:00:00,56.1,56.09,56.1,56.13,55.85,56.04,56.14,56.1,56.23,56.09,56.1,56.16,56.15,55.98,56.41
2022-08-06 01:00:00,52.72,52.72,52.71,52.73,52.54,52.72,52.67,52.68,52.86,52.72,52.65,52.78,52.76,52.74,52.9
2022-08-06 02:00:00,51.58,51.59,51.58,51.56,51.39,51.61,51.57,51.55,51.78,51.59,51.51,51.61,51.59,51.63,51.85
2022-08-06 03:00:00,48.35,48.38,48.37,48.31,48.16,48.47,48.31,48.32,48.74,48.38,48.25,48.32,48.32,48.51,48.53
2022-08-06 04:00:00,48.25,48.29,48.27,48.19,48.07,48.41,48.2,48.24,48.71,48.3,48.16,48.19,48.19,48.45,48.4
2022-08-06 05:00:00,49.62,49.67,49.65,49.55,49.45,49.79,49.59,49.64,50.06,49.67,49.57,49.55,49.55,49.83,49.79
2022-08-06 06:00:00,54.8,54.82,54.83,54.75,54.7,54.89,54.85,54.81,55.03,54.82,54.77,54.75,54.75,54.93,55.06
2022-08-06 07:00:00,57.69,57.69,57.71,57.64,57.59,57.75,57.76,57.69,57.86,57.7,57.66,57.64,57.64,57.79,57.97
2022-08-06 08:00:00,62.68,62.71,62.69,62.62,62.53,62.93,62.48,62.76,63.18,62.72,62.76,62.61,62.61,63.1,62.41
2022-08-06 09:00:00,55.06,55.18,55.06,54.99,54.85,55.33,54.76,55.15,55.61,55.19,55.17,54.99,54.98,55.51,54.63
2022-08-06 10:00:00,60.02,60.1,60.02,60.0,59.89,60.14,59.84,60.16,60.22,60.11,60.16,59.99,59.99,60.39,59.74
2022-08-06 11:00:00,73.2,73.21,73.19,73.21,73.2,73.18,73.16,73.3,73.2,73.22,73.26,73.25,73.21,73.35,73.21
2022-08-06 12:00:00,94.39,94.41,94.35,94.44,94.47,94.38,94.18,94.47,94.39,94.42,94.45,94.51,94.43,94.67,94.99
2022-08-06 13:00:00,105.59,105.78,105.2,106.1,106.44,105.39,103.54,106.49,105.61,105.79,105.9,106.34,106.09,105.75,111.05
2022-08-06 14:00:00,107.8,107.5,106.81,110.1,110.43,103.52,106.11,110.54,109.11,107.63,109.87,110.54,110.07,99.24,116.59
2022-08-06 15:00:00,107.06,106.64,105.72,110.64,111.3,99.25,106.36,113.81,111.04,106.7,116.17,111.3,110.57,88.66,119.38
2022-08-06 16:00:00,104.93,104.51,103.49,109.13,109.92,95.12,105.21,114.6,110.14,104.51,117.19,109.89,109.08,83.13,117.96
2022-08-06 17:00:00,94.89,94.11,93.45,99.22,100.0,84.69,95.77,104.88,102.57,94.11,100.54,100.07,99.23,72.68,107.72
2022-08-06 18:00:00,91.79,91.47,91.01,95.04,95.54,82.76,94.77,99.3,99.81,91.34,97.02,95.67,95.03,68.94,97.86
2022-08-06 19:00:00,86.07,85.6,85.68,88.13,88.42,80.03,88.97,89.87,92.04,85.53,89.48,88.35,88.05,69.42,89.4
2022-08-06 20:00:00,81.06,80.83,80.98,81.86,81.9,78.45,82.79,82.23,83.52,80.8,82.38,81.95,81.8,73.96,83.8
2022-08-06 21:00:00,69.77,69.64,69.78,70.17,70.11,68.32,70.98,70.34,71.07,69.63,70.47,70.14,70.13,65.93,71.92
2022-08-06 22:00:00,59.96,59.86,60.02,60.0,59.87,59.57,60.67,60.12,60.42,59.85,60.17,59.98,59.99,59.1,61.59
2022-08-06 23:00:00,55.98,55.91,56.02,56.01,55.89,55.72,56.45,56.09,56.3,55.91,56.13,56.0,56.01,55.41,57.09
2022-08-07 00:00:00,55.36,55.33,55.36,55.36,55.25,55.3,55.45,55.33,55.36,55.33,55.33,55.38,55.39,55.3,55.7
2022-08-07 01:00:00,49.19,49.17,49.2,49.19,49.09,49.16,49.29,49.16,49.18,49.17,49.16,49.2,49.21,49.17,49.56
2022-08-07 02:00:00,47.58,47.56,47.6,47.57,47.39,47.56,47.72,47.56,47.58,47.56,47.56,47.58,47.58,47.59,48.02
2022-08-07 03:00:00,46.31,46.3,46.33,46.28,46.15,46.31,46.44,46.31,46.32,46.3,46.31,46.28,46.28,46.34,46.69
2022-08-07 04:00:00,47.02,47.01,47.04,46.99,46.92,47.03,47.14,47.02,47.03,47.01,47.03,46.99,46.99,47.04,47.37
2022-08-07 05:00:00,48.59,48.57,48.62,48.55,48.52,48.59,48.74,48.59,48.6,48.57,48.59,48.55,48.55,48.62,49.02
2022-08-07 06:00:00,51.52,51.51,51.55,51.49,51.45,51.52,51.67,51.52,51.53,51.51,51.52,51.48,51.48,51.55,51.95
2022-08-07 07:00:00,53.1,53.09,53.13,53.08,53.05,53.11,53.23,53.1,53.11,53.09,53.11,53.08,53.07,53.13,53.45
2022-08-07 08:00:00,54.4,54.4,54.4,54.39,54.39,54.41,54.38,54.4,54.41,54.4,54.4,54.39,54.39,54.43,54.38
2022-08-07 09:00:00,57.14,57.17,57.13,57.14,57.07,57.2,57.03,57.17,57.21,57.17,57.15,57.15,57.14,57.25,56.97
2022-08-07 10:00:00,59.36,59.38,59.36,59.35,59.31,59.42,59.29,59.39,59.44,59.38,59.39,59.35,59.34,59.49,59.25
2022-08-07 11:00:00,68.71,68.72,68.71,68.71,68.71,68.72,68.68,68.72,68.72,68.72,68.72,68.71,68.71,68.78,68.74
2022-08-07 12:00:00,78.75,79.35,78.69,78.93,78.89,78.18,78.31,78.44,78.21,79.32,78.41,78.98,78.94,78.21,79.19
2022-08-07 13:00:00,87.98,89.09,87.66,88.66,88.84,86.56,86.33,88.65,87.74,89.02,88.08,88.88,88.65,85.54,92.61
2022-08-07 14:00:00,97.77,97.55,96.54,100.73,100.94,91.86,96.03,102.32,97.52,97.72,102.57,101.17,100.71,86.29,107.97
2022-08-07 15:00:00,112.63,112.84,111.2,116.67,117.1,103.23,112.07,119.45,114.58,112.94,119.54,117.67,116.64,92.94,124.83
2022-08-07 16:00:00,126.99,125.92,124.78,133.68,134.18,110.77,128.76,147.29,132.93,126.09,149.77,135.13,133.61,90.71,142.27
2022-08-07 17:00:00,123.34,121.92,121.39,129.35,130.48,108.76,125.55,144.69,138.91,121.87,138.55,130.43,129.31,88.25,139.07
2022-08-07 18:00:00,106.66,105.29,105.53,111.16,111.97,94.25,111.41,125.72,116.75,105.11,120.06,112.19,111.09,74.05,113.69
2022-08-07 19:00:00,112.16,111.08,111.47,115.28,115.91,103.15,116.35,120.07,127.25,110.94,118.38,115.59,115.24,85.71,116.75
2022-08-07 20:00:00,91.64,91.19,91.44,92.94,93.01,87.59,94.04,95.31,96.03,91.15,94.22,93.01,92.88,80.17,95.56
2022-08-07 21:00:00,80.15,79.98,80.15,80.51,80.48,78.82,81.29,80.82,81.73,79.97,80.9,80.5,80.48,76.28,82.44
2022-08-07 22:00:00,65.11,65.03,65.19,65.04,64.94,64.97,65.73,65.16,65.33,65.03,65.2,65.03,65.03,64.79,66.88
2022-08-07 23:00:00,60.56,60.53,60.62,60.49,60.42,60.56,60.91,60.56,60.6,60.53,60.57,60.49,60.48,60.57,61.51
2022-08-08 00:00:00,54.98,54.98,54.99,54.95,54.92,55.0,55.04,54.99,55.02,54.98,55.0,54.95,54.95,55.05,55.2
2022-08-08 01:00:00,49.3,49.3,49.31,49.27,49.24,49.33,49.35,49.32,49.35,49.3,49.32,49.27,49.27,49.38,49.48
2022-08-08 02:00:00,45.79,45.81,45.8,45.74,45.69,45.88,45.77,45.81,45.99,45.82,45.79,45.74,45.74,45.94,45.87
2022-08-08 03:00:00,45.81,45.85,45.83,45.75,45.68,45.95,45.76,45.84,46.13,45.86,45.79,45.75,45.75,46.01,45.85
2022-08-08 04:00:00,47.07,47.07,47.09,47.06,47.04,47.08,47.15,47.07,47.09,47.07,47.08,47.06,47.06,47.12,47.27
2022-08-08 05:00:00,50.86,50.86,50.88,50.85,50.83,50.87,50.94,50.86,50.87,50.86,50.87,50.85,50.85,50.9,51.07
2022-08-08 06:00:00,55.93,55.92,55.94,55.91,55.89,55.93,56.01,55.92,55.93,55.92,55.93,55.91,55.91,55.96,56.16
2022-08-08 07:00:00,59.72,59.8,59.73,59.68,59.59,59.8,59.65,59.82,59.94,59.8,59.73,59.68,59.68,59.88,59.75
2022-08-08 08:00:00,60.03,60.16,60.03,60.0,59.87,60.17,59.79,60.2,60.38,60.17,60.04,59.99,59.99,60.3,59.73
2022-08-08 09:00:00,62.34,62.61,62.33,62.27,62.0,62.62,61.84,62.68,63.06,62.62,62.36,62.25,62.24,62.87,61.73
2022-08-08 10:00:00,70.12,70.58,70.11,70.0,69.53,70.58,69.28,70.7,71.36,70.61,70.13,69.97,69.96,70.98,69.12
2022-08-08 11:00:00,86.74,87.01,86.71,86.7,86.41,87.01,86.11,87.14,87.34,87.06,86.77,86.81,86.67,87.3,86.4
2022-08-08 12:00:00,108.61,108.8,108.5,108.7,108.63,108.68,107.83,109.02,108.81,108.81,108.67,108.74,108.69,108.83,109.53
2022-08-08 13:00:00,175.25,176.15,174.68,176.02,176.48,174.78,171.78,176.07,174.79,176.12,175.32,176.21,175.95,174.9,183.72
2022-08-08 14:00:00,208.31,209.82,207.41,209.97,210.4,205.64,204.22,209.6,206.83,209.82,208.13,210.51,209.88,204.92,219.98
2022-08-08 15:00:00,246.67,249.1,245.4,250.0,250.2,239.01,243.49,250.56,246.44,249.1,248.07,250.76,249.89,232.92,261.09
2022-08-08 16:00:00,245.22,244.07,243.08,251.02,251.65,232.58,244.65,255.45,249.59,244.42,250.13,252.89,250.78,217.64,263.46
2022-08-08 17:00:00,206.0,203.88,203.76,212.78,213.94,189.98,208.39,231.18,217.36,203.94,217.39,213.7,212.56,166.36,224.52
2022-08-08 18:00:00,180.0,178.73,179.05,183.58,184.21,170.38,183.52,188.9,189.61,178.68,186.09,184.75,183.37,152.48,187.52
2022-08-08 19:00:00,176.57,175.59,176.02,179.2,179.71,168.86,180.44,182.48,185.85,175.48,181.71,179.82,179.11,152.51,181.96
2022-08-08 20:00:00,123.69,123.28,123.63,124.61,124.73,120.59,126.02,125.76,127.15,123.26,125.67,124.74,124.54,114.33,129.1
2022-08-08 21:00:00,87.32,87.21,87.44,87.22,87.11,87.14,88.2,87.71,87.5,87.21,87.48,87.23,87.21,87.04,89.93
2022-08-08 22:00:00,75.02,74.94,75.13,74.88,74.77,74.98,75.73,75.01,75.1,74.94,75.04,74.88,74.88,75.1,77.06
2022-08-08 23:00:00,67.74,67.7,67.8,67.66,67.59,67.74,68.11,67.73,67.76,67.7,67.74,67.66,67.66,67.85,68.72
2022-08-09 00:00:00,65.04,65.02,65.07,64.99,64.97,65.07,65.22,65.0,65.33,65.02,65.02,64.99,64.99,65.07,65.53
2022-08-09 01:00:00,55.82,55.81,55.86,55.78,55.75,55.84,56.0,55.81,55.94,55.81,55.81,55.78,55.78,55.85,56.29
2022-08-09 02:00:00,50.41,50.4,50.43,50.38,50.36,50.41,50.54,50.41,50.42,50.4,50.41,50.38,50.38,50.43,50.76
2022-08-09 03:00:00,48.44,48.43,48.46,48.41,48.39,48.44,48.55,48.43,48.44,48.43,48.44,48.41,48.41,48.45,48.74
2022-08-09 04:00:00,49.02,49.01,49.04,48.99,48.97,49.02,49.13,49.01,49.02,49.01,49.02,48.99,48.99,49.03,49.32
2022-08-09 05:00:00,52.22,52.2,52.25,52.18,52.16,52.22,52.38,52.21,52.23,52.2,52.22,52.19,52.18,52.23,52.64
2022-08-09 06:00:00,60.24,60.26,60.28,60.14,60.1,60.43,60.27,60.11,61.93,60.26,60.09,60.14,60.14,60.47,60.49
2022-08-09 07:00:00,64.7,64.71,64.74,64.58,64.55,64.96,64.71,64.49,67.09,64.71,64.5,64.58,64.58,64.99,64.91
2022-08-09 08:00:00,60.33,60.5,60.32,60.28,60.11,60.48,60.03,60.48,61.16,60.51,60.21,60.27,60.27,60.65,59.97
2022-08-09 09:00:00,68.01,68.33,68.0,67.97,67.7,68.2,67.5,68.34,68.79,68.34,67.91,67.95,67.95,68.52,67.54
2022-08-09 10:00:00,77.4,77.7,77.36,77.38,77.13,77.58,76.78,77.72,78.09,77.71,77.31,77.37,77.37,77.96,77.1
2022-08-09 11:00:00,96.64,96.9,96.47,96.83,96.54,96.64,95.49,96.98,96.91,96.93,96.59,96.83,96.82,96.97,96.96
2022-08-09 12:00:00,120.78,121.09,120.37,121.32,121.2,120.56,118.54,121.78,120.74,121.1,120.82,121.36,121.32,120.82,122.34
2022-08-09 13:00:00,200.13,200.4,199.25,201.38,201.84,199.34,195.87,202.3,199.41,200.46,200.46,201.63,201.39,200.0,209.55
2022-08-09 14:00:00,247.27,247.02,245.96,249.85,249.91,243.3,243.67,250.0,244.72,247.32,246.93,250.27,249.86,243.64,259.67
2022-08-09 15:00:00,281.99,280.33,279.56,288.31,287.93,268.51,281.08,288.08,279.87,281.09,282.24,288.91,288.34,259.86,298.19
2022-08-09 16:00:00,306.0,303.35,303.0,314.63,314.27,286.2,307.81,318.48,307.33,304.26,309.13,315.44,314.63,269.04,324.41
2022-08-09 17:00:00,254.36,251.44,251.51,263.07,263.25,233.5,258.05,267.54,261.61,252.09,261.31,263.96,263.04,210.47,271.49
2022-08-09 18:00:00,179.96,177.93,178.37,185.4,185.95,165.97,184.18,193.74,189.84,178.04,188.33,185.97,185.34,146.31,189.42
2022-08-09 19:00:00,175.26,174.05,174.5,178.53,179.08,165.93,179.51,183.32,185.48,173.97,181.26,178.97,178.46,147.42,180.28
2022-08-09 20:00:00,146.25,145.42,145.94,148.05,148.32,140.65,149.66,153.21,152.4,145.34,150.46,148.23,148.0,130.34,151.83
2022-08-09 21:00:00,102.19,101.99,102.26,102.3,102.19,101.39,103.36,103.43,103.01,101.98,102.84,102.32,102.3,100.17,105.04
2022-08-09 22:00:00,78.72,78.61,78.88,78.54,78.38,78.65,79.72,78.72,78.85,78.61,78.76,78.54,78.54,78.62,81.39
2022-08-09 23:00:00,72.05,71.99,72.13,71.95,71.86,72.02,72.58,72.04,72.11,71.99,72.06,71.95,71.95,72.06,73.46
2022-08-10 00:00:00,68.15,68.12,68.21,68.08,68.02,68.15,68.48,68.14,68.17,68.12,68.15,68.08,68.08,68.15,68.99
2022-08-10 01:00:00,60.52,60.5,60.56,60.47,60.43,60.52,60.77,60.52,60.54,60.5,60.52,60.47,60.47,60.52,61.16
2022-08-10 02:00:00,55.82,55.8,55.85,55.78,55.75,55.82,56.0,55.82,55.83,55.8,55.82,55.78,55.78,55.82,56.29
2022-08-10 03:00:00,55.64,55.63,55.66,55.61,55.59,55.64,55.77,55.64,55.65,55.63,55.64,55.61,55.61,55.65,55.99
2022-08-10 04:00:00,54.98,54.97,55.0,54.95,54.93,54.98,55.11,54.98,54.99,54.97,54.98,54.95,54.95,54.99,55.33
2022-08-10 05:00:00,58.01,58.0,58.04,57.98,57.95,58.01,58.18,58.01,58.02,58.0,58.01,57.98,57.98,58.02,58.46
2022-08-10 06:00:00,70.04,70.02,70.06,70.0,69.98,70.04,70.18,70.03,70.06,70.02,70.03,70.0,70.0,70.04,70.41
2022-08-10 07:00:00,69.97,69.91,70.02,69.88,69.91,70.14,70.13,69.72,71.84,69.91,69.85,69.89,69.89,70.13,70.37
2022-08-10 08:00:00,70.14,70.14,70.14,70.13,70.13,70.15,70.14,70.12,70.26,70.14,70.13,70.13,70.13,70.16,70.14
2022-08-10 09:00:00,69.18,69.15,69.19,69.14,69.17,69.33,69.17,68.98,70.73,69.15,69.08,69.14,69.14,69.37,69.24
2022-08-10 10:00:00,81.61,81.61,81.56,81.67,81.66,81.58,81.39,81.59,81.57,81.62,81.58,81.68,81.64,81.64,81.59
2022-08-10 11:00:00,92.68,92.57,92.39,93.31,93.13,91.49,92.21,92.05,91.69,92.66,91.97,93.3,93.33,91.54,92.91
2022-08-10 12:00:00,124.59,124.59,124.4,124.9,124.88,124.22,123.87,124.54,124.54,124.61,124.38,124.91,124.92,124.32,125.2
2022-08-10 13:00:00,205.91,205.9,205.5,206.64,206.73,204.96,204.49,207.07,205.13,205.97,205.88,206.75,206.65,205.36,210.05
2022-08-10 14:00:00,282.15,281.73,281.24,284.24,284.18,278.24,280.78,284.78,280.53,281.98,282.09,284.43,284.24,277.32,289.54
2022-08-10 15:00:00,403.56,401.35,401.45,409.95,409.4,388.37,406.15,410.74,404.14,402.06,405.7,410.54,409.93,375.9,413.95
2022-08-10 16:00:00,456.89,453.89,454.27,465.33,464.82,435.98,461.89,467.31,461.69,454.72,461.46,466.02,465.3,414.93,469.34
2022-08-10 17:00:00,388.22,384.16,384.98,399.47,399.49,359.13,397.16,403.87,403.24,384.85,398.38,400.23,399.42,318.87,404.11
2022-08-10 18:00:00,298.79,295.65,296.71,306.68,307.06,277.53,306.95,314.32,313.97,295.88,309.4,307.43,306.61,245.04,309.32
2022-08-10 19:00:00,272.7,270.01,271.0,279.67,280.48,253.18,281.15,286.27,289.66,270.0,282.62,280.05,279.63,218.73,282.41
2022-08-10 20:00:00,210.16,207.95,208.99,215.52,216.38,194.52,217.96,221.0,225.26,207.83,218.68,215.76,215.48,166.59,220.07
2022-08-10 21:00:00,131.8,131.01,131.5,133.53,133.82,126.31,135.15,136.31,138.19,130.94,135.46,133.59,133.51,115.69,137.22
2022-08-10 22:00:00,86.09,85.9,86.24,86.12,86.0,85.28,87.65,86.42,86.95,85.9,86.51,86.13,86.07,83.87,90.1
2022-08-10 23:00:00,81.9,81.82,82.0,81.88,81.8,81.59,82.7,82.01,82.22,81.82,82.06,81.88,81.87,81.11,84.04
2022-08-11 00:00:00,73.12,73.11,73.15,73.09,73.06,73.13,73.28,73.12,73.14,73.11,73.13,73.09,73.09,73.13,73.59
2022-08-11 01:00:00,68.33,68.31,68.36,68.29,68.26,68.33,68.49,68.33,68.34,68.31,68.33,68.29,68.29,68.34,68.81
2022-08-11 02:00:00,62.92,62.9,62.95,62.88,62.85,62.92,63.09,62.92,62.94,62.9,62.92,62.88,62.88,62.92,63.38
2022-08-11 03:00:00,59.08,59.06,59.1,59.04,59.01,59.08,59.22,59.07,59.09,59.06,59.08,59.04,59.04,59.08,59.47
2022-08-11 04:00:00,59.43,59.42,59.45,59.4,59.37,59.43,59.57,59.43,59.44,59.42,59.43,59.4,59.4,59.44,59.82
2022-08-11 05:00:00,67.35,67.34,67.38,67.32,67.28,67.36,67.51,67.35,67.37,67.34,67.36,67.32,67.32,67.36,67.79
2022-08-11 06:00:00,84.6,84.59,84.62,84.58,84.56,84.6,84.71,84.6,84.61,84.59,84.6,84.58,84.58,84.6,84.92
2022-08-11 07:00:00,86.33,86.32,86.35,86.31,86.29,86.33,86.44,86.33,86.34,86.32,86.33,86.31,86.31,86.33,86.64
2022-08-11 08:00:00,82.65,82.64,82.65,82.65,82.64,82.65,82.65,82.64,82.64,82.64,82.64,82.65,82.65,82.65,82.66
2022-08-11 09:00:00,82.12,82.05,82.05,82.35,82.25,81.58,82.2,82.21,81.68,82.08,81.91,82.34,82.36,81.62,82.22
2022-08-11 10:00:00,85.66,85.72,85.66,85.66,85.58,85.7,85.56,85.73,85.77,85.72,85.66,85.65,85.65,85.77,85.64
2022-08-11 11:00:00,99.73,99.73,99.61,100.0,99.81,99.15,99.58,99.5,99.31,99.78,99.36,99.99,100.01,99.25,99.96
2022-08-11 12:00:00,111.78,111.87,111.72,111.83,111.78,111.83,111.37,112.0,111.93,111.87,111.8,111.88,111.82,111.9,112.38
2022-08-11 13:00:00,206.0,206.08,205.77,206.31,206.48,205.89,204.79,207.0,205.93,206.09,206.26,206.46,206.3,206.01,209.55
2022-08-11 14:00:00,232.09,231.91,231.63,232.99,233.09,230.7,230.91,234.22,231.3,232.03,232.35,233.34,232.98,230.38,236.7
2022-08-11 15:00:00,286.94,286.07,286.08,289.27,288.94,281.94,287.03,291.01,284.28,286.43,286.85,289.88,289.24,280.8,291.5
2022-08-11 16:00:00,275.59,273.99,274.14,279.94,279.4,265.36,277.25,282.91,273.59,274.57,276.37,280.54,279.94,259.34,282.02
2022-08-11 17:00:00,179.57,177.83,178.09,184.27,184.08,168.03,182.25,188.96,181.76,178.24,182.67,184.9,184.24,156.44,186.63
2022-08-11 18:00:00,150.63,149.14,149.56,154.41,154.44,140.84,153.84,160.13,155.0,149.34,154.65,154.89,154.37,128.33,155.32
2022-08-11 19:00:00,160.15,158.77,159.21,163.69,163.55,150.72,163.65,164.26,163.78,159.0,162.37,163.91,163.69,138.86,164.31
2022-08-11 20:00:00,138.25,137.27,137.75,140.41,140.2,132.13,141.19,141.93,140.47,137.4,139.87,140.52,140.41,125.03,143.08
2022-08-11 21:00:00,87.44,87.28,87.51,87.48,87.23,86.97,88.31,89.17,87.83,87.28,88.05,87.48,87.47,86.5,89.87
2022-08-11 22:00:00,77.72,77.63,77.89,77.51,77.33,77.74,78.66,77.71,77.81,77.63,77.75,77.51,77.5,77.79,80.4
2022-08-11 23:00:00,74.52,74.48,74.6,74.43,74.34,74.54,74.97,74.52,74.57,74.48,74.54,74.42,74.42,74.58,75.85
2022-08-12 00:00:00,68.18,68.14,68.26,68.08,68.04,68.2,68.6,68.18,68.23,68.15,68.19,68.08,68.08,68.22,69.76
2022-08-12 01:00:00,61.57,61.51,61.67,61.44,61.36,61.59,62.15,61.56,61.62,61.51,61.58,61.44,61.43,61.61,63.39
2022-08-12 02:00:00,58.47,58.41,58.56,58.36,58.31,58.51,58.95,58.47,58.54,58.41,58.49,58.36,58.36,58.55,60.15
2022-08-12 03:00:00,58.61,58.43,58.69,58.47,58.42,58.83,59.06,58.65,58.93,58.43,58.7,58.46,58.46,59.05,60.2
2022-08-12 04:00:00,60.07,60.02,60.14,59.98,59.86,60.13,60.44,60.09,60.14,60.03,60.11,59.98,59.97,60.17,61.16
2022-08-12 05:00:00,66.21,66.14,66.35,66.02,65.9,66.35,66.91,66.28,66.39,66.14,66.32,66.01,66.0,66.42,68.06
2022-08-12 06:00:00,76.0,75.99,76.04,75.95,75.91,76.01,76.21,76.0,76.02,76.0,76.0,75.94,75.94,76.01,76.75
2022-08-12 07:00:00,75.53,75.52,75.55,75.49,75.47,75.53,75.67,75.52,75.54,75.53,75.53,75.49,75.49,75.54,75.99
2022-08-12 08:00:00,74.67,74.68,74.67,74.66,74.67,74.67,74.68,74.67,74.67,74.69,74.67,74.67,74.67,74.67,74.7
2022-08-12 09:00:00,73.65,73.66,73.65,73.65,73.65,73.65,73.65,73.65,73.66,73.66,73.65,73.65,73.64,73.68,73.69
2022-08-12 10:00:00,85.0,85.01,85.0,85.0,85.0,85.01,85.0,85.0,85.0,85.02,85.0,85.0,85.0,85.02,85.04
2022-08-12 11:00:00,89.7,89.72,89.67,89.74,89.75,89.71,89.53,89.71,89.7,89.72,89.7,89.74,89.74,89.73,90.09
2022-08-12 12:00:00,108.91,108.96,108.83,109.0,109.06,108.94,108.4,108.94,108.93,108.96,108.93,109.0,109.0,108.97,110.0
2022-08-12 13:00:00,184.69,184.87,184.41,185.0,185.24,184.77,182.99,184.9,184.82,184.88,184.79,185.05,185.01,184.81,188.42
2022-08-12 14:00:00,205.6,205.88,205.16,206.1,206.51,205.69,202.96,206.33,205.71,205.9,205.91,206.23,206.1,205.77,212.39
2022-08-12 15:00:00,216.8,217.07,216.34,217.3,217.79,216.79,214.19,217.67,216.84,217.08,217.17,218.22,217.32,216.97,223.95
2022-08-12 16:00:00,201.68,201.87,201.16,202.34,202.78,201.26,199.18,202.23,201.48,201.93,201.86,203.24,202.36,201.26,209.02
2022-08-12 17:00:00,145.38,145.63,145.01,145.78,146.13,145.4,143.23,145.99,145.42,145.65,145.76,146.26,145.79,145.6,151.2
2022-08-12 18:00:00,127.36,127.4,127.26,127.38,127.53,127.35,126.91,127.68,127.41,127.4,127.52,128.18,127.4,127.47,129.03
2022-08-12 19:00:00,136.83,136.8,136.84,136.81,136.82,136.79,136.97,137.16,136.83,136.79,136.93,137.01,136.81,136.91,137.59
2022-08-12 20:00:00,104.97,104.9,105.1,104.8,104.62,104.99,105.69,105.2,105.06,104.9,105.08,105.0,104.8,105.09,107.62
2022-08-12 21:00:00,86.98,86.92,87.11,86.82,86.68,87.02,87.67,86.98,87.05,86.92,87.0,86.82,86.81,87.07,89.16
2022-08-12 22:00:00,76.75,76.69,76.88,76.59,76.32,76.84,77.4,76.69,77.34,76.69,76.73,76.58,76.58,76.91,78.63
2022-08-12 23:00:00,71.16,71.09,71.26,71.0,70.8,71.37,71.56,70.93,73.06,71.1,71.02,71.0,71.0,71.4,72.47
2022-08-13 00:00:00,70.21,69.94,70.29,70.0,69.68,70.7,70.53,69.97,72.93,69.94,70.1,70.0,70.0,70.93,71.31
2022-08-13 01:00:00,64.02,63.64,64.09,63.83,63.52,64.54,64.36,63.99,65.51,63.64,64.08,63.83,63.83,65.0,65.18
2022-08-13 02:00:00,61.95,61.61,62.0,61.79,61.64,62.39,62.2,61.93,63.06,61.6,61.99,61.79,61.79,62.82,62.81
2022-08-13 03:00:00,61.22,60.25,61.25,60.96,60.9,62.35,61.46,61.48,62.37,60.22,61.6,60.97,60.95,63.7,62.06
2022-08-13 04:00:00,59.77,59.45,59.82,59.64,59.51,60.16,60.05,59.86,60.14,59.44,59.91,59.64,59.63,60.6,60.64
2022-08-13 05:00:00,61.73,61.51,61.83,61.54,61.42,62.03,62.26,61.81,62.12,61.5,61.85,61.54,61.52,62.31,63.23
2022-08-13 06:00:00,68.43,68.41,68.47,68.38,68.34,68.44,68.65,68.43,68.45,68.41,68.43,68.38,68.37,68.44,69.15
2022-08-13 07:00:00,70.21,70.2,70.24,70.18,70.16,70.22,70.35,70.21,70.23,70.2,70.22,70.18,70.18,70.22,70.66
2022-08-13 08:00:00,72.92,72.92,72.92,72.92,72.92,72.92,72.92,72.92,72.92,72.92,72.92,72.92,72.92,72.92,72.92
2022-08-13 09:00:00,74.3,74.3,74.3,74.3,74.3,74.3,74.3,74.3,74.3,74.3,74.3,74.3,74.3,74.31,74.32
2022-08-13 10:00:00,77.74,77.74,77.75,77.74,77.73,77.75,77.75,77.74,77.75,77.74,77.74,77.74,77.74,77.77,77.81
2022-08-13 11:00:00,90.71,90.71,90.69,90.72,90.71,90.7,90.65,90.7,90.7,90.71,90.7,90.73,90.72,90.78,90.85
2022-08-13 12:00:00,108.56,108.59,108.51,108.62,108.65,108.58,108.24,108.57,108.56,108.59,108.57,108.63,108.62,108.78,109.27
2022-08-13 13:00:00,153.78,153.86,153.61,153.95,154.11,153.95,152.7,153.86,153.85,153.85,153.84,154.0,153.94,153.86,156.26
2022-08-13 14:00:00,181.86,182.02,181.56,182.18,182.49,182.07,179.96,182.43,181.99,182.02,182.1,182.28,182.16,182.27,186.76
2022-08-13 15:00:00,200.6,200.79,200.24,200.98,201.37,200.81,198.4,201.44,200.75,200.78,200.93,201.18,200.95,201.06,206.4
2022-08-13 16:00:00,213.25,213.42,212.89,213.6,214.0,213.46,211.09,214.07,213.41,213.41,213.57,213.9,213.57,213.8,218.94
2022-08-13 17:00:00,179.77,179.91,179.51,180.0,180.32,179.92,178.22,180.32,179.89,179.9,180.02,180.5,179.99,180.3,183.97
2022-08-13 18:00:00,171.95,171.96,171.88,171.87,172.1,172.05,171.65,172.41,172.07,171.94,172.22,173.37,171.88,172.46,173.28
2022-08-13 19:00:00,166.0,165.94,166.02,165.99,165.97,165.95,166.18,166.62,165.99,165.94,166.16,166.05,165.97,166.05,166.63
2022-08-13 20:00:00,123.52,123.43,123.64,123.38,123.21,123.52,124.21,123.95,123.58,123.44,123.66,123.45,123.36,123.65,126.13
2022-08-13 21:00:00,87.0,86.95,87.11,86.86,86.78,87.03,87.59,86.99,87.06,86.95,87.02,86.86,86.86,87.06,89.19
2022-08-13 22:00:00,76.89,76.8,77.04,76.67,76.44,77.09,77.59,76.69,78.57,76.8,76.78,76.67,76.66,77.09,79.32
2022-08-13 23:00:00,74.22,74.14,74.34,74.03,73.8,74.4,74.79,74.03,75.81,74.14,74.11,74.03,74.03,74.4,76.05
2022-08-14 00:00:00,71.57,71.56,71.59,71.55,71.53,71.58,71.68,71.57,71.59,71.56,71.57,71.55,71.55,71.58,71.88
2022-08-14 01:00:00,65.6,65.59,65.62,65.57,65.55,65.6,65.71,65.6,65.61,65.59,65.6,65.57,65.57,65.61,65.92
2022-08-14 02:00:00,61.03,61.02,61.05,61.0,60.98,61.03,61.14,61.02,61.04,61.02,61.03,61.0,61.0,61.03,61.36
2022-08-14 03:00:00,58.98,58.97,59.0,58.96,58.93,58.98,59.09,58.98,58.99,58.97,58.98,58.95,58.95,58.99,59.29
2022-08-14 04:00:00,56.62,56.61,56.64,56.59,56.57,56.62,56.73,56.62,56.63,56.61,56.62,56.59,56.59,56.62,56.93
2022-08-14 05:00:00,58.21,58.2,58.23,58.18,58.16,58.21,58.32,58.21,58.22,58.2,58.21,58.18,58.18,58.21,58.51
2022-08-14 06:00:00,61.68,61.67,61.7,61.66,61.63,61.68,61.78,61.68,61.69,61.67,61.68,61.65,61.65,61.68,61.98
2022-08-14 07:00:00,62.16,62.15,62.17,62.15,62.13,62.16,62.23,62.16,62.17,62.15,62.16,62.15,62.14,62.16,62.35
2022-08-14 08:00:00,67.0,67.0,67.0,67.0,67.0,67.0,67.0,67.0,67.0,67.0,67.0,67.0,67.0,67.0,67.0
2022-08-14 09:00:00,72.0,72.0,72.0,72.0,72.0,72.0,72.0,72.0,72.01,72.0,72.0,72.0,72.0,72.0,72.01
2022-08-14 10:00:00,73.16,73.15,73.16,73.16,73.16,73.16,73.16,73.16,73.16,73.16,73.16,73.16,73.15,73.16,73.17
2022-08-14 11:00:00,88.0,87.99,88.0,88.0,87.99,88.0,88.01,88.0,88.0,87.99,88.0,88.0,87.99,88.01,88.06
2022-08-14 12:00:00,100.2,100.2,100.19,100.22,100.2,100.19,100.16,100.2,100.18,100.2,100.19,100.22,100.22,100.21,100.36
2022-08-14 13:00:00,112.69,112.61,112.49,113.13,113.06,111.9,112.34,112.69,112.01,112.66,112.38,113.15,113.14,111.95,114.09
2022-08-14 14:00:00,130.67,130.33,130.16,131.99,131.86,127.89,130.42,131.05,129.95,130.5,130.36,132.05,132.0,126.06,133.94
2022-08-14 15:00:00,158.91,158.44,158.32,160.54,160.47,155.21,159.08,159.85,159.14,158.61,159.08,160.79,160.54,151.41,162.59
2022-08-14 16:00:00,165.61,164.89,164.77,168.07,168.08,159.81,166.3,167.78,167.35,165.09,166.61,168.4,168.04,152.52,171.01
2022-08-14 17:00:00,147.91,147.25,147.22,150.0,150.03,142.76,148.88,149.69,149.81,147.39,148.91,150.53,150.01,135.98,151.95
2022-08-14 18:00:00,137.72,137.28,137.35,138.97,138.98,134.49,138.66,138.61,139.21,137.35,138.41,139.26,138.98,129.91,139.49
2022-08-14 19:00:00,154.14,153.84,153.94,154.97,154.99,151.85,155.1,155.0,155.91,153.85,154.96,155.06,154.96,147.87,155.21
2022-08-14 20:00:00,129.9,129.82,129.91,130.02,129.99,129.42,130.38,130.34,130.5,129.82,130.24,130.02,130.01,128.45,130.9
2022-08-14 21:00:00,88.18,88.16,88.21,88.14,88.1,88.17,88.37,88.17,88.2,88.16,88.18,88.14,88.14,88.18,88.78
2022-08-14 22:00:00,72.41,72.38,72.45,72.35,72.3,72.41,72.66,72.4,72.43,72.38,72.41,72.35,72.35,72.42,73.08
2022-08-14 23:00:00,63.01,63.0,63.04,62.99,62.96,63.02,63.14,63.01,63.02,63.0,63.02,62.98,62.98,63.03,63.36
2022-08-15 00:00:00,55.21,55.19,55.23,55.18,55.15,55.2,55.36,55.21,55.23,55.19,55.21,55.18,55.18,55.2,55.59
2022-08-15 01:00:00,52.58,52.56,52.62,52.54,52.49,52.57,52.8,52.58,52.61,52.56,52.59,52.53,52.53,52.56,53.16
2022-08-15 02:00:00,51.24,51.22,51.28,51.2,51.15,51.23,51.47,51.25,51.28,51.22,51.26,51.2,51.2,51.21,51.83
2022-08-15 03:00:00,51.53,51.5,51.58,51.48,51.42,51.52,51.81,51.53,51.57,51.5,51.54,51.47,51.47,51.51,52.25
2022-08-15 04:00:00,51.88,51.86,51.92,51.84,51.73,51.86,52.11,51.9,51.93,51.86,51.91,51.84,51.84,51.81,52.48
2022-08-15 05:00:00,55.12,55.42,54.97,55.78,55.39,53.06,55.64,54.05,53.35,55.42,53.96,55.74,55.8,52.99,56.0
2022-08-15 06:00:00,63.38,64.63,62.71,66.0,64.73,55.72,64.48,59.33,56.68,64.66,59.12,65.84,66.07,55.45,64.44
2022-08-15 07:00:00,64.44,65.72,63.74,67.18,65.87,56.38,65.69,60.3,57.62,65.77,60.08,67.02,67.26,55.86,65.73
2022-08-15 08:00:00,69.37,71.25,68.41,72.99,71.32,58.88,70.54,63.67,60.12,71.43,63.51,72.78,73.12,58.55,70.0
2022-08-15 09:00:00,66.52,68.32,65.62,69.97,68.38,56.54,67.64,61.1,57.72,68.67,60.96,69.78,70.1,56.21,67.16
2022-08-15 10:00:00,72.38,74.71,71.2,76.86,74.79,59.4,73.82,65.32,60.91,75.38,65.12,76.6,77.02,59.06,73.16
2022-08-15 11:00:00,91.07,94.65,89.26,97.86,94.67,71.41,93.11,80.24,74.59,95.94,80.05,97.47,98.11,70.92,92.23
2022-08-15 12:00:00,88.17,89.89,87.69,89.86,89.65,83.29,87.74,87.96,88.13,89.8,87.79,89.88,89.91,78.24,89.28
2022-08-15 13:00:00,102.56,102.13,101.83,104.58,104.68,98.04,102.57,104.11,105.53,102.14,103.94,104.67,104.6,90.01,104.75
2022-08-15 14:00:00,115.85,114.87,114.57,119.77,120.01,106.4,117.25,119.25,122.51,114.95,118.99,119.97,119.78,89.47,121.2
2022-08-15 15:00:00,140.71,139.3,139.06,145.94,146.26,127.6,143.41,145.29,149.69,139.47,144.96,146.37,145.96,104.36,147.97
2022-08-15 16:00:00,153.78,152.06,151.88,159.4,160.54,137.84,158.22,162.06,166.68,152.06,162.08,164.96,159.55,108.15,163.45
2022-08-15 17:00:00,133.37,131.84,131.89,138.57,139.03,119.69,137.47,139.13,143.79,132.0,138.46,139.07,138.55,95.45,141.97
2022-08-15 18:00:00,122.8,121.63,121.88,126.02,126.77,112.8,127.07,128.17,133.12,121.54,128.07,128.91,126.07,92.84,127.83
2022-08-15 19:00:00,126.9,125.86,126.16,129.95,130.46,117.94,130.89,132.32,136.53,125.79,131.85,130.77,129.93,99.89,131.29
2022-08-15 20:00:00,108.52,108.09,108.33,109.65,109.7,105.01,110.56,110.87,112.81,108.04,110.72,109.7,109.62,97.66,111.38
2022-08-15 21:00:00,89.24,89.13,89.25,89.4,89.38,88.59,89.89,89.6,90.03,89.13,89.63,89.4,89.39,87.33,90.67
2022-08-15 22:00:00,75.08,75.04,75.15,75.0,74.92,75.06,75.51,75.09,75.15,75.04,75.11,75.0,75.0,75.04,76.19
2022-08-15 23:00:00,66.4,66.37,66.45,66.34,66.28,66.4,66.69,66.4,66.44,66.37,66.41,66.34,66.34,66.4,67.17
2022-08-16 00:00:00,61.51,61.46,61.56,61.49,61.42,61.36,61.92,61.57,61.68,61.46,61.59,61.48,61.48,61.15,62.49
2022-08-16 01:00:00,56.72,56.68,56.78,56.67,56.45,56.65,57.14,56.76,56.85,56.68,56.78,56.66,56.66,56.56,57.77
2022-08-16 02:00:00,53.44,53.41,53.48,53.4,53.23,53.39,53.71,53.46,53.53,53.41,53.48,53.4,53.39,53.31,54.16
2022-08-16 03:00:00,53.12,53.09,53.18,53.06,52.9,53.11,53.43,53.13,53.18,53.09,53.15,53.06,53.06,53.09,53.95
2022-08-16 04:00:00,53.69,53.66,53.75,53.62,53.55,53.68,54.04,53.69,53.74,53.66,53.71,53.62,53.62,53.67,54.6
2022-08-16 05:00:00,56.34,56.66,56.19,57.04,56.64,54.15,56.88,55.16,54.48,56.66,55.1,57.0,57.07,54.14,57.26
2022-08-16 06:00:00,62.18,62.61,61.96,63.1,62.67,59.44,62.69,60.28,61.95,62.63,60.31,63.04,63.14,59.35,62.81
2022-08-16 07:00:00,66.09,66.67,65.81,67.24,66.71,62.63,66.71,63.65,65.93,66.71,63.68,67.17,67.29,62.51,66.88
2022-08-16 08:00:00,69.85,70.83,69.35,71.78,70.94,64.22,70.55,66.22,67.95,70.93,66.18,71.67,71.87,64.05,70.31
2022-08-16 09:00:00,75.64,77.44,74.71,79.19,77.61,65.31,76.89,69.21,71.13,77.83,69.1,78.99,79.34,64.96,76.46
2022-08-16 10:00:00,90.8,94.07,89.11,97.19,94.24,72.29,92.9,80.46,76.32,95.04,80.12,96.85,97.44,71.78,92.13
2022-08-16 11:00:00,96.45,100.2,94.52,103.68,100.34,75.38,98.81,84.88,79.24,101.58,84.54,103.68,103.97,74.87,97.93
2022-08-16 12:00:00,98.61,98.07,98.15,100.2,100.01,94.48,99.86,99.2,99.39,98.2,98.86,100.25,100.21,89.68,100.22
2022-08-16 13:00:00,122.65,121.65,121.89,125.4,125.59,115.08,125.44,126.11,128.08,121.7,125.38,125.91,125.41,101.56,126.24
2022-08-16 14:00:00,240.99,238.05,238.74,248.86,248.98,219.69,248.36,249.15,251.82,238.44,246.48,250.86,248.91,186.76,250.4
2022-08-16 15:00:00,318.56,314.54,315.44,329.02,329.65,289.18,329.01,330.98,333.69,315.07,326.82,335.42,329.2,244.25,331.8
2022-08-16 16:00:00,360.3,355.9,356.79,373.53,373.86,324.61,373.13,390.87,374.36,356.39,383.06,375.0,373.36,270.49,374.9
2022-08-16 17:00:00,330.82,326.02,326.78,346.06,346.29,289.68,345.37,368.94,346.04,326.54,360.48,347.72,346.65,228.37,347.17
2022-08-16 18:00:00,293.23,289.62,290.59,302.94,304.78,264.27,305.53,325.09,313.82,289.5,315.31,312.94,303.04,214.58,306.48
2022-08-16 19:00:00,306.17,302.89,304.06,314.08,316.23,281.74,317.54,328.69,332.34,302.62,321.33,324.09,314.26,235.24,318.54
2022-08-16 20:00:00,268.6,266.83,267.47,273.44,274.7,253.54,276.09,280.78,286.68,266.58,278.69,277.36,273.48,222.0,278.06
2022-08-16 21:00:00,96.51,96.01,96.29,97.82,97.83,92.39,98.94,99.51,101.47,95.95,99.13,97.86,97.79,83.74,100.18
2022-08-16 22:00:00,83.78,83.7,83.84,83.84,83.76,83.29,84.54,84.01,84.33,83.69,84.06,83.83,83.83,82.37,85.43
2022-08-16 23:00:00,77.6,77.57,77.65,77.59,77.54,77.47,77.98,77.66,77.77,77.57,77.69,77.58,77.58,77.26,78.57
2022-08-17 00:00:00,68.85,68.81,68.92,68.78,68.7,68.8,69.3,68.87,68.94,68.81,68.89,68.77,68.77,68.72,70.1
2022-08-17 01:00:00,58.82,58.77,58.89,58.73,58.65,58.8,59.26,58.83,58.89,58.78,58.84,58.73,58.73,58.76,59.99
2022-08-17 02:00:00,54.33,54.29,54.41,54.24,54.15,54.33,54.79,54.34,54.39,54.29,54.36,54.24,54.24,54.31,55.54
2022-08-17 03:00:00,53.44,53.4,53.52,53.34,53.24,53.44,53.9,53.44,53.49,53.4,53.46,53.34,53.33,53.43,54.68
2022-08-17 04:00:00,53.87,53.84,53.94,53.79,53.7,53.88,54.27,53.87,53.91,53.84,53.88,53.78,53.78,53.89,54.94
2022-08-17 05:00:00,59.0,59.09,59.0,59.16,58.99,58.38,59.36,58.67,58.47,59.09,58.65,59.14,59.16,58.37,59.87
2022-08-17 06:00:00,63.77,64.01,63.68,64.2,63.94,62.38,64.13,62.8,63.79,64.02,62.8,64.17,64.22,62.32,64.4
2022-08-17 07:00:00,66.28,66.59,66.19,66.78,66.48,64.67,66.7,65.11,66.52,66.61,65.12,66.74,66.8,64.61,67.01
2022-08-17 08:00:00,69.65,70.22,69.4,70.62,70.16,66.75,70.01,67.84,68.48,70.28,67.81,70.56,70.66,66.66,69.94
2022-08-17 09:00:00,76.31,77.36,75.84,78.1,77.26,71.02,76.89,73.14,73.52,77.58,73.06,77.99,78.17,70.85,76.67
2022-08-17 10:00:00,97.34,100.91,95.76,103.4,100.46,79.55,99.18,87.63,82.75,101.9,87.2,103.02,103.58,79.12,98.37
2022-08-17 11:00:00,123.02,129.86,120.02,134.6,129.46,88.96,126.67,104.98,92.73,132.13,104.18,134.62,134.29,88.24,125.55
2022-08-17 12:00:00,201.1,200.93,200.88,201.69,201.54,199.87,201.03,202.25,200.02,201.01,200.89,201.73,201.7,200.0,202.1
2022-08-17 13:00:00,398.55,398.32,398.13,399.29,399.44,397.14,397.78,403.16,397.42,398.38,399.33,400.79,399.33,397.4,401.99
2022-08-17 14:00:00,506.0,505.56,505.07,507.94,508.16,502.32,504.48,512.95,504.5,505.76,507.04,509.45,507.97,501.67,514.08
2022-08-17 15:00:00,744.97,743.61,743.41,748.73,748.76,736.53,744.75,755.33,743.87,744.07,746.45,751.57,748.77,730.35,755.05
2022-08-17 16:00:00,802.38,800.15,800.0,809.23,809.11,786.12,804.48,820.73,803.87,800.74,812.53,811.33,809.15,767.37,816.18
2022-08-17 17:00:00,554.95,552.57,552.34,563.49,563.35,533.29,560.01,583.85,558.75,553.06,576.77,565.18,563.36,510.74,567.98
2022-08-17 18:00:00,494.85,493.24,493.31,500.43,501.03,479.59,500.0,518.38,500.94,493.21,511.49,502.25,500.38,457.69,504.38
2022-08-17 19:00:00,445.0,443.07,443.79,450.03,451.01,430.46,451.6,462.34,458.23,442.94,454.55,451.56,450.02,405.74,452.99
2022-08-17 20:00:00,260.77,259.72,260.3,262.99,263.51,253.8,264.68,269.59,268.97,259.6,265.97,264.49,263.0,240.66,266.94
2022-08-17 21:00:00,108.74,108.57,108.75,109.0,108.89,107.71,109.73,110.09,109.88,108.55,109.53,109.01,108.99,105.77,111.16
2022-08-17 22:00:00,82.21,82.15,82.34,82.1,81.96,82.12,82.98,82.25,82.37,82.15,82.28,82.09,82.08,81.95,84.26
2022-08-17 23:00:00,71.98,71.93,72.08,71.86,71.76,71.97,72.56,71.99,72.07,71.93,72.01,71.86,71.85,71.96,73.69
2022-08-18 00:00:00,73.11,73.09,73.16,73.05,73.0,73.11,73.38,73.11,73.14,73.09,73.12,73.05,73.05,73.11,73.83
2022-08-18 01:00:00,67.32,67.29,67.37,67.26,67.2,67.32,67.61,67.32,67.35,67.29,67.33,67.25,67.25,67.31,68.08
2022-08-18 02:00:00,61.44,61.41,61.5,61.36,61.29,61.45,61.78,61.43,61.47,61.41,61.44,61.36,61.36,61.45,62.34
2022-08-18 03:00:00,60.17,60.13,60.25,60.08,59.99,60.19,60.6,60.17,60.21,60.14,60.18,60.08,60.07,60.19,61.34
2022-08-18 04:00:00,59.3,59.3,59.32,59.28,59.27,59.32,59.4,59.31,59.33,59.3,59.32,59.27,59.27,59.32,59.86
2022-08-18 05:00:00,63.65,63.65,63.68,63.61,63.58,63.61,63.86,63.63,63.64,63.65,63.64,63.61,63.61,63.62,64.36
2022-08-18 06:00:00,71.36,71.47,71.31,71.57,71.45,70.75,71.45,71.04,70.87,71.47,71.02,71.56,71.58,70.74,71.9
2022-08-18 07:00:00,70.16,70.34,70.07,70.5,70.33,69.15,70.29,69.61,69.35,70.35,69.6,70.48,70.51,69.13,70.66
2022-08-18 08:00:00,65.75,65.98,65.63,66.19,65.98,64.45,65.88,65.04,64.7,66.0,65.02,66.17,66.21,64.42,65.82
2022-08-18 09:00:00,72.27,72.56,72.14,72.79,72.53,70.78,72.41,71.44,71.33,72.62,71.4,72.76,72.81,70.76,72.33
2022-08-18 10:00:00,85.66,86.48,85.27,87.09,86.37,81.53,85.99,83.61,82.53,86.7,83.42,87.0,87.14,81.53,85.8
2022-08-18 11:00:00,92.7,97.7,93.0,92.9,92.4,89.32,92.09,91.36,89.85,97.92,91.04,92.93,92.87,89.33,92.06
2022-08-18 12:00:00,95.12,101.65,96.26,92.97,93.37,97.01,93.4,97.0,96.74,101.53,96.66,93.16,92.83,97.11,93.79
2022-08-18 13:00:00,113.38,120.17,114.61,110.96,111.42,115.83,111.48,117.66,117.05,120.05,116.03,111.16,110.83,116.03,112.06
2022-08-18 14:00:00,111.88,116.88,112.79,110.0,110.41,114.08,110.17,116.13,115.67,116.81,114.58,110.15,109.93,114.49,111.34
2022-08-18 15:00:00,115.37,119.07,116.03,113.95,114.3,117.18,113.9,119.28,118.26,119.05,117.95,114.1,113.9,117.64,115.36
2022-08-18 16:00:00,113.66,115.28,114.0,112.77,113.1,115.31,112.66,117.29,116.28,115.32,116.84,112.82,112.79,115.61,114.37
2022-08-18 17:00:00,107.03,107.2,107.08,106.83,107.05,107.55,106.75,110.12,109.84,107.25,109.73,106.82,106.87,106.7,108.67
2022-08-18 18:00:00,99.94,99.69,99.72,100.86,101.04,97.34,100.99,101.48,103.56,99.67,101.49,100.89,100.85,92.12,101.87
2022-08-18 19:00:00,111.09,110.71,110.85,112.23,112.43,107.7,112.75,113.62,115.08,110.66,113.23,112.26,112.21,100.54,113.56
2022-08-18 20:00:00,105.47,105.21,105.34,106.32,106.36,102.8,107.02,107.01,108.49,105.18,107.03,106.33,106.3,97.56,108.55
2022-08-18 21:00:00,91.71,91.59,91.67,92.13,92.17,90.31,92.67,92.44,93.51,91.57,92.51,92.12,92.11,87.54,94.0
2022-08-18 22:00:00,85.54,85.48,85.57,85.67,85.64,84.94,86.19,85.77,86.1,85.48,85.84,85.66,85.65,83.87,87.19
2022-08-18 23:00:00,78.09,78.05,78.12,78.17,78.14,77.66,78.63,78.26,78.51,78.04,78.32,78.16,78.15,76.92,79.63
2022-08-19 00:00:00,77.68,77.66,77.71,77.65,77.63,77.66,77.88,77.69,77.73,77.66,77.7,77.65,77.65,77.63,78.32
2022-08-19 01:00:00,74.95,74.93,75.0,74.9,74.86,74.95,75.21,74.95,74.98,74.93,74.96,74.9,74.9,74.95,75.7
2022-08-19 02:00:00,70.03,70.0,70.08,69.97,69.93,70.03,70.32,70.03,70.06,70.0,70.04,69.97,69.97,70.04,70.94
2022-08-19 03:00:00,68.36,68.33,68.4,68.3,68.26,68.36,68.62,68.35,68.38,68.33,68.36,68.3,68.3,68.36,69.21
2022-08-19 04:00:00,67.67,67.66,67.71,67.64,67.6,67.68,67.86,67.67,67.69,67.66,67.68,67.63,67.63,67.68,68.22
2022-08-19 05:00:00,69.98,70.19,69.89,70.42,70.18,68.59,70.36,69.25,68.78,70.2,69.19,70.39,70.43,68.57,70.86
2022-08-19 06:00:00,71.19,71.39,71.09,71.6,71.38,69.91,71.46,70.51,70.07,71.4,70.48,71.57,71.61,69.88,71.66
2022-08-19 07:00:00,73.06,73.38,72.9,73.71,73.38,71.09,73.42,72.01,71.32,73.4,71.96,73.67,73.73,71.05,73.74
2022-08-19 08:00:00,73.42,73.79,73.22,74.18,73.82,71.18,73.72,72.18,72.2,73.83,72.13,74.14,74.21,71.14,73.69
2022-08-19 09:00:00,78.05,78.92,77.57,79.84,78.99,72.89,78.64,75.17,76.22,79.12,75.07,79.73,79.9,72.81,78.46
2022-08-19 10:00:00,85.91,87.6,84.98,89.37,87.72,75.97,86.99,80.58,77.45,88.14,80.33,89.17,89.48,75.7,86.53
2022-08-19 11:00:00,97.41,100.05,95.96,102.77,100.22,82.03,98.99,89.28,83.81,101.01,88.86,102.45,102.95,81.67,98.6
2022-08-19 12:00:00,94.24,94.25,94.23,94.26,94.25,94.24,94.18,94.25,94.24,94.25,94.24,94.26,94.26,94.25,94.47
2022-08-19 13:00:00,102.6,102.57,102.54,102.73,102.68,102.35,102.5,102.48,102.38,102.6,102.47,102.75,102.74,102.43,103.11
2022-08-19 14:00:00,110.9,110.71,110.68,111.52,111.38,109.5,111.0,110.5,110.13,110.81,110.4,111.59,111.53,109.12,112.1
2022-08-19 15:00:00,126.13,125.38,125.44,128.42,128.1,120.29,127.66,126.15,126.52,125.66,125.96,128.49,128.45,114.82,128.54
2022-08-19 16:00:00,133.05,131.53,131.69,137.88,137.53,120.34,136.99,134.86,137.15,131.99,134.53,137.94,137.92,104.86,137.86
2022-08-19 17:00:00,112.18,111.03,111.13,116.1,116.09,101.58,115.81,115.02,118.09,111.26,114.83,116.15,116.11,86.53,117.13
2022-08-19 18:00:00,101.71,100.85,100.96,104.86,104.96,92.96,105.16,104.61,107.62,100.95,104.54,104.96,104.83,79.46,105.97
2022-08-19 19:00:00,97.96,97.23,97.36,100.67,100.91,90.27,101.26,100.98,104.12,97.25,101.01,100.78,100.62,76.92,102.26
2022-08-19 20:00:00,93.87,93.5,93.64,95.24,95.45,89.72,96.1,95.93,98.14,93.46,96.05,95.26,95.19,81.61,98.1
2022-08-19 21:00:00,76.89,76.69,76.76,77.75,77.89,74.25,78.35,78.26,80.17,76.66,78.37,77.75,77.72,69.05,79.59
2022-08-19 22:00:00,76.85,76.76,76.82,77.29,77.32,75.38,77.85,77.45,78.14,76.75,77.55,77.27,77.26,72.69,78.83
2022-08-19 23:00:00,71.79,71.74,71.81,71.96,71.94,71.14,72.38,72.04,72.35,71.74,72.09,71.95,71.95,70.03,72.94
2022-08-20 00:00:00,65.18,65.14,65.21,65.16,65.12,65.08,65.45,65.21,65.29,65.14,65.23,65.16,65.16,64.96,65.84
2022-08-20 01:00:00,59.48,59.46,59.51,59.48,59.45,59.41,59.67,59.51,59.57,59.46,59.52,59.48,59.47,59.32,59.94
2022-08-20 02:00:00,55.65,55.63,55.67,55.63,55.6,55.6,55.83,55.67,55.71,55.63,55.67,55.63,55.63,55.54,56.12
2022-08-20 03:00:00,53.37,53.36,53.39,53.35,53.32,53.36,53.5,53.38,53.4,53.36,53.38,53.35,53.35,53.34,53.73
2022-08-20 04:00:00,53.04,53.03,53.06,53.03,53.01,53.04,53.13,53.04,53.05,53.03,53.05,53.03,53.02,53.04,53.28
2022-08-20 05:00:00,55.1,55.09,55.11,55.08,55.07,55.1,55.18,55.1,55.1,55.09,55.1,55.08,55.08,55.1,55.33
2022-08-20 06:00:00,53.29,53.41,53.24,53.51,53.39,52.61,53.44,52.93,52.7,53.35,52.92,53.5,53.52,52.59,53.55
2022-08-20 07:00:00,56.01,56.13,55.95,56.24,56.1,55.29,56.15,55.63,55.38,56.07,55.61,56.22,56.24,55.27,56.25
2022-08-20 08:00:00,59.85,60.14,59.7,60.39,60.14,58.27,60.02,59.01,58.45,60.05,58.97,60.36,60.41,58.22,59.93
2022-08-20 09:00:00,61.05,61.5,60.82,61.91,61.51,58.54,61.32,59.73,58.84,61.43,59.66,61.86,61.94,58.45,61.18
2022-08-20 10:00:00,67.76,68.78,67.24,69.7,68.79,62.13,68.36,64.78,62.78,68.74,64.63,69.59,69.76,61.92,68.06
2022-08-20 11:00:00,81.2,83.31,80.14,85.23,83.33,69.56,82.44,75.05,70.92,83.46,74.74,84.99,85.34,69.18,81.85
2022-08-20 12:00:00,85.77,85.54,85.56,86.46,86.32,83.98,86.27,85.7,86.06,85.59,85.65,86.45,86.47,82.39,86.25
2022-08-20 13:00:00,94.97,94.6,94.64,96.17,96.08,91.74,96.05,95.5,96.13,94.67,95.4,96.16,96.18,87.7,96.05
2022-08-20 14:00:00,98.58,97.77,97.86,101.16,100.99,91.72,100.8,99.81,101.04,97.96,99.61,101.16,101.18,83.26,101.0
2022-08-20 15:00:00,107.06,105.93,106.05,110.72,110.46,97.27,110.29,108.88,110.53,106.21,108.61,110.72,110.74,85.73,110.36
2022-08-20 16:00:00,113.5,112.34,112.42,117.7,117.73,101.95,117.69,118.28,120.16,112.51,118.23,117.7,117.69,85.73,117.94
2022-08-20 17:00:00,101.89,100.85,100.94,105.76,105.95,91.09,106.06,106.14,109.71,100.92,106.03,105.77,105.74,74.57,106.36
2022-08-20 18:00:00,97.55,96.77,96.83,100.76,101.14,88.32,101.45,101.91,106.19,96.73,101.86,100.79,100.72,72.25,101.65
2022-08-20 19:00:00,90.37,89.87,89.95,92.38,92.73,84.48,93.07,93.64,96.87,89.79,93.67,92.4,92.34,72.8,93.43
2022-08-20 20:00:00,86.88,86.65,86.71,87.83,87.99,84.03,88.34,88.36,89.89,86.61,88.42,87.83,87.81,78.42,88.97
2022-08-20 21:00:00,75.33,75.23,75.27,75.73,75.77,74.1,76.02,75.98,76.95,75.21,76.01,75.73,75.72,71.71,76.39
2022-08-20 22:00:00,74.94,74.91,74.95,75.01,74.99,74.63,75.25,75.06,75.23,74.91,75.09,75.0,75.0,74.12,75.67
2022-08-20 23:00:00,68.5,68.49,68.52,68.51,68.49,68.43,68.66,68.54,68.59,68.49,68.55,68.51,68.51,68.31,68.87
2022-08-21 00:00:00,62.38,62.36,62.38,62.41,62.4,62.21,62.55,62.44,62.53,62.36,62.46,62.41,62.41,61.94,62.73
2022-08-21 01:00:00,58.36,58.35,58.38,58.4,58.38,58.2,58.56,58.43,58.52,58.35,58.45,58.39,58.39,57.94,58.79
2022-08-21 02:00:00,55.79,55.77,55.82,55.78,55.74,55.69,56.04,55.83,55.9,55.77,55.84,55.78,55.78,55.52,56.4
2022-08-21 03:00:00,54.91,54.89,54.95,54.87,54.82,54.9,55.14,54.91,54.94,54.89,54.92,54.87,54.86,54.88,55.54
2022-08-21 04:00:00,53.13,53.12,53.15,53.11,53.09,53.12,53.24,53.13,53.15,53.12,53.14,53.11,53.11,53.11,53.45
2022-08-21 05:00:00,52.54,52.53,52.56,52.53,52.51,52.54,52.63,52.54,52.56,52.53,52.55,52.53,52.53,52.53,52.79
2022-08-21 06:00:00,52.41,52.4,52.42,52.39,52.37,52.4,52.49,52.41,52.42,52.4,52.41,52.39,52.39,52.4,52.64
2022-08-21 07:00:00,53.02,53.02,53.03,53.01,53.0,53.02,53.07,53.02,53.03,53.02,53.02,53.01,53.01,53.02,53.17
2022-08-21 08:00:00,57.09,57.09,57.09,57.1,57.1,57.09,57.1,57.1,57.1,57.09,57.1,57.1,57.1,57.08,57.1
2022-08-21 09:00:00,58.05,58.05,58.05,58.05,58.05,58.04,58.05,58.05,58.05,58.05,58.05,58.05,58.05,58.04,58.05
2022-08-21 10:00:00,62.76,62.76,62.76,62.77,62.77,62.74,62.77,62.77,62.77,62.76,62.77,62.77,62.77,62.79,62.77
2022-08-21 11:00:00,64.96,64.98,64.96,65.0,64.99,64.86,65.0,65.01,65.04,64.98,65.01,64.99,64.99,64.91,65.0
2022-08-21 12:00:00,72.02,72.03,71.98,72.26,72.29,71.31,72.31,72.38,72.88,72.04,72.39,72.26,72.25,70.63,72.33
2022-08-21 13:00:00,80.21,80.32,80.12,80.71,80.77,78.63,80.81,80.98,82.33,80.37,80.98,80.72,80.71,76.48,80.84
2022-08-21 14:00:00,85.94,85.88,85.76,86.77,86.89,83.44,86.96,87.37,89.67,85.88,87.34,86.79,86.76,79.36,87.0
2022-08-21 15:00:00,90.82,90.64,90.53,92.12,92.29,86.98,92.4,92.98,96.45,90.61,92.94,92.14,92.1,81.44,92.47
2022-08-21 16:00:00,96.92,96.51,96.44,99.02,99.2,90.9,99.33,100.76,104.69,96.49,100.0,99.04,99.0,82.4,99.42
2022-08-21 17:00:00,92.37,92.18,91.96,94.3,94.56,86.61,94.76,95.79,100.1,92.16,95.56,94.32,94.27,78.29,94.88
2022-08-21 18:00:00,86.33,85.94,85.93,88.33,88.35,80.45,89.0,89.6,92.76,85.87,89.61,88.35,88.28,70.31,89.28
2022-08-21 19:00:00,88.43,88.13,88.18,89.77,89.58,84.4,90.43,90.58,92.72,88.08,90.64,89.77,89.73,76.6,90.9
2022-08-21 20:00:00,92.76,92.59,92.67,93.41,93.32,90.66,94.03,93.8,94.89,92.57,93.87,93.41,93.38,86.55,94.66
2022-08-21 21:00:00,75.63,75.57,75.6,76.01,75.96,74.42,76.4,76.19,76.79,75.56,76.26,76.0,75.99,72.17,76.8
2022-08-21 22:00:00,69.62,69.56,69.67,69.7,69.62,69.14,70.28,69.81,70.09,69.55,69.86,69.69,69.68,68.32,71.03
2022-08-21 23:00:00,66.02,65.97,66.06,66.11,66.05,65.55,66.6,66.21,66.46,65.97,66.25,66.1,66.09,64.75,67.25
2022-08-22 00:00:00,70.51,70.47,70.5,70.66,70.66,69.96,70.91,70.71,70.96,70.47,70.75,70.66,70.65,69.08,71.19
2022-08-22 01:00:00,65.88,65.84,65.88,66.0,66.01,65.4,66.26,66.05,66.27,65.84,66.08,66.0,65.99,64.69,66.58
2022-08-22 02:00:00,61.88,61.86,61.9,61.92,61.9,61.66,62.15,61.97,62.09,61.86,61.99,61.92,61.92,61.34,62.43
2022-08-22 03:00:00,58.59,58.57,58.61,58.6,58.59,58.47,58.78,58.63,58.7,58.57,58.65,58.6,58.6,58.3,59.04
2022-08-22 04:00:00,59.68,59.67,59.7,59.66,59.64,59.68,59.8,59.68,59.7,59.67,59.69,59.66,59.66,59.68,60.0
2022-08-22 05:00:00,64.38,64.53,64.3,64.7,64.53,63.39,64.57,63.87,63.52,64.53,63.82,64.68,64.71,63.38,64.66
2022-08-22 06:00:00,66.99,67.2,66.89,67.41,67.19,65.75,67.2,66.32,65.98,67.2,66.29,67.38,67.42,65.72,67.27
2022-08-22 07:00:00,67.16,67.39,67.04,67.64,67.4,65.74,67.4,66.38,65.99,67.39,66.36,67.61,67.65,65.71,67.45
2022-08-22 08:00:00,65.46,66.22,65.36,66.0,65.72,63.6,65.61,64.41,63.92,66.24,64.42,65.97,66.01,63.56,65.55
2022-08-22 09:00:00,56.52,57.1,56.32,57.16,56.57,54.73,56.29,55.45,55.61,57.18,55.19,57.1,57.17,54.64,56.09
2022-08-22 10:00:00,61.74,63.42,61.58,62.39,61.5,59.45,61.07,60.27,60.86,63.58,59.85,62.32,62.38,59.32,60.77
2022-08-22 11:00:00,67.87,71.52,68.12,67.62,66.85,66.88,66.47,66.85,68.9,71.66,66.46,67.6,67.55,66.79,66.22
2022-08-22 12:00:00,73.18,80.92,74.51,70.5,70.62,75.95,70.68,74.04,78.86,80.78,74.1,70.7,70.32,76.26,70.72
2022-08-22 13:00:00,76.45,84.07,77.77,74.0,74.42,78.37,74.64,77.3,81.7,83.92,77.65,74.22,73.84,79.21,74.79
2022-08-22 14:00:00,78.16,86.96,79.72,75.29,75.91,80.4,76.23,78.64,83.76,86.75,79.17,75.55,75.12,81.5,76.46
2022-08-22 15:00:00,80.71,87.83,81.87,78.84,79.34,81.18,79.61,81.91,84.68,87.68,82.2,79.05,78.69,80.43,79.8
2022-08-22 16:00:00,80.24,85.36,80.93,79.55,79.95,78.64,80.18,82.03,85.14,85.23,82.27,79.71,79.44,76.47,80.33
2022-08-22 17:00:00,79.71,83.73,80.13,79.73,80.04,76.81,80.23,81.57,84.99,83.6,81.76,79.84,79.64,73.69,80.36
2022-08-22 18:00:00,82.19,86.88,82.71,82.17,82.64,78.84,82.94,84.81,88.7,86.75,85.06,82.32,82.04,72.65,83.13
2022-08-22 19:00:00,96.42,96.57,96.12,98.11,98.29,91.17,98.63,98.68,100.99,96.5,98.83,98.1,98.07,82.35,99.05
2022-08-22 20:00:00,98.19,98.11,97.96,99.6,99.74,93.85,100.27,100.18,102.29,98.06,100.32,99.58,99.55,85.91,100.88
2022-08-22 21:00:00,81.41,81.27,81.33,82.03,82.08,79.5,82.51,82.34,83.36,81.25,82.44,82.02,82.0,75.91,83.01
2022-08-22 22:00:00,75.15,75.06,75.11,75.55,75.58,73.86,75.99,75.69,76.31,75.05,75.77,75.54,75.53,71.55,76.46
2022-08-22 23:00:00,73.27,73.22,73.26,73.58,73.6,72.24,73.98,73.65,74.09,73.21,73.73,73.56,73.56,70.55,74.47
2022-08-23 00:00:00,69.31,69.28,69.3,69.57,69.57,68.43,69.92,69.64,70.01,69.27,69.7,69.56,69.55,67.1,70.39
2022-08-23 01:00:00,66.91,66.87,66.92,67.12,67.1,66.14,67.54,67.2,67.54,66.87,67.26,67.11,67.1,65.0,68.1
2022-08-23 02:00:00,63.86,63.82,63.89,63.95,63.92,63.42,64.35,64.02,64.24,63.82,64.06,63.95,63.94,62.8,64.9
2022-08-23 03:00:00,60.97,60.95,61.01,60.94,60.9,60.89,61.26,61.0,61.05,60.95,61.01,60.94,60.94,60.78,61.75
2022-08-23 04:00:00,61.35,61.34,61.38,61.31,61.28,61.36,61.53,61.35,61.37,61.34,61.36,61.31,61.31,61.36,61.88
2022-08-23 05:00:00,67.14,67.98,66.69,68.95,68.06,61.8,68.03,64.35,62.47,67.98,64.09,68.84,69.0,61.71,68.36
2022-08-23 06:00:00,72.41,73.73,71.72,75.12,73.81,64.46,73.59,68.06,65.93,73.75,67.86,74.96,75.21,64.25,73.78
2022-08-23 07:00:00,77.13,78.31,76.49,79.72,78.55,69.49,78.43,72.56,72.65,78.34,72.59,79.57,79.82,69.29,78.64
2022-08-23 08:00:00,76.2,77.28,75.59,78.58,77.54,69.23,77.27,72.0,72.29,77.38,72.05,78.45,78.68,69.04,77.2
2022-08-23 09:00:00,75.13,76.32,74.46,77.69,76.56,67.74,76.08,71.02,69.3,76.56,70.95,77.55,77.78,67.54,75.76
2022-08-23 10:00:00,78.98,80.43,78.16,82.08,80.7,70.02,80.1,74.05,71.61,80.86,73.94,81.9,82.18,69.79,79.7
2022-08-23 11:00:00,81.63,82.92,80.9,84.44,83.22,73.52,82.71,76.93,76.13,83.43,76.92,84.27,84.54,73.35,82.38
2022-08-23 12:00:00,81.65,81.64,81.65,81.64,81.63,81.65,81.68,81.65,81.65,81.64,81.65,81.64,81.64,81.7,81.74
2022-08-23 13:00:00,86.4,86.39,86.4,86.39,86.38,86.39,86.42,86.4,86.4,86.4,86.4,86.39,86.39,86.54,86.51
2022-08-23 14:00:00,91.97,91.97,91.96,91.97,91.97,91.95,91.97,91.98,91.98,91.97,91.98,91.97,91.97,92.23,92.17
2022-08-23 15:00:00,91.92,91.88,91.87,92.08,92.03,91.51,92.03,91.8,91.77,91.91,91.78,92.08,92.09,92.01,92.22
2022-08-23 16:00:00,97.28,97.08,97.11,97.9,97.8,95.63,97.81,97.15,97.73,97.17,97.04,97.89,97.91,95.86,98.32
2022-08-23 17:00:00,97.27,96.98,97.0,98.28,98.23,94.48,98.27,97.76,98.77,97.06,97.66,98.27,98.29,92.83,98.77
2022-08-23 18:00:00,94.02,93.52,93.69,95.46,95.59,89.84,95.94,95.43,97.97,93.55,95.29,95.47,95.46,85.3,96.46
2022-08-23 19:00:00,110.84,109.77,110.35,113.15,113.66,104.12,114.35,113.83,120.61,109.72,113.49,113.2,113.15,91.96,115.58
2022-08-23 20:00:00,114.02,113.38,113.88,115.2,115.34,110.1,116.85,115.84,119.47,113.35,115.76,115.22,115.18,102.99,119.25
2022-08-23 21:00:00,84.63,84.35,84.67,84.89,84.89,83.47,85.95,85.23,86.96,84.33,85.18,84.89,84.88,81.1,87.55
2022-08-23 22:00:00,79.79,79.73,79.87,79.77,79.68,79.52,80.45,79.89,80.08,79.73,79.94,79.76,79.76,79.05,81.7
2022-08-23 23:00:00,75.56,75.52,75.63,75.53,75.47,75.38,76.07,75.63,75.76,75.51,75.66,75.53,75.53,75.08,76.98
2022-08-24 00:00:00,73.88,73.86,73.91,73.84,73.8,73.88,74.06,73.88,73.9,73.86,73.88,73.84,73.84,73.89,74.42
2022-08-24 01:00:00,70.74,70.72,70.78,70.69,70.65,70.75,70.97,70.74,70.76,70.72,70.75,70.69,70.69,70.76,71.4
2022-08-24 02:00:00,68.35,68.33,68.39,68.3,68.26,68.36,68.57,68.35,68.37,68.33,68.36,68.3,68.3,68.36,68.99
2022-08-24 03:00:00,67.68,67.67,67.72,67.64,67.59,67.69,67.89,67.68,67.7,67.67,67.69,67.64,67.64,67.7,68.3
2022-08-24 04:00:00,68.01,67.99,68.05,67.97,67.94,68.02,68.22,68.01,68.03,67.99,68.01,67.97,67.97,68.02,68.63
2022-08-24 05:00:00,75.51,75.76,75.39,76.06,75.76,73.8,75.93,74.61,74.02,75.76,74.53,76.02,76.07,73.77,76.29
2022-08-24 06:00:00,81.81,82.22,81.61,82.69,82.21,79.14,82.38,80.41,79.48,82.22,80.28,82.63,82.71,79.09,82.77
2022-08-24 07:00:00,84.18,84.56,83.99,85.0,84.55,81.69,84.7,82.89,82.0,84.57,82.76,84.95,85.02,81.65,85.05
2022-08-24 08:00:00,80.94,81.59,80.58,82.35,81.69,76.87,81.49,78.79,77.66,81.63,78.59,82.27,82.4,76.78,81.45
2022-08-24 09:00:00,82.23,82.99,81.78,83.9,83.13,77.43,82.79,79.69,78.35,83.14,79.46,83.81,83.96,77.3,82.59
2022-08-24 10:00:00,83.42,84.18,82.97,85.09,84.32,78.64,83.98,80.89,79.56,84.4,80.66,85.0,85.15,78.52,83.83
2022-08-24 11:00:00,83.65,84.32,83.27,85.08,84.41,79.55,84.13,81.53,80.44,84.56,81.33,85.0,85.13,79.57,84.04
2022-08-24 12:00:00,88.2,88.2,88.2,88.2,88.18,88.2,88.2,88.2,88.2,88.2,88.2,88.2,88.2,88.35,88.32
2022-08-24 13:00:00,94.52,94.53,94.52,94.53,94.51,94.53,94.49,94.53,94.53,94.53,94.53,94.53,94.53,94.76,94.79
2022-08-24 14:00:00,99.23,99.23,99.22,99.24,99.23,99.23,99.19,99.23,99.23,99.24,99.23,99.24,99.24,99.52,99.58
2022-08-24 15:00:00,102.92,102.89,102.9,103.0,102.93,102.73,102.97,102.84,102.78,102.91,102.83,103.0,103.0,103.04,103.37
2022-08-24 16:00:00,104.86,104.82,104.81,105.01,104.94,104.48,104.91,104.73,104.62,104.85,104.71,105.01,105.02,104.94,105.37
2022-08-24 17:00:00,102.13,102.11,102.07,102.34,102.25,101.61,102.24,102.03,101.93,102.14,102.02,102.33,102.34,102.56,102.95
2022-08-24 18:00:00,104.87,104.82,104.85,105.03,104.92,104.39,105.15,104.75,104.66,104.85,104.74,105.03,105.03,105.06,105.95
2022-08-24 19:00:00,134.99,134.9,135.03,135.0,134.87,134.72,135.51,134.89,134.94,134.92,134.89,134.99,135.0,134.89,136.71
2022-08-24 20:00:00,123.65,123.52,123.8,123.55,123.38,123.39,124.73,123.6,123.71,123.54,123.65,123.55,123.55,123.35,127.15
2022-08-24 21:00:00,86.84,86.77,86.95,86.71,86.58,86.8,87.52,86.85,86.94,86.77,86.88,86.71,86.71,86.77,88.71
2022-08-24 22:00:00,84.04,83.99,84.13,83.94,83.84,84.02,84.55,84.04,84.11,83.99,84.06,83.94,83.94,84.01,85.47
2022-08-24 23:00:00,80.07,80.04,80.13,80.0,79.93,80.06,80.43,80.07,80.11,80.04,80.08,80.0,80.0,80.06,81.09
2022-08-25 00:00:00,81.77,81.75,81.8,81.73,81.69,81.77,81.93,81.77,81.78,81.75,81.77,81.73,81.73,81.78,82.25
2022-08-25 01:00:00,75.04,75.02,75.07,75.0,74.96,75.05,75.22,75.04,75.05,75.03,75.04,75.0,75.0,75.05,75.55
2022-08-25 02:00:00,70.99,70.97,71.02,70.95,70.92,70.99,71.17,70.99,71.0,70.97,70.99,70.95,70.95,71.0,71.5
2022-08-25 03:00:00,69.07,69.05,69.1,69.03,68.99,69.07,69.26,69.07,69.08,69.05,69.07,69.03,69.03,69.08,69.62
2022-08-25 04:00:00,69.39,69.37,69.42,69.35,69.31,69.39,69.56,69.39,69.4,69.37,69.39,69.35,69.35,69.4,69.96
2022-08-25 05:00:00,76.82,76.99,76.76,77.13,76.93,75.83,77.11,76.3,75.97,76.99,76.25,77.1,77.13,75.82,77.52
2022-08-25 06:00:00,90.48,91.09,90.2,91.63,91.02,87.01,91.05,88.58,87.43,91.11,88.48,91.56,91.66,86.96,91.4
2022-08-25 07:00:00,90.59,91.32,90.25,92.0,91.27,86.41,91.27,88.34,86.92,91.35,88.22,91.92,92.04,86.32,91.66
2022-08-25 08:00:00,85.46,86.19,85.1,86.87,86.19,81.33,86.02,83.23,81.83,86.25,83.12,86.79,86.92,81.23,86.08
2022-08-25 09:00:00,85.14,86.46,84.48,87.68,86.43,77.79,85.98,81.21,78.68,86.71,81.02,87.54,87.76,77.6,86.06
2022-08-25 10:00:00,98.67,100.18,97.83,101.84,100.27,89.56,99.73,93.87,90.67,100.62,93.69,101.66,101.94,89.34,99.91
2022-08-25 11:00:00,107.77,109.95,106.56,112.33,110.13,94.65,109.29,100.84,96.22,110.76,100.58,112.07,112.47,94.42,109.22
2022-08-25 12:00:00,110.02,109.95,109.98,110.13,109.98,109.75,110.1,110.78,109.81,109.96,110.14,110.13,110.13,109.9,110.75
2022-08-25 13:00:00,126.85,126.81,126.83,126.9,126.75,126.73,126.9,127.44,126.77,126.82,126.97,126.91,126.9,126.95,127.61
2022-08-25 14:00:00,137.7,137.63,137.66,137.82,137.52,137.42,137.78,138.37,137.48,137.65,137.77,137.83,137.82,137.71,139.11
2022-08-25 15:00:00,150.0,149.91,149.94,150.18,149.9,149.56,150.13,150.63,149.66,149.94,150.0,150.18,150.18,149.9,151.23
2022-08-25 16:00:00,150.49,150.39,150.41,150.74,150.48,149.89,150.63,150.94,150.02,150.44,150.39,150.74,150.75,150.24,151.63
2022-08-25 17:00:00,133.91,133.79,133.84,134.16,133.96,133.29,134.1,134.64,133.43,133.83,133.88,134.16,134.16,133.62,134.86
2022-08-25 18:00:00,124.31,124.22,124.29,124.43,124.29,123.94,124.59,124.54,124.06,124.25,124.24,124.42,124.43,124.22,125.19
2022-08-25 19:00:00,209.15,209.0,209.16,209.29,209.03,208.57,209.79,209.11,208.8,209.04,208.92,209.28,209.29,208.8,210.92
2022-08-25 20:00:00,177.57,177.45,177.69,177.48,177.24,177.37,178.48,177.51,177.47,177.48,177.49,177.47,177.47,177.54,180.54
2022-08-25 21:00:00,96.99,96.93,97.1,96.86,96.71,97.0,97.62,96.98,97.04,96.93,97.01,96.85,96.85,97.04,98.83
2022-08-25 22:00:00,91.52,91.48,91.6,91.42,91.33,91.53,91.99,91.51,91.56,91.48,91.53,91.42,91.41,91.56,92.8
2022-08-25 23:00:00,81.07,81.04,81.12,81.01,80.96,81.08,81.33,81.06,81.09,81.05,81.07,81.01,81.01,81.09,81.77
2022-08-26 00:00:00,74.97,74.95,74.99,74.93,74.91,74.97,75.11,74.96,74.98,74.95,74.97,74.93,74.93,74.97,75.36
2022-08-26 01:00:00,65.06,65.05,65.09,65.03,65.0,65.07,65.2,65.06,65.07,65.05,65.06,65.03,65.03,65.07,65.46
2022-08-26 02:00:00,60.77,60.75,60.79,60.74,60.71,60.77,60.91,60.77,60.78,60.75,60.77,60.74,60.73,60.78,61.15
2022-08-26 03:00:00,60.64,60.62,60.66,60.6,60.57,60.64,60.78,60.64,60.65,60.63,60.64,60.6,60.6,60.65,61.13
2022-08-26 04:00:00,60.91,60.89,60.93,60.87,60.85,60.91,61.05,60.9,60.92,60.89,60.91,60.87,60.87,60.92,61.39
2022-08-26 05:00:00,67.81,67.8,67.81,67.85,67.8,67.64,67.97,67.71,67.67,67.8,67.71,67.84,67.85,67.69,68.29
2022-08-26 06:00:00,81.98,82.24,81.86,82.47,82.2,80.49,82.27,81.17,80.67,82.25,81.12,82.44,82.48,80.45,82.54
2022-08-26 07:00:00,81.29,81.61,81.14,81.92,81.6,79.36,81.65,80.23,79.6,81.63,80.19,81.88,81.94,79.32,81.96
2022-08-26 08:00:00,81.29,81.74,81.06,82.18,81.77,78.67,81.63,79.86,78.99,81.79,79.79,82.13,82.21,78.61,81.54
2022-08-26 09:00:00,84.4,85.13,84.02,85.82,85.16,80.26,84.87,82.16,80.77,85.29,82.06,85.74,85.87,80.16,84.76
2022-08-26 10:00:00,87.54,88.43,87.04,89.43,88.57,82.13,88.17,84.65,82.79,88.72,84.56,89.32,89.48,82.0,87.94
2022-08-26 11:00:00,101.13,102.4,100.42,103.8,102.58,93.46,102.02,97.03,94.38,102.9,96.9,103.64,103.88,93.33,101.71
2022-08-26 12:00:00,113.94,113.93,113.93,113.95,113.93,113.89,113.94,113.91,113.9,113.93,113.91,113.95,113.95,113.93,114.04
2022-08-26 13:00:00,138.33,138.32,138.32,138.35,138.32,138.27,138.33,138.3,138.28,138.33,138.3,138.35,138.35,138.32,138.46
2022-08-26 14:00:00,144.49,144.48,144.46,144.53,144.5,144.42,144.42,144.46,144.43,144.49,144.45,144.53,144.53,144.56,144.87
2022-08-26 15:00:00,172.71,172.69,172.67,172.79,172.76,172.57,172.64,172.73,172.62,172.7,172.66,172.79,172.79,172.74,173.19
2022-08-26 16:00:00,158.13,158.1,158.07,158.28,158.24,157.86,158.05,158.09,157.95,158.13,158.01,158.27,158.28,158.02,158.72
2022-08-26 17:00:00,130.25,130.21,130.21,130.34,130.33,130.01,130.26,130.23,130.1,130.24,130.18,130.68,130.36,130.15,130.82
2022-08-26 18:00:00,118.45,118.42,118.45,118.48,118.42,118.34,118.57,118.47,118.4,118.43,118.42,118.48,118.48,118.47,119.01
2022-08-26 19:00:00,156.0,155.97,156.06,155.94,155.67,155.98,156.37,156.03,156.03,155.97,156.01,155.94,155.93,156.08,157.45
2022-08-26 20:00:00,129.09,129.03,129.24,128.89,127.92,129.14,129.92,129.1,129.24,129.03,129.15,128.87,128.86,129.25,132.42
2022-08-26 21:00:00,85.03,84.97,85.16,84.87,84.72,85.07,85.71,85.03,85.13,84.98,85.07,84.87,84.86,85.14,87.47
2022-08-26 22:00:00,77.13,77.09,77.22,77.01,76.76,77.16,77.63,77.13,77.19,77.09,77.15,77.01,77.0,77.19,78.75
2022-08-26 23:00:00,69.3,69.27,69.38,69.2,68.83,69.34,69.72,69.32,69.37,69.28,69.33,69.2,69.19,69.37,70.6
2022-08-27 00:00:00,68.49,68.25,68.58,68.34,68.05,68.76,68.96,68.53,68.98,68.24,68.58,68.34,68.33,69.02,69.81
2022-08-27 01:00:00,61.56,61.34,61.63,61.44,61.33,61.78,61.96,61.62,61.77,61.34,61.66,61.44,61.43,62.02,62.69
2022-08-27 02:00:00,58.17,58.09,58.28,58.04,57.9,58.22,58.77,58.17,58.24,58.09,58.2,58.03,58.03,58.26,59.85
2022-08-27 03:00:00,56.62,56.57,56.71,56.52,56.42,56.65,57.08,56.62,56.67,56.57,56.64,56.52,56.52,56.68,57.9
2022-08-27 04:00:00,56.09,55.8,56.13,56.0,55.96,56.4,56.3,56.19,56.31,55.79,56.24,56.0,55.99,56.79,56.72
2022-08-27 05:00:00,59.71,58.7,59.68,59.58,59.58,60.61,59.84,59.97,60.28,58.67,60.09,59.59,59.57,62.02,60.09
2022-08-27 06:00:00,63.01,63.0,62.97,63.2,63.03,62.46,63.21,62.71,62.54,62.97,62.71,63.19,63.2,62.66,63.39
2022-08-27 07:00:00,64.99,65.01,64.94,65.24,65.07,64.29,65.21,64.61,64.39,64.98,64.61,65.22,65.24,64.49,65.37
2022-08-27 08:00:00,71.05,71.14,70.91,71.56,71.32,69.69,71.25,70.32,69.87,71.1,70.3,71.53,71.57,70.01,71.23
2022-08-27 09:00:00,74.32,74.43,74.12,75.0,74.69,72.48,74.55,73.33,72.71,74.43,73.3,74.96,75.02,72.9,74.48
2022-08-27 10:00:00,70.68,70.76,70.49,71.31,71.02,68.99,70.9,69.76,69.3,70.79,69.75,71.28,71.33,69.36,70.84
2022-08-27 11:00:00,83.35,83.96,83.02,84.59,83.99,79.79,83.73,81.45,80.23,84.09,81.35,84.51,84.62,79.72,83.6
2022-08-27 12:00:00,91.8,91.8,91.8,91.8,91.79,91.8,91.8,91.8,91.8,91.8,91.8,91.8,91.8,91.85,91.84
2022-08-27 13:00:00,104.69,104.69,104.69,104.69,104.68,104.69,104.68,104.69,104.69,104.69,104.69,104.69,104.69,104.75,104.81
2022-08-27 14:00:00,117.23,117.21,117.19,117.34,117.3,117.03,117.19,117.14,117.05,117.23,117.12,117.33,117.34,117.1,117.54
2022-08-27 15:00:00,128.78,128.66,128.66,129.14,128.99,127.91,128.92,128.4,128.11,128.74,128.36,129.12,129.15,128.16,129.12
2022-08-27 16:00:00,132.77,132.55,132.54,133.51,133.33,130.93,133.16,132.58,132.47,132.65,132.55,133.49,133.52,130.16,133.61
2022-08-27 17:00:00,118.28,117.95,117.97,119.38,119.12,115.44,119.1,118.57,118.95,118.04,118.51,119.36,119.39,112.82,119.55
2022-08-27 18:00:00,109.37,108.96,109.05,110.63,110.4,105.91,110.69,110.25,111.22,109.0,110.22,110.62,110.62,100.98,110.9
2022-08-27 19:00:00,121.64,121.3,121.39,122.84,122.63,118.18,123.26,123.03,124.5,121.29,123.04,122.83,122.81,112.18,123.76
2022-08-27 20:00:00,98.75,98.52,98.68,99.44,99.06,96.49,100.27,99.66,100.69,98.51,99.72,99.42,99.41,92.46,101.29
2022-08-27 21:00:00,76.27,76.2,76.32,76.36,76.28,75.72,76.98,76.47,76.76,76.2,76.53,76.35,76.35,74.78,77.76
2022-08-27 22:00:00,70.16,70.08,70.23,70.05,69.95,70.25,70.54,69.97,72.08,70.09,70.06,70.05,70.05,70.13,71.15
2022-08-27 23:00:00,62.0,61.97,62.05,61.95,61.88,62.01,62.28,62.0,62.09,61.97,62.02,61.94,61.94,62.02,62.76
2022-08-28 00:00:00,65.16,65.21,65.18,65.1,64.97,65.33,65.09,65.18,65.54,65.21,65.13,65.11,65.1,65.38,65.26
2022-08-28 01:00:00,60.6,60.65,60.61,60.55,60.35,60.77,60.47,60.6,60.97,60.65,60.53,60.58,60.56,60.84,60.65
2022-08-28 02:00:00,56.83,56.88,56.85,56.78,56.64,56.98,56.76,56.84,57.19,56.88,56.78,56.8,56.78,57.04,56.97
2022-08-28 03:00:00,55.85,55.89,55.87,55.78,55.65,56.01,55.79,55.87,56.22,55.9,55.81,55.8,55.79,56.06,56.0
2022-08-28 04:00:00,55.18,55.24,55.21,55.1,54.98,55.39,55.11,55.22,55.67,55.25,55.15,55.1,55.09,55.45,55.28
2022-08-28 05:00:00,56.45,56.5,56.47,56.37,56.25,56.64,56.38,56.49,56.86,56.5,56.43,56.36,56.36,56.7,56.54
2022-08-28 06:00:00,56.46,56.49,56.48,56.41,56.32,56.57,56.44,56.48,56.68,56.49,56.45,56.41,56.41,56.62,56.62
2022-08-28 07:00:00,56.04,56.05,56.05,56.0,55.9,56.11,56.02,56.02,56.22,56.06,55.99,56.03,56.01,56.15,56.21
2022-08-28 08:00:00,58.58,58.73,58.54,58.53,58.16,58.94,57.94,58.59,59.35,58.73,58.5,58.58,58.55,59.1,57.73
2022-08-28 09:00:00,60.62,61.66,60.51,60.0,58.17,63.45,56.96,60.81,67.18,61.7,60.19,60.21,60.04,64.27,55.82
2022-08-28 10:00:00,63.18,64.18,63.21,62.4,61.06,66.02,60.25,63.73,69.73,64.22,63.39,62.39,62.34,66.56,59.43
2022-08-28 11:00:00,71.46,72.13,71.5,70.91,70.11,73.31,69.64,71.78,76.04,72.16,71.42,70.88,70.86,73.65,69.22
2022-08-28 12:00:00,83.35,83.51,83.32,83.32,83.13,83.61,82.83,83.54,83.73,83.52,83.44,83.32,83.31,83.81,82.8
2022-08-28 13:00:00,94.22,94.23,94.19,94.26,94.24,94.21,94.07,94.21,94.2,94.23,94.2,94.26,94.26,94.25,94.23
2022-08-28 14:00:00,100.53,100.51,100.49,100.62,100.59,100.36,100.46,100.45,100.39,100.52,100.44,100.65,100.62,100.44,100.72
2022-08-28 15:00:00,111.87,111.73,111.69,112.39,112.24,110.67,111.99,111.49,111.2,111.81,111.44,112.48,112.39,111.01,112.29
2022-08-28 16:00:00,134.91,134.58,134.59,135.97,135.84,132.26,135.56,135.59,135.78,134.69,135.12,136.07,135.97,130.1,136.08
2022-08-28 17:00:00,125.49,124.91,124.99,127.31,127.21,120.66,127.07,126.65,127.45,125.03,126.34,127.34,127.31,114.73,127.39
2022-08-28 18:00:00,109.13,108.8,108.86,110.28,110.32,105.91,110.43,110.31,111.58,108.81,110.29,110.36,110.28,100.61,110.62
2022-08-28 19:00:00,113.1,112.91,112.97,113.79,113.83,111.03,114.14,113.96,114.88,112.9,113.99,113.82,113.78,107.35,114.64
2022-08-28 20:00:00,94.43,94.35,94.43,94.68,94.65,93.51,95.17,94.81,95.27,94.34,94.87,94.68,94.67,91.79,95.94
2022-08-28 21:00:00,76.66,76.64,76.69,76.67,76.59,76.48,76.97,76.74,77.49,76.64,76.76,76.68,76.67,76.29,77.44
2022-08-28 22:00:00,69.16,69.12,69.21,69.1,69.01,69.14,69.47,69.14,69.26,69.12,69.15,69.12,69.11,69.12,70.04
2022-08-28 23:00:00,64.49,64.48,64.52,64.47,64.4,64.47,64.64,64.48,64.5,64.48,64.49,64.49,64.48,64.49,64.96
2022-08-29 00:00:00,60.79,60.8,60.8,60.75,60.68,60.84,60.82,60.8,60.89,60.8,60.8,60.75,60.75,60.89,60.97
2022-08-29 01:00:00,57.9,57.92,57.92,57.85,57.74,57.99,57.91,57.94,58.06,57.93,57.93,57.85,57.85,58.06,58.06
2022-08-29 02:00:00,55.77,55.76,55.79,55.74,55.69,55.78,55.89,55.77,55.8,55.76,55.77,55.74,55.74,55.82,56.11
2022-08-29 03:00:00,54.96,54.96,54.98,54.93,54.89,54.99,55.03,54.96,55.05,54.96,54.95,54.92,54.92,55.03,55.2
2022-08-29 04:00:00,56.0,55.99,56.01,55.98,55.96,56.01,56.07,56.0,56.02,56.0,56.0,55.98,55.98,56.05,56.21
2022-08-29 05:00:00,61.79,61.78,61.8,61.77,61.76,61.79,61.86,61.79,61.8,61.78,61.79,61.77,61.77,61.83,61.99
2022-08-29 06:00:00,69.54,69.54,69.56,69.53,69.51,69.54,69.61,69.55,69.69,69.54,69.54,69.53,69.53,69.59,69.76
2022-08-29 07:00:00,73.79,73.79,73.8,73.78,73.76,73.78,73.86,73.8,73.94,73.79,73.78,73.78,73.78,73.84,74.0
2022-08-29 08:00:00,70.58,70.62,70.58,70.6,70.58,70.55,70.57,70.64,71.46,70.62,70.64,70.6,70.59,70.66,70.57
2022-08-29 09:00:00,66.25,66.29,66.24,66.26,66.21,66.23,66.19,66.33,67.09,66.29,66.29,66.26,66.25,66.38,66.18
2022-08-29 10:00:00,72.35,72.42,72.34,72.39,72.34,72.26,72.31,72.47,74.27,72.43,72.45,72.38,72.38,72.48,72.34
2022-08-29 11:00:00,83.95,83.96,83.92,84.0,83.98,83.91,83.83,83.95,83.94,83.96,83.88,84.01,84.0,83.97,84.02
2022-08-29 12:00:00,95.76,95.77,95.71,95.84,95.83,95.68,95.55,95.76,95.65,95.77,95.66,95.85,95.84,95.84,95.81
2022-08-29 13:00:00,117.91,117.92,117.83,118.03,118.02,117.76,117.62,117.86,117.74,117.93,117.84,118.06,118.04,117.86,118.16
2022-08-29 14:00:00,122.35,122.29,122.16,122.81,122.71,121.46,122.08,122.0,121.58,122.37,121.96,122.82,122.82,121.63,123.31
2022-08-29 15:00:00,131.44,131.2,131.0,132.78,132.55,128.14,131.87,132.17,131.08,131.38,132.09,132.88,132.8,127.23,132.85
2022-08-29 16:00:00,140.21,139.57,139.53,142.45,142.16,134.51,141.56,141.64,141.98,139.86,140.12,142.45,142.5,130.86,142.57
2022-08-29 17:00:00,124.04,123.34,123.29,126.68,126.34,117.11,126.05,125.82,126.14,123.56,125.44,126.69,126.7,111.65,126.45
2022-08-29 18:00:00,110.61,109.7,109.8,113.75,113.65,102.0,113.74,112.59,114.87,109.87,112.5,113.77,113.76,91.93,114.06
2022-08-29 19:00:00,157.83,156.68,156.9,161.69,161.86,147.0,162.24,160.98,164.46,156.81,160.95,161.73,161.68,131.88,163.25
2022-08-29 20:00:00,137.32,136.8,136.97,139.16,139.28,131.84,140.08,139.38,141.66,136.8,139.5,139.16,139.12,122.94,142.32
2022-08-29 21:00:00,89.47,89.24,89.37,90.23,90.3,87.0,90.99,90.73,92.14,89.22,90.82,90.23,90.2,82.28,91.93
2022-08-29 22:00:00,83.43,83.36,83.42,83.7,83.68,82.45,84.19,83.8,84.25,83.35,83.89,83.69,83.68,80.74,84.9
2022-08-29 23:00:00,76.5,76.46,76.51,76.67,76.66,75.89,77.01,76.74,77.02,76.46,76.79,76.66,76.65,74.89,77.47
2022-08-30 00:00:00,74.65,74.61,74.66,74.73,74.74,74.31,74.97,74.75,74.89,74.61,74.79,74.72,74.72,73.89,75.32
2022-08-30 01:00:00,74.97,74.94,74.99,75.0,75.0,74.74,75.27,75.05,75.16,74.94,75.07,75.0,74.99,74.44,75.86
2022-08-30 02:00:00,72.27,72.24,72.3,72.29,72.3,72.1,72.57,72.32,72.38,72.24,72.34,72.29,72.29,71.95,73.12
2022-08-30 03:00:00,70.05,70.03,70.09,70.02,70.0,70.04,70.27,70.05,70.07,70.03,70.06,70.02,70.01,70.07,70.81
2022-08-30 04:00:00,71.01,70.99,71.04,70.98,70.97,71.0,71.21,71.0,71.01,70.99,71.01,70.98,70.98,71.04,71.67
2022-08-30 05:00:00,75.04,75.02,75.08,75.0,75.0,75.04,75.24,75.03,75.05,75.02,75.04,75.0,75.0,75.06,75.79
2022-08-30 06:00:00,81.95,81.94,81.98,81.93,81.91,81.95,82.1,81.95,81.96,81.94,81.96,81.93,81.93,81.97,82.47
2022-08-30 07:00:00,81.96,81.94,81.98,81.93,81.91,81.95,82.11,81.95,81.96,81.94,81.96,81.93,81.93,81.97,82.48
2022-08-30 08:00:00,80.21,80.2,80.21,80.2,80.2,80.21,80.23,80.21,80.21,80.2,80.21,80.2,80.2,80.22,80.28
2022-08-30 09:00:00,80.2,80.2,80.2,80.2,80.2,80.2,80.2,80.2,80.21,80.2,80.2,80.2,80.2,80.21,80.23
2022-08-30 10:00:00,82.62,82.62,82.62,82.64,82.63,82.59,82.63,82.61,82.6,82.62,82.61,82.63,82.64,82.6,82.66
2022-08-30 11:00:00,88.36,88.35,88.35,88.36,88.35,88.35,88.36,88.35,88.35,88.36,88.35,88.36,88.36,88.37,88.4
2022-08-30 12:00:00,89.65,89.65,89.65,89.65,89.65,89.65,89.65,89.65,89.65,89.65,89.65,89.66,89.65,89.72,89.69
2022-08-30 13:00:00,90.95,90.95,90.95,90.95,90.95,90.95,90.96,90.95,90.95,90.95,90.95,90.98,90.95,91.02,90.99
2022-08-30 14:00:00,95.97,95.95,95.94,96.06,96.03,95.74,96.01,95.86,95.77,95.97,95.85,96.1,96.06,95.81,96.04
2022-08-30 15:00:00,105.52,105.33,105.37,106.01,105.84,104.33,105.8,104.97,104.94,105.44,104.89,106.03,106.02,104.41,105.83
2022-08-30 16:00:00,119.31,118.84,118.91,120.58,120.22,116.12,120.12,118.3,118.2,119.09,118.14,120.58,120.61,115.27,120.16
2022-08-30 17:00:00,111.23,110.79,110.83,112.59,112.23,107.77,112.18,110.47,110.28,111.03,110.36,112.57,112.61,106.17,112.26
2022-08-30 18:00:00,117.75,117.4,117.41,118.99,118.8,114.42,118.82,117.38,117.3,117.57,117.37,118.97,119.02,112.09,119.22
2022-08-30 19:00:00,129.9,129.71,129.73,130.61,130.58,127.85,130.76,129.97,130.24,129.77,130.02,130.62,130.62,125.43,131.41
2022-08-30 20:00:00,125.25,125.17,125.25,125.48,125.47,124.35,126.03,125.42,125.69,125.18,125.5,125.48,125.48,123.17,127.19
2022-08-30 21:00:00,92.44,92.4,92.48,92.43,92.39,92.24,92.86,92.51,92.64,92.4,92.55,92.43,92.43,91.9,93.72
2022-08-30 22:00:00,82.07,81.97,82.12,82.08,82.14,81.84,82.57,81.99,81.93,81.97,82.06,82.09,82.09,82.16,83.23
2022-08-30 23:00:00,76.49,76.43,76.52,76.5,76.54,76.33,76.81,76.44,76.41,76.43,76.49,76.5,76.5,76.54,77.27
2022-08-31 00:00:00,67.04,66.97,67.08,67.02,67.05,66.92,67.42,66.96,66.92,66.97,66.98,67.02,67.02,67.07,67.97
2022-08-31 01:00:00,65.01,64.91,65.06,65.0,65.06,64.82,65.51,64.89,64.82,64.91,64.92,65.0,65.0,65.07,66.21
2022-08-31 02:00:00,63.27,63.21,63.33,63.22,63.23,63.2,63.7,63.2,63.2,63.21,63.2,63.22,63.22,63.31,64.44
2022-08-31 03:00:00,59.74,59.69,59.8,59.69,59.69,59.69,60.13,59.69,59.69,59.69,59.69,59.69,59.69,59.76,60.87
2022-08-31 04:00:00,61.3,61.24,61.34,61.26,61.29,61.22,61.64,61.23,61.22,61.24,61.23,61.26,61.27,61.34,62.2
2022-08-31 05:00:00,70.71,70.65,70.76,70.68,70.73,70.61,71.1,70.62,70.61,70.64,70.62,70.69,70.69,70.78,71.8
2022-08-31 06:00:00,77.58,77.51,77.63,77.54,77.57,77.48,77.99,77.49,77.48,77.51,77.49,77.54,77.54,77.64,78.78
2022-08-31 07:00:00,76.88,76.84,76.92,76.84,76.84,76.83,77.15,76.84,76.83,76.84,76.84,76.84,76.84,76.91,77.66
2022-08-31 08:00:00,75.13,75.13,75.14,75.13,75.12,75.13,75.16,75.13,75.13,75.13,75.13,75.13,75.13,75.14,75.22
2022-08-31 09:00:00,75.1,75.1,75.1,75.1,75.1,75.1,75.1,75.1,75.1,75.1,75.1,75.1,75.1,75.12,75.1
2022-08-31 10:00:00,78.0,78.0,78.0,78.0,78.0,78.0,78.0,78.0,78.0,78.0,78.0,78.0,78.0,78.02,78.01
2022-08-31 11:00:00,82.56,82.56,82.56,82.56,82.56,82.56,82.56,82.56,82.56,82.56,82.56,82.56,82.56,82.58,82.57
2022-08-31 12:00:00,86.41,86.41,86.41,86.42,86.41,86.41,86.42,86.41,86.42,86.41,86.41,86.41,86.42,86.47,86.43
2022-08-31 13:00:00,91.2,91.2,91.2,91.2,91.2,91.2,91.2,91.2,91.2,91.2,91.2,91.21,91.2,91.29,91.23
2022-08-31 14:00:00,105.01,105.0,105.0,105.05,105.04,104.92,105.03,104.99,104.95,105.0,104.96,105.05,105.05,105.01,105.06
2022-08-31 15:00:00,119.73,119.68,119.69,119.85,119.81,119.43,119.8,119.58,119.55,119.7,119.56,119.86,119.85,119.56,119.82
2022-08-31 16:00:00,129.44,129.11,129.28,130.0,129.99,128.04,129.98,129.54,129.6,129.2,129.08,130.04,129.81,127.49,130.08
2022-08-31 17:00:00,130.98,130.49,130.69,132.01,131.92,128.31,131.95,131.25,132.0,130.61,130.7,131.99,132.03,126.32,132.13
2022-08-31 18:00:00,122.13,121.7,121.9,122.98,122.94,119.89,123.05,122.36,123.42,121.79,121.94,123.0,122.99,117.9,123.35
2022-08-31 19:00:00,137.74,137.37,137.67,138.24,138.26,136.11,138.97,138.32,139.48,137.4,137.96,138.25,138.23,134.07,140.15
2022-08-31 20:00:00,120.57,120.35,120.72,120.53,120.52,120.07,121.93,120.6,121.2,120.35,120.61,120.53,120.53,119.5,124.26
2022-08-31 21:00:00,88.72,88.61,88.84,88.61,88.54,88.55,89.6,88.67,88.75,88.61,88.69,88.61,88.61,88.51,91.0
2022-08-31 22:00:00,81.47,81.31,81.58,81.42,81.49,81.2,82.37,81.3,81.2,81.31,81.33,81.43,81.43,81.6,83.68
2022-08-31 23:00:00,75.3,75.21,75.37,75.24,75.26,75.18,75.86,75.2,75.2,75.21,75.21,75.24,75.24,75.37,76.8
2022-09-01 00:00:00,68.9,68.82,68.97,68.83,68.86,68.82,69.41,68.82,68.81,68.82,68.83,68.83,68.83,68.94,70.43
2022-09-01 01:00:00,67.54,67.42,67.73,67.35,67.43,67.47,68.67,67.45,67.47,67.42,67.48,67.35,67.35,67.65,70.97
2022-09-01 02:00:00,64.15,64.0,64.39,63.87,63.93,64.11,65.58,64.07,64.13,64.0,64.11,63.87,63.86,64.28,68.35
2022-09-01 03:00:00,58.71,58.55,58.95,58.43,58.52,58.65,60.18,58.61,58.67,58.55,58.66,58.43,58.43,58.81,63.3
2022-09-01 04:00:00,58.69,58.59,58.79,58.58,58.63,58.6,59.4,58.6,58.59,58.59,58.62,58.58,58.58,58.75,60.78
2022-09-01 05:00:00,66.42,66.29,66.59,66.24,66.3,66.34,67.49,66.33,66.33,66.29,66.36,66.24,66.23,66.53,69.5
2022-09-01 06:00:00,78.2,78.07,78.28,78.16,78.28,77.99,78.88,78.02,77.96,78.07,78.04,78.17,78.17,78.31,80.09
2022-09-01 07:00:00,78.05,77.97,78.1,78.0,78.03,77.95,78.49,77.96,77.94,77.97,77.97,78.0,78.0,78.09,79.26
2022-09-01 08:00:00,76.83,76.81,76.84,76.81,76.8,76.82,76.92,76.82,76.82,76.82,76.82,76.81,76.81,76.84,77.09
2022-09-01 09:00:00,80.55,80.55,80.56,80.55,80.55,80.55,80.58,80.55,80.55,80.55,80.55,80.55,80.55,80.57,80.64
2022-09-01 10:00:00,86.23,86.23,86.23,86.23,86.23,86.23,86.24,86.23,86.23,86.23,86.23,86.23,86.23,86.25,86.26
2022-09-01 11:00:00,91.07,91.07,91.07,91.07,91.07,91.07,91.07,91.07,91.07,91.07,91.07,91.07,91.07,91.14,91.1
2022-09-01 12:00:00,95.02,95.02,95.03,95.02,95.02,95.02,95.04,95.02,95.02,95.02,95.02,95.02,95.02,95.1,95.09
2022-09-01 13:00:00,111.0,111.0,111.01,111.0,110.99,111.0,111.03,111.0,111.0,111.0,111.0,111.0,111.0,111.15,111.09
2022-09-01 14:00:00,117.89,117.9,117.9,117.89,117.88,117.87,117.93,117.88,117.88,117.9,117.9,117.89,117.89,118.05,118.02
2022-09-01 15:00:00,124.96,125.0,124.97,124.98,124.97,124.86,125.02,124.97,124.93,125.01,125.02,124.99,124.98,125.1,125.13
2022-09-01 16:00:00,124.97,124.99,124.97,125.0,124.99,124.83,125.06,124.96,124.93,125.01,125.01,125.01,124.98,125.12,125.16
2022-09-01 17:00:00,108.81,108.79,108.81,108.8,108.8,108.78,108.89,108.88,108.81,108.79,108.84,108.81,108.79,109.35,109.02
2022-09-01 18:00:00,99.92,99.89,99.94,99.89,99.88,99.89,100.11,99.93,99.91,99.89,99.92,99.89,99.88,100.12,100.43
2022-09-01 19:00:00,100.07,99.99,100.16,99.98,99.94,100.0,100.66,100.04,100.03,99.99,100.03,99.98,99.98,100.21,101.58
2022-09-01 20:00:00,90.96,90.8,91.16,90.76,90.73,90.82,92.27,90.83,90.88,90.8,90.85,90.76,90.76,90.94,94.59
2022-09-01 21:00:00,77.76,77.65,77.91,77.61,77.57,77.69,78.68,77.67,77.71,77.65,77.69,77.61,77.61,77.81,80.28
2022-09-01 22:00:00,73.06,72.94,73.19,72.93,72.95,72.95,73.93,72.94,72.96,72.94,72.96,72.93,72.93,73.09,75.63
2022-09-01 23:00:00,63.89,63.79,64.02,63.76,63.77,63.82,64.72,63.81,63.82,63.79,63.82,63.76,63.76,63.91,66.41
2022-09-02 00:00:00,70.07,70.04,70.12,70.0,69.93,70.08,70.37,70.06,70.09,70.04,70.07,70.0,70.0,70.08,70.88
2022-09-02 01:00:00,65.07,65.04,65.13,65.0,64.92,65.08,65.4,65.07,65.1,65.05,65.08,65.0,65.0,65.09,65.96
2022-09-02 02:00:00,60.19,60.16,60.24,60.12,60.05,60.19,60.51,60.18,60.21,60.16,60.19,60.11,60.11,60.21,61.07
2022-09-02 03:00:00,57.36,57.33,57.42,57.29,57.22,57.37,57.7,57.36,57.38,57.33,57.37,57.29,57.28,57.38,58.29
2022-09-02 04:00:00,57.07,57.04,57.12,57.0,56.94,57.08,57.37,57.06,57.09,57.04,57.07,57.0,57.0,57.09,57.89
2022-09-02 05:00:00,65.34,65.31,65.4,65.28,65.21,65.35,65.65,65.34,65.36,65.31,65.35,65.27,65.27,65.36,66.18
2022-09-02 06:00:00,74.04,74.02,74.08,74.0,73.96,74.05,74.26,74.04,74.05,74.02,74.05,74.0,74.0,74.08,74.66
2022-09-02 07:00:00,73.33,73.31,73.37,73.28,73.25,73.33,73.54,73.32,73.34,73.31,73.33,73.28,73.28,73.36,73.92
2022-09-02 08:00:00,75.74,75.74,75.75,75.73,75.72,75.74,75.79,75.74,75.75,75.74,75.74,75.73,75.73,75.75,75.87
2022-09-02 09:00:00,77.9,77.9,77.9,77.9,77.9,77.9,77.9,77.9,77.91,77.9,77.9,77.9,77.9,77.91,77.9
2022-09-02 10:00:00,82.5,82.5,82.5,82.5,82.5,82.5,82.5,82.5,82.5,82.5,82.5,82.5,82.5,82.51,82.5
2022-09-02 11:00:00,86.8,86.8,86.8,86.8,86.8,86.8,86.81,86.8,86.81,86.8,86.8,86.8,86.8,86.85,86.82
2022-09-02 12:00:00,97.17,97.17,97.17,97.17,97.16,97.16,97.17,97.17,97.17,97.17,97.17,97.17,97.17,97.21,97.18
2022-09-02 13:00:00,111.34,111.34,111.34,111.34,111.33,111.33,111.34,111.33,111.34,111.34,111.34,111.34,111.34,111.43,111.36
2022-09-02 14:00:00,121.0,121.0,121.0,121.0,121.0,121.0,121.0,121.0,121.0,121.0,121.0,121.0,121.0,121.11,121.03
2022-09-02 15:00:00,141.87,141.91,141.87,141.88,141.87,141.81,141.88,141.86,141.87,141.92,141.93,141.88,141.88,141.98,141.9
2022-09-02 16:00:00,150.02,150.0,150.01,150.05,150.05,149.96,150.05,150.05,150.1,150.0,150.03,150.05,150.05,150.12,150.09
2022-09-02 17:00:00,120.25,120.23,120.25,120.26,120.26,120.19,120.31,120.29,120.35,120.23,120.26,120.26,120.26,120.35,120.41
2022-09-02 18:00:00,107.18,107.15,107.18,107.19,107.18,107.12,107.27,107.2,107.34,107.15,107.2,107.19,107.19,107.12,107.4
2022-09-02 19:00:00,102.08,102.0,102.1,102.11,102.1,101.87,102.42,102.18,102.64,102.0,102.17,102.11,102.11,101.59,102.88
2022-09-02 20:00:00,92.88,92.82,92.99,92.77,92.65,92.83,93.55,92.91,93.07,92.82,92.93,92.77,92.76,92.78,94.58
2022-09-02 21:00:00,79.67,79.63,79.75,79.58,79.48,79.68,80.12,79.67,79.72,79.63,79.68,79.57,79.57,79.74,80.86
2022-09-02 22:00:00,76.92,76.89,76.99,76.85,76.78,76.93,77.26,76.92,76.95,76.89,76.93,76.85,76.85,76.95,77.84
2022-09-02 23:00:00,71.98,71.95,72.04,71.91,71.84,71.99,72.32,71.98,72.01,71.95,71.99,71.91,71.91,72.01,72.9
2022-09-03 00:00:00,68.4,68.39,68.43,68.37,68.33,68.41,68.57,68.4,68.41,68.39,68.4,68.36,68.36,68.42,68.87
2022-09-03 01:00:00,63.35,63.34,63.38,63.32,63.28,63.36,63.52,63.35,63.37,63.34,63.36,63.32,63.32,63.37,63.82
2022-09-03 02:00:00,63.12,63.11,63.16,63.09,63.05,63.13,63.3,63.12,63.14,63.11,63.13,63.08,63.08,63.14,63.65
2022-09-03 03:00:00,62.09,62.08,62.13,62.05,62.01,62.1,62.29,62.09,62.11,62.08,62.1,62.05,62.05,62.12,62.66
2022-09-03 04:00:00,61.46,61.44,61.48,61.43,61.4,61.46,61.6,61.45,61.47,61.44,61.46,61.42,61.42,61.48,61.88
2022-09-03 05:00:00,63.94,63.93,63.97,63.9,63.87,63.95,64.12,63.94,63.96,63.93,63.95,63.9,63.9,63.96,64.46
2022-09-03 06:00:00,60.79,60.78,60.82,60.76,60.73,60.8,60.94,60.79,60.8,60.78,60.79,60.76,60.76,60.81,61.22
2022-09-03 07:00:00,62.57,62.56,62.59,62.54,62.52,62.57,62.7,62.57,62.58,62.56,62.57,62.54,62.54,62.59,62.95
2022-09-03 08:00:00,63.46,63.46,63.47,63.45,63.45,63.46,63.49,63.46,63.46,63.46,63.46,63.45,63.45,63.47,63.56
2022-09-03 09:00:00,68.7,68.7,68.7,68.7,68.7,68.7,68.7,68.7,68.71,68.7,68.7,68.7,68.7,68.71,68.71
2022-09-03 10:00:00,75.01,75.01,75.01,75.01,75.01,75.01,75.01,75.01,75.01,75.01,75.01,75.01,75.01,75.02,75.03
2022-09-03 11:00:00,80.04,80.04,80.04,80.04,80.04,80.04,80.04,80.04,80.04,80.04,80.04,80.04,80.04,80.04,80.06
2022-09-03 12:00:00,87.69,87.69,87.69,87.69,87.68,87.69,87.69,87.69,87.69,87.69,87.69,87.69,87.69,87.69,87.71
2022-09-03 13:00:00,89.37,89.37,89.37,89.37,89.36,89.37,89.37,89.37,89.37,89.37,89.37,89.37,89.37,89.38,89.4
2022-09-03 14:00:00,90.35,90.35,90.35,90.35,90.35,90.35,90.36,90.35,90.35,90.35,90.35,90.35,90.35,90.39,90.38
2022-09-03 15:00:00,89.28,89.28,89.28,89.28,89.27,89.28,89.29,89.28,89.28,89.28,89.28,89.28,89.28,89.31,89.33
2022-09-03 16:00:00,95.96,95.96,95.96,95.96,95.96,95.96,95.97,95.96,95.96,95.96,95.96,95.96,95.96,95.97,96.0
2022-09-03 17:00:00,89.99,89.98,89.99,89.98,89.98,89.99,90.0,89.99,89.99,89.98,89.99,89.98,89.98,90.0,90.03
2022-09-03 18:00:00,95.01,95.0,95.02,95.0,94.98,95.01,95.07,95.01,95.02,95.0,95.01,95.0,95.0,95.02,95.18
2022-09-03 19:00:00,100.38,100.37,100.4,100.35,100.33,100.38,100.5,100.38,100.39,100.37,100.38,100.35,100.35,100.39,100.69
2022-09-03 20:00:00,93.24,93.2,93.33,93.14,93.04,93.26,93.71,93.24,93.28,93.2,93.25,93.13,93.13,93.27,94.49
2022-09-03 21:00:00,78.88,78.85,78.93,78.81,78.75,78.89,79.16,78.87,78.9,78.85,78.88,78.81,78.81,78.9,79.65
2022-09-03 22:00:00,76.95,76.92,77.01,76.88,76.8,76.96,77.28,76.95,76.98,76.92,76.96,76.87,76.87,76.97,77.85
2022-09-03 23:00:00,73.25,73.22,73.3,73.18,73.12,73.26,73.54,73.24,73.27,73.22,73.25,73.18,73.18,73.27,74.04
2022-09-04 00:00:00,70.31,70.29,70.33,70.28,70.24,70.31,70.45,70.31,70.32,70.29,70.31,70.27,70.27,70.32,70.72
2022-09-04 01:00:00,67.79,67.78,67.82,67.76,67.73,67.8,67.94,67.79,67.81,67.78,67.8,67.76,67.76,67.8,68.23
2022-09-04 02:00:00,65.14,65.12,65.17,65.1,65.07,65.14,65.3,65.13,65.15,65.12,65.14,65.1,65.1,65.15,65.62
2022-09-04 03:00:00,63.95,63.94,63.98,63.92,63.89,63.96,64.12,63.95,63.97,63.94,63.95,63.92,63.91,63.96,64.44
2022-09-04 04:00:00,62.4,62.38,62.42,62.37,62.34,62.4,62.54,62.4,62.41,62.38,62.4,62.36,62.36,62.41,62.83
2022-09-04 05:00:00,62.56,62.55,62.59,62.53,62.5,62.57,62.72,62.56,62.58,62.55,62.57,62.53,62.53,62.57,63.04
2022-09-04 06:00:00,60.13,60.11,60.15,60.1,60.07,60.13,60.25,60.12,60.14,60.12,60.13,60.1,60.1,60.13,60.49
2022-09-04 07:00:00,60.03,60.01,60.05,60.0,59.97,60.03,60.15,60.02,60.04,60.01,60.03,60.0,60.0,60.03,60.4
2022-09-04 08:00:00,60.0,60.0,60.01,60.0,59.99,60.0,60.03,60.0,60.0,60.0,60.0,60.0,60.0,60.0,60.09
2022-09-04 09:00:00,61.84,61.84,61.84,61.84,61.84,61.84,61.85,61.84,61.84,61.84,61.84,61.84,61.84,61.85,61.86
2022-09-04 10:00:00,65.67,65.67,65.67,65.67,65.67,65.67,65.67,65.67,65.67,65.67,65.67,65.67,65.67,65.67,65.69
2022-09-04 11:00:00,71.02,71.02,71.03,71.02,71.02,71.02,71.03,71.02,71.03,71.02,71.02,71.02,71.02,71.03,71.08
2022-09-04 12:00:00,77.87,77.86,77.87,77.86,77.86,77.87,77.88,77.87,77.87,77.86,77.87,77.87,77.86,77.87,77.93
2022-09-04 13:00:00,81.61,81.61,81.61,81.61,81.61,81.61,81.59,81.61,81.61,81.61,81.61,81.61,81.61,81.62,81.75
2022-09-04 14:00:00,89.18,89.19,89.18,89.19,89.19,89.19,89.15,89.19,89.18,89.19,89.19,89.19,89.19,89.2,89.35
2022-09-04 15:00:00,92.05,92.05,92.05,92.05,92.04,92.05,92.04,92.05,92.05,92.05,92.05,92.05,92.05,92.06,92.21
2022-09-04 16:00:00,95.39,95.39,95.38,95.39,95.39,95.39,95.36,95.39,95.39,95.39,95.39,95.39,95.39,95.4,95.59
2022-09-04 17:00:00,91.93,91.93,91.92,91.93,91.92,91.93,91.91,91.93,91.93,91.93,91.93,91.93,91.93,91.94,92.11
2022-09-04 18:00:00,94.64,94.63,94.65,94.63,94.6,94.64,94.71,94.64,94.65,94.63,94.64,94.63,94.62,94.65,94.92
2022-09-04 19:00:00,109.69,109.68,109.72,109.66,109.61,109.7,109.85,109.69,109.71,109.68,109.7,109.66,109.66,109.71,110.26
2022-09-04 20:00:00,92.0,91.95,92.08,91.89,91.78,92.01,92.47,91.99,92.04,91.96,92.01,91.89,91.89,92.03,93.3
2022-09-04 21:00:00,77.84,77.81,77.9,77.77,77.67,77.85,78.17,77.84,77.87,77.81,77.85,77.77,77.76,77.87,78.73
2022-09-04 22:00:00,72.17,72.14,72.24,72.09,71.94,72.19,72.55,72.17,72.21,72.14,72.18,72.09,72.08,72.21,73.21
2022-09-04 23:00:00,64.72,64.7,64.77,64.66,64.52,64.74,65.0,64.72,64.75,64.7,64.73,64.66,64.65,64.75,65.51
2022-09-05 00:00:00,60.72,60.71,60.75,60.69,60.66,60.73,60.87,60.72,60.73,60.71,60.72,60.69,60.69,60.73,61.12
2022-09-05 01:00:00,57.81,57.8,57.84,57.78,57.74,57.82,57.97,57.81,57.83,57.8,57.82,57.78,57.78,57.82,58.23
2022-09-05 02:00:00,55.53,55.52,55.56,55.5,55.46,55.54,55.68,55.53,55.54,55.52,55.53,55.5,55.49,55.54,55.95
2022-09-05 03:00:00,53.47,53.45,53.5,53.43,53.39,53.47,53.64,53.47,53.48,53.45,53.47,53.43,53.43,53.48,53.95
2022-09-05 04:00:00,54.12,54.1,54.15,54.08,54.04,54.13,54.3,54.12,54.14,54.11,54.13,54.08,54.08,54.13,54.63
2022-09-05 05:00:00,54.55,54.54,54.58,54.51,54.48,54.56,54.72,54.55,54.57,54.54,54.55,54.51,54.51,54.56,55.03
2022-09-05 06:00:00,53.63,53.62,53.66,53.6,53.57,53.64,53.77,53.63,53.65,53.62,53.64,53.6,53.6,53.64,54.02
2022-09-05 07:00:00,54.64,54.63,54.67,54.61,54.58,54.65,54.79,54.64,54.66,54.63,54.65,54.61,54.61,54.65,55.05
2022-09-05 08:00:00,55.43,55.43,55.43,55.43,55.43,55.43,55.43,55.43,55.43,55.43,55.43,55.43,55.43,55.44,55.44
2022-09-05 09:00:00,58.0,58.0,58.0,58.0,58.0,58.0,58.0,58.0,58.0,58.0,58.0,58.0,58.0,58.0,58.0
2022-09-05 10:00:00,60.0,60.0,60.0,60.0,60.0,60.0,60.0,60.0,60.0,60.0,60.0,60.0,60.0,60.0,60.01
2022-09-05 11:00:00,67.75,67.75,67.75,67.75,67.75,67.75,67.76,67.75,67.75,67.75,67.75,67.75,67.75,67.75,67.79
2022-09-05 12:00:00,77.44,77.44,77.44,77.44,77.43,77.44,77.45,77.44,77.44,77.44,77.44,77.44,77.44,77.45,77.49
2022-09-05 13:00:00,84.03,84.03,84.02,84.03,84.02,84.03,84.01,84.03,84.03,84.03,84.03,84.03,84.03,84.03,84.14
2022-09-05 14:00:00,92.23,92.23,92.22,92.23,92.24,92.23,92.18,92.23,92.23,92.23,92.23,92.23,92.23,92.26,92.37
2022-09-05 15:00:00,96.84,96.85,96.84,96.85,96.85,96.85,96.81,96.85,96.85,96.85,96.85,96.85,96.85,96.88,97.0
2022-09-05 16:00:00,100.05,100.06,100.04,100.06,100.06,100.05,100.0,100.06,100.06,100.06,100.06,100.06,100.06,100.1,100.24
2022-09-05 17:00:00,97.08,97.09,97.08,97.09,97.09,97.09,97.05,97.09,97.09,97.09,97.09,97.09,97.09,97.12,97.25
2022-09-05 18:00:00,101.5,101.5,101.5,101.49,101.48,101.5,101.53,101.5,101.5,101.5,101.5,101.49,101.49,101.54,101.66
2022-09-05 19:00:00,125.0,124.99,125.03,124.97,124.93,125.01,125.16,125.0,125.02,124.99,125.01,124.97,124.97,125.05,125.53
2022-09-05 20:00:00,91.84,91.8,91.92,91.75,91.65,91.86,92.28,91.84,91.88,91.8,91.85,91.74,91.74,91.87,93.0
2022-09-05 21:00:00,74.16,74.14,74.21,74.1,74.02,74.17,74.42,74.16,74.19,74.14,74.17,74.1,74.1,74.18,74.85
2022-09-05 22:00:00,65.52,65.49,65.58,65.45,65.37,65.53,65.85,65.52,65.55,65.49,65.53,65.44,65.44,65.54,66.4
2022-09-05 23:00:00,59.71,59.69,59.75,59.65,59.6,59.72,59.96,59.71,59.73,59.69,59.72,59.65,59.65,59.73,60.4
2022-09-06 00:00:00,56.22,56.21,56.26,56.18,56.14,56.23,56.42,56.22,56.24,56.21,56.23,56.18,56.18,56.24,56.76
2022-09-06 01:00:00,53.0,52.98,53.04,52.95,52.9,53.0,53.21,53.0,53.02,52.98,53.0,52.95,52.95,53.01,53.58
2022-09-06 02:00:00,51.7,51.68,51.73,51.65,51.6,51.7,51.91,51.69,51.71,51.68,51.7,51.65,51.64,51.71,52.29
2022-09-06 03:00:00,50.04,50.03,50.08,50.0,49.96,50.05,50.25,50.04,50.06,50.03,50.05,50.0,50.0,50.06,50.6
2022-09-06 04:00:00,51.25,51.23,51.29,51.2,51.16,51.26,51.47,51.25,51.27,51.23,51.26,51.2,51.2,51.26,51.84
2022-09-06 05:00:00,55.95,55.93,55.99,55.9,55.86,55.96,56.15,55.95,55.97,55.93,55.95,55.9,55.9,55.96,56.51
2022-09-06 06:00:00,60.04,60.03,60.08,60.0,59.95,60.05,60.24,60.04,60.06,60.03,60.05,60.0,60.0,60.06,60.6
2022-09-06 07:00:00,63.65,63.63,63.68,63.62,63.58,63.64,63.82,63.67,63.64,63.63,63.63,63.62,63.62,63.69,64.14
2022-09-06 08:00:00,62.48,62.48,62.48,62.49,62.48,62.47,62.5,62.5,62.47,62.48,62.46,62.49,62.49,62.52,62.52
2022-09-06 09:00:00,62.99,62.98,62.99,63.0,62.99,62.98,62.99,63.02,62.98,62.98,62.98,63.0,63.0,63.04,63.0
2022-09-06 10:00:00,66.01,66.0,66.0,66.01,66.0,65.99,66.0,66.02,66.0,66.0,65.99,66.01,66.01,66.03,66.03
2022-09-06 11:00:00,76.26,76.27,76.25,76.28,76.27,76.26,76.22,76.28,76.26,76.27,76.25,76.28,76.27,76.3,76.39
2022-09-06 12:00:00,84.88,84.89,84.86,84.92,84.91,84.86,84.77,84.9,84.85,84.89,84.86,84.92,84.92,84.91,84.97
2022-09-06 13:00:00,95.78,95.79,95.76,95.81,95.81,95.78,95.66,95.78,95.78,95.79,95.78,95.81,95.81,95.85,95.95
2022-09-06 14:00:00,104.98,105.0,104.95,105.03,105.03,104.97,104.79,104.99,104.96,105.0,104.97,105.03,105.03,105.05,105.19
2022-09-06 15:00:00,122.17,122.17,122.14,122.2,122.22,122.16,122.03,122.25,122.17,122.17,122.2,122.21,122.2,122.26,122.44
2022-09-06 16:00:00,138.06,138.06,138.03,138.09,138.11,138.06,137.91,138.14,138.06,138.06,138.1,138.09,138.08,138.19,138.47
2022-09-06 17:00:00,119.36,119.36,119.34,119.38,119.4,119.35,119.27,119.51,119.37,119.36,119.42,119.39,119.38,119.49,119.68
2022-09-06 18:00:00,124.84,124.82,124.84,124.83,124.82,124.81,124.91,125.04,124.83,124.82,124.9,124.84,124.82,124.93,125.13
2022-09-06 19:00:00,138.94,138.9,139.0,138.88,138.81,138.93,139.27,139.13,138.96,138.9,139.01,138.88,138.88,139.04,139.83
2022-09-06 20:00:00,105.08,105.0,105.23,104.89,104.69,105.1,105.93,105.08,105.15,105.0,105.1,104.88,104.88,105.15,107.39
2022-09-06 21:00:00,80.9,80.84,81.0,80.77,80.62,80.92,81.49,80.89,80.95,80.84,80.91,80.76,80.76,80.95,82.52
2022-09-06 22:00:00,74.11,74.07,74.2,74.0,73.89,74.13,74.61,74.11,74.15,74.07,74.13,74.0,74.0,74.15,75.46
2022-09-06 23:00:00,65.66,65.63,65.72,65.58,65.5,65.67,66.0,65.65,65.69,65.63,65.67,65.58,65.58,65.68,66.59
2022-09-07 00:00:00,69.65,69.64,69.68,69.62,69.57,69.66,69.83,69.65,69.67,69.64,69.66,69.61,69.61,69.66,70.13
2022-09-07 01:00:00,61.36,61.34,61.4,61.32,61.27,61.37,61.55,61.36,61.38,61.34,61.36,61.32,61.32,61.37,61.89
2022-09-07 02:00:00,58.47,58.46,58.51,58.43,58.38,58.48,58.67,58.47,58.49,58.46,58.48,58.43,58.43,58.48,59.02
2022-09-07 03:00:00,58.82,58.8,58.86,58.78,58.73,58.83,59.02,58.82,58.84,58.8,58.82,58.78,58.77,58.83,59.38
2022-09-07 04:00:00,60.04,60.02,60.07,60.0,59.96,60.04,60.22,60.04,60.05,60.02,60.04,60.0,60.0,60.05,60.54
2022-09-07 05:00:00,67.69,67.67,67.72,67.65,67.61,67.69,67.87,67.68,67.7,67.67,67.69,67.65,67.64,67.7,68.2
2022-09-07 06:00:00,74.88,74.87,74.91,74.85,74.82,74.89,75.04,74.88,74.89,74.87,74.88,74.85,74.85,74.89,75.34
2022-09-07 07:00:00,74.83,74.82,74.86,74.8,74.77,74.83,74.97,74.83,74.83,74.82,74.83,74.8,74.8,74.84,75.24
2022-09-07 08:00:00,71.01,71.0,71.01,71.0,70.99,71.0,71.03,71.01,71.0,71.0,71.0,71.0,71.0,71.01,71.09
2022-09-07 09:00:00,68.69,68.69,68.69,68.7,68.69,68.68,68.69,68.71,68.68,68.69,68.67,68.7,68.7,68.7,68.7
2022-09-07 10:00:00,74.83,74.83,74.83,74.84,74.83,74.81,74.83,74.85,74.82,74.83,74.8,74.84,74.84,74.83,74.83
2022-09-07 11:00:00,81.15,81.16,81.14,81.18,81.16,81.12,81.09,81.21,81.12,81.16,81.12,81.18,81.17,81.17,81.26
2022-09-07 12:00:00,89.85,89.86,89.82,89.89,89.87,89.8,89.74,89.95,89.78,89.86,89.8,89.9,89.89,89.87,89.97
2022-09-07 13:00:00,95.3,95.33,95.22,95.4,95.41,95.26,94.9,95.28,95.26,95.33,95.27,95.4,95.4,95.31,95.57
2022-09-07 14:00:00,101.09,101.16,100.94,101.29,101.35,101.06,100.23,101.08,101.12,101.16,101.05,101.29,101.3,101.09,102.03
2022-09-07 15:00:00,114.28,114.32,114.16,114.45,114.5,114.21,113.64,114.27,114.28,114.32,114.23,114.47,114.46,114.25,114.75
2022-09-07 16:00:00,111.32,111.36,111.21,111.45,111.5,111.28,110.75,111.38,111.33,111.36,111.33,111.47,111.46,111.34,111.98
2022-09-07 17:00:00,100.93,100.97,100.87,101.0,101.05,100.94,100.58,101.0,100.96,100.97,100.97,101.01,101.0,101.0,101.7
2022-09-07 18:00:00,106.62,106.61,106.63,106.61,106.6,106.62,106.68,106.62,106.62,106.61,106.62,106.62,106.61,106.67,106.99
2022-09-07 19:00:00,130.66,130.63,130.72,130.59,130.52,130.66,131.0,130.7,130.69,130.63,130.69,130.6,130.59,130.72,131.93
2022-09-07 20:00:00,113.45,113.38,113.6,113.27,113.07,113.48,114.28,113.44,113.52,113.38,113.47,113.26,113.26,113.52,115.77
2022-09-07 21:00:00,78.84,78.79,78.94,78.73,78.6,78.86,79.37,78.84,78.89,78.8,78.86,78.72,78.72,78.88,80.28
2022-09-07 22:00:00,72.39,72.36,72.47,72.3,72.21,72.41,72.8,72.39,72.43,72.36,72.4,72.3,72.3,72.42,73.55
2022-09-07 23:00:00,67.76,67.74,67.82,67.7,67.63,67.77,68.05,67.76,67.79,67.74,67.77,67.7,67.7,67.78,68.56
2022-09-08 00:00:00,63.07,63.05,63.11,63.02,62.97,63.08,63.3,63.07,63.09,63.05,63.08,63.02,63.02,63.08,63.74
2022-09-08 01:00:00,60.47,60.45,60.52,60.41,60.36,60.48,60.74,60.47,60.5,60.45,60.48,60.41,60.41,60.49,61.31
2022-09-08 02:00:00,58.01,57.98,58.06,57.95,57.89,58.02,58.28,58.0,58.03,57.98,58.01,57.94,57.94,58.02,58.88
2022-09-08 03:00:00,55.02,54.99,55.06,54.96,54.91,55.02,55.27,55.01,55.04,54.99,55.02,54.96,54.96,55.03,55.84
2022-09-08 04:00:00,57.13,57.1,57.17,57.07,57.03,57.14,57.38,57.12,57.15,57.1,57.13,57.07,57.06,57.15,58.07
2022-09-08 05:00:00,64.13,64.1,64.17,64.07,64.02,64.14,64.38,64.13,64.15,64.1,64.13,64.07,64.06,64.15,65.12
2022-09-08 06:00:00,74.05,74.03,74.08,74.0,73.96,74.06,74.23,74.05,74.08,74.04,74.06,74.0,74.0,74.07,75.11
2022-09-08 07:00:00,73.21,73.19,73.24,73.17,73.14,73.2,73.38,73.21,73.21,73.19,73.2,73.17,73.17,73.21,73.99
2022-09-08 08:00:00,69.24,69.23,69.24,69.23,69.22,69.23,69.25,69.24,69.23,69.23,69.23,69.23,69.23,69.24,69.38
2022-09-08 09:00:00,66.34,66.34,66.33,66.35,66.35,66.33,66.3,66.35,66.33,66.34,66.33,66.35,66.35,66.35,66.43
2022-09-08 10:00:00,71.79,71.8,71.78,71.81,71.8,71.79,71.72,71.81,71.79,71.8,71.79,71.81,71.81,71.8,72.04
2022-09-08 11:00:00,79.01,79.03,78.99,79.04,79.02,79.01,78.89,79.03,79.0,79.02,79.01,79.04,79.04,79.03,79.41
2022-09-08 12:00:00,87.72,87.75,87.68,87.79,87.76,87.69,87.49,87.81,87.63,87.75,87.69,87.79,87.78,87.76,88.27
2022-09-08 13:00:00,100.04,100.09,99.96,100.12,100.14,100.06,99.59,100.07,100.05,100.09,100.06,100.12,100.12,100.08,101.16
2022-09-08 14:00:00,116.37,116.42,116.29,116.47,116.49,116.37,115.9,116.39,116.37,116.42,116.38,116.47,116.47,116.41,117.49
2022-09-08 15:00:00,141.98,142.03,141.9,142.08,142.1,141.99,141.51,142.02,141.98,142.03,142.0,142.08,142.08,142.06,143.11
2022-09-08 16:00:00,158.57,158.63,158.48,158.67,158.67,158.6,158.04,158.64,158.59,158.63,158.62,158.67,158.67,158.69,160.31
2022-09-08 17:00:00,130.17,130.25,130.05,130.3,130.36,130.21,129.43,130.27,130.2,130.25,130.24,130.3,130.3,130.3,132.37
2022-09-08 18:00:00,131.19,131.16,131.21,131.16,131.06,131.17,131.36,131.19,131.17,131.16,131.18,131.16,131.16,131.24,132.61
2022-09-08 19:00:00,178.41,178.35,178.54,178.25,176.78,178.43,179.12,178.71,178.48,178.35,178.54,178.25,178.23,178.52,181.79
2022-09-08 20:00:00,105.84,105.78,106.1,105.5,102.67,106.01,107.11,105.95,106.1,105.78,106.01,105.48,105.45,106.06,110.54
2022-09-08 21:00:00,78.6,78.55,78.77,78.37,76.84,78.71,79.44,78.66,78.77,78.56,78.71,78.35,78.34,78.75,82.07
2022-09-08 22:00:00,65.26,65.22,65.43,65.02,63.36,65.38,66.1,65.33,65.45,65.22,65.37,65.01,64.99,65.42,68.8
2022-09-08 23:00:00,59.19,59.18,59.32,59.02,57.25,59.3,59.78,59.26,59.34,59.18,59.29,59.01,59.0,59.32,60.96
2022-09-09 00:00:00,60.3,60.29,60.4,60.15,58.21,60.41,60.76,60.38,60.45,60.3,60.41,60.14,60.12,60.42,61.72
2022-09-09 01:00:00,53.85,53.84,53.96,53.7,51.99,53.95,54.35,53.92,53.99,53.84,53.95,53.69,53.68,53.96,55.35
2022-09-09 02:00:00,48.31,48.29,48.42,48.16,46.59,48.4,48.83,48.37,48.44,48.3,48.4,48.15,48.14,48.41,49.87
2022-09-09 03:00:00,46.86,46.84,46.97,46.72,45.31,46.95,47.37,46.92,46.98,46.84,46.94,46.71,46.69,46.95,48.39
2022-09-09 04:00:00,47.69,47.67,47.78,47.56,46.47,47.76,48.14,47.73,47.79,47.67,47.75,47.56,47.55,47.77,49.06
2022-09-09 05:00:00,54.41,54.39,54.49,54.31,53.67,54.45,54.8,54.43,54.48,54.39,54.45,54.3,54.3,54.46,55.55
2022-09-09 06:00:00,56.95,56.95,56.99,56.89,56.39,56.99,57.15,56.98,57.01,56.95,56.99,56.89,56.88,57.0,57.9
2022-09-09 07:00:00,57.39,57.38,57.43,57.33,57.08,57.41,57.6,57.4,57.42,57.38,57.41,57.33,57.33,57.41,58.2
2022-09-09 08:00:00,57.38,57.38,57.38,57.38,57.37,57.38,57.39,57.38,57.38,57.38,57.38,57.38,57.38,57.38,57.43
2022-09-09 09:00:00,60.94,60.94,60.94,60.94,60.94,60.94,60.94,60.94,60.94,60.94,60.94,60.94,60.94,60.95,60.96
2022-09-09 10:00:00,62.94,63.01,62.96,62.89,62.95,63.01,62.93,63.01,63.01,63.01,63.01,62.94,62.95,63.02,63.06
2022-09-09 11:00:00,70.14,70.18,70.14,70.12,70.15,70.18,70.07,70.18,70.18,70.18,70.17,70.15,70.15,70.2,70.4
2022-09-09 12:00:00,79.98,79.99,79.97,80.0,80.0,79.99,79.88,79.99,79.99,79.99,79.99,80.0,80.0,80.02,80.31
2022-09-09 13:00:00,94.96,95.0,94.94,94.97,94.99,94.99,94.81,94.99,94.99,95.0,94.99,94.98,94.98,95.05,95.42
2022-09-09 14:00:00,102.75,102.8,102.73,102.76,102.8,102.79,102.58,102.8,102.79,102.8,102.79,102.78,102.78,102.86,103.26
2022-09-09 15:00:00,118.28,118.35,118.26,118.29,118.34,118.34,118.07,118.34,118.34,118.35,118.34,118.31,118.32,118.41,118.93
2022-09-09 16:00:00,121.63,121.7,121.61,121.64,121.69,121.69,121.4,121.69,121.69,121.7,121.69,121.67,121.67,121.78,122.38
2022-09-09 17:00:00,103.44,103.48,103.42,103.45,103.48,103.47,103.27,103.48,103.48,103.48,103.48,103.47,103.47,103.57,104.06
2022-09-09 18:00:00,100.01,100.03,100.02,100.0,99.97,100.03,100.01,100.03,100.04,100.03,100.03,100.01,100.01,100.06,100.51
2022-09-09 19:00:00,95.0,95.0,95.08,94.91,94.35,95.03,95.37,95.04,95.07,95.0,95.05,94.92,94.91,95.04,96.76
2022-09-09 20:00:00,74.21,74.16,74.35,74.03,73.06,74.25,74.95,74.26,74.37,74.16,74.29,74.02,74.01,74.21,76.56
2022-09-09 21:00:00,62.35,62.32,62.49,62.17,61.0,62.43,63.02,62.41,62.55,62.33,62.44,62.16,62.15,62.46,64.3
2022-09-09 22:00:00,56.55,56.52,56.68,56.39,55.34,56.63,57.15,56.6,56.67,56.53,56.63,56.39,56.37,56.65,58.31
2022-09-09 23:00:00,53.32,53.36,53.43,53.16,52.1,53.44,53.74,53.42,53.47,53.36,53.44,53.18,53.18,53.46,54.63
2022-09-10 00:00:00,53.77,53.54,54.48,52.85,47.14,54.14,57.38,53.95,54.37,53.55,54.1,52.8,52.73,54.22,64.6
2022-09-10 01:00:00,49.52,49.24,50.26,48.59,44.3,49.83,53.38,49.63,50.05,49.26,49.78,48.55,48.49,49.91,60.88
2022-09-10 02:00:00,47.6,47.38,48.22,46.81,42.66,47.88,50.82,47.72,48.07,47.39,47.85,46.77,46.72,47.94,57.16
2022-09-10 03:00:00,46.53,46.34,47.04,45.87,42.48,46.76,49.19,46.62,46.91,46.35,46.73,45.84,45.8,46.81,54.5
2022-09-10 04:00:00,48.59,48.45,48.97,48.1,45.74,48.75,50.59,48.65,48.87,48.45,48.73,48.08,48.05,48.79,54.54
2022-09-10 05:00:00,51.53,51.38,51.93,51.04,49.07,51.68,53.62,51.58,51.79,51.38,51.66,51.02,50.99,51.71,57.76
2022-09-10 06:00:00,52.76,52.71,52.95,52.52,50.89,52.86,53.69,52.82,52.92,52.71,52.86,52.51,52.49,52.88,55.64
2022-09-10 07:00:00,53.17,53.14,53.3,53.01,51.68,53.25,53.78,53.22,53.29,53.14,53.25,53.0,52.99,53.26,55.07
2022-09-10 08:00:00,56.38,56.37,56.39,56.36,56.22,56.39,56.44,56.38,56.39,56.37,56.38,56.36,56.36,56.39,56.63
2022-09-10 09:00:00,56.05,56.05,56.05,56.05,56.04,56.05,56.05,56.05,56.05,56.05,56.05,56.05,56.05,56.06,56.15
2022-09-10 10:00:00,61.7,61.7,61.69,61.71,61.71,61.71,61.62,61.71,61.71,61.7,61.71,61.71,61.71,61.74,61.93
2022-09-10 11:00:00,66.5,66.52,66.47,66.52,66.52,66.53,66.33,66.52,66.53,66.52,66.52,66.52,66.52,66.57,66.87
2022-09-10 12:00:00,75.89,75.92,75.84,75.93,75.95,75.9,75.62,75.91,75.9,75.92,75.9,75.93,75.93,75.97,76.44
2022-09-10 13:00:00,80.14,80.17,80.09,80.19,80.21,80.16,79.83,80.17,80.16,80.18,80.16,80.19,80.19,80.26,80.87
2022-09-10 14:00:00,98.17,98.2,98.12,98.23,98.26,98.18,97.86,98.19,98.17,98.2,98.18,98.23,98.23,98.26,98.87
2022-09-10 15:00:00,104.88,104.97,104.77,105.0,105.09,104.94,104.19,104.95,104.93,104.97,104.94,105.0,105.0,105.02,106.59
2022-09-10 16:00:00,112.18,112.25,112.08,112.28,112.36,112.23,111.57,112.24,112.22,112.25,112.23,112.28,112.27,112.3,113.64
2022-09-10 17:00:00,101.67,101.75,101.56,101.78,101.75,101.73,100.99,101.73,101.72,101.75,101.73,101.77,101.77,101.81,103.39
2022-09-10 18:00:00,93.55,93.53,93.58,93.51,92.94,93.55,93.7,93.55,93.57,93.54,93.56,93.53,93.51,93.63,95.15
2022-09-10 19:00:00,94.85,94.82,95.02,94.62,92.36,94.97,95.69,94.95,95.06,94.82,94.99,94.61,94.58,95.02,98.88
2022-09-10 20:00:00,72.43,72.31,72.77,72.0,70.05,72.58,74.19,72.52,72.73,72.32,72.6,71.98,71.95,72.6,78.83
2022-09-10 21:00:00,62.89,62.79,63.21,62.49,60.21,63.05,64.48,62.98,63.17,62.8,63.05,62.47,62.44,63.08,68.05
2022-09-10 22:00:00,58.66,58.46,59.18,58.0,55.42,58.87,61.4,58.74,59.02,58.46,58.84,57.97,57.93,58.92,66.96
2022-09-10 23:00:00,59.43,59.2,59.97,58.75,56.28,59.62,62.3,59.49,59.78,59.21,59.59,58.72,58.68,59.67,67.49
2022-09-11 00:00:00,55.63,55.49,55.97,55.2,53.91,55.75,57.46,55.66,55.86,55.49,55.73,55.18,55.16,55.8,60.92
2022-09-11 01:00:00,56.53,56.37,56.88,56.1,55.21,56.63,58.43,56.54,56.73,56.38,56.61,56.09,56.07,56.67,61.99
2022-09-11 02:00:00,50.99,50.84,51.32,50.57,49.72,51.09,52.81,50.99,51.19,50.84,51.06,50.55,50.53,51.13,56.31
2022-09-11 03:00:00,48.81,48.61,49.25,48.27,47.42,48.93,51.19,48.8,49.05,48.61,48.89,48.25,48.23,48.98,55.79
2022-09-11 04:00:00,46.36,46.24,46.6,46.06,45.73,46.42,47.7,46.35,46.49,46.25,46.4,46.05,46.04,46.45,50.28
2022-09-11 05:00:00,46.72,46.59,47.0,46.38,45.99,46.79,48.24,46.71,46.87,46.59,46.76,46.37,46.35,46.82,51.23
2022-09-11 06:00:00,48.33,48.28,48.42,48.21,48.11,48.35,48.83,48.32,48.38,48.28,48.34,48.21,48.21,48.37,49.84
2022-09-11 07:00:00,47.09,47.05,47.16,47.0,46.91,47.11,47.48,47.09,47.13,47.06,47.1,47.0,47.0,47.12,48.28
2022-09-11 08:00:00,48.59,48.62,48.59,48.54,48.44,48.81,48.38,48.62,49.03,48.62,48.54,48.55,48.55,48.94,48.33
2022-09-11 09:00:00,51.21,51.38,51.17,51.13,50.7,51.71,50.48,51.18,52.26,51.39,50.96,51.16,51.15,52.11,50.3
2022-09-11 10:00:00,53.73,52.94,53.71,53.35,53.18,55.49,53.07,54.06,55.78,52.93,54.07,53.36,53.33,57.32,52.94
2022-09-11 11:00:00,55.34,54.3,55.32,55.0,54.94,57.08,54.91,55.77,57.02,54.29,55.86,55.0,54.98,59.22,54.86
2022-09-11 12:00:00,62.62,62.65,62.62,62.6,62.57,62.69,62.55,62.64,63.05,62.65,62.65,62.6,62.6,62.91,62.54
2022-09-11 13:00:00,70.18,70.19,70.18,70.18,70.17,70.2,70.14,70.2,70.21,70.19,70.2,70.18,70.18,70.25,70.23
2022-09-11 14:00:00,77.18,77.19,77.16,77.19,77.19,77.18,77.1,77.18,77.18,77.18,77.18,77.19,77.19,77.22,77.35
2022-09-11 15:00:00,81.57,81.58,81.55,81.58,81.59,81.58,81.46,81.58,81.58,81.58,81.58,81.58,81.58,81.62,81.82
2022-09-11 16:00:00,90.99,91.01,90.97,91.01,91.02,91.0,90.85,91.0,91.0,91.01,91.0,91.01,91.01,91.05,91.35
2022-09-11 17:00:00,92.98,93.0,92.95,93.01,93.02,92.99,92.81,92.99,92.99,93.0,92.99,93.01,93.01,93.03,93.41
2022-09-11 18:00:00,112.27,112.26,112.29,112.26,112.25,112.27,112.36,112.27,112.28,112.27,112.27,112.26,112.26,112.31,112.92
2022-09-11 19:00:00,127.7,127.68,127.76,127.6,127.52,127.75,128.03,127.7,127.79,127.68,127.74,127.6,127.6,127.83,129.88
2022-09-11 20:00:00,90.09,90.0,90.31,89.82,89.55,90.17,91.23,90.09,90.25,90.0,90.15,89.81,89.81,90.25,94.12
2022-09-11 21:00:00,76.17,76.09,76.34,75.95,75.77,76.22,77.11,76.16,76.28,76.09,76.21,75.94,75.94,76.27,79.19
2022-09-11 22:00:00,68.06,67.97,68.26,67.8,67.59,68.14,69.11,68.08,68.2,67.98,68.12,67.79,67.78,68.17,71.22
2022-09-11 23:00:00,63.22,63.15,63.4,63.0,62.81,63.29,64.17,63.24,63.35,63.15,63.28,62.99,62.98,63.32,66.17
2022-09-12 00:00:00,58.93,58.87,59.05,58.78,58.5,58.96,59.57,58.93,58.99,58.87,58.95,58.77,58.77,58.97,60.68
2022-09-12 01:00:00,56.18,56.11,56.32,56.0,55.69,56.21,56.96,56.17,56.25,56.11,56.2,55.99,55.99,56.22,58.3
2022-09-12 02:00:00,52.01,51.95,52.16,51.83,51.52,52.06,52.82,52.02,52.1,51.95,52.05,51.82,51.81,52.07,54.18
2022-09-12 03:00:00,49.29,49.23,49.43,49.12,48.81,49.33,50.05,49.29,49.37,49.23,49.32,49.11,49.11,49.35,51.42
2022-09-12 04:00:00,49.3,49.23,49.44,49.12,48.82,49.33,50.06,49.29,49.37,49.23,49.32,49.12,49.11,49.34,51.42
2022-09-12 05:00:00,51.69,51.63,51.83,51.52,51.23,51.73,52.45,51.69,51.77,51.63,51.72,51.52,51.51,51.74,53.8
2022-09-12 06:00:00,57.89,57.83,58.02,57.73,57.44,57.92,58.6,57.89,57.96,57.83,57.92,57.73,57.72,57.93,59.86
2022-09-12 07:00:00,57.61,57.56,57.73,57.47,57.15,57.65,58.24,57.62,57.68,57.56,57.64,57.47,57.46,57.65,59.34
2022-09-12 08:00:00,56.01,56.0,56.02,56.0,55.98,56.01,56.06,56.01,56.01,56.0,56.01,56.0,56.0,56.01,56.15
2022-09-12 09:00:00,54.71,54.7,54.71,54.7,54.7,54.72,54.71,54.71,54.71,54.7,54.71,54.7,54.7,54.74,54.75
2022-09-12 10:00:00,56.0,55.99,56.0,56.0,56.0,56.04,55.97,56.0,56.0,56.0,56.0,56.0,56.0,56.17,56.06
2022-09-12 11:00:00,57.84,57.78,57.83,57.82,57.84,58.0,57.74,57.84,57.91,57.78,57.85,57.82,57.82,58.39,58.04
2022-09-12 12:00:00,66.31,66.32,66.29,66.33,66.34,66.32,66.21,66.32,66.32,66.32,66.32,66.32,66.33,66.39,66.56
2022-09-12 13:00:00,76.18,76.2,76.15,76.2,76.22,76.19,76.02,76.18,76.19,76.21,76.19,76.2,76.2,76.29,76.53
2022-09-12 14:00:00,81.66,81.69,81.64,81.68,81.71,81.72,81.45,81.61,81.76,81.69,81.78,81.68,81.68,81.99,82.13
2022-09-12 15:00:00,92.35,92.38,92.31,92.37,92.41,92.41,92.1,92.28,92.46,92.38,92.49,92.37,92.37,92.72,92.9
2022-09-12 16:00:00,104.58,104.61,104.54,104.63,104.66,104.6,104.32,104.62,104.62,104.6,104.66,104.62,104.63,104.8,105.25
2022-09-12 17:00:00,98.89,98.91,98.85,98.93,98.96,98.91,98.67,98.96,98.92,98.91,98.96,98.93,98.92,99.11,99.53
2022-09-12 18:00:00,124.0,123.98,124.02,123.96,123.95,124.03,124.12,123.91,124.08,123.98,124.08,123.95,123.96,124.42,124.92
2022-09-12 19:00:00,131.61,131.59,131.67,131.52,131.13,131.66,131.91,131.57,131.72,131.59,131.69,131.51,131.51,131.92,133.21
2022-09-12 20:00:00,79.59,79.53,79.75,79.39,78.77,79.66,80.41,79.6,79.71,79.53,79.65,79.38,79.37,79.73,82.22
2022-09-12 21:00:00,64.8,64.74,64.93,64.62,64.0,64.85,65.53,64.81,64.89,64.74,64.84,64.62,64.61,64.9,66.89
2022-09-12 22:00:00,55.79,55.74,55.93,55.6,54.63,55.86,56.53,55.82,55.9,55.74,55.85,55.59,55.58,55.91,57.87
2022-09-12 23:00:00,50.58,50.53,50.73,50.4,49.52,50.65,51.34,50.61,50.69,50.53,50.64,50.39,50.38,50.69,52.71
2022-09-13 00:00:00,49.91,49.86,50.12,49.64,48.22,50.07,50.89,49.95,50.25,49.87,49.98,49.62,49.6,50.12,52.97
2022-09-13 01:00:00,48.85,48.77,49.13,48.48,47.24,49.04,50.23,48.88,49.29,48.77,48.9,48.46,48.44,49.1,52.9
2022-09-13 02:00:00,43.81,43.71,44.09,43.44,42.25,43.97,45.25,43.82,44.18,43.72,43.87,43.42,43.41,44.03,47.92
2022-09-13 03:00:00,42.89,42.77,43.16,42.57,41.69,42.97,44.32,42.9,43.05,42.78,42.96,42.55,42.54,43.01,46.87
2022-09-13 04:00:00,44.05,43.93,44.31,43.73,42.94,44.12,45.45,44.05,44.19,43.93,44.11,43.71,43.7,44.15,47.96
2022-09-13 05:00:00,48.48,48.39,48.71,48.18,47.02,48.57,49.72,48.49,48.65,48.39,48.57,48.17,48.15,48.62,51.96
2022-09-13 06:00:00,56.25,56.15,56.45,56.0,55.14,56.34,57.31,56.27,56.57,56.16,56.34,55.99,55.98,56.43,59.22
2022-09-13 07:00:00,56.93,56.9,57.02,56.81,56.18,56.99,57.4,56.95,57.38,56.9,57.0,56.8,56.79,57.13,58.49
2022-09-13 08:00:00,56.04,55.91,56.04,56.0,55.92,56.24,56.01,56.11,56.59,55.91,56.14,56.0,55.99,56.71,56.04
2022-09-13 09:00:00,56.1,55.95,56.1,56.0,55.91,56.56,55.87,56.19,56.93,55.95,56.23,56.0,55.99,57.41,55.89
2022-09-13 10:00:00,58.24,57.65,58.21,58.13,58.14,59.01,58.05,58.51,59.18,57.64,58.61,58.14,58.12,60.61,58.33
2022-09-13 11:00:00,65.18,65.14,65.14,65.13,65.06,65.52,64.78,65.32,66.89,65.15,65.39,65.13,65.12,66.52,65.3
2022-09-13 12:00:00,74.92,74.92,74.85,74.99,75.0,74.99,74.49,74.93,74.89,74.93,74.97,75.0,75.0,75.29,75.3
2022-09-13 13:00:00,82.67,82.74,82.57,82.8,82.85,82.66,82.07,82.69,82.68,82.75,82.73,82.81,82.81,82.84,83.65
2022-09-13 14:00:00,93.48,93.64,93.29,93.72,93.84,93.44,92.35,93.52,93.51,93.64,93.63,93.73,93.73,93.96,95.6
2022-09-13 15:00:00,106.54,106.75,106.3,106.85,106.99,106.47,105.13,106.6,106.65,106.76,106.81,106.88,106.86,107.27,109.14
2022-09-13 16:00:00,111.26,111.51,110.98,111.62,111.77,111.09,109.69,111.5,111.33,111.51,111.53,111.68,111.64,111.92,114.56
2022-09-13 17:00:00,96.49,96.62,96.33,96.75,96.84,96.17,95.79,96.55,96.36,96.63,96.49,96.76,96.76,96.94,99.09
2022-09-13 18:00:00,100.19,100.24,100.14,100.33,100.27,99.85,100.12,100.25,100.11,100.25,100.21,100.35,100.35,100.32,101.4
2022-09-13 19:00:00,105.83,105.8,105.88,105.87,105.42,105.47,106.38,105.95,106.03,105.8,105.95,105.87,105.87,105.25,108.76
2022-09-13 20:00:00,74.76,74.72,74.91,74.63,73.77,74.64,75.67,74.91,75.22,74.72,74.99,74.63,74.6,74.47,78.25
2022-09-13 21:00:00,64.75,64.72,64.92,64.53,62.93,64.85,65.59,64.85,65.37,64.72,64.9,64.52,64.5,64.94,68.09
2022-09-13 22:00:00,54.03,53.96,54.25,53.74,51.86,54.16,55.15,54.1,54.25,53.97,54.16,53.72,53.7,54.22,57.52
2022-09-13 23:00:00,51.27,51.2,51.49,51.0,49.32,51.37,52.37,51.33,51.46,51.21,51.38,50.99,50.97,51.4,54.63
2022-09-14 00:00:00,51.13,51.14,51.32,50.83,48.97,51.43,51.89,51.24,51.72,51.15,51.21,50.81,50.79,51.49,53.91
2022-09-14 01:00:00,49.94,49.89,50.2,49.57,48.14,50.18,51.16,50.0,50.46,49.9,50.0,49.55,49.53,50.24,53.87
2022-09-14 02:00:00,46.09,46.02,46.33,45.75,44.13,46.39,47.17,46.19,46.63,46.03,46.19,45.73,45.71,46.5,49.67
2022-09-14 03:00:00,45.71,45.66,45.92,45.39,43.92,46.04,46.61,45.8,46.34,45.67,45.78,45.37,45.35,46.15,48.71
2022-09-14 04:00:00,47.07,46.92,47.25,46.77,45.52,47.42,47.9,47.17,47.62,46.92,47.17,46.76,46.74,47.64,49.8
2022-09-14 05:00:00,51.52,51.36,51.69,51.22,49.56,51.9,52.3,51.64,52.08,51.36,51.65,51.21,51.18,52.13,54.17
2022-09-14 06:00:00,56.23,55.95,56.35,56.0,54.85,56.66,56.8,56.37,56.76,55.95,56.41,55.99,55.97,57.07,58.13
2022-09-14 07:00:00,56.18,55.97,56.27,56.0,55.06,56.48,56.63,56.29,56.72,55.97,56.34,55.99,55.98,56.8,57.73
2022-09-14 08:00:00,56.14,55.89,56.14,56.0,55.39,56.72,55.96,56.49,56.94,55.89,56.39,55.99,55.98,57.48,56.05
2022-09-14 09:00:00,56.13,56.27,56.03,56.0,55.14,57.17,54.67,56.44,57.71,56.28,56.37,56.01,55.98,58.22,54.87
2022-09-14 10:00:00,55.94,56.16,55.91,55.39,54.51,58.25,53.84,56.66,60.27,56.19,56.71,55.37,55.33,59.86,53.95
2022-09-14 11:00:00,58.28,58.56,58.37,57.25,56.3,62.05,55.62,59.95,65.59,58.61,59.7,57.18,57.17,64.59,55.64
2022-09-14 12:00:00,62.25,63.16,62.27,61.82,60.78,63.71,60.41,63.26,65.93,63.19,63.36,61.85,61.78,64.65,60.92
2022-09-14 13:00:00,68.54,69.85,68.41,68.57,66.72,68.73,66.48,70.03,71.74,70.0,71.1,68.72,68.56,70.45,67.73
2022-09-14 14:00:00,72.78,73.65,72.34,73.39,70.82,72.25,70.09,73.74,74.38,73.76,74.66,73.63,73.76,74.54,71.85
2022-09-14 15:00:00,76.53,78.0,75.9,77.59,74.21,74.91,73.09,76.92,76.97,78.59,78.41,77.83,78.62,77.33,74.37
2022-09-14 16:00:00,86.17,87.01,85.33,87.68,83.73,83.93,82.69,86.55,84.9,87.5,86.86,87.93,89.14,85.43,83.95
2022-09-14 17:00:00,77.61,78.22,77.02,78.64,75.64,76.13,75.1,77.64,77.53,78.52,77.94,78.83,79.64,77.51,76.45
2022-09-14 18:00:00,84.83,85.02,84.76,85.05,83.46,84.28,84.69,84.96,85.56,85.06,85.01,85.12,85.19,84.78,85.84
2022-09-14 19:00:00,91.42,91.47,91.52,91.36,89.22,91.16,92.1,91.65,91.81,91.48,91.72,91.36,91.32,91.05,94.47
2022-09-14 20:00:00,69.97,69.95,70.19,69.71,67.62,70.05,71.03,70.13,70.95,69.97,70.2,69.69,69.67,70.15,74.53
2022-09-14 21:00:00,63.86,63.82,64.05,63.61,61.66,63.97,64.78,63.95,64.13,63.83,63.99,63.6,63.8,64.01,66.8
2022-09-14 22:00:00,57.12,57.08,57.33,56.85,54.87,57.28,58.1,57.21,57.35,57.09,57.26,56.84,56.81,57.37,60.17
2022-09-14 23:00:00,55.75,55.7,55.97,55.46,53.53,55.91,56.79,55.83,55.98,55.71,55.88,55.44,55.42,56.0,59.19
2022-09-15 00:00:00,58.03,58.05,58.14,57.84,57.04,58.25,58.39,58.1,58.47,58.06,58.07,57.83,57.82,58.32,59.6
2022-09-15 01:00:00,50.99,50.96,51.17,50.71,49.77,51.32,51.7,51.09,51.59,50.97,51.06,50.69,50.68,51.45,53.43
2022-09-15 02:00:00,47.52,47.29,47.67,47.25,46.53,47.94,48.18,47.64,48.07,47.29,47.65,47.24,47.23,48.27,49.73
2022-09-15 03:00:00,46.03,45.77,46.18,45.76,45.19,46.48,46.71,46.15,46.64,45.76,46.16,45.75,45.74,46.86,48.28
2022-09-15 04:00:00,47.5,47.31,47.62,47.27,46.8,47.82,48.1,47.57,47.95,47.3,47.58,47.27,47.26,48.07,49.46
2022-09-15 05:00:00,51.94,51.88,52.02,51.81,51.31,52.13,52.25,52.0,52.23,51.88,52.0,51.81,51.8,52.24,53.27
2022-09-15 06:00:00,57.83,57.8,57.87,57.76,57.34,57.89,58.03,57.89,58.52,57.8,57.91,57.75,57.75,58.03,58.96
2022-09-15 07:00:00,60.81,60.74,60.85,60.75,60.52,60.93,60.97,60.9,61.6,60.74,60.93,60.75,60.74,61.19,61.78
2022-09-15 08:00:00,57.1,56.64,57.07,56.99,56.93,57.82,56.83,57.57,59.54,56.63,57.72,57.02,56.98,59.21,56.9
2022-09-15 09:00:00,57.18,56.93,57.13,56.93,56.54,58.51,56.16,58.22,60.81,56.93,58.55,57.01,56.89,60.26,56.41
2022-09-15 10:00:00,56.68,57.38,56.66,56.02,54.58,59.33,53.91,58.89,60.76,57.41,59.5,56.11,55.93,61.35,53.79
2022-09-15 11:00:00,59.75,61.51,60.01,58.02,56.16,65.13,55.38,63.67,69.75,61.6,64.83,58.22,57.84,67.55,54.91
2022-09-15 12:00:00,63.82,65.54,64.25,61.93,60.8,69.06,60.48,70.23,71.97,65.74,71.06,62.16,61.87,70.72,60.68
2022-09-15 13:00:00,70.21,71.79,70.47,69.04,67.96,73.34,67.72,77.04,76.24,72.0,78.17,69.08,69.06,75.23,68.09
2022-09-15 14:00:00,76.03,77.17,76.14,75.32,74.13,78.08,74.0,80.78,80.67,77.29,81.84,75.53,75.35,79.71,74.63
2022-09-15 15:00:00,83.53,84.47,83.64,82.84,81.83,85.57,81.7,88.33,87.09,84.55,89.06,83.12,83.0,87.14,82.46
2022-09-15 16:00:00,90.75,91.05,90.63,90.79,89.6,91.12,89.54,92.0,93.06,91.09,91.98,91.17,91.27,92.41,90.34
2022-09-15 17:00:00,85.11,85.26,85.04,85.14,84.29,85.3,84.46,86.07,86.27,85.27,85.77,85.44,85.34,85.5,85.26
2022-09-15 18:00:00,92.55,92.58,92.54,92.58,91.36,92.51,92.48,92.81,92.91,92.59,92.86,92.78,92.65,92.56,93.31
2022-09-15 19:00:00,93.85,93.86,93.94,93.72,92.03,93.98,94.19,93.97,94.09,93.87,93.99,93.73,93.7,94.02,96.19
2022-09-15 20:00:00,69.26,69.4,69.45,68.92,66.6,69.68,69.82,69.99,73.05,69.41,70.01,68.96,68.9,70.14,73.97
2022-09-15 21:00:00,61.64,62.03,61.74,61.31,56.2,62.46,61.15,62.76,66.05,62.04,62.77,61.32,61.25,62.96,65.13
2022-09-15 22:00:00,57.55,57.91,57.48,57.36,52.12,58.59,56.04,58.53,58.62,57.93,58.5,57.37,57.35,58.61,59.36
2022-09-15 23:00:00,54.13,54.65,54.06,53.65,48.07,56.31,51.62,56.32,56.22,54.7,56.19,53.66,53.67,56.35,55.3
2022-09-16 00:00:00,53.23,53.83,52.86,53.39,47.31,54.2,50.0,53.86,54.72,53.85,53.7,53.34,53.4,54.28,51.64
2022-09-16 01:00:00,48.55,49.17,48.28,48.54,42.73,49.73,45.69,49.19,50.54,49.19,48.96,48.49,48.53,49.89,47.8
2022-09-16 02:00:00,47.32,47.85,47.16,47.2,41.49,48.44,45.16,47.92,49.2,47.87,47.72,47.15,47.17,48.6,47.52
2022-09-16 03:00:00,42.29,42.66,42.25,42.11,37.17,43.14,41.09,42.76,43.7,42.68,42.63,42.07,42.07,43.26,43.33
2022-09-16 04:00:00,43.81,44.08,43.83,43.59,39.75,44.53,43.11,44.16,45.06,44.09,44.04,43.56,43.55,44.68,45.09
2022-09-16 05:00:00,50.98,51.05,51.17,50.65,48.27,51.41,51.55,51.16,51.76,51.07,51.12,50.63,50.6,51.52,53.22
2022-09-16 06:00:00,56.38,57.3,57.2,54.01,52.92,61.92,55.55,65.06,62.33,57.46,63.61,54.0,54.11,62.1,56.91
2022-09-16 07:00:00,56.86,57.31,57.34,55.32,54.69,60.7,56.05,62.86,61.24,57.4,61.81,55.32,55.47,60.87,56.77
2022-09-16 08:00:00,55.27,56.03,55.49,54.18,53.27,58.44,53.31,59.64,58.74,56.19,58.81,54.16,54.43,58.87,53.21
2022-09-16 09:00:00,55.94,57.38,55.99,54.44,49.39,61.49,50.67,63.21,62.21,57.63,61.68,54.84,55.18,62.67,50.36
2022-09-16 10:00:00,59.22,60.88,58.59,59.21,52.76,61.91,52.37,60.76,63.33,61.03,60.4,59.68,59.91,63.57,51.47
2022-09-16 11:00:00,57.02,58.61,56.84,56.47,52.91,59.78,52.48,58.94,65.78,58.75,58.66,56.59,56.61,63.49,51.79
2022-09-16 12:00:00,67.61,69.02,67.64,66.91,65.38,70.0,64.61,69.25,71.78,69.21,69.52,66.9,66.8,72.01,63.96
2022-09-16 13:00:00,74.9,75.31,74.65,75.02,73.24,75.5,72.75,75.31,77.34,75.34,75.62,75.21,75.87,77.44,72.85
2022-09-16 14:00:00,88.89,89.21,88.25,89.71,85.61,88.55,85.54,88.3,89.18,89.22,89.44,90.19,92.06,89.73,85.8
2022-09-16 15:00:00,97.13,97.47,96.32,98.35,93.21,96.09,93.35,95.7,97.39,97.48,98.9,99.1,101.5,96.28,93.77
2022-09-16 16:00:00,97.23,97.54,96.12,98.9,91.86,95.73,92.29,95.13,97.34,97.55,100.03,99.96,103.24,95.97,92.87
2022-09-16 17:00:00,84.64,84.93,83.53,86.32,77.25,83.08,79.81,82.5,84.7,84.93,87.68,87.32,90.71,83.5,80.39
2022-09-16 18:00:00,82.4,82.86,81.57,83.72,73.56,80.98,78.72,81.97,82.85,82.86,82.21,84.52,87.27,80.51,79.41
2022-09-16 19:00:00,79.95,80.5,79.29,81.05,63.19,78.59,77.01,79.37,79.46,80.5,79.47,81.79,84.5,77.78,78.97
2022-09-16 20:00:00,66.86,67.3,66.66,67.09,38.63,66.73,65.52,67.49,70.62,67.37,67.13,67.67,68.73,67.04,68.22
2022-09-16 21:00:00,59.94,61.08,59.65,60.0,11.13,60.86,56.64,61.14,68.07,61.13,61.44,60.32,60.21,61.74,58.65
2022-09-16 22:00:00,55.44,56.68,55.05,55.43,-0.06,57.04,51.02,56.93,57.5,56.76,56.76,55.55,55.38,57.08,53.35
2022-09-16 23:00:00,55.16,56.7,54.46,55.43,-2.58,57.03,48.67,56.86,57.29,56.72,56.6,55.43,55.87,57.06,51.32
2022-09-17 00:00:00,54.39,56.98,53.08,55.19,-7.83,56.95,43.21,56.47,57.22,56.99,56.21,54.79,55.99,57.06,45.82
2022-09-17 01:00:00,49.88,52.23,48.8,50.48,-6.18,52.21,40.27,51.72,52.48,52.24,51.49,50.05,51.27,52.37,42.18
2022-09-17 02:00:00,46.96,48.73,46.37,46.99,-1.86,49.34,40.41,48.82,49.82,48.76,48.58,46.8,47.25,49.51,42.42
2022-09-17 03:00:00,43.49,44.99,43.09,43.38,-3.86,45.59,38.39,45.08,46.03,45.02,44.87,43.16,43.61,45.82,40.4
2022-09-17 04:00:00,42.75,44.24,42.36,42.68,-3.88,44.56,37.97,44.1,44.92,44.26,43.89,42.39,43.1,44.78,39.9
2022-09-17 05:00:00,45.43,46.68,45.32,45.18,-3.43,46.69,42.71,46.28,46.9,46.69,46.15,44.85,45.86,46.96,44.51
2022-09-17 06:00:00,50.36,51.63,49.93,50.63,4.19,51.08,46.36,50.79,51.7,51.62,50.67,50.16,51.54,51.38,47.26
2022-09-17 07:00:00,52.07,53.2,51.7,52.24,6.21,52.92,48.43,52.81,53.35,53.2,52.54,51.84,52.95,53.08,49.39
2022-09-17 08:00:00,54.21,55.6,53.41,54.76,28.52,55.62,47.66,55.04,55.94,55.61,54.95,54.63,55.5,55.77,47.67
2022-09-17 09:00:00,46.82,51.21,44.46,47.8,24.24,53.41,25.43,51.44,55.07,51.29,51.18,47.79,48.25,53.8,24.39
2022-09-17 10:00:00,51.0,56.41,47.45,52.98,19.13,59.02,21.39,56.85,61.29,56.49,56.53,53.18,53.48,59.5,20.41
2022-09-17 11:00:00,54.18,59.08,50.98,55.95,25.75,61.51,27.37,61.5,63.55,59.32,60.62,56.88,57.31,62.63,26.9
2022-09-17 12:00:00,59.38,64.32,57.3,60.0,36.68,65.91,38.99,65.85,67.05,64.6,66.76,60.25,60.5,67.96,38.5
2022-09-17 13:00:00,64.05,68.45,62.06,65.0,43.74,68.82,45.99,73.7,69.45,68.69,76.38,65.53,66.64,73.69,45.8
2022-09-17 14:00:00,71.19,73.36,69.5,72.89,55.75,71.99,59.78,75.97,72.71,73.59,78.0,73.66,75.82,76.64,59.77
2022-09-17 15:00:00,77.37,79.6,76.06,78.61,64.62,78.12,67.9,86.02,79.03,79.89,87.97,79.81,81.71,83.88,67.95
2022-09-17 16:00:00,83.84,86.47,82.04,86.19,69.17,82.35,73.17,90.57,83.71,87.19,92.09,87.69,90.43,88.22,74.58
2022-09-17 17:00:00,82.02,83.82,80.8,83.99,73.14,79.36,76.03,91.09,81.1,83.99,90.67,85.0,86.17,84.36,77.53
2022-09-17 18:00:00,78.39,79.08,77.49,80.0,68.44,75.9,75.0,83.02,77.68,79.08,82.3,80.76,81.61,78.74,76.98
2022-09-17 19:00:00,79.7,80.14,79.34,80.26,62.77,78.94,78.04,83.47,79.2,80.16,82.77,80.72,81.39,80.79,80.14
2022-09-17 20:00:00,65.15,65.73,65.09,65.02,32.13,65.79,63.84,70.18,66.81,65.76,69.23,65.55,65.21,66.79,67.62
2022-09-17 21:00:00,58.91,59.85,58.37,59.24,7.5,60.01,54.37,60.47,63.45,59.87,60.52,59.49,59.45,60.56,57.6
2022-09-17 22:00:00,52.81,54.32,52.16,52.98,-5.98,54.9,46.45,55.54,57.19,54.34,55.45,53.06,53.26,55.31,49.54
2022-09-17 23:00:00,52.18,53.74,51.25,52.77,-7.89,53.95,44.54,53.73,54.77,53.76,53.69,52.75,53.04,54.05,47.09
2022-09-18 00:00:00,54.39,55.63,54.04,54.45,-5.27,55.51,50.58,55.29,55.63,55.64,55.17,54.24,55.04,55.66,51.7
2022-09-18 01:00:00,50.56,51.84,50.21,50.64,-6.61,51.66,46.69,51.4,51.79,51.85,51.17,50.4,51.29,51.81,47.72
2022-09-18 02:00:00,47.8,49.33,47.44,47.9,-4.87,48.9,43.64,48.63,49.03,49.33,48.31,47.52,48.81,49.03,44.4
2022-09-18 03:00:00,45.02,46.28,44.78,45.0,-6.84,46.07,41.77,45.84,46.27,46.28,45.56,44.68,45.67,46.16,42.6
2022-09-18 04:00:00,44.5,45.44,44.38,44.4,-5.65,45.32,42.35,45.13,45.48,45.44,44.96,44.16,44.91,45.41,43.13
2022-09-18 05:00:00,45.97,46.54,45.94,45.82,-3.21,46.61,44.79,46.46,46.77,46.55,46.3,45.67,46.04,46.68,45.45
2022-09-18 06:00:00,46.91,47.29,46.81,46.91,5.9,47.28,45.77,47.2,47.37,47.3,47.1,46.77,47.08,47.32,46.29
2022-09-18 07:00:00,47.4,47.59,47.42,47.27,28.1,47.81,47.01,47.74,47.93,47.6,47.73,47.23,47.24,47.86,47.42
2022-09-18 08:00:00,49.53,50.17,49.38,49.43,43.43,50.55,47.4,50.33,51.16,50.18,50.18,49.29,49.45,50.81,47.14
2022-09-18 09:00:00,50.73,53.89,50.08,50.0,41.52,56.23,40.21,55.36,58.09,53.97,54.3,49.83,49.72,56.76,38.62
2022-09-18 10:00:00,51.87,56.09,51.03,50.93,40.21,58.92,38.19,58.45,61.56,56.2,57.96,50.78,50.57,59.88,36.06
2022-09-18 11:00:00,55.87,59.61,55.47,54.74,48.48,61.6,45.95,61.95,64.1,59.78,62.44,54.73,54.56,63.28,44.04
2022-09-18 12:00:00,64.19,66.57,64.02,63.39,59.96,67.76,58.34,68.95,69.1,66.64,70.67,63.38,63.07,70.12,57.11
2022-09-18 13:00:00,70.39,72.58,70.0,70.5,67.18,71.38,65.54,76.41,72.98,72.62,82.39,70.6,70.39,75.77,64.9
2022-09-18 14:00:00,77.54,79.23,77.05,77.94,74.52,77.85,73.17,83.79,78.89,79.29,89.36,78.19,78.0,82.85,73.42
2022-09-18 15:00:00,94.29,95.96,93.71,94.96,91.51,93.94,89.96,101.23,95.58,96.02,106.53,95.22,95.06,100.1,90.53
2022-09-18 16:00:00,101.09,102.43,100.29,102.56,98.83,98.58,97.6,108.15,100.51,102.63,112.42,102.96,103.04,105.41,98.84
2022-09-18 17:00:00,101.44,102.26,100.67,103.19,100.53,97.77,99.47,106.69,99.45,102.35,113.31,103.53,103.46,105.05,100.49
2022-09-18 18:00:00,116.71,117.16,116.36,117.6,115.77,114.63,116.05,120.3,116.14,117.17,123.55,117.95,117.67,119.38,116.65
2022-09-18 19:00:00,118.12,118.29,118.02,118.46,115.78,117.13,118.22,121.17,118.02,118.29,120.52,118.63,118.5,119.48,119.11
2022-09-18 20:00:00,74.37,74.61,74.3,74.5,65.54,74.04,74.05,75.4,74.52,74.62,76.28,74.68,74.53,75.42,76.03
2022-09-18 21:00:00,61.78,62.08,61.8,61.65,40.0,62.1,61.37,62.46,64.1,62.1,62.89,61.76,61.63,62.68,62.61
2022-09-18 22:00:00,56.23,56.42,56.33,55.99,27.97,56.64,56.26,56.66,57.9,56.44,56.86,56.01,55.96,56.93,57.51
2022-09-18 23:00:00,52.09,52.49,52.18,51.73,18.27,52.96,51.56,52.88,53.16,52.51,53.02,51.72,51.68,53.05,52.57
2022-09-19 00:00:00,53.8,54.29,53.82,53.55,4.8,54.62,52.84,54.48,54.77,54.31,54.27,53.58,53.53,54.8,53.6
2022-09-19 01:00:00,51.34,51.82,51.43,50.97,4.59,52.34,50.61,52.15,52.57,51.84,51.94,50.96,50.87,52.52,51.53
2022-09-19 02:00:00,48.22,48.57,48.3,47.93,3.17,48.95,47.76,48.83,49.14,48.59,48.66,47.92,47.86,49.07,48.64
2022-09-19 03:00:00,45.15,45.43,45.23,44.88,4.05,45.77,44.83,45.65,45.9,45.45,45.53,44.89,44.82,45.91,45.83
2022-09-19 04:00:00,46.71,46.92,46.77,46.53,13.92,47.15,46.49,47.08,47.25,46.93,46.98,46.53,46.48,47.22,47.2
2022-09-19 05:00:00,51.2,51.35,51.26,51.05,34.76,51.52,51.1,51.48,51.61,51.36,51.41,51.06,51.01,51.57,51.76
2022-09-19 06:00:00,57.24,57.28,57.29,57.15,49.8,57.35,57.39,57.33,58.32,57.29,57.34,57.14,57.12,57.54,57.91
2022-09-19 07:00:00,60.29,60.32,60.34,60.2,55.93,60.4,60.45,60.39,61.18,60.34,60.4,60.22,60.18,60.54,60.96
2022-09-19 08:00:00,60.4,60.54,60.38,60.37,58.04,60.58,60.01,60.47,61.28,60.61,60.52,60.7,60.5,60.98,59.96
2022-09-19 09:00:00,56.89,58.78,56.71,56.15,52.57,60.41,51.49,59.37,62.5,58.99,60.02,56.68,56.13,61.33,50.74
2022-09-19 10:00:00,59.09,61.8,58.81,58.26,53.12,63.23,51.96,62.83,65.08,62.1,63.14,58.89,58.24,63.84,51.11
2022-09-19 11:00:00,67.3,70.13,67.1,66.5,62.04,70.94,60.85,71.1,71.57,70.65,71.29,67.01,66.57,71.79,60.32
2022-09-19 12:00:00,77.83,80.88,77.24,77.95,71.89,79.56,70.59,80.38,80.27,81.17,80.59,78.74,79.12,80.91,70.63
2022-09-19 13:00:00,101.63,105.9,100.63,102.94,94.46,100.32,93.35,105.44,103.22,106.51,105.91,104.49,106.03,102.67,94.19
2022-09-19 14:00:00,120.01,125.72,118.63,122.09,111.03,117.13,109.57,129.63,119.73,127.52,140.87,124.48,127.32,120.23,110.37
2022-09-19 15:00:00,160.98,167.89,159.53,163.73,152.86,155.51,151.0,171.29,161.81,171.29,207.42,168.84,169.29,160.42,152.23
2022-09-19 16:00:00,180.18,188.55,178.85,182.95,172.16,173.69,170.2,194.78,177.26,191.41,228.8,189.85,193.78,180.66,172.21
2022-09-19 17:00:00,136.06,142.16,135.27,137.99,130.51,130.83,130.09,152.34,140.28,144.0,204.37,146.14,149.23,136.52,131.22
2022-09-19 18:00:00,154.08,157.29,153.56,155.73,149.83,149.13,152.1,169.94,149.87,158.03,195.03,157.74,158.64,152.94,153.51
2022-09-19 19:00:00,150.36,151.96,150.28,151.03,144.69,147.69,150.44,157.92,151.89,152.01,164.88,151.58,151.75,149.04,153.87
2022-09-19 20:00:00,80.25,80.66,80.38,80.11,74.62,80.11,80.63,81.57,81.33,80.73,82.59,80.3,80.5,80.67,87.31
2022-09-19 21:00:00,67.65,68.06,68.07,66.9,55.52,68.5,68.83,68.44,68.69,68.25,68.62,67.17,67.06,68.61,76.82
2022-09-19 22:00:00,61.49,62.35,61.91,60.66,34.06,62.71,61.91,62.8,62.84,62.51,63.14,60.74,60.88,62.79,66.93
2022-09-19 23:00:00,53.52,54.27,53.87,52.68,25.61,55.08,53.46,55.08,55.62,54.45,55.71,52.75,52.47,55.19,57.08
2022-09-20 00:00:00,52.5,53.01,52.61,52.09,19.84,53.56,51.77,53.64,53.7,53.04,53.82,52.15,51.98,53.6,53.58
2022-09-20 01:00:00,50.23,50.72,50.36,49.75,20.15,51.39,49.6,51.13,52.06,50.76,51.46,49.78,49.64,51.5,51.8
2022-09-20 02:00:00,44.11,44.64,44.22,43.65,23.3,45.31,43.26,45.14,45.91,44.67,45.53,43.68,43.54,45.4,44.91
2022-09-20 03:00:00,42.25,42.57,42.34,41.95,29.16,42.94,41.89,42.98,43.04,42.6,43.07,42.01,41.88,42.98,43.6
2022-09-20 04:00:00,42.41,42.6,42.53,42.14,32.17,42.89,42.51,42.92,42.96,42.62,43.0,42.18,42.08,42.93,44.31
2022-09-20 05:00:00,44.52,44.56,44.64,44.33,36.02,44.71,44.97,44.69,44.75,44.58,44.74,44.35,44.28,44.73,46.86
2022-09-20 06:00:00,51.25,51.27,51.38,51.03,43.03,51.53,51.7,51.44,51.56,51.28,51.49,51.03,50.98,51.66,53.32
2022-09-20 07:00:00,53.23,53.3,53.32,53.0,45.55,53.72,53.25,53.64,53.74,53.31,53.74,53.01,52.94,53.93,54.67
2022-09-20 08:00:00,52.7,53.28,52.63,52.45,48.26,53.92,50.89,53.91,54.11,53.3,54.22,52.5,52.36,54.07,50.89
2022-09-20 09:00:00,52.04,54.73,51.94,50.58,44.59,57.95,44.48,56.25,61.26,55.02,58.1,50.77,50.22,59.13,43.55
2022-09-20 10:00:00,61.38,65.55,61.06,60.0,52.03,67.61,51.1,67.74,68.99,66.25,67.91,60.25,59.55,68.18,49.7
2022-09-20 11:00:00,65.41,70.15,65.15,63.86,55.82,71.97,54.62,72.69,72.81,70.62,73.67,64.46,63.37,73.67,54.01
2022-09-20 12:00:00,77.43,84.61,77.21,76.33,67.21,81.36,66.54,83.9,82.37,85.11,85.31,77.04,75.86,83.5,66.76
2022-09-20 13:00:00,90.88,102.69,90.97,90.0,81.39,91.36,79.84,105.41,92.31,103.47,116.58,95.56,94.89,95.58,80.42
2022-09-20 14:00:00,112.61,127.33,112.19,113.25,101.69,108.73,99.44,139.03,109.66,129.49,167.08,119.71,120.93,117.46,99.64
2022-09-20 15:00:00,145.43,161.88,144.66,147.24,133.24,138.0,131.52,176.3,139.42,165.23,210.7,156.18,158.89,148.0,132.03
2022-09-20 16:00:00,163.33,180.87,162.32,165.57,149.42,154.85,147.98,197.07,160.65,185.08,273.75,175.58,178.27,168.25,148.76
2022-09-20 17:00:00,145.83,158.67,145.01,148.18,136.39,137.16,136.0,188.89,143.54,160.78,291.82,158.18,159.0,148.97,137.15
2022-09-20 18:00:00,160.99,165.88,160.5,163.16,157.1,153.53,159.42,200.26,155.13,166.38,242.09,166.48,166.22,161.03,160.64
2022-09-20 19:00:00,141.11,143.44,141.43,141.25,133.86,138.63,142.38,152.7,138.47,143.52,163.92,142.03,141.57,142.19,149.17
2022-09-20 20:00:00,76.93,77.82,77.32,76.34,69.36,77.23,77.89,79.72,77.26,77.91,81.67,76.63,76.27,78.83,85.99
2022-09-20 21:00:00,64.24,64.55,64.69,63.43,50.38,65.25,65.55,65.33,65.41,64.63,65.61,63.69,63.32,65.39,73.43
2022-09-20 22:00:00,56.36,57.0,56.69,55.56,34.2,57.85,56.36,58.13,58.39,57.08,58.58,55.66,55.36,58.05,61.49
2022-09-20 23:00:00,50.41,51.24,50.7,49.55,22.34,52.36,49.65,52.27,53.02,51.3,52.78,49.61,49.33,52.49,54.05
2022-09-21 00:00:00,49.6,49.94,49.75,49.15,31.87,50.59,49.34,49.95,51.83,49.97,50.3,49.11,49.07,50.79,50.61
2022-09-21 01:00:00,48.37,48.66,48.5,48.01,32.48,49.14,48.18,48.71,49.95,48.69,48.86,47.95,47.95,49.27,49.6
2022-09-21 02:00:00,43.09,43.34,43.25,42.72,29.27,43.78,43.15,43.46,44.38,43.37,43.51,42.69,42.66,43.86,44.73
2022-09-21 03:00:00,41.49,41.73,41.64,41.15,32.51,42.09,41.59,41.92,42.35,41.75,41.78,41.11,41.09,42.12,43.18
2022-09-21 04:00:00,41.72,41.9,41.89,41.36,33.15,42.33,41.95,41.9,43.22,41.93,42.16,41.33,41.31,42.44,43.67
2022-09-21 05:00:00,44.89,45.07,45.05,44.55,38.0,45.49,45.09,45.09,46.31,45.09,45.35,44.51,44.49,45.59,46.59
2022-09-21 06:00:00,49.16,49.31,49.35,48.78,42.56,49.75,49.57,49.35,50.58,49.33,49.62,48.74,48.71,49.85,51.67
2022-09-21 07:00:00,50.31,50.5,50.39,50.07,43.17,50.88,50.13,50.49,51.68,50.52,50.73,50.06,50.03,50.96,51.23
2022-09-21 08:00:00,49.82,50.31,49.84,49.47,45.15,51.04,48.53,50.29,52.55,50.35,50.74,49.46,49.42,51.28,48.29
2022-09-21 09:00:00,50.52,52.66,50.34,49.72,44.65,54.24,44.72,53.46,56.0,52.73,53.93,49.92,50.04,54.83,44.0
2022-09-21 10:00:00,56.82,59.46,56.76,55.4,50.26,62.27,49.9,61.48,64.92,59.58,62.68,55.59,55.1,63.18,48.64
2022-09-21 11:00:00,64.73,69.05,64.85,63.01,57.82,70.22,57.12,70.05,71.78,69.86,70.76,64.08,62.71,71.39,57.3
2022-09-21 12:00:00,73.84,80.77,74.25,72.0,67.79,77.75,66.47,78.26,78.42,81.38,79.88,72.82,72.3,79.26,66.99
2022-09-21 13:00:00,87.89,97.15,87.98,87.1,80.9,88.56,79.12,93.28,88.21,98.06,98.43,88.61,90.64,90.61,79.69
2022-09-21 14:00:00,118.18,126.5,117.32,120.15,111.9,112.42,110.19,122.85,110.86,128.61,143.97,122.35,126.51,116.05,111.21
2022-09-21 15:00:00,162.72,174.02,160.85,167.0,152.91,151.74,150.65,167.13,149.59,176.68,196.2,170.46,177.97,156.02,152.65
2022-09-21 16:00:00,178.6,189.23,175.69,185.47,168.65,162.24,165.83,183.54,160.33,191.74,219.2,190.73,199.93,168.93,167.79
2022-09-21 17:00:00,174.95,183.31,173.28,179.76,170.53,161.42,168.62,187.67,158.85,184.91,255.54,183.77,188.95,167.72,170.85
2022-09-21 18:00:00,224.3,227.61,223.79,226.21,223.39,218.05,223.28,234.26,216.31,228.11,270.84,227.82,229.15,221.68,225.81
2022-09-21 19:00:00,215.06,216.83,215.14,215.57,210.32,212.14,216.02,222.3,211.17,216.87,230.29,216.57,216.66,213.88,220.13
2022-09-21 20:00:00,81.0,81.7,81.36,80.59,73.13,80.74,82.43,82.62,80.78,81.72,84.09,80.74,80.5,81.52,88.45
2022-09-21 21:00:00,65.16,65.18,65.29,64.97,61.94,65.32,65.69,65.45,65.4,65.21,65.61,65.18,65.0,65.54,70.19
2022-09-21 22:00:00,61.86,61.89,61.99,61.68,58.79,61.97,62.4,61.97,62.03,61.92,61.99,61.77,61.73,62.22,64.31
2022-09-21 23:00:00,55.09,55.09,55.21,54.93,52.65,55.21,55.6,55.19,55.25,55.11,55.2,54.92,54.89,55.28,56.99
2022-09-22 00:00:00,47.48,47.48,47.55,47.39,46.12,47.55,47.8,47.53,47.57,47.49,47.54,47.38,47.37,47.56,48.5
2022-09-22 01:00:00,46.67,46.7,46.76,46.55,45.27,46.76,47.02,46.64,46.93,46.71,46.67,46.54,46.54,46.84,47.72
2022-09-22 02:00:00,42.28,42.3,42.36,42.15,40.82,42.36,42.65,42.24,42.53,42.31,42.28,42.14,42.13,42.44,43.41
2022-09-22 03:00:00,40.12,40.1,40.2,40.01,38.9,40.17,40.51,40.15,40.19,40.12,40.17,40.01,40.0,40.18,41.25
2022-09-22 04:00:00,40.83,40.8,40.94,40.68,39.52,40.89,41.4,40.87,40.92,40.81,40.89,40.68,40.66,40.91,42.5
2022-09-22 05:00:00,44.55,44.51,44.73,44.32,43.21,44.65,45.42,44.61,44.7,44.52,44.65,44.31,44.29,44.67,47.38
2022-09-22 06:00:00,52.24,52.2,52.42,52.0,51.03,52.34,53.14,52.31,52.6,52.21,52.35,51.99,51.97,52.38,55.29
2022-09-22 07:00:00,52.89,52.87,53.01,52.73,52.02,52.96,53.5,52.94,53.31,52.88,52.97,52.75,52.73,53.02,55.0
2022-09-22 08:00:00,51.69,51.67,51.68,51.72,51.68,51.66,51.66,51.65,51.73,51.68,51.66,51.91,51.83,51.69,51.68
2022-09-22 09:00:00,52.42,52.43,52.37,52.51,52.36,52.3,52.23,52.28,52.98,52.44,52.48,53.18,52.89,52.53,52.26
2022-09-22 10:00:00,63.23,63.92,63.18,63.42,63.09,62.57,62.83,62.8,63.75,63.95,63.89,64.18,63.85,63.66,63.04
2022-09-22 11:00:00,69.47,71.28,69.39,69.91,69.32,67.66,68.69,68.4,68.1,71.59,69.29,71.03,70.58,68.57,68.93
2022-09-22 12:00:00,78.52,84.05,78.67,79.04,77.82,74.48,77.11,76.51,74.93,84.36,77.1,79.41,79.44,75.6,77.32
2022-09-22 13:00:00,110.97,120.69,110.9,112.91,109.87,101.38,108.64,107.26,103.14,121.27,107.69,113.53,114.12,105.07,108.74
2022-09-22 14:00:00,167.49,180.46,167.39,170.28,166.34,153.94,164.87,166.23,156.22,181.97,163.18,171.48,173.16,157.61,165.0
2022-09-22 15:00:00,236.0,254.8,235.67,240.38,233.31,216.08,231.42,233.41,219.35,256.3,228.46,241.94,244.69,219.84,231.38
2022-09-22 16:00:00,260.93,277.11,260.53,265.01,258.54,243.14,256.86,265.48,245.78,278.61,255.94,267.41,270.0,246.33,257.4
2022-09-22 17:00:00,225.83,236.38,225.51,228.85,224.82,212.99,223.85,234.46,215.06,236.6,223.85,230.63,232.15,216.39,224.47
2022-09-22 18:00:00,294.7,298.91,294.64,295.76,293.4,289.78,294.12,297.52,291.04,299.09,294.18,297.02,297.8,292.02,294.95
2022-09-22 19:00:00,251.84,252.87,251.86,252.11,246.39,250.47,251.99,256.01,250.95,252.91,252.7,252.61,253.02,251.38,254.3
2022-09-22 20:00:00,99.06,99.47,99.42,98.53,89.74,99.32,100.34,100.06,99.56,99.51,99.73,98.68,98.57,99.75,103.68
2022-09-22 21:00:00,74.75,74.79,74.91,74.54,69.48,74.83,75.46,74.84,74.92,74.82,74.89,75.3,74.91,75.05,77.46
2022-09-22 22:00:00,65.57,65.6,65.73,65.32,60.79,65.82,66.18,65.79,65.88,65.63,65.83,65.49,65.36,65.91,68.07
2022-09-22 23:00:00,57.12,57.16,57.28,56.86,52.72,57.38,57.71,57.35,57.44,57.18,57.39,56.9,56.83,57.45,59.71
2022-09-23 00:00:00,51.63,51.69,51.82,51.33,46.04,51.93,52.32,51.9,51.99,51.7,51.94,51.31,51.25,51.93,53.9
2022-09-23 01:00:00,45.38,45.43,45.6,45.02,40.36,45.71,46.23,45.67,45.79,45.44,45.73,45.0,44.93,45.72,48.21
2022-09-23 02:00:00,43.38,43.43,43.58,43.06,38.09,43.68,44.16,43.64,43.75,43.44,43.69,43.04,42.99,43.69,45.86
2022-09-23 03:00:00,42.77,42.81,42.99,42.42,38.04,43.09,43.62,43.05,43.17,42.83,43.11,42.4,42.33,43.1,45.49
2022-09-23 04:00:00,42.79,42.83,43.0,42.43,38.29,43.11,43.65,43.06,43.19,42.84,43.12,42.41,42.35,43.12,45.45
2022-09-23 05:00:00,44.91,44.95,45.12,44.56,40.46,45.22,45.74,45.18,45.3,44.96,45.23,44.54,44.48,45.23,47.48
2022-09-23 06:00:00,49.35,49.37,49.5,49.1,45.8,49.56,49.96,49.53,49.62,49.38,49.57,49.08,49.04,49.57,51.32
2022-09-23 07:00:00,47.32,47.35,47.45,47.09,43.67,47.53,47.84,47.51,47.8,47.36,47.55,47.09,47.04,47.56,49.04
2022-09-23 08:00:00,45.74,45.75,45.75,45.71,42.34,45.77,45.77,45.76,45.88,45.75,45.79,45.73,45.71,45.8,45.89
2022-09-23 09:00:00,43.99,44.45,44.01,43.65,38.5,45.16,42.8,45.0,45.21,44.49,45.38,43.69,43.58,45.87,43.04
2022-09-23 10:00:00,53.36,60.05,54.25,50.71,37.34,58.38,47.85,57.42,59.99,60.0,58.96,51.42,50.57,60.88,47.37
2022-09-23 11:00:00,58.38,68.98,59.61,54.84,22.32,64.57,50.04,63.61,65.34,68.86,67.0,56.8,55.01,66.23,48.8
2022-09-23 12:00:00,64.25,81.16,65.78,60.53,17.14,68.32,53.13,68.34,70.06,81.17,73.47,61.34,60.59,71.28,51.91
2022-09-23 13:00:00,73.35,88.22,72.73,74.03,47.65,70.39,58.26,73.31,74.15,88.9,79.66,75.4,77.77,75.2,57.67
2022-09-23 14:00:00,81.01,95.62,79.21,85.03,62.96,70.22,65.97,81.7,72.51,96.07,86.33,87.23,92.98,75.49,66.4
2022-09-23 15:00:00,102.16,124.31,99.02,111.01,83.64,76.58,84.2,90.35,78.76,124.96,95.47,114.16,125.61,84.38,84.04
2022-09-23 16:00:00,105.51,126.73,102.44,114.4,88.72,79.62,89.01,95.07,81.9,126.99,96.53,117.54,128.35,86.62,88.83
2022-09-23 17:00:00,98.43,109.26,96.89,103.1,90.48,84.59,90.61,101.72,85.03,109.3,96.34,104.6,109.6,87.33,90.55
2022-09-23 18:00:00,116.0,121.85,115.48,118.01,110.17,109.06,113.02,113.13,109.84,121.85,113.19,119.2,121.56,110.96,113.63
2022-09-23 19:00:00,114.94,118.65,114.9,115.71,103.73,111.26,113.96,112.83,112.17,118.66,113.11,116.02,117.6,112.38,116.34
2022-09-23 20:00:00,68.32,68.96,68.81,67.59,51.09,68.8,69.9,68.98,69.18,68.97,69.14,67.88,68.1,69.11,74.49
2022-09-23 21:00:00,60.28,60.5,60.79,59.51,38.22,60.9,62.24,60.95,62.23,60.53,61.11,60.44,59.66,61.07,65.76
2022-09-23 22:00:00,59.14,59.38,59.61,58.37,19.22,59.97,60.7,59.91,60.15,59.46,60.03,58.48,58.17,59.99,63.81
2022-09-23 23:00:00,51.72,51.91,52.14,51.02,7.84,52.52,53.09,52.47,52.68,51.93,52.57,51.05,50.82,52.53,55.99
2022-09-24 00:00:00,46.82,47.25,47.52,45.57,-0.22,48.43,48.83,48.29,48.74,47.28,48.49,45.49,45.17,48.46,53.84
2022-09-24 01:00:00,45.09,45.49,45.8,43.85,2.46,46.64,47.23,46.51,46.95,45.52,46.71,43.77,43.46,46.66,52.12
2022-09-24 02:00:00,39.94,40.29,40.56,38.84,4.52,41.31,41.82,41.2,41.59,40.32,41.37,38.76,38.5,41.32,46.22
2022-09-24 03:00:00,35.29,35.61,35.97,34.1,5.03,36.73,37.43,36.62,37.01,35.64,36.81,34.0,33.74,36.75,42.13
2022-09-24 04:00:00,34.63,35.03,35.29,33.43,6.5,36.21,36.48,36.06,36.55,35.07,36.2,33.33,33.07,36.23,41.05
2022-09-24 05:00:00,34.51,34.84,35.17,33.33,12.64,35.97,36.54,35.85,36.26,34.88,36.03,33.22,32.97,35.99,41.17
2022-09-24 06:00:00,35.22,35.46,35.68,34.4,20.66,36.22,36.66,36.15,36.42,35.48,36.29,34.32,34.14,36.21,40.14
2022-09-24 07:00:00,37.85,38.08,38.27,37.11,25.06,38.75,39.14,38.84,38.94,38.1,38.82,37.04,36.88,38.74,42.25
2022-09-24 08:00:00,42.28,42.58,42.35,42.02,39.14,42.95,41.87,42.81,43.18,42.6,42.72,41.98,41.95,42.96,42.23
2022-09-24 09:00:00,37.91,38.76,37.92,37.34,36.14,39.93,35.66,42.87,40.33,38.81,40.22,37.33,37.23,39.94,35.32
2022-09-24 10:00:00,45.97,46.77,45.98,45.38,44.17,48.1,43.68,49.79,49.61,46.82,48.46,45.43,45.31,49.57,43.41
2022-09-24 11:00:00,48.67,50.65,48.95,47.81,47.33,50.31,47.04,53.57,51.49,50.67,52.32,48.51,47.97,51.81,46.96
2022-09-24 12:00:00,56.66,58.08,56.68,56.56,56.07,56.6,55.47,60.45,56.9,58.07,60.77,57.99,57.06,57.71,55.31
2022-09-24 13:00:00,62.45,64.29,62.36,62.88,62.02,60.71,61.57,64.91,61.27,64.21,64.58,63.15,62.96,62.23,61.52
2022-09-24 14:00:00,71.99,74.36,71.91,72.72,72.0,68.88,71.66,75.94,69.49,74.19,72.88,73.2,73.2,70.43,71.7
2022-09-24 15:00:00,76.11,80.8,76.12,77.15,76.21,70.73,75.81,77.87,72.02,80.83,75.27,77.68,77.83,73.3,75.8
2022-09-24 16:00:00,86.07,90.7,86.01,87.46,86.49,79.68,86.18,94.09,81.76,90.71,86.47,88.17,88.38,82.73,86.39
2022-09-24 17:00:00,85.28,88.67,85.23,86.29,85.52,80.63,85.34,91.2,82.07,88.62,85.52,86.59,86.6,82.7,85.6
2022-09-24 18:00:00,98.06,99.54,98.05,98.47,97.73,96.05,98.13,100.31,96.68,99.48,98.13,98.58,98.48,96.99,98.44
2022-09-24 19:00:00,88.08,89.07,88.14,88.32,85.52,86.56,88.6,90.64,87.49,89.02,88.54,88.37,88.3,86.78,89.54
2022-09-24 20:00:00,58.94,58.71,59.1,58.8,54.72,58.81,60.09,59.42,59.19,58.72,59.21,60.6,59.36,58.86,61.47
2022-09-24 21:00:00,49.57,49.36,49.68,49.46,47.0,49.52,50.36,49.56,49.74,49.37,49.61,50.96,49.95,49.47,51.32
2022-09-24 22:00:00,46.88,46.82,46.96,46.77,44.95,46.95,47.31,46.94,47.0,46.83,46.96,47.3,46.92,46.97,48.12
2022-09-24 23:00:00,42.98,43.0,43.06,42.85,41.17,43.11,43.27,43.1,43.14,43.01,43.12,42.84,42.82,43.12,44.1
2022-09-25 00:00:00,42.57,42.62,42.72,42.31,38.47,42.85,43.09,42.83,42.91,42.64,42.87,42.29,42.23,42.85,44.34
2022-09-25 01:00:00,41.25,41.29,41.4,40.99,37.48,41.51,41.8,41.48,41.57,41.3,41.52,40.97,40.92,41.51,43.17
2022-09-25 02:00:00,38.1,38.15,38.27,37.84,34.14,38.38,38.7,38.35,38.44,38.16,38.39,37.82,37.77,38.38,40.02
2022-09-25 03:00:00,36.3,36.41,36.59,35.82,28.33,36.83,37.31,36.78,36.95,36.43,36.85,35.77,35.68,36.83,39.49
2022-09-25 04:00:00,36.33,36.47,36.73,35.66,25.28,37.08,37.72,37.0,37.24,36.49,37.09,35.59,35.46,37.08,40.87
2022-09-25 05:00:00,37.3,37.62,38.07,36.0,14.72,38.83,39.82,38.68,39.13,37.65,38.86,35.87,35.61,38.83,45.45
2022-09-25 06:00:00,37.48,37.96,38.52,35.69,6.08,39.56,40.89,39.38,39.99,38.0,39.62,35.5,35.14,39.52,48.39
2022-09-25 07:00:00,38.89,39.44,40.05,36.91,3.65,41.23,42.62,41.04,41.71,39.49,41.31,36.7,36.29,41.2,50.81
2022-09-25 08:00:00,38.36,38.79,39.23,36.85,11.13,40.17,41.11,40.01,40.52,38.83,40.21,36.68,36.37,40.18,47.15
2022-09-25 09:00:00,39.83,40.14,40.43,38.78,19.43,41.11,41.67,40.99,41.35,40.17,41.22,38.67,38.45,41.14,45.76
2022-09-25 10:00:00,47.99,48.31,48.51,47.0,20.86,49.43,49.31,49.09,49.48,48.34,49.28,46.96,46.71,50.23,53.53
2022-09-25 11:00:00,50.95,51.61,51.24,50.35,21.33,51.83,51.17,52.26,52.12,51.65,52.81,50.56,50.2,52.63,55.38
2022-09-25 12:00:00,58.69,59.74,58.86,58.2,25.63,59.61,57.88,60.69,60.05,59.78,61.92,58.9,58.25,60.55,61.69
2022-09-25 13:00:00,61.51,67.06,62.31,59.46,39.38,64.73,57.99,69.94,65.25,67.02,70.21,63.08,60.29,66.01,62.06
2022-09-25 14:00:00,62.99,66.97,62.92,62.37,49.69,64.98,57.37,71.21,65.68,66.97,73.08,62.99,62.65,67.01,61.49
2022-09-25 15:00:00,67.77,72.05,67.0,68.25,55.64,68.59,59.09,76.22,69.49,72.03,77.58,69.04,70.4,71.03,63.26
2022-09-25 16:00:00,78.59,82.37,77.66,79.31,67.58,79.33,69.62,94.64,80.2,82.39,94.2,80.03,81.73,82.14,72.81
2022-09-25 17:00:00,80.84,85.11,80.17,81.2,71.21,81.73,72.64,92.08,82.52,85.11,94.07,81.71,83.6,84.14,74.41
2022-09-25 18:00:00,88.04,88.81,87.97,87.92,82.01,88.64,86.49,91.31,89.01,88.85,92.05,88.11,88.39,89.76,87.83
2022-09-25 19:00:00,86.58,87.02,86.74,86.24,78.77,87.09,86.63,87.35,87.26,87.04,87.7,86.29,86.32,87.61,88.63
2022-09-25 20:00:00,68.08,68.39,68.49,67.4,58.09,68.75,69.42,68.68,68.9,68.4,68.81,68.9,67.76,68.82,72.04
2022-09-25 21:00:00,56.0,56.32,56.34,55.43,47.67,56.56,57.06,56.47,56.68,56.33,56.57,56.18,55.55,56.59,59.31
2022-09-25 22:00:00,49.51,50.08,49.87,48.86,42.03,50.28,50.27,50.22,50.36,50.09,50.28,48.86,48.66,50.3,52.22
2022-09-25 23:00:00,43.88,44.22,44.2,43.33,35.89,44.48,44.75,44.4,44.58,44.23,44.49,43.29,43.18,44.49,46.77
2022-09-26 00:00:00,43.37,43.38,43.43,43.27,42.3,43.46,43.61,43.44,43.48,43.38,43.46,43.26,43.25,43.46,44.74
2022-09-26 01:00:00,41.26,41.26,41.31,41.18,40.4,41.33,41.48,41.32,41.35,41.27,41.33,41.17,41.16,41.33,42.32
2022-09-26 02:00:00,37.56,37.57,37.62,37.48,36.62,37.64,37.8,37.62,37.66,37.57,37.64,37.47,37.46,37.64,38.56
2022-09-26 03:00:00,34.97,34.96,35.01,34.9,34.45,35.01,35.16,35.0,35.03,34.97,35.01,34.9,34.89,35.02,35.89
2022-09-26 04:00:00,34.98,34.97,35.01,34.92,34.62,35.01,35.15,35.0,35.02,34.98,35.01,34.92,34.91,35.02,35.9
2022-09-26 05:00:00,36.04,36.03,36.08,35.98,35.72,36.07,36.21,36.06,36.09,36.04,36.07,35.98,35.97,36.08,37.12
2022-09-26 06:00:00,40.85,40.85,40.88,40.8,40.55,40.89,40.99,40.88,41.06,40.86,40.89,40.8,40.79,40.91,41.89
2022-09-26 07:00:00,41.36,41.37,41.41,41.29,40.41,41.44,41.53,41.42,41.47,41.38,41.44,41.28,41.27,41.45,42.33
2022-09-26 08:00:00,38.0,38.0,38.0,38.0,38.0,38.0,38.0,37.99,38.01,38.01,38.0,38.0,38.0,38.0,38.0
2022-09-26 09:00:00,35.19,35.66,35.18,35.0,34.53,35.89,34.19,35.56,36.22,35.78,35.87,34.99,34.97,36.03,34.19
2022-09-26 10:00:00,39.45,42.84,39.84,38.04,36.7,42.49,35.99,40.83,44.41,43.02,41.72,38.03,37.87,42.89,35.67
2022-09-26 11:00:00,44.39,48.56,44.97,43.32,43.33,44.97,43.03,44.13,46.46,49.33,44.84,43.58,43.32,46.14,43.42
2022-09-26 12:00:00,50.79,57.25,51.19,50.99,50.36,46.7,49.81,47.08,51.9,58.05,48.89,51.81,51.33,52.32,49.58
2022-09-26 13:00:00,56.03,66.97,56.85,56.0,55.3,49.79,54.63,53.75,55.86,68.6,57.02,57.45,56.78,59.25,54.53
2022-09-26 14:00:00,60.6,68.8,61.05,61.35,61.69,53.61,60.46,59.09,59.78,70.08,62.55,66.16,63.27,63.61,60.1
2022-09-26 15:00:00,69.27,79.46,69.62,71.21,72.43,57.61,70.2,66.38,65.71,81.07,69.03,81.21,74.9,67.61,69.48
2022-09-26 16:00:00,71.15,84.14,71.16,75.0,74.82,52.81,72.71,67.61,61.16,85.34,68.69,85.28,78.75,61.51,71.65
2022-09-26 17:00:00,70.57,77.72,70.49,73.14,73.58,59.11,71.98,70.02,66.01,78.62,70.29,83.14,76.77,66.48,71.95
2022-09-26 18:00:00,95.97,96.98,95.89,97.29,95.53,90.9,98.41,96.52,92.14,97.51,97.47,107.29,100.71,93.06,99.25
2022-09-26 19:00:00,96.99,96.71,97.42,96.53,80.91,96.72,99.71,98.28,97.24,96.8,97.91,102.83,98.4,98.3,105.28
2022-09-26 20:00:00,58.45,59.23,59.45,56.78,30.97,60.09,61.7,59.93,60.68,59.36,60.32,56.92,56.37,60.49,68.79
2022-09-26 21:00:00,49.32,50.05,50.8,46.76,8.57,52.18,54.23,51.78,53.08,50.14,52.3,46.75,46.06,52.32,64.23
2022-09-26 22:00:00,45.68,46.34,47.17,43.06,5.5,48.79,50.47,48.09,50.01,46.47,48.66,42.81,42.27,48.89,60.4
2022-09-26 23:00:00,40.14,40.56,41.24,38.21,9.41,42.49,43.68,42.14,43.07,40.6,42.51,38.0,37.59,42.45,51.36
2022-09-27 00:00:00,43.9,44.47,45.54,41.01,-1.29,47.33,49.35,46.81,48.18,44.53,47.42,40.68,40.11,47.25,60.27
2022-09-27 01:00:00,39.58,40.11,41.04,37.0,-0.64,42.68,44.36,42.19,43.46,40.17,42.74,36.71,36.19,42.6,54.12
2022-09-27 02:00:00,34.76,35.17,35.94,32.69,2.72,37.21,38.68,36.83,37.83,35.22,37.27,32.47,32.05,37.14,46.68
2022-09-27 03:00:00,28.76,29.1,29.74,27.06,2.26,30.77,32.02,30.47,31.27,29.14,30.83,26.88,26.53,30.71,38.65
2022-09-27 04:00:00,29.53,29.79,30.32,28.16,8.37,31.13,32.19,30.89,31.53,29.82,31.18,28.01,27.73,31.08,37.59
2022-09-27 05:00:00,33.65,33.95,34.54,32.09,9.35,35.47,36.65,35.2,35.94,33.98,35.53,31.93,31.6,35.39,42.77
2022-09-27 06:00:00,40.55,41.08,41.79,38.4,5.6,43.0,44.7,42.67,43.66,41.11,43.12,38.17,37.71,42.86,53.03
2022-09-27 07:00:00,40.89,41.45,42.37,38.32,0.0,43.84,45.87,43.44,44.64,41.5,44.01,38.04,37.5,43.73,55.86
2022-09-27 08:00:00,36.18,36.32,36.74,35.22,20.83,37.14,38.29,37.03,37.4,36.34,37.18,35.13,34.94,37.1,42.32
2022-09-27 09:00:00,33.49,33.63,33.65,33.24,29.32,33.66,34.05,33.67,33.74,33.65,33.73,33.22,33.17,33.65,35.16
2022-09-27 10:00:00,34.63,35.17,34.74,34.47,31.51,34.57,34.76,34.67,34.67,35.37,34.8,34.47,34.42,34.6,35.38
2022-09-27 11:00:00,37.26,40.05,37.67,36.7,32.94,36.91,37.01,37.46,37.12,40.32,37.43,36.59,36.36,36.99,37.8
2022-09-27 12:00:00,41.57,49.1,42.27,41.2,37.98,38.04,40.75,40.31,39.95,49.1,40.33,41.29,40.75,39.23,41.4
2022-09-27 13:00:00,51.13,61.8,51.51,52.76,48.7,40.55,50.92,43.3,48.62,62.25,44.8,53.04,53.08,45.5,51.43
2022-09-27 14:00:00,56.13,65.93,56.38,58.0,54.82,45.36,56.22,49.57,52.16,65.85,49.88,58.75,58.45,50.32,56.59
2022-09-27 15:00:00,63.41,75.66,63.81,65.46,61.27,50.6,63.51,56.9,59.08,75.66,56.72,66.92,66.56,56.39,64.61
2022-09-27 16:00:00,67.65,82.19,68.15,69.98,65.46,52.83,67.6,62.83,58.23,82.2,62.57,70.96,70.82,58.44,68.91
2022-09-27 17:00:00,70.08,83.71,70.49,72.6,67.98,55.17,70.48,66.71,58.67,83.7,66.88,73.5,73.37,59.51,71.6
2022-09-27 18:00:00,95.77,101.25,96.06,97.0,89.63,88.42,97.55,95.78,92.88,100.89,95.28,96.95,96.93,87.39,99.66
2022-09-27 19:00:00,76.92,79.99,77.64,76.45,56.64,74.71,79.41,78.11,76.7,79.99,78.12,76.31,76.05,73.51,87.42
2022-09-27 20:00:00,47.57,48.57,47.41,47.42,37.22,48.41,45.24,48.69,50.76,48.69,48.84,47.54,47.28,48.1,53.24
2022-09-27 21:00:00,40.01,40.92,39.92,39.79,30.95,40.92,38.04,40.97,43.88,41.11,41.13,39.78,39.63,41.21,44.06
2022-09-27 22:00:00,37.21,37.97,37.12,37.06,27.61,37.99,35.46,37.9,38.08,38.04,37.96,37.01,36.99,38.01,39.95
2022-09-27 23:00:00,33.05,34.17,32.49,33.36,24.9,34.03,28.41,33.94,34.06,34.19,34.01,33.33,33.38,34.05,34.43
2022-09-28 00:00:00,32.44,32.65,32.95,31.5,20.74,33.69,33.97,33.38,34.13,32.68,33.54,31.4,31.24,33.68,37.62
2022-09-28 01:00:00,31.14,31.21,31.61,30.35,20.99,31.98,32.89,31.81,32.21,31.23,31.99,30.27,30.14,31.98,36.43
2022-09-28 02:00:00,27.67,27.49,28.22,26.45,19.84,29.93,29.0,29.72,29.98,27.53,29.76,26.44,26.34,29.94,32.18
2022-09-28 03:00:00,29.16,29.08,29.58,28.32,22.61,30.44,30.48,30.28,30.55,29.11,30.36,28.29,28.21,30.44,33.47
2022-09-28 04:00:00,30.53,30.52,30.79,30.1,26.52,30.93,31.6,30.82,31.06,30.53,30.93,30.07,30.01,30.94,34.16
2022-09-28 05:00:00,34.81,34.81,35.09,34.37,30.75,35.25,35.91,35.12,35.39,34.82,35.24,34.34,34.28,35.27,38.73
2022-09-28 06:00:00,40.01,40.02,40.3,39.53,35.92,40.48,41.18,40.35,40.64,40.03,40.47,39.49,39.42,40.48,44.66
2022-09-28 07:00:00,40.84,40.91,41.25,40.13,36.18,41.68,42.29,41.41,41.95,40.93,41.63,40.07,39.98,41.68,49.6
2022-09-28 08:00:00,36.79,36.82,36.94,36.53,34.51,37.08,37.33,37.01,37.17,36.83,37.08,36.52,36.47,37.08,39.61
2022-09-28 09:00:00,35.94,36.09,35.91,36.0,35.97,35.79,35.74,35.87,35.81,36.09,35.86,36.02,36.01,35.78,36.25
2022-09-28 10:00:00,37.89,38.15,37.83,38.0,37.97,37.74,37.43,37.83,37.77,38.2,37.83,38.1,38.03,37.85,38.54
2022-09-28 11:00:00,42.55,44.02,42.52,42.86,42.66,41.16,42.02,41.8,41.32,44.22,41.72,42.97,42.92,41.09,43.15
2022-09-28 12:00:00,43.83,46.36,43.81,44.41,44.11,41.08,43.37,42.75,41.55,46.6,42.65,44.71,44.56,41.21,44.38
2022-09-28 13:00:00,48.63,51.95,48.49,49.76,49.23,44.12,48.12,47.5,44.97,51.96,48.14,50.55,50.07,44.94,49.78
2022-09-28 14:00:00,55.89,61.47,55.76,57.61,57.1,48.48,55.51,53.11,52.71,62.17,53.01,59.11,58.23,50.65,57.08
2022-09-28 15:00:00,59.55,66.38,59.39,61.74,61.27,50.14,59.28,57.07,56.85,67.72,56.94,63.96,62.66,52.5,60.95
2022-09-28 16:00:00,67.0,77.0,67.13,69.0,68.28,56.22,66.3,64.15,60.24,78.26,64.16,71.39,70.37,58.01,68.42
2022-09-28 17:00:00,68.32,77.0,68.22,70.7,69.69,57.51,67.67,66.54,64.5,77.51,66.6,72.24,71.58,58.61,69.71
2022-09-28 18:00:00,97.76,101.87,97.97,99.0,95.09,90.97,100.06,97.94,94.84,101.58,99.88,99.59,99.21,89.52,106.06
2022-09-28 19:00:00,91.61,92.94,93.15,90.1,80.4,90.29,99.29,94.18,94.79,92.77,93.99,90.4,89.85,87.12,133.19
2022-09-28 20:00:00,50.55,50.9,52.56,47.54,32.02,52.99,58.83,53.2,57.0,50.98,53.77,48.14,47.24,52.29,99.27
2022-09-28 21:00:00,42.83,43.95,43.07,41.55,27.18,46.15,40.62,45.59,48.53,43.99,46.22,41.52,41.13,46.16,75.42
2022-09-28 22:00:00,42.42,42.47,43.4,40.88,28.41,43.94,46.3,43.53,44.44,42.5,43.87,40.81,40.56,43.93,62.0
2022-09-28 23:00:00,38.47,39.07,38.53,37.86,28.22,40.19,37.01,39.86,40.58,39.09,40.11,37.81,37.62,40.19,53.62
2022-09-29 00:00:00,39.16,39.14,39.35,38.88,36.78,39.38,39.99,39.3,39.46,39.15,39.36,38.86,38.83,39.38,41.66
2022-09-29 01:00:00,37.14,37.12,37.34,36.85,34.82,37.39,38.0,37.3,37.48,37.13,37.37,36.82,36.79,37.38,39.78
2022-09-29 02:00:00,33.01,32.97,33.2,32.7,30.36,33.28,33.84,33.18,33.36,32.98,33.25,32.68,32.64,33.29,35.67
2022-09-29 03:00:00,30.82,30.8,30.96,30.62,29.1,30.97,31.44,30.92,31.03,30.81,30.97,30.6,30.58,30.98,32.8
2022-09-29 04:00:00,32.36,32.34,32.5,32.15,30.61,32.52,32.97,32.46,32.58,32.35,32.51,32.14,32.12,32.52,34.37
2022-09-29 05:00:00,36.68,36.66,36.84,36.44,34.55,36.88,37.39,36.81,36.95,36.67,36.87,36.42,36.4,36.88,39.11
2022-09-29 06:00:00,45.0,45.01,45.22,44.64,40.79,45.33,45.88,45.25,45.44,45.02,45.32,44.61,44.56,45.33,47.89
2022-09-29 07:00:00,46.15,46.26,46.33,45.75,40.58,46.77,46.53,46.66,46.9,46.27,46.75,45.71,45.64,46.74,49.98
2022-09-29 08:00:00,40.06,40.1,40.18,39.83,36.53,40.35,40.44,40.31,40.41,40.1,40.35,39.81,39.77,40.33,41.2
2022-09-29 09:00:00,37.7,37.7,37.71,37.67,37.29,37.73,37.74,37.72,37.74,37.7,37.73,37.67,37.66,37.73,37.84
2022-09-29 10:00:00,36.51,36.26,36.69,35.8,36.09,38.5,36.2,39.53,38.46,36.29,39.13,35.84,35.86,38.95,36.44
2022-09-29 11:00:00,43.05,43.37,43.32,42.17,42.26,45.14,42.61,47.08,45.15,43.46,46.44,42.22,42.27,45.34,42.94
2022-09-29 12:00:00,45.81,46.0,45.82,45.83,45.51,45.69,45.77,45.74,45.7,46.1,45.73,45.9,45.85,45.82,46.02
2022-09-29 13:00:00,47.19,48.14,47.25,47.26,46.8,46.44,47.15,46.79,47.54,48.47,46.37,47.51,47.37,46.66,47.44
2022-09-29 14:00:00,54.57,56.11,54.58,54.94,54.3,52.66,54.59,53.56,52.98,56.57,53.49,55.42,55.14,52.73,54.83
2022-09-29 15:00:00,57.86,59.72,57.85,58.37,58.03,55.45,57.88,56.61,55.81,60.23,56.52,59.12,58.67,55.78,58.08
2022-09-29 16:00:00,63.0,65.78,63.04,63.64,62.0,59.61,63.14,61.36,60.06,66.29,61.21,64.52,64.0,59.96,63.5
2022-09-29 17:00:00,63.08,64.9,63.14,63.51,61.72,60.7,63.44,61.93,61.06,65.18,61.79,65.01,64.1,61.0,63.93
2022-09-29 18:00:00,97.61,98.04,98.07,97.0,83.9,97.68,99.56,97.86,98.1,98.15,98.1,98.5,97.35,97.9,102.62
2022-09-29 19:00:00,95.86,96.4,97.02,93.97,65.6,97.6,100.12,97.37,98.26,96.44,97.74,94.32,93.61,97.64,110.11
2022-09-29 20:00:00,52.12,52.69,53.88,49.08,3.26,55.58,58.15,55.07,56.52,52.76,55.75,49.01,48.26,55.67,70.3
2022-09-29 21:00:00,47.85,48.47,49.74,44.57,-6.38,51.65,54.26,51.06,52.7,48.53,51.7,44.25,43.58,51.68,66.88
2022-09-29 22:00:00,45.05,45.55,46.84,41.96,-5.59,48.68,51.16,48.06,49.6,45.6,48.65,41.65,41.03,48.69,63.24
2022-09-29 23:00:00,40.22,40.66,41.63,37.77,0.0,43.07,45.03,42.58,43.79,40.71,43.04,37.53,37.04,43.0,54.67
2022-09-30 00:00:00,43.45,44.06,44.91,40.78,-0.96,46.92,47.89,46.19,47.88,44.12,46.75,40.48,39.94,46.99,58.17
2022-09-30 01:00:00,37.08,37.53,38.46,34.64,-4.55,40.06,41.6,39.53,40.79,37.59,40.06,34.37,33.86,40.04,51.5
2022-09-30 02:00:00,32.87,33.29,34.12,30.65,-5.04,35.57,36.97,35.1,36.23,33.34,35.58,30.41,29.94,35.54,46.06
2022-09-30 03:00:00,32.77,33.13,33.89,30.77,-1.14,35.19,36.47,34.76,35.78,33.18,35.2,30.57,30.14,35.18,44.67
2022-09-30 04:00:00,34.72,35.1,35.79,32.83,2.39,37.0,38.25,36.61,37.57,35.15,37.02,32.63,32.23,36.94,46.06
2022-09-30 05:00:00,39.38,39.66,40.2,37.92,15.05,41.12,42.11,40.82,41.57,39.7,41.14,37.77,37.46,41.08,48.22
2022-09-30 06:00:00,47.87,48.25,48.95,45.95,15.67,50.18,51.43,49.78,50.77,48.3,50.2,45.76,45.34,50.12,59.41
2022-09-30 07:00:00,45.65,46.01,46.62,43.92,16.04,47.74,48.81,47.39,48.27,46.04,47.77,43.74,43.36,47.7,55.83
2022-09-30 08:00:00,39.05,39.13,39.26,38.66,32.96,39.54,39.71,39.45,39.66,39.15,39.54,38.62,38.54,39.53,41.49
2022-09-30 09:00:00,37.54,37.56,37.56,37.5,36.76,37.61,37.59,37.59,37.62,37.56,37.6,37.49,37.48,37.62,37.82
2022-09-30 10:00:00,37.94,38.23,37.98,37.84,36.99,38.11,37.75,38.02,38.17,38.37,38.04,37.88,37.83,38.24,37.95
2022-09-30 11:00:00,39.79,40.5,39.86,39.44,37.79,40.68,38.82,40.25,41.0,40.72,40.34,39.47,39.4,41.14,39.16
2022-09-30 12:00:00,43.62,47.13,44.18,42.02,39.26,46.51,41.07,45.76,47.23,47.53,45.7,42.17,41.58,47.6,41.54
2022-09-30 13:00:00,44.95,51.0,45.92,42.48,38.86,48.77,41.43,46.95,51.55,51.51,47.25,43.09,41.84,50.8,42.0
2022-09-30 14:00:00,49.48,54.99,50.27,47.42,42.06,52.68,46.0,50.8,55.59,55.46,51.36,48.52,47.67,55.23,46.57
2022-09-30 15:00:00,52.34,58.53,53.2,49.96,43.9,56.34,47.95,55.26,59.29,59.33,56.15,51.26,50.27,58.89,48.52
2022-09-30 16:00:00,60.06,70.34,61.74,55.8,49.7,66.71,54.11,67.71,68.31,71.02,67.89,57.2,56.14,69.65,54.86
2022-09-30 17:00:00,58.05,61.36,58.87,55.82,49.36,62.28,56.01,64.71,63.12,61.85,64.32,57.21,56.27,64.46,57.3
2022-09-30 18:00:00,64.23,65.69,65.07,62.85,45.82,65.36,66.37,65.4,65.7,65.84,65.64,64.35,63.11,65.65,70.54
2022-09-30 19:00:00,59.55,60.76,61.39,56.39,7.06,62.96,65.43,62.56,63.86,61.06,63.26,56.62,55.6,63.06,77.28
2022-09-30 20:00:00,44.61,45.9,46.6,41.18,-11.38,48.41,50.89,47.91,49.36,46.19,48.67,40.97,40.18,48.41,63.99
2022-09-30 21:00:00,41.86,42.93,43.64,38.78,-9.37,45.28,47.58,44.8,46.43,43.16,45.4,38.52,37.84,45.28,59.36
2022-09-30 22:00:00,39.73,40.64,41.3,37.06,-4.29,42.65,44.84,42.22,43.36,40.85,42.72,36.83,36.24,42.62,55.5
2022-09-30 23:00:00,35.63,36.91,37.07,32.85,-5.13,39.54,38.99,38.56,40.63,37.13,39.1,32.57,32.03,39.92,48.21
2022-10-01 00:00:00,31.32,31.94,32.66,28.94,-7.74,34.22,35.52,33.69,34.9,31.99,34.13,28.71,28.22,34.27,44.67
2022-10-01 01:00:00,26.06,26.6,27.24,23.97,-8.21,28.58,29.79,28.13,29.15,26.65,28.53,23.77,23.34,28.55,37.75
2022-10-01 02:00:00,22.42,22.85,23.44,20.63,-5.94,24.54,25.77,24.15,25.02,22.89,24.49,20.45,20.1,24.52,32.76
2022-10-01 03:00:00,22.94,23.24,23.82,21.43,0.0,24.62,25.98,24.31,25.02,23.28,24.6,21.28,21.0,24.6,32.35
2022-10-01 04:00:00,26.03,26.27,26.74,24.82,8.17,27.38,28.48,27.12,27.7,26.3,27.36,24.7,24.48,27.35,33.88
2022-10-01 05:00:00,30.17,30.37,30.8,29.1,15.09,31.34,32.39,31.11,31.62,30.39,31.33,29.0,28.82,31.32,37.57
2022-10-01 06:00:00,33.42,33.58,33.95,32.55,20.43,34.36,35.31,34.19,34.59,33.6,34.36,32.46,32.3,34.37,39.28
2022-10-01 07:00:00,36.57,36.7,37.01,35.86,26.03,37.33,38.14,37.19,37.52,36.71,37.33,35.79,35.66,37.32,41.43
2022-10-01 08:00:00,35.1,35.18,35.29,34.75,29.39,35.5,35.73,35.43,35.59,35.19,35.5,34.72,34.65,35.5,37.06
2022-10-01 09:00:00,32.95,32.97,33.0,32.85,31.35,33.06,33.12,33.05,33.09,32.98,33.07,32.84,32.82,33.11,33.52
2022-10-01 10:00:00,36.09,36.19,36.11,35.96,35.1,36.42,35.88,36.28,36.52,36.2,36.33,35.96,35.94,36.56,36.05
2022-10-01 11:00:00,35.82,36.13,35.87,35.49,33.84,36.8,35.06,36.45,37.12,36.15,36.59,35.46,35.43,37.16,35.36
2022-10-01 12:00:00,37.5,37.89,37.63,36.98,35.28,38.87,36.79,39.21,39.17,38.3,39.17,37.12,36.99,39.48,37.19
2022-10-01 13:00:00,36.62,37.29,36.9,35.66,34.33,38.95,35.71,40.22,39.24,37.67,40.0,36.07,35.68,39.89,36.17
2022-10-01 14:00:00,40.25,40.65,40.53,39.15,37.64,43.18,39.15,45.15,43.61,41.1,44.81,39.83,39.46,44.56,39.64
2022-10-01 15:00:00,45.38,46.01,45.72,44.22,42.67,48.21,44.45,51.0,48.57,46.43,50.57,44.73,44.45,49.77,45.05
2022-10-01 16:00:00,50.68,53.07,51.35,48.59,46.91,55.32,48.42,58.4,55.95,53.76,57.88,49.22,48.91,57.52,48.96
2022-10-01 17:00:00,55.06,55.32,55.53,53.61,50.6,58.47,54.72,62.28,58.72,55.84,61.57,54.36,53.92,60.17,55.77
2022-10-01 18:00:00,56.76,57.11,57.66,55.0,34.82,59.34,59.19,60.89,59.73,57.19,60.76,55.56,54.91,60.02,64.18
2022-10-01 19:00:00,47.24,48.03,49.02,44.16,-3.12,50.74,53.17,50.26,51.6,48.14,50.96,44.46,43.46,50.79,64.65
2022-10-01 20:00:00,39.58,40.36,41.54,36.19,-15.97,43.49,46.1,42.9,44.42,40.43,43.58,36.01,35.24,43.47,58.91
2022-10-01 21:00:00,38.32,39.08,40.14,35.14,-14.01,42.01,44.35,41.44,42.86,39.14,42.05,34.81,34.19,42.0,56.35
2022-10-01 22:00:00,37.76,38.4,39.31,35.06,-7.68,40.87,42.93,40.4,41.61,38.45,40.92,34.82,34.25,40.84,53.4
2022-10-01 23:00:00,33.09,33.65,34.46,30.73,-5.94,35.83,37.62,35.39,36.47,33.7,35.84,30.49,30.02,35.81,46.85
2022-10-02 00:00:00,30.35,30.9,31.64,28.08,-6.94,32.99,34.6,32.57,33.59,30.95,33.0,27.85,27.4,32.95,43.39
2022-10-02 01:00:00,28.4,28.95,29.67,26.18,-7.96,31.01,32.55,30.58,31.6,28.99,31.0,25.95,25.51,30.96,41.23
2022-10-02 02:00:00,27.09,27.57,28.24,25.09,-5.79,29.41,30.9,29.04,29.93,27.61,29.42,24.89,24.49,29.36,38.89
2022-10-02 03:00:00,27.54,27.87,28.37,26.09,4.05,29.19,30.33,28.93,29.57,27.9,29.21,25.94,25.66,29.15,36.21
2022-10-02 04:00:00,29.94,30.1,30.36,29.23,19.08,30.75,31.35,30.61,30.94,30.11,30.75,29.16,29.03,30.73,34.51
2022-10-02 05:00:00,32.96,33.09,33.32,32.33,23.5,33.66,34.21,33.54,33.83,33.11,33.66,32.27,32.16,33.64,37.03
2022-10-02 06:00:00,35.4,35.48,35.66,34.97,29.22,35.88,36.31,35.79,36.0,35.5,35.88,34.93,34.85,35.87,38.42
2022-10-02 07:00:00,37.23,37.3,37.45,36.86,32.08,37.63,38.0,37.55,37.73,37.31,37.63,36.82,36.76,37.62,39.81
2022-10-02 08:00:00,32.45,32.51,32.58,32.22,28.65,32.72,32.88,32.68,32.78,32.51,32.72,32.2,32.15,32.72,33.79
2022-10-02 09:00:00,32.35,32.35,32.36,32.32,31.92,32.38,32.39,32.37,32.39,32.36,32.38,32.32,32.31,32.39,32.52
2022-10-02 10:00:00,36.2,36.2,36.2,36.19,36.06,36.22,36.19,36.21,36.22,36.21,36.21,36.19,36.18,36.23,36.28
2022-10-02 11:00:00,34.1,34.19,34.17,33.79,33.54,34.94,33.77,34.93,34.96,34.21,34.89,33.8,33.8,35.05,33.92
2022-10-02 12:00:00,37.61,37.76,37.65,37.4,37.01,38.26,37.17,38.36,38.4,37.77,38.38,37.52,37.43,38.59,37.28
2022-10-02 13:00:00,42.16,43.23,42.41,41.41,41.12,43.73,41.26,44.08,43.88,43.25,44.0,41.66,41.28,44.24,41.41
2022-10-02 14:00:00,40.63,40.76,40.7,40.23,40.06,41.84,39.98,42.39,42.08,40.88,42.38,40.98,40.48,42.55,40.04
2022-10-02 15:00:00,46.74,48.56,47.19,45.56,45.65,48.86,45.79,50.04,48.99,48.83,49.94,46.22,45.8,49.8,46.0
2022-10-02 16:00:00,54.33,55.22,54.65,53.15,52.77,57.33,52.93,59.42,57.69,55.42,59.11,53.65,53.35,58.8,53.16
2022-10-02 17:00:00,56.72,56.88,56.94,55.94,54.64,58.72,56.23,60.55,58.99,57.06,60.26,56.82,56.26,59.8,56.66
2022-10-02 18:00:00,65.94,66.02,66.24,65.36,58.65,66.76,66.82,67.4,67.6,66.04,67.44,65.91,65.46,67.24,68.48
2022-10-02 19:00:00,58.43,59.08,60.05,55.57,12.88,61.88,63.65,61.85,62.67,59.14,62.39,55.87,54.97,62.14,73.72
2022-10-02 20:00:00,41.35,42.2,43.3,37.92,-14.68,45.36,47.73,44.8,46.3,42.26,45.56,37.81,36.99,45.39,60.25
2022-10-02 21:00:00,39.37,40.21,41.23,36.12,-13.89,43.21,45.36,42.67,44.1,40.28,43.38,35.82,35.17,43.2,57.3
2022-10-02 22:00:00,36.85,37.51,38.38,34.17,-7.61,39.97,41.86,39.49,40.68,37.57,40.01,33.89,33.37,39.94,51.95
2022-10-02 23:00:00,32.16,32.75,33.52,29.79,-7.24,34.93,36.63,34.5,35.56,32.8,34.96,29.54,29.08,34.89,45.66
2022-10-03 00:00:00,27.77,28.29,29.0,25.64,-10.5,30.25,31.82,29.86,30.81,28.34,30.31,25.4,24.98,30.2,40.21
2022-10-03 01:00:00,28.72,29.25,29.96,26.56,-9.93,31.23,32.81,30.83,31.8,29.3,31.29,26.32,25.89,31.18,41.35
2022-10-03 02:00:00,29.61,30.09,30.74,27.65,-5.46,31.89,33.34,31.53,32.42,30.14,31.96,27.44,27.04,31.85,41.17
2022-10-03 03:00:00,27.17,27.6,28.2,25.39,-4.57,29.24,30.57,28.91,29.71,27.65,29.29,25.2,24.84,29.19,37.73
2022-10-03 04:00:00,30.54,30.91,31.43,29.0,3.25,32.31,33.49,32.03,32.72,30.94,32.36,28.84,28.53,32.27,39.71
2022-10-03 05:00:00,38.3,38.7,39.26,36.63,8.83,40.23,41.5,39.91,40.68,38.74,40.28,36.46,36.12,40.2,48.33
2022-10-03 06:00:00,46.64,47.02,47.57,45.02,17.67,48.5,49.74,48.19,48.93,47.06,48.55,44.86,44.53,48.47,56.2
2022-10-03 07:00:00,52.37,52.6,53.02,51.26,29.88,53.73,54.48,53.51,54.07,52.63,53.77,51.13,50.86,53.71,59.1
2022-10-03 08:00:00,41.27,41.38,41.62,40.66,28.53,42.03,42.42,41.97,42.27,41.47,42.09,40.6,40.44,42.05,44.89
2022-10-03 09:00:00,36.34,36.27,36.42,36.2,32.81,36.5,36.7,36.69,36.71,36.4,36.77,36.18,36.14,36.7,37.42
2022-10-03 10:00:00,36.18,36.76,36.26,35.94,34.24,36.59,35.76,36.38,36.68,37.56,36.45,35.93,35.91,36.99,35.93
2022-10-03 11:00:00,36.68,37.28,36.76,36.28,34.29,37.75,35.73,37.28,38.03,38.0,37.46,36.24,36.22,38.39,35.89
2022-10-03 12:00:00,42.0,43.05,42.1,41.65,40.56,42.62,41.08,42.5,43.07,44.12,42.69,41.83,41.77,43.34,41.21
2022-10-03 13:00:00,42.45,44.32,42.69,41.97,40.26,42.78,41.69,43.09,43.5,45.9,43.33,42.85,42.42,44.47,41.96
2022-10-03 14:00:00,52.18,54.31,52.42,51.98,51.57,51.38,52.03,52.89,52.07,57.31,52.45,54.15,53.19,53.31,52.15
2022-10-03 15:00:00,59.96,61.95,60.21,59.76,59.12,59.11,60.02,61.91,60.23,64.82,61.08,62.16,61.15,61.03,60.25
2022-10-03 16:00:00,69.21,71.72,69.61,68.93,68.39,67.88,69.92,71.99,69.05,74.72,70.57,73.03,71.37,69.8,70.42
2022-10-03 17:00:00,72.62,74.19,73.0,72.14,70.26,72.36,73.29,75.39,73.06,75.09,74.34,75.52,74.16,74.13,73.96
2022-10-03 18:00:00,112.72,113.49,113.25,111.9,97.57,113.29,114.3,113.57,113.63,114.0,113.63,113.38,112.42,113.67,117.23
2022-10-03 19:00:00,84.92,85.6,86.54,82.1,27.01,88.22,90.24,88.03,89.21,85.68,88.65,82.49,81.43,88.4,101.26
2022-10-03 20:00:00,46.43,47.32,48.29,43.16,-19.71,50.3,52.37,49.85,51.26,47.39,50.54,43.04,42.14,50.44,65.18
2022-10-03 21:00:00,40.12,40.92,41.78,37.19,-19.73,43.55,45.44,43.1,44.42,40.98,43.63,36.93,36.22,43.61,57.12
2022-10-03 22:00:00,37.12,37.84,38.58,34.56,-16.1,40.16,41.75,39.76,40.9,37.9,40.21,34.34,33.7,40.38,52.12
2022-10-03 23:00:00,31.0,31.84,32.27,28.6,-15.78,34.23,34.4,33.61,35.1,31.9,34.09,28.38,27.82,36.24,43.27
2022-10-04 00:00:00,32.72,33.43,34.32,29.9,-20.93,36.07,37.85,35.61,36.89,33.53,36.16,29.61,28.95,36.02,49.32
2022-10-04 01:00:00,30.63,31.3,32.14,27.97,-20.0,33.8,35.49,33.36,34.56,31.39,33.88,27.7,27.07,33.75,46.41
2022-10-04 02:00:00,29.67,30.31,31.11,27.14,-18.52,32.68,34.32,32.27,33.42,30.39,32.77,26.9,26.29,32.63,44.83
2022-10-04 03:00:00,29.9,30.5,31.25,27.53,-15.02,32.71,34.26,32.33,33.4,30.57,32.79,27.31,26.74,32.66,44.13
2022-10-04 04:00:00,31.63,32.21,32.95,29.32,-12.26,34.38,35.88,34.0,35.05,32.31,34.46,29.11,28.55,34.33,45.49
2022-10-04 05:00:00,39.63,40.18,40.88,37.43,-2.11,42.25,43.67,41.89,42.89,40.31,42.32,37.23,36.69,42.2,52.78
2022-10-04 06:00:00,49.4,49.96,50.76,47.0,3.85,52.24,53.85,51.95,53.01,50.18,52.44,46.78,46.23,52.28,63.72
2022-10-04 07:00:00,51.86,52.15,52.91,50.08,17.89,53.8,55.61,54.15,54.8,52.56,54.64,49.9,49.46,54.2,63.6
2022-10-04 08:00:00,37.09,37.03,37.31,36.79,28.68,37.26,38.15,38.1,38.0,37.17,38.35,36.74,36.62,37.83,40.07
2022-10-04 09:00:00,32.97,33.24,32.98,33.06,32.67,32.51,33.11,33.31,33.13,33.57,33.43,33.06,33.05,33.0,33.23
2022-10-04 10:00:00,32.95,34.35,33.01,32.77,31.97,33.08,31.86,33.57,33.96,35.15,33.81,32.74,32.75,33.95,31.64
2022-10-04 11:00:00,35.88,37.86,35.92,34.96,32.94,38.92,31.95,38.29,40.81,38.8,38.97,34.83,34.78,41.09,31.44
2022-10-04 12:00:00,39.03,40.8,39.03,37.96,35.45,42.94,34.41,43.86,47.03,41.98,44.43,38.14,37.9,46.43,33.81
2022-10-04 13:00:00,42.84,46.16,43.16,41.7,40.14,45.2,39.56,46.58,47.99,47.54,47.12,42.4,41.99,48.3,39.28
2022-10-04 14:00:00,50.78,53.64,51.06,50.0,49.21,51.94,48.64,55.38,55.27,54.91,55.16,52.54,51.43,55.9,48.53
2022-10-04 15:00:00,61.36,66.54,62.11,60.05,60.18,61.82,60.05,67.6,64.23,68.65,66.85,62.32,61.56,65.58,60.4
2022-10-04 16:00:00,70.41,75.8,71.34,69.1,70.21,69.96,70.51,76.37,72.35,77.86,75.35,73.21,71.86,73.55,70.96
2022-10-04 17:00:00,72.06,75.0,72.47,71.83,71.83,70.34,72.71,77.36,72.35,76.17,75.8,75.04,73.99,72.94,73.1
2022-10-04 18:00:00,113.26,115.53,113.81,112.76,110.49,112.11,114.82,117.58,114.19,116.03,116.3,117.76,116.04,113.89,116.17
2022-10-04 19:00:00,79.47,78.78,79.97,78.92,64.39,79.39,82.78,84.37,81.88,78.96,83.25,79.32,78.89,81.35,88.86
2022-10-04 20:00:00,44.96,44.41,45.52,44.22,28.9,45.37,48.06,48.59,47.13,44.53,47.98,44.29,43.94,46.72,54.47
2022-10-04 21:00:00,40.75,40.61,41.18,40.06,28.05,41.44,42.6,42.12,42.16,40.71,42.25,40.0,39.82,41.88,46.63
2022-10-04 22:00:00,35.82,35.9,36.23,35.13,24.67,36.6,37.3,36.45,36.82,35.92,36.59,35.08,34.93,36.6,40.84
2022-10-04 23:00:00,34.82,34.87,35.15,34.27,26.08,35.45,36.01,35.32,35.63,34.89,35.42,34.22,34.11,35.46,38.92
2022-10-05 00:00:00,30.76,30.77,31.22,30.02,21.47,31.47,32.62,31.3,31.72,30.78,31.45,29.96,29.83,31.47,37.08
2022-10-05 01:00:00,31.25,31.25,31.63,30.66,24.2,31.82,32.78,31.67,32.02,31.27,31.78,30.61,30.52,31.82,36.38
2022-10-05 02:00:00,30.83,30.81,31.16,30.32,25.31,31.28,32.24,31.15,31.45,30.82,31.26,30.28,30.2,31.28,35.61
2022-10-05 03:00:00,30.01,29.99,30.31,29.56,25.16,30.41,31.27,30.3,30.55,30.0,30.39,29.53,29.46,30.4,34.31
2022-10-05 04:00:00,33.41,33.4,33.69,32.98,28.43,33.81,34.59,33.7,33.95,33.41,33.8,32.95,32.88,33.8,37.42
2022-10-05 05:00:00,38.78,38.78,39.05,38.36,33.58,39.2,39.87,39.09,39.35,38.85,39.19,38.32,38.26,39.21,42.58
2022-10-05 06:00:00,42.94,42.73,43.29,42.43,36.02,43.33,44.68,43.74,43.95,42.8,43.94,42.39,42.29,43.67,48.68
2022-10-05 07:00:00,47.41,47.11,47.68,47.05,41.05,47.61,48.93,48.35,48.39,47.21,48.55,47.01,46.91,48.12,52.22
2022-10-05 08:00:00,39.01,38.71,39.05,39.02,36.59,38.9,39.56,39.77,39.6,38.77,39.96,39.01,38.96,39.45,40.29
2022-10-05 09:00:00,35.79,35.51,35.75,35.91,35.57,35.55,36.03,36.35,36.14,35.51,36.5,35.91,35.89,36.06,36.17
2022-10-05 10:00:00,37.68,37.55,37.65,37.78,37.71,37.48,37.79,38.12,37.96,37.65,38.25,37.78,37.77,37.93,37.87
2022-10-05 11:00:00,42.24,42.05,42.26,41.99,41.4,43.15,41.86,43.91,44.14,42.21,43.98,41.99,41.96,43.95,42.05
2022-10-05 12:00:00,46.97,47.01,46.97,46.9,45.97,47.24,46.71,48.01,48.34,47.2,48.06,46.95,46.89,48.04,47.04
2022-10-05 13:00:00,53.27,53.67,53.31,53.2,52.09,53.31,53.06,54.63,54.57,54.09,54.8,53.31,53.23,54.55,53.44
2022-10-05 14:00:00,55.72,56.06,55.79,55.78,55.49,55.11,56.22,57.74,56.55,56.7,58.02,56.75,56.39,57.33,56.64
2022-10-05 15:00:00,64.39,65.19,64.52,64.4,64.45,63.55,64.96,67.37,65.36,66.26,67.44,65.9,65.37,65.72,65.4
2022-10-05 16:00:00,75.37,76.19,75.49,75.47,75.05,74.23,76.08,79.99,76.08,77.35,78.63,76.97,76.43,76.39,76.62
2022-10-05 17:00:00,83.54,83.9,83.66,83.53,83.19,82.9,84.31,88.35,84.09,84.56,86.68,85.22,84.6,84.48,84.99
2022-10-05 18:00:00,117.45,117.05,117.72,117.37,108.65,116.55,119.9,123.13,118.48,117.26,121.39,118.25,117.72,117.35,123.47
2022-10-05 19:00:00,86.92,85.55,88.05,85.52,72.81,86.98,94.16,92.5,90.27,85.61,91.47,85.73,85.39,88.06,112.45
2022-10-05 20:00:00,54.52,53.89,55.49,53.43,40.68,54.31,60.34,58.87,55.73,53.93,58.15,53.51,53.15,56.31,74.08
2022-10-05 21:00:00,48.1,47.89,48.84,46.99,36.65,48.98,51.5,49.15,49.74,47.94,49.5,46.98,46.79,51.64,59.77
2022-10-05 22:00:00,43.78,43.78,44.32,42.93,35.91,44.53,46.04,44.28,44.77,43.86,44.45,42.87,42.77,45.63,52.04
2022-10-05 23:00:00,41.78,41.75,42.23,41.06,36.03,42.4,43.73,42.18,42.6,41.79,42.31,41.01,40.94,43.04,49.29
2022-10-06 00:00:00,40.19,40.16,40.39,39.9,37.77,40.41,41.09,40.36,40.53,40.16,40.41,39.87,39.85,40.42,43.83
2022-10-06 01:00:00,39.36,39.32,39.61,38.97,36.19,39.66,40.5,39.6,39.83,39.33,39.67,38.94,38.9,39.68,43.9
2022-10-06 02:00:00,38.65,38.62,38.87,38.31,35.79,38.92,39.64,38.86,39.07,38.62,38.93,38.29,38.25,38.95,43.0
2022-10-06 03:00:00,37.88,37.87,38.11,37.51,34.9,38.2,38.88,38.09,38.33,37.87,38.18,37.49,37.45,38.21,42.27
2022-10-06 04:00:00,39.03,38.99,39.29,38.63,36.0,39.35,40.17,39.27,39.52,39.0,39.35,38.6,38.57,39.38,44.01
2022-10-06 05:00:00,45.16,45.12,45.49,44.66,41.44,45.56,46.61,45.45,45.76,45.13,45.56,44.62,44.58,45.58,51.45
2022-10-06 06:00:00,50.42,50.37,50.78,49.86,46.45,50.88,52.03,50.73,51.1,50.38,50.85,49.82,49.76,50.91,57.59
2022-10-06 07:00:00,55.57,55.49,55.94,55.0,50.89,56.06,57.22,56.02,56.37,55.53,56.17,54.96,54.9,56.16,62.9
2022-10-06 08:00:00,45.08,45.09,45.14,44.99,43.43,45.19,45.28,45.21,45.25,45.09,45.24,44.99,44.97,45.21,45.71
2022-10-06 09:00:00,42.7,42.69,42.7,42.71,42.57,42.7,42.68,42.74,42.73,42.71,42.74,42.74,42.72,42.75,42.79
2022-10-06 10:00:00,45.3,45.77,45.31,45.11,44.67,45.9,44.47,45.59,46.07,45.95,45.68,45.11,45.09,46.3,44.33
2022-10-06 11:00:00,47.91,48.44,47.93,47.69,47.27,48.54,47.04,48.27,48.85,48.65,48.4,47.66,47.65,48.8,46.99
2022-10-06 12:00:00,52.97,53.68,53.0,52.87,52.55,53.08,52.38,53.01,53.31,53.99,53.09,52.89,52.85,53.28,52.37
2022-10-06 13:00:00,57.96,59.06,57.95,58.21,57.92,56.76,57.76,57.58,57.36,59.85,57.81,58.46,58.27,57.35,57.99
2022-10-06 14:00:00,63.74,65.04,63.69,64.23,63.9,61.77,63.73,63.45,62.37,65.83,63.71,64.6,64.34,62.91,63.94
2022-10-06 15:00:00,80.08,81.7,80.03,80.72,80.51,77.46,80.25,81.42,77.28,82.66,81.37,81.72,81.2,78.6,80.33
2022-10-06 16:00:00,97.0,98.67,96.95,97.66,97.5,94.21,97.25,98.95,93.87,99.36,98.58,99.16,98.47,95.0,97.33
2022-10-06 17:00:00,100.82,102.22,100.71,101.58,101.29,98.03,101.01,104.09,96.93,102.56,103.16,103.08,102.4,98.24,101.12
2022-10-06 18:00:00,147.89,149.55,147.88,148.56,146.19,144.92,148.5,150.04,144.67,149.9,149.14,148.76,148.59,144.97,150.16
2022-10-06 19:00:00,103.19,102.81,103.71,102.83,97.36,102.2,107.0,107.56,102.49,102.82,106.19,102.78,102.6,101.86,120.0
2022-10-06 20:00:00,60.66,60.06,61.27,60.0,56.2,60.51,64.5,62.58,62.41,60.06,62.04,59.97,59.84,60.5,77.2
2022-10-06 21:00:00,53.9,53.77,54.36,53.3,49.78,54.18,56.17,54.45,54.77,53.78,54.44,53.25,53.2,54.01,62.9
2022-10-06 22:00:00,53.35,53.31,53.59,53.0,50.37,53.54,54.5,53.6,53.81,53.33,53.65,52.98,52.94,53.4,58.49
2022-10-06 23:00:00,48.65,48.62,48.81,48.41,46.23,48.79,49.41,48.84,48.96,48.63,48.85,48.39,48.37,48.75,52.06
2022-10-07 00:00:00,54.34,54.35,54.68,53.81,52.5,54.83,55.73,54.63,55.02,54.36,54.79,53.77,53.75,54.86,63.75
2022-10-07 01:00:00,49.66,49.65,50.0,49.14,47.93,50.12,51.1,49.92,50.3,49.66,50.08,49.1,49.07,50.15,59.09
2022-10-07 02:00:00,45.34,45.35,45.68,44.8,43.19,45.84,46.74,45.64,46.03,45.36,45.8,44.76,44.73,45.86,54.43
2022-10-07 03:00:00,44.31,44.33,44.68,43.74,41.82,44.85,45.79,44.64,45.06,44.34,44.81,43.69,43.66,44.88,53.96
2022-10-07 04:00:00,46.45,46.46,46.82,45.86,43.95,47.0,47.98,46.78,47.21,46.48,46.96,45.81,45.78,47.02,56.32
2022-10-07 05:00:00,52.98,53.06,53.47,52.16,46.86,53.81,54.85,53.56,54.09,53.08,53.78,52.1,52.02,53.83,64.31
2022-10-07 06:00:00,57.41,57.55,57.94,56.51,49.29,58.41,59.3,58.2,58.75,57.57,58.45,56.44,56.34,58.45,68.26
2022-10-07 07:00:00,57.93,58.0,58.35,57.22,48.95,58.68,59.52,58.68,59.03,58.02,58.87,57.16,57.05,58.79,65.4
2022-10-07 08:00:00,48.66,48.61,48.78,48.47,44.99,48.83,49.22,49.12,49.13,48.61,49.19,48.45,48.41,49.03,50.63
2022-10-07 09:00:00,45.1,45.16,45.12,45.05,44.15,45.11,45.16,45.16,45.15,45.2,45.17,45.06,45.04,45.14,45.4
2022-10-07 10:00:00,48.98,49.47,49.04,48.89,48.57,48.9,48.9,48.98,48.94,49.67,48.99,48.91,48.89,48.94,49.02
2022-10-07 11:00:00,50.26,51.02,50.39,49.99,49.99,50.5,50.05,50.71,50.54,51.83,50.72,50.05,50.0,50.6,50.13
2022-10-07 12:00:00,53.54,54.29,53.66,53.29,53.19,53.81,53.24,53.76,55.11,55.31,53.88,53.36,53.29,54.11,53.44
2022-10-07 13:00:00,62.63,64.66,62.92,62.17,62.16,62.57,62.28,63.08,62.95,65.58,63.24,62.23,62.16,63.07,62.49
2022-10-07 14:00:00,72.97,75.89,73.27,72.78,72.47,71.66,72.76,72.81,72.56,76.9,73.29,73.03,72.92,73.07,72.9
2022-10-07 15:00:00,90.16,94.28,90.56,90.02,90.02,87.9,90.06,89.92,88.96,96.04,90.37,91.34,90.82,89.89,90.08
2022-10-07 16:00:00,111.18,114.39,111.53,110.99,110.61,109.53,111.23,112.19,110.27,116.17,112.5,112.49,111.87,110.84,111.4
2022-10-07 17:00:00,104.46,106.44,104.79,104.06,103.37,104.04,104.63,106.8,104.26,107.76,106.5,105.62,104.92,104.87,104.9
2022-10-07 18:00:00,72.68,73.58,73.25,71.69,62.03,73.69,74.04,75.81,74.0,74.38,74.91,72.61,72.01,74.1,76.96
2022-10-07 19:00:00,64.46,67.64,65.67,62.45,48.01,65.97,66.64,66.34,66.33,68.02,66.24,63.08,62.4,66.1,74.59
2022-10-07 20:00:00,54.52,55.03,55.2,53.38,42.03,55.68,56.71,55.58,57.63,55.32,55.79,53.52,53.22,55.92,63.9
2022-10-07 21:00:00,53.95,54.9,54.51,52.96,45.01,54.99,55.18,54.81,55.97,54.96,54.98,52.87,52.68,55.11,59.5
2022-10-07 22:00:00,54.47,54.63,54.95,53.71,47.9,55.1,56.35,54.9,55.31,54.65,55.06,53.66,53.58,55.14,62.31
2022-10-07 23:00:00,51.67,51.66,52.05,51.09,47.29,52.12,53.33,51.96,52.29,51.67,52.08,51.05,50.99,52.15,58.69
2022-10-08 00:00:00,53.94,54.04,54.35,53.26,46.48,54.65,55.47,54.5,54.86,54.07,54.65,53.2,53.11,54.65,59.49
2022-10-08 01:00:00,49.17,49.24,49.52,48.6,43.7,49.74,50.49,49.6,49.92,49.25,49.72,48.55,48.49,49.74,54.41
2022-10-08 02:00:00,45.77,45.83,46.1,45.25,41.56,46.3,47.01,46.15,46.47,45.84,46.27,45.21,45.15,46.29,50.96
2022-10-08 03:00:00,42.27,42.32,42.63,41.68,36.93,42.83,43.7,42.68,43.01,42.33,42.81,41.63,41.57,42.82,47.66
2022-10-08 04:00:00,41.55,41.61,41.92,40.96,35.99,42.13,43.0,41.98,42.31,41.62,42.11,40.91,40.84,42.12,46.96
2022-10-08 05:00:00,41.21,41.26,41.58,40.61,35.63,41.77,42.7,41.63,41.96,41.27,41.76,40.56,40.49,41.77,46.65
2022-10-08 06:00:00,42.44,42.44,42.64,42.15,40.08,42.67,43.29,42.6,42.76,42.44,42.66,42.12,42.1,42.67,45.44
2022-10-08 07:00:00,43.91,43.89,44.1,43.64,41.58,44.1,44.76,44.03,44.17,43.9,44.08,43.66,43.61,44.1,46.52
2022-10-08 08:00:00,42.18,42.18,42.27,42.04,40.51,42.31,42.56,42.3,42.38,42.18,42.34,42.11,42.04,42.33,43.39
2022-10-08 09:00:00,40.91,41.0,40.94,40.85,40.5,40.97,40.93,40.95,41.43,41.17,40.97,40.91,40.86,41.03,41.01
2022-10-08 10:00:00,41.25,42.03,41.37,41.02,41.05,41.42,41.03,41.28,41.71,42.26,41.34,41.09,41.04,41.5,41.01
2022-10-08 11:00:00,45.64,46.32,45.83,45.17,45.33,46.48,45.32,46.72,47.14,47.39,46.71,45.38,45.25,46.77,45.35
2022-10-08 12:00:00,49.84,50.83,50.12,49.11,49.24,51.16,49.39,51.49,53.45,52.95,51.53,49.19,49.14,51.71,49.51
2022-10-08 13:00:00,53.85,59.0,54.89,51.74,51.89,56.1,52.73,56.84,56.81,62.0,56.5,51.99,51.75,56.98,53.1
2022-10-08 14:00:00,58.34,73.71,61.39,52.28,53.52,64.45,55.11,65.86,64.2,77.06,64.95,53.79,52.82,66.09,55.9
2022-10-08 15:00:00,68.67,85.55,71.87,62.55,64.64,74.01,65.36,77.34,73.88,88.58,74.64,64.47,63.24,75.81,65.96
2022-10-08 16:00:00,85.0,97.75,87.49,80.15,81.48,89.6,82.47,94.4,89.52,99.75,91.33,81.65,80.74,91.41,83.07
2022-10-08 17:00:00,88.52,96.02,90.07,85.46,85.06,91.58,87.21,97.06,93.64,97.94,93.77,86.47,85.82,93.34,87.91
2022-10-08 18:00:00,79.17,82.61,80.06,77.62,71.1,80.32,79.7,86.84,80.53,83.49,82.3,78.1,77.61,81.34,81.61
2022-10-08 19:00:00,65.23,66.95,66.03,63.79,54.5,66.77,66.6,67.93,66.98,67.63,67.21,63.95,63.66,67.03,70.78
2022-10-08 20:00:00,52.45,52.45,52.78,51.92,48.19,52.97,53.77,53.71,53.87,52.83,53.23,51.88,51.82,53.14,58.91
2022-10-08 21:00:00,51.26,51.32,51.49,50.88,48.22,51.66,52.09,51.86,52.56,51.42,51.79,50.87,50.81,51.79,55.61
2022-10-08 22:00:00,50.4,50.52,50.7,49.86,45.85,51.09,51.32,50.94,51.28,50.62,51.1,49.81,49.74,51.07,55.35
2022-10-08 23:00:00,46.69,46.82,47.0,46.14,41.42,47.36,47.68,47.22,47.55,46.85,47.35,46.09,46.02,47.37,51.7
2022-10-09 00:00:00,50.26,50.28,50.42,50.0,47.44,50.51,50.88,50.44,50.59,50.28,50.49,49.98,49.95,50.51,52.88
2022-10-09 01:00:00,47.78,47.8,47.95,47.51,44.19,48.03,48.48,47.97,48.12,47.8,48.02,47.49,47.46,48.04,50.5
2022-10-09 02:00:00,42.61,42.65,42.82,42.29,37.58,42.95,43.38,42.87,43.04,42.66,42.94,42.26,42.22,42.94,45.55
2022-10-09 03:00:00,40.11,40.16,40.33,39.75,33.99,40.49,40.94,40.41,40.6,40.17,40.49,39.71,39.66,40.49,43.14
2022-10-09 04:00:00,40.68,40.71,40.87,40.36,35.68,41.0,41.39,40.92,41.09,40.72,40.99,40.34,40.29,40.99,43.41
2022-10-09 05:00:00,40.5,40.56,40.76,40.06,32.74,40.95,41.49,40.85,41.08,40.56,40.94,40.02,39.96,40.94,44.07
2022-10-09 06:00:00,41.81,41.84,41.99,41.53,38.2,42.1,42.47,42.07,42.22,41.84,42.12,41.51,41.47,42.12,44.78
2022-10-09 07:00:00,42.61,42.63,42.76,42.36,38.53,42.86,43.2,42.84,42.97,42.64,42.88,42.34,42.31,42.88,45.03
2022-10-09 08:00:00,43.28,43.3,43.38,43.12,40.09,43.44,43.67,43.44,43.51,43.3,43.47,43.11,43.08,43.45,44.67
2022-10-09 09:00:00,42.53,42.53,42.55,42.51,41.98,42.56,42.58,42.57,42.58,42.55,42.58,42.51,42.5,42.57,42.74
2022-10-09 10:00:00,44.11,44.11,44.11,44.12,44.1,44.11,44.11,44.12,44.13,44.15,44.13,44.12,44.12,44.13,44.16
2022-10-09 11:00:00,44.38,44.49,44.38,44.39,44.3,44.27,44.38,44.36,44.4,44.74,44.36,44.39,44.39,44.3,44.44
2022-10-09 12:00:00,50.02,50.63,50.08,49.99,48.99,49.74,49.97,49.9,52.14,51.56,50.0,49.98,49.98,50.1,50.13
2022-10-09 13:00:00,51.02,53.9,51.44,50.4,49.46,50.86,50.6,51.11,54.1,55.32,51.3,50.6,50.48,51.53,50.84
2022-10-09 14:00:00,52.21,59.86,53.21,50.92,50.91,50.84,51.23,51.74,54.6,61.18,52.26,52.42,51.74,52.57,51.34
2022-10-09 15:00:00,60.63,69.86,61.43,60.45,60.02,55.51,59.92,60.4,59.89,71.53,60.68,61.95,61.35,58.51,59.81
2022-10-09 16:00:00,90.64,98.18,90.83,92.18,90.9,81.97,90.98,91.64,87.03,99.97,91.74,93.68,93.08,83.52,90.81
2022-10-09 17:00:00,102.92,108.19,102.81,105.0,103.5,93.95,104.11,110.38,100.05,109.01,109.15,106.5,105.76,92.81,104.35
2022-10-09 18:00:00,95.87,100.71,95.57,98.87,96.31,84.32,98.39,102.98,93.96,101.34,102.31,100.32,99.63,81.08,100.13
2022-10-09 19:00:00,81.32,85.26,81.06,84.03,81.03,70.96,83.97,95.47,77.12,85.57,90.39,84.43,84.05,69.14,88.56
2022-10-09 20:00:00,55.39,56.48,55.66,55.33,52.33,54.07,56.76,55.93,57.16,56.67,56.15,55.37,55.3,53.43,61.98
2022-10-09 21:00:00,51.69,51.85,51.91,51.39,48.22,51.81,52.61,52.35,54.01,51.86,52.46,51.35,51.3,51.49,56.56
2022-10-09 22:00:00,51.62,51.71,51.81,51.31,48.7,51.94,52.28,51.98,52.26,51.74,52.08,51.27,51.24,51.76,55.27
2022-10-09 23:00:00,46.96,47.02,47.13,46.69,43.23,47.25,47.57,47.26,47.47,47.03,47.34,46.66,46.63,47.13,49.8
2022-10-10 00:00:00,46.39,46.4,46.47,46.26,45.12,46.53,46.68,46.49,46.57,46.41,46.52,46.25,46.24,46.53,47.68
2022-10-10 01:00:00,42.99,43.0,43.07,42.86,41.72,43.13,43.28,43.09,43.17,43.01,43.12,42.85,42.84,43.12,44.28
2022-10-10 02:00:00,38.14,38.17,38.24,37.98,36.97,38.33,38.47,38.28,38.39,38.17,38.32,37.97,37.95,38.33,39.86
2022-10-10 03:00:00,37.94,37.96,38.02,37.8,37.16,38.1,38.23,38.05,38.15,37.96,38.09,37.79,37.77,38.1,39.5
2022-10-10 04:00:00,39.81,39.82,39.88,39.69,38.92,39.94,40.08,39.9,39.98,39.83,39.93,39.69,39.67,39.94,41.08
2022-10-10 05:00:00,43.82,43.84,43.91,43.67,42.66,43.99,44.13,43.94,44.04,43.84,43.98,43.65,43.64,43.99,45.4
2022-10-10 06:00:00,50.38,50.38,50.44,50.27,49.06,50.48,50.64,50.45,50.52,50.39,50.48,50.26,50.24,50.49,51.53
2022-10-10 07:00:00,51.21,51.21,51.26,51.13,50.0,51.31,51.41,51.28,51.34,51.3,51.31,51.12,51.11,51.31,52.02
2022-10-10 08:00:00,47.02,47.03,47.04,47.0,46.34,47.05,47.08,47.04,47.06,47.05,47.05,47.03,47.01,47.05,47.2
2022-10-10 09:00:00,46.56,47.05,46.56,46.67,46.51,45.94,46.58,46.27,45.97,47.25,46.27,47.01,46.85,46.23,46.55
2022-10-10 10:00:00,44.64,45.83,44.66,44.89,44.79,43.29,44.63,44.0,43.39,46.38,44.01,45.62,45.28,43.9,44.47
2022-10-10 11:00:00,41.65,44.94,41.74,42.15,41.63,38.53,41.35,39.85,38.8,45.82,39.61,42.83,42.55,38.62,41.02
2022-10-10 12:00:00,47.08,52.12,47.18,47.94,47.01,42.05,46.61,44.39,42.59,53.95,44.06,48.64,48.42,42.7,46.12
2022-10-10 13:00:00,49.77,58.11,50.02,50.83,49.23,42.54,48.61,45.92,43.86,60.1,45.6,52.04,51.75,43.6,47.92
2022-10-10 14:00:00,54.64,68.57,55.19,55.56,52.03,45.3,51.34,49.66,48.56,71.02,49.29,56.53,57.76,46.75,50.65
2022-10-10 15:00:00,63.56,85.56,64.94,63.58,59.36,52.04,58.58,57.21,54.99,88.05,57.13,65.94,67.43,53.84,57.85
2022-10-10 16:00:00,77.79,100.64,78.28,81.12,75.3,57.24,74.11,67.3,61.03,102.94,66.0,85.05,86.5,58.66,72.97
2022-10-10 17:00:00,84.13,104.51,84.65,87.25,80.57,64.78,82.05,75.08,68.88,105.4,73.89,91.1,91.61,65.16,81.34
2022-10-10 18:00:00,86.31,100.0,86.65,88.65,77.33,72.32,85.65,80.85,76.26,100.5,80.08,90.11,90.91,71.61,86.23
2022-10-10 19:00:00,65.57,75.68,66.39,66.28,31.26,56.58,67.02,62.43,59.72,75.92,62.09,66.79,67.44,55.17,71.81
2022-10-10 20:00:00,56.41,64.05,57.8,55.58,1.42,51.28,60.28,55.0,54.06,64.19,55.04,55.62,55.82,51.1,68.48
2022-10-10 21:00:00,49.9,55.04,51.22,48.64,-5.55,47.3,53.91,49.59,48.96,55.15,49.78,48.77,48.27,46.88,62.27
2022-10-10 22:00:00,46.06,50.9,47.18,44.97,0.0,43.76,49.09,45.29,44.34,50.99,45.34,44.97,44.63,44.61,55.95
2022-10-10 23:00:00,42.8,46.74,43.82,41.74,13.8,41.27,45.51,42.42,41.8,46.86,42.48,41.72,41.38,41.81,52.14
2022-10-11 00:00:00,42.61,43.71,43.07,42.02,4.67,42.55,44.01,43.04,42.88,43.92,43.23,42.03,41.82,43.08,47.42
2022-10-11 01:00:00,37.04,37.62,37.47,36.2,-1.63,38.15,37.93,38.0,38.56,37.71,38.29,36.1,35.95,38.38,40.93
2022-10-11 02:00:00,30.56,31.07,31.08,29.39,-11.66,32.66,31.18,32.05,33.21,31.12,32.49,29.26,29.05,32.85,34.91
2022-10-11 03:00:00,29.55,30.08,29.85,28.72,-12.21,31.35,29.24,30.74,31.85,30.12,31.14,28.63,28.48,31.61,31.38
2022-10-11 04:00:00,30.7,31.73,31.17,29.15,-15.73,34.42,29.39,33.14,35.51,31.8,34.04,28.97,28.75,34.91,32.08
2022-10-11 05:00:00,34.86,36.37,35.52,32.89,-11.92,39.23,33.58,37.91,40.68,36.51,39.13,32.65,32.39,39.91,36.97
2022-10-11 06:00:00,42.14,43.55,42.65,40.59,-2.19,45.53,40.95,44.53,46.67,43.7,45.64,40.48,40.21,46.28,43.58
2022-10-11 07:00:00,43.7,45.36,44.47,41.69,-3.37,47.67,43.15,46.6,48.96,45.55,47.9,41.59,41.21,48.56,47.83
2022-10-11 08:00:00,40.78,43.36,40.77,39.35,-0.22,46.01,34.35,44.4,47.6,43.57,45.88,39.2,39.05,47.2,35.35
2022-10-11 09:00:00,39.26,45.22,37.98,38.28,4.53,48.15,20.28,45.78,50.83,45.68,47.55,37.98,38.14,50.36,18.8
2022-10-11 10:00:00,38.06,45.12,35.4,38.24,-3.77,48.71,9.53,45.77,51.49,45.54,47.41,38.26,38.62,50.91,6.67
2022-10-11 11:00:00,41.38,50.93,38.68,40.93,2.5,54.21,8.66,50.34,58.04,51.53,52.43,40.78,41.34,56.43,4.55
2022-10-11 12:00:00,40.82,51.82,38.44,39.72,-0.58,54.43,7.78,50.07,61.25,52.55,54.02,39.89,40.0,57.78,3.94
2022-10-11 13:00:00,46.12,62.71,44.38,42.92,-4.24,63.8,8.07,59.57,73.49,63.59,67.51,43.18,42.99,70.03,7.75
2022-10-11 14:00:00,56.14,79.57,55.35,50.73,3.36,76.56,14.53,74.23,88.04,81.36,85.56,52.61,52.27,85.01,10.81
2022-10-11 15:00:00,56.11,82.76,55.32,51.55,1.83,72.37,14.62,72.74,88.23,86.99,87.77,53.59,53.12,82.51,10.55
2022-10-11 16:00:00,61.27,89.6,61.62,55.35,4.8,77.15,24.36,80.47,89.9,93.35,92.83,58.32,56.83,85.47,24.14
2022-10-11 17:00:00,63.18,91.0,64.19,59.27,12.17,67.95,38.55,71.77,78.94,91.59,83.49,62.65,62.07,74.85,38.75
2022-10-11 18:00:00,78.5,91.41,79.4,76.93,37.46,77.67,71.58,81.79,81.72,91.71,83.89,78.48,77.65,80.08,76.21
2022-10-11 19:00:00,69.81,78.69,71.32,68.64,22.97,65.24,72.69,68.59,66.68,78.88,68.88,69.42,68.58,65.96,83.07
2022-10-11 20:00:00,56.65,64.79,58.02,54.83,4.57,55.53,56.94,57.05,57.71,64.96,58.0,54.95,54.45,56.3,64.57
2022-10-11 21:00:00,45.65,51.47,45.74,44.82,-14.35,47.3,39.39,47.66,49.09,51.68,48.8,44.83,44.58,48.15,44.38
2022-10-11 22:00:00,45.64,50.97,45.0,45.25,-16.95,49.2,34.59,48.51,50.69,51.08,49.53,45.09,47.09,49.6,38.66
2022-10-11 23:00:00,37.31,42.21,36.32,36.75,-20.0,43.31,22.98,41.88,45.24,42.47,43.58,36.37,37.77,44.3,26.07
2022-10-12 00:00:00,31.42,36.72,30.42,29.13,-17.55,44.27,11.55,40.1,47.88,36.94,43.4,28.5,28.85,45.48,16.8
2022-10-12 01:00:00,26.18,31.08,25.96,22.7,-17.36,40.12,9.94,35.22,44.33,31.31,39.16,22.09,22.1,41.56,15.28
2022-10-12 02:00:00,21.59,26.22,21.97,17.39,-18.52,35.59,8.67,30.5,39.99,26.46,34.85,16.89,16.86,37.04,15.61
2022-10-12 03:00:00,21.69,26.35,22.3,17.06,-16.35,36.26,9.53,30.91,40.91,26.6,35.66,16.6,16.43,37.76,16.4
2022-10-12 04:00:00,21.86,26.49,22.59,17.25,-14.4,35.72,10.92,30.96,39.94,26.72,35.29,16.9,16.65,37.22,17.63
2022-10-12 05:00:00,26.63,30.05,27.32,22.96,-9.71,37.19,19.07,33.1,41.59,30.27,36.56,22.58,22.28,38.33,27.06
2022-10-12 06:00:00,41.58,45.6,41.95,39.0,6.44,49.21,34.0,46.47,52.58,45.92,48.88,38.82,39.17,50.73,42.89
2022-10-12 07:00:00,47.24,50.38,47.73,45.0,17.8,53.16,42.37,50.82,55.8,50.59,52.65,44.85,45.82,54.22,54.03
2022-10-12 08:00:00,41.54,44.0,41.5,40.0,23.25,47.42,34.57,45.01,54.19,44.14,47.3,39.95,40.17,48.6,37.13
2022-10-12 09:00:00,39.51,44.27,38.75,38.0,21.06,48.25,24.48,44.68,56.33,44.55,48.09,38.04,38.88,50.48,21.89
2022-10-12 10:00:00,42.23,48.92,41.94,40.0,25.56,51.15,27.69,47.77,60.0,49.68,52.03,40.14,40.97,54.62,25.73
2022-10-12 11:00:00,45.37,52.73,45.39,42.5,33.41,55.12,31.23,51.29,59.41,53.61,55.79,42.8,42.22,57.71,25.27
2022-10-12 12:00:00,48.95,60.63,50.08,45.33,40.77,55.46,38.91,51.82,58.22,61.95,55.98,45.66,45.31,58.98,35.25
2022-10-12 13:00:00,53.9,70.09,56.01,48.05,44.09,63.57,42.34,61.36,66.75,72.79,65.73,49.03,48.21,71.83,38.84
2022-10-12 14:00:00,66.66,90.16,70.08,58.25,54.8,78.63,53.25,75.72,80.63,92.83,79.95,61.39,59.86,95.52,50.0
2022-10-12 15:00:00,98.18,131.57,103.44,85.91,82.92,114.57,81.74,113.35,115.22,135.68,116.26,89.61,88.21,134.68,79.06
2022-10-12 16:00:00,155.53,192.52,161.31,142.22,139.14,172.82,137.68,172.45,174.29,196.69,175.02,146.97,145.19,192.82,136.0
2022-10-12 17:00:00,236.73,249.96,239.4,230.95,232.49,244.06,232.62,251.73,243.31,251.21,249.17,235.48,233.76,262.38,232.93
2022-10-12 18:00:00,324.99,327.0,325.54,324.0,321.23,325.85,325.29,331.52,325.41,327.32,328.45,325.5,324.89,338.02,327.4
2022-10-12 19:00:00,233.83,234.07,234.45,233.2,227.12,233.36,237.17,240.16,233.5,234.16,235.42,234.03,233.51,237.0,250.0
2022-10-12 20:00:00,90.55,90.43,91.33,89.47,83.78,91.15,94.28,93.48,91.52,90.48,91.97,89.71,89.45,91.61,110.28
2022-10-12 21:00:00,58.3,58.22,58.82,57.53,53.28,58.89,60.64,58.65,59.12,58.25,58.88,57.48,57.41,59.0,72.01
2022-10-12 22:00:00,54.9,54.9,55.32,54.25,49.92,55.51,56.59,55.34,55.71,54.93,55.53,54.21,54.12,55.56,64.14
2022-10-12 23:00:00,51.48,51.48,51.78,51.0,49.36,51.93,52.7,51.78,52.08,51.53,51.93,50.97,50.92,51.98,58.95
2022-10-13 00:00:00,46.42,46.36,46.7,46.03,44.62,46.68,47.71,46.56,46.8,46.37,46.69,46.01,45.97,46.71,53.28
2022-10-13 01:00:00,39.92,39.85,40.15,39.6,38.39,40.09,41.06,40.0,40.18,39.85,40.1,39.58,39.56,40.12,45.9
2022-10-13 02:00:00,37.41,37.35,37.65,37.08,35.73,37.61,38.56,37.51,37.71,37.36,37.62,37.06,37.04,37.64,43.67
2022-10-13 03:00:00,36.27,36.2,36.49,35.96,34.61,36.45,37.35,36.35,36.53,36.21,36.46,35.94,35.92,36.47,42.19
2022-10-13 04:00:00,36.42,36.35,36.64,36.11,34.85,36.59,37.5,36.51,36.67,36.36,36.6,36.09,36.07,36.61,42.39
2022-10-13 05:00:00,38.18,38.09,38.43,37.83,36.31,38.35,39.44,38.26,38.45,38.1,38.36,37.81,37.79,38.38,44.4
2022-10-13 06:00:00,48.59,48.5,48.85,48.23,46.25,48.77,49.91,48.7,48.87,48.61,48.8,48.21,48.18,48.8,54.77
2022-10-13 07:00:00,48.84,48.78,49.05,48.54,46.6,49.05,49.85,48.98,49.14,49.08,49.07,48.52,48.49,49.09,53.64
2022-10-13 08:00:00,41.58,41.56,41.63,41.5,41.04,41.62,41.85,41.62,41.65,41.61,41.64,41.5,41.49,41.64,43.02
2022-10-13 09:00:00,40.56,40.87,40.61,40.45,40.37,40.75,40.35,40.67,40.81,41.0,40.73,40.45,40.44,40.89,40.3
2022-10-13 10:00:00,42.13,44.08,42.36,41.32,40.55,43.79,40.26,43.02,44.22,44.21,43.58,41.33,41.27,45.16,39.66
2022-10-13 11:00:00,48.24,51.64,48.64,46.87,45.49,51.08,44.96,49.75,51.82,51.89,50.69,46.88,46.8,52.61,43.89
2022-10-13 12:00:00,52.86,58.98,53.78,50.46,49.44,56.63,49.06,54.99,57.01,59.34,56.02,50.49,50.34,59.47,48.26
2022-10-13 13:00:00,57.08,69.0,59.27,51.73,51.26,65.27,51.07,64.42,64.85,70.11,64.91,51.8,51.61,74.29,50.51
2022-10-13 14:00:00,64.4,84.88,68.25,56.0,56.91,74.93,57.18,75.44,74.76,86.59,75.41,56.3,55.95,86.21,57.2
2022-10-13 15:00:00,70.87,93.06,75.3,60.92,62.34,84.43,62.77,88.72,84.24,95.16,87.95,61.22,61.0,96.86,62.97
2022-10-13 16:00:00,97.09,114.78,100.25,90.85,92.06,102.9,92.45,106.57,103.35,116.13,105.64,91.12,91.04,113.33,92.86
2022-10-13 17:00:00,104.66,109.09,105.76,102.14,103.05,108.51,103.3,112.97,108.27,109.71,111.01,103.02,102.78,116.05,103.71
2022-10-13 18:00:00,139.4,139.77,139.75,138.81,137.5,140.0,140.43,144.99,140.15,140.27,141.74,138.88,138.77,143.53,145.8
2022-10-13 19:00:00,91.2,90.97,91.85,90.4,87.45,91.33,94.7,97.2,91.88,91.08,93.18,90.4,90.24,93.11,110.86
2022-10-13 20:00:00,62.22,62.24,62.91,61.24,58.95,62.76,65.39,64.01,63.27,62.37,63.27,61.27,61.16,63.04,80.99
2022-10-13 21:00:00,55.03,55.03,55.36,54.58,53.88,55.25,56.59,55.31,55.42,55.1,55.3,54.55,54.53,55.32,64.69
2022-10-13 22:00:00,51.86,51.84,52.1,51.5,50.78,52.08,52.99,51.95,52.19,51.88,52.06,51.48,51.46,52.11,58.81
2022-10-13 23:00:00,43.55,43.91,43.84,43.11,42.28,43.81,44.52,43.63,43.9,43.92,43.75,43.09,43.07,43.83,49.97
2022-10-14 00:00:00,44.19,44.17,44.3,44.03,43.23,44.31,44.68,44.26,44.36,44.18,44.3,44.02,44.01,44.31,46.94
2022-10-14 01:00:00,37.99,37.97,38.1,37.83,37.03,38.11,38.48,38.06,38.16,37.98,38.1,37.82,37.81,38.11,40.74
2022-10-14 02:00:00,36.35,36.34,36.53,36.09,34.23,36.57,37.12,36.49,36.65,36.35,36.57,36.07,36.04,36.57,40.52
2022-10-14 03:00:00,35.27,35.27,35.45,34.99,32.59,35.51,36.02,35.43,35.6,35.27,35.51,34.97,34.94,35.51,39.11
2022-10-14 04:00:00,35.33,35.34,35.52,35.01,31.76,35.63,36.11,35.54,35.73,35.35,35.63,34.99,34.94,35.63,39.25
2022-10-14 05:00:00,37.31,37.33,37.51,37.0,33.65,37.61,38.1,37.52,37.7,37.34,37.61,36.98,36.94,37.6,41.08
2022-10-14 06:00:00,44.19,44.21,44.4,43.87,40.25,44.5,45.0,44.42,44.6,44.22,44.5,43.85,43.8,44.5,47.94
2022-10-14 07:00:00,43.93,43.97,44.16,43.57,39.06,44.3,44.8,44.21,44.41,43.99,44.3,43.54,43.48,44.31,47.87
2022-10-14 08:00:00,37.6,37.73,37.8,37.2,29.66,38.17,38.1,38.02,38.33,37.74,38.15,37.16,37.1,38.2,39.65
2022-10-14 09:00:00,36.33,36.84,36.41,35.81,31.6,37.92,35.08,37.25,38.52,36.87,37.64,35.75,35.69,38.23,35.34
2022-10-14 10:00:00,37.0,38.03,37.1,36.0,31.27,40.3,34.06,38.64,41.65,38.07,39.33,35.88,35.81,41.28,33.24
2022-10-14 11:00:00,39.42,41.76,39.5,37.46,31.04,46.3,32.47,43.64,49.29,41.96,45.68,37.22,37.08,48.09,30.08
2022-10-14 12:00:00,41.73,45.01,41.9,38.99,29.82,51.12,32.48,48.55,53.88,45.28,51.31,38.69,38.5,53.61,29.52
2022-10-14 13:00:00,48.32,51.73,48.67,45.23,36.19,58.24,39.48,59.17,60.04,52.03,59.44,45.01,44.84,66.34,36.96
2022-10-14 14:00:00,56.66,70.79,58.74,50.48,42.29,68.19,45.48,71.23,68.68,71.36,71.19,50.39,49.99,81.69,43.22
2022-10-14 15:00:00,63.29,78.72,65.74,56.0,48.98,77.24,51.0,82.64,77.99,79.6,82.36,55.92,55.57,90.02,49.88
2022-10-14 16:00:00,72.49,79.76,73.44,68.7,60.56,81.53,63.76,90.4,82.16,80.9,90.55,68.65,68.43,92.96,63.08
2022-10-14 17:00:00,80.78,82.61,81.32,79.0,72.05,84.84,78.84,97.77,84.58,83.05,93.87,79.03,79.07,94.34,79.73
2022-10-14 18:00:00,115.76,115.68,115.98,115.6,101.37,115.26,117.38,123.82,115.05,115.68,120.0,115.64,115.41,119.79,120.31
2022-10-14 19:00:00,68.06,68.08,68.77,66.99,45.68,68.77,71.26,70.83,69.34,68.09,70.24,66.97,66.73,69.57,80.73
2022-10-14 20:00:00,51.21,51.32,52.04,49.88,24.55,52.39,54.59,52.55,53.08,51.34,52.74,49.82,49.59,52.27,63.74
2022-10-14 21:00:00,46.97,47.62,47.61,45.49,21.43,49.6,47.72,48.76,50.52,47.66,49.54,45.36,45.18,49.87,52.94
2022-10-14 22:00:00,44.91,46.48,44.6,44.38,17.9,48.14,39.38,47.27,49.26,46.52,47.96,43.89,44.26,48.33,42.78
2022-10-14 23:00:00,40.09,41.69,39.47,40.0,12.86,42.98,33.22,42.17,43.78,41.72,42.49,39.26,40.02,43.12,36.9
2022-10-15 00:00:00,42.65,44.15,42.11,42.61,24.65,45.14,36.55,44.46,46.23,44.24,44.7,41.92,42.62,45.22,39.3
2022-10-15 01:00:00,36.14,38.22,35.47,36.0,16.45,39.47,28.17,38.99,40.26,38.25,39.06,35.3,35.98,39.54,31.12
2022-10-15 02:00:00,30.21,32.1,29.94,29.67,11.5,33.32,24.67,32.98,33.84,32.14,32.77,29.0,29.58,33.42,27.58
2022-10-15 03:00:00,32.14,33.63,31.99,31.61,16.01,34.72,27.99,34.29,35.52,33.66,34.3,31.03,31.53,34.81,30.87
2022-10-15 04:00:00,32.2,33.54,32.04,31.74,17.03,34.52,28.37,33.95,35.73,33.57,33.96,31.13,31.69,34.61,31.11
2022-10-15 05:00:00,33.95,34.78,33.95,33.45,21.37,35.81,31.74,34.97,37.24,34.81,35.03,32.98,33.39,35.91,34.55
2022-10-15 06:00:00,41.48,42.21,41.63,40.72,33.35,43.66,39.92,42.45,45.8,42.32,42.71,40.51,40.59,43.73,41.87
2022-10-15 07:00:00,43.75,44.26,43.99,43.0,36.31,45.5,43.17,44.67,46.87,44.52,44.93,42.93,42.85,45.59,45.3
2022-10-15 08:00:00,41.4,42.55,41.42,40.72,36.71,43.76,38.63,43.42,44.29,42.69,43.41,40.61,40.58,43.88,38.61
2022-10-15 09:00:00,40.7,44.1,40.65,38.99,33.61,47.07,32.43,46.49,48.2,44.35,46.07,38.77,38.62,47.33,30.92
2022-10-15 10:00:00,41.87,45.53,41.81,40.1,34.38,48.48,33.12,48.24,49.49,45.83,48.08,39.85,39.7,48.84,31.59
2022-10-15 11:00:00,44.01,47.92,44.02,42.28,36.99,50.09,35.78,49.93,51.17,48.57,50.47,42.03,41.88,50.52,34.28
2022-10-15 12:00:00,48.44,54.03,48.79,46.03,41.09,55.22,39.87,54.52,56.64,55.11,56.31,45.8,45.57,55.94,38.27
2022-10-15 13:00:00,57.93,67.81,58.64,54.78,48.53,64.98,47.0,69.54,67.43,70.81,71.08,54.55,54.19,67.61,45.14
2022-10-15 14:00:00,57.96,72.37,58.65,55.57,47.63,61.07,45.6,70.1,65.49,74.58,77.81,55.97,55.35,68.0,43.06
2022-10-15 15:00:00,66.68,84.2,67.36,65.0,56.31,66.34,53.9,78.36,71.38,88.0,90.21,67.09,65.94,78.74,50.97
2022-10-15 16:00:00,100.98,113.41,101.74,100.0,96.2,98.55,95.0,118.81,99.85,117.69,125.71,101.5,100.85,111.01,93.47
2022-10-15 17:00:00,103.75,107.9,103.6,104.89,103.14,99.03,102.57,115.48,99.29,108.76,115.92,106.4,105.65,106.98,101.83
2022-10-15 18:00:00,126.54,128.49,126.45,127.48,125.48,122.89,126.94,134.03,122.8,128.8,132.84,128.39,127.92,125.9,127.35
2022-10-15 19:00:00,72.96,73.44,73.07,73.03,69.94,72.04,73.79,75.42,72.37,73.56,74.59,73.04,72.96,72.85,76.78
2022-10-15 20:00:00,52.0,52.4,52.14,52.02,47.57,51.19,52.95,53.6,51.2,52.52,53.54,52.0,51.93,50.96,55.97
2022-10-15 21:00:00,46.01,47.27,46.0,45.63,37.79,47.28,43.8,48.03,47.5,47.33,48.04,45.45,45.52,47.36,45.66
2022-10-15 22:00:00,45.32,46.52,44.82,45.51,34.35,46.72,40.51,46.86,46.86,46.59,46.77,45.15,45.54,46.75,42.41
2022-10-15 23:00:00,44.4,45.23,43.82,44.79,34.43,45.47,39.79,45.4,45.81,45.34,45.53,44.51,44.84,45.35,41.8
2022-10-16 00:00:00,44.9,45.3,45.02,44.52,41.42,45.72,44.55,45.65,46.03,45.52,45.77,44.44,44.44,45.7,46.38
2022-10-16 01:00:00,42.24,42.4,42.39,41.91,38.96,42.78,42.46,42.7,42.94,42.55,42.87,41.86,41.84,42.81,45.26
2022-10-16 02:00:00,39.86,39.88,40.04,39.56,35.07,40.21,40.51,40.13,40.32,40.24,40.26,39.54,39.5,40.21,43.52
2022-10-16 03:00:00,43.13,43.16,43.42,42.65,36.73,43.63,44.25,43.5,43.77,43.55,43.63,42.62,42.54,43.62,48.31
2022-10-16 04:00:00,44.59,44.62,44.92,44.04,37.21,45.14,45.89,45.0,45.3,44.85,45.14,44.0,43.91,45.12,50.73
2022-10-16 05:00:00,47.24,47.26,47.56,46.73,40.84,47.74,48.52,47.61,47.9,47.5,47.75,46.69,46.62,47.73,53.51
2022-10-16 06:00:00,49.14,49.2,49.47,48.59,40.61,49.67,50.41,49.63,49.88,49.66,49.78,48.55,48.45,49.7,54.48
2022-10-16 07:00:00,50.74,50.82,51.19,50.0,39.3,51.47,52.46,51.39,51.74,51.12,51.59,49.94,49.81,51.49,58.02
2022-10-16 08:00:00,47.47,47.63,47.99,46.56,29.55,48.5,49.27,48.4,48.8,47.86,48.63,46.48,46.29,48.52,53.49
2022-10-16 09:00:00,48.07,48.3,48.73,46.93,24.97,49.4,50.29,49.31,49.79,48.69,49.59,46.82,46.58,49.6,55.19
2022-10-16 10:00:00,49.77,50.03,50.48,48.55,25.0,51.19,52.14,51.1,51.61,50.73,51.4,48.43,48.17,51.6,57.36
2022-10-16 11:00:00,54.91,55.99,55.76,53.36,22.51,56.74,56.95,57.21,57.25,56.29,57.49,53.26,53.01,57.43,61.89
2022-10-16 12:00:00,62.71,68.12,64.33,59.52,24.72,66.44,63.25,67.91,66.9,68.51,67.91,59.31,58.71,67.72,67.99
2022-10-16 13:00:00,67.88,75.68,69.91,63.62,37.0,73.42,66.91,77.43,74.17,76.49,77.18,63.41,62.76,76.62,70.39
2022-10-16 14:00:00,66.83,78.93,69.6,60.59,41.35,75.76,63.12,81.06,77.21,80.31,81.38,60.45,59.85,80.39,65.28
2022-10-16 15:00:00,66.73,82.33,70.01,59.22,48.34,77.49,60.98,88.43,80.3,83.88,90.26,59.2,58.96,84.59,62.53
2022-10-16 16:00:00,68.72,90.66,72.54,61.0,54.77,76.33,62.16,90.37,76.94,92.6,89.35,60.94,60.57,83.15,63.31
2022-10-16 17:00:00,65.24,79.83,67.36,61.54,57.37,66.69,61.37,80.25,67.28,80.93,78.27,61.54,61.45,72.12,61.99
2022-10-16 18:00:00,66.93,74.86,67.96,65.51,62.75,65.91,65.56,74.35,66.18,75.63,73.98,65.49,65.55,69.31,66.12
2022-10-16 19:00:00,64.5,70.35,65.24,63.65,61.65,63.01,63.94,65.23,63.25,70.77,65.15,63.63,63.62,63.79,64.99
2022-10-16 20:00:00,54.19,55.16,54.3,54.23,53.09,53.22,54.61,53.86,53.47,55.3,53.86,54.21,54.21,53.37,55.84
2022-10-16 21:00:00,52.93,54.0,53.04,53.0,52.06,51.9,53.26,52.46,52.14,54.15,52.4,52.98,52.99,51.89,54.21
2022-10-16 22:00:00,49.05,49.33,49.13,49.0,48.0,48.8,49.39,48.97,48.96,49.58,48.98,48.99,48.98,48.74,50.39
2022-10-16 23:00:00,48.55,48.58,48.62,48.44,47.56,48.62,48.83,48.61,48.68,48.78,48.64,48.44,48.42,48.6,49.76
2022-10-17 00:00:00,48.62,48.65,48.72,48.45,47.37,48.82,48.97,48.76,48.88,49.0,48.8,48.44,48.41,48.82,50.34
2022-10-17 01:00:00,43.14,43.17,43.24,42.97,42.09,43.37,43.46,43.28,43.43,43.64,43.33,42.96,42.94,43.39,44.91
2022-10-17 02:00:00,40.86,40.88,40.96,40.69,39.87,41.1,41.18,41.01,41.16,41.33,41.06,40.67,40.65,41.12,42.72
2022-10-17 03:00:00,41.14,41.18,41.24,40.96,40.25,41.41,41.41,41.3,41.5,41.58,41.34,40.95,40.93,41.43,42.95
2022-10-17 04:00:00,43.6,43.72,43.72,43.31,41.7,44.13,43.74,43.8,44.68,44.15,43.75,43.29,43.26,44.17,45.34
2022-10-17 05:00:00,47.89,48.0,48.01,47.6,46.09,48.39,48.07,48.08,48.89,48.59,48.06,47.58,47.56,48.43,49.66
2022-10-17 06:00:00,49.97,50.1,50.1,49.68,48.07,50.53,50.06,50.2,51.01,50.74,50.28,49.66,49.64,50.65,51.55
2022-10-17 07:00:00,50.22,50.31,50.34,50.0,48.32,50.49,50.55,50.44,50.56,51.08,50.6,49.99,49.96,50.72,51.92
2022-10-17 08:00:00,48.46,48.53,48.49,48.37,47.96,48.68,48.37,48.53,48.49,49.03,48.65,48.36,48.36,49.35,48.58
2022-10-17 09:00:00,49.52,49.71,49.53,49.42,49.19,49.85,49.14,49.8,49.83,50.29,49.94,49.4,49.4,50.62,49.13
2022-10-17 10:00:00,48.82,49.06,48.84,48.56,48.22,49.65,48.11,49.13,49.22,50.15,49.28,48.54,48.53,51.83,47.89
2022-10-17 11:00:00,50.43,50.94,50.5,49.94,49.35,51.95,49.16,51.01,51.14,51.54,51.35,49.92,49.96,55.09,48.86
2022-10-17 12:00:00,47.47,52.25,48.22,45.63,45.06,50.14,44.88,48.1,48.81,52.63,48.9,45.6,45.56,53.87,44.51
2022-10-17 13:00:00,45.11,55.16,46.65,42.11,41.86,47.54,41.78,45.57,46.67,55.4,46.51,42.09,41.99,52.43,41.58
2022-10-17 14:00:00,48.7,58.53,50.21,45.89,45.92,50.49,45.93,48.67,49.6,58.99,49.4,45.89,45.81,58.16,45.85
2022-10-17 15:00:00,50.64,56.04,51.38,49.53,49.57,50.37,49.58,50.65,50.56,56.56,50.9,49.53,49.49,54.93,49.58
2022-10-17 16:00:00,55.87,60.1,56.43,55.11,55.2,55.27,55.24,56.09,55.51,60.45,55.95,55.12,55.09,57.42,55.3
2022-10-17 17:00:00,62.45,63.6,62.52,62.6,62.59,61.27,62.61,62.94,62.64,64.0,62.94,62.59,62.58,62.54,62.67
2022-10-17 18:00:00,78.95,80.66,78.95,79.66,79.19,75.77,79.72,79.38,78.73,81.5,79.42,79.63,79.64,74.52,80.72
2022-10-17 19:00:00,90.03,91.21,90.06,90.92,90.17,86.21,91.89,91.11,91.1,91.75,91.29,90.87,90.86,82.55,95.69
2022-10-17 20:00:00,58.56,58.63,58.69,59.14,57.96,55.75,61.23,60.17,61.68,58.88,60.34,59.11,59.06,50.47,67.83
2022-10-17 21:00:00,53.19,53.17,53.44,53.45,52.55,51.12,56.02,54.38,55.72,53.44,54.62,53.4,53.37,47.23,64.01
2022-10-17 22:00:00,52.17,52.17,52.35,52.41,52.48,50.53,54.3,52.9,53.87,52.54,53.12,52.37,52.36,48.06,60.32
2022-10-17 23:00:00,47.31,47.28,47.48,47.59,47.68,45.55,49.51,48.14,49.22,47.58,48.39,47.55,47.53,42.75,55.54
2022-10-18 00:00:00,46.05,46.05,46.16,46.67,47.14,43.2,48.73,47.66,49.38,46.5,47.86,46.64,46.61,38.24,55.87
2022-10-18 01:00:00,42.01,42.11,42.08,43.01,43.63,37.86,45.33,43.96,45.98,42.49,44.17,42.98,42.95,31.51,52.94
2022-10-18 02:00:00,40.05,40.18,40.07,41.28,41.97,35.17,43.64,42.27,44.59,40.55,42.55,41.26,41.24,27.67,50.97
2022-10-18 03:00:00,39.74,39.96,39.72,41.16,41.87,34.26,43.49,42.2,44.61,40.3,42.45,41.14,41.12,26.33,50.63
2022-10-18 04:00:00,41.44,41.55,41.42,42.86,43.6,36.0,45.27,43.94,46.4,41.94,44.25,42.83,42.81,29.4,52.63
2022-10-18 05:00:00,49.97,50.28,49.97,51.45,52.23,44.13,54.03,52.4,54.64,51.06,52.74,51.42,51.4,37.13,62.03
2022-10-18 06:00:00,67.87,68.15,67.83,69.74,70.53,60.71,72.72,71.78,75.35,69.75,71.97,69.71,69.64,50.88,82.46
2022-10-18 07:00:00,72.15,72.34,72.09,74.26,75.09,64.22,77.55,76.69,80.63,74.12,76.75,74.29,73.94,52.86,87.55
2022-10-18 08:00:00,57.11,57.42,56.9,59.0,59.55,50.59,60.58,60.76,63.09,58.31,60.47,58.99,58.94,42.14,64.9
2022-10-18 09:00:00,51.44,52.02,51.18,53.15,53.52,45.79,53.75,53.9,55.72,52.86,53.82,53.15,53.14,39.71,54.49
2022-10-18 10:00:00,46.87,47.56,46.65,48.38,48.61,41.89,48.75,49.16,50.29,48.26,48.95,48.38,48.35,37.8,49.14
2022-10-18 11:00:00,44.33,45.13,44.15,45.67,45.99,39.75,46.06,46.36,47.35,46.11,46.12,45.68,45.71,37.28,46.46
2022-10-18 12:00:00,43.23,44.0,43.03,44.6,44.92,38.55,44.99,45.58,46.22,44.78,45.09,44.62,44.59,34.92,45.38
2022-10-18 13:00:00,43.95,44.76,43.74,45.38,45.67,39.1,45.73,46.51,46.94,45.37,45.86,45.39,45.36,35.42,46.11
2022-10-18 14:00:00,44.22,44.86,44.11,45.1,45.32,41.08,45.38,46.12,46.01,45.63,45.46,45.11,45.09,40.44,45.77
2022-10-18 15:00:00,44.96,45.51,44.88,45.66,45.86,42.45,45.89,46.81,46.24,46.19,45.96,45.67,45.65,42.67,46.27
2022-10-18 16:00:00,46.14,46.57,46.05,46.8,46.94,43.85,46.98,47.89,47.53,47.21,47.19,46.81,46.8,43.41,47.22
2022-10-18 17:00:00,54.73,56.12,54.66,55.54,55.41,51.5,55.47,56.48,54.31,56.71,55.2,55.53,55.53,50.31,55.92
2022-10-18 18:00:00,98.47,98.53,98.56,98.47,97.98,98.07,99.14,99.01,98.87,98.99,98.87,98.52,98.18,98.72,100.78
2022-10-18 19:00:00,114.76,114.69,115.24,114.05,112.04,115.33,116.89,115.89,115.9,115.38,115.76,114.13,113.32,115.79,126.06
2022-10-18 20:00:00,63.25,63.22,63.8,62.4,60.0,64.03,65.57,63.86,64.38,63.74,64.06,62.36,62.17,64.14,77.35
2022-10-18 21:00:00,52.44,52.44,52.81,51.87,50.24,52.92,54.0,52.79,53.21,52.95,52.97,51.83,51.79,53.04,62.22
2022-10-18 22:00:00,52.87,52.86,53.11,52.53,51.01,53.13,53.91,53.01,53.24,53.33,53.11,52.51,52.48,53.16,59.02
2022-10-18 23:00:00,48.72,48.75,48.89,48.49,47.81,48.83,49.5,48.77,48.92,49.29,48.84,48.48,48.46,48.85,53.5
2022-10-19 00:00:00,43.84,44.12,44.03,43.68,42.7,43.59,44.74,43.76,43.93,46.36,43.81,43.66,43.65,43.65,48.52
2022-10-19 01:00:00,41.1,41.33,41.31,40.94,40.16,40.78,42.18,41.14,41.47,43.67,41.22,40.92,40.91,40.35,47.02
2022-10-19 02:00:00,39.13,39.37,39.32,39.1,38.31,38.35,40.44,39.35,39.81,41.99,39.5,39.09,39.07,37.52,45.45
2022-10-19 03:00:00,39.44,39.66,39.64,39.46,38.62,38.41,41.03,39.74,40.3,42.24,39.96,39.45,39.43,37.32,46.48
2022-10-19 04:00:00,38.35,38.58,38.55,38.29,37.44,37.61,39.71,38.51,38.94,41.71,38.73,38.28,38.26,36.98,44.83
2022-10-19 05:00:00,49.13,49.49,49.34,49.08,48.23,48.26,50.53,49.35,49.71,53.14,49.52,49.06,49.05,48.08,55.96
2022-10-19 06:00:00,73.06,74.08,73.27,73.36,71.78,70.7,74.95,73.6,74.28,79.77,73.53,73.35,73.33,69.43,81.17
2022-10-19 07:00:00,74.69,75.46,74.84,75.0,73.45,72.56,76.34,75.33,77.32,81.02,74.95,76.57,76.26,71.41,82.54
2022-10-19 08:00:00,53.3,54.52,53.31,53.64,52.85,51.61,53.46,53.26,52.9,57.94,53.09,55.14,54.85,51.08,54.83
2022-10-19 09:00:00,42.41,43.12,42.39,42.55,42.1,41.75,42.13,42.28,42.17,45.22,42.21,44.05,43.74,41.93,42.26
2022-10-19 10:00:00,42.09,42.61,42.07,42.2,41.84,41.59,41.87,41.99,41.84,44.33,41.88,43.27,43.06,41.59,42.01
2022-10-19 11:00:00,37.55,37.94,37.55,37.61,37.4,37.23,37.42,37.49,37.39,39.3,37.42,38.27,38.14,37.37,37.48
2022-10-19 12:00:00,36.4,36.68,36.41,36.44,36.33,36.19,36.35,36.41,36.4,38.34,36.37,36.79,36.72,36.44,36.4
2022-10-19 13:00:00,37.21,37.47,37.22,37.25,37.14,36.99,37.15,37.23,37.21,38.65,37.2,37.61,37.53,37.29,37.21
2022-10-19 14:00:00,38.26,38.49,38.27,38.28,38.13,38.14,38.16,38.37,38.37,40.28,38.29,38.84,38.71,38.46,38.22
2022-10-19 15:00:00,41.86,42.29,41.89,41.86,41.78,41.61,41.8,41.85,41.83,43.67,41.74,42.12,42.06,41.79,41.84
2022-10-19 16:00:00,43.41,43.7,43.43,43.41,43.32,43.27,43.34,43.48,43.52,45.2,43.48,43.77,43.68,43.37,43.39
2022-10-19 17:00:00,47.72,47.87,47.72,47.74,47.71,47.56,47.73,47.77,47.79,48.89,47.76,47.85,47.82,47.76,47.77
2022-10-19 18:00:00,107.83,108.62,108.01,107.58,107.26,107.84,108.0,107.38,107.85,111.75,107.15,107.58,107.58,106.51,109.5
2022-10-19 19:00:00,106.7,107.4,107.05,106.22,105.23,106.84,107.74,106.4,107.0,110.51,106.27,106.19,106.18,105.63,113.55
2022-10-19 20:00:00,54.79,55.0,55.05,54.38,52.41,55.19,55.64,54.88,55.26,57.19,54.91,54.35,54.32,54.82,59.58
2022-10-19 21:00:00,45.15,45.43,45.36,44.67,42.14,45.96,45.39,45.56,46.17,47.1,45.79,44.63,44.59,45.81,48.39
2022-10-19 22:00:00,40.91,42.27,41.18,39.61,33.92,44.53,38.3,43.17,45.84,43.66,44.71,39.44,39.34,45.08,40.84
2022-10-19 23:00:00,40.37,42.8,40.7,38.23,30.2,46.76,35.02,44.34,49.05,44.08,47.09,37.96,37.8,47.69,37.1
2022-10-20 00:00:00,27.97,30.02,28.27,25.96,12.92,34.07,23.02,31.95,35.99,32.5,33.99,25.73,25.53,34.71,26.02
2022-10-20 01:00:00,23.64,25.64,23.95,21.71,6.07,29.35,19.11,27.37,31.21,27.84,29.29,21.49,21.3,29.93,22.11
2022-10-20 02:00:00,20.17,22.11,20.6,18.0,5.96,26.34,15.96,24.12,28.3,25.08,26.32,17.77,17.56,26.96,18.94
2022-10-20 03:00:00,21.04,22.61,21.45,19.14,9.36,26.26,17.77,24.37,27.89,25.8,26.2,18.95,18.78,26.77,21.0
2022-10-20 04:00:00,26.85,28.17,27.32,25.17,15.65,30.96,24.97,29.49,32.34,29.86,30.97,25.04,24.85,31.38,28.73
2022-10-20 05:00:00,36.93,38.13,37.22,35.59,26.97,40.58,34.57,39.31,41.7,41.11,40.44,35.45,35.33,40.92,37.67
2022-10-20 06:00:00,49.84,50.95,50.07,48.67,40.64,53.07,47.6,51.94,54.06,54.08,52.96,48.57,48.44,53.39,50.6
2022-10-20 07:00:00,49.76,50.48,49.99,48.85,42.49,52.14,48.5,51.28,52.77,54.3,51.91,48.81,48.68,52.35,51.73
2022-10-20 08:00:00,39.96,40.86,40.12,38.97,35.14,42.9,37.76,41.63,44.07,43.96,42.57,38.92,38.82,43.24,38.51
2022-10-20 09:00:00,38.39,39.3,38.41,37.69,36.11,40.9,35.76,39.96,41.7,41.31,40.73,37.65,37.59,41.21,35.16
2022-10-20 10:00:00,40.23,40.42,40.27,39.94,39.7,41.11,39.62,40.7,41.66,43.64,40.84,39.92,39.9,41.21,39.51
2022-10-20 11:00:00,41.1,41.11,41.13,40.94,40.93,41.55,40.93,41.5,41.99,44.55,41.47,40.97,41.03,41.69,40.98
2022-10-20 12:00:00,40.21,40.13,40.23,40.12,40.18,40.48,40.21,40.55,40.58,43.06,40.58,40.15,40.19,40.61,40.28
2022-10-20 13:00:00,45.93,45.88,45.97,45.78,45.85,46.32,45.89,46.22,46.36,48.68,46.29,45.82,45.85,46.4,46.01
2022-10-20 14:00:00,47.28,47.19,47.32,47.13,47.22,47.69,47.28,47.85,47.87,50.29,47.79,47.22,47.21,47.84,47.43
2022-10-20 15:00:00,48.6,48.49,48.66,48.41,48.52,49.13,48.6,49.41,49.22,52.45,49.24,48.53,48.47,49.3,48.79
2022-10-20 16:00:00,55.41,55.29,55.46,55.22,55.34,55.95,55.4,56.26,56.03,59.27,56.07,55.35,55.27,56.12,55.55
2022-10-20 17:00:00,67.63,67.56,67.67,67.46,67.56,68.05,67.61,68.12,68.14,70.97,68.13,67.58,67.47,68.18,67.75
2022-10-20 18:00:00,145.96,145.74,146.2,145.46,144.52,146.88,146.7,146.91,147.16,150.83,146.85,145.5,145.4,147.01,150.4
2022-10-20 19:00:00,106.16,106.11,106.86,105.04,102.75,107.24,109.03,107.09,107.81,110.22,107.22,104.99,104.91,107.11,123.27
2022-10-20 20:00:00,58.14,58.21,58.88,57.18,54.62,58.38,61.75,59.32,60.21,59.43,59.63,57.12,57.01,57.56,78.65
2022-10-20 21:00:00,50.82,50.96,51.45,50.16,44.59,50.34,54.35,52.13,53.4,51.98,52.42,50.1,49.98,47.96,68.29
2022-10-20 22:00:00,47.84,47.97,48.58,46.85,29.98,48.12,51.39,49.3,50.57,49.51,49.77,46.76,46.54,45.79,60.85
2022-10-20 23:00:00,42.98,43.28,43.64,42.15,23.76,42.98,46.16,44.36,45.43,45.21,44.8,42.06,41.84,40.78,52.86
2022-10-21 00:00:00,37.14,37.88,37.9,36.44,15.77,36.33,40.96,38.86,40.32,40.86,39.34,36.31,36.07,32.84,48.25
2022-10-21 01:00:00,31.57,32.18,32.38,30.72,9.07,31.16,35.45,33.2,34.54,35.08,33.7,30.58,30.33,28.53,43.4
2022-10-21 02:00:00,24.01,24.48,24.81,22.96,3.4,24.46,27.32,25.25,26.23,28.09,25.71,22.82,22.6,23.46,34.98
2022-10-21 03:00:00,19.28,19.53,20.03,18.19,0.43,20.12,22.29,20.41,21.28,23.13,20.83,18.07,17.87,19.47,29.77
2022-10-21 04:00:00,20.54,20.65,21.26,19.43,2.72,21.58,23.36,21.53,22.25,23.71,21.88,19.32,19.13,21.36,30.61
2022-10-21 05:00:00,30.95,31.14,31.73,29.7,13.02,32.27,33.79,31.94,32.67,35.65,32.3,29.6,29.41,32.19,41.47
2022-10-21 06:00:00,44.28,45.02,45.07,43.11,27.26,45.07,47.06,44.92,45.42,48.89,45.19,43.0,42.82,45.05,55.38
2022-10-21 07:00:00,41.4,41.82,42.11,40.31,24.13,42.2,44.13,42.08,42.52,44.62,42.31,40.22,40.05,42.19,51.82
2022-10-21 08:00:00,32.66,33.11,32.94,32.24,24.92,32.94,33.47,33.03,33.07,35.03,33.18,32.21,32.18,33.1,36.08
2022-10-21 09:00:00,32.03,33.35,31.51,32.36,25.48,32.99,27.36,33.05,33.05,36.07,33.16,32.48,32.44,33.03,27.9
2022-10-21 10:00:00,35.47,36.77,35.13,35.53,31.7,36.64,31.59,37.06,36.69,40.47,36.89,35.72,35.61,36.75,31.59
2022-10-21 11:00:00,38.94,40.13,39.03,38.49,37.58,40.08,37.42,41.19,40.1,43.79,40.75,38.75,38.52,40.24,37.4
2022-10-21 12:00:00,39.89,41.56,39.52,39.68,34.88,42.17,34.68,43.81,42.19,45.33,42.98,40.3,39.92,42.59,34.8
2022-10-21 13:00:00,35.86,42.68,34.91,35.35,22.24,41.05,20.57,42.79,40.55,47.38,41.76,36.57,35.04,41.79,21.0
2022-10-21 14:00:00,38.97,50.33,36.55,39.17,11.13,47.51,9.17,51.83,47.5,55.43,50.52,41.28,39.01,49.12,10.4
2022-10-21 15:00:00,41.3,59.77,39.52,39.65,7.82,52.75,5.9,56.35,52.45,65.32,55.17,41.17,38.89,54.8,7.35
2022-10-21 16:00:00,46.44,63.99,42.58,48.69,6.32,52.28,5.37,56.54,57.82,69.55,57.02,50.27,47.17,55.79,7.59
2022-10-21 17:00:00,45.99,57.61,40.5,52.76,9.0,42.62,9.01,51.79,47.41,61.21,52.84,54.78,51.54,48.18,11.36
2022-10-21 18:00:00,61.49,63.65,59.18,65.29,46.24,56.89,50.88,63.69,61.02,68.15,63.08,65.87,63.1,57.18,54.7
2022-10-21 19:00:00,48.5,50.0,47.46,50.47,32.86,45.24,44.13,51.93,49.71,54.5,51.4,50.73,50.48,43.49,50.67
2022-10-21 20:00:00,33.82,36.95,31.72,36.57,8.36,32.24,21.14,35.99,35.31,38.79,35.52,36.67,35.88,33.85,28.4
2022-10-21 21:00:00,31.8,38.76,28.35,35.82,0.0,30.8,8.02,34.34,32.89,40.59,33.8,35.71,35.55,32.85,14.25
2022-10-21 22:00:00,27.1,30.6,24.43,29.79,-0.83,28.55,8.76,31.33,30.1,32.15,30.84,29.78,29.86,27.53,14.63
2022-10-21 23:00:00,19.61,22.98,17.4,21.75,-5.87,21.1,3.78,24.11,22.72,25.12,23.65,21.93,21.93,19.91,9.62
2022-10-22 00:00:00,17.32,21.36,15.4,18.99,-11.53,19.09,2.16,21.99,21.46,22.72,21.35,18.8,18.7,17.13,7.14
2022-10-22 01:00:00,14.72,18.48,13.35,15.77,-11.79,16.39,2.76,19.21,18.42,19.86,18.54,15.46,15.69,15.17,7.52
2022-10-22 02:00:00,13.56,16.81,12.33,14.41,-12.18,15.44,2.67,17.91,17.28,18.05,17.28,14.1,14.34,14.3,7.55
2022-10-22 03:00:00,11.39,14.22,10.65,11.6,-12.54,13.62,3.16,15.76,15.25,15.54,15.14,11.15,11.59,12.45,8.85
2022-10-22 04:00:00,11.98,14.93,11.27,12.0,-14.34,14.79,3.36,16.53,15.83,16.44,15.86,11.6,11.97,14.24,9.36
2022-10-22 05:00:00,13.36,16.29,12.7,13.29,-13.11,16.33,4.9,17.76,17.0,17.65,17.0,12.87,13.26,16.01,10.94
2022-10-22 06:00:00,23.92,26.51,21.8,25.81,-8.21,26.05,8.83,26.63,26.92,28.36,26.54,25.47,25.73,25.54,14.39
2022-10-22 07:00:00,30.67,33.27,28.37,32.78,-2.03,32.73,14.72,33.05,33.18,35.06,32.92,32.47,32.55,32.5,19.62
2022-10-22 08:00:00,31.48,34.56,28.57,34.26,-0.75,33.63,11.81,33.79,33.51,35.75,33.5,34.02,33.96,33.94,15.14
2022-10-22 09:00:00,32.51,36.09,28.98,36.13,-2.32,34.2,9.49,34.7,34.29,37.94,34.32,35.93,35.85,34.07,10.82
2022-10-22 10:00:00,30.21,34.73,26.29,34.45,-2.63,31.05,4.92,34.34,31.54,36.78,33.5,34.4,34.0,29.66,5.93
2022-10-22 11:00:00,31.21,36.32,27.0,36.22,-4.31,30.19,5.26,36.42,32.3,38.2,35.23,36.27,35.46,26.95,6.51
2022-10-22 12:00:00,31.09,37.56,26.88,36.33,-4.53,28.89,4.74,36.69,32.48,39.77,34.14,36.5,34.97,26.25,6.52
2022-10-22 13:00:00,30.81,39.33,26.79,35.33,-8.85,30.18,2.3,40.82,34.97,41.68,37.65,35.48,33.08,28.19,4.54
2022-10-22 14:00:00,32.98,42.88,28.72,37.24,-7.03,34.28,0.49,47.68,40.2,46.02,44.1,37.71,35.25,32.43,3.13
2022-10-22 15:00:00,38.06,54.25,34.53,41.0,-7.83,39.85,3.04,57.3,48.5,57.36,54.71,42.01,41.65,38.22,5.4
2022-10-22 16:00:00,43.08,68.93,40.6,44.19,-5.17,45.21,4.07,68.67,61.67,71.77,67.38,45.7,45.61,45.02,6.67
2022-10-22 17:00:00,46.28,56.16,40.42,53.44,0.48,43.58,8.51,63.28,56.42,57.9,61.32,54.32,54.83,42.6,11.02
2022-10-22 18:00:00,62.02,65.23,59.58,66.2,15.82,56.32,50.59,71.86,73.75,66.89,70.62,66.4,65.46,47.62,55.63
2022-10-22 19:00:00,49.49,51.69,48.22,51.67,10.59,46.49,43.02,57.34,58.08,52.71,55.62,51.72,52.19,39.56,50.12
2022-10-22 20:00:00,33.99,37.32,30.86,37.96,-4.37,32.53,15.62,37.89,39.37,38.54,37.45,38.1,36.84,29.68,22.78
2022-10-22 21:00:00,31.65,36.15,27.16,36.86,-9.24,31.39,4.24,35.29,36.52,37.04,35.1,36.95,35.38,27.8,10.84
2022-10-22 22:00:00,30.13,35.62,26.16,34.77,-9.38,29.5,4.76,33.01,33.05,37.18,32.64,34.88,33.32,26.75,10.34
2022-10-22 23:00:00,27.08,32.0,23.99,30.61,-8.79,26.84,6.53,30.35,30.07,33.52,29.81,30.51,29.7,24.41,12.09
2022-10-23 00:00:00,28.74,34.04,24.9,33.14,-8.99,28.67,3.77,32.12,31.19,34.78,31.77,32.83,33.26,27.62,6.48
2022-10-23 01:00:00,25.27,30.48,21.57,29.69,-10.08,24.48,1.63,28.39,27.39,31.36,28.05,29.53,29.59,23.39,4.28
2022-10-23 02:00:00,18.61,23.15,15.82,22.06,-11.27,17.4,0.66,21.1,20.01,24.1,20.88,21.86,22.15,16.95,3.1
2022-10-23 03:00:00,16.68,20.92,14.14,19.82,-11.58,15.54,0.29,19.14,18.22,21.91,18.97,19.59,20.02,14.89,2.53
2022-10-23 04:00:00,16.24,20.39,13.77,19.31,-11.69,15.12,0.27,18.67,17.82,21.36,18.51,19.15,19.43,14.45,2.66
2022-10-23 05:00:00,16.47,20.57,13.97,19.53,-11.76,15.5,0.29,18.99,18.12,21.39,18.8,19.36,19.66,14.87,2.86
2022-10-23 06:00:00,25.69,30.65,22.15,29.97,-9.02,24.66,3.33,28.9,27.82,31.3,28.49,29.87,29.91,23.8,5.98
2022-10-23 07:00:00,27.1,31.69,23.42,31.4,-8.99,26.83,3.74,30.94,30.69,32.33,30.58,31.27,31.46,24.6,6.37
2022-10-23 08:00:00,24.53,28.9,21.21,28.41,-8.95,24.21,3.31,27.53,26.74,29.38,27.18,28.32,28.41,23.56,4.82
2022-10-23 09:00:00,23.33,28.41,19.67,27.65,-9.11,22.72,-0.1,26.75,26.08,29.33,26.3,27.54,27.69,21.41,0.85
2022-10-23 10:00:00,26.84,33.58,22.5,32.36,-9.13,24.38,-0.34,30.31,28.87,34.77,29.64,32.28,32.08,22.58,0.66
2022-10-23 11:00:00,31.72,39.42,26.76,38.04,-9.05,28.88,0.68,36.34,35.87,41.24,35.6,37.97,37.69,25.26,1.84
2022-10-23 12:00:00,29.34,37.54,24.57,35.65,-10.89,25.47,-0.36,32.21,31.61,39.79,32.14,35.65,34.5,24.35,1.5
2022-10-23 13:00:00,30.1,39.1,25.63,35.64,-10.88,27.78,-0.01,35.32,35.52,41.28,36.1,35.63,37.13,26.78,1.03
2022-10-23 14:00:00,36.51,46.67,31.41,42.8,-10.06,34.02,2.16,42.59,44.01,49.37,44.42,43.04,44.83,33.79,3.39
2022-10-23 15:00:00,41.91,54.72,36.25,49.17,-8.72,37.68,3.44,47.76,50.84,57.55,50.63,50.02,51.0,38.38,4.87
2022-10-23 16:00:00,45.34,57.24,39.13,53.37,-6.77,40.91,5.0,51.94,57.66,59.82,53.11,54.42,54.87,40.66,6.83
2022-10-23 17:00:00,47.39,57.73,40.42,56.22,-6.86,43.81,3.93,54.27,56.68,59.28,55.48,57.25,58.98,43.24,6.39
2022-10-23 18:00:00,52.63,60.08,46.31,61.24,2.9,47.36,16.57,56.41,57.52,61.15,56.79,61.64,59.21,43.66,20.34
2022-10-23 19:00:00,45.73,52.05,40.67,52.55,1.24,41.68,16.4,49.87,50.27,52.55,49.6,52.58,51.89,37.53,20.9
2022-10-23 20:00:00,32.87,38.77,28.48,38.29,-5.58,31.28,5.56,36.48,36.37,39.46,36.17,38.24,37.57,31.03,9.57
2022-10-23 21:00:00,30.18,35.8,26.13,35.25,-6.13,28.35,5.1,33.11,32.18,36.42,32.81,35.19,34.53,27.56,9.09
2022-10-23 22:00:00,30.91,37.32,26.9,36.18,-4.61,27.94,6.18,33.4,32.95,38.75,33.1,36.19,35.23,25.24,9.48
2022-10-23 23:00:00,28.79,34.69,24.96,33.82,-1.65,25.98,5.35,31.25,30.36,35.72,30.89,33.83,33.19,23.26,8.26
2022-10-24 00:00:00,30.13,35.01,27.54,34.0,9.51,26.25,14.88,31.83,29.71,35.49,31.37,34.02,33.59,26.11,17.12
2022-10-24 01:00:00,25.19,29.11,23.48,28.03,12.04,21.36,15.42,26.47,24.61,29.52,26.18,28.0,27.84,21.62,17.21
2022-10-24 02:00:00,23.49,26.33,22.63,25.24,17.67,20.1,18.85,24.54,23.22,26.76,24.46,25.19,25.35,20.03,20.58
2022-10-24 03:00:00,24.12,26.48,23.89,25.31,23.05,20.02,23.75,24.54,23.1,26.98,24.56,25.29,25.36,20.19,25.42
2022-10-24 04:00:00,29.69,31.72,29.64,30.86,30.3,24.86,31.11,30.26,29.21,32.15,30.34,30.85,30.88,24.01,32.58
2022-10-24 05:00:00,35.44,37.22,35.4,36.56,36.4,30.84,36.99,36.08,35.36,37.78,36.16,36.55,36.55,29.37,38.78
2022-10-24 06:00:00,37.21,38.95,37.16,38.3,37.47,32.73,38.67,37.89,37.23,39.4,37.94,38.27,38.28,30.96,40.67
2022-10-24 07:00:00,41.59,44.07,41.36,43.95,43.81,32.8,44.62,44.28,46.98,44.87,44.06,43.95,43.93,24.16,46.93
2022-10-24 08:00:00,38.75,41.43,38.59,40.76,40.45,31.09,41.06,40.47,41.78,42.07,40.26,40.74,40.75,25.37,42.56
2022-10-24 09:00:00,41.18,43.96,40.93,43.47,43.34,32.82,43.5,43.21,44.79,44.54,42.95,43.47,43.47,27.43,43.8
2022-10-24 10:00:00,40.76,45.39,40.66,42.98,42.64,31.73,42.53,41.73,41.71,46.79,41.34,42.98,43.0,30.3,42.5
2022-10-24 11:00:00,40.92,47.6,41.0,42.94,42.27,31.4,42.06,40.73,39.66,50.22,40.22,42.96,42.98,32.18,42.04
2022-10-24 12:00:00,37.09,45.05,37.24,38.86,36.59,28.06,37.0,36.31,36.57,47.81,36.03,38.96,38.92,32.87,37.35
2022-10-24 13:00:00,34.63,50.6,35.4,34.77,28.66,27.26,28.96,33.77,36.15,52.8,34.66,34.98,34.16,34.33,30.02
2022-10-24 14:00:00,36.82,62.26,38.07,35.16,22.38,32.18,22.68,37.35,43.32,64.35,39.48,35.68,34.83,42.74,23.75
2022-10-24 15:00:00,37.27,60.44,36.92,37.68,16.88,32.8,16.76,38.24,47.95,62.94,41.44,37.79,36.77,46.45,17.67
2022-10-24 16:00:00,42.96,65.76,41.42,44.66,16.35,39.22,16.02,45.08,57.37,67.91,47.21,44.81,43.21,53.85,17.52
2022-10-24 17:00:00,44.27,66.55,43.4,45.0,21.17,41.07,20.96,46.94,57.01,67.47,49.04,45.16,43.42,53.06,22.42
2022-10-24 18:00:00,53.99,66.0,54.33,54.51,47.98,47.94,48.88,55.9,61.74,66.92,57.18,54.65,53.86,57.29,49.95
2022-10-24 19:00:00,48.32,52.35,47.86,50.23,44.57,42.3,46.58,49.64,50.5,52.91,49.86,50.38,49.84,47.31,48.14
2022-10-24 20:00:00,33.47,39.02,33.05,35.26,29.13,27.4,30.5,34.01,38.83,40.33,33.99,35.42,34.75,30.2,32.3
2022-10-24 21:00:00,33.54,38.01,33.48,35.02,32.77,27.12,33.78,35.55,48.39,39.16,35.88,35.03,34.97,34.12,35.1
2022-10-24 22:00:00,33.32,37.27,33.43,34.23,33.05,28.42,33.82,33.41,34.71,38.48,33.2,34.22,34.22,31.14,35.02
2022-10-24 23:00:00,34.14,37.76,34.22,35.12,33.7,29.12,34.89,34.3,34.73,38.91,34.03,35.12,35.16,29.37,36.09
2022-10-25 00:00:00,27.52,37.03,25.2,30.4,5.25,25.42,7.94,29.24,26.44,39.83,29.07,30.23,30.63,28.52,9.91
2022-10-25 01:00:00,20.74,27.16,19.0,23.1,3.64,18.53,7.19,22.28,19.85,28.43,22.14,23.02,23.41,21.19,9.89
2022-10-25 02:00:00,17.17,21.85,16.76,18.29,7.77,13.73,13.17,17.23,14.82,23.01,17.1,18.2,18.31,16.29,16.13
2022-10-25 03:00:00,19.53,22.99,19.8,20.12,14.41,15.12,20.98,18.98,16.72,23.91,18.9,20.07,20.08,17.19,25.36
2022-10-25 04:00:00,24.27,26.98,24.54,24.77,19.75,20.39,26.03,24.12,22.72,27.7,24.2,24.72,24.74,21.09,30.84
2022-10-25 05:00:00,30.9,33.44,31.15,31.59,27.66,26.41,33.17,31.14,30.25,34.12,31.24,31.55,31.56,25.4,38.07
2022-10-25 06:00:00,43.93,47.64,44.3,44.35,40.61,39.71,45.48,43.47,42.59,49.39,43.48,44.32,44.32,38.92,49.48
2022-10-25 07:00:00,42.8,45.31,43.04,43.31,40.46,39.07,44.5,42.89,42.64,46.39,42.93,43.29,43.28,37.44,48.94
2022-10-25 08:00:00,37.9,41.07,38.06,38.52,36.93,33.97,38.68,37.81,36.34,42.61,37.54,38.5,38.52,32.42,40.6
2022-10-25 09:00:00,32.72,37.05,32.89,33.41,32.3,28.25,32.87,31.71,30.75,39.01,31.47,33.41,33.43,28.08,32.88
2022-10-25 10:00:00,30.06,35.51,30.29,30.8,30.16,24.92,29.93,28.64,28.34,37.81,28.3,30.81,30.81,26.4,29.75
2022-10-25 11:00:00,31.41,35.08,31.57,31.89,31.5,27.95,31.37,31.19,29.3,36.67,30.26,31.88,31.91,29.65,31.29
2022-10-25 12:00:00,32.84,35.23,32.96,33.07,32.75,30.88,32.65,32.2,31.84,36.2,31.95,33.07,33.08,32.01,32.61
2022-10-25 13:00:00,33.96,35.92,34.07,34.09,33.85,32.49,33.78,33.7,33.77,36.89,33.27,34.09,34.1,32.95,33.79
2022-10-25 14:00:00,35.84,36.98,35.88,35.97,35.79,34.84,35.74,36.26,37.1,37.53,35.74,35.98,35.97,35.49,35.79
2022-10-25 15:00:00,36.85,38.01,36.88,37.04,36.83,35.7,36.77,37.58,38.98,38.56,36.98,37.04,37.03,36.61,36.81
2022-10-25 16:00:00,36.79,37.88,36.8,37.04,36.85,35.48,36.8,37.84,39.05,38.41,37.2,37.05,37.03,36.57,36.81
2022-10-25 17:00:00,52.59,53.41,52.58,52.92,52.8,51.19,52.83,54.07,51.88,53.76,52.97,52.93,52.91,52.21,53.07
2022-10-25 18:00:00,174.75,175.17,174.85,175.19,174.78,172.56,176.49,179.48,175.8,175.47,177.16,175.24,175.12,173.64,181.94
2022-10-25 19:00:00,164.9,165.61,165.39,164.61,163.51,163.73,167.61,169.7,166.51,165.74,166.14,164.65,164.52,163.37,180.14
2022-10-25 20:00:00,85.56,85.78,85.97,85.17,84.51,85.14,87.81,88.87,86.56,85.9,87.07,85.18,85.09,85.74,99.49
2022-10-25 21:00:00,54.07,54.4,54.35,53.82,52.9,53.61,55.58,56.22,54.27,54.58,55.12,53.8,53.75,54.62,63.57
2022-10-25 22:00:00,46.36,46.73,46.65,46.0,44.78,46.27,47.62,46.65,46.55,46.88,46.68,45.98,45.94,46.91,54.18
2022-10-25 23:00:00,41.0,41.14,41.18,40.84,39.73,40.79,41.95,41.35,41.13,41.26,41.25,40.82,40.79,41.38,45.95
2022-10-26 00:00:00,38.06,38.1,38.21,37.82,36.64,38.22,38.72,38.13,38.29,38.19,38.19,37.81,37.79,38.2,41.48
2022-10-26 01:00:00,30.15,30.15,30.28,29.95,28.95,30.28,30.74,30.21,30.33,30.24,30.27,29.94,29.93,30.28,33.01
2022-10-26 02:00:00,27.7,27.71,27.83,27.49,26.34,27.84,28.29,27.78,27.9,27.8,27.84,27.48,27.46,27.85,30.66
2022-10-26 03:00:00,27.67,27.67,27.84,27.41,25.84,27.86,28.42,27.78,27.93,27.75,27.85,27.4,27.38,27.86,31.42
2022-10-26 04:00:00,28.26,28.28,28.46,27.96,25.35,28.51,29.09,28.42,28.6,28.36,28.5,27.95,27.91,28.51,32.18
2022-10-26 05:00:00,36.3,36.33,36.51,36.0,33.72,36.51,37.19,36.41,36.6,36.42,36.48,35.98,35.96,36.49,40.53
2022-10-26 06:00:00,56.71,57.25,56.95,56.44,53.7,56.52,57.61,56.65,56.66,57.54,56.66,56.41,56.39,56.57,61.36
2022-10-26 07:00:00,55.49,56.13,55.73,55.26,51.56,55.13,56.4,55.52,55.68,56.49,55.51,55.23,55.19,54.63,60.2
2022-10-26 08:00:00,41.11,41.62,41.22,40.99,38.82,40.9,41.37,41.01,41.02,41.97,40.97,40.98,40.96,40.64,42.28
2022-10-26 09:00:00,34.56,35.56,34.62,34.62,33.76,33.86,34.43,34.2,33.92,36.08,34.14,34.63,34.63,34.0,34.52
2022-10-26 10:00:00,30.05,31.05,30.11,30.07,29.23,29.48,29.82,29.75,29.55,31.55,29.69,30.07,30.08,29.72,29.76
2022-10-26 11:00:00,27.58,29.27,27.66,27.62,25.8,26.67,27.1,27.06,26.79,30.05,26.94,27.64,27.64,27.0,27.18
2022-10-26 12:00:00,26.5,28.68,26.28,26.75,20.47,26.12,23.56,26.5,26.3,29.47,26.41,26.76,26.78,26.81,23.48
2022-10-26 13:00:00,26.76,31.97,26.21,27.06,8.86,27.11,18.69,27.19,27.23,32.63,26.96,27.0,27.13,27.98,18.55
2022-10-26 14:00:00,27.58,34.67,25.8,29.04,0.02,28.82,10.67,29.26,29.1,35.74,28.72,28.93,29.21,29.65,10.66
2022-10-26 15:00:00,28.84,37.64,26.82,30.39,-8.29,30.57,8.66,30.85,30.88,38.64,30.29,30.24,30.58,31.31,8.58
2022-10-26 16:00:00,29.57,39.5,27.24,31.22,-8.53,32.14,6.11,32.43,32.3,39.97,31.71,31.07,31.46,32.7,6.24
2022-10-26 17:00:00,34.1,40.6,31.79,35.95,-3.27,36.51,14.09,36.59,36.6,40.96,36.19,35.82,36.16,37.02,14.23
2022-10-26 18:00:00,64.53,66.16,64.76,64.15,34.84,64.57,64.15,65.18,65.04,66.81,65.18,64.13,63.99,64.6,66.7
2022-10-26 19:00:00,44.95,46.6,44.62,45.09,4.67,45.58,41.22,45.94,45.97,46.99,45.88,45.08,45.0,45.68,44.21
2022-10-26 20:00:00,31.25,34.98,28.9,33.17,-7.77,34.1,13.33,33.92,33.7,35.34,33.49,33.01,33.28,34.98,15.81
2022-10-26 21:00:00,34.01,39.5,29.67,37.79,-11.96,38.75,2.65,38.68,38.54,39.8,37.95,37.55,38.09,39.24,4.76
2022-10-26 22:00:00,30.13,35.08,26.09,33.59,-13.91,34.78,0.9,34.3,34.08,35.3,33.61,33.38,33.9,35.68,2.45
2022-10-26 23:00:00,25.61,29.92,22.19,28.47,-10.69,29.7,0.66,28.94,28.57,30.17,28.31,28.29,28.76,31.34,2.35
2022-10-27 00:00:00,20.04,23.7,17.36,22.16,-10.51,23.65,-0.08,23.0,23.03,24.0,22.46,22.0,22.33,24.69,2.02
2022-10-27 01:00:00,14.71,17.8,12.62,16.25,-11.94,17.92,-1.48,17.34,17.46,18.1,16.96,16.1,16.35,18.81,0.88
2022-10-27 02:00:00,13.05,15.87,11.22,14.37,-10.7,15.94,-1.3,15.54,15.76,16.17,15.18,14.23,14.44,16.48,1.15
2022-10-27 03:00:00,10.98,13.47,9.49,12.0,-10.86,13.55,-1.06,13.25,13.56,13.78,12.95,11.86,12.02,13.89,1.54
2022-10-27 04:00:00,13.91,16.71,12.05,15.3,-9.66,16.76,-0.58,16.56,16.9,17.0,16.19,15.15,15.36,16.91,1.83
2022-10-27 05:00:00,19.83,23.2,17.17,22.01,-7.79,23.25,0.21,23.14,23.38,23.38,22.66,21.82,22.15,23.29,2.57
2022-10-27 06:00:00,40.48,46.58,35.31,45.07,-2.05,45.93,3.66,46.12,46.22,46.84,45.51,44.76,45.45,46.07,6.66
2022-10-27 07:00:00,43.04,49.0,37.84,47.69,1.66,48.39,6.3,48.56,48.63,49.21,48.02,47.4,48.08,48.37,8.95
2022-10-27 08:00:00,34.75,39.7,30.6,38.4,2.14,39.26,5.02,39.4,39.49,39.91,38.89,38.13,38.77,39.27,6.3
2022-10-27 09:00:00,28.91,34.6,25.21,32.17,0.11,32.57,1.51,32.86,32.88,35.38,32.27,31.91,32.55,32.86,1.89
2022-10-27 10:00:00,24.32,30.72,21.27,27.09,0.05,26.71,0.56,27.19,27.01,32.13,26.58,26.87,27.41,27.46,0.77
2022-10-27 11:00:00,23.65,30.56,20.67,26.56,0.11,24.94,0.63,26.42,24.97,32.22,25.57,26.36,26.87,25.37,0.84
2022-10-27 12:00:00,23.98,31.61,21.0,27.27,0.84,23.71,1.4,25.35,24.67,33.3,25.11,27.06,27.66,25.18,1.69
2022-10-27 13:00:00,26.56,34.47,23.37,30.13,2.37,26.15,2.74,28.62,27.84,36.27,28.02,29.93,30.49,27.78,3.05
2022-10-27 14:00:00,30.56,39.33,27.1,34.62,4.85,29.25,5.2,33.14,32.31,41.07,32.74,34.47,34.98,31.49,5.54
2022-10-27 15:00:00,31.62,39.71,28.34,35.57,7.51,30.06,8.0,35.38,33.64,41.3,34.27,35.37,35.87,32.39,8.37
2022-10-27 16:00:00,26.57,35.27,24.48,29.18,8.67,24.42,9.06,29.06,28.15,36.73,28.56,29.03,29.37,26.48,9.17
2022-10-27 17:00:00,35.9,45.83,36.0,35.65,26.67,34.33,28.17,36.91,36.8,46.67,36.5,35.61,35.69,38.08,28.57
2022-10-27 18:00:00,54.7,59.75,55.17,54.44,48.81,52.42,54.09,55.24,54.11,60.39,55.42,54.42,54.37,53.13,55.3
2022-10-27 19:00:00,41.83,44.08,42.03,41.77,36.03,40.67,41.59,42.36,41.63,44.49,42.37,41.73,41.7,40.99,43.61
2022-10-27 20:00:00,32.65,35.36,31.94,33.42,23.31,32.5,26.47,33.43,33.16,35.85,33.38,33.35,33.45,36.95,28.66
2022-10-27 21:00:00,28.15,31.25,26.8,29.58,15.06,28.41,17.94,29.42,29.0,31.8,29.23,29.48,29.68,30.57,20.29
2022-10-27 22:00:00,33.0,35.38,32.34,33.79,24.32,32.63,27.55,33.54,33.19,35.99,33.37,33.72,33.82,33.3,29.68
2022-10-27 23:00:00,29.64,32.38,29.19,30.21,22.45,28.94,25.22,29.66,29.04,33.29,29.46,30.16,30.25,29.56,27.12
2022-10-28 00:00:00,43.74,43.97,43.97,43.46,39.34,43.68,44.75,43.75,43.66,44.09,43.78,43.44,43.4,44.03,48.23
2022-10-28 01:00:00,36.68,36.74,36.93,36.34,30.58,36.87,37.74,36.86,36.87,36.76,36.92,36.32,36.26,37.13,41.1
2022-10-28 02:00:00,35.63,35.71,35.98,35.12,25.47,36.03,37.06,35.99,36.1,35.73,36.09,35.07,34.98,36.25,41.06
2022-10-28 03:00:00,32.71,32.87,33.28,31.81,13.42,33.56,34.88,33.46,33.73,32.9,33.65,31.73,31.54,33.75,40.12
2022-10-28 04:00:00,32.47,32.68,33.12,31.44,9.81,33.5,34.86,33.38,33.7,32.71,33.6,31.35,31.13,33.69,40.25
2022-10-28 05:00:00,36.02,36.27,36.76,34.85,10.34,37.19,38.74,37.05,37.42,36.43,37.3,34.74,34.5,37.39,44.86
2022-10-28 06:00:00,57.03,57.59,57.61,56.13,34.03,57.8,58.91,57.86,57.99,57.74,58.03,56.08,55.84,58.13,64.6
2022-10-28 07:00:00,57.31,57.84,57.62,56.63,31.89,58.46,57.54,58.42,58.66,58.01,58.54,56.57,56.37,58.8,63.14
2022-10-28 08:00:00,39.46,41.05,38.68,39.89,14.12,41.15,32.65,41.15,41.27,41.2,41.06,39.78,39.81,41.4,35.34
2022-10-28 09:00:00,34.48,38.65,31.29,37.36,4.35,37.34,11.8,37.6,37.31,39.05,37.12,37.27,37.63,37.53,12.9
2022-10-28 10:00:00,30.53,36.25,26.84,34.0,-2.02,33.15,3.98,33.76,33.11,37.01,33.14,33.89,34.33,33.53,4.82
2022-10-28 11:00:00,29.07,35.98,25.05,32.98,-3.02,31.2,0.05,32.35,31.17,36.98,31.61,32.88,33.37,32.17,1.03
2022-10-28 12:00:00,28.39,35.6,24.46,32.34,-1.98,29.89,0.02,31.55,30.25,36.69,30.77,32.24,32.72,31.18,1.06
2022-10-28 13:00:00,29.38,36.87,25.48,33.45,-0.09,30.2,1.41,32.51,31.35,38.04,31.68,33.35,33.82,30.81,2.49
2022-10-28 14:00:00,29.32,37.01,25.35,33.61,0.49,29.51,1.25,32.8,31.8,38.21,31.95,33.5,33.99,30.16,2.28
2022-10-28 15:00:00,29.06,37.05,25.0,33.76,1.37,27.99,1.18,32.59,31.58,38.23,31.73,33.68,34.17,28.41,2.28
2022-10-28 16:00:00,28.92,36.55,25.43,33.28,5.63,26.48,5.43,31.63,31.05,37.75,31.06,33.25,33.68,26.87,6.57
2022-10-28 17:00:00,32.12,35.06,30.96,34.0,25.21,29.56,25.2,34.01,33.89,35.49,33.49,34.0,34.11,28.64,25.7
2022-10-28 18:00:00,44.29,46.17,44.22,45.13,43.81,40.82,44.78,44.54,44.47,46.7,44.55,45.18,45.13,39.36,46.22
2022-10-28 19:00:00,58.97,60.22,58.95,59.73,58.18,55.72,60.14,59.7,60.06,60.55,59.7,59.72,59.7,52.32,62.54
2022-10-28 20:00:00,48.55,49.54,48.54,49.1,47.66,46.19,49.33,49.01,49.03,49.8,48.99,49.12,49.08,44.16,51.74
2022-10-28 21:00:00,45.12,45.97,45.12,45.66,44.32,42.76,46.1,45.68,45.94,46.25,45.69,45.68,45.64,40.51,48.03
2022-10-28 22:00:00,43.12,43.46,43.12,43.73,42.41,40.6,44.7,43.97,44.63,43.53,44.06,43.72,43.69,37.14,46.91
2022-10-28 23:00:00,40.21,40.72,40.19,40.99,39.87,37.08,41.96,41.21,41.98,40.83,41.32,40.98,40.96,32.88,44.37
2022-10-29 00:00:00,55.56,55.67,55.61,56.25,53.45,52.61,57.94,57.15,58.84,55.69,57.41,56.22,56.16,46.86,61.94
2022-10-29 01:00:00,46.2,46.4,46.24,46.91,44.32,43.16,48.48,47.58,48.98,46.44,47.82,46.89,46.85,38.18,52.11
2022-10-29 02:00:00,41.6,41.83,41.71,42.14,39.24,38.94,43.91,42.87,44.13,41.88,43.12,42.12,42.06,34.83,48.62
2022-10-29 03:00:00,40.03,40.27,40.14,40.53,37.31,37.5,42.26,41.2,42.32,40.32,41.46,40.51,40.45,33.74,46.59
2022-10-29 04:00:00,37.86,38.04,37.98,38.21,34.86,35.88,39.79,38.9,39.92,38.09,39.13,38.18,38.13,32.76,43.73
2022-10-29 05:00:00,39.64,39.78,39.76,39.94,36.58,37.88,41.43,40.54,41.45,39.82,40.74,39.91,39.86,35.11,45.1
2022-10-29 06:00:00,38.73,38.82,38.88,38.81,35.91,37.75,40.16,40.08,40.93,38.88,40.25,38.79,38.75,35.17,43.26
2022-10-29 07:00:00,47.87,47.84,48.0,48.13,44.3,46.25,49.77,48.91,50.06,47.92,49.17,48.09,48.03,43.17,53.87
2022-10-29 08:00:00,46.92,46.96,46.98,47.07,44.67,46.06,47.84,47.44,48.01,47.05,47.61,47.04,47.01,44.54,49.64
2022-10-29 09:00:00,40.58,40.63,40.54,40.81,40.83,39.84,40.89,40.89,41.2,40.69,40.93,40.81,40.8,38.87,40.97
2022-10-29 10:00:00,40.27,40.28,40.2,40.61,40.66,39.2,40.7,40.78,41.3,40.32,40.87,40.62,40.61,37.29,40.7
2022-10-29 11:00:00,38.56,38.69,38.47,38.79,38.59,38.04,38.36,39.26,39.61,38.72,39.3,38.79,38.77,36.56,37.41
2022-10-29 12:00:00,38.42,38.55,38.37,38.43,38.19,38.54,37.95,39.61,39.44,38.59,39.34,38.44,38.42,37.61,36.96
2022-10-29 13:00:00,37.66,37.84,37.61,37.54,37.26,38.22,36.87,38.93,38.46,37.85,38.63,37.56,37.54,37.96,35.73
2022-10-29 14:00:00,39.22,39.41,39.27,38.75,38.56,40.73,38.17,41.44,40.85,39.46,41.0,38.79,38.78,40.5,37.05
2022-10-29 15:00:00,38.28,38.46,38.26,38.0,37.9,39.52,37.06,39.75,39.64,38.48,39.74,38.02,38.03,39.48,36.76
2022-10-29 16:00:00,38.64,38.71,38.57,38.69,38.58,38.77,38.11,38.82,38.79,38.71,38.81,38.7,38.69,38.76,37.99
2022-10-29 17:00:00,43.25,43.28,43.29,43.09,43.11,43.64,43.14,44.24,43.66,43.32,44.03,43.09,43.11,43.75,43.21
2022-10-29 18:00:00,121.26,121.17,121.6,120.5,113.17,122.7,122.04,121.14,121.96,121.25,120.7,120.46,120.35,122.18,125.14
2022-10-29 19:00:00,129.47,128.66,130.16,127.96,119.33,132.5,131.51,129.29,130.67,128.7,129.04,127.9,127.76,132.17,140.94
2022-10-29 20:00:00,75.19,74.91,75.78,74.06,65.99,76.98,77.18,75.44,77.3,75.0,75.91,74.02,73.89,76.81,85.2
2022-10-29 21:00:00,58.96,58.88,59.47,58.09,50.97,60.02,60.91,59.32,60.66,58.97,59.76,58.04,57.93,59.96,67.97
2022-10-29 22:00:00,56.42,56.41,56.95,55.57,48.38,57.28,58.56,56.92,57.51,56.44,57.04,55.52,55.39,57.21,67.11
2022-10-29 23:00:00,50.32,50.29,50.65,49.84,45.87,50.68,51.81,50.54,50.84,50.33,50.62,49.8,49.74,50.69,57.83
2022-10-30 00:00:00,49.8,49.71,50.02,49.5,49.1,49.93,50.94,49.84,50.01,49.73,49.92,49.5,49.48,49.98,55.79
2022-10-30 01:00:00,46.25,46.16,46.5,45.94,45.64,46.39,47.51,46.29,46.48,46.21,46.39,45.93,45.91,46.45,52.93
2022-10-30 02:00:00,41.08,40.97,41.38,40.68,40.34,41.28,42.6,41.15,41.39,41.03,41.27,40.68,40.65,41.34,49.31
2022-10-30 03:00:00,39.65,39.51,39.97,39.24,38.91,39.8,41.32,39.68,39.91,39.58,39.8,39.23,39.21,39.87,48.32
2022-10-30 04:00:00,38.55,38.45,38.77,38.25,37.69,38.66,39.74,38.57,38.74,38.51,38.66,38.25,38.23,38.7,44.74
2022-10-30 05:00:00,39.39,39.27,39.65,39.07,38.35,39.48,40.77,39.39,39.56,39.31,39.48,39.06,39.04,39.53,46.34
2022-10-30 06:00:00,41.3,41.2,41.52,41.03,40.31,41.37,42.49,41.29,41.43,41.23,41.37,41.02,41.01,41.42,47.37
2022-10-30 07:00:00,44.42,44.35,44.62,44.16,43.06,44.52,45.47,44.45,44.59,44.37,44.53,44.15,44.13,44.56,49.87
2022-10-30 08:00:00,39.58,39.54,39.68,39.46,39.23,39.63,40.08,39.59,39.66,39.56,39.63,39.46,39.45,39.65,42.31
2022-10-30 09:00:00,31.7,31.7,31.7,31.7,31.69,31.7,31.71,31.7,31.7,31.71,31.7,31.7,31.7,31.7,31.77
2022-10-30 10:00:00,32.87,32.87,32.87,32.87,32.86,32.87,32.87,32.87,32.87,32.87,32.87,32.87,32.87,32.88,32.93
2022-10-30 11:00:00,38.62,38.62,38.62,38.61,38.6,38.62,38.62,38.62,38.62,38.63,38.62,38.62,38.61,38.62,38.69
2022-10-30 12:00:00,38.87,38.87,38.87,38.86,38.84,38.9,38.86,38.85,38.84,38.87,38.85,38.86,38.86,39.1,38.94
2022-10-30 13:00:00,38.92,38.92,38.92,38.88,38.87,39.0,38.89,38.92,38.9,38.92,38.91,38.89,38.89,39.39,38.97
2022-10-30 14:00:00,39.29,39.26,39.31,39.21,39.22,39.52,39.24,39.54,39.38,39.3,39.32,39.22,39.22,40.12,39.32
2022-10-30 15:00:00,39.24,39.23,39.24,39.22,39.21,39.3,39.23,39.56,39.3,39.25,39.35,39.22,39.22,39.77,39.3
2022-10-30 16:00:00,46.44,46.43,46.44,46.44,46.42,46.44,46.44,46.44,46.44,46.45,46.44,46.44,46.43,46.45,46.52
2022-10-30 17:00:00,65.59,65.49,65.58,65.63,65.29,65.5,65.71,65.82,65.72,65.5,65.55,65.63,65.62,65.68,65.92
2022-10-30 18:00:00,175.12,175.21,175.24,175.0,173.2,175.03,175.73,175.36,175.45,175.21,174.93,175.0,174.96,174.88,177.83
2022-10-30 19:00:00,148.78,148.39,149.04,148.59,145.31,148.39,150.77,149.55,149.4,148.39,148.46,148.58,148.52,148.7,156.56
2022-10-30 20:00:00,67.45,67.27,67.74,67.09,64.88,67.51,69.1,67.59,67.76,67.32,67.48,67.08,67.04,67.6,74.85
2022-10-30 21:00:00,55.54,55.42,55.78,55.22,53.8,55.64,56.85,55.58,55.8,55.47,55.59,55.21,55.18,55.65,61.69
2022-10-30 22:00:00,48.21,48.12,48.45,47.9,46.85,48.32,49.46,48.24,48.41,48.17,48.29,47.9,47.87,48.37,54.13
2022-10-30 23:00:00,44.72,44.64,44.89,44.52,44.08,44.73,45.65,44.69,44.77,44.69,44.72,44.52,44.51,44.72,49.3
2022-10-31 00:00:00,41.91,41.89,42.17,41.54,41.38,42.22,43.03,42.15,42.48,41.91,42.31,41.54,41.5,42.13,48.59
2022-10-31 01:00:00,38.2,38.18,38.45,37.86,37.68,38.49,39.26,38.43,38.73,38.21,38.58,37.85,37.82,38.42,44.56
2022-10-31 02:00:00,36.7,36.67,36.95,36.34,36.18,36.99,37.78,36.91,37.2,36.7,37.06,36.34,36.3,36.97,43.32
2022-10-31 03:00:00,37.68,37.62,37.94,37.32,37.18,37.91,38.91,37.8,38.05,37.65,37.94,37.31,37.29,37.94,44.91
2022-10-31 04:00:00,39.56,39.54,39.81,39.21,39.04,39.87,40.62,39.75,40.01,39.55,39.9,39.2,39.17,39.88,46.12
2022-10-31 05:00:00,44.85,44.8,45.13,44.45,44.13,45.14,46.14,45.0,45.27,44.8,45.16,44.45,44.42,45.18,52.45
2022-10-31 06:00:00,76.88,76.86,77.19,76.42,75.63,77.3,78.17,77.14,77.47,76.94,77.32,76.41,76.37,77.33,84.77
2022-10-31 07:00:00,78.05,77.97,78.43,77.45,76.71,78.63,79.65,78.4,78.84,78.63,78.61,77.44,77.38,78.68,87.75
2022-10-31 08:00:00,56.63,56.53,56.76,56.47,56.09,56.74,57.28,56.71,56.81,57.2,56.72,56.55,56.38,56.73,59.88
2022-10-31 09:00:00,46.11,46.16,46.11,46.11,46.11,46.06,46.12,46.11,46.08,46.71,46.07,46.13,46.09,46.08,46.18
2022-10-31 10:00:00,44.61,44.89,44.63,44.65,44.7,44.28,44.69,44.49,44.31,45.47,44.42,44.85,44.61,44.52,44.76
2022-10-31 11:00:00,42.65,43.15,42.65,42.76,42.68,42.05,42.66,42.36,42.05,43.61,42.29,42.8,42.73,42.26,42.77
2022-10-31 12:00:00,41.95,42.87,41.95,42.18,42.02,40.81,41.95,41.53,40.75,43.21,41.36,42.18,42.19,41.12,42.04
2022-10-31 13:00:00,41.96,43.33,41.95,42.38,42.11,40.09,41.99,41.89,39.77,43.72,41.41,42.37,42.39,40.39,42.06
2022-10-31 14:00:00,44.21,46.57,44.18,44.95,44.49,40.92,44.29,44.07,40.39,46.94,43.24,45.02,44.89,41.5,44.37
2022-10-31 15:00:00,45.63,48.32,45.56,46.6,46.05,41.56,45.78,45.94,41.1,48.66,44.87,46.58,46.6,42.1,45.83
2022-10-31 16:00:00,54.77,59.33,54.79,56.0,55.27,48.84,54.98,52.43,50.26,59.77,51.93,55.99,56.02,48.56,55.07
2022-10-31 17:00:00,73.87,76.53,73.78,75.03,74.55,69.15,74.41,73.44,71.7,76.73,73.34,75.05,75.05,66.8,74.78
2022-10-31 18:00:00,113.55,115.67,113.42,115.24,111.19,106.96,115.83,115.58,115.48,115.72,115.32,115.58,114.97,99.78,118.83
2022-10-31 19:00:00,77.78,79.27,78.25,77.71,65.91,75.56,80.45,78.9,79.35,79.3,79.01,77.61,77.36,72.22,87.44
2022-10-31 20:00:00,51.02,52.62,51.65,50.35,33.22,50.37,53.26,51.94,52.18,52.66,52.09,50.18,49.92,49.13,60.34
2022-10-31 21:00:00,43.13,44.41,44.01,41.72,14.81,44.2,45.71,44.68,44.88,44.54,44.85,41.44,41.04,43.94,53.37
2022-10-31 22:00:00,39.09,39.67,39.8,37.84,16.44,40.55,41.16,40.53,40.91,39.81,40.71,37.63,37.29,40.53,47.41
2022-10-31 23:00:00,33.42,34.0,34.15,32.1,10.05,35.0,35.49,34.9,35.28,34.12,35.09,31.89,31.55,35.1,41.95
2022-11-01 00:00:00,33.04,33.69,33.94,31.46,4.17,34.81,35.81,35.0,35.69,33.84,35.27,31.2,30.76,34.26,43.97
2022-11-01 01:00:00,28.57,29.22,29.46,27.0,0.2,30.43,31.17,30.44,31.04,29.31,30.7,26.75,26.33,30.18,39.05
2022-11-01 02:00:00,28.65,29.29,29.57,27.0,0.15,30.58,31.41,30.57,31.23,29.38,30.87,26.75,26.33,30.33,40.22
2022-11-01 03:00:00,29.78,30.44,30.72,28.12,0.69,31.72,32.59,31.72,32.37,30.54,32.03,27.87,27.44,31.46,41.4
2022-11-01 04:00:00,31.34,31.96,32.2,29.83,3.95,33.09,33.94,33.19,33.83,32.08,33.47,29.59,29.2,32.77,41.82
2022-11-01 05:00:00,36.24,36.93,37.28,34.39,4.79,38.42,39.36,38.38,39.14,37.03,38.72,34.11,33.67,38.23,49.44
2022-11-01 06:00:00,46.51,47.25,47.36,45.09,19.99,47.94,49.15,48.31,48.9,47.39,48.54,44.84,44.46,47.48,57.17
2022-11-01 07:00:00,56.76,57.56,57.73,55.16,25.33,58.29,59.91,58.95,59.78,57.63,59.18,54.86,54.41,57.39,69.12
2022-11-01 08:00:00,47.89,48.68,48.44,47.1,30.47,48.29,49.67,48.91,49.15,48.71,49.06,46.93,46.7,47.92,54.92
2022-11-01 09:00:00,42.0,42.64,42.07,41.99,36.83,41.58,42.07,41.96,41.77,42.7,41.91,42.0,41.93,41.58,43.32
2022-11-01 10:00:00,37.75,38.21,37.72,37.86,34.69,37.34,37.49,37.63,37.25,38.33,37.6,37.91,37.87,37.72,37.97
2022-11-01 11:00:00,38.91,39.21,38.88,38.99,35.04,38.68,38.64,38.85,38.64,39.32,38.84,39.06,39.01,38.98,39.2
2022-11-01 12:00:00,35.5,35.76,35.46,35.57,29.68,35.32,35.21,35.44,35.29,35.88,35.43,35.65,35.59,35.51,35.83
2022-11-01 13:00:00,36.22,36.7,36.19,36.37,26.68,35.7,35.98,36.1,35.7,36.79,36.08,36.43,36.38,36.21,36.5
2022-11-01 14:00:00,34.86,35.24,34.79,35.0,23.02,34.5,34.43,34.74,34.49,35.28,34.71,35.1,35.03,34.76,35.31
2022-11-01 15:00:00,34.94,35.43,34.95,35.0,14.82,34.57,34.8,34.9,34.64,35.58,34.87,35.05,34.99,34.79,35.64
2022-11-01 16:00:00,37.47,37.89,37.52,37.45,7.8,37.25,37.47,37.55,37.35,37.99,37.54,37.48,37.4,37.41,38.61
2022-11-01 17:00:00,51.11,52.44,51.51,50.61,14.72,50.93,52.05,51.48,51.22,52.54,51.47,50.52,50.32,51.14,55.73
2022-11-01 18:00:00,61.54,62.71,62.61,59.72,26.53,63.39,64.61,63.54,63.9,62.8,63.74,59.41,58.92,63.56,73.64
2022-11-01 19:00:00,43.39,44.65,44.65,41.2,-0.07,45.74,47.0,45.84,46.27,44.75,46.1,40.85,40.25,46.08,58.01
2022-11-01 20:00:00,40.55,41.61,41.49,38.89,-5.72,42.37,43.08,42.48,42.73,41.67,42.71,38.62,38.19,42.72,51.11
2022-11-01 21:00:00,36.88,38.52,36.9,36.05,-9.05,39.77,33.27,39.87,40.23,38.61,40.31,35.82,35.49,40.3,40.12
2022-11-01 22:00:00,31.65,34.16,31.75,29.69,-13.07,38.48,24.69,38.04,39.86,34.29,39.9,29.28,28.87,38.62,31.97
2022-11-01 23:00:00,29.76,31.7,29.8,27.88,-13.52,36.72,22.88,35.38,39.01,31.8,37.82,27.56,27.25,36.72,29.4
2022-11-02 00:00:00,20.26,21.32,21.08,18.11,-12.33,24.6,20.31,23.71,26.29,21.44,24.46,17.81,17.37,24.82,27.38
2022-11-02 01:00:00,18.35,19.47,19.12,16.27,-12.84,22.72,18.01,21.89,24.44,19.59,22.74,16.0,15.59,22.84,24.29
2022-11-02 02:00:00,18.07,19.13,18.9,16.0,-12.61,22.15,18.32,21.32,23.84,19.26,22.06,15.72,15.31,22.24,25.19
2022-11-02 03:00:00,19.29,20.27,20.13,17.27,-10.64,23.07,19.92,22.33,24.59,20.4,23.0,17.0,16.59,23.15,27.08
2022-11-02 04:00:00,22.02,22.94,22.82,20.12,-4.71,25.51,22.72,24.8,26.93,23.08,25.39,19.87,19.49,25.59,29.55
2022-11-02 05:00:00,26.22,27.07,27.02,24.37,-0.48,29.52,27.14,28.89,30.68,27.26,29.48,24.12,23.74,29.7,34.03
2022-11-02 06:00:00,36.5,37.26,37.14,35.02,14.83,39.15,37.13,38.83,39.99,37.47,39.43,34.81,34.51,39.2,42.69
2022-11-02 07:00:00,41.92,42.37,42.41,40.67,25.1,44.41,42.21,44.01,45.19,42.67,44.6,40.49,40.25,44.73,46.5
2022-11-02 08:00:00,40.67,40.86,40.8,39.93,27.52,42.95,39.46,43.35,43.95,41.31,43.48,39.8,39.67,43.6,41.22
2022-11-02 09:00:00,29.15,30.85,28.54,28.95,17.36,32.57,21.8,31.77,33.53,31.65,32.09,28.84,28.88,32.96,21.95
2022-11-02 10:00:00,25.42,28.04,24.62,24.84,11.75,31.06,14.55,29.97,32.47,29.44,30.49,24.65,24.69,31.88,14.18
2022-11-02 11:00:00,23.89,26.85,22.76,23.51,7.6,30.33,10.33,29.75,32.05,28.2,29.84,23.33,23.43,31.4,10.2
2022-11-02 12:00:00,24.93,27.96,23.71,24.7,7.94,31.08,11.08,30.52,33.17,29.3,30.56,24.72,24.75,32.3,11.04
2022-11-02 13:00:00,25.17,28.61,23.82,24.7,4.14,32.83,9.14,33.41,35.87,29.95,33.09,24.68,24.78,34.48,9.15
2022-11-02 14:00:00,26.57,30.07,24.93,26.17,0.68,35.37,8.12,36.89,38.54,30.95,36.24,26.12,26.31,37.51,8.12
2022-11-02 15:00:00,28.71,32.43,27.01,27.71,-2.2,40.08,7.81,43.59,43.72,33.65,42.46,27.57,27.94,42.97,7.79
2022-11-02 16:00:00,34.77,39.31,32.45,33.77,-2.24,48.96,7.75,52.83,52.99,40.26,51.86,33.44,33.94,51.88,7.67
2022-11-02 17:00:00,43.82,48.25,40.8,44.34,0.88,55.48,15.13,60.21,58.48,48.76,58.56,44.45,45.01,57.7,16.14
2022-11-02 18:00:00,47.4,49.55,46.76,45.92,2.13,55.98,35.6,61.44,57.87,50.26,59.69,45.63,46.07,57.3,39.5
2022-11-02 19:00:00,41.6,44.01,41.28,40.25,-2.02,48.05,32.82,48.49,49.32,44.41,49.08,39.82,39.82,48.44,40.5
2022-11-02 20:00:00,30.75,34.56,28.7,31.34,-11.56,37.55,11.34,37.19,39.11,35.03,37.88,30.97,31.09,37.71,15.94
2022-11-02 21:00:00,26.91,31.19,24.14,28.27,-13.98,34.02,3.07,33.62,35.62,31.64,34.23,28.02,28.24,34.09,7.22
2022-11-02 22:00:00,20.94,24.37,19.63,19.96,-16.67,30.53,3.65,28.91,33.53,24.77,30.99,19.89,19.6,31.0,8.49
2022-11-02 23:00:00,22.97,25.76,20.73,24.17,-14.37,28.44,4.57,27.4,29.72,26.16,27.9,24.34,24.47,28.82,9.4
2022-11-03 00:00:00,17.06,20.87,15.19,16.89,-9.56,26.02,-3.01,25.4,27.76,21.47,28.18,16.74,16.89,26.06,-2.0
2022-11-03 01:00:00,14.99,18.49,13.08,15.21,-11.02,22.64,-4.0,22.1,24.05,19.12,24.26,15.07,15.28,22.64,-3.12
2022-11-03 02:00:00,14.18,17.5,12.6,13.96,-9.54,21.99,-3.06,21.44,23.51,18.16,23.91,13.84,13.94,22.03,-2.19
2022-11-03 03:00:00,12.26,15.36,11.17,11.32,-9.43,20.6,-2.58,19.99,22.36,16.04,22.98,11.23,11.19,20.7,-1.64
2022-11-03 04:00:00,13.39,16.58,12.32,12.27,-8.28,22.36,-1.91,21.73,24.29,17.12,25.09,12.12,12.11,22.48,-1.18
2022-11-03 05:00:00,15.2,18.44,14.02,14.32,-3.82,23.75,-0.44,23.16,25.53,19.07,26.28,14.17,14.18,23.86,0.27
2022-11-03 06:00:00,28.38,32.59,26.08,28.69,1.56,37.4,5.64,36.85,39.03,33.14,39.39,28.4,28.69,37.41,6.37
2022-11-03 07:00:00,31.27,34.74,28.63,32.59,4.53,38.04,9.13,37.67,39.14,35.51,39.49,32.39,32.8,38.1,10.03
2022-11-03 08:00:00,28.98,32.06,25.59,31.89,1.24,33.15,5.24,33.02,33.66,32.58,34.08,32.01,32.55,33.27,5.49
2022-11-03 09:00:00,24.12,28.67,20.88,26.81,-3.17,28.07,-0.04,28.46,28.79,29.57,29.6,26.8,27.34,28.47,-0.33
2022-11-03 10:00:00,21.61,27.48,18.51,23.88,-7.55,26.26,-3.56,27.22,27.0,28.78,28.22,23.94,24.42,27.12,-3.82
2022-11-03 11:00:00,22.14,29.2,18.66,25.29,-8.71,24.87,-4.71,28.41,25.37,30.43,27.55,25.44,26.05,26.24,-4.86
2022-11-03 12:00:00,24.33,31.56,20.21,28.65,-8.9,25.51,-4.89,31.35,27.46,32.7,29.91,29.03,29.71,26.86,-5.26
2022-11-03 13:00:00,27.01,36.68,22.65,32.12,-9.48,25.69,-3.89,33.81,29.45,37.6,32.21,32.82,33.34,26.15,-3.99
2022-11-03 14:00:00,33.83,47.15,29.33,38.48,-7.44,34.23,-2.55,43.36,39.19,48.61,42.67,38.99,39.5,36.55,-2.71
2022-11-03 15:00:00,33.52,47.13,29.56,37.15,-6.24,35.35,-1.42,44.9,41.64,48.59,44.44,37.24,37.94,38.44,-2.19
2022-11-03 16:00:00,35.38,48.87,31.23,39.11,-5.44,37.7,-0.78,48.61,46.09,50.16,48.55,39.09,39.82,38.85,-1.56
2022-11-03 17:00:00,35.39,45.12,30.59,40.74,-2.54,35.27,1.23,45.24,44.99,46.04,45.68,40.47,41.35,35.35,0.45
2022-11-03 18:00:00,39.07,47.22,34.4,44.05,0.43,40.1,6.23,50.18,51.05,48.12,50.78,44.02,44.58,36.81,6.59
2022-11-03 19:00:00,36.04,42.41,32.11,40.0,1.25,37.89,8.14,45.86,47.88,42.65,46.75,39.74,40.43,33.64,10.04
2022-11-03 20:00:00,31.76,37.96,27.81,35.49,-2.02,34.76,3.05,40.13,42.03,38.16,41.65,35.05,35.96,31.38,4.37
2022-11-03 21:00:00,35.14,41.05,29.89,40.88,-3.52,36.49,1.11,41.61,42.78,41.09,42.16,40.46,41.88,32.78,3.01
2022-11-03 22:00:00,27.34,33.31,23.69,30.86,-4.27,29.68,0.92,33.47,34.42,33.51,34.32,30.57,31.35,26.82,2.36
2022-11-03 23:00:00,23.56,28.42,20.19,26.86,-5.28,25.73,-0.25,29.43,30.83,28.6,30.05,26.86,27.24,22.45,1.03
2022-11-04 00:00:00,29.54,35.71,24.81,34.96,-2.0,29.57,-1.0,32.43,32.08,35.79,31.6,34.84,35.85,27.81,0.43
2022-11-04 01:00:00,21.35,26.7,17.48,25.82,-4.71,21.23,-3.86,24.53,24.56,26.79,23.78,25.78,26.42,19.06,-2.62
2022-11-04 02:00:00,18.43,22.77,15.14,22.31,-3.43,17.99,-2.53,21.62,21.97,23.02,21.09,22.27,22.81,15.36,-1.34
2022-11-04 03:00:00,17.24,21.02,14.33,20.74,-1.96,16.57,-1.0,20.2,20.67,21.26,19.74,20.7,21.18,13.89,0.21
2022-11-04 04:00:00,17.24,21.57,14.57,20.67,-0.39,15.66,0.36,19.59,19.65,21.78,19.09,20.57,21.08,13.31,1.54
2022-11-04 05:00:00,31.04,37.33,27.81,35.68,10.75,26.94,11.3,32.16,31.48,37.55,31.38,35.94,36.37,24.26,12.66
2022-11-04 06:00:00,40.89,45.54,38.02,45.03,23.52,37.34,24.17,41.98,41.93,45.85,41.36,45.41,45.96,34.29,26.06
2022-11-04 07:00:00,41.4,44.42,39.42,44.48,29.21,38.12,30.68,42.79,43.41,45.47,42.51,45.01,45.34,34.29,32.79
2022-11-04 08:00:00,34.54,37.82,32.0,38.03,19.51,32.28,19.86,36.42,36.9,38.44,36.03,38.8,39.35,29.13,20.86
2022-11-04 09:00:00,31.48,38.13,28.69,35.72,14.79,26.61,14.31,32.14,31.17,39.42,31.42,36.67,37.27,24.26,14.62
2022-11-04 10:00:00,29.27,38.06,25.43,34.65,4.58,24.62,4.39,32.09,31.52,39.87,30.98,35.22,36.02,21.73,4.93
2022-11-04 11:00:00,31.36,42.68,27.01,37.62,2.96,25.11,2.65,34.89,32.39,45.43,32.81,39.12,40.28,22.78,3.23
2022-11-04 12:00:00,31.55,44.2,27.02,37.68,0.0,26.39,-0.18,36.22,32.94,46.05,33.93,38.46,39.49,26.09,0.43
2022-11-04 13:00:00,33.53,54.57,29.73,38.39,-0.73,28.09,-2.13,38.74,34.29,55.83,38.11,39.17,40.22,31.1,-2.41
2022-11-04 14:00:00,39.24,73.01,37.01,41.06,0.0,35.65,-1.69,46.04,41.39,75.48,45.82,41.99,42.99,42.15,-2.16
2022-11-04 15:00:00,36.86,64.89,34.31,39.32,1.23,33.47,-0.43,43.87,39.08,67.06,43.49,39.56,40.32,40.52,-1.05
2022-11-04 16:00:00,38.27,64.28,35.06,41.39,0.35,35.92,-1.36,47.19,41.82,66.18,46.57,41.5,42.27,43.26,-1.95
2022-11-04 17:00:00,39.37,55.83,34.88,44.53,2.22,37.11,2.04,47.88,43.09,57.11,45.76,44.63,45.62,42.11,2.66
2022-11-04 18:00:00,50.49,60.12,46.04,56.08,19.28,47.75,20.21,56.75,54.18,61.09,54.94,55.91,56.71,49.74,21.16
2022-11-04 19:00:00,51.11,55.33,49.41,53.6,37.3,48.52,40.18,54.71,52.28,55.86,52.51,53.45,53.89,49.57,41.4
2022-11-04 20:00:00,42.23,43.12,41.85,42.85,37.6,41.37,40.08,43.17,43.05,43.52,42.96,42.91,42.96,42.62,41.51
2022-11-04 21:00:00,44.99,45.12,45.02,44.99,42.64,44.79,45.17,45.36,45.17,45.31,45.21,45.07,45.0,45.61,46.41
2022-11-04 22:00:00,36.35,36.68,36.46,36.21,34.46,36.34,36.63,36.39,36.39,37.2,36.42,36.23,36.19,36.54,38.27
2022-11-04 23:00:00,35.28,35.38,35.38,35.12,33.19,35.38,35.64,35.38,35.42,35.62,35.43,35.12,35.09,35.49,37.25
2022-11-05 00:00:00,38.29,38.27,38.62,37.85,34.21,38.44,39.92,38.62,38.96,38.41,38.76,37.83,37.76,38.19,45.93
2022-11-05 01:00:00,29.25,29.28,29.44,29.04,27.3,29.1,30.35,29.4,29.55,29.44,29.49,29.03,29.0,28.93,34.35
2022-11-05 02:00:00,24.29,24.3,24.51,24.09,21.96,24.05,25.6,24.57,24.88,24.46,24.67,24.07,24.03,23.47,30.11
2022-11-05 03:00:00,22.31,22.3,22.6,22.03,18.75,22.07,23.98,22.66,23.06,22.46,22.8,22.01,21.96,21.37,29.54
2022-11-05 04:00:00,21.1,21.15,21.48,20.7,16.47,20.86,23.19,21.47,21.8,21.32,21.63,20.67,20.61,20.43,30.24
2022-11-05 05:00:00,20.85,20.95,21.25,20.42,15.0,20.63,23.0,21.29,21.59,21.15,21.44,20.38,20.3,20.2,30.11
2022-11-05 06:00:00,26.76,26.89,27.12,26.38,20.97,26.47,28.75,27.1,27.18,27.03,27.23,26.34,26.27,26.34,34.76
2022-11-05 07:00:00,30.25,30.35,30.73,29.64,23.23,30.32,32.62,30.64,30.86,30.78,30.8,29.6,29.51,30.34,40.62
2022-11-05 08:00:00,27.54,27.65,27.79,27.19,23.69,27.76,28.54,27.73,27.8,28.22,27.8,27.17,27.12,28.02,32.12
2022-11-05 09:00:00,20.7,20.79,20.77,20.58,19.12,20.84,20.87,20.8,20.8,21.31,20.82,20.57,20.55,21.02,21.3
2022-11-05 10:00:00,20.54,20.61,20.55,20.5,20.34,20.59,20.52,20.65,20.57,20.97,20.62,20.5,20.49,20.76,20.59
2022-11-05 11:00:00,19.91,20.02,19.94,19.82,19.8,20.12,19.8,20.63,20.13,20.52,20.18,19.82,19.82,20.3,19.8
2022-11-05 12:00:00,18.34,18.51,18.38,18.17,18.09,18.77,18.05,19.86,18.86,19.04,18.9,18.17,18.17,19.04,17.96
2022-11-05 13:00:00,15.74,16.15,15.84,15.11,14.47,17.7,14.42,19.79,17.79,16.68,18.76,15.08,15.13,18.17,14.28
2022-11-05 14:00:00,15.16,16.34,14.83,14.5,9.32,19.19,9.27,22.11,19.53,17.14,21.12,14.42,14.59,19.9,9.17
2022-11-05 15:00:00,15.08,17.01,14.17,14.42,3.58,21.7,3.58,25.06,23.13,17.68,23.97,14.28,14.62,22.61,3.61
2022-11-05 16:00:00,15.55,17.92,14.51,14.49,1.37,24.3,1.32,28.63,26.21,18.45,27.58,14.3,14.75,25.6,1.26
2022-11-05 17:00:00,22.28,23.17,22.42,20.21,16.58,29.68,16.63,31.37,32.59,23.49,32.3,20.12,20.32,30.79,16.59
2022-11-05 18:00:00,38.46,38.69,38.82,37.36,33.56,41.06,38.15,42.44,41.8,39.05,42.44,37.32,37.33,41.5,39.42
2022-11-05 19:00:00,22.53,22.96,22.92,21.32,13.19,25.36,22.04,25.78,26.53,23.2,26.07,21.28,21.21,25.68,26.0
2022-11-05 20:00:00,15.28,17.38,13.68,16.32,-1.95,18.43,2.6,17.87,19.29,17.5,18.02,16.2,16.43,18.4,5.04
2022-11-05 21:00:00,17.72,20.96,14.83,20.05,-6.77,21.7,-3.38,21.28,22.04,21.2,21.02,19.88,20.35,21.63,-1.69
2022-11-05 22:00:00,14.24,17.33,11.64,16.15,-8.97,18.46,-5.39,17.69,19.33,17.55,17.57,16.13,16.45,18.42,-3.64
2022-11-05 23:00:00,14.62,17.51,11.98,16.69,-7.27,18.39,-4.67,17.6,19.13,17.75,17.37,16.69,17.05,18.34,-3.26
2022-11-06 00:00:00,8.36,10.3,6.88,9.43,-5.87,10.82,-3.03,10.55,10.99,10.36,10.37,9.62,9.9,10.76,-0.98
2022-11-06 01:00:00,6.27,7.39,5.56,6.64,-2.99,7.99,0.23,7.73,8.17,7.4,7.54,6.69,6.84,8.01,2.26
2022-11-06 02:00:00,7.01,8.91,5.84,7.68,-5.99,9.57,-2.77,9.27,9.79,9.03,9.05,8.0,8.32,9.53,-0.46
2022-11-06 03:00:00,4.99,6.52,4.09,5.47,-6.1,7.1,-2.75,6.89,7.29,6.66,6.85,5.73,6.0,7.07,0.02
2022-11-06 04:00:00,7.62,8.84,6.66,7.97,-4.72,10.6,-0.77,10.01,10.84,9.01,10.15,8.07,8.32,11.11,2.15
2022-11-06 05:00:00,7.08,8.03,6.61,6.35,-3.87,12.08,0.0,11.36,12.23,8.23,11.69,6.53,6.77,12.35,3.2
2022-11-06 06:00:00,10.83,11.44,10.84,9.7,2.73,15.16,7.07,14.54,15.42,11.8,14.98,9.79,9.91,15.29,11.07
2022-11-06 07:00:00,12.7,12.6,13.38,10.54,7.72,18.2,12.17,16.71,19.2,13.23,18.19,10.71,10.7,18.46,16.15
2022-11-06 08:00:00,13.84,14.04,14.33,12.07,11.1,18.64,12.55,17.58,19.48,14.57,18.67,12.27,12.25,18.61,13.58
2022-11-06 09:00:00,12.93,13.08,13.03,12.46,12.4,14.29,12.31,14.04,14.34,13.41,14.31,12.57,12.59,14.49,12.2
2022-11-06 10:00:00,16.66,16.77,16.73,16.41,16.45,17.34,16.39,17.02,17.54,17.32,17.13,16.51,16.53,17.54,16.24
2022-11-06 11:00:00,17.34,17.56,17.43,17.08,17.22,17.91,17.18,17.66,18.08,18.13,17.77,17.25,17.29,17.94,17.1
2022-11-06 12:00:00,18.23,18.43,18.36,17.82,18.02,19.19,18.01,18.71,19.67,18.99,19.16,17.99,18.03,19.22,17.99
2022-11-06 13:00:00,19.55,20.0,19.85,18.84,19.65,20.9,19.66,20.36,21.49,20.42,20.94,19.49,19.66,20.92,19.71
2022-11-06 14:00:00,26.57,27.37,27.04,25.56,27.03,28.2,27.05,27.7,28.73,27.92,28.23,26.73,27.04,28.22,27.12
2022-11-06 15:00:00,30.22,30.58,30.41,29.85,30.44,30.74,30.46,30.72,30.82,31.08,30.74,30.31,30.43,30.81,30.55
2022-11-06 16:00:00,49.09,49.97,49.53,48.33,49.85,49.91,49.89,49.97,50.02,50.55,49.98,49.55,49.86,50.15,50.04
2022-11-06 17:00:00,111.49,112.98,112.35,110.0,111.79,113.07,113.34,113.01,113.15,113.48,113.02,112.18,112.74,113.17,114.56
2022-11-06 18:00:00,57.53,58.3,58.31,56.33,53.8,58.46,60.13,58.61,59.04,58.81,58.73,57.48,57.73,58.32,65.46
2022-11-06 19:00:00,35.28,35.44,35.79,34.58,29.66,35.6,37.54,35.8,36.09,35.68,35.94,34.83,34.82,35.35,43.9
2022-11-06 20:00:00,25.86,26.02,26.15,25.55,23.05,25.65,27.4,26.4,26.85,26.17,26.5,25.75,25.76,24.33,32.42
2022-11-06 21:00:00,19.6,19.8,19.8,19.37,16.9,19.55,20.5,19.98,20.18,20.0,20.04,19.53,19.54,18.99,22.94
2022-11-06 22:00:00,16.29,16.47,16.49,15.97,13.68,16.59,16.91,16.56,16.6,16.68,16.6,16.14,16.16,16.68,18.93
2022-11-06 23:00:00,16.5,16.67,16.71,16.17,14.48,16.82,17.18,16.75,16.84,17.06,16.79,16.34,16.37,16.86,19.07
2022-11-07 00:00:00,24.12,24.17,24.33,23.82,23.56,24.39,24.92,24.28,24.46,24.65,24.35,23.87,23.87,24.4,28.21
2022-11-07 01:00:00,22.14,22.17,22.32,21.88,21.76,22.37,22.84,22.27,22.43,22.63,22.34,21.92,21.91,22.38,25.76
2022-11-07 02:00:00,20.64,20.67,20.84,20.36,20.4,20.86,21.45,20.76,20.91,21.1,20.83,20.42,20.42,20.89,24.85
2022-11-07 03:00:00,19.94,20.06,20.21,19.52,19.68,20.3,20.95,20.19,20.38,20.47,20.29,19.72,19.76,20.32,24.95
2022-11-07 04:00:00,21.83,21.99,22.14,21.35,21.58,22.25,22.97,22.12,22.34,22.42,22.23,21.6,21.65,22.27,27.3
2022-11-07 05:00:00,29.21,29.38,29.63,28.58,28.41,29.71,30.87,29.57,29.83,29.73,29.7,28.91,28.97,29.74,37.28
2022-11-07 06:00:00,44.31,44.44,44.65,43.83,43.7,44.65,45.67,44.51,44.76,44.73,44.58,44.1,44.16,44.57,51.69
2022-11-07 07:00:00,44.79,45.62,45.27,44.07,44.08,45.16,46.25,45.12,45.3,46.4,45.12,44.71,44.88,45.01,51.93
2022-11-07 08:00:00,29.36,30.29,29.63,29.0,28.57,29.32,29.9,29.43,29.38,31.01,29.4,29.3,29.38,29.37,31.48
2022-11-07 09:00:00,32.89,34.2,33.15,32.56,33.02,32.7,33.13,32.94,32.73,35.09,32.86,33.06,33.21,32.74,33.22
2022-11-07 10:00:00,37.2,38.61,37.47,36.85,37.5,36.97,37.44,37.27,36.99,39.59,37.19,37.45,37.61,37.17,37.81
2022-11-07 11:00:00,33.0,35.01,33.3,32.66,33.14,32.47,33.08,32.87,32.5,36.51,32.76,33.14,33.28,32.66,33.5
2022-11-07 12:00:00,39.18,41.54,39.56,38.72,39.38,38.65,39.34,39.26,38.78,43.22,38.99,39.34,39.52,38.9,39.71
2022-11-07 13:00:00,45.66,49.8,46.3,44.84,45.72,44.89,45.67,45.61,45.15,51.53,45.33,45.62,45.83,45.16,46.1
2022-11-07 14:00:00,58.8,65.6,59.84,57.38,58.61,57.93,58.43,58.82,58.48,68.37,58.6,58.44,58.75,58.15,58.73
2022-11-07 15:00:00,58.71,64.99,59.69,57.38,58.6,57.96,58.41,59.08,58.68,66.65,58.8,58.43,58.74,57.88,58.71
2022-11-07 16:00:00,88.49,95.41,89.68,86.94,89.0,87.47,88.9,88.72,88.38,98.04,88.25,88.62,89.12,87.11,89.58
2022-11-07 17:00:00,162.72,170.75,165.0,159.32,162.49,163.65,166.28,165.31,165.96,172.53,165.27,164.16,165.51,161.71,167.99
2022-11-07 18:00:00,45.72,47.28,46.07,45.49,40.04,44.64,46.87,45.95,45.94,48.8,45.85,45.51,45.46,43.83,50.03
2022-11-07 19:00:00,28.87,29.57,29.17,28.52,23.54,28.69,29.9,29.4,29.28,30.41,29.23,28.62,28.52,28.45,34.28
2022-11-07 20:00:00,20.48,21.5,20.78,20.0,15.38,20.81,20.81,20.89,21.07,22.21,21.06,19.99,19.92,20.83,25.18
2022-11-07 21:00:00,17.1,18.9,17.38,16.34,10.67,18.39,15.89,18.35,18.75,19.55,18.88,16.42,16.23,18.48,19.89
2022-11-07 22:00:00,16.12,17.31,16.47,14.89,9.46,19.1,14.57,18.08,20.6,18.02,19.58,14.93,14.78,19.1,17.41
2022-11-07 23:00:00,17.46,18.44,17.7,16.78,11.39,18.82,16.74,18.69,19.18,19.17,19.1,16.8,16.66,18.86,19.59
2022-11-08 00:00:00,27.48,29.45,28.06,25.87,22.53,30.68,26.24,30.3,31.61,30.22,31.42,26.78,26.96,30.72,27.91
2022-11-08 01:00:00,22.74,24.03,23.17,21.32,17.87,26.05,21.26,25.2,27.38,24.65,26.73,21.72,21.78,26.07,22.97
2022-11-08 02:00:00,19.63,20.74,20.04,18.16,14.84,23.31,17.95,22.14,24.89,21.5,23.96,18.41,18.44,23.36,19.91
2022-11-08 03:00:00,18.25,19.21,18.7,16.52,13.25,22.83,16.22,21.08,24.88,20.02,23.47,16.62,16.62,23.0,18.19
2022-11-08 04:00:00,22.56,23.57,22.93,21.23,17.78,25.81,21.12,24.93,26.72,24.35,26.18,21.54,21.57,26.26,23.04
2022-11-08 05:00:00,23.87,25.52,24.28,22.46,18.56,27.2,21.95,26.71,28.04,26.51,27.81,23.0,23.17,27.38,23.56
2022-11-08 06:00:00,35.04,36.02,35.23,34.08,29.35,37.73,33.09,37.61,38.35,36.33,38.6,34.06,33.99,37.92,35.0
2022-11-08 07:00:00,37.08,38.25,37.3,36.06,30.71,39.88,35.0,39.86,40.52,38.65,40.84,36.08,36.0,40.07,37.01
2022-11-08 08:00:00,32.97,34.68,33.17,31.71,26.02,36.6,29.7,37.9,37.15,35.36,37.81,32.15,32.59,36.61,30.68
2022-11-08 09:00:00,25.77,31.2,25.33,24.64,11.41,31.24,14.24,31.64,32.7,32.39,32.2,25.28,26.09,31.26,13.8
2022-11-08 10:00:00,29.94,35.5,28.14,30.4,6.23,35.74,10.9,35.8,37.09,36.86,36.19,31.15,32.26,35.72,10.54
2022-11-08 11:00:00,35.88,44.4,33.09,37.48,-4.5,41.26,9.22,40.69,42.04,45.86,40.93,39.21,41.5,41.25,9.3
2022-11-08 12:00:00,39.21,50.49,36.66,39.97,-3.11,46.19,9.97,46.38,46.94,51.99,46.36,42.94,46.71,46.16,9.98
2022-11-08 13:00:00,43.86,64.03,42.59,42.22,-0.79,52.3,11.81,51.78,53.38,65.12,51.58,46.19,50.66,52.5,11.96
2022-11-08 14:00:00,53.42,87.49,53.81,48.25,1.51,64.99,14.5,64.04,64.86,89.8,64.01,52.25,56.64,66.12,14.95
2022-11-08 15:00:00,54.49,77.05,52.34,53.43,4.45,64.41,14.48,64.78,64.5,79.45,64.2,56.46,59.98,65.41,14.86
2022-11-08 16:00:00,62.76,83.87,61.49,60.43,11.96,73.95,27.7,74.15,74.01,86.46,73.81,63.28,66.18,75.13,28.92
2022-11-08 17:00:00,121.5,134.28,121.99,117.97,71.56,130.81,104.89,133.66,131.27,136.06,133.66,121.73,124.58,132.19,108.11
2022-11-08 18:00:00,61.47,67.78,60.09,61.15,22.63,68.2,43.22,70.89,68.55,68.98,70.47,65.17,69.25,68.8,47.55
2022-11-08 19:00:00,36.47,42.28,34.22,37.5,-4.33,42.06,15.04,42.4,42.44,43.52,42.51,40.36,43.96,42.14,19.89
2022-11-08 20:00:00,33.4,38.5,30.36,35.57,-6.0,38.26,9.11,38.29,38.51,39.16,38.17,37.12,39.01,38.15,13.11
2022-11-08 21:00:00,27.63,31.95,25.1,29.19,-9.05,32.71,6.55,32.49,33.17,32.45,32.67,30.0,31.22,32.6,10.34
2022-11-08 22:00:00,21.54,28.79,20.23,21.49,-11.3,26.58,4.08,26.71,27.03,30.59,26.72,24.7,26.47,26.47,7.08
2022-11-08 23:00:00,18.85,24.47,17.43,19.08,-12.04,23.57,2.62,23.64,23.99,25.81,23.59,21.37,22.59,23.44,5.62
2022-11-09 00:00:00,18.18,24.61,16.47,19.05,-8.32,21.54,0.68,21.82,22.54,27.77,22.25,19.47,20.26,21.64,2.78
2022-11-09 01:00:00,16.5,22.2,15.06,17.0,-8.46,20.2,0.85,20.43,21.3,24.98,21.01,17.18,17.6,20.25,2.85
2022-11-09 02:00:00,15.53,20.72,14.23,15.86,-8.41,19.43,0.9,19.55,20.55,23.15,20.27,16.2,16.76,19.5,2.9
2022-11-09 03:00:00,15.17,20.48,14.07,15.22,-8.41,19.23,1.35,19.35,20.61,23.2,20.07,15.34,15.63,19.31,3.36
2022-11-09 04:00:00,15.73,20.86,14.62,15.82,-7.89,19.64,2.15,19.68,21.03,23.5,20.32,15.88,16.1,19.84,4.05
2022-11-09 05:00:00,15.89,22.71,15.55,14.58,-6.03,21.49,3.4,21.61,22.94,25.62,22.54,16.24,17.6,21.56,5.51
2022-11-09 06:00:00,27.3,32.04,25.17,28.48,-1.92,31.83,8.33,31.83,32.51,33.45,32.22,29.0,29.89,32.23,10.43
2022-11-09 07:00:00,26.4,31.47,24.0,27.88,-4.15,30.99,5.65,30.96,31.67,33.22,31.34,28.33,29.21,31.19,8.05
2022-11-09 08:00:00,25.93,32.06,22.74,28.18,-10.15,30.99,-0.28,30.82,32.11,34.28,30.96,28.43,29.19,31.26,0.37
2022-11-09 09:00:00,28.34,36.28,24.63,31.21,-10.43,33.05,-2.02,33.26,34.32,38.67,33.03,31.92,33.24,32.96,-1.84
2022-11-09 10:00:00,29.57,38.75,25.69,32.45,-12.15,34.8,-3.25,36.21,36.41,42.11,35.01,33.65,35.4,34.5,-3.27
2022-11-09 11:00:00,30.61,40.93,26.79,33.21,-12.61,36.46,-3.46,38.43,37.7,43.81,36.82,34.79,36.98,36.29,-3.25
2022-11-09 12:00:00,32.86,47.8,29.8,34.24,-10.99,38.99,-1.84,40.86,40.26,50.71,39.36,36.28,38.92,39.09,-1.62
2022-11-09 13:00:00,39.5,65.98,38.03,37.27,-9.12,50.05,-1.17,50.42,51.77,69.98,49.13,39.57,42.21,50.7,-0.78
2022-11-09 14:00:00,45.39,79.13,44.85,40.92,-7.28,59.02,0.31,58.39,61.54,84.83,57.24,43.34,46.32,60.03,0.65
2022-11-09 15:00:00,48.39,83.29,47.57,44.48,-5.2,60.89,1.6,60.19,62.11,89.08,59.12,47.61,51.47,61.84,2.09
2022-11-09 16:00:00,60.32,94.82,58.41,57.38,-2.62,74.25,7.2,74.57,74.83,99.82,73.22,60.77,64.9,75.12,8.44
2022-11-09 17:00:00,69.25,95.82,65.9,69.11,4.25,80.46,18.2,80.83,80.57,99.57,79.9,71.85,75.09,81.43,20.22
2022-11-09 18:00:00,46.36,57.08,41.44,50.01,-5.14,53.13,5.55,55.58,53.19,60.12,53.93,52.03,54.06,53.07,8.07
2022-11-09 19:00:00,33.53,41.89,29.5,36.54,-11.47,39.07,0.52,41.61,39.18,43.85,39.95,38.2,40.17,39.09,3.63
2022-11-09 20:00:00,29.56,37.83,26.26,31.72,-9.8,34.99,0.51,36.87,35.87,40.0,35.63,33.23,34.53,35.04,3.33
2022-11-09 21:00:00,28.18,36.65,25.13,29.7,-9.58,35.0,-0.83,38.71,35.51,38.85,36.48,31.05,32.6,34.67,1.17
2022-11-09 22:00:00,26.98,34.5,23.71,29.35,-9.91,31.65,-0.65,33.08,32.03,36.81,32.26,30.85,32.99,31.56,1.35
2022-11-09 23:00:00,19.05,25.92,16.53,20.73,-11.46,23.06,-3.6,24.02,23.69,28.45,23.71,21.73,22.92,23.06,-1.5
2022-11-10 00:00:00,16.95,23.69,14.32,18.76,-11.15,20.88,-6.05,20.69,21.98,26.13,20.62,19.45,20.8,20.86,-4.45
2022-11-10 01:00:00,14.69,21.54,12.31,16.3,-12.19,18.25,-6.86,18.09,19.42,24.68,17.94,16.81,17.88,18.25,-5.31
2022-11-10 02:00:00,13.88,19.74,11.92,15.04,-10.25,17.44,-4.53,17.16,18.78,22.37,16.88,15.38,16.11,17.42,-2.82
2022-11-10 03:00:00,14.14,19.2,12.81,14.51,-5.2,18.07,-0.54,17.16,20.16,21.5,17.1,14.93,15.73,18.03,1.21
2022-11-10 04:00:00,13.84,19.17,13.21,13.24,0.0,18.17,2.26,17.0,21.2,21.97,16.87,13.94,14.91,17.99,3.87
2022-11-10 05:00:00,25.11,29.91,25.29,24.07,16.54,27.5,19.67,26.66,28.85,33.44,27.55,24.88,25.95,27.3,21.99
2022-11-10 06:00:00,41.37,44.72,41.72,40.61,35.39,42.03,39.53,42.18,42.37,47.39,42.56,42.11,43.38,42.06,42.4
2022-11-10 07:00:00,46.49,50.33,47.08,45.5,41.85,46.88,45.62,47.56,47.19,53.89,47.48,47.0,48.02,46.79,49.62
2022-11-10 08:00:00,36.66,41.29,36.97,36.16,33.45,36.16,34.28,36.58,36.45,45.79,36.84,37.22,38.25,36.27,35.11
2022-11-10 09:00:00,21.21,26.84,21.79,19.95,18.61,22.38,18.0,23.88,23.05,32.08,23.57,20.51,20.88,22.25,17.58
2022-11-10 10:00:00,25.38,36.2,27.02,22.25,22.0,27.84,21.79,29.27,28.14,41.76,28.65,22.66,22.78,27.75,21.64
2022-11-10 11:00:00,31.3,39.97,32.62,29.0,29.19,32.36,29.15,34.11,32.34,45.88,33.23,29.43,29.52,32.14,29.18
2022-11-10 12:00:00,46.09,73.12,50.29,39.06,40.13,48.51,40.48,49.92,48.18,79.12,48.72,39.64,39.55,48.12,40.86
2022-11-10 13:00:00,60.83,72.07,62.84,57.38,58.92,62.75,59.14,64.31,62.92,79.08,64.11,58.34,59.27,62.83,59.51
2022-11-10 14:00:00,83.45,109.17,88.15,74.71,77.17,90.72,77.98,91.61,90.73,118.35,93.4,75.76,76.67,91.35,78.7
2022-11-10 15:00:00,96.87,112.59,99.65,91.95,93.25,100.0,94.07,102.55,100.58,120.61,101.65,92.98,93.96,100.54,94.93
2022-11-10 16:00:00,279.19,290.13,281.29,275.84,275.49,280.2,278.99,281.23,282.19,296.49,279.9,277.33,278.59,279.52,281.83
2022-11-10 17:00:00,450.48,454.83,452.14,447.99,438.44,451.55,454.21,451.57,454.22,460.4,450.92,449.4,450.51,450.0,465.43
2022-11-10 18:00:00,136.92,140.06,139.62,132.98,106.95,139.22,146.22,139.4,141.22,143.3,139.5,134.48,138.28,138.69,174.72
2022-11-10 19:00:00,62.11,64.25,64.48,58.69,42.91,64.21,70.79,64.17,66.11,66.54,64.81,59.78,63.99,63.55,102.36
2022-11-10 20:00:00,41.74,44.38,43.89,38.81,22.14,42.84,49.52,43.11,44.48,47.03,43.72,40.02,57.76,42.28,75.54
2022-11-10 21:00:00,31.85,35.71,33.83,29.16,9.15,32.38,38.1,32.77,33.52,39.21,33.19,30.16,35.05,32.13,56.73
2022-11-10 22:00:00,29.96,34.5,31.66,27.52,3.05,30.69,33.91,31.4,31.19,38.6,31.35,27.73,30.96,30.74,47.91
2022-11-10 23:00:00,24.41,28.44,25.98,22.39,0.0,24.23,28.89,24.43,24.91,32.44,24.79,22.55,25.09,24.39,44.89
2022-11-11 00:00:00,27.74,28.46,28.83,26.02,6.4,29.35,31.48,28.85,29.88,30.08,29.37,26.43,26.8,29.37,46.33
2022-11-11 01:00:00,23.29,23.92,24.26,21.75,4.23,24.76,26.62,24.31,25.23,25.52,24.85,22.06,22.3,24.82,39.26
2022-11-11 02:00:00,19.16,19.73,20.22,17.57,1.35,20.35,23.23,19.92,20.78,21.83,20.46,17.89,18.16,20.44,36.66
2022-11-11 03:00:00,17.27,18.09,18.11,15.88,0.0,18.66,19.81,18.35,19.05,20.19,18.85,16.45,17.0,18.72,30.86
2022-11-11 04:00:00,16.38,17.56,17.09,15.0,-1.86,18.34,17.48,17.99,18.82,20.1,18.73,15.4,15.75,18.36,26.3
2022-11-11 05:00:00,20.78,23.31,21.74,18.92,-1.98,23.18,21.53,22.89,23.66,26.42,23.55,19.73,20.53,23.16,31.64
2022-11-11 06:00:00,27.0,30.66,26.16,27.0,-1.67,30.33,16.65,30.14,30.59,34.16,30.27,28.5,30.19,30.2,24.5
2022-11-11 07:00:00,27.19,32.77,25.47,27.97,-6.2,31.25,9.86,31.2,31.38,35.65,31.04,29.47,31.17,31.01,16.65
2022-11-11 08:00:00,27.77,35.64,24.67,29.87,-6.42,32.63,0.53,32.04,33.09,41.2,31.94,31.37,33.36,32.42,2.67
2022-11-11 09:00:00,34.26,44.34,30.64,36.76,-2.36,39.51,1.94,38.88,39.63,50.35,38.67,37.57,38.48,39.25,3.0
2022-11-11 10:00:00,38.19,59.22,35.68,38.58,-4.84,44.31,0.62,42.3,44.99,65.33,42.4,39.48,40.51,44.17,1.52
2022-11-11 11:00:00,39.83,63.14,37.52,39.62,-1.22,46.96,0.36,44.03,49.09,69.25,43.96,40.87,41.95,47.04,0.99
2022-11-11 12:00:00,43.45,72.97,42.39,41.08,2.02,51.89,3.64,48.09,54.59,78.83,47.95,42.58,43.33,52.35,4.22
2022-11-11 13:00:00,46.08,81.62,45.71,42.57,2.87,54.55,4.11,50.31,56.88,89.52,50.35,43.86,44.78,55.4,4.56
2022-11-11 14:00:00,38.01,77.6,39.43,32.0,-0.18,47.12,0.99,42.09,50.73,84.72,42.59,33.5,33.64,48.02,1.16
2022-11-11 15:00:00,32.1,60.44,32.37,28.41,0.82,39.71,0.91,36.98,41.94,68.94,37.89,29.81,29.9,41.21,0.91
2022-11-11 16:00:00,52.52,63.16,50.84,53.08,32.25,56.07,31.06,57.51,57.65,69.0,59.1,54.38,54.59,57.84,30.28
2022-11-11 17:00:00,69.06,73.54,69.0,68.81,64.05,69.41,64.26,70.58,69.6,76.44,71.6,70.34,70.34,70.5,64.53
2022-11-11 18:00:00,46.35,49.01,46.8,45.81,46.52,45.78,46.6,46.25,45.85,51.11,46.07,47.48,47.36,45.79,49.15
2022-11-11 19:00:00,40.15,42.56,40.68,39.57,40.85,39.44,41.14,40.53,40.38,44.29,40.47,41.31,41.26,38.92,45.14
2022-11-11 20:00:00,39.51,42.48,40.09,39.19,40.73,37.47,41.21,40.55,40.79,44.35,40.45,41.17,41.11,34.58,45.09
2022-11-11 21:00:00,47.62,50.08,48.03,47.87,49.15,44.14,50.03,49.19,50.0,51.95,49.12,49.38,49.36,38.52,53.53
2022-11-11 22:00:00,44.43,47.58,44.64,45.15,45.34,39.82,46.0,44.59,45.08,49.95,44.54,45.25,45.37,34.41,49.05
2022-11-11 23:00:00,39.19,46.0,39.62,40.32,40.38,31.11,41.05,38.54,38.75,50.51,38.36,40.4,40.52,23.69,44.42
2022-11-12 00:00:00,48.59,51.38,49.14,50.0,50.08,39.56,55.64,50.21,52.43,54.48,50.3,50.55,50.55,28.44,69.73
2022-11-12 01:00:00,43.41,47.17,43.9,45.06,44.96,33.5,49.85,44.38,46.26,51.1,44.42,45.16,45.18,22.62,64.85
2022-11-12 02:00:00,38.89,43.53,39.47,40.44,39.71,28.78,45.14,39.73,41.19,47.79,39.82,40.54,40.54,18.79,60.64
2022-11-12 03:00:00,35.95,41.43,36.69,37.29,36.03,25.7,42.34,36.34,37.6,46.03,36.43,37.36,37.38,16.28,58.79
2022-11-12 04:00:00,37.48,42.8,38.21,38.73,37.59,27.66,43.66,37.74,38.94,47.55,37.85,38.8,38.83,18.88,60.07
2022-11-12 05:00:00,48.06,51.26,48.7,49.37,47.8,38.9,55.28,49.67,52.22,55.3,49.89,49.72,49.42,27.99,71.96
2022-11-12 06:00:00,55.72,61.52,56.85,56.94,56.06,44.05,64.88,57.82,58.6,67.52,57.63,57.89,57.7,32.36,85.89
2022-11-12 07:00:00,65.1,69.48,65.7,67.17,66.12,52.76,73.41,70.19,68.99,75.6,69.24,68.42,67.82,38.22,90.8
2022-11-12 08:00:00,48.99,54.88,49.45,50.71,51.08,38.43,53.79,52.28,49.44,62.08,51.16,52.02,51.28,28.47,60.1
2022-11-12 09:00:00,40.61,48.35,41.14,41.78,42.69,31.59,42.83,41.23,40.09,55.55,40.7,42.88,42.42,24.81,44.13
2022-11-12 10:00:00,37.69,43.48,38.1,38.39,38.83,31.63,38.88,37.48,37.9,49.04,37.33,39.13,38.64,26.57,39.58
2022-11-12 11:00:00,33.44,38.66,33.91,33.81,34.59,28.58,34.58,33.35,33.63,43.27,33.2,34.81,34.21,24.56,35.09
2022-11-12 12:00:00,32.01,37.19,32.46,32.12,32.33,28.26,32.29,31.18,30.81,41.64,31.02,32.52,32.56,26.88,32.71
2022-11-12 13:00:00,30.05,35.58,30.7,29.73,30.57,26.98,30.51,29.41,29.01,39.78,29.23,30.8,30.84,25.68,30.92
2022-11-12 14:00:00,29.57,35.03,30.18,29.27,29.9,26.61,29.83,28.72,28.19,39.03,28.54,30.16,30.2,25.92,30.22
2022-11-12 15:00:00,31.2,36.24,31.74,30.95,31.27,28.56,31.19,30.07,29.42,39.76,29.9,31.54,31.58,28.14,31.61
2022-11-12 16:00:00,40.09,42.51,40.49,39.68,40.47,39.27,40.52,39.81,39.38,45.61,39.72,40.68,40.7,39.28,41.07
2022-11-12 17:00:00,116.4,119.45,117.15,115.6,112.22,115.36,118.18,116.15,115.63,123.84,116.07,117.1,117.07,115.34,122.83
2022-11-12 18:00:00,76.77,77.91,77.8,75.32,65.41,77.41,80.56,77.7,77.76,81.82,77.74,77.27,77.15,77.33,90.5
2022-11-12 19:00:00,49.81,53.28,51.59,47.13,21.99,51.32,54.63,51.43,51.93,55.28,51.64,49.23,48.94,51.33,66.8
2022-11-12 20:00:00,48.05,51.71,50.11,44.91,6.92,50.11,53.72,50.15,50.91,54.23,50.49,46.69,46.25,50.11,68.73
2022-11-12 21:00:00,40.83,45.57,42.84,37.89,0.68,42.1,45.8,42.42,42.89,48.4,42.77,39.39,38.98,42.15,59.96
2022-11-12 22:00:00,40.5,44.46,41.9,38.62,5.47,40.49,44.04,40.91,41.19,47.57,41.19,38.76,38.03,40.55,55.97
2022-11-12 23:00:00,37.8,40.55,39.05,36.09,5.37,38.15,41.42,38.38,38.77,43.65,38.66,36.06,35.8,38.2,53.7
2022-11-13 00:00:00,36.69,37.96,37.59,35.49,10.58,36.92,40.0,36.92,37.27,39.38,37.18,35.48,35.32,37.11,50.0
2022-11-13 01:00:00,35.42,36.92,36.37,34.21,8.36,35.34,39.0,35.67,36.11,38.65,35.93,34.2,34.05,35.15,50.0
2022-11-13 02:00:00,34.15,35.3,35.05,32.99,6.98,34.26,37.66,34.62,35.18,36.81,34.89,33.0,32.87,33.91,47.8
2022-11-13 03:00:00,34.73,36.86,35.72,33.51,7.78,34.4,38.1,34.81,35.17,39.6,35.07,33.47,33.28,34.26,48.1
2022-11-13 04:00:00,34.89,36.76,35.79,33.73,9.03,34.83,37.83,35.05,35.35,39.41,35.31,33.74,33.63,34.91,46.61
2022-11-13 05:00:00,39.67,41.76,40.51,38.59,15.78,39.49,42.22,39.66,39.81,44.5,39.89,38.59,38.51,39.73,50.0
2022-11-13 06:00:00,44.93,47.6,46.03,43.43,22.66,45.16,47.94,45.34,45.29,50.15,45.57,44.38,44.27,45.75,56.31
2022-11-13 07:00:00,49.4,52.78,50.56,47.88,27.34,49.24,52.33,49.6,49.14,56.08,51.98,48.87,49.92,50.14,60.33
2022-11-13 08:00:00,37.79,43.7,38.94,36.09,24.83,37.94,38.01,38.01,38.37,48.99,42.72,37.59,37.51,40.03,40.49
2022-11-13 09:00:00,31.57,39.96,32.03,30.2,22.89,33.08,24.89,34.33,34.81,45.65,37.19,31.02,30.82,34.14,25.76
2022-11-13 10:00:00,31.57,41.15,31.67,30.41,19.05,33.75,21.39,33.62,37.64,46.71,34.46,31.07,31.01,34.19,22.0
2022-11-13 11:00:00,26.6,35.86,25.28,26.58,5.0,31.06,7.63,30.01,35.34,40.97,30.04,27.06,27.19,31.41,8.31
2022-11-13 12:00:00,21.35,28.71,19.75,21.5,-0.17,26.96,1.83,24.45,32.39,32.71,22.97,21.83,21.9,27.06,2.64
2022-11-13 13:00:00,22.33,30.45,20.76,22.09,-0.17,29.17,1.33,25.78,36.48,34.03,23.91,22.3,22.44,29.3,1.75
2022-11-13 14:00:00,21.1,27.66,19.25,21.5,-0.47,27.0,0.84,24.44,32.32,30.13,22.95,21.74,21.9,27.06,1.32
2022-11-13 15:00:00,22.1,28.84,20.13,22.76,-0.06,27.5,1.44,25.45,32.03,31.32,24.29,23.01,23.16,27.54,2.05
2022-11-13 16:00:00,28.11,35.42,26.46,28.52,5.32,32.85,9.05,31.72,36.71,38.3,31.63,28.8,28.89,32.91,10.15
2022-11-13 17:00:00,47.23,52.5,47.22,46.05,22.63,50.92,39.42,49.88,54.37,54.59,50.11,46.74,47.3,51.06,42.61
2022-11-13 18:00:00,43.16,48.44,43.22,41.69,12.65,47.72,35.02,46.53,51.18,50.44,46.78,43.01,43.73,47.89,39.93
2022-11-13 19:00:00,33.06,39.62,31.75,32.95,0.75,38.46,15.98,37.42,41.85,41.62,37.67,33.95,36.76,38.59,20.73
2022-11-13 20:00:00,29.39,36.96,27.26,29.92,-0.31,35.99,6.17,34.92,39.41,38.79,35.19,31.42,33.08,36.19,10.38
2022-11-13 21:00:00,29.3,37.99,26.74,30.52,-2.01,34.96,3.49,34.16,38.38,40.56,34.22,31.32,32.17,35.08,7.49
2022-11-13 22:00:00,25.65,34.24,23.85,26.17,-1.01,30.42,4.59,27.85,36.77,37.43,25.8,26.22,26.35,30.34,7.58
2022-11-13 23:00:00,25.34,31.49,23.47,26.15,0.45,29.83,6.39,27.78,34.39,33.73,26.28,26.2,26.33,29.8,10.39
2022-11-14 00:00:00,23.13,25.63,22.75,22.82,15.21,25.65,16.91,23.83,29.12,26.69,22.51,23.06,22.91,25.77,18.69
2022-11-14 01:00:00,22.19,24.18,22.08,21.66,16.69,24.48,18.01,22.86,27.57,25.06,21.82,21.76,21.67,24.59,19.77
2022-11-14 02:00:00,23.4,24.96,23.47,22.86,20.59,24.91,21.14,23.62,27.37,25.9,22.84,23.02,22.9,25.01,22.68
2022-11-14 03:00:00,30.3,31.66,30.38,30.0,28.81,30.82,29.04,30.2,32.18,32.65,29.74,30.1,30.03,30.91,30.98
2022-11-14 04:00:00,37.01,39.07,37.19,36.76,36.22,36.73,36.2,36.56,37.81,40.65,36.24,36.79,36.77,36.76,38.2
2022-11-14 05:00:00,41.38,43.65,41.61,41.06,40.54,41.04,40.68,40.91,42.17,45.2,40.61,41.04,41.05,41.06,42.78
2022-11-14 06:00:00,66.34,67.84,66.56,66.2,66.24,65.44,66.77,65.87,65.52,68.91,65.82,66.56,66.58,65.47,69.5
2022-11-14 07:00:00,71.61,73.3,71.93,71.31,71.32,70.89,72.2,71.29,70.97,74.81,71.24,71.87,71.88,70.93,75.5
2022-11-14 08:00:00,45.81,48.44,46.21,45.36,45.41,45.15,45.89,45.43,45.2,51.84,45.32,45.86,45.85,45.14,47.64
2022-11-14 09:00:00,39.45,43.16,39.75,38.95,38.03,39.27,37.61,39.75,39.72,46.76,40.31,39.34,39.26,39.36,37.48
2022-11-14 10:00:00,38.66,45.2,39.03,37.86,33.58,38.72,34.32,39.02,41.31,49.59,39.24,38.38,38.3,38.88,34.01
2022-11-14 11:00:00,35.68,40.57,35.84,34.84,28.07,37.28,30.68,37.33,40.04,43.76,37.56,35.39,35.13,37.63,30.62
2022-11-14 12:00:00,31.61,36.01,31.37,31.03,16.03,34.17,24.29,33.38,37.43,38.81,33.3,31.83,31.29,34.55,24.44
2022-11-14 13:00:00,26.79,32.74,25.45,26.91,1.04,31.53,10.61,30.26,36.37,35.22,29.73,27.73,27.16,32.14,11.23
2022-11-14 14:00:00,26.21,33.29,24.31,26.76,-2.76,31.7,5.49,30.43,36.33,36.2,29.99,27.38,27.15,32.11,6.39
2022-11-14 15:00:00,26.23,33.54,23.75,27.9,-3.23,29.9,3.64,30.35,30.55,36.6,30.82,28.72,28.81,30.06,4.16
2022-11-14 16:00:00,33.14,39.5,31.11,34.43,8.09,36.36,14.14,36.93,37.04,41.72,37.52,35.08,35.08,36.59,14.87
2022-11-14 17:00:00,57.81,58.88,57.49,58.09,50.42,57.98,55.01,59.31,57.64,59.25,59.14,59.2,58.99,57.96,55.67
2022-11-14 18:00:00,55.56,56.4,55.5,55.85,52.59,54.53,55.21,57.15,54.08,56.61,56.47,56.86,56.88,54.19,56.84
2022-11-14 19:00:00,47.93,48.67,48.08,47.99,46.78,46.75,48.89,49.81,47.56,48.87,49.19,48.98,48.86,45.32,51.96
2022-11-14 20:00:00,46.6,47.29,46.79,46.53,46.38,45.75,47.6,48.08,46.74,47.46,47.7,47.48,47.41,44.43,50.7
2022-11-14 21:00:00,43.03,43.92,43.35,42.69,43.12,42.65,44.12,43.9,43.9,44.19,43.78,43.79,43.76,41.43,46.95
2022-11-14 22:00:00,39.86,40.22,39.91,39.95,39.81,39.12,40.36,39.92,40.15,40.56,39.89,40.0,39.97,38.17,42.59
2022-11-14 23:00:00,37.78,38.33,37.87,37.95,37.69,36.55,38.64,37.9,38.2,38.8,37.9,37.98,37.96,35.05,41.98
2022-11-15 00:00:00,39.0,39.23,39.02,39.59,39.9,36.44,40.83,39.76,40.44,39.22,39.81,39.76,39.69,32.53,46.15
2022-11-15 01:00:00,36.02,36.28,36.02,36.97,37.55,32.13,38.7,37.11,38.31,36.29,37.31,37.07,37.1,26.11,45.46
2022-11-15 02:00:00,36.64,37.12,36.6,37.88,38.41,31.75,39.63,38.24,38.78,37.12,38.29,37.99,38.04,24.95,46.44
2022-11-15 03:00:00,38.38,39.09,38.31,39.87,40.07,32.55,41.72,40.54,40.53,39.08,40.48,40.0,40.05,25.09,48.35
2022-11-15 04:00:00,42.4,43.08,42.26,44.11,44.06,36.07,45.76,44.99,46.07,43.37,44.97,44.34,44.24,27.13,50.94
2022-11-15 05:00:00,48.04,48.61,47.95,49.68,49.51,41.66,51.86,50.27,52.73,49.18,50.53,50.0,49.83,31.65,58.34
2022-11-15 06:00:00,106.4,107.3,106.0,109.52,109.66,95.42,111.77,117.17,106.01,108.69,114.16,110.57,109.7,81.73,119.18
2022-11-15 07:00:00,92.05,93.16,91.78,94.76,94.91,82.07,97.13,104.56,89.41,93.86,100.81,96.26,96.19,70.46,104.23
2022-11-15 08:00:00,50.63,52.22,50.85,51.32,53.27,46.44,53.42,57.63,49.99,53.45,55.56,53.27,53.38,42.18,56.27
2022-11-15 09:00:00,44.47,45.54,44.42,45.32,46.03,41.02,45.78,49.11,42.28,46.62,47.51,46.43,45.76,38.48,45.91
2022-11-15 10:00:00,44.08,46.19,44.2,44.66,45.56,40.69,45.25,49.49,38.74,47.24,47.72,46.16,46.0,39.7,45.23
2022-11-15 11:00:00,41.39,42.43,41.42,41.75,42.09,39.6,41.9,43.86,38.2,43.25,43.04,42.52,41.99,39.29,41.89
2022-11-15 12:00:00,38.79,39.51,38.94,38.65,39.11,38.52,39.08,39.76,38.11,40.26,39.44,39.26,39.28,38.44,39.11
2022-11-15 13:00:00,37.94,38.53,38.09,37.74,38.09,37.99,38.09,38.2,37.88,39.27,38.23,38.16,38.23,38.02,38.14
2022-11-15 14:00:00,38.14,38.81,38.31,37.88,38.34,38.24,38.32,38.34,38.18,39.54,38.34,38.41,38.47,38.25,38.43
2022-11-15 15:00:00,39.78,40.28,39.89,39.6,39.88,39.81,39.88,39.96,39.73,40.93,39.97,39.95,40.01,39.83,39.96
2022-11-15 16:00:00,50.71,51.35,50.88,50.47,51.04,50.69,51.02,51.42,50.46,51.79,51.23,51.13,51.19,50.63,51.13
2022-11-15 17:00:00,214.61,215.97,215.21,213.8,214.89,214.72,216.33,217.91,213.85,216.24,217.09,216.13,216.26,214.36,219.46
2022-11-15 18:00:00,135.42,136.55,136.01,134.63,135.07,135.53,137.32,138.28,135.13,136.97,137.52,136.65,136.81,134.94,142.33
2022-11-15 19:00:00,81.58,83.57,82.81,79.63,82.17,83.13,84.91,84.49,82.88,83.77,84.17,83.51,83.63,82.93,91.43
2022-11-15 20:00:00,65.42,66.5,66.08,64.48,65.61,65.73,67.6,67.27,65.43,67.03,66.9,66.37,66.59,65.52,74.48
2022-11-15 21:00:00,58.37,59.72,59.09,57.38,59.23,58.62,60.64,60.84,58.1,60.05,60.31,59.04,60.85,58.33,67.52
2022-11-15 22:00:00,57.58,57.64,57.8,57.32,57.48,57.51,58.75,57.57,57.82,57.91,57.59,57.65,57.57,57.22,64.76
2022-11-15 23:00:00,53.93,53.95,54.14,53.77,54.59,53.58,55.25,53.91,54.06,54.16,53.98,54.04,53.81,53.22,62.0
2022-11-16 00:00:00,53.76,53.63,53.95,53.58,54.14,53.38,55.23,53.77,53.78,53.78,53.77,53.94,53.77,53.28,61.52
2022-11-16 01:00:00,51.18,51.11,51.4,50.96,51.39,50.84,52.71,51.22,51.32,51.31,51.25,51.22,51.38,50.73,59.52
2022-11-16 02:00:00,50.34,50.21,50.54,50.24,50.79,49.6,52.13,50.44,50.7,50.38,50.51,50.43,50.55,49.0,58.79
2022-11-16 03:00:00,50.89,50.78,51.11,50.95,51.67,49.47,53.23,51.32,51.97,50.99,51.47,51.21,51.41,47.84,60.57
2022-11-16 04:00:00,48.89,48.74,49.03,49.29,50.18,46.57,51.53,50.63,49.16,49.13,50.39,49.73,49.6,44.41,59.08
2022-11-16 05:00:00,56.71,56.47,56.84,57.38,57.61,53.14,60.37,60.48,55.38,57.0,59.43,57.98,57.49,50.62,70.86
2022-11-16 06:00:00,145.29,145.15,144.29,150.04,148.37,130.8,151.18,169.01,138.55,145.51,160.68,151.53,149.78,124.8,159.34
2022-11-16 07:00:00,116.28,116.81,115.51,120.26,117.54,103.31,121.67,136.5,112.13,117.17,129.59,123.34,121.31,94.89,129.53
2022-11-16 08:00:00,76.92,77.01,76.28,79.83,79.74,68.03,80.24,89.63,73.85,77.71,84.91,81.33,80.24,62.34,82.62
2022-11-16 09:00:00,63.68,63.96,63.32,65.34,65.7,58.53,65.46,71.2,62.17,64.38,68.63,66.51,65.5,55.66,66.0
2022-11-16 10:00:00,57.71,58.15,57.56,58.64,59.07,54.52,58.93,61.86,57.0,58.55,60.74,59.65,58.84,53.47,59.21
2022-11-16 11:00:00,51.64,52.32,51.56,52.25,52.34,49.41,52.26,54.05,51.09,52.62,53.44,52.68,52.67,50.1,52.52
2022-11-16 12:00:00,44.94,45.47,44.89,45.46,45.6,43.04,45.57,46.96,44.88,45.91,46.6,45.86,45.88,44.34,45.79
2022-11-16 13:00:00,41.63,42.17,41.57,42.16,42.3,39.67,42.26,43.62,41.47,42.45,43.24,42.53,42.55,41.07,42.51
2022-11-16 14:00:00,39.03,39.51,38.93,39.67,39.74,36.84,39.71,41.48,38.7,39.68,40.93,40.02,40.03,37.22,39.85
2022-11-16 15:00:00,38.44,39.06,38.29,39.32,39.41,35.52,39.26,41.46,37.42,39.23,40.79,39.67,39.68,35.3,39.56
2022-11-16 16:00:00,50.66,51.21,50.45,51.7,51.78,47.35,51.55,54.42,49.31,51.39,53.39,52.16,52.1,46.96,52.09
2022-11-16 17:00:00,110.35,111.0,109.95,112.47,110.8,103.52,112.82,120.02,104.02,111.05,117.01,113.47,112.89,102.29,117.7
2022-11-16 18:00:00,107.25,108.21,107.2,108.39,106.93,102.72,109.47,114.06,103.23,108.3,111.85,109.89,109.4,102.16,116.1
2022-11-16 19:00:00,93.58,94.69,93.88,93.77,92.91,91.23,95.81,97.83,91.97,94.79,96.86,95.27,95.41,91.6,103.76
2022-11-16 20:00:00,77.45,78.48,77.79,77.48,76.89,75.5,79.71,81.17,76.39,78.57,80.35,78.99,79.19,75.32,86.71
2022-11-16 21:00:00,63.59,64.33,63.99,63.46,63.91,62.13,66.02,65.95,62.68,64.44,65.51,64.65,64.93,62.47,73.28
2022-11-16 22:00:00,57.47,57.43,57.72,57.38,57.09,56.69,59.38,58.05,57.26,57.56,58.03,57.9,57.78,57.05,66.88
2022-11-16 23:00:00,49.37,49.21,49.67,49.19,49.28,48.74,51.55,49.19,49.18,49.35,49.31,49.53,49.49,49.31,59.55
2022-11-17 00:00:00,49.69,50.01,50.14,49.46,45.88,48.37,52.7,51.9,48.52,50.18,51.47,49.96,50.05,47.97,61.89
2022-11-17 01:00:00,47.54,47.83,47.98,47.33,42.82,46.17,50.6,49.62,46.92,48.0,49.32,47.75,47.82,45.49,59.99
2022-11-17 02:00:00,45.34,45.59,45.82,45.18,40.01,43.59,48.9,47.94,44.48,45.94,47.5,45.58,45.64,42.42,59.71
2022-11-17 03:00:00,44.93,45.35,45.53,44.66,32.53,42.96,49.16,48.74,43.49,45.52,47.97,45.02,44.99,41.71,60.98
2022-11-17 04:00:00,47.14,47.81,47.82,46.8,30.35,44.98,51.66,52.62,44.61,48.31,51.34,47.6,47.23,44.11,64.17
2022-11-17 05:00:00,52.27,52.82,52.98,52.02,33.82,49.64,57.46,61.63,47.71,53.38,58.7,53.36,52.7,49.99,72.35
2022-11-17 06:00:00,99.98,101.27,99.89,102.66,78.36,89.11,106.52,127.91,77.05,102.08,116.98,104.76,104.25,89.8,119.07
2022-11-17 07:00:00,68.6,69.23,68.95,70.13,42.82,60.49,75.95,91.24,54.75,69.97,81.78,73.13,71.53,63.22,87.47
2022-11-17 08:00:00,48.89,50.68,49.18,49.57,33.67,44.36,52.11,60.31,39.69,52.02,56.83,51.39,50.77,45.57,57.09
2022-11-17 09:00:00,47.77,49.18,47.65,48.83,42.95,43.72,48.85,55.28,40.29,50.23,53.35,50.33,49.5,44.65,49.41
2022-11-17 10:00:00,40.27,41.22,40.2,40.88,36.41,37.89,40.83,45.77,35.53,42.54,43.75,41.89,41.68,38.77,41.09
2022-11-17 11:00:00,37.52,38.72,37.52,37.91,30.01,35.67,37.78,41.07,34.1,40.01,39.75,38.63,38.45,36.32,37.92
2022-11-17 12:00:00,34.05,34.9,34.08,34.14,27.28,33.36,33.91,35.82,32.73,35.95,35.16,34.74,34.57,33.75,34.11
2022-11-17 13:00:00,32.98,33.62,32.98,33.12,30.15,32.22,32.97,34.95,31.4,34.5,34.19,33.59,33.5,32.49,33.16
2022-11-17 14:00:00,33.14,33.89,33.2,33.19,32.96,32.49,33.22,34.6,31.9,34.72,34.0,33.59,33.56,32.72,33.35
2022-11-17 15:00:00,33.75,34.23,33.77,33.89,34.11,32.98,33.98,35.67,32.16,34.92,34.86,34.31,34.27,33.16,34.16
2022-11-17 16:00:00,41.98,42.53,42.1,42.0,42.78,41.22,42.66,45.2,39.73,43.13,44.15,43.14,43.06,41.27,42.73
2022-11-17 17:00:00,101.41,101.85,101.5,102.03,100.57,98.4,103.71,109.92,94.85,102.14,106.65,103.56,103.45,99.07,106.97
2022-11-17 18:00:00,69.1,69.2,69.22,69.75,64.11,65.85,72.07,78.97,63.22,69.62,74.32,71.26,71.15,66.69,75.3
2022-11-17 19:00:00,49.29,50.43,50.19,47.82,39.15,50.57,51.94,53.41,50.62,50.86,52.7,49.82,49.85,51.24,55.98
2022-11-17 20:00:00,46.0,47.2,46.94,44.42,26.47,47.52,48.63,50.1,47.47,47.7,49.49,45.93,45.88,47.9,53.73
2022-11-17 21:00:00,43.33,44.61,44.32,41.6,21.01,45.13,45.96,46.04,45.08,45.08,46.68,43.1,42.99,45.41,51.33
2022-11-17 22:00:00,41.11,41.64,41.75,39.99,16.16,42.35,43.04,42.38,42.57,42.13,42.29,40.24,40.43,42.26,47.92
2022-11-17 23:00:00,36.72,37.16,37.27,35.79,15.27,37.74,38.4,37.76,37.9,37.68,37.67,36.02,35.95,37.65,42.72
2022-11-18 00:00:00,33.86,34.41,35.14,31.95,-3.67,35.61,38.58,35.36,35.76,34.58,35.54,31.95,31.61,36.02,47.89
2022-11-18 01:00:00,33.16,33.68,34.28,31.48,0.2,34.75,37.2,34.51,34.87,33.88,34.7,31.5,31.19,35.22,45.29
2022-11-18 02:00:00,33.75,34.26,34.84,32.11,1.43,35.28,37.73,35.05,35.38,34.54,35.25,32.13,31.85,35.74,45.54
2022-11-18 03:00:00,36.09,36.6,37.14,34.49,5.46,37.61,39.87,37.36,37.71,36.92,37.63,34.53,34.29,38.12,47.48
2022-11-18 04:00:00,40.3,40.77,41.21,38.91,15.45,41.59,43.56,41.37,41.65,41.11,41.7,39.05,38.86,42.17,50.63
2022-11-18 05:00:00,50.29,50.83,51.24,48.86,26.19,51.56,53.73,51.48,51.72,51.23,51.95,49.37,49.23,51.97,60.61
2022-11-18 06:00:00,71.94,73.64,73.24,70.06,53.35,73.15,76.13,75.52,72.51,74.2,75.2,72.37,72.23,73.38,82.74
2022-11-18 07:00:00,63.52,66.31,65.31,60.85,49.11,65.45,68.63,69.37,63.88,66.93,68.74,65.74,65.52,66.05,74.2
2022-11-18 08:00:00,52.85,53.92,53.34,52.24,48.63,52.79,54.43,54.77,52.54,54.54,54.72,53.74,53.64,53.06,55.96
2022-11-18 09:00:00,52.68,54.0,52.99,52.41,52.1,52.01,53.55,54.62,51.33,54.8,54.21,53.91,53.7,52.23,53.84
2022-11-18 10:00:00,48.23,49.39,48.51,47.97,48.94,47.77,48.91,49.79,47.26,50.06,49.5,49.47,49.23,48.14,48.95
2022-11-18 11:00:00,42.74,43.88,43.02,42.5,43.52,42.21,43.47,44.35,41.84,44.42,44.03,43.96,43.76,42.49,43.48
2022-11-18 12:00:00,38.11,39.01,38.39,37.75,38.81,38.06,38.73,39.42,37.49,39.5,39.33,39.1,38.93,38.59,38.75
2022-11-18 13:00:00,36.11,37.15,36.39,35.8,36.87,35.82,36.8,37.23,35.7,37.58,37.21,37.14,36.96,36.29,36.83
2022-11-18 14:00:00,36.03,37.02,36.23,36.01,37.02,35.0,36.91,38.1,35.01,37.18,37.64,37.36,37.16,35.01,36.94
2022-11-18 15:00:00,37.74,38.67,37.86,37.98,38.88,36.02,38.77,40.58,36.83,38.88,39.93,39.21,39.04,35.08,38.8
2022-11-18 16:00:00,43.26,44.19,43.34,43.71,44.71,40.92,44.55,46.8,42.78,44.49,45.99,44.96,44.85,38.92,44.76
2022-11-18 17:00:00,75.62,76.66,75.49,77.41,78.61,68.96,78.95,85.96,71.52,76.83,83.13,79.28,79.16,64.36,80.25
2022-11-18 18:00:00,62.31,65.12,63.05,62.7,67.23,56.91,67.48,73.91,58.25,65.3,71.26,67.59,67.49,53.2,69.3
2022-11-18 19:00:00,56.06,58.13,56.6,56.62,60.26,51.1,60.56,64.89,54.03,58.2,63.23,60.28,60.21,47.4,63.66
2022-11-18 20:00:00,55.1,57.17,55.8,55.04,58.85,51.75,59.26,61.09,54.48,57.3,60.3,58.63,58.67,48.92,62.36
2022-11-18 21:00:00,56.44,57.5,56.7,56.96,59.02,52.85,59.48,60.99,55.24,57.65,60.39,58.87,58.95,50.29,62.1
2022-11-18 22:00:00,55.25,55.07,55.17,56.06,56.55,52.41,57.16,56.81,54.89,55.2,56.9,56.57,56.41,50.2,59.49
2022-11-18 23:00:00,53.37,53.21,53.35,54.0,54.56,50.93,55.26,54.23,53.45,53.35,54.52,54.45,54.34,48.96,57.96
2022-11-19 00:00:00,49.47,49.26,49.38,50.87,52.3,44.29,53.09,52.76,48.18,49.34,52.12,51.87,51.13,39.6,60.31
2022-11-19 01:00:00,48.23,48.08,48.15,49.62,51.0,43.02,51.88,51.32,47.76,48.19,50.98,50.59,49.91,38.07,58.96
2022-11-19 02:00:00,47.08,46.87,47.07,48.29,49.75,42.18,50.96,49.5,47.48,47.0,49.6,49.29,48.69,37.21,59.84
2022-11-19 03:00:00,46.29,46.32,46.28,47.88,49.81,39.87,51.04,49.62,45.69,46.63,49.38,48.66,48.16,33.88,61.82
2022-11-19 04:00:00,48.07,47.94,48.06,50.0,52.56,40.33,53.95,53.51,45.32,48.22,52.45,51.5,49.9,34.07,65.51
2022-11-19 05:00:00,52.29,52.38,52.14,54.54,56.47,43.77,57.89,59.41,49.57,52.78,57.9,56.68,54.17,36.44,65.89
2022-11-19 06:00:00,57.75,57.59,57.4,60.84,62.78,46.89,64.3,71.15,53.56,57.78,67.19,63.72,62.03,37.96,71.19
2022-11-19 07:00:00,61.91,61.25,61.81,64.8,69.05,50.72,70.45,74.5,57.53,61.43,71.32,71.05,63.82,41.76,77.16
2022-11-19 08:00:00,65.15,64.2,64.66,69.03,72.58,51.84,73.58,80.09,59.51,64.56,74.55,73.43,69.52,43.2,81.69
2022-11-19 09:00:00,67.82,67.47,67.19,71.96,75.38,54.13,75.18,83.0,61.68,67.83,78.39,76.04,71.86,43.27,80.21
2022-11-19 10:00:00,57.71,57.43,57.37,60.93,65.46,46.39,64.71,70.69,53.66,57.73,67.52,66.5,59.92,36.3,68.38
2022-11-19 11:00:00,55.44,55.78,54.92,58.63,60.43,45.02,60.23,66.4,51.78,56.38,63.84,60.35,59.19,35.4,62.31
2022-11-19 12:00:00,50.45,50.78,49.93,53.4,54.77,40.93,54.62,61.15,47.44,51.13,58.57,54.9,54.26,31.13,55.7
2022-11-19 13:00:00,47.44,47.72,46.9,50.35,51.33,38.16,51.37,57.87,44.48,48.02,55.25,51.45,51.25,28.33,52.29
2022-11-19 14:00:00,45.54,46.06,45.15,48.14,49.57,36.77,49.63,55.67,42.96,46.26,53.19,49.64,49.41,27.82,50.57
2022-11-19 15:00:00,50.09,50.35,49.55,53.06,54.13,40.63,54.15,60.19,47.81,50.5,57.7,54.1,53.89,30.38,55.24
2022-11-19 16:00:00,62.51,63.01,61.78,66.59,67.52,49.36,68.15,78.4,56.42,63.18,74.03,68.28,67.54,36.89,70.56
2022-11-19 17:00:00,132.11,134.13,132.15,136.22,142.11,114.78,143.45,159.73,125.11,134.27,151.76,142.67,142.86,98.32,148.47
2022-11-19 18:00:00,128.43,130.77,128.71,132.01,138.36,111.98,140.08,153.64,120.21,130.93,147.49,138.43,138.62,96.56,148.43
2022-11-19 19:00:00,103.42,105.52,103.62,107.3,113.13,86.13,115.52,128.18,92.43,105.55,121.73,112.09,114.81,73.74,126.32
2022-11-19 20:00:00,102.84,104.76,103.46,105.43,111.75,88.76,114.91,122.21,97.21,104.9,117.42,110.77,111.89,77.45,128.8
2022-11-19 21:00:00,75.76,76.59,75.85,78.48,81.37,64.0,84.34,89.32,66.78,76.6,85.56,80.73,82.2,57.81,97.09
2022-11-19 22:00:00,58.04,57.86,58.02,60.43,61.84,48.36,65.45,66.25,53.31,57.89,64.07,60.89,61.04,41.87,80.4
2022-11-19 23:00:00,56.99,56.96,57.16,58.76,60.7,48.85,64.05,62.31,53.2,57.02,61.08,59.23,59.31,44.92,79.05
2022-11-20 00:00:00,57.22,56.29,57.47,60.03,63.76,45.55,67.99,63.89,52.93,56.13,62.49,60.57,60.84,38.31,88.99
2022-11-20 01:00:00,54.6,53.87,54.71,57.38,60.35,43.61,63.98,61.41,50.67,53.86,60.21,57.88,58.15,37.03,82.33
2022-11-20 02:00:00,54.64,53.86,54.86,57.38,60.21,43.37,64.83,61.91,50.99,53.86,60.7,57.85,58.12,36.16,84.53
2022-11-20 03:00:00,52.14,51.51,52.4,54.73,57.4,41.21,62.18,58.32,48.88,51.52,57.5,55.21,55.47,34.26,80.95
2022-11-20 04:00:00,54.09,53.49,54.13,57.15,59.58,42.29,63.61,62.03,50.14,53.5,60.61,57.66,57.93,34.43,80.11
2022-11-20 05:00:00,55.45,55.1,55.37,58.61,59.89,43.82,63.95,64.85,51.6,55.19,63.14,59.19,59.51,35.62,79.95
2022-11-20 06:00:00,68.62,66.87,67.79,74.55,75.72,50.0,79.72,93.3,59.71,66.63,83.81,76.06,77.11,40.99,95.73
2022-11-20 07:00:00,77.36,75.42,76.3,83.94,83.91,57.14,88.68,106.24,67.41,75.37,94.92,85.6,86.67,49.23,98.38
2022-11-20 08:00:00,73.58,71.44,72.06,80.31,80.32,54.55,81.96,102.56,63.7,71.55,91.59,81.86,82.62,49.08,85.73
2022-11-20 09:00:00,72.58,71.51,71.53,77.02,77.32,60.15,77.44,91.62,66.87,71.49,83.42,78.17,78.28,54.4,79.65
2022-11-20 10:00:00,56.41,56.63,55.98,58.61,59.02,49.69,58.98,65.36,54.85,56.68,62.31,59.38,59.47,45.55,59.89
2022-11-20 11:00:00,48.09,48.58,47.87,49.49,49.92,43.52,49.87,52.88,49.7,48.69,51.89,50.09,50.17,39.08,50.31
2022-11-20 12:00:00,44.97,45.44,44.79,46.21,46.53,40.83,46.67,49.31,46.58,45.54,48.42,46.82,46.9,37.28,47.11
2022-11-20 13:00:00,43.32,43.7,43.08,44.71,44.99,38.88,45.04,47.83,44.96,43.79,46.91,45.18,45.26,35.06,45.51
2022-11-20 14:00:00,44.31,44.7,44.06,45.69,45.93,39.96,45.91,48.8,45.44,44.74,47.82,46.11,46.21,36.34,46.38
2022-11-20 15:00:00,45.13,45.4,44.84,46.69,47.05,40.26,47.02,50.19,46.87,45.4,49.1,47.13,47.22,35.87,47.62
2022-11-20 16:00:00,52.99,53.37,52.72,54.67,55.17,47.52,55.32,60.1,52.36,53.37,58.33,55.4,55.64,43.11,57.3
2022-11-20 17:00:00,79.39,79.48,79.08,81.99,80.15,70.68,84.15,92.49,76.27,79.51,88.43,83.11,83.25,65.08,89.71
2022-11-20 18:00:00,69.52,69.46,69.62,71.17,67.59,62.72,75.12,80.74,66.91,69.49,77.07,72.52,72.72,59.18,82.69
2022-11-20 19:00:00,61.2,61.22,61.64,62.09,53.73,55.91,67.35,70.08,59.34,61.25,67.38,63.17,65.05,53.88,76.24
2022-11-20 20:00:00,55.82,56.4,56.52,55.71,41.85,53.14,60.85,61.17,55.55,56.52,60.08,56.62,57.83,51.93,68.95
2022-11-20 21:00:00,52.41,52.94,53.15,51.96,38.54,51.0,56.68,56.03,52.53,53.04,55.35,52.71,53.96,51.05,65.25
2022-11-20 22:00:00,52.87,53.31,53.46,52.53,39.94,51.64,56.38,55.69,51.8,53.38,55.12,52.85,52.9,52.22,64.17
2022-11-20 23:00:00,47.31,47.56,48.02,46.72,33.43,46.57,51.21,49.29,47.49,47.69,49.1,47.0,46.94,46.9,59.8
2022-11-21 00:00:00,45.71,45.92,46.13,45.41,41.11,45.06,48.15,46.32,46.28,46.11,46.64,45.75,45.89,46.5,56.03
2022-11-21 01:00:00,45.99,46.13,46.35,45.84,42.05,44.99,48.42,46.73,46.66,46.3,47.08,46.16,46.31,45.99,56.6
2022-11-21 02:00:00,44.81,44.92,45.18,44.84,41.25,43.15,47.82,45.99,45.65,45.06,46.29,45.18,45.35,43.62,56.34
2022-11-21 03:00:00,46.14,46.17,46.56,46.31,43.68,43.71,50.03,47.39,47.25,46.42,47.9,46.68,46.86,43.4,61.4
2022-11-21 04:00:00,49.75,49.81,50.1,50.14,48.24,46.73,53.73,51.52,50.18,50.14,51.9,50.67,50.96,46.67,66.09
2022-11-21 05:00:00,55.22,55.18,55.83,55.48,54.91,51.41,61.24,55.68,54.71,55.59,56.91,56.81,56.72,51.43,76.43
2022-11-21 06:00:00,83.51,83.67,83.97,84.89,84.73,76.0,91.32,95.17,80.61,83.77,91.39,87.37,89.12,75.25,103.32
2022-11-21 07:00:00,85.64,84.18,85.61,88.11,90.48,76.44,93.71,98.5,80.61,84.28,93.39,93.67,88.03,76.59,102.5
2022-11-21 08:00:00,68.34,68.68,68.28,69.97,71.8,62.22,72.25,75.76,65.63,68.99,72.75,71.81,71.77,60.85,77.13
2022-11-21 09:00:00,57.56,58.32,57.56,58.21,59.04,54.87,58.86,61.27,55.57,58.73,60.19,59.62,59.51,56.09,59.23
2022-11-21 10:00:00,56.86,57.46,56.87,57.38,57.95,54.69,57.93,59.97,56.05,57.69,59.23,58.29,58.73,56.21,58.6
2022-11-21 11:00:00,55.81,56.39,55.76,56.49,56.95,53.24,56.92,59.29,55.37,56.73,58.34,57.27,57.62,54.48,57.47
2022-11-21 12:00:00,49.82,50.34,49.87,50.08,50.49,48.53,50.54,51.07,50.16,50.61,51.0,50.73,51.13,51.3,51.1
2022-11-21 13:00:00,47.72,48.33,47.8,47.9,48.42,46.52,48.45,49.01,48.14,48.54,48.97,48.46,48.47,49.38,48.86
2022-11-21 14:00:00,43.53,44.02,43.58,43.74,44.22,42.34,44.21,44.63,43.86,44.18,44.63,44.35,44.61,45.83,44.48
2022-11-21 15:00:00,43.09,43.62,43.19,43.21,43.83,42.11,43.81,44.01,43.5,43.75,44.11,43.92,44.18,45.83,44.22
2022-11-21 16:00:00,58.24,58.73,58.26,58.87,59.72,55.64,59.78,60.93,57.31,58.83,60.38,59.76,60.11,57.94,61.02
2022-11-21 17:00:00,120.86,118.85,119.89,125.31,126.15,108.38,127.02,141.06,112.77,118.95,135.23,126.95,127.35,114.46,136.93
2022-11-21 18:00:00,86.07,84.25,85.42,89.73,90.64,75.17,92.52,103.4,78.92,84.4,98.41,91.68,92.63,81.33,104.94
2022-11-21 19:00:00,63.69,62.81,63.48,65.48,66.08,57.9,67.74,73.44,60.35,62.89,71.01,67.19,69.36,63.81,76.9
2022-11-21 20:00:00,56.67,56.71,56.94,56.85,57.4,54.86,59.34,59.51,56.56,56.82,59.12,58.25,59.3,58.76,64.2
2022-11-21 21:00:00,53.46,53.6,53.77,53.32,53.18,52.63,55.53,54.4,53.92,53.8,54.72,54.25,54.68,55.27,59.99
2022-11-21 22:00:00,52.29,52.35,52.44,52.22,51.77,51.88,53.31,52.75,52.67,52.54,52.89,52.7,52.91,53.52,57.13
2022-11-21 23:00:00,46.56,46.42,46.67,46.64,46.28,45.84,47.79,47.44,47.16,46.66,47.69,47.08,47.25,47.9,51.45
2022-11-22 00:00:00,36.21,35.92,36.6,36.06,33.87,35.28,39.13,36.97,36.77,35.93,37.24,36.4,36.51,37.34,44.1
2022-11-22 01:00:00,35.04,34.62,35.48,34.86,32.2,33.99,38.45,35.92,35.65,34.68,36.26,35.18,35.29,36.2,44.02
2022-11-22 02:00:00,35.31,34.8,35.75,35.19,31.82,34.02,39.0,36.45,36.05,34.82,36.9,35.51,35.63,36.6,44.88
2022-11-22 03:00:00,35.6,35.03,36.23,35.31,30.26,34.17,40.42,36.74,36.37,35.1,37.25,35.64,35.75,36.65,47.78
2022-11-22 04:00:00,40.68,39.69,41.42,40.49,32.79,38.56,46.94,42.9,42.09,39.81,43.75,40.91,41.02,42.44,56.19
2022-11-22 05:00:00,47.82,46.51,48.75,47.6,37.72,45.0,55.88,50.82,49.54,46.76,52.04,48.3,48.54,49.71,68.9
2022-11-22 06:00:00,65.09,63.09,65.73,66.29,54.84,58.23,75.31,76.19,62.17,63.49,75.39,67.82,68.23,66.66,90.31
2022-11-22 07:00:00,66.5,64.46,66.75,68.25,57.05,59.23,75.06,79.57,62.73,64.72,78.12,70.02,70.43,67.62,87.81
2022-11-22 08:00:00,51.95,50.96,51.96,53.01,47.12,48.09,55.76,59.43,51.36,51.36,58.96,54.6,54.52,53.88,59.76
2022-11-22 09:00:00,48.72,48.07,48.53,49.72,48.3,45.66,50.68,53.42,48.85,48.41,55.36,51.0,50.95,51.15,51.19
2022-11-22 10:00:00,46.53,45.82,46.36,47.38,48.07,44.1,48.14,50.12,47.34,46.25,51.74,48.29,48.0,48.86,48.37
2022-11-22 11:00:00,43.74,42.99,43.58,44.5,45.1,41.7,45.15,46.94,44.72,43.27,47.49,45.27,44.83,45.45,45.31
2022-11-22 12:00:00,39.0,38.54,38.94,39.43,39.96,37.75,40.03,41.2,40.16,38.8,41.74,39.92,39.79,40.45,40.16
2022-11-22 13:00:00,37.6,37.48,37.57,37.93,38.37,36.45,38.44,39.55,38.66,37.68,40.05,38.3,38.18,39.01,38.53
2022-11-22 14:00:00,36.46,36.56,36.48,36.69,37.16,35.44,37.22,38.29,37.48,36.74,38.76,37.09,36.98,37.85,37.28
2022-11-22 15:00:00,36.83,36.49,36.8,37.18,37.77,35.72,37.81,38.81,37.91,36.65,39.26,37.71,37.58,38.35,37.91
2022-11-22 16:00:00,45.24,44.62,45.2,45.73,46.54,43.7,46.75,48.12,46.74,44.79,48.77,46.47,46.33,47.01,46.96
2022-11-22 17:00:00,67.91,65.4,67.86,68.82,69.13,65.26,71.95,73.85,71.3,65.6,74.94,69.73,69.44,72.38,75.0
2022-11-22 18:00:00,48.54,46.77,48.7,48.72,48.29,47.63,51.69,52.0,50.89,46.97,52.77,49.95,50.21,51.91,54.74
2022-11-22 19:00:00,45.28,45.06,45.64,45.0,43.19,44.87,47.62,48.67,47.8,45.41,49.4,45.85,45.12,48.21,50.07
2022-11-22 20:00:00,43.42,43.81,43.85,42.99,40.0,43.13,45.46,46.37,45.67,44.03,47.03,43.72,43.17,46.34,47.67
2022-11-22 21:00:00,38.23,38.63,38.72,37.4,34.77,39.27,39.59,40.69,40.94,38.77,42.58,38.13,37.62,42.87,41.65
2022-11-22 22:00:00,35.72,35.42,36.15,34.63,31.57,38.19,36.36,38.93,39.11,35.49,39.51,34.97,39.05,42.54,38.41
2022-11-22 23:00:00,33.77,32.57,33.94,33.35,30.69,35.01,34.82,35.99,35.89,32.68,36.36,33.66,37.38,38.05,36.78
2022-11-23 00:00:00,31.52,34.45,32.18,30.28,26.95,32.74,31.25,31.77,32.5,34.52,32.07,30.33,30.47,33.54,33.01
2022-11-23 01:00:00,30.82,31.6,31.14,30.2,26.76,31.68,31.06,31.05,31.48,31.8,31.26,30.24,30.41,32.47,32.67
2022-11-23 02:00:00,32.1,32.65,32.37,31.63,28.19,32.6,32.61,32.26,32.52,32.68,32.4,31.66,31.82,33.01,35.37
2022-11-23 03:00:00,34.08,33.66,34.29,33.73,31.18,34.69,35.07,34.27,34.55,33.71,34.45,33.75,33.93,35.46,38.27
2022-11-23 04:00:00,36.07,35.45,36.31,35.61,32.46,36.96,37.23,36.35,36.76,35.71,36.61,35.66,35.82,38.06,40.92
2022-11-23 05:00:00,43.36,42.44,43.77,42.54,38.86,45.03,45.06,43.83,44.59,42.81,44.3,42.57,42.71,47.13,50.46
2022-11-23 06:00:00,56.66,56.47,57.0,56.11,50.88,57.43,57.99,56.99,57.34,56.69,57.28,56.28,56.28,58.08,62.49
2022-11-23 07:00:00,55.53,55.52,55.89,54.9,47.99,56.44,56.71,56.03,56.42,55.83,56.32,55.14,55.02,57.08,60.13
2022-11-23 08:00:00,48.62,48.7,48.76,48.34,44.23,49.12,48.9,48.86,49.16,49.22,49.34,48.55,48.54,49.58,49.62
2022-11-23 09:00:00,47.08,48.0,47.29,46.61,45.24,47.75,46.79,47.21,47.7,48.55,47.83,46.77,46.83,48.39,46.82
2022-11-23 10:00:00,40.92,43.65,41.38,40.0,38.89,41.78,40.08,40.97,41.64,44.01,41.66,40.13,40.23,42.52,40.09
2022-11-23 11:00:00,42.46,46.93,43.13,40.98,38.93,44.16,40.43,43.06,44.09,47.14,43.79,41.06,41.12,44.91,40.33
2022-11-23 12:00:00,37.95,40.81,37.79,37.06,27.72,41.23,32.07,39.9,41.53,41.01,40.36,37.09,37.19,42.16,31.55
2022-11-23 13:00:00,35.01,39.01,35.02,33.87,19.59,38.32,28.87,36.91,38.58,39.13,37.5,33.89,33.99,39.15,28.25
2022-11-23 14:00:00,34.44,39.09,34.58,32.98,12.43,38.28,27.98,36.83,38.74,39.18,37.51,32.99,32.99,39.07,27.27
2022-11-23 15:00:00,33.54,37.99,33.54,32.26,8.5,37.26,26.65,35.9,37.79,38.13,36.45,32.26,32.29,37.84,25.82
2022-11-23 16:00:00,37.72,41.07,37.61,36.84,15.98,40.71,31.84,39.46,41.09,41.08,40.02,36.88,36.91,41.32,31.31
2022-11-23 17:00:00,57.94,58.84,57.47,57.91,34.14,59.83,53.28,58.89,59.78,58.89,59.33,58.02,57.95,60.83,54.02
2022-11-23 18:00:00,40.65,41.65,39.7,40.86,9.48,43.63,32.67,42.33,43.61,41.74,42.77,41.03,41.91,44.77,33.59
2022-11-23 19:00:00,39.88,41.82,37.95,40.8,3.93,44.03,25.14,42.65,44.08,41.84,43.1,40.89,42.15,45.08,26.86
2022-11-23 20:00:00,37.23,40.18,34.54,38.96,2.09,41.19,17.85,40.19,41.23,40.22,40.53,38.97,40.42,41.93,19.39
2022-11-23 21:00:00,40.03,43.65,36.44,42.59,4.81,44.47,15.05,43.55,44.38,43.66,43.93,42.5,43.1,44.87,16.46
2022-11-23 22:00:00,35.5,37.32,34.16,36.05,13.29,38.62,24.64,37.17,39.16,37.38,37.78,36.1,37.94,39.43,26.2
2022-11-23 23:00:00,32.0,32.86,31.4,31.95,16.77,34.49,26.32,33.45,35.05,32.91,33.71,31.99,32.81,35.16,27.86
2022-11-24 00:00:00,33.6,35.57,33.94,31.44,22.09,40.05,28.69,36.99,42.55,35.68,39.81,31.28,31.16,41.23,30.19
2022-11-24 01:00:00,32.88,34.08,33.15,31.46,20.94,36.85,30.22,35.0,38.52,34.15,36.73,31.36,31.27,37.52,31.73
2022-11-24 02:00:00,34.44,35.14,34.75,33.43,15.43,36.89,33.54,35.74,37.84,35.18,36.83,33.35,33.28,37.32,35.65
2022-11-24 03:00:00,37.66,38.19,38.27,36.35,6.79,40.03,38.5,38.89,41.06,38.23,40.13,36.26,36.16,40.49,44.3
2022-11-24 04:00:00,43.01,43.17,43.84,41.69,-0.54,44.53,45.98,43.84,45.14,43.2,44.61,41.59,41.43,44.86,53.08
2022-11-24 05:00:00,40.11,39.8,41.28,38.69,-4.85,40.77,45.86,40.43,41.0,39.84,40.86,38.59,38.41,41.09,56.39
2022-11-24 06:00:00,42.39,42.38,43.09,41.47,-2.59,43.05,45.44,42.86,43.25,42.4,43.09,41.39,41.47,43.21,51.8
2022-11-24 07:00:00,50.96,50.99,51.59,50.09,3.67,51.65,53.64,51.47,51.84,51.0,51.68,50.02,50.08,51.82,59.91
2022-11-24 08:00:00,44.57,44.57,44.78,44.22,1.54,45.02,45.32,44.87,45.07,44.64,44.96,44.22,44.19,45.23,47.27
2022-11-24 09:00:00,47.39,47.58,47.41,47.21,-1.22,47.94,46.9,47.64,48.02,47.66,47.83,47.23,47.19,48.27,46.95
2022-11-24 10:00:00,53.24,53.8,53.2,52.83,-0.84,54.87,51.27,54.11,55.34,53.97,54.55,52.94,52.79,55.28,51.11
2022-11-24 11:00:00,43.82,44.77,43.82,43.0,-6.15,46.72,40.78,45.39,47.71,44.91,46.1,42.97,42.98,47.2,39.68
2022-11-24 12:00:00,41.97,43.74,41.94,40.52,-5.63,47.26,36.23,44.88,49.16,43.88,46.5,40.47,40.66,48.12,34.06
2022-11-24 13:00:00,39.23,40.87,39.22,37.86,-6.24,44.17,33.96,42.01,45.91,41.02,43.2,37.78,37.95,45.01,31.92
2022-11-24 14:00:00,34.96,37.2,34.82,33.27,-8.32,41.48,27.32,38.7,43.72,37.32,40.41,33.16,33.46,42.7,24.71
2022-11-24 15:00:00,32.63,36.24,32.35,30.0,-8.07,43.05,20.1,38.57,46.55,36.37,41.05,29.84,30.08,44.85,16.47
2022-11-24 16:00:00,41.52,44.92,41.33,38.91,-2.56,51.49,30.0,47.19,54.93,45.05,50.11,38.71,39.22,53.33,26.49
2022-11-24 17:00:00,48.05,50.2,48.03,46.32,3.9,54.28,41.32,51.48,56.47,50.28,53.31,46.32,46.53,55.36,40.88
2022-11-24 18:00:00,45.53,47.29,45.37,44.35,-2.03,50.29,39.53,48.38,52.04,47.35,49.53,44.39,44.57,51.01,39.61
2022-11-24 19:00:00,39.84,41.67,39.58,38.79,-2.67,44.55,33.31,42.94,46.18,41.73,43.88,38.79,39.08,45.26,34.08
2022-11-24 20:00:00,40.04,42.39,39.62,38.78,-1.59,46.07,31.26,43.91,48.11,42.46,45.22,38.68,39.06,46.92,32.16
2022-11-24 21:00:00,38.24,41.13,37.65,36.78,2.21,45.61,27.09,43.05,48.16,41.23,44.87,36.67,37.11,46.68,27.99
2022-11-24 22:00:00,34.8,38.01,34.58,32.48,0.15,43.87,23.97,40.07,47.29,38.13,43.12,32.25,32.14,45.27,24.42
2022-11-24 23:00:00,28.09,30.38,27.66,26.89,-3.27,34.0,19.37,31.68,36.09,30.46,33.37,26.71,26.67,34.73,20.63
2022-11-25 00:00:00,43.63,45.97,43.69,41.6,-2.47,50.57,36.6,47.37,53.34,46.17,51.55,41.41,41.41,52.42,42.61
2022-11-25 01:00:00,30.42,32.46,30.1,29.23,-7.11,35.79,22.93,33.47,37.8,32.64,36.28,29.07,29.12,37.05,28.65
2022-11-25 02:00:00,27.11,28.75,26.65,26.55,-6.45,30.78,20.52,29.32,32.03,28.92,30.6,26.43,26.51,31.48,26.53
2022-11-25 03:00:00,28.41,29.88,28.12,27.74,-5.57,31.83,23.03,30.41,33.05,30.05,31.71,27.63,27.69,32.53,29.14
2022-11-25 04:00:00,26.38,28.18,26.04,25.94,-5.32,29.09,20.94,28.01,30.04,28.67,28.95,25.83,25.91,29.7,27.04
2022-11-25 05:00:00,29.43,30.98,29.05,28.91,-3.6,32.66,23.64,31.4,33.7,31.3,32.43,28.8,28.88,33.3,29.2
2022-11-25 06:00:00,40.5,42.33,39.29,41.14,-0.17,42.7,31.02,42.31,43.06,42.53,42.78,40.99,41.21,42.99,35.96
2022-11-25 07:00:00,42.61,43.78,41.97,42.8,10.96,44.3,36.99,43.94,44.66,43.96,44.48,42.77,42.86,44.69,42.55
2022-11-25 08:00:00,50.32,52.13,49.1,51.0,24.49,52.43,40.84,52.12,52.76,52.54,52.73,50.99,51.11,52.8,44.84
2022-11-25 09:00:00,50.08,51.76,48.88,50.9,28.88,51.53,41.34,51.45,51.81,52.31,51.94,50.92,51.4,51.9,44.37
2022-11-25 10:00:00,54.35,55.94,53.64,54.84,34.44,55.04,48.73,54.86,55.28,56.53,55.27,54.96,55.08,55.34,50.39
2022-11-25 11:00:00,54.3,54.91,53.9,54.63,39.96,54.53,51.54,54.56,54.5,55.11,54.82,54.77,54.73,54.77,53.03
2022-11-25 12:00:00,51.67,52.3,51.55,51.77,41.07,51.62,50.5,51.69,51.61,52.62,51.94,51.86,51.83,51.84,52.15
2022-11-25 13:00:00,51.54,51.86,51.62,51.52,42.72,51.12,51.96,51.46,51.01,52.1,51.69,51.58,51.55,51.31,53.59
2022-11-25 14:00:00,53.2,53.28,53.3,53.14,44.34,52.95,53.83,53.2,52.9,53.41,53.35,53.2,53.16,53.07,56.91
2022-11-25 15:00:00,50.19,50.13,50.31,50.11,45.69,49.96,51.05,50.33,49.86,50.21,50.43,50.15,50.13,50.09,55.05
2022-11-25 16:00:00,53.05,52.98,53.21,52.92,50.27,52.92,54.0,53.1,52.92,52.99,53.24,52.96,52.93,53.04,58.1
2022-11-25 17:00:00,79.67,79.55,79.88,79.57,77.71,79.15,81.27,80.17,79.2,79.54,80.04,79.59,79.56,78.89,87.44
2022-11-25 18:00:00,59.86,59.7,60.12,59.64,58.23,59.61,61.51,59.98,59.77,59.7,60.0,59.68,59.65,59.6,67.14
2022-11-25 19:00:00,58.16,58.0,58.42,58.04,57.18,57.56,60.1,58.64,58.0,58.05,58.5,58.05,58.04,57.14,65.84
2022-11-25 20:00:00,57.75,57.56,57.99,57.85,57.61,56.43,60.11,58.71,57.48,57.55,58.45,57.86,57.84,55.21,66.49
2022-11-25 21:00:00,54.92,54.76,55.16,55.0,54.83,53.63,57.24,55.76,54.1,54.77,55.73,55.01,54.99,52.84,63.79
2022-11-25 22:00:00,54.31,53.97,54.68,54.27,54.62,53.04,57.46,54.29,54.79,54.06,54.51,54.27,54.27,51.66,65.32
2022-11-25 23:00:00,52.8,52.47,53.12,52.91,53.41,51.2,55.88,52.85,53.48,52.56,53.13,52.91,52.91,49.41,63.99
2022-11-26 00:00:00,43.32,42.88,43.55,44.19,45.03,39.31,47.79,44.04,45.74,42.9,44.35,44.18,44.19,34.01,54.9
2022-11-26 01:00:00,41.27,40.6,41.52,42.5,43.99,35.77,47.22,42.08,44.01,40.56,42.51,42.5,42.52,29.33,56.44
2022-11-26 02:00:00,40.8,40.04,41.0,42.63,44.37,33.37,47.94,42.26,44.6,39.98,42.83,42.64,42.65,25.09,58.11
2022-11-26 03:00:00,42.07,41.16,42.26,44.16,46.32,33.78,49.92,43.44,45.73,41.11,44.05,44.17,44.2,24.98,60.46
2022-11-26 04:00:00,44.96,44.1,45.15,47.05,48.73,36.59,52.86,46.65,49.19,44.16,47.2,47.06,47.06,27.37,62.77
2022-11-26 05:00:00,48.51,47.98,48.57,50.44,51.7,41.17,54.71,50.25,52.55,48.15,50.89,50.45,50.45,33.03,61.73
2022-11-26 06:00:00,49.48,48.92,49.46,51.53,53.02,42.2,55.18,51.0,53.22,49.0,51.12,51.53,51.54,34.02,61.18
2022-11-26 07:00:00,57.84,57.43,57.71,59.72,60.69,51.36,62.33,59.71,62.04,57.49,60.0,59.76,59.73,43.24,67.68
2022-11-26 08:00:00,59.68,59.55,59.43,61.42,62.15,54.13,62.62,61.79,64.25,59.83,61.85,61.47,61.44,45.91,65.62
2022-11-26 09:00:00,52.39,52.38,52.12,53.84,54.26,48.01,54.25,54.21,56.13,52.71,54.2,53.87,53.84,41.51,54.96
2022-11-26 10:00:00,45.51,45.5,45.27,46.68,47.05,42.07,46.82,46.88,48.16,45.62,46.83,46.78,46.7,36.84,47.53
2022-11-26 11:00:00,37.82,38.25,37.64,38.82,39.28,34.65,38.86,38.42,38.85,38.44,38.2,38.96,38.88,30.67,39.55
2022-11-26 12:00:00,35.74,36.16,35.42,36.78,36.57,32.97,35.78,35.79,36.3,36.37,35.47,37.16,37.0,29.83,35.89
2022-11-26 13:00:00,33.94,34.03,33.62,34.61,33.89,32.67,33.16,33.8,34.34,34.04,33.57,35.07,34.86,31.33,32.29
2022-11-26 14:00:00,33.58,33.65,33.29,34.0,33.1,33.15,32.34,33.11,33.3,33.64,33.22,34.5,34.27,33.44,31.2
2022-11-26 15:00:00,36.04,36.21,35.81,36.29,35.44,36.01,34.72,35.75,36.19,36.23,35.62,36.67,36.49,36.21,33.83
2022-11-26 16:00:00,50.92,51.15,50.9,50.78,50.41,51.53,50.16,51.2,51.77,51.17,51.29,50.79,50.77,51.81,49.68
2022-11-26 17:00:00,84.62,84.7,84.66,84.51,84.36,84.9,84.54,84.75,85.01,84.74,84.79,84.5,84.5,85.21,84.69
2022-11-26 18:00:00,59.19,59.28,59.25,59.04,58.85,59.52,59.14,59.34,59.64,59.32,59.39,59.04,59.13,59.84,59.69
2022-11-26 19:00:00,48.67,49.06,48.76,48.16,47.44,50.18,47.64,49.37,50.73,49.13,49.73,48.12,48.11,50.76,48.62
2022-11-26 20:00:00,46.09,46.57,46.18,45.55,44.8,47.69,44.89,46.87,48.33,46.69,47.14,45.51,45.5,48.41,46.06
2022-11-26 21:00:00,42.35,42.39,42.41,42.23,42.07,42.57,42.45,42.43,42.65,42.4,42.48,42.22,42.22,42.8,43.77
2022-11-26 22:00:00,33.85,33.83,33.91,33.77,33.24,33.9,34.12,33.86,33.94,33.84,33.87,33.77,33.77,34.05,35.41
2022-11-26 23:00:00,42.87,42.75,43.03,42.74,41.14,42.73,43.91,42.77,42.83,42.75,42.79,42.75,42.74,42.77,45.91
2022-11-27 00:00:00,38.36,37.92,38.6,38.78,32.57,35.81,41.9,39.03,40.42,37.89,39.22,38.79,38.77,31.32,46.83
2022-11-27 01:00:00,36.26,35.82,36.49,36.81,21.09,33.33,39.99,37.17,38.83,35.78,37.38,36.81,36.79,28.22,45.11
2022-11-27 02:00:00,37.7,37.19,37.98,38.25,12.52,34.54,41.94,38.53,40.16,37.16,38.79,38.25,38.22,29.56,47.77
2022-11-27 03:00:00,38.67,38.22,39.01,39.1,5.89,35.74,42.98,39.51,41.24,38.18,39.78,39.09,39.07,30.89,49.51
2022-11-27 04:00:00,39.17,38.89,39.43,39.49,7.02,36.95,42.39,39.89,41.32,38.86,40.12,39.48,39.45,33.06,47.08
2022-11-27 05:00:00,41.45,41.21,41.75,41.54,18.27,39.92,44.33,41.85,42.81,41.2,42.05,41.53,41.5,37.65,48.92
2022-11-27 06:00:00,45.66,45.58,45.82,46.0,33.56,43.75,47.97,46.35,47.37,45.75,46.5,45.99,45.97,40.7,50.98
2022-11-27 07:00:00,49.6,49.53,49.75,49.78,41.88,48.27,51.43,50.04,50.74,49.84,50.13,49.78,49.76,46.41,54.3
2022-11-27 08:00:00,46.16,46.17,46.21,46.16,44.25,45.98,46.55,46.22,46.33,46.37,46.26,46.16,46.15,45.77,47.09
2022-11-27 09:00:00,45.51,45.52,45.52,45.48,45.02,45.54,45.52,45.57,45.53,45.71,45.52,45.49,45.48,45.6,45.57
2022-11-27 10:00:00,48.57,48.6,48.58,48.54,48.54,48.61,48.56,48.59,48.61,48.83,48.59,48.54,48.54,48.75,48.6
2022-11-27 11:00:00,49.01,49.05,49.02,48.98,48.98,49.07,48.99,49.04,49.06,49.29,49.04,48.98,48.98,49.34,49.01
2022-11-27 12:00:00,49.94,49.95,49.94,49.92,49.92,49.96,49.95,49.95,49.95,50.05,49.95,49.92,49.92,49.97,50.0
2022-11-27 13:00:00,49.91,49.91,49.92,49.9,49.9,49.91,49.94,49.92,49.91,49.91,49.91,49.91,49.91,49.92,50.0
2022-11-27 14:00:00,49.55,49.48,49.55,49.54,49.55,49.61,49.56,49.61,49.62,49.48,49.64,49.55,49.55,49.7,49.61
2022-11-27 15:00:00,48.57,48.51,48.56,48.56,48.56,48.62,48.57,48.64,48.62,48.54,48.65,48.56,48.56,49.0,48.62
2022-11-27 16:00:00,51.86,51.75,51.87,51.83,51.83,51.93,51.98,51.93,51.93,51.76,51.99,51.84,51.85,52.46,52.18
2022-11-27 17:00:00,118.01,117.6,118.15,117.86,117.9,118.1,119.04,118.31,118.14,117.6,118.36,117.89,117.9,118.5,121.3
2022-11-27 18:00:00,97.53,97.03,97.91,97.11,95.59,97.61,99.89,97.79,97.67,97.03,97.86,97.26,97.13,98.02,105.89
2022-11-27 19:00:00,65.3,64.66,66.01,64.53,63.16,65.32,69.53,65.35,65.44,64.67,65.49,64.72,64.53,65.76,77.5
2022-11-27 20:00:00,60.2,59.82,60.79,59.62,57.47,59.95,63.79,59.94,59.96,59.83,59.98,59.71,59.63,60.27,72.59
2022-11-27 21:00:00,54.0,53.61,54.76,53.18,47.66,53.95,58.28,53.82,54.03,53.62,53.97,53.22,53.13,54.26,68.89
2022-11-27 22:00:00,51.41,51.24,52.57,49.95,28.49,52.09,56.98,51.83,52.37,51.26,52.04,49.86,49.69,52.29,70.18
2022-11-27 23:00:00,54.39,54.35,55.49,52.94,28.02,55.24,59.43,54.97,55.51,54.38,55.22,52.84,52.64,55.48,71.83
2022-11-28 00:00:00,67.71,67.82,68.5,66.6,22.84,68.59,70.98,68.39,68.85,67.84,68.65,66.51,66.32,68.67,78.03
2022-11-28 01:00:00,52.58,52.63,53.14,51.8,8.43,53.16,54.95,53.02,53.34,52.65,53.21,51.74,51.61,53.25,59.76
2022-11-28 02:00:00,46.71,46.61,47.05,46.31,4.06,46.86,48.42,46.76,46.93,46.62,46.95,46.3,46.25,46.97,52.64
2022-11-28 03:00:00,42.62,42.45,43.0,42.21,3.92,42.62,44.72,42.55,42.69,42.46,42.66,42.2,42.17,42.75,49.42
2022-11-28 04:00:00,43.25,43.18,43.59,42.79,3.6,43.59,44.79,43.34,43.8,43.19,43.49,42.78,42.75,43.8,49.01
2022-11-28 05:00:00,49.72,49.96,49.93,49.03,8.82,51.39,49.33,50.94,51.99,49.98,51.27,49.0,48.96,52.03,52.21
2022-11-28 06:00:00,69.36,69.86,69.42,68.88,9.93,70.86,68.08,70.33,71.44,69.92,70.48,68.84,68.82,71.29,70.58
2022-11-28 07:00:00,54.31,58.0,54.17,50.83,5.11,67.33,40.54,59.3,73.67,58.2,62.34,51.13,50.69,70.09,43.9
2022-11-28 08:00:00,47.02,52.67,44.18,46.66,1.68,58.98,18.39,53.28,63.51,52.92,54.7,47.59,47.08,61.05,18.88
2022-11-28 09:00:00,45.81,52.82,43.1,45.24,0.12,57.61,16.7,55.95,60.71,53.36,58.1,46.25,45.53,59.76,12.27
2022-11-28 10:00:00,39.91,46.8,37.74,38.59,-0.67,52.4,13.18,47.4,57.11,47.26,48.5,39.56,38.85,54.56,8.7
2022-11-28 11:00:00,37.74,44.85,35.99,35.75,-3.28,51.04,12.32,45.61,56.3,45.44,46.62,36.61,35.9,53.88,7.56
2022-11-28 12:00:00,39.3,46.88,36.75,38.01,-4.3,53.08,9.04,47.69,58.29,47.33,48.26,38.73,38.19,55.98,4.5
2022-11-28 13:00:00,36.69,44.45,34.0,35.54,-5.88,50.48,5.54,44.94,55.74,44.9,45.61,36.04,35.68,53.79,1.62
2022-11-28 14:00:00,36.04,44.04,33.35,34.95,-6.66,49.48,4.94,44.0,54.44,44.54,44.91,35.41,35.08,54.5,0.79
2022-11-28 15:00:00,35.76,44.04,32.84,35.56,-6.15,46.79,4.95,43.35,51.34,44.55,43.71,36.01,35.74,50.32,1.51
2022-11-28 16:00:00,46.72,55.4,42.94,47.79,-2.19,56.35,12.24,56.33,59.6,55.57,55.83,48.45,48.13,59.35,8.99
2022-11-28 17:00:00,72.14,79.47,68.09,73.93,7.89,80.46,38.49,81.49,82.08,79.64,80.9,75.02,74.52,83.06,38.61
2022-11-28 18:00:00,52.57,59.93,47.26,56.06,-3.71,59.69,13.36,61.39,60.32,60.13,60.94,57.0,56.78,61.78,14.23
2022-11-28 19:00:00,49.56,57.85,43.23,54.22,-6.17,56.29,4.55,58.06,56.98,58.14,57.12,54.89,55.02,56.77,6.05
2022-11-28 20:00:00,43.54,52.41,37.82,47.25,-8.79,51.29,0.32,53.0,52.87,52.57,52.77,47.83,47.87,52.0,1.55
2022-11-28 21:00:00,39.19,45.73,33.66,42.76,-10.37,47.25,-1.11,46.88,48.22,45.95,46.65,43.34,43.48,47.92,0.82
2022-11-28 22:00:00,29.29,36.13,26.65,28.55,-11.36,41.64,0.29,35.63,46.71,36.85,37.39,29.01,28.74,43.51,1.52
2022-11-28 23:00:00,25.12,31.29,23.71,22.57,-10.82,39.47,1.52,31.45,46.01,31.84,33.95,22.98,22.57,41.64,2.8
2022-11-29 00:00:00,19.73,23.77,16.88,21.4,-14.02,24.41,-2.05,24.44,26.53,24.11,24.83,21.4,21.66,24.01,0.97
2022-11-29 01:00:00,16.51,20.09,13.92,18.33,-15.04,19.62,-2.37,20.57,21.64,20.5,21.05,18.35,18.59,18.82,1.13
2022-11-29 02:00:00,14.59,17.73,12.29,16.24,-16.44,17.21,-2.02,18.2,19.23,18.05,18.64,16.31,16.49,16.34,2.29
2022-11-29 03:00:00,14.15,17.2,12.19,15.39,-16.59,16.87,-0.69,19.05,18.72,17.6,18.21,15.43,15.6,16.05,4.5
2022-11-29 04:00:00,17.58,21.56,15.6,18.62,-15.97,20.98,1.25,23.38,22.63,21.92,22.18,18.66,18.83,20.52,5.96
2022-11-29 05:00:00,27.34,34.33,24.84,29.08,-10.93,29.41,6.55,32.18,32.0,34.58,32.41,28.99,29.27,27.96,13.91
2022-11-29 06:00:00,47.55,54.08,45.13,50.0,-6.69,46.61,29.83,50.29,48.44,54.33,50.8,49.87,50.41,45.85,45.54
2022-11-29 07:00:00,52.67,58.7,50.58,54.9,-3.12,51.45,37.28,55.06,53.1,59.23,54.73,54.95,55.35,50.56,52.28
2022-11-29 08:00:00,38.09,46.1,34.58,41.48,-3.59,37.88,12.85,41.96,40.11,46.99,41.54,41.41,41.82,37.42,16.7
2022-11-29 09:00:00,32.03,43.12,28.25,35.99,-6.57,29.9,3.99,35.91,33.73,44.62,35.57,36.0,36.35,31.29,3.53
2022-11-29 10:00:00,31.29,43.52,27.68,34.88,-6.48,29.49,2.82,35.74,34.38,45.36,36.01,34.88,35.17,32.2,1.56
2022-11-29 11:00:00,32.74,43.42,29.06,35.82,-7.22,33.71,3.28,38.45,39.2,44.92,38.55,35.81,36.08,40.5,1.6
2022-11-29 12:00:00,33.66,43.54,29.98,35.97,-7.74,37.77,2.65,41.69,43.58,44.36,40.77,36.01,36.22,48.01,0.6
2022-11-29 13:00:00,33.86,46.87,30.92,33.76,-9.87,43.4,-0.36,44.15,50.52,48.38,42.46,33.67,33.75,54.52,-3.87
2022-11-29 14:00:00,35.95,49.17,33.45,34.53,-10.14,48.55,1.54,46.8,57.3,50.33,46.31,34.41,34.42,63.79,-2.13
2022-11-29 15:00:00,38.42,49.39,36.05,36.88,-7.84,51.53,6.39,49.04,59.78,50.49,48.53,36.74,36.79,64.1,1.56
2022-11-29 16:00:00,54.0,62.76,53.59,50.0,9.15,68.89,32.72,68.01,75.92,63.74,64.21,49.89,49.59,80.94,26.64
2022-11-29 17:00:00,102.76,107.74,103.6,99.38,38.95,110.99,96.29,109.71,115.08,108.18,109.97,99.3,99.1,128.78,97.63
2022-11-29 18:00:00,62.92,65.25,63.38,61.33,22.12,66.5,60.44,67.67,69.59,65.61,66.75,61.35,61.22,73.05,62.55
2022-11-29 19:00:00,44.91,48.82,45.49,42.01,5.99,52.64,38.49,51.13,56.97,49.3,50.67,41.82,41.68,60.31,41.33
2022-11-29 20:00:00,44.47,47.92,44.73,42.17,5.08,51.42,37.39,49.6,54.6,48.36,49.42,41.97,41.84,56.8,39.0
2022-11-29 21:00:00,40.36,43.69,40.29,38.54,10.16,46.84,32.08,44.86,49.51,44.36,44.64,38.38,38.36,50.79,33.35
2022-11-29 22:00:00,44.74,48.39,44.57,43.06,24.54,51.01,35.82,49.34,53.56,49.15,49.37,42.89,42.88,53.42,37.83
2022-11-29 23:00:00,40.26,42.7,40.28,39.1,26.57,44.02,35.29,43.3,45.61,43.33,42.85,39.05,39.02,45.36,39.39
2022-11-30 00:00:00,37.88,37.74,38.14,37.6,37.68,37.9,39.32,37.76,37.96,37.74,37.79,37.6,37.6,38.92,42.53
2022-11-30 01:00:00,36.21,36.14,36.37,36.0,36.08,36.32,37.04,36.15,36.4,36.15,36.18,36.0,36.0,37.16,39.66
2022-11-30 02:00:00,39.44,39.39,39.57,39.26,39.33,39.54,40.1,39.38,39.62,39.39,39.41,39.27,39.27,40.43,42.46
2022-11-30 03:00:00,42.01,41.97,42.12,41.87,41.95,42.1,42.55,41.96,42.16,41.97,41.98,41.89,41.88,42.82,44.65
2022-11-30 04:00:00,50.1,50.06,50.19,50.0,50.1,50.14,50.58,50.04,50.17,50.06,50.05,50.01,50.01,50.79,52.48
2022-11-30 05:00:00,50.08,50.0,50.19,50.0,50.17,50.01,50.74,49.98,50.0,50.0,49.98,50.01,50.01,50.88,52.69
2022-11-30 06:00:00,71.39,71.15,71.51,71.45,71.84,70.67,72.77,71.24,71.01,71.15,71.05,71.51,71.51,71.39,76.29
2022-11-30 07:00:00,80.77,80.45,80.42,82.65,83.69,75.1,83.49,82.75,79.36,80.41,81.47,82.97,85.44,71.27,89.05
2022-11-30 08:00:00,52.68,53.6,52.43,54.51,55.23,46.53,55.07,55.27,54.33,54.2,54.6,55.01,58.46,42.75,56.63
2022-11-30 09:00:00,45.83,46.92,45.5,48.26,49.57,37.59,49.22,48.3,49.54,47.73,47.89,48.98,50.77,31.06,50.72
2022-11-30 10:00:00,46.28,47.91,45.83,49.16,49.72,36.68,49.58,49.86,49.1,48.96,49.05,49.25,49.37,28.92,50.93
2022-11-30 11:00:00,42.65,44.12,42.22,45.43,45.89,33.4,45.92,46.35,45.67,44.99,45.6,45.49,45.43,26.19,46.96
2022-11-30 12:00:00,38.27,40.16,37.92,40.83,41.14,29.47,41.21,41.7,41.28,41.25,40.99,40.88,40.8,23.28,41.89
2022-11-30 13:00:00,36.48,38.44,36.16,38.86,39.05,28.27,39.09,39.7,39.49,39.54,39.07,38.86,38.83,23.69,39.55
2022-11-30 14:00:00,34.62,36.52,34.33,36.78,36.03,27.06,36.95,37.75,38.02,37.52,37.28,36.78,36.75,22.46,37.09
2022-11-30 15:00:00,34.27,36.01,34.0,36.33,33.3,27.09,36.57,37.08,37.81,36.88,36.71,36.34,36.31,22.63,36.77
2022-11-30 16:00:00,43.53,44.84,43.13,45.85,39.63,35.79,46.02,48.4,44.87,45.36,47.27,45.86,45.81,31.18,46.53
2022-11-30 17:00:00,73.34,74.49,73.05,75.98,62.32,63.86,77.86,81.3,73.75,74.81,79.29,75.94,75.78,56.94,82.39
2022-11-30 18:00:00,64.18,64.76,64.31,65.35,46.76,58.79,68.32,68.37,66.09,64.94,67.54,65.33,65.23,55.46,73.93
2022-11-30 19:00:00,53.57,54.14,53.74,54.28,28.32,49.75,56.8,56.27,55.85,54.28,55.91,54.26,54.12,52.06,61.82
2022-11-30 20:00:00,52.47,53.09,52.83,52.41,8.17,50.8,55.01,53.78,53.68,53.27,53.71,52.36,52.24,56.27,60.14
2022-11-30 21:00:00,49.44,50.01,49.74,49.36,2.96,48.27,51.34,49.94,50.17,50.25,49.98,49.33,49.25,53.78,55.24
2022-11-30 22:00:00,45.76,46.01,46.11,45.42,6.04,45.42,47.58,46.03,46.26,46.18,46.08,45.39,45.47,47.34,51.57
2022-11-30 23:00:00,42.36,42.44,42.69,42.05,7.83,42.05,44.2,42.5,42.66,42.55,42.53,42.03,42.06,43.71,48.08
2022-12-01 00:00:00,53.14,53.24,53.62,52.44,15.86,53.78,55.04,53.63,53.95,53.25,53.76,52.39,53.44,54.32,60.06
2022-12-01 01:00:00,52.09,52.22,52.62,51.3,16.52,52.81,54.15,52.66,53.01,52.24,52.81,51.28,53.45,53.48,59.71
2022-12-01 02:00:00,48.87,48.91,49.3,48.26,14.83,49.28,50.76,49.2,49.42,48.92,49.3,48.24,49.55,49.96,55.65
2022-12-01 03:00:00,50.63,50.69,51.07,50.0,25.44,51.08,52.52,51.01,51.24,50.7,51.11,49.97,51.25,51.66,57.38
2022-12-01 04:00:00,50.67,50.75,51.15,50.0,30.23,51.2,52.64,51.13,51.41,50.77,51.25,50.18,58.23,52.01,57.71
2022-12-01 05:00:00,55.48,55.65,56.07,54.61,35.45,56.19,57.82,56.11,56.4,55.68,56.23,54.84,57.45,57.18,63.49
2022-12-01 06:00:00,91.0,91.41,91.61,90.02,68.15,91.98,93.02,91.97,92.22,91.46,92.06,90.7,92.64,93.79,98.41
2022-12-01 07:00:00,92.68,93.2,93.32,91.58,68.45,94.08,94.41,94.08,94.3,93.32,94.23,92.63,93.7,97.55,99.26
2022-12-01 08:00:00,54.25,54.55,54.39,53.94,34.36,54.73,54.35,54.6,54.68,54.71,54.77,54.55,54.6,58.31,54.91
2022-12-01 09:00:00,48.16,48.66,48.22,47.84,13.8,49.07,47.28,48.48,49.14,48.94,48.83,48.02,48.23,57.79,46.96
2022-12-01 10:00:00,42.18,42.89,42.24,41.58,8.2,44.18,40.3,42.92,44.59,43.2,43.36,41.58,41.6,57.06,39.54
2022-12-01 11:00:00,40.76,41.73,40.84,39.92,3.51,43.62,38.09,42.3,44.19,42.06,42.29,39.87,39.88,56.66,36.79
2022-12-01 12:00:00,38.05,39.11,38.14,37.17,6.55,40.96,35.33,39.57,41.97,39.61,39.45,37.1,37.1,52.53,34.03
2022-12-01 13:00:00,37.0,38.37,37.08,35.93,10.02,40.68,33.33,38.99,42.07,38.91,38.88,35.83,35.84,54.46,31.66
2022-12-01 14:00:00,35.59,37.28,35.64,34.23,14.68,40.54,30.52,38.23,42.47,37.76,38.39,34.11,34.12,52.98,28.47
2022-12-01 15:00:00,34.42,36.3,34.5,32.89,9.56,39.9,28.89,37.43,42.12,36.79,37.59,32.76,32.76,49.61,26.44
2022-12-01 16:00:00,39.29,40.82,39.4,38.0,10.44,43.71,35.07,41.56,46.01,41.18,41.6,37.94,38.0,52.34,33.35
2022-12-01 17:00:00,56.29,57.75,56.46,55.02,15.78,60.33,52.73,58.21,62.04,58.14,58.79,55.06,55.23,70.7,51.8
2022-12-01 18:00:00,48.51,50.78,48.49,46.76,6.59,55.24,41.19,51.4,58.63,51.08,52.35,46.59,46.59,69.04,39.71
2022-12-01 19:00:00,40.42,43.93,39.62,38.89,-1.28,49.75,25.92,44.29,56.67,44.25,45.53,38.65,38.77,64.19,24.83
2022-12-01 20:00:00,41.75,46.33,39.74,41.4,-1.26,51.94,19.29,46.89,57.06,46.53,48.61,41.12,41.42,66.22,18.42
2022-12-01 21:00:00,36.87,41.71,34.36,37.2,-5.18,46.71,11.8,41.98,53.31,42.07,43.11,36.9,37.28,59.96,11.33
2022-12-01 22:00:00,38.98,43.91,36.71,38.98,-2.11,48.92,15.03,43.98,55.42,44.28,44.81,38.67,39.03,55.78,14.75
2022-12-01 23:00:00,34.04,38.85,31.86,33.99,-4.26,43.85,10.76,40.32,49.56,39.28,39.01,33.71,34.03,49.25,9.75
2022-12-02 00:00:00,28.08,33.31,25.09,29.0,-13.73,37.77,0.29,34.2,41.18,33.41,34.8,28.63,29.06,39.14,0.0
2022-12-02 01:00:00,25.02,29.82,22.43,25.59,-14.22,34.23,0.1,30.7,37.58,29.93,31.34,25.24,25.61,35.54,-0.38
2022-12-02 02:00:00,23.53,28.08,21.2,23.87,-14.4,32.48,0.38,28.98,35.7,28.18,29.7,23.54,23.88,33.85,0.36
2022-12-02 03:00:00,23.69,28.17,21.29,24.22,-14.89,32.27,0.5,28.89,35.48,28.27,29.64,23.89,24.25,33.68,0.85
2022-12-02 04:00:00,24.79,29.5,22.36,25.1,-14.53,34.34,0.51,30.4,38.06,29.61,31.23,24.73,25.11,36.06,0.69
2022-12-02 05:00:00,32.25,37.81,29.01,33.13,-12.26,43.24,1.86,38.74,47.7,38.13,39.99,32.7,33.2,45.43,2.23
2022-12-02 06:00:00,41.99,48.53,37.75,43.93,-10.81,53.14,5.42,48.73,56.81,48.66,50.04,43.52,44.14,56.39,6.54
2022-12-02 07:00:00,45.23,53.3,42.13,44.4,-9.0,61.9,8.94,55.22,67.34,53.53,56.27,44.32,44.38,66.86,10.48
2022-12-02 08:00:00,38.28,45.62,35.24,37.94,-9.0,52.89,4.5,46.92,58.11,45.88,47.5,38.09,38.04,57.07,2.94
2022-12-02 09:00:00,34.24,41.04,31.34,34.1,-10.53,47.38,2.85,40.99,52.71,41.34,42.34,34.26,34.27,53.43,1.98
2022-12-02 10:00:00,33.23,39.86,30.45,33.15,-9.77,45.62,3.15,40.09,51.3,40.3,41.16,33.27,33.28,51.1,1.81
2022-12-02 11:00:00,32.33,38.84,29.68,32.24,-10.67,44.23,3.4,38.81,50.13,39.5,39.58,32.33,32.36,50.07,1.55
2022-12-02 12:00:00,32.53,38.91,29.8,32.74,-10.47,43.55,3.99,38.54,49.98,39.68,39.19,32.87,32.91,49.62,1.91
2022-12-02 13:00:00,31.15,38.26,28.63,31.05,-12.86,42.22,2.97,37.14,48.94,39.03,37.79,31.21,31.22,48.21,0.95
2022-12-02 14:00:00,30.91,39.95,28.72,30.32,-13.85,41.96,2.65,37.03,48.54,40.72,37.68,30.44,30.46,47.87,0.97
2022-12-02 15:00:00,33.29,41.93,31.07,32.74,-9.71,44.44,5.18,40.63,49.76,42.85,41.22,32.85,32.78,50.43,3.41
2022-12-02 16:00:00,36.45,44.47,36.83,32.02,-6.7,50.88,19.95,50.89,54.16,45.02,50.04,32.14,31.91,56.03,18.02
2022-12-02 17:00:00,51.13,56.13,52.2,47.12,2.85,61.14,44.42,62.92,61.62,56.6,61.67,47.22,46.98,65.53,46.58
2022-12-02 18:00:00,45.16,46.93,45.34,44.0,7.01,48.58,41.84,48.12,49.0,47.21,48.26,44.4,44.07,52.04,44.52
2022-12-02 19:00:00,46.39,48.32,46.66,45.19,15.65,49.59,43.55,49.05,50.08,48.7,49.31,45.51,45.18,52.96,46.49
2022-12-02 20:00:00,46.67,47.69,46.8,46.14,22.09,47.97,45.42,47.53,48.24,47.85,47.92,46.41,46.15,51.11,47.97
2022-12-02 21:00:00,45.16,46.01,45.47,44.42,26.33,46.49,44.94,46.04,46.8,46.32,46.34,44.53,44.34,49.51,48.03
2022-12-02 22:00:00,48.3,48.62,48.81,47.4,28.82,49.43,49.79,49.15,49.74,48.74,49.26,47.42,47.23,50.54,54.46
2022-12-02 23:00:00,47.55,47.78,48.17,46.52,26.27,48.68,49.69,48.41,49.0,47.82,48.56,46.5,46.31,49.32,55.25
2022-12-03 00:00:00,57.02,57.1,58.32,55.04,15.96,58.76,62.39,58.02,59.4,57.15,58.55,54.91,54.63,59.11,74.93
2022-12-03 01:00:00,42.46,42.64,43.84,40.32,-1.83,44.49,47.9,43.64,45.2,42.73,44.18,40.25,39.9,44.98,61.19
2022-12-03 02:00:00,33.79,34.11,35.15,31.41,-1.97,36.82,38.26,35.41,37.79,34.22,35.98,31.4,31.07,37.79,52.61
2022-12-03 03:00:00,23.68,24.42,24.71,21.42,0.21,27.69,25.33,25.95,28.87,24.48,26.48,21.43,21.22,29.07,42.03
2022-12-03 04:00:00,17.85,19.49,18.37,15.79,6.7,23.37,14.82,21.74,24.48,19.8,21.72,16.14,15.8,25.34,27.63
2022-12-03 05:00:00,19.4,21.33,19.46,17.55,11.23,26.11,12.86,23.22,27.59,21.53,23.45,18.13,17.68,28.66,23.82
2022-12-03 06:00:00,34.05,37.17,33.58,32.73,26.77,41.02,23.4,38.45,42.87,37.27,38.17,33.81,33.04,42.91,27.52
2022-12-03 07:00:00,38.46,41.99,37.65,37.43,30.74,45.87,25.31,43.23,47.68,42.08,42.7,38.82,37.81,47.81,27.81
2022-12-03 08:00:00,39.11,43.38,38.22,37.64,29.79,48.46,23.39,45.1,50.63,43.52,45.01,38.81,37.88,50.58,18.92
2022-12-03 09:00:00,29.46,33.8,28.8,27.52,20.12,39.65,14.24,35.6,41.38,34.03,36.18,28.33,27.6,42.49,9.45
2022-12-03 10:00:00,30.41,34.36,30.08,28.18,22.19,40.19,17.57,36.29,41.87,34.56,36.96,28.64,28.08,43.06,13.22
2022-12-03 11:00:00,34.07,37.13,34.08,32.04,28.23,41.66,25.5,38.7,43.4,37.45,39.6,32.06,31.64,43.75,22.24
2022-12-03 12:00:00,37.89,38.94,37.99,37.28,36.6,39.68,36.06,39.03,40.05,39.4,39.32,37.38,36.94,40.73,35.36
2022-12-03 13:00:00,36.83,37.64,36.91,36.48,36.1,37.71,35.81,37.4,37.92,38.15,37.54,36.54,36.33,38.87,35.44
2022-12-03 14:00:00,36.76,37.12,36.81,36.61,36.52,37.04,36.45,36.97,37.11,37.6,37.04,36.65,36.56,37.91,36.4
2022-12-03 15:00:00,37.4,37.79,37.46,37.3,37.36,37.38,37.37,37.43,37.38,38.24,37.43,37.37,37.21,38.3,37.45
2022-12-03 16:00:00,55.04,55.12,55.09,54.93,54.16,55.21,55.09,55.17,55.2,55.5,55.2,54.95,54.92,55.81,55.36
2022-12-03 17:00:00,97.58,97.7,97.93,97.11,95.06,97.75,99.16,97.72,97.78,98.2,97.75,97.3,96.75,97.9,103.37
2022-12-03 18:00:00,74.24,74.14,74.67,73.71,70.62,74.3,76.53,74.27,74.33,74.45,74.28,73.91,73.34,74.43,83.41
2022-12-03 19:00:00,55.22,55.09,55.63,54.73,49.43,55.24,57.46,55.17,55.28,55.4,55.2,54.85,54.69,55.44,65.29
2022-12-03 20:00:00,49.01,48.81,49.47,48.48,43.18,48.95,51.63,48.87,48.99,49.06,48.91,48.51,48.45,49.17,60.27
2022-12-03 21:00:00,48.66,48.48,49.32,47.83,35.56,48.92,52.04,48.75,49.07,48.77,48.88,47.83,47.71,49.16,61.23
2022-12-03 22:00:00,51.8,51.65,52.53,50.83,36.12,52.22,55.42,52.0,52.42,52.0,52.19,50.82,50.65,52.47,64.17
2022-12-03 23:00:00,50.34,50.21,51.21,49.18,29.76,50.86,54.61,50.59,51.11,50.55,50.8,49.16,48.94,51.1,65.86
2022-12-04 00:00:00,44.5,44.14,46.36,42.17,6.73,45.72,53.39,45.09,46.29,44.29,45.64,42.11,42.67,45.92,70.07
2022-12-04 01:00:00,42.85,42.61,44.27,41.06,9.71,43.78,49.65,43.32,44.21,42.76,43.73,40.99,41.56,43.94,63.53
2022-12-04 02:00:00,41.59,41.25,43.06,39.78,9.53,42.39,48.84,41.94,42.8,41.42,42.33,39.71,39.45,42.55,63.84
2022-12-04 03:00:00,41.11,40.63,42.9,38.95,9.1,42.0,50.01,41.45,42.5,40.81,41.92,38.88,38.6,42.22,65.98
2022-12-04 04:00:00,42.27,41.82,43.93,40.27,11.24,43.04,50.57,42.55,43.49,41.98,42.96,40.2,40.56,43.27,65.95
2022-12-04 05:00:00,42.62,42.21,44.27,40.6,9.05,43.46,50.82,42.96,43.92,42.35,43.37,40.52,40.25,43.73,66.47
2022-12-04 06:00:00,40.75,40.55,42.2,38.89,6.31,41.83,47.54,41.32,42.28,40.85,41.76,38.88,39.39,41.94,58.97
2022-12-04 07:00:00,40.77,40.5,42.16,38.98,7.75,41.87,47.29,41.37,42.32,40.98,41.81,38.97,41.17,41.99,58.39
2022-12-04 08:00:00,42.72,42.25,43.1,42.21,30.87,43.24,44.68,43.07,43.39,43.13,43.22,42.2,42.12,43.32,47.74
2022-12-04 09:00:00,43.67,43.46,43.79,43.5,39.26,43.9,44.28,43.84,43.95,43.93,43.9,43.5,43.46,43.99,45.17
2022-12-04 10:00:00,45.04,44.68,45.01,45.06,44.08,45.19,45.12,45.18,45.19,45.44,45.2,45.07,45.05,45.29,45.21
2022-12-04 11:00:00,39.32,39.29,39.32,39.29,39.11,39.37,39.34,39.38,39.37,40.07,39.4,39.3,39.29,39.47,39.39
2022-12-04 12:00:00,33.58,33.69,33.59,33.58,33.52,33.56,33.55,33.59,33.56,34.4,33.59,33.59,33.58,33.64,33.62
2022-12-04 13:00:00,32.31,32.48,32.33,32.29,32.28,32.25,32.29,32.29,32.29,33.22,32.28,32.3,32.3,32.36,32.33
2022-12-04 14:00:00,32.13,32.35,32.15,32.11,32.07,32.05,32.09,32.09,32.1,33.12,32.08,32.13,32.11,32.14,32.17
2022-12-04 15:00:00,31.6,31.98,31.63,31.56,31.53,31.45,31.54,31.45,31.73,32.86,31.45,31.57,31.57,31.54,31.62
2022-12-04 16:00:00,44.76,44.96,44.79,44.72,44.68,44.75,44.73,44.76,44.74,45.75,44.76,44.74,44.73,44.85,44.86
2022-12-04 17:00:00,82.61,82.75,82.92,82.27,78.58,82.57,84.07,82.51,82.62,83.4,82.54,82.29,82.23,82.6,87.6
2022-12-04 18:00:00,42.6,42.54,43.15,41.9,31.29,42.93,45.24,42.75,43.08,43.06,42.91,41.88,41.78,43.01,50.43
2022-12-04 19:00:00,36.21,36.64,36.79,35.18,19.0,37.56,37.77,37.01,38.03,37.04,37.25,35.21,35.54,37.95,42.51
2022-12-04 20:00:00,31.33,32.26,31.7,30.21,7.9,33.85,30.5,32.85,34.65,32.43,33.2,30.21,30.05,34.45,34.03
2022-12-04 21:00:00,29.24,31.06,29.15,28.25,1.79,32.92,24.37,31.56,33.82,31.29,31.59,28.83,28.29,33.94,27.86
2022-12-04 22:00:00,29.12,31.23,28.88,28.06,-3.11,33.62,22.62,31.9,34.72,31.42,31.9,28.65,28.15,34.96,25.01
2022-12-04 23:00:00,27.2,29.36,26.84,26.35,-3.26,31.42,20.25,29.81,32.31,29.55,29.56,27.17,26.55,32.65,22.84
2022-12-05 00:00:00,24.28,26.52,24.05,23.26,-6.64,28.56,17.87,27.08,29.96,26.77,27.1,23.82,23.4,29.42,24.77
2022-12-05 01:00:00,19.76,21.61,19.49,19.0,-12.79,23.36,14.0,22.16,24.53,21.75,22.06,19.6,19.19,23.99,20.92
2022-12-05 02:00:00,17.58,19.31,17.24,17.06,-15.89,20.52,12.07,19.58,21.45,19.47,19.27,17.8,17.33,21.07,19.11
2022-12-05 03:00:00,20.67,21.91,20.71,20.0,-9.92,22.73,18.21,22.0,23.47,22.1,21.7,20.69,20.21,23.26,26.31
2022-12-05 04:00:00,20.82,22.24,20.66,20.46,-12.82,22.47,17.48,21.95,23.03,22.5,21.34,21.41,20.82,22.99,26.03
2022-12-05 05:00:00,27.06,29.34,26.62,27.25,-12.42,27.64,22.25,27.59,27.95,30.14,26.65,28.08,27.84,28.16,30.33
2022-12-05 06:00:00,35.62,37.6,34.62,36.3,-11.99,36.75,27.82,36.62,36.94,38.01,35.69,37.03,36.94,37.29,35.82
2022-12-05 07:00:00,35.65,38.87,32.54,39.23,-14.15,34.16,17.9,34.36,34.75,39.76,33.48,37.16,49.28,34.53,28.86
2022-12-05 08:00:00,35.19,38.24,32.03,38.9,-10.03,33.54,17.45,34.36,34.08,39.3,32.64,37.43,47.86,34.0,22.88
2022-12-05 09:00:00,31.51,36.94,28.57,34.93,-10.33,29.34,13.06,31.21,29.76,38.29,29.56,33.92,43.22,29.82,14.55
2022-12-05 10:00:00,31.29,37.42,28.24,34.97,-9.76,28.4,12.15,30.67,28.97,39.17,29.29,34.16,43.5,28.99,13.35
2022-12-05 11:00:00,31.77,39.22,29.23,34.75,-8.32,29.1,13.83,31.36,29.93,41.04,30.21,34.0,42.78,29.82,14.94
2022-12-05 12:00:00,33.86,43.77,31.69,36.33,-5.2,30.86,15.81,33.81,32.25,45.52,32.69,35.84,44.34,31.29,17.06
2022-12-05 13:00:00,34.43,46.24,32.47,36.47,-4.15,31.75,15.41,34.48,33.07,48.35,33.45,36.5,44.71,33.07,16.68
2022-12-05 14:00:00,37.1,49.96,35.47,38.67,-0.14,34.62,18.61,37.18,36.09,52.47,36.36,38.87,46.75,35.73,19.83
2022-12-05 15:00:00,31.86,45.0,31.62,31.6,5.75,30.41,19.47,32.28,31.56,47.1,31.42,31.16,36.38,32.63,20.08
2022-12-05 16:00:00,37.53,50.05,38.58,35.78,21.43,36.45,32.05,39.04,38.08,51.47,38.43,35.66,37.38,38.94,33.13
2022-12-05 17:00:00,76.0,91.9,78.47,72.35,61.1,75.26,74.39,78.11,77.74,93.4,77.3,72.42,72.65,75.87,84.74
2022-12-05 18:00:00,40.21,53.05,42.14,37.5,21.9,38.97,39.04,41.49,42.28,54.5,41.04,37.57,38.27,40.53,54.04
2022-12-05 19:00:00,34.86,44.0,35.26,34.31,16.09,32.75,29.99,36.63,36.38,45.0,35.87,34.0,36.74,32.96,41.57
2022-12-05 20:00:00,33.05,42.56,33.5,32.15,12.84,32.15,27.15,33.54,36.03,43.33,33.74,32.17,34.34,33.25,36.29
2022-12-05 21:00:00,28.99,34.93,28.8,29.03,9.43,28.13,23.13,29.34,30.18,36.43,29.6,29.11,31.26,30.7,30.72
2022-12-05 22:00:00,43.29,44.57,42.56,44.64,27.6,40.9,40.14,43.39,43.02,45.56,42.63,44.36,47.45,40.31,50.5
2022-12-05 23:00:00,33.65,35.22,33.32,34.61,24.67,31.05,32.4,33.63,33.2,36.72,32.9,34.64,36.24,30.9,43.1
2022-12-06 00:00:00,29.92,29.9,31.25,29.04,23.88,27.8,38.28,28.83,28.55,30.78,28.57,29.05,29.22,29.18,63.28
2022-12-06 01:00:00,26.87,26.66,28.26,25.92,20.59,24.73,35.74,25.86,25.72,27.4,25.63,25.96,26.01,25.7,60.74
2022-12-06 02:00:00,24.14,24.29,24.67,24.06,20.49,22.14,28.19,24.0,24.2,24.85,23.84,24.05,24.27,22.15,45.99
2022-12-06 03:00:00,25.12,25.08,25.82,24.86,22.44,23.16,30.17,25.1,25.62,25.56,25.02,24.86,24.84,22.41,50.0
2022-12-06 04:00:00,27.03,26.77,27.92,26.52,23.99,25.32,33.05,26.69,27.05,27.14,26.59,26.51,26.5,25.42,52.27
2022-12-06 05:00:00,34.93,34.57,35.99,34.19,31.83,33.39,41.8,34.51,35.08,34.94,34.43,34.17,34.18,33.37,65.8
2022-12-06 06:00:00,31.14,31.27,32.29,30.12,24.21,30.13,37.61,30.7,30.88,32.06,30.44,30.09,30.07,32.26,61.78
2022-12-06 07:00:00,31.82,32.63,32.85,30.92,25.07,30.68,37.18,31.54,31.32,34.06,31.09,30.88,30.87,32.54,58.18
2022-12-06 08:00:00,27.4,28.92,27.75,27.31,23.09,25.89,28.88,28.05,26.63,30.93,26.91,27.34,27.3,26.67,33.76
2022-12-06 09:00:00,29.9,31.41,29.98,30.22,28.3,27.93,30.35,30.75,29.85,33.35,30.08,30.23,30.22,29.0,30.96
2022-12-06 10:00:00,30.5,32.41,30.54,31.18,29.24,27.28,31.27,31.57,31.0,34.81,31.09,31.18,31.18,29.03,31.66
2022-12-06 11:00:00,32.66,40.27,33.59,31.89,28.22,29.65,32.54,34.08,34.42,41.77,33.89,31.91,31.85,30.02,33.0
2022-12-06 12:00:00,33.45,37.54,33.83,33.71,27.55,29.8,34.25,35.44,33.92,39.54,34.31,33.68,33.66,34.08,34.96
2022-12-06 13:00:00,32.8,39.79,33.6,32.42,24.56,29.03,33.14,34.59,33.52,42.3,33.68,32.42,32.38,32.04,33.9
2022-12-06 14:00:00,34.06,43.97,35.36,32.73,25.39,30.99,33.74,35.48,34.42,46.58,34.76,32.73,32.67,34.05,34.74
2022-12-06 15:00:00,36.59,45.68,37.7,35.71,30.75,32.77,36.65,38.65,36.5,48.6,37.13,35.7,35.65,37.15,37.9
2022-12-06 16:00:00,54.94,61.14,55.56,55.22,53.62,49.47,56.42,57.23,55.27,64.14,55.6,55.22,55.21,51.78,61.71
2022-12-06 17:00:00,92.64,97.83,93.74,92.98,89.31,85.17,98.99,94.14,93.38,100.49,93.04,92.97,92.97,84.81,117.99
2022-12-06 18:00:00,51.31,53.14,52.4,51.44,47.4,45.71,59.3,52.11,50.65,55.31,50.95,51.43,51.44,47.49,76.44
2022-12-06 19:00:00,48.32,49.1,49.35,48.62,45.66,42.72,56.96,48.87,48.9,51.05,48.16,48.61,48.64,42.68,76.66
2022-12-06 20:00:00,40.83,42.0,41.88,40.9,38.79,35.99,48.62,40.45,40.57,43.5,40.22,40.89,40.9,37.44,65.9
2022-12-06 21:00:00,35.4,36.31,36.3,35.41,33.05,31.47,42.0,35.09,35.2,38.23,34.87,35.39,35.4,32.8,58.02
2022-12-06 22:00:00,34.71,35.64,35.57,34.65,33.5,31.15,40.85,34.12,34.44,37.74,34.04,34.64,34.65,31.23,56.95
2022-12-06 23:00:00,30.45,30.94,31.11,30.65,30.12,26.91,35.93,30.17,30.62,32.29,30.09,30.66,30.67,26.83,51.65
2022-12-07 00:00:00,25.47,25.67,25.89,25.47,26.56,23.67,28.77,25.19,25.57,26.41,25.16,25.45,25.48,23.12,39.79
2022-12-07 01:00:00,24.66,24.76,25.04,24.71,25.74,22.88,27.81,24.41,24.74,25.36,24.37,24.7,24.72,22.33,38.04
2022-12-07 02:00:00,24.82,24.78,25.2,24.79,25.72,23.43,27.8,24.53,24.85,25.21,24.49,24.78,24.8,23.21,37.81
2022-12-07 03:00:00,25.69,25.6,26.15,25.5,26.71,24.55,28.94,25.28,25.53,26.01,25.23,25.49,25.51,24.3,40.66
2022-12-07 04:00:00,26.59,26.49,27.08,26.36,27.57,25.51,29.95,26.14,26.34,26.91,26.08,26.35,26.38,25.4,41.8
2022-12-07 05:00:00,34.54,34.57,35.05,34.3,35.45,33.3,38.03,34.06,34.0,35.21,33.84,34.31,34.34,33.27,51.39
2022-12-07 06:00:00,42.33,42.55,42.83,42.08,42.11,41.11,45.56,41.74,41.5,43.31,41.49,42.11,42.12,41.44,57.57
2022-12-07 07:00:00,46.25,46.21,46.61,46.2,46.49,44.91,49.12,45.53,45.03,46.78,45.15,46.29,46.28,45.23,61.96
2022-12-07 08:00:00,45.82,46.21,46.02,45.71,46.14,45.26,46.91,45.86,45.48,46.77,45.52,45.71,45.72,45.49,51.28
2022-12-07 09:00:00,40.91,41.74,40.99,40.92,40.92,40.34,40.95,40.71,40.62,42.67,40.69,40.92,40.92,40.38,41.7
2022-12-07 10:00:00,39.83,40.97,39.86,40.23,40.24,37.91,40.31,40.55,40.46,42.13,40.19,40.22,40.22,37.28,40.59
2022-12-07 11:00:00,38.21,41.36,38.46,38.43,38.48,35.5,38.57,39.13,39.13,42.68,38.79,38.42,38.42,34.01,38.77
2022-12-07 12:00:00,36.03,40.99,36.47,36.17,36.22,32.37,36.33,37.53,37.11,43.0,37.13,36.16,36.14,31.04,36.51
2022-12-07 13:00:00,36.77,42.28,37.22,37.01,36.99,32.53,37.05,38.79,37.23,44.67,38.34,36.99,36.97,31.19,37.21
2022-12-07 14:00:00,39.53,48.04,40.38,39.18,39.21,35.02,39.3,42.42,39.92,50.57,41.87,39.17,39.12,33.17,39.5
2022-12-07 15:00:00,41.12,51.6,42.36,40.0,40.22,37.41,40.45,42.34,42.66,54.48,41.91,40.0,39.96,35.49,40.75
2022-12-07 16:00:00,58.62,72.48,60.35,56.92,57.19,54.16,57.84,59.66,61.86,74.7,60.14,56.95,56.87,49.77,59.19
2022-12-07 17:00:00,88.15,102.05,90.2,85.91,83.63,84.37,88.46,89.08,91.83,103.89,89.57,85.95,85.83,79.02,95.78
2022-12-07 18:00:00,53.19,61.16,54.43,52.0,49.42,50.52,54.06,53.62,54.85,62.48,53.83,51.98,51.91,47.98,59.74
2022-12-07 19:00:00,42.19,47.44,43.23,41.17,37.1,40.58,43.73,42.88,43.92,48.06,42.91,41.17,41.04,39.88,49.81
2022-12-07 20:00:00,36.23,40.8,37.19,35.32,30.92,34.71,37.91,36.42,37.44,41.7,36.57,35.29,35.22,34.56,45.16
2022-12-07 21:00:00,36.48,37.37,36.79,36.6,31.84,34.81,38.38,36.6,37.07,38.45,36.6,36.57,36.51,34.37,45.99
2022-12-07 22:00:00,32.81,33.96,33.32,32.56,26.03,31.47,35.28,32.65,33.03,35.66,32.64,32.53,32.49,32.04,43.29
2022-12-07 23:00:00,30.21,30.89,30.67,30.06,22.68,28.86,32.87,30.31,30.87,31.91,30.34,30.02,29.98,28.85,40.88
2022-12-08 00:00:00,26.95,26.9,27.3,26.84,23.96,25.9,29.57,26.99,27.47,27.17,26.91,26.82,26.81,25.2,36.46
2022-12-08 01:00:00,24.92,24.7,25.31,24.81,23.05,23.83,27.91,24.83,25.22,24.84,24.73,24.79,24.79,23.23,35.31
2022-12-08 02:00:00,25.58,25.36,26.0,25.36,23.34,24.78,28.48,25.49,25.85,25.47,25.41,25.34,25.33,24.42,36.22
2022-12-08 03:00:00,27.39,27.17,27.86,27.1,24.07,26.66,30.5,27.28,27.67,27.28,27.28,27.07,27.05,26.36,38.93
2022-12-08 04:00:00,27.99,27.75,28.61,27.46,20.28,27.52,31.71,27.89,28.27,27.88,27.94,27.43,27.39,27.49,41.31
2022-12-08 05:00:00,33.98,33.94,34.93,32.99,19.0,33.78,39.0,33.81,34.21,34.37,33.93,32.93,32.85,34.04,50.18
2022-12-08 06:00:00,41.35,41.41,42.5,40.2,21.55,40.97,47.41,41.09,41.56,41.91,41.21,40.12,40.01,40.95,60.71
2022-12-08 07:00:00,43.11,43.25,44.15,41.97,22.4,43.05,48.31,43.02,43.52,43.68,43.17,41.89,41.77,43.18,59.82
2022-12-08 08:00:00,38.42,38.88,39.01,37.75,17.54,38.41,41.0,38.55,38.9,39.36,38.67,37.68,37.57,38.24,46.04
2022-12-08 09:00:00,35.1,36.02,35.32,34.94,17.88,34.5,35.82,35.0,35.07,37.02,35.01,34.92,34.89,34.04,36.91
2022-12-08 10:00:00,33.4,34.33,33.54,33.39,12.18,32.62,33.83,33.33,33.36,35.35,33.32,33.37,33.36,32.09,34.42
2022-12-08 11:00:00,33.82,35.23,34.08,33.57,6.5,33.33,34.17,33.68,33.69,36.29,33.7,33.56,33.54,33.24,34.95
2022-12-08 12:00:00,34.41,37.28,34.92,33.71,5.42,34.18,34.5,34.16,34.54,38.56,34.24,33.7,33.67,34.12,35.43
2022-12-08 13:00:00,34.39,38.82,35.16,33.22,6.57,34.45,34.12,34.08,35.17,40.87,34.25,33.22,33.17,34.41,35.06
2022-12-08 14:00:00,33.91,40.84,35.1,32.04,15.19,34.22,33.3,33.42,35.53,43.42,33.68,32.04,31.97,34.4,34.54
2022-12-08 15:00:00,37.93,48.11,39.6,35.24,28.51,38.53,36.54,37.57,40.28,49.21,37.85,35.25,35.16,38.5,37.62
2022-12-08 16:00:00,55.47,61.9,56.56,53.86,49.61,55.28,55.2,55.0,57.19,62.7,55.21,53.87,53.81,54.37,57.27
2022-12-08 17:00:00,115.94,119.94,117.07,114.85,103.58,114.38,119.11,115.61,118.19,120.6,115.65,114.84,114.76,111.71,131.71
2022-12-08 18:00:00,80.55,81.67,81.22,80.2,72.91,78.79,84.24,79.59,80.66,82.06,79.4,80.3,80.24,77.74,100.24
2022-12-08 19:00:00,53.37,54.47,54.3,52.56,43.93,52.27,57.9,52.87,53.33,54.77,53.0,52.56,52.51,52.14,74.22
2022-12-08 20:00:00,48.71,48.8,49.38,48.09,38.03,48.21,52.42,48.38,48.58,49.0,48.54,48.07,48.02,48.93,64.71
2022-12-08 21:00:00,42.95,43.05,43.55,42.41,35.1,42.5,46.22,42.54,42.65,43.25,42.63,42.41,42.37,43.25,58.3
2022-12-08 22:00:00,37.89,37.76,38.35,37.43,33.03,37.72,40.51,37.69,37.86,37.82,37.79,37.42,37.4,38.36,51.42
2022-12-08 23:00:00,33.49,33.41,33.96,32.97,28.32,33.54,35.9,33.39,33.73,33.49,33.51,32.95,32.94,34.22,46.57
2022-12-09 00:00:00,33.56,33.31,33.89,33.29,32.57,33.27,35.68,33.31,33.34,33.3,33.38,33.29,33.29,34.01,45.99
2022-12-09 01:00:00,30.61,30.34,30.97,30.29,29.58,30.35,32.89,30.33,30.35,30.34,30.39,30.3,30.3,31.07,42.69
2022-12-09 02:00:00,30.06,29.79,30.38,29.79,29.41,29.77,32.19,29.76,29.75,29.79,29.83,29.8,29.8,30.46,41.79
2022-12-09 03:00:00,29.73,29.53,30.0,29.5,29.07,29.53,31.43,29.49,29.55,29.53,29.56,29.51,29.51,30.26,40.72
2022-12-09 04:00:00,30.91,30.73,31.18,30.66,30.32,30.78,32.53,30.71,30.82,30.74,30.76,30.66,30.67,31.54,42.14
2022-12-09 05:00:00,37.57,37.36,37.89,37.27,37.33,37.41,39.5,37.3,37.46,37.36,37.35,37.28,37.3,38.34,50.91
2022-12-09 06:00:00,46.49,46.26,46.82,46.2,45.63,46.28,48.53,46.19,46.3,46.26,46.23,46.24,46.2,47.03,59.85
2022-12-09 07:00:00,45.98,45.71,46.2,45.86,45.49,45.63,47.58,45.64,45.63,45.71,45.63,45.91,45.89,46.11,56.07
2022-12-09 08:00:00,43.91,43.85,44.0,43.82,43.78,43.88,44.46,43.86,43.89,43.88,43.88,43.83,43.83,44.12,48.47
2022-12-09 09:00:00,43.13,44.0,43.28,42.9,42.88,43.18,43.04,43.08,43.23,44.05,43.12,42.9,42.9,43.25,44.1
2022-12-09 10:00:00,43.25,44.81,43.47,42.91,42.94,43.18,42.97,43.07,43.24,45.06,43.11,42.92,42.91,43.21,43.28
2022-12-09 11:00:00,41.82,45.74,42.43,40.77,40.91,42.21,41.0,41.53,42.87,45.95,41.7,40.79,40.77,42.43,41.3
2022-12-09 12:00:00,40.65,45.45,41.36,39.47,39.67,40.92,39.61,40.31,41.31,45.79,40.49,39.49,39.46,41.36,40.02
2022-12-09 13:00:00,38.79,44.23,39.6,37.41,37.62,39.17,37.6,38.35,40.08,44.7,38.56,37.44,37.41,39.97,37.97
2022-12-09 14:00:00,38.32,44.0,39.1,37.06,37.37,38.29,37.05,37.74,39.38,44.52,37.89,37.11,37.07,39.38,37.83
2022-12-09 15:00:00,37.97,41.41,38.35,37.49,37.31,37.24,37.24,37.5,38.28,42.0,37.52,37.54,37.52,38.32,38.07
2022-12-09 16:00:00,48.63,51.0,48.93,48.28,47.73,48.05,48.41,48.43,49.16,51.3,48.48,48.3,48.28,48.72,49.26
2022-12-09 17:00:00,66.29,67.97,66.72,65.84,64.02,65.66,67.4,66.33,66.87,68.26,66.47,65.86,65.83,66.39,73.66
2022-12-09 18:00:00,45.35,46.75,45.76,44.92,43.18,44.65,46.72,45.19,45.92,47.05,45.32,44.95,44.93,45.65,53.82
2022-12-09 19:00:00,42.16,43.87,42.57,41.68,39.45,41.58,43.15,42.21,42.67,44.01,42.37,41.71,41.69,42.29,49.21
2022-12-09 20:00:00,41.43,41.51,41.72,41.17,38.46,40.94,43.25,41.29,41.35,41.61,41.37,41.19,41.18,43.03,49.17
2022-12-09 21:00:00,40.29,40.29,40.49,40.17,38.48,39.74,41.75,40.21,40.32,40.34,40.29,40.18,40.17,40.71,46.56
2022-12-09 22:00:00,36.33,36.3,36.5,36.32,34.66,35.54,37.82,36.27,36.48,36.43,36.32,36.33,36.32,35.67,43.11
2022-12-09 23:00:00,35.0,34.89,35.14,35.08,32.91,34.16,36.41,35.16,35.61,34.9,35.25,35.07,35.06,33.93,41.13
2022-12-10 00:00:00,40.89,40.51,40.98,41.25,41.21,39.05,43.12,40.81,41.15,40.49,40.82,41.28,41.27,36.98,47.74
2022-12-10 01:00:00,39.52,39.23,39.61,39.77,39.64,38.12,41.32,39.45,39.73,39.21,39.45,39.79,39.79,36.59,45.99
2022-12-10 02:00:00,37.41,37.05,37.54,37.62,37.78,36.04,39.45,37.18,37.3,37.04,37.15,37.65,37.65,34.94,44.47
2022-12-10 03:00:00,36.96,36.64,37.11,37.08,37.08,35.84,38.85,36.76,36.88,36.63,36.74,37.11,37.11,34.97,43.71
2022-12-10 04:00:00,37.55,37.25,37.71,37.62,37.87,36.52,39.47,37.37,37.54,37.24,37.37,37.64,37.64,35.66,44.37
2022-12-10 05:00:00,38.25,37.88,38.39,38.42,38.46,36.99,40.28,37.89,37.87,37.86,37.83,38.47,38.46,36.17,46.16
2022-12-10 06:00:00,36.17,35.83,36.51,35.96,34.17,35.46,38.78,35.96,36.11,35.83,35.98,35.98,35.96,35.05,45.82
2022-12-10 07:00:00,36.66,36.35,36.91,36.53,33.68,36.01,38.74,36.33,36.34,36.34,36.29,36.58,36.53,35.93,46.16
2022-12-10 08:00:00,36.24,36.14,36.38,36.12,33.91,36.07,37.2,36.16,36.21,36.14,36.17,36.14,36.11,36.06,40.0
2022-12-10 09:00:00,38.02,38.22,38.1,38.02,36.99,37.62,38.55,38.02,38.09,38.39,38.02,38.04,37.96,37.18,39.57
2022-12-10 10:00:00,38.56,38.92,38.56,38.67,38.32,37.8,38.83,38.58,38.62,39.17,38.59,38.68,38.68,37.03,39.51
2022-12-10 11:00:00,37.15,37.69,37.14,37.38,37.04,35.96,37.53,37.33,37.58,38.1,37.36,37.38,37.38,34.44,37.81
2022-12-10 12:00:00,36.76,37.38,36.73,37.08,37.1,35.31,37.16,37.1,37.3,37.85,37.08,37.08,37.08,33.63,37.32
2022-12-10 13:00:00,37.99,41.13,38.3,37.91,37.93,36.09,38.07,38.11,38.42,42.04,38.19,37.91,37.9,34.47,38.3
2022-12-10 14:00:00,39.43,44.0,39.97,38.96,39.09,37.69,39.22,40.14,40.13,44.84,39.94,38.98,38.94,36.33,39.47
2022-12-10 15:00:00,39.02,43.02,39.5,38.59,38.74,37.52,38.87,40.01,39.66,43.55,39.61,38.62,38.58,38.36,39.17
2022-12-10 16:00:00,47.48,51.99,48.1,46.91,47.29,45.82,47.68,49.33,48.18,52.41,48.32,46.94,46.89,46.7,49.91
2022-12-10 17:00:00,68.08,68.11,68.3,68.11,68.47,66.82,70.15,68.0,67.97,68.42,68.19,68.12,68.13,67.99,77.36
2022-12-10 18:00:00,57.82,57.56,58.18,57.57,57.86,57.19,60.4,57.47,57.48,57.82,57.71,57.57,57.58,58.81,70.06
2022-12-10 19:00:00,43.14,42.87,43.49,42.86,43.39,42.62,45.6,42.68,42.7,43.05,42.69,42.87,42.89,44.07,54.48
2022-12-10 20:00:00,41.53,41.13,41.91,41.24,41.99,40.95,44.3,41.03,41.06,41.13,41.01,41.24,41.27,42.5,54.35
2022-12-10 21:00:00,41.2,40.9,41.59,40.9,41.67,40.59,43.96,40.66,40.64,40.97,40.62,40.92,40.89,42.25,53.96
2022-12-10 22:00:00,45.53,45.12,45.9,45.24,46.12,44.95,48.3,45.03,44.91,45.12,45.0,45.26,45.25,46.72,59.29
2022-12-10 23:00:00,41.51,41.12,41.86,41.24,41.98,40.93,44.14,41.02,40.87,41.13,40.99,41.25,41.27,42.68,54.32
2022-12-11 00:00:00,41.14,40.74,41.64,40.67,41.28,40.78,44.37,40.73,40.76,40.74,40.74,40.66,40.67,41.7,55.05
2022-12-11 01:00:00,38.23,37.87,38.67,37.81,38.37,37.89,41.1,37.86,37.89,37.87,37.86,37.8,37.81,38.64,50.7
2022-12-11 02:00:00,35.44,35.07,35.9,35.0,35.42,35.12,38.4,35.05,35.15,35.08,35.03,34.99,35.0,35.66,48.0
2022-12-11 03:00:00,34.58,34.23,35.08,34.06,34.44,34.39,37.63,34.25,34.44,34.24,34.25,34.04,34.06,35.01,47.84
2022-12-11 04:00:00,33.56,33.21,34.07,33.0,33.3,33.39,36.69,33.23,33.46,33.21,33.23,32.98,33.0,34.08,47.48
2022-12-11 05:00:00,35.87,35.52,36.44,35.25,34.73,35.76,39.25,35.57,35.85,35.52,35.58,35.22,35.23,36.47,50.84
2022-12-11 06:00:00,37.37,37.17,38.02,36.55,32.05,37.53,40.84,37.39,37.65,37.18,37.44,36.81,36.34,37.98,51.8
2022-12-11 07:00:00,39.17,39.12,39.86,38.26,31.49,39.59,42.46,39.44,39.73,39.13,39.5,38.7,37.92,40.07,52.71
2022-12-11 08:00:00,39.79,39.79,40.35,39.01,30.21,40.24,42.37,40.08,40.38,39.8,40.16,39.23,38.74,40.57,50.17
2022-12-11 09:00:00,39.05,39.18,39.4,38.52,32.83,39.5,40.39,39.42,39.59,39.19,39.44,38.82,38.23,39.83,45.46
2022-12-11 10:00:00,38.46,38.51,38.58,38.26,34.51,38.65,38.89,38.59,38.64,38.51,38.61,38.37,38.16,38.79,40.17
2022-12-11 11:00:00,38.69,38.81,38.82,38.46,34.21,38.93,39.1,38.86,38.91,38.83,38.88,38.56,38.33,39.15,40.3
2022-12-11 12:00:00,35.8,35.93,35.96,35.46,31.48,36.36,36.07,36.1,36.16,35.93,36.09,35.69,35.23,36.96,37.14
2022-12-11 13:00:00,38.61,39.12,38.86,38.1,31.8,39.37,38.86,39.42,39.24,39.28,39.34,38.36,37.81,40.03,40.07
2022-12-11 14:00:00,35.28,35.85,35.55,34.63,27.47,36.44,35.3,36.23,36.04,36.02,36.1,35.01,34.25,37.7,36.41
2022-12-11 15:00:00,35.41,36.11,35.76,34.65,24.9,36.7,35.6,36.75,36.51,36.32,36.62,34.9,34.32,37.88,37.25
2022-12-11 16:00:00,43.41,43.73,43.79,42.81,30.88,43.99,44.62,43.91,44.06,43.82,43.98,43.07,42.47,44.77,47.91
2022-12-11 17:00:00,67.84,68.01,68.97,66.16,36.65,69.17,72.54,68.73,69.57,68.04,69.0,66.41,65.58,69.88,87.13
2022-12-11 18:00:00,50.48,51.03,52.07,48.01,4.58,52.66,56.57,52.22,53.16,51.12,52.56,48.81,46.85,53.22,73.45
2022-12-11 19:00:00,44.47,45.01,45.91,42.25,-6.83,46.4,49.96,45.9,46.93,45.12,46.28,42.71,41.37,46.9,64.68
2022-12-11 20:00:00,40.91,41.56,42.06,38.94,-9.81,43.19,44.54,42.52,43.79,41.63,42.88,39.31,38.17,43.87,56.56
2022-12-11 21:00:00,37.73,38.2,38.61,36.21,-11.89,39.55,40.49,38.98,40.03,38.24,39.26,36.48,35.66,40.08,50.42
2022-12-11 22:00:00,37.86,38.12,38.51,36.71,-11.9,39.29,39.92,38.63,39.76,38.15,38.89,36.64,36.5,39.99,48.91
2022-12-11 23:00:00,34.62,35.08,35.14,33.52,-14.91,36.47,35.5,35.69,37.04,35.11,36.01,33.46,33.34,37.13,43.02
2022-12-12 00:00:00,40.0,40.33,40.67,38.81,-4.91,41.54,41.99,40.86,42.02,40.36,41.12,38.75,41.15,42.15,50.77
2022-12-12 01:00:00,30.59,31.22,31.2,29.28,-10.26,32.87,31.42,31.93,33.53,31.27,32.28,29.2,31.47,33.57,38.62
2022-12-12 02:00:00,28.27,29.07,28.85,26.91,-8.26,30.93,28.49,29.87,31.69,29.12,30.23,26.86,29.49,31.8,35.36
2022-12-12 03:00:00,27.07,28.07,27.55,25.68,-6.11,30.2,26.24,28.94,31.08,28.13,29.34,25.62,27.25,31.1,32.07
2022-12-12 04:00:00,27.57,28.62,27.94,26.31,0.6,30.72,26.11,29.44,31.6,28.67,29.79,26.26,27.63,31.83,31.21
2022-12-12 05:00:00,32.89,34.09,33.18,31.63,6.0,36.31,30.71,34.91,37.23,34.14,35.19,31.67,32.52,37.7,36.27
2022-12-12 06:00:00,49.54,52.28,49.86,47.24,12.46,56.82,43.1,53.99,58.79,52.44,54.74,47.15,46.95,59.71,49.02
2022-12-12 07:00:00,50.05,53.31,50.37,47.37,10.29,58.74,42.05,55.34,61.1,53.63,56.38,47.28,47.05,61.41,48.07
2022-12-12 08:00:00,40.28,43.71,40.34,37.97,11.79,48.39,31.3,45.56,50.06,43.99,46.37,37.99,37.75,51.02,32.22
2022-12-12 09:00:00,32.27,37.14,31.23,31.08,2.2,41.1,15.61,38.91,42.42,37.55,38.85,32.12,31.43,43.43,12.53
2022-12-12 10:00:00,28.43,33.82,26.83,27.88,-7.46,37.34,8.27,35.58,38.63,34.29,35.31,28.59,28.34,39.48,5.21
2022-12-12 11:00:00,28.73,34.97,26.3,29.55,-11.08,35.8,4.89,35.67,36.88,35.76,35.19,29.9,30.22,37.21,2.76
2022-12-12 12:00:00,28.3,35.17,25.64,29.72,-12.64,33.95,3.74,35.05,34.9,36.3,34.12,29.85,30.41,34.67,2.87
2022-12-12 13:00:00,26.66,34.24,23.84,28.56,-14.24,30.94,1.61,33.96,32.19,35.52,33.25,28.54,29.59,32.26,2.72
2022-12-12 14:00:00,26.57,34.93,24.02,28.08,-14.87,31.01,2.05,35.05,34.36,36.31,34.26,28.09,28.89,33.19,2.44
2022-12-12 15:00:00,27.12,36.78,24.7,28.53,-15.28,31.1,2.37,36.85,34.83,38.36,36.04,28.4,29.25,33.31,1.85
2022-12-12 16:00:00,32.3,43.29,30.11,33.29,-13.7,36.52,7.35,44.07,41.29,45.17,42.98,33.27,33.69,38.16,5.5
2022-12-12 17:00:00,51.83,59.85,50.57,51.72,-7.74,56.42,34.3,64.02,64.13,61.26,63.7,51.67,52.05,58.08,41.5
2022-12-12 18:00:00,44.01,50.36,42.83,44.55,-10.0,45.97,30.42,51.78,51.52,51.39,50.58,44.54,45.01,46.76,39.75
2022-12-12 19:00:00,36.14,42.72,34.53,36.78,-11.99,39.72,18.89,46.56,46.82,43.56,45.45,36.59,37.29,39.94,27.58
2022-12-12 20:00:00,39.19,45.0,36.19,42.21,-11.46,40.1,17.47,45.88,46.26,45.57,44.39,42.13,44.37,40.09,27.07
2022-12-12 21:00:00,35.01,40.32,31.98,38.3,-12.38,35.1,14.2,41.6,39.74,40.78,40.05,38.18,40.63,34.0,23.29
2022-12-12 22:00:00,28.75,32.8,26.64,31.11,-12.55,28.53,14.13,32.52,34.19,33.15,31.44,31.22,32.3,26.28,23.43
2022-12-12 23:00:00,25.38,29.25,23.8,27.04,-13.61,25.36,13.57,29.79,33.35,29.75,28.97,26.71,27.97,22.68,21.96
2022-12-13 00:00:00,25.7,27.36,24.97,27.08,-9.86,23.27,22.15,27.52,28.02,27.5,27.34,27.33,27.67,22.02,28.42
2022-12-13 01:00:00,18.78,20.14,18.24,19.91,-13.01,16.53,16.39,20.66,21.38,20.23,20.59,20.12,20.36,15.03,23.04
2022-12-13 02:00:00,19.25,20.24,19.0,20.13,-12.66,16.66,18.98,20.85,21.86,20.36,20.79,20.32,20.45,14.61,27.79
2022-12-13 03:00:00,23.24,23.72,23.29,23.98,-11.04,19.91,25.57,24.2,25.28,23.77,23.97,24.3,24.17,17.94,35.31
2022-12-13 04:00:00,27.14,27.5,27.33,27.7,-10.51,23.99,30.15,28.04,29.16,27.53,27.92,27.97,27.79,22.76,40.43
2022-12-13 05:00:00,36.02,36.49,36.25,36.63,-8.4,32.48,39.4,36.71,37.46,36.58,36.5,36.93,36.71,31.1,50.8
2022-12-13 06:00:00,48.82,49.99,48.45,50.58,-1.26,43.47,49.76,49.1,48.84,50.14,48.27,51.24,50.96,42.39,63.43
2022-12-13 07:00:00,51.32,52.8,51.04,53.22,-0.98,44.9,53.25,51.53,51.26,53.1,50.84,53.75,53.52,43.05,67.66
2022-12-13 08:00:00,47.23,49.83,46.36,49.7,-2.39,40.8,45.11,47.65,47.14,50.55,46.91,49.95,50.26,37.98,49.13
2022-12-13 09:00:00,44.57,48.75,42.83,47.47,-2.56,40.27,34.85,46.22,44.52,49.59,45.81,47.66,48.7,42.5,35.47
2022-12-13 10:00:00,40.24,46.92,37.59,43.61,-8.69,37.86,21.95,43.45,40.93,47.89,43.64,43.67,45.17,41.58,21.94
2022-12-13 11:00:00,31.9,41.07,28.92,34.78,-11.3,32.5,7.35,38.06,35.31,42.63,37.8,34.82,36.41,41.15,6.75
2022-12-13 12:00:00,31.74,40.28,27.99,35.79,-12.22,31.59,4.29,36.28,34.4,41.94,36.01,36.31,37.78,39.7,4.1
2022-12-13 13:00:00,32.38,42.38,29.23,34.68,-12.28,36.16,3.68,40.13,38.94,44.39,42.41,34.96,36.52,41.26,2.75
2022-12-13 14:00:00,33.29,43.55,30.52,34.33,-11.63,40.32,3.9,43.7,44.04,45.36,47.29,34.44,35.81,46.28,2.68
2022-12-13 15:00:00,34.8,46.18,32.38,35.0,-10.71,43.34,5.0,46.04,47.64,48.37,50.04,35.09,36.37,48.83,3.34
2022-12-13 16:00:00,38.72,48.73,36.68,38.0,-9.62,49.46,10.52,54.7,53.19,49.81,55.38,37.67,38.06,53.84,8.75
2022-12-13 17:00:00,68.87,74.02,69.05,66.98,13.19,74.55,60.64,77.11,76.44,74.93,78.38,67.07,66.96,79.57,64.99
2022-12-13 18:00:00,56.7,59.3,56.52,56.89,0.01,56.26,53.62,58.32,57.57,59.57,58.37,57.25,57.01,58.99,60.26
2022-12-13 19:00:00,50.84,52.05,50.86,50.74,0.94,50.98,49.66,51.97,51.57,52.33,51.87,51.02,50.78,53.98,56.64
2022-12-13 20:00:00,49.72,50.88,49.63,49.86,-1.27,49.38,48.4,49.97,49.6,51.25,49.98,50.13,50.03,51.89,53.96
2022-12-13 21:00:00,45.99,46.85,46.12,45.63,-1.75,46.57,45.41,46.51,46.33,47.11,46.67,45.73,45.63,50.41,50.51
2022-12-13 22:00:00,42.14,42.34,42.28,42.02,8.63,41.87,42.9,42.06,41.88,42.43,41.84,42.27,42.06,43.41,48.39
2022-12-13 23:00:00,40.56,40.94,40.56,40.4,16.63,41.07,39.84,41.07,40.95,40.97,41.16,40.65,40.44,42.31,44.65
2022-12-14 00:00:00,35.82,35.83,36.01,35.63,31.25,35.63,36.95,35.86,35.84,35.84,35.88,35.61,35.58,38.38,41.23
2022-12-14 01:00:00,34.33,34.36,34.5,34.18,30.35,34.14,35.32,34.36,34.31,34.37,34.37,34.18,34.14,37.12,39.17
2022-12-14 02:00:00,33.19,33.2,33.32,33.09,31.31,32.96,34.03,33.17,33.1,33.21,33.17,33.1,33.08,36.04,37.13
2022-12-14 03:00:00,32.99,32.99,33.06,32.97,32.32,32.71,33.57,32.93,32.82,33.0,32.87,33.04,32.99,35.09,36.65
2022-12-14 04:00:00,32.76,32.68,32.87,32.62,32.26,32.8,33.38,32.59,32.44,32.68,32.56,32.65,32.63,34.91,36.48
2022-12-14 05:00:00,37.82,37.86,37.89,37.93,37.87,37.01,38.75,37.84,37.82,37.85,37.78,37.99,37.95,37.95,42.41
2022-12-14 06:00:00,56.53,57.0,56.49,57.18,57.06,53.96,57.84,56.97,56.93,56.99,56.78,57.31,57.24,54.46,61.48
2022-12-14 07:00:00,57.63,58.28,57.6,58.66,58.57,53.5,59.98,58.34,57.9,58.32,57.77,58.9,58.75,52.64,64.27
2022-12-14 08:00:00,49.39,51.06,49.12,51.1,51.13,43.48,50.86,50.7,49.98,51.28,49.94,51.32,51.21,41.02,52.38
2022-12-14 09:00:00,37.63,41.4,36.9,39.73,37.91,31.76,34.73,40.27,37.53,41.94,38.89,40.48,40.11,34.4,33.7
2022-12-14 10:00:00,34.65,39.05,33.78,36.89,34.42,28.85,30.33,38.52,33.37,39.81,37.07,37.71,37.29,33.38,28.56
2022-12-14 11:00:00,33.53,38.41,32.78,35.48,33.27,28.22,29.02,36.61,32.37,39.2,35.46,36.21,35.87,32.85,26.89
2022-12-14 12:00:00,32.73,37.42,32.05,34.5,32.3,27.97,28.32,35.87,31.33,38.15,34.46,35.16,34.85,32.87,26.05
2022-12-14 13:00:00,33.57,38.19,32.97,35.32,33.2,28.55,29.81,38.05,32.32,38.89,36.14,35.85,35.58,33.45,28.01
2022-12-14 14:00:00,33.22,37.27,32.87,33.92,31.9,31.37,28.92,35.59,31.41,37.85,34.81,34.32,34.11,36.27,27.27
2022-12-14 15:00:00,38.68,40.78,38.59,39.13,38.53,36.92,37.55,40.12,36.95,41.22,38.51,39.3,39.24,41.23,36.55
2022-12-14 16:00:00,48.6,49.7,48.63,48.82,48.65,47.26,48.73,48.37,47.66,50.07,48.11,48.82,48.83,50.36,49.07
2022-12-14 17:00:00,79.0,79.15,79.35,78.72,77.4,78.33,81.18,78.86,78.9,79.3,78.82,78.75,78.72,82.04,93.4
2022-12-14 18:00:00,73.75,73.42,74.43,73.27,70.6,72.73,78.31,73.15,73.34,73.48,73.15,73.45,73.32,76.83,94.22
2022-12-14 19:00:00,64.73,64.18,65.5,64.28,60.58,63.25,70.3,63.71,68.99,64.2,63.35,64.42,64.35,68.42,89.28
2022-12-14 20:00:00,60.99,60.31,61.85,60.51,57.08,59.48,67.11,59.72,61.43,60.34,59.5,60.6,60.63,65.11,89.73
2022-12-14 21:00:00,58.29,57.82,59.06,57.94,53.45,56.54,63.95,57.49,57.51,57.9,57.87,58.0,58.02,61.64,84.51
2022-12-14 22:00:00,45.7,45.24,46.43,45.0,39.87,45.3,50.19,44.98,47.22,45.28,45.01,45.01,45.0,47.96,65.43
2022-12-14 23:00:00,44.51,44.18,45.04,44.09,40.5,43.95,47.96,44.06,44.3,44.22,44.02,44.1,44.1,46.53,60.28
2022-12-15 00:00:00,35.7,35.74,36.07,35.32,32.57,35.44,37.79,35.67,35.83,35.76,35.83,35.29,35.29,38.6,45.76
2022-12-15 01:00:00,35.38,35.43,35.75,35.0,32.63,35.13,37.44,35.34,35.52,35.45,35.51,34.98,34.98,38.39,45.6
2022-12-15 02:00:00,35.71,35.7,36.07,35.34,33.56,35.47,37.78,35.69,35.78,35.72,35.83,35.32,35.32,38.91,45.78
2022-12-15 03:00:00,36.38,36.42,36.77,35.95,33.75,36.16,38.55,36.36,36.53,36.44,36.52,35.93,35.92,39.39,47.44
2022-12-15 04:00:00,39.29,39.34,39.7,38.85,36.47,39.1,41.5,39.3,39.47,39.37,39.45,38.82,38.82,42.38,50.86
2022-12-15 05:00:00,49.99,49.92,50.54,49.34,47.02,50.0,52.9,50.02,50.5,49.94,50.21,49.32,49.31,53.26,67.3
2022-12-15 06:00:00,75.55,75.43,76.11,74.83,72.15,75.81,78.38,75.7,78.0,75.44,75.76,75.75,76.33,79.11,92.3
2022-12-15 07:00:00,89.85,89.83,90.39,89.2,86.99,89.96,92.57,90.01,93.64,89.83,89.88,89.77,90.45,92.84,105.37
2022-12-15 08:00:00,58.01,58.09,58.09,57.98,57.41,57.8,58.48,58.3,58.68,58.09,58.04,58.17,57.98,59.35,61.36
2022-12-15 09:00:00,47.51,47.62,47.51,47.54,47.44,47.36,47.52,47.59,47.66,47.63,47.51,47.62,47.55,48.79,47.67
2022-12-15 10:00:00,41.25,41.31,41.25,41.27,41.23,41.18,41.25,41.32,41.31,41.32,41.27,41.28,41.27,43.01,41.33
2022-12-15 11:00:00,36.91,36.92,36.92,36.92,36.84,36.91,36.92,36.94,36.9,36.93,36.93,36.91,36.91,38.68,37.0
2022-12-15 12:00:00,35.51,35.56,35.51,35.53,35.37,35.42,35.53,35.51,35.55,35.57,35.51,35.53,35.53,37.22,35.65
2022-12-15 13:00:00,34.99,34.99,34.99,34.99,34.92,34.98,34.99,34.99,34.97,35.0,35.0,34.99,34.99,37.15,35.1
2022-12-15 14:00:00,34.93,35.08,34.93,34.99,34.89,34.66,34.98,34.91,35.09,35.09,34.92,34.99,34.99,36.49,35.11
2022-12-15 15:00:00,35.26,35.38,35.26,35.3,35.24,35.06,35.3,35.24,35.41,35.39,35.23,35.31,35.31,36.87,35.41
2022-12-15 16:00:00,47.27,47.37,47.28,47.29,47.26,47.12,47.34,47.23,47.41,47.37,47.22,47.29,47.3,47.98,47.59
2022-12-15 17:00:00,71.58,71.33,72.16,70.96,70.02,71.28,75.08,71.34,71.47,71.42,71.6,70.93,70.93,72.24,88.61
2022-12-15 18:00:00,63.48,63.16,64.19,62.78,62.17,62.99,67.83,63.23,63.36,63.21,63.43,62.78,62.76,64.43,83.51
2022-12-15 19:00:00,60.72,60.53,61.43,60.0,59.61,60.27,64.93,60.68,61.03,60.54,60.85,60.04,59.99,62.87,82.93
2022-12-15 20:00:00,55.27,55.14,55.99,54.45,54.52,55.12,59.24,55.18,55.79,55.15,55.48,54.53,54.45,58.34,78.99
2022-12-15 21:00:00,53.97,53.76,54.6,53.34,53.37,53.53,57.77,53.77,54.04,53.79,53.92,53.37,53.34,56.09,74.78
2022-12-15 22:00:00,44.81,44.6,45.46,44.1,44.14,44.57,48.56,44.54,44.94,44.62,44.8,44.09,44.1,47.55,64.89
2022-12-15 23:00:00,41.62,41.34,42.23,41.04,41.1,41.0,45.51,41.41,41.55,41.35,41.48,41.03,41.03,43.55,60.52
2022-12-16 00:00:00,36.97,36.6,37.39,36.67,37.55,36.19,40.1,36.77,36.95,36.6,36.91,36.67,36.67,36.25,50.9
2022-12-16 01:00:00,36.41,36.11,36.77,36.17,36.99,35.72,39.07,36.27,36.46,36.1,36.4,36.17,36.18,35.87,48.56
2022-12-16 02:00:00,36.67,36.35,37.07,36.34,37.09,36.18,39.41,36.43,36.47,36.35,36.53,36.34,36.34,36.72,49.02
2022-12-16 03:00:00,37.86,37.47,38.42,37.3,37.73,37.51,41.41,37.62,37.82,37.48,37.76,37.31,37.29,37.95,53.66
2022-12-16 04:00:00,38.43,38.03,39.04,37.8,38.06,38.15,42.16,38.18,38.39,38.03,38.33,37.81,37.79,38.66,54.47
2022-12-16 05:00:00,50.2,49.71,50.97,49.39,49.86,49.91,54.88,49.91,50.15,49.72,50.01,49.42,49.36,50.53,70.26
2022-12-16 06:00:00,68.19,67.99,68.82,67.5,66.51,68.0,71.81,68.33,68.4,68.01,68.33,67.78,68.54,68.95,84.45
2022-12-16 07:00:00,69.67,69.64,70.21,68.99,68.62,69.83,72.39,69.91,70.4,69.71,69.93,69.49,70.49,70.57,81.86
2022-12-16 08:00:00,50.27,50.32,50.37,50.13,50.23,50.33,50.71,50.41,50.42,50.58,50.41,50.33,50.04,50.9,52.0
2022-12-16 09:00:00,49.23,49.23,49.24,49.22,49.23,49.26,49.24,49.26,49.44,49.52,49.25,49.25,49.22,49.66,49.27
2022-12-16 10:00:00,39.42,39.45,39.42,39.43,39.43,39.37,39.43,39.44,39.49,39.57,39.43,39.45,39.43,39.95,39.47
2022-12-16 11:00:00,37.07,37.1,37.07,37.08,37.07,37.02,37.08,37.09,37.15,37.23,37.08,37.1,37.08,37.62,37.13
2022-12-16 12:00:00,36.61,36.65,36.61,36.62,36.62,36.55,36.63,36.62,36.68,36.73,36.61,36.64,36.63,37.25,36.7
2022-12-16 13:00:00,36.38,36.38,36.38,36.39,36.39,36.37,36.39,36.41,36.4,36.46,36.43,36.39,36.39,37.26,36.46
2022-12-16 14:00:00,36.48,36.5,36.48,36.49,36.49,36.46,36.49,36.49,36.51,36.55,36.5,36.49,36.49,37.16,36.59
2022-12-16 15:00:00,38.12,38.12,38.12,38.12,38.12,38.13,38.13,38.13,38.16,38.15,38.14,38.12,38.12,38.83,38.21
2022-12-16 16:00:00,54.87,54.87,54.88,54.86,54.86,54.87,54.9,54.89,54.92,55.08,54.9,54.87,54.86,55.04,55.12
2022-12-16 17:00:00,73.38,73.25,73.59,73.16,72.78,73.29,74.66,73.3,73.38,73.49,73.38,73.16,73.15,73.57,79.38
2022-12-16 18:00:00,62.0,61.71,62.41,61.61,61.53,61.64,64.69,61.88,61.96,61.9,61.9,61.62,61.59,62.05,73.46
2022-12-16 19:00:00,58.96,58.7,59.34,58.58,58.25,58.67,61.4,58.86,58.94,58.87,58.89,58.62,58.57,59.18,69.81
2022-12-16 20:00:00,55.2,54.96,55.57,54.83,54.64,55.0,57.47,55.06,55.16,55.09,55.1,54.85,54.81,55.44,65.45
2022-12-16 21:00:00,52.0,51.73,52.43,51.55,51.25,51.83,54.6,51.82,51.96,51.9,51.88,51.57,51.54,52.12,63.51
2022-12-16 22:00:00,50.92,50.64,51.29,50.6,50.57,50.47,53.47,50.72,50.79,50.76,50.74,50.6,50.6,50.85,62.27
2022-12-16 23:00:00,45.53,44.54,46.11,45.41,46.62,43.41,51.09,44.5,44.28,44.66,44.01,45.43,45.45,43.56,65.58
2022-12-17 00:00:00,36.2,35.23,36.58,37.19,38.42,30.51,43.4,38.41,41.5,35.2,38.79,37.23,37.18,20.71,57.95
2022-12-17 01:00:00,35.76,34.76,36.05,37.04,38.18,29.44,42.97,38.26,41.43,34.71,38.65,37.07,37.02,19.26,56.07
2022-12-17 02:00:00,36.3,35.22,36.59,37.74,39.23,29.26,44.16,38.95,42.3,35.17,39.38,37.79,37.73,18.89,59.16
2022-12-17 03:00:00,37.7,36.58,37.98,39.19,40.63,30.51,45.63,40.46,43.82,36.53,40.87,39.24,39.18,20.54,60.38
2022-12-17 04:00:00,37.29,36.16,37.65,38.72,40.29,29.98,45.73,40.05,43.58,36.12,40.55,38.77,38.71,20.3,62.4
2022-12-17 05:00:00,42.62,41.68,43.13,43.72,45.13,35.85,51.27,44.98,47.92,41.74,45.44,43.89,43.66,28.41,69.08
2022-12-17 06:00:00,54.32,53.18,54.66,55.77,57.32,47.0,62.7,56.49,58.63,53.31,56.65,56.18,57.5,41.31,79.37
2022-12-17 07:00:00,61.18,60.47,61.46,62.68,64.16,54.11,68.57,64.24,66.01,60.57,64.31,63.68,81.62,48.86,83.47
2022-12-17 08:00:00,51.95,51.97,51.67,53.97,55.06,45.1,55.65,54.15,55.57,52.26,54.14,54.33,60.96,37.38,60.96
2022-12-17 09:00:00,44.14,44.52,43.88,45.5,45.81,39.76,45.73,45.83,47.1,44.76,45.9,45.58,47.0,35.14,46.32
2022-12-17 10:00:00,40.26,40.74,40.08,41.27,41.39,36.88,41.41,41.62,42.43,40.92,41.69,41.33,41.78,34.09,41.57
2022-12-17 11:00:00,37.78,37.9,37.63,38.49,38.55,35.57,38.57,38.73,39.46,38.0,38.79,38.51,38.58,34.79,38.7
2022-12-17 12:00:00,35.74,35.9,35.63,36.3,36.35,33.94,36.38,36.5,37.03,35.95,36.57,36.31,36.33,33.64,36.52
2022-12-17 13:00:00,33.09,33.18,32.98,33.64,33.71,31.36,33.74,33.92,34.6,33.16,34.01,33.65,33.64,30.43,33.87
2022-12-17 14:00:00,32.41,32.56,32.36,32.75,32.77,31.34,32.78,32.83,33.02,32.55,32.87,32.75,32.74,31.35,32.92
2022-12-17 15:00:00,33.09,33.23,33.06,33.27,33.27,32.46,33.28,33.3,33.29,33.23,33.33,33.27,33.27,32.67,33.37
2022-12-17 16:00:00,39.81,39.97,39.78,40.0,39.99,39.14,40.01,40.03,40.0,40.04,40.03,40.0,40.0,38.61,40.1
2022-12-17 17:00:00,63.28,63.31,63.51,63.25,63.61,62.24,65.25,63.38,63.32,63.38,63.35,63.3,63.32,62.01,70.81
2022-12-17 18:00:00,59.16,59.0,59.51,58.87,59.37,58.7,61.49,59.11,59.13,59.08,59.09,58.98,59.37,59.19,68.34
2022-12-17 19:00:00,51.3,51.1,51.65,50.98,51.33,50.95,53.57,51.2,51.25,51.15,51.17,51.07,51.48,51.78,60.21
2022-12-17 20:00:00,45.71,45.6,46.03,45.38,45.75,45.55,47.59,45.62,45.79,45.66,45.66,45.46,45.88,46.4,54.09
2022-12-17 21:00:00,44.2,44.17,44.45,43.91,44.23,44.12,45.61,44.21,44.26,44.25,44.23,44.1,44.41,45.0,49.9
2022-12-17 22:00:00,44.61,44.54,44.88,44.34,44.62,44.39,46.26,44.57,44.64,44.58,44.59,44.43,44.85,45.01,51.43
2022-12-17 23:00:00,40.69,40.6,40.91,40.47,40.36,40.5,42.07,40.62,40.69,40.67,40.64,40.48,40.47,41.15,46.76
2022-12-18 00:00:00,50.61,50.49,50.82,50.39,50.57,50.51,51.9,50.49,50.55,50.53,50.51,50.38,50.39,51.22,57.46
2022-12-18 01:00:00,44.78,44.68,45.04,44.47,44.6,44.8,46.22,44.71,44.89,44.72,44.75,44.46,44.46,45.45,51.9
2022-12-18 02:00:00,44.51,44.36,44.78,44.19,44.27,44.45,46.12,44.39,44.53,44.41,44.42,44.19,44.19,45.07,51.94
2022-12-18 03:00:00,44.91,44.72,45.21,44.59,44.54,44.75,46.79,44.72,44.8,44.77,44.74,44.59,44.59,45.41,52.79
2022-12-18 04:00:00,42.35,42.31,42.69,41.92,41.61,42.45,44.08,42.38,42.51,42.36,42.52,42.17,41.76,43.11,50.1
2022-12-18 05:00:00,44.18,44.18,44.56,43.68,41.98,44.36,46.01,44.43,44.43,44.26,44.44,44.05,43.45,44.91,52.55
2022-12-18 06:00:00,51.25,51.5,51.68,50.59,48.2,51.75,52.86,51.91,51.81,51.61,51.89,51.48,50.51,52.7,58.86
2022-12-18 07:00:00,64.13,64.18,64.56,63.56,61.36,64.31,66.19,64.58,64.37,64.28,64.42,64.24,65.06,65.07,73.4
2022-12-18 08:00:00,54.85,55.58,55.09,54.08,52.63,56.59,54.12,56.18,57.11,55.74,56.86,54.86,53.69,57.67,55.78
2022-12-18 09:00:00,44.64,47.83,44.71,42.11,37.91,53.83,35.07,49.64,57.24,48.09,54.7,42.3,41.94,56.19,31.28
2022-12-18 10:00:00,35.7,38.67,35.72,33.42,29.39,44.23,26.57,40.44,47.39,38.87,44.42,33.46,33.27,46.28,22.91
2022-12-18 11:00:00,30.6,33.69,30.55,28.22,23.59,39.85,20.43,35.62,43.36,33.86,39.92,28.32,28.34,41.77,16.28
2022-12-18 12:00:00,26.58,29.72,26.52,24.24,19.71,35.64,16.49,31.54,38.98,29.88,35.59,24.42,24.15,37.31,12.23
2022-12-18 13:00:00,23.7,26.97,23.67,21.47,17.08,32.24,13.99,28.44,35.47,27.27,32.19,21.66,21.38,33.99,9.73
2022-12-18 14:00:00,22.16,25.31,21.88,20.36,14.44,30.14,11.69,26.83,33.05,25.55,29.98,20.5,20.3,31.6,7.93
2022-12-18 15:00:00,24.27,26.89,23.81,23.03,16.5,30.94,14.37,28.09,33.26,27.0,30.73,23.12,22.99,32.13,11.2
2022-12-18 16:00:00,27.4,29.58,27.11,26.24,20.59,33.06,19.54,30.81,35.08,29.67,32.94,26.31,26.19,34.18,16.96
2022-12-18 17:00:00,43.0,43.94,43.22,42.04,36.14,45.66,41.22,44.58,47.01,44.09,45.84,42.19,42.02,46.98,46.79
2022-12-18 18:00:00,44.59,45.63,44.82,43.53,36.55,47.52,42.6,46.36,48.97,45.72,47.77,43.76,43.52,49.14,50.47
2022-12-18 19:00:00,39.66,41.47,39.54,38.58,27.67,44.22,33.87,42.57,46.14,41.58,44.25,38.8,38.61,45.82,42.57
2022-12-18 20:00:00,37.56,39.76,37.15,36.62,23.09,42.83,29.4,40.76,45.02,39.87,42.95,36.88,36.68,44.32,38.4
2022-12-18 21:00:00,35.87,37.97,35.64,34.7,23.03,41.27,28.64,38.94,43.38,38.09,41.34,34.93,34.72,42.58,36.96
2022-12-18 22:00:00,28.26,30.59,28.49,26.1,17.82,35.38,21.91,31.96,38.27,30.7,35.54,26.31,26.09,37.11,29.58
2022-12-18 23:00:00,25.68,27.73,26.01,23.62,16.15,31.98,20.72,28.96,34.54,27.89,32.22,23.72,23.54,33.71,28.88
2022-12-19 00:00:00,21.07,23.41,21.73,18.2,13.45,29.03,16.27,25.24,32.23,23.56,29.16,18.09,17.97,30.38,23.27
2022-12-19 01:00:00,18.22,20.81,18.99,15.0,10.36,27.06,13.11,22.94,30.57,20.98,27.41,14.8,14.69,28.52,20.11
2022-12-19 02:00:00,18.89,21.14,19.71,15.82,11.64,26.84,15.04,23.13,30.03,21.3,27.22,15.62,15.53,28.18,23.08
2022-12-19 03:00:00,19.89,20.77,20.84,17.69,13.5,24.02,20.9,21.91,25.77,20.86,24.04,17.56,17.5,24.7,34.18
2022-12-19 04:00:00,24.86,25.07,25.96,22.98,18.19,27.19,28.59,25.87,28.28,25.12,27.13,22.89,22.82,27.76,44.65
2022-12-19 05:00:00,31.82,31.82,32.75,30.33,27.05,33.34,35.5,32.35,34.13,31.87,33.25,30.27,30.23,33.86,50.5
2022-12-19 06:00:00,42.13,42.1,42.71,41.26,38.62,42.81,44.68,42.4,43.23,42.21,42.78,41.23,41.19,43.2,55.08
2022-12-19 07:00:00,48.24,48.02,48.81,47.55,44.6,48.35,51.32,48.2,48.57,48.1,48.32,47.53,47.77,48.74,62.13
2022-12-19 08:00:00,51.59,51.55,51.69,51.5,51.36,51.49,52.24,51.54,51.55,51.67,51.53,51.5,51.5,51.59,53.84
2022-12-19 09:00:00,41.09,41.23,41.1,41.0,40.88,41.35,40.8,41.33,41.49,41.37,41.49,41.0,41.0,41.77,40.7
2022-12-19 10:00:00,38.7,38.78,38.71,38.68,38.63,38.77,38.6,38.76,38.83,38.87,38.88,38.67,38.67,39.17,38.57
2022-12-19 11:00:00,38.03,38.09,38.03,38.0,37.97,38.09,37.95,38.07,38.14,38.2,38.19,38.0,38.0,38.51,37.92
2022-12-19 12:00:00,36.54,36.62,36.55,36.54,36.53,36.49,36.53,36.52,36.53,36.75,36.58,36.54,36.54,36.87,36.55
2022-12-19 13:00:00,35.33,35.36,35.33,35.34,35.33,35.3,35.34,35.34,35.34,35.41,35.35,35.34,35.34,35.83,35.45
2022-12-19 14:00:00,34.52,34.53,34.52,34.52,34.51,34.49,34.53,34.52,34.53,34.58,34.53,34.52,34.52,34.69,34.64
2022-12-19 15:00:00,35.38,35.4,35.38,35.39,35.37,35.36,35.39,35.39,35.39,35.46,35.39,35.39,35.39,35.42,35.51
2022-12-19 16:00:00,49.77,49.95,49.79,49.78,49.76,49.64,49.79,49.73,49.7,50.12,49.72,49.77,49.78,49.75,49.99
2022-12-19 17:00:00,92.04,91.88,92.8,91.03,91.48,92.47,95.82,92.25,92.83,91.95,92.46,91.24,91.35,93.19,108.86
2022-12-19 18:00:00,65.57,65.6,66.23,64.6,64.85,66.32,68.4,65.99,66.73,65.67,66.27,64.84,64.96,67.08,84.4
2022-12-19 19:00:00,54.02,54.07,54.75,52.94,52.79,54.93,57.05,54.51,55.43,54.19,54.84,53.11,53.19,55.77,75.67
2022-12-19 20:00:00,52.09,52.11,52.81,51.08,51.11,52.84,55.22,52.43,53.29,52.26,52.73,51.21,51.27,53.63,71.76
2022-12-19 21:00:00,44.44,44.4,45.05,43.59,43.59,45.05,47.15,44.73,45.41,44.53,44.97,43.68,43.71,45.59,62.15
2022-12-19 22:00:00,40.34,40.12,40.95,39.57,39.73,40.65,43.46,40.34,40.91,40.19,40.54,39.55,39.53,41.17,56.07
2022-12-19 23:00:00,35.31,35.08,35.84,34.64,35.0,35.51,38.1,35.25,35.73,35.16,35.42,34.63,34.62,35.95,49.31
2022-12-20 00:00:00,35.33,35.0,36.36,33.98,34.34,36.01,40.44,35.51,36.46,35.02,35.89,33.96,33.9,36.52,60.44
2022-12-20 01:00:00,34.13,33.87,35.04,32.92,33.29,34.82,38.55,34.37,35.22,33.9,34.72,32.9,32.84,35.23,57.05
2022-12-20 02:00:00,33.47,33.17,34.26,32.46,32.82,33.87,37.55,33.53,34.18,33.19,33.79,32.44,32.4,34.26,53.56
2022-12-20 03:00:00,34.14,33.75,35.02,33.07,33.54,34.43,38.82,34.09,34.76,33.77,34.35,33.05,33.01,34.83,55.83
2022-12-20 04:00:00,34.1,33.63,35.13,32.85,33.4,34.4,39.63,34.01,34.79,33.65,34.32,32.83,32.79,34.89,59.63
2022-12-20 05:00:00,41.13,40.67,42.25,39.84,40.34,41.07,47.4,41.05,41.83,40.77,41.36,39.82,39.78,41.6,67.9
2022-12-20 06:00:00,50.9,50.68,51.8,49.86,50.44,50.86,55.79,50.96,51.62,50.92,51.25,49.9,49.86,51.71,74.04
2022-12-20 07:00:00,60.1,60.03,60.95,59.09,59.8,60.14,64.54,60.42,60.93,60.15,60.71,59.34,59.59,60.93,80.98
2022-12-20 08:00:00,49.51,49.63,49.82,49.21,49.41,49.22,51.21,58.21,49.82,49.83,50.04,49.21,49.2,49.56,56.58
2022-12-20 09:00:00,48.06,48.24,48.1,48.01,48.04,48.06,48.09,54.57,48.25,48.41,48.42,48.03,48.05,48.66,48.39
2022-12-20 10:00:00,44.89,44.97,44.89,44.9,44.89,44.79,44.9,45.39,44.86,45.1,45.0,44.9,44.9,45.53,45.1
2022-12-20 11:00:00,40.71,40.78,40.7,40.74,40.73,40.58,40.7,41.09,40.73,40.9,40.86,40.74,40.74,41.0,41.04
2022-12-20 12:00:00,36.48,36.6,36.48,36.5,36.49,36.42,36.41,36.84,36.46,36.7,36.59,36.5,36.5,36.63,36.81
2022-12-20 13:00:00,35.23,35.3,35.22,35.24,35.23,35.19,35.17,35.33,35.22,35.34,35.24,35.24,35.24,35.46,35.59
2022-12-20 14:00:00,34.43,34.48,34.43,34.44,34.41,34.4,34.42,34.44,34.42,34.5,34.44,34.44,34.44,34.64,34.91
2022-12-20 15:00:00,34.14,34.16,34.15,34.13,34.12,34.13,34.16,34.35,34.14,34.16,34.15,34.14,34.14,34.24,34.93
2022-12-20 16:00:00,37.3,37.28,37.43,37.14,37.16,37.36,37.96,37.35,37.43,37.32,37.39,37.14,37.13,37.56,40.35
2022-12-20 17:00:00,73.22,73.0,74.35,71.74,71.23,73.99,78.67,73.7,74.53,73.06,74.1,71.71,71.61,74.52,99.89
2022-12-20 18:00:00,61.2,60.82,62.5,59.52,56.49,61.95,67.71,61.55,62.42,60.89,61.96,59.49,59.38,62.66,90.62
2022-12-20 19:00:00,53.32,53.0,54.84,51.28,45.88,54.44,60.65,53.93,55.03,53.11,54.43,51.24,51.09,54.99,87.25
2022-12-20 20:00:00,53.23,52.89,54.91,50.97,43.52,54.56,61.21,53.99,55.18,53.02,54.5,50.92,50.74,55.01,89.21
2022-12-20 21:00:00,47.38,47.02,48.96,45.26,38.01,48.55,55.0,48.03,49.12,47.12,48.49,45.21,45.04,48.88,80.97
2022-12-20 22:00:00,43.63,43.14,45.27,41.5,36.49,44.55,51.87,44.09,45.17,43.22,44.56,41.47,41.32,45.07,79.69
2022-12-20 23:00:00,39.86,39.42,41.29,38.03,33.53,40.6,47.11,40.21,41.12,39.49,40.61,38.0,37.88,41.01,71.31
2022-12-21 00:00:00,34.3,33.71,35.24,33.28,27.58,34.02,39.94,33.94,34.13,33.76,34.03,33.25,33.2,34.2,53.25
2022-12-21 01:00:00,31.94,31.37,32.85,30.96,25.2,31.63,37.45,31.57,31.74,31.42,31.66,30.93,30.88,31.86,50.09
2022-12-21 02:00:00,31.3,30.74,32.15,30.4,25.44,30.96,36.5,30.92,31.05,30.78,30.98,30.37,30.33,31.21,48.02
2022-12-21 03:00:00,32.57,32.03,33.49,31.56,24.25,32.36,38.03,32.29,32.48,32.07,32.38,31.52,31.46,32.57,49.68
2022-12-21 04:00:00,32.94,32.36,33.87,31.94,25.28,32.64,38.52,32.6,32.76,32.37,32.68,31.9,31.85,32.9,50.13
2022-12-21 05:00:00,37.87,37.26,38.96,36.66,27.08,37.66,44.25,37.98,37.82,37.34,37.71,36.61,36.53,37.97,57.92
2022-12-21 06:00:00,56.37,56.12,57.13,55.41,42.63,56.64,60.34,57.43,56.8,56.21,56.69,55.37,55.26,56.9,74.33
2022-12-21 07:00:00,60.22,60.0,60.9,59.35,47.26,60.46,63.8,61.29,60.6,60.09,60.5,59.31,59.21,60.68,75.11
2022-12-21 08:00:00,44.45,44.45,44.77,44.0,35.74,44.81,45.8,46.0,44.91,44.65,44.83,43.97,43.9,44.87,49.15
2022-12-21 09:00:00,39.15,39.31,39.25,38.87,36.17,39.78,39.06,40.9,40.47,39.45,40.45,38.85,38.84,40.25,40.29
2022-12-21 10:00:00,32.46,32.28,32.52,31.96,30.76,34.26,31.61,34.75,35.28,32.34,35.15,31.94,31.92,35.83,31.87
2022-12-21 11:00:00,27.73,28.02,27.82,26.91,25.73,30.6,25.74,31.02,31.96,28.05,31.78,26.86,26.84,31.94,25.44
2022-12-21 12:00:00,25.75,25.99,25.81,24.81,23.7,29.38,23.07,30.05,29.93,26.0,29.66,24.75,24.72,30.45,22.29
2022-12-21 13:00:00,25.3,24.68,25.37,24.13,23.18,29.99,22.66,30.86,30.12,24.69,29.43,24.08,24.04,31.91,22.07
2022-12-21 14:00:00,24.71,24.48,24.78,23.88,23.22,27.89,22.86,28.66,28.53,24.48,27.34,23.85,23.82,29.39,22.43
2022-12-21 15:00:00,25.72,25.34,25.77,25.07,24.66,28.22,24.43,28.73,28.54,25.33,27.76,25.05,25.03,29.68,24.16
2022-12-21 16:00:00,33.69,33.4,33.71,33.53,33.57,34.31,33.6,34.68,34.32,33.46,33.96,33.53,33.53,34.89,33.65
2022-12-21 17:00:00,43.01,42.69,43.21,42.75,42.08,43.12,44.29,43.75,43.11,42.77,42.97,42.75,42.74,43.55,48.94
2022-12-21 18:00:00,36.84,36.49,37.11,36.48,35.08,37.1,38.36,37.54,37.17,36.54,36.93,36.47,36.45,37.62,42.49
2022-12-21 19:00:00,30.41,30.71,30.85,29.11,24.72,33.49,30.1,33.38,34.32,30.77,33.82,29.05,28.96,34.66,34.96
2022-12-21 20:00:00,29.75,30.07,30.16,28.08,20.12,34.48,28.0,33.81,35.83,30.12,34.5,28.0,27.92,36.17,36.8
2022-12-21 21:00:00,27.66,28.8,27.9,25.97,16.47,33.15,23.69,32.39,35.35,28.85,33.37,25.87,25.79,34.57,32.03
2022-12-21 22:00:00,23.59,24.46,24.03,21.83,12.68,28.4,21.44,27.44,30.7,24.51,28.19,21.69,21.65,29.6,31.44
2022-12-21 23:00:00,19.1,20.01,19.47,17.4,7.62,24.03,16.44,22.85,26.54,20.07,23.53,17.25,17.22,25.23,25.46
2022-12-22 00:00:00,34.47,33.75,35.09,33.84,33.29,34.2,38.58,33.96,34.35,33.73,34.02,34.14,34.16,34.37,48.95
2022-12-22 01:00:00,34.08,33.42,34.63,33.51,33.07,33.86,37.72,33.62,33.98,33.44,33.67,33.81,33.8,34.07,47.94
2022-12-22 02:00:00,33.86,33.06,34.47,33.19,32.77,33.8,37.83,33.49,33.93,33.08,33.57,33.5,33.39,34.35,47.77
2022-12-22 03:00:00,33.44,32.71,34.08,32.72,31.45,33.44,37.43,33.11,33.61,32.69,33.2,33.11,32.95,34.0,49.92
2022-12-22 04:00:00,34.67,33.68,35.35,33.87,32.59,34.56,39.27,34.25,34.78,33.67,34.38,34.18,34.52,35.07,52.24
2022-12-22 05:00:00,37.79,36.82,38.68,36.71,35.13,37.71,43.46,37.37,37.94,36.81,37.52,37.42,37.21,38.56,58.59
2022-12-22 06:00:00,48.34,47.76,49.05,47.39,45.73,48.13,52.93,48.56,48.32,47.85,48.02,48.39,47.89,48.9,69.53
2022-12-22 07:00:00,49.44,48.98,49.95,48.63,46.97,49.29,52.92,49.91,49.46,48.93,49.22,50.63,49.13,50.04,68.58
2022-12-22 08:00:00,44.73,44.63,44.24,45.47,41.79,44.07,42.8,45.46,44.11,44.59,43.81,46.83,46.26,44.22,47.45
2022-12-22 09:00:00,33.25,35.11,31.19,35.11,20.17,35.31,19.25,36.7,35.49,35.08,35.76,36.61,36.13,35.51,19.83
2022-12-22 10:00:00,31.78,33.7,28.9,34.6,14.39,33.9,13.42,36.14,33.92,33.64,33.81,36.6,36.2,34.43,13.85
2022-12-22 11:00:00,31.97,34.29,28.65,35.3,12.07,34.09,10.93,37.15,34.09,34.23,34.25,37.56,37.31,34.4,11.82
2022-12-22 12:00:00,32.33,34.84,29.07,35.56,12.56,34.51,11.39,37.33,34.47,34.78,34.56,38.96,37.72,34.86,12.11
2022-12-22 13:00:00,34.03,36.49,30.7,37.39,14.3,36.03,12.88,38.92,36.05,36.42,36.11,40.79,39.57,36.43,14.42
2022-12-22 14:00:00,34.66,37.24,31.23,38.15,14.84,36.55,12.99,39.51,36.77,37.18,36.71,41.55,40.37,36.87,15.29
2022-12-22 15:00:00,36.89,38.85,33.55,40.55,18.94,37.76,17.06,40.49,38.26,38.78,37.75,43.95,43.37,38.06,18.9
2022-12-22 16:00:00,46.48,46.2,43.41,50.8,35.97,43.85,32.77,50.25,45.35,46.15,44.78,54.81,56.15,44.27,36.79
2022-12-22 17:00:00,62.57,61.7,60.95,64.06,61.09,59.28,58.76,73.84,61.45,61.7,64.1,74.07,72.13,59.92,67.72
2022-12-22 18:00:00,84.09,81.85,82.41,87.54,86.55,74.01,86.24,115.43,87.21,82.31,93.06,97.55,102.53,67.55,101.13
2022-12-22 19:00:00,89.67,86.39,87.86,94.21,95.01,75.32,95.52,123.99,94.48,87.51,100.05,105.26,107.58,65.42,111.62
2022-12-22 20:00:00,110.23,106.46,108.42,116.0,117.83,91.5,119.71,140.39,121.83,107.67,122.36,126.0,133.49,70.63,134.71
2022-12-22 21:00:00,112.08,108.66,110.45,117.26,119.79,94.42,121.47,139.14,126.75,110.02,124.89,127.26,130.19,70.41,135.31
2022-12-22 22:00:00,81.96,79.36,80.93,85.0,87.74,69.4,89.95,103.32,94.25,81.24,92.0,95.01,87.95,54.9,104.95
2022-12-22 23:00:00,82.68,80.16,81.6,86.0,88.95,69.32,90.94,104.12,94.47,81.89,92.79,96.0,88.94,53.66,106.75
2022-12-23 00:00:00,69.9,66.31,69.19,73.49,74.52,58.29,78.65,79.86,82.55,69.6,77.37,76.0,78.36,39.94,94.66
2022-12-23 01:00:00,67.13,64.03,66.32,70.54,71.47,56.02,74.7,76.66,80.15,66.94,74.71,74.16,75.51,37.77,91.5
2022-12-23 02:00:00,72.09,68.28,71.17,75.99,77.05,59.81,80.59,81.94,86.74,71.94,80.37,79.55,80.97,39.61,98.59
2022-12-23 03:00:00,84.0,78.84,82.87,88.4,89.7,70.72,93.53,95.23,100.25,84.25,93.19,92.8,106.51,48.5,114.03
2022-12-23 04:00:00,99.52,92.15,97.97,105.12,107.16,83.54,111.09,112.16,117.87,100.02,109.84,110.01,125.12,57.77,132.19
2022-12-23 05:00:00,144.03,131.06,141.34,152.34,154.81,122.91,159.04,167.3,168.85,145.89,159.52,158.74,172.34,86.83,184.7
2022-12-23 06:00:00,307.37,300.44,304.65,318.21,322.41,272.89,327.04,348.99,344.41,302.95,331.7,328.22,338.21,214.54,353.05
2022-12-23 07:00:00,437.29,429.77,433.55,451.52,456.86,391.34,461.56,495.37,479.36,432.87,468.47,466.52,471.52,328.74,486.06
2022-12-23 08:00:00,428.65,420.59,425.43,440.73,445.4,392.33,448.06,471.92,469.64,423.7,469.42,450.72,450.97,327.08,460.75
2022-12-23 09:00:00,213.31,207.43,210.8,222.84,226.04,186.16,226.78,249.85,237.86,210.0,232.96,228.59,227.66,140.76,231.88
2022-12-23 10:00:00,157.46,153.67,156.04,163.18,165.46,141.85,165.48,179.68,172.8,155.87,169.03,167.8,168.84,115.93,169.03
2022-12-23 11:00:00,121.32,118.04,120.3,125.0,126.34,112.04,126.14,139.67,129.34,120.79,129.13,128.0,128.93,99.98,129.56
2022-12-23 12:00:00,85.79,84.07,85.3,87.63,88.53,81.4,88.08,96.9,89.78,85.72,93.78,90.23,91.22,78.29,91.99
2022-12-23 13:00:00,70.42,69.28,70.09,71.49,72.18,68.0,71.58,79.29,72.18,70.5,73.35,73.98,75.0,67.65,75.42
2022-12-23 14:00:00,64.71,63.8,64.4,65.47,65.96,63.3,65.04,70.94,65.98,65.01,66.66,67.47,68.3,63.19,69.9
2022-12-23 15:00:00,66.31,65.53,66.12,66.73,67.05,65.74,66.48,71.38,66.7,66.66,67.54,68.34,68.96,66.68,70.38
2022-12-23 16:00:00,110.72,109.77,110.36,111.23,111.55,109.82,110.6,117.35,111.3,110.88,112.51,112.93,111.85,110.04,116.6
2022-12-23 17:00:00,498.3,495.57,497.55,500.0,500.79,493.18,501.42,513.45,500.07,497.82,503.21,504.16,500.15,485.34,516.37
2022-12-23 18:00:00,531.22,527.6,530.56,532.47,533.7,527.19,535.0,548.81,529.42,530.36,535.88,537.48,532.66,525.3,559.0
2022-12-23 19:00:00,514.17,509.84,513.84,515.94,517.95,509.22,520.34,533.87,518.13,512.59,551.89,520.83,516.45,513.25,545.34
2022-12-23 20:00:00,504.76,500.7,504.29,506.84,509.29,497.35,512.27,523.48,506.58,503.21,519.02,511.69,507.35,499.37,537.21
2022-12-23 21:00:00,333.94,329.66,333.82,335.5,338.47,327.66,342.46,344.05,339.98,331.92,343.86,339.0,336.5,326.98,367.46
2022-12-23 22:00:00,183.53,168.94,181.76,187.43,189.53,177.57,193.08,189.49,190.24,187.98,185.78,190.53,189.37,171.28,214.97
2022-12-23 23:00:00,122.93,113.39,121.79,125.9,127.51,116.79,131.07,126.7,132.71,125.37,125.62,129.0,128.2,115.26,148.71
2022-12-24 00:00:00,660.35,651.37,658.7,668.68,673.03,636.88,677.86,684.14,662.77,661.37,673.01,677.28,688.68,599.43,697.86
2022-12-24 01:00:00,586.33,577.38,584.81,593.88,597.73,565.39,602.61,609.97,590.52,587.38,598.41,602.57,613.88,532.23,622.36
2022-12-24 02:00:00,552.7,546.21,551.59,559.67,563.9,531.62,568.85,578.38,557.66,552.76,564.79,568.27,579.67,500.04,588.85
2022-12-24 03:00:00,551.55,544.49,550.55,558.47,563.61,530.57,568.66,578.7,557.13,552.37,564.17,567.08,578.48,500.04,589.32
2022-12-24 04:00:00,719.1,713.55,717.91,726.51,729.2,696.32,735.25,748.88,718.35,718.56,732.98,736.51,746.52,664.47,755.0
2022-12-24 05:00:00,1095.28,1083.26,1093.81,1102.72,1106.18,1075.47,1113.78,1159.81,1093.05,1091.97,1115.29,1115.52,1136.53,1058.99,1138.28
2022-12-24 06:00:00,2375.12,2365.24,2374.21,2383.33,2388.68,2353.91,2394.36,2462.25,2359.38,2368.91,2466.2,2400.0,2413.14,2357.44,2414.25
2022-12-24 07:00:00,2535.74,2523.86,2539.16,2543.82,2552.18,2529.11,2559.84,2598.29,2537.9,2528.14,3051.13,2559.42,2584.98,2539.43,2578.2
2022-12-24 08:00:00,1944.2,1935.48,1949.91,1951.89,1963.23,1942.54,1969.72,2000.0,1969.96,1939.69,2656.24,1967.9,1978.49,1967.16,1976.95
2022-12-24 09:00:00,487.89,485.75,489.13,490.25,492.2,486.57,493.95,514.6,495.22,487.5,666.81,500.25,510.25,496.58,496.03
2022-12-24 10:00:00,191.93,191.14,192.06,192.88,193.47,190.2,194.04,220.78,194.19,192.04,226.87,200.0,209.2,198.1,194.92
2022-12-24 11:00:00,99.8,99.66,100.03,100.0,101.02,99.11,101.36,119.47,101.4,100.19,116.62,105.56,107.8,103.62,102.03
2022-12-24 12:00:00,74.98,74.69,75.03,75.19,75.85,74.21,76.01,86.83,75.43,75.33,78.67,78.3,81.92,77.64,76.4
2022-12-24 13:00:00,63.38,63.1,63.53,63.38,64.19,63.29,64.33,73.16,63.9,63.78,66.57,65.63,68.39,64.7,64.67
2022-12-24 14:00:00,54.68,54.4,54.9,54.45,55.67,54.97,55.78,62.16,55.29,55.0,57.3,56.52,59.46,55.85,55.99
2022-12-24 15:00:00,51.87,51.75,52.06,51.7,52.63,52.08,52.74,59.26,52.4,52.21,54.39,53.7,56.71,52.89,52.97
2022-12-24 16:00:00,72.0,71.81,72.16,72.01,72.85,71.84,72.98,84.69,72.46,72.46,75.96,75.0,78.57,73.17,73.73
2022-12-24 17:00:00,132.57,131.19,132.74,132.76,134.23,131.83,135.18,156.6,132.87,132.85,139.55,136.06,145.64,134.03,143.59
2022-12-24 18:00:00,416.59,416.8,417.36,415.77,419.88,416.47,420.41,443.81,417.72,417.8,424.97,421.33,432.7,418.06,436.3
2022-12-24 19:00:00,709.48,708.3,710.49,708.84,713.94,708.19,716.63,744.1,709.65,709.3,718.42,714.58,727.04,709.94,736.34
2022-12-24 20:00:00,810.68,807.97,811.25,811.19,814.3,808.99,816.85,853.74,812.55,809.47,842.45,816.73,827.21,812.11,833.85
2022-12-24 21:00:00,711.6,710.2,711.89,712.02,713.88,709.58,715.76,733.96,712.27,711.3,717.35,716.22,724.9,710.52,729.85
2022-12-24 22:00:00,473.62,470.22,473.96,473.69,476.29,473.22,478.72,481.62,473.12,474.1,475.24,477.79,486.0,473.13,494.22
2022-12-24 23:00:00,199.17,196.15,199.11,199.38,200.3,200.03,200.89,205.21,200.54,201.03,201.79,203.48,212.26,200.0,213.39
2022-12-25 00:00:00,67.14,66.55,67.1,67.18,66.9,67.41,67.26,67.49,67.59,67.56,67.61,67.29,72.88,70.29,75.26
2022-12-25 01:00:00,60.92,60.57,60.88,60.95,60.66,61.2,60.78,61.42,61.6,61.31,61.43,61.18,66.65,64.5,70.38
2022-12-25 02:00:00,60.47,60.15,60.46,60.48,60.24,60.65,60.58,60.94,61.27,60.78,60.94,60.75,66.14,63.77,69.12
2022-12-25 03:00:00,59.97,59.64,59.98,59.96,59.77,60.09,60.24,60.41,60.94,60.21,60.42,60.33,65.66,63.53,67.91
2022-12-25 04:00:00,64.58,64.02,64.56,64.62,64.43,64.71,64.89,65.22,65.39,65.01,65.17,65.14,70.34,69.0,73.08
2022-12-25 05:00:00,72.09,71.52,72.06,72.18,71.95,72.16,72.39,74.37,72.62,72.52,73.05,72.81,81.77,76.25,81.39
2022-12-25 06:00:00,81.69,81.51,81.65,81.8,81.43,81.73,81.54,84.52,82.22,82.1,82.77,82.81,97.47,86.49,90.54
2022-12-25 07:00:00,104.31,103.98,104.24,104.47,104.12,104.45,104.06,107.59,105.18,104.76,105.36,105.47,124.17,109.38,112.56
2022-12-25 08:00:00,87.85,87.48,87.8,88.0,87.88,87.77,87.93,90.32,88.07,88.13,88.51,89.0,100.25,90.87,88.93
2022-12-25 09:00:00,60.1,59.81,60.06,60.19,60.1,60.09,60.14,62.13,60.26,60.31,60.5,60.82,65.2,61.35,60.36
2022-12-25 10:00:00,49.89,49.37,49.83,49.96,49.96,49.97,50.0,51.29,50.01,49.88,50.13,50.11,49.98,50.85,50.27
2022-12-25 11:00:00,42.72,42.31,42.69,42.71,42.72,42.97,42.76,43.38,43.0,42.51,42.93,42.78,42.71,43.62,43.0
2022-12-25 12:00:00,37.65,37.35,37.64,37.6,37.63,37.93,37.67,38.16,37.95,37.36,37.86,37.68,37.6,38.62,37.87
2022-12-25 13:00:00,37.25,37.26,37.25,37.24,37.23,37.27,37.25,37.68,37.27,37.26,37.29,37.31,37.24,37.47,37.45
2022-12-25 14:00:00,32.96,32.96,32.96,32.95,32.94,32.98,32.96,33.4,32.98,32.96,32.99,33.01,32.95,33.18,33.12
2022-12-25 15:00:00,30.69,30.69,30.69,30.68,30.67,30.7,30.69,31.21,30.7,30.69,30.72,30.72,30.68,30.91,30.87
2022-12-25 16:00:00,34.42,34.43,34.42,34.4,34.39,34.45,34.42,34.92,34.45,34.43,34.46,34.5,34.4,34.67,34.65
2022-12-25 17:00:00,40.48,40.13,40.75,40.0,31.9,41.04,41.85,42.22,41.19,40.49,41.14,40.41,39.89,41.98,45.01
2022-12-25 18:00:00,41.28,40.42,41.61,40.54,30.71,42.43,43.04,43.23,42.65,40.74,42.41,41.54,40.41,44.38,48.04
2022-12-25 19:00:00,37.38,36.76,37.73,36.77,28.92,38.45,38.95,39.13,38.64,36.88,38.34,36.87,39.52,41.16,44.43
2022-12-25 20:00:00,35.98,35.04,36.23,35.42,31.31,37.3,37.17,37.96,38.37,35.04,37.14,35.56,38.41,40.95,42.17
2022-12-25 21:00:00,34.83,34.48,35.01,34.08,30.93,36.97,34.52,37.27,38.17,34.48,36.77,34.54,37.11,39.97,39.11
2022-12-25 22:00:00,34.41,34.69,34.54,33.9,31.22,35.91,33.65,36.35,36.81,34.71,35.61,34.03,36.96,37.21,37.65
2022-12-25 23:00:00,33.74,34.28,33.86,33.23,30.41,35.25,32.68,35.47,35.96,34.3,34.94,33.33,36.31,36.13,36.97
2022-12-26 00:00:00,32.3,32.07,32.37,31.89,31.21,33.72,31.82,33.88,35.03,32.06,34.36,32.04,31.88,38.42,34.96
2022-12-26 01:00:00,33.77,32.64,33.88,33.4,33.28,34.96,34.51,35.03,36.43,32.59,35.11,33.53,33.4,39.84,37.81
2022-12-26 02:00:00,35.81,35.04,35.93,35.55,35.48,36.5,36.62,37.14,37.47,35.0,36.86,35.73,35.56,42.5,40.59
2022-12-26 03:00:00,37.58,36.77,37.69,37.34,37.23,38.2,38.44,38.87,39.18,36.97,38.58,37.54,38.35,43.71,43.11
2022-12-26 04:00:00,45.56,44.51,45.58,45.47,45.29,46.14,46.2,46.93,47.03,45.27,46.62,45.65,46.88,52.04,51.17
2022-12-26 05:00:00,58.22,56.29,58.19,58.04,57.97,59.58,58.85,59.95,60.95,57.18,59.76,58.24,61.92,66.18,63.78
2022-12-26 06:00:00,69.39,62.05,68.85,69.5,69.63,73.32,70.55,71.93,73.52,66.17,72.75,69.9,84.9,83.32,74.08
2022-12-26 07:00:00,74.27,66.65,73.64,74.49,74.65,78.05,75.36,76.82,78.28,71.58,77.58,75.38,94.49,87.64,78.86
2022-12-26 08:00:00,51.33,45.31,51.07,50.71,51.39,56.55,51.7,56.28,57.34,46.61,55.94,51.1,61.49,66.55,51.97
2022-12-26 09:00:00,40.11,38.49,39.96,40.1,40.05,41.26,40.01,41.63,41.37,39.23,42.03,40.18,40.65,43.99,39.98
2022-12-26 10:00:00,35.8,35.0,35.72,35.76,35.64,36.57,35.54,36.75,36.64,35.02,37.17,35.86,35.78,38.48,35.51
2022-12-26 11:00:00,32.08,31.84,32.0,32.12,31.91,32.34,31.7,32.59,32.42,31.83,33.14,32.2,32.16,33.3,31.44
2022-12-26 12:00:00,25.6,25.71,25.59,25.53,25.37,25.88,25.23,25.75,25.81,25.72,25.93,25.54,25.53,26.53,24.94
2022-12-26 13:00:00,23.46,23.51,23.44,23.48,23.37,23.5,23.28,23.53,23.47,23.51,23.65,23.5,23.49,23.79,23.13
2022-12-26 14:00:00,22.54,22.59,22.52,22.54,22.42,22.61,22.33,22.63,22.63,22.59,22.71,22.56,22.55,22.72,22.23
2022-12-26 15:00:00,24.1,24.1,24.1,24.1,24.08,24.11,24.07,24.1,24.11,24.1,24.1,24.1,24.1,24.17,24.1
2022-12-26 16:00:00,29.66,29.66,29.66,29.66,29.65,29.66,29.66,29.66,29.66,29.66,29.66,29.66,29.66,29.71,29.75
2022-12-26 17:00:00,45.85,44.6,45.67,46.1,45.91,46.03,45.95,46.41,46.09,46.38,46.12,46.09,46.09,46.21,49.86
2022-12-26 18:00:00,50.93,49.79,50.74,51.15,50.91,51.21,50.83,51.24,51.29,51.49,51.27,51.14,51.13,51.45,56.71
2022-12-26 19:00:00,55.7,53.68,55.4,56.09,55.81,55.99,55.85,56.53,56.1,56.56,56.12,56.07,56.07,56.54,61.73
2022-12-26 20:00:00,51.31,49.84,51.09,51.53,51.21,51.75,51.23,52.01,51.91,52.08,51.8,51.52,51.51,52.48,58.9
2022-12-26 21:00:00,45.65,44.35,45.5,45.78,45.2,46.11,45.75,46.28,46.28,46.35,46.14,45.79,45.76,46.85,53.25
2022-12-26 22:00:00,39.53,39.52,39.69,39.18,37.71,40.16,39.92,40.05,40.4,39.73,40.02,39.19,39.14,41.2,49.5
2022-12-26 23:00:00,35.45,35.58,35.6,35.09,33.15,36.17,35.56,35.9,36.41,35.68,36.06,35.11,35.04,37.11,47.56
2022-12-27 00:00:00,34.74,34.7,35.02,34.35,30.0,34.95,36.09,34.88,34.96,34.7,34.92,34.38,35.47,35.55,42.09
2022-12-27 01:00:00,33.84,33.71,34.11,33.53,30.4,33.81,35.37,33.79,33.77,33.71,33.8,33.59,35.03,35.0,42.35
2022-12-27 02:00:00,33.58,33.42,33.9,33.21,29.36,33.54,35.41,33.55,33.57,33.43,33.57,33.29,34.72,34.74,42.38
2022-12-27 03:00:00,33.32,33.16,33.66,32.94,28.62,33.28,35.26,33.29,33.29,33.16,33.31,33.01,35.32,34.63,42.77
2022-12-27 04:00:00,34.32,34.18,34.63,34.01,30.0,34.12,36.2,34.4,34.53,34.19,34.45,34.11,37.31,35.22,43.7
2022-12-27 05:00:00,42.23,42.04,42.55,41.98,38.26,41.84,44.34,42.33,42.56,42.09,42.4,42.12,47.56,42.94,52.16
2022-12-27 06:00:00,72.8,72.49,73.0,72.52,65.33,72.85,74.13,73.4,73.77,73.05,73.49,73.72,88.18,73.67,83.04
2022-12-27 07:00:00,74.42,74.01,74.5,74.17,70.1,74.93,74.9,74.99,75.27,74.86,75.06,76.17,94.17,75.72,81.64
2022-12-27 08:00:00,43.98,43.97,43.71,44.4,41.7,44.0,42.45,45.01,44.21,44.47,44.6,45.77,64.41,44.68,43.84
2022-12-27 09:00:00,36.69,38.14,35.77,37.29,30.0,38.62,29.03,39.95,39.24,38.48,41.64,38.79,49.15,39.57,28.98
2022-12-27 10:00:00,32.48,34.33,31.28,33.15,23.62,35.27,22.37,36.11,36.03,34.53,37.59,34.23,37.03,36.2,21.85
2022-12-27 11:00:00,28.89,32.23,26.55,30.47,11.35,33.18,10.31,33.68,34.0,32.27,34.94,30.81,31.43,33.91,9.28
2022-12-27 12:00:00,26.18,29.43,23.9,27.56,8.74,30.96,7.65,30.08,32.25,29.47,30.69,27.65,27.72,31.44,6.42
2022-12-27 13:00:00,22.36,25.49,19.96,24.0,4.93,26.65,3.72,25.9,27.63,25.52,26.32,24.19,24.26,27.21,2.38
2022-12-27 14:00:00,20.2,23.32,17.79,21.87,2.66,24.48,1.47,23.82,25.08,23.35,24.3,22.07,22.14,25.03,0.12
2022-12-27 15:00:00,19.43,22.48,16.97,21.2,1.7,23.48,0.74,22.84,23.88,22.51,23.15,21.28,21.44,24.03,-0.57
2022-12-27 16:00:00,24.34,27.63,21.94,25.88,6.48,29.06,5.2,28.15,30.12,27.67,28.49,25.99,26.11,29.68,3.48
2022-12-27 17:00:00,32.33,34.56,30.69,33.31,16.51,35.93,18.96,35.83,36.69,34.85,35.52,33.63,34.97,36.74,20.18
2022-12-27 18:00:00,32.56,34.9,30.86,33.63,16.19,36.07,18.84,35.35,36.86,35.07,35.6,34.2,37.51,37.08,19.55
2022-12-27 19:00:00,30.66,34.13,27.88,32.6,6.87,35.58,9.22,34.79,36.36,34.38,35.04,33.15,36.16,36.33,10.09
2022-12-27 20:00:00,30.5,33.75,27.67,32.68,7.3,34.65,9.59,33.76,34.91,33.89,33.86,33.47,36.34,35.86,10.82
2022-12-27 21:00:00,29.72,33.04,26.91,31.92,6.12,33.77,8.9,33.11,34.17,33.06,33.24,32.44,35.5,34.55,10.22
2022-12-27 22:00:00,20.81,23.13,18.65,22.58,3.58,23.58,5.29,22.61,23.54,23.15,22.42,23.31,24.08,24.77,6.54
2022-12-27 23:00:00,19.4,21.16,17.83,20.63,5.84,21.62,7.92,20.66,21.54,21.17,20.45,21.29,22.13,22.72,9.66
2022-12-28 00:00:00,16.31,18.1,14.38,18.21,0.22,17.58,3.63,18.01,18.62,18.1,17.71,18.51,18.6,16.96,6.64
2022-12-28 01:00:00,13.67,15.19,12.07,15.35,0.0,14.38,3.37,15.35,16.22,15.18,15.14,15.6,15.67,13.3,6.66
2022-12-28 02:00:00,13.26,14.7,11.91,14.57,0.25,14.2,4.18,14.98,15.99,14.7,14.89,14.83,15.16,13.41,7.79
2022-12-28 03:00:00,12.33,13.6,11.2,13.38,0.48,13.33,4.48,13.82,14.75,13.6,13.81,13.71,14.02,12.82,8.33
2022-12-28 04:00:00,14.97,16.58,13.3,16.6,0.42,16.16,3.84,16.52,17.12,16.57,16.27,16.94,17.38,15.77,7.37
2022-12-28 05:00:00,18.55,20.25,16.8,20.22,2.35,19.92,6.8,20.14,20.52,20.25,20.02,20.59,21.72,19.65,10.76
2022-12-28 06:00:00,30.08,33.46,26.78,33.07,2.82,33.27,7.3,33.58,33.91,33.46,33.51,33.24,36.73,32.65,11.28
2022-12-28 07:00:00,31.73,35.12,28.32,34.9,4.64,34.81,8.46,35.07,35.41,35.11,34.96,35.15,38.56,34.18,13.32
2022-12-28 08:00:00,26.94,29.88,23.85,29.88,4.47,29.44,6.19,29.75,29.97,29.88,29.62,30.14,32.85,28.76,8.58
2022-12-28 09:00:00,24.03,27.4,20.9,26.67,2.68,27.8,1.72,27.65,28.46,27.41,27.99,26.99,28.17,27.4,1.17
2022-12-28 10:00:00,20.41,23.25,17.72,22.77,2.5,23.32,1.55,23.53,24.26,23.26,23.9,23.07,23.16,23.07,1.02
2022-12-28 11:00:00,17.25,19.75,14.74,19.91,1.68,18.21,1.08,20.34,21.39,19.74,20.52,20.07,20.25,16.84,0.83
2022-12-28 12:00:00,15.18,17.57,12.98,17.57,1.54,15.76,1.01,18.29,19.35,17.57,18.68,17.6,17.87,15.82,0.81
2022-12-28 13:00:00,13.74,15.98,11.75,15.98,1.51,14.01,1.03,16.85,18.04,15.97,17.35,15.97,16.25,14.25,0.97
2022-12-28 14:00:00,11.19,13.09,9.41,13.21,0.37,11.24,0.08,13.69,14.56,13.09,13.97,13.18,13.47,11.77,0.32
2022-12-28 15:00:00,11.47,13.46,9.73,13.39,0.55,11.82,0.23,14.07,14.94,13.46,14.45,13.35,13.65,12.46,0.34
2022-12-28 16:00:00,16.9,18.86,15.07,19.08,6.09,16.6,5.75,19.51,20.55,18.86,19.75,19.24,19.39,16.34,6.39
2022-12-28 17:00:00,30.27,31.11,29.41,31.91,21.52,27.87,26.76,32.13,33.5,31.09,32.21,31.83,32.42,27.82,35.76
2022-12-28 18:00:00,25.79,26.78,24.88,27.49,13.87,23.44,21.82,28.18,30.03,26.75,28.29,27.54,27.78,22.79,28.29
2022-12-28 19:00:00,22.62,23.68,21.6,24.47,10.77,20.15,18.09,25.08,26.76,23.65,25.18,24.58,24.67,19.15,23.58
2022-12-28 20:00:00,19.47,20.69,18.31,21.4,7.76,17.27,13.88,21.74,23.14,20.68,21.73,21.54,21.61,15.56,19.54
2022-12-28 21:00:00,19.39,20.16,18.52,21.15,10.88,16.62,16.15,21.1,22.5,20.14,21.05,21.29,21.41,14.53,22.0
2022-12-28 22:00:00,15.4,15.43,15.09,16.54,10.2,12.57,15.83,16.46,18.08,15.39,16.44,16.81,16.83,10.93,22.18
2022-12-28 23:00:00,10.56,10.45,10.49,11.39,7.37,7.82,12.28,11.36,12.87,10.42,11.38,11.65,11.61,6.61,18.59
2022-12-29 00:00:00,7.22,7.17,7.43,7.53,4.29,5.0,10.01,8.37,10.03,7.16,8.68,7.63,7.52,3.13,15.16
2022-12-29 01:00:00,7.3,7.15,7.44,7.81,4.92,4.65,10.14,8.46,10.1,7.14,8.7,7.9,7.79,1.72,15.07
2022-12-29 02:00:00,4.78,4.64,5.0,5.13,2.5,2.36,7.85,6.07,7.46,4.63,6.13,5.2,5.11,-0.16,13.41
2022-12-29 03:00:00,8.54,8.53,8.73,8.83,6.19,6.47,11.11,9.82,11.44,8.52,10.23,8.87,8.78,4.09,16.18
2022-12-29 04:00:00,11.31,11.25,11.55,11.47,8.96,9.57,13.9,12.29,13.7,11.25,12.58,11.48,11.43,7.96,19.56
2022-12-29 05:00:00,16.88,16.84,17.15,17.0,12.82,15.15,19.62,17.96,19.35,16.85,18.23,17.0,16.92,13.72,25.28
2022-12-29 06:00:00,19.86,19.87,20.12,19.9,16.74,18.52,22.18,20.82,21.82,19.87,20.97,19.91,19.84,18.35,27.88
2022-12-29 07:00:00,20.88,20.93,21.21,20.7,17.26,20.03,23.17,21.72,22.5,20.94,21.85,20.69,20.63,21.09,29.17
2022-12-29 08:00:00,20.98,21.13,21.2,20.91,17.52,20.18,22.56,21.65,21.73,21.17,21.6,20.91,20.84,21.8,25.85
2022-12-29 09:00:00,19.96,20.36,19.92,20.35,18.97,18.42,20.56,20.59,20.51,20.41,20.54,20.35,20.33,19.41,21.03
2022-12-29 10:00:00,21.23,21.64,21.18,21.67,20.88,19.62,21.78,21.9,21.75,21.69,21.81,21.66,21.65,21.35,21.99
2022-12-29 11:00:00,20.7,21.07,20.65,21.12,20.35,19.18,21.22,21.3,21.2,21.12,21.27,21.11,21.1,21.48,21.49
2022-12-29 12:00:00,21.02,21.33,21.0,21.33,19.9,19.79,21.56,21.53,21.47,21.38,21.52,21.32,21.31,22.03,22.2
2022-12-29 13:00:00,21.26,21.5,21.25,21.51,20.23,20.29,21.71,21.71,21.69,21.51,21.7,21.5,21.48,22.29,22.29
2022-12-29 14:00:00,26.26,26.32,26.28,26.31,25.7,25.96,26.53,26.47,26.42,26.33,26.45,26.3,26.29,27.21,27.18
2022-12-29 15:00:00,31.62,31.7,31.66,31.66,30.84,31.32,31.95,31.84,31.79,31.71,31.83,31.65,31.64,32.24,32.85
2022-12-29 16:00:00,23.09,23.13,23.16,23.05,21.79,22.96,23.49,23.24,23.32,23.13,23.26,23.04,23.02,23.95,24.7
2022-12-29 17:00:00,41.24,41.19,41.53,40.88,38.74,41.27,42.79,41.44,41.65,41.2,41.6,40.86,40.83,42.21,46.99
2022-12-29 18:00:00,36.36,36.31,36.62,36.05,34.52,36.42,37.69,36.5,36.68,36.31,36.74,36.03,36.01,37.11,41.52
2022-12-29 19:00:00,33.02,32.96,33.25,32.73,31.34,33.08,34.23,33.14,33.3,32.97,33.26,32.71,32.69,33.73,37.74
2022-12-29 20:00:00,30.73,30.67,31.01,30.35,28.9,30.88,32.16,30.88,31.11,30.67,30.96,30.34,30.31,31.48,36.45
2022-12-29 21:00:00,27.86,27.79,28.1,27.55,26.33,27.97,29.08,27.96,28.13,27.8,28.02,27.53,27.51,28.41,32.55
2022-12-29 22:00:00,24.06,23.99,24.32,23.73,22.64,24.21,25.34,24.15,24.33,23.99,24.22,23.72,23.7,24.47,28.84
2022-12-29 23:00:00,21.6,21.52,21.85,21.26,20.16,21.76,22.87,21.68,21.86,21.52,21.75,21.24,21.22,21.97,26.39
2022-12-30 00:00:00,29.53,29.46,29.79,29.15,27.9,29.76,30.79,29.68,29.87,29.47,29.78,29.14,29.1,29.78,39.78
2022-12-30 01:00:00,25.24,25.14,25.58,24.77,23.4,25.5,26.92,25.4,25.64,25.15,25.53,24.75,24.71,25.52,34.92
2022-12-30 02:00:00,25.55,25.43,25.93,25.04,23.65,25.81,27.42,25.69,25.95,25.44,25.83,25.03,24.99,25.83,35.16
2022-12-30 03:00:00,25.63,25.49,26.03,25.1,23.86,25.86,27.68,25.74,26.01,25.5,25.88,25.09,25.05,25.9,35.18
2022-12-30 04:00:00,26.69,26.58,27.03,26.21,25.06,26.92,28.43,26.81,27.05,26.58,26.94,26.2,26.17,26.94,36.12
2022-12-30 05:00:00,21.47,21.27,21.92,20.9,19.79,21.63,23.86,21.51,21.77,21.28,21.64,20.89,20.86,21.69,31.03
2022-12-30 06:00:00,32.55,32.4,32.94,32.05,31.06,32.73,34.58,32.63,32.86,32.4,32.76,32.03,32.0,32.8,41.55
2022-12-30 07:00:00,40.94,40.85,41.22,40.56,39.44,41.14,42.33,41.06,41.24,40.86,41.17,40.54,40.51,41.18,49.32
2022-12-30 08:00:00,34.65,34.59,34.86,34.36,33.33,34.81,35.68,34.75,34.89,34.59,34.81,34.35,34.33,34.83,39.65
2022-12-30 09:00:00,37.18,37.21,37.17,37.17,37.07,37.25,37.03,37.24,37.26,37.21,37.24,37.17,37.17,37.23,39.47
2022-12-30 10:00:00,33.49,33.49,33.48,33.48,33.45,33.5,33.47,33.5,33.5,33.49,33.5,33.48,33.48,33.47,34.35
2022-12-30 11:00:00,27.77,27.79,27.76,27.76,27.7,27.82,27.65,27.81,27.83,27.79,27.81,27.76,27.76,27.78,29.18
2022-12-30 12:00:00,25.66,25.7,25.64,25.66,25.56,25.74,25.46,25.73,25.76,25.7,25.74,25.66,25.66,25.71,27.65
2022-12-30 13:00:00,25.0,25.07,24.96,25.0,24.84,25.13,24.64,25.11,25.15,25.07,25.13,24.99,24.99,25.1,27.91
2022-12-30 14:00:00,23.94,23.98,23.92,23.91,23.49,24.08,23.72,24.06,24.11,23.98,24.08,23.91,23.9,24.08,27.53
2022-12-30 15:00:00,22.18,22.23,22.16,22.15,21.47,22.31,21.96,22.29,22.33,22.23,22.31,22.15,22.14,22.29,24.76
2022-12-30 16:00:00,26.05,25.97,26.28,25.7,22.91,26.38,27.09,26.28,26.48,25.98,26.36,25.68,25.64,26.46,30.57
2022-12-30 17:00:00,51.13,51.1,51.52,50.49,45.16,51.73,52.77,51.57,51.93,51.12,51.73,50.46,50.38,51.84,61.35
2022-12-30 18:00:00,28.97,28.97,29.24,28.58,22.93,29.37,30.02,29.29,29.49,28.98,29.38,28.54,28.48,29.46,41.07
2022-12-30 19:00:00,23.36,23.37,23.68,22.93,16.7,23.71,24.71,23.64,23.82,23.38,23.72,22.9,22.83,23.74,34.9
2022-12-30 20:00:00,21.87,21.81,22.25,21.31,14.51,22.36,23.53,22.22,22.53,21.81,22.34,21.27,21.19,22.55,33.53
2022-12-30 21:00:00,20.51,20.46,20.76,20.17,13.41,20.82,21.6,20.74,20.9,20.46,20.8,20.13,20.07,20.99,31.19
2022-12-30 22:00:00,18.91,18.92,19.16,18.56,12.25,19.22,19.92,19.13,19.33,18.93,19.2,18.53,18.47,19.39,29.52
2022-12-30 23:00:00,17.43,17.46,17.61,17.17,12.68,17.7,18.11,17.6,17.79,17.47,17.67,17.14,17.1,17.86,27.33
2022-12-31 00:00:00,18.19,18.4,18.48,17.5,12.95,19.97,18.05,19.48,20.25,18.42,19.81,17.46,17.34,20.49,43.59
2022-12-31 01:00:00,16.04,16.49,16.41,15.26,10.76,17.65,16.24,17.22,18.12,16.52,17.52,15.21,15.11,18.23,41.24
2022-12-31 02:00:00,15.02,15.46,15.4,14.23,9.97,16.63,15.27,16.19,17.1,15.49,16.48,14.19,14.09,17.21,39.94
2022-12-31 03:00:00,13.97,14.49,14.31,13.18,8.97,15.74,13.84,15.2,16.28,14.52,15.5,13.13,13.05,16.58,38.85
2022-12-31 04:00:00,13.74,14.31,14.0,13.03,9.09,15.56,13.1,14.96,16.11,14.34,15.25,12.97,12.91,16.54,38.1
2022-12-31 05:00:00,13.4,14.06,13.62,12.69,8.74,15.4,12.34,14.67,16.02,14.09,14.96,12.63,12.58,16.67,37.34
2022-12-31 06:00:00,16.82,17.15,16.84,16.35,12.47,18.87,14.97,18.08,19.21,17.17,18.35,16.31,16.26,20.28,35.98
2022-12-31 07:00:00,17.57,17.64,17.47,17.21,13.23,19.71,15.34,18.86,19.88,17.64,19.11,17.19,17.13,21.22,34.25
2022-12-31 08:00:00,18.23,18.26,17.7,18.45,13.14,20.11,13.99,19.39,20.04,18.25,19.49,18.53,18.47,21.33,27.64
2022-12-31 09:00:00,15.95,15.81,14.78,16.44,7.42,19.86,7.01,18.17,19.74,15.78,18.38,16.48,16.51,22.16,17.42
2022-12-31 10:00:00,15.46,15.84,14.3,16.05,6.92,18.82,6.51,17.48,18.94,15.83,17.5,16.11,16.13,20.49,16.51
2022-12-31 11:00:00,15.24,16.07,14.0,15.96,6.06,18.33,5.65,17.35,18.23,16.06,17.3,16.05,16.06,19.64,15.65
2022-12-31 12:00:00,15.32,16.33,14.12,15.81,5.95,19.1,5.25,17.69,19.29,16.33,17.63,15.91,15.89,20.76,15.25
2022-12-31 13:00:00,13.76,15.42,12.27,14.51,2.47,17.82,1.35,16.55,18.27,15.43,16.34,14.57,14.61,19.11,11.35
2022-12-31 14:00:00,13.12,15.44,11.53,13.88,0.65,17.45,-0.66,16.5,18.22,15.47,15.99,13.88,13.96,18.54,9.34
2022-12-31 15:00:00,12.46,15.02,10.96,13.16,0.82,16.59,-0.92,15.83,17.18,15.06,15.23,13.18,13.25,17.39,11.09
2022-12-31 16:00:00,16.48,18.4,14.99,17.61,5.88,18.97,5.0,18.62,19.25,18.42,18.39,17.67,17.73,19.35,19.48
2022-12-31 17:00:00,23.62,24.45,23.34,23.58,19.66,25.3,20.05,24.74,25.8,24.47,24.87,23.71,23.61,26.26,45.61
2022-12-31 18:00:00,18.13,19.14,17.66,18.29,11.7,19.92,13.29,19.46,20.35,19.15,19.57,18.37,18.32,20.7,36.8
2022-12-31 19:00:00,15.39,16.93,14.36,16.04,4.93,17.71,6.76,17.29,18.06,16.95,17.38,15.99,16.1,18.46,27.76
2022-12-31 20:00:00,14.35,15.96,13.23,15.11,3.22,16.67,5.18,16.28,16.95,15.97,16.33,15.1,15.17,17.62,25.11
2022-12-31 21:00:00,13.55,15.11,12.41,14.37,2.55,15.68,4.47,15.45,16.02,15.12,15.49,14.34,14.43,16.1,22.48
2022-12-31 22:00:00,10.01,10.89,9.47,10.35,2.24,11.3,5.35,11.16,11.54,10.89,11.19,10.41,10.38,11.64,22.63
2022-12-31 23:00:00,7.56,8.25,7.24,7.72,0.91,8.58,4.42,8.65,9.12,8.26,8.72,7.77,7.72,8.47,22.23
