Timestamp,MISO System,Illinois Hub,Michigan Hub,Minnesota Hub,Indiana Hub,Arkansas Hub,Louisiana Hub,Texas Hub
2016-01-01 00:00:00,18.55,20.79,20.080000000000002,16.16,20.11,20.69,20.53,20.17
2016-01-01 01:00:00,18.09,20.73,19.71,15.78,19.580000000000002,19.990000000000002,20.36,20.25
2016-01-01 02:00:00,16.77,19.07,18.32,13.87,18.490000000000002,19.14,18.990000000000002,19.080000000000002
2016-01-01 03:00:00,16.17,18.98,17.830000000000002,12.73,17.94,19.12,18.92,19.06
2016-01-01 04:00:00,15.91,18.66,17.76,11.98,17.88,19.07,18.68,18.89
2016-01-01 05:00:00,17.12,19.94,19.07,13.49,19.27,20.03,20.32,20.35
2016-01-01 06:00:00,18.41,20.28,20.76,16.04,20.55,19.95,20.46,20.41
2016-01-01 07:00:00,19.69,21.81,22.37,17.13,22.12,20.87,21.55,21.38
2016-01-01 08:00:00,20.21,22.13,22.44,18.02,21.59,21.97,22.74,22.53
2016-01-01 09:00:00,20.53,22.65,22.86,17.69,22.06,23.22,23.91,23.62
2016-01-01 10:00:00,21.27,23.45,23.71,18.6,22.72,23.79,24.67,24.17
2016-01-01 11:00:00,21.12,23.92,23.95,18.8,23.01,23.33,24.07,23.9
2016-01-01 12:00:00,20.66,23.23,23.59,18.56,23.09,21.95,22.62,22.53
2016-01-01 13:00:00,20.0,22.21,22.78,17.92,22.42,21.12,21.79,21.72
2016-01-01 14:00:00,19.53,22.04,21.9,16.63,22.29,20.57,21.43,21.17
2016-01-01 15:00:00,19.34,21.55,22.17,16.81,21.87,20.27,21.06,20.83
2016-01-01 16:00:00,20.04,23.19,23.21,17.990000000000002,22.69,20.74,21.55,21.5
2016-01-01 17:00:00,23.67,27.75,28.13,20.77,27.19,24.01,24.25,24.37
2016-01-01 18:00:00,24.15,27.49,26.96,22.55,26.82,24.58,24.38,24.51
2016-01-01 19:00:00,23.52,26.15,25.96,21.64,25.68,24.86,24.73,24.61
2016-01-01 20:00:00,23.15,25.67,25.7,21.22,25.16,25.24,25.0,24.84
2016-01-01 21:00:00,22.01,23.32,24.47,19.82,22.98,24.23,24.32,23.87
2016-01-01 22:00:00,21.21,23.21,22.95,19.51,22.4,22.9,22.72,22.31
2016-01-01 23:00:00,20.38,21.0,21.65,18.91,21.79,22.16,22.24,21.56
2016-01-02 00:00:00,19.5,19.95,21.01,17.94,20.86,20.26,21.07,20.46
2016-01-02 01:00:00,19.490000000000002,19.79,20.92,18.16,20.77,20.03,20.86,20.240000000000002
2016-01-02 02:00:00,18.93,19.14,20.11,17.61,20.01,19.55,20.34,19.79
2016-01-02 03:00:00,18.78,18.990000000000002,19.96,17.47,19.86,19.400000000000002,20.19,19.64
2016-01-02 04:00:00,18.75,19.0,19.990000000000002,17.35,19.85,19.47,20.21,19.66
2016-01-02 05:00:00,19.05,19.3,20.31,17.68,20.16,19.7,20.46,19.91
2016-01-02 06:00:00,19.78,20.03,20.3,18.96,20.6,20.5,20.86,20.09
2016-01-02 07:00:00,21.03,21.84,22.04,19.13,22.13,22.82,22.04,22.3
2016-01-02 08:00:00,22.13,22.25,23.31,20.62,23.32,24.48,24.42,23.78
2016-01-02 09:00:00,23.06,23.44,23.77,20.82,23.81,26.96,26.3,26.26
2016-01-02 10:00:00,23.51,24.56,24.5,21.17,25.0,25.56,26.24,25.3
2016-01-02 11:00:00,22.89,24.09,23.86,21.13,24.35,24.01,24.77,23.88
2016-01-02 12:00:00,21.51,22.35,22.41,20.53,22.45,22.78,22.24,22.3
2016-01-02 13:00:00,20.85,21.49,21.88,19.96,21.89,21.59,20.98,21.15
2016-01-02 14:00:00,20.35,20.62,21.84,19.63,21.55,20.56,21.28,20.71
2016-01-02 15:00:00,19.77,20.54,20.93,18.75,20.98,19.95,20.57,20.85
2016-01-02 16:00:00,20.21,21.41,22.3,19.1,21.85,20.68,21.04,21.23
2016-01-02 17:00:00,23.07,25.66,25.82,21.46,25.67,22.22,22.94,23.15
2016-01-02 18:00:00,24.47,26.57,26.91,23.71,26.04,24.08,24.73,24.44
2016-01-02 19:00:00,23.63,25.93,25.65,22.07,25.63,24.55,24.31,24.28
2016-01-02 20:00:00,22.9,24.99,24.95,20.97,24.83,24.59,24.3,24.1
2016-01-02 21:00:00,21.91,22.35,24.04,20.47,23.58,22.72,23.35,23.16
2016-01-02 22:00:00,20.9,22.1,21.95,19.48,22.2,21.88,21.69,21.69
2016-01-02 23:00:00,19.91,20.82,21.59,18.47,21.37,20.57,21.29,20.96
2016-01-03 00:00:00,18.38,18.94,19.87,16.26,19.86,20.66,20.39,20.51
2016-01-03 01:00:00,17.89,18.56,19.82,14.29,19.8,20.83,21.16,20.95
2016-01-03 02:00:00,17.64,17.91,19.12,15.13,19.17,19.78,20.36,20.46
2016-01-03 03:00:00,17.73,17.88,19.09,15.67,19.14,19.59,20.17,20.27
2016-01-03 04:00:00,17.91,18.080000000000002,19.3,16.0,19.36,19.6,20.18,20.26
2016-01-03 05:00:00,18.330000000000002,18.45,19.7,16.44,19.75,19.97,20.6,20.68
2016-01-03 06:00:00,19.06,19.27,20.49,17.21,20.48,20.38,21.18,21.28
2016-01-03 07:00:00,19.93,20.32,21.35,17.75,21.36,21.79,21.89,21.45
2016-01-03 08:00:00,20.67,20.63,21.47,18.63,21.6,23.7,24.07,23.41
2016-01-03 09:00:00,21.56,21.33,21.78,19.48,21.81,25.4,25.16,25.18
2016-01-03 10:00:00,21.73,21.38,21.84,20.98,21.87,24.14,23.91,23.9
2016-01-03 11:00:00,21.5,21.2,22.23,20.97,22.2,22.44,22.67,22.6
2016-01-03 12:00:00,21.15,21.17,22.22,20.43,22.09,20.67,21.32,21.36
2016-01-03 13:00:00,20.81,20.83,21.87,20.11,21.74,20.330000000000002,20.97,21.02
2016-01-03 14:00:00,20.51,20.53,21.55,19.82,21.43,20.03,20.65,20.72
2016-01-03 15:00:00,20.49,20.73,20.86,19.91,21.18,19.82,20.35,20.23
2016-01-03 16:00:00,20.82,21.76,22.16,19.72,21.87,20.1,20.69,20.68
2016-01-03 17:00:00,24.63,28.19,27.16,23.51,26.67,22.24,23.33,23.01
2016-01-03 18:00:00,26.57,28.9,28.95,25.62,28.26,25.67,26.47,26.11
2016-01-03 19:00:00,25.56,27.03,27.23,24.44,26.81,25.2,26.27,25.65
2016-01-03 20:00:00,24.68,26.15,26.06,23.61,25.82,24.49,25.47,25.0
2016-01-03 21:00:00,23.25,23.78,25.1,22.17,24.44,23.13,23.85,23.49
2016-01-03 22:00:00,21.32,21.64,23.06,19.79,22.49,21.99,22.36,22.41
2016-01-03 23:00:00,20.88,20.93,21.23,20.22,21.46,21.64,21.64,21.6
2016-01-04 00:00:00,20.45,20.64,21.92,18.98,21.48,20.72,20.67,20.65
2016-01-04 01:00:00,20.32,20.12,21.29,19.27,21.07,20.62,20.58,20.88
2016-01-04 02:00:00,19.88,19.84,21.22,18.29,21.08,20.23,20.38,20.74
2016-01-04 03:00:00,19.87,19.830000000000002,21.21,18.29,21.07,20.21,20.37,20.73
2016-01-04 04:00:00,20.46,20.7,21.97,19.02,21.53,20.48,20.73,20.7
2016-01-04 05:00:00,22.18,22.23,23.23,20.96,23.09,22.15,22.43,22.4
2016-01-04 06:00:00,25.37,24.83,28.01,23.24,27.65,24.92,25.55,25.73
2016-01-04 07:00:00,33.54,33.160000000000004,34.96,31.970000000000006,35.34,33.61,34.25,34.15
2016-01-04 08:00:00,31.4,32.230000000000004,33.93,29.51,33.47,31.83,32.25,32.17
2016-01-04 09:00:00,29.52,30.46,31.74,27.85,31.19,29.91,30.24,30.21
2016-01-04 10:00:00,27.38,28.09,29.06,26.01,28.5,27.57,27.94,27.96
2016-01-04 11:00:00,25.84,26.94,27.63,24.75,27.2,25.05,25.35,25.43
2016-01-04 12:00:00,24.84,26.1,26.95,23.65,26.57,23.57,23.89,24.01
2016-01-04 13:00:00,23.67,24.8,25.65,22.44,25.36,22.27,22.48,22.73
2016-01-04 14:00:00,22.89,24.57,24.82,21.09,24.57,21.43,21.54,21.95
2016-01-04 15:00:00,22.39,24.65,24.77,20.63,24.45,20.56,20.87,21.71
2016-01-04 16:00:00,23.22,26.05,25.73,21.67,25.51,20.31,20.63,21.67
2016-01-04 17:00:00,29.01,36.45,36.33,24.78,35.61,23.36,24.14,23.86
2016-01-04 18:00:00,31.64,38.730000000000004,37.93,28.67,37.300000000000004,27.01,28.44,27.78
2016-01-04 19:00:00,28.87,34.74,34.59,23.5,34.4,28.33,28.18,28.54
2016-01-04 20:00:00,26.83,31.720000000000006,31.28,22.01,31.2,29.11,27.77,28.91
2016-01-04 21:00:00,24.89,30.06,29.11,21.28,28.94,27.1,25.47,26.38
2016-01-04 22:00:00,22.39,26.43,25.76,19.61,25.6,23.77,24.23,24.68
2016-01-04 23:00:00,19.900000000000002,23.21,22.43,16.9,22.34,22.67,20.89,22.53
2016-01-05 00:00:00,18.75,23.38,22.81,14.57,22.58,21.81,20.57,21.29
2016-01-05 01:00:00,17.830000000000002,22.64,22.82,11.96,22.62,22.26,21.16,21.47
2016-01-05 02:00:00,17.31,22.05,22.55,11.62,22.09,21.7,20.53,21.36
2016-01-05 03:00:00,17.25,21.52,22.32,11.45,21.88,21.9,20.73,21.48
2016-01-05 04:00:00,17.23,22.1,22.59,11.28,22.13,22.33,21.54,22.44
2016-01-05 05:00:00,19.77,24.94,25.66,13.77,25.42,24.04,23.02,23.91
2016-01-05 06:00:00,24.57,29.77,31.19,18.97,31.25,27.64,28.93,28.79
2016-01-05 07:00:00,32.63,42.94,41.83,22.47,41.48,39.77,38.46,38.82
2016-01-05 08:00:00,27.94,33.17,34.35,21.0,33.8,34.43,33.62,34.14
2016-01-05 09:00:00,24.9,29.63,31.12,18.5,30.36,28.18,28.15,27.84
2016-01-05 10:00:00,23.83,27.41,30.19,19.16,29.55,25.21,25.43,24.68
2016-01-05 11:00:00,22.85,26.63,27.48,19.53,26.94,23.98,23.93,23.59
2016-01-05 12:00:00,21.9,26.0,26.55,18.64,26.01,23.11,23.02,22.71
2016-01-05 13:00:00,21.17,24.78,25.42,18.91,24.82,21.94,22.07,22.06
2016-01-05 14:00:00,20.86,24.18,25.01,18.73,24.37,21.47,21.34,21.2
2016-01-05 15:00:00,20.0,23.74,24.4,17.59,23.55,20.57,20.41,20.43
2016-01-05 16:00:00,20.3,23.87,24.96,18.04,23.98,20.75,20.62,20.66
2016-01-05 17:00:00,24.68,29.05,32.44,22.36,31.12,22.28,23.94,23.07
2016-01-05 18:00:00,26.31,31.9,33.0,23.06,31.62,25.49,26.28,25.45
2016-01-05 19:00:00,25.25,29.73,31.27,21.0,30.16,26.48,26.48,25.94
2016-01-05 20:00:00,24.78,28.57,29.56,20.58,29.23,27.25,27.39,26.84
2016-01-05 21:00:00,23.14,26.07,27.72,19.16,27.4,25.59,25.65,25.2
2016-01-05 22:00:00,20.68,23.69,23.35,17.490000000000002,23.26,22.4,23.06,22.98
2016-01-05 23:00:00,19.22,21.57,21.78,17.1,21.45,21.89,22.51,22.2
2016-01-06 00:00:00,19.68,20.37,21.99,19.01,21.8,22.04,21.09,21.41
2016-01-06 01:00:00,19.21,20.080000000000002,22.36,17.87,22.08,21.7,20.45,20.75
2016-01-06 02:00:00,18.73,19.57,21.93,17.06,21.69,21.45,20.0,20.36
2016-01-06 03:00:00,18.5,19.34,21.66,16.7,21.43,21.27,20.25,20.22
2016-01-06 04:00:00,18.7,19.38,21.63,17.09,21.41,20.94,20.25,20.55
2016-01-06 05:00:00,20.23,21.73,23.31,18.45,23.23,22.57,21.68,21.33
2016-01-06 06:00:00,23.7,26.63,29.11,20.59,28.23,28.73,25.29,25.33
2016-01-06 07:00:00,30.41,34.13,36.49,27.17,34.83,35.52,31.28,32.61
2016-01-06 08:00:00,25.52,26.99,28.18,23.86,27.18,34.85,26.98,28.74
2016-01-06 09:00:00,24.42,25.79,26.7,23.02,26.05,29.52,26.24,28.16
2016-01-06 10:00:00,23.93,24.79,25.81,23.49,25.32,26.52,23.93,25.66
2016-01-06 11:00:00,23.14,24.53,25.0,22.55,24.55,24.35,22.88,23.83
2016-01-06 12:00:00,22.51,24.15,24.56,21.7,23.69,23.69,23.16,23.0
2016-01-06 13:00:00,21.93,23.36,24.3,21.04,23.32,22.88,22.46,22.68
2016-01-06 14:00:00,21.44,23.18,23.8,20.55,22.52,22.31,21.55,22.12
2016-01-06 15:00:00,21.11,22.59,23.45,20.11,22.36,22.13,21.55,21.94
2016-01-06 16:00:00,21.5,23.22,24.07,20.49,22.94,22.18,21.73,22.1
2016-01-06 17:00:00,24.8,28.92,29.39,23.72,28.12,23.46,22.74,22.49
2016-01-06 18:00:00,26.93,29.82,30.67,25.57,29.6,27.54,25.85,25.67
2016-01-06 19:00:00,25.11,27.38,28.19,23.72,27.1,26.39,24.41,24.28
2016-01-06 20:00:00,24.45,26.57,26.74,23.29,26.31,25.69,23.9,23.93
2016-01-06 21:00:00,23.46,24.29,25.31,22.39,24.64,24.68,23.93,23.36
2016-01-06 22:00:00,21.28,21.76,23.32,19.91,22.67,22.32,21.57,21.19
2016-01-06 23:00:00,20.080000000000002,20.07,20.96,20.07,20.94,21.0,19.8,19.56
2016-01-07 00:00:00,19.61,18.95,20.59,19.05,20.77,20.87,19.59,20.57
2016-01-07 01:00:00,19.25,18.97,19.82,18.67,20.07,19.56,18.69,19.52
2016-01-07 02:00:00,19.09,18.97,20.3,18.97,20.32,18.93,17.85,18.17
2016-01-07 03:00:00,18.82,18.67,20.03,18.72,20.06,18.490000000000002,17.46,17.48
2016-01-07 04:00:00,19.150000000000002,18.94,19.91,18.76,20.18,18.75,17.75,17.740000000000002
2016-01-07 05:00:00,20.68,20.49,22.75,20.31,22.44,19.41,18.53,19.55
2016-01-07 06:00:00,24.47,24.8,27.75,24.44,26.05,21.73,21.1,21.69
2016-01-07 07:00:00,29.03,29.79,35.93,27.48,30.57,28.65,26.83,27.97
2016-01-07 08:00:00,26.06,25.87,29.25,25.1,27.31,26.8,24.48,25.08
2016-01-07 09:00:00,25.36,24.97,28.01,24.66,26.44,25.67,24.32,25.68
2016-01-07 10:00:00,24.84,24.78,27.56,24.48,26.18,23.51,22.61,23.55
2016-01-07 11:00:00,24.28,24.53,26.49,23.81,25.83,23.57,21.71,22.02
2016-01-07 12:00:00,24.15,24.29,25.43,23.99,25.17,23.27,21.02,21.64
2016-01-07 13:00:00,23.48,23.13,24.47,24.0,24.17,22.58,20.5,20.77
2016-01-07 14:00:00,22.95,23.17,24.23,22.89,23.97,21.84,19.68,20.51
2016-01-07 15:00:00,22.76,22.42,24.09,23.88,23.35,21.66,19.75,20.61
2016-01-07 16:00:00,22.82,23.59,24.67,22.68,23.76,21.99,19.68,20.56
2016-01-07 17:00:00,26.29,29.59,31.59,26.28,28.0,23.75,21.22,21.43
2016-01-07 18:00:00,27.83,29.29,35.71,27.71,29.51,25.39,22.23,22.65
2016-01-07 19:00:00,26.35,26.25,32.57,25.76,27.54,26.3,22.81,22.96
2016-01-07 20:00:00,24.89,24.62,28.03,23.99,26.13,25.9,22.94,23.09
2016-01-07 21:00:00,23.44,23.19,25.41,22.48,24.64,24.46,22.15,22.66
2016-01-07 22:00:00,21.37,20.88,21.77,20.64,21.95,22.56,21.07,21.37
2016-01-07 23:00:00,20.27,19.89,21.89,19.41,21.32,21.41,19.67,19.91
2016-01-08 00:00:00,20.330000000000002,20.07,21.44,20.03,20.95,19.6,19.490000000000002,19.56
2016-01-08 01:00:00,19.6,19.77,21.22,18.88,20.93,18.12,17.68,17.92
2016-01-08 02:00:00,18.97,19.34,20.79,18.26,20.43,17.21,17.03,16.89
2016-01-08 03:00:00,18.68,19.13,20.56,18.07,20.21,16.53,16.28,16.15
2016-01-08 04:00:00,18.87,19.240000000000002,20.69,18.18,20.34,16.94,16.86,16.72
2016-01-08 05:00:00,20.05,20.06,21.01,20.29,21.09,17.78,17.580000000000002,17.71
2016-01-08 06:00:00,23.18,24.42,27.0,22.68,25.43,20.240000000000002,19.98,19.98
2016-01-08 07:00:00,25.73,26.55,31.41,24.73,27.69,22.8,21.93,22.74
2016-01-08 08:00:00,24.93,24.81,27.82,25.1,25.73,22.5,22.96,22.82
2016-01-08 09:00:00,24.39,24.12,27.14,24.44,25.06,22.33,23.0,22.87
2016-01-08 10:00:00,24.11,24.4,29.06,23.2,25.67,21.79,21.97,21.59
2016-01-08 11:00:00,23.51,24.05,26.56,22.82,25.21,21.37,21.61,21.24
2016-01-08 12:00:00,22.82,23.17,24.7,22.59,24.03,21.37,21.18,21.23
2016-01-08 13:00:00,22.21,22.52,23.97,21.97,23.37,20.93,20.85,20.9
2016-01-08 14:00:00,21.83,22.25,23.19,22.16,22.95,20.150000000000002,20.42,20.41
2016-01-08 15:00:00,21.31,21.84,23.7,20.32,22.93,20.36,20.45,20.18
2016-01-08 16:00:00,21.35,22.63,24.34,20.59,22.88,20.26,20.29,20.16
2016-01-08 17:00:00,23.72,26.73,29.16,22.91,25.35,21.77,21.02,21.21
2016-01-08 18:00:00,24.61,26.18,30.9,23.88,25.9,22.3,21.7,21.74
2016-01-08 19:00:00,23.38,23.92,28.42,22.21,24.55,22.66,22.09,22.22
2016-01-08 20:00:00,22.63,23.17,26.57,21.61,23.81,22.31,21.75,21.95
2016-01-08 21:00:00,21.41,22.18,23.12,20.57,22.6,21.66,21.45,21.5
2016-01-08 22:00:00,20.37,20.73,21.55,19.1,21.73,20.82,20.64,21.01
2016-01-08 23:00:00,19.26,19.5,20.080000000000002,18.95,20.34,19.37,18.830000000000002,19.09
2016-01-09 00:00:00,18.21,19.06,19.16,17.71,19.23,18.71,18.080000000000002,18.02
2016-01-09 01:00:00,17.3,18.02,18.43,16.96,18.25,17.900000000000002,18.05,17.94
2016-01-09 02:00:00,16.53,17.53,17.23,16.09,17.54,16.88,16.44,16.48
2016-01-09 03:00:00,15.84,16.64,17.19,15.01,16.9,16.080000000000002,15.99,16.080000000000002
2016-01-09 04:00:00,16.25,17.35,17.76,15.41,17.46,16.27,16.21,16.3
2016-01-09 05:00:00,17.25,18.41,18.86,16.63,18.5,16.990000000000002,16.97,17.01
2016-01-09 06:00:00,18.400000000000002,20.85,20.22,18.01,19.8,17.88,17.8,17.69
2016-01-09 07:00:00,19.89,22.04,22.37,19.04,21.69,19.04,18.98,18.830000000000002
2016-01-09 08:00:00,20.42,22.53,21.72,19.34,22.01,20.330000000000002,20.12,20.35
2016-01-09 09:00:00,21.36,23.58,22.52,20.54,22.77,21.43,22.11,21.52
2016-01-09 10:00:00,21.51,23.2,22.8,21.04,22.57,20.98,21.39,21.78
2016-01-09 11:00:00,21.39,23.56,22.59,21.09,22.55,20.84,21.32,21.7
2016-01-09 12:00:00,20.88,23.21,22.07,20.62,22.04,20.38,20.84,21.21
2016-01-09 13:00:00,20.400000000000002,22.52,21.59,20.03,21.56,20.1,20.49,20.86
2016-01-09 14:00:00,19.97,22.21,21.11,19.28,21.65,19.55,20.37,19.830000000000002
2016-01-09 15:00:00,19.71,22.29,20.92,18.68,21.58,19.580000000000002,19.53,19.78
2016-01-09 16:00:00,20.31,23.32,21.78,19.39,22.31,19.51,20.150000000000002,19.64
2016-01-09 17:00:00,23.19,27.93,26.2,23.16,25.24,20.64,20.81,20.8
2016-01-09 18:00:00,24.9,26.47,27.94,25.53,26.58,22.73,22.75,22.73
2016-01-09 19:00:00,23.86,25.42,25.95,23.71,25.22,23.83,22.87,23.2
2016-01-09 20:00:00,23.09,25.06,24.25,23.15,24.38,23.89,23.8,23.04
2016-01-09 21:00:00,21.95,23.65,23.43,21.7,23.32,22.46,22.02,22.16
2016-01-09 22:00:00,20.54,21.0,21.82,20.91,21.59,21.24,21.12,20.54
2016-01-09 23:00:00,20.080000000000002,20.37,21.3,20.66,21.34,21.06,20.32,20.32
2016-01-10 00:00:00,19.34,18.73,20.49,19.93,20.28,19.54,20.46,20.22
2016-01-10 01:00:00,18.330000000000002,17.31,18.51,19.06,18.61,19.84,19.89,19.830000000000002
2016-01-10 02:00:00,17.73,16.490000000000002,17.62,18.27,17.71,19.93,19.990000000000002,19.93
2016-01-10 03:00:00,17.55,16.47,16.89,17.18,17.400000000000002,19.37,20.02,19.69
2016-01-10 04:00:00,17.96,17.19,18.11,17.12,18.21,19.990000000000002,20.06,20.0
2016-01-10 05:00:00,18.95,18.240000000000002,19.740000000000002,17.95,19.54,20.88,21.8,21.57
2016-01-10 06:00:00,20.19,19.1,20.44,19.650000000000002,20.53,22.58,22.77,22.74
2016-01-10 07:00:00,21.23,21.22,21.41,19.96,21.45,24.24,24.01,24.22
2016-01-10 08:00:00,22.14,22.42,22.2,20.45,22.55,24.76,25.6,25.05
2016-01-10 09:00:00,23.7,23.84,23.9,22.41,23.56,27.6,27.64,27.82
2016-01-10 10:00:00,23.77,23.57,24.03,22.75,23.93,26.58,26.61,26.8
2016-01-10 11:00:00,23.53,23.75,23.66,22.56,23.92,25.3,25.27,25.23
2016-01-10 12:00:00,23.25,23.15,23.34,22.82,23.4,23.37,24.82,24.68
2016-01-10 13:00:00,22.82,22.76,24.27,21.93,23.69,23.07,23.85,24.06
2016-01-10 14:00:00,22.62,22.55,23.27,21.75,23.24,22.65,23.59,23.49
2016-01-10 15:00:00,22.47,22.51,23.15,21.62,23.09,22.44,23.38,23.28
2016-01-10 16:00:00,23.3,23.97,24.24,22.32,24.08,22.87,23.75,23.6
2016-01-10 17:00:00,27.97,32.35,32.19,26.93,30.0,24.69,25.63,25.19
2016-01-10 18:00:00,32.44,34.82,36.63,32.25,34.27,28.17,29.2,29.05
2016-01-10 19:00:00,29.7,31.51,33.25,27.95,31.35,28.11,30.46,28.59
2016-01-10 20:00:00,27.91,30.0,30.88,26.2,29.37,26.9,30.78,27.2
2016-01-10 21:00:00,25.76,26.74,27.62,24.56,26.91,24.99,26.53,25.8
2016-01-10 22:00:00,23.42,24.45,25.01,22.26,24.67,23.59,24.27,24.16
2016-01-10 23:00:00,22.96,22.99,23.1,22.73,23.35,23.44,23.34,23.34
2016-01-11 00:00:00,22.9,22.85,23.48,22.86,23.44,22.36,23.19,22.66
2016-01-11 01:00:00,22.57,22.45,23.64,21.93,23.6,22.05,22.54,22.91
2016-01-11 02:00:00,22.35,22.14,23.4,21.79,23.37,21.83,22.32,22.68
2016-01-11 03:00:00,22.26,22.15,23.39,21.67,23.36,21.84,22.32,22.68
2016-01-11 04:00:00,22.41,22.81,22.84,21.98,23.07,22.68,22.7,22.85
2016-01-11 05:00:00,24.02,24.07,25.4,22.89,25.25,24.31,24.84,25.75
2016-01-11 06:00:00,29.4,30.15,31.84,28.03,31.5,27.71,40.17,29.53
2016-01-11 07:00:00,43.69,45.17,46.91,41.66,44.41,41.36,64.47,45.71
2016-01-11 08:00:00,36.9,37.13,39.37,35.26,37.0,35.85,54.12,39.99
2016-01-11 09:00:00,32.78,33.29,35.95,31.720000000000006,32.410000000000004,30.0,44.95,32.78
2016-01-11 10:00:00,29.95,30.8,32.64,29.02,30.52,27.75,32.92,30.18
2016-01-11 11:00:00,27.8,29.0,30.36,27.08,28.54,25.0,26.41,27.89
2016-01-11 12:00:00,26.31,28.23,29.08,25.49,27.35,23.78,24.43,24.28
2016-01-11 13:00:00,24.94,26.14,27.16,24.63,25.46,23.0,23.47,23.57
2016-01-11 14:00:00,24.0,25.16,26.23,23.8,24.12,21.6,22.83,22.65
2016-01-11 15:00:00,23.26,25.59,25.42,23.07,24.06,21.0,21.82,21.06
2016-01-11 16:00:00,23.1,26.55,25.62,22.87,24.01,21.03,21.87,21.31
2016-01-11 17:00:00,26.74,33.43,31.52,25.82,28.27,23.41,24.99,23.31
2016-01-11 18:00:00,29.29,31.96,35.29,29.03,30.71,24.32,27.99,26.7
2016-01-11 19:00:00,27.38,29.84,32.64,24.44,29.22,27.39,30.12,27.64
2016-01-11 20:00:00,25.83,28.07,29.93,22.94,27.23,27.47,28.88,27.89
2016-01-11 21:00:00,23.67,25.59,26.79,20.53,25.39,25.6,26.57,26.4
2016-01-11 22:00:00,21.64,22.84,23.88,19.150000000000002,22.75,23.59,24.19,24.35
2016-01-11 23:00:00,19.84,20.54,21.91,18.32,21.14,23.16,23.45,23.81
2016-01-12 00:00:00,19.84,20.41,21.1,19.44,20.88,23.15,22.46,23.29
2016-01-12 01:00:00,19.61,20.18,21.42,19.28,20.85,22.58,22.77,23.4
2016-01-12 02:00:00,19.0,19.73,20.87,18.92,20.76,22.31,22.82,22.81
2016-01-12 03:00:00,19.21,19.66,20.85,19.240000000000002,20.63,22.06,22.77,22.7
2016-01-12 04:00:00,19.73,20.09,21.43,19.48,20.91,22.69,23.28,23.0
2016-01-12 05:00:00,20.8,21.48,22.94,20.0,21.85,22.82,23.36,23.42
2016-01-12 06:00:00,24.61,25.76,27.14,22.18,26.29,25.97,27.01,28.55
2016-01-12 07:00:00,31.51,33.14,35.12,27.38,34.96,35.58,36.93,37.69
2016-01-12 08:00:00,28.06,28.67,30.82,25.39,30.58,30.33,31.64,34.04
2016-01-12 09:00:00,26.4,26.63,28.64,26.33,28.16,30.17,26.11,27.19
2016-01-12 10:00:00,25.73,26.0,27.83,26.05,27.39,28.83,24.88,25.42
2016-01-12 11:00:00,25.31,25.47,26.84,26.96,25.93,27.46,23.83,24.13
2016-01-12 12:00:00,24.61,24.81,25.91,25.56,24.72,26.35,22.79,23.13
2016-01-12 13:00:00,24.0,24.01,25.16,25.11,23.98,25.11,21.78,22.43
2016-01-12 14:00:00,23.19,23.73,24.27,24.16,23.5,23.44,20.84,21.52
2016-01-12 15:00:00,23.08,23.15,24.27,24.18,23.01,22.59,20.63,21.47
2016-01-12 16:00:00,23.68,23.9,25.06,25.0,23.25,22.73,20.57,21.42
2016-01-12 17:00:00,28.88,29.23,30.9,31.5,29.71,26.53,22.43,23.01
2016-01-12 18:00:00,34.1,32.15,35.13,41.01,34.02,22.54,24.93,25.63
2016-01-12 19:00:00,31.51,30.57,33.26,35.31,32.35,22.59,24.9,25.12
2016-01-12 20:00:00,29.41,28.69,30.77,32.68,30.07,22.77,24.63,24.77
2016-01-12 21:00:00,27.86,27.16,28.79,30.68,28.1,22.46,24.03,24.25
2016-01-12 22:00:00,25.63,25.81,26.89,27.12,26.09,21.35,22.79,23.58
2016-01-12 23:00:00,24.13,23.52,24.73,25.9,24.12,20.65,21.99,22.42
2016-01-13 00:00:00,22.23,19.79,22.65,23.49,22.56,21.15,21.79,22.11
2016-01-13 01:00:00,21.96,19.69,22.58,23.77,22.5,20.330000000000002,20.72,21.28
2016-01-13 02:00:00,21.52,19.41,22.26,22.99,21.92,20.28,20.94,20.63
2016-01-13 03:00:00,21.38,18.62,22.13,22.73,21.84,20.2,20.85,20.55
2016-01-13 04:00:00,21.48,17.52,22.24,22.51,22.03,20.48,21.2,21.48
2016-01-13 05:00:00,22.93,18.56,23.87,24.05,25.0,21.2,22.42,21.9
2016-01-13 06:00:00,26.81,23.39,29.01,28.75,32.6,22.72,27.09,24.3
2016-01-13 07:00:00,36.63,32.32,38.67,44.31,40.800000000000004,26.73,38.51,28.68
2016-01-13 08:00:00,31.71,27.58,33.33,37.14,30.0,24.17,34.660000000000004,26.43
2016-01-13 09:00:00,28.24,24.87,30.07,32.02,26.59,22.39,28.88,24.02
2016-01-13 10:00:00,26.28,24.25,27.96,28.76,25.36,21.6,24.95,22.57
2016-01-13 11:00:00,25.13,24.14,26.27,27.27,24.92,20.93,23.32,21.7
2016-01-13 12:00:00,24.21,23.69,25.17,26.15,24.04,20.400000000000002,22.31,21.17
2016-01-13 13:00:00,23.12,22.96,24.42,24.47,23.46,19.73,20.96,20.6
2016-01-13 14:00:00,22.5,22.55,23.85,23.73,22.97,19.34,20.330000000000002,20.13
2016-01-13 15:00:00,22.3,22.24,23.45,23.9,22.81,18.77,20.02,19.88
2016-01-13 16:00:00,22.07,22.54,23.8,23.16,22.59,19.04,19.84,19.6
2016-01-13 17:00:00,25.21,26.0,29.54,25.96,26.38,19.95,21.12,20.71
2016-01-13 18:00:00,28.28,28.19,33.27,30.8,28.5,21.05,23.63,21.52
2016-01-13 19:00:00,26.47,26.29,30.87,27.57,26.59,21.35,24.43,21.65
2016-01-13 20:00:00,24.97,25.68,28.57,24.93,25.64,21.67,23.92,21.89
2016-01-13 21:00:00,24.0,24.09,26.06,25.02,24.41,21.2,23.03,21.32
2016-01-13 22:00:00,21.88,22.41,23.51,21.37,22.94,20.68,22.84,20.87
2016-01-13 23:00:00,20.3,20.48,22.06,20.01,21.36,19.56,20.36,20.18
2016-01-14 00:00:00,20.35,18.22,21.19,20.96,20.95,19.6,21.91,19.990000000000002
2016-01-14 01:00:00,19.87,17.490000000000002,20.73,20.18,20.55,19.28,20.07,19.76
2016-01-14 02:00:00,19.400000000000002,16.740000000000002,20.12,20.07,20.11,18.62,19.18,19.29
2016-01-14 03:00:00,19.2,16.69,20.54,19.21,20.25,18.28,19.06,18.78
2016-01-14 04:00:00,19.43,15.33,20.39,19.22,20.31,19.04,19.78,19.47
2016-01-14 05:00:00,20.47,15.96,21.67,19.71,21.45,19.81,23.8,20.6
2016-01-14 06:00:00,23.89,20.46,26.01,22.95,25.73,21.22,33.08,22.26
2016-01-14 07:00:00,28.28,25.0,31.470000000000006,27.06,30.07,24.21,50.06,25.25
2016-01-14 08:00:00,25.61,22.47,27.28,24.89,26.3,22.71,46.66,23.93
2016-01-14 09:00:00,23.98,21.62,25.82,24.09,25.01,21.21,33.0,21.91
2016-01-14 10:00:00,23.36,21.68,25.23,23.65,24.56,20.86,26.08,21.35
2016-01-14 11:00:00,23.2,21.46,24.59,23.94,24.49,19.95,24.34,21.08
2016-01-14 12:00:00,22.29,20.97,24.16,22.99,23.71,19.72,21.68,20.42
2016-01-14 13:00:00,21.93,20.76,23.3,22.61,22.98,19.5,21.01,19.93
2016-01-14 14:00:00,21.4,20.35,23.33,21.59,22.67,19.26,19.94,19.61
2016-01-14 15:00:00,21.12,20.04,22.98,21.27,22.33,19.07,19.76,19.44
2016-01-14 16:00:00,21.02,20.02,22.98,21.12,22.28,18.96,19.66,19.34
2016-01-14 17:00:00,23.35,22.84,26.65,23.73,25.43,19.76,22.04,20.43
2016-01-14 18:00:00,24.62,24.09,27.94,25.28,26.12,20.65,24.5,21.39
2016-01-14 19:00:00,23.31,22.55,25.73,23.5,24.44,20.6,26.04,21.37
2016-01-14 20:00:00,22.57,21.77,24.32,22.72,23.79,20.73,24.65,21.0
2016-01-14 21:00:00,21.32,20.53,22.72,21.16,22.48,20.36,23.34,20.75
2016-01-14 22:00:00,19.87,18.34,20.83,19.740000000000002,20.73,19.45,21.19,20.25
2016-01-14 23:00:00,18.89,17.96,20.19,18.42,20.32,18.93,19.2,19.37
2016-01-15 00:00:00,18.03,16.79,19.02,17.82,19.32,18.16,18.31,18.52
2016-01-15 01:00:00,16.9,15.06,17.81,16.78,18.19,17.14,17.240000000000002,17.44
2016-01-15 02:00:00,15.56,13.37,16.42,15.15,16.63,15.97,16.48,16.68
2016-01-15 03:00:00,15.16,12.78,16.7,14.67,16.56,15.87,16.19,16.42
2016-01-15 04:00:00,15.33,11.22,17.1,13.75,17.07,16.55,16.59,16.490000000000002
2016-01-15 05:00:00,17.330000000000002,11.57,18.8,16.04,19.11,18.900000000000002,18.46,18.71
2016-01-15 06:00:00,20.21,16.75,22.91,18.7,22.87,20.03,22.24,20.72
2016-01-15 07:00:00,22.06,18.75,24.05,20.35,24.0,21.73,30.37,21.96
2016-01-15 08:00:00,21.75,19.42,22.82,20.82,22.84,22.21,31.59,23.7
2016-01-15 09:00:00,20.85,19.0,22.46,19.97,22.4,21.08,22.8,22.1
2016-01-15 10:00:00,20.7,20.02,22.16,20.02,22.26,20.49,21.46,21.45
2016-01-15 11:00:00,20.37,20.37,21.79,19.77,21.94,20.03,21.01,20.92
2016-01-15 12:00:00,20.1,19.82,21.78,19.62,21.76,19.75,20.73,20.48
2016-01-15 13:00:00,19.81,19.53,21.34,19.5,21.29,19.27,20.3,19.900000000000002
2016-01-15 14:00:00,19.53,19.35,21.27,19.12,21.23,18.72,20.18,19.54
2016-01-15 15:00:00,19.36,19.05,20.74,18.87,20.81,18.56,20.1,19.38
2016-01-15 16:00:00,19.48,19.04,20.96,18.990000000000002,21.07,18.85,19.85,19.53
2016-01-15 17:00:00,21.31,21.85,23.07,21.09,23.07,19.57,21.11,20.330000000000002
2016-01-15 18:00:00,22.43,22.29,24.01,22.99,23.95,20.38,21.5,21.21
2016-01-15 19:00:00,21.48,20.32,22.63,21.66,22.64,20.85,22.13,21.68
2016-01-15 20:00:00,20.67,19.86,21.66,20.45,21.75,20.39,21.48,21.33
2016-01-15 21:00:00,19.93,18.87,21.08,19.45,20.94,19.96,20.76,20.6
2016-01-15 22:00:00,19.5,18.54,20.45,19.48,20.58,19.490000000000002,20.49,20.43
2016-01-15 23:00:00,18.88,17.41,20.080000000000002,19.12,19.98,18.79,19.92,19.77
2016-01-16 00:00:00,18.42,18.11,19.16,19.12,19.39,17.88,18.2,18.44
2016-01-16 01:00:00,17.84,16.81,18.56,18.93,18.71,17.22,18.0,18.27
2016-01-16 02:00:00,17.22,16.12,18.75,18.1,18.51,16.740000000000002,17.1,16.97
2016-01-16 03:00:00,16.56,15.87,18.14,16.37,17.89,16.21,16.55,16.44
2016-01-16 04:00:00,16.88,14.27,18.47,16.13,18.32,16.830000000000002,17.18,17.06
2016-01-16 05:00:00,18.02,13.28,18.85,17.7,19.31,17.96,18.28,18.51
2016-01-16 06:00:00,19.16,15.83,19.92,19.150000000000002,20.0,19.13,19.7,19.91
2016-01-16 07:00:00,20.88,19.37,21.46,20.71,21.71,19.69,20.92,21.38
2016-01-16 08:00:00,21.37,19.740000000000002,22.01,21.45,21.93,19.97,23.26,21.46
2016-01-16 09:00:00,22.38,20.57,23.05,22.88,22.91,20.47,23.54,21.66
2016-01-16 10:00:00,22.88,21.91,23.76,23.32,23.62,20.03,22.41,21.83
2016-01-16 11:00:00,22.55,22.0,23.59,22.82,23.2,20.19,21.56,21.59
2016-01-16 12:00:00,22.28,21.52,23.19,23.0,22.87,19.330000000000002,20.85,21.05
2016-01-16 13:00:00,21.46,20.78,22.45,22.07,22.11,18.900000000000002,20.21,20.42
2016-01-16 14:00:00,20.98,20.47,21.79,21.51,21.45,18.79,19.36,19.79
2016-01-16 15:00:00,20.82,19.59,21.37,21.86,21.37,18.56,19.03,19.400000000000002
2016-01-16 16:00:00,21.04,20.17,21.88,21.69,21.64,18.48,19.44,19.51
2016-01-16 17:00:00,23.96,23.52,24.59,26.01,24.41,18.94,20.74,20.87
2016-01-16 18:00:00,25.69,24.99,27.12,28.02,26.28,19.79,21.84,21.63
2016-01-16 19:00:00,24.6,23.76,24.6,26.0,24.62,20.79,23.63,22.45
2016-01-16 20:00:00,23.45,23.48,25.37,23.57,24.59,20.37,21.82,21.58
2016-01-16 21:00:00,22.36,22.25,23.6,22.43,23.16,20.31,21.12,21.53
2016-01-16 22:00:00,20.96,20.73,22.21,20.48,21.84,20.45,21.11,20.77
2016-01-16 23:00:00,20.12,19.8,20.82,20.37,20.82,19.29,19.84,20.21
2016-01-17 00:00:00,19.34,18.68,19.85,19.52,20.150000000000002,18.98,19.16,19.42
2016-01-17 01:00:00,18.97,18.330000000000002,19.57,18.92,19.86,18.59,18.93,19.18
2016-01-17 02:00:00,18.45,17.150000000000002,19.11,18.44,19.25,17.77,18.580000000000002,18.85
2016-01-17 03:00:00,18.27,16.67,18.89,18.11,19.01,18.400000000000002,18.19,18.43
2016-01-17 04:00:00,18.31,16.23,18.94,17.76,19.080000000000002,18.650000000000002,18.44,18.68
2016-01-17 05:00:00,18.55,15.56,19.16,17.87,19.34,19.1,18.89,19.14
2016-01-17 06:00:00,19.42,17.38,19.76,19.21,20.12,19.51,20.14,20.43
2016-01-17 07:00:00,20.6,19.64,20.89,20.05,21.4,20.06,23.57,20.87
2016-01-17 08:00:00,21.35,20.01,21.87,21.33,21.92,20.82,25.16,21.28
2016-01-17 09:00:00,21.79,20.48,22.31,21.49,22.24,20.87,27.2,22.38
2016-01-17 10:00:00,22.41,21.19,23.0,22.6,22.87,20.76,26.69,21.99
2016-01-17 11:00:00,22.02,21.22,23.02,22.32,22.88,20.0,23.58,21.5
2016-01-17 12:00:00,21.75,21.53,22.61,21.78,22.85,19.6,20.92,20.98
2016-01-17 13:00:00,21.07,21.12,22.49,20.82,22.15,18.990000000000002,20.150000000000002,20.25
2016-01-17 14:00:00,20.84,20.92,22.25,20.81,21.91,18.44,19.67,19.78
2016-01-17 15:00:00,20.63,20.55,22.06,20.73,21.73,17.92,19.21,19.47
2016-01-17 16:00:00,21.29,21.37,22.76,21.45,22.45,18.12,19.580000000000002,19.72
2016-01-17 17:00:00,24.83,25.62,26.9,25.82,26.36,19.29,21.16,21.26
2016-01-17 18:00:00,29.42,28.29,30.05,32.83,30.0,21.3,24.11,24.39
2016-01-17 19:00:00,27.84,26.52,28.19,30.42,28.21,21.75,26.35,24.49
2016-01-17 20:00:00,26.69,25.56,27.0,28.96,27.13,21.42,25.24,23.88
2016-01-17 21:00:00,25.12,24.94,26.14,26.62,26.23,20.6,22.6,22.87
2016-01-17 22:00:00,22.9,22.28,23.58,23.85,23.81,20.84,21.92,22.02
2016-01-17 23:00:00,22.32,21.45,23.31,23.52,23.01,20.43,21.68,21.38
2016-01-18 00:00:00,22.39,22.32,23.67,22.6,23.54,20.54,20.87,21.59
2016-01-18 01:00:00,22.5,22.1,23.74,22.79,23.51,20.48,21.32,21.14
2016-01-18 02:00:00,22.2,21.83,23.75,22.43,23.57,20.080000000000002,20.48,21.16
2016-01-18 03:00:00,22.09,21.72,23.6,22.19,23.42,20.18,20.58,21.26
2016-01-18 04:00:00,22.75,21.89,24.42,22.89,24.29,20.34,20.67,21.4
2016-01-18 05:00:00,24.31,22.59,26.12,24.39,26.25,21.05,21.8,22.16
2016-01-18 06:00:00,28.64,25.1,29.06,30.73,29.65,21.21,33.51,24.63
2016-01-18 07:00:00,39.27,35.17,39.63,42.47,49.62,26.6,49.59,31.43
2016-01-18 08:00:00,36.97,34.03,36.980000000000004,41.23,46.1,24.83,42.78,30.06
2016-01-18 09:00:00,35.38,31.33,35.39,39.96,41.72,24.38,36.12,29.36
2016-01-18 10:00:00,33.2,30.28,33.22,37.800000000000004,34.15,22.96,30.38,27.39
2016-01-18 11:00:00,30.74,28.43,30.75,34.96,31.49,21.78,25.38,25.42
2016-01-18 12:00:00,27.87,26.46,28.08,31.04,28.61,20.96,23.86,23.79
2016-01-18 13:00:00,26.98,25.67,27.45,29.91,27.82,20.13,22.96,22.81
2016-01-18 14:00:00,25.61,24.68,25.77,28.02,26.02,20.02,21.76,21.7
2016-01-18 15:00:00,24.98,24.22,25.6,26.9,25.85,19.54,21.26,21.24
2016-01-18 16:00:00,25.59,25.13,26.36,27.58,26.81,19.48,21.11,21.09
2016-01-18 17:00:00,31.11,29.2,34.76,34.410000000000004,35.910000000000004,20.0,22.52,22.5
2016-01-18 18:00:00,37.47,38.29,41.31,42.4,49.36,22.58,26.35,26.12
2016-01-18 19:00:00,35.980000000000004,35.9,39.07,39.980000000000004,46.07,23.59,28.88,27.2
2016-01-18 20:00:00,32.68,31.970000000000006,34.62,35.69,39.1,23.43,27.78,26.7
2016-01-18 21:00:00,28.98,27.74,29.62,31.5,29.72,22.81,25.81,25.67
2016-01-18 22:00:00,25.76,25.32,26.72,27.28,26.89,21.64,22.44,22.22
2016-01-18 23:00:00,23.23,23.08,24.27,23.76,24.36,20.71,21.57,21.77
2016-01-19 00:00:00,24.74,21.14,23.11,29.79,24.56,19.35,21.02,21.43
2016-01-19 01:00:00,23.36,20.74,22.6,25.73,23.59,19.45,20.9,21.3
2016-01-19 02:00:00,22.73,19.11,22.37,24.32,23.16,19.55,20.88,21.25
2016-01-19 03:00:00,22.45,19.29,22.58,23.3,23.12,19.57,20.98,21.22
2016-01-19 04:00:00,22.82,19.900000000000002,23.4,23.75,23.46,19.78,21.21,21.47
2016-01-19 05:00:00,25.52,21.45,26.56,27.75,26.89,20.42,21.91,22.17
2016-01-19 06:00:00,29.97,24.67,28.28,32.05,33.28,24.45,34.71,26.35
2016-01-19 07:00:00,43.57,39.2,43.24,45.6,52.1,37.660000000000004,48.94,40.910000000000004
2016-01-19 08:00:00,39.14,34.78,36.75,45.0,41.82,28.72,42.0,32.5
2016-01-19 09:00:00,34.410000000000004,31.54,34.07,38.69,37.52,25.4,32.910000000000004,27.93
2016-01-19 10:00:00,30.15,27.34,29.96,34.31,31.41,22.88,25.03,24.93
2016-01-19 11:00:00,28.14,25.57,28.42,31.93,29.4,21.25,22.79,22.71
2016-01-19 12:00:00,26.08,24.42,26.49,29.11,27.12,20.400000000000002,21.78,21.76
2016-01-19 13:00:00,25.43,23.43,25.81,28.56,26.58,19.93,20.92,20.95
2016-01-19 14:00:00,24.44,22.42,24.87,27.15,25.57,19.42,20.36,20.39
2016-01-19 15:00:00,23.94,22.24,24.55,25.68,25.25,19.45,20.080000000000002,20.0
2016-01-19 16:00:00,24.15,22.95,24.83,26.09,25.41,19.37,20.0,19.91
2016-01-19 17:00:00,29.09,27.84,30.69,33.53,31.01,19.6,20.71,20.76
2016-01-19 18:00:00,34.54,33.27,35.28,42.61,35.75,20.78,23.28,23.42
2016-01-19 19:00:00,32.7,30.74,33.68,39.29,33.97,21.36,23.2,23.25
2016-01-19 20:00:00,29.25,28.0,30.42,33.1,30.56,21.22,22.73,22.74
2016-01-19 21:00:00,26.3,24.57,27.12,28.85,27.58,20.81,22.16,22.18
2016-01-19 22:00:00,24.21,22.86,24.74,25.96,25.33,20.22,20.9,20.88
2016-01-19 23:00:00,22.18,20.11,23.11,23.65,23.21,19.51,20.19,20.47
2016-01-20 00:00:00,20.36,17.87,21.82,19.8,21.64,19.16,19.580000000000002,19.98
2016-01-20 01:00:00,20.22,16.87,21.14,20.59,21.21,18.82,19.41,19.77
2016-01-20 02:00:00,19.67,15.43,21.05,19.330000000000002,20.85,18.580000000000002,19.43,19.17
2016-01-20 03:00:00,19.490000000000002,15.13,20.82,19.2,20.63,18.23,19.1,18.85
2016-01-20 04:00:00,19.63,15.03,21.03,19.240000000000002,20.87,18.41,19.21,18.95
2016-01-20 05:00:00,20.86,16.330000000000002,22.63,20.21,22.58,19.46,19.61,20.01
2016-01-20 06:00:00,23.66,19.92,26.32,23.62,26.08,20.79,21.5,21.33
2016-01-20 07:00:00,29.99,25.33,33.93,30.63,33.78,23.29,31.25,26.19
2016-01-20 08:00:00,28.53,23.29,28.45,32.78,29.81,22.05,28.05,24.08
2016-01-20 09:00:00,26.38,22.74,26.93,29.58,27.81,21.58,25.16,23.08
2016-01-20 10:00:00,24.99,22.23,25.51,27.02,26.3,20.92,22.68,22.24
2016-01-20 11:00:00,24.67,22.58,25.61,27.11,26.27,20.29,22.04,21.57
2016-01-20 12:00:00,23.7,21.86,24.91,25.4,25.52,19.900000000000002,21.68,21.09
2016-01-20 13:00:00,23.21,21.15,24.03,25.05,24.73,19.990000000000002,21.39,20.47
2016-01-20 14:00:00,22.64,20.7,23.54,24.21,24.12,20.02,21.25,20.39
2016-01-20 15:00:00,22.18,20.48,23.35,23.46,23.74,20.05,20.85,20.57
2016-01-20 16:00:00,22.32,20.58,23.83,23.44,24.25,19.84,20.65,20.400000000000002
2016-01-20 17:00:00,25.19,24.37,28.25,26.18,28.62,20.13,21.67,21.24
2016-01-20 18:00:00,27.9,26.57,29.3,32.29,30.0,21.42,23.04,22.82
2016-01-20 19:00:00,26.6,25.24,27.63,29.99,28.36,21.91,23.45,23.22
2016-01-20 20:00:00,25.58,24.46,26.74,28.13,27.57,21.47,22.98,22.75
2016-01-20 21:00:00,23.54,22.79,24.63,24.66,25.35,21.18,22.54,22.13
2016-01-20 22:00:00,21.76,20.52,22.91,22.99,22.9,20.5,20.96,20.94
2016-01-20 23:00:00,20.62,18.41,21.92,21.29,21.84,19.59,20.18,20.27
2016-01-21 00:00:00,21.04,19.43,22.11,21.37,21.71,19.59,20.18,20.12
2016-01-21 01:00:00,20.69,18.76,21.85,20.98,21.57,18.44,19.34,19.240000000000002
2016-01-21 02:00:00,20.44,18.89,22.01,21.02,21.56,17.150000000000002,18.28,18.150000000000002
2016-01-21 03:00:00,20.27,18.48,20.62,21.45,20.79,17.18,17.81,17.55
2016-01-21 04:00:00,20.48,17.990000000000002,21.0,21.56,21.04,17.400000000000002,18.22,17.75
2016-01-21 05:00:00,21.6,20.03,22.9,21.73,22.93,18.29,18.490000000000002,18.87
2016-01-21 06:00:00,24.53,23.62,27.17,25.88,26.09,19.54,20.38,20.62
2016-01-21 07:00:00,29.32,28.36,30.46,33.07,30.15,21.52,26.79,22.39
2016-01-21 08:00:00,29.42,27.57,29.57,35.89,27.93,21.26,27.59,22.94
2016-01-21 09:00:00,27.94,26.77,28.86,32.32,26.72,21.51,25.91,22.49
2016-01-21 10:00:00,26.72,25.82,28.04,30.18,25.72,21.0,23.96,21.37
2016-01-21 11:00:00,25.94,25.42,26.83,29.11,25.1,20.67,22.07,20.92
2016-01-21 12:00:00,24.68,24.28,25.83,27.07,24.32,20.53,21.22,20.72
2016-01-21 13:00:00,23.92,23.66,25.13,26.06,23.69,20.41,20.67,20.31
2016-01-21 14:00:00,23.28,23.17,24.61,24.7,23.13,20.3,20.47,20.12
2016-01-21 15:00:00,22.74,22.74,24.57,24.0,22.84,19.93,20.34,20.46
2016-01-21 16:00:00,22.66,22.65,24.29,23.82,23.49,19.85,20.34,20.46
2016-01-21 17:00:00,25.85,26.26,27.62,28.05,27.11,20.27,21.0,20.45
2016-01-21 18:00:00,27.4,27.78,29.63,30.15,29.04,20.6,23.5,20.9
2016-01-21 19:00:00,26.52,25.93,27.25,29.36,26.98,21.04,22.73,21.33
2016-01-21 20:00:00,25.72,25.29,26.47,28.23,26.08,20.63,21.44,21.11
2016-01-21 21:00:00,24.23,24.22,25.4,25.7,25.08,20.14,20.74,20.48
2016-01-21 22:00:00,22.4,21.56,22.93,24.05,22.75,19.45,20.43,20.400000000000002
2016-01-21 23:00:00,21.07,20.05,21.37,22.76,20.98,19.07,19.27,19.36
2016-01-22 00:00:00,21.67,19.87,21.81,23.12,22.0,19.76,20.150000000000002,19.69
2016-01-22 01:00:00,21.04,18.57,21.42,22.28,21.58,19.25,19.490000000000002,19.01
2016-01-22 02:00:00,20.240000000000002,17.68,21.35,20.68,21.39,18.72,18.97,18.42
2016-01-22 03:00:00,20.03,18.21,22.1,19.79,21.69,18.42,18.89,18.6
2016-01-22 04:00:00,20.16,18.080000000000002,22.24,19.86,21.83,18.96,19.31,18.95
2016-01-22 05:00:00,21.37,19.27,23.55,21.09,23.13,19.78,19.92,19.67
2016-01-22 06:00:00,24.7,23.26,27.06,25.26,26.0,20.9,25.12,22.26
2016-01-22 07:00:00,29.5,29.14,31.08,31.17,30.03,23.83,36.1,28.11
2016-01-22 08:00:00,29.49,27.69,29.38,33.06,28.83,24.17,37.02,27.52
2016-01-22 09:00:00,27.93,26.62,28.23,30.8,27.82,23.77,35.1,25.55
2016-01-22 10:00:00,26.71,26.35,27.59,27.86,27.38,23.62,32.59,24.48
2016-01-22 11:00:00,26.14,26.38,27.49,27.22,27.43,22.63,27.13,22.5
2016-01-22 12:00:00,24.94,25.59,26.37,25.44,26.1,22.63,22.97,22.42
2016-01-22 13:00:00,23.53,24.34,25.65,23.59,24.74,22.19,22.12,21.95
2016-01-22 14:00:00,23.27,23.74,25.27,23.09,24.41,21.96,22.63,21.63
2016-01-22 15:00:00,22.72,23.13,24.64,22.51,23.85,21.73,22.26,21.4
2016-01-22 16:00:00,23.11,23.09,24.74,23.42,24.14,21.79,22.21,21.37
2016-01-22 17:00:00,25.52,25.81,29.75,25.52,26.43,22.16,29.89,22.24
2016-01-22 18:00:00,27.48,26.58,30.970000000000006,28.76,27.6,23.66,35.72,24.02
2016-01-22 19:00:00,26.64,25.42,29.4,27.38,26.43,24.26,37.300000000000004,24.46
2016-01-22 20:00:00,26.04,25.45,28.26,25.71,25.72,24.63,38.04,25.49
2016-01-22 21:00:00,24.32,23.46,26.17,24.47,24.89,23.15,30.22,23.53
2016-01-22 22:00:00,22.24,21.66,22.75,22.46,22.95,21.9,24.22,22.09
2016-01-22 23:00:00,21.01,20.51,21.37,20.7,21.79,21.18,21.79,21.83
2016-01-23 00:00:00,21.44,21.2,22.56,20.59,22.58,21.81,21.6,21.71
2016-01-23 01:00:00,20.86,20.51,22.52,19.59,22.35,21.37,21.62,21.93
2016-01-23 02:00:00,20.51,20.1,22.13,19.25,22.02,21.22,21.43,21.73
2016-01-23 03:00:00,20.36,19.89,22.28,18.73,22.07,21.17,21.54,22.06
2016-01-23 04:00:00,20.27,19.830000000000002,22.24,18.52,22.0,21.19,21.56,22.06
2016-01-23 05:00:00,20.73,19.97,23.1,18.45,22.97,21.75,22.13,22.66
2016-01-23 06:00:00,21.65,21.66,25.65,18.48,20.94,22.13,24.8,24.24
2016-01-23 07:00:00,23.6,23.43,28.45,18.59,22.87,23.05,35.74,35.0
2016-01-23 08:00:00,24.1,23.89,28.29,19.44,23.25,23.11,41.09,36.47
2016-01-23 09:00:00,24.69,25.56,29.4,19.04,23.92,24.6,43.48,36.76
2016-01-23 10:00:00,24.3,25.6,28.79,18.57,23.12,24.75,43.33,31.04
2016-01-23 11:00:00,23.33,24.53,26.96,18.56,22.39,23.91,36.33,27.98
2016-01-23 12:00:00,22.49,24.56,26.54,18.580000000000002,21.98,23.3,25.44,24.99
2016-01-23 13:00:00,21.05,23.43,24.62,17.45,21.01,21.99,22.9,22.85
2016-01-23 14:00:00,20.49,22.69,24.38,17.25,20.86,21.2,21.59,21.99
2016-01-23 15:00:00,20.0,22.64,24.11,16.1,20.64,21.03,21.33,21.69
2016-01-23 16:00:00,20.32,22.96,24.83,16.330000000000002,20.76,21.35,21.58,21.78
2016-01-23 17:00:00,22.57,26.7,28.83,17.82,25.64,21.6,22.22,22.66
2016-01-23 18:00:00,24.12,27.42,31.49,19.41,26.81,22.08,25.51,24.51
2016-01-23 19:00:00,23.58,25.72,30.0,19.240000000000002,25.72,23.57,28.9,26.53
2016-01-23 20:00:00,22.72,24.23,27.61,18.85,24.37,23.27,28.52,27.33
2016-01-23 21:00:00,21.99,22.49,25.98,18.45,24.16,22.75,27.92,26.54
2016-01-23 22:00:00,20.55,21.68,23.08,18.12,22.85,21.75,25.62,24.45
2016-01-23 23:00:00,19.98,21.14,22.23,18.3,21.96,21.3,23.73,23.48
2016-01-24 00:00:00,18.93,19.41,21.26,15.62,20.99,22.49,22.61,23.12
2016-01-24 01:00:00,18.990000000000002,18.93,20.82,17.34,20.6,21.76,21.97,22.61
2016-01-24 02:00:00,19.17,18.89,20.87,18.11,20.77,21.36,21.82,22.53
2016-01-24 03:00:00,19.03,18.490000000000002,19.900000000000002,17.85,19.96,21.46,20.86,22.38
2016-01-24 04:00:00,19.42,18.92,20.96,17.330000000000002,20.69,21.03,21.44,22.55
2016-01-24 05:00:00,20.28,19.43,21.8,18.52,21.75,21.27,21.64,25.54
2016-01-24 06:00:00,20.95,20.09,21.92,19.080000000000002,20.87,22.1,23.81,28.9
2016-01-24 07:00:00,23.02,21.93,24.05,20.86,22.42,23.88,28.66,38.95
2016-01-24 08:00:00,24.31,22.67,25.61,22.23,23.82,25.0,34.97,41.8
2016-01-24 09:00:00,24.61,23.21,25.26,22.67,24.08,24.9,34.410000000000004,40.230000000000004
2016-01-24 10:00:00,24.08,23.06,25.12,22.03,23.71,24.21,32.28,34.43
2016-01-24 11:00:00,23.36,22.47,23.99,23.24,22.62,22.3,24.0,30.62
2016-01-24 12:00:00,22.24,21.45,22.85,22.75,21.55,21.35,22.4,22.95
2016-01-24 13:00:00,21.39,19.98,21.76,22.0,20.02,20.7,22.05,22.27
2016-01-24 14:00:00,21.06,19.53,21.32,21.89,19.76,20.34,21.7,21.53
2016-01-24 15:00:00,20.81,20.0,21.32,21.28,19.8,20.01,19.77,21.09
2016-01-24 16:00:00,21.12,20.44,22.73,20.97,20.86,19.73,20.6,21.31
2016-01-24 17:00:00,23.69,23.43,26.6,22.95,23.19,20.59,21.28,22.18
2016-01-24 18:00:00,27.31,26.05,30.71,29.74,26.04,21.61,23.4,27.87
2016-01-24 19:00:00,26.15,24.79,28.82,27.27,25.16,22.27,23.58,27.21
2016-01-24 20:00:00,25.13,24.62,28.09,25.4,24.67,22.28,23.79,23.27
2016-01-24 21:00:00,23.33,22.97,25.23,23.12,23.14,21.69,22.87,22.56
2016-01-24 22:00:00,21.56,21.04,22.03,22.02,21.9,20.62,21.34,21.52
2016-01-24 23:00:00,20.91,20.18,22.08,21.02,21.45,20.01,20.68,20.89
2016-01-25 00:00:00,20.18,19.52,21.28,20.07,21.08,19.36,19.67,20.07
2016-01-25 01:00:00,19.740000000000002,19.17,20.93,19.21,20.72,19.05,19.39,19.78
2016-01-25 02:00:00,19.240000000000002,18.62,20.41,18.69,20.2,18.96,19.18,19.54
2016-01-25 03:00:00,19.18,18.62,20.55,18.34,20.31,18.75,19.04,19.5
2016-01-25 04:00:00,19.18,19.05,20.73,18.01,20.39,19.240000000000002,19.650000000000002,19.66
2016-01-25 05:00:00,20.34,20.19,21.59,19.080000000000002,21.57,19.98,20.5,20.64
2016-01-25 06:00:00,23.57,24.13,27.41,22.01,25.59,20.61,21.6,23.36
2016-01-25 07:00:00,27.91,27.69,31.3,26.84,28.61,23.94,25.42,39.02
2016-01-25 08:00:00,26.95,26.28,28.2,27.34,26.85,23.94,24.36,36.34
2016-01-25 09:00:00,25.07,25.32,27.32,24.57,25.57,23.12,25.68,24.34
2016-01-25 10:00:00,24.17,24.64,26.33,22.64,24.98,23.0,24.31,23.41
2016-01-25 11:00:00,23.49,24.43,25.94,20.88,25.16,21.8,22.82,22.16
2016-01-25 12:00:00,22.41,23.34,24.81,21.3,23.57,21.54,22.87,21.52
2016-01-25 13:00:00,21.57,22.1,24.08,20.79,22.79,21.0,21.82,20.94
2016-01-25 14:00:00,20.9,21.8,22.82,18.95,22.28,20.32,21.7,21.02
2016-01-25 15:00:00,19.89,21.59,22.67,17.56,21.16,19.57,20.82,21.01
2016-01-25 16:00:00,19.85,21.74,22.96,16.46,21.91,19.91,21.23,20.99
2016-01-25 17:00:00,22.01,26.01,27.5,18.63,24.89,20.080000000000002,21.21,21.95
2016-01-25 18:00:00,23.42,28.13,29.52,19.080000000000002,26.67,20.9,22.1,23.42
2016-01-25 19:00:00,22.37,26.32,26.85,19.41,24.42,21.16,22.88,24.0
2016-01-25 20:00:00,21.38,25.41,25.52,18.580000000000002,23.18,21.28,22.13,22.86
2016-01-25 21:00:00,20.54,23.81,23.88,18.400000000000002,22.58,20.76,21.84,21.88
2016-01-25 22:00:00,19.11,21.5,21.76,16.97,21.47,20.09,20.99,20.7
2016-01-25 23:00:00,17.2,19.990000000000002,19.19,14.33,19.32,19.43,20.13,19.66
2016-01-26 00:00:00,16.42,18.45,18.330000000000002,14.28,18.34,17.31,17.330000000000002,16.78
2016-01-26 01:00:00,15.55,17.53,17.490000000000002,13.68,17.21,15.66,16.35,15.89
2016-01-26 02:00:00,15.51,17.03,17.92,13.46,17.54,15.64,16.42,15.76
2016-01-26 03:00:00,15.47,16.92,17.95,13.52,17.57,15.6,16.4,15.81
2016-01-26 04:00:00,16.080000000000002,17.04,18.5,14.11,18.46,15.89,17.11,16.37
2016-01-26 05:00:00,17.38,18.55,19.67,15.85,19.580000000000002,17.56,18.36,18.25
2016-01-26 06:00:00,19.8,21.62,22.5,18.27,21.7,19.72,20.66,20.59
2016-01-26 07:00:00,22.46,23.79,25.04,20.91,24.42,21.65,22.06,24.12
2016-01-26 08:00:00,22.02,22.73,23.98,21.45,23.13,21.99,22.13,23.76
2016-01-26 09:00:00,21.64,22.62,23.56,20.62,22.99,21.84,21.58,22.18
2016-01-26 10:00:00,21.26,22.62,23.04,20.38,22.74,20.87,20.77,20.55
2016-01-26 11:00:00,21.07,22.36,22.76,20.25,22.68,21.01,20.5,20.43
2016-01-26 12:00:00,20.88,21.6,22.53,20.44,22.36,20.71,20.27,20.04
2016-01-26 13:00:00,20.59,21.46,22.26,20.02,22.1,20.25,20.0,20.0
2016-01-26 14:00:00,20.52,21.26,21.97,19.68,21.87,19.98,19.96,19.87
2016-01-26 15:00:00,20.34,20.68,22.28,19.78,21.72,19.71,20.21,19.43
2016-01-26 16:00:00,20.72,21.09,22.77,20.26,22.13,19.61,20.13,19.38
2016-01-26 17:00:00,23.21,24.08,25.89,23.15,24.63,19.5,20.86,20.330000000000002
2016-01-26 18:00:00,26.69,26.32,28.26,30.44,26.92,19.97,22.43,22.46
2016-01-26 19:00:00,26.2,25.1,26.68,29.4,25.33,20.9,23.54,23.83
2016-01-26 20:00:00,25.91,24.56,26.12,28.89,25.29,21.2,23.68,23.26
2016-01-26 21:00:00,24.38,23.84,25.07,25.16,24.57,21.03,23.12,22.6
2016-01-26 22:00:00,22.24,21.69,22.29,23.08,22.76,19.96,21.39,21.02
2016-01-26 23:00:00,21.3,20.5,21.17,22.84,21.65,19.38,20.52,20.16
2016-01-27 00:00:00,19.47,19.31,20.37,19.05,20.240000000000002,17.73,19.14,19.2
2016-01-27 01:00:00,18.72,18.25,19.37,19.03,19.38,16.7,17.82,18.38
2016-01-27 02:00:00,18.3,18.13,19.400000000000002,17.91,19.32,16.3,17.53,18.07
2016-01-27 03:00:00,18.11,18.0,19.240000000000002,17.43,19.17,16.8,17.79,18.23
2016-01-27 04:00:00,18.400000000000002,18.240000000000002,19.66,17.5,19.67,17.64,18.8,18.59
2016-01-27 05:00:00,19.52,19.66,20.91,17.55,21.09,19.34,19.27,19.84
2016-01-27 06:00:00,22.49,23.32,24.55,18.62,25.28,20.74,25.11,27.86
2016-01-27 07:00:00,26.01,27.09,29.49,19.2,30.04,23.43,33.76,35.730000000000004
2016-01-27 08:00:00,24.2,24.32,27.19,19.31,26.25,23.01,33.22,37.11
2016-01-27 09:00:00,22.92,23.41,26.18,18.5,25.09,22.43,29.17,31.2
2016-01-27 10:00:00,21.5,22.63,25.77,15.81,25.33,21.89,24.05,24.71
2016-01-27 11:00:00,20.59,22.51,24.72,14.69,24.03,21.17,22.69,23.5
2016-01-27 12:00:00,19.8,21.73,23.47,13.58,23.23,20.58,21.24,22.24
2016-01-27 13:00:00,19.21,21.01,22.5,13.25,22.33,20.14,20.73,22.02
2016-01-27 14:00:00,18.75,20.61,21.54,13.05,21.68,19.96,20.48,21.52
2016-01-27 15:00:00,18.62,20.09,21.72,13.6,21.42,19.38,20.330000000000002,21.31
2016-01-27 16:00:00,18.52,20.02,21.72,13.36,21.36,19.38,20.28,20.74
2016-01-27 17:00:00,20.09,21.54,23.2,14.78,23.19,20.76,21.57,23.61
2016-01-27 18:00:00,22.93,24.48,26.7,18.92,25.9,21.43,23.18,25.0
2016-01-27 19:00:00,22.3,23.26,25.43,18.76,25.01,21.8,25.73,27.47
2016-01-27 20:00:00,21.75,23.15,25.34,18.02,24.98,21.38,24.57,28.09
2016-01-27 21:00:00,20.97,22.16,23.84,17.64,23.78,21.16,23.7,26.28
2016-01-27 22:00:00,19.23,20.12,21.09,16.35,21.22,20.47,21.5,23.0
2016-01-27 23:00:00,17.7,18.650000000000002,19.67,14.6,19.51,20.330000000000002,21.01,21.57
2016-01-28 00:00:00,16.09,18.25,18.56,9.48,19.12,20.53,20.9,21.97
2016-01-28 01:00:00,14.92,17.34,18.02,6.64,18.57,20.62,20.6,21.8
2016-01-28 02:00:00,14.89,16.98,17.73,7.57,18.22,20.240000000000002,20.22,21.62
2016-01-28 03:00:00,14.69,17.06,17.68,7.0,18.330000000000002,20.02,20.150000000000002,21.97
2016-01-28 04:00:00,15.17,17.23,17.93,8.13,18.400000000000002,20.09,20.19,22.02
2016-01-28 05:00:00,17.13,19.41,20.25,10.01,20.61,21.24,21.71,26.55
2016-01-28 06:00:00,20.44,23.32,25.02,12.06,26.54,21.81,26.25,33.37
2016-01-28 07:00:00,24.58,27.35,29.61,15.6,30.32,25.69,38.0,41.82
2016-01-28 08:00:00,23.69,25.47,26.82,17.84,27.65,23.85,35.96,45.59
2016-01-28 09:00:00,22.56,24.08,25.76,18.04,25.95,22.81,28.08,36.1
2016-01-28 10:00:00,21.96,23.37,25.15,19.080000000000002,25.24,21.42,22.85,26.2
2016-01-28 11:00:00,21.31,22.44,23.35,19.43,23.31,21.15,21.07,22.9
2016-01-28 12:00:00,20.79,21.65,22.46,19.43,22.42,20.7,20.56,21.89
2016-01-28 13:00:00,20.7,21.24,22.49,19.34,22.58,19.51,20.73,21.96
2016-01-28 14:00:00,20.53,21.12,22.43,19.48,21.67,19.62,20.09,21.34
2016-01-28 15:00:00,20.29,20.68,22.21,19.150000000000002,21.58,19.240000000000002,19.92,21.13
2016-01-28 16:00:00,20.56,21.06,22.66,19.6,22.21,19.05,19.86,20.92
2016-01-28 17:00:00,23.11,24.01,26.34,22.46,26.02,19.53,20.41,21.38
2016-01-28 18:00:00,26.08,26.16,27.97,26.58,28.43,20.04,22.33,22.2
2016-01-28 19:00:00,25.12,25.09,26.81,25.66,26.62,20.5,22.23,23.15
2016-01-28 20:00:00,25.14,24.56,25.98,26.04,26.54,21.41,23.33,23.1
2016-01-28 21:00:00,23.48,23.67,24.69,23.06,24.97,20.78,21.79,22.65
2016-01-28 22:00:00,21.76,21.29,22.26,21.62,22.66,20.12,21.16,21.14
2016-01-28 23:00:00,20.400000000000002,20.31,21.48,19.150000000000002,21.25,20.06,20.59,21.05
2016-01-29 00:00:00,20.02,19.91,21.03,18.84,20.93,19.75,20.23,20.3
2016-01-29 01:00:00,19.400000000000002,19.16,20.79,18.490000000000002,20.43,19.1,19.71,19.84
2016-01-29 02:00:00,18.87,18.6,20.32,17.28,20.32,18.75,19.900000000000002,19.71
2016-01-29 03:00:00,18.42,18.3,19.740000000000002,16.09,19.98,18.86,19.900000000000002,19.75
2016-01-29 04:00:00,18.330000000000002,18.8,20.35,14.42,20.330000000000002,19.6,20.18,20.11
2016-01-29 05:00:00,19.490000000000002,19.77,21.68,14.87,22.05,20.45,21.3,21.04
2016-01-29 06:00:00,23.18,25.88,27.98,15.52,29.56,22.06,22.87,23.0
2016-01-29 07:00:00,26.47,29.42,32.230000000000004,17.09,33.99,24.25,31.07,29.09
2016-01-29 08:00:00,24.9,27.0,28.47,17.94,29.47,24.51,29.36,28.72
2016-01-29 09:00:00,23.29,26.28,28.22,16.59,28.92,22.61,23.27,24.18
2016-01-29 10:00:00,22.34,26.32,26.83,16.05,27.62,22.13,21.81,22.94
2016-01-29 11:00:00,21.45,25.81,25.49,15.35,26.29,21.13,20.88,22.17
2016-01-29 12:00:00,20.76,23.49,25.49,14.98,25.69,20.09,20.56,21.21
2016-01-29 13:00:00,20.47,22.57,25.21,14.8,25.3,19.54,20.45,21.32
2016-01-29 14:00:00,19.81,21.07,23.11,14.45,23.49,19.400000000000002,20.51,20.74
2016-01-29 15:00:00,19.400000000000002,20.59,22.77,14.21,22.86,19.12,20.11,20.61
2016-01-29 16:00:00,19.26,20.06,23.08,13.96,22.98,19.28,19.46,19.97
2016-01-29 17:00:00,21.41,22.64,27.0,16.12,26.15,19.36,20.0,20.83
2016-01-29 18:00:00,23.02,23.76,29.57,18.580000000000002,29.67,20.16,20.27,20.05
2016-01-29 19:00:00,22.01,23.1,27.0,18.28,26.5,20.76,20.72,20.9
2016-01-29 20:00:00,21.24,22.17,26.37,16.79,26.14,20.93,21.47,21.58
2016-01-29 21:00:00,20.04,21.19,24.32,15.13,24.35,20.91,21.39,21.22
2016-01-29 22:00:00,18.47,19.57,21.31,14.16,21.29,20.38,20.88,20.79
2016-01-29 23:00:00,16.830000000000002,18.43,19.57,10.83,20.0,20.21,20.52,20.48
2016-01-30 00:00:00,16.78,19.97,19.04,12.26,19.3,19.29,19.36,19.46
2016-01-30 01:00:00,16.92,19.490000000000002,18.81,14.21,18.86,18.34,18.75,19.1
2016-01-30 02:00:00,16.29,18.7,17.990000000000002,14.01,17.78,16.91,17.43,17.77
2016-01-30 03:00:00,16.27,18.53,17.97,13.84,17.72,16.73,17.71,17.45
2016-01-30 04:00:00,16.52,18.69,18.17,14.62,18.02,16.65,17.29,17.66
2016-01-30 05:00:00,17.71,20.61,19.51,15.57,19.45,18.31,18.900000000000002,19.29
2016-01-30 06:00:00,19.02,24.73,21.45,15.52,21.03,19.07,19.44,19.55
2016-01-30 07:00:00,20.86,28.69,22.77,17.98,22.9,19.66,21.16,20.92
2016-01-30 08:00:00,21.31,28.11,23.0,19.3,23.1,20.16,21.6,21.35
2016-01-30 09:00:00,22.04,31.33,23.08,20.39,23.06,20.330000000000002,21.5,21.48
2016-01-30 10:00:00,22.12,30.57,22.92,21.5,22.89,20.21,21.4,21.38
2016-01-30 11:00:00,21.55,29.98,22.63,21.04,22.6,19.92,20.6,20.67
2016-01-30 12:00:00,20.43,25.57,21.85,19.06,21.79,19.6,19.900000000000002,20.1
2016-01-30 13:00:00,19.81,23.92,20.97,18.72,20.8,18.98,20.11,20.06
2016-01-30 14:00:00,19.14,23.06,20.17,17.55,20.2,19.05,18.75,19.52
2016-01-30 15:00:00,18.86,22.11,19.34,17.55,19.46,18.44,19.43,19.13
2016-01-30 16:00:00,18.85,22.6,19.31,17.53,19.43,18.400000000000002,19.39,19.09
2016-01-30 17:00:00,20.41,26.68,22.36,18.64,21.71,19.150000000000002,19.78,19.88
2016-01-30 18:00:00,21.6,30.13,23.98,19.67,23.28,19.56,20.0,20.2
2016-01-30 19:00:00,20.89,27.49,22.38,19.47,22.28,19.48,20.52,20.51
2016-01-30 20:00:00,20.38,26.52,22.08,18.81,21.58,19.77,20.62,20.53
2016-01-30 21:00:00,19.86,24.67,21.24,18.55,21.18,19.75,19.85,20.01
2016-01-30 22:00:00,18.650000000000002,21.68,19.7,16.73,19.73,19.330000000000002,18.86,19.09
2016-01-30 23:00:00,18.150000000000002,20.5,19.490000000000002,16.53,19.26,18.45,19.04,18.92
2016-01-31 00:00:00,17.900000000000002,17.92,19.14,17.37,18.84,16.97,17.63,17.56
2016-01-31 01:00:00,17.35,17.240000000000002,18.12,17.14,17.88,15.97,17.0,16.88
2016-01-31 02:00:00,16.69,16.29,17.31,16.77,17.37,15.36,16.07,16.46
2016-01-31 03:00:00,16.17,15.88,16.87,15.9,16.93,15.23,15.85,16.21
2016-01-31 04:00:00,15.72,15.34,16.21,15.4,16.13,15.37,15.94,15.97
2016-01-31 05:00:00,16.29,15.81,16.8,16.11,16.68,15.8,16.44,16.45
2016-01-31 06:00:00,17.39,17.330000000000002,18.55,16.87,18.32,16.38,17.150000000000002,17.150000000000002
2016-01-31 07:00:00,18.72,19.51,19.23,18.31,19.14,18.29,19.01,19.18
2016-01-31 08:00:00,19.3,20.97,19.77,18.82,19.76,18.82,19.6,19.61
2016-01-31 09:00:00,19.75,21.27,20.98,18.92,20.64,19.150000000000002,19.900000000000002,19.92
2016-01-31 10:00:00,20.240000000000002,21.07,20.6,20.17,20.64,19.580000000000002,20.45,20.37
2016-01-31 11:00:00,20.17,21.86,20.72,20.25,20.73,19.29,20.13,20.14
2016-01-31 12:00:00,20.1,21.26,21.25,19.78,20.76,19.13,20.02,19.92
2016-01-31 13:00:00,19.82,20.99,20.95,19.330000000000002,20.47,19.04,19.91,19.81
2016-01-31 14:00:00,19.67,21.41,20.07,18.96,20.54,19.11,19.69,19.72
2016-01-31 15:00:00,19.44,21.19,19.93,18.830000000000002,19.92,19.14,19.900000000000002,19.92
2016-01-31 16:00:00,19.66,21.57,20.16,18.59,20.62,19.13,19.72,19.75
2016-01-31 17:00:00,20.86,24.39,21.59,19.51,21.92,20.17,20.92,20.88
2016-01-31 18:00:00,22.81,27.05,25.1,21.97,24.53,20.400000000000002,21.12,21.01
2016-01-31 19:00:00,21.95,24.8,23.15,21.28,23.12,20.61,21.57,21.36
2016-01-31 20:00:00,21.07,24.21,21.68,19.8,22.04,20.42,21.18,20.78
2016-01-31 21:00:00,20.3,21.85,21.71,19.01,21.35,19.88,20.55,20.69
2016-01-31 22:00:00,19.32,19.91,19.93,18.75,19.98,19.28,19.990000000000002,20.13
2016-01-31 23:00:00,18.54,18.34,19.45,17.94,19.080000000000002,18.26,19.02,18.97
2016-02-01 00:00:00,16.98,16.68,17.71,16.94,17.82,15.47,16.2,16.56
2016-02-01 01:00:00,15.76,15.49,15.94,16.240000000000002,15.93,13.91,14.98,14.94
2016-02-01 02:00:00,15.71,15.16,16.11,16.240000000000002,15.97,13.26,14.41,14.52
2016-02-01 03:00:00,15.75,15.17,16.11,16.51,15.98,12.91,14.17,14.29
2016-02-01 04:00:00,16.48,16.04,16.75,17.330000000000002,16.67,13.19,14.52,14.76
2016-02-01 05:00:00,18.69,18.43,19.25,19.46,19.12,14.94,16.51,16.740000000000002
2016-02-01 06:00:00,22.59,23.88,24.65,21.74,25.11,18.19,20.240000000000002,20.44
2016-02-01 07:00:00,25.55,27.01,29.1,24.49,29.07,19.71,22.29,22.28
2016-02-01 08:00:00,25.77,26.57,25.32,28.39,24.74,20.0,22.61,22.05
2016-02-01 09:00:00,25.57,27.35,25.47,27.44,25.52,20.05,21.78,22.93
2016-02-01 10:00:00,25.58,27.51,25.52,27.11,25.71,20.37,22.17,23.33
2016-02-01 11:00:00,25.58,28.77,25.56,26.77,25.84,20.22,22.11,23.43
2016-02-01 12:00:00,24.51,27.17,25.13,24.64,25.19,20.18,21.84,23.36
2016-02-01 13:00:00,23.87,27.45,23.55,24.42,23.93,20.44,22.59,23.43
2016-02-01 14:00:00,23.45,26.45,23.68,23.41,24.07,20.25,21.53,22.84
2016-02-01 15:00:00,22.99,25.14,23.08,22.98,23.47,20.0,21.17,22.69
2016-02-01 16:00:00,23.23,25.51,23.95,23.45,23.73,19.81,22.0,23.21
2016-02-01 17:00:00,25.54,30.77,25.88,25.96,26.44,20.74,22.66,23.95
2016-02-01 18:00:00,29.03,34.67,29.39,31.67,28.83,22.09,25.67,26.74
2016-02-01 19:00:00,27.51,31.85,27.42,28.85,27.52,21.92,24.27,26.24
2016-02-01 20:00:00,25.52,27.87,26.62,26.16,26.18,21.42,23.86,24.64
2016-02-01 21:00:00,23.79,25.68,24.46,24.71,24.26,20.86,22.23,23.6
2016-02-01 22:00:00,21.56,22.03,22.25,22.0,21.81,19.8,21.33,22.11
2016-02-01 23:00:00,20.13,20.32,20.26,20.18,20.62,19.1,19.98,20.76
2016-02-02 00:00:00,18.900000000000002,19.28,19.23,18.56,19.66,18.0,18.62,18.66
2016-02-02 01:00:00,17.91,18.32,19.11,17.580000000000002,18.72,17.06,17.68,17.62
2016-02-02 02:00:00,17.45,18.45,18.05,17.02,17.94,16.93,17.66,17.82
2016-02-02 03:00:00,16.94,18.89,18.1,15.93,17.990000000000002,16.63,17.38,17.71
2016-02-02 04:00:00,17.19,19.42,18.79,15.93,18.6,16.73,17.77,17.7
2016-02-02 05:00:00,18.43,20.89,20.41,17.0,20.17,18.18,19.04,19.42
2016-02-02 06:00:00,21.22,24.94,26.07,17.3,26.57,19.04,20.78,23.2
2016-02-02 07:00:00,23.46,26.3,29.59,18.88,29.86,20.400000000000002,22.32,30.24
2016-02-02 08:00:00,22.16,25.48,26.37,18.89,25.51,20.0,20.77,25.83
2016-02-02 09:00:00,21.55,24.43,25.31,18.71,24.67,19.89,20.58,23.35
2016-02-02 10:00:00,21.31,23.67,25.44,18.86,24.84,19.93,20.86,21.89
2016-02-02 11:00:00,21.15,24.34,24.34,18.81,24.34,20.12,20.99,22.01
2016-02-02 12:00:00,20.93,23.5,24.04,17.96,24.17,20.080000000000002,20.78,22.66
2016-02-02 13:00:00,20.330000000000002,23.2,23.85,16.830000000000002,23.89,19.900000000000002,20.71,23.0
2016-02-02 14:00:00,19.95,22.58,22.91,16.6,23.01,19.900000000000002,20.49,22.69
2016-02-02 15:00:00,19.63,21.62,22.36,16.830000000000002,22.04,19.490000000000002,20.16,22.51
2016-02-02 16:00:00,19.67,22.27,22.18,16.98,21.77,19.45,20.16,22.34
2016-02-02 17:00:00,21.3,25.4,23.28,18.82,23.27,20.240000000000002,21.17,23.28
2016-02-02 18:00:00,23.02,27.46,25.57,21.09,24.84,21.05,21.88,31.17
2016-02-02 19:00:00,22.07,25.61,23.72,20.55,23.32,20.87,21.91,26.0
2016-02-02 20:00:00,20.97,24.13,23.0,18.490000000000002,22.96,20.79,21.72,22.78
2016-02-02 21:00:00,20.03,22.57,21.54,17.88,21.9,20.39,21.02,22.47
2016-02-02 22:00:00,18.72,20.080000000000002,20.64,17.52,20.43,19.11,20.19,21.47
2016-02-02 23:00:00,17.05,18.580000000000002,18.26,14.89,18.47,18.13,18.07,20.74
2016-02-03 00:00:00,15.74,17.78,17.03,13.83,17.13,16.54,16.9,19.12
2016-02-03 01:00:00,14.31,15.93,15.41,12.0,15.53,15.03,15.32,18.53
2016-02-03 02:00:00,13.53,15.16,14.74,11.13,14.8,14.05,14.38,16.8
2016-02-03 03:00:00,13.29,15.0,14.54,10.94,14.6,13.83,14.17,16.59
2016-02-03 04:00:00,14.06,15.57,15.35,12.35,15.34,14.25,15.14,18.14
2016-02-03 05:00:00,16.240000000000002,19.150000000000002,17.89,14.67,17.94,16.71,17.17,19.16
2016-02-03 06:00:00,19.22,22.22,22.18,17.62,22.17,19.06,20.52,23.68
2016-02-03 07:00:00,21.61,25.23,24.75,18.8,24.07,21.27,23.28,29.04
2016-02-03 08:00:00,21.05,24.25,23.31,19.35,22.63,21.24,21.83,26.71
2016-02-03 09:00:00,20.88,23.16,23.32,19.52,22.66,20.88,22.17,22.91
2016-02-03 10:00:00,20.6,22.72,22.5,19.05,22.52,20.45,21.09,20.69
2016-02-03 11:00:00,20.23,22.77,21.93,19.06,22.0,20.12,20.69,20.36
2016-02-03 12:00:00,19.94,21.73,21.51,18.86,21.56,19.78,20.26,19.97
2016-02-03 13:00:00,19.78,22.44,21.15,18.48,21.58,19.34,20.27,19.77
2016-02-03 14:00:00,19.490000000000002,21.57,20.76,18.330000000000002,21.12,19.11,19.91,19.43
2016-02-03 15:00:00,19.25,20.65,20.84,18.55,20.67,18.91,19.57,19.14
2016-02-03 16:00:00,19.48,20.62,20.91,18.71,20.67,18.97,19.55,19.13
2016-02-03 17:00:00,21.55,22.76,23.09,20.96,22.46,19.35,19.990000000000002,19.830000000000002
2016-02-03 18:00:00,25.33,27.62,26.54,26.97,25.99,20.16,21.09,21.3
2016-02-03 19:00:00,24.69,24.68,25.68,26.13,25.06,20.11,20.99,21.26
2016-02-03 20:00:00,23.88,23.78,24.8,24.69,24.5,20.3,20.96,21.22
2016-02-03 21:00:00,22.77,22.59,23.68,23.45,23.11,19.73,19.94,20.21
2016-02-03 22:00:00,21.25,20.72,22.12,21.8,21.61,18.93,20.54,20.38
2016-02-03 23:00:00,19.68,19.77,20.3,19.31,20.35,17.87,18.56,19.63
2016-02-04 00:00:00,18.59,18.45,19.36,18.39,19.11,17.740000000000002,19.02,19.71
2016-02-04 01:00:00,17.68,17.35,18.46,17.46,18.53,16.79,17.990000000000002,18.88
2016-02-04 02:00:00,17.38,17.35,18.27,16.78,18.0,16.93,17.900000000000002,18.95
2016-02-04 03:00:00,17.330000000000002,17.44,18.35,16.43,18.28,16.86,17.98,19.03
2016-02-04 04:00:00,17.490000000000002,17.25,18.330000000000002,16.86,18.42,17.14,18.2,19.21
2016-02-04 05:00:00,19.32,19.11,20.54,18.48,20.62,18.56,19.76,20.51
2016-02-04 06:00:00,22.51,25.52,24.19,20.78,24.18,21.1,21.94,29.0
2016-02-04 07:00:00,27.42,32.1,29.25,24.49,30.09,25.1,28.57,41.61
2016-02-04 08:00:00,26.14,26.79,27.07,25.36,27.31,23.95,25.99,36.910000000000004
2016-02-04 09:00:00,25.24,25.94,26.51,23.91,26.64,23.11,25.52,30.56
2016-02-04 10:00:00,24.25,25.4,25.72,23.26,25.74,21.75,24.23,25.9
2016-02-04 11:00:00,23.29,24.32,24.55,23.27,24.5,20.330000000000002,22.57,22.89
2016-02-04 12:00:00,22.33,23.46,23.08,22.28,23.54,19.57,21.54,21.54
2016-02-04 13:00:00,22.17,23.0,23.05,22.95,23.02,19.01,21.26,20.99
2016-02-04 14:00:00,21.35,22.41,22.47,21.41,22.22,19.17,20.35,20.42
2016-02-04 15:00:00,20.85,21.28,21.76,20.78,21.89,18.39,20.36,21.07
2016-02-04 16:00:00,20.96,20.68,21.75,21.22,21.78,18.63,20.3,21.03
2016-02-04 17:00:00,23.08,26.19,24.46,23.53,24.1,19.81,20.84,20.94
2016-02-04 18:00:00,27.31,29.65,27.64,31.06,27.57,20.87,22.87,23.35
2016-02-04 19:00:00,26.81,26.58,26.59,30.8,26.85,21.32,23.09,23.75
2016-02-04 20:00:00,25.86,25.17,25.71,28.57,26.16,21.87,23.38,22.82
2016-02-04 21:00:00,24.78,24.39,24.82,27.1,25.06,21.5,22.41,22.64
2016-02-04 22:00:00,22.22,21.23,21.99,23.34,22.15,20.44,22.14,22.06
2016-02-04 23:00:00,21.41,20.87,21.66,22.47,21.78,19.53,20.8,20.96
2016-02-05 00:00:00,19.96,19.63,20.330000000000002,20.18,20.29,19.36,20.18,19.95
2016-02-05 01:00:00,19.68,19.32,19.86,19.29,19.76,19.25,20.37,20.95
2016-02-05 02:00:00,19.37,19.11,19.740000000000002,18.94,19.71,19.13,19.91,20.0
2016-02-05 03:00:00,19.42,18.990000000000002,20.07,18.77,19.98,19.13,20.240000000000002,20.28
2016-02-05 04:00:00,19.66,19.36,20.21,18.89,20.26,19.46,20.34,20.43
2016-02-05 05:00:00,21.08,20.83,21.33,19.89,21.81,21.07,22.15,21.95
2016-02-05 06:00:00,25.46,24.74,26.75,23.01,27.35,25.87,31.08,34.56
2016-02-05 07:00:00,32.02,31.07,35.06,26.67,34.53,33.14,45.92,48.12
2016-02-05 08:00:00,29.67,28.81,30.38,26.98,30.21,29.9,42.0,44.18
2016-02-05 09:00:00,26.86,28.57,28.59,25.46,28.04,26.57,28.42,33.0
2016-02-05 10:00:00,24.42,26.81,26.21,22.67,25.75,24.03,24.76,26.85
2016-02-05 11:00:00,23.01,25.35,24.09,21.46,24.12,22.7,23.03,23.53
2016-02-05 12:00:00,21.54,23.66,21.84,20.0,22.35,20.81,21.88,21.52
2016-02-05 13:00:00,20.77,22.99,22.1,19.77,21.8,19.57,20.78,20.59
2016-02-05 14:00:00,20.02,22.23,21.6,18.59,21.02,19.64,19.97,20.02
2016-02-05 15:00:00,19.6,21.5,21.02,18.330000000000002,20.93,18.27,19.66,20.41
2016-02-05 16:00:00,19.63,21.57,21.28,18.080000000000002,20.96,17.95,19.32,20.16
2016-02-05 17:00:00,21.2,24.95,23.98,18.580000000000002,23.88,18.42,20.240000000000002,20.94
2016-02-05 18:00:00,23.49,29.01,25.79,20.91,25.57,19.79,21.05,21.36
2016-02-05 19:00:00,22.95,25.83,26.01,21.12,24.73,21.06,22.47,21.86
2016-02-05 20:00:00,21.85,25.18,23.84,19.06,23.28,22.44,23.34,22.91
2016-02-05 21:00:00,20.84,24.1,22.53,18.62,22.5,21.93,21.65,21.86
2016-02-05 22:00:00,20.05,21.56,21.54,18.650000000000002,21.2,20.74,21.53,21.1
2016-02-05 23:00:00,19.04,20.01,20.32,17.7,20.28,19.91,19.42,19.47
2016-02-06 00:00:00,19.76,19.81,20.45,18.67,20.69,19.91,19.71,19.88
2016-02-06 01:00:00,19.330000000000002,19.240000000000002,20.26,18.25,20.27,19.26,19.91,20.21
2016-02-06 02:00:00,19.25,19.3,20.06,18.42,20.14,19.29,19.16,19.21
2016-02-06 03:00:00,19.03,19.07,19.79,17.92,19.91,19.18,19.03,19.080000000000002
2016-02-06 04:00:00,18.69,18.67,20.13,16.69,19.87,19.1,19.330000000000002,19.64
2016-02-06 05:00:00,19.32,19.650000000000002,20.66,17.11,20.81,19.53,20.78,20.69
2016-02-06 06:00:00,20.86,21.57,23.31,16.8,23.76,21.9,23.41,22.89
2016-02-06 07:00:00,22.69,22.52,26.19,18.47,26.66,23.7,25.76,25.14
2016-02-06 08:00:00,22.94,23.41,26.55,18.31,27.0,24.45,26.42,26.03
2016-02-06 09:00:00,22.74,24.24,25.82,18.57,26.14,24.36,26.16,25.79
2016-02-06 10:00:00,21.58,23.25,23.69,18.77,23.79,23.0,23.64,23.85
2016-02-06 11:00:00,20.44,22.26,21.59,18.46,21.98,21.32,21.27,21.37
2016-02-06 12:00:00,19.52,21.17,20.31,17.04,21.02,20.45,21.31,20.76
2016-02-06 13:00:00,18.75,21.06,19.91,16.35,20.25,19.830000000000002,19.57,19.740000000000002
2016-02-06 14:00:00,17.81,19.97,19.26,14.78,19.7,19.41,19.68,19.48
2016-02-06 15:00:00,16.82,19.580000000000002,18.77,12.69,19.11,18.6,19.61,19.34
2016-02-06 16:00:00,16.69,19.93,18.88,12.17,19.21,18.22,19.31,19.02
2016-02-06 17:00:00,18.21,23.58,20.87,13.2,21.63,18.81,19.63,19.54
2016-02-06 18:00:00,20.77,28.12,25.25,15.31,25.76,19.76,20.42,20.23
2016-02-06 19:00:00,20.05,25.21,23.7,14.91,24.21,21.33,21.93,21.89
2016-02-06 20:00:00,19.07,23.77,21.9,13.25,22.78,21.79,22.66,22.57
2016-02-06 21:00:00,17.92,21.98,20.51,11.65,21.51,21.53,22.35,22.53
2016-02-06 22:00:00,17.2,20.02,19.22,11.99,19.93,20.64,21.31,21.25
2016-02-06 23:00:00,16.07,19.07,18.14,10.19,18.96,20.32,20.9,21.14
2016-02-07 00:00:00,15.47,23.0,18.11,8.35,18.82,20.080000000000002,20.51,20.8
2016-02-07 01:00:00,15.01,22.69,17.6,7.45,18.47,19.81,19.900000000000002,20.3
2016-02-07 02:00:00,13.79,22.11,17.03,4.88,17.97,20.02,19.62,19.69
2016-02-07 03:00:00,13.71,22.1,16.92,5.0,17.830000000000002,19.86,19.47,19.52
2016-02-07 04:00:00,13.49,21.04,16.63,4.69,17.650000000000002,20.03,19.59,19.66
2016-02-07 05:00:00,13.81,22.26,16.72,4.65,17.87,20.43,20.34,20.74
2016-02-07 06:00:00,14.95,21.59,18.73,5.86,19.72,21.06,21.62,22.12
2016-02-07 07:00:00,16.79,23.75,19.89,8.89,20.87,22.0,22.69,23.25
2016-02-07 08:00:00,18.05,24.72,20.91,11.05,21.85,23.11,23.7,24.07
2016-02-07 09:00:00,18.580000000000002,24.6,21.02,12.53,21.94,23.15,23.48,23.61
2016-02-07 10:00:00,17.98,23.69,20.46,12.24,21.26,22.01,22.51,22.61
2016-02-07 11:00:00,17.5,23.3,19.88,12.45,20.51,20.77,21.34,21.4
2016-02-07 12:00:00,16.98,22.73,19.23,12.1,19.88,20.09,20.57,20.68
2016-02-07 13:00:00,16.45,22.84,18.35,11.63,19.05,19.46,19.69,20.22
2016-02-07 14:00:00,15.93,22.14,18.27,10.55,18.81,19.19,19.240000000000002,19.1
2016-02-07 15:00:00,15.74,21.98,18.04,10.47,18.55,18.81,18.89,18.75
2016-02-07 16:00:00,16.27,23.44,18.53,11.43,19.0,18.69,19.080000000000002,19.830000000000002
2016-02-07 17:00:00,17.98,26.05,21.06,13.18,21.39,18.91,19.97,19.64
2016-02-07 18:00:00,20.42,30.14,24.9,15.91,24.92,19.61,20.080000000000002,19.98
2016-02-07 19:00:00,19.52,27.67,22.57,14.4,22.84,21.21,21.16,21.15
2016-02-07 20:00:00,19.330000000000002,26.11,22.05,14.37,22.56,21.68,22.56,22.4
2016-02-07 21:00:00,18.2,24.42,20.54,12.65,21.28,21.1,21.98,21.38
2016-02-07 22:00:00,17.05,23.95,19.28,11.18,20.07,19.95,20.78,20.44
2016-02-07 23:00:00,16.13,22.56,18.77,9.53,19.37,19.89,20.53,20.82
2016-02-08 00:00:00,14.7,24.64,17.5,7.16,18.01,17.91,18.39,18.55
2016-02-08 01:00:00,14.09,24.4,17.3,5.84,17.93,17.46,17.96,18.09
2016-02-08 02:00:00,13.69,23.87,17.02,5.59,17.82,16.68,17.150000000000002,17.330000000000002
2016-02-08 03:00:00,13.36,23.53,16.61,4.43,17.04,17.54,18.0,18.1
2016-02-08 04:00:00,13.91,23.4,17.92,4.58,18.21,18.16,18.82,18.75
2016-02-08 05:00:00,16.12,25.05,20.84,7.56,21.13,18.87,20.11,19.98
2016-02-08 06:00:00,19.8,26.24,26.8,12.6,26.51,20.87,23.24,23.31
2016-02-08 07:00:00,23.72,30.98,30.45,16.75,29.98,25.02,27.44,27.44
2016-02-08 08:00:00,22.98,29.9,27.78,18.6,27.51,24.1,26.22,25.87
2016-02-08 09:00:00,22.36,29.46,27.43,17.45,27.06,23.49,25.29,25.3
2016-02-08 10:00:00,21.82,27.55,26.87,17.62,26.45,22.99,24.51,24.55
2016-02-08 11:00:00,21.25,27.06,26.26,17.96,25.83,21.78,23.6,23.85
2016-02-08 12:00:00,19.900000000000002,25.79,23.68,16.34,23.52,20.91,21.1,21.31
2016-02-08 13:00:00,19.44,25.78,22.98,15.18,23.12,20.53,20.78,20.91
2016-02-08 14:00:00,18.990000000000002,25.32,22.75,14.64,22.89,20.2,20.41,20.56
2016-02-08 15:00:00,18.64,24.63,22.33,14.23,22.49,19.98,20.2,20.34
2016-02-08 16:00:00,18.94,25.15,22.56,14.86,22.75,19.990000000000002,20.17,20.330000000000002
2016-02-08 17:00:00,20.61,27.58,25.3,16.580000000000002,25.58,20.18,20.49,20.6
2016-02-08 18:00:00,24.2,33.31,31.18,20.74,30.84,21.23,22.56,22.29
2016-02-08 19:00:00,24.13,31.39,29.39,20.31,29.27,25.06,26.57,25.92
2016-02-08 20:00:00,22.55,28.7,26.81,19.2,26.74,23.45,24.69,24.15
2016-02-08 21:00:00,21.91,27.94,25.57,18.490000000000002,25.41,22.34,23.99,24.28
2016-02-08 22:00:00,20.05,25.8,22.98,17.63,22.81,20.8,21.88,21.79
2016-02-08 23:00:00,18.63,23.86,20.87,16.92,20.84,19.85,19.95,19.79
2016-02-09 00:00:00,17.68,21.08,20.1,16.03,20.02,19.06,20.02,20.26
2016-02-09 01:00:00,16.96,20.42,19.6,14.07,19.51,18.6,19.48,19.72
2016-02-09 02:00:00,16.47,20.150000000000002,18.84,13.31,18.82,18.35,19.26,19.32
2016-02-09 03:00:00,16.490000000000002,19.91,18.830000000000002,13.74,18.81,18.39,19.31,19.36
2016-02-09 04:00:00,16.71,20.48,19.2,13.73,19.17,18.6,19.54,19.580000000000002
2016-02-09 05:00:00,18.53,21.82,21.24,15.36,21.33,20.23,21.33,21.06
2016-02-09 06:00:00,22.65,25.81,29.02,17.84,28.74,23.95,26.11,26.12
2016-02-09 07:00:00,28.97,33.71,37.27,23.26,37.15,31.53,33.86,35.6
2016-02-09 08:00:00,25.38,29.92,31.04,21.28,31.11,26.68,29.57,32.52
2016-02-09 09:00:00,24.15,27.66,28.62,21.25,28.7,25.42,27.27,26.62
2016-02-09 10:00:00,23.0,26.57,27.66,19.96,27.57,24.0,25.37,24.74
2016-02-09 11:00:00,22.05,25.55,26.43,19.48,26.24,22.79,24.07,23.49
2016-02-09 12:00:00,21.07,24.02,25.16,19.19,24.82,21.24,22.25,22.01
2016-02-09 13:00:00,20.29,23.84,23.93,17.72,23.78,21.02,21.14,21.0
2016-02-09 14:00:00,20.03,23.1,23.56,17.830000000000002,23.43,20.61,20.76,20.68
2016-02-09 15:00:00,19.7,22.68,23.25,17.77,23.05,20.1,20.3,20.11
2016-02-09 16:00:00,19.990000000000002,23.23,23.65,18.25,23.43,20.11,20.330000000000002,20.13
2016-02-09 17:00:00,21.58,26.84,26.53,19.06,26.56,20.44,20.85,20.62
2016-02-09 18:00:00,26.91,36.77,32.28,25.69,32.69,21.49,23.57,23.14
2016-02-09 19:00:00,25.97,32.77,30.15,24.51,29.98,23.78,25.6,25.26
2016-02-09 20:00:00,24.22,29.06,28.15,21.75,27.85,24.29,26.08,25.69
2016-02-09 21:00:00,23.02,27.06,26.48,20.6,26.07,23.18,24.95,24.63
2016-02-09 22:00:00,21.64,24.01,24.15,20.93,24.01,21.61,21.77,21.71
2016-02-09 23:00:00,20.49,22.69,22.24,20.48,22.08,20.85,21.58,21.43
2016-02-10 00:00:00,21.14,21.74,23.11,19.81,22.93,20.91,21.9,21.53
2016-02-10 01:00:00,20.64,21.25,22.73,19.5,22.44,20.45,20.94,21.0
2016-02-10 02:00:00,20.61,20.95,22.36,19.72,22.63,20.06,21.37,20.84
2016-02-10 03:00:00,20.63,20.89,22.36,19.72,22.71,20.400000000000002,21.65,21.11
2016-02-10 04:00:00,21.07,21.53,22.93,20.25,23.4,20.71,21.19,20.84
2016-02-10 05:00:00,22.7,22.35,24.99,22.03,26.0,22.12,22.61,23.41
2016-02-10 06:00:00,26.56,26.98,31.05,24.98,33.75,24.56,26.58,26.77
2016-02-10 07:00:00,37.11,36.27,41.49,37.050000000000004,46.52,36.39,38.47,37.4
2016-02-10 08:00:00,32.4,32.7,33.54,34.39,36.6,30.52,31.94,31.17
2016-02-10 09:00:00,30.42,31.38,32.57,31.39,34.89,28.16,29.06,28.35
2016-02-10 10:00:00,28.23,28.8,30.74,29.01,32.81,24.81,26.08,25.26
2016-02-10 11:00:00,26.2,28.29,29.2,27.04,30.53,22.38,23.5,22.49
2016-02-10 12:00:00,24.65,26.5,27.79,25.18,28.48,20.75,22.01,21.4
2016-02-10 13:00:00,23.6,25.79,26.98,23.66,27.32,20.0,20.83,20.5
2016-02-10 14:00:00,23.09,25.05,26.62,23.11,27.1,19.2,20.37,20.04
2016-02-10 15:00:00,22.63,24.35,25.94,23.0,26.33,18.76,19.740000000000002,19.97
2016-02-10 16:00:00,22.93,25.05,26.72,23.2,27.05,18.48,19.55,19.77
2016-02-10 17:00:00,26.12,29.95,31.4,26.86,33.0,18.77,20.19,19.78
2016-02-10 18:00:00,33.88,40.37,40.480000000000004,38.21,45.29,20.51,21.42,20.63
2016-02-10 19:00:00,32.14,36.25,37.39,35.37,41.17,21.74,23.07,21.98
2016-02-10 20:00:00,29.64,32.3,31.64,33.29,34.4,22.79,23.37,22.53
2016-02-10 21:00:00,26.54,29.5,28.56,27.83,30.1,22.01,23.01,22.22
2016-02-10 22:00:00,24.24,24.98,25.4,25.32,26.17,20.76,21.98,22.37
2016-02-10 23:00:00,22.68,23.71,24.35,22.63,24.71,20.58,21.23,21.52
2016-02-11 00:00:00,22.13,22.51,23.44,22.03,23.49,20.23,20.79,20.76
2016-02-11 01:00:00,21.82,22.36,23.41,21.56,23.07,19.35,20.87,20.93
2016-02-11 02:00:00,21.75,21.62,23.08,22.21,23.01,19.31,20.22,20.36
2016-02-11 03:00:00,21.7,21.6,22.26,22.09,22.41,19.27,20.6,20.11
2016-02-11 04:00:00,21.78,22.08,23.39,21.57,23.44,19.52,20.02,20.46
2016-02-11 05:00:00,23.6,23.16,25.39,23.43,27.14,19.73,20.92,20.83
2016-02-11 06:00:00,27.83,28.91,29.81,28.8,34.56,21.32,22.76,22.16
2016-02-11 07:00:00,38.9,39.74,42.17,41.63,47.44,29.15,30.86,29.47
2016-02-11 08:00:00,33.8,32.44,34.08,39.26,37.96,24.89,25.55,24.53
2016-02-11 09:00:00,30.5,30.39,30.63,34.31,32.62,22.26,22.9,22.15
2016-02-11 10:00:00,27.85,28.71,29.86,29.51,30.26,21.47,22.27,21.81
2016-02-11 11:00:00,26.39,27.85,28.39,26.77,28.82,21.26,22.05,21.94
2016-02-11 12:00:00,25.08,26.02,26.45,25.76,26.63,20.43,20.9,20.71
2016-02-11 13:00:00,24.04,24.89,25.4,24.34,25.65,20.0,20.51,20.37
2016-02-11 14:00:00,23.57,24.28,25.22,23.65,25.3,19.46,20.09,19.97
2016-02-11 15:00:00,22.89,23.54,24.92,22.65,24.92,19.23,19.89,19.76
2016-02-11 16:00:00,22.96,23.59,25.16,22.72,25.22,18.93,19.62,19.490000000000002
2016-02-11 17:00:00,25.99,27.55,29.32,26.05,29.51,19.080000000000002,19.97,19.78
2016-02-11 18:00:00,34.06,38.53,37.38,37.29,38.06,20.48,21.16,20.63
2016-02-11 19:00:00,32.910000000000004,34.75,35.71,36.54,36.550000000000004,21.27,22.39,21.47
2016-02-11 20:00:00,28.95,30.2,31.57,30.74,31.79,21.71,22.69,22.08
2016-02-11 21:00:00,26.45,27.36,28.85,26.7,28.96,21.54,22.44,22.3
2016-02-11 22:00:00,23.96,24.1,25.83,24.06,25.53,20.72,21.31,21.65
2016-02-11 23:00:00,22.38,22.6,24.05,22.35,23.75,20.02,20.54,20.8
2016-02-12 00:00:00,21.54,21.69,23.03,22.21,21.11,19.36,20.19,20.17
2016-02-12 01:00:00,20.84,21.34,22.79,20.99,20.79,18.32,19.22,19.02
2016-02-12 02:00:00,19.990000000000002,20.9,21.81,19.53,19.91,18.03,18.84,18.64
2016-02-12 03:00:00,19.6,20.61,21.54,18.91,19.75,17.66,18.45,18.18
2016-02-12 04:00:00,19.7,21.73,21.69,18.81,19.97,17.490000000000002,18.88,18.7
2016-02-12 05:00:00,20.8,23.15,22.55,20.13,21.89,18.19,19.23,19.1
2016-02-12 06:00:00,24.37,29.12,28.18,23.0,28.12,18.66,20.99,20.99
2016-02-12 07:00:00,28.65,34.15,34.6,26.98,33.96,23.2,25.57,24.88
2016-02-12 08:00:00,26.24,31.82,28.26,25.9,29.35,22.19,24.76,23.88
2016-02-12 09:00:00,24.22,29.48,26.46,23.18,27.33,20.84,22.83,22.21
2016-02-12 10:00:00,23.58,27.27,27.23,22.55,26.6,20.12,22.5,21.79
2016-02-12 11:00:00,21.73,26.19,24.37,19.62,24.21,19.88,20.55,20.31
2016-02-12 12:00:00,20.92,24.08,23.72,18.84,23.61,19.66,20.21,20.02
2016-02-12 13:00:00,20.28,23.0,22.6,18.53,22.82,19.41,19.79,19.650000000000002
2016-02-12 14:00:00,20.02,22.52,22.57,18.46,22.48,19.21,19.67,19.42
2016-02-12 15:00:00,19.85,21.78,22.29,18.38,22.39,19.07,19.46,19.240000000000002
2016-02-12 16:00:00,19.91,21.81,22.54,18.51,22.4,19.05,19.42,19.18
2016-02-12 17:00:00,21.49,24.81,23.57,21.45,23.91,19.36,19.68,19.45
2016-02-12 18:00:00,25.92,32.27,28.61,27.24,29.47,20.05,20.22,20.14
2016-02-12 19:00:00,25.02,29.69,26.51,27.43,27.01,20.54,20.62,20.57
2016-02-12 20:00:00,23.49,26.26,25.47,24.31,25.47,20.36,20.77,20.61
2016-02-12 21:00:00,22.79,24.47,24.73,23.57,24.39,20.25,20.69,20.49
2016-02-12 22:00:00,21.5,22.57,22.91,22.06,21.42,20.32,20.49,20.37
2016-02-12 23:00:00,20.82,21.3,21.97,20.99,20.19,19.85,20.76,21.21
2016-02-13 00:00:00,21.04,21.05,21.78,22.62,16.25,19.57,20.65,20.27
2016-02-13 01:00:00,20.6,20.87,22.3,21.53,15.05,19.25,20.04,20.09
2016-02-13 02:00:00,20.71,20.23,21.92,22.39,14.23,19.14,19.67,19.66
2016-02-13 03:00:00,20.38,19.94,22.03,20.99,15.78,19.02,19.75,19.44
2016-02-13 04:00:00,20.74,20.1,22.21,21.67,16.25,19.13,19.91,19.64
2016-02-13 05:00:00,21.15,20.47,22.29,22.15,16.91,19.67,20.57,20.34
2016-02-13 06:00:00,22.98,22.54,23.3,26.4,19.1,19.97,20.85,20.64
2016-02-13 07:00:00,25.62,25.82,26.01,31.24,22.77,20.330000000000002,21.07,21.5
2016-02-13 08:00:00,27.17,28.43,27.88,31.69,24.42,22.33,23.67,23.84
2016-02-13 09:00:00,28.56,30.2,28.87,32.71,25.67,24.32,26.03,25.51
2016-02-13 10:00:00,27.83,29.32,28.73,31.78,25.2,22.54,24.91,24.71
2016-02-13 11:00:00,24.47,25.4,25.76,26.38,21.99,21.52,22.53,22.32
2016-02-13 12:00:00,22.48,23.3,23.72,23.09,20.2,20.95,21.85,21.7
2016-02-13 13:00:00,21.27,22.47,22.67,21.0,19.150000000000002,20.01,20.72,21.03
2016-02-13 14:00:00,20.41,21.72,21.86,18.77,18.28,19.71,20.55,20.42
2016-02-13 15:00:00,20.09,21.43,22.29,19.02,18.18,19.53,20.080000000000002,19.78
2016-02-13 16:00:00,20.150000000000002,22.5,22.73,18.740000000000002,18.11,19.27,19.85,19.52
2016-02-13 17:00:00,21.03,25.44,23.7,19.1,19.080000000000002,19.52,20.56,20.240000000000002
2016-02-13 18:00:00,23.47,30.9,27.15,21.53,21.86,19.88,21.2,21.38
2016-02-13 19:00:00,23.43,30.56,27.0,21.36,22.28,21.85,23.31,23.47
2016-02-13 20:00:00,22.63,28.86,26.59,19.96,21.49,22.15,23.58,23.62
2016-02-13 21:00:00,21.7,28.01,25.04,18.830000000000002,21.0,21.79,23.06,23.4
2016-02-13 22:00:00,20.18,25.11,23.24,17.79,15.66,20.82,21.76,22.22
2016-02-13 23:00:00,19.13,24.6,22.07,17.02,14.13,20.46,20.31,20.71
2016-02-14 00:00:00,18.0,22.31,21.76,14.57,20.49,18.47,18.21,18.55
2016-02-14 01:00:00,17.330000000000002,22.25,21.47,12.87,19.87,18.1,17.21,17.42
2016-02-14 02:00:00,16.44,20.98,19.98,11.95,18.87,17.73,17.01,17.12
2016-02-14 03:00:00,16.18,20.14,19.61,11.24,19.09,17.3,17.22,18.12
2016-02-14 04:00:00,16.2,19.14,19.740000000000002,11.48,19.35,17.28,17.47,18.27
2016-02-14 05:00:00,17.14,19.19,20.9,12.63,20.19,18.02,18.0,18.7
2016-02-14 06:00:00,17.43,20.06,20.82,13.0,19.63,18.580000000000002,18.85,19.06
2016-02-14 07:00:00,19.11,21.23,22.62,15.15,20.91,20.26,20.75,20.73
2016-02-14 08:00:00,19.900000000000002,21.1,22.55,17.37,21.01,20.32,21.17,21.05
2016-02-14 09:00:00,20.53,20.91,22.79,17.82,21.36,21.41,21.23,21.56
2016-02-14 10:00:00,20.8,21.38,22.52,19.81,20.38,20.85,21.4,20.98
2016-02-14 11:00:00,20.06,22.24,21.98,18.71,19.01,19.8,20.41,20.21
2016-02-14 12:00:00,19.87,20.74,20.83,19.1,19.490000000000002,19.18,20.28,19.830000000000002
2016-02-14 13:00:00,19.64,20.28,20.68,19.28,18.68,19.31,19.56,19.71
2016-02-14 14:00:00,19.77,20.1,20.94,19.51,18.98,18.59,19.57,20.45
2016-02-14 15:00:00,19.62,19.89,20.79,19.51,18.990000000000002,18.330000000000002,19.240000000000002,20.14
2016-02-14 16:00:00,19.76,20.17,21.55,19.740000000000002,19.1,18.6,18.94,18.77
2016-02-14 17:00:00,21.7,22.16,25.44,22.23,20.75,19.32,19.91,19.73
2016-02-14 18:00:00,24.28,24.64,29.86,25.71,23.79,20.17,21.03,21.22
2016-02-14 19:00:00,24.05,23.85,26.32,25.31,22.95,21.93,22.96,23.19
2016-02-14 20:00:00,23.14,23.17,24.65,24.18,22.28,21.7,22.45,22.32
2016-02-14 21:00:00,21.96,21.96,23.18,22.19,20.9,20.62,21.75,22.09
2016-02-14 22:00:00,20.080000000000002,20.77,22.62,19.04,20.27,19.26,19.56,19.6
2016-02-14 23:00:00,19.55,20.34,21.62,18.25,19.650000000000002,18.3,18.7,19.53
2016-02-15 00:00:00,18.580000000000002,18.59,20.16,17.85,19.92,17.13,17.02,17.32
2016-02-15 01:00:00,17.97,18.05,19.42,18.07,19.16,16.1,15.25,15.83
2016-02-15 02:00:00,17.48,17.09,18.75,17.57,18.57,15.72,14.99,15.51
2016-02-15 03:00:00,17.36,16.68,18.67,17.48,18.72,15.52,14.74,15.29
2016-02-15 04:00:00,17.52,16.91,18.89,17.66,19.02,15.51,14.64,15.23
2016-02-15 05:00:00,18.96,18.68,21.0,18.36,19.27,16.86,16.59,16.85
2016-02-15 06:00:00,21.28,20.96,23.35,20.81,21.61,19.29,19.57,19.53
2016-02-15 07:00:00,24.47,24.86,26.2,24.52,24.8,21.41,21.67,21.6
2016-02-15 08:00:00,24.38,24.63,26.09,24.21,23.7,21.41,21.83,21.39
2016-02-15 09:00:00,23.95,24.14,25.72,23.54,23.04,21.23,21.78,20.97
2016-02-15 10:00:00,23.81,24.1,25.65,23.69,22.45,21.41,21.96,21.38
2016-02-15 11:00:00,23.34,23.1,25.0,23.52,22.39,21.18,21.58,21.48
2016-02-15 12:00:00,22.85,21.86,24.25,23.62,21.88,20.75,21.9,22.36
2016-02-15 13:00:00,22.26,21.57,24.19,23.11,21.17,20.39,21.44,21.77
2016-02-15 14:00:00,21.77,20.44,23.14,23.08,20.42,20.06,20.46,21.02
2016-02-15 15:00:00,21.39,19.97,22.81,22.87,20.22,19.740000000000002,20.13,20.68
2016-02-15 16:00:00,21.52,19.77,22.72,23.32,20.23,19.78,20.26,20.54
2016-02-15 17:00:00,22.52,22.11,24.23,22.95,21.56,20.330000000000002,21.51,22.03
2016-02-15 18:00:00,26.61,27.01,28.33,30.1,25.57,20.39,21.8,22.87
2016-02-15 19:00:00,26.31,25.83,27.91,29.32,25.02,21.64,23.2,24.08
2016-02-15 20:00:00,24.54,23.52,26.44,26.61,22.81,22.0,23.38,25.0
2016-02-15 21:00:00,23.03,22.55,25.17,24.13,21.84,21.21,22.4,22.61
2016-02-15 22:00:00,21.25,20.8,23.43,20.85,20.93,19.31,19.5,20.080000000000002
2016-02-15 23:00:00,19.72,19.53,22.05,18.900000000000002,19.39,18.53,19.09,19.42
2016-02-16 00:00:00,19.41,19.64,23.22,18.05,20.06,18.13,18.05,18.57
2016-02-16 01:00:00,18.79,19.150000000000002,22.9,18.21,19.43,17.13,16.41,17.42
2016-02-16 02:00:00,18.07,18.72,21.48,17.21,19.14,16.75,16.11,17.31
2016-02-16 03:00:00,17.95,18.740000000000002,21.45,16.95,19.04,16.65,15.96,17.150000000000002
2016-02-16 04:00:00,18.18,18.63,21.9,17.07,19.6,16.87,16.29,17.26
2016-02-16 05:00:00,18.94,19.830000000000002,22.91,16.81,20.62,17.7,17.48,18.51
2016-02-16 06:00:00,21.88,22.28,29.53,19.07,24.7,20.32,20.47,21.74
2016-02-16 07:00:00,24.56,25.88,29.76,22.83,25.65,22.59,23.9,24.5
2016-02-16 08:00:00,23.58,25.04,27.45,22.66,23.68,22.04,25.55,24.98
2016-02-16 09:00:00,23.07,24.46,28.88,20.94,23.99,21.46,24.59,24.06
2016-02-16 10:00:00,22.52,23.97,28.65,21.11,23.54,20.91,24.04,23.77
2016-02-16 11:00:00,22.24,23.25,29.06,20.91,23.42,20.69,23.59,22.7
2016-02-16 12:00:00,21.65,22.21,27.77,20.95,22.84,20.09,20.73,22.25
2016-02-16 13:00:00,21.23,21.94,26.73,20.27,22.57,19.12,19.900000000000002,21.15
2016-02-16 14:00:00,20.66,21.11,26.52,19.55,21.57,19.07,19.52,21.34
2016-02-16 15:00:00,20.240000000000002,20.63,24.78,18.97,21.18,18.740000000000002,19.66,22.09
2016-02-16 16:00:00,20.42,20.74,24.58,19.32,21.23,18.72,19.57,21.77
2016-02-16 17:00:00,21.43,22.48,25.83,19.89,21.81,20.080000000000002,20.76,22.34
2016-02-16 18:00:00,25.07,25.12,30.46,25.23,25.74,21.15,21.01,22.55
2016-02-16 19:00:00,25.51,25.5,30.02,25.47,25.64,22.84,22.6,23.76
2016-02-16 20:00:00,24.25,23.47,29.34,24.53,23.85,22.5,23.59,25.42
2016-02-16 21:00:00,22.98,22.6,26.33,22.98,22.77,21.31,22.35,23.46
2016-02-16 22:00:00,21.36,22.31,24.96,20.62,21.31,19.56,19.45,20.400000000000002
2016-02-16 23:00:00,20.27,20.61,24.17,19.490000000000002,19.98,18.88,18.71,18.94
2016-02-17 00:00:00,19.330000000000002,19.86,21.31,18.61,19.81,18.05,17.93,18.13
2016-02-17 01:00:00,18.76,19.36,20.57,18.23,19.51,17.150000000000002,17.16,17.53
2016-02-17 02:00:00,18.53,18.57,19.39,18.400000000000002,18.71,17.11,17.150000000000002,17.01
2016-02-17 03:00:00,18.43,18.490000000000002,19.31,18.32,18.63,17.0,17.02,16.89
2016-02-17 04:00:00,18.61,19.13,20.34,18.05,19.34,17.150000000000002,17.26,17.59
2016-02-17 05:00:00,19.36,20.06,21.59,18.71,20.04,17.81,17.55,17.830000000000002
2016-02-17 06:00:00,22.35,21.94,25.48,22.06,23.98,20.29,20.66,20.49
2016-02-17 07:00:00,25.68,26.2,27.18,26.68,25.7,23.32,24.07,23.94
2016-02-17 08:00:00,24.94,24.99,25.46,26.48,24.42,23.17,24.05,23.57
2016-02-17 09:00:00,24.03,24.02,25.25,24.5,23.7,22.38,24.02,23.91
2016-02-17 10:00:00,23.34,23.67,25.31,22.88,23.55,21.89,23.44,23.46
2016-02-17 11:00:00,22.79,23.27,25.0,22.55,23.37,21.14,22.9,23.0
2016-02-17 12:00:00,22.01,22.11,24.3,20.68,22.97,20.38,21.92,22.17
2016-02-17 13:00:00,21.27,21.51,23.31,19.97,22.03,20.1,21.46,21.75
2016-02-17 14:00:00,20.91,21.07,22.54,20.68,21.42,19.46,20.52,21.43
2016-02-17 15:00:00,20.39,20.61,22.24,19.03,21.08,19.37,20.65,21.23
2016-02-17 16:00:00,20.27,20.7,22.3,18.8,21.19,19.12,20.35,21.42
2016-02-17 17:00:00,20.9,22.46,23.3,20.04,21.91,19.14,19.47,21.74
2016-02-17 18:00:00,23.75,25.2,27.59,23.1,25.92,20.04,20.12,21.79
2016-02-17 19:00:00,23.66,24.65,26.84,23.12,25.24,20.98,22.0,22.37
2016-02-17 20:00:00,21.97,23.48,25.87,19.990000000000002,24.17,20.85,21.89,22.22
2016-02-17 21:00:00,20.96,22.08,24.27,19.35,22.91,20.26,21.18,21.32
2016-02-17 22:00:00,19.45,21.1,22.55,18.3,21.08,18.87,19.05,19.18
2016-02-17 23:00:00,17.69,19.44,21.01,16.19,19.43,17.75,18.06,18.150000000000002
2016-02-18 00:00:00,17.22,18.77,20.58,14.74,20.18,17.490000000000002,18.39,18.13
2016-02-18 01:00:00,15.87,18.12,19.51,12.41,19.54,16.14,16.740000000000002,16.580000000000002
2016-02-18 02:00:00,14.85,18.06,19.71,9.55,19.330000000000002,16.06,16.8,16.6
2016-02-18 03:00:00,14.68,18.27,19.63,9.040000000000001,19.240000000000002,15.99,16.54,16.43
2016-02-18 04:00:00,15.05,18.38,20.09,10.48,19.67,16.15,16.85,16.65
2016-02-18 05:00:00,16.2,19.71,21.27,11.87,21.36,16.91,17.87,18.02
2016-02-18 06:00:00,19.87,22.41,27.24,14.78,25.42,20.11,22.52,21.72
2016-02-18 07:00:00,22.74,25.93,29.77,18.27,27.42,23.65,26.45,24.19
2016-02-18 08:00:00,21.08,25.19,26.2,17.740000000000002,24.42,21.53,24.75,22.92
2016-02-18 09:00:00,20.05,24.36,25.58,16.330000000000002,24.19,20.63,21.6,22.46
2016-02-18 10:00:00,19.82,24.04,25.79,16.67,23.85,20.36,21.99,23.05
2016-02-18 11:00:00,19.150000000000002,22.96,24.34,16.47,22.81,19.17,20.98,21.63
2016-02-18 12:00:00,18.23,21.73,23.43,15.23,22.2,18.09,19.95,21.52
2016-02-18 13:00:00,17.91,21.32,23.24,14.23,21.7,17.54,20.14,22.0
2016-02-18 14:00:00,17.62,20.89,22.56,14.27,21.21,17.37,19.82,21.95
2016-02-18 15:00:00,17.080000000000002,20.55,21.63,13.96,20.63,17.29,19.23,21.31
2016-02-18 16:00:00,17.22,20.43,21.61,14.06,20.59,17.25,19.05,21.4
2016-02-18 17:00:00,18.09,21.74,22.75,14.33,21.44,17.61,19.8,22.13
2016-02-18 18:00:00,20.79,24.31,27.31,17.05,25.65,19.71,21.17,21.87
2016-02-18 19:00:00,20.63,23.57,25.63,18.32,24.41,21.03,21.87,22.22
2016-02-18 20:00:00,19.71,22.76,24.58,17.48,23.5,20.56,21.31,21.61
2016-02-18 21:00:00,18.72,21.68,23.04,16.54,22.27,19.11,21.43,21.57
2016-02-18 22:00:00,17.02,19.96,20.12,15.18,19.93,18.38,18.84,18.59
2016-02-18 23:00:00,15.19,18.37,18.59,11.77,18.36,17.1,17.88,17.8
2016-02-19 00:00:00,15.05,19.47,17.92,12.86,17.94,16.240000000000002,17.16,17.47
2016-02-19 01:00:00,13.63,18.92,17.8,8.94,17.64,15.51,16.04,16.18
2016-02-19 02:00:00,12.77,18.09,17.080000000000002,7.7,16.88,14.78,15.28,15.48
2016-02-19 03:00:00,12.24,17.79,16.82,6.55,16.6,14.44,14.96,15.16
2016-02-19 04:00:00,12.31,17.62,17.14,6.28,17.01,14.76,15.3,15.48
2016-02-19 05:00:00,14.56,19.14,20.94,8.58,20.51,16.46,17.39,16.98
2016-02-19 06:00:00,18.48,22.89,25.64,14.96,24.95,19.7,22.07,21.16
2016-02-19 07:00:00,20.34,24.51,24.91,18.400000000000002,24.74,20.48,25.94,23.24
2016-02-19 08:00:00,19.98,23.34,23.94,17.87,23.72,20.0,25.46,22.52
2016-02-19 09:00:00,18.87,22.49,23.35,15.57,23.13,19.56,22.14,21.77
2016-02-19 10:00:00,18.71,22.08,23.25,16.11,22.99,19.21,21.82,21.57
2016-02-19 11:00:00,18.39,21.68,22.52,15.36,22.19,18.71,21.19,20.64
2016-02-19 12:00:00,17.650000000000002,21.06,21.55,14.05,21.75,18.61,19.650000000000002,19.17
2016-02-19 13:00:00,17.27,20.88,21.24,12.92,21.03,18.14,20.35,21.15
2016-02-19 14:00:00,17.07,20.56,21.17,12.74,20.82,18.41,20.46,21.05
2016-02-19 15:00:00,16.85,20.240000000000002,20.89,12.79,20.44,18.1,20.55,20.43
2016-02-19 16:00:00,17.03,20.5,20.95,13.11,20.56,18.29,20.94,20.61
2016-02-19 17:00:00,18.080000000000002,21.33,21.79,14.93,21.02,19.01,21.79,20.66
2016-02-19 18:00:00,20.3,23.48,24.56,17.03,23.53,20.92,23.91,21.98
2016-02-19 19:00:00,20.1,23.05,23.68,17.19,22.89,20.22,24.0,21.65
2016-02-19 20:00:00,19.02,22.3,22.84,16.07,22.05,19.71,20.91,19.87
2016-02-19 21:00:00,18.31,21.59,22.16,15.34,21.48,19.09,20.36,19.46
2016-02-19 22:00:00,16.82,20.22,19.59,13.81,19.32,17.85,19.02,18.55
2016-02-19 23:00:00,15.12,19.45,17.96,11.9,17.84,16.25,16.62,16.8
2016-02-20 00:00:00,15.0,21.4,17.23,11.33,17.31,16.88,17.18,17.28
2016-02-20 01:00:00,14.59,20.75,16.29,12.34,16.25,15.67,16.5,16.78
2016-02-20 02:00:00,13.94,19.25,15.88,12.06,15.8,14.93,15.55,15.91
2016-02-20 03:00:00,14.32,19.27,16.240000000000002,12.8,16.16,15.17,15.81,16.18
2016-02-20 04:00:00,14.66,18.26,17.06,12.82,16.78,15.56,16.12,15.93
2016-02-20 05:00:00,15.63,18.09,17.82,14.29,17.580000000000002,16.17,16.78,16.75
2016-02-20 06:00:00,17.57,20.05,19.63,15.79,18.81,17.73,18.38,17.34
2016-02-20 07:00:00,18.8,19.97,20.62,17.85,19.69,18.63,19.8,17.81
2016-02-20 08:00:00,19.91,20.49,21.85,19.03,20.73,19.32,21.07,17.900000000000002
2016-02-20 09:00:00,20.93,21.24,22.25,20.44,21.2,20.55,22.6,18.11
2016-02-20 10:00:00,21.26,21.5,22.54,20.82,21.38,20.82,23.04,17.72
2016-02-20 11:00:00,21.26,21.21,21.72,22.0,20.97,20.39,22.21,17.84
2016-02-20 12:00:00,20.6,20.11,20.94,21.06,20.23,19.84,21.41,18.27
2016-02-20 13:00:00,20.07,20.14,21.22,19.990000000000002,20.13,19.25,20.6,18.03
2016-02-20 14:00:00,19.81,19.85,20.95,19.900000000000002,19.87,18.900000000000002,20.23,17.89
2016-02-20 15:00:00,19.77,19.5,20.42,20.48,19.47,19.1,20.76,18.06
2016-02-20 16:00:00,20.11,19.89,20.75,20.97,19.72,19.39,21.18,18.25
2016-02-20 17:00:00,21.56,21.58,22.64,22.2,21.31,20.38,21.93,18.94
2016-02-20 18:00:00,25.56,24.73,25.74,28.94,24.56,22.14,24.68,19.73
2016-02-20 19:00:00,25.4,24.38,25.3,28.79,24.05,22.11,24.53,19.31
2016-02-20 20:00:00,22.89,22.32,23.34,23.87,22.28,21.73,23.52,19.23
2016-02-20 21:00:00,21.67,21.27,22.08,22.86,21.34,20.43,22.21,18.02
2016-02-20 22:00:00,20.07,20.38,21.58,18.98,21.16,19.55,20.41,20.34
2016-02-20 23:00:00,18.75,18.69,19.77,18.34,19.53,18.46,19.41,19.6
2016-02-21 00:00:00,18.25,17.95,18.68,18.39,18.41,16.95,17.92,17.98
2016-02-21 01:00:00,17.04,16.43,17.09,17.73,17.04,15.59,16.51,16.68
2016-02-21 02:00:00,16.35,16.07,16.72,16.55,16.55,14.63,15.67,15.77
2016-02-21 03:00:00,16.17,15.860000000000003,16.52,16.32,16.36,14.49,15.51,15.62
2016-02-21 04:00:00,16.03,15.69,16.37,16.29,16.21,14.17,15.23,15.34
2016-02-21 05:00:00,16.87,16.51,17.240000000000002,17.2,17.07,14.85,15.98,16.11
2016-02-21 06:00:00,18.25,17.75,18.52,19.05,18.34,15.69,16.7,17.11
2016-02-21 07:00:00,18.89,18.34,18.68,19.66,18.87,16.63,17.92,17.62
2016-02-21 08:00:00,19.87,19.26,19.76,20.84,19.78,17.36,18.94,17.75
2016-02-21 09:00:00,20.72,20.11,21.08,20.96,20.97,19.07,20.62,17.67
2016-02-21 10:00:00,20.75,20.86,21.95,20.12,21.67,19.0,20.49,17.59
2016-02-21 11:00:00,20.62,20.98,21.84,19.830000000000002,21.56,19.22,20.63,17.75
2016-02-21 12:00:00,20.03,20.22,20.07,20.18,20.18,18.81,19.36,18.23
2016-02-21 13:00:00,19.76,19.98,19.88,19.67,19.990000000000002,19.01,19.56,17.830000000000002
2016-02-21 14:00:00,19.39,19.28,19.57,19.5,19.52,18.66,19.650000000000002,17.86
2016-02-21 15:00:00,19.29,19.2,19.46,19.39,19.41,18.55,19.490000000000002,17.98
2016-02-21 16:00:00,19.77,20.1,20.36,19.26,20.29,19.13,20.34,17.95
2016-02-21 17:00:00,21.46,22.01,22.05,21.26,21.65,20.72,22.23,18.62
2016-02-21 18:00:00,26.45,27.02,27.58,27.23,26.73,22.62,25.77,20.89
2016-02-21 19:00:00,25.99,26.34,27.5,26.26,26.79,22.37,25.3,19.56
2016-02-21 20:00:00,23.91,24.08,24.9,24.17,24.19,21.69,23.34,19.32
2016-02-21 21:00:00,22.2,22.31,22.89,21.79,22.77,21.11,22.94,18.78
2016-02-21 22:00:00,20.45,20.44,21.62,20.11,21.32,19.830000000000002,20.1,20.35
2016-02-21 23:00:00,19.17,18.990000000000002,20.03,19.68,19.78,17.84,18.580000000000002,18.5
2016-02-22 00:00:00,17.95,17.64,18.42,18.25,18.29,16.5,17.04,17.38
2016-02-22 01:00:00,16.78,16.21,16.59,17.0,16.75,15.75,16.59,16.47
2016-02-22 02:00:00,16.65,16.32,16.75,16.96,16.84,15.34,15.91,15.83
2016-02-22 03:00:00,16.86,16.16,16.75,17.21,16.86,15.38,16.23,16.09
2016-02-22 04:00:00,17.28,16.91,17.85,17.66,17.73,15.56,16.01,16.4
2016-02-22 05:00:00,19.11,19.37,20.62,19.22,20.51,16.34,16.4,16.94
2016-02-22 06:00:00,23.06,23.85,24.68,23.2,24.58,18.900000000000002,19.97,18.17
2016-02-22 07:00:00,26.23,25.66,26.8,26.74,26.3,21.5,24.54,18.490000000000002
2016-02-22 08:00:00,25.44,25.05,26.06,25.76,25.25,21.41,24.01,19.22
2016-02-22 09:00:00,24.62,24.36,25.13,24.8,24.76,20.91,22.63,18.080000000000002
2016-02-22 10:00:00,24.49,24.27,24.94,24.57,24.44,20.83,22.3,18.62
2016-02-22 11:00:00,23.96,23.22,23.58,24.82,23.38,21.04,23.17,19.21
2016-02-22 12:00:00,22.59,22.14,22.26,23.19,21.95,20.67,22.25,18.990000000000002
2016-02-22 13:00:00,22.17,22.57,22.86,21.91,22.12,20.04,21.67,19.05
2016-02-22 14:00:00,21.6,22.21,22.33,21.09,21.69,19.87,21.47,19.1
2016-02-22 15:00:00,21.16,21.75,21.94,20.58,21.25,19.64,21.21,19.26
2016-02-22 16:00:00,21.21,21.78,22.03,20.61,21.29,19.61,21.18,19.31
2016-02-22 17:00:00,22.32,23.09,23.1,21.75,22.34,20.59,22.49,18.78
2016-02-22 18:00:00,26.87,27.54,27.45,26.69,26.92,22.62,24.57,18.830000000000002
2016-02-22 19:00:00,26.5,26.24,27.4,26.64,26.79,23.17,25.54,19.29
2016-02-22 20:00:00,24.67,24.35,25.62,24.37,24.84,22.88,24.88,19.01
2016-02-22 21:00:00,22.77,22.21,22.53,22.86,22.49,21.9,23.76,18.650000000000002
2016-02-22 22:00:00,20.53,20.5,21.71,19.93,21.35,19.76,20.46,20.330000000000002
2016-02-22 23:00:00,18.740000000000002,18.830000000000002,19.85,17.990000000000002,19.43,18.11,18.580000000000002,18.47
2016-02-23 00:00:00,18.14,17.97,18.91,18.12,18.54,16.84,17.28,17.16
2016-02-23 01:00:00,17.67,17.68,18.63,17.52,18.31,16.48,16.44,16.4
2016-02-23 02:00:00,17.07,17.28,18.19,16.67,18.07,15.65,15.72,16.06
2016-02-23 03:00:00,16.94,16.97,17.94,16.57,17.830000000000002,15.5,15.75,16.04
2016-02-23 04:00:00,17.25,17.580000000000002,18.55,16.830000000000002,18.23,15.46,15.82,16.42
2016-02-23 05:00:00,18.490000000000002,18.830000000000002,19.830000000000002,18.05,19.71,16.2,15.9,16.38
2016-02-23 06:00:00,21.99,23.51,25.0,20.06,24.8,17.39,18.330000000000002,17.98
2016-02-23 07:00:00,25.66,26.19,27.66,25.39,27.22,20.36,22.12,21.82
2016-02-23 08:00:00,24.29,24.98,25.42,24.76,24.81,19.54,20.71,20.53
2016-02-23 09:00:00,23.15,23.38,23.51,24.29,23.27,19.8,20.240000000000002,20.14
2016-02-23 10:00:00,22.73,22.82,23.21,23.42,22.98,20.3,20.53,20.36
2016-02-23 11:00:00,22.11,22.89,23.59,21.07,22.98,20.43,21.09,20.57
2016-02-23 12:00:00,21.31,21.84,22.81,20.11,22.26,19.98,20.67,20.22
2016-02-23 13:00:00,20.82,21.18,20.6,20.89,20.61,19.72,20.7,19.76
2016-02-23 14:00:00,20.38,20.58,20.14,20.57,20.13,19.34,20.1,19.43
2016-02-23 15:00:00,19.86,20.64,20.94,19.14,20.52,18.94,19.35,18.98
2016-02-23 16:00:00,19.8,20.52,20.51,19.43,20.26,18.85,18.98,19.2
2016-02-23 17:00:00,20.75,22.7,22.05,19.62,21.71,19.79,20.59,19.080000000000002
2016-02-23 18:00:00,23.99,27.4,25.48,22.74,25.16,22.51,23.45,20.9
2016-02-23 19:00:00,23.67,26.58,25.43,22.43,25.03,22.34,23.01,22.0
2016-02-23 20:00:00,22.14,24.3,23.73,21.15,23.41,21.72,22.58,21.96
2016-02-23 21:00:00,20.77,23.15,21.88,20.150000000000002,22.15,20.19,21.08,20.54
2016-02-23 22:00:00,18.88,20.69,19.18,18.37,19.28,18.73,19.3,19.06
2016-02-23 23:00:00,17.78,18.47,18.68,17.41,18.75,17.42,18.36,18.28
2016-02-24 00:00:00,17.53,22.04,19.13,15.55,18.86,18.04,18.71,18.41
2016-02-24 01:00:00,16.77,21.49,18.25,14.37,18.17,17.27,17.63,17.39
2016-02-24 02:00:00,16.5,21.84,18.37,14.1,18.09,16.72,17.05,17.42
2016-02-24 03:00:00,16.09,21.4,17.75,13.36,17.490000000000002,16.7,17.37,17.61
2016-02-24 04:00:00,16.15,21.54,18.13,12.9,17.96,16.91,17.25,17.53
2016-02-24 05:00:00,17.62,23.04,19.93,14.8,19.68,17.67,17.67,17.66
2016-02-24 06:00:00,21.1,28.77,22.75,18.64,23.27,20.34,21.25,21.16
2016-02-24 07:00:00,24.7,31.88,26.34,22.53,26.96,23.77,23.97,23.61
2016-02-24 08:00:00,22.97,27.53,24.44,20.84,24.77,23.17,24.22,20.75
2016-02-24 09:00:00,22.12,26.39,23.39,20.07,23.66,22.36,23.37,19.35
2016-02-24 10:00:00,21.84,25.81,23.71,19.830000000000002,23.72,21.69,22.73,19.95
2016-02-24 11:00:00,21.26,25.32,23.18,19.36,23.18,21.18,22.17,19.72
2016-02-24 12:00:00,20.66,24.39,22.56,18.85,22.56,20.6,21.4,20.0
2016-02-24 13:00:00,20.25,23.9,21.9,18.22,22.03,19.84,21.06,19.57
2016-02-24 14:00:00,19.78,23.57,21.47,17.650000000000002,21.62,19.46,20.59,19.52
2016-02-24 15:00:00,18.92,22.79,20.91,16.78,21.02,19.05,19.34,19.16
2016-02-24 16:00:00,18.79,22.92,20.73,16.46,20.93,19.07,19.32,19.0
2016-02-24 17:00:00,19.73,25.12,21.82,17.57,21.86,19.57,20.55,18.76
2016-02-24 18:00:00,22.56,29.61,24.0,19.7,24.5,22.92,23.39,22.99
2016-02-24 19:00:00,22.4,27.98,24.03,20.150000000000002,24.36,22.82,22.85,19.42
2016-02-24 20:00:00,21.74,27.31,23.39,19.44,24.09,22.29,22.9,18.19
2016-02-24 21:00:00,20.43,25.78,22.2,18.32,22.57,20.72,21.06,18.23
2016-02-24 22:00:00,19.080000000000002,22.87,21.57,16.52,21.39,19.68,20.84,18.16
2016-02-24 23:00:00,17.27,21.37,19.63,14.92,19.37,18.06,18.81,18.91
2016-02-25 00:00:00,16.61,18.78,18.62,15.36,18.39,17.080000000000002,17.31,17.330000000000002
2016-02-25 01:00:00,15.83,18.42,17.86,13.99,17.6,16.7,16.93,16.95
2016-02-25 02:00:00,15.3,18.22,17.26,12.78,17.29,16.62,17.03,16.69
2016-02-25 03:00:00,15.17,18.06,17.12,12.53,17.150000000000002,16.580000000000002,16.990000000000002,16.66
2016-02-25 04:00:00,15.49,18.54,17.490000000000002,12.73,17.57,16.96,17.36,17.02
2016-02-25 05:00:00,17.03,20.22,19.35,14.67,19.28,18.240000000000002,18.41,18.54
2016-02-25 06:00:00,20.34,25.62,23.8,17.19,23.77,21.23,24.09,19.79
2016-02-25 07:00:00,24.35,29.82,26.43,21.32,26.55,25.21,32.6,24.89
2016-02-25 08:00:00,22.4,26.42,24.22,19.77,23.9,23.41,30.21,23.3
2016-02-25 09:00:00,20.91,25.51,23.05,18.57,22.9,22.09,23.37,18.81
2016-02-25 10:00:00,20.43,25.36,22.55,18.38,22.46,20.98,20.95,18.54
2016-02-25 11:00:00,19.75,24.36,21.88,17.2,22.49,19.900000000000002,20.240000000000002,19.37
2016-02-25 12:00:00,19.22,23.44,21.18,17.68,21.49,19.25,19.31,19.11
2016-02-25 13:00:00,18.650000000000002,22.39,20.23,16.51,20.46,18.41,18.92,18.900000000000002
2016-02-25 14:00:00,18.400000000000002,21.94,20.0,16.38,20.18,18.19,18.68,18.740000000000002
2016-02-25 15:00:00,18.13,21.5,19.8,17.07,19.92,18.07,18.06,18.02
2016-02-25 16:00:00,18.53,21.58,19.91,17.36,20.07,18.330000000000002,19.44,18.8
2016-02-25 17:00:00,19.81,23.05,21.21,18.39,21.38,19.44,20.57,20.29
2016-02-25 18:00:00,23.3,25.76,25.22,22.28,25.48,23.05,23.01,22.0
2016-02-25 19:00:00,24.38,25.39,26.42,23.21,26.16,23.71,24.78,21.57
2016-02-25 20:00:00,23.43,24.18,24.22,22.96,24.43,22.98,24.1,21.34
2016-02-25 21:00:00,22.07,22.86,23.98,20.91,23.68,21.91,22.8,20.51
2016-02-25 22:00:00,20.8,21.05,22.19,20.19,21.84,20.83,22.11,18.67
2016-02-25 23:00:00,19.89,19.77,20.68,19.46,20.6,19.990000000000002,20.77,19.92
2016-02-26 00:00:00,19.52,19.06,20.06,19.13,20.0,19.34,20.96,21.01
2016-02-26 01:00:00,19.17,18.97,20.19,18.18,20.04,18.8,20.67,20.85
2016-02-26 02:00:00,18.89,18.740000000000002,19.91,17.990000000000002,19.8,18.6,20.13,20.240000000000002
2016-02-26 03:00:00,19.03,18.94,19.95,18.12,19.650000000000002,18.56,20.64,20.07
2016-02-26 04:00:00,19.18,18.98,20.2,18.07,20.19,18.86,20.71,20.74
2016-02-26 05:00:00,21.31,21.71,22.85,18.52,22.91,20.85,23.33,23.26
2016-02-26 06:00:00,26.63,27.98,26.99,18.77,27.76,26.12,35.06,30.0
2016-02-26 07:00:00,32.99,34.1,33.480000000000004,21.99,33.5,33.2,48.71,38.300000000000004
2016-02-26 08:00:00,29.96,30.95,28.87,22.24,30.08,30.3,42.22,41.78
2016-02-26 09:00:00,26.38,28.64,27.26,20.13,27.14,25.41,40.98,24.68
2016-02-26 10:00:00,25.57,27.34,26.43,18.98,26.24,25.01,39.65,24.25
2016-02-26 11:00:00,23.68,24.77,24.65,18.900000000000002,24.53,22.64,33.88,20.76
2016-02-26 12:00:00,22.21,23.93,23.78,18.72,23.57,21.08,29.35,19.22
2016-02-26 13:00:00,21.41,22.4,22.97,18.54,22.6,20.28,27.92,18.080000000000002
2016-02-26 14:00:00,20.93,21.57,22.35,18.62,22.07,19.6,27.28,17.95
2016-02-26 15:00:00,20.16,20.8,20.89,18.39,21.07,19.01,25.95,17.400000000000002
2016-02-26 16:00:00,19.87,20.78,20.38,16.97,20.96,19.16,24.39,17.44
2016-02-26 17:00:00,20.81,22.6,21.34,18.1,22.13,19.75,21.18,20.57
2016-02-26 18:00:00,24.52,27.48,26.37,19.42,26.22,22.1,24.33,23.12
2016-02-26 19:00:00,24.45,26.73,26.62,19.330000000000002,26.17,23.36,25.86,24.37
2016-02-26 20:00:00,22.92,25.26,24.04,18.47,24.22,22.85,25.66,25.17
2016-02-26 21:00:00,21.58,23.85,22.66,18.48,22.68,21.74,24.79,23.44
2016-02-26 22:00:00,19.8,20.330000000000002,21.51,18.26,20.98,19.82,21.31,20.57
2016-02-26 23:00:00,18.56,18.46,19.64,17.34,19.580000000000002,18.63,20.97,19.53
2016-02-27 00:00:00,17.650000000000002,20.330000000000002,19.45,15.07,19.330000000000002,18.42,19.45,19.17
2016-02-27 01:00:00,17.03,19.41,18.650000000000002,14.63,18.52,17.8,18.21,18.29
2016-02-27 02:00:00,16.59,19.12,18.2,13.97,18.07,17.56,18.080000000000002,17.91
2016-02-27 03:00:00,16.27,18.77,18.2,14.0,17.91,17.06,17.8,18.02
2016-02-27 04:00:00,16.42,19.17,18.1,13.93,18.1,17.36,18.32,17.92
2016-02-27 05:00:00,16.85,19.79,18.57,14.5,18.57,18.0,19.09,18.17
2016-02-27 06:00:00,18.5,23.36,19.18,14.04,21.04,20.55,21.89,21.21
2016-02-27 07:00:00,19.7,24.61,19.64,14.64,22.09,21.39,23.16,22.99
2016-02-27 08:00:00,20.22,25.17,18.830000000000002,16.82,22.49,22.13,24.71,24.18
2016-02-27 09:00:00,20.14,24.53,18.78,17.71,21.93,21.32,23.32,22.76
2016-02-27 10:00:00,19.38,23.13,18.78,18.01,20.91,20.64,22.3,21.62
2016-02-27 11:00:00,18.18,21.83,18.150000000000002,16.9,20.0,18.82,19.43,19.37
2016-02-27 12:00:00,17.55,20.77,17.400000000000002,16.02,19.31,18.26,19.48,18.37
2016-02-27 13:00:00,16.98,20.18,16.4,15.5,18.82,17.75,19.080000000000002,17.56
2016-02-27 14:00:00,15.96,19.57,15.65,14.78,17.87,16.69,17.06,17.02
2016-02-27 15:00:00,15.36,18.96,15.34,13.55,17.51,16.6,17.46,17.22
2016-02-27 16:00:00,15.21,19.36,15.26,13.09,17.42,16.6,16.62,16.77
2016-02-27 17:00:00,16.5,21.17,17.47,14.23,18.86,17.48,18.29,18.0
2016-02-27 18:00:00,18.6,24.63,19.23,16.88,21.11,19.23,20.04,19.55
2016-02-27 19:00:00,18.63,23.37,19.22,16.79,21.22,19.29,20.27,19.86
2016-02-27 20:00:00,17.73,22.91,19.03,15.25,20.39,18.66,20.17,18.7
2016-02-27 21:00:00,17.05,22.31,18.84,14.71,19.31,18.150000000000002,19.900000000000002,18.52
2016-02-27 22:00:00,15.92,20.04,18.240000000000002,13.65,18.1,17.17,18.03,16.85
2016-02-27 23:00:00,15.5,19.6,17.21,13.06,17.47,16.96,17.5,16.75
2016-02-28 00:00:00,12.83,18.400000000000002,15.68,6.38,16.88,18.25,18.78,16.65
2016-02-28 01:00:00,12.12,17.43,15.26,5.71,16.16,17.47,17.92,16.04
2016-02-28 02:00:00,11.1,16.79,14.39,4.09,15.35,16.84,16.94,16.17
2016-02-28 03:00:00,11.03,16.76,14.27,4.26,15.14,16.44,16.54,16.080000000000002
2016-02-28 04:00:00,11.26,17.35,14.62,4.6000000000000005,15.38,16.51,16.65,16.05
2016-02-28 05:00:00,11.99,17.77,15.34,5.49,16.19,17.330000000000002,17.69,16.19
2016-02-28 06:00:00,13.48,19.97,16.42,7.18,17.900000000000002,18.17,19.05,16.53
2016-02-28 07:00:00,14.97,20.69,16.59,9.47,19.05,19.96,22.16,17.18
2016-02-28 08:00:00,15.38,21.82,17.02,9.71,19.400000000000002,20.04,21.17,18.43
2016-02-28 09:00:00,15.6,21.68,17.19,10.27,19.490000000000002,20.2,21.37,19.87
2016-02-28 10:00:00,15.2,21.1,16.97,9.84,19.13,19.51,20.19,18.0
2016-02-28 11:00:00,14.67,20.26,17.22,10.1,18.82,18.79,19.07,17.14
2016-02-28 12:00:00,14.2,19.6,16.53,9.49,18.240000000000002,18.43,18.66,16.75
2016-02-28 13:00:00,13.87,19.22,16.31,9.46,17.990000000000002,18.26,18.400000000000002,16.94
2016-02-28 14:00:00,13.39,18.73,15.75,8.11,17.400000000000002,18.03,18.1,16.93
2016-02-28 15:00:00,13.22,18.5,15.51,8.06,17.22,17.82,17.85,16.86
2016-02-28 16:00:00,14.31,18.81,16.34,10.39,17.84,17.69,17.84,16.79
2016-02-28 17:00:00,16.11,20.74,18.04,12.84,19.56,18.72,18.86,18.23
2016-02-28 18:00:00,19.28,23.83,20.22,18.06,21.85,19.93,20.79,20.54
2016-02-28 19:00:00,19.650000000000002,22.71,20.54,18.68,21.95,20.240000000000002,20.95,17.98
2016-02-28 20:00:00,19.18,21.04,19.45,18.580000000000002,20.94,19.35,20.77,18.56
2016-02-28 21:00:00,18.48,19.85,18.77,17.85,19.900000000000002,18.85,19.11,17.23
2016-02-28 22:00:00,17.73,17.69,18.36,17.11,18.68,17.5,17.81,16.62
2016-02-28 23:00:00,16.29,16.55,17.22,15.62,16.98,16.41,17.48,16.35
2016-02-29 00:00:00,14.6,15.5,15.63,13.05,16.330000000000002,14.62,15.26,15.48
2016-02-29 01:00:00,13.1,14.44,15.13,9.99,15.75,13.7,14.55,14.37
2016-02-29 02:00:00,11.68,13.88,14.06,7.51,15.23,12.55,13.44,13.26
2016-02-29 03:00:00,10.9,13.63,13.77,6.39,15.14,11.84,12.6,12.45
2016-02-29 04:00:00,11.18,15.27,14.45,6.06,15.93,12.41,13.29,13.15
2016-02-29 05:00:00,12.75,19.66,16.8,5.67,18.48,14.46,15.46,15.24
2016-02-29 06:00:00,17.6,24.78,21.22,10.55,24.38,18.79,19.84,19.51
2016-02-29 07:00:00,19.92,26.03,23.15,14.02,26.03,20.6,22.89,18.21
2016-02-29 08:00:00,19.78,23.13,22.19,15.85,24.87,20.26,21.94,20.68
2016-02-29 09:00:00,19.19,22.01,22.08,15.85,23.43,19.67,21.51,18.81
2016-02-29 10:00:00,19.150000000000002,21.09,21.59,17.14,22.82,19.21,20.58,18.01
2016-02-29 11:00:00,19.21,20.91,21.51,16.69,22.65,19.25,21.02,18.87
2016-02-29 12:00:00,19.02,20.07,20.9,17.07,22.07,18.86,20.53,18.62
2016-02-29 13:00:00,18.91,19.61,20.52,17.57,21.38,19.03,20.59,19.29
2016-02-29 14:00:00,18.57,19.6,19.84,17.71,20.8,18.31,19.38,17.55
2016-02-29 15:00:00,18.27,19.35,19.44,17.61,20.59,18.16,19.04,17.51
2016-02-29 16:00:00,18.84,19.6,19.85,18.23,21.08,18.67,19.240000000000002,17.14
2016-02-29 17:00:00,19.51,20.46,20.63,18.43,22.05,19.32,19.900000000000002,18.04
2016-02-29 18:00:00,23.27,23.89,25.0,23.25,26.1,21.85,22.82,19.93
2016-02-29 19:00:00,23.89,24.03,25.99,23.3,26.59,23.53,24.85,23.24
2016-02-29 20:00:00,21.94,22.82,23.46,20.09,24.91,21.56,23.67,20.0
2016-02-29 21:00:00,20.42,21.56,21.93,18.82,23.03,20.32,22.05,17.87
2016-02-29 22:00:00,18.67,19.29,19.98,18.34,20.63,18.18,18.740000000000002,16.78
2016-02-29 23:00:00,17.41,17.92,19.18,16.580000000000002,19.21,17.42,18.78,16.82
2016-03-01 00:00:00,16.59,16.82,17.38,16.97,17.1,16.35,16.66,15.84
2016-03-01 01:00:00,15.76,15.89,16.51,15.92,16.23,15.29,15.69,15.1
2016-03-01 02:00:00,15.38,15.77,16.32,15.18,16.080000000000002,15.1,15.36,14.86
2016-03-01 03:00:00,15.33,15.69,16.26,15.08,16.01,14.9,15.29,14.79
2016-03-01 04:00:00,15.82,16.16,16.84,15.55,16.55,15.42,15.8,15.29
2016-03-01 05:00:00,18.11,18.6,19.62,18.240000000000002,19.39,16.28,16.79,15.87
2016-03-01 06:00:00,22.68,23.56,24.82,22.81,25.42,19.35,19.76,18.87
2016-03-01 07:00:00,25.27,26.54,27.64,25.42,28.03,20.68,22.74,17.21
2016-03-01 08:00:00,24.16,25.11,25.69,24.7,25.74,20.36,22.64,17.34
2016-03-01 09:00:00,23.39,24.11,24.88,23.48,24.98,20.03,22.27,17.240000000000002
2016-03-01 10:00:00,22.92,23.51,24.29,22.89,24.16,19.86,22.45,17.38
2016-03-01 11:00:00,22.3,22.9,23.57,22.07,23.69,19.91,22.02,17.79
2016-03-01 12:00:00,21.54,22.03,22.67,21.01,22.97,20.11,22.29,17.72
2016-03-01 13:00:00,20.82,21.31,21.79,20.09,22.28,19.85,21.9,17.42
2016-03-01 14:00:00,20.47,20.99,21.45,19.7,21.93,19.55,21.51,17.14
2016-03-01 15:00:00,20.01,20.66,20.88,19.25,21.46,19.19,21.11,16.87
2016-03-01 16:00:00,20.18,20.84,21.1,19.38,21.7,19.37,21.29,16.91
2016-03-01 17:00:00,21.42,21.91,22.48,20.61,23.26,20.22,22.25,17.47
2016-03-01 18:00:00,26.09,27.12,28.23,25.37,29.15,21.74,24.78,17.6
2016-03-01 19:00:00,27.05,27.27,28.57,27.03,29.85,22.88,26.26,18.580000000000002
2016-03-01 20:00:00,24.64,24.65,25.48,24.11,26.79,22.3,25.77,18.38
2016-03-01 21:00:00,22.74,22.76,22.95,22.16,24.49,21.16,24.33,17.28
2016-03-01 22:00:00,20.64,20.87,21.45,20.21,21.63,19.75,20.96,17.12
2016-03-01 23:00:00,18.89,19.09,19.91,18.400000000000002,19.900000000000002,17.73,19.0,16.62
2016-03-02 00:00:00,18.52,18.82,19.93,18.97,20.080000000000002,16.44,16.15,15.65
2016-03-02 01:00:00,17.85,18.42,19.28,18.38,19.18,15.0,15.6,14.73
2016-03-02 02:00:00,17.650000000000002,18.09,18.81,17.98,18.94,14.87,15.21,14.74
2016-03-02 03:00:00,17.48,17.92,18.66,17.77,18.77,14.91,15.07,14.67
2016-03-02 04:00:00,17.77,18.3,19.22,17.79,19.41,15.38,14.97,14.8
2016-03-02 05:00:00,19.63,21.06,22.21,18.240000000000002,22.37,16.59,15.7,15.65
2016-03-02 06:00:00,26.35,28.48,28.06,23.9,30.53,19.080000000000002,22.1,15.78
2016-03-02 07:00:00,30.05,32.82,32.25,27.14,34.99,21.45,26.2,15.36
2016-03-02 08:00:00,26.35,28.13,27.0,25.61,29.73,20.55,25.65,13.2
2016-03-02 09:00:00,23.9,26.36,24.99,23.0,26.99,19.27,22.35,15.07
2016-03-02 10:00:00,22.89,25.03,24.18,21.9,25.86,19.25,21.37,15.51
2016-03-02 11:00:00,22.26,24.33,23.57,21.54,24.9,18.76,20.98,15.5
2016-03-02 12:00:00,21.35,24.77,22.86,20.52,23.46,18.66,20.35,15.3
2016-03-02 13:00:00,20.21,23.87,21.51,19.51,22.08,17.97,19.39,15.01
2016-03-02 14:00:00,19.56,23.36,20.88,18.490000000000002,21.28,17.87,19.01,15.0
2016-03-02 15:00:00,18.66,22.75,19.94,17.79,20.07,17.96,19.1,14.96
2016-03-02 16:00:00,18.8,22.82,20.39,17.97,20.42,17.93,19.28,14.92
2016-03-02 17:00:00,20.22,26.66,22.48,18.57,22.19,18.25,19.96,14.62
2016-03-02 18:00:00,24.41,33.38,28.91,21.29,28.2,19.18,22.66,15.21
2016-03-02 19:00:00,25.31,32.54,29.07,23.39,28.24,20.16,24.47,14.91
2016-03-02 20:00:00,23.25,29.52,26.39,20.99,25.83,19.88,23.37,15.09
2016-03-02 21:00:00,21.28,27.28,24.06,19.080000000000002,23.78,19.22,22.06,15.33
2016-03-02 22:00:00,19.61,22.69,21.88,19.36,21.38,18.28,18.62,17.84
2016-03-02 23:00:00,18.09,19.900000000000002,20.01,18.43,19.72,16.75,16.26,16.06
2016-03-03 00:00:00,17.72,18.45,19.3,17.85,18.490000000000002,16.14,15.63,15.23
2016-03-03 01:00:00,17.36,18.01,19.03,17.67,18.38,15.5,15.0,14.62
2016-03-03 02:00:00,17.14,18.05,19.02,16.89,18.51,15.14,14.59,14.51
2016-03-03 03:00:00,17.0,17.81,18.84,16.64,18.330000000000002,15.26,14.69,14.61
2016-03-03 04:00:00,17.28,18.13,19.28,17.06,18.85,15.27,14.71,14.62
2016-03-03 05:00:00,19.27,19.47,22.65,19.02,21.97,16.15,15.03,14.95
2016-03-03 06:00:00,25.74,26.16,33.64,23.78,33.77,18.22,20.56,14.34
2016-03-03 07:00:00,28.28,29.13,32.19,27.62,32.77,20.12,26.1,12.44
2016-03-03 08:00:00,25.66,27.0,27.06,26.39,27.74,19.490000000000002,23.34,14.68
2016-03-03 09:00:00,23.51,24.29,24.51,24.25,24.97,18.59,21.98,15.23
2016-03-03 10:00:00,22.79,23.16,23.95,23.09,24.33,18.580000000000002,21.79,15.41
2016-03-03 11:00:00,22.14,22.6,22.96,22.36,23.26,18.44,21.55,15.21
2016-03-03 12:00:00,21.43,21.8,21.81,21.5,22.47,18.150000000000002,20.94,15.28
2016-03-03 13:00:00,20.95,21.04,20.9,20.94,21.71,18.04,20.400000000000002,15.09
2016-03-03 14:00:00,20.56,20.64,20.29,20.56,21.16,17.87,20.18,15.04
2016-03-03 15:00:00,20.03,20.2,19.98,19.88,20.57,17.84,19.31,16.19
2016-03-03 16:00:00,20.22,20.330000000000002,20.12,20.11,20.74,18.080000000000002,19.85,15.82
2016-03-03 17:00:00,22.03,22.52,22.36,22.61,22.65,18.27,20.1,16.06
2016-03-03 18:00:00,26.15,27.04,28.62,26.93,29.17,19.94,22.22,16.8
2016-03-03 19:00:00,28.02,27.71,28.59,30.15,29.1,21.89,25.78,16.57
2016-03-03 20:00:00,23.95,24.21,23.8,24.78,24.35,20.44,23.03,17.5
2016-03-03 21:00:00,22.67,23.01,22.9,22.45,23.43,19.93,21.89,18.21
2016-03-03 22:00:00,20.05,20.47,21.02,19.48,20.57,17.94,18.35,17.51
2016-03-03 23:00:00,18.330000000000002,19.16,19.990000000000002,18.07,19.54,16.62,16.52,15.91
2016-03-04 00:00:00,18.61,19.29,20.12,16.93,18.72,15.44,16.44,15.46
2016-03-04 01:00:00,17.71,18.48,19.41,15.66,18.25,14.41,15.12,14.35
2016-03-04 02:00:00,17.01,17.98,19.09,13.54,18.07,14.11,14.65,13.86
2016-03-04 03:00:00,16.65,18.07,18.85,12.97,17.82,13.93,14.41,13.61
2016-03-04 04:00:00,16.89,18.77,19.150000000000002,12.74,18.16,14.27,14.75,13.93
2016-03-04 05:00:00,18.28,20.75,20.51,13.04,19.97,14.72,15.31,14.37
2016-03-04 06:00:00,22.42,27.2,24.43,13.99,26.81,16.38,17.42,15.83
2016-03-04 07:00:00,23.69,28.09,24.11,16.580000000000002,26.56,18.42,20.94,16.46
2016-03-04 08:00:00,21.92,26.38,22.05,16.79,23.99,18.59,21.41,16.71
2016-03-04 09:00:00,20.37,24.46,21.11,14.33,22.72,17.84,19.900000000000002,16.64
2016-03-04 10:00:00,19.72,23.86,20.82,13.82,21.81,17.35,19.84,15.81
2016-03-04 11:00:00,19.150000000000002,23.36,20.31,14.01,20.96,16.8,19.0,15.41
2016-03-04 12:00:00,18.54,22.66,20.13,14.94,20.28,15.85,16.990000000000002,15.33
2016-03-04 13:00:00,18.02,21.82,20.01,14.49,20.02,15.62,16.31,15.42
2016-03-04 14:00:00,17.490000000000002,21.15,19.36,13.93,19.39,15.59,16.18,15.3
2016-03-04 15:00:00,17.28,20.78,19.330000000000002,13.79,19.17,15.4,15.95,15.11
2016-03-04 16:00:00,17.17,20.36,19.26,13.7,19.1,15.48,16.03,15.24
2016-03-04 17:00:00,18.17,21.82,20.18,15.4,20.1,15.77,16.12,15.28
2016-03-04 18:00:00,20.21,24.55,23.0,16.09,24.71,16.61,17.88,15.92
2016-03-04 19:00:00,21.03,24.99,23.18,17.95,24.8,18.22,21.38,16.11
2016-03-04 20:00:00,19.650000000000002,23.57,22.21,16.25,23.63,17.3,20.32,15.91
2016-03-04 21:00:00,18.76,22.18,21.36,15.54,22.16,17.23,20.64,15.41
2016-03-04 22:00:00,17.59,19.77,20.63,14.72,20.2,16.75,19.56,15.11
2016-03-04 23:00:00,16.03,18.19,19.04,13.33,18.7,15.62,16.59,15.1
2016-03-05 00:00:00,16.18,20.88,20.76,13.6,18.66,15.19,16.06,14.98
2016-03-05 01:00:00,15.17,20.18,19.69,12.7,17.62,14.4,15.1,14.77
2016-03-05 02:00:00,14.83,19.150000000000002,20.400000000000002,12.03,17.57,13.98,14.76,14.42
2016-03-05 03:00:00,14.44,18.52,19.01,11.97,16.38,14.02,14.75,14.54
2016-03-05 04:00:00,14.91,19.18,19.26,12.01,18.09,14.07,14.88,14.46
2016-03-05 05:00:00,15.33,20.3,17.63,13.49,18.21,14.45,15.21,14.96
2016-03-05 06:00:00,17.56,23.7,20.79,15.88,20.64,15.42,15.9,15.03
2016-03-05 07:00:00,18.62,24.08,21.27,17.59,21.42,15.36,15.94,15.41
2016-03-05 08:00:00,19.89,24.52,22.16,19.2,22.08,16.73,18.330000000000002,15.84
2016-03-05 09:00:00,20.7,23.66,22.58,20.68,22.83,17.59,18.27,17.31
2016-03-05 10:00:00,20.7,22.99,22.82,21.07,22.52,16.73,17.57,15.66
2016-03-05 11:00:00,20.04,21.48,21.2,21.29,21.01,15.83,16.93,15.75
2016-03-05 12:00:00,19.45,20.89,20.74,20.13,20.42,14.23,16.15,14.82
2016-03-05 13:00:00,18.830000000000002,20.35,20.46,18.38,19.92,14.16,16.02,14.72
2016-03-05 14:00:00,18.36,19.740000000000002,19.8,17.87,19.62,14.15,15.62,14.51
2016-03-05 15:00:00,17.95,19.56,19.53,16.0,19.3,14.13,15.51,14.5
2016-03-05 16:00:00,17.72,19.44,19.37,14.25,19.42,13.94,15.42,14.37
2016-03-05 17:00:00,18.41,21.46,20.42,14.64,20.48,13.93,15.59,14.42
2016-03-05 18:00:00,20.44,26.25,23.93,14.13,23.6,15.07,16.61,15.21
2016-03-05 19:00:00,21.21,26.69,24.54,14.28,24.34,17.91,19.35,15.78
2016-03-05 20:00:00,19.1,25.04,22.04,12.73,21.75,16.4,17.830000000000002,15.24
2016-03-05 21:00:00,17.71,23.65,20.45,12.14,20.37,15.92,17.23,15.32
2016-03-05 22:00:00,16.2,21.85,18.76,11.59,18.740000000000002,14.91,16.39,15.27
2016-03-05 23:00:00,14.05,20.19,16.77,9.16,17.22,14.77,16.22,14.63
2016-03-06 00:00:00,12.7,22.71,17.21,5.31,17.41,14.87,15.14,14.17
2016-03-06 01:00:00,11.69,22.9,15.14,3.81,17.11,14.11,14.38,14.1
2016-03-06 02:00:00,10.92,22.24,15.09,2.72,17.14,13.52,13.92,13.53
2016-03-06 03:00:00,10.66,22.7,15.42,2.17,17.5,13.24,13.81,13.32
2016-03-06 04:00:00,10.73,23.57,15.46,2.25,17.79,13.31,13.96,13.4
2016-03-06 05:00:00,11.14,24.94,15.89,2.71,18.22,13.84,14.57,14.05
2016-03-06 06:00:00,12.51,28.6,17.01,4.5,18.86,14.39,14.9,14.09
2016-03-06 07:00:00,14.04,29.0,19.14,6.83,20.32,15.13,16.39,13.93
2016-03-06 08:00:00,15.05,29.32,20.04,8.700000000000001,20.04,17.01,18.88,14.32
2016-03-06 09:00:00,15.87,27.88,19.91,9.71,21.24,17.57,19.55,14.57
2016-03-06 10:00:00,15.72,26.62,20.12,9.66,20.400000000000002,17.490000000000002,19.46,14.56
2016-03-06 11:00:00,15.0,25.42,18.84,9.47,19.46,16.68,18.39,14.34
2016-03-06 12:00:00,14.82,24.77,18.6,9.450000000000001,19.14,15.56,16.72,14.42
2016-03-06 13:00:00,14.52,23.55,18.31,8.91,18.25,15.860000000000003,17.05,14.5
2016-03-06 14:00:00,14.22,22.88,17.82,9.17,17.95,16.16,17.52,14.38
2016-03-06 15:00:00,14.24,22.71,17.66,9.33,17.92,16.44,17.95,14.37
2016-03-06 16:00:00,14.65,22.91,17.71,9.75,18.53,17.12,18.69,14.56
2016-03-06 17:00:00,15.72,24.41,18.19,11.26,19.62,17.47,18.86,14.77
2016-03-06 18:00:00,18.85,27.86,22.41,14.97,23.79,18.44,20.06,14.89
2016-03-06 19:00:00,20.28,28.16,23.67,17.330000000000002,24.85,19.2,21.05,14.66
2016-03-06 20:00:00,18.02,25.98,20.42,14.37,21.63,19.05,20.86,14.84
2016-03-06 21:00:00,16.72,24.36,19.1,12.99,20.27,18.32,19.84,14.56
2016-03-06 22:00:00,14.58,22.14,18.23,8.82,19.04,17.67,19.04,14.54
2016-03-06 23:00:00,12.17,20.91,13.63,6.24,16.0,16.07,16.92,14.07
2016-03-07 00:00:00,10.05,24.62,13.77,4.03,14.17,13.42,14.15,13.99
2016-03-07 01:00:00,9.14,25.61,14.84,1.1300000000000001,14.71,13.23,13.88,13.16
2016-03-07 02:00:00,8.75,24.75,14.53,0.84,14.45,12.92,13.56,12.83
2016-03-07 03:00:00,8.72,24.35,13.65,0.95,13.98,13.06,13.57,12.98
2016-03-07 04:00:00,9.21,25.65,14.73,1.25,15.24,13.14,13.87,13.19
2016-03-07 05:00:00,13.35,29.97,18.71,6.53,19.48,13.55,14.77,14.22
2016-03-07 06:00:00,18.98,31.82,23.39,14.44,25.2,16.95,18.02,14.07
2016-03-07 07:00:00,20.23,29.17,22.02,17.52,24.14,19.23,21.01,14.63
2016-03-07 08:00:00,20.29,27.97,21.28,18.47,23.4,19.17,21.32,14.78
2016-03-07 09:00:00,19.82,27.19,21.44,17.77,23.17,18.580000000000002,20.25,14.84
2016-03-07 10:00:00,19.6,25.45,21.89,17.64,22.53,18.18,19.76,14.74
2016-03-07 11:00:00,19.17,24.62,20.81,17.45,21.72,18.76,21.06,14.95
2016-03-07 12:00:00,18.68,23.96,20.35,16.9,21.24,17.96,20.32,14.86
2016-03-07 13:00:00,18.38,23.75,20.6,16.080000000000002,21.21,18.080000000000002,20.47,15.05
2016-03-07 14:00:00,18.12,23.2,20.18,16.03,20.89,17.900000000000002,20.45,14.96
2016-03-07 15:00:00,17.84,23.36,19.830000000000002,15.96,20.44,17.73,19.98,14.97
2016-03-07 16:00:00,17.66,23.34,19.7,15.32,20.42,17.39,20.8,14.68
2016-03-07 17:00:00,18.400000000000002,24.84,20.84,16.29,21.69,17.8,21.41,15.04
2016-03-07 18:00:00,21.15,30.26,24.23,18.31,25.37,19.13,25.47,15.08
2016-03-07 19:00:00,22.32,29.94,26.1,18.54,26.38,19.54,28.64,14.81
2016-03-07 20:00:00,20.25,28.41,23.16,16.96,23.93,18.54,26.19,14.36
2016-03-07 21:00:00,17.73,26.26,20.9,13.77,21.64,19.35,21.89,14.82
2016-03-07 22:00:00,14.83,23.03,19.240000000000002,9.02,19.38,17.69,18.82,14.59
2016-03-07 23:00:00,12.21,22.05,17.23,5.23,17.42,16.43,17.09,14.26
2016-03-08 00:00:00,9.3,21.8,12.43,2.81,13.96,12.89,13.45,13.16
2016-03-08 01:00:00,7.44,20.68,10.33,1.42,11.61,11.0,11.37,11.58
2016-03-08 02:00:00,6.55,20.13,10.09,0.16,10.95,10.77,10.88,10.72
2016-03-08 03:00:00,6.24,21.01,9.5,-0.06,10.62,10.19,10.33,10.09
2016-03-08 04:00:00,6.86,22.26,10.1,-0.16,11.67,10.97,11.18,10.83
2016-03-08 05:00:00,10.57,26.61,14.2,1.03,16.38,13.33,13.91,13.21
2016-03-08 06:00:00,17.0,31.68,21.39,4.84,25.0,14.6,15.42,13.65
2016-03-08 07:00:00,16.75,26.57,19.85,5.36,22.51,17.38,18.75,13.73
2016-03-08 08:00:00,16.53,24.92,19.62,6.35,22.85,16.36,17.17,14.26
2016-03-08 09:00:00,16.31,24.35,19.400000000000002,8.41,22.24,15.610000000000003,16.43,14.76
2016-03-08 10:00:00,16.57,23.98,19.69,9.53,22.33,15.4,16.490000000000002,14.82
2016-03-08 11:00:00,16.82,23.56,19.54,10.39,22.23,16.25,17.69,14.98
2016-03-08 12:00:00,16.64,23.25,19.31,10.11,21.85,15.93,18.14,14.9
2016-03-08 13:00:00,16.79,22.61,19.21,10.94,21.81,16.26,18.47,14.95
2016-03-08 14:00:00,17.35,22.36,19.22,13.58,21.72,16.39,18.48,14.97
2016-03-08 15:00:00,17.23,22.04,19.2,13.57,21.25,16.31,18.77,14.89
2016-03-08 16:00:00,17.61,22.54,19.31,13.87,21.36,16.46,18.98,14.86
2016-03-08 17:00:00,18.46,23.04,19.92,14.23,21.95,16.89,20.16,15.04
2016-03-08 18:00:00,21.78,27.6,23.17,17.82,25.25,19.32,23.36,15.28
2016-03-08 19:00:00,23.75,27.62,24.8,20.8,27.04,20.78,25.53,15.18
2016-03-08 20:00:00,21.32,24.55,22.31,18.89,23.8,19.28,22.46,14.7
2016-03-08 21:00:00,18.85,21.93,19.52,17.98,20.93,16.75,18.19,15.01
2016-03-08 22:00:00,16.92,20.44,17.92,15.97,19.13,15.65,16.0,14.71
2016-03-08 23:00:00,14.96,18.34,15.15,15.19,16.3,13.99,15.1,14.14
2016-03-09 00:00:00,14.8,14.47,15.14,15.31,15.72,8.18,16.98,14.41
2016-03-09 01:00:00,12.86,12.19,11.77,13.97,13.3,7.43,14.65,13.23
2016-03-09 02:00:00,11.84,11.24,10.79,12.73,12.24,6.79,13.83,11.53
2016-03-09 03:00:00,12.03,11.23,10.97,13.02,12.45,7.98,14.11,10.120000000000001
2016-03-09 04:00:00,13.52,12.43,12.72,14.13,14.47,10.06,15.54,10.28
2016-03-09 05:00:00,16.78,15.72,17.28,16.32,19.1,11.41,18.7,11.55
2016-03-09 06:00:00,21.65,20.79,23.04,18.080000000000002,26.52,13.72,22.88,13.93
2016-03-09 07:00:00,22.48,21.44,23.57,20.99,26.01,14.2,25.4,14.31
2016-03-09 08:00:00,22.68,22.56,23.47,22.49,25.5,13.43,25.9,14.68
2016-03-09 09:00:00,22.02,22.17,23.02,21.88,24.73,14.1,23.7,15.32
2016-03-09 10:00:00,22.35,22.24,23.45,22.72,24.82,12.35,24.0,15.01
2016-03-09 11:00:00,22.45,22.61,23.59,22.68,24.85,14.71,23.66,14.98
2016-03-09 12:00:00,21.82,21.79,23.05,21.85,24.28,15.39,22.58,14.96
2016-03-09 13:00:00,21.96,22.04,23.07,22.17,24.04,15.23,23.99,15.33
2016-03-09 14:00:00,21.37,21.63,22.63,20.34,23.39,14.69,24.72,15.01
2016-03-09 15:00:00,21.14,21.41,22.56,19.62,22.77,14.31,24.92,14.93
2016-03-09 16:00:00,21.38,21.54,22.14,20.09,22.48,14.5,25.83,14.87
2016-03-09 17:00:00,21.92,21.94,22.77,20.11,23.03,14.63,25.72,15.08
2016-03-09 18:00:00,25.63,24.79,26.94,24.09,27.88,15.5,30.99,15.05
2016-03-09 19:00:00,26.32,25.22,27.23,24.61,28.51,15.11,32.53,15.34
2016-03-09 20:00:00,23.51,23.54,24.51,20.9,24.81,15.48,30.27,14.47
2016-03-09 21:00:00,21.34,21.41,22.76,18.7,22.98,15.08,28.13,15.25
2016-03-09 22:00:00,18.89,18.91,19.75,17.66,19.16,15.01,22.01,14.91
2016-03-09 23:00:00,17.14,17.22,17.95,16.740000000000002,17.29,14.16,18.38,14.92
2016-03-10 00:00:00,15.22,14.3,15.75,15.67,15.04,14.47,15.27,14.85
2016-03-10 01:00:00,13.7,12.77,14.02,14.29,13.4,12.56,13.51,13.78
2016-03-10 02:00:00,12.94,12.18,13.62,12.85,12.92,12.31,12.89,13.37
2016-03-10 03:00:00,12.65,12.11,13.15,12.58,12.64,12.08,12.6,13.04
2016-03-10 04:00:00,13.77,13.17,14.37,13.71,14.0,13.25,13.6,13.78
2016-03-10 05:00:00,17.09,16.36,17.79,17.07,17.87,14.78,14.99,14.61
2016-03-10 06:00:00,21.31,20.9,23.63,18.25,25.62,16.8,16.71,14.7
2016-03-10 07:00:00,22.92,21.68,23.27,23.18,24.98,18.400000000000002,21.11,14.67
2016-03-10 08:00:00,22.54,22.23,22.81,23.51,24.29,17.78,19.97,15.01
2016-03-10 09:00:00,21.77,22.01,22.46,21.77,23.56,17.63,20.04,15.17
2016-03-10 10:00:00,21.72,22.21,22.75,20.72,23.41,16.96,20.83,15.34
2016-03-10 11:00:00,21.62,22.07,23.3,19.740000000000002,23.81,17.59,21.83,15.33
2016-03-10 12:00:00,21.13,21.99,22.44,19.0,22.93,17.3,21.99,15.62
2016-03-10 13:00:00,21.17,21.55,22.65,18.52,23.13,17.18,23.17,15.74
2016-03-10 14:00:00,20.83,21.04,22.19,18.29,22.44,17.27,23.07,15.52
2016-03-10 15:00:00,20.49,20.65,21.81,17.88,21.94,17.04,23.09,15.49
2016-03-10 16:00:00,20.44,20.96,21.76,17.57,21.96,17.43,22.92,15.59
2016-03-10 17:00:00,20.86,21.17,22.19,18.0,22.63,15.98,22.96,15.51
2016-03-10 18:00:00,23.36,23.85,24.94,18.79,26.01,21.3,26.78,15.54
2016-03-10 19:00:00,24.69,24.98,26.84,19.75,27.58,20.98,30.06,15.68
2016-03-10 20:00:00,22.11,22.37,23.53,18.52,24.04,20.75,26.93,15.48
2016-03-10 21:00:00,20.68,21.72,22.59,17.0,22.76,19.34,22.9,15.77
2016-03-10 22:00:00,17.69,18.92,19.32,13.15,19.32,16.97,18.32,15.79
2016-03-10 23:00:00,15.55,16.63,17.330000000000002,11.02,17.13,15.42,16.85,15.46
2016-03-11 00:00:00,14.89,16.27,16.0,11.74,15.82,15.23,18.42,13.9
2016-03-11 01:00:00,13.68,15.44,15.62,8.76,15.45,14.42,17.34,13.56
2016-03-11 02:00:00,11.6,14.41,13.47,4.3,13.33,12.95,15.74,13.02
2016-03-11 03:00:00,11.35,14.29,13.28,3.54,13.15,12.77,15.68,12.35
2016-03-11 04:00:00,12.32,15.97,15.52,3.09,15.38,13.91,17.06,12.79
2016-03-11 05:00:00,14.46,18.16,17.95,4.95,18.12,15.78,19.240000000000002,13.71
2016-03-11 06:00:00,19.14,26.0,23.67,9.620000000000001,29.38,17.04,21.26,13.41
2016-03-11 07:00:00,21.25,25.79,23.97,15.57,27.97,20.03,25.62,14.72
2016-03-11 08:00:00,20.61,26.1,23.63,14.38,26.04,19.41,24.8,15.44
2016-03-11 09:00:00,20.1,25.53,23.28,13.55,25.17,19.240000000000002,24.5,15.62
2016-03-11 10:00:00,20.02,25.42,23.48,13.63,25.3,19.06,24.34,15.18
2016-03-11 11:00:00,19.56,24.61,23.04,12.69,24.84,18.84,24.37,16.05
2016-03-11 12:00:00,18.62,23.64,22.26,9.94,23.91,18.3,24.05,16.05
2016-03-11 13:00:00,17.98,23.24,21.62,8.6,23.27,17.59,23.81,15.83
2016-03-11 14:00:00,17.56,23.17,21.6,8.74,21.91,17.990000000000002,23.7,15.87
2016-03-11 15:00:00,16.830000000000002,22.3,20.46,8.11,20.69,17.97,23.56,16.330000000000002
2016-03-11 16:00:00,16.82,23.37,19.96,10.01,19.85,17.64,22.95,16.32
2016-03-11 17:00:00,17.77,24.21,20.59,12.3,20.69,18.18,23.81,16.34
2016-03-11 18:00:00,19.76,26.57,23.13,13.27,23.98,19.22,24.41,16.990000000000002
2016-03-11 19:00:00,20.97,27.55,23.85,15.76,25.01,20.07,26.0,17.2
2016-03-11 20:00:00,19.19,24.92,22.96,13.46,22.85,18.98,24.13,16.54
2016-03-11 21:00:00,17.650000000000002,23.57,22.13,11.37,21.66,17.6,21.91,16.09
2016-03-11 22:00:00,15.66,20.44,19.21,9.3,19.11,16.8,19.13,16.22
2016-03-11 23:00:00,13.33,17.98,15.96,5.76,16.02,16.38,17.97,15.99
2016-03-12 00:00:00,12.08,15.610000000000003,15.28,4.04,15.7,16.580000000000002,16.91,16.16
2016-03-12 01:00:00,11.03,14.69,13.83,3.75,14.31,15.55,15.71,15.85
2016-03-12 02:00:00,10.46,14.13,13.09,3.47,13.55,14.76,14.99,15.32
2016-03-12 03:00:00,10.0,13.44,11.71,3.42,12.19,14.27,14.55,15.03
2016-03-12 04:00:00,10.21,13.63,11.9,3.36,12.37,14.41,14.64,14.93
2016-03-12 05:00:00,11.62,14.99,13.95,2.91,14.21,14.93,15.26,15.34
2016-03-12 06:00:00,15.22,20.88,18.26,3.53,18.32,15.67,16.68,15.44
2016-03-12 07:00:00,16.94,20.65,19.39,9.4,19.16,16.67,17.61,16.26
2016-03-12 08:00:00,18.47,21.75,20.07,13.73,20.46,17.38,18.88,16.75
2016-03-12 09:00:00,19.85,22.79,21.45,16.23,21.62,18.34,20.21,17.5
2016-03-12 10:00:00,20.41,22.73,22.38,17.240000000000002,22.54,18.31,20.48,17.740000000000002
2016-03-12 11:00:00,19.91,21.98,21.78,16.16,21.85,18.11,20.41,17.830000000000002
2016-03-12 12:00:00,19.27,21.36,21.05,15.75,20.94,17.67,19.8,17.56
2016-03-12 13:00:00,18.59,20.92,20.61,13.37,20.53,17.69,19.63,17.400000000000002
2016-03-12 14:00:00,17.44,19.86,19.01,8.86,18.87,17.51,19.35,17.38
2016-03-12 15:00:00,17.07,19.8,18.400000000000002,8.18,18.330000000000002,17.26,19.11,17.19
2016-03-12 16:00:00,16.91,19.78,19.36,7.79,19.080000000000002,17.01,18.64,17.31
2016-03-12 17:00:00,17.64,20.56,20.2,8.59,19.97,17.5,19.16,18.11
2016-03-12 18:00:00,20.14,23.45,22.19,12.38,22.0,18.490000000000002,22.74,21.88
2016-03-12 19:00:00,21.75,24.62,23.91,15.22,24.23,16.82,25.96,23.72
2016-03-12 20:00:00,18.67,21.92,20.95,10.88,20.86,17.51,21.43,20.56
2016-03-12 21:00:00,16.86,20.51,19.18,6.63,18.96,17.830000000000002,19.04,18.13
2016-03-12 22:00:00,15.21,17.02,17.38,5.57,17.53,17.42,18.19,18.01
2016-03-12 23:00:00,14.1,16.1,16.09,4.28,16.23,16.52,17.1,17.37
2016-03-13 00:00:00,12.5,16.0,14.48,2.94,14.61,14.4,15.8,15.01
2016-03-13 01:00:00,11.3,14.69,12.89,2.69,13.0,12.84,13.69,14.37
2016-03-13 02:00:00,11.22,14.51,12.72,3.04,12.82,12.2,13.07,13.68
2016-03-13 03:00:00,10.65,13.74,12.0,3.28,12.11,11.4,12.24,12.51
2016-03-13 04:00:00,11.33,14.25,12.78,3.29,12.89,12.34,12.91,12.99
2016-03-13 05:00:00,12.84,15.62,14.49,3.16,14.63,13.75,14.56,14.03
2016-03-13 06:00:00,15.12,17.64,17.45,4.64,17.51,15.39,16.46,15.26
2016-03-13 07:00:00,16.15,18.150000000000002,18.48,6.59,18.57,16.26,17.240000000000002,16.17
2016-03-13 08:00:00,17.95,18.62,19.96,13.23,19.89,16.98,18.14,16.78
2016-03-13 09:00:00,18.54,18.81,20.52,13.8,20.49,17.59,18.98,16.73
2016-03-13 10:00:00,18.86,19.04,20.76,14.62,20.74,17.16,19.29,16.98
2016-03-13 11:00:00,19.01,19.2,20.83,15.16,20.81,17.56,19.62,17.12
2016-03-13 12:00:00,18.68,18.75,19.29,15.14,19.41,17.59,19.94,17.7
2016-03-13 13:00:00,18.68,18.98,20.35,14.58,20.14,17.45,20.240000000000002,17.91
2016-03-13 14:00:00,18.73,18.86,19.88,14.7,19.51,17.31,20.48,18.22
2016-03-13 15:00:00,19.16,19.11,20.12,15.7,19.73,17.44,20.72,20.0
2016-03-13 16:00:00,19.5,18.87,19.67,16.71,19.57,17.900000000000002,20.77,20.63
2016-03-13 17:00:00,21.1,20.43,21.63,18.26,21.6,19.18,22.06,21.6
2016-03-13 18:00:00,24.15,24.25,25.6,20.27,25.48,21.28,25.23,27.14
2016-03-13 19:00:00,27.2,25.59,27.57,24.25,29.57,23.5,28.6,30.07
2016-03-13 20:00:00,23.9,22.96,25.14,20.67,25.1,20.34,25.62,23.01
2016-03-13 21:00:00,20.26,20.330000000000002,21.46,18.02,21.2,18.47,21.13,18.09
2016-03-13 22:00:00,17.44,17.53,17.580000000000002,16.04,17.39,16.81,17.51,16.68
2016-03-13 23:00:00,16.68,16.39,16.97,16.91,16.7,15.55,16.48,15.77
2016-03-14 00:00:00,15.2,15.6,15.65,13.33,15.42,15.12,15.51,15.3
2016-03-14 01:00:00,14.94,15.32,15.21,13.76,15.08,14.68,14.98,15.02
2016-03-14 02:00:00,14.53,15.06,14.8,13.39,14.67,14.29,14.58,14.68
2016-03-14 03:00:00,14.85,15.59,15.18,13.78,15.05,14.39,14.7,14.73
2016-03-14 04:00:00,16.51,17.77,17.95,13.78,17.650000000000002,14.77,15.21,14.91
2016-03-14 05:00:00,19.82,19.22,23.2,16.51,22.82,16.6,17.94,16.57
2016-03-14 06:00:00,24.59,23.44,27.32,20.67,29.52,18.95,21.5,17.7
2016-03-14 07:00:00,24.28,23.87,26.44,22.72,26.23,20.05,22.91,19.6
2016-03-14 08:00:00,23.55,23.81,25.44,22.99,25.47,20.330000000000002,23.4,17.900000000000002
2016-03-14 09:00:00,23.33,23.72,25.49,21.17,25.89,20.79,22.94,17.88
2016-03-14 10:00:00,23.38,23.65,25.59,22.08,25.68,20.8,23.09,18.27
2016-03-14 11:00:00,23.0,23.6,25.23,19.63,25.53,21.14,23.59,19.62
2016-03-14 12:00:00,23.31,24.19,25.79,18.78,25.76,21.3,25.11,26.5
2016-03-14 13:00:00,23.43,24.19,25.66,18.41,25.53,19.17,29.75,33.17
2016-03-14 14:00:00,23.31,23.66,25.58,17.87,25.38,18.27,32.85,41.23
2016-03-14 15:00:00,23.33,23.34,25.55,17.32,25.11,18.2,34.94,45.79
2016-03-14 16:00:00,23.85,23.79,26.25,17.46,25.69,18.82,36.39,52.2
2016-03-14 17:00:00,23.67,24.25,25.75,17.04,25.42,18.740000000000002,35.18,49.35
2016-03-14 18:00:00,25.71,26.99,28.8,17.37,28.95,18.21,38.17,47.16
2016-03-14 19:00:00,28.08,30.13,32.2,18.41,33.17,18.47,42.66,54.77
2016-03-14 20:00:00,24.32,26.27,27.3,16.63,27.11,18.490000000000002,35.53,43.77
2016-03-14 21:00:00,20.17,23.65,23.16,13.54,23.18,19.72,26.87,29.33
2016-03-14 22:00:00,15.84,21.58,18.26,8.68,18.02,17.61,18.62,20.03
2016-03-14 23:00:00,14.04,19.69,17.43,5.69,17.38,16.41,17.34,17.53
2016-03-15 00:00:00,12.96,18.76,16.6,1.35,16.48,15.41,16.18,16.36
2016-03-15 01:00:00,12.14,18.25,15.51,1.35,15.45,14.74,15.42,15.55
2016-03-15 02:00:00,11.39,17.69,14.17,1.42,14.14,13.74,14.48,14.94
2016-03-15 03:00:00,11.96,18.2,15.91,1.35,15.77,13.88,14.61,14.68
2016-03-15 04:00:00,13.56,19.44,18.97,1.49,18.650000000000002,14.09,14.96,14.67
2016-03-15 05:00:00,17.57,22.17,25.72,4.75,25.19,16.23,16.93,16.47
2016-03-15 06:00:00,23.41,30.55,31.13,12.63,33.64,17.76,19.73,18.77
2016-03-15 07:00:00,23.25,30.21,29.79,15.91,31.58,18.92,20.95,20.39
2016-03-15 08:00:00,21.56,28.88,27.26,14.36,28.53,17.38,19.26,18.55
2016-03-15 09:00:00,21.57,27.71,27.16,14.24,29.01,18.54,21.35,20.79
2016-03-15 10:00:00,21.41,26.9,26.62,13.99,28.34,19.37,24.08,23.06
2016-03-15 11:00:00,20.99,26.41,26.32,11.97,28.66,21.26,26.01,27.34
2016-03-15 12:00:00,20.42,25.4,25.46,9.83,28.09,22.11,27.62,29.49
2016-03-15 13:00:00,20.400000000000002,24.89,24.81,8.02,27.56,21.95,36.07,35.61
2016-03-15 14:00:00,19.89,24.3,24.45,6.81,27.39,22.26,40.800000000000004,37.63
2016-03-15 15:00:00,20.04,24.76,24.26,5.96,28.28,22.67,43.25,42.08
2016-03-15 16:00:00,20.52,24.73,24.89,7.17,28.61,22.66,45.18,45.23
2016-03-15 17:00:00,20.47,24.83,24.14,7.57,28.11,23.28,39.1,46.29
2016-03-15 18:00:00,21.88,27.06,26.27,8.66,30.18,22.4,37.52,39.63
2016-03-15 19:00:00,25.3,30.23,31.35,11.18,35.76,26.86,43.07,42.44
2016-03-15 20:00:00,20.01,25.47,23.97,6.33,27.7,25.59,33.76,31.25
2016-03-15 21:00:00,16.55,22.48,21.1,4.04,24.02,22.16,25.97,19.09
2016-03-15 22:00:00,12.86,19.0,16.31,2.73,17.86,17.96,18.44,17.67
2016-03-15 23:00:00,11.65,17.13,16.13,2.49,17.29,16.27,16.7,16.54
2016-03-16 00:00:00,10.26,16.09,14.57,1.34,15.69,14.39,15.11,15.38
2016-03-16 01:00:00,8.82,15.04,12.31,0.79,13.51,13.92,14.44,14.9
2016-03-16 02:00:00,8.08,14.04,11.5,0.43,12.58,12.83,13.48,14.17
2016-03-16 03:00:00,8.47,14.94,12.39,0.06,13.82,12.93,13.53,14.05
2016-03-16 04:00:00,10.79,17.04,16.55,1.08,18.8,13.62,14.42,14.69
2016-03-16 05:00:00,14.68,21.64,22.37,1.87,27.31,15.59,16.14,15.77
2016-03-16 06:00:00,19.56,27.05,27.13,6.57,32.77,15.66,19.73,17.94
2016-03-16 07:00:00,19.53,26.4,24.81,8.120000000000001,30.32,17.29,20.52,17.63
2016-03-16 08:00:00,18.25,25.02,23.65,6.84,27.48,17.37,19.740000000000002,17.27
2016-03-16 09:00:00,18.17,24.7,23.39,5.7,27.1,18.13,20.400000000000002,18.16
2016-03-16 10:00:00,18.46,24.82,23.77,5.62,27.57,18.46,21.32,18.43
2016-03-16 11:00:00,18.18,23.81,23.36,5.4,26.56,18.6,22.34,18.990000000000002
2016-03-16 12:00:00,18.17,23.63,23.63,4.64,26.82,19.27,24.14,19.32
2016-03-16 13:00:00,18.150000000000002,23.45,22.8,4.29,26.49,19.67,27.78,20.13
2016-03-16 14:00:00,18.1,23.0,22.27,3.74,25.99,18.39,33.0,20.49
2016-03-16 15:00:00,18.56,23.15,22.02,4.28,26.06,18.26,44.74,21.61
2016-03-16 16:00:00,18.57,23.41,22.54,4.88,26.92,18.47,48.65,22.26
2016-03-16 17:00:00,18.92,23.69,22.9,5.36,27.4,20.3,45.35,30.02
2016-03-16 18:00:00,20.16,25.55,24.57,6.8,28.95,19.830000000000002,39.300000000000004,27.88
2016-03-16 19:00:00,24.13,29.34,28.68,10.69,33.67,24.11,49.67,33.54
2016-03-16 20:00:00,20.07,24.69,23.69,9.31,27.28,21.77,36.0,25.9
2016-03-16 21:00:00,16.18,21.27,19.78,7.0,22.1,17.84,21.1,20.47
2016-03-16 22:00:00,13.61,18.490000000000002,17.05,4.89,18.54,16.9,18.02,17.62
2016-03-16 23:00:00,11.93,16.990000000000002,15.21,3.64,16.39,15.32,16.41,16.56
2016-03-17 00:00:00,11.04,13.36,13.23,4.04,13.55,14.19,15.15,15.67
2016-03-17 01:00:00,9.93,11.88,11.82,4.25,12.3,13.21,13.95,14.9
2016-03-17 02:00:00,9.16,11.02,10.55,4.08,10.96,12.67,13.11,14.11
2016-03-17 03:00:00,9.8,11.45,11.7,4.15,12.11,13.01,13.58,14.31
2016-03-17 04:00:00,11.94,14.53,15.25,4.03,16.42,14.63,15.24,15.25
2016-03-17 05:00:00,16.57,20.13,22.18,6.94,25.79,16.56,17.23,16.1
2016-03-17 06:00:00,20.82,25.13,24.68,13.69,29.35,18.1,19.51,17.52
2016-03-17 07:00:00,20.53,24.75,22.54,15.49,26.48,17.97,19.77,17.52
2016-03-17 08:00:00,19.76,23.4,21.61,16.55,25.29,16.72,18.87,17.52
2016-03-17 09:00:00,19.51,23.41,21.77,15.97,25.89,16.63,19.44,17.45
2016-03-17 10:00:00,19.46,22.92,21.71,15.76,25.66,17.29,20.34,17.51
2016-03-17 11:00:00,18.86,22.71,21.34,14.61,25.15,17.45,20.400000000000002,18.14
2016-03-17 12:00:00,18.650000000000002,21.97,21.58,13.9,24.92,17.43,21.26,19.41
2016-03-17 13:00:00,18.41,21.73,21.2,13.16,24.52,17.68,21.46,19.78
2016-03-17 14:00:00,17.94,21.44,20.71,12.09,24.15,17.91,21.52,20.080000000000002
2016-03-17 15:00:00,18.17,21.57,20.65,11.74,23.99,18.46,26.18,20.29
2016-03-17 16:00:00,18.89,21.76,21.11,12.76,24.49,20.34,28.3,20.97
2016-03-17 17:00:00,20.080000000000002,22.44,21.96,15.95,25.41,20.38,26.0,22.82
2016-03-17 18:00:00,22.17,24.47,24.55,18.28,28.04,19.48,24.77,23.74
2016-03-17 19:00:00,26.88,29.21,28.97,23.07,32.32,24.08,33.0,28.12
2016-03-17 20:00:00,23.62,25.1,25.06,21.01,27.5,20.41,25.69,23.59
2016-03-17 21:00:00,20.02,20.78,21.04,18.64,22.26,17.59,20.48,19.35
2016-03-17 22:00:00,18.13,18.240000000000002,18.82,17.72,19.41,16.01,17.81,17.38
2016-03-17 23:00:00,17.35,17.72,18.93,17.05,18.62,15.2,16.63,16.48
2016-03-18 00:00:00,17.26,17.77,18.14,17.150000000000002,18.07,13.39,17.1,15.76
2016-03-18 01:00:00,16.79,17.27,17.68,16.66,17.580000000000002,13.18,16.740000000000002,15.46
2016-03-18 02:00:00,16.45,17.0,17.42,16.330000000000002,17.31,12.88,15.95,14.87
2016-03-18 03:00:00,16.7,17.55,18.05,16.240000000000002,18.02,12.79,15.85,14.52
2016-03-18 04:00:00,17.48,18.73,19.03,16.85,18.93,13.09,16.04,14.47
2016-03-18 05:00:00,21.72,22.97,25.11,21.81,26.47,15.29,17.64,15.58
2016-03-18 06:00:00,26.44,28.65,28.56,26.79,31.46,16.02,22.77,18.38
2016-03-18 07:00:00,26.0,28.78,28.48,26.41,30.11,15.44,22.71,18.75
2016-03-18 08:00:00,24.59,27.11,27.01,25.27,27.66,15.02,21.0,17.25
2016-03-18 09:00:00,24.54,26.95,26.45,24.25,27.33,15.29,23.01,18.8
2016-03-18 10:00:00,24.03,26.39,26.17,22.76,26.79,15.79,23.37,18.11
2016-03-18 11:00:00,23.43,25.84,25.37,22.22,25.99,15.3,23.22,18.580000000000002
2016-03-18 12:00:00,23.09,24.96,25.33,21.64,25.32,15.03,23.95,18.86
2016-03-18 13:00:00,22.55,23.79,24.33,20.77,24.42,14.75,25.43,20.52
2016-03-18 14:00:00,21.56,22.55,22.96,19.75,23.0,14.58,24.5,20.58
2016-03-18 15:00:00,20.99,22.13,22.58,18.490000000000002,22.53,14.55,24.41,20.44
2016-03-18 16:00:00,20.86,22.2,22.5,18.39,22.56,14.61,24.01,20.03
2016-03-18 17:00:00,20.86,22.32,22.52,18.39,22.5,14.83,23.39,20.12
2016-03-18 18:00:00,22.04,23.64,24.0,19.03,23.88,15.67,23.5,20.18
2016-03-18 19:00:00,25.37,26.8,27.56,23.42,27.44,16.09,27.74,22.66
2016-03-18 20:00:00,23.42,24.55,25.33,22.22,25.06,15.71,25.3,21.06
2016-03-18 21:00:00,20.89,21.78,22.38,20.09,22.08,15.01,22.53,19.48
2016-03-18 22:00:00,19.28,19.96,20.79,18.8,20.61,14.81,19.330000000000002,17.17
2016-03-18 23:00:00,18.27,18.900000000000002,19.88,17.89,19.28,13.9,17.88,16.34
2016-03-19 00:00:00,17.97,18.22,18.12,18.45,17.91,16.87,17.5,16.86
2016-03-19 01:00:00,17.27,17.400000000000002,17.28,17.85,17.11,16.22,17.11,16.47
2016-03-19 02:00:00,16.82,16.97,17.36,17.0,17.06,15.82,16.63,16.1
2016-03-19 03:00:00,16.88,16.91,17.27,17.03,16.990000000000002,16.05,16.7,16.330000000000002
2016-03-19 04:00:00,17.43,18.0,18.92,16.62,18.56,15.98,17.01,16.48
2016-03-19 05:00:00,18.54,20.11,19.67,17.77,19.45,16.86,17.62,16.91
2016-03-19 06:00:00,19.88,23.58,21.76,18.400000000000002,21.48,15.42,18.0,16.26
2016-03-19 07:00:00,21.16,25.23,23.86,18.98,23.59,17.2,19.23,17.54
2016-03-19 08:00:00,22.81,25.71,25.71,21.49,25.36,17.56,22.3,19.740000000000002
2016-03-19 09:00:00,23.61,26.44,26.21,22.37,25.75,18.0,23.86,20.84
2016-03-19 10:00:00,23.32,26.03,26.0,21.71,25.47,16.91,24.99,21.03
2016-03-19 11:00:00,22.05,24.11,24.02,21.03,23.54,15.9,23.43,20.31
2016-03-19 12:00:00,20.6,22.44,22.85,18.580000000000002,22.58,17.25,20.3,18.76
2016-03-19 13:00:00,19.56,21.32,21.62,18.3,21.34,15.58,20.41,18.11
2016-03-19 14:00:00,19.080000000000002,20.65,20.65,17.93,20.2,15.8,20.03,18.1
2016-03-19 15:00:00,18.75,20.5,20.91,17.54,20.26,16.490000000000002,19.77,18.39
2016-03-19 16:00:00,18.88,20.52,21.1,17.61,20.44,17.23,19.29,18.51
2016-03-19 17:00:00,19.55,21.29,22.0,18.12,21.3,17.93,19.95,19.09
2016-03-19 18:00:00,20.68,23.1,23.03,18.29,23.01,18.39,19.42,18.13
2016-03-19 19:00:00,23.28,26.0,25.78,20.92,25.98,19.03,23.25,21.01
2016-03-19 20:00:00,21.72,24.0,23.94,19.92,24.05,18.84,20.89,19.6
2016-03-19 21:00:00,19.7,21.27,21.49,18.14,21.57,18.38,19.11,18.1
2016-03-19 22:00:00,18.580000000000002,19.31,19.73,18.01,19.31,17.66,18.63,18.0
2016-03-19 23:00:00,17.900000000000002,18.45,19.29,17.59,18.71,16.79,18.07,17.56
2016-03-20 00:00:00,17.85,18.54,19.240000000000002,16.79,18.94,17.240000000000002,18.0,17.59
2016-03-20 01:00:00,17.55,18.07,18.53,16.830000000000002,18.240000000000002,17.26,17.84,17.76
2016-03-20 02:00:00,17.34,18.11,18.69,16.27,18.46,16.85,17.44,17.17
2016-03-20 03:00:00,17.43,18.1,18.740000000000002,16.32,18.52,16.86,17.490000000000002,17.22
2016-03-20 04:00:00,17.77,18.42,19.13,16.65,18.830000000000002,17.09,17.900000000000002,17.490000000000002
2016-03-20 05:00:00,18.91,19.88,20.5,17.94,20.07,17.78,18.76,18.16
2016-03-20 06:00:00,19.830000000000002,21.33,22.29,18.36,21.58,18.12,19.75,19.06
2016-03-20 07:00:00,20.51,22.22,22.48,18.87,22.01,18.55,21.83,21.03
2016-03-20 08:00:00,21.56,23.68,24.0,19.36,23.63,18.900000000000002,23.25,21.27
2016-03-20 09:00:00,22.21,24.24,24.37,20.98,23.95,19.06,23.46,21.36
2016-03-20 10:00:00,21.73,23.97,23.54,20.65,23.15,18.79,22.79,20.62
2016-03-20 11:00:00,20.65,22.54,21.25,20.65,21.03,18.67,21.45,19.6
2016-03-20 12:00:00,20.03,21.47,20.53,20.13,20.37,18.46,20.66,19.25
2016-03-20 13:00:00,19.34,20.65,20.150000000000002,19.1,20.0,18.13,19.77,18.55
2016-03-20 14:00:00,18.94,20.16,19.8,18.69,19.650000000000002,17.98,19.09,18.17
2016-03-20 15:00:00,18.96,20.06,19.55,18.47,19.330000000000002,18.05,19.1,18.31
2016-03-20 16:00:00,19.330000000000002,20.96,20.17,18.73,20.04,18.19,19.46,18.490000000000002
2016-03-20 17:00:00,20.37,22.25,22.15,19.31,21.85,18.54,20.06,18.41
2016-03-20 18:00:00,23.1,26.28,26.24,21.72,25.82,19.06,20.61,18.7
2016-03-20 19:00:00,27.6,31.09,31.18,26.2,31.31,23.07,27.54,24.6
2016-03-20 20:00:00,25.31,28.4,28.46,23.85,27.65,19.990000000000002,25.45,22.83
2016-03-20 21:00:00,22.07,23.67,24.04,20.8,23.24,18.990000000000002,22.84,20.86
2016-03-20 22:00:00,19.990000000000002,20.91,21.5,19.14,21.15,18.42,19.68,19.14
2016-03-20 23:00:00,18.8,19.21,20.27,17.68,19.87,17.68,19.14,19.05
2016-03-21 00:00:00,18.11,20.27,19.64,17.21,19.150000000000002,17.48,18.580000000000002,18.06
2016-03-21 01:00:00,17.86,19.85,19.09,16.73,18.900000000000002,17.3,18.71,18.64
2016-03-21 02:00:00,17.900000000000002,19.330000000000002,19.330000000000002,16.96,18.88,17.21,18.31,17.8
2016-03-21 03:00:00,18.07,20.26,19.68,17.13,19.16,17.38,18.45,17.91
2016-03-21 04:00:00,18.95,21.12,19.95,18.04,20.02,18.5,19.04,17.96
2016-03-21 05:00:00,25.23,27.11,27.2,22.67,29.82,19.900000000000002,28.01,23.79
2016-03-21 06:00:00,32.68,35.730000000000004,35.77,25.91,36.82,28.0,41.01,32.3
2016-03-21 07:00:00,30.92,34.34,32.96,26.84,33.21,33.72,38.21,31.11
2016-03-21 08:00:00,27.67,30.04,29.53,24.74,30.05,28.0,33.6,27.65
2016-03-21 09:00:00,26.25,28.95,28.08,23.98,28.27,18.18,31.35,25.76
2016-03-21 10:00:00,24.25,27.48,26.08,21.68,25.86,19.16,28.04,23.16
2016-03-21 11:00:00,21.96,25.55,23.89,19.150000000000002,23.87,19.48,24.59,21.83
2016-03-21 12:00:00,20.89,24.71,23.33,18.240000000000002,22.98,18.76,22.96,20.95
2016-03-21 13:00:00,19.85,23.45,22.22,18.14,21.87,18.39,21.19,19.19
2016-03-21 14:00:00,18.91,22.64,21.21,16.81,21.01,18.080000000000002,20.18,19.34
2016-03-21 15:00:00,18.51,22.6,20.56,16.2,20.58,18.11,19.900000000000002,19.25
2016-03-21 16:00:00,18.39,22.91,20.63,15.92,20.68,18.150000000000002,19.88,19.21
2016-03-21 17:00:00,19.04,23.56,21.67,16.43,21.36,18.29,20.84,19.650000000000002
2016-03-21 18:00:00,21.1,25.81,25.03,17.66,24.35,18.45,22.75,20.75
2016-03-21 19:00:00,25.25,30.23,29.71,20.62,28.87,19.69,30.71,25.64
2016-03-21 20:00:00,22.83,27.1,26.57,18.22,25.56,18.69,27.35,22.94
2016-03-21 21:00:00,19.09,23.12,22.57,15.36,21.66,18.28,21.33,19.51
2016-03-21 22:00:00,16.82,21.14,19.41,13.95,18.82,17.830000000000002,18.7,18.41
2016-03-21 23:00:00,14.59,19.16,17.48,10.26,16.94,17.830000000000002,17.88,17.97
2016-03-22 00:00:00,15.69,17.16,17.73,14.0,18.66,16.44,16.990000000000002,16.72
2016-03-22 01:00:00,15.15,16.41,17.89,12.66,18.35,16.35,17.07,16.77
2016-03-22 02:00:00,15.19,16.1,17.95,12.97,18.36,16.0,16.76,16.44
2016-03-22 03:00:00,15.98,17.09,18.11,14.37,18.84,16.38,16.94,16.26
2016-03-22 04:00:00,17.38,17.86,18.69,16.580000000000002,20.23,17.36,17.79,17.7
2016-03-22 05:00:00,22.62,23.56,28.12,20.12,32.29,19.990000000000002,23.63,21.98
2016-03-22 06:00:00,29.39,30.46,32.18,25.78,37.660000000000004,25.73,38.99,32.85
2016-03-22 07:00:00,26.93,27.98,27.94,24.6,31.77,19.580000000000002,34.49,27.08
2016-03-22 08:00:00,24.31,25.61,25.55,22.52,28.78,19.77,28.05,22.93
2016-03-22 09:00:00,23.06,24.6,24.68,22.17,27.31,19.39,23.01,20.83
2016-03-22 10:00:00,22.25,23.66,23.97,21.43,26.64,18.28,21.17,19.18
2016-03-22 11:00:00,21.15,22.36,22.76,20.45,25.38,18.71,19.54,18.3
2016-03-22 12:00:00,20.68,21.8,22.15,20.1,24.33,18.21,19.52,18.53
2016-03-22 13:00:00,19.89,21.0,21.23,19.32,23.43,18.12,18.89,18.740000000000002
2016-03-22 14:00:00,19.61,20.35,21.02,18.73,22.88,17.36,18.69,18.990000000000002
2016-03-22 15:00:00,19.3,20.16,20.62,18.64,23.03,17.38,18.68,18.85
2016-03-22 16:00:00,19.19,20.330000000000002,21.16,18.01,23.64,17.45,18.75,18.23
2016-03-22 17:00:00,19.19,20.48,21.22,17.43,23.4,17.48,18.94,18.490000000000002
2016-03-22 18:00:00,20.35,22.0,22.53,18.09,24.98,18.3,19.63,18.92
2016-03-22 19:00:00,22.83,25.47,24.93,18.53,27.76,19.25,25.37,21.26
2016-03-22 20:00:00,20.96,23.19,23.21,18.46,25.95,19.22,22.97,21.38
2016-03-22 21:00:00,17.25,20.31,20.39,13.68,22.38,17.37,18.68,18.22
2016-03-22 22:00:00,14.57,17.41,17.04,10.46,18.38,15.33,17.01,17.37
2016-03-22 23:00:00,12.95,15.85,16.01,8.69,16.78,13.95,15.32,16.01
2016-03-23 00:00:00,12.24,16.69,16.35,8.0,19.19,12.69,15.31,15.73
2016-03-23 01:00:00,10.64,15.1,13.99,5.83,16.77,12.13,13.98,14.7
2016-03-23 02:00:00,10.5,14.46,13.82,5.95,16.61,12.45,13.71,15.41
2016-03-23 03:00:00,10.56,14.55,14.3,5.89,17.61,12.64,13.43,14.59
2016-03-23 04:00:00,12.21,16.41,17.78,6.18,21.2,12.89,15.69,15.08
2016-03-23 05:00:00,17.51,21.69,26.51,11.75,32.82,13.35,18.66,17.0
2016-03-23 06:00:00,21.59,26.13,25.7,16.95,31.62,16.66,26.71,21.93
2016-03-23 07:00:00,20.74,24.05,22.73,18.1,28.19,16.76,24.3,20.32
2016-03-23 08:00:00,19.43,22.65,21.39,17.1,25.39,16.86,21.71,18.75
2016-03-23 09:00:00,19.21,22.38,21.34,17.41,24.57,16.19,21.21,18.44
2016-03-23 10:00:00,18.85,22.16,20.9,16.97,23.95,16.09,20.69,18.18
2016-03-23 11:00:00,18.52,21.83,20.67,16.18,23.77,15.35,20.88,18.41
2016-03-23 12:00:00,18.16,21.2,20.23,15.82,23.29,15.3,20.42,18.54
2016-03-23 13:00:00,17.96,20.96,20.01,15.35,23.06,14.99,21.32,18.77
2016-03-23 14:00:00,17.36,19.79,19.53,14.41,22.38,14.78,21.11,19.29
2016-03-23 15:00:00,17.16,19.7,19.37,13.73,21.81,14.57,21.83,19.86
2016-03-23 16:00:00,17.150000000000002,19.78,19.89,13.32,22.61,14.07,22.46,19.21
2016-03-23 17:00:00,17.61,20.21,20.34,14.35,22.88,15.37,21.64,19.44
2016-03-23 18:00:00,18.73,21.13,21.61,16.21,24.65,15.43,22.5,19.53
2016-03-23 19:00:00,21.31,24.23,23.67,18.5,27.13,17.14,26.4,22.85
2016-03-23 20:00:00,20.080000000000002,21.87,22.21,17.35,25.65,16.63,26.12,22.95
2016-03-23 21:00:00,17.09,18.92,19.19,14.46,21.63,14.09,21.28,18.44
2016-03-23 22:00:00,14.96,17.7,16.94,12.23,19.37,13.65,18.400000000000002,17.22
2016-03-23 23:00:00,13.23,16.59,15.85,10.19,18.150000000000002,13.05,16.12,16.98
2016-03-24 00:00:00,12.09,15.23,13.9,7.65,17.0,12.91,14.41,15.92
2016-03-24 01:00:00,10.88,13.99,12.62,6.31,15.71,11.82,13.17,14.9
2016-03-24 02:00:00,10.33,13.16,12.35,5.51,15.29,11.19,12.36,15.39
2016-03-24 03:00:00,10.76,13.72,13.05,6.06,16.02,11.35,12.77,13.99
2016-03-24 04:00:00,13.07,15.53,15.4,9.26,18.77,13.57,14.84,15.33
2016-03-24 05:00:00,18.42,21.63,22.86,15.63,28.05,16.0,17.76,16.92
2016-03-24 06:00:00,21.72,24.82,25.4,16.42,30.62,18.21,26.0,23.16
2016-03-24 07:00:00,20.7,24.25,22.96,17.62,27.12,18.55,22.07,19.580000000000002
2016-03-24 08:00:00,20.09,23.37,22.78,17.84,25.36,17.67,20.73,18.48
2016-03-24 09:00:00,20.23,23.42,22.89,17.27,25.54,17.52,22.52,18.93
2016-03-24 10:00:00,20.53,23.47,23.06,17.86,25.48,17.45,22.1,18.86
2016-03-24 11:00:00,20.37,23.09,22.8,17.56,25.18,17.13,22.17,18.85
2016-03-24 12:00:00,20.04,22.76,22.49,17.3,24.91,17.0,21.68,18.56
2016-03-24 13:00:00,19.62,22.08,22.18,16.81,24.34,16.27,20.91,19.09
2016-03-24 14:00:00,19.080000000000002,21.37,21.44,16.57,23.32,16.18,20.63,18.88
2016-03-24 15:00:00,19.150000000000002,21.4,21.53,16.66,23.25,16.76,20.94,19.01
2016-03-24 16:00:00,19.3,21.39,21.53,16.86,23.13,16.87,21.16,19.17
2016-03-24 17:00:00,19.89,21.83,22.16,17.830000000000002,23.48,17.18,21.06,19.400000000000002
2016-03-24 18:00:00,20.8,22.34,22.76,19.55,24.46,17.59,21.26,18.650000000000002
2016-03-24 19:00:00,24.71,26.21,27.11,23.56,28.71,18.71,25.1,20.75
2016-03-24 20:00:00,22.89,23.95,23.95,21.67,25.45,18.330000000000002,24.99,20.85
2016-03-24 21:00:00,20.09,20.57,21.33,19.88,22.06,17.1,20.42,19.02
2016-03-24 22:00:00,17.85,18.44,19.080000000000002,16.75,19.72,16.19,18.26,17.18
2016-03-24 23:00:00,17.0,17.75,18.31,15.91,18.84,16.490000000000002,17.19,17.26
2016-03-25 00:00:00,16.75,17.38,18.080000000000002,15.9,18.150000000000002,15.67,16.7,16.57
2016-03-25 01:00:00,16.34,17.18,17.5,15.52,17.53,14.83,16.34,16.45
2016-03-25 02:00:00,16.36,16.91,17.5,15.51,17.55,15.03,16.23,16.84
2016-03-25 03:00:00,16.48,17.23,17.69,15.5,17.78,15.21,16.31,16.66
2016-03-25 04:00:00,17.09,17.72,18.53,15.41,18.650000000000002,16.11,17.03,16.5
2016-03-25 05:00:00,20.51,22.19,23.01,16.98,23.62,17.240000000000002,19.13,18.48
2016-03-25 06:00:00,23.77,25.54,25.69,18.45,26.02,19.580000000000002,25.97,23.02
2016-03-25 07:00:00,24.29,25.49,25.91,22.77,25.84,20.17,25.35,23.39
2016-03-25 08:00:00,23.31,25.92,25.17,21.31,24.99,16.8,24.22,21.16
2016-03-25 09:00:00,22.81,25.81,25.08,20.59,24.85,17.32,23.81,21.08
2016-03-25 10:00:00,21.79,25.0,25.16,18.47,25.09,17.490000000000002,22.55,19.21
2016-03-25 11:00:00,20.65,23.61,23.9,17.41,23.58,14.7,21.54,19.400000000000002
2016-03-25 12:00:00,19.52,22.87,23.11,16.02,23.0,16.48,19.78,17.93
2016-03-25 13:00:00,18.81,22.81,22.58,14.46,22.5,16.2,19.41,18.52
2016-03-25 14:00:00,17.900000000000002,21.59,21.25,13.98,21.21,15.98,18.55,17.48
2016-03-25 15:00:00,17.400000000000002,21.13,20.73,13.34,20.75,15.68,18.17,17.39
2016-03-25 16:00:00,17.37,21.15,20.87,13.36,21.06,15.74,18.39,17.46
2016-03-25 17:00:00,17.29,21.24,20.97,13.11,21.17,16.13,17.88,17.43
2016-03-25 18:00:00,18.17,22.55,22.12,13.98,22.3,15.93,18.61,18.06
2016-03-25 19:00:00,20.3,24.29,24.92,15.79,24.59,18.18,20.89,19.85
2016-03-25 20:00:00,19.09,22.82,23.41,14.28,23.1,17.19,20.29,19.09
2016-03-25 21:00:00,16.85,21.45,20.73,11.07,21.28,15.8,17.87,17.38
2016-03-25 22:00:00,15.24,19.0,19.080000000000002,11.21,18.68,14.28,16.65,16.77
2016-03-25 23:00:00,14.15,18.41,17.990000000000002,9.870000000000001,18.03,12.93,15.48,15.87
2016-03-26 00:00:00,14.56,19.31,17.1,11.27,17.46,14.0,14.97,15.74
2016-03-26 01:00:00,14.32,18.77,17.330000000000002,11.13,17.42,13.05,14.07,15.42
2016-03-26 02:00:00,14.39,17.14,16.89,12.1,16.93,12.96,14.05,15.16
2016-03-26 03:00:00,14.84,17.47,17.0,13.11,17.080000000000002,13.15,14.2,15.18
2016-03-26 04:00:00,15.39,18.0,17.73,13.77,17.67,13.51,14.69,15.33
2016-03-26 05:00:00,16.6,19.0,18.56,15.48,18.32,14.23,15.35,16.17
2016-03-26 06:00:00,18.0,22.01,20.72,16.17,20.8,14.29,16.36,16.5
2016-03-26 07:00:00,19.64,23.57,22.21,17.84,22.32,15.5,17.37,16.53
2016-03-26 08:00:00,21.21,24.83,23.43,20.01,23.43,16.67,18.82,17.26
2016-03-26 09:00:00,21.82,25.13,24.36,21.12,23.84,16.68,19.09,17.62
2016-03-26 10:00:00,21.54,24.36,23.93,21.22,23.37,17.16,19.240000000000002,17.86
2016-03-26 11:00:00,20.58,22.75,22.74,20.400000000000002,22.18,16.92,18.87,17.61
2016-03-26 12:00:00,19.41,21.3,21.2,18.85,20.95,16.23,17.95,16.84
2016-03-26 13:00:00,18.71,20.21,19.95,18.39,19.79,15.26,17.54,16.82
2016-03-26 14:00:00,18.23,19.47,18.96,18.26,18.91,14.6,17.5,16.82
2016-03-26 15:00:00,18.19,19.46,18.95,18.26,18.900000000000002,14.24,17.92,17.14
2016-03-26 16:00:00,18.28,19.77,19.11,18.26,19.09,14.06,18.12,17.13
2016-03-26 17:00:00,18.66,20.51,19.59,18.2,19.57,14.52,18.81,17.51
2016-03-26 18:00:00,19.23,21.46,20.99,18.11,21.03,14.95,18.27,17.43
2016-03-26 19:00:00,21.51,24.5,23.76,19.59,23.89,17.23,20.54,18.97
2016-03-26 20:00:00,20.74,23.22,22.68,19.51,22.8,15.28,19.63,17.7
2016-03-26 21:00:00,18.740000000000002,20.73,20.82,18.28,20.28,13.87,17.68,17.150000000000002
2016-03-26 22:00:00,17.31,18.080000000000002,18.18,17.54,17.92,13.18,16.830000000000002,16.4
2016-03-26 23:00:00,16.04,16.63,16.45,16.3,16.61,13.02,15.84,16.16
2016-03-27 00:00:00,15.67,17.47,16.44,14.8,16.64,12.22,15.73,15.98
2016-03-27 01:00:00,15.05,16.990000000000002,16.29,13.81,16.23,11.84,15.18,15.4
2016-03-27 02:00:00,14.3,16.09,15.7,12.81,15.66,11.77,14.03,15.39
2016-03-27 03:00:00,14.23,16.740000000000002,15.82,12.34,15.79,11.72,14.15,15.23
2016-03-27 04:00:00,14.53,16.53,16.05,13.06,15.97,11.87,14.24,15.1
2016-03-27 05:00:00,15.64,18.400000000000002,17.37,14.26,17.26,12.53,14.71,15.49
2016-03-27 06:00:00,16.41,20.74,18.69,13.97,18.6,13.23,14.91,15.09
2016-03-27 07:00:00,17.31,20.9,18.86,16.11,18.79,13.61,15.57,15.67
2016-03-27 08:00:00,18.900000000000002,22.74,20.53,18.1,20.330000000000002,14.4,16.52,16.39
2016-03-27 09:00:00,19.34,23.01,21.09,18.36,20.85,14.21,17.23,16.67
2016-03-27 10:00:00,19.21,22.85,20.87,18.34,20.76,14.15,16.93,16.79
2016-03-27 11:00:00,18.84,22.45,20.47,18.13,20.36,13.4,16.52,16.62
2016-03-27 12:00:00,18.36,21.56,19.79,17.75,19.55,13.03,16.76,16.86
2016-03-27 13:00:00,17.85,20.35,19.09,17.37,19.02,13.11,16.79,16.55
2016-03-27 14:00:00,17.26,19.23,17.86,16.830000000000002,18.13,12.75,16.97,16.57
2016-03-27 15:00:00,17.330000000000002,19.18,17.94,16.69,18.3,12.62,17.17,16.740000000000002
2016-03-27 16:00:00,17.55,19.56,17.92,16.82,18.63,12.77,17.46,16.8
2016-03-27 17:00:00,18.54,20.44,19.650000000000002,17.580000000000002,19.78,12.88,18.52,17.23
2016-03-27 18:00:00,19.59,22.3,20.87,18.31,21.15,13.88,18.05,17.21
2016-03-27 19:00:00,24.02,27.13,26.03,22.7,25.55,16.080000000000002,23.5,20.96
2016-03-27 20:00:00,22.87,24.62,24.62,22.08,24.08,15.03,22.43,19.650000000000002
2016-03-27 21:00:00,19.63,21.36,20.79,19.27,20.61,13.31,18.98,17.16
2016-03-27 22:00:00,17.7,19.04,18.5,17.98,18.44,13.51,16.21,16.86
2016-03-27 23:00:00,16.85,17.35,16.9,17.740000000000002,17.18,12.91,15.44,16.76
2016-03-28 00:00:00,16.29,16.57,16.42,16.62,17.14,13.91,15.18,15.58
2016-03-28 01:00:00,15.85,15.9,16.14,16.28,16.68,13.57,14.76,15.14
2016-03-28 02:00:00,15.45,15.51,15.57,16.25,15.84,13.05,13.98,14.67
2016-03-28 03:00:00,15.9,16.43,16.63,16.44,17.01,13.09,14.18,14.51
2016-03-28 04:00:00,17.29,18.09,18.26,16.94,18.81,13.82,15.12,14.87
2016-03-28 05:00:00,21.37,23.87,23.22,18.150000000000002,29.61,16.02,17.89,17.35
2016-03-28 06:00:00,26.52,28.6,27.69,27.03,31.29,22.7,24.51,23.38
2016-03-28 07:00:00,25.24,28.61,26.15,26.08,29.24,20.330000000000002,22.15,24.0
2016-03-28 08:00:00,24.51,28.19,25.8,24.24,26.05,22.87,23.82,23.86
2016-03-28 09:00:00,24.2,28.14,25.51,23.65,25.68,21.98,23.56,23.3
2016-03-28 10:00:00,23.95,27.68,25.55,23.57,25.55,20.53,22.72,22.05
2016-03-28 11:00:00,23.03,26.61,24.86,22.45,24.94,19.42,21.66,20.66
2016-03-28 12:00:00,22.2,25.29,23.9,19.25,23.77,18.240000000000002,22.45,20.13
2016-03-28 13:00:00,21.62,24.79,23.09,18.63,23.01,17.27,23.2,21.16
2016-03-28 14:00:00,21.03,23.84,22.65,18.37,22.36,17.12,22.44,19.55
2016-03-28 15:00:00,20.76,23.76,22.31,18.240000000000002,22.11,16.61,22.73,19.66
2016-03-28 16:00:00,20.71,24.26,22.27,17.67,21.96,17.02,22.81,19.98
2016-03-28 17:00:00,20.82,24.37,22.38,17.47,22.07,17.01,22.84,19.97
2016-03-28 18:00:00,21.79,25.82,23.32,18.34,23.03,17.34,23.95,20.72
2016-03-28 19:00:00,25.59,30.62,27.79,20.01,30.14,18.47,29.39,25.55
2016-03-28 20:00:00,23.36,28.97,25.61,18.580000000000002,26.06,17.25,26.31,23.37
2016-03-28 21:00:00,18.98,25.04,21.41,15.92,21.39,16.73,19.75,18.5
2016-03-28 22:00:00,16.38,22.32,19.57,13.04,19.51,14.04,18.27,17.04
2016-03-28 23:00:00,14.9,20.96,19.0,10.3,18.56,13.41,16.75,16.37
2016-03-29 00:00:00,14.44,20.61,18.95,9.56,18.95,13.94,15.83,16.34
2016-03-29 01:00:00,13.78,19.78,18.6,8.620000000000001,18.53,13.52,15.24,15.96
2016-03-29 02:00:00,13.33,19.38,18.330000000000002,7.98,18.26,13.09,14.89,15.81
2016-03-29 03:00:00,13.73,19.79,18.62,8.49,18.55,13.64,15.22,15.81
2016-03-29 04:00:00,15.46,22.38,21.88,9.52,21.76,14.67,16.63,16.28
2016-03-29 05:00:00,20.31,28.25,27.68,14.66,30.11,17.34,20.61,20.61
2016-03-29 06:00:00,25.09,31.45,32.08,19.990000000000002,33.29,22.87,26.31,26.49
2016-03-29 07:00:00,24.67,30.8,29.65,21.84,30.02,23.4,25.58,25.9
2016-03-29 08:00:00,23.5,30.13,27.94,20.2,28.23,21.3,24.24,23.96
2016-03-29 09:00:00,22.79,29.21,27.32,19.01,27.41,21.06,23.78,23.59
2016-03-29 10:00:00,22.26,28.3,26.63,18.95,26.08,19.69,23.27,22.03
2016-03-29 11:00:00,20.93,27.44,24.83,17.14,24.65,18.43,22.59,20.73
2016-03-29 12:00:00,20.06,26.58,25.63,15.13,24.93,17.86,22.66,21.36
2016-03-29 13:00:00,19.400000000000002,25.37,24.08,14.38,23.92,16.98,22.75,21.29
2016-03-29 14:00:00,18.28,24.17,22.46,13.08,22.54,16.17,22.22,20.07
2016-03-29 15:00:00,17.97,24.05,22.07,12.67,22.25,16.22,22.1,20.26
2016-03-29 16:00:00,17.91,24.31,21.93,11.4,22.08,15.96,22.53,20.61
2016-03-29 17:00:00,18.13,24.39,22.12,12.57,22.18,17.01,21.68,20.34
2016-03-29 18:00:00,19.09,25.81,23.76,12.93,23.74,17.92,22.66,20.91
2016-03-29 19:00:00,23.78,30.59,30.29,17.240000000000002,30.93,20.93,28.68,26.12
2016-03-29 20:00:00,21.34,28.18,26.64,15.11,26.9,19.32,25.46,23.5
2016-03-29 21:00:00,17.54,23.81,22.59,11.69,22.73,17.01,20.59,19.64
2016-03-29 22:00:00,15.0,20.92,19.47,9.4,19.900000000000002,15.3,17.57,17.490000000000002
2016-03-29 23:00:00,13.53,19.37,18.02,7.84,18.490000000000002,14.37,16.17,16.6
2016-03-30 00:00:00,13.15,18.26,18.52,5.7,18.900000000000002,14.16,15.33,15.71
2016-03-30 01:00:00,12.44,17.62,17.91,4.51,18.6,13.56,14.67,15.4
2016-03-30 02:00:00,12.13,17.16,17.7,4.38,18.39,13.17,14.33,15.0
2016-03-30 03:00:00,12.48,17.55,17.94,4.74,18.69,13.45,14.68,15.16
2016-03-30 04:00:00,14.45,19.8,21.27,6.8,22.57,13.53,16.02,15.7
2016-03-30 05:00:00,18.73,27.72,26.54,11.03,30.3,16.05,18.56,17.38
2016-03-30 06:00:00,23.64,36.08,30.52,16.42,34.57,20.400000000000002,22.3,21.91
2016-03-30 07:00:00,22.65,33.81,26.22,18.23,28.27,20.06,21.27,20.0
2016-03-30 08:00:00,22.1,31.89,26.04,18.32,28.5,18.150000000000002,20.6,19.080000000000002
2016-03-30 09:00:00,22.47,30.84,26.27,19.55,27.82,18.22,21.44,20.57
2016-03-30 10:00:00,22.5,29.5,25.98,20.27,25.55,18.59,21.48,20.7
2016-03-30 11:00:00,21.67,27.37,24.43,19.38,24.39,18.740000000000002,21.48,21.2
2016-03-30 12:00:00,21.55,26.29,23.81,20.17,23.57,18.330000000000002,20.5,20.36
2016-03-30 13:00:00,21.55,25.69,23.56,20.02,23.27,18.8,21.69,21.69
2016-03-30 14:00:00,20.9,24.03,22.17,20.0,24.29,18.150000000000002,22.13,21.61
2016-03-30 15:00:00,20.52,23.39,22.25,18.240000000000002,24.32,18.32,22.87,22.8
2016-03-30 16:00:00,20.02,23.09,21.96,17.8,24.14,17.42,23.2,28.35
2016-03-30 17:00:00,19.94,22.79,20.93,18.22,23.24,18.490000000000002,22.31,25.74
2016-03-30 18:00:00,20.71,24.17,22.64,18.53,24.83,18.6,22.97,25.63
2016-03-30 19:00:00,24.15,28.7,25.55,22.21,27.94,20.45,28.03,32.01
2016-03-30 20:00:00,22.36,25.65,23.67,20.240000000000002,25.85,19.75,26.54,31.85
2016-03-30 21:00:00,19.21,22.38,20.96,17.21,22.76,17.19,21.14,23.55
2016-03-30 22:00:00,16.830000000000002,19.19,18.6,15.54,20.04,13.52,17.87,20.81
2016-03-30 23:00:00,15.69,17.78,17.45,14.73,18.67,12.8,16.28,19.09
2016-03-31 00:00:00,16.62,17.14,18.32,15.59,18.96,14.83,16.89,17.650000000000002
2016-03-31 01:00:00,15.9,16.32,17.35,15.1,18.18,14.01,16.12,17.54
2016-03-31 02:00:00,15.55,15.83,16.96,14.76,17.86,13.68,15.8,17.29
2016-03-31 03:00:00,15.82,16.19,17.35,15.05,18.26,13.74,15.82,16.97
2016-03-31 04:00:00,16.78,17.580000000000002,18.62,16.36,19.68,14.25,16.26,16.830000000000002
2016-03-31 05:00:00,20.34,23.62,22.43,19.990000000000002,25.11,17.0,18.93,18.55
2016-03-31 06:00:00,24.5,30.0,26.71,22.84,28.6,20.5,23.6,23.8
2016-03-31 07:00:00,23.39,27.92,25.01,22.68,26.75,19.72,22.74,23.06
2016-03-31 08:00:00,23.08,28.03,24.59,22.56,25.91,19.45,21.97,21.36
2016-03-31 09:00:00,23.16,27.55,25.46,21.57,26.59,19.330000000000002,24.0,22.29
2016-03-31 10:00:00,23.29,27.81,25.31,21.0,26.67,18.66,26.11,22.9
2016-03-31 11:00:00,23.12,26.9,24.57,21.32,25.6,18.05,26.71,23.18
2016-03-31 12:00:00,22.63,25.58,24.01,20.8,25.11,17.93,26.24,23.93
2016-03-31 13:00:00,22.61,25.5,24.3,19.44,25.57,17.04,29.15,26.68
2016-03-31 14:00:00,22.03,24.32,23.2,19.45,24.43,16.82,28.3,27.23
2016-03-31 15:00:00,22.03,23.98,22.96,19.650000000000002,24.07,16.04,29.06,28.91
2016-03-31 16:00:00,21.95,24.07,23.65,19.14,24.53,15.95,29.03,32.93
2016-03-31 17:00:00,21.9,23.88,23.29,19.8,24.27,16.81,27.72,28.0
2016-03-31 18:00:00,22.52,24.92,23.97,20.23,24.63,17.61,27.72,27.26
2016-03-31 19:00:00,26.81,30.31,28.11,22.1,28.85,17.330000000000002,37.0,36.59
2016-03-31 20:00:00,25.16,27.44,26.24,22.19,26.35,17.03,32.83,34.910000000000004
2016-03-31 21:00:00,20.84,22.48,21.39,18.740000000000002,21.53,17.650000000000002,22.15,20.11
2016-03-31 22:00:00,18.78,20.05,19.900000000000002,17.740000000000002,19.98,17.48,19.95,19.740000000000002
2016-03-31 23:00:00,17.17,18.66,18.26,14.23,18.240000000000002,16.53,18.19,17.51
2016-04-01 00:00:00,17.080000000000002,18.05,18.37,14.78,18.2,16.67,17.41,17.16
2016-04-01 01:00:00,15.85,17.03,17.080000000000002,12.15,17.28,15.77,16.71,16.72
2016-04-01 02:00:00,15.49,16.63,16.79,12.35,17.04,15.38,16.32,16.38
2016-04-01 03:00:00,15.41,17.22,17.36,12.35,18.1,15.33,16.14,16.2
2016-04-01 04:00:00,16.34,19.0,18.78,12.52,19.41,15.7,16.830000000000002,16.56
2016-04-01 05:00:00,20.11,26.39,24.27,16.02,25.37,17.5,19.32,18.11
2016-04-01 06:00:00,24.19,35.95,28.81,20.36,29.06,19.6,22.43,21.27
2016-04-01 07:00:00,23.54,33.11,27.44,21.01,26.4,19.38,21.8,20.400000000000002
2016-04-01 08:00:00,22.73,32.03,26.41,20.54,25.13,19.01,21.04,19.8
2016-04-01 09:00:00,22.62,32.05,26.44,19.81,26.15,19.68,22.05,20.96
2016-04-01 10:00:00,22.05,31.0,25.89,18.88,25.86,19.330000000000002,21.78,20.69
2016-04-01 11:00:00,21.24,29.43,24.71,18.240000000000002,25.06,19.13,21.35,20.56
2016-04-01 12:00:00,20.67,27.75,24.13,17.72,24.78,18.91,21.22,20.49
2016-04-01 13:00:00,19.77,24.34,22.82,16.78,23.57,18.95,20.83,20.240000000000002
2016-04-01 14:00:00,18.82,22.72,22.14,15.13,23.05,18.7,20.58,20.16
2016-04-01 15:00:00,18.23,21.96,20.73,14.9,21.47,19.78,20.3,19.240000000000002
2016-04-01 16:00:00,18.13,21.81,21.2,14.4,21.53,18.37,20.86,22.5
2016-04-01 17:00:00,18.650000000000002,21.26,21.58,15.8,22.86,17.79,20.39,21.06
2016-04-01 18:00:00,19.36,22.32,21.65,17.42,22.51,18.27,20.35,20.89
2016-04-01 19:00:00,21.89,25.44,24.16,19.57,24.97,19.6,22.54,23.22
2016-04-01 20:00:00,21.37,23.64,22.89,20.63,23.62,18.6,21.59,22.32
2016-04-01 21:00:00,19.05,20.55,20.64,18.400000000000002,20.74,17.8,19.61,20.14
2016-04-01 22:00:00,17.89,18.82,18.79,17.47,19.48,14.83,17.88,19.85
2016-04-01 23:00:00,16.52,18.37,17.330000000000002,15.47,18.23,14.58,17.38,18.54
2016-04-02 00:00:00,16.02,17.900000000000002,17.96,14.17,18.5,14.65,16.75,16.57
2016-04-02 01:00:00,14.07,17.39,17.1,9.5,18.06,13.58,16.26,15.92
2016-04-02 02:00:00,13.06,16.63,16.79,7.39,17.95,13.22,16.52,15.66
2016-04-02 03:00:00,12.64,16.34,16.45,6.49,17.94,13.66,16.53,15.62
2016-04-02 04:00:00,13.25,17.67,17.2,6.83,18.64,14.33,17.16,16.53
2016-04-02 05:00:00,15.15,20.14,19.55,8.24,21.72,15.97,18.71,17.400000000000002
2016-04-02 06:00:00,16.87,23.23,21.36,10.55,22.63,16.5,19.78,18.31
2016-04-02 07:00:00,18.31,24.24,21.3,14.64,22.47,18.86,20.41,19.89
2016-04-02 08:00:00,19.96,26.32,23.12,16.87,24.75,19.12,20.91,20.87
2016-04-02 09:00:00,20.13,26.68,23.1,17.06,25.3,19.26,21.01,20.150000000000002
2016-04-02 10:00:00,19.25,25.3,22.09,16.45,24.66,19.18,20.57,19.79
2016-04-02 11:00:00,17.990000000000002,23.5,20.58,15.15,23.05,18.8,19.67,19.21
2016-04-02 12:00:00,17.17,21.6,19.87,13.81,22.5,18.330000000000002,19.55,19.16
2016-04-02 13:00:00,16.37,19.95,19.23,13.16,21.53,16.87,18.41,18.490000000000002
2016-04-02 14:00:00,15.97,19.44,18.77,12.23,20.96,16.84,18.36,18.740000000000002
2016-04-02 15:00:00,16.21,19.490000000000002,18.71,12.58,20.98,16.98,18.400000000000002,18.650000000000002
2016-04-02 16:00:00,16.82,19.68,18.97,14.23,21.42,16.53,18.1,18.36
2016-04-02 17:00:00,18.2,20.06,19.82,16.93,21.97,16.5,18.16,18.2
2016-04-02 18:00:00,19.42,21.04,20.94,19.36,22.55,16.240000000000002,18.45,18.57
2016-04-02 19:00:00,23.13,25.83,24.07,23.45,26.81,18.39,20.41,20.06
2016-04-02 20:00:00,23.49,25.05,25.05,24.82,26.27,17.44,20.13,19.94
2016-04-02 21:00:00,20.81,21.08,21.82,20.98,23.16,16.16,18.41,18.27
2016-04-02 22:00:00,19.240000000000002,19.41,20.18,19.77,21.38,15.39,17.25,17.47
2016-04-02 23:00:00,17.92,18.150000000000002,18.94,17.990000000000002,19.740000000000002,14.17,16.2,16.79
2016-04-03 00:00:00,17.52,19.400000000000002,19.6,15.75,19.95,16.55,16.9,16.3
2016-04-03 01:00:00,16.38,19.150000000000002,18.81,13.98,18.84,16.05,16.82,16.61
2016-04-03 02:00:00,14.99,19.400000000000002,18.48,11.66,18.81,14.55,15.58,14.75
2016-04-03 03:00:00,14.44,19.68,18.62,9.91,18.75,14.96,15.92,15.06
2016-04-03 04:00:00,14.4,20.25,19.150000000000002,8.700000000000001,19.38,16.3,16.88,16.23
2016-04-03 05:00:00,14.96,21.93,20.47,8.44,20.99,16.75,17.97,17.29
2016-04-03 06:00:00,15.79,23.83,21.89,7.62,22.24,17.96,19.53,18.61
2016-04-03 07:00:00,17.05,25.86,23.6,8.36,24.72,18.1,20.11,18.95
2016-04-03 08:00:00,18.44,26.43,24.53,11.25,25.35,18.21,20.3,18.97
2016-04-03 09:00:00,18.73,25.9,24.42,11.99,25.21,18.17,20.44,19.18
2016-04-03 10:00:00,18.18,24.19,23.23,12.43,24.73,18.17,20.1,18.87
2016-04-03 11:00:00,17.55,23.23,22.12,12.33,24.05,17.72,19.38,18.330000000000002
2016-04-03 12:00:00,16.46,21.47,21.03,10.37,23.36,17.490000000000002,19.13,18.150000000000002
2016-04-03 13:00:00,15.75,20.51,19.91,10.27,21.91,17.13,18.66,18.44
2016-04-03 14:00:00,15.42,19.73,19.86,9.24,22.0,16.94,18.84,18.41
2016-04-03 15:00:00,15.51,20.25,20.27,9.0,22.32,16.97,18.97,18.47
2016-04-03 16:00:00,16.55,20.89,21.63,10.93,23.21,17.05,19.240000000000002,18.75
2016-04-03 17:00:00,18.0,21.47,21.56,14.75,23.54,17.78,19.38,19.23
2016-04-03 18:00:00,18.69,22.61,22.66,15.0,24.98,18.080000000000002,19.6,18.73
2016-04-03 19:00:00,22.33,26.0,26.79,18.37,29.89,20.25,22.6,21.2
2016-04-03 20:00:00,21.65,24.78,25.86,18.29,27.71,19.88,21.89,20.6
2016-04-03 21:00:00,19.12,21.28,21.89,16.42,23.84,18.46,19.75,18.56
2016-04-03 22:00:00,17.27,18.37,19.09,15.24,20.53,17.06,18.18,17.63
2016-04-03 23:00:00,16.43,17.46,18.47,14.34,19.7,15.78,17.01,16.85
2016-04-04 00:00:00,15.610000000000003,18.11,18.13,13.51,19.04,13.56,15.81,15.3
2016-04-04 01:00:00,15.6,18.19,17.72,13.79,18.740000000000002,13.13,14.88,15.14
2016-04-04 02:00:00,15.92,17.56,17.85,14.61,18.47,13.16,14.84,15.38
2016-04-04 03:00:00,16.42,17.76,18.21,15.65,18.85,13.08,14.67,14.97
2016-04-04 04:00:00,17.84,18.95,18.6,17.78,19.71,13.97,15.26,15.59
2016-04-04 05:00:00,23.19,25.48,27.24,22.04,29.21,16.09,18.36,18.16
2016-04-04 06:00:00,29.09,28.21,31.02,30.9,34.34,19.22,21.78,21.57
2016-04-04 07:00:00,27.96,27.78,29.02,30.46,31.96,17.580000000000002,20.82,20.330000000000002
2016-04-04 08:00:00,27.12,26.87,28.28,29.18,30.45,17.900000000000002,20.7,22.13
2016-04-04 09:00:00,27.39,27.07,28.44,29.51,30.54,19.34,20.65,22.5
2016-04-04 10:00:00,26.64,26.26,27.58,28.66,29.81,19.27,20.56,22.77
2016-04-04 11:00:00,25.85,25.56,27.17,27.21,29.26,18.7,20.27,23.38
2016-04-04 12:00:00,25.07,24.92,26.25,26.26,28.15,18.2,20.11,24.3
2016-04-04 13:00:00,24.56,24.25,25.37,26.03,26.82,18.19,20.76,26.0
2016-04-04 14:00:00,23.82,23.47,24.74,24.44,25.93,17.53,20.98,28.48
2016-04-04 15:00:00,23.23,23.17,24.7,22.63,25.27,17.6,21.49,30.85
2016-04-04 16:00:00,23.35,23.17,24.97,23.31,25.29,17.76,22.44,32.43
2016-04-04 17:00:00,23.3,23.33,25.8,23.01,25.57,17.43,21.71,25.63
2016-04-04 18:00:00,24.39,25.32,28.12,21.96,27.61,17.650000000000002,21.03,23.45
2016-04-04 19:00:00,29.29,30.59,33.61,25.5,33.85,21.05,24.47,26.68
2016-04-04 20:00:00,27.23,28.48,31.14,24.24,30.73,19.88,23.08,25.0
2016-04-04 21:00:00,22.78,25.09,25.72,20.78,24.72,19.18,19.990000000000002,19.39
2016-04-04 22:00:00,19.78,21.8,21.34,17.89,21.25,17.17,18.02,17.79
2016-04-04 23:00:00,18.37,20.45,20.34,15.64,19.89,14.84,16.84,17.39
2016-04-05 00:00:00,18.42,22.89,21.87,15.65,21.45,16.77,16.91,16.8
2016-04-05 01:00:00,17.68,22.51,21.22,14.32,20.9,16.79,16.36,16.05
2016-04-05 02:00:00,16.91,23.55,21.1,12.69,20.94,15.72,15.89,15.54
2016-04-05 03:00:00,16.23,23.99,21.47,10.81,21.1,15.2,16.03,15.57
2016-04-05 04:00:00,17.53,26.55,24.73,10.29,25.03,17.73,17.88,16.15
2016-04-05 05:00:00,23.1,34.53,34.89,14.8,36.27,17.61,20.67,18.61
2016-04-05 06:00:00,27.19,38.19,39.59,19.03,40.61,22.74,23.54,21.9
2016-04-05 07:00:00,25.27,35.050000000000004,34.54,18.21,37.18,21.51,21.61,20.240000000000002
2016-04-05 08:00:00,24.31,34.910000000000004,32.61,17.87,34.550000000000004,20.59,20.87,19.45
2016-04-05 09:00:00,23.96,35.13,32.83,16.830000000000002,34.46,21.0,21.37,20.27
2016-04-05 10:00:00,23.08,33.9,31.48,15.68,32.24,21.26,22.05,20.35
2016-04-05 11:00:00,22.42,32.99,29.4,15.65,31.1,21.04,21.76,20.14
2016-04-05 12:00:00,21.32,30.18,28.72,14.51,28.91,21.35,21.4,20.330000000000002
2016-04-05 13:00:00,20.58,26.82,27.14,13.42,26.66,21.54,22.17,21.77
2016-04-05 14:00:00,20.07,24.91,25.89,13.23,25.7,21.39,22.23,26.73
2016-04-05 15:00:00,19.92,24.05,24.71,12.95,24.9,21.28,25.32,31.77
2016-04-05 16:00:00,20.27,23.98,24.86,14.22,24.65,21.34,25.24,33.43
2016-04-05 17:00:00,20.61,23.18,24.71,15.55,25.31,21.64,23.77,30.11
2016-04-05 18:00:00,21.83,24.58,25.47,18.490000000000002,26.25,21.95,22.04,26.36
2016-04-05 19:00:00,26.92,28.84,32.27,22.64,33.99,25.54,27.74,31.49
2016-04-05 20:00:00,25.04,26.58,29.92,21.71,31.25,23.69,25.67,27.87
2016-04-05 21:00:00,20.97,21.88,23.83,19.73,24.97,21.23,21.15,20.49
2016-04-05 22:00:00,18.490000000000002,19.47,20.72,16.57,21.75,21.12,18.47,17.78
2016-04-05 23:00:00,17.05,17.78,19.2,14.41,20.73,18.240000000000002,17.17,16.6
2016-04-06 00:00:00,16.57,16.96,21.08,12.11,22.21,14.88,16.8,16.31
2016-04-06 01:00:00,15.87,16.54,20.75,10.74,21.84,14.04,16.16,15.75
2016-04-06 02:00:00,15.08,16.22,19.7,9.8,21.13,13.76,15.78,15.43
2016-04-06 03:00:00,14.87,16.57,19.72,9.51,22.04,13.95,15.9,15.33
2016-04-06 04:00:00,16.31,17.14,22.41,10.64,26.81,14.48,17.35,17.23
2016-04-06 05:00:00,21.86,21.01,35.53,14.77,42.78,16.46,20.02,17.53
2016-04-06 06:00:00,25.5,26.53,38.49,19.580000000000002,45.81,18.86,21.52,20.05
2016-04-06 07:00:00,23.4,24.69,32.160000000000004,18.490000000000002,36.95,19.53,20.69,19.18
2016-04-06 08:00:00,22.22,23.52,28.87,18.09,33.11,19.86,20.49,19.19
2016-04-06 09:00:00,21.56,23.1,27.97,16.72,32.06,19.37,20.400000000000002,19.54
2016-04-06 10:00:00,20.97,23.09,26.81,16.31,30.21,20.19,20.39,19.48
2016-04-06 11:00:00,20.41,22.96,26.55,14.97,29.71,20.9,20.38,19.45
2016-04-06 12:00:00,19.78,22.54,25.55,14.07,29.02,20.41,20.080000000000002,19.09
2016-04-06 13:00:00,19.64,22.12,25.5,14.19,28.06,19.48,20.56,20.240000000000002
2016-04-06 14:00:00,18.95,21.48,24.87,13.01,26.99,19.740000000000002,20.91,20.37
2016-04-06 15:00:00,18.7,21.71,24.35,12.51,26.27,20.87,20.96,20.18
2016-04-06 16:00:00,18.87,22.0,23.96,12.92,26.11,19.93,21.41,21.3
2016-04-06 17:00:00,19.19,22.05,24.1,14.0,26.0,20.37,21.16,20.35
2016-04-06 18:00:00,20.240000000000002,22.54,25.01,15.89,27.07,20.5,21.23,20.44
2016-04-06 19:00:00,24.1,25.85,30.26,19.900000000000002,32.82,23.01,24.47,23.78
2016-04-06 20:00:00,23.16,24.27,27.06,20.6,28.8,21.61,23.32,23.12
2016-04-06 21:00:00,20.47,20.97,22.36,19.330000000000002,23.54,19.37,20.18,20.0
2016-04-06 22:00:00,18.48,18.57,19.400000000000002,18.55,20.3,17.55,17.52,17.22
2016-04-06 23:00:00,17.330000000000002,17.35,18.5,16.990000000000002,19.44,15.07,16.18,16.36
2016-04-07 00:00:00,17.14,17.42,18.75,16.830000000000002,19.5,14.32,15.2,16.31
2016-04-07 01:00:00,16.51,16.8,17.85,16.14,19.080000000000002,13.61,14.84,15.69
2016-04-07 02:00:00,15.99,15.81,17.79,15.19,19.11,12.44,14.43,15.27
2016-04-07 03:00:00,16.12,16.42,18.21,15.3,19.54,12.54,14.31,15.43
2016-04-07 04:00:00,17.32,18.41,19.78,16.34,22.03,13.78,15.57,15.31
2016-04-07 05:00:00,22.36,22.11,29.65,20.51,35.0,16.830000000000002,19.0,18.27
2016-04-07 06:00:00,26.47,26.84,33.1,25.49,38.83,20.75,22.75,22.8
2016-04-07 07:00:00,24.37,24.62,29.92,23.86,35.01,19.96,21.15,20.02
2016-04-07 08:00:00,23.15,23.66,28.27,22.7,33.08,19.56,20.98,19.42
2016-04-07 09:00:00,22.5,24.23,28.0,20.9,32.45,19.54,20.56,18.86
2016-04-07 10:00:00,21.46,23.83,27.41,19.150000000000002,32.04,19.36,20.48,18.580000000000002
2016-04-07 11:00:00,20.93,23.47,27.0,18.84,31.38,18.8,20.45,18.62
2016-04-07 12:00:00,20.34,23.13,26.52,18.0,30.62,18.69,20.36,18.45
2016-04-07 13:00:00,19.69,22.67,25.49,17.72,29.18,18.95,20.5,18.740000000000002
2016-04-07 14:00:00,19.01,21.69,24.52,17.11,27.57,19.0,21.21,19.94
2016-04-07 15:00:00,18.95,21.6,23.96,16.75,26.82,18.85,22.78,24.35
2016-04-07 16:00:00,19.150000000000002,22.0,23.13,16.79,26.25,18.94,25.25,29.53
2016-04-07 17:00:00,19.04,22.08,22.74,17.51,25.41,19.5,23.29,24.5
2016-04-07 18:00:00,19.400000000000002,23.28,24.16,16.52,26.24,19.56,21.73,20.66
2016-04-07 19:00:00,23.74,26.61,31.26,18.89,33.94,23.32,26.94,25.54
2016-04-07 20:00:00,22.36,24.86,27.83,18.47,29.29,21.3,24.67,23.65
2016-04-07 21:00:00,19.830000000000002,22.26,23.32,17.0,24.09,19.5,20.58,19.87
2016-04-07 22:00:00,17.72,20.59,20.63,15.37,21.15,16.51,18.03,16.91
2016-04-07 23:00:00,16.22,19.68,19.31,13.37,19.37,14.37,16.65,16.55
2016-04-08 00:00:00,17.01,20.0,20.18,14.26,19.81,14.38,16.37,16.34
2016-04-08 01:00:00,16.82,19.82,20.16,14.5,19.52,13.99,16.21,15.71
2016-04-08 02:00:00,16.61,19.06,20.14,14.81,19.42,13.42,15.23,14.27
2016-04-08 03:00:00,16.830000000000002,18.830000000000002,20.69,14.77,20.34,13.6,15.75,15.31
2016-04-08 04:00:00,17.88,19.25,23.3,15.23,24.84,14.68,16.7,15.92
2016-04-08 05:00:00,22.81,24.89,33.88,18.8,40.22,16.76,18.51,17.04
2016-04-08 06:00:00,27.15,29.62,37.57,23.61,43.74,19.900000000000002,22.8,22.07
2016-04-08 07:00:00,25.42,26.99,33.8,22.41,39.68,19.94,22.01,21.15
2016-04-08 08:00:00,24.12,25.63,32.43,21.15,36.17,19.47,21.17,20.02
2016-04-08 09:00:00,23.74,25.16,32.9,19.93,36.5,19.69,21.75,20.45
2016-04-08 10:00:00,22.28,24.5,30.8,17.78,35.49,19.71,21.33,19.79
2016-04-08 11:00:00,21.17,23.81,30.8,16.79,33.45,19.6,20.89,19.45
2016-04-08 12:00:00,20.29,23.62,28.52,16.22,33.27,19.37,20.67,19.64
2016-04-08 13:00:00,19.830000000000002,23.01,28.59,14.69,33.38,19.09,20.59,20.25
2016-04-08 14:00:00,19.16,21.83,27.02,14.43,31.01,19.14,21.24,21.0
2016-04-08 15:00:00,18.64,21.26,25.47,13.56,31.55,19.01,21.29,21.56
2016-04-08 16:00:00,18.82,21.32,26.6,12.5,30.69,19.57,21.2,21.4
2016-04-08 17:00:00,18.830000000000002,20.87,24.08,13.93,29.46,19.1,21.63,22.53
2016-04-08 18:00:00,19.62,21.22,24.51,16.04,29.97,18.42,20.8,20.81
2016-04-08 19:00:00,23.29,23.71,30.33,20.36,34.96,19.91,22.29,22.06
2016-04-08 20:00:00,22.69,23.02,27.11,21.21,31.78,19.5,21.5,20.98
2016-04-08 21:00:00,20.51,20.93,22.69,19.740000000000002,27.37,18.79,19.75,19.12
2016-04-08 22:00:00,19.25,18.87,21.16,19.45,24.42,16.52,18.1,18.01
2016-04-08 23:00:00,18.81,18.31,21.5,18.12,22.23,15.45,16.8,17.57
2016-04-09 00:00:00,19.38,19.330000000000002,22.51,18.45,23.97,15.48,17.78,16.87
2016-04-09 01:00:00,19.03,18.740000000000002,22.17,18.12,23.96,14.75,16.080000000000002,16.04
2016-04-09 02:00:00,18.87,18.76,21.51,18.1,23.97,14.15,16.080000000000002,15.65
2016-04-09 03:00:00,18.96,18.45,21.72,18.31,24.48,14.44,16.07,15.67
2016-04-09 04:00:00,19.42,19.38,22.41,18.48,25.35,14.8,16.59,15.75
2016-04-09 05:00:00,21.34,20.03,24.96,20.77,31.37,16.23,17.8,17.03
2016-04-09 06:00:00,22.88,22.8,25.6,20.97,32.55,18.96,18.42,17.28
2016-04-09 07:00:00,24.8,24.37,27.0,25.5,38.660000000000004,18.44,18.63,18.23
2016-04-09 08:00:00,25.96,24.83,29.5,24.54,38.7,19.38,19.67,18.68
2016-04-09 09:00:00,25.44,25.2,29.43,22.95,38.51,19.51,20.2,19.51
2016-04-09 10:00:00,24.1,24.91,27.07,20.85,33.87,19.55,20.55,19.71
2016-04-09 11:00:00,22.11,24.05,26.42,18.09,31.0,19.14,20.150000000000002,19.330000000000002
2016-04-09 12:00:00,20.82,22.77,24.04,17.81,27.94,19.14,20.22,19.29
2016-04-09 13:00:00,19.67,21.76,23.04,15.860000000000003,27.23,18.47,20.51,19.1
2016-04-09 14:00:00,18.990000000000002,22.1,22.41,14.49,26.85,18.63,20.29,18.96
2016-04-09 15:00:00,17.97,22.27,22.52,11.78,26.2,18.490000000000002,20.59,19.71
2016-04-09 16:00:00,17.6,23.94,22.97,11.08,27.68,18.34,20.44,19.080000000000002
2016-04-09 17:00:00,17.900000000000002,24.91,23.86,10.87,26.91,18.84,20.67,19.3
2016-04-09 18:00:00,18.18,25.92,24.51,10.64,27.95,18.5,20.93,19.34
2016-04-09 19:00:00,21.25,30.15,29.68,12.88,34.300000000000004,20.32,22.36,19.89
2016-04-09 20:00:00,20.42,27.45,27.46,12.89,31.78,19.18,22.33,20.7
2016-04-09 21:00:00,17.78,24.94,24.29,9.5,27.64,18.55,21.01,18.62
2016-04-09 22:00:00,15.98,23.56,22.08,8.290000000000001,24.34,15.12,18.830000000000002,18.32
2016-04-09 23:00:00,15.19,22.58,21.94,7.83,23.89,13.88,17.46,18.11
2016-04-10 00:00:00,15.71,24.8,26.61,4.54,35.0,13.24,17.830000000000002,15.65
2016-04-10 01:00:00,14.28,23.06,24.65,3.04,32.79,12.69,16.84,14.72
2016-04-10 02:00:00,14.02,22.36,23.84,3.45,32.35,11.35,15.69,13.56
2016-04-10 03:00:00,14.35,22.43,24.18,4.48,33.1,11.36,15.77,13.7
2016-04-10 04:00:00,15.17,23.13,25.37,5.48,35.11,12.74,17.03,14.96
2016-04-10 05:00:00,16.85,23.64,29.93,7.46,39.77,13.68,17.490000000000002,16.05
2016-04-10 06:00:00,17.77,22.91,28.8,9.08,41.71,15.54,18.47,16.93
2016-04-10 07:00:00,20.53,23.72,31.8,13.75,45.48,16.57,18.46,18.27
2016-04-10 08:00:00,21.11,23.81,30.69,15.66,44.23,17.7,19.63,18.88
2016-04-10 09:00:00,22.23,25.66,30.75,16.71,46.24,18.32,20.23,19.3
2016-04-10 10:00:00,21.41,23.25,28.18,17.51,42.35,18.88,20.63,19.490000000000002
2016-04-10 11:00:00,20.42,22.02,25.47,16.76,38.95,18.740000000000002,20.26,19.86
2016-04-10 12:00:00,19.81,20.58,23.44,16.54,36.4,19.080000000000002,20.79,20.77
2016-04-10 13:00:00,19.5,19.96,24.0,15.57,36.38,19.48,22.13,21.49
2016-04-10 14:00:00,19.29,20.1,23.83,15.0,35.69,19.89,22.33,21.67
2016-04-10 15:00:00,19.32,20.86,24.1,14.66,35.53,19.66,21.35,21.05
2016-04-10 16:00:00,19.35,21.42,24.64,14.64,35.81,19.91,22.32,21.04
2016-04-10 17:00:00,20.21,21.65,25.22,16.85,35.17,20.57,22.34,21.95
2016-04-10 18:00:00,21.93,23.57,27.49,17.86,37.67,22.32,24.63,24.17
2016-04-10 19:00:00,26.8,27.77,33.86,22.12,46.33,27.63,29.7,28.49
2016-04-10 20:00:00,25.28,26.77,30.31,21.5,40.74,25.92,27.94,26.95
2016-04-10 21:00:00,21.04,21.82,24.26,19.39,32.410000000000004,20.8,22.38,21.58
2016-04-10 22:00:00,19.25,21.02,22.64,17.34,29.55,18.05,19.72,19.11
2016-04-10 23:00:00,18.68,20.45,21.48,16.96,28.31,17.67,18.36,18.57
2016-04-11 00:00:00,17.62,20.31,21.49,14.88,25.0,15.07,16.5,16.830000000000002
2016-04-11 01:00:00,16.69,19.75,20.77,13.74,23.17,14.73,15.5,15.46
2016-04-11 02:00:00,16.490000000000002,19.53,20.65,13.65,23.19,14.21,14.86,14.66
2016-04-11 03:00:00,16.95,19.96,21.53,14.14,24.47,14.23,14.89,14.68
2016-04-11 04:00:00,18.56,20.240000000000002,22.8,17.01,27.62,15.14,15.23,15.55
2016-04-11 05:00:00,23.6,26.95,33.410000000000004,20.81,44.48,18.8,18.07,17.07
2016-04-11 06:00:00,29.16,32.03,38.550000000000004,27.4,49.51,23.0,22.5,20.92
2016-04-11 07:00:00,27.75,32.17,35.980000000000004,26.34,45.61,21.58,21.12,20.42
2016-04-11 08:00:00,26.29,31.83,33.87,24.02,43.07,21.13,21.66,19.990000000000002
2016-04-11 09:00:00,25.89,34.0,33.43,23.13,42.94,21.26,21.78,20.150000000000002
2016-04-11 10:00:00,24.93,34.52,33.35,20.0,42.34,21.57,22.49,20.93
2016-04-11 11:00:00,23.24,30.83,30.74,18.31,38.0,21.5,22.35,20.93
2016-04-11 12:00:00,22.53,28.68,28.5,18.17,35.45,21.52,22.91,22.19
2016-04-11 13:00:00,22.05,27.05,27.47,18.04,34.28,21.84,23.19,22.49
2016-04-11 14:00:00,21.77,26.06,26.84,17.61,33.37,22.68,24.0,23.32
2016-04-11 15:00:00,21.73,26.14,27.01,17.75,33.75,22.94,24.7,24.37
2016-04-11 16:00:00,21.89,26.16,28.03,18.22,34.82,22.95,23.88,23.48
2016-04-11 17:00:00,22.32,27.1,28.35,19.26,35.62,23.22,23.7,22.94
2016-04-11 18:00:00,23.48,28.6,29.34,19.0,38.1,24.04,25.93,25.53
2016-04-11 19:00:00,28.91,34.72,34.84,24.21,46.37,29.91,31.55,30.58
2016-04-11 20:00:00,28.19,32.79,32.95,24.54,43.34,28.8,30.38,29.45
2016-04-11 21:00:00,22.89,24.67,26.95,21.1,33.49,21.64,23.41,22.78
2016-04-11 22:00:00,20.8,24.88,23.57,19.47,29.24,19.56,19.76,19.36
2016-04-11 23:00:00,20.03,21.62,23.65,18.07,28.65,18.35,18.830000000000002,18.14
2016-04-12 00:00:00,19.45,21.22,23.72,17.88,25.29,16.87,16.29,17.07
2016-04-12 01:00:00,18.8,19.38,22.88,17.61,23.95,16.39,16.09,16.1
2016-04-12 02:00:00,18.0,18.81,22.34,16.57,23.85,14.68,15.2,15.14
2016-04-12 03:00:00,18.39,19.31,22.45,17.080000000000002,24.59,15.1,15.24,14.7
2016-04-12 04:00:00,20.1,21.25,25.03,17.92,29.39,17.45,15.51,15.37
2016-04-12 05:00:00,26.73,28.91,34.25,22.61,46.13,19.26,17.63,17.64
2016-04-12 06:00:00,32.15,32.69,39.78,32.660000000000004,50.27,22.03,20.61,19.5
2016-04-12 07:00:00,31.68,30.74,37.19,34.11,48.66,21.14,20.26,19.04
2016-04-12 08:00:00,29.3,29.03,34.64,27.47,43.59,20.79,19.75,18.63
2016-04-12 09:00:00,28.4,29.49,34.32,25.34,43.22,20.2,19.490000000000002,18.39
2016-04-12 10:00:00,27.33,29.69,34.02,22.23,43.08,20.36,20.06,18.88
2016-04-12 11:00:00,25.25,28.25,31.66,18.55,39.72,20.34,20.46,19.39
2016-04-12 12:00:00,23.82,27.54,29.01,18.82,32.54,20.36,20.64,19.75
2016-04-12 13:00:00,23.34,27.0,28.74,18.47,30.93,20.2,21.53,20.400000000000002
2016-04-12 14:00:00,22.41,26.3,26.96,18.16,29.32,21.18,22.43,21.48
2016-04-12 15:00:00,21.97,26.24,26.96,17.36,30.03,21.57,23.91,23.47
2016-04-12 16:00:00,21.7,26.23,26.71,16.95,30.15,22.22,24.14,23.2
2016-04-12 17:00:00,21.54,26.56,26.82,16.830000000000002,30.6,21.32,23.27,22.28
2016-04-12 18:00:00,22.2,27.9,28.38,16.55,33.07,21.74,23.56,22.36
2016-04-12 19:00:00,26.82,34.76,34.78,18.23,39.85,27.34,29.88,28.29
2016-04-12 20:00:00,25.08,32.51,32.06,17.43,36.71,25.9,28.64,27.05
2016-04-12 21:00:00,19.39,27.42,25.31,13.02,29.21,19.990000000000002,20.69,19.96
2016-04-12 22:00:00,16.61,28.04,22.15,9.11,25.41,17.91,18.28,18.23
2016-04-12 23:00:00,15.69,28.07,22.22,7.32,23.89,15.92,16.57,16.57
2016-04-13 00:00:00,15.22,26.97,20.93,6.82,21.94,17.12,17.48,17.0
2016-04-13 01:00:00,14.81,26.32,21.09,5.71,21.56,16.78,17.11,16.65
2016-04-13 02:00:00,14.47,26.73,21.08,5.29,21.55,16.46,16.59,16.16
2016-04-13 03:00:00,15.06,26.48,21.63,6.73,22.35,16.07,16.4,15.9
2016-04-13 04:00:00,16.580000000000002,27.74,23.76,7.72,25.27,17.67,16.46,16.56
2016-04-13 05:00:00,23.17,32.65,34.96,15.77,38.9,20.47,18.77,18.2
2016-04-13 06:00:00,28.97,34.35,37.84,24.57,40.78,27.11,24.2,23.86
2016-04-13 07:00:00,27.61,30.61,32.29,26.49,37.4,24.52,21.13,20.32
2016-04-13 08:00:00,26.6,28.52,30.29,26.66,34.2,23.67,20.53,19.59
2016-04-13 09:00:00,26.53,28.64,30.78,25.85,33.46,22.6,21.1,19.82
2016-04-13 10:00:00,26.23,28.01,29.19,25.49,32.09,23.3,22.02,21.23
2016-04-13 11:00:00,24.9,26.7,27.55,23.95,30.02,22.73,22.25,21.51
2016-04-13 12:00:00,24.13,25.86,26.48,23.47,28.66,22.21,21.83,21.18
2016-04-13 13:00:00,24.09,24.66,26.45,23.56,28.0,21.89,21.87,22.1
2016-04-13 14:00:00,22.46,23.65,24.58,21.32,26.17,21.2,21.16,20.85
2016-04-13 15:00:00,21.89,23.5,23.75,20.41,25.45,20.86,21.52,20.85
2016-04-13 16:00:00,22.06,23.43,23.88,20.59,25.51,21.0,21.88,21.19
2016-04-13 17:00:00,21.84,22.94,23.21,20.13,24.6,21.14,21.81,21.16
2016-04-13 18:00:00,22.48,23.5,24.4,20.69,26.17,21.33,21.82,21.17
2016-04-13 19:00:00,26.53,27.87,29.48,23.56,31.71,26.62,26.07,25.2
2016-04-13 20:00:00,24.91,27.36,28.11,21.57,29.09,24.55,25.55,24.46
2016-04-13 21:00:00,19.71,23.82,23.3,15.8,24.1,20.26,20.73,20.28
2016-04-13 22:00:00,17.150000000000002,25.38,20.58,11.98,22.35,18.26,18.89,18.740000000000002
2016-04-13 23:00:00,14.98,23.79,19.26,7.55,20.55,17.03,17.650000000000002,17.7
2016-04-14 00:00:00,13.23,28.09,21.43,4.15,20.99,15.8,16.54,16.98
2016-04-14 01:00:00,12.94,27.44,21.66,3.88,20.57,15.4,15.52,16.47
2016-04-14 02:00:00,12.62,26.97,21.33,3.96,20.11,14.52,14.69,15.93
2016-04-14 03:00:00,12.96,27.23,21.22,4.37,20.73,14.99,14.75,15.77
2016-04-14 04:00:00,14.7,28.1,24.19,5.47,25.08,16.89,15.83,16.73
2016-04-14 05:00:00,21.65,35.11,35.26,13.26,39.62,21.6,18.77,19.17
2016-04-14 06:00:00,25.35,32.82,36.27,17.97,40.86,26.29,23.58,23.71
2016-04-14 07:00:00,25.02,30.04,32.92,21.22,36.52,24.36,21.58,21.37
2016-04-14 08:00:00,23.95,27.67,29.95,21.61,32.76,22.94,20.65,20.35
2016-04-14 09:00:00,23.69,28.03,29.71,20.73,31.77,22.42,21.46,20.97
2016-04-14 10:00:00,22.84,27.59,27.46,19.72,29.93,22.51,22.0,21.5
2016-04-14 11:00:00,22.11,26.74,26.99,17.66,29.15,22.4,22.09,21.57
2016-04-14 12:00:00,21.7,25.82,25.76,17.96,28.65,22.51,22.82,22.15
2016-04-14 13:00:00,21.13,25.44,24.77,17.77,26.96,21.83,22.47,22.46
2016-04-14 14:00:00,20.43,25.11,24.1,16.19,26.49,21.64,23.08,23.09
2016-04-14 15:00:00,19.84,25.82,23.38,15.3,25.2,21.45,22.64,22.1
2016-04-14 16:00:00,19.69,25.9,23.44,15.66,24.94,21.2,21.69,22.16
2016-04-14 17:00:00,19.14,24.73,22.62,14.8,24.51,21.18,21.12,20.89
2016-04-14 18:00:00,19.73,25.43,23.19,14.74,25.59,21.33,22.66,22.06
2016-04-14 19:00:00,23.0,28.58,26.87,16.64,31.470000000000006,25.63,26.36,25.47
2016-04-14 20:00:00,22.23,28.82,26.99,15.36,30.15,24.35,25.4,25.02
2016-04-14 21:00:00,18.13,25.65,23.36,12.16,24.95,20.06,21.06,20.76
2016-04-14 22:00:00,15.65,26.65,21.62,8.48,22.2,17.81,18.51,18.51
2016-04-14 23:00:00,13.38,25.96,19.92,3.94,20.91,17.23,17.66,17.17
2016-04-15 00:00:00,12.62,29.17,20.78,3.47,20.7,15.53,16.66,17.01
2016-04-15 01:00:00,12.17,28.29,20.58,3.04,19.2,14.85,16.05,16.46
2016-04-15 02:00:00,11.52,28.05,20.330000000000002,2.21,19.35,14.28,15.1,15.98
2016-04-15 03:00:00,12.21,29.93,22.0,2.57,20.47,14.5,15.34,15.93
2016-04-15 04:00:00,13.88,31.35,25.62,3.27,24.83,15.25,16.79,16.48
2016-04-15 05:00:00,19.59,35.83,34.36,7.54,41.49,18.48,20.42,19.81
2016-04-15 06:00:00,22.74,27.43,35.81,15.0,40.94,23.73,22.86,21.75
2016-04-15 07:00:00,22.5,26.35,33.02,17.63,35.86,21.08,21.27,21.47
2016-04-15 08:00:00,22.26,25.09,30.84,18.1,33.31,21.01,21.15,21.68
2016-04-15 09:00:00,22.08,25.65,30.15,18.1,33.15,20.82,20.86,21.49
2016-04-15 10:00:00,21.75,25.49,29.77,17.61,32.51,21.29,21.77,22.8
2016-04-15 11:00:00,21.29,24.58,28.31,17.72,31.18,21.45,22.54,23.56
2016-04-15 12:00:00,20.93,23.76,28.41,17.27,31.23,22.11,23.24,24.34
2016-04-15 13:00:00,20.49,22.85,27.7,16.28,30.21,21.91,24.19,25.23
2016-04-15 14:00:00,20.22,22.57,26.73,16.32,29.33,21.84,24.43,26.44
2016-04-15 15:00:00,19.61,22.45,26.68,14.98,29.29,21.53,24.72,27.13
2016-04-15 16:00:00,19.29,22.12,25.62,14.6,27.81,21.3,24.77,27.28
2016-04-15 17:00:00,18.86,21.75,25.01,13.86,26.96,20.85,24.02,26.06
2016-04-15 18:00:00,19.02,21.69,25.7,14.17,27.53,20.71,23.67,24.96
2016-04-15 19:00:00,21.43,24.37,28.73,16.18,31.73,22.65,25.49,26.91
2016-04-15 20:00:00,21.09,24.53,27.45,15.72,29.67,22.09,25.56,27.57
2016-04-15 21:00:00,18.0,23.54,23.67,14.05,24.81,19.45,21.76,22.78
2016-04-15 22:00:00,15.95,26.55,20.150000000000002,11.63,22.39,17.85,19.6,19.78
2016-04-15 23:00:00,12.99,27.16,18.29,4.87,20.48,15.8,18.37,18.14
2016-04-16 00:00:00,11.55,30.64,20.73,1.3,19.21,13.59,16.7,17.06
2016-04-16 01:00:00,10.79,29.62,20.86,1.06,18.76,13.15,15.72,16.07
2016-04-16 02:00:00,10.22,29.09,20.32,0.36,18.22,12.62,14.75,15.92
2016-04-16 03:00:00,10.48,29.41,20.6,0.58,18.51,12.53,14.95,15.89
2016-04-16 04:00:00,10.8,28.47,20.8,0.76,19.61,12.85,15.06,15.860000000000003
2016-04-16 05:00:00,12.61,28.3,21.31,2.72,22.51,14.44,16.61,16.82
2016-04-16 06:00:00,14.0,25.12,21.16,4.66,23.57,16.19,17.81,17.75
2016-04-16 07:00:00,16.44,24.57,22.37,9.94,24.95,17.52,19.32,19.11
2016-04-16 08:00:00,18.5,26.42,24.43,12.63,26.96,18.78,20.7,20.48
2016-04-16 09:00:00,19.18,27.57,24.93,13.99,27.41,19.18,20.7,20.44
2016-04-16 10:00:00,19.19,26.81,24.58,14.08,26.65,19.93,21.19,21.31
2016-04-16 11:00:00,19.02,25.86,23.95,14.45,25.7,19.23,21.4,22.06
2016-04-16 12:00:00,18.39,24.08,22.69,13.65,24.24,18.41,21.9,23.35
2016-04-16 13:00:00,17.72,23.2,21.6,13.06,23.57,17.21,21.51,22.53
2016-04-16 14:00:00,17.67,23.24,21.5,13.2,23.33,16.89,21.77,23.22
2016-04-16 15:00:00,17.69,23.26,21.6,12.96,23.49,16.47,22.67,24.38
2016-04-16 16:00:00,18.32,23.59,22.14,13.88,24.01,16.4,23.91,26.57
2016-04-16 17:00:00,18.59,23.41,22.22,14.35,23.79,16.66,23.22,24.76
2016-04-16 18:00:00,18.93,23.82,22.5,15.43,24.05,18.11,20.71,21.5
2016-04-16 19:00:00,21.56,26.55,25.7,17.25,27.37,19.67,26.1,27.47
2016-04-16 20:00:00,21.35,26.25,24.6,17.73,25.64,20.38,24.38,27.44
2016-04-16 21:00:00,18.43,23.75,22.04,15.26,22.46,18.09,19.3,19.93
2016-04-16 22:00:00,16.15,24.48,21.56,12.05,20.67,14.22,17.41,17.47
2016-04-16 23:00:00,14.24,26.19,21.19,8.66,19.77,11.88,15.9,15.48
2016-04-17 00:00:00,11.68,26.02,17.7,4.54,18.09,13.65,15.03,16.43
2016-04-17 01:00:00,10.56,25.04,16.44,3.46,16.54,12.42,13.86,15.37
2016-04-17 02:00:00,9.81,25.25,15.92,2.2600000000000002,16.06,11.59,13.16,14.76
2016-04-17 03:00:00,9.97,25.15,15.99,2.42,16.13,11.73,13.28,14.76
2016-04-17 04:00:00,10.74,25.72,16.79,3.28,17.150000000000002,12.53,13.89,14.86
2016-04-17 05:00:00,12.4,26.01,18.35,4.7700000000000005,19.45,14.27,15.37,16.0
2016-04-17 06:00:00,13.82,22.4,17.79,8.06,19.080000000000002,14.61,15.73,15.51
2016-04-17 07:00:00,15.71,21.47,18.28,11.9,19.54,15.68,17.0,17.05
2016-04-17 08:00:00,18.330000000000002,21.74,20.89,15.44,22.12,18.22,19.0,19.55
2016-04-17 09:00:00,19.18,22.16,21.72,16.52,23.0,18.97,19.51,19.87
2016-04-17 10:00:00,19.6,21.59,21.97,17.01,23.1,19.55,20.32,19.5
2016-04-17 11:00:00,19.51,22.08,21.76,17.25,22.73,19.3,19.82,19.97
2016-04-17 12:00:00,19.26,21.79,21.4,17.06,22.32,19.12,19.63,19.78
2016-04-17 13:00:00,18.73,21.51,21.05,16.1,21.97,18.66,19.16,19.3
2016-04-17 14:00:00,18.89,22.09,21.26,16.05,22.05,19.32,19.6,19.61
2016-04-17 15:00:00,19.07,22.67,22.07,15.95,22.88,19.150000000000002,19.66,19.81
2016-04-17 16:00:00,20.04,22.73,22.53,17.36,23.71,20.11,21.26,20.27
2016-04-17 17:00:00,20.46,22.44,23.01,17.98,24.01,20.37,21.55,20.54
2016-04-17 18:00:00,21.12,22.52,24.19,18.6,25.19,21.0,22.3,21.28
2016-04-17 19:00:00,25.72,25.82,29.31,23.46,32.0,25.36,26.57,25.54
2016-04-17 20:00:00,24.8,24.76,27.49,23.81,29.23,24.2,24.81,24.29
2016-04-17 21:00:00,19.72,21.79,21.85,17.900000000000002,22.11,19.36,19.96,19.82
2016-04-17 22:00:00,16.48,20.59,19.41,13.74,20.13,16.54,16.990000000000002,17.12
2016-04-17 23:00:00,14.95,20.83,18.5,11.55,19.18,15.29,15.93,15.68
2016-04-18 00:00:00,13.11,18.71,15.85,9.1,16.34,15.27,15.67,15.58
2016-04-18 01:00:00,11.79,17.79,15.09,6.86,15.31,14.75,15.03,14.94
2016-04-18 02:00:00,11.24,18.01,14.73,6.04,14.92,14.26,14.52,14.43
2016-04-18 03:00:00,12.35,19.29,16.09,7.07,16.65,14.65,14.96,14.85
2016-04-18 04:00:00,14.1,20.34,17.830000000000002,9.8,18.86,14.4,15.54,15.4
2016-04-18 05:00:00,20.48,25.1,28.89,16.32,32.31,16.64,17.55,17.19
2016-04-18 06:00:00,22.97,24.34,28.8,20.38,31.83,20.28,19.52,19.67
2016-04-18 07:00:00,23.66,23.8,28.53,22.77,30.64,20.0,20.8,20.26
2016-04-18 08:00:00,24.12,23.57,28.6,23.51,30.67,21.1,20.43,20.27
2016-04-18 09:00:00,24.89,24.5,30.05,23.24,32.86,21.92,22.25,21.4
2016-04-18 10:00:00,25.19,26.57,30.94,23.57,33.5,21.58,22.3,21.57
2016-04-18 11:00:00,25.25,27.28,30.31,22.74,32.43,23.12,24.99,24.36
2016-04-18 12:00:00,24.61,27.73,30.08,20.81,32.6,23.11,26.09,25.7
2016-04-18 13:00:00,24.74,28.39,30.33,19.75,33.96,23.31,27.99,27.85
2016-04-18 14:00:00,24.45,28.66,29.91,19.03,33.49,21.74,29.17,28.88
2016-04-18 15:00:00,24.61,28.11,30.56,19.59,34.0,20.8,30.05,28.15
2016-04-18 16:00:00,24.72,27.4,30.11,20.18,33.88,20.56,30.54,29.31
2016-04-18 17:00:00,24.33,25.99,29.32,20.25,31.88,20.44,29.85,28.48
2016-04-18 18:00:00,24.01,24.61,28.35,20.47,30.4,20.93,27.61,26.14
2016-04-18 19:00:00,27.69,27.57,31.89,24.27,34.75,22.78,32.1,29.95
2016-04-18 20:00:00,26.52,26.57,29.95,24.02,32.11,23.07,30.52,28.75
2016-04-18 21:00:00,21.28,22.65,24.42,18.93,24.89,20.26,21.75,21.19
2016-04-18 22:00:00,18.45,20.41,21.52,15.89,21.57,17.86,19.68,18.93
2016-04-18 23:00:00,16.19,18.97,19.34,13.27,19.3,15.11,17.03,16.5
2016-04-19 00:00:00,16.9,16.44,19.09,16.03,19.61,14.42,15.87,15.46
2016-04-19 01:00:00,16.04,16.35,18.06,15.14,18.990000000000002,13.04,15.02,15.12
2016-04-19 02:00:00,15.59,16.3,17.78,14.71,18.75,12.51,14.46,14.71
2016-04-19 03:00:00,15.87,16.89,17.93,14.87,18.97,12.71,14.7,14.71
2016-04-19 04:00:00,17.87,17.16,21.4,15.9,23.99,14.5,14.81,15.24
2016-04-19 05:00:00,23.74,21.08,30.38,21.6,35.6,15.85,16.93,17.38
2016-04-19 06:00:00,25.39,22.08,30.04,24.97,33.2,19.52,19.38,18.02
2016-04-19 07:00:00,25.92,22.96,29.42,26.71,31.55,19.46,18.94,18.1
2016-04-19 08:00:00,25.68,23.16,29.66,26.03,32.1,19.27,18.93,18.18
2016-04-19 09:00:00,25.84,24.3,29.98,26.13,32.58,19.56,19.830000000000002,19.2
2016-04-19 10:00:00,25.46,25.48,29.97,24.62,33.08,20.23,20.39,19.06
2016-04-19 11:00:00,25.68,25.3,29.62,25.13,32.52,20.51,21.37,19.68
2016-04-19 12:00:00,25.75,25.38,29.36,25.35,32.06,20.77,21.73,20.54
2016-04-19 13:00:00,25.63,25.57,29.42,24.89,32.31,21.2,22.17,21.1
2016-04-19 14:00:00,25.29,25.56,29.0,24.02,31.56,21.7,22.26,23.54
2016-04-19 15:00:00,25.27,24.96,29.2,23.39,31.32,22.55,22.96,24.65
2016-04-19 16:00:00,25.21,24.02,28.46,23.85,30.44,22.87,24.68,25.98
2016-04-19 17:00:00,24.61,23.61,28.01,23.15,29.83,22.28,24.03,24.84
2016-04-19 18:00:00,24.15,23.17,27.53,22.77,29.28,21.59,23.53,24.14
2016-04-19 19:00:00,27.94,25.69,30.99,26.75,33.2,25.96,26.39,27.81
2016-04-19 20:00:00,27.27,26.0,29.76,26.14,31.07,25.71,26.14,27.62
2016-04-19 21:00:00,22.19,21.92,23.7,20.91,24.58,20.91,22.14,21.79
2016-04-19 22:00:00,19.13,18.72,20.89,18.080000000000002,21.3,17.21,19.12,18.92
2016-04-19 23:00:00,17.78,17.07,18.89,17.03,19.51,16.830000000000002,17.89,17.46
2016-04-20 00:00:00,17.42,18.09,18.98,16.43,19.53,16.6,17.27,17.14
2016-04-20 01:00:00,16.81,17.8,18.830000000000002,15.23,19.23,15.97,16.62,16.47
2016-04-20 02:00:00,16.4,17.78,18.650000000000002,14.6,19.1,15.610000000000003,16.240000000000002,16.15
2016-04-20 03:00:00,16.580000000000002,17.85,18.85,14.81,19.52,15.29,15.94,15.9
2016-04-20 04:00:00,18.36,17.01,22.1,16.03,25.88,15.65,16.3,16.22
2016-04-20 05:00:00,24.26,20.46,31.76,21.78,38.0,17.81,18.38,17.22
2016-04-20 06:00:00,25.89,24.31,31.220000000000006,24.73,34.59,19.8,18.93,19.02
2016-04-20 07:00:00,26.64,25.34,30.41,27.09,33.12,19.57,19.45,18.71
2016-04-20 08:00:00,26.19,25.7,29.92,26.14,32.28,19.650000000000002,20.13,19.13
2016-04-20 09:00:00,26.45,26.83,30.78,25.87,33.1,19.94,20.8,19.96
2016-04-20 10:00:00,26.04,26.51,30.35,24.54,33.0,21.13,21.28,19.93
2016-04-20 11:00:00,25.87,26.31,30.29,24.54,33.03,20.99,21.78,21.84
2016-04-20 12:00:00,25.83,25.56,30.22,24.09,32.95,22.54,23.78,22.86
2016-04-20 13:00:00,25.96,25.15,30.6,23.9,33.6,23.27,24.54,23.63
2016-04-20 14:00:00,25.48,24.76,30.28,22.88,33.27,23.73,25.0,24.12
2016-04-20 15:00:00,25.19,24.16,30.0,22.23,32.96,24.55,25.96,25.13
2016-04-20 16:00:00,24.84,23.6,29.6,21.71,32.660000000000004,23.59,26.49,25.52
2016-04-20 17:00:00,24.06,22.99,28.2,21.08,30.63,23.6,24.48,23.75
2016-04-20 18:00:00,23.41,22.35,27.49,20.6,29.7,23.43,24.81,24.52
2016-04-20 19:00:00,26.65,25.77,31.11,23.47,33.52,24.85,28.32,27.39
2016-04-20 20:00:00,26.24,25.65,30.18,23.44,31.970000000000006,24.37,27.46,27.28
2016-04-20 21:00:00,21.75,22.41,24.6,19.3,25.85,21.71,22.91,22.09
2016-04-20 22:00:00,18.87,19.53,20.64,17.36,21.35,18.55,19.39,18.88
2016-04-20 23:00:00,17.650000000000002,18.28,19.36,16.01,20.18,17.67,18.34,17.98
2016-04-21 00:00:00,16.01,19.03,18.79,13.54,19.0,15.4,17.490000000000002,17.53
2016-04-21 01:00:00,15.42,18.69,18.36,12.42,18.490000000000002,15.58,17.19,16.9
2016-04-21 02:00:00,14.58,18.39,18.61,11.15,18.59,14.86,15.91,16.55
2016-04-21 03:00:00,14.65,18.67,18.89,10.94,18.81,15.19,15.89,16.47
2016-04-21 04:00:00,16.06,18.73,21.9,10.88,23.37,17.16,17.330000000000002,17.330000000000002
2016-04-21 05:00:00,22.14,21.4,31.44,17.46,35.0,18.29,18.56,18.36
2016-04-21 06:00:00,23.79,24.53,32.83,19.06,34.31,19.84,20.54,20.25
2016-04-21 07:00:00,24.45,25.48,32.76,20.330000000000002,33.24,20.150000000000002,19.96,19.39
2016-04-21 08:00:00,24.73,25.63,32.64,21.8,33.55,19.76,20.2,19.400000000000002
2016-04-21 09:00:00,25.01,26.15,33.21,21.72,33.910000000000004,20.31,21.39,20.7
2016-04-21 10:00:00,24.78,26.97,32.89,21.42,33.7,19.900000000000002,21.8,20.61
2016-04-21 11:00:00,24.92,27.02,34.11,20.95,35.04,19.79,22.07,21.82
2016-04-21 12:00:00,24.49,26.28,33.17,20.2,34.7,19.53,23.3,22.9
2016-04-21 13:00:00,24.44,26.34,32.69,19.87,34.42,20.04,25.14,24.91
2016-04-21 14:00:00,23.59,25.3,30.75,19.21,32.13,20.27,26.09,24.98
2016-04-21 15:00:00,22.99,24.99,29.04,18.22,30.5,20.28,27.86,26.59
2016-04-21 16:00:00,22.91,24.9,29.45,18.2,30.87,19.98,27.85,26.45
2016-04-21 17:00:00,21.99,23.77,27.42,17.89,28.44,20.22,25.52,24.4
2016-04-21 18:00:00,22.24,23.88,28.77,17.7,28.61,21.02,25.0,24.5
2016-04-21 19:00:00,25.0,26.76,32.81,20.54,33.32,21.87,28.41,27.25
2016-04-21 20:00:00,24.78,26.81,31.44,20.37,31.69,21.9,28.12,26.81
2016-04-21 21:00:00,20.72,22.9,25.5,16.77,25.32,21.0,22.48,22.58
2016-04-21 22:00:00,17.79,21.66,22.1,14.36,21.35,18.14,19.76,19.07
2016-04-21 23:00:00,15.7,20.84,20.6,10.9,20.12,15.75,18.76,18.14
2016-04-22 00:00:00,14.89,21.57,20.6,9.25,20.47,15.11,17.85,18.28
2016-04-22 01:00:00,13.52,20.54,19.86,7.56,19.75,14.62,15.8,17.42
2016-04-22 02:00:00,13.51,20.18,19.51,7.89,19.46,14.6,15.45,17.23
2016-04-22 03:00:00,14.0,19.740000000000002,19.42,8.790000000000001,19.59,15.06,15.68,17.150000000000002
2016-04-22 04:00:00,16.3,18.19,22.89,9.9,25.81,17.85,18.11,17.740000000000002
2016-04-22 05:00:00,22.35,22.51,32.24,16.14,36.300000000000004,19.39,18.82,19.06
2016-04-22 06:00:00,24.45,23.39,32.99,19.55,35.34,22.18,21.95,21.5
2016-04-22 07:00:00,24.5,24.64,31.51,21.72,32.7,21.28,20.91,20.55
2016-04-22 08:00:00,25.2,24.89,31.61,23.35,32.86,21.82,20.89,20.79
2016-04-22 09:00:00,26.3,26.31,33.1,23.63,34.54,22.33,21.83,21.41
2016-04-22 10:00:00,26.13,25.77,32.12,22.57,33.64,22.79,23.69,23.2
2016-04-22 11:00:00,26.71,25.65,32.68,23.41,35.0,23.02,24.8,24.14
2016-04-22 12:00:00,27.23,26.03,32.59,23.51,35.18,24.7,28.44,28.12
2016-04-22 13:00:00,27.18,26.43,32.35,21.67,35.02,23.76,31.68,31.18
2016-04-22 14:00:00,26.47,25.59,31.17,19.19,33.85,21.6,34.01,36.62
2016-04-22 15:00:00,26.46,25.24,30.75,19.78,33.36,21.08,35.27,39.59
2016-04-22 16:00:00,26.65,25.98,31.220000000000006,18.95,33.47,20.36,36.42,40.59
2016-04-22 17:00:00,24.99,24.2,28.4,18.01,30.43,20.29,32.38,35.58
2016-04-22 18:00:00,23.68,23.93,27.11,17.330000000000002,28.57,23.59,25.2,24.67
2016-04-22 19:00:00,26.29,26.97,30.77,18.0,32.52,26.35,27.87,26.77
2016-04-22 20:00:00,25.96,26.75,29.48,18.1,30.14,25.65,27.16,26.13
2016-04-22 21:00:00,21.52,22.33,24.24,17.6,24.55,21.45,22.37,22.5
2016-04-22 22:00:00,18.43,20.57,20.55,16.01,20.64,18.89,19.400000000000002,19.490000000000002
2016-04-22 23:00:00,16.91,20.74,19.48,14.11,19.580000000000002,17.400000000000002,17.69,17.76
2016-04-23 00:00:00,15.62,21.61,19.35,11.73,19.29,16.66,17.02,18.240000000000002
2016-04-23 01:00:00,13.48,23.28,18.77,7.86,18.75,15.12,15.06,17.81
2016-04-23 02:00:00,12.34,22.31,18.61,5.64,18.52,14.12,14.2,17.41
2016-04-23 03:00:00,12.5,23.8,18.830000000000002,5.8,18.7,14.11,14.28,17.54
2016-04-23 04:00:00,12.67,23.75,18.86,5.67,19.23,14.22,14.4,17.67
2016-04-23 05:00:00,15.13,25.51,21.33,7.84,22.21,16.53,16.98,18.580000000000002
2016-04-23 06:00:00,17.44,26.82,24.75,10.78,25.0,16.56,17.09,19.01
2016-04-23 07:00:00,19.42,28.03,26.79,13.24,27.3,17.51,17.77,19.45
2016-04-23 08:00:00,21.28,28.44,28.74,16.29,29.39,18.82,18.52,19.92
2016-04-23 09:00:00,21.98,29.52,29.39,16.34,30.17,19.25,19.79,21.07
2016-04-23 10:00:00,21.8,31.21,30.53,15.09,31.5,19.43,20.42,24.59
2016-04-23 11:00:00,21.13,30.87,29.71,14.0,30.54,19.92,21.35,24.39
2016-04-23 12:00:00,20.58,30.25,29.27,12.22,30.0,18.79,23.33,30.07
2016-04-23 13:00:00,19.91,30.14,28.11,10.59,28.9,18.7,23.88,35.04
2016-04-23 14:00:00,19.990000000000002,30.32,28.92,9.73,29.69,17.28,26.34,37.82
2016-04-23 15:00:00,20.12,30.53,30.18,9.06,30.72,17.67,26.59,39.32
2016-04-23 16:00:00,20.63,32.54,30.78,9.16,31.28,17.79,26.49,41.93
2016-04-23 17:00:00,19.98,31.31,30.36,8.040000000000001,30.85,19.68,24.71,39.050000000000004
2016-04-23 18:00:00,19.67,31.27,29.73,7.89,30.2,19.73,23.07,37.37
2016-04-23 19:00:00,22.37,36.39,33.58,8.91,35.0,21.34,29.82,37.0
2016-04-23 20:00:00,21.36,34.84,30.69,10.34,31.11,20.6,26.41,32.51
2016-04-23 21:00:00,17.37,30.4,26.32,6.33,26.71,19.11,21.69,26.45
2016-04-23 22:00:00,13.93,29.65,21.55,3.68,21.78,17.87,18.86,19.36
2016-04-23 23:00:00,11.96,28.75,20.76,1.02,20.69,15.23,16.67,18.45
2016-04-24 00:00:00,10.94,21.98,20.03,2.05,19.900000000000002,14.7,16.05,16.66
2016-04-24 01:00:00,9.69,20.72,19.17,0.86,18.240000000000002,13.43,14.39,14.89
2016-04-24 02:00:00,9.0,20.41,18.17,0.02,18.04,12.92,13.56,13.92
2016-04-24 03:00:00,9.09,20.13,18.18,0.04,18.04,12.89,13.54,13.91
2016-04-24 04:00:00,9.55,20.75,19.41,0.24,18.580000000000002,13.14,13.87,14.26
2016-04-24 05:00:00,11.24,20.71,19.2,1.39,19.68,14.21,14.99,16.39
2016-04-24 06:00:00,11.79,21.68,19.69,2.61,20.0,14.29,15.21,16.89
2016-04-24 07:00:00,14.38,21.69,19.88,9.96,20.7,15.02,15.92,17.12
2016-04-24 08:00:00,17.45,22.95,22.13,14.34,22.96,17.26,18.36,18.43
2016-04-24 09:00:00,18.62,23.5,23.28,15.85,24.27,18.25,19.43,19.43
2016-04-24 10:00:00,18.580000000000002,24.64,23.76,14.8,25.01,18.37,20.3,19.240000000000002
2016-04-24 11:00:00,19.43,25.14,24.35,15.94,25.1,18.11,21.83,21.71
2016-04-24 12:00:00,19.8,25.6,24.88,16.02,25.83,18.09,22.73,24.25
2016-04-24 13:00:00,19.78,25.86,24.88,15.75,25.67,17.95,23.65,25.51
2016-04-24 14:00:00,20.2,26.62,25.81,14.83,26.74,15.47,26.49,28.87
2016-04-24 15:00:00,20.59,27.38,26.98,13.69,27.72,15.35,28.59,32.08
2016-04-24 16:00:00,22.53,29.18,28.4,15.860000000000003,30.0,15.95,32.54,37.36
2016-04-24 17:00:00,23.59,29.7,29.54,17.22,30.84,18.29,32.04,35.0
2016-04-24 18:00:00,24.71,30.46,30.75,18.01,31.85,18.78,31.32,33.480000000000004
2016-04-24 19:00:00,28.77,33.86,36.800000000000004,19.400000000000002,38.82,20.78,36.93,37.34
2016-04-24 20:00:00,28.36,32.62,34.54,22.15,35.550000000000004,20.36,35.31,35.0
2016-04-24 21:00:00,21.87,26.33,25.88,17.81,26.81,17.59,26.41,25.37
2016-04-24 22:00:00,17.32,21.33,20.51,13.64,21.03,17.03,20.28,19.88
2016-04-24 23:00:00,15.13,20.3,19.580000000000002,10.73,20.06,14.49,17.77,17.62
2016-04-25 00:00:00,12.91,23.06,19.21,2.3000000000000003,19.17,15.4,16.37,17.21
2016-04-25 01:00:00,11.99,22.62,18.69,1.61,18.57,14.65,15.63,16.69
2016-04-25 02:00:00,11.31,22.11,18.54,1.63,18.59,13.79,14.69,16.25
2016-04-25 03:00:00,11.77,22.15,18.77,2.64,19.150000000000002,14.1,15.04,16.3
2016-04-25 04:00:00,14.1,22.14,22.14,5.17,25.0,14.86,14.95,16.35
2016-04-25 05:00:00,20.84,26.03,30.2,13.81,35.75,16.94,19.27,19.59
2016-04-25 06:00:00,24.03,29.01,34.63,17.44,37.980000000000004,16.84,18.900000000000002,20.64
2016-04-25 07:00:00,24.51,28.93,32.86,19.89,34.79,18.21,19.580000000000002,19.96
2016-04-25 08:00:00,24.47,29.14,32.910000000000004,20.42,35.18,18.2,20.26,20.74
2016-04-25 09:00:00,25.85,29.67,35.76,21.17,39.46,19.0,20.240000000000002,20.58
2016-04-25 10:00:00,26.33,30.21,35.62,21.56,39.64,18.95,21.78,26.64
2016-04-25 11:00:00,26.49,30.18,35.0,22.11,39.95,19.02,22.47,28.66
2016-04-25 12:00:00,27.03,30.88,35.230000000000004,21.4,40.51,18.48,25.47,32.4
2016-04-25 13:00:00,27.57,31.18,35.0,21.25,41.0,19.400000000000002,38.0,38.0
2016-04-25 14:00:00,28.33,31.56,35.43,21.13,41.68,18.97,49.2,43.0
2016-04-25 15:00:00,28.41,31.41,35.62,20.13,42.09,18.77,59.02,51.3
2016-04-25 16:00:00,28.89,31.970000000000006,34.79,20.71,41.97,20.6,58.0,51.0
2016-04-25 17:00:00,27.98,30.58,33.05,19.900000000000002,41.18,21.85,59.02,48.0
2016-04-25 18:00:00,26.44,29.38,31.57,19.0,37.050000000000004,20.73,31.9,35.94
2016-04-25 19:00:00,30.89,32.58,35.89,25.93,41.87,22.09,35.97,41.31
2016-04-25 20:00:00,29.72,31.04,33.62,26.71,39.81,21.25,34.35,38.94
2016-04-25 21:00:00,23.9,25.98,28.49,20.96,29.97,19.75,23.66,25.79
2016-04-25 22:00:00,19.73,21.28,21.92,18.09,22.66,19.080000000000002,20.11,21.47
2016-04-25 23:00:00,18.240000000000002,20.400000000000002,20.38,16.13,20.89,17.53,18.41,18.77
2016-04-26 00:00:00,17.17,19.41,19.25,15.39,20.06,15.23,17.34,18.34
2016-04-26 01:00:00,16.38,18.28,18.38,15.04,19.02,14.36,16.06,17.54
2016-04-26 02:00:00,15.78,18.01,17.81,14.46,18.150000000000002,13.5,15.49,17.27
2016-04-26 03:00:00,16.01,18.09,18.39,14.52,18.81,13.59,15.52,17.27
2016-04-26 04:00:00,17.98,19.77,21.34,16.35,21.57,13.84,16.91,17.95
2016-04-26 05:00:00,23.04,24.68,29.5,20.57,31.29,17.21,19.03,19.34
2016-04-26 06:00:00,25.16,28.57,31.25,21.6,31.54,19.13,19.7,20.58
2016-04-26 07:00:00,26.09,28.28,31.93,24.07,31.92,19.95,20.51,21.65
2016-04-26 08:00:00,25.97,28.63,31.66,22.99,31.77,20.8,20.54,20.51
2016-04-26 09:00:00,27.35,29.43,33.37,24.9,33.49,21.42,22.59,22.62
2016-04-26 10:00:00,28.39,29.67,33.480000000000004,27.57,33.71,22.97,25.13,25.58
2016-04-26 11:00:00,28.73,29.59,32.59,26.65,33.13,23.71,28.66,30.71
2016-04-26 12:00:00,29.42,30.42,32.76,24.2,34.33,24.86,32.79,35.46
2016-04-26 13:00:00,29.38,31.59,32.910000000000004,22.84,34.480000000000004,23.1,37.46,40.0
2016-04-26 14:00:00,30.3,33.34,34.480000000000004,22.13,36.38,19.91,43.18,54.11
2016-04-26 15:00:00,29.74,33.84,33.96,19.400000000000002,37.88,19.44,44.17,66.3
2016-04-26 16:00:00,29.35,34.65,34.57,17.88,37.57,22.79,43.22,66.0
2016-04-26 17:00:00,27.54,32.15,33.28,17.1,36.910000000000004,22.31,39.25,58.08
2016-04-26 18:00:00,24.62,29.83,30.56,15.2,33.49,20.68,32.85,35.34
2016-04-26 19:00:00,26.83,32.39,33.49,16.72,37.85,21.57,36.59,41.05
2016-04-26 20:00:00,25.5,32.33,31.76,15.53,35.5,19.91,35.2,40.410000000000004
2016-04-26 21:00:00,21.02,28.28,27.0,12.54,28.53,19.84,26.37,29.05
2016-04-26 22:00:00,15.79,25.53,21.35,7.72,22.28,17.34,19.45,21.46
2016-04-26 23:00:00,13.62,24.99,20.98,3.72,21.35,14.66,17.3,19.51
2016-04-27 00:00:00,12.06,24.58,18.740000000000002,1.87,19.95,13.61,16.28,17.96
2016-04-27 01:00:00,10.9,23.92,17.7,0.64,18.830000000000002,12.73,14.71,17.29
2016-04-27 02:00:00,10.37,22.7,16.89,0.5,18.3,12.37,13.73,16.96
2016-04-27 03:00:00,10.59,22.97,18.080000000000002,0.21,18.96,12.51,13.8,17.150000000000002
2016-04-27 04:00:00,12.22,25.87,20.57,1.46,23.11,14.03,15.01,17.87
2016-04-27 05:00:00,17.87,29.04,28.02,9.040000000000001,32.84,18.44,19.04,18.84
2016-04-27 06:00:00,21.9,30.51,29.87,16.740000000000002,34.84,18.6,19.53,19.94
2016-04-27 07:00:00,22.59,30.61,30.82,17.48,35.31,18.95,20.150000000000002,20.14
2016-04-27 08:00:00,22.39,29.57,29.99,17.04,34.7,19.35,20.34,20.57
2016-04-27 09:00:00,22.72,30.34,31.48,16.52,36.06,19.85,20.93,20.93
2016-04-27 10:00:00,23.64,31.68,31.84,16.98,36.46,20.95,24.11,24.99
2016-04-27 11:00:00,24.23,31.25,31.95,16.25,36.82,22.56,29.73,31.85
2016-04-27 12:00:00,24.7,31.92,31.77,16.580000000000002,36.28,23.2,31.32,34.63
2016-04-27 13:00:00,24.99,32.5,31.95,15.68,35.71,24.03,35.14,38.980000000000004
2016-04-27 14:00:00,24.96,32.0,30.96,14.31,35.72,24.08,38.74,45.99
2016-04-27 15:00:00,24.96,32.51,31.38,13.13,36.07,24.42,40.74,51.57
2016-04-27 16:00:00,24.93,32.2,31.14,13.51,35.57,26.71,39.7,52.59
2016-04-27 17:00:00,23.88,31.37,31.31,14.58,34.85,23.57,33.910000000000004,43.6
2016-04-27 18:00:00,22.26,28.71,29.41,14.07,33.480000000000004,22.74,29.87,34.5
2016-04-27 19:00:00,24.36,31.69,31.05,16.66,36.27,23.93,31.68,33.47
2016-04-27 20:00:00,23.82,31.18,29.51,17.09,34.19,23.35,30.07,32.05
2016-04-27 21:00:00,19.580000000000002,26.46,24.85,13.99,27.48,19.7,22.27,24.06
2016-04-27 22:00:00,15.74,23.57,21.11,9.6,23.05,16.52,18.86,18.52
2016-04-27 23:00:00,14.05,22.43,19.830000000000002,7.89,21.49,13.98,17.900000000000002,17.85
2016-04-28 00:00:00,12.74,18.27,17.64,5.98,19.36,13.5,17.09,17.580000000000002
2016-04-28 01:00:00,11.74,17.3,16.59,5.0,18.240000000000002,12.69,15.53,17.02
2016-04-28 02:00:00,11.7,17.04,16.55,5.54,17.86,12.59,14.81,16.91
2016-04-28 03:00:00,11.99,17.19,17.03,5.41,18.51,12.72,14.54,16.72
2016-04-28 04:00:00,13.29,18.67,18.59,6.7,20.5,13.73,16.75,17.27
2016-04-28 05:00:00,19.29,20.96,24.72,14.8,28.17,16.5,19.19,17.94
2016-04-28 06:00:00,22.42,24.96,27.16,20.48,28.38,18.490000000000002,20.36,19.54
2016-04-28 07:00:00,23.06,25.03,27.22,21.51,28.49,18.81,20.5,20.02
2016-04-28 08:00:00,23.89,24.41,28.39,23.1,28.61,18.78,20.8,22.15
2016-04-28 09:00:00,24.59,26.05,28.73,24.17,28.73,18.48,21.84,23.6
2016-04-28 10:00:00,26.6,27.27,30.71,27.23,30.0,19.43,24.46,26.43
2016-04-28 11:00:00,27.47,27.37,30.1,27.47,30.0,19.39,30.8,32.31
2016-04-28 12:00:00,28.03,27.19,30.94,27.45,30.43,20.28,33.76,35.910000000000004
2016-04-28 13:00:00,27.58,25.62,30.9,23.29,30.54,21.62,40.14,41.15
2016-04-28 14:00:00,27.98,23.97,30.57,22.44,30.64,22.22,45.11,47.9
2016-04-28 15:00:00,29.09,24.73,32.08,22.51,31.99,23.12,50.59,57.25
2016-04-28 16:00:00,29.49,25.45,32.480000000000004,21.41,31.45,24.63,52.68,59.1
2016-04-28 17:00:00,28.01,24.09,30.8,21.78,29.78,23.56,48.02,47.59
2016-04-28 18:00:00,25.97,23.35,28.37,21.4,28.37,21.93,37.79,38.0
2016-04-28 19:00:00,28.11,25.96,30.3,24.04,30.55,22.54,36.58,37.050000000000004
2016-04-28 20:00:00,28.38,26.39,29.89,29.12,29.23,21.8,34.88,35.1
2016-04-28 21:00:00,23.45,22.61,25.26,20.7,24.52,19.0,27.38,27.47
2016-04-28 22:00:00,20.080000000000002,20.35,21.48,19.03,21.53,17.44,22.04,20.74
2016-04-28 23:00:00,18.23,18.31,19.82,16.57,19.87,16.73,20.18,19.14
2016-04-29 00:00:00,18.0,19.28,19.85,16.62,19.54,16.7,18.35,18.98
2016-04-29 01:00:00,17.3,18.86,19.11,15.98,18.79,16.53,17.78,17.94
2016-04-29 02:00:00,16.97,18.330000000000002,18.72,15.87,18.6,16.3,17.16,17.45
2016-04-29 03:00:00,17.22,18.8,19.27,15.79,19.03,15.85,17.26,17.22
2016-04-29 04:00:00,18.650000000000002,20.51,21.8,17.5,21.53,14.95,17.02,17.67
2016-04-29 05:00:00,23.12,26.63,29.24,21.44,29.07,16.36,19.02,18.650000000000002
2016-04-29 06:00:00,26.68,31.73,33.32,26.44,32.0,18.77,20.64,20.93
2016-04-29 07:00:00,27.61,31.09,33.32,28.79,31.89,18.92,21.62,23.8
2016-04-29 08:00:00,27.82,32.410000000000004,33.68,28.28,32.29,18.96,23.06,27.02
2016-04-29 09:00:00,28.22,32.38,34.550000000000004,28.48,33.24,18.85,23.58,29.28
2016-04-29 10:00:00,28.62,32.72,34.71,28.63,33.37,19.8,26.05,32.0
2016-04-29 11:00:00,28.56,32.58,33.83,25.85,32.77,20.11,30.86,35.32
2016-04-29 12:00:00,28.38,32.35,32.88,23.67,31.61,20.09,36.02,39.97
2016-04-29 13:00:00,28.2,36.46,33.410000000000004,21.44,31.5,20.1,40.56,43.8
2016-04-29 14:00:00,28.9,35.2,33.83,20.8,31.81,18.73,47.04,49.27
2016-04-29 15:00:00,29.46,33.06,33.42,20.57,31.64,21.76,49.19,57.66
2016-04-29 16:00:00,28.86,32.15,32.95,18.57,31.24,22.82,48.97,58.12
2016-04-29 17:00:00,26.23,29.14,29.74,18.330000000000002,28.91,25.37,40.9,49.21
2016-04-29 18:00:00,23.95,27.5,27.08,18.17,26.76,23.27,31.220000000000006,36.730000000000004
2016-04-29 19:00:00,24.68,29.93,29.28,18.36,28.7,23.8,30.55,36.300000000000004
2016-04-29 20:00:00,24.65,29.31,29.43,18.48,28.54,23.65,30.72,35.800000000000004
2016-04-29 21:00:00,21.14,27.23,24.57,18.05,24.54,20.22,24.17,28.38
2016-04-29 22:00:00,17.62,23.91,21.0,14.01,20.91,17.79,20.04,22.71
2016-04-29 23:00:00,15.66,24.39,19.84,11.44,19.580000000000002,16.14,18.6,21.38
2016-04-30 00:00:00,14.34,25.85,19.72,8.98,19.85,15.66,16.580000000000002,18.81
2016-04-30 01:00:00,13.57,25.83,18.86,8.09,19.17,14.99,15.7,18.37
2016-04-30 02:00:00,12.94,25.55,18.53,7.4,19.18,14.32,15.33,18.13
2016-04-30 03:00:00,12.5,25.99,18.5,6.44,19.25,13.81,15.18,18.06
2016-04-30 04:00:00,12.18,26.43,18.71,5.25,19.81,13.9,14.36,18.01
2016-04-30 05:00:00,13.1,27.28,19.650000000000002,5.92,21.1,15.04,15.43,18.080000000000002
2016-04-30 06:00:00,15.12,26.64,23.16,6.66,24.3,16.28,16.54,18.54
2016-04-30 07:00:00,17.82,29.17,27.37,10.53,28.87,16.5,17.04,18.96
2016-04-30 08:00:00,19.650000000000002,31.04,28.08,14.0,30.54,17.990000000000002,18.900000000000002,20.63
2016-04-30 09:00:00,20.0,30.87,27.55,14.59,29.28,18.86,20.150000000000002,21.77
2016-04-30 10:00:00,20.330000000000002,31.18,28.23,14.15,30.01,18.85,20.47,25.46
2016-04-30 11:00:00,20.37,30.0,27.93,13.63,30.21,19.09,21.34,28.32
2016-04-30 12:00:00,19.98,28.85,26.75,12.85,29.1,19.17,22.12,32.24
2016-04-30 13:00:00,19.17,28.45,25.44,11.23,27.68,19.3,23.21,35.19
2016-04-30 14:00:00,19.32,28.08,25.35,10.41,27.61,19.53,26.59,38.46
2016-04-30 15:00:00,20.02,28.09,26.17,10.21,28.08,20.150000000000002,28.23,46.95
2016-04-30 16:00:00,20.76,29.57,27.2,9.93,28.98,21.78,29.6,53.02
2016-04-30 17:00:00,20.03,28.08,25.99,11.01,27.55,21.47,27.87,42.07
2016-04-30 18:00:00,19.330000000000002,28.32,24.88,11.92,26.19,20.91,23.72,34.28
2016-04-30 19:00:00,21.17,31.46,28.13,13.99,28.8,21.07,23.96,31.7
2016-04-30 20:00:00,21.05,31.36,27.31,15.36,27.95,20.8,22.56,30.0
2016-04-30 21:00:00,18.26,26.75,23.13,12.98,23.71,19.400000000000002,21.45,25.13
2016-04-30 22:00:00,15.31,26.16,20.5,10.040000000000001,20.98,16.22,17.75,21.22
2016-04-30 23:00:00,14.1,25.51,19.490000000000002,8.66,19.62,15.26,16.53,19.16
2016-05-01 00:00:00,12.8,27.29,19.150000000000002,5.39,19.05,14.44,15.57,17.330000000000002
2016-05-01 01:00:00,12.56,27.42,18.98,4.94,18.89,14.16,15.27,16.91
2016-05-01 02:00:00,12.57,26.81,18.63,5.1000000000000005,18.66,14.17,15.09,16.76
2016-05-01 03:00:00,12.32,26.78,18.45,4.75,18.45,13.98,14.91,16.81
2016-05-01 04:00:00,12.49,27.0,18.650000000000002,4.91,18.650000000000002,14.09,15.05,16.85
2016-05-01 05:00:00,12.57,26.77,18.650000000000002,5.11,18.650000000000002,14.15,15.11,16.98
2016-05-01 06:00:00,13.92,24.02,19.43,6.57,19.36,16.39,17.43,18.35
2016-05-01 07:00:00,17.11,25.69,21.18,12.58,21.33,17.53,18.76,19.23
2016-05-01 08:00:00,18.93,25.98,22.91,15.23,22.96,18.89,19.57,19.240000000000002
2016-05-01 09:00:00,19.29,25.18,22.81,16.28,22.8,19.22,20.36,20.75
2016-05-01 10:00:00,19.61,25.4,22.91,16.59,22.8,19.79,21.03,22.33
2016-05-01 11:00:00,20.22,24.13,23.11,17.66,23.07,19.8,22.05,25.89
2016-05-01 12:00:00,20.66,24.17,23.4,17.78,23.37,20.16,21.82,31.14
2016-05-01 13:00:00,21.02,24.34,23.47,17.93,23.31,19.830000000000002,21.8,35.79
2016-05-01 14:00:00,21.19,24.11,23.65,18.04,23.76,18.97,23.74,35.67
2016-05-01 15:00:00,21.96,25.27,24.18,18.04,24.55,18.96,23.27,40.0
2016-05-01 16:00:00,22.63,25.25,24.31,19.14,24.7,19.55,23.04,44.02
2016-05-01 17:00:00,23.7,24.61,24.92,20.72,25.09,19.87,25.76,44.73
2016-05-01 18:00:00,24.2,24.81,25.02,22.49,25.62,21.7,25.27,33.82
2016-05-01 19:00:00,25.58,26.97,27.38,22.89,28.0,25.17,27.71,32.21
2016-05-01 20:00:00,26.35,27.45,27.67,24.59,28.87,25.51,28.38,33.36
2016-05-01 21:00:00,22.1,22.91,23.13,21.14,22.92,20.82,22.31,24.49
2016-05-01 22:00:00,19.81,20.21,20.69,18.740000000000002,20.41,18.81,19.830000000000002,20.87
2016-05-01 23:00:00,18.59,18.97,19.52,17.650000000000002,19.240000000000002,17.96,18.54,18.97
2016-05-02 00:00:00,19.150000000000002,19.59,20.65,18.46,20.78,17.740000000000002,18.44,18.75
2016-05-02 01:00:00,18.54,19.16,20.28,17.57,20.56,17.26,17.98,18.3
2016-05-02 02:00:00,18.13,18.740000000000002,19.73,17.14,20.35,16.79,17.52,17.830000000000002
2016-05-02 03:00:00,18.240000000000002,19.26,19.94,17.29,20.5,16.75,17.71,17.400000000000002
2016-05-02 04:00:00,19.34,20.58,21.5,18.52,22.3,17.1,18.1,17.59
2016-05-02 05:00:00,24.22,25.57,27.46,23.64,29.75,18.85,20.32,19.45
2016-05-02 06:00:00,26.61,29.99,32.69,25.35,32.83,19.97,20.82,20.8
2016-05-02 07:00:00,28.78,31.6,34.76,28.28,33.79,20.82,21.44,21.89
2016-05-02 08:00:00,27.87,30.84,34.09,25.0,33.29,21.26,23.39,20.74
2016-05-02 09:00:00,28.87,31.45,34.96,27.79,34.17,22.29,24.95,22.46
2016-05-02 10:00:00,29.35,31.65,35.67,27.93,34.730000000000004,23.51,26.54,24.15
2016-05-02 11:00:00,29.79,31.71,35.74,28.53,34.89,24.07,26.65,27.51
2016-05-02 12:00:00,29.65,30.98,34.88,28.21,34.09,24.24,28.41,31.09
2016-05-02 13:00:00,29.58,31.02,34.88,27.41,34.06,25.11,28.89,33.5
2016-05-02 14:00:00,28.82,29.98,33.26,26.73,32.5,24.6,29.38,36.94
2016-05-02 15:00:00,28.46,30.33,32.07,25.25,31.51,25.39,30.56,39.24
2016-05-02 16:00:00,28.2,29.61,30.67,25.45,30.35,25.63,31.13,39.19
2016-05-02 17:00:00,27.06,28.28,29.63,23.68,29.33,24.56,28.73,37.11
2016-05-02 18:00:00,25.61,27.0,29.24,23.1,28.59,23.83,27.08,27.66
2016-05-02 19:00:00,28.89,30.09,33.82,24.97,33.37,25.55,27.65,28.88
2016-05-02 20:00:00,28.29,29.54,32.88,25.95,32.39,24.76,27.01,28.83
2016-05-02 21:00:00,23.23,23.81,26.07,21.74,25.47,21.65,23.51,23.34
2016-05-02 22:00:00,20.080000000000002,20.48,21.12,19.29,20.97,19.68,20.95,19.38
2016-05-02 23:00:00,18.64,19.25,19.990000000000002,17.73,20.04,18.0,19.19,18.09
2016-05-03 00:00:00,18.86,19.95,20.01,18.26,20.32,16.69,17.72,16.57
2016-05-03 01:00:00,18.240000000000002,19.25,19.740000000000002,17.67,19.95,16.21,17.28,15.97
2016-05-03 02:00:00,17.67,18.53,18.86,17.29,19.01,16.04,16.98,16.17
2016-05-03 03:00:00,17.72,18.86,19.13,17.13,19.32,15.83,16.78,15.95
2016-05-03 04:00:00,19.04,21.07,22.01,17.26,22.15,16.18,17.04,16.04
2016-05-03 05:00:00,23.15,25.77,28.21,18.1,29.42,17.84,18.87,17.69
2016-05-03 06:00:00,24.78,27.82,33.78,20.96,30.3,18.77,19.400000000000002,18.42
2016-05-03 07:00:00,25.97,27.64,35.47,24.08,31.01,19.45,20.28,19.17
2016-05-03 08:00:00,25.64,27.66,34.39,24.03,30.48,19.3,21.31,19.97
2016-05-03 09:00:00,26.29,28.35,35.24,24.77,31.05,19.740000000000002,22.23,20.93
2016-05-03 10:00:00,26.75,28.79,36.44,24.15,31.79,20.22,23.22,22.64
2016-05-03 11:00:00,26.42,28.01,35.72,23.43,31.23,20.62,23.79,25.59
2016-05-03 12:00:00,25.37,27.74,34.03,21.17,30.0,20.17,25.9,31.61
2016-05-03 13:00:00,23.95,26.82,31.74,18.13,28.53,20.98,27.44,36.46
2016-05-03 14:00:00,23.19,26.22,30.5,16.75,27.47,21.89,29.36,44.29
2016-05-03 15:00:00,22.57,26.67,27.49,15.37,27.07,22.82,30.93,47.38
2016-05-03 16:00:00,22.36,27.08,28.57,14.38,28.43,23.23,27.46,41.33
2016-05-03 17:00:00,21.61,26.0,27.32,13.82,27.36,23.14,25.11,37.47
2016-05-03 18:00:00,20.77,24.75,26.26,13.88,26.42,22.47,23.18,27.61
2016-05-03 19:00:00,22.74,27.56,29.2,16.53,28.58,23.93,23.56,27.71
2016-05-03 20:00:00,23.04,27.22,28.64,18.75,27.83,23.11,24.32,27.36
2016-05-03 21:00:00,20.06,23.39,24.78,15.96,24.24,20.07,20.95,22.72
2016-05-03 22:00:00,17.740000000000002,21.89,21.62,13.43,21.77,18.38,18.52,18.57
2016-05-03 23:00:00,14.66,19.63,18.92,8.98,19.68,15.78,16.89,17.55
2016-05-04 00:00:00,13.36,18.400000000000002,17.900000000000002,7.41,20.79,14.6,15.32,16.580000000000002
2016-05-04 01:00:00,12.6,17.6,17.51,6.67,20.29,13.67,14.33,16.17
2016-05-04 02:00:00,12.09,17.45,16.94,6.16,19.78,13.25,13.8,14.42
2016-05-04 03:00:00,12.78,18.29,17.51,6.92,20.53,13.83,14.32,15.63
2016-05-04 04:00:00,14.3,19.52,18.88,8.52,22.25,15.09,15.53,16.32
2016-05-04 05:00:00,19.72,22.83,23.79,15.43,35.1,17.87,18.73,18.05
2016-05-04 06:00:00,22.63,25.13,27.69,20.240000000000002,35.34,19.16,19.37,19.51
2016-05-04 07:00:00,23.87,26.71,29.26,22.18,35.54,19.47,19.68,19.98
2016-05-04 08:00:00,24.38,27.41,29.32,22.89,35.99,19.59,20.09,19.580000000000002
2016-05-04 09:00:00,24.38,28.63,28.88,23.15,36.49,19.66,20.42,20.07
2016-05-04 10:00:00,24.59,28.24,29.61,22.7,37.12,20.14,21.4,21.07
2016-05-04 11:00:00,24.39,27.38,29.07,22.41,36.72,20.5,22.99,22.82
2016-05-04 12:00:00,24.09,26.62,28.57,20.83,36.43,21.33,24.0,27.24
2016-05-04 13:00:00,24.02,25.1,28.48,20.48,36.97,21.18,25.27,32.32
2016-05-04 14:00:00,24.17,24.94,27.9,19.54,36.01,22.43,27.62,42.43
2016-05-04 15:00:00,24.64,24.3,27.18,19.82,35.660000000000004,23.33,30.05,49.05
2016-05-04 16:00:00,24.45,24.47,27.23,19.26,35.550000000000004,23.26,29.75,50.0
2016-05-04 17:00:00,23.72,23.02,26.14,18.580000000000002,33.6,23.03,28.83,42.17
2016-05-04 18:00:00,22.68,22.3,25.3,18.67,32.230000000000004,21.86,25.25,31.83
2016-05-04 19:00:00,25.63,24.64,28.39,22.46,36.01,23.78,26.63,31.88
2016-05-04 20:00:00,26.19,24.61,28.99,23.6,35.800000000000004,24.19,28.62,31.15
2016-05-04 21:00:00,21.95,22.8,24.37,19.82,25.77,21.47,22.83,24.78
2016-05-04 22:00:00,19.5,20.07,21.43,18.16,21.59,19.09,19.22,18.84
2016-05-04 23:00:00,17.92,18.19,19.77,16.61,19.91,17.150000000000002,18.44,18.06
2016-05-05 00:00:00,17.3,17.01,21.71,15.56,19.900000000000002,16.13,16.56,17.26
2016-05-05 01:00:00,16.44,15.87,20.49,14.7,18.85,15.48,15.82,16.98
2016-05-05 02:00:00,16.07,15.63,19.900000000000002,14.41,18.46,15.04,15.35,16.81
2016-05-05 03:00:00,16.490000000000002,17.25,20.91,14.56,19.39,15.06,15.39,16.69
2016-05-05 04:00:00,18.28,18.8,24.88,16.31,22.03,15.15,15.79,17.02
2016-05-05 05:00:00,22.88,23.5,33.57,17.84,34.2,18.44,18.92,18.47
2016-05-05 06:00:00,24.86,25.71,34.6,18.57,32.55,20.44,20.42,20.56
2016-05-05 07:00:00,25.74,26.81,33.0,23.44,31.9,20.16,21.27,20.44
2016-05-05 08:00:00,25.68,26.89,33.0,22.34,32.31,20.1,21.17,20.28
2016-05-05 09:00:00,25.49,26.57,30.83,23.17,31.52,20.69,21.95,21.1
2016-05-05 10:00:00,26.1,26.76,30.09,25.76,31.34,21.06,22.52,21.86
2016-05-05 11:00:00,26.32,27.21,29.5,26.46,30.72,21.22,23.0,23.35
2016-05-05 12:00:00,27.23,27.01,30.55,27.04,30.970000000000006,22.56,23.09,28.95
2016-05-05 13:00:00,26.91,26.44,30.88,26.3,29.82,23.17,23.53,31.9
2016-05-05 14:00:00,26.97,26.37,30.0,26.6,29.18,23.79,23.54,36.660000000000004
2016-05-05 15:00:00,27.08,26.19,29.79,25.87,29.3,24.88,24.94,41.09
2016-05-05 16:00:00,26.9,26.2,28.65,26.01,28.19,25.22,25.76,40.6
2016-05-05 17:00:00,25.5,25.0,27.54,24.87,27.06,21.29,25.75,39.31
2016-05-05 18:00:00,24.33,24.11,26.96,23.93,25.46,21.38,22.59,28.7
2016-05-05 19:00:00,25.91,26.37,30.09,24.97,28.5,22.16,23.08,25.57
2016-05-05 20:00:00,26.34,26.36,29.55,25.61,28.56,23.12,24.2,24.6
2016-05-05 21:00:00,22.31,22.29,25.73,21.12,23.33,20.28,21.33,21.12
2016-05-05 22:00:00,19.79,19.96,24.0,17.81,21.3,18.8,19.94,19.330000000000002
2016-05-05 23:00:00,17.51,17.990000000000002,22.42,13.25,19.97,17.740000000000002,18.45,18.23
2016-05-06 00:00:00,15.03,19.78,20.41,8.52,18.96,16.28,16.95,16.68
2016-05-06 01:00:00,13.38,19.51,19.96,5.85,17.89,14.69,15.43,15.35
2016-05-06 02:00:00,12.73,19.61,19.82,4.65,17.55,14.21,14.92,14.84
2016-05-06 03:00:00,12.96,19.62,20.31,4.84,18.0,14.48,15.2,15.12
2016-05-06 04:00:00,14.76,21.2,21.91,5.85,21.69,16.41,16.95,16.6
2016-05-06 05:00:00,20.94,25.28,28.08,13.91,38.32,18.67,19.09,18.91
2016-05-06 06:00:00,22.9,27.0,29.82,18.05,34.76,20.0,19.31,19.95
2016-05-06 07:00:00,24.25,26.69,30.17,21.98,34.44,20.38,21.07,20.13
2016-05-06 08:00:00,25.22,26.89,30.52,22.95,34.44,20.63,21.37,21.0
2016-05-06 09:00:00,25.49,27.61,30.09,24.25,33.2,21.18,22.01,21.2
2016-05-06 10:00:00,25.83,26.96,29.97,24.42,32.46,21.68,22.38,21.82
2016-05-06 11:00:00,26.05,26.99,30.49,24.62,33.32,22.18,23.03,22.08
2016-05-06 12:00:00,25.99,28.49,31.14,23.94,34.39,22.34,23.48,31.0
2016-05-06 13:00:00,25.75,27.91,30.54,23.57,32.660000000000004,24.82,26.17,35.410000000000004
2016-05-06 14:00:00,26.33,26.76,30.61,23.92,33.04,23.96,27.14,44.54
2016-05-06 15:00:00,27.04,26.87,29.92,24.47,32.5,23.38,32.29,50.0
2016-05-06 16:00:00,27.04,26.47,29.96,23.86,30.88,23.53,32.54,50.0
2016-05-06 17:00:00,25.46,25.68,27.79,22.16,28.22,24.09,29.07,42.0
2016-05-06 18:00:00,22.64,22.71,25.48,19.78,25.9,22.76,23.43,25.77
2016-05-06 19:00:00,24.19,24.79,27.84,21.96,28.15,22.71,23.67,23.09
2016-05-06 20:00:00,25.25,24.64,28.95,22.9,28.93,24.08,24.42,23.83
2016-05-06 21:00:00,21.31,22.06,24.08,19.59,23.31,20.66,21.72,21.17
2016-05-06 22:00:00,19.26,20.150000000000002,22.51,15.66,21.92,19.76,20.32,20.25
2016-05-06 23:00:00,17.51,19.28,20.65,14.16,19.91,18.03,18.740000000000002,18.47
2016-05-07 00:00:00,12.68,24.28,17.89,5.76,16.1,14.88,15.03,17.0
2016-05-07 01:00:00,11.71,23.69,17.650000000000002,3.95,15.69,14.31,14.37,16.51
2016-05-07 02:00:00,11.1,22.83,17.27,3.41,15.32,13.51,13.98,16.31
2016-05-07 03:00:00,10.95,22.82,17.18,3.06,15.33,13.45,13.95,16.03
2016-05-07 04:00:00,11.44,23.49,17.45,3.57,16.22,13.98,13.89,16.2
2016-05-07 05:00:00,13.54,23.24,17.59,7.49,17.43,15.34,15.56,16.81
2016-05-07 06:00:00,15.87,22.18,18.96,11.18,20.39,16.55,16.830000000000002,17.36
2016-05-07 07:00:00,18.87,24.21,23.75,15.35,23.6,16.9,17.59,18.240000000000002
2016-05-07 08:00:00,20.67,24.61,25.56,18.2,25.03,18.88,19.01,19.1
2016-05-07 09:00:00,21.37,26.11,26.69,18.2,26.77,19.26,19.6,18.76
2016-05-07 10:00:00,22.34,25.91,26.71,20.240000000000002,27.75,20.0,20.95,20.92
2016-05-07 11:00:00,22.89,25.14,27.04,20.150000000000002,28.19,21.75,22.61,22.75
2016-05-07 12:00:00,23.16,25.03,26.07,20.74,27.99,22.65,23.54,24.1
2016-05-07 13:00:00,23.39,25.2,26.32,20.83,28.66,22.87,23.48,28.65
2016-05-07 14:00:00,24.24,26.08,26.94,20.96,28.58,24.2,24.23,40.11
2016-05-07 15:00:00,25.01,26.44,27.83,21.94,29.78,24.86,24.66,44.65
2016-05-07 16:00:00,25.8,27.09,28.41,22.52,30.8,25.87,26.21,46.96
2016-05-07 17:00:00,25.57,26.33,28.07,23.05,29.92,25.75,26.81,29.41
2016-05-07 18:00:00,23.56,24.49,26.39,20.97,27.05,23.34,24.19,24.23
2016-05-07 19:00:00,24.5,25.31,27.26,21.74,28.29,24.23,25.09,25.14
2016-05-07 20:00:00,25.09,25.88,28.01,22.87,28.99,24.61,25.46,25.48
2016-05-07 21:00:00,21.83,22.42,24.06,20.3,23.21,21.26,21.94,22.07
2016-05-07 22:00:00,19.38,20.23,20.93,17.86,20.7,19.31,19.82,19.54
2016-05-07 23:00:00,17.87,19.28,19.25,16.240000000000002,19.03,17.01,17.5,17.76
2016-05-08 00:00:00,16.54,17.25,17.66,15.22,17.44,15.68,16.27,16.85
2016-05-08 01:00:00,15.43,15.77,16.37,13.88,16.16,15.01,15.56,16.09
2016-05-08 02:00:00,14.43,15.1,15.3,12.74,15.15,14.23,14.58,14.58
2016-05-08 03:00:00,14.49,15.33,15.48,12.48,15.28,14.05,14.76,14.8
2016-05-08 04:00:00,14.84,15.88,16.04,12.36,15.84,13.98,14.72,14.76
2016-05-08 05:00:00,15.98,17.19,17.39,13.46,17.22,15.2,15.62,15.65
2016-05-08 06:00:00,17.54,18.97,20.14,16.18,19.84,15.32,15.65,15.78
2016-05-08 07:00:00,18.78,20.91,22.07,17.71,21.66,15.38,16.080000000000002,16.29
2016-05-08 08:00:00,20.39,22.46,24.05,19.27,23.28,17.080000000000002,17.490000000000002,18.02
2016-05-08 09:00:00,20.77,23.17,23.66,19.75,22.88,18.56,19.31,18.91
2016-05-08 10:00:00,21.36,23.31,23.93,20.09,23.18,19.64,20.25,20.56
2016-05-08 11:00:00,21.75,23.24,23.2,20.68,22.74,20.63,21.34,21.36
2016-05-08 12:00:00,21.25,23.68,23.3,18.88,22.81,21.57,21.95,22.01
2016-05-08 13:00:00,21.36,23.79,23.88,17.87,23.63,22.22,22.91,23.41
2016-05-08 14:00:00,21.8,24.83,24.11,17.5,24.24,23.86,24.46,25.05
2016-05-08 15:00:00,22.63,25.76,25.14,17.47,24.84,25.66,27.42,27.42
2016-05-08 16:00:00,23.26,26.76,26.19,17.98,25.55,26.06,27.95,28.1
2016-05-08 17:00:00,23.51,26.52,26.69,18.02,25.88,26.42,27.64,27.72
2016-05-08 18:00:00,23.18,25.4,26.31,18.32,25.32,25.15,26.36,26.41
2016-05-08 19:00:00,24.22,26.8,26.77,18.95,26.83,26.16,26.78,26.45
2016-05-08 20:00:00,25.05,29.26,27.68,19.85,27.54,26.83,28.14,27.93
2016-05-08 21:00:00,20.55,23.78,23.38,17.5,23.05,21.38,22.33,23.07
2016-05-08 22:00:00,17.82,21.6,19.78,15.13,19.75,18.6,19.41,19.37
2016-05-08 23:00:00,15.5,20.57,17.8,10.82,17.88,17.01,17.75,17.46
2016-05-09 00:00:00,12.96,22.78,15.85,6.52,16.02,16.17,17.07,17.3
2016-05-09 01:00:00,11.73,21.15,14.83,4.49,14.96,15.53,16.31,16.56
2016-05-09 02:00:00,11.01,21.6,14.29,3.72,14.42,14.6,15.12,15.78
2016-05-09 03:00:00,11.34,21.96,14.66,3.95,14.73,14.93,15.64,16.25
2016-05-09 04:00:00,13.41,22.11,18.37,5.61,19.0,15.33,16.17,16.080000000000002
2016-05-09 05:00:00,17.36,24.5,25.39,8.61,27.66,17.26,17.76,18.27
2016-05-09 06:00:00,20.78,26.43,30.95,13.12,31.61,17.95,17.95,17.82
2016-05-09 07:00:00,21.55,26.82,29.83,14.67,30.0,19.02,19.92,19.82
2016-05-09 08:00:00,22.51,27.22,31.23,16.29,31.46,19.45,20.43,19.8
2016-05-09 09:00:00,22.82,28.28,32.25,15.99,32.59,20.92,20.76,20.44
2016-05-09 10:00:00,23.23,26.8,28.45,16.76,29.56,24.33,26.11,24.89
2016-05-09 11:00:00,23.55,26.97,28.28,16.38,29.85,25.28,27.81,28.05
2016-05-09 12:00:00,24.32,27.58,28.93,16.87,30.43,25.86,28.66,35.72
2016-05-09 13:00:00,23.87,26.1,27.23,16.82,29.1,26.34,28.49,38.44
2016-05-09 14:00:00,23.79,26.2,26.95,17.04,28.4,25.77,28.21,46.4
2016-05-09 15:00:00,24.46,26.23,28.05,18.02,28.3,25.99,29.5,54.3
2016-05-09 16:00:00,24.59,26.23,28.47,17.39,28.72,27.2,30.59,53.29
2016-05-09 17:00:00,24.45,25.63,27.35,17.38,27.21,28.37,35.06,51.6
2016-05-09 18:00:00,22.91,24.1,25.85,17.29,25.92,25.94,30.41,31.9
2016-05-09 19:00:00,24.29,26.12,27.71,18.490000000000002,27.71,26.9,30.01,30.7
2016-05-09 20:00:00,24.88,26.53,27.61,19.76,27.51,26.57,30.56,30.77
2016-05-09 21:00:00,21.4,22.84,24.01,17.990000000000002,23.72,22.13,23.88,24.49
2016-05-09 22:00:00,18.66,20.97,21.28,15.28,21.11,18.95,19.13,18.76
2016-05-09 23:00:00,16.27,19.56,18.57,12.63,18.53,17.01,17.75,17.66
2016-05-10 00:00:00,14.98,16.22,16.990000000000002,12.21,17.080000000000002,15.64,16.830000000000002,16.79
2016-05-10 01:00:00,14.04,14.76,15.69,11.88,15.92,14.37,15.44,16.64
2016-05-10 02:00:00,13.47,14.32,14.83,11.85,14.98,13.45,14.2,16.14
2016-05-10 03:00:00,14.25,15.16,15.68,12.54,15.860000000000003,14.25,15.01,16.12
2016-05-10 04:00:00,16.73,17.650000000000002,18.05,14.62,18.35,16.76,17.44,17.45
2016-05-10 05:00:00,20.2,22.09,22.75,17.91,23.52,18.8,20.03,19.48
2016-05-10 06:00:00,22.4,23.25,23.96,20.49,25.38,20.72,20.5,20.77
2016-05-10 07:00:00,23.68,25.0,26.05,22.47,27.24,20.13,21.74,20.83
2016-05-10 08:00:00,24.46,24.96,27.05,23.95,28.6,20.46,22.22,23.58
2016-05-10 09:00:00,24.77,25.38,27.15,23.75,28.81,21.47,22.75,25.29
2016-05-10 10:00:00,26.7,26.28,27.74,24.96,29.47,25.42,27.98,34.72
2016-05-10 11:00:00,28.09,27.24,28.48,26.21,29.95,27.0,30.42,46.02
2016-05-10 12:00:00,28.96,27.61,28.89,25.84,29.9,29.56,35.01,51.12
2016-05-10 13:00:00,29.79,27.69,29.06,26.04,29.88,32.33,40.02,60.68
2016-05-10 14:00:00,30.45,27.48,28.92,26.27,29.39,34.660000000000004,44.7,78.0
2016-05-10 15:00:00,31.51,27.95,29.43,26.63,29.33,37.47,49.48,88.92
2016-05-10 16:00:00,32.160000000000004,29.13,30.0,27.14,29.75,39.03,52.17,84.97
2016-05-10 17:00:00,30.67,28.61,30.3,24.55,28.95,35.86,47.2,81.25
2016-05-10 18:00:00,26.78,25.81,27.13,21.29,26.46,29.8,37.13,51.78
2016-05-10 19:00:00,27.65,27.38,28.77,21.76,28.07,29.18,34.89,46.02
2016-05-10 20:00:00,27.41,27.21,28.15,22.49,28.38,28.53,33.81,41.6
2016-05-10 21:00:00,22.91,22.96,23.84,20.11,23.65,22.48,25.84,31.13
2016-05-10 22:00:00,20.1,21.31,21.46,17.830000000000002,21.22,19.76,21.56,20.92
2016-05-10 23:00:00,18.6,19.75,19.96,15.48,20.09,18.52,19.490000000000002,19.51
2016-05-11 00:00:00,16.12,16.48,16.86,14.3,16.91,15.72,16.9,18.79
2016-05-11 01:00:00,14.51,15.1,15.47,12.59,15.39,14.14,14.91,18.900000000000002
2016-05-11 02:00:00,14.12,14.34,14.65,13.27,14.64,13.36,14.34,18.55
2016-05-11 03:00:00,14.48,14.85,15.32,13.14,15.24,14.06,14.78,18.35
2016-05-11 04:00:00,16.55,16.93,17.88,14.08,18.12,16.1,17.05,18.47
2016-05-11 05:00:00,19.490000000000002,19.68,21.08,17.34,22.44,18.3,19.51,19.14
2016-05-11 06:00:00,21.03,21.96,22.63,17.98,23.22,20.64,20.9,20.67
2016-05-11 07:00:00,22.94,23.93,25.32,20.95,25.0,20.69,22.03,21.75
2016-05-11 08:00:00,23.35,24.56,25.45,21.23,25.36,21.71,23.52,24.08
2016-05-11 09:00:00,23.58,25.0,25.47,20.42,26.02,22.76,23.65,25.79
2016-05-11 10:00:00,25.49,26.2,26.94,22.12,27.4,24.11,26.37,37.49
2016-05-11 11:00:00,26.71,27.52,28.31,22.17,28.78,25.52,27.44,46.26
2016-05-11 12:00:00,28.07,28.87,29.61,23.01,30.12,26.65,28.76,55.57
2016-05-11 13:00:00,29.12,29.03,30.39,23.0,30.92,28.89,43.0,65.68
2016-05-11 14:00:00,30.6,29.74,31.15,23.34,31.43,32.27,50.05,80.95
2016-05-11 15:00:00,32.28,29.64,32.58,23.69,32.59,35.7,67.65,86.5
2016-05-11 16:00:00,32.21,29.5,32.25,23.38,32.51,37.17,71.12,82.5
2016-05-11 17:00:00,29.63,27.15,29.46,21.67,29.78,33.27,59.02,72.7
2016-05-11 18:00:00,26.31,24.87,26.83,21.62,26.98,26.45,45.75,56.67
2016-05-11 19:00:00,26.75,25.98,27.85,21.73,27.96,27.48,36.230000000000004,39.83
2016-05-11 20:00:00,26.34,25.81,27.52,21.81,27.6,26.65,35.12,38.4
2016-05-11 21:00:00,21.96,22.2,22.94,18.66,23.17,21.62,23.54,31.45
2016-05-11 22:00:00,19.23,20.240000000000002,20.84,16.37,20.56,19.31,20.34,21.17
2016-05-11 23:00:00,17.2,18.81,19.19,12.88,18.92,18.0,18.34,19.26
2016-05-12 00:00:00,17.17,18.900000000000002,18.31,14.59,18.37,17.42,18.53,19.16
2016-05-12 01:00:00,15.56,18.18,17.23,11.76,17.150000000000002,16.19,16.81,18.13
2016-05-12 02:00:00,14.23,18.0,15.79,10.06,15.79,14.8,15.66,17.63
2016-05-12 03:00:00,14.53,17.92,16.29,10.31,16.23,15.24,15.82,16.990000000000002
2016-05-12 04:00:00,16.0,19.150000000000002,18.32,10.73,19.0,16.79,17.56,17.2
2016-05-12 05:00:00,18.47,21.71,21.16,13.06,22.99,18.490000000000002,19.36,19.0
2016-05-12 06:00:00,20.150000000000002,23.74,22.75,14.28,23.95,20.67,20.68,19.84
2016-05-12 07:00:00,21.66,26.03,24.72,17.990000000000002,24.79,20.25,21.07,21.71
2016-05-12 08:00:00,21.4,27.2,24.79,16.27,25.33,20.93,21.44,22.57
2016-05-12 09:00:00,21.49,27.61,24.93,14.42,26.7,22.02,22.18,22.99
2016-05-12 10:00:00,22.53,30.94,26.46,14.44,28.26,23.15,25.35,27.9
2016-05-12 11:00:00,23.3,31.51,27.56,13.62,30.33,24.97,27.27,35.13
2016-05-12 12:00:00,23.92,30.98,27.79,13.74,30.56,25.81,29.44,41.13
2016-05-12 13:00:00,24.9,32.24,28.15,14.06,30.93,28.0,34.410000000000004,55.0
2016-05-12 14:00:00,25.44,31.84,27.87,13.82,30.61,29.41,39.04,65.03
2016-05-12 15:00:00,26.15,31.77,28.09,14.39,30.69,31.03,46.74,69.0
2016-05-12 16:00:00,25.7,30.25,27.39,14.95,29.86,29.55,43.51,69.60000000000001
2016-05-12 17:00:00,24.41,28.01,26.26,14.97,28.24,25.71,36.65,61.94000000000001
2016-05-12 18:00:00,22.44,25.18,24.71,16.47,26.33,23.09,26.93,40.02
2016-05-12 19:00:00,23.31,25.23,25.47,17.95,26.7,22.95,26.34,35.28
2016-05-12 20:00:00,24.12,25.28,25.65,20.71,26.3,23.12,26.35,31.76
2016-05-12 21:00:00,21.58,21.77,22.34,18.66,23.05,21.07,23.22,24.35
2016-05-12 22:00:00,19.7,20.28,20.98,17.95,20.96,19.35,20.38,19.86
2016-05-12 23:00:00,18.37,19.09,19.740000000000002,16.66,19.53,17.89,18.14,18.05
2016-05-13 00:00:00,18.26,19.79,19.25,16.36,19.98,17.8,18.44,18.35
2016-05-13 01:00:00,17.38,19.31,18.38,15.47,18.77,16.95,17.44,17.39
2016-05-13 02:00:00,16.53,18.78,17.45,14.48,17.47,16.36,16.79,16.76
2016-05-13 03:00:00,16.62,18.79,17.81,14.57,17.93,16.05,16.65,16.37
2016-05-13 04:00:00,18.13,21.05,19.21,16.06,20.13,17.17,17.94,17.66
2016-05-13 05:00:00,20.53,25.05,22.98,17.490000000000002,24.37,18.22,19.63,18.92
2016-05-13 06:00:00,22.97,26.68,25.08,18.580000000000002,27.09,20.98,21.18,20.03
2016-05-13 07:00:00,24.29,26.76,26.95,20.27,27.04,20.53,21.4,20.89
2016-05-13 08:00:00,23.88,28.01,26.71,18.52,27.25,20.18,21.92,22.7
2016-05-13 09:00:00,23.6,27.96,26.52,17.92,26.93,21.58,22.77,22.61
2016-05-13 10:00:00,24.23,28.91,26.74,17.37,26.98,23.4,25.21,23.95
2016-05-13 11:00:00,24.42,29.71,25.97,17.87,26.65,24.12,27.04,27.44
2016-05-13 12:00:00,24.66,31.31,26.32,17.69,26.72,24.95,28.17,30.59
2016-05-13 13:00:00,24.77,32.38,27.37,17.18,27.39,25.35,31.39,34.9
2016-05-13 14:00:00,24.34,32.99,27.36,16.490000000000002,27.36,24.92,33.67,38.54
2016-05-13 15:00:00,23.81,36.24,27.45,14.64,27.09,25.08,35.95,41.95
2016-05-13 16:00:00,23.06,35.17,26.94,13.37,26.51,24.84,34.37,40.9
2016-05-13 17:00:00,21.54,33.33,25.74,11.99,25.27,23.77,31.0,36.62
2016-05-13 18:00:00,19.63,31.720000000000006,24.1,10.88,23.84,22.34,25.46,28.72
2016-05-13 19:00:00,19.94,32.38,24.6,10.96,24.39,22.7,24.22,26.4
2016-05-13 20:00:00,20.31,32.14,24.73,12.0,24.63,22.45,23.98,25.36
2016-05-13 21:00:00,18.62,26.59,22.07,12.1,22.05,20.12,21.47,21.74
2016-05-13 22:00:00,17.21,23.77,20.39,11.12,20.330000000000002,19.11,20.18,20.45
2016-05-13 23:00:00,16.13,22.57,19.1,10.91,19.19,17.3,18.57,18.87
2016-05-14 00:00:00,13.75,18.17,17.03,7.25,17.41,17.990000000000002,18.740000000000002,19.23
2016-05-14 01:00:00,12.48,17.44,15.39,5.95,15.91,16.72,17.400000000000002,17.77
2016-05-14 02:00:00,11.36,16.52,14.38,4.74,14.85,15.31,15.97,16.57
2016-05-14 03:00:00,11.27,16.490000000000002,14.25,4.93,14.77,15.06,15.59,16.18
2016-05-14 04:00:00,12.74,17.46,15.66,7.06,16.26,15.38,16.09,16.51
2016-05-14 05:00:00,14.3,19.1,16.76,10.05,17.36,15.69,16.89,17.27
2016-05-14 06:00:00,15.42,22.15,18.91,8.700000000000001,20.42,17.650000000000002,18.62,17.64
2016-05-14 07:00:00,17.67,24.74,21.41,12.48,23.12,18.080000000000002,19.39,18.23
2016-05-14 08:00:00,18.35,26.83,22.49,12.54,24.2,19.2,20.44,19.34
2016-05-14 09:00:00,18.78,29.01,23.18,12.14,24.5,20.01,21.44,21.93
2016-05-14 10:00:00,18.67,29.39,22.98,11.4,25.0,20.83,22.41,23.02
2016-05-14 11:00:00,18.55,27.58,22.96,10.0,25.0,22.26,23.97,23.71
2016-05-14 12:00:00,18.69,26.37,23.03,9.47,24.63,22.5,26.18,27.32
2016-05-14 13:00:00,18.81,27.18,22.86,8.45,24.64,22.06,29.28,34.32
2016-05-14 14:00:00,18.98,26.72,22.88,8.05,24.53,21.08,32.49,39.75
2016-05-14 15:00:00,19.31,26.61,22.86,7.51,24.58,20.8,37.04,48.21
2016-05-14 16:00:00,19.71,26.55,23.13,8.11,24.38,20.75,38.33,50.61
2016-05-14 17:00:00,19.740000000000002,25.43,23.05,9.22,24.1,21.91,35.54,45.34
2016-05-14 18:00:00,19.76,24.64,22.72,13.16,23.4,22.14,26.48,29.15
2016-05-14 19:00:00,21.68,24.31,23.83,17.740000000000002,24.12,22.77,25.21,26.45
2016-05-14 20:00:00,23.54,24.68,25.33,20.94,25.09,23.08,25.2,25.66
2016-05-14 21:00:00,21.76,22.18,22.78,19.93,22.79,21.73,22.84,22.78
2016-05-14 22:00:00,19.42,19.8,20.79,17.91,20.71,19.3,19.92,20.0
2016-05-14 23:00:00,18.41,18.66,19.14,17.77,18.96,18.06,18.5,18.31
2016-05-15 00:00:00,15.9,16.2,16.82,14.88,16.67,15.45,15.97,16.59
2016-05-15 01:00:00,14.61,14.61,15.38,13.85,15.19,14.11,14.63,15.14
2016-05-15 02:00:00,13.65,13.65,14.36,12.94,14.2,13.19,13.67,14.15
2016-05-15 03:00:00,14.02,14.03,14.76,13.29,14.59,13.55,14.05,14.53
2016-05-15 04:00:00,14.64,14.57,15.38,13.91,15.21,14.13,14.66,15.21
2016-05-15 05:00:00,15.1,15.1,15.9,14.31,15.7,14.58,15.12,15.64
2016-05-15 06:00:00,16.14,16.25,17.11,14.84,17.2,15.44,16.05,16.59
2016-05-15 07:00:00,17.93,18.19,18.900000000000002,16.72,19.22,16.67,17.64,18.080000000000002
2016-05-15 08:00:00,19.240000000000002,19.79,20.41,17.73,20.58,18.16,19.04,18.53
2016-05-15 09:00:00,19.86,20.35,20.9,17.96,21.06,19.47,19.990000000000002,19.94
2016-05-15 10:00:00,19.95,20.8,20.99,17.96,21.2,19.61,20.13,20.09
2016-05-15 11:00:00,19.96,20.38,20.9,18.04,21.1,19.75,20.21,20.38
2016-05-15 12:00:00,20.1,20.63,21.11,17.72,21.36,19.96,20.42,20.92
2016-05-15 13:00:00,19.84,20.66,21.44,16.77,21.58,20.17,21.37,22.47
2016-05-15 14:00:00,19.82,20.54,21.14,16.44,21.15,20.58,21.33,22.57
2016-05-15 15:00:00,20.26,20.92,21.45,16.52,21.33,20.7,22.98,26.42
2016-05-15 16:00:00,20.99,21.36,22.01,17.85,21.85,20.9,23.62,28.14
2016-05-15 17:00:00,21.43,22.14,22.53,18.01,22.39,21.19,23.98,26.84
2016-05-15 18:00:00,21.75,22.56,22.76,18.080000000000002,22.69,21.83,22.61,22.99
2016-05-15 19:00:00,23.01,24.13,24.04,20.34,23.85,22.57,23.39,23.48
2016-05-15 20:00:00,25.0,26.58,26.23,22.97,25.87,23.45,25.3,25.38
2016-05-15 21:00:00,21.76,22.75,22.7,19.900000000000002,22.51,21.39,22.06,21.99
2016-05-15 22:00:00,18.92,18.990000000000002,19.45,17.990000000000002,19.330000000000002,18.150000000000002,18.79,18.8
2016-05-15 23:00:00,17.61,17.91,18.51,16.72,18.43,17.14,17.44,17.3
2016-05-16 00:00:00,15.92,16.9,16.91,14.63,16.73,15.37,16.27,16.76
2016-05-16 01:00:00,14.53,15.89,15.84,12.47,15.59,14.44,15.19,15.96
2016-05-16 02:00:00,13.92,15.32,15.19,11.95,14.95,13.84,14.56,15.3
2016-05-16 03:00:00,14.89,16.34,16.080000000000002,12.4,16.25,14.73,15.3,15.51
2016-05-16 04:00:00,17.240000000000002,19.27,19.09,13.95,19.97,16.57,16.98,16.54
2016-05-16 05:00:00,20.330000000000002,25.69,23.26,16.57,26.21,17.59,18.77,18.48
2016-05-16 06:00:00,22.79,32.31,26.05,18.77,28.88,19.81,20.96,19.96
2016-05-16 07:00:00,25.04,30.72,27.2,22.67,29.61,21.08,22.34,21.7
2016-05-16 08:00:00,25.75,31.09,27.93,23.72,28.2,21.71,23.76,22.88
2016-05-16 09:00:00,25.21,30.07,27.02,22.98,26.72,22.14,24.36,23.31
2016-05-16 10:00:00,26.16,32.11,27.86,23.65,27.96,23.87,25.55,24.48
2016-05-16 11:00:00,26.57,30.54,27.99,23.87,27.58,25.53,28.86,28.06
2016-05-16 12:00:00,26.74,30.37,28.15,23.35,27.63,26.07,27.92,28.18
2016-05-16 13:00:00,26.27,29.25,27.43,22.91,27.0,26.09,28.99,30.14
2016-05-16 14:00:00,25.91,28.7,27.39,22.58,26.82,26.4,30.02,30.0
2016-05-16 15:00:00,25.76,28.32,27.3,22.01,26.37,27.22,31.17,31.16
2016-05-16 16:00:00,25.75,28.28,27.39,21.87,26.52,27.19,31.59,31.53
2016-05-16 17:00:00,25.26,28.78,27.14,21.47,26.67,25.0,29.61,28.73
2016-05-16 18:00:00,23.83,27.03,25.66,20.07,25.27,23.64,26.79,26.67
2016-05-16 19:00:00,25.02,28.49,26.86,21.62,26.52,24.0,26.9,26.74
2016-05-16 20:00:00,25.69,28.42,27.33,23.07,26.97,24.5,27.33,27.34
2016-05-16 21:00:00,22.43,24.3,23.08,20.54,23.12,22.18,23.05,23.15
2016-05-16 22:00:00,19.330000000000002,19.740000000000002,20.05,18.07,19.92,18.92,19.77,19.14
2016-05-16 23:00:00,18.12,18.740000000000002,19.03,17.29,18.79,17.650000000000002,18.52,18.06
2016-05-17 00:00:00,16.85,18.11,18.0,15.33,18.240000000000002,16.35,17.04,17.17
2016-05-17 01:00:00,15.29,17.150000000000002,16.47,13.73,16.57,14.95,15.69,15.42
2016-05-17 02:00:00,14.42,16.07,15.47,13.3,15.54,13.98,14.69,14.4
2016-05-17 03:00:00,14.94,17.57,16.25,13.39,16.46,14.46,15.39,16.04
2016-05-17 04:00:00,16.82,20.3,18.82,14.69,19.31,16.330000000000002,16.92,16.76
2016-05-17 05:00:00,19.84,25.57,21.79,17.830000000000002,22.98,17.650000000000002,18.86,18.150000000000002
2016-05-17 06:00:00,22.32,30.970000000000006,24.97,19.53,25.65,19.36,20.6,19.93
2016-05-17 07:00:00,23.38,31.31,25.12,21.38,25.36,19.89,21.29,20.86
2016-05-17 08:00:00,23.49,31.65,25.82,21.57,25.61,19.51,21.35,20.79
2016-05-17 09:00:00,23.67,32.230000000000004,25.64,20.9,25.22,21.26,22.32,22.57
2016-05-17 10:00:00,24.41,33.92,26.42,21.35,25.98,22.58,24.66,23.98
2016-05-17 11:00:00,24.48,33.02,26.0,21.18,25.71,23.07,23.79,32.480000000000004
2016-05-17 12:00:00,24.86,33.480000000000004,26.68,20.81,26.69,23.62,24.4,38.65
2016-05-17 13:00:00,24.64,32.27,26.08,20.96,26.1,24.05,25.21,41.0
2016-05-17 14:00:00,24.27,31.63,26.13,19.85,25.97,23.43,25.63,45.0
2016-05-17 15:00:00,24.48,30.72,25.84,20.16,25.8,23.88,26.15,49.56
2016-05-17 16:00:00,24.5,30.24,25.84,20.03,25.8,24.0,26.3,50.1
2016-05-17 17:00:00,23.93,28.52,25.18,19.76,25.07,23.88,26.21,43.45
2016-05-17 18:00:00,22.41,26.33,23.67,18.76,23.55,22.3,24.45,27.97
2016-05-17 19:00:00,23.4,27.86,24.65,20.240000000000002,24.34,22.83,25.1,27.04
2016-05-17 20:00:00,24.36,28.91,25.84,20.41,25.33,23.72,26.0,29.57
2016-05-17 21:00:00,21.07,24.38,22.47,18.02,22.05,20.57,22.7,22.95
2016-05-17 22:00:00,18.72,19.75,19.82,16.89,20.21,18.23,19.17,19.43
2016-05-17 23:00:00,17.35,18.5,18.94,13.31,19.080000000000002,16.85,18.23,18.09
2016-05-18 00:00:00,16.19,18.48,17.13,13.41,17.05,15.89,16.55,16.34
2016-05-18 01:00:00,15.4,17.62,16.46,12.46,16.25,14.98,15.63,16.28
2016-05-18 02:00:00,14.89,17.0,15.83,12.42,15.59,14.4,15.03,15.96
2016-05-18 03:00:00,15.38,17.53,16.28,12.45,16.03,14.87,15.57,15.48
2016-05-18 04:00:00,16.98,20.25,18.64,12.64,18.97,15.98,16.830000000000002,16.96
2016-05-18 05:00:00,20.05,25.96,21.52,16.28,22.51,17.44,18.29,17.59
2016-05-18 06:00:00,23.2,35.06,27.9,18.18,26.03,18.400000000000002,19.89,18.82
2016-05-18 07:00:00,24.19,35.19,29.05,20.63,26.45,19.28,21.04,20.13
2016-05-18 08:00:00,24.39,35.58,29.19,20.98,26.73,19.09,20.9,19.98
2016-05-18 09:00:00,24.71,35.64,29.34,20.81,26.5,20.59,21.57,21.87
2016-05-18 10:00:00,25.17,35.37,29.59,21.61,26.51,22.06,23.04,23.35
2016-05-18 11:00:00,25.6,34.52,29.22,22.68,26.45,23.99,24.92,25.71
2016-05-18 12:00:00,25.6,34.79,29.5,20.63,26.73,24.21,26.1,26.79
2016-05-18 13:00:00,25.76,34.19,28.92,21.5,26.44,24.36,27.39,30.69
2016-05-18 14:00:00,25.68,34.09,28.77,20.5,26.28,24.59,27.78,37.160000000000004
2016-05-18 15:00:00,25.53,33.35,28.97,20.38,25.95,24.72,28.54,42.0
2016-05-18 16:00:00,25.44,33.0,28.56,20.02,25.8,25.05,28.55,47.3
2016-05-18 17:00:00,24.7,31.91,28.08,19.02,25.34,24.37,27.83,34.550000000000004
2016-05-18 18:00:00,23.48,30.03,26.57,17.900000000000002,24.29,23.19,25.41,26.91
2016-05-18 19:00:00,24.43,32.43,28.08,17.97,25.6,23.62,25.96,26.57
2016-05-18 20:00:00,25.47,34.35,29.1,19.57,26.6,24.45,26.55,28.02
2016-05-18 21:00:00,21.76,27.2,24.68,17.77,22.66,20.87,22.41,22.73
2016-05-18 22:00:00,18.490000000000002,21.13,19.84,16.06,19.62,17.97,18.67,18.740000000000002
2016-05-18 23:00:00,17.240000000000002,20.07,18.5,13.63,18.48,17.240000000000002,17.900000000000002,17.650000000000002
2016-05-19 00:00:00,15.19,17.87,16.55,12.64,16.57,15.46,16.07,15.85
2016-05-19 01:00:00,14.1,16.69,15.69,12.47,15.59,14.32,14.83,14.59
2016-05-19 02:00:00,13.74,16.1,15.34,13.46,15.18,13.73,14.53,14.84
2016-05-19 03:00:00,13.87,16.43,15.52,13.18,15.42,14.17,14.67,14.45
2016-05-19 04:00:00,15.71,18.490000000000002,17.72,14.37,17.5,15.84,16.39,16.66
2016-05-19 05:00:00,18.73,23.08,21.21,15.44,22.0,17.34,18.29,18.39
2016-05-19 06:00:00,21.14,29.71,23.96,16.46,24.84,20.05,20.02,18.990000000000002
2016-05-19 07:00:00,22.53,29.75,24.28,20.31,24.15,20.11,21.0,20.95
2016-05-19 08:00:00,23.17,30.54,25.25,20.73,24.62,20.5,21.79,21.44
2016-05-19 09:00:00,23.01,30.57,24.95,20.28,24.21,20.91,22.78,22.11
2016-05-19 10:00:00,23.27,31.35,25.33,20.06,24.78,21.62,23.7,22.53
2016-05-19 11:00:00,23.06,30.44,24.79,19.39,24.34,22.19,24.11,24.88
2016-05-19 12:00:00,23.31,31.29,25.0,18.23,24.53,23.18,25.15,25.35
2016-05-19 13:00:00,23.49,31.54,25.14,19.2,24.68,23.6,26.08,25.78
2016-05-19 14:00:00,23.16,31.220000000000006,24.96,17.96,24.62,23.62,26.56,26.37
2016-05-19 15:00:00,23.31,31.55,24.9,17.55,24.71,23.86,28.08,29.95
2016-05-19 16:00:00,23.41,35.58,25.03,17.66,24.82,22.95,27.71,31.77
2016-05-19 17:00:00,22.8,33.87,24.7,17.67,24.38,22.87,24.82,26.63
2016-05-19 18:00:00,21.7,30.89,23.99,17.07,23.48,20.61,22.8,22.48
2016-05-19 19:00:00,22.37,33.9,24.9,17.25,24.32,20.81,22.91,22.76
2016-05-19 20:00:00,23.01,36.01,24.8,17.96,24.94,21.41,23.36,23.33
2016-05-19 21:00:00,19.62,27.4,21.92,15.4,21.57,19.76,20.330000000000002,20.45
2016-05-19 22:00:00,17.18,23.52,19.18,13.68,19.27,18.41,18.47,18.490000000000002
2016-05-19 23:00:00,14.89,21.69,17.19,9.78,17.67,17.31,17.900000000000002,18.06
2016-05-20 00:00:00,13.11,21.71,15.05,8.8,16.23,14.73,15.25,16.330000000000002
2016-05-20 01:00:00,11.73,20.04,13.84,7.0,14.95,13.32,14.11,16.26
2016-05-20 02:00:00,11.22,19.1,13.1,6.62,14.25,12.57,13.03,15.45
2016-05-20 03:00:00,11.94,20.86,14.13,7.32,15.11,13.03,13.28,15.59
2016-05-20 04:00:00,14.39,24.4,16.35,10.07,17.25,14.86,15.47,16.15
2016-05-20 05:00:00,18.18,26.69,20.57,15.5,22.0,16.330000000000002,17.5,17.580000000000002
2016-05-20 06:00:00,20.31,31.36,22.83,16.7,23.68,18.240000000000002,19.1,18.830000000000002
2016-05-20 07:00:00,21.44,33.43,23.49,18.88,23.71,18.67,19.46,18.75
2016-05-20 08:00:00,21.75,31.4,24.35,18.54,24.07,18.79,19.94,19.55
2016-05-20 09:00:00,22.02,33.03,24.53,18.66,24.14,19.66,21.17,20.41
2016-05-20 10:00:00,22.32,33.06,24.33,19.61,24.23,20.5,22.0,21.23
2016-05-20 11:00:00,22.65,34.85,24.27,19.23,24.32,21.34,22.14,25.94
2016-05-20 12:00:00,22.56,34.78,24.35,17.73,24.35,21.58,22.62,30.35
2016-05-20 13:00:00,22.53,33.63,24.36,18.17,24.32,21.76,23.14,32.0
2016-05-20 14:00:00,22.51,32.76,24.4,17.490000000000002,24.52,21.67,24.17,38.480000000000004
2016-05-20 15:00:00,22.63,32.57,24.03,17.6,24.5,22.05,25.1,42.48
2016-05-20 16:00:00,22.4,31.27,23.75,18.2,24.12,21.46,25.13,45.7
2016-05-20 17:00:00,21.79,29.19,23.2,18.05,23.18,21.4,22.44,37.0
2016-05-20 18:00:00,20.96,27.37,22.31,17.53,22.3,20.64,22.64,25.95
2016-05-20 19:00:00,20.88,28.59,22.32,17.41,22.34,20.36,22.41,22.63
2016-05-20 20:00:00,21.49,29.83,23.42,17.51,23.22,20.54,22.64,22.5
2016-05-20 21:00:00,19.330000000000002,25.4,20.53,17.06,20.81,18.88,19.900000000000002,20.21
2016-05-20 22:00:00,16.830000000000002,20.240000000000002,17.64,14.58,18.150000000000002,16.79,17.81,17.96
2016-05-20 23:00:00,15.44,19.740000000000002,16.4,13.3,16.95,15.45,16.09,15.860000000000003
2016-05-21 00:00:00,14.45,15.72,14.89,14.02,15.97,14.21,14.52,14.94
2016-05-21 01:00:00,12.94,14.0,13.05,13.42,14.09,12.36,13.06,14.68
2016-05-21 02:00:00,11.81,13.07,12.02,11.76,13.04,11.48,11.89,12.1
2016-05-21 03:00:00,12.46,13.56,12.57,11.69,13.63,12.14,12.83,14.03
2016-05-21 04:00:00,13.59,14.92,13.98,12.48,14.93,13.04,13.79,13.82
2016-05-21 05:00:00,14.89,16.26,15.72,12.53,17.3,13.44,14.16,14.18
2016-05-21 06:00:00,15.97,18.53,17.34,10.120000000000001,19.23,13.89,15.11,15.71
2016-05-21 07:00:00,18.18,22.05,20.07,12.6,21.82,14.36,15.62,16.38
2016-05-21 08:00:00,19.91,25.07,21.28,16.93,22.8,16.0,17.21,16.8
2016-05-21 09:00:00,20.46,26.21,21.74,17.54,22.62,17.28,18.650000000000002,18.79
2016-05-21 10:00:00,20.97,25.82,21.8,17.71,22.79,17.73,21.46,23.5
2016-05-21 11:00:00,20.87,27.27,21.61,17.17,22.42,18.48,24.24,26.89
2016-05-21 12:00:00,20.93,23.45,21.55,15.55,23.04,19.0,26.92,32.0
2016-05-21 13:00:00,20.68,23.03,21.29,14.64,22.69,18.93,30.16,34.25
2016-05-21 14:00:00,21.19,23.52,21.59,13.69,23.17,18.8,31.67,44.6
2016-05-21 15:00:00,21.63,24.17,22.2,14.26,23.54,19.96,35.660000000000004,47.0
2016-05-21 16:00:00,22.29,24.65,22.59,16.14,24.04,20.36,36.9,48.0
2016-05-21 17:00:00,21.68,23.61,21.96,16.19,23.53,20.01,34.7,46.31
2016-05-21 18:00:00,20.63,22.21,21.41,15.7,22.79,21.25,24.98,24.1
2016-05-21 19:00:00,20.72,23.21,21.77,15.19,23.25,21.31,22.95,22.58
2016-05-21 20:00:00,21.39,24.13,22.79,16.34,23.94,21.59,24.0,21.94
2016-05-21 21:00:00,18.990000000000002,21.41,19.84,13.16,21.37,19.69,20.9,20.57
2016-05-21 22:00:00,16.53,17.72,17.3,14.28,18.71,16.62,17.48,17.67
2016-05-21 23:00:00,14.97,17.52,15.93,11.71,17.34,15.52,16.17,16.09
2016-05-22 00:00:00,12.85,15.26,14.55,11.37,14.36,13.5,14.09,13.93
2016-05-22 01:00:00,10.77,13.15,12.3,8.74,12.21,11.48,12.35,12.42
2016-05-22 02:00:00,8.65,12.0,9.98,7.49,9.92,9.19,9.71,10.15
2016-05-22 03:00:00,8.16,10.94,9.3,7.19,9.33,8.66,9.16,9.3
2016-05-22 04:00:00,8.93,12.56,10.18,7.16,10.200000000000001,9.46,10.02,10.17
2016-05-22 05:00:00,9.64,12.79,11.17,5.96,11.2,10.31,10.92,11.07
2016-05-22 06:00:00,10.93,15.64,13.31,2.62,13.31,12.47,13.15,13.12
2016-05-22 07:00:00,13.99,19.22,16.79,5.01,17.5,15.04,15.91,16.23
2016-05-22 08:00:00,15.9,22.13,19.19,5.52,20.06,16.59,17.38,17.6
2016-05-22 09:00:00,16.9,24.33,19.92,6.93,20.71,18.2,18.97,18.84
2016-05-22 10:00:00,17.17,26.83,20.55,8.77,21.03,19.11,20.02,19.7
2016-05-22 11:00:00,17.42,27.98,20.97,8.89,21.36,19.72,20.58,20.39
2016-05-22 12:00:00,17.900000000000002,28.9,21.54,9.18,21.86,20.400000000000002,22.33,21.93
2016-05-22 13:00:00,17.96,28.99,21.9,8.620000000000001,22.07,20.72,23.51,24.34
2016-05-22 14:00:00,18.240000000000002,29.74,22.3,7.91,22.51,21.29,28.27,27.78
2016-05-22 15:00:00,19.0,30.17,23.35,8.56,23.52,22.3,30.04,29.21
2016-05-22 16:00:00,19.900000000000002,30.69,24.41,9.950000000000001,24.41,22.92,30.68,30.96
2016-05-22 17:00:00,20.14,30.85,25.0,10.65,24.82,23.5,29.35,28.55
2016-05-22 18:00:00,19.37,28.9,24.11,10.88,24.12,22.53,23.74,24.52
2016-05-22 19:00:00,19.13,28.63,23.72,10.0,23.96,22.51,23.63,24.13
2016-05-22 20:00:00,19.66,30.33,24.13,11.83,23.98,22.9,24.04,24.55
2016-05-22 21:00:00,16.96,26.79,21.45,10.07,21.15,19.990000000000002,20.78,21.06
2016-05-22 22:00:00,14.45,22.48,17.66,9.15,17.76,17.05,17.830000000000002,18.17
2016-05-22 23:00:00,12.33,20.32,15.47,6.21,15.84,15.91,16.38,16.740000000000002
2016-05-23 00:00:00,10.31,16.85,12.98,7.07,13.03,14.03,14.79,15.26
2016-05-23 01:00:00,8.69,15.29,11.25,4.69,11.4,12.54,13.17,13.75
2016-05-23 02:00:00,7.89,14.45,10.34,4.05,10.48,11.61,11.89,12.46
2016-05-23 03:00:00,8.0,15.01,10.66,3.65,10.79,12.2,12.09,12.55
2016-05-23 04:00:00,10.45,18.52,13.27,6.42,13.3,12.7,12.9,12.91
2016-05-23 05:00:00,15.36,22.92,19.66,11.52,20.5,14.49,15.89,16.43
2016-05-23 06:00:00,17.84,27.15,21.1,13.13,22.29,17.07,17.67,16.9
2016-05-23 07:00:00,19.900000000000002,30.11,23.27,17.21,23.5,16.830000000000002,18.14,17.53
2016-05-23 08:00:00,20.56,30.970000000000006,24.32,17.16,24.19,17.830000000000002,18.79,18.25
2016-05-23 09:00:00,21.94,33.0,25.41,17.650000000000002,25.42,19.04,20.26,19.57
2016-05-23 10:00:00,22.83,34.17,26.04,18.11,26.08,20.26,22.4,22.95
2016-05-23 11:00:00,23.95,35.93,26.1,19.04,26.23,25.46,26.7,27.26
2016-05-23 12:00:00,24.99,36.4,27.43,19.01,27.36,27.13,30.5,29.5
2016-05-23 13:00:00,25.57,36.89,28.09,19.43,28.08,29.11,35.0,31.94
2016-05-23 14:00:00,26.0,37.72,28.44,19.92,28.47,29.85,40.0,32.71
2016-05-23 15:00:00,27.24,38.64,29.66,20.23,29.67,32.52,45.0,35.84
2016-05-23 16:00:00,27.35,38.0,29.42,21.92,29.49,32.05,37.99,36.1
2016-05-23 17:00:00,26.45,35.83,28.08,22.88,28.01,29.74,35.94,32.96
2016-05-23 18:00:00,24.79,32.37,26.16,23.03,26.08,26.16,28.51,27.3
2016-05-23 19:00:00,24.64,31.69,25.84,22.58,25.76,25.14,28.06,26.02
2016-05-23 20:00:00,24.83,31.35,25.84,23.81,25.74,24.2,28.15,25.12
2016-05-23 21:00:00,21.46,25.12,22.04,20.42,22.32,20.99,22.56,23.19
2016-05-23 22:00:00,18.44,20.17,19.61,18.11,19.91,18.05,18.88,18.580000000000002
2016-05-23 23:00:00,16.89,17.73,18.17,17.29,18.240000000000002,16.31,17.05,17.1
2016-05-24 00:00:00,15.16,15.42,16.06,14.75,15.99,15.16,15.72,15.36
2016-05-24 01:00:00,12.39,12.47,13.29,12.2,13.08,12.16,12.73,13.13
2016-05-24 02:00:00,11.73,11.94,12.4,11.31,12.34,11.63,12.12,11.87
2016-05-24 03:00:00,12.49,12.7,13.34,12.27,13.3,12.18,12.67,12.45
2016-05-24 04:00:00,14.93,15.34,16.04,14.56,16.55,14.16,14.73,14.45
2016-05-24 05:00:00,18.39,19.22,20.65,17.71,21.91,15.84,17.13,16.51
2016-05-24 06:00:00,19.95,21.22,21.74,19.240000000000002,23.17,16.8,18.12,17.990000000000002
2016-05-24 07:00:00,21.8,23.68,24.2,21.46,25.04,17.41,18.89,18.32
2016-05-24 08:00:00,22.86,25.42,24.54,23.11,25.03,19.05,19.52,19.16
2016-05-24 09:00:00,24.32,28.05,26.08,24.38,26.31,20.52,21.48,19.95
2016-05-24 10:00:00,25.2,29.1,26.41,25.47,26.77,21.75,22.8,21.93
2016-05-24 11:00:00,27.84,31.7,28.53,29.28,28.97,23.65,24.91,27.12
2016-05-24 12:00:00,29.68,34.61,29.97,31.8,30.69,28.36,30.0,33.12
2016-05-24 13:00:00,30.19,35.34,30.65,31.28,31.69,33.33,35.29,35.12
2016-05-24 14:00:00,31.66,37.09,31.46,34.21,32.910000000000004,29.22,41.96,40.12
2016-05-24 15:00:00,33.4,37.94,33.32,35.7,34.31,30.85,46.0,44.96
2016-05-24 16:00:00,32.85,37.72,32.6,35.300000000000004,33.480000000000004,30.970000000000006,41.06,46.12
2016-05-24 17:00:00,30.32,35.32,30.26,31.66,31.15,29.1,37.97,40.39
2016-05-24 18:00:00,27.26,30.87,28.24,27.17,28.55,26.24,27.61,27.13
2016-05-24 19:00:00,26.58,29.93,27.61,26.5,27.75,25.52,26.43,25.78
2016-05-24 20:00:00,26.04,29.06,27.11,25.69,27.22,24.93,25.99,25.12
2016-05-24 21:00:00,22.1,25.14,23.29,22.18,23.26,20.78,21.75,20.95
2016-05-24 22:00:00,19.05,19.830000000000002,20.41,19.3,20.52,18.05,19.5,19.25
2016-05-24 23:00:00,17.35,18.05,18.48,17.650000000000002,18.38,17.23,17.88,17.97
2016-05-25 00:00:00,14.78,15.57,15.860000000000003,15.56,16.95,14.71,15.36,15.42
2016-05-25 01:00:00,11.64,13.14,12.97,8.91,14.4,12.98,13.39,13.05
2016-05-25 02:00:00,10.14,11.41,11.42,8.5,12.88,11.59,11.94,11.84
2016-05-25 03:00:00,10.68,12.09,12.27,8.28,13.47,11.47,11.77,11.95
2016-05-25 04:00:00,13.68,15.2,15.49,11.21,17.2,13.73,14.54,14.63
2016-05-25 05:00:00,17.85,19.68,19.53,16.55,23.06,17.04,17.85,17.59
2016-05-25 06:00:00,19.88,24.44,22.12,17.05,30.59,17.830000000000002,18.77,18.05
2016-05-25 07:00:00,21.64,27.09,23.6,18.26,33.01,19.11,19.31,18.78
2016-05-25 08:00:00,23.02,29.09,25.06,18.92,35.51,20.14,20.76,19.68
2016-05-25 09:00:00,23.83,32.55,26.44,18.12,36.56,22.21,22.84,24.0
2016-05-25 10:00:00,24.83,34.94,27.14,18.0,36.99,23.9,25.19,28.45
2016-05-25 11:00:00,26.35,37.7,28.7,17.990000000000002,38.85,26.26,27.26,36.96
2016-05-25 12:00:00,27.21,38.9,29.67,17.82,38.7,29.43,34.19,43.61
2016-05-25 13:00:00,28.73,40.43,31.25,18.830000000000002,41.69,31.93,41.37,43.18
2016-05-25 14:00:00,29.98,42.38,32.27,19.900000000000002,43.29,33.93,49.46,52.9
2016-05-25 15:00:00,31.4,44.0,33.29,21.31,44.85,36.09,57.4,64.45
2016-05-25 16:00:00,31.09,43.0,33.0,22.24,41.47,36.45,47.39,65.2
2016-05-25 17:00:00,29.56,35.06,30.71,23.38,37.69,34.14,46.29,58.0
2016-05-25 18:00:00,26.9,30.44,28.06,22.51,33.82,29.03,37.35,36.72
2016-05-25 19:00:00,26.69,30.79,28.09,23.08,33.43,27.35,29.01,30.970000000000006
2016-05-25 20:00:00,26.51,30.0,27.53,24.3,32.38,26.49,28.14,31.34
2016-05-25 21:00:00,22.31,23.68,23.79,19.82,27.15,22.21,23.46,23.61
2016-05-25 22:00:00,19.03,19.21,19.73,18.27,21.16,18.61,20.150000000000002,20.29
2016-05-25 23:00:00,17.56,18.32,18.0,17.29,18.8,17.22,18.04,17.46
2016-05-26 00:00:00,16.63,18.52,17.45,15.5,18.51,16.69,18.16,17.29
2016-05-26 01:00:00,15.29,16.5,16.17,13.85,16.53,15.57,16.38,16.39
2016-05-26 02:00:00,13.99,15.04,14.34,12.95,15.18,14.29,15.610000000000003,15.79
2016-05-26 03:00:00,13.99,15.07,14.62,13.02,15.14,14.07,15.47,14.93
2016-05-26 04:00:00,15.88,17.42,16.68,15.02,17.35,15.54,16.69,16.38
2016-05-26 05:00:00,18.61,20.57,19.91,17.16,21.79,17.11,17.66,16.68
2016-05-26 06:00:00,21.47,26.29,23.95,18.580000000000002,24.35,16.72,18.150000000000002,17.650000000000002
2016-05-26 07:00:00,23.13,29.76,25.73,22.25,26.16,17.68,19.0,17.490000000000002
2016-05-26 08:00:00,24.64,33.69,26.26,21.6,27.74,18.89,19.47,18.12
2016-05-26 09:00:00,27.01,40.0,27.75,25.0,29.8,20.25,20.61,18.830000000000002
2016-05-26 10:00:00,28.69,43.0,29.46,28.12,31.52,21.97,23.3,21.7
2016-05-26 11:00:00,30.99,46.31,31.19,29.36,34.86,25.29,27.27,27.3
2016-05-26 12:00:00,32.7,49.35,32.93,28.78,37.22,28.38,31.0,30.59
2016-05-26 13:00:00,35.52,52.98,35.87,31.95,40.410000000000004,31.21,36.0,33.58
2016-05-26 14:00:00,36.6,55.07,37.01,33.18,41.26,31.67,45.0,33.95
2016-05-26 15:00:00,39.07,58.25,39.39,34.99,43.34,34.68,50.0,37.44
2016-05-26 16:00:00,38.44,55.96,39.07,35.0,42.93,34.1,41.71,37.96
2016-05-26 17:00:00,35.32,51.26,35.76,32.92,38.77,31.67,39.0,31.24
2016-05-26 18:00:00,30.27,42.82,31.05,28.1,32.89,26.75,29.09,26.1
2016-05-26 19:00:00,29.51,43.2,30.57,27.47,32.13,24.94,27.18,24.3
2016-05-26 20:00:00,28.48,38.96,29.44,26.38,30.58,24.93,26.99,24.3
2016-05-26 21:00:00,23.97,30.02,25.02,22.65,25.93,21.11,21.7,19.69
2016-05-26 22:00:00,20.06,22.34,21.4,19.51,21.94,18.240000000000002,19.04,18.42
2016-05-26 23:00:00,18.46,20.04,20.09,17.900000000000002,20.85,17.740000000000002,17.86,17.51
2016-05-27 00:00:00,17.01,19.16,18.21,15.48,19.080000000000002,17.04,17.18,16.38
2016-05-27 01:00:00,15.17,17.55,16.35,12.0,16.8,16.43,16.34,15.76
2016-05-27 02:00:00,14.12,16.13,15.12,11.95,15.38,14.27,14.78,14.69
2016-05-27 03:00:00,14.07,16.35,15.29,11.83,15.4,14.35,14.77,14.87
2016-05-27 04:00:00,16.05,18.64,17.31,13.53,18.03,16.13,16.16,15.42
2016-05-27 05:00:00,18.94,21.36,21.1,16.89,22.38,17.45,18.080000000000002,17.23
2016-05-27 06:00:00,21.11,28.2,23.23,18.59,24.18,18.580000000000002,18.5,18.22
2016-05-27 07:00:00,22.85,30.26,25.18,20.57,26.03,19.27,19.64,18.61
2016-05-27 08:00:00,24.18,34.12,25.57,22.5,28.04,20.19,21.13,19.16
2016-05-27 09:00:00,26.64,41.0,28.66,24.26,32.18,22.25,23.52,21.6
2016-05-27 10:00:00,28.73,44.41,30.66,26.31,34.71,24.44,26.32,25.0
2016-05-27 11:00:00,30.61,46.41,31.88,27.58,37.1,28.17,30.34,28.59
2016-05-27 12:00:00,32.82,49.51,34.43,29.36,40.21,31.03,33.65,31.44
2016-05-27 13:00:00,34.67,54.38,39.42,28.19,44.49,34.83,37.99,35.300000000000004
2016-05-27 14:00:00,34.660000000000004,54.93,38.800000000000004,27.71,44.93,34.92,41.2,35.86
2016-05-27 15:00:00,35.18,52.79,39.7,27.76,44.42,35.6,44.56,37.88
2016-05-27 16:00:00,34.03,47.75,38.27,28.08,43.09,35.01,41.16,36.32
2016-05-27 17:00:00,30.99,40.65,34.11,27.04,37.39,31.38,34.86,32.0
2016-05-27 18:00:00,26.59,32.93,29.23,22.95,30.9,26.51,26.67,24.83
2016-05-27 19:00:00,25.48,32.8,28.86,21.57,29.95,24.19,23.65,21.72
2016-05-27 20:00:00,25.48,30.63,28.73,22.52,29.9,24.28,23.67,21.71
2016-05-27 21:00:00,22.13,25.5,24.83,20.41,24.8,21.25,20.34,19.04
2016-05-27 22:00:00,19.740000000000002,20.37,21.04,18.81,20.98,19.27,18.72,17.580000000000002
2016-05-27 23:00:00,18.240000000000002,19.05,19.38,17.06,19.46,17.69,17.43,17.25
2016-05-28 00:00:00,16.54,17.150000000000002,17.46,15.39,17.55,15.860000000000003,16.73,15.99
2016-05-28 01:00:00,15.24,15.73,16.05,14.05,16.21,14.82,15.25,15.49
2016-05-28 02:00:00,13.71,14.18,13.96,12.96,14.39,13.43,13.96,13.77
2016-05-28 03:00:00,13.58,14.05,13.73,12.65,14.51,13.32,13.83,14.05
2016-05-28 04:00:00,14.61,15.34,14.74,13.63,15.63,14.08,14.65,14.87
2016-05-28 05:00:00,15.79,16.85,16.06,15.24,17.56,14.25,14.93,14.51
2016-05-28 06:00:00,17.5,19.21,18.23,16.43,20.150000000000002,14.81,16.22,15.93
2016-05-28 07:00:00,18.72,20.19,19.88,17.8,21.12,15.95,17.14,16.68
2016-05-28 08:00:00,20.64,22.05,22.19,19.22,23.98,17.23,18.75,18.44
2016-05-28 09:00:00,22.76,25.8,24.48,22.0,25.58,18.650000000000002,20.72,20.51
2016-05-28 10:00:00,23.88,26.56,25.74,22.66,26.91,20.48,22.65,22.55
2016-05-28 11:00:00,25.54,29.01,27.36,24.34,28.53,22.48,26.24,27.78
2016-05-28 12:00:00,26.84,30.47,29.23,25.05,30.34,23.21,29.44,31.4
2016-05-28 13:00:00,27.81,31.3,30.33,25.24,31.49,25.25,33.25,34.35
2016-05-28 14:00:00,28.08,31.34,30.03,24.11,31.8,26.96,36.82,39.0
2016-05-28 15:00:00,29.23,32.72,31.6,24.48,33.0,28.6,39.31,42.9
2016-05-28 16:00:00,29.53,33.17,31.96,25.0,33.28,29.08,38.51,42.6
2016-05-28 17:00:00,27.66,30.76,28.99,25.01,29.86,26.28,35.02,37.86
2016-05-28 18:00:00,24.64,26.95,26.38,22.65,26.92,23.5,26.24,26.03
2016-05-28 19:00:00,23.77,25.98,25.73,21.81,26.26,21.69,23.9,23.95
2016-05-28 20:00:00,23.07,25.01,24.65,21.37,25.03,21.93,23.77,22.91
2016-05-28 21:00:00,20.55,21.49,21.28,19.39,21.85,19.55,21.54,22.13
2016-05-28 22:00:00,18.48,19.06,20.12,18.13,20.1,17.51,18.67,18.36
2016-05-28 23:00:00,17.19,17.91,18.95,16.07,18.89,16.72,17.5,17.05
2016-05-29 00:00:00,14.45,14.65,15.69,13.19,15.36,14.4,15.11,15.69
2016-05-29 01:00:00,12.2,12.57,13.26,11.15,12.99,12.0,12.49,12.38
2016-05-29 02:00:00,9.61,9.76,10.34,8.91,10.120000000000001,9.31,9.58,9.75
2016-05-29 03:00:00,8.39,8.38,8.84,8.19,8.67,7.96,8.43,8.69
2016-05-29 04:00:00,9.14,9.14,9.61,8.92,9.450000000000001,8.68,9.19,9.46
2016-05-29 05:00:00,9.99,9.98,10.51,9.8,10.32,9.48,10.040000000000001,10.34
2016-05-29 06:00:00,13.14,14.37,14.02,12.74,14.0,12.83,13.5,13.84
2016-05-29 07:00:00,16.76,18.490000000000002,17.990000000000002,15.82,17.990000000000002,15.49,16.05,15.78
2016-05-29 08:00:00,18.48,19.93,19.98,16.15,21.05,17.03,17.830000000000002,17.150000000000002
2016-05-29 09:00:00,19.990000000000002,21.85,21.83,18.31,21.79,18.14,19.04,19.11
2016-05-29 10:00:00,21.06,23.46,23.36,18.36,23.08,19.900000000000002,21.69,21.65
2016-05-29 11:00:00,22.31,25.29,24.28,19.09,24.2,20.54,22.35,24.99
2016-05-29 12:00:00,23.92,27.18,26.02,19.5,26.13,24.23,25.42,26.65
2016-05-29 13:00:00,25.52,28.44,27.31,19.63,27.45,26.55,28.57,30.21
2016-05-29 14:00:00,27.01,30.5,29.14,19.82,29.2,27.83,29.88,31.25
2016-05-29 15:00:00,28.4,32.59,30.47,22.63,30.79,28.15,31.58,33.660000000000004
2016-05-29 16:00:00,29.95,35.19,32.26,24.09,32.53,29.8,32.93,34.6
2016-05-29 17:00:00,28.8,31.84,30.68,23.88,30.71,29.37,31.58,32.94
2016-05-29 18:00:00,25.5,26.57,26.7,23.09,26.55,25.49,26.7,26.9
2016-05-29 19:00:00,24.41,26.19,26.6,21.86,26.54,22.53,23.53,23.8
2016-05-29 20:00:00,24.41,25.45,26.41,22.96,26.33,22.12,23.03,23.38
2016-05-29 21:00:00,21.82,22.47,23.17,20.11,22.97,19.86,21.61,22.47
2016-05-29 22:00:00,18.89,19.17,20.11,18.01,19.900000000000002,17.54,18.92,19.67
2016-05-29 23:00:00,17.6,18.11,18.47,16.52,18.31,17.080000000000002,17.8,17.830000000000002
2016-05-30 00:00:00,15.94,16.38,16.86,14.83,16.63,15.45,16.4,16.580000000000002
2016-05-30 01:00:00,14.28,14.71,15.22,13.42,14.87,13.85,14.42,14.33
2016-05-30 02:00:00,12.26,12.65,12.2,11.51,12.81,11.95,12.52,12.46
2016-05-30 03:00:00,10.73,11.05,10.7,9.96,11.3,10.55,11.06,11.39
2016-05-30 04:00:00,12.08,12.46,12.91,11.24,12.6,11.66,12.18,12.41
2016-05-30 05:00:00,12.24,12.73,12.04,11.41,12.83,11.92,12.45,12.65
2016-05-30 06:00:00,13.43,14.09,13.5,12.43,14.09,13.07,13.65,13.88
2016-05-30 07:00:00,17.12,17.66,17.59,16.72,17.97,15.42,15.96,15.89
2016-05-30 08:00:00,18.7,19.03,19.19,17.43,20.38,16.68,17.5,17.47
2016-05-30 09:00:00,20.28,20.94,21.96,18.29,22.27,17.47,18.87,19.69
2016-05-30 10:00:00,21.92,22.85,23.39,18.61,23.41,19.34,21.27,22.13
2016-05-30 11:00:00,24.08,25.04,26.21,20.43,25.52,21.77,22.95,25.11
2016-05-30 12:00:00,25.27,25.97,27.02,21.2,26.37,24.38,26.1,29.78
2016-05-30 13:00:00,27.56,28.67,29.4,23.81,28.52,26.13,29.25,34.480000000000004
2016-05-30 14:00:00,28.87,29.65,30.6,23.35,29.85,27.71,33.17,36.37
2016-05-30 15:00:00,29.86,31.03,32.04,23.37,31.470000000000006,28.46,37.25,42.58
2016-05-30 16:00:00,30.99,32.64,33.35,24.16,32.730000000000004,29.7,37.62,42.38
2016-05-30 17:00:00,29.5,30.73,31.470000000000006,24.36,30.81,28.41,35.730000000000004,38.51
2016-05-30 18:00:00,26.41,27.36,28.47,22.59,27.76,25.65,28.17,31.13
2016-05-30 19:00:00,24.96,27.88,27.33,20.52,26.68,23.65,25.47,26.72
2016-05-30 20:00:00,24.43,28.0,26.77,19.86,26.58,22.01,23.75,24.73
2016-05-30 21:00:00,20.41,22.68,21.29,17.91,21.08,19.61,20.7,20.92
2016-05-30 22:00:00,18.13,18.990000000000002,19.080000000000002,15.75,19.52,17.18,18.45,18.650000000000002
2016-05-30 23:00:00,16.87,18.39,18.1,14.93,17.96,16.59,17.39,16.93
2016-05-31 00:00:00,14.02,17.35,16.05,10.63,15.85,15.47,15.76,15.99
2016-05-31 01:00:00,11.4,15.22,13.52,7.15,13.28,13.94,14.57,14.8
2016-05-31 02:00:00,10.22,13.64,12.16,6.27,11.94,12.72,13.25,13.48
2016-05-31 03:00:00,9.83,13.83,11.63,5.57,11.6,12.68,12.7,13.26
2016-05-31 04:00:00,13.34,17.41,15.2,11.36,14.99,12.97,13.57,12.96
2016-05-31 05:00:00,17.45,21.0,19.72,16.11,20.53,14.67,15.32,14.69
2016-05-31 06:00:00,20.36,24.85,25.29,17.48,24.52,16.77,17.92,16.34
2016-05-31 07:00:00,21.13,25.88,25.09,18.36,25.22,17.39,18.51,17.17
2016-05-31 08:00:00,22.57,27.76,26.43,21.27,26.83,18.5,19.34,17.46
2016-05-31 09:00:00,24.3,29.88,28.16,23.26,28.62,19.76,21.58,21.2
2016-05-31 10:00:00,26.91,32.36,31.19,26.4,30.95,22.21,25.42,26.0
2016-05-31 11:00:00,28.79,33.09,32.22,28.15,31.65,25.28,29.13,32.22
2016-05-31 12:00:00,31.39,35.95,35.61,28.36,34.35,27.66,39.0,35.5
2016-05-31 13:00:00,33.81,38.08,38.33,30.67,36.82,30.07,45.59,38.89
2016-05-31 14:00:00,35.49,39.02,41.49,27.98,39.81,32.89,51.15,42.07
2016-05-31 15:00:00,37.34,40.33,43.96,27.22,42.13,34.63,58.46,48.08
2016-05-31 16:00:00,36.59,39.230000000000004,42.56,27.5,40.75,33.6,56.02,47.2
2016-05-31 17:00:00,32.8,35.62,37.38,24.87,35.84,29.72,50.0,40.28
2016-05-31 18:00:00,28.46,30.94,32.74,22.36,31.64,25.94,29.22,32.57
2016-05-31 19:00:00,26.97,29.36,32.47,22.49,31.18,23.76,26.58,27.77
2016-05-31 20:00:00,26.29,27.98,31.27,24.63,30.54,22.81,25.46,25.45
2016-05-31 21:00:00,21.84,23.39,24.79,20.25,24.01,19.73,21.42,21.13
2016-05-31 22:00:00,19.01,20.13,20.65,17.87,20.31,17.27,18.46,18.11
2016-05-31 23:00:00,17.23,17.7,18.35,16.830000000000002,18.14,16.1,17.26,17.32
2016-06-01 00:00:00,15.68,18.72,17.67,11.9,17.26,16.36,17.16,17.42
2016-06-01 01:00:00,13.69,16.29,15.73,10.51,15.37,14.93,15.3,15.6
2016-06-01 02:00:00,11.73,14.09,13.61,8.18,13.29,13.76,14.16,14.77
2016-06-01 03:00:00,10.94,14.24,12.75,6.72,12.55,13.58,14.06,14.65
2016-06-01 04:00:00,14.14,18.25,16.6,11.37,16.71,13.92,14.39,14.63
2016-06-01 05:00:00,16.56,20.61,19.94,12.58,20.8,14.56,15.11,15.42
2016-06-01 06:00:00,18.93,22.97,22.1,16.11,23.43,16.38,17.080000000000002,17.03
2016-06-01 07:00:00,20.14,24.65,23.48,17.63,24.65,17.21,18.39,17.93
2016-06-01 08:00:00,21.39,27.58,25.63,16.85,27.58,17.48,18.97,18.96
2016-06-01 09:00:00,23.23,31.34,28.6,17.69,30.0,19.29,21.79,21.71
2016-06-01 10:00:00,24.9,33.65,31.17,17.79,33.24,20.95,24.28,25.04
2016-06-01 11:00:00,26.28,36.35,32.54,18.02,34.75,23.09,27.36,30.06
2016-06-01 12:00:00,28.44,38.5,35.51,18.16,38.84,26.17,32.05,35.58
2016-06-01 13:00:00,30.46,41.62,38.800000000000004,18.0,41.69,29.15,35.410000000000004,39.51
2016-06-01 14:00:00,31.64,42.85,41.45,18.04,43.88,30.51,39.9,40.95
2016-06-01 15:00:00,32.37,43.47,42.61,18.27,45.3,30.0,40.0,44.0
2016-06-01 16:00:00,30.9,37.730000000000004,39.24,19.41,42.62,29.63,39.51,40.57
2016-06-01 17:00:00,28.04,34.15,35.1,18.62,37.84,26.53,33.42,36.160000000000004
2016-06-01 18:00:00,25.15,29.57,31.17,17.89,32.4,23.44,27.66,28.99
2016-06-01 19:00:00,24.31,28.21,29.7,18.92,30.33,22.25,25.28,26.0
2016-06-01 20:00:00,24.53,27.62,29.24,20.59,30.08,21.78,24.85,24.41
2016-06-01 21:00:00,21.29,23.22,23.93,18.400000000000002,24.23,20.26,21.94,21.91
2016-06-01 22:00:00,19.3,20.84,21.12,17.150000000000002,20.8,18.93,20.2,19.8
2016-06-01 23:00:00,18.31,19.82,19.96,16.580000000000002,19.68,18.07,19.06,18.78
2016-06-02 00:00:00,16.17,18.77,19.79,12.88,19.1,16.41,16.78,16.75
2016-06-02 01:00:00,14.12,17.19,17.03,10.96,16.57,14.57,15.4,15.51
2016-06-02 02:00:00,13.26,16.67,15.9,10.26,15.49,13.73,14.07,14.15
2016-06-02 03:00:00,13.14,16.27,16.02,10.16,15.62,13.64,13.98,14.06
2016-06-02 04:00:00,14.41,17.47,19.38,10.14,18.650000000000002,15.01,15.9,16.0
2016-06-02 05:00:00,17.42,20.17,22.93,13.85,22.03,16.66,17.67,17.66
2016-06-02 06:00:00,19.97,23.79,24.0,17.51,23.54,16.84,18.55,18.240000000000002
2016-06-02 07:00:00,20.92,25.39,24.09,18.19,23.84,18.45,19.740000000000002,19.5
2016-06-02 08:00:00,22.34,27.58,25.55,19.63,25.74,18.900000000000002,20.82,20.61
2016-06-02 09:00:00,23.8,29.16,27.48,21.3,28.0,20.240000000000002,22.45,21.82
2016-06-02 10:00:00,25.35,31.16,29.22,23.1,29.86,20.71,23.77,22.93
2016-06-02 11:00:00,26.5,31.220000000000006,30.36,23.75,31.37,22.29,25.16,25.87
2016-06-02 12:00:00,28.33,33.910000000000004,32.55,25.1,33.6,24.17,27.67,28.2
2016-06-02 13:00:00,29.81,36.32,33.25,26.01,35.36,26.41,31.6,31.74
2016-06-02 14:00:00,30.970000000000006,37.87,33.87,27.31,35.7,27.46,33.55,33.4
2016-06-02 15:00:00,30.43,37.04,33.01,26.16,34.39,27.61,34.08,34.35
2016-06-02 16:00:00,29.81,36.38,32.3,25.87,33.0,27.25,33.31,33.56
2016-06-02 17:00:00,27.3,33.92,29.43,24.18,29.98,24.13,29.34,29.96
2016-06-02 18:00:00,24.28,28.06,27.61,19.34,27.76,22.0,25.06,26.21
2016-06-02 19:00:00,23.75,27.27,27.95,18.32,27.62,21.71,23.81,24.23
2016-06-02 20:00:00,23.43,27.46,27.16,17.85,27.08,21.84,23.71,23.95
2016-06-02 21:00:00,21.35,24.29,24.2,18.23,23.94,20.75,21.68,21.86
2016-06-02 22:00:00,19.3,21.5,22.61,16.42,22.03,19.39,20.74,20.76
2016-06-02 23:00:00,17.57,20.36,22.74,13.18,22.02,18.330000000000002,19.3,19.05
2016-06-03 00:00:00,15.6,19.3,18.84,11.91,18.28,16.41,16.72,16.71
2016-06-03 01:00:00,13.63,17.88,15.94,10.01,15.58,15.6,15.88,16.17
2016-06-03 02:00:00,11.95,16.9,14.93,7.06,14.2,14.52,14.93,15.35
2016-06-03 03:00:00,11.38,16.97,15.28,5.55,14.49,14.32,14.7,15.13
2016-06-03 04:00:00,13.45,18.740000000000002,17.5,8.07,16.7,15.44,16.06,16.490000000000002
2016-06-03 05:00:00,16.25,20.75,19.81,12.73,19.72,16.55,17.48,17.89
2016-06-03 06:00:00,17.96,23.0,23.28,12.63,23.75,18.07,19.21,19.61
2016-06-03 07:00:00,20.72,24.57,25.78,17.89,25.49,19.11,20.41,20.66
2016-06-03 08:00:00,22.14,26.89,28.41,18.36,28.19,19.34,20.98,21.16
2016-06-03 09:00:00,23.08,27.99,29.52,19.150000000000002,29.8,19.97,21.66,22.36
2016-06-03 10:00:00,23.75,30.17,30.29,19.31,31.14,20.93,22.97,23.86
2016-06-03 11:00:00,24.46,32.99,32.06,17.69,32.87,22.09,25.23,25.88
2016-06-03 12:00:00,25.07,34.61,32.96,15.82,34.18,23.69,28.15,29.17
2016-06-03 13:00:00,25.81,36.68,35.12,14.47,36.93,24.23,28.97,30.17
2016-06-03 14:00:00,26.29,37.87,36.28,14.5,37.300000000000004,24.6,30.22,30.48
2016-06-03 15:00:00,25.89,37.25,35.26,13.45,36.11,24.63,30.37,30.81
2016-06-03 16:00:00,25.27,35.01,33.04,17.84,34.43,24.64,30.05,29.84
2016-06-03 17:00:00,23.68,31.77,30.46,17.51,31.8,22.82,26.69,27.45
2016-06-03 18:00:00,22.15,27.39,28.12,16.57,29.47,21.71,24.17,24.29
2016-06-03 19:00:00,21.81,27.29,28.27,16.48,28.22,21.61,23.42,23.71
2016-06-03 20:00:00,21.96,26.19,27.24,17.39,27.78,21.94,23.22,23.62
2016-06-03 21:00:00,20.32,24.06,24.41,16.78,24.16,20.240000000000002,21.64,21.64
2016-06-03 22:00:00,18.740000000000002,21.4,20.57,16.64,20.14,18.7,19.84,20.01
2016-06-03 23:00:00,17.490000000000002,20.02,19.61,15.09,19.27,17.38,18.37,18.44
2016-06-04 00:00:00,17.01,17.75,19.26,14.97,18.87,16.580000000000002,18.150000000000002,18.650000000000002
2016-06-04 01:00:00,15.19,16.02,17.580000000000002,12.94,17.12,14.95,15.9,16.14
2016-06-04 02:00:00,13.39,14.39,16.04,10.97,15.74,13.46,14.28,14.61
2016-06-04 03:00:00,12.42,13.29,15.22,10.35,14.73,12.52,13.02,13.43
2016-06-04 04:00:00,13.37,14.47,16.69,10.57,15.93,13.76,14.47,14.8
2016-06-04 05:00:00,14.32,15.33,17.27,11.68,16.62,14.66,15.41,15.77
2016-06-04 06:00:00,15.73,16.79,18.39,12.53,18.080000000000002,15.76,16.63,16.98
2016-06-04 07:00:00,17.28,19.54,20.78,9.82,20.57,17.62,18.51,19.18
2016-06-04 08:00:00,19.52,22.15,23.16,13.16,23.12,19.6,20.71,21.2
2016-06-04 09:00:00,20.73,23.71,24.89,14.65,25.04,21.02,21.88,21.71
2016-06-04 10:00:00,21.29,24.35,25.27,16.0,25.69,21.77,23.05,23.03
2016-06-04 11:00:00,21.4,25.11,26.11,15.62,26.22,22.3,24.56,25.43
2016-06-04 12:00:00,21.16,25.4,26.81,13.13,26.69,23.11,27.69,29.07
2016-06-04 13:00:00,20.78,25.25,26.55,12.01,26.56,23.64,28.26,29.01
2016-06-04 14:00:00,20.91,25.36,27.52,10.6,27.27,23.92,30.62,30.56
2016-06-04 15:00:00,21.19,26.93,28.06,9.76,27.65,24.39,31.82,33.29
2016-06-04 16:00:00,21.49,27.02,27.86,11.85,27.68,24.45,31.24,32.480000000000004
2016-06-04 17:00:00,20.92,26.07,26.77,12.52,26.53,23.86,29.11,29.91
2016-06-04 18:00:00,19.96,23.52,25.05,13.13,24.83,22.37,25.7,26.95
2016-06-04 19:00:00,20.02,22.9,24.72,14.02,24.22,21.81,24.18,24.7
2016-06-04 20:00:00,21.13,23.41,24.76,16.66,24.28,21.77,24.5,24.79
2016-06-04 21:00:00,20.04,22.07,23.16,15.87,22.76,20.67,22.91,23.14
2016-06-04 22:00:00,18.2,19.86,20.8,15.09,20.5,18.14,21.03,21.88
2016-06-04 23:00:00,16.82,18.46,20.46,12.71,20.18,17.150000000000002,19.69,20.67
2016-06-05 00:00:00,15.64,18.34,19.48,11.8,18.93,16.18,16.96,17.26
2016-06-05 01:00:00,13.94,16.19,16.29,11.06,15.98,14.56,14.86,14.99
2016-06-05 02:00:00,11.77,14.82,15.34,7.79,14.64,13.07,13.63,13.98
2016-06-05 03:00:00,9.93,13.32,14.36,4.78,13.83,12.38,12.6,13.1
2016-06-05 04:00:00,10.97,14.73,14.98,5.81,14.59,13.19,13.64,14.03
2016-06-05 05:00:00,11.5,13.89,14.67,7.78,14.3,12.73,13.27,13.61
2016-06-05 06:00:00,13.53,14.4,15.93,11.04,15.53,14.02,14.74,15.1
2016-06-05 07:00:00,16.04,17.3,18.09,13.58,17.84,16.32,17.1,17.6
2016-06-05 08:00:00,18.85,20.64,22.36,16.22,22.1,17.59,18.650000000000002,19.35
2016-06-05 09:00:00,20.36,22.44,24.63,16.67,24.16,18.89,21.05,20.61
2016-06-05 10:00:00,20.78,23.42,25.47,16.97,25.08,19.5,21.91,21.83
2016-06-05 11:00:00,20.49,23.89,26.0,15.49,25.4,19.95,23.57,24.45
2016-06-05 12:00:00,20.53,24.29,26.23,13.49,25.67,21.2,29.1,29.55
2016-06-05 13:00:00,20.19,24.24,26.32,11.53,26.02,22.11,32.51,30.87
2016-06-05 14:00:00,20.29,24.48,26.8,10.88,26.18,22.64,34.82,32.24
2016-06-05 15:00:00,21.51,24.57,26.25,12.04,26.3,24.33,41.04,36.35
2016-06-05 16:00:00,22.53,25.02,26.69,14.55,26.76,24.39,40.25,35.77
2016-06-05 17:00:00,22.58,25.17,26.74,15.73,26.72,24.54,35.18,33.38
2016-06-05 18:00:00,22.15,24.56,25.55,16.98,25.37,23.84,29.85,28.08
2016-06-05 19:00:00,21.57,24.06,25.35,16.17,25.11,23.15,25.13,25.45
2016-06-05 20:00:00,22.07,23.98,25.52,17.5,25.16,23.33,24.83,24.88
2016-06-05 21:00:00,20.26,22.02,22.53,16.4,22.19,21.74,23.15,22.72
2016-06-05 22:00:00,17.63,20.05,19.05,14.57,18.94,19.490000000000002,20.5,21.06
2016-06-05 23:00:00,16.29,18.73,17.79,13.14,17.740000000000002,17.740000000000002,18.89,19.64
2016-06-06 00:00:00,14.65,16.06,16.47,10.7,16.41,16.07,16.8,17.69
2016-06-06 01:00:00,13.59,14.83,15.38,9.99,15.23,14.63,15.29,15.71
2016-06-06 02:00:00,12.3,13.39,13.87,9.1,13.78,13.06,13.67,13.96
2016-06-06 03:00:00,12.59,13.47,14.06,9.52,13.97,13.29,13.9,14.2
2016-06-06 04:00:00,14.75,15.83,16.84,11.19,16.580000000000002,15.48,16.22,16.64
2016-06-06 05:00:00,17.22,19.07,19.89,12.94,19.57,17.03,18.45,18.75
2016-06-06 06:00:00,18.93,21.49,21.55,12.21,22.0,19.61,20.81,21.18
2016-06-06 07:00:00,20.82,23.18,22.92,15.95,24.73,20.7,22.02,22.13
2016-06-06 08:00:00,22.45,24.64,24.06,18.19,26.56,21.37,23.0,23.24
2016-06-06 09:00:00,23.12,26.06,26.6,17.28,28.65,22.41,24.25,24.93
2016-06-06 10:00:00,24.02,27.46,28.53,16.4,31.43,24.03,27.23,27.72
2016-06-06 11:00:00,24.38,28.14,29.11,15.99,32.07,25.78,31.0,33.09
2016-06-06 12:00:00,25.31,29.14,30.21,15.48,33.46,27.55,37.980000000000004,37.7
2016-06-06 13:00:00,26.75,30.2,31.720000000000006,16.0,34.39,29.99,48.5,44.2
2016-06-06 14:00:00,27.49,30.8,32.08,16.14,35.7,31.25,52.8,46.87
2016-06-06 15:00:00,27.37,30.74,31.66,15.16,35.1,32.15,59.5,50.08
2016-06-06 16:00:00,26.62,29.82,30.18,15.23,33.84,30.92,55.2,46.93
2016-06-06 17:00:00,25.01,27.92,29.03,15.01,31.58,28.57,40.25,42.8
2016-06-06 18:00:00,23.12,26.32,27.66,14.18,30.05,26.07,30.52,32.64
2016-06-06 19:00:00,22.19,25.15,25.77,14.7,27.65,25.05,26.79,28.99
2016-06-06 20:00:00,22.74,25.15,25.63,16.29,27.02,24.91,26.43,28.07
2016-06-06 21:00:00,20.35,22.65,22.84,14.99,23.18,22.23,23.31,23.79
2016-06-06 22:00:00,18.42,20.38,19.95,13.8,20.59,20.79,21.54,21.94
2016-06-06 23:00:00,16.88,18.6,17.89,12.76,18.650000000000002,19.37,20.01,21.02
2016-06-07 00:00:00,16.85,17.900000000000002,17.53,14.72,18.31,17.44,19.44,19.38
2016-06-07 01:00:00,14.58,15.34,14.72,12.59,15.64,15.71,16.67,17.57
2016-06-07 02:00:00,13.47,14.09,13.74,11.65,14.6,14.5,15.05,15.76
2016-06-07 03:00:00,13.48,13.98,13.85,12.14,14.49,13.88,14.51,15.21
2016-06-07 04:00:00,16.14,16.86,17.29,14.49,17.6,16.14,16.96,17.67
2016-06-07 05:00:00,18.06,19.18,18.6,16.14,19.66,17.94,18.95,19.62
2016-06-07 06:00:00,19.79,21.26,20.64,17.32,22.13,18.78,21.89,20.38
2016-06-07 07:00:00,20.98,22.94,22.15,18.57,22.83,19.830000000000002,22.27,21.16
2016-06-07 08:00:00,22.48,24.5,24.18,19.93,24.72,20.99,24.82,21.43
2016-06-07 09:00:00,23.39,25.46,24.79,20.96,25.57,21.64,28.32,22.36
2016-06-07 10:00:00,24.64,25.58,25.27,21.93,26.89,22.59,37.76,24.15
2016-06-07 11:00:00,25.2,25.56,25.59,21.88,27.26,22.73,53.64,29.11
2016-06-07 12:00:00,27.14,27.44,27.11,23.85,28.77,22.8,77.85000000000001,35.18
2016-06-07 13:00:00,28.15,27.87,27.29,24.13,28.68,23.87,97.77,42.25
2016-06-07 14:00:00,29.22,29.07,28.35,24.19,29.55,25.23,114.88,48.44
2016-06-07 15:00:00,29.15,28.77,28.07,23.81,29.27,25.03,128.67000000000002,50.33
2016-06-07 16:00:00,28.35,29.07,28.98,21.29,30.02,22.59,126.75,47.7
2016-06-07 17:00:00,25.78,25.44,25.31,20.97,26.89,24.11,68.5,41.13
2016-06-07 18:00:00,23.48,24.06,23.86,19.92,24.98,22.72,50.16,28.56
2016-06-07 19:00:00,22.52,23.58,23.21,19.18,24.37,22.68,29.36,25.93
2016-06-07 20:00:00,23.0,23.78,23.55,19.580000000000002,24.49,22.48,28.5,25.12
2016-06-07 21:00:00,21.1,21.99,21.43,18.88,22.29,21.25,22.63,23.52
2016-06-07 22:00:00,19.56,20.58,20.06,18.05,20.91,19.88,21.04,21.57
2016-06-07 23:00:00,18.46,18.97,18.16,17.740000000000002,19.11,18.67,19.41,20.45
2016-06-08 00:00:00,16.25,15.89,15.96,15.98,16.41,15.72,16.65,18.31
2016-06-08 01:00:00,14.84,13.53,13.53,15.29,14.23,14.19,15.14,17.01
2016-06-08 02:00:00,12.96,12.23,12.33,12.88,12.87,12.44,13.22,13.86
2016-06-08 03:00:00,12.78,12.27,12.36,12.92,12.86,12.34,12.84,13.33
2016-06-08 04:00:00,15.31,14.91,15.49,14.76,15.77,14.98,15.92,16.72
2016-06-08 05:00:00,16.48,16.11,16.85,15.57,17.150000000000002,16.02,16.94,18.89
2016-06-08 06:00:00,18.66,19.57,19.42,16.77,20.36,17.47,18.72,19.44
2016-06-08 07:00:00,19.95,21.17,21.29,17.29,22.11,19.240000000000002,19.79,20.25
2016-06-08 08:00:00,21.54,23.11,23.22,19.56,23.54,20.51,21.46,21.44
2016-06-08 09:00:00,22.14,24.08,23.62,19.18,23.95,21.53,22.54,23.11
2016-06-08 10:00:00,23.33,25.05,24.11,20.94,24.65,22.51,27.47,26.5
2016-06-08 11:00:00,24.54,25.84,24.9,21.81,25.57,23.41,39.0,31.45
2016-06-08 12:00:00,26.69,26.96,26.72,23.45,27.17,25.41,57.21,39.09
2016-06-08 13:00:00,27.86,27.68,27.5,23.22,28.0,26.83,69.08,44.66
2016-06-08 14:00:00,30.11,28.69,28.88,25.05,29.28,30.28,84.3,51.49
2016-06-08 15:00:00,30.45,29.0,29.15,25.0,29.5,29.73,85.0,55.01
2016-06-08 16:00:00,29.76,28.36,28.42,24.77,29.06,28.65,80.39,53.21
2016-06-08 17:00:00,26.93,26.23,26.0,23.79,26.65,26.36,62.21,41.29
2016-06-08 18:00:00,24.02,24.26,24.2,20.07,24.95,24.59,47.2,33.17
2016-06-08 19:00:00,22.42,23.29,23.78,19.27,24.14,23.73,30.59,28.09
2016-06-08 20:00:00,22.34,23.59,23.91,19.56,24.15,23.49,28.0,26.39
2016-06-08 21:00:00,20.61,21.65,21.77,18.57,21.64,21.74,22.43,23.31
2016-06-08 22:00:00,18.91,19.21,19.56,17.44,19.73,19.82,21.15,21.82
2016-06-08 23:00:00,17.080000000000002,18.07,18.27,15.18,18.31,18.85,20.2,21.18
2016-06-09 00:00:00,14.52,15.29,15.15,14.75,15.22,17.26,17.77,19.22
2016-06-09 01:00:00,11.5,11.46,11.38,10.93,11.83,15.6,15.85,17.38
2016-06-09 02:00:00,9.86,10.07,9.85,8.5,10.26,14.27,14.32,15.72
2016-06-09 03:00:00,9.88,10.03,9.97,9.27,10.31,14.18,14.2,14.67
2016-06-09 04:00:00,13.41,14.1,13.54,14.04,13.78,14.82,15.53,16.45
2016-06-09 05:00:00,16.18,16.67,16.38,16.32,16.52,15.77,17.21,17.93
2016-06-09 06:00:00,17.54,17.900000000000002,16.67,17.32,18.07,17.14,18.46,18.580000000000002
2016-06-09 07:00:00,18.7,19.31,18.26,18.150000000000002,19.66,18.09,19.51,19.31
2016-06-09 08:00:00,20.51,21.89,20.47,19.990000000000002,21.66,19.86,20.56,20.98
2016-06-09 09:00:00,22.39,23.69,21.49,22.96,24.55,21.75,22.68,23.36
2016-06-09 10:00:00,24.23,25.16,23.42,25.39,26.35,22.52,26.59,25.63
2016-06-09 11:00:00,25.69,25.71,23.69,26.32,26.18,25.75,33.12,30.18
2016-06-09 12:00:00,28.23,26.91,25.06,28.64,28.1,27.99,45.8,36.6
2016-06-09 13:00:00,30.07,27.11,26.68,30.08,29.25,31.79,59.26,43.31
2016-06-09 14:00:00,33.09,29.1,28.85,33.64,31.11,36.67,68.60000000000001,50.16
2016-06-09 15:00:00,34.49,30.06,29.8,35.13,31.85,36.88,73.26,53.5
2016-06-09 16:00:00,34.38,29.62,29.36,36.08,31.14,37.06,67.02,53.17
2016-06-09 17:00:00,29.8,27.17,26.53,31.85,28.56,30.46,50.0,42.36
2016-06-09 18:00:00,26.75,25.39,24.92,27.91,26.7,26.77,34.63,34.27
2016-06-09 19:00:00,25.11,24.36,22.76,27.71,24.65,24.56,28.15,28.39
2016-06-09 20:00:00,24.83,24.5,23.13,27.35,24.75,23.95,27.44,27.32
2016-06-09 21:00:00,21.77,21.99,21.3,22.4,22.11,21.48,23.65,23.76
2016-06-09 22:00:00,19.35,20.38,18.67,18.23,20.150000000000002,20.44,21.03,22.54
2016-06-09 23:00:00,18.19,18.73,17.17,17.61,19.07,19.54,20.72,21.33
2016-06-10 00:00:00,15.82,16.71,15.88,15.07,16.8,16.740000000000002,17.53,18.82
2016-06-10 01:00:00,13.48,13.93,12.85,12.41,14.49,15.28,16.05,16.52
2016-06-10 02:00:00,11.8,12.51,11.59,10.52,12.68,13.68,14.16,14.67
2016-06-10 03:00:00,11.92,12.57,11.7,10.7,12.76,13.42,13.95,14.44
2016-06-10 04:00:00,14.75,16.1,14.96,13.88,15.93,15.33,16.26,16.28
2016-06-10 05:00:00,17.38,18.44,17.45,17.490000000000002,18.52,16.19,18.09,18.0
2016-06-10 06:00:00,19.92,21.32,20.31,19.11,22.57,18.41,19.55,19.71
2016-06-10 07:00:00,21.49,22.89,22.0,20.64,25.38,19.94,21.08,20.61
2016-06-10 08:00:00,23.13,26.11,23.88,22.69,27.66,21.09,22.34,22.01
2016-06-10 09:00:00,25.15,28.81,24.96,27.5,30.59,21.93,24.49,22.56
2016-06-10 10:00:00,27.88,32.33,28.2,29.02,33.51,23.72,27.18,27.27
2016-06-10 11:00:00,29.71,33.89,29.33,31.41,34.57,25.9,31.24,29.4
2016-06-10 12:00:00,33.64,37.17,33.45,34.26,39.67,29.08,42.52,36.26
2016-06-10 13:00:00,38.59,41.35,38.19,39.58,47.79,35.44,54.48,43.0
2016-06-10 14:00:00,42.49,44.13,41.88,42.89,51.63,40.2,64.18,50.2
2016-06-10 15:00:00,43.68,45.12,42.46,43.24,52.79,43.43,66.28,55.32
2016-06-10 16:00:00,43.01,46.1,42.79,43.06,51.0,41.14,58.82,51.08
2016-06-10 17:00:00,36.01,39.19,36.53,36.88,42.6,33.07,39.14,41.71
2016-06-10 18:00:00,30.8,32.57,31.53,32.09,37.08,26.03,29.34,32.3
2016-06-10 19:00:00,28.49,29.8,29.46,29.66,32.910000000000004,24.88,27.66,28.43
2016-06-10 20:00:00,27.53,28.57,28.0,28.83,31.5,23.91,26.35,27.11
2016-06-10 21:00:00,24.19,25.78,25.43,24.56,27.27,22.39,24.28,24.63
2016-06-10 22:00:00,21.27,21.84,22.06,21.74,22.13,21.12,22.45,21.9
2016-06-10 23:00:00,19.990000000000002,21.49,22.0,19.18,21.5,19.93,21.07,21.44
2016-06-11 00:00:00,18.82,19.71,20.72,17.56,20.32,19.2,20.5,20.59
2016-06-11 01:00:00,16.740000000000002,17.71,18.29,15.97,17.740000000000002,16.48,17.43,18.04
2016-06-11 02:00:00,15.18,15.69,16.27,14.12,16.240000000000002,15.22,16.330000000000002,16.43
2016-06-11 03:00:00,14.82,15.03,15.77,13.86,15.72,14.68,15.77,15.73
2016-06-11 04:00:00,15.73,15.89,16.72,14.7,16.65,15.54,16.7,16.8
2016-06-11 05:00:00,16.17,16.52,17.21,15.15,17.16,16.01,17.21,17.29
2016-06-11 06:00:00,18.55,19.17,19.330000000000002,17.59,19.35,18.1,18.79,19.7
2016-06-11 07:00:00,20.01,20.89,21.54,18.68,21.91,18.69,20.05,20.55
2016-06-11 08:00:00,23.09,23.77,25.03,22.07,25.2,20.77,22.12,21.82
2016-06-11 09:00:00,25.53,27.09,27.14,26.0,27.69,22.84,24.39,24.07
2016-06-11 10:00:00,28.25,32.230000000000004,30.76,27.09,33.04,25.1,26.1,26.31
2016-06-11 11:00:00,31.11,34.81,33.76,29.0,36.11,26.8,28.73,29.51
2016-06-11 12:00:00,34.82,39.38,37.69,32.22,40.75,30.29,33.03,34.47
2016-06-11 13:00:00,38.52,42.98,41.33,33.4,45.0,35.27,38.72,42.83
2016-06-11 14:00:00,42.14,46.85,45.55,34.86,49.17,40.0,42.71,47.98
2016-06-11 15:00:00,45.52,49.95,49.08,39.04,51.62,43.14,46.13,53.99
2016-06-11 16:00:00,45.87,51.03,49.77,38.54,52.82,42.76,46.17,54.01
2016-06-11 17:00:00,39.72,44.46,42.92,37.28,45.06,35.83,38.77,41.42
2016-06-11 18:00:00,32.99,37.5,36.87,29.35,38.68,27.42,29.92,31.83
2016-06-11 19:00:00,29.9,33.8,33.61,25.63,34.49,25.19,27.54,27.38
2016-06-11 20:00:00,28.29,32.28,31.27,24.09,32.410000000000004,25.09,27.35,27.2
2016-06-11 21:00:00,25.54,28.18,27.9,21.26,27.55,23.87,25.72,25.47
2016-06-11 22:00:00,22.23,22.83,23.53,20.91,23.24,21.76,23.87,23.02
2016-06-11 23:00:00,20.69,20.83,21.79,20.22,21.49,21.0,22.58,22.92
2016-06-12 00:00:00,19.02,20.65,20.85,17.04,20.65,19.35,20.330000000000002,21.24
2016-06-12 01:00:00,17.03,18.2,18.37,15.63,18.13,16.89,18.05,19.28
2016-06-12 02:00:00,15.87,17.1,17.05,14.76,16.77,15.68,16.93,17.990000000000002
2016-06-12 03:00:00,14.96,16.34,16.16,13.43,16.1,15.03,16.15,16.43
2016-06-12 04:00:00,15.12,16.54,16.22,13.55,16.02,15.63,16.77,17.35
2016-06-12 05:00:00,15.21,16.84,16.17,13.61,16.11,15.55,16.75,17.88
2016-06-12 06:00:00,16.64,18.19,17.88,14.45,18.56,17.240000000000002,18.6,18.830000000000002
2016-06-12 07:00:00,18.04,20.57,20.18,13.39,20.68,18.39,19.93,20.37
2016-06-12 08:00:00,21.01,23.62,23.25,17.48,23.86,21.11,22.67,22.0
2016-06-12 09:00:00,22.37,25.31,25.13,17.91,25.26,22.75,24.32,24.08
2016-06-12 10:00:00,23.67,28.39,27.06,18.16,27.67,24.03,25.35,25.71
2016-06-12 11:00:00,24.68,30.38,29.15,18.12,29.6,24.97,26.93,27.95
2016-06-12 12:00:00,26.65,33.0,30.49,18.21,32.27,26.75,34.01,32.39
2016-06-12 13:00:00,27.99,34.56,32.52,18.26,34.61,30.04,38.68,35.67
2016-06-12 14:00:00,30.15,37.12,35.28,19.43,37.33,33.65,44.72,40.93
2016-06-12 15:00:00,32.13,39.69,38.33,19.46,40.29,35.52,49.29,43.58
2016-06-12 16:00:00,33.24,40.99,39.550000000000004,20.75,41.73,35.730000000000004,49.44,43.52
2016-06-12 17:00:00,30.84,36.69,35.51,21.07,37.27,31.3,41.4,38.19
2016-06-12 18:00:00,28.11,32.0,31.720000000000006,21.91,32.77,28.22,33.2,33.72
2016-06-12 19:00:00,26.38,29.94,29.04,22.73,30.66,26.83,31.32,30.56
2016-06-12 20:00:00,25.77,29.69,28.71,22.18,30.21,25.98,28.2,28.56
2016-06-12 21:00:00,22.79,25.96,25.14,19.28,25.56,23.66,25.24,25.52
2016-06-12 22:00:00,20.27,22.3,21.92,17.900000000000002,22.23,20.81,21.92,23.37
2016-06-12 23:00:00,19.06,20.330000000000002,20.22,16.63,20.62,19.89,20.95,22.78
2016-06-13 00:00:00,17.91,18.400000000000002,19.44,15.8,19.07,18.73,19.740000000000002,21.25
2016-06-13 01:00:00,16.41,16.73,17.52,14.88,17.29,16.93,17.97,18.39
2016-06-13 02:00:00,15.62,15.71,16.45,14.5,16.4,15.9,16.830000000000002,17.04
2016-06-13 03:00:00,15.57,15.99,16.46,14.58,16.41,15.65,16.44,16.63
2016-06-13 04:00:00,16.93,17.3,18.48,15.41,18.09,16.53,17.53,17.71
2016-06-13 05:00:00,18.72,18.84,20.11,17.91,19.71,17.900000000000002,18.95,19.98
2016-06-13 06:00:00,21.68,23.17,24.36,19.43,23.89,20.49,22.66,21.87
2016-06-13 07:00:00,22.34,23.32,24.23,20.64,24.23,20.72,23.33,22.66
2016-06-13 08:00:00,24.49,25.97,26.39,22.79,26.19,22.81,24.32,24.5
2016-06-13 09:00:00,26.7,29.65,28.53,25.48,28.47,24.53,27.12,25.9
2016-06-13 10:00:00,29.32,32.78,31.54,27.89,31.55,26.79,33.2,29.41
2016-06-13 11:00:00,31.2,34.02,33.57,28.96,33.4,29.06,38.550000000000004,33.96
2016-06-13 12:00:00,34.94,36.67,37.42,32.94,37.660000000000004,32.2,54.32,37.87
2016-06-13 13:00:00,39.51,41.67,42.36,37.17,42.39,37.27,70.41,42.46
2016-06-13 14:00:00,42.8,44.65,45.65,40.49,45.58,40.67,78.04,47.08
2016-06-13 15:00:00,44.73,46.48,47.55,42.78,47.39,42.14,83.36,48.91
2016-06-13 16:00:00,45.23,47.26,48.42,43.02,48.14,42.23,78.65,49.66
2016-06-13 17:00:00,40.03,42.54,43.15,38.34,43.09,36.82,57.02,45.31
2016-06-13 18:00:00,34.82,36.85,37.47,34.5,37.58,31.66,44.33,38.87
2016-06-13 19:00:00,31.51,34.0,33.910000000000004,30.42,33.49,29.29,36.53,35.29
2016-06-13 20:00:00,29.13,32.19,31.31,27.43,31.34,26.82,35.12,32.96
2016-06-13 21:00:00,25.91,26.91,27.77,25.27,27.98,23.96,25.78,25.79
2016-06-13 22:00:00,22.62,23.0,24.52,21.23,24.22,22.42,24.17,25.51
2016-06-13 23:00:00,21.35,22.59,22.79,19.81,22.87,21.36,22.55,24.37
2016-06-14 00:00:00,19.23,19.68,19.3,18.37,19.87,19.41,20.39,21.32
2016-06-14 01:00:00,16.97,17.76,17.71,15.64,18.21,16.85,17.22,17.96
2016-06-14 02:00:00,15.82,16.05,16.32,14.73,16.71,15.63,16.43,16.66
2016-06-14 03:00:00,15.41,15.78,15.860000000000003,14.35,16.2,15.49,16.29,16.61
2016-06-14 04:00:00,16.34,16.97,17.330000000000002,14.88,17.52,16.490000000000002,16.78,17.32
2016-06-14 05:00:00,17.35,18.01,18.06,15.33,18.53,17.64,18.44,18.53
2016-06-14 06:00:00,20.330000000000002,19.38,20.94,18.55,21.25,19.79,21.23,21.03
2016-06-14 07:00:00,22.1,23.01,23.28,20.72,23.62,21.36,23.15,22.87
2016-06-14 08:00:00,23.96,25.22,25.71,22.21,25.63,22.71,26.34,24.15
2016-06-14 09:00:00,25.73,28.01,27.18,24.01,27.12,24.37,30.79,25.54
2016-06-14 10:00:00,27.8,29.96,29.91,25.16,30.970000000000006,26.55,37.04,29.59
2016-06-14 11:00:00,28.7,31.29,31.04,24.85,32.29,28.13,44.64,33.88
2016-06-14 12:00:00,30.7,34.38,33.37,24.27,35.59,31.33,58.84,40.95
2016-06-14 13:00:00,34.36,37.87,37.34,26.2,39.76,36.82,68.88,47.88
2016-06-14 14:00:00,37.42,41.09,40.98,28.02,43.49,40.5,73.74,53.55
2016-06-14 15:00:00,38.45,41.83,42.06,29.09,45.05,41.63,74.48,54.58
2016-06-14 16:00:00,38.64,41.56,42.12,30.51,44.81,41.44,73.84,53.88
2016-06-14 17:00:00,33.42,35.85,35.82,27.73,38.21,35.04,62.22,43.19
2016-06-14 18:00:00,29.74,31.71,31.85,25.8,34.160000000000004,30.62,49.58,36.58
2016-06-14 19:00:00,28.0,30.04,30.33,25.55,31.76,28.07,38.59,31.470000000000006
2016-06-14 20:00:00,26.99,28.77,29.27,24.86,30.26,26.62,34.28,29.6
2016-06-14 21:00:00,23.74,24.57,25.84,21.64,25.89,24.09,26.68,26.01
2016-06-14 22:00:00,21.45,23.12,23.81,18.5,23.17,22.75,24.11,24.7
2016-06-14 23:00:00,20.19,20.43,21.27,18.73,21.15,21.8,23.28,24.65
2016-06-15 00:00:00,19.490000000000002,20.07,20.81,18.0,20.54,20.07,21.39,22.25
2016-06-15 01:00:00,18.19,18.580000000000002,19.45,16.68,19.150000000000002,18.34,19.400000000000002,19.8
2016-06-15 02:00:00,17.44,17.66,18.25,16.44,18.16,17.39,18.25,19.04
2016-06-15 03:00:00,17.31,17.25,18.06,16.79,17.93,17.02,18.16,18.3
2016-06-15 04:00:00,18.47,18.650000000000002,19.48,17.62,19.18,18.18,19.11,19.740000000000002
2016-06-15 05:00:00,19.5,19.990000000000002,20.44,18.35,20.53,19.47,20.39,20.83
2016-06-15 06:00:00,21.87,22.29,23.29,20.150000000000002,23.69,21.23,22.21,22.1
2016-06-15 07:00:00,23.35,24.61,24.88,22.36,25.02,22.79,24.12,24.48
2016-06-15 08:00:00,25.19,26.96,26.95,23.7,27.32,24.39,25.65,25.7
2016-06-15 09:00:00,27.76,28.73,29.14,26.53,30.24,26.86,31.12,27.9
2016-06-15 10:00:00,30.85,32.79,32.44,28.88,34.03,29.4,38.15,30.88
2016-06-15 11:00:00,33.57,35.13,35.09,30.05,37.08,33.27,49.36,36.39
2016-06-15 12:00:00,36.18,38.07,37.45,31.67,39.88,36.36,64.03,42.48
2016-06-15 13:00:00,40.95,43.0,42.68,34.56,45.01,42.78,78.91,49.57
2016-06-15 14:00:00,45.42,46.66,46.73,39.480000000000004,49.34,47.4,85.04,55.43
2016-06-15 15:00:00,46.6,47.99,48.4,39.34,50.61,48.91,90.0,58.66
2016-06-15 16:00:00,47.18,48.44,48.95,40.71,51.1,48.37,90.0,57.97
2016-06-15 17:00:00,39.9,41.09,41.24,34.77,43.65,40.17,73.65,50.05
2016-06-15 18:00:00,36.09,37.49,37.72,31.92,39.75,36.13,57.0,42.46
2016-06-15 19:00:00,33.27,35.08,35.12,29.95,37.01,33.0,45.07,35.44
2016-06-15 20:00:00,32.21,33.85,34.25,29.21,35.85,31.73,40.26,33.67
2016-06-15 21:00:00,27.39,27.84,29.04,26.65,29.33,26.47,28.49,27.77
2016-06-15 22:00:00,23.38,24.27,24.66,21.17,24.92,23.81,25.04,25.0
2016-06-15 23:00:00,21.28,22.48,22.62,18.93,22.93,22.08,23.01,24.12
2016-06-16 00:00:00,19.78,20.85,21.34,17.57,21.1,20.25,21.62,22.2
2016-06-16 01:00:00,18.17,18.98,19.8,16.25,19.5,18.22,18.94,19.47
2016-06-16 02:00:00,17.03,17.5,18.2,15.29,18.03,17.42,17.94,18.150000000000002
2016-06-16 03:00:00,16.66,17.23,17.92,14.99,17.75,16.73,17.19,17.12
2016-06-16 04:00:00,17.62,18.29,19.240000000000002,15.59,18.84,18.14,18.53,18.44
2016-06-16 05:00:00,19.18,19.48,20.19,17.22,20.06,19.97,21.0,20.47
2016-06-16 06:00:00,20.97,21.29,21.95,18.27,22.16,21.58,22.85,22.82
2016-06-16 07:00:00,22.89,23.67,24.27,20.56,24.69,22.94,23.53,23.29
2016-06-16 08:00:00,24.86,26.06,27.02,21.47,27.33,24.53,25.66,25.3
2016-06-16 09:00:00,26.4,27.45,28.74,22.67,28.66,26.4,29.46,28.23
2016-06-16 10:00:00,29.68,30.02,31.45,26.74,32.67,28.34,41.02,31.4
2016-06-16 11:00:00,32.12,33.01,34.27,25.84,35.75,34.25,54.87,36.53
2016-06-16 12:00:00,36.37,37.39,38.31,29.43,39.99,38.65,84.47,46.18
2016-06-16 13:00:00,40.15,39.82,40.660000000000004,31.92,42.87,46.05,102.33,55.0
2016-06-16 14:00:00,44.37,41.86,42.88,36.800000000000004,44.79,53.45,116.51,63.99
2016-06-16 15:00:00,45.26,42.08,43.02,37.64,44.81,55.6,122.08,67.23
2016-06-16 16:00:00,44.33,41.39,42.18,36.75,43.9,55.99,112.06,66.57000000000001
2016-06-16 17:00:00,36.96,35.89,36.27,31.720000000000006,38.31,43.24,84.7,50.9
2016-06-16 18:00:00,31.66,31.02,31.15,26.94,32.93,38.09,62.3,43.12
2016-06-16 19:00:00,29.38,29.48,30.65,24.96,31.4,33.160000000000004,49.02,36.1
2016-06-16 20:00:00,26.77,27.46,28.24,22.81,28.66,29.89,40.98,31.87
2016-06-16 21:00:00,23.74,24.39,24.61,21.27,24.76,26.78,31.44,27.31
2016-06-16 22:00:00,21.78,23.26,24.16,18.03,23.43,25.38,25.69,26.38
2016-06-16 23:00:00,20.61,21.41,22.44,17.080000000000002,22.15,24.12,24.65,25.48
2016-06-17 00:00:00,18.830000000000002,19.48,20.5,15.8,20.21,20.56,21.8,23.32
2016-06-17 01:00:00,16.76,16.82,17.71,14.0,17.48,19.48,20.45,21.6
2016-06-17 02:00:00,15.6,15.71,16.45,12.86,16.22,18.68,19.400000000000002,19.12
2016-06-17 03:00:00,15.31,15.56,16.36,12.41,16.3,18.1,19.01,18.68
2016-06-17 04:00:00,16.47,17.05,17.71,14.0,17.400000000000002,18.31,19.12,19.17
2016-06-17 05:00:00,18.06,18.6,19.64,15.77,19.37,19.43,20.32,19.92
2016-06-17 06:00:00,20.27,21.46,22.24,18.21,22.06,20.16,21.81,21.56
2016-06-17 07:00:00,22.25,22.4,23.52,21.46,23.4,21.41,23.5,22.48
2016-06-17 08:00:00,23.57,25.14,25.8,21.43,25.39,22.96,26.98,24.82
2016-06-17 09:00:00,25.65,25.77,27.26,23.44,27.25,25.3,32.0,27.39
2016-06-17 10:00:00,29.25,27.91,28.89,28.28,29.49,27.49,45.57,30.28
2016-06-17 11:00:00,31.65,30.38,31.24,28.7,31.86,29.15,72.4,34.660000000000004
2016-06-17 12:00:00,36.68,34.19,33.910000000000004,31.55,34.96,34.04,130.15,45.44
2016-06-17 13:00:00,43.26,38.6,40.78,35.07,40.29,42.04,199.49,56.79
2016-06-17 14:00:00,47.98,41.87,43.46,38.0,43.11,46.67,253.86,66.32000000000001
2016-06-17 15:00:00,50.79,43.25,45.5,38.95,44.69,48.73,299.5,72.85000000000001
2016-06-17 16:00:00,49.45,42.28,44.56,37.99,43.74,41.77,302.38,69.27
2016-06-17 17:00:00,39.03,34.63,36.32,32.45,35.99,33.21,192.31,49.27
2016-06-17 18:00:00,32.980000000000004,30.79,30.25,29.18,30.970000000000006,29.25,110.57,39.72
2016-06-17 19:00:00,28.96,28.12,30.02,26.88,29.57,27.15,60.95,32.44
2016-06-17 20:00:00,27.04,26.34,26.08,26.92,26.35,26.32,48.32,29.44
2016-06-17 21:00:00,24.77,24.2,24.59,24.24,24.63,25.0,31.8,26.41
2016-06-17 22:00:00,21.82,22.46,22.94,20.43,22.67,22.51,25.1,24.62
2016-06-17 23:00:00,21.33,21.62,22.12,20.02,22.09,21.82,23.74,24.42
2016-06-18 00:00:00,20.63,21.47,21.9,18.96,21.58,21.38,22.36,24.13
2016-06-18 01:00:00,18.43,18.39,18.89,17.3,18.57,19.990000000000002,20.78,22.26
2016-06-18 02:00:00,17.01,16.61,17.2,15.66,17.0,18.71,19.57,21.66
2016-06-18 03:00:00,16.5,16.11,16.580000000000002,14.95,16.45,18.06,18.95,21.02
2016-06-18 04:00:00,16.37,16.06,16.42,14.8,16.36,17.96,18.84,20.82
2016-06-18 05:00:00,16.55,16.31,16.73,15.04,16.65,18.080000000000002,18.95,20.82
2016-06-18 06:00:00,18.18,18.62,19.48,16.48,18.95,17.66,19.07,19.72
2016-06-18 07:00:00,20.21,20.22,21.03,18.59,20.76,19.05,21.19,22.3
2016-06-18 08:00:00,22.18,22.52,23.24,20.2,22.94,21.52,23.61,23.94
2016-06-18 09:00:00,23.55,23.42,23.91,21.57,23.82,21.92,25.3,24.99
2016-06-18 10:00:00,26.68,28.36,27.31,26.58,26.97,25.0,29.5,28.38
2016-06-18 11:00:00,28.46,28.73,30.01,25.58,28.54,26.26,45.02,33.14
2016-06-18 12:00:00,31.220000000000006,30.67,32.76,26.99,30.21,26.64,70.0,40.07
2016-06-18 13:00:00,36.45,35.550000000000004,35.25,31.69,33.08,30.34,92.97,51.41
2016-06-18 14:00:00,39.24,36.61,37.33,33.47,35.46,32.86,103.07,59.76
2016-06-18 15:00:00,41.3,40.38,40.31,34.74,38.42,34.27,100.14,64.37
2016-06-18 16:00:00,42.57,42.11,44.66,36.38,41.42,35.39,96.73,60.73
2016-06-18 17:00:00,36.67,36.46,35.92,33.52,35.32,33.230000000000004,67.37,47.37
2016-06-18 18:00:00,30.48,30.92,30.69,29.02,30.03,28.47,47.27,36.51
2016-06-18 19:00:00,27.45,26.94,27.41,27.64,26.75,26.65,30.7,30.12
2016-06-18 20:00:00,25.57,26.84,27.08,24.33,26.11,25.06,29.55,28.87
2016-06-18 21:00:00,23.44,23.71,24.44,21.59,24.39,23.53,25.75,25.55
2016-06-18 22:00:00,21.59,22.58,23.67,19.59,22.83,22.3,23.91,24.52
2016-06-18 23:00:00,20.74,20.85,22.41,19.13,21.37,21.85,23.17,24.26
2016-06-19 00:00:00,17.6,18.01,18.7,15.14,18.22,19.29,21.69,23.72
2016-06-19 01:00:00,14.82,15.1,15.83,10.87,15.77,18.580000000000002,20.16,22.47
2016-06-19 02:00:00,13.51,14.48,15.15,8.88,14.69,17.6,18.57,22.04
2016-06-19 03:00:00,11.52,12.08,12.47,6.45,12.28,17.03,17.87,21.47
2016-06-19 04:00:00,10.62,11.18,11.53,5.09,11.36,16.9,17.64,20.97
2016-06-19 05:00:00,10.74,11.57,11.82,5.13,11.77,17.02,17.490000000000002,20.32
2016-06-19 06:00:00,12.77,13.94,14.29,7.12,14.08,17.46,19.01,20.22
2016-06-19 07:00:00,16.45,17.87,18.17,10.71,18.1,19.04,21.78,21.82
2016-06-19 08:00:00,19.77,20.66,21.23,16.41,20.97,19.84,23.96,23.31
2016-06-19 09:00:00,21.71,22.79,23.35,17.39,22.9,20.58,25.94,24.87
2016-06-19 10:00:00,23.74,25.62,25.24,18.63,24.96,22.07,30.51,26.81
2016-06-19 11:00:00,25.42,27.52,26.67,18.48,26.56,25.3,41.44,32.25
2016-06-19 12:00:00,27.79,29.08,29.06,19.66,28.0,28.5,57.87,37.800000000000004
2016-06-19 13:00:00,30.82,32.13,31.55,21.4,30.33,29.26,67.61,44.55
2016-06-19 14:00:00,34.54,36.76,35.74,23.79,34.47,33.44,72.95,51.84
2016-06-19 15:00:00,36.86,40.0,38.93,24.66,40.34,34.67,74.9,53.46
2016-06-19 16:00:00,39.35,44.07,42.44,26.61,43.9,36.79,76.85000000000001,55.08
2016-06-19 17:00:00,35.94,40.5,39.0,26.49,39.71,34.06,64.68,45.3
2016-06-19 18:00:00,31.0,35.18,33.65,24.1,33.62,30.08,45.72,36.9
2016-06-19 19:00:00,26.44,28.89,28.49,21.13,28.12,26.82,34.0,30.08
2016-06-19 20:00:00,25.6,28.37,26.77,21.64,27.08,25.95,31.66,30.38
2016-06-19 21:00:00,23.19,24.93,25.04,19.05,24.64,24.1,26.15,26.68
2016-06-19 22:00:00,20.84,22.39,23.15,18.95,22.78,21.65,24.17,25.12
2016-06-19 23:00:00,20.13,22.07,23.08,18.11,22.79,20.64,22.63,23.8
2016-06-20 00:00:00,18.650000000000002,19.88,20.68,15.3,20.44,20.75,21.56,22.31
2016-06-20 01:00:00,16.44,17.62,18.62,12.61,18.29,19.400000000000002,20.240000000000002,20.49
2016-06-20 02:00:00,15.39,16.5,17.05,11.89,17.05,17.91,18.51,18.81
2016-06-20 03:00:00,14.99,16.04,16.56,11.66,16.55,17.14,17.78,18.6
2016-06-20 04:00:00,16.9,17.84,18.31,14.55,18.19,17.77,18.53,19.31
2016-06-20 05:00:00,18.96,19.95,20.53,16.76,20.43,18.98,20.01,20.75
2016-06-20 06:00:00,21.75,23.44,24.64,19.04,24.29,21.51,22.76,22.88
2016-06-20 07:00:00,23.11,24.56,26.06,19.62,25.45,22.94,24.61,23.6
2016-06-20 08:00:00,25.54,26.64,28.38,21.76,28.14,24.34,26.01,24.82
2016-06-20 09:00:00,28.78,30.94,32.43,24.07,32.72,27.2,28.69,27.63
2016-06-20 10:00:00,33.18,35.33,37.4,28.87,37.63,32.05,33.69,32.7
2016-06-20 11:00:00,35.89,38.43,40.42,28.03,41.01,35.88,44.74,37.75
2016-06-20 12:00:00,40.02,43.45,45.4,29.82,45.42,40.01,59.07,44.43
2016-06-20 13:00:00,46.86,50.81,50.79,35.0,51.98,49.95,72.95,56.69
2016-06-20 14:00:00,51.33,55.91,56.27,37.910000000000004,57.54,50.27,80.66,63.56
2016-06-20 15:00:00,51.59,55.62,57.88,34.11,57.69,46.11,84.55,68.25
2016-06-20 16:00:00,51.85,55.35,56.58,37.81,57.19,49.04,83.33,69.26
2016-06-20 17:00:00,44.03,48.77,49.4,30.6,51.62,39.660000000000004,66.8,53.35
2016-06-20 18:00:00,37.74,41.52,42.02,28.21,43.54,36.300000000000004,49.38,43.61
2016-06-20 19:00:00,35.06,37.980000000000004,38.65,28.11,39.34,34.07,40.46,39.65
2016-06-20 20:00:00,32.82,35.63,37.36,26.67,37.34,30.66,35.38,33.93
2016-06-20 21:00:00,27.92,30.04,31.04,23.92,30.89,27.38,29.22,28.2
2016-06-20 22:00:00,24.34,25.16,26.05,22.57,25.7,23.79,25.36,24.84
2016-06-20 23:00:00,21.85,23.25,23.85,19.5,23.58,23.1,23.87,23.75
2016-06-21 00:00:00,20.41,21.22,22.23,18.78,21.84,19.38,21.18,22.32
2016-06-21 01:00:00,18.73,19.01,19.52,17.13,19.76,18.150000000000002,20.04,21.21
2016-06-21 02:00:00,17.59,17.93,18.48,16.22,18.44,16.92,18.63,20.16
2016-06-21 03:00:00,17.13,17.45,17.85,15.78,17.95,16.47,18.17,19.75
2016-06-21 04:00:00,18.18,18.52,19.03,16.77,19.06,17.51,19.13,20.36
2016-06-21 05:00:00,19.740000000000002,20.1,20.49,17.72,20.88,19.2,20.93,21.59
2016-06-21 06:00:00,21.3,22.6,23.22,19.06,22.85,20.31,21.57,21.18
2016-06-21 07:00:00,23.07,23.94,25.34,20.85,24.43,22.22,23.51,23.33
2016-06-21 08:00:00,25.07,25.33,27.48,23.35,26.71,23.72,25.44,25.56
2016-06-21 09:00:00,26.7,27.28,28.42,24.89,28.0,25.84,27.61,26.89
2016-06-21 10:00:00,29.55,30.31,29.52,28.46,30.04,28.65,31.43,29.9
2016-06-21 11:00:00,32.51,32.52,32.94,31.05,33.26,31.18,48.13,35.0
2016-06-21 12:00:00,36.42,36.52,36.67,34.35,36.83,34.980000000000004,63.11,40.050000000000004
2016-06-21 13:00:00,41.82,41.81,41.82,39.26,41.46,39.81,78.98,49.51
2016-06-21 14:00:00,45.18,45.02,45.49,42.52,44.8,44.0,79.47,57.08
2016-06-21 15:00:00,46.31,46.08,46.73,42.9,45.97,43.84,84.34,59.02
2016-06-21 16:00:00,45.57,45.3,46.03,42.82,45.31,45.0,76.21000000000001,59.31
2016-06-21 17:00:00,38.72,38.59,38.730000000000004,36.480000000000004,38.44,38.14,67.82000000000001,47.53
2016-06-21 18:00:00,33.6,33.52,34.0,31.59,33.67,33.85,48.21,38.6
2016-06-21 19:00:00,30.54,30.61,30.63,29.36,30.83,30.09,36.0,32.27
2016-06-21 20:00:00,27.98,27.89,28.42,27.0,28.6,27.92,32.03,30.09
2016-06-21 21:00:00,25.21,25.13,26.51,23.18,25.93,25.24,27.16,27.08
2016-06-21 22:00:00,22.18,22.96,23.62,20.5,23.27,20.63,23.66,24.23
2016-06-21 23:00:00,19.94,20.91,21.09,17.84,21.1,19.46,22.52,22.99
2016-06-22 00:00:00,18.13,19.63,20.14,14.96,20.05,19.14,20.49,22.34
2016-06-22 01:00:00,15.99,16.990000000000002,17.72,12.18,17.6,17.81,19.23,19.93
2016-06-22 02:00:00,14.43,15.46,16.1,9.78,15.87,16.73,18.05,19.1
2016-06-22 03:00:00,14.02,15.12,15.78,9.71,15.54,16.21,17.56,18.81
2016-06-22 04:00:00,15.88,18.01,18.82,11.27,18.47,17.240000000000002,18.73,19.34
2016-06-22 05:00:00,16.51,18.92,15.45,11.93,19.23,18.57,19.56,19.830000000000002
2016-06-22 06:00:00,19.17,21.4,20.41,14.37,21.3,19.88,21.64,21.25
2016-06-22 07:00:00,20.92,23.2,22.7,17.96,23.45,20.78,22.24,22.18
2016-06-22 08:00:00,22.46,24.01,24.6,20.330000000000002,24.43,22.79,25.37,24.51
2016-06-22 09:00:00,24.22,26.02,26.74,20.52,26.32,24.49,26.41,25.39
2016-06-22 10:00:00,26.58,27.93,28.41,22.77,28.16,27.85,28.91,28.24
2016-06-22 11:00:00,28.44,29.32,30.19,24.13,29.87,30.16,37.02,33.72
2016-06-22 12:00:00,31.45,33.15,33.38,24.92,33.76,33.63,49.47,38.61
2016-06-22 13:00:00,36.14,38.36,38.39,25.78,37.75,39.800000000000004,68.02,46.52
2016-06-22 14:00:00,38.800000000000004,40.67,40.730000000000004,26.9,40.08,42.6,83.69,52.75
2016-06-22 15:00:00,39.92,42.24,42.07,23.91,41.57,43.63,90.0,55.25
2016-06-22 16:00:00,39.2,41.08,40.910000000000004,24.0,40.480000000000004,43.72,90.0,55.23
2016-06-22 17:00:00,33.53,35.13,35.08,22.03,34.94,36.5,78.73,46.04
2016-06-22 18:00:00,29.56,31.05,31.3,21.85,31.66,31.68,51.76,37.71
2016-06-22 19:00:00,27.25,28.73,28.94,20.23,29.49,30.87,36.49,34.22
2016-06-22 20:00:00,25.8,26.85,26.96,20.1,27.35,28.0,33.65,31.74
2016-06-22 21:00:00,23.97,24.68,25.14,20.07,25.19,26.31,27.37,29.02
2016-06-22 22:00:00,22.16,22.74,24.2,19.7,23.76,23.26,25.42,25.48
2016-06-22 23:00:00,20.8,22.68,23.63,17.36,23.03,21.78,22.98,24.49
2016-06-23 00:00:00,20.0,20.51,21.4,17.79,21.15,20.69,22.71,24.11
2016-06-23 01:00:00,18.81,19.43,20.26,16.55,19.92,19.12,20.58,22.16
2016-06-23 02:00:00,17.400000000000002,17.88,18.47,15.31,18.18,17.97,19.27,20.57
2016-06-23 03:00:00,17.03,17.59,18.64,14.57,18.27,17.21,18.34,19.01
2016-06-23 04:00:00,18.62,19.580000000000002,20.37,15.48,20.07,18.39,19.68,20.17
2016-06-23 05:00:00,20.19,21.2,21.92,17.080000000000002,21.49,19.990000000000002,21.57,22.17
2016-06-23 06:00:00,21.95,22.91,23.31,19.53,23.08,21.87,23.28,23.19
2016-06-23 07:00:00,23.61,24.79,24.8,20.74,24.85,23.21,24.46,24.36
2016-06-23 08:00:00,25.15,25.93,26.0,22.18,26.14,24.73,26.09,25.97
2016-06-23 09:00:00,27.06,28.11,29.2,23.99,28.86,26.2,27.8,27.2
2016-06-23 10:00:00,29.88,29.67,30.4,28.28,30.5,29.24,31.28,30.42
2016-06-23 11:00:00,31.52,31.2,32.19,29.38,32.15,30.92,39.44,33.86
2016-06-23 12:00:00,34.550000000000004,34.9,35.08,30.32,35.550000000000004,32.42,61.31,39.03
2016-06-23 13:00:00,40.69,40.800000000000004,41.03,35.06,41.65,36.410000000000004,83.87,46.66
2016-06-23 14:00:00,43.43,43.64,43.91,36.49,44.28,39.11,95.0,52.38
2016-06-23 15:00:00,44.68,44.54,46.46,35.74,45.32,40.53,103.8,55.69
2016-06-23 16:00:00,43.95,42.27,44.2,38.300000000000004,43.01,40.1,105.0,56.32
2016-06-23 17:00:00,38.08,37.08,38.86,32.47,38.15,34.38,88.83,47.82
2016-06-23 18:00:00,33.45,33.33,34.95,30.02,34.26,31.77,62.34,38.94
2016-06-23 19:00:00,29.5,29.47,30.44,25.68,30.01,29.43,36.4,33.28
2016-06-23 20:00:00,27.39,27.44,28.26,23.01,27.85,27.03,33.7,29.73
2016-06-23 21:00:00,25.47,25.79,26.05,22.5,25.92,25.01,29.63,26.86
2016-06-23 22:00:00,22.66,22.66,23.56,20.12,23.27,22.44,25.85,26.08
2016-06-23 23:00:00,21.26,21.66,22.45,19.73,22.38,21.06,23.16,24.8
2016-06-24 00:00:00,19.87,20.58,21.26,17.85,20.86,20.36,22.0,24.32
2016-06-24 01:00:00,19.06,19.64,20.14,17.35,19.92,19.52,20.87,22.39
2016-06-24 02:00:00,18.14,18.52,19.45,16.39,19.05,18.48,19.62,20.81
2016-06-24 03:00:00,17.54,17.98,18.490000000000002,15.71,18.39,17.98,19.06,20.56
2016-06-24 04:00:00,18.400000000000002,18.79,19.740000000000002,16.490000000000002,19.330000000000002,18.8,19.95,21.22
2016-06-24 05:00:00,19.41,20.13,20.72,17.75,20.56,19.69,20.74,21.63
2016-06-24 06:00:00,20.49,21.4,22.04,18.6,21.62,20.67,21.85,22.55
2016-06-24 07:00:00,22.63,23.57,24.17,20.78,23.75,22.37,23.62,24.04
2016-06-24 08:00:00,23.79,24.47,25.57,21.52,25.08,23.65,25.01,25.23
2016-06-24 09:00:00,25.09,25.51,26.72,22.83,26.29,24.86,27.0,26.02
2016-06-24 10:00:00,27.0,27.57,28.76,23.72,28.26,26.95,31.63,27.98
2016-06-24 11:00:00,28.55,29.17,30.12,23.35,29.65,28.34,51.0,30.89
2016-06-24 12:00:00,32.13,31.64,33.53,27.34,31.86,30.64,70.0,36.59
2016-06-24 13:00:00,37.07,35.45,38.01,29.37,35.63,34.38,107.6,43.39
2016-06-24 14:00:00,41.8,39.87,42.88,32.3,40.27,38.19,126.38000000000002,52.9
2016-06-24 15:00:00,43.18,41.39,42.12,32.12,42.06,39.34,140.83,55.0
2016-06-24 16:00:00,41.28,39.15,39.65,29.84,39.61,40.21,137.85,58.65
2016-06-24 17:00:00,34.14,33.97,34.660000000000004,25.27,34.53,35.19,80.10000000000001,46.37
2016-06-24 18:00:00,29.61,29.36,30.55,22.65,30.14,31.69,61.27,38.27
2016-06-24 19:00:00,26.25,27.07,27.9,21.85,27.55,28.15,34.2,30.76
2016-06-24 20:00:00,24.26,25.43,25.76,20.07,25.71,26.61,30.47,28.18
2016-06-24 21:00:00,23.29,24.53,25.37,19.18,24.95,25.14,27.55,26.63
2016-06-24 22:00:00,21.31,22.63,22.93,17.84,23.18,23.34,25.46,25.26
2016-06-24 23:00:00,19.82,21.44,22.23,16.19,21.92,22.57,23.54,24.69
2016-06-25 00:00:00,17.2,20.04,20.62,11.69,20.400000000000002,20.52,21.96,22.64
2016-06-25 01:00:00,15.04,17.68,18.34,9.48,18.19,18.73,19.73,20.29
2016-06-25 02:00:00,12.73,15.63,16.3,5.98,16.13,17.330000000000002,17.89,18.43
2016-06-25 03:00:00,11.67,14.38,14.9,4.91,14.81,16.31,16.79,18.04
2016-06-25 04:00:00,12.61,15.67,16.330000000000002,5.91,16.19,16.73,17.29,18.12
2016-06-25 05:00:00,13.09,15.69,16.22,7.63,15.89,16.82,17.34,18.78
2016-06-25 06:00:00,14.54,16.5,18.240000000000002,8.4,17.96,17.93,18.79,19.44
2016-06-25 07:00:00,17.68,18.62,21.94,12.81,21.2,19.8,21.16,21.05
2016-06-25 08:00:00,20.06,22.05,22.74,15.91,22.14,21.96,23.42,23.51
2016-06-25 09:00:00,21.58,24.15,24.5,17.32,24.15,23.45,25.65,25.08
2016-06-25 10:00:00,23.4,26.06,27.21,17.990000000000002,26.57,25.66,28.55,27.67
2016-06-25 11:00:00,24.48,26.38,28.06,18.29,27.69,27.34,33.81,31.17
2016-06-25 12:00:00,26.7,28.75,29.83,18.53,29.42,30.15,44.02,35.38
2016-06-25 13:00:00,30.14,32.02,33.85,19.23,33.17,35.22,53.88,43.07
2016-06-25 14:00:00,33.55,34.410000000000004,35.51,23.46,35.79,37.94,64.27,47.24
2016-06-25 15:00:00,36.51,38.21,38.47,26.34,38.57,40.71,72.02,51.54
2016-06-25 16:00:00,36.6,39.1,39.31,25.43,39.56,41.87,69.78,51.14
2016-06-25 17:00:00,32.49,35.07,34.96,22.65,35.5,35.410000000000004,53.18,44.1
2016-06-25 18:00:00,29.35,30.81,31.2,23.1,31.61,31.8,43.87,37.39
2016-06-25 19:00:00,25.92,28.24,27.62,22.06,27.66,26.96,30.69,30.43
2016-06-25 20:00:00,25.05,26.43,26.51,22.21,26.41,25.85,28.72,28.0
2016-06-25 21:00:00,24.5,25.66,26.33,22.8,25.87,24.29,26.24,26.4
2016-06-25 22:00:00,22.18,23.33,23.49,20.11,23.75,22.63,25.18,24.98
2016-06-25 23:00:00,20.58,21.54,22.27,18.87,21.98,21.66,23.87,24.27
2016-06-26 00:00:00,19.35,20.84,20.78,17.72,20.64,20.080000000000002,21.72,23.11
2016-06-26 01:00:00,17.66,19.13,18.92,16.07,18.89,18.36,19.990000000000002,21.59
2016-06-26 02:00:00,15.92,16.96,17.09,14.47,17.02,16.43,18.12,19.84
2016-06-26 03:00:00,15.49,16.330000000000002,16.79,14.71,16.52,15.73,16.87,17.0
2016-06-26 04:00:00,14.76,15.610000000000003,16.03,13.55,15.81,15.28,16.22,16.31
2016-06-26 05:00:00,14.31,14.99,15.41,13.07,15.2,14.65,15.58,15.7
2016-06-26 06:00:00,15.23,16.18,16.46,13.17,16.29,15.47,16.490000000000002,16.61
2016-06-26 07:00:00,19.11,20.12,20.65,17.66,20.16,19.17,20.330000000000002,20.18
2016-06-26 08:00:00,20.95,22.17,22.92,18.88,22.08,21.51,22.93,23.08
2016-06-26 09:00:00,22.89,24.21,25.42,19.45,24.64,23.08,24.8,24.87
2016-06-26 10:00:00,24.93,26.18,28.23,20.27,27.68,26.16,27.62,27.75
2016-06-26 11:00:00,26.29,28.65,29.63,20.28,29.21,29.37,30.41,30.96
2016-06-26 12:00:00,28.11,30.38,31.17,21.29,32.480000000000004,31.03,37.38,34.19
2016-06-26 13:00:00,31.54,34.62,35.79,20.99,36.0,36.230000000000004,46.9,41.27
2016-06-26 14:00:00,34.39,38.03,39.53,19.72,39.800000000000004,39.77,59.25,48.37
2016-06-26 15:00:00,37.800000000000004,40.79,45.63,22.06,42.73,44.44,65.28,54.49
2016-06-26 16:00:00,38.7,42.42,47.19,22.65,44.28,46.68,65.18,55.01
2016-06-26 17:00:00,35.92,38.72,43.3,24.77,40.9,40.38,53.9,46.76
2016-06-26 18:00:00,31.18,33.480000000000004,34.7,23.99,35.0,35.0,39.15,38.22
2016-06-26 19:00:00,28.17,29.85,32.58,23.77,31.5,29.56,30.82,30.47
2016-06-26 20:00:00,27.2,28.3,30.19,24.22,29.33,27.83,29.11,29.42
2016-06-26 21:00:00,25.08,25.55,26.92,22.94,26.31,25.56,27.05,27.1
2016-06-26 22:00:00,22.22,23.51,24.38,20.57,23.56,22.88,24.52,24.81
2016-06-26 23:00:00,20.75,22.33,22.99,19.36,22.42,21.68,23.08,23.75
2016-06-27 00:00:00,20.41,21.76,22.2,18.45,21.86,21.05,22.94,23.45
2016-06-27 01:00:00,19.52,20.49,20.93,17.78,20.55,19.79,21.53,22.19
2016-06-27 02:00:00,18.85,19.7,20.29,16.66,20.07,18.98,20.32,21.07
2016-06-27 03:00:00,18.1,18.54,19.16,16.95,18.77,18.54,19.55,20.150000000000002
2016-06-27 04:00:00,19.150000000000002,19.87,21.1,17.22,20.6,19.02,20.13,20.19
2016-06-27 05:00:00,20.0,20.9,21.85,17.91,21.39,19.900000000000002,21.32,22.0
2016-06-27 06:00:00,22.19,23.06,24.72,19.69,24.08,22.07,23.31,23.4
2016-06-27 07:00:00,23.69,24.28,25.95,20.37,25.57,23.27,24.72,25.18
2016-06-27 08:00:00,25.76,26.52,27.95,22.49,27.9,24.96,26.64,27.05
2016-06-27 09:00:00,29.36,31.68,32.56,25.82,31.94,28.6,30.9,30.73
2016-06-27 10:00:00,32.08,33.9,35.160000000000004,28.44,34.480000000000004,29.14,35.61,33.47
2016-06-27 11:00:00,35.62,38.31,39.300000000000004,31.63,38.480000000000004,31.04,41.0,37.9
2016-06-27 12:00:00,39.76,43.05,44.58,34.08,43.8,32.5,50.74,45.0
2016-06-27 13:00:00,45.26,48.29,50.32,37.53,49.56,37.57,60.0,53.64
2016-06-27 14:00:00,49.95,53.56,55.88,37.71,54.88,42.36,67.36,61.48
2016-06-27 15:00:00,50.33,55.9,57.13,34.81,56.17,44.0,71.34,65.62
2016-06-27 16:00:00,48.87,57.26,55.83,35.51,54.93,43.51,69.97,63.87
2016-06-27 17:00:00,41.57,46.78,47.15,31.54,46.78,36.550000000000004,55.12,52.65
2016-06-27 18:00:00,35.68,40.92,40.74,28.5,40.11,32.77,43.59,42.01
2016-06-27 19:00:00,31.720000000000006,40.25,35.050000000000004,24.08,35.63,29.95,38.18,35.68
2016-06-27 20:00:00,29.77,33.51,32.33,23.98,32.61,28.45,33.96,32.69
2016-06-27 21:00:00,25.77,27.95,28.4,21.63,28.5,25.23,28.13,27.89
2016-06-27 22:00:00,23.17,25.03,25.32,20.96,25.06,22.81,25.38,25.05
2016-06-27 23:00:00,21.29,23.46,23.81,19.21,23.51,21.59,23.08,24.03
2016-06-28 00:00:00,20.31,22.09,22.18,18.52,21.79,19.44,22.61,23.49
2016-06-28 01:00:00,19.490000000000002,20.82,21.48,18.27,20.91,19.0,21.29,22.15
2016-06-28 02:00:00,18.57,19.28,19.63,17.740000000000002,19.46,17.94,20.09,21.44
2016-06-28 03:00:00,18.17,18.63,19.11,16.98,18.88,17.51,19.92,21.36
2016-06-28 04:00:00,19.14,19.61,20.150000000000002,17.86,19.91,18.490000000000002,20.85,21.67
2016-06-28 05:00:00,19.95,20.53,21.38,18.45,20.85,19.14,21.58,22.45
2016-06-28 06:00:00,21.43,21.19,23.66,20.0,22.82,20.04,22.14,22.64
2016-06-28 07:00:00,23.14,24.37,25.45,22.1,24.31,21.28,23.76,23.56
2016-06-28 08:00:00,24.21,25.33,26.35,22.35,25.81,22.16,25.95,25.23
2016-06-28 09:00:00,25.87,25.89,27.23,25.65,26.02,23.09,26.75,27.3
2016-06-28 10:00:00,27.73,27.86,29.86,26.31,28.62,23.54,29.99,29.61
2016-06-28 11:00:00,28.93,28.85,30.3,27.48,29.35,24.11,31.59,29.86
2016-06-28 12:00:00,31.7,31.15,32.34,29.65,31.57,26.82,38.25,35.19
2016-06-28 13:00:00,34.480000000000004,32.77,34.14,31.89,33.19,29.59,48.65,41.01
2016-06-28 14:00:00,38.38,36.21,37.15,36.11,36.28,32.46,55.75,47.71
2016-06-28 15:00:00,37.65,35.42,36.57,35.17,35.53,31.69,55.74,47.11
2016-06-28 16:00:00,36.32,33.78,35.46,33.31,34.22,31.25,55.39,46.22
2016-06-28 17:00:00,32.64,30.77,32.25,30.49,31.15,27.32,45.63,39.83
2016-06-28 18:00:00,29.43,28.67,30.26,28.97,29.16,23.69,35.63,32.08
2016-06-28 19:00:00,26.72,26.5,27.87,25.91,26.82,23.95,29.25,28.46
2016-06-28 20:00:00,25.79,25.53,26.8,25.22,25.67,22.92,27.94,26.92
2016-06-28 21:00:00,24.41,24.16,25.06,24.26,24.54,22.3,26.43,26.51
2016-06-28 22:00:00,22.22,22.27,23.47,20.86,22.98,21.54,25.76,25.15
2016-06-28 23:00:00,20.54,21.34,21.32,19.07,21.27,20.62,23.25,24.0
2016-06-29 00:00:00,19.57,20.91,20.54,18.47,20.57,19.96,21.69,23.1
2016-06-29 01:00:00,18.580000000000002,19.240000000000002,19.07,17.6,19.05,19.22,20.45,21.49
2016-06-29 02:00:00,17.18,17.21,17.53,15.96,17.48,18.17,19.28,19.580000000000002
2016-06-29 03:00:00,17.03,17.14,17.580000000000002,16.16,17.47,17.47,18.56,19.2
2016-06-29 04:00:00,18.12,18.490000000000002,18.87,16.89,18.81,17.95,19.09,19.53
2016-06-29 05:00:00,19.11,19.45,20.06,17.79,19.85,18.900000000000002,20.72,22.29
2016-06-29 06:00:00,21.06,20.25,22.45,19.8,21.96,20.32,22.23,22.41
2016-06-29 07:00:00,22.64,21.47,24.85,21.52,24.08,21.41,23.56,24.06
2016-06-29 08:00:00,23.96,23.73,25.57,22.36,24.78,22.75,25.37,25.33
2016-06-29 09:00:00,25.15,25.27,26.02,23.98,25.52,23.07,26.82,26.87
2016-06-29 10:00:00,26.84,26.65,28.65,25.2,27.62,24.13,29.56,28.45
2016-06-29 11:00:00,28.34,27.96,29.21,26.83,28.83,24.76,31.8,30.8
2016-06-29 12:00:00,30.72,29.81,30.85,30.51,30.5,26.46,35.01,34.29
2016-06-29 13:00:00,34.24,32.9,35.160000000000004,33.24,33.71,30.59,43.85,41.46
2016-06-29 14:00:00,38.7,36.53,37.42,38.89,37.08,35.2,50.86,48.19
2016-06-29 15:00:00,38.95,37.02,38.67,39.01,37.58,35.96,53.17,49.0
2016-06-29 16:00:00,38.44,35.63,38.230000000000004,40.18,36.6,35.68,54.56,49.33
2016-06-29 17:00:00,34.660000000000004,33.06,34.09,35.97,33.56,30.58,44.79,42.28
2016-06-29 18:00:00,31.16,30.66,32.9,30.85,31.51,27.18,36.0,35.76
2016-06-29 19:00:00,28.2,28.33,28.97,28.25,28.66,24.58,30.72,30.38
2016-06-29 20:00:00,27.11,26.9,28.23,27.1,27.52,24.26,29.74,29.56
2016-06-29 21:00:00,24.92,24.48,25.99,24.36,25.12,23.11,28.02,27.7
2016-06-29 22:00:00,22.86,22.8,23.76,21.59,23.12,22.4,26.06,26.01
2016-06-29 23:00:00,20.84,21.8,21.87,19.88,21.54,21.51,24.0,25.08
2016-06-30 00:00:00,20.150000000000002,21.61,21.16,19.03,21.18,20.59,22.16,23.87
2016-06-30 01:00:00,19.54,20.28,20.51,18.48,20.26,19.68,21.6,22.9
2016-06-30 02:00:00,18.36,18.45,18.68,17.5,18.63,18.6,20.03,21.64
2016-06-30 03:00:00,18.03,18.05,18.42,17.240000000000002,18.34,18.25,19.52,20.85
2016-06-30 04:00:00,19.01,19.17,19.62,18.11,19.490000000000002,19.1,20.37,21.56
2016-06-30 05:00:00,19.73,20.2,20.76,18.13,20.54,19.76,21.64,23.26
2016-06-30 06:00:00,21.43,21.59,22.32,19.57,22.01,20.93,23.03,23.77
2016-06-30 07:00:00,23.47,23.08,24.95,21.67,24.35,23.01,24.88,25.67
2016-06-30 08:00:00,25.3,25.38,26.64,23.76,26.03,24.52,26.6,26.74
2016-06-30 09:00:00,26.61,26.42,28.01,25.15,27.18,25.33,29.42,28.59
2016-06-30 10:00:00,28.02,27.64,29.01,26.26,28.5,25.8,30.56,29.95
2016-06-30 11:00:00,30.18,29.69,31.25,29.2,30.4,26.91,31.95,31.720000000000006
2016-06-30 12:00:00,32.56,31.79,33.01,30.79,32.28,29.44,37.32,37.12
2016-06-30 13:00:00,37.11,35.18,37.050000000000004,35.49,35.9,33.4,46.72,44.17
2016-06-30 14:00:00,41.06,39.2,41.81,37.09,40.35,38.12,57.36,53.87
2016-06-30 15:00:00,40.6,38.69,41.3,34.49,39.84,38.29,63.58,55.01
2016-06-30 16:00:00,39.02,38.46,40.47,31.78,39.050000000000004,36.910000000000004,58.76,55.79
2016-06-30 17:00:00,34.83,34.78,36.69,28.81,35.37,33.47,46.88,45.3
2016-06-30 18:00:00,30.91,31.17,33.160000000000004,25.98,32.12,29.62,38.84,38.01
2016-06-30 19:00:00,27.85,28.49,30.36,23.19,29.31,27.0,33.03,32.77
2016-06-30 20:00:00,26.76,28.25,29.64,22.22,28.88,26.5,31.88,30.28
2016-06-30 21:00:00,25.19,25.78,27.31,21.56,26.6,25.19,30.01,28.75
2016-06-30 22:00:00,22.91,24.25,25.23,20.39,24.81,23.13,26.36,27.33
2016-06-30 23:00:00,21.04,23.06,23.09,18.03,23.07,22.63,24.84,26.55
2016-07-01 00:00:00,20.17,22.5,22.27,17.77,21.94,21.17,25.83,23.54
2016-07-01 01:00:00,19.18,20.64,20.83,16.81,20.58,20.2,23.48,22.39
2016-07-01 02:00:00,18.12,18.63,19.28,16.39,19.0,18.91,21.56,20.5
2016-07-01 03:00:00,17.94,18.22,18.27,16.64,18.37,18.61,21.19,20.31
2016-07-01 04:00:00,18.98,19.400000000000002,19.830000000000002,17.63,19.6,19.47,21.47,21.14
2016-07-01 05:00:00,19.69,20.6,20.96,17.56,20.85,20.07,22.13,21.67
2016-07-01 06:00:00,20.88,21.77,22.46,19.3,22.06,20.71,22.62,23.65
2016-07-01 07:00:00,22.91,23.45,24.78,21.51,24.23,21.99,24.08,24.69
2016-07-01 08:00:00,24.71,24.92,25.82,23.16,25.56,23.61,26.4,27.12
2016-07-01 09:00:00,26.65,26.57,27.82,25.35,27.38,25.22,28.44,28.73
2016-07-01 10:00:00,28.67,28.56,29.53,28.43,29.11,26.66,30.54,30.77
2016-07-01 11:00:00,30.73,30.49,31.79,29.31,31.23,27.84,34.69,34.22
2016-07-01 12:00:00,33.71,32.8,34.25,32.0,34.01,30.63,43.02,41.16
2016-07-01 13:00:00,38.47,35.79,37.35,36.28,37.08,35.08,61.5,48.14
2016-07-01 14:00:00,41.77,38.57,40.49,36.69,39.800000000000004,38.53,72.78,57.22
2016-07-01 15:00:00,42.4,38.64,40.6,37.15,39.81,38.85,77.16,60.34
2016-07-01 16:00:00,39.56,36.68,37.62,34.95,37.09,38.97,70.45,56.88
2016-07-01 17:00:00,35.980000000000004,33.39,34.81,33.43,34.58,32.36,54.28,46.0
2016-07-01 18:00:00,31.08,30.44,31.52,29.08,30.96,27.65,36.54,36.89
2016-07-01 19:00:00,27.82,27.57,28.19,26.59,27.97,25.12,31.88,31.41
2016-07-01 20:00:00,26.41,26.27,27.49,24.77,27.23,25.26,30.1,29.63
2016-07-01 21:00:00,24.75,24.03,25.3,23.57,25.02,24.37,28.52,28.03
2016-07-01 22:00:00,22.4,22.54,23.0,21.05,22.82,22.77,26.37,26.44
2016-07-01 23:00:00,20.330000000000002,20.98,21.83,19.55,21.59,22.19,24.89,25.5
2016-07-02 00:00:00,19.03,20.01,20.49,17.62,20.39,22.34,24.11,25.26
2016-07-02 01:00:00,17.17,17.34,18.04,16.59,17.78,20.400000000000002,22.47,23.61
2016-07-02 02:00:00,17.330000000000002,16.84,17.53,16.23,17.32,19.48,21.43,22.61
2016-07-02 03:00:00,16.63,16.4,17.080000000000002,15.81,16.88,18.69,21.01,23.13
2016-07-02 04:00:00,17.150000000000002,16.98,17.6,16.18,17.44,18.98,20.05,20.42
2016-07-02 05:00:00,16.26,16.07,16.64,15.18,16.490000000000002,18.87,19.92,20.38
2016-07-02 06:00:00,17.53,17.37,17.93,16.06,17.85,19.14,20.12,20.56
2016-07-02 07:00:00,19.29,19.3,19.990000000000002,17.79,19.71,21.39,22.82,23.35
2016-07-02 08:00:00,21.3,21.2,21.7,19.48,21.6,23.48,25.32,26.18
2016-07-02 09:00:00,22.88,22.98,23.5,20.48,23.37,24.52,27.31,27.72
2016-07-02 10:00:00,24.47,23.93,25.22,22.14,24.9,25.8,29.61,29.21
2016-07-02 11:00:00,25.43,24.52,26.02,21.81,25.73,26.91,32.72,32.93
2016-07-02 12:00:00,26.79,24.9,26.55,21.94,26.25,28.26,39.9,38.59
2016-07-02 13:00:00,29.13,25.42,27.18,22.9,26.9,31.89,56.52,48.32
2016-07-02 14:00:00,31.46,26.22,28.0,24.58,27.81,37.800000000000004,68.01,56.22
2016-07-02 15:00:00,33.25,27.33,29.2,25.91,29.0,39.29,74.58,62.76
2016-07-02 16:00:00,32.85,27.44,29.31,26.0,29.09,37.14,70.0,58.76
2016-07-02 17:00:00,31.26,26.72,28.1,26.84,27.9,34.550000000000004,59.21,50.4
2016-07-02 18:00:00,27.65,25.83,27.4,23.77,27.1,28.28,39.9,36.79
2016-07-02 19:00:00,25.28,24.82,26.28,21.21,25.96,26.59,32.42,31.49
2016-07-02 20:00:00,24.25,24.09,25.34,20.85,24.98,26.14,30.08,29.39
2016-07-02 21:00:00,23.21,22.94,23.88,20.48,23.69,25.28,28.19,27.85
2016-07-02 22:00:00,21.43,21.47,22.43,19.47,22.17,23.88,27.15,26.8
2016-07-02 23:00:00,20.29,20.89,21.73,19.12,21.41,23.2,26.26,26.27
2016-07-03 00:00:00,17.830000000000002,18.39,19.1,17.06,18.87,20.54,22.31,23.88
2016-07-03 01:00:00,16.71,16.86,17.44,15.69,17.31,19.0,20.58,22.22
2016-07-03 02:00:00,15.64,15.18,15.66,14.66,15.55,18.04,19.23,20.57
2016-07-03 03:00:00,14.18,13.79,14.21,13.19,14.12,17.400000000000002,18.01,18.42
2016-07-03 04:00:00,14.2,13.49,13.91,13.09,13.82,17.12,17.79,18.23
2016-07-03 05:00:00,11.55,10.78,11.1,10.38,11.03,15.93,16.46,16.95
2016-07-03 06:00:00,13.51,12.79,13.29,12.53,13.21,15.66,16.38,16.88
2016-07-03 07:00:00,17.13,17.150000000000002,17.62,16.16,17.51,18.95,19.81,20.29
2016-07-03 08:00:00,19.92,20.21,20.77,18.26,20.61,21.45,23.09,23.73
2016-07-03 09:00:00,21.07,21.23,21.94,18.650000000000002,21.69,23.04,25.66,26.65
2016-07-03 10:00:00,22.23,22.35,22.94,19.66,22.62,24.21,27.75,28.18
2016-07-03 11:00:00,23.16,23.21,23.87,20.21,23.48,25.38,30.07,29.59
2016-07-03 12:00:00,24.48,24.01,24.94,21.06,24.56,28.02,33.72,32.89
2016-07-03 13:00:00,26.44,24.84,25.58,21.91,25.19,31.75,41.8,39.37
2016-07-03 14:00:00,28.3,26.43,26.6,21.94,26.26,34.47,48.0,46.33
2016-07-03 15:00:00,29.6,27.06,27.31,23.43,26.95,37.29,53.62,51.49
2016-07-03 16:00:00,30.57,27.96,28.23,25.45,27.79,37.11,53.73,50.31
2016-07-03 17:00:00,30.77,28.71,28.86,28.06,28.72,35.0,45.07,44.0
2016-07-03 18:00:00,28.01,27.2,28.04,26.26,27.87,29.82,35.58,33.92
2016-07-03 19:00:00,25.86,25.7,26.62,23.49,26.24,27.01,31.68,31.0
2016-07-03 20:00:00,25.09,24.96,26.06,22.88,25.67,25.7,29.5,29.54
2016-07-03 21:00:00,23.4,22.86,23.96,22.04,23.69,24.58,27.55,26.87
2016-07-03 22:00:00,20.63,20.78,21.63,19.3,21.32,23.95,25.91,26.18
2016-07-03 23:00:00,19.98,20.74,21.53,19.1,21.28,23.04,24.7,25.45
2016-07-04 00:00:00,19.31,19.64,20.41,17.41,20.17,22.55,25.84,25.92
2016-07-04 01:00:00,17.97,17.6,18.2,16.4,18.07,21.83,24.05,24.24
2016-07-04 02:00:00,17.12,16.25,16.77,15.48,16.64,21.28,22.85,23.15
2016-07-04 03:00:00,16.330000000000002,15.46,15.98,14.87,15.83,20.31,21.78,22.07
2016-07-04 04:00:00,17.150000000000002,16.330000000000002,16.88,15.71,16.73,20.32,21.78,22.09
2016-07-04 05:00:00,14.88,14.46,14.95,12.59,14.81,20.28,21.32,21.71
2016-07-04 06:00:00,16.91,16.14,16.830000000000002,14.92,16.66,20.38,22.18,22.4
2016-07-04 07:00:00,20.06,20.07,20.82,18.26,20.62,21.51,23.76,23.85
2016-07-04 08:00:00,21.9,22.15,22.47,19.76,22.22,22.35,25.63,25.45
2016-07-04 09:00:00,24.09,24.27,24.49,21.88,24.31,23.37,28.14,27.58
2016-07-04 10:00:00,25.1,24.94,25.76,22.09,25.44,23.15,30.06,29.05
2016-07-04 11:00:00,26.53,26.19,26.93,23.77,26.69,23.67,32.76,30.12
2016-07-04 12:00:00,28.26,26.51,28.04,24.44,27.93,24.54,38.44,35.0
2016-07-04 13:00:00,29.83,28.66,28.3,25.35,28.24,25.09,44.68,38.82
2016-07-04 14:00:00,31.8,29.99,28.24,28.12,28.27,27.92,51.35,44.25
2016-07-04 15:00:00,33.81,31.75,29.93,30.1,29.96,29.11,55.16,46.98
2016-07-04 16:00:00,34.35,32.06,29.9,31.08,29.93,28.35,56.48,46.72
2016-07-04 17:00:00,33.410000000000004,31.68,29.84,31.33,29.86,25.79,50.02,42.06
2016-07-04 18:00:00,30.51,29.32,29.55,28.34,29.45,23.21,39.04,35.09
2016-07-04 19:00:00,27.99,27.14,27.97,26.29,27.82,22.34,33.13,30.67
2016-07-04 20:00:00,26.3,25.74,26.3,24.11,26.05,22.94,31.99,29.62
2016-07-04 21:00:00,24.58,24.5,25.4,21.78,25.06,23.39,29.59,27.93
2016-07-04 22:00:00,22.52,23.51,23.34,20.6,23.15,23.64,27.86,26.71
2016-07-04 23:00:00,21.34,23.26,22.97,18.82,22.71,23.05,25.71,25.58
2016-07-05 00:00:00,19.94,21.94,21.23,17.26,20.92,23.71,25.52,25.66
2016-07-05 01:00:00,19.16,20.400000000000002,20.21,16.5,20.04,22.43,23.78,23.83
2016-07-05 02:00:00,17.64,18.07,18.13,15.42,17.92,21.06,22.47,22.62
2016-07-05 03:00:00,17.41,18.07,18.22,14.75,18.02,20.84,21.75,22.26
2016-07-05 04:00:00,18.81,19.330000000000002,19.86,16.55,19.62,21.27,22.22,22.62
2016-07-05 05:00:00,19.37,20.09,20.5,16.75,20.26,21.45,23.51,23.75
2016-07-05 06:00:00,21.5,20.51,22.95,19.56,22.61,22.33,24.81,24.91
2016-07-05 07:00:00,23.53,22.96,25.19,21.97,24.67,23.14,25.07,25.78
2016-07-05 08:00:00,26.44,23.89,28.98,25.23,27.93,23.89,28.22,27.09
2016-07-05 09:00:00,28.55,26.63,29.58,27.38,28.66,25.08,30.88,30.59
2016-07-05 10:00:00,31.58,28.94,32.910000000000004,30.2,31.98,25.62,34.910000000000004,33.660000000000004
2016-07-05 11:00:00,34.300000000000004,33.58,35.08,32.59,34.05,28.3,40.42,38.26
2016-07-05 12:00:00,38.37,37.19,37.97,36.32,37.15,31.41,52.0,46.52
2016-07-05 13:00:00,44.4,43.06,42.53,41.73,42.81,36.730000000000004,66.84,56.63
2016-07-05 14:00:00,48.94,48.04,47.27,44.1,46.1,40.35,77.13,64.78
2016-07-05 15:00:00,51.15,52.2,49.76,44.6,48.91,41.84,81.52,69.94
2016-07-05 16:00:00,51.47,52.18,49.92,45.07,49.07,42.72,81.19,69.0
2016-07-05 17:00:00,45.53,45.53,43.8,41.52,43.03,34.77,71.4,58.51
2016-07-05 18:00:00,39.730000000000004,40.88,40.53,35.88,39.83,29.63,55.23,44.45
2016-07-05 19:00:00,33.81,34.86,35.56,31.2,35.04,27.91,40.68,35.76
2016-07-05 20:00:00,31.41,31.93,32.53,30.48,31.93,27.0,37.68,34.05
2016-07-05 21:00:00,27.25,25.37,28.76,25.53,27.97,24.6,33.21,30.63
2016-07-05 22:00:00,24.34,25.51,25.53,22.08,25.28,24.74,31.16,29.0
2016-07-05 23:00:00,22.76,25.11,24.9,19.44,25.02,23.49,28.21,26.93
2016-07-06 00:00:00,20.75,22.61,22.18,18.990000000000002,22.12,22.25,23.92,24.32
2016-07-06 01:00:00,20.13,21.18,20.92,19.02,20.91,21.43,22.86,22.91
2016-07-06 02:00:00,19.62,20.66,20.65,18.23,20.58,20.37,21.57,21.96
2016-07-06 03:00:00,19.34,19.75,20.02,18.04,19.830000000000002,19.88,21.22,21.81
2016-07-06 04:00:00,20.06,20.37,21.22,18.3,20.99,20.43,21.76,22.42
2016-07-06 05:00:00,20.94,21.35,22.22,19.01,21.92,21.58,23.16,23.84
2016-07-06 06:00:00,22.96,23.33,23.83,21.46,23.75,22.57,23.9,24.62
2016-07-06 07:00:00,25.11,25.49,25.71,23.78,25.68,23.88,25.76,26.55
2016-07-06 08:00:00,28.63,26.83,29.27,28.66,28.94,25.74,29.64,30.43
2016-07-06 09:00:00,31.49,28.91,31.71,30.83,31.93,27.24,32.47,34.44
2016-07-06 10:00:00,35.32,33.47,35.94,34.660000000000004,35.92,30.07,37.99,39.25
2016-07-06 11:00:00,38.32,38.67,40.050000000000004,35.36,39.18,32.47,43.18,42.35
2016-07-06 12:00:00,42.61,43.21,44.43,38.32,43.89,36.01,50.87,48.72
2016-07-06 13:00:00,48.46,48.78,51.03,43.25,50.09,40.61,60.13,56.86
2016-07-06 14:00:00,53.29,53.86,55.98,47.18,55.23,44.07,68.17,66.6
2016-07-06 15:00:00,55.81,56.64,58.22,47.43,57.21,45.63,73.59,70.45
2016-07-06 16:00:00,56.07,56.96,58.47,48.94,57.61,46.45,72.10000000000001,69.62
2016-07-06 17:00:00,46.35,46.97,48.59,38.64,47.52,36.59,60.58,56.46
2016-07-06 18:00:00,41.62,42.49,43.69,36.76,42.78,32.42,49.95,46.2
2016-07-06 19:00:00,36.12,36.88,36.56,34.28,36.83,31.17,40.49,38.800000000000004
2016-07-06 20:00:00,34.72,35.9,36.4,32.15,35.68,29.98,37.39,35.550000000000004
2016-07-06 21:00:00,29.1,29.75,29.13,28.19,29.45,24.96,31.1,30.04
2016-07-06 22:00:00,26.16,26.39,26.62,26.01,26.13,25.3,28.24,27.77
2016-07-06 23:00:00,23.1,24.74,24.3,21.05,24.2,23.95,26.69,25.74
2016-07-07 00:00:00,21.34,23.51,23.73,18.19,23.27,23.77,25.15,24.92
2016-07-07 01:00:00,19.98,21.41,21.79,16.05,21.48,22.4,23.48,23.58
2016-07-07 02:00:00,19.32,20.7,21.57,15.08,21.08,20.89,22.17,22.26
2016-07-07 03:00:00,19.150000000000002,20.03,20.87,16.01,20.46,20.42,21.41,21.81
2016-07-07 04:00:00,19.68,20.93,21.78,16.34,21.27,20.54,21.9,21.91
2016-07-07 05:00:00,20.84,22.68,23.06,17.86,22.69,21.49,22.84,22.77
2016-07-07 06:00:00,23.53,28.14,27.2,18.54,26.35,23.13,25.03,25.58
2016-07-07 07:00:00,25.36,28.09,27.61,21.13,27.39,23.43,25.52,26.29
2016-07-07 08:00:00,28.26,31.55,31.25,23.08,30.19,24.98,28.03,27.81
2016-07-07 09:00:00,31.49,35.27,33.76,26.96,33.15,26.86,31.23,31.96
2016-07-07 10:00:00,34.85,39.47,37.25,29.27,36.58,30.38,36.78,36.27
2016-07-07 11:00:00,37.94,40.72,40.09,32.17,39.26,31.38,42.72,42.01
2016-07-07 12:00:00,41.78,44.34,44.57,33.74,43.64,35.42,51.57,49.47
2016-07-07 13:00:00,46.78,50.0,50.75,36.67,49.74,38.06,61.19,58.71
2016-07-07 14:00:00,52.83,56.07,57.29,41.84,56.15,43.48,71.92,69.95
2016-07-07 15:00:00,57.44,61.18,62.21,45.99,60.88,47.53,79.38,75.82000000000001
2016-07-07 16:00:00,54.78,57.66,58.75,42.93,57.58,45.43,76.78,74.0
2016-07-07 17:00:00,49.27,54.3,53.99,39.02,52.89,41.15,65.04,60.17
2016-07-07 18:00:00,41.58,44.63,45.0,33.36,43.95,37.02,51.22,48.15
2016-07-07 19:00:00,35.34,38.34,37.62,30.35,36.97,30.33,39.19,35.82
2016-07-07 20:00:00,34.87,38.51,37.63,30.22,36.89,29.4,37.5,34.76
2016-07-07 21:00:00,28.67,32.07,29.97,26.0,30.06,25.75,30.68,29.17
2016-07-07 22:00:00,24.64,25.98,25.68,22.37,25.81,25.23,28.31,27.23
2016-07-07 23:00:00,22.72,25.09,24.77,19.96,24.77,24.17,26.77,25.02
2016-07-08 00:00:00,20.43,24.21,23.48,17.42,23.23,23.12,25.43,26.36
2016-07-08 01:00:00,18.88,21.98,22.06,16.14,21.79,22.54,23.55,24.05
2016-07-08 02:00:00,17.67,21.21,20.61,14.34,20.48,21.49,22.73,23.52
2016-07-08 03:00:00,16.9,21.41,20.150000000000002,13.45,20.03,21.06,22.3,23.2
2016-07-08 04:00:00,18.0,22.46,21.56,14.89,21.46,21.49,22.45,23.08
2016-07-08 05:00:00,19.73,23.8,22.83,15.83,22.53,22.38,23.93,24.2
2016-07-08 06:00:00,22.04,28.12,26.91,17.64,26.43,23.56,25.41,25.0
2016-07-08 07:00:00,23.82,29.62,28.73,19.41,27.77,24.2,26.43,26.15
2016-07-08 08:00:00,25.75,30.22,32.72,19.97,31.6,23.9,27.33,26.77
2016-07-08 09:00:00,28.54,34.32,37.18,20.98,36.35,24.78,30.43,28.51
2016-07-08 10:00:00,30.99,36.39,40.25,22.42,39.72,25.07,32.8,30.72
2016-07-08 11:00:00,33.19,37.5,42.23,23.45,41.23,28.57,39.42,36.93
2016-07-08 12:00:00,36.31,43.19,45.24,26.1,43.67,31.99,44.6,42.35
2016-07-08 13:00:00,40.64,49.47,51.13,27.73,48.01,36.37,52.34,49.57
2016-07-08 14:00:00,45.38,54.33,56.42,30.33,53.66,38.730000000000004,62.75,58.82
2016-07-08 15:00:00,48.39,58.13,59.99,31.48,56.76,41.45,69.55,64.32000000000001
2016-07-08 16:00:00,45.61,51.55,54.83,30.55,52.81,40.1,65.02,61.9
2016-07-08 17:00:00,42.3,47.5,50.09,31.51,48.76,36.57,56.79,51.54
2016-07-08 18:00:00,35.7,39.85,41.15,28.46,40.21,32.24,44.0,41.58
2016-07-08 19:00:00,31.0,34.7,35.57,26.48,35.11,26.94,34.44,32.86
2016-07-08 20:00:00,29.05,33.11,33.71,24.71,33.01,25.18,31.24,29.61
2016-07-08 21:00:00,26.29,30.03,30.57,21.78,30.09,25.04,28.82,27.62
2016-07-08 22:00:00,23.69,25.97,26.78,20.93,26.18,23.22,27.15,27.31
2016-07-08 23:00:00,22.45,25.1,25.43,20.57,25.07,22.26,25.68,25.9
2016-07-09 00:00:00,21.29,23.11,23.2,19.48,22.66,22.18,23.94,24.94
2016-07-09 01:00:00,19.89,21.11,21.57,18.1,20.84,20.93,22.15,23.22
2016-07-09 02:00:00,18.59,19.71,20.8,16.65,19.51,19.94,20.81,21.43
2016-07-09 03:00:00,17.79,19.02,20.13,15.57,18.97,19.09,20.29,20.9
2016-07-09 04:00:00,17.79,19.080000000000002,19.91,15.65,18.92,18.900000000000002,20.11,20.71
2016-07-09 05:00:00,17.830000000000002,18.79,20.36,15.71,18.64,19.17,20.26,20.79
2016-07-09 06:00:00,18.55,19.92,21.37,16.07,19.26,19.43,20.75,21.28
2016-07-09 07:00:00,20.38,21.53,22.14,17.73,21.08,21.39,23.02,23.84
2016-07-09 08:00:00,22.99,23.65,25.36,19.98,23.39,23.36,25.72,25.93
2016-07-09 09:00:00,24.84,25.38,29.72,21.51,25.56,24.66,28.0,27.45
2016-07-09 10:00:00,26.46,26.72,28.67,23.8,27.49,26.7,30.01,30.05
2016-07-09 11:00:00,27.55,27.83,29.03,25.05,28.91,27.83,32.35,32.02
2016-07-09 12:00:00,29.07,29.3,30.38,26.44,30.4,28.39,35.21,34.45
2016-07-09 13:00:00,31.43,31.79,33.05,27.71,33.230000000000004,30.77,40.35,37.22
2016-07-09 14:00:00,33.76,34.1,35.68,29.86,35.57,32.4,45.54,40.15
2016-07-09 15:00:00,37.25,37.51,41.62,33.32,39.02,34.74,49.65,43.5
2016-07-09 16:00:00,36.07,36.730000000000004,40.45,32.25,38.11,33.49,46.4,42.54
2016-07-09 17:00:00,32.84,32.95,37.26,29.6,34.22,32.160000000000004,41.61,38.12
2016-07-09 18:00:00,28.92,29.3,31.69,26.4,30.26,29.3,34.800000000000004,33.9
2016-07-09 19:00:00,26.34,27.18,28.68,23.38,27.97,27.42,30.35,30.25
2016-07-09 20:00:00,24.64,25.56,25.89,22.19,25.87,26.47,28.96,28.82
2016-07-09 21:00:00,23.76,24.74,26.03,20.59,24.87,25.66,27.83,27.93
2016-07-09 22:00:00,22.17,23.43,23.88,19.67,23.53,23.73,26.48,26.14
2016-07-09 23:00:00,21.1,23.13,23.02,19.02,22.52,22.68,25.07,25.83
2016-07-10 00:00:00,19.1,21.07,20.75,16.68,20.59,21.3,23.1,23.43
2016-07-10 01:00:00,17.42,19.6,19.05,14.62,18.96,20.39,21.56,22.05
2016-07-10 02:00:00,15.49,17.11,16.81,13.04,16.82,18.93,19.740000000000002,20.09
2016-07-10 03:00:00,14.76,16.490000000000002,16.38,12.28,16.16,18.240000000000002,18.900000000000002,19.52
2016-07-10 04:00:00,14.66,16.41,16.27,12.4,16.05,17.92,18.61,19.2
2016-07-10 05:00:00,14.45,16.12,16.18,12.06,15.85,17.84,18.5,19.11
2016-07-10 06:00:00,15.56,16.98,17.13,13.43,16.69,17.12,19.05,19.62
2016-07-10 07:00:00,18.97,20.55,20.44,16.0,20.09,19.59,22.51,22.73
2016-07-10 08:00:00,21.18,21.5,22.07,18.35,21.86,20.94,24.49,25.15
2016-07-10 09:00:00,22.25,23.0,23.95,18.52,23.18,21.97,26.24,26.53
2016-07-10 10:00:00,23.65,24.33,26.5,19.42,24.38,23.05,27.9,28.14
2016-07-10 11:00:00,24.6,26.17,28.25,19.68,26.33,23.72,29.83,29.73
2016-07-10 12:00:00,26.38,28.06,30.3,20.39,28.51,24.45,32.13,31.73
2016-07-10 13:00:00,28.03,29.69,32.97,21.82,29.67,27.53,35.410000000000004,34.82
2016-07-10 14:00:00,29.85,32.37,33.660000000000004,25.08,32.4,28.65,38.050000000000004,36.69
2016-07-10 15:00:00,33.08,36.24,38.69,27.99,35.63,31.42,41.4,40.33
2016-07-10 16:00:00,33.910000000000004,37.01,39.6,30.31,36.53,31.85,41.59,40.52
2016-07-10 17:00:00,32.56,34.82,37.5,30.58,34.230000000000004,32.13,38.35,37.52
2016-07-10 18:00:00,29.1,31.33,32.94,27.55,31.38,29.05,34.67,34.230000000000004
2016-07-10 19:00:00,26.59,28.66,30.33,23.54,28.73,26.94,32.24,31.93
2016-07-10 20:00:00,24.72,25.99,28.89,21.44,25.31,26.48,29.69,29.73
2016-07-10 21:00:00,23.56,25.22,28.23,20.67,24.18,25.64,28.22,28.25
2016-07-10 22:00:00,21.13,23.63,24.29,19.16,23.37,24.36,26.26,26.36
2016-07-10 23:00:00,20.0,22.82,23.79,17.88,22.64,23.36,25.12,25.41
2016-07-11 00:00:00,17.67,20.7,22.39,15.4,19.900000000000002,21.48,22.85,23.95
2016-07-11 01:00:00,16.2,18.66,20.53,13.08,18.01,19.86,21.27,22.39
2016-07-11 02:00:00,14.63,16.98,18.54,12.09,16.330000000000002,18.71,19.52,20.56
2016-07-11 03:00:00,14.94,16.89,19.29,12.07,16.56,18.22,19.490000000000002,20.42
2016-07-11 04:00:00,15.82,18.13,20.47,13.39,17.55,18.54,19.78,20.76
2016-07-11 05:00:00,17.7,20.03,22.53,15.17,19.61,20.39,22.38,22.76
2016-07-11 06:00:00,19.69,22.76,22.54,15.23,21.72,22.71,25.09,25.44
2016-07-11 07:00:00,22.37,24.39,24.34,19.67,23.64,24.04,26.81,26.81
2016-07-11 08:00:00,24.93,26.15,28.24,22.98,25.12,24.96,29.17,29.23
2016-07-11 09:00:00,27.25,30.66,32.65,25.27,26.95,26.46,31.8,30.96
2016-07-11 10:00:00,29.92,32.410000000000004,36.9,28.17,29.7,27.61,34.980000000000004,34.65
2016-07-11 11:00:00,31.27,33.79,38.64,30.81,31.75,28.59,36.85,35.77
2016-07-11 12:00:00,34.58,37.63,42.88,33.25,36.58,31.26,40.67,39.08
2016-07-11 13:00:00,39.62,43.21,50.2,37.7,42.32,34.980000000000004,46.6,47.52
2016-07-11 14:00:00,43.38,48.17,53.78,43.0,48.12,37.44,51.87,52.12
2016-07-11 15:00:00,47.51,51.96,56.66,46.16,52.08,42.73,57.18,55.56
2016-07-11 16:00:00,47.91,52.41,57.89,44.06,53.77,42.56,58.19,55.09
2016-07-11 17:00:00,42.01,46.58,49.5,41.45,46.16,37.45,50.44,46.83
2016-07-11 18:00:00,36.550000000000004,41.63,40.68,35.45,38.99,31.9,42.88,40.17
2016-07-11 19:00:00,32.05,35.730000000000004,37.2,31.01,34.21,28.27,37.11,34.480000000000004
2016-07-11 20:00:00,29.67,32.07,35.29,29.74,31.08,27.66,34.26,33.24
2016-07-11 21:00:00,25.97,27.95,32.61,24.05,27.09,25.92,30.61,29.68
2016-07-11 22:00:00,22.54,25.22,26.21,20.5,24.82,24.73,27.64,27.26
2016-07-11 23:00:00,21.43,24.15,25.48,19.2,24.19,23.68,26.94,27.11
2016-07-12 00:00:00,20.64,22.31,24.95,18.56,21.96,21.46,23.87,24.54
2016-07-12 01:00:00,19.51,20.85,24.7,16.990000000000002,20.51,20.11,22.34,22.94
2016-07-12 02:00:00,18.29,19.32,23.67,15.88,19.39,18.77,20.1,19.66
2016-07-12 03:00:00,18.1,18.900000000000002,22.82,15.78,19.17,18.47,19.7,19.240000000000002
2016-07-12 04:00:00,19.19,20.34,23.68,17.09,20.19,18.900000000000002,20.12,20.59
2016-07-12 05:00:00,20.74,21.98,25.19,18.18,21.91,20.12,22.14,21.75
2016-07-12 06:00:00,22.45,23.11,26.5,20.8,23.47,21.54,24.58,24.35
2016-07-12 07:00:00,24.63,26.29,29.84,22.4,25.6,21.54,25.01,25.63
2016-07-12 08:00:00,27.28,28.24,33.160000000000004,25.57,26.6,23.11,27.18,27.51
2016-07-12 09:00:00,30.27,33.88,37.15,26.27,31.11,24.47,29.45,28.5
2016-07-12 10:00:00,33.160000000000004,40.97,41.24,29.47,34.78,25.88,33.31,32.3
2016-07-12 11:00:00,36.37,42.06,44.57,30.81,39.660000000000004,28.75,37.800000000000004,37.5
2016-07-12 12:00:00,40.6,44.59,51.75,35.0,44.66,33.32,43.66,43.71
2016-07-12 13:00:00,46.41,51.26,59.84,40.39,51.28,39.32,51.16,50.88
2016-07-12 14:00:00,51.68,57.71,67.95,47.39,58.72,43.32,56.96,57.58
2016-07-12 15:00:00,55.46,61.13,70.83,46.56,61.96,45.41,60.32,61.52
2016-07-12 16:00:00,55.89,60.81,71.54,45.89,62.56,45.93,60.8,60.78
2016-07-12 17:00:00,47.91,52.49,59.58,40.75,53.08,39.300000000000004,51.8,51.52
2016-07-12 18:00:00,41.33,46.12,48.67,35.14,44.66,32.97,43.83,43.86
2016-07-12 19:00:00,36.45,40.69,41.11,32.2,39.21,28.78,38.12,38.02
2016-07-12 20:00:00,33.21,39.62,38.83,29.85,35.32,26.73,33.95,33.83
2016-07-12 21:00:00,29.87,32.44,40.47,28.4,30.27,24.56,29.14,28.16
2016-07-12 22:00:00,25.99,27.24,34.58,24.28,26.96,23.44,27.29,26.72
2016-07-12 23:00:00,23.33,25.73,29.06,20.04,25.4,22.9,26.07,25.67
2016-07-13 00:00:00,21.54,24.14,24.35,17.97,24.36,23.24,24.77,25.41
2016-07-13 01:00:00,19.88,22.14,22.41,16.31,22.18,21.38,22.93,23.66
2016-07-13 02:00:00,18.830000000000002,20.93,21.09,15.19,20.87,20.330000000000002,21.63,22.07
2016-07-13 03:00:00,18.52,20.38,20.58,14.44,20.31,20.080000000000002,21.65,21.47
2016-07-13 04:00:00,18.990000000000002,20.95,21.12,15.49,20.92,20.14,21.47,22.11
2016-07-13 05:00:00,20.58,22.95,23.13,16.57,22.92,21.15,22.75,23.23
2016-07-13 06:00:00,22.2,26.58,26.71,16.77,25.21,22.1,23.93,24.41
2016-07-13 07:00:00,24.5,29.27,28.98,20.48,26.7,23.75,25.84,26.18
2016-07-13 08:00:00,26.66,31.16,30.38,23.31,27.54,25.0,27.25,26.99
2016-07-13 09:00:00,29.21,35.25,34.01,25.57,30.24,25.78,29.35,28.51
2016-07-13 10:00:00,32.33,40.07,38.45,27.25,35.160000000000004,28.5,33.87,33.74
2016-07-13 11:00:00,35.24,43.99,40.550000000000004,29.89,38.79,30.08,37.32,37.4
2016-07-13 12:00:00,39.14,46.21,46.36,32.25,45.28,33.160000000000004,43.53,42.73
2016-07-13 13:00:00,44.51,52.43,52.63,37.33,51.49,37.15,50.04,49.4
2016-07-13 14:00:00,48.71,58.73,57.58,41.81,57.18,40.46,55.53,54.26
2016-07-13 15:00:00,51.56,62.96,60.53,44.2,60.32,43.43,59.11,57.5
2016-07-13 16:00:00,51.66,63.71,58.12,40.28,58.68,41.95,57.83,56.38
2016-07-13 17:00:00,43.95,52.41,48.92,35.12,49.15,35.79,48.51,47.19
2016-07-13 18:00:00,38.2,44.99,41.61,31.8,42.25,31.8,40.6,40.4
2016-07-13 19:00:00,33.49,40.42,36.5,29.0,35.93,27.89,34.410000000000004,34.31
2016-07-13 20:00:00,31.78,40.11,34.480000000000004,28.23,33.89,26.77,32.43,32.25
2016-07-13 21:00:00,27.83,32.81,30.95,24.36,28.91,24.81,27.89,26.96
2016-07-13 22:00:00,24.98,26.78,28.47,22.27,26.62,24.02,26.64,25.69
2016-07-13 23:00:00,23.23,25.74,27.11,20.74,25.46,23.57,25.36,25.38
2016-07-14 00:00:00,20.87,22.54,22.93,19.87,22.61,21.82,23.85,24.49
2016-07-14 01:00:00,19.48,20.81,21.23,17.82,21.01,20.62,22.18,22.75
2016-07-14 02:00:00,18.69,20.32,20.49,15.65,20.34,19.68,20.8,22.48
2016-07-14 03:00:00,18.34,19.97,20.7,14.83,20.29,19.04,20.49,21.63
2016-07-14 04:00:00,18.68,20.8,20.86,15.4,20.7,19.35,20.46,21.7
2016-07-14 05:00:00,20.71,22.73,24.9,17.11,23.03,21.16,22.69,24.13
2016-07-14 06:00:00,21.78,27.0,26.92,17.080000000000002,25.49,21.64,23.48,24.94
2016-07-14 07:00:00,23.75,27.31,27.54,19.8,27.25,21.99,24.19,26.03
2016-07-14 08:00:00,26.43,31.01,32.410000000000004,21.23,30.48,24.31,26.27,27.69
2016-07-14 09:00:00,28.6,32.69,35.85,22.15,33.71,26.03,28.68,29.39
2016-07-14 10:00:00,31.18,36.49,39.63,22.2,37.92,27.67,32.59,34.12
2016-07-14 11:00:00,32.47,38.34,40.7,21.59,39.0,29.18,36.62,41.28
2016-07-14 12:00:00,35.11,41.11,43.87,21.63,43.3,32.92,42.09,47.72
2016-07-14 13:00:00,38.7,47.19,49.4,24.14,48.75,36.25,47.54,53.49
2016-07-14 14:00:00,43.12,53.94,54.66,27.34,53.58,38.31,53.36,60.0
2016-07-14 15:00:00,44.82,55.75,56.5,27.92,55.55,40.49,55.98,62.49
2016-07-14 16:00:00,44.47,56.79,55.21,29.29,54.37,40.04,54.84,60.51
2016-07-14 17:00:00,40.89,49.54,49.45,29.73,48.33,37.69,48.82,54.2
2016-07-14 18:00:00,35.980000000000004,43.1,42.34,27.24,41.63,33.42,40.7,40.660000000000004
2016-07-14 19:00:00,32.56,39.82,37.96,25.29,37.160000000000004,29.51,34.42,33.99
2016-07-14 20:00:00,30.59,33.96,36.11,24.14,33.9,27.84,31.33,31.5
2016-07-14 21:00:00,27.02,30.08,31.77,21.88,30.14,26.65,28.79,28.42
2016-07-14 22:00:00,23.82,26.27,26.57,20.6,25.9,24.54,26.42,26.81
2016-07-14 23:00:00,22.67,25.84,25.97,20.61,25.22,22.77,24.4,25.24
2016-07-15 00:00:00,21.04,22.1,24.54,19.01,22.03,21.46,22.75,25.04
2016-07-15 01:00:00,19.69,20.94,23.38,17.09,21.18,20.0,21.3,23.36
2016-07-15 02:00:00,19.01,19.64,22.24,16.48,19.79,19.32,20.83,22.14
2016-07-15 03:00:00,18.73,19.35,22.07,16.56,19.63,18.75,20.14,21.45
2016-07-15 04:00:00,19.150000000000002,19.8,22.27,17.14,19.93,18.96,20.52,21.5
2016-07-15 05:00:00,20.330000000000002,21.44,23.54,18.38,21.25,20.39,21.54,22.65
2016-07-15 06:00:00,21.31,20.92,26.08,18.35,23.66,20.44,22.5,23.26
2016-07-15 07:00:00,23.8,22.77,29.82,21.47,26.8,22.07,23.99,24.08
2016-07-15 08:00:00,26.01,24.13,32.22,22.5,28.82,24.22,26.4,26.29
2016-07-15 09:00:00,27.65,25.31,34.74,24.0,30.71,25.56,28.36,28.36
2016-07-15 10:00:00,29.68,28.28,35.63,26.0,32.79,27.52,30.29,30.65
2016-07-15 11:00:00,31.55,30.81,36.61,27.79,34.550000000000004,29.38,32.79,32.37
2016-07-15 12:00:00,33.94,34.45,38.46,29.43,37.22,31.64,35.88,36.02
2016-07-15 13:00:00,37.22,39.02,41.36,32.3,40.54,34.300000000000004,39.94,40.26
2016-07-15 14:00:00,40.93,43.89,45.3,36.19,44.71,36.980000000000004,44.25,44.95
2016-07-15 15:00:00,41.65,45.14,45.73,36.09,45.52,37.99,45.66,45.89
2016-07-15 16:00:00,39.26,42.96,43.71,33.56,43.39,37.26,43.05,44.92
2016-07-15 17:00:00,35.94,38.75,39.07,31.41,38.980000000000004,33.37,38.85,39.81
2016-07-15 18:00:00,32.14,33.57,35.6,28.75,34.39,30.22,35.07,35.4
2016-07-15 19:00:00,28.55,28.57,32.83,25.02,30.95,27.21,30.39,30.88
2016-07-15 20:00:00,26.98,28.8,32.15,22.82,29.78,26.72,28.25,28.49
2016-07-15 21:00:00,25.17,26.02,28.42,22.25,26.76,24.99,26.78,26.97
2016-07-15 22:00:00,22.82,23.75,26.72,20.27,23.71,23.06,25.15,26.32
2016-07-15 23:00:00,21.89,22.82,25.85,19.79,22.62,22.52,23.92,25.94
2016-07-16 00:00:00,20.28,21.12,21.63,19.25,21.06,20.69,21.82,23.21
2016-07-16 01:00:00,18.87,19.830000000000002,21.06,17.55,19.84,19.13,20.2,21.3
2016-07-16 02:00:00,17.61,18.3,19.6,16.17,18.37,18.07,19.25,20.06
2016-07-16 03:00:00,16.95,17.51,18.71,15.57,17.76,17.35,18.39,19.14
2016-07-16 04:00:00,17.01,17.42,18.5,15.58,17.68,17.16,18.22,18.86
2016-07-16 05:00:00,17.2,17.42,18.830000000000002,15.97,17.54,17.63,18.55,19.39
2016-07-16 06:00:00,18.02,18.8,19.900000000000002,15.96,19.150000000000002,16.8,19.080000000000002,19.54
2016-07-16 07:00:00,19.86,22.14,21.34,18.0,20.91,18.990000000000002,21.69,22.32
2016-07-16 08:00:00,21.78,24.38,23.88,19.54,23.19,21.28,23.07,23.79
2016-07-16 09:00:00,22.98,26.12,23.92,20.65,23.73,23.25,24.82,25.49
2016-07-16 10:00:00,24.73,28.5,26.16,22.04,25.96,24.92,26.71,26.85
2016-07-16 11:00:00,25.34,29.53,26.74,21.5,26.5,25.16,29.0,29.76
2016-07-16 12:00:00,26.6,30.29,27.83,22.02,27.31,26.11,32.36,34.29
2016-07-16 13:00:00,28.05,32.57,29.68,22.56,29.36,27.14,35.910000000000004,36.9
2016-07-16 14:00:00,29.62,35.29,31.24,23.11,30.65,28.32,39.97,41.1
2016-07-16 15:00:00,30.67,36.96,32.99,22.47,32.56,30.74,41.86,44.24
2016-07-16 16:00:00,31.0,37.43,34.15,22.2,33.88,32.09,41.55,45.52
2016-07-16 17:00:00,29.74,35.65,32.5,23.06,32.01,29.54,38.38,40.45
2016-07-16 18:00:00,26.36,30.85,28.47,20.09,28.91,26.57,32.730000000000004,33.7
2016-07-16 19:00:00,24.37,29.03,26.2,19.5,26.61,25.79,29.53,29.54
2016-07-16 20:00:00,23.48,28.03,26.01,18.81,25.48,25.22,28.3,28.76
2016-07-16 21:00:00,21.82,25.99,23.64,19.2,23.46,24.55,26.3,26.53
2016-07-16 22:00:00,19.64,22.03,21.82,17.62,21.29,23.48,24.85,25.75
2016-07-16 23:00:00,18.38,21.68,21.46,15.91,20.93,22.57,23.93,24.94
2016-07-17 00:00:00,16.51,19.18,18.900000000000002,12.46,18.73,20.330000000000002,21.58,22.63
2016-07-17 01:00:00,14.19,16.69,16.68,8.69,16.23,19.54,20.11,21.31
2016-07-17 02:00:00,12.74,15.34,15.32,7.16,15.04,18.29,18.81,19.97
2016-07-17 03:00:00,11.25,13.67,13.5,5.56,13.25,17.650000000000002,17.900000000000002,18.95
2016-07-17 04:00:00,11.5,14.16,14.27,5.43,13.77,17.43,17.77,18.650000000000002
2016-07-17 05:00:00,11.54,14.22,14.26,5.17,13.71,17.5,17.84,18.81
2016-07-17 06:00:00,12.76,17.43,16.990000000000002,4.01,16.55,14.26,18.02,18.63
2016-07-17 07:00:00,17.68,21.24,20.47,12.48,20.150000000000002,18.55,21.06,21.25
2016-07-17 08:00:00,19.52,23.44,22.11,14.37,22.1,21.07,22.96,22.92
2016-07-17 09:00:00,21.47,24.94,22.69,18.32,22.76,22.76,25.07,25.22
2016-07-17 10:00:00,23.13,27.53,26.1,18.150000000000002,25.62,23.32,26.21,27.11
2016-07-17 11:00:00,24.64,30.5,26.93,19.93,26.74,24.13,28.51,28.74
2016-07-17 12:00:00,26.73,32.18,29.19,20.42,29.94,24.08,31.62,31.41
2016-07-17 13:00:00,29.08,35.44,32.230000000000004,21.77,32.25,25.71,33.62,33.46
2016-07-17 14:00:00,33.18,40.99,36.69,25.59,36.24,28.48,39.03,37.46
2016-07-17 15:00:00,37.02,45.66,40.35,30.09,40.22,31.19,41.83,40.44
2016-07-17 16:00:00,39.04,47.86,42.59,31.5,42.39,31.37,42.95,41.1
2016-07-17 17:00:00,38.97,47.66,42.46,32.910000000000004,42.23,31.59,41.57,40.02
2016-07-17 18:00:00,33.93,39.11,35.72,29.06,35.89,27.22,35.37,35.57
2016-07-17 19:00:00,31.5,34.67,32.46,27.68,32.55,25.84,31.79,32.43
2016-07-17 20:00:00,30.04,33.03,32.83,25.68,32.17,25.14,30.49,31.21
2016-07-17 21:00:00,27.05,29.36,28.86,23.1,28.29,23.84,27.29,27.46
2016-07-17 22:00:00,23.9,24.96,25.6,21.73,25.15,24.26,26.0,26.09
2016-07-17 23:00:00,22.73,24.29,25.22,20.2,24.55,22.7,24.03,24.64
2016-07-18 00:00:00,20.58,22.01,22.29,17.94,21.92,20.74,22.03,23.37
2016-07-18 01:00:00,19.64,20.59,21.23,17.44,20.86,19.52,20.91,22.0
2016-07-18 02:00:00,19.04,19.56,20.84,16.5,20.05,19.34,20.73,22.0
2016-07-18 03:00:00,18.43,19.13,20.42,16.19,19.45,18.36,19.75,20.82
2016-07-18 04:00:00,19.09,20.17,21.47,16.38,20.42,18.89,20.29,21.29
2016-07-18 05:00:00,21.27,21.24,24.63,17.57,23.39,21.23,22.86,23.05
2016-07-18 06:00:00,23.17,24.27,26.27,19.03,25.8,21.3,22.88,23.34
2016-07-18 07:00:00,25.56,25.87,29.03,22.03,27.76,22.73,25.2,25.04
2016-07-18 08:00:00,28.34,27.77,32.79,25.1,31.18,24.36,27.78,27.15
2016-07-18 09:00:00,31.31,30.19,34.68,28.54,33.87,26.06,31.19,31.8
2016-07-18 10:00:00,35.26,36.61,41.55,28.66,40.09,27.84,35.300000000000004,35.46
2016-07-18 11:00:00,38.18,39.58,42.98,32.24,41.88,30.03,38.27,38.800000000000004
2016-07-18 12:00:00,41.94,42.74,48.36,34.0,47.11,34.03,44.97,43.39
2016-07-18 13:00:00,47.76,48.68,56.06,38.910000000000004,54.09,39.17,52.1,50.04
2016-07-18 14:00:00,51.24,59.79,59.96,40.88,58.18,43.68,56.16,55.57
2016-07-18 15:00:00,54.74,64.86,63.99,44.73,62.11,46.62,60.46,59.45
2016-07-18 16:00:00,54.6,59.42,66.27,47.51,62.99,45.18,58.73,57.8
2016-07-18 17:00:00,48.04,52.0,57.01,43.3,53.99,38.85,50.98,51.74
2016-07-18 18:00:00,41.59,47.1,48.02,37.57,45.53,33.13,43.03,43.55
2016-07-18 19:00:00,36.480000000000004,40.57,41.38,33.55,39.34,28.27,36.32,36.67
2016-07-18 20:00:00,34.27,38.68,39.34,28.73,36.83,27.37,35.09,35.050000000000004
2016-07-18 21:00:00,29.0,30.62,32.87,24.55,31.1,25.0,29.43,29.5
2016-07-18 22:00:00,24.88,25.85,29.36,21.57,25.77,24.78,26.5,26.71
2016-07-18 23:00:00,22.96,24.51,28.22,18.22,24.52,22.48,24.19,24.82
2016-07-19 00:00:00,20.28,21.71,23.0,16.52,21.65,21.0,22.38,23.75
2016-07-19 01:00:00,18.69,19.91,21.31,14.77,19.94,20.42,21.57,22.35
2016-07-19 02:00:00,17.81,19.0,20.43,13.14,19.28,19.23,20.34,21.48
2016-07-19 03:00:00,17.21,18.490000000000002,19.88,12.58,18.73,18.53,19.43,19.96
2016-07-19 04:00:00,18.080000000000002,19.19,21.13,14.09,19.43,19.080000000000002,20.09,20.79
2016-07-19 05:00:00,19.41,21.1,22.22,14.53,21.01,20.06,21.1,21.91
2016-07-19 06:00:00,20.63,22.57,24.6,14.29,22.62,21.24,22.28,22.76
2016-07-19 07:00:00,23.2,25.23,27.29,18.67,25.14,22.25,23.88,23.69
2016-07-19 08:00:00,25.43,28.12,29.18,20.01,27.34,24.38,26.09,26.4
2016-07-19 09:00:00,28.71,30.21,33.63,23.31,31.06,25.73,29.03,29.39
2016-07-19 10:00:00,31.85,35.12,35.93,26.11,34.45,27.11,31.91,31.14
2016-07-19 11:00:00,35.19,37.99,39.14,30.21,37.54,29.05,35.44,36.63
2016-07-19 12:00:00,39.12,40.94,44.62,34.63,42.03,32.78,41.03,42.83
2016-07-19 13:00:00,42.59,45.91,48.68,37.0,46.39,35.03,46.03,48.35
2016-07-19 14:00:00,46.58,51.54,53.51,40.0,51.25,38.85,50.88,51.86
2016-07-19 15:00:00,49.99,55.36,58.01,43.66,55.44,42.69,55.13,56.55
2016-07-19 16:00:00,49.24,53.57,57.27,42.29,54.56,41.71,54.8,56.25
2016-07-19 17:00:00,43.33,48.67,49.56,40.300000000000004,47.64,35.57,47.01,48.72
2016-07-19 18:00:00,37.09,41.79,41.88,34.87,39.93,31.14,40.02,42.15
2016-07-19 19:00:00,33.03,37.480000000000004,36.45,32.230000000000004,34.86,28.36,34.32,33.84
2016-07-19 20:00:00,29.97,33.57,33.78,26.34,32.43,27.25,32.39,32.19
2016-07-19 21:00:00,25.91,26.76,29.9,21.49,27.87,25.31,28.59,28.03
2016-07-19 22:00:00,23.62,25.47,27.76,19.79,25.11,25.87,26.61,28.16
2016-07-19 23:00:00,21.64,23.85,26.51,16.51,23.69,24.01,25.83,26.95
2016-07-20 00:00:00,20.21,21.91,24.34,16.65,21.76,21.6,23.16,23.94
2016-07-20 01:00:00,18.13,19.79,21.21,13.69,19.81,20.240000000000002,21.72,23.09
2016-07-20 02:00:00,17.07,18.62,20.39,12.39,19.09,19.29,20.42,20.34
2016-07-20 03:00:00,16.740000000000002,18.31,20.0,13.0,18.37,18.54,19.3,20.25
2016-07-20 04:00:00,17.830000000000002,18.89,20.19,16.1,18.72,19.01,19.68,20.99
2016-07-20 05:00:00,19.51,20.61,22.94,17.34,20.99,19.830000000000002,20.87,20.57
2016-07-20 06:00:00,20.49,22.38,22.7,17.41,21.68,21.23,22.93,23.41
2016-07-20 07:00:00,22.91,24.98,25.43,20.5,24.2,21.94,23.59,23.97
2016-07-20 08:00:00,25.67,26.56,26.81,23.3,25.93,25.22,25.73,25.43
2016-07-20 09:00:00,28.65,29.54,30.52,26.93,29.57,27.38,28.09,27.52
2016-07-20 10:00:00,31.51,32.9,33.76,30.66,33.01,29.2,31.24,30.58
2016-07-20 11:00:00,34.76,36.65,37.57,36.33,36.5,30.6,35.53,35.43
2016-07-20 12:00:00,38.2,40.59,41.41,37.92,40.82,31.46,39.09,40.75
2016-07-20 13:00:00,43.21,45.48,46.4,43.62,45.36,34.44,44.24,48.6
2016-07-20 14:00:00,46.95,49.46,49.64,48.58,48.68,36.86,47.71,53.39
2016-07-20 15:00:00,52.56,55.67,55.81,55.0,54.91,41.22,54.25,58.0
2016-07-20 16:00:00,51.55,55.46,54.35,53.57,53.11,40.24,52.13,58.5
2016-07-20 17:00:00,46.0,48.45,48.13,50.3,47.23,35.39,47.37,52.6
2016-07-20 18:00:00,40.47,41.64,42.6,45.11,41.81,31.38,40.28,44.25
2016-07-20 19:00:00,35.87,37.0,37.92,38.160000000000004,37.34,30.09,35.800000000000004,36.980000000000004
2016-07-20 20:00:00,32.96,34.32,35.45,34.05,34.2,28.75,33.5,33.34
2016-07-20 21:00:00,29.04,28.57,31.27,32.52,29.44,26.58,28.7,27.65
2016-07-20 22:00:00,25.45,26.8,28.65,24.7,27.13,25.37,27.19,27.62
2016-07-20 23:00:00,23.2,24.78,27.1,20.65,24.85,24.13,26.24,26.96
2016-07-21 00:00:00,21.38,23.11,24.62,19.14,22.97,22.06,23.81,23.85
2016-07-21 01:00:00,19.95,21.28,22.31,17.76,21.44,20.83,23.17,23.78
2016-07-21 02:00:00,19.03,20.55,21.57,16.36,20.54,20.06,21.78,22.91
2016-07-21 03:00:00,18.86,19.98,20.95,17.04,20.02,19.5,21.38,22.42
2016-07-21 04:00:00,19.45,20.82,22.36,17.32,21.23,19.62,20.85,20.84
2016-07-21 05:00:00,21.35,22.63,26.09,19.43,22.61,20.36,21.85,22.66
2016-07-21 06:00:00,23.02,23.66,27.56,20.2,25.35,21.83,23.78,24.11
2016-07-21 07:00:00,25.88,25.91,30.32,24.29,27.87,24.44,26.23,26.35
2016-07-21 08:00:00,30.06,27.77,35.21,30.45,32.43,26.26,28.33,28.33
2016-07-21 09:00:00,34.18,32.94,38.47,36.42,36.37,28.13,31.36,29.94
2016-07-21 10:00:00,39.65,41.26,46.09,40.59,43.0,31.26,35.11,34.96
2016-07-21 11:00:00,44.41,42.67,50.25,44.81,49.11,34.29,42.53,41.57
2016-07-21 12:00:00,52.29,48.79,60.62,52.95,57.3,42.54,52.87,51.54
2016-07-21 13:00:00,60.14,57.0,68.37,61.04,65.22,48.99,62.77,60.75
2016-07-21 14:00:00,67.75,66.03,76.03,68.83,72.88,56.24,71.08,68.73
2016-07-21 15:00:00,75.33,74.42,84.35,76.27,80.35000000000001,63.51,77.68,75.51
2016-07-21 16:00:00,73.63,72.55,82.4,75.02,78.56,61.66,75.22,73.37
2016-07-21 17:00:00,63.41,61.91,70.06,67.35,66.72,48.47,61.75,60.9
2016-07-21 18:00:00,55.13,54.62,61.43,58.08,58.53,41.21,50.32,50.14
2016-07-21 19:00:00,46.75,47.6,51.58,47.37,50.05,34.74,42.75,41.81
2016-07-21 20:00:00,43.46,41.65,48.88,43.65,48.04,34.45,39.61,39.22
2016-07-21 21:00:00,36.27,37.21,40.45,37.0,38.46,28.8,31.27,32.07
2016-07-21 22:00:00,28.63,29.5,31.73,30.5,30.15,26.23,27.9,26.92
2016-07-21 23:00:00,25.65,26.46,28.36,26.35,27.02,24.59,26.04,25.4
2016-07-22 00:00:00,24.29,26.01,26.47,23.5,25.75,23.95,24.79,25.26
2016-07-22 01:00:00,22.51,24.27,25.39,20.38,24.52,22.55,24.09,24.76
2016-07-22 02:00:00,21.42,22.49,23.52,19.92,22.94,21.34,23.01,23.36
2016-07-22 03:00:00,20.95,21.77,22.8,19.490000000000002,22.18,20.72,22.2,23.31
2016-07-22 04:00:00,21.25,22.65,23.59,18.990000000000002,22.78,20.78,22.13,23.14
2016-07-22 05:00:00,23.22,25.04,26.8,20.18,25.22,21.91,23.1,23.84
2016-07-22 06:00:00,24.9,26.66,27.61,21.69,26.74,22.63,24.19,24.59
2016-07-22 07:00:00,29.45,30.95,33.660000000000004,28.93,31.65,23.96,25.92,25.03
2016-07-22 08:00:00,34.12,38.14,36.730000000000004,35.74,35.97,25.38,27.7,26.76
2016-07-22 09:00:00,40.26,43.01,45.14,42.41,43.2,28.3,29.84,29.66
2016-07-22 10:00:00,45.53,46.71,55.03,44.39,52.58,31.86,36.62,35.99
2016-07-22 11:00:00,53.5,49.88,66.28,52.57,62.72,35.53,43.05,42.27
2016-07-22 12:00:00,65.79,62.11,83.21,66.77,77.69,45.22,54.16,54.06
2016-07-22 13:00:00,77.67,72.92,99.33,78.2,92.54,54.65,65.71000000000001,65.33
2016-07-22 14:00:00,88.06,80.60000000000001,110.58,87.14,102.98,67.05,82.68,81.47
2016-07-22 15:00:00,93.35,89.21,113.84,93.2,106.65,72.14,89.23,87.78
2016-07-22 16:00:00,85.55,81.12,100.96,86.23,95.29,66.87,82.2,80.89
2016-07-22 17:00:00,69.99,68.24,84.51,71.32000000000001,79.92,49.87,60.98,61.31
2016-07-22 18:00:00,56.44,56.57,66.86,54.68,64.38,38.61,49.05,48.18
2016-07-22 19:00:00,46.01,49.57,53.03,43.89,51.43,31.91,41.28,39.77
2016-07-22 20:00:00,41.31,44.66,46.73,39.99,45.93,30.91,36.64,35.87
2016-07-22 21:00:00,34.800000000000004,37.72,36.800000000000004,37.45,36.54,27.94,30.72,29.64
2016-07-22 22:00:00,27.15,28.84,28.97,28.78,28.63,25.84,27.3,27.19
2016-07-22 23:00:00,25.1,26.92,27.84,25.59,26.8,24.38,25.79,25.79
2016-07-23 00:00:00,22.45,23.86,24.22,20.44,24.16,22.48,23.86,24.54
2016-07-23 01:00:00,21.04,22.28,22.91,19.0,22.61,20.78,22.26,23.2
2016-07-23 02:00:00,19.71,20.6,21.08,18.12,20.94,19.43,21.0,22.23
2016-07-23 03:00:00,18.86,19.490000000000002,20.2,17.150000000000002,19.8,18.71,20.46,21.66
2016-07-23 04:00:00,18.39,19.5,19.990000000000002,16.46,19.87,17.97,19.63,21.2
2016-07-23 05:00:00,18.48,19.830000000000002,20.150000000000002,16.29,20.03,18.080000000000002,19.8,21.4
2016-07-23 06:00:00,19.29,20.73,22.11,15.1,20.66,19.12,21.02,21.33
2016-07-23 07:00:00,21.52,23.28,26.94,17.650000000000002,23.15,20.86,22.39,22.98
2016-07-23 08:00:00,24.6,26.33,30.65,21.07,26.28,23.3,26.02,25.02
2016-07-23 09:00:00,27.51,29.05,34.67,23.9,28.7,25.75,27.48,26.64
2016-07-23 10:00:00,31.17,33.79,38.910000000000004,28.86,32.87,28.28,30.04,29.09
2016-07-23 11:00:00,33.86,37.730000000000004,42.09,30.66,37.0,30.67,31.53,32.59
2016-07-23 12:00:00,38.53,43.85,46.68,34.38,43.15,34.01,37.46,38.0
2016-07-23 13:00:00,42.89,48.02,52.14,38.28,48.38,38.76,42.43,43.31
2016-07-23 14:00:00,47.21,51.66,57.9,41.86,52.19,44.03,50.4,50.09
2016-07-23 15:00:00,53.05,57.37,68.06,46.9,58.94,49.0,56.36,55.7
2016-07-23 16:00:00,51.3,56.41,63.87,45.71,56.71,47.12,54.01,53.79
2016-07-23 17:00:00,44.61,48.54,56.36,40.77,48.65,38.9,44.78,44.54
2016-07-23 18:00:00,38.12,43.52,47.28,35.4,41.75,31.98,35.480000000000004,38.09
2016-07-23 19:00:00,33.38,38.6,39.81,31.85,36.550000000000004,29.36,30.8,31.36
2016-07-23 20:00:00,30.72,34.83,36.65,29.21,32.93,28.59,30.0,30.25
2016-07-23 21:00:00,26.48,28.74,30.39,23.82,27.83,26.57,27.85,26.81
2016-07-23 22:00:00,24.35,27.28,27.3,22.33,26.74,24.91,26.07,26.52
2016-07-23 23:00:00,22.5,24.91,25.91,19.36,25.28,23.45,25.23,25.95
2016-07-24 00:00:00,22.08,20.64,34.52,17.080000000000002,21.66,21.39,23.52,23.93
2016-07-24 01:00:00,20.17,20.07,26.87,16.07,20.79,20.13,21.76,22.5
2016-07-24 02:00:00,19.28,18.55,25.82,15.71,18.82,18.900000000000002,19.84,21.1
2016-07-24 03:00:00,18.68,18.41,25.06,14.79,18.93,18.13,19.41,20.41
2016-07-24 04:00:00,18.38,17.54,24.67,15.37,17.84,17.75,18.62,19.88
2016-07-24 05:00:00,18.62,17.64,25.88,14.88,18.52,17.71,19.23,19.13
2016-07-24 06:00:00,18.91,18.38,26.0,14.55,18.88,17.62,19.18,18.650000000000002
2016-07-24 07:00:00,21.63,21.98,28.94,18.26,22.14,20.240000000000002,21.65,21.47
2016-07-24 08:00:00,24.37,24.23,33.56,20.01,23.95,21.86,23.59,23.84
2016-07-24 09:00:00,27.35,27.2,38.04,20.83,26.79,24.5,26.63,26.71
2016-07-24 10:00:00,30.52,29.61,47.04,22.74,29.55,26.71,28.83,27.83
2016-07-24 11:00:00,33.65,33.36,52.43,26.6,33.12,29.42,31.79,31.720000000000006
2016-07-24 12:00:00,36.07,34.61,54.71,29.68,35.64,31.55,34.53,33.49
2016-07-24 13:00:00,40.43,40.95,58.03,35.56,42.77,34.480000000000004,38.13,38.77
2016-07-24 14:00:00,44.25,45.72,62.48,39.7,46.28,38.67,43.01,43.34
2016-07-24 15:00:00,49.95,51.42,71.15,46.62,51.79,42.09,47.07,46.89
2016-07-24 16:00:00,49.93,51.73,70.59,45.98,51.17,42.38,47.17,47.76
2016-07-24 17:00:00,47.46,48.63,69.12,44.18,48.04,38.68,43.5,43.81
2016-07-24 18:00:00,41.13,43.12,55.09,39.38,43.54,32.53,36.61,36.050000000000004
2016-07-24 19:00:00,36.99,38.21,52.18,35.77,38.37,28.96,32.29,31.88
2016-07-24 20:00:00,34.27,33.660000000000004,50.5,32.1,33.93,28.52,31.36,31.14
2016-07-24 21:00:00,29.8,28.55,42.76,26.38,28.53,26.13,28.58,27.93
2016-07-24 22:00:00,26.42,25.85,38.39,22.5,26.06,24.44,26.3,26.56
2016-07-24 23:00:00,23.9,24.8,29.79,21.05,24.93,22.91,24.74,25.4
2016-07-25 00:00:00,21.94,22.24,27.12,19.85,22.69,20.82,22.21,23.43
2016-07-25 01:00:00,20.63,20.99,24.94,17.63,21.45,19.77,21.16,22.76
2016-07-25 02:00:00,19.98,19.87,24.36,17.26,20.53,19.150000000000002,20.400000000000002,21.78
2016-07-25 03:00:00,19.64,19.32,24.47,17.23,20.1,18.68,19.78,20.73
2016-07-25 04:00:00,20.32,19.66,26.31,17.55,20.49,19.16,20.330000000000002,21.23
2016-07-25 05:00:00,22.04,21.17,30.18,18.28,22.1,20.45,21.84,22.59
2016-07-25 06:00:00,24.25,23.85,34.54,20.36,23.95,21.54,23.32,22.59
2016-07-25 07:00:00,27.0,26.0,38.800000000000004,22.61,25.92,23.49,25.89,25.17
2016-07-25 08:00:00,29.89,29.61,43.78,25.89,29.34,24.12,26.75,27.0
2016-07-25 09:00:00,33.39,33.35,49.96,29.05,32.07,25.39,28.84,28.8
2016-07-25 10:00:00,38.84,38.75,60.26,33.38,38.52,27.58,32.7,34.29
2016-07-25 11:00:00,41.41,40.93,67.3,36.1,40.79,30.1,35.88,38.22
2016-07-25 12:00:00,45.16,42.85,74.44,40.0,44.97,32.83,39.85,42.37
2016-07-25 13:00:00,50.23,47.37,82.42,43.51,51.25,36.28,44.89,47.67
2016-07-25 14:00:00,53.81,49.14,88.0,46.9,54.61,40.01,49.64,52.9
2016-07-25 15:00:00,58.07,54.19,90.59,52.16,59.3,41.49,53.34,57.22
2016-07-25 16:00:00,56.0,51.86,85.14,50.95,58.51,40.25,51.58,55.32
2016-07-25 17:00:00,50.8,51.61,76.73,46.85,53.03,36.13,44.26,43.47
2016-07-25 18:00:00,45.02,46.47,66.26,41.84,45.8,32.74,37.96,37.17
2016-07-25 19:00:00,40.5,40.39,57.28,40.11,39.160000000000004,30.24,32.64,31.91
2016-07-25 20:00:00,37.28,36.82,51.89,37.0,35.79,29.28,31.35,30.35
2016-07-25 21:00:00,30.58,31.02,38.62,29.61,29.77,26.46,28.25,27.36
2016-07-25 22:00:00,25.84,26.03,31.4,24.41,26.24,24.25,25.97,26.16
2016-07-25 23:00:00,23.49,23.66,28.11,21.67,24.11,22.35,24.16,24.57
2016-07-26 00:00:00,21.34,21.88,23.94,19.71,22.27,21.0,22.22,22.77
2016-07-26 01:00:00,20.21,20.73,21.93,18.39,21.47,19.71,20.76,21.9
2016-07-26 02:00:00,19.1,19.490000000000002,20.44,17.85,20.03,18.76,19.93,20.62
2016-07-26 03:00:00,18.59,18.900000000000002,20.49,17.1,19.47,18.150000000000002,19.12,19.990000000000002
2016-07-26 04:00:00,19.34,19.240000000000002,21.66,17.75,20.01,18.490000000000002,19.900000000000002,20.87
2016-07-26 05:00:00,20.63,21.58,24.37,18.71,21.55,19.91,21.01,21.68
2016-07-26 06:00:00,22.84,24.55,26.56,20.46,24.03,21.37,22.89,22.69
2016-07-26 07:00:00,26.1,27.62,30.13,24.63,26.84,23.58,25.11,25.1
2016-07-26 08:00:00,28.75,29.59,33.160000000000004,26.95,31.0,24.46,26.57,26.62
2016-07-26 09:00:00,32.39,32.22,37.410000000000004,31.82,34.39,25.48,28.21,28.82
2016-07-26 10:00:00,37.35,38.21,46.69,36.31,42.35,27.48,30.89,31.18
2016-07-26 11:00:00,40.47,40.13,49.35,41.97,44.29,29.94,32.480000000000004,32.58
2016-07-26 12:00:00,44.3,42.66,52.73,47.02,48.34,32.5,34.89,34.88
2016-07-26 13:00:00,48.24,46.47,62.59,47.57,54.31,35.0,39.58,39.09
2016-07-26 14:00:00,52.52,49.59,70.68,51.48,58.85,38.19,44.11,43.27
2016-07-26 15:00:00,57.73,56.78,74.09,57.78,65.55,42.29,48.52,47.32
2016-07-26 16:00:00,55.64,56.09,67.83,56.55,64.63,40.03,45.86,44.95
2016-07-26 17:00:00,49.82,51.08,61.19,51.34,58.67,34.47,39.53,38.730000000000004
2016-07-26 18:00:00,43.7,43.23,50.06,48.78,47.7,31.41,33.33,32.88
2016-07-26 19:00:00,38.68,38.22,43.77,42.22,42.17,28.8,30.37,29.83
2016-07-26 20:00:00,34.63,36.81,37.13,36.53,36.550000000000004,28.54,29.86,29.29
2016-07-26 21:00:00,29.91,28.93,34.75,31.46,30.47,26.37,28.29,27.79
2016-07-26 22:00:00,25.47,25.86,28.85,24.6,26.41,24.13,25.76,26.54
2016-07-26 23:00:00,22.74,23.98,25.15,20.16,24.16,22.28,23.72,25.23
2016-07-27 00:00:00,21.21,21.84,22.49,19.45,22.34,20.81,22.0,22.66
2016-07-27 01:00:00,20.22,20.240000000000002,21.33,19.04,21.07,19.57,20.91,20.85
2016-07-27 02:00:00,19.17,19.23,19.94,17.52,19.85,18.94,19.900000000000002,20.71
2016-07-27 03:00:00,18.740000000000002,18.77,19.47,17.32,19.38,18.490000000000002,19.43,20.150000000000002
2016-07-27 04:00:00,19.53,19.79,20.57,18.06,20.49,18.85,19.93,20.13
2016-07-27 05:00:00,20.88,21.47,23.43,18.89,21.38,20.28,21.54,22.29
2016-07-27 06:00:00,23.03,25.1,26.26,20.5,24.36,21.28,23.14,23.53
2016-07-27 07:00:00,25.18,24.8,28.6,24.13,26.46,22.72,24.19,23.94
2016-07-27 08:00:00,28.66,25.62,32.71,28.71,30.06,24.35,26.54,26.14
2016-07-27 09:00:00,32.53,32.11,37.69,32.06,34.980000000000004,24.96,27.36,27.25
2016-07-27 10:00:00,37.75,36.75,47.61,36.67,40.51,27.3,30.17,29.01
2016-07-27 11:00:00,39.26,37.01,53.82,36.22,41.0,29.71,32.13,32.27
2016-07-27 12:00:00,41.93,39.88,56.73,39.300000000000004,44.83,30.96,33.410000000000004,33.45
2016-07-27 13:00:00,46.41,45.49,65.45,43.51,48.48,34.14,36.93,36.88
2016-07-27 14:00:00,50.28,48.49,71.34,46.15,53.03,37.97,41.1,41.08
2016-07-27 15:00:00,53.67,53.04,73.39,49.67,58.0,39.78,42.9,42.74
2016-07-27 16:00:00,52.64,50.72,77.21000000000001,48.48,55.45,37.64,40.61,40.77
2016-07-27 17:00:00,47.25,46.66,65.81,45.88,50.18,32.35,34.9,35.78
2016-07-27 18:00:00,41.8,42.77,54.23,40.87,44.96,29.29,31.58,32.01
2016-07-27 19:00:00,37.08,37.21,46.46,35.12,40.0,27.15,29.27,29.41
2016-07-27 20:00:00,35.25,33.7,48.38,33.230000000000004,35.81,26.96,29.11,28.52
2016-07-27 21:00:00,29.6,28.33,36.99,29.81,29.47,25.54,27.39,26.77
2016-07-27 22:00:00,25.44,25.24,33.39,22.16,25.39,23.69,25.48,26.0
2016-07-27 23:00:00,22.91,22.63,28.33,20.0,23.07,21.74,23.23,23.69
2016-07-28 00:00:00,21.99,21.93,26.99,19.400000000000002,22.89,21.15,22.66,22.41
2016-07-28 01:00:00,20.23,20.2,22.83,18.5,21.02,19.48,20.87,20.58
2016-07-28 02:00:00,19.21,19.09,21.73,17.48,19.85,18.38,19.78,20.25
2016-07-28 03:00:00,18.76,18.64,21.59,17.1,19.27,17.900000000000002,18.96,18.77
2016-07-28 04:00:00,19.62,19.09,23.97,17.32,19.92,18.580000000000002,20.04,20.52
2016-07-28 05:00:00,21.03,21.01,26.58,18.35,21.51,20.06,21.2,21.34
2016-07-28 06:00:00,22.14,22.96,26.66,19.63,23.34,20.82,22.32,23.39
2016-07-28 07:00:00,24.02,24.97,27.58,22.44,25.21,22.48,24.26,25.32
2016-07-28 08:00:00,26.21,26.68,31.69,23.99,26.8,23.81,26.11,27.34
2016-07-28 09:00:00,29.42,31.05,35.06,27.58,30.96,24.68,27.34,28.69
2016-07-28 10:00:00,31.470000000000006,34.19,37.62,29.48,33.71,26.19,29.95,33.12
2016-07-28 11:00:00,33.02,34.83,40.36,30.13,34.6,29.02,32.51,35.82
2016-07-28 12:00:00,35.92,37.22,42.33,32.74,37.9,31.71,36.47,41.58
2016-07-28 13:00:00,38.34,39.09,46.17,36.65,39.12,34.65,39.24,45.94
2016-07-28 14:00:00,40.57,42.02,44.91,39.03,43.14,37.87,43.6,50.71
2016-07-28 15:00:00,41.42,43.63,44.1,40.38,44.29,38.96,45.04,52.94
2016-07-28 16:00:00,39.72,42.16,42.15,38.550000000000004,41.87,37.34,42.0,51.18
2016-07-28 17:00:00,35.36,37.410000000000004,40.39,32.57,37.35,33.67,36.49,38.0
2016-07-28 18:00:00,32.63,33.28,37.39,33.06,33.99,29.76,31.78,32.11
2016-07-28 19:00:00,30.31,32.37,33.01,29.67,32.47,28.05,30.28,29.98
2016-07-28 20:00:00,29.43,30.39,34.660000000000004,28.8,31.3,27.65,28.79,29.68
2016-07-28 21:00:00,26.01,25.91,28.66,24.83,26.09,25.24,26.77,26.97
2016-07-28 22:00:00,23.98,24.62,27.84,22.27,24.92,23.06,24.47,24.79
2016-07-28 23:00:00,22.65,23.47,27.04,20.5,23.78,21.94,23.34,23.63
2016-07-29 00:00:00,22.16,22.62,28.37,19.05,22.17,20.83,22.38,22.85
2016-07-29 01:00:00,20.51,20.85,23.91,18.37,20.93,19.76,20.73,21.23
2016-07-29 02:00:00,19.39,19.54,22.73,17.150000000000002,19.59,18.22,19.37,19.82
2016-07-29 03:00:00,18.91,18.95,22.5,16.55,18.95,17.62,18.73,19.17
2016-07-29 04:00:00,19.44,19.51,22.73,17.43,19.6,18.240000000000002,19.38,19.84
2016-07-29 05:00:00,21.17,20.66,27.11,18.21,21.3,18.88,19.84,20.51
2016-07-29 06:00:00,22.09,23.3,27.52,18.57,22.83,20.53,21.82,23.57
2016-07-29 07:00:00,23.63,24.37,28.93,20.19,23.82,22.14,23.8,25.27
2016-07-29 08:00:00,25.9,26.7,31.720000000000006,24.95,26.22,23.67,25.4,26.72
2016-07-29 09:00:00,28.56,29.27,35.19,28.0,28.22,25.19,27.34,29.57
2016-07-29 10:00:00,30.37,31.17,37.08,29.22,30.3,27.04,29.58,33.63
2016-07-29 11:00:00,32.02,32.52,38.7,30.48,32.34,29.6,32.12,36.44
2016-07-29 12:00:00,34.78,35.800000000000004,40.31,32.75,34.94,32.71,35.910000000000004,37.92
2016-07-29 13:00:00,36.88,37.49,41.52,35.980000000000004,36.69,34.17,38.39,42.2
2016-07-29 14:00:00,39.26,40.57,43.98,36.61,40.33,37.09,42.26,46.18
2016-07-29 15:00:00,40.31,41.62,44.25,39.94,40.79,37.410000000000004,42.91,47.29
2016-07-29 16:00:00,38.53,39.79,42.35,38.13,38.87,35.800000000000004,40.57,44.53
2016-07-29 17:00:00,34.74,35.94,38.63,33.36,35.64,32.69,36.18,38.17
2016-07-29 18:00:00,31.91,32.0,38.61,30.9,32.230000000000004,29.28,31.04,33.83
2016-07-29 19:00:00,29.17,29.41,35.21,28.35,29.02,27.24,29.14,30.28
2016-07-29 20:00:00,28.2,29.3,37.31,26.39,28.41,25.75,27.41,27.95
2016-07-29 21:00:00,25.67,26.18,32.06,23.34,25.84,23.94,25.82,26.65
2016-07-29 22:00:00,23.92,23.78,27.73,21.48,23.92,23.1,25.37,26.39
2016-07-29 23:00:00,22.96,24.03,25.52,20.79,23.81,22.12,23.63,24.66
2016-07-30 00:00:00,22.53,23.12,25.94,19.47,23.84,22.31,23.42,24.71
2016-07-30 01:00:00,20.92,21.14,23.0,18.66,21.47,20.39,22.2,23.26
2016-07-30 02:00:00,19.91,19.96,22.5,17.2,20.19,19.26,20.7,21.32
2016-07-30 03:00:00,19.07,19.14,22.15,16.57,19.04,18.27,19.44,20.01
2016-07-30 04:00:00,19.0,18.96,22.07,16.55,18.81,17.98,19.17,19.740000000000002
2016-07-30 05:00:00,19.18,19.05,22.11,16.37,19.06,18.1,19.490000000000002,20.12
2016-07-30 06:00:00,19.52,19.95,22.36,15.57,19.95,18.59,19.97,20.54
2016-07-30 07:00:00,21.4,22.52,23.73,18.75,22.93,21.15,22.81,23.55
2016-07-30 08:00:00,23.79,25.34,27.13,20.31,25.14,23.33,24.92,25.78
2016-07-30 09:00:00,25.63,26.66,30.1,21.71,26.26,24.64,26.6,27.5
2016-07-30 10:00:00,27.62,28.6,33.230000000000004,24.73,28.64,26.55,28.33,30.03
2016-07-30 11:00:00,28.82,29.45,34.13,25.72,29.86,28.3,29.98,31.75
2016-07-30 12:00:00,31.76,31.75,36.28,28.66,32.52,31.13,37.660000000000004,37.49
2016-07-30 13:00:00,35.03,34.02,37.49,33.28,34.35,33.99,47.36,43.23
2016-07-30 14:00:00,36.410000000000004,35.800000000000004,39.09,33.12,37.660000000000004,35.21,55.46,48.54
2016-07-30 15:00:00,38.9,36.77,40.86,36.86,37.75,37.31,62.77,52.97
2016-07-30 16:00:00,38.36,36.22,40.410000000000004,36.01,37.06,36.43,61.12,50.54
2016-07-30 17:00:00,35.1,33.53,37.68,32.78,34.160000000000004,33.54,48.91,42.99
2016-07-30 18:00:00,31.4,30.84,35.76,29.23,31.18,30.31,34.22,34.18
2016-07-30 19:00:00,28.07,29.06,32.83,25.42,29.19,27.26,29.16,28.99
2016-07-30 20:00:00,27.28,27.58,34.43,23.17,26.43,25.44,27.43,27.68
2016-07-30 21:00:00,24.95,25.1,28.25,21.28,25.64,24.82,27.19,27.03
2016-07-30 22:00:00,23.77,24.09,28.23,20.54,24.22,23.33,26.09,26.08
2016-07-30 23:00:00,22.41,23.19,23.86,19.59,23.36,22.74,24.11,25.0
2016-07-31 00:00:00,20.13,20.84,22.81,17.66,20.93,20.89,21.91,23.66
2016-07-31 01:00:00,18.830000000000002,19.490000000000002,21.38,16.57,19.55,19.8,20.55,21.23
2016-07-31 02:00:00,17.42,17.66,19.64,15.05,17.66,18.29,19.080000000000002,19.82
2016-07-31 03:00:00,16.330000000000002,16.85,18.67,13.1,17.09,17.01,17.51,17.81
2016-07-31 04:00:00,16.51,16.77,18.84,12.99,17.17,17.44,18.330000000000002,19.11
2016-07-31 05:00:00,16.17,16.240000000000002,19.1,12.39,16.28,16.11,16.51,16.9
2016-07-31 06:00:00,16.27,16.69,20.13,11.14,16.85,17.67,18.17,18.47
2016-07-31 07:00:00,19.3,19.98,22.18,15.47,19.53,20.25,21.77,23.18
2016-07-31 08:00:00,21.83,22.86,24.25,18.01,23.33,23.75,24.76,26.05
2016-07-31 09:00:00,23.12,24.2,24.24,19.27,24.19,25.7,27.56,29.49
2016-07-31 10:00:00,24.66,25.73,25.85,20.49,25.87,27.98,30.37,33.0
2016-07-31 11:00:00,26.21,27.06,28.19,21.26,27.07,29.99,33.97,38.79
2016-07-31 12:00:00,28.58,29.53,30.78,22.67,29.88,32.910000000000004,41.07,46.43
2016-07-31 13:00:00,30.65,31.53,32.57,23.99,31.69,35.01,50.0,54.84
2016-07-31 14:00:00,33.5,33.53,35.230000000000004,25.51,34.29,38.77,58.5,66.0
2016-07-31 15:00:00,35.13,35.34,36.58,28.76,35.33,39.660000000000004,62.52,66.97
2016-07-31 16:00:00,37.89,39.07,39.95,33.05,39.35,41.54,60.8,61.56
2016-07-31 17:00:00,36.5,37.6,38.58,34.18,38.03,39.39,49.8,52.55
2016-07-31 18:00:00,31.7,31.7,34.47,30.06,31.82,34.84,39.79,44.27
2016-07-31 19:00:00,27.59,27.97,28.96,25.81,28.38,30.59,33.58,35.64
2016-07-31 20:00:00,26.49,27.12,30.35,23.76,26.52,28.78,30.99,33.02
2016-07-31 21:00:00,24.33,24.81,28.21,21.43,23.98,26.75,28.59,29.71
2016-07-31 22:00:00,22.34,22.72,25.36,19.11,22.91,24.01,25.59,26.38
2016-07-31 23:00:00,21.04,21.11,24.69,17.76,20.97,22.64,23.8,24.91
2016-08-01 00:00:00,19.21,19.69,23.0,15.69,19.34,20.55,21.75,22.8
2016-08-01 01:00:00,18.400000000000002,19.13,22.03,14.69,19.12,19.48,20.14,20.75
2016-08-01 02:00:00,16.68,16.77,21.26,13.21,16.11,17.77,18.37,19.07
2016-08-01 03:00:00,16.490000000000002,16.44,21.12,13.52,15.73,17.080000000000002,17.68,18.37
2016-08-01 04:00:00,18.34,18.64,22.02,16.11,18.43,18.080000000000002,18.84,19.48
2016-08-01 05:00:00,20.54,20.83,25.57,18.57,19.67,19.98,20.400000000000002,21.67
2016-08-01 06:00:00,21.88,22.82,28.2,18.45,22.12,21.62,22.84,24.17
2016-08-01 07:00:00,23.33,24.19,28.06,20.37,23.76,23.07,24.34,25.27
2016-08-01 08:00:00,25.28,25.97,30.0,23.18,25.49,25.09,26.62,26.88
2016-08-01 09:00:00,28.1,29.26,33.35,26.95,28.19,27.77,29.7,31.13
2016-08-01 10:00:00,31.13,32.87,34.78,30.970000000000006,31.18,30.74,33.660000000000004,36.76
2016-08-01 11:00:00,33.92,35.2,37.32,33.06,33.94,33.47,40.45,47.83
2016-08-01 12:00:00,38.21,39.31,40.18,34.9,38.81,38.300000000000004,51.82,59.45
2016-08-01 13:00:00,41.14,42.42,42.5,38.86,40.79,41.13,61.7,66.66
2016-08-01 14:00:00,46.08,47.23,47.12,42.81,45.89,43.94,70.60000000000001,76.95
2016-08-01 15:00:00,50.09,51.17,51.59,45.32,50.67,48.24,76.41,84.76
2016-08-01 16:00:00,49.0,49.43,49.84,45.64,48.32,46.62,73.38,80.8
2016-08-01 17:00:00,43.89,44.35,44.93,41.66,43.59,42.5,61.8,67.97
2016-08-01 18:00:00,38.44,39.94,40.56,36.7,39.96,38.480000000000004,46.35,52.17
2016-08-01 19:00:00,32.97,34.39,34.12,31.25,33.94,33.37,37.38,42.35
2016-08-01 20:00:00,31.24,31.83,34.1,32.38,31.59,31.36,34.39,37.35
2016-08-01 21:00:00,27.82,27.88,33.13,27.23,26.67,27.65,29.95,32.32
2016-08-01 22:00:00,24.99,25.29,29.58,23.18,24.18,24.77,25.09,25.81
2016-08-01 23:00:00,22.91,23.8,26.68,20.38,23.63,23.03,24.15,25.48
2016-08-02 00:00:00,21.27,21.54,23.88,19.12,21.41,21.91,23.08,22.77
2016-08-02 01:00:00,20.42,20.92,22.32,18.88,21.38,20.7,22.05,22.14
2016-08-02 02:00:00,19.37,19.45,21.38,17.81,19.56,19.54,20.45,20.51
2016-08-02 03:00:00,19.14,19.61,21.21,17.330000000000002,19.62,18.92,19.64,20.26
2016-08-02 04:00:00,20.07,20.32,22.62,18.21,20.49,19.61,20.43,21.07
2016-08-02 05:00:00,21.94,22.78,25.88,19.63,22.42,20.74,21.56,22.29
2016-08-02 06:00:00,22.95,23.79,26.48,20.84,24.04,22.53,23.34,23.72
2016-08-02 07:00:00,24.93,25.95,27.95,23.46,26.43,23.56,24.62,25.2
2016-08-02 08:00:00,27.85,28.46,31.57,26.27,28.57,25.52,26.84,27.86
2016-08-02 09:00:00,32.08,33.04,37.19,31.57,31.9,28.52,30.38,31.66
2016-08-02 10:00:00,36.5,38.45,38.74,35.300000000000004,38.300000000000004,32.95,36.25,36.46
2016-08-02 11:00:00,38.730000000000004,40.550000000000004,40.550000000000004,38.480000000000004,39.88,34.88,39.12,40.46
2016-08-02 12:00:00,43.56,44.7,46.45,42.89,44.74,39.45,47.93,47.94
2016-08-02 13:00:00,48.27,49.1,51.85,47.5,49.72,44.04,61.72,56.85
2016-08-02 14:00:00,53.7,55.56,57.4,53.0,55.0,49.83,70.07000000000001,61.68
2016-08-02 15:00:00,58.72,60.84,63.23,57.92,60.3,54.54,76.34,63.01
2016-08-02 16:00:00,56.87,58.55,60.78,56.47,57.95,53.03,74.04,61.4
2016-08-02 17:00:00,50.4,51.2,53.17,51.31,50.97,46.65,64.08,54.49
2016-08-02 18:00:00,43.61,44.92,46.59,44.68,44.69,39.18,44.38,44.57
2016-08-02 19:00:00,38.45,40.050000000000004,40.300000000000004,38.980000000000004,39.37,34.42,37.300000000000004,36.77
2016-08-02 20:00:00,36.81,38.93,39.61,36.660000000000004,38.28,32.9,34.72,34.51
2016-08-02 21:00:00,31.33,31.75,35.28,30.66,32.04,29.01,30.66,30.98
2016-08-02 22:00:00,26.67,27.37,29.33,24.14,27.93,26.26,28.08,28.28
2016-08-02 23:00:00,24.84,24.86,26.87,23.39,25.02,24.03,25.18,25.68
2016-08-03 00:00:00,22.87,23.0,26.54,20.61,23.02,21.89,23.51,23.43
2016-08-03 01:00:00,20.97,20.51,24.04,19.240000000000002,20.32,19.82,20.89,21.36
2016-08-03 02:00:00,20.07,19.740000000000002,23.13,19.06,19.69,18.86,19.79,20.09
2016-08-03 03:00:00,19.57,18.84,23.35,18.56,18.84,18.09,19.13,19.63
2016-08-03 04:00:00,19.97,19.92,24.42,18.28,19.27,18.14,18.77,19.46
2016-08-03 05:00:00,21.49,21.6,26.43,19.35,20.77,19.71,20.48,21.19
2016-08-03 06:00:00,22.71,22.77,28.59,19.95,21.07,21.35,22.06,22.45
2016-08-03 07:00:00,25.22,25.59,30.72,24.33,24.57,22.48,24.08,24.66
2016-08-03 08:00:00,28.06,28.19,33.83,28.05,28.08,24.16,26.11,27.48
2016-08-03 09:00:00,32.22,32.49,38.92,31.75,33.96,26.96,29.24,30.96
2016-08-03 10:00:00,36.39,36.61,43.6,35.68,39.45,31.28,34.54,37.58
2016-08-03 11:00:00,39.13,39.730000000000004,45.32,38.51,41.04,34.67,39.43,40.44
2016-08-03 12:00:00,45.05,44.92,54.15,43.62,46.17,40.76,58.02,49.94
2016-08-03 13:00:00,50.25,48.89,58.09,47.66,50.72,46.98,80.78,58.68
2016-08-03 14:00:00,55.27,54.7,62.96,52.17,52.42,55.5,93.79,68.78
2016-08-03 15:00:00,60.82,59.54,68.69,59.05,58.74,58.93,104.0,73.0
2016-08-03 16:00:00,57.15,56.16,65.39,54.3,55.0,56.88,92.67,71.79
2016-08-03 17:00:00,51.06,49.68,59.44,52.17,51.08,47.84,77.32000000000001,58.46
2016-08-03 18:00:00,43.54,43.68,51.56,44.65,46.17,39.07,50.79,45.0
2016-08-03 19:00:00,37.78,38.75,42.48,39.42,40.49,34.96,37.92,37.89
2016-08-03 20:00:00,34.95,36.38,42.97,36.61,37.57,32.660000000000004,33.6,34.17
2016-08-03 21:00:00,29.44,29.92,35.92,29.43,30.76,27.89,29.67,29.09
2016-08-03 22:00:00,25.71,25.68,29.91,25.46,24.74,25.91,26.83,27.65
2016-08-03 23:00:00,23.34,24.37,27.4,19.400000000000002,24.46,24.5,26.25,25.69
2016-08-04 00:00:00,21.31,22.47,23.66,18.740000000000002,22.17,22.17,24.0,24.7
2016-08-04 01:00:00,19.89,20.76,21.9,16.98,20.87,21.02,22.65,23.38
2016-08-04 02:00:00,18.830000000000002,19.41,20.67,16.22,19.53,19.37,21.2,22.59
2016-08-04 03:00:00,18.23,18.830000000000002,20.61,15.8,18.96,18.98,20.13,21.15
2016-08-04 04:00:00,18.94,19.93,22.14,16.04,19.76,19.150000000000002,20.35,21.86
2016-08-04 05:00:00,20.31,21.37,24.14,17.68,19.84,20.17,21.08,22.51
2016-08-04 06:00:00,21.86,24.22,26.79,18.09,22.39,22.15,23.84,23.62
2016-08-04 07:00:00,24.41,26.33,29.75,20.85,24.65,23.38,24.78,25.72
2016-08-04 08:00:00,27.88,29.36,32.36,26.73,27.12,28.62,27.17,27.39
2016-08-04 09:00:00,33.26,35.93,40.29,31.82,32.0,40.89,30.69,30.5
2016-08-04 10:00:00,37.82,40.51,45.67,37.07,36.17,55.03,34.69,34.4
2016-08-04 11:00:00,40.99,43.49,48.48,38.1,38.27,59.83,41.66,39.68
2016-08-04 12:00:00,44.77,47.12,55.24,40.92,41.2,50.0,54.02,45.0
2016-08-04 13:00:00,50.66,52.08,62.55,45.81,44.63,55.3,78.02,55.0
2016-08-04 14:00:00,55.0,56.99,65.68,48.53,49.01,63.2,91.55,63.6
2016-08-04 15:00:00,61.66,63.44000000000001,71.04,56.16,57.52,68.12,108.39,72.65
2016-08-04 16:00:00,57.73,60.0,66.87,52.42,53.12,60.97,95.82,68.0
2016-08-04 17:00:00,50.89,52.62,60.14,47.53,47.01,53.06,71.87,57.69
2016-08-04 18:00:00,43.93,46.68,52.88,39.300000000000004,40.74,45.19,48.96,44.64
2016-08-04 19:00:00,38.52,40.63,44.9,34.65,37.57,46.71,37.47,38.01
2016-08-04 20:00:00,34.68,35.62,40.21,30.86,33.43,50.42,34.74,34.53
2016-08-04 21:00:00,29.87,30.71,34.46,30.0,28.65,39.88,29.44,29.0
2016-08-04 22:00:00,25.93,26.75,27.9,24.67,26.3,25.75,27.39,27.77
2016-08-04 23:00:00,24.01,25.16,26.73,19.95,25.25,24.04,26.08,26.55
2016-08-05 00:00:00,21.95,22.2,26.4,19.16,22.57,22.08,24.07,23.45
2016-08-05 01:00:00,20.89,21.81,24.58,17.6,22.42,21.32,22.4,22.71
2016-08-05 02:00:00,19.79,20.3,22.9,16.77,20.8,19.93,20.87,21.8
2016-08-05 03:00:00,19.38,19.830000000000002,22.52,16.45,20.3,19.14,20.53,20.51
2016-08-05 04:00:00,19.92,20.23,24.02,17.0,20.56,19.52,20.41,21.39
2016-08-05 05:00:00,21.48,22.0,26.23,18.7,22.28,20.12,21.45,21.95
2016-08-05 06:00:00,22.76,23.56,29.04,19.63,23.42,22.11,23.35,24.51
2016-08-05 07:00:00,24.76,26.17,29.24,22.02,26.16,23.72,25.28,25.19
2016-08-05 08:00:00,27.24,28.76,31.41,24.32,28.52,25.24,27.38,27.7
2016-08-05 09:00:00,32.06,34.92,37.33,29.75,34.06,29.42,29.76,29.5
2016-08-05 10:00:00,35.78,39.26,41.5,33.24,38.52,36.08,33.57,33.17
2016-08-05 11:00:00,37.27,40.660000000000004,42.59,33.14,39.56,42.5,37.57,37.5
2016-08-05 12:00:00,41.85,45.04,48.53,36.47,44.5,46.41,48.87,45.92
2016-08-05 13:00:00,47.31,49.66,54.19,44.9,50.29,52.75,72.52,56.25
2016-08-05 14:00:00,49.5,52.19,55.37,46.05,53.21,56.96,77.04,62.47
2016-08-05 15:00:00,52.73,55.62,58.32,46.15,56.76,55.66,93.95,70.14
2016-08-05 16:00:00,47.76,49.82,52.21,42.51,50.06,51.18,82.64,64.31
2016-08-05 17:00:00,42.16,45.08,46.09,37.26,44.8,39.84,50.02,52.34
2016-08-05 18:00:00,36.730000000000004,39.13,40.1,35.14,38.86,37.0,39.44,38.550000000000004
2016-08-05 19:00:00,31.970000000000006,33.660000000000004,33.09,30.68,33.5,35.7,33.45,33.9
2016-08-05 20:00:00,30.76,31.69,35.02,28.47,32.44,32.18,32.08,31.59
2016-08-05 21:00:00,27.26,27.6,30.24,25.79,28.31,28.08,28.78,29.18
2016-08-05 22:00:00,24.87,25.67,27.79,22.26,26.17,24.79,26.78,26.5
2016-08-05 23:00:00,23.06,24.06,25.05,20.75,24.52,23.1,25.11,25.54
2016-08-06 00:00:00,21.58,22.26,24.2,19.57,22.48,21.71,22.94,23.65
2016-08-06 01:00:00,20.35,21.04,21.88,18.91,21.21,20.52,21.66,22.04
2016-08-06 02:00:00,19.39,19.64,20.37,18.05,20.1,19.150000000000002,20.57,20.75
2016-08-06 03:00:00,18.490000000000002,18.62,20.02,17.11,18.94,18.06,19.41,19.580000000000002
2016-08-06 04:00:00,18.52,18.6,20.35,17.13,18.85,18.0,19.35,19.52
2016-08-06 05:00:00,18.93,19.1,20.74,18.01,19.54,18.240000000000002,19.59,20.13
2016-08-06 06:00:00,19.3,19.47,23.02,17.67,19.03,19.14,20.54,21.12
2016-08-06 07:00:00,21.01,22.33,24.65,19.3,22.09,21.06,22.38,22.91
2016-08-06 08:00:00,23.78,25.24,28.54,21.64,24.65,24.04,26.2,26.56
2016-08-06 09:00:00,25.4,27.04,30.42,21.66,27.29,25.57,27.13,27.8
2016-08-06 10:00:00,27.47,29.25,34.0,21.29,29.81,28.1,29.23,30.17
2016-08-06 11:00:00,29.54,30.73,36.2,21.97,30.94,32.64,33.480000000000004,33.3
2016-08-06 12:00:00,31.17,31.92,37.44,24.65,32.17,34.5,35.52,36.51
2016-08-06 13:00:00,33.58,35.49,39.95,25.5,36.09,36.230000000000004,37.28,37.480000000000004
2016-08-06 14:00:00,35.36,37.21,43.75,28.05,40.51,39.97,43.26,41.82
2016-08-06 15:00:00,38.34,40.45,46.1,31.02,43.36,41.56,46.49,44.35
2016-08-06 16:00:00,38.68,40.6,46.06,30.8,43.41,40.85,43.26,43.07
2016-08-06 17:00:00,35.01,36.08,41.54,27.85,38.71,36.59,37.74,38.52
2016-08-06 18:00:00,31.01,31.84,35.92,28.04,34.03,32.85,33.05,33.5
2016-08-06 19:00:00,28.0,28.24,33.62,24.54,29.0,31.8,31.48,31.54
2016-08-06 20:00:00,26.53,27.13,33.49,21.78,28.03,29.51,30.05,29.68
2016-08-06 21:00:00,24.64,25.14,29.48,20.78,25.69,26.38,28.03,28.28
2016-08-06 22:00:00,23.01,23.66,25.5,21.59,24.41,24.43,25.78,26.57
2016-08-06 23:00:00,21.98,22.69,24.0,20.49,23.14,23.02,24.42,25.49
2016-08-07 00:00:00,21.04,21.33,23.02,19.45,21.39,20.97,22.49,23.24
2016-08-07 01:00:00,20.09,20.43,21.44,18.66,20.59,20.1,21.39,21.92
2016-08-07 02:00:00,18.66,18.94,20.6,17.1,19.53,18.81,19.78,20.47
2016-08-07 03:00:00,17.52,17.76,19.22,15.97,18.07,17.69,18.56,19.080000000000002
2016-08-07 04:00:00,17.14,17.42,19.330000000000002,15.68,17.61,17.22,18.06,18.48
2016-08-07 05:00:00,17.22,17.43,19.16,15.63,17.63,17.23,18.07,18.490000000000002
2016-08-07 06:00:00,16.9,17.35,20.9,13.88,15.55,17.48,18.31,18.82
2016-08-07 07:00:00,19.52,20.09,23.6,15.71,19.57,20.01,21.15,21.6
2016-08-07 08:00:00,22.16,22.84,24.12,19.73,23.35,22.6,24.04,24.83
2016-08-07 09:00:00,24.0,25.01,26.22,20.43,25.03,24.56,26.5,27.0
2016-08-07 10:00:00,24.99,26.11,27.83,20.43,26.68,26.38,27.86,28.5
2016-08-07 11:00:00,26.43,27.14,29.8,21.44,27.68,28.61,30.11,29.87
2016-08-07 12:00:00,28.28,28.46,32.28,22.97,28.15,31.33,33.2,33.62
2016-08-07 13:00:00,29.92,30.5,31.83,23.66,31.11,33.38,37.59,35.61
2016-08-07 14:00:00,32.49,33.14,34.58,27.85,33.17,35.71,43.06,38.87
2016-08-07 15:00:00,34.49,35.550000000000004,37.0,30.67,36.25,37.62,44.83,40.44
2016-08-07 16:00:00,35.95,36.94,38.050000000000004,33.53,38.32,37.62,38.730000000000004,39.730000000000004
2016-08-07 17:00:00,33.93,34.910000000000004,36.72,33.01,36.28,35.36,36.47,37.230000000000004
2016-08-07 18:00:00,30.21,29.81,32.04,28.12,32.6,31.66,33.25,34.0
2016-08-07 19:00:00,27.52,27.65,31.46,23.57,29.75,29.72,30.37,30.09
2016-08-07 20:00:00,26.25,26.74,31.720000000000006,20.86,27.68,27.15,28.67,28.8
2016-08-07 21:00:00,24.38,24.16,28.09,20.26,24.55,25.81,27.51,27.64
2016-08-07 22:00:00,22.83,23.28,24.63,19.900000000000002,23.51,23.88,25.69,26.63
2016-08-07 23:00:00,21.59,22.32,24.22,17.580000000000002,22.52,21.88,23.69,24.19
2016-08-08 00:00:00,20.21,20.71,22.41,16.65,20.37,20.34,21.71,22.39
2016-08-08 01:00:00,19.36,19.82,21.19,15.65,19.97,19.23,20.47,21.12
2016-08-08 02:00:00,17.88,18.39,19.85,12.98,18.22,17.6,18.78,19.04
2016-08-08 03:00:00,17.990000000000002,18.46,20.14,14.4,18.32,17.36,18.51,18.81
2016-08-08 04:00:00,18.64,19.12,21.83,14.77,18.42,17.67,18.81,19.27
2016-08-08 05:00:00,20.02,20.36,22.04,16.5,20.71,20.01,21.36,22.06
2016-08-08 06:00:00,21.38,22.4,25.12,18.13,22.27,21.36,22.52,23.15
2016-08-08 07:00:00,23.71,24.51,28.17,21.17,23.88,22.61,24.1,24.47
2016-08-08 08:00:00,25.73,26.35,29.91,23.32,25.5,24.33,25.91,26.4
2016-08-08 09:00:00,28.25,28.42,31.53,29.18,27.54,26.68,28.1,27.94
2016-08-08 10:00:00,31.71,33.01,35.230000000000004,32.5,31.68,30.17,31.62,31.27
2016-08-08 11:00:00,33.13,33.95,36.53,34.29,33.14,31.85,33.58,33.51
2016-08-08 12:00:00,35.9,36.730000000000004,38.72,37.2,36.95,37.160000000000004,38.1,37.62
2016-08-08 13:00:00,40.56,41.49,46.92,40.22,41.99,45.34,45.48,44.26
2016-08-08 14:00:00,43.31,44.88,47.69,43.99,45.5,43.54,52.1,46.99
2016-08-08 15:00:00,46.91,48.08,50.33,50.27,48.4,47.77,57.64,51.99
2016-08-08 16:00:00,43.9,45.9,47.18,45.85,46.64,45.9,53.45,49.51
2016-08-08 17:00:00,39.75,40.94,43.12,44.29,42.03,38.52,42.45,40.19
2016-08-08 18:00:00,35.410000000000004,37.24,38.45,39.89,38.14,34.410000000000004,35.84,35.160000000000004
2016-08-08 19:00:00,31.79,33.33,36.43,32.79,32.26,30.45,31.5,30.98
2016-08-08 20:00:00,29.8,30.4,34.33,32.57,28.03,29.2,29.31,29.52
2016-08-08 21:00:00,26.1,27.36,32.11,23.5,25.81,25.99,27.49,26.87
2016-08-08 22:00:00,23.68,24.66,25.83,22.9,24.35,23.46,24.96,25.65
2016-08-08 23:00:00,22.07,22.92,25.32,19.12,22.73,22.18,23.87,23.68
2016-08-09 00:00:00,20.28,21.66,24.18,17.330000000000002,21.41,19.95,21.13,21.23
2016-08-09 01:00:00,18.67,19.29,20.41,16.52,19.580000000000002,18.580000000000002,19.66,19.34
2016-08-09 02:00:00,17.76,18.18,19.36,15.860000000000003,18.54,17.53,18.47,18.93
2016-08-09 03:00:00,17.82,17.81,20.080000000000002,16.22,17.6,17.43,18.87,19.1
2016-08-09 04:00:00,18.740000000000002,18.61,23.03,16.42,18.28,18.21,19.46,19.68
2016-08-09 05:00:00,20.71,20.64,26.1,18.11,20.32,20.080000000000002,21.34,21.65
2016-08-09 06:00:00,22.08,22.45,29.11,18.92,20.85,21.29,22.69,23.19
2016-08-09 07:00:00,23.74,23.42,29.0,21.96,22.45,22.48,23.78,23.98
2016-08-09 08:00:00,26.62,25.86,30.57,26.04,26.91,24.4,26.33,26.3
2016-08-09 09:00:00,30.29,29.27,33.62,30.86,30.62,26.45,28.71,28.26
2016-08-09 10:00:00,34.29,34.12,38.44,35.83,36.14,29.77,32.27,31.96
2016-08-09 11:00:00,37.47,36.32,42.57,37.87,38.75,33.79,36.34,36.63
2016-08-09 12:00:00,42.02,40.2,49.39,42.95,41.99,38.29,40.58,39.77
2016-08-09 13:00:00,47.47,47.05,54.06,49.15,47.5,43.87,48.39,45.0
2016-08-09 14:00:00,50.48,49.65,56.75,53.26,51.3,47.76,56.04,49.45
2016-08-09 15:00:00,55.96,54.69,64.26,60.37,56.11,53.22,61.74,54.39
2016-08-09 16:00:00,52.87,50.99,61.34,57.67,51.96,48.39,57.75,52.16
2016-08-09 17:00:00,47.19,45.27,54.28,52.02,46.6,42.14,45.74,43.51
2016-08-09 18:00:00,41.75,41.31,44.81,46.17,41.0,38.87,38.64,38.02
2016-08-09 19:00:00,37.27,37.99,41.34,38.17,39.81,39.09,34.72,34.980000000000004
2016-08-09 20:00:00,33.83,34.42,38.2,33.94,36.31,34.6,32.9,33.21
2016-08-09 21:00:00,28.61,28.65,33.74,28.25,28.22,27.11,28.54,28.95
2016-08-09 22:00:00,25.66,26.05,28.9,25.89,26.46,24.85,26.91,26.93
2016-08-09 23:00:00,23.69,23.29,27.68,24.25,23.97,23.07,25.17,25.67
2016-08-10 00:00:00,21.77,22.56,25.89,21.68,22.8,21.33,23.38,23.35
2016-08-10 01:00:00,20.26,20.9,22.82,18.57,21.32,19.830000000000002,21.38,21.04
2016-08-10 02:00:00,18.98,19.19,20.88,17.19,19.490000000000002,18.92,19.71,20.73
2016-08-10 03:00:00,18.8,18.87,21.4,16.94,19.580000000000002,18.25,19.25,19.6
2016-08-10 04:00:00,19.55,18.57,23.59,17.11,21.52,18.95,20.04,20.0
2016-08-10 05:00:00,21.28,20.03,25.64,19.57,23.64,20.73,21.93,22.05
2016-08-10 06:00:00,22.87,23.84,27.49,19.96,23.82,22.28,23.54,23.87
2016-08-10 07:00:00,25.3,25.76,28.81,23.7,26.46,23.54,24.78,25.32
2016-08-10 08:00:00,28.28,30.28,30.4,28.57,29.24,24.58,26.0,26.05
2016-08-10 09:00:00,32.64,36.97,35.300000000000004,34.28,34.46,26.09,28.39,27.92
2016-08-10 10:00:00,37.31,42.08,40.43,40.08,39.7,29.43,30.7,31.63
2016-08-10 11:00:00,40.06,45.55,44.61,40.480000000000004,39.78,38.410000000000004,35.68,36.21
2016-08-10 12:00:00,45.42,50.49,52.81,45.3,43.06,42.26,41.94,41.76
2016-08-10 13:00:00,51.32,57.07,60.32,51.95,47.14,48.03,51.12,46.93
2016-08-10 14:00:00,54.43,60.39,63.25,56.02,49.29,50.7,56.99,51.95
2016-08-10 15:00:00,59.87,66.09,70.02,61.82,53.66,55.77,63.0,57.44
2016-08-10 16:00:00,56.37,62.28,65.72,58.72,48.44,49.58,59.02,55.0
2016-08-10 17:00:00,49.4,53.31,56.94,52.18,44.58,41.72,50.82,46.15
2016-08-10 18:00:00,43.21,46.66,49.22,44.54,41.24,40.92,40.93,40.93
2016-08-10 19:00:00,38.09,42.24,42.77,39.31,39.57,39.410000000000004,35.08,34.92
2016-08-10 20:00:00,34.81,39.85,40.65,35.79,37.52,34.61,32.61,33.38
2016-08-10 21:00:00,28.87,31.38,32.31,29.24,29.01,27.44,27.72,27.98
2016-08-10 22:00:00,25.26,27.53,30.13,26.33,27.28,24.63,25.81,25.99
2016-08-10 23:00:00,22.91,25.16,28.7,22.5,25.09,22.52,23.91,24.58
2016-08-11 00:00:00,21.98,24.25,30.29,19.12,22.92,22.19,23.46,23.73
2016-08-11 01:00:00,20.94,22.84,28.5,18.86,22.29,20.93,22.2,22.23
2016-08-11 02:00:00,19.85,21.27,26.73,18.240000000000002,20.37,19.42,20.55,20.66
2016-08-11 03:00:00,19.48,20.58,26.93,17.97,19.580000000000002,19.25,20.51,21.07
2016-08-11 04:00:00,20.2,20.9,29.91,18.36,20.36,19.490000000000002,20.65,20.76
2016-08-11 05:00:00,22.09,22.19,32.36,19.53,22.1,21.07,22.23,22.68
2016-08-11 06:00:00,23.79,24.93,34.08,22.64,23.1,21.54,22.68,23.07
2016-08-11 07:00:00,27.06,28.46,38.34,28.09,25.62,22.88,24.39,24.49
2016-08-11 08:00:00,31.33,35.58,41.64,32.17,31.95,23.2,25.03,25.13
2016-08-11 09:00:00,35.980000000000004,41.18,48.68,37.86,37.49,24.59,26.89,27.08
2016-08-11 10:00:00,40.58,47.56,56.34,38.26,42.54,26.92,28.61,28.82
2016-08-11 11:00:00,45.28,53.12,62.65,42.91,45.9,35.19,31.720000000000006,32.36
2016-08-11 12:00:00,51.76,61.21,73.64,47.77,52.37,43.35,37.33,37.86
2016-08-11 13:00:00,56.49,67.27,79.85000000000001,52.25,56.88,46.64,42.77,43.53
2016-08-11 14:00:00,60.37,71.76,85.33,54.95,60.77,47.0,46.51,47.19
2016-08-11 15:00:00,66.22,78.43,92.06,60.58,67.35,49.07,51.48,52.2
2016-08-11 16:00:00,61.62,71.77,84.03,57.72,61.6,44.39,47.54,48.69
2016-08-11 17:00:00,54.52,65.31,76.21000000000001,50.12,56.36,37.22,40.21,41.03
2016-08-11 18:00:00,49.65,59.79,67.49,48.15,53.25,32.72,35.26,35.63
2016-08-11 19:00:00,43.55,50.47,59.62,43.26,45.67,34.45,31.01,31.32
2016-08-11 20:00:00,40.46,46.54,55.0,40.15,41.4,31.0,30.16,30.65
2016-08-11 21:00:00,33.04,36.17,41.69,34.32,32.37,25.51,27.07,27.94
2016-08-11 22:00:00,27.34,27.8,32.11,28.0,27.76,24.55,26.0,26.53
2016-08-11 23:00:00,24.11,24.77,28.84,22.05,24.34,23.27,24.9,25.5
2016-08-12 00:00:00,23.23,24.67,29.71,20.19,24.71,22.2,23.55,23.55
2016-08-12 01:00:00,21.77,22.75,27.88,18.66,23.24,21.21,22.22,22.76
2016-08-12 02:00:00,20.5,20.93,27.04,16.78,20.58,19.650000000000002,20.9,21.38
2016-08-12 03:00:00,20.29,20.23,27.93,15.21,21.5,19.43,20.7,21.16
2016-08-12 04:00:00,21.25,20.75,30.98,16.43,24.26,19.87,20.96,21.47
2016-08-12 05:00:00,23.9,23.85,35.69,18.19,30.73,20.75,22.16,22.92
2016-08-12 06:00:00,25.76,25.77,36.95,19.95,43.41,21.55,23.23,23.65
2016-08-12 07:00:00,29.74,31.27,41.98,25.75,47.54,22.05,23.97,24.01
2016-08-12 08:00:00,32.83,36.28,45.77,30.09,45.43,23.0,25.19,25.25
2016-08-12 09:00:00,37.59,43.38,52.28,34.92,49.84,24.34,25.8,25.24
2016-08-12 10:00:00,41.32,48.97,57.93,39.52,54.63,25.07,27.82,27.02
2016-08-12 11:00:00,45.34,54.36,64.95,41.43,60.51,27.15,29.82,28.87
2016-08-12 12:00:00,50.22,61.29,72.4,45.0,66.77,32.52,33.8,34.05
2016-08-12 13:00:00,53.74,65.19,76.88,49.78,69.0,35.0,37.45,38.21
2016-08-12 14:00:00,56.29,67.95,79.23,56.05,74.13,38.5,41.38,41.82
2016-08-12 15:00:00,58.67,69.59,83.02,57.35,76.0,40.61,44.58,45.0
2016-08-12 16:00:00,52.96,63.44000000000001,75.3,50.41,63.26,36.83,40.17,42.99
2016-08-12 17:00:00,46.44,55.16,65.83,42.6,62.07,32.39,34.44,35.43
2016-08-12 18:00:00,41.76,50.74,57.0,37.4,55.36,27.32,30.23,29.53
2016-08-12 19:00:00,36.97,44.07,50.04,37.02,49.19,26.45,27.36,28.22
2016-08-12 20:00:00,34.28,39.5,46.16,32.07,48.32,25.85,27.41,27.68
2016-08-12 21:00:00,29.21,31.79,35.160000000000004,28.14,39.61,24.13,26.53,26.53
2016-08-12 22:00:00,25.11,25.88,29.0,21.13,33.65,23.71,25.44,26.07
2016-08-12 23:00:00,23.33,23.93,28.53,19.91,27.2,22.81,24.1,24.57
2016-08-13 00:00:00,22.84,24.26,28.8,18.73,25.5,21.0,22.23,22.73
2016-08-13 01:00:00,21.21,22.35,26.29,17.94,23.65,20.52,21.62,22.06
2016-08-13 02:00:00,19.330000000000002,20.13,24.39,16.39,21.06,19.25,20.240000000000002,20.66
2016-08-13 03:00:00,18.490000000000002,19.2,24.31,15.610000000000003,19.78,18.56,19.5,19.95
2016-08-13 04:00:00,18.37,18.95,25.2,15.48,19.18,18.32,19.26,19.71
2016-08-13 05:00:00,19.38,19.67,27.36,16.63,19.6,19.04,20.03,20.51
2016-08-13 06:00:00,21.0,22.47,30.88,17.01,18.47,19.11,20.330000000000002,20.72
2016-08-13 07:00:00,22.85,23.84,33.97,18.77,18.48,20.2,21.52,21.93
2016-08-13 08:00:00,24.88,26.75,35.25,20.7,22.17,21.66,23.15,23.63
2016-08-13 09:00:00,28.14,30.98,39.730000000000004,22.34,25.27,23.44,25.17,25.22
2016-08-13 10:00:00,30.32,34.37,41.12,26.78,30.22,24.46,26.48,25.61
2016-08-13 11:00:00,32.17,37.18,42.52,27.41,35.93,26.06,27.49,26.47
2016-08-13 12:00:00,33.62,38.87,43.88,30.14,38.28,27.37,28.76,28.96
2016-08-13 13:00:00,35.01,39.39,44.92,33.34,38.660000000000004,28.07,29.73,29.14
2016-08-13 14:00:00,36.18,41.14,46.82,34.0,39.82,29.99,31.25,29.84
2016-08-13 15:00:00,37.82,42.38,47.26,35.93,39.5,30.54,32.36,32.07
2016-08-13 16:00:00,37.61,42.62,47.8,35.75,41.56,29.4,31.46,30.49
2016-08-13 17:00:00,34.35,37.84,43.09,32.81,36.230000000000004,27.85,29.91,30.06
2016-08-13 18:00:00,32.26,35.46,41.57,30.67,31.36,26.41,28.49,28.97
2016-08-13 19:00:00,30.52,32.230000000000004,40.02,29.13,28.38,25.16,27.42,27.5
2016-08-13 20:00:00,28.74,30.61,39.0,26.06,24.35,24.61,26.48,26.6
2016-08-13 21:00:00,25.85,27.28,34.45,21.8,22.65,23.59,25.32,25.19
2016-08-13 22:00:00,23.47,22.94,27.91,21.33,23.84,22.6,24.28,24.48
2016-08-13 23:00:00,22.63,22.88,26.53,20.48,24.13,22.06,23.51,23.91
2016-08-14 00:00:00,20.35,21.19,24.38,19.23,20.14,19.05,20.330000000000002,20.86
2016-08-14 01:00:00,19.27,19.96,22.61,17.830000000000002,19.95,18.51,19.42,20.27
2016-08-14 02:00:00,18.41,18.55,21.92,17.39,18.03,17.32,18.64,19.25
2016-08-14 03:00:00,17.89,18.31,21.88,16.580000000000002,17.89,17.13,17.89,18.48
2016-08-14 04:00:00,17.73,18.02,22.3,16.61,17.75,16.71,17.7,18.22
2016-08-14 05:00:00,17.85,18.29,22.31,16.76,17.85,16.81,17.8,18.330000000000002
2016-08-14 06:00:00,17.88,18.66,22.56,15.89,17.29,16.98,17.89,18.48
2016-08-14 07:00:00,20.5,21.06,26.06,18.28,19.29,18.76,20.23,20.83
2016-08-14 08:00:00,22.33,23.74,26.69,19.28,23.15,21.55,22.87,23.57
2016-08-14 09:00:00,24.01,26.24,27.63,20.46,25.42,22.99,24.85,25.4
2016-08-14 10:00:00,26.16,28.98,30.52,23.31,27.84,24.11,26.21,26.48
2016-08-14 11:00:00,28.62,32.410000000000004,35.29,25.85,30.49,25.26,27.49,26.9
2016-08-14 12:00:00,30.3,34.03,37.79,29.15,31.25,26.33,28.1,27.59
2016-08-14 13:00:00,32.31,37.2,38.75,31.64,34.99,26.75,29.86,30.76
2016-08-14 14:00:00,33.86,38.53,41.3,33.46,36.88,28.57,30.84,31.25
2016-08-14 15:00:00,36.37,41.06,43.23,35.81,38.95,30.12,33.32,33.52
2016-08-14 16:00:00,37.33,41.57,44.36,36.12,40.19,30.33,33.78,33.92
2016-08-14 17:00:00,34.54,38.49,39.71,35.42,36.84,29.38,31.33,31.2
2016-08-14 18:00:00,32.19,35.29,36.660000000000004,34.730000000000004,33.18,26.84,28.57,29.49
2016-08-14 19:00:00,30.3,33.24,35.74,30.970000000000006,31.88,25.65,27.15,27.26
2016-08-14 20:00:00,29.91,32.34,37.74,31.62,29.37,25.11,27.11,27.23
2016-08-14 21:00:00,25.72,27.08,30.72,25.37,24.78,23.92,25.26,25.86
2016-08-14 22:00:00,22.81,24.1,27.16,21.23,22.88,21.01,22.12,22.59
2016-08-14 23:00:00,21.65,23.39,27.02,19.1,20.95,20.31,21.31,21.86
2016-08-15 00:00:00,21.01,21.82,25.01,18.330000000000002,21.49,20.09,20.89,21.6
2016-08-15 01:00:00,20.01,20.83,23.32,17.03,20.73,19.400000000000002,20.51,20.98
2016-08-15 02:00:00,18.990000000000002,19.73,22.7,15.78,19.75,18.330000000000002,19.31,19.87
2016-08-15 03:00:00,18.78,19.53,22.7,15.32,19.46,18.06,19.03,19.59
2016-08-15 04:00:00,19.67,20.56,25.08,14.86,19.45,18.42,19.650000000000002,20.07
2016-08-15 05:00:00,21.63,22.03,26.81,18.04,21.56,20.22,21.6,22.16
2016-08-15 06:00:00,23.43,24.45,29.98,19.490000000000002,21.79,21.39,22.68,23.31
2016-08-15 07:00:00,25.19,25.99,31.12,22.84,24.27,22.21,23.53,24.14
2016-08-15 08:00:00,26.78,27.63,33.21,26.08,25.31,23.18,24.18,24.41
2016-08-15 09:00:00,30.22,31.35,37.45,28.93,29.19,23.7,25.68,26.0
2016-08-15 10:00:00,32.56,33.8,37.480000000000004,34.0,32.13,24.71,27.07,26.89
2016-08-15 11:00:00,33.96,35.76,39.51,35.38,34.11,26.08,28.0,28.0
2016-08-15 12:00:00,37.07,37.33,41.66,41.35,34.980000000000004,30.18,31.4,32.46
2016-08-15 13:00:00,40.15,41.19,46.89,42.83,39.07,32.44,35.09,35.32
2016-08-15 14:00:00,42.3,43.55,48.29,46.1,42.11,33.15,36.92,36.33
2016-08-15 15:00:00,43.62,44.75,49.76,48.24,43.11,34.660000000000004,39.980000000000004,38.08
2016-08-15 16:00:00,42.44,43.18,47.8,46.81,41.73,34.01,39.980000000000004,37.52
2016-08-15 17:00:00,38.14,39.27,41.15,42.23,36.87,30.5,32.76,32.81
2016-08-15 18:00:00,34.82,36.160000000000004,39.11,37.02,36.03,27.59,29.65,29.58
2016-08-15 19:00:00,32.09,33.980000000000004,34.81,33.01,32.65,26.16,28.28,28.49
2016-08-15 20:00:00,31.02,31.85,36.0,33.52,30.3,25.63,27.94,27.63
2016-08-15 21:00:00,26.93,26.6,32.0,26.65,24.6,24.4,26.56,26.62
2016-08-15 22:00:00,23.77,23.85,27.87,22.88,23.7,22.24,23.62,23.91
2016-08-15 23:00:00,22.13,22.83,27.38,20.69,22.15,20.38,21.35,21.92
2016-08-16 00:00:00,20.5,21.19,24.15,18.51,21.02,19.490000000000002,20.57,21.25
2016-08-16 01:00:00,19.5,19.64,22.26,17.63,19.6,19.03,20.31,20.99
2016-08-16 02:00:00,18.66,19.18,21.2,16.93,18.92,17.740000000000002,18.76,19.2
2016-08-16 03:00:00,18.57,19.46,22.1,16.43,18.67,17.56,18.55,19.01
2016-08-16 04:00:00,19.36,20.43,23.52,16.21,19.88,18.47,19.27,19.84
2016-08-16 05:00:00,21.5,22.5,27.3,18.98,21.19,20.03,21.24,21.61
2016-08-16 06:00:00,22.86,24.34,27.68,20.72,22.65,20.87,21.76,22.58
2016-08-16 07:00:00,24.84,26.16,29.57,23.18,24.18,22.71,23.85,23.99
2016-08-16 08:00:00,26.59,28.44,31.24,26.29,27.1,22.55,23.58,23.5
2016-08-16 09:00:00,29.88,32.22,35.15,29.62,30.5,24.0,25.29,25.5
2016-08-16 10:00:00,31.68,34.49,35.38,32.36,33.37,24.91,26.1,25.94
2016-08-16 11:00:00,33.67,35.61,36.45,35.46,34.43,26.34,27.73,28.48
2016-08-16 12:00:00,35.88,38.7,38.93,35.19,38.74,28.0,30.3,31.27
2016-08-16 13:00:00,38.59,41.07,40.87,38.58,40.56,31.24,34.730000000000004,34.24
2016-08-16 14:00:00,41.86,44.59,43.66,45.42,43.21,32.79,37.27,36.67
2016-08-16 15:00:00,42.71,45.27,44.34,46.01,44.13,33.43,38.79,37.94
2016-08-16 16:00:00,41.27,43.67,42.77,44.23,42.15,32.68,36.87,36.31
2016-08-16 17:00:00,36.61,38.78,38.6,37.35,38.15,28.88,32.52,32.03
2016-08-16 18:00:00,34.11,36.15,36.93,34.78,36.13,26.45,29.31,29.5
2016-08-16 19:00:00,32.33,33.7,33.410000000000004,33.85,32.99,26.07,27.46,28.19
2016-08-16 20:00:00,30.96,32.77,34.74,29.89,32.03,25.77,27.61,27.69
2016-08-16 21:00:00,26.87,27.63,30.55,25.85,26.26,24.17,25.73,25.56
2016-08-16 22:00:00,23.7,24.7,27.88,23.23,23.41,21.95,22.99,23.42
2016-08-16 23:00:00,21.88,22.3,24.89,20.59,21.91,20.81,22.18,22.5
2016-08-17 00:00:00,21.07,22.02,23.52,19.19,22.68,20.78,22.07,22.66
2016-08-17 01:00:00,19.240000000000002,19.8,20.42,18.07,19.93,18.7,20.0,20.46
2016-08-17 02:00:00,18.31,19.12,19.67,16.93,19.330000000000002,17.85,18.59,19.2
2016-08-17 03:00:00,18.07,18.76,19.39,16.94,18.87,17.62,18.66,19.07
2016-08-17 04:00:00,19.05,19.77,21.38,16.89,20.37,18.68,19.8,20.400000000000002
2016-08-17 05:00:00,21.22,22.4,24.53,19.63,22.84,20.66,21.33,21.72
2016-08-17 06:00:00,22.74,23.95,25.62,20.72,23.87,21.59,23.13,23.49
2016-08-17 07:00:00,24.5,25.81,27.15,23.28,26.11,22.26,23.87,24.33
2016-08-17 08:00:00,27.28,29.35,30.5,26.98,29.0,23.12,24.61,24.2
2016-08-17 09:00:00,31.06,31.92,34.480000000000004,33.88,32.19,24.37,25.9,25.6
2016-08-17 10:00:00,33.19,34.28,35.65,36.54,35.75,26.19,28.39,27.59
2016-08-17 11:00:00,35.83,37.52,38.14,38.300000000000004,38.01,28.05,31.78,30.16
2016-08-17 12:00:00,39.57,40.78,41.89,42.49,40.94,31.4,37.17,32.230000000000004
2016-08-17 13:00:00,42.95,44.04,46.76,45.6,43.29,34.21,43.93,33.480000000000004
2016-08-17 14:00:00,46.92,48.05,50.64,50.82,47.04,36.71,50.83,36.1
2016-08-17 15:00:00,49.11,50.45,52.02,53.41,49.62,38.72,53.0,38.01
2016-08-17 16:00:00,46.17,47.26,48.75,49.47,46.89,36.53,50.97,35.76
2016-08-17 17:00:00,40.63,42.0,42.87,43.53,41.88,31.57,42.99,30.4
2016-08-17 18:00:00,37.03,38.800000000000004,39.050000000000004,39.63,38.96,28.91,36.2,28.03
2016-08-17 19:00:00,35.47,36.76,37.28,38.54,37.13,27.97,32.1,29.54
2016-08-17 20:00:00,33.93,35.0,36.660000000000004,36.27,34.08,27.46,30.15,30.23
2016-08-17 21:00:00,27.71,28.72,30.67,29.11,27.92,24.56,26.7,26.68
2016-08-17 22:00:00,24.26,24.87,26.62,24.6,25.02,23.14,24.56,24.37
2016-08-17 23:00:00,22.84,23.02,25.43,22.57,23.47,21.69,22.78,22.9
2016-08-18 00:00:00,20.71,21.47,23.58,18.89,21.99,19.81,21.07,21.45
2016-08-18 01:00:00,19.34,19.45,21.07,18.47,19.88,18.57,19.85,19.28
2016-08-18 02:00:00,18.39,18.81,20.41,16.79,19.07,17.66,18.68,18.51
2016-08-18 03:00:00,18.02,18.13,20.69,16.22,18.18,17.63,18.53,18.94
2016-08-18 04:00:00,19.330000000000002,19.63,23.87,17.2,19.21,18.45,19.52,19.35
2016-08-18 05:00:00,21.18,21.92,25.37,19.29,22.61,19.740000000000002,20.85,21.44
2016-08-18 06:00:00,22.43,22.9,25.42,21.18,22.51,20.81,22.04,21.89
2016-08-18 07:00:00,24.68,25.96,28.51,24.97,25.02,21.01,22.38,22.14
2016-08-18 08:00:00,27.37,29.51,31.91,28.5,27.63,22.28,24.08,23.25
2016-08-18 09:00:00,31.3,33.88,35.300000000000004,33.99,31.24,23.31,25.75,24.87
2016-08-18 10:00:00,33.81,36.46,38.61,37.88,34.300000000000004,24.35,26.9,25.09
2016-08-18 11:00:00,36.49,39.58,39.76,41.97,37.21,24.93,28.29,26.12
2016-08-18 12:00:00,39.92,43.43,43.79,46.19,41.96,26.59,29.41,27.66
2016-08-18 13:00:00,45.69,48.94,49.64,55.57,46.41,30.47,36.11,31.74
2016-08-18 14:00:00,49.12,52.57,53.16,60.32,51.91,32.61,38.83,35.76
2016-08-18 15:00:00,51.45,54.81,54.8,65.01,55.37,33.77,40.910000000000004,37.96
2016-08-18 16:00:00,48.54,51.44,50.67,63.89,55.02,32.480000000000004,38.99,39.09
2016-08-18 17:00:00,40.94,44.82,43.7,49.81,46.32,29.71,32.94,33.01
2016-08-18 18:00:00,37.08,41.37,40.93,43.46,39.62,27.24,29.66,29.82
2016-08-18 19:00:00,34.58,38.67,37.84,40.53,37.5,25.79,29.38,29.11
2016-08-18 20:00:00,32.77,36.83,37.660000000000004,37.65,34.69,25.75,28.43,28.35
2016-08-18 21:00:00,27.59,29.47,31.82,32.31,26.85,24.14,26.03,24.62
2016-08-18 22:00:00,23.4,26.0,27.69,22.52,24.54,22.46,23.92,24.12
2016-08-18 23:00:00,21.51,23.69,25.12,21.28,22.82,21.37,22.67,22.8
2016-08-19 00:00:00,19.240000000000002,21.35,23.06,18.92,21.26,19.69,21.05,21.08
2016-08-19 01:00:00,18.03,20.16,22.01,17.2,20.35,18.86,20.03,19.87
2016-08-19 02:00:00,17.22,19.02,21.35,16.0,18.98,18.18,19.56,19.830000000000002
2016-08-19 03:00:00,17.02,19.12,21.83,15.75,19.01,17.91,18.94,19.09
2016-08-19 04:00:00,18.23,20.41,23.08,16.95,20.01,18.73,19.7,20.26
2016-08-19 05:00:00,20.75,22.96,25.68,18.71,22.52,19.81,21.0,21.49
2016-08-19 06:00:00,22.58,24.91,26.13,21.5,23.48,20.32,22.5,22.46
2016-08-19 07:00:00,24.65,27.23,29.2,23.76,25.99,20.62,22.76,22.74
2016-08-19 08:00:00,27.22,29.27,33.13,26.81,27.53,21.44,23.4,23.38
2016-08-19 09:00:00,31.11,34.57,37.04,32.15,32.34,22.0,25.24,25.5
2016-08-19 10:00:00,33.8,38.42,39.51,35.17,35.71,23.25,26.74,25.6
2016-08-19 11:00:00,36.11,40.4,41.39,38.57,37.22,23.65,28.12,27.32
2016-08-19 12:00:00,39.12,44.16,43.74,40.13,39.730000000000004,26.11,32.18,31.96
2016-08-19 13:00:00,43.05,48.4,51.44,42.65,45.1,27.93,35.11,35.92
2016-08-19 14:00:00,45.39,51.63,53.76,44.31,47.52,30.37,38.54,38.96
2016-08-19 15:00:00,46.74,53.0,55.14,44.5,49.31,31.96,41.51,41.0
2016-08-19 16:00:00,41.74,48.52,48.69,39.87,45.26,28.25,36.86,37.89
2016-08-19 17:00:00,36.64,42.46,42.15,33.96,40.410000000000004,27.83,32.22,32.96
2016-08-19 18:00:00,34.24,38.95,40.46,32.980000000000004,36.58,25.84,29.52,30.69
2016-08-19 19:00:00,31.89,35.9,37.28,31.19,34.03,24.01,28.3,28.42
2016-08-19 20:00:00,30.38,33.94,36.1,29.8,30.98,23.59,26.7,26.68
2016-08-19 21:00:00,26.71,28.17,31.49,24.42,25.56,22.9,26.02,26.26
2016-08-19 22:00:00,23.63,24.81,26.52,19.44,25.19,22.53,24.19,24.4
2016-08-19 23:00:00,21.65,23.06,23.69,19.150000000000002,23.09,21.54,22.42,23.04
2016-08-20 00:00:00,21.7,26.17,28.46,17.94,21.9,20.26,21.7,21.96
2016-08-20 01:00:00,20.1,24.93,26.56,15.96,20.03,18.8,20.13,20.51
2016-08-20 02:00:00,18.94,24.08,25.53,14.74,18.490000000000002,17.59,18.830000000000002,19.23
2016-08-20 03:00:00,18.27,23.27,24.79,14.38,17.56,16.98,17.77,18.490000000000002
2016-08-20 04:00:00,18.69,24.32,26.29,14.79,17.68,17.14,17.94,18.69
2016-08-20 05:00:00,19.21,25.28,26.93,14.84,18.5,17.63,18.830000000000002,19.3
2016-08-20 06:00:00,19.52,21.37,26.71,17.16,18.06,18.330000000000002,19.0,19.56
2016-08-20 07:00:00,21.45,23.5,27.75,19.02,20.64,20.17,21.03,21.56
2016-08-20 08:00:00,24.16,26.91,31.45,20.22,23.66,22.06,23.82,23.42
2016-08-20 09:00:00,26.34,30.19,35.62,21.76,25.15,23.3,24.51,25.75
2016-08-20 10:00:00,28.53,33.36,41.1,25.41,27.2,23.82,26.09,25.99
2016-08-20 11:00:00,29.33,36.28,42.16,24.45,28.98,25.49,28.13,27.84
2016-08-20 12:00:00,30.09,36.09,43.15,24.22,29.35,26.7,30.37,30.96
2016-08-20 13:00:00,30.86,36.24,43.86,26.85,30.56,28.16,31.14,31.45
2016-08-20 14:00:00,30.85,36.35,43.85,26.44,30.65,28.22,32.32,33.31
2016-08-20 15:00:00,30.93,36.61,43.51,26.23,31.48,28.76,32.83,33.410000000000004
2016-08-20 16:00:00,30.59,36.01,43.83,25.87,30.83,28.43,33.43,33.29
2016-08-20 17:00:00,29.31,33.49,42.97,23.93,29.1,27.37,31.86,32.62
2016-08-20 18:00:00,26.8,29.26,37.09,22.22,25.44,25.83,28.03,27.55
2016-08-20 19:00:00,25.13,27.95,33.17,21.32,25.81,24.12,26.25,26.08
2016-08-20 20:00:00,25.4,27.31,33.9,21.9,24.79,23.57,25.98,26.62
2016-08-20 21:00:00,23.09,24.04,27.7,20.83,22.84,22.88,24.89,24.99
2016-08-20 22:00:00,21.23,23.52,24.7,18.78,22.41,21.52,22.18,23.05
2016-08-20 23:00:00,19.14,23.55,22.95,16.86,21.55,20.62,21.84,22.26
2016-08-21 00:00:00,17.68,20.86,21.19,16.25,19.400000000000002,18.400000000000002,19.16,19.96
2016-08-21 01:00:00,16.9,19.88,21.06,15.13,18.07,17.59,18.8,19.35
2016-08-21 02:00:00,15.96,19.03,20.09,13.8,17.11,16.42,17.18,17.56
2016-08-21 03:00:00,14.79,17.51,19.37,13.22,15.23,15.07,15.98,16.240000000000002
2016-08-21 04:00:00,15.41,17.88,19.75,13.28,15.97,15.860000000000003,16.76,16.990000000000002
2016-08-21 05:00:00,15.69,17.89,19.92,14.38,16.01,16.11,16.97,17.19
2016-08-21 06:00:00,15.610000000000003,17.080000000000002,20.02,12.55,16.26,16.38,17.39,17.63
2016-08-21 07:00:00,18.740000000000002,20.06,22.64,16.38,19.0,19.02,20.27,20.88
2016-08-21 08:00:00,21.39,22.62,23.85,19.580000000000002,21.28,20.87,22.48,22.95
2016-08-21 09:00:00,22.63,25.0,26.45,19.67,23.37,22.25,23.32,23.93
2016-08-21 10:00:00,23.94,26.69,26.7,21.56,25.6,23.33,25.06,25.63
2016-08-21 11:00:00,24.66,27.65,27.54,21.68,26.28,23.0,25.96,26.11
2016-08-21 12:00:00,25.53,27.92,27.88,22.81,27.06,23.59,26.97,27.4
2016-08-21 13:00:00,26.83,29.16,29.0,23.13,28.36,23.64,29.18,29.16
2016-08-21 14:00:00,27.86,30.14,30.07,25.81,29.33,23.74,29.9,30.34
2016-08-21 15:00:00,27.79,30.11,30.46,25.74,29.33,24.48,28.86,28.92
2016-08-21 16:00:00,29.72,31.99,30.99,28.58,31.01,25.33,30.22,29.74
2016-08-21 17:00:00,28.79,30.75,30.52,27.63,30.3,24.22,29.62,28.27
2016-08-21 18:00:00,27.48,29.5,29.1,26.3,28.38,24.01,27.24,26.52
2016-08-21 19:00:00,26.5,28.81,28.76,23.81,27.69,24.07,26.15,26.76
2016-08-21 20:00:00,25.91,27.4,27.87,24.46,26.51,23.81,25.86,26.34
2016-08-21 21:00:00,22.76,23.9,24.84,19.77,23.58,22.68,24.37,25.1
2016-08-21 22:00:00,20.98,23.12,22.97,19.02,22.22,21.03,22.44,22.65
2016-08-21 23:00:00,19.53,22.47,22.17,17.2,20.45,19.740000000000002,21.42,21.71
2016-08-22 00:00:00,16.66,19.37,20.21,13.1,17.41,16.77,17.89,17.82
2016-08-22 01:00:00,14.33,17.56,18.75,10.07,14.94,15.55,15.98,16.43
2016-08-22 02:00:00,12.4,15.76,17.91,7.0,12.81,13.61,13.95,14.46
2016-08-22 03:00:00,11.97,15.53,17.89,6.23,12.57,13.54,13.82,14.33
2016-08-22 04:00:00,14.14,17.91,19.19,9.05,14.88,16.23,16.88,17.22
2016-08-22 05:00:00,18.18,21.59,23.66,14.77,18.86,17.900000000000002,19.080000000000002,19.11
2016-08-22 06:00:00,19.93,21.58,24.94,17.490000000000002,24.28,19.91,20.81,21.54
2016-08-22 07:00:00,21.41,23.06,28.4,19.37,24.69,20.62,21.42,22.39
2016-08-22 08:00:00,22.73,24.4,29.87,19.94,25.47,21.64,22.58,23.45
2016-08-22 09:00:00,24.18,26.63,31.69,21.87,24.81,23.0,24.44,24.62
2016-08-22 10:00:00,25.44,29.46,34.08,21.65,25.54,23.87,25.83,25.74
2016-08-22 11:00:00,26.93,31.07,37.25,22.62,27.69,23.21,27.28,26.77
2016-08-22 12:00:00,29.31,32.76,38.95,26.7,29.82,24.53,31.01,30.23
2016-08-22 13:00:00,31.84,35.96,39.69,31.64,32.11,25.75,36.77,35.07
2016-08-22 14:00:00,32.89,36.730000000000004,38.99,33.69,33.12,26.86,37.97,36.07
2016-08-22 15:00:00,34.72,38.62,40.28,35.550000000000004,35.45,27.74,42.7,40.11
2016-08-22 16:00:00,33.63,38.0,39.77,33.43,34.31,27.42,40.27,38.410000000000004
2016-08-22 17:00:00,30.65,34.27,37.5,30.46,30.72,25.13,35.64,33.97
2016-08-22 18:00:00,27.69,30.5,36.57,26.72,27.8,23.36,29.08,28.68
2016-08-22 19:00:00,26.13,28.46,35.04,24.0,26.17,22.89,27.41,27.3
2016-08-22 20:00:00,24.91,26.61,33.62,21.94,25.33,22.69,26.52,26.47
2016-08-22 21:00:00,22.22,24.24,29.13,19.59,23.1,20.78,24.91,25.29
2016-08-22 22:00:00,20.01,23.38,26.1,17.3,21.91,20.45,22.3,23.29
2016-08-22 23:00:00,17.92,23.65,23.24,15.19,20.6,19.71,21.21,21.9
2016-08-23 00:00:00,14.43,23.48,21.14,7.69,18.04,17.28,18.46,18.88
2016-08-23 01:00:00,12.44,20.91,19.43,5.03,15.16,15.68,16.4,17.56
2016-08-23 02:00:00,10.98,19.2,18.71,4.68,13.01,12.62,13.05,13.5
2016-08-23 03:00:00,10.79,18.34,18.47,4.8,12.5,11.92,12.35,12.81
2016-08-23 04:00:00,12.46,20.83,19.91,5.31,15.35,13.97,14.77,14.84
2016-08-23 05:00:00,16.89,25.3,25.88,10.52,18.91,17.31,18.48,19.03
2016-08-23 06:00:00,19.56,22.66,26.82,16.02,22.44,20.12,20.93,21.9
2016-08-23 07:00:00,21.66,23.67,27.31,19.42,23.46,21.23,22.89,23.61
2016-08-23 08:00:00,22.99,25.51,28.54,19.990000000000002,24.75,22.05,23.49,23.77
2016-08-23 09:00:00,25.65,29.0,31.84,22.27,26.07,23.5,25.78,25.78
2016-08-23 10:00:00,27.33,31.42,35.35,24.22,28.54,24.42,26.48,27.09
2016-08-23 11:00:00,28.08,32.2,34.97,26.5,28.63,26.3,28.54,28.24
2016-08-23 12:00:00,31.77,37.03,41.57,30.96,33.19,28.29,34.52,31.49
2016-08-23 13:00:00,34.34,40.660000000000004,43.19,33.71,36.5,29.94,39.35,36.0
2016-08-23 14:00:00,36.52,41.37,45.5,38.5,40.5,29.36,42.0,41.0
2016-08-23 15:00:00,37.58,42.64,45.34,39.74,42.23,31.88,44.4,41.45
2016-08-23 16:00:00,36.85,41.54,43.73,38.89,40.5,30.83,41.94,41.0
2016-08-23 17:00:00,32.83,36.69,40.04,34.14,37.43,29.48,36.83,35.92
2016-08-23 18:00:00,30.69,33.88,39.39,30.8,31.32,28.38,30.5,29.69
2016-08-23 19:00:00,29.14,31.96,36.83,28.61,30.79,26.75,28.23,28.8
2016-08-23 20:00:00,27.89,30.12,35.21,27.78,28.53,25.73,28.1,27.57
2016-08-23 21:00:00,24.15,25.87,30.44,22.03,24.41,23.52,26.35,26.52
2016-08-23 22:00:00,21.21,24.91,27.27,19.21,21.79,19.53,23.0,24.7
2016-08-23 23:00:00,19.22,23.55,25.33,16.42,20.36,18.51,20.45,22.65
2016-08-24 00:00:00,17.490000000000002,19.26,20.48,15.32,18.75,17.69,18.5,19.3
2016-08-24 01:00:00,15.64,16.98,18.52,13.5,16.36,15.76,16.27,17.080000000000002
2016-08-24 02:00:00,13.59,14.83,17.490000000000002,11.28,13.6,12.88,13.31,13.98
2016-08-24 03:00:00,13.02,13.8,17.19,11.25,12.85,12.13,12.51,13.19
2016-08-24 04:00:00,16.4,16.77,19.63,14.31,16.6,15.74,16.18,17.12
2016-08-24 05:00:00,19.87,20.61,24.31,17.79,22.84,18.72,19.19,19.29
2016-08-24 06:00:00,22.14,22.76,27.03,19.59,24.16,20.73,21.54,22.77
2016-08-24 07:00:00,23.33,23.93,27.57,20.88,25.49,21.72,22.56,23.27
2016-08-24 08:00:00,24.99,25.45,29.31,24.2,26.38,22.66,23.61,24.09
2016-08-24 09:00:00,28.35,28.17,33.01,29.84,27.95,24.46,25.22,25.71
2016-08-24 10:00:00,30.59,31.76,36.07,30.0,30.52,27.06,27.59,26.82
2016-08-24 11:00:00,32.93,34.79,36.49,31.79,34.300000000000004,28.55,31.51,29.72
2016-08-24 12:00:00,38.050000000000004,41.28,43.97,37.980000000000004,41.42,33.76,40.56,33.480000000000004
2016-08-24 13:00:00,42.01,45.22,47.12,39.57,45.49,38.28,47.2,39.01
2016-08-24 14:00:00,44.87,48.54,50.11,42.27,49.77,41.53,51.27,42.73
2016-08-24 15:00:00,46.91,49.53,51.43,45.24,52.33,42.78,53.53,45.07
2016-08-24 16:00:00,44.85,47.59,48.08,42.57,49.61,41.81,52.39,42.5
2016-08-24 17:00:00,39.09,41.82,43.07,37.34,44.55,36.22,43.39,35.03
2016-08-24 18:00:00,35.43,37.300000000000004,38.46,36.14,38.65,31.25,35.18,28.03
2016-08-24 19:00:00,34.09,36.72,38.86,31.48,37.74,29.1,31.21,26.85
2016-08-24 20:00:00,32.46,34.05,37.75,30.79,35.22,27.03,29.1,27.52
2016-08-24 21:00:00,28.08,28.23,32.87,28.52,28.03,24.9,26.85,26.56
2016-08-24 22:00:00,24.05,24.19,28.09,22.02,24.16,23.12,24.26,24.69
2016-08-24 23:00:00,22.02,23.7,25.98,19.7,22.85,21.26,22.48,22.91
2016-08-25 00:00:00,20.52,21.97,23.17,17.2,23.18,20.5,21.84,21.75
2016-08-25 01:00:00,19.09,19.8,21.7,15.91,21.5,18.91,19.96,20.17
2016-08-25 02:00:00,17.81,18.78,20.66,13.0,20.26,17.57,18.11,18.79
2016-08-25 03:00:00,17.8,18.6,20.76,12.61,20.47,17.330000000000002,18.5,18.89
2016-08-25 04:00:00,19.1,20.1,22.57,13.85,23.59,18.29,19.26,19.8
2016-08-25 05:00:00,22.6,23.85,28.37,16.9,34.480000000000004,20.64,21.14,22.05
2016-08-25 06:00:00,24.26,25.07,29.46,18.92,31.93,22.59,23.63,24.33
2016-08-25 07:00:00,25.55,26.19,31.24,19.96,34.02,22.89,24.11,24.79
2016-08-25 08:00:00,27.39,27.7,34.88,21.78,37.64,24.07,24.06,25.42
2016-08-25 09:00:00,30.31,30.99,38.26,24.5,44.97,26.13,27.16,26.99
2016-08-25 10:00:00,32.49,33.76,40.21,26.84,50.44,28.08,29.86,28.27
2016-08-25 11:00:00,34.87,37.29,42.54,28.6,50.97,31.35,36.02,31.08
2016-08-25 12:00:00,39.33,42.38,48.53,31.79,56.14,36.19,42.52,34.0
2016-08-25 13:00:00,43.32,48.69,53.44,36.4,61.95,40.27,50.12,36.04
2016-08-25 14:00:00,46.47,50.99,56.51,40.81,69.57000000000001,42.6,53.1,38.5
2016-08-25 15:00:00,46.07,51.37,55.17,39.24,72.53,43.21,53.86,38.9
2016-08-25 16:00:00,43.17,47.3,52.1,35.49,69.05,40.36,50.9,37.36
2016-08-25 17:00:00,37.480000000000004,39.93,43.53,31.9,68.26,34.32,42.94,33.160000000000004
2016-08-25 18:00:00,34.78,35.87,40.88,31.79,58.13,30.76,35.980000000000004,31.1
2016-08-25 19:00:00,33.61,34.57,39.54,31.220000000000006,55.56,29.08,33.660000000000004,29.03
2016-08-25 20:00:00,31.62,32.13,38.15,28.75,55.0,27.19,29.98,27.69
2016-08-25 21:00:00,27.05,27.29,31.03,23.8,38.63,25.19,26.93,25.95
2016-08-25 22:00:00,24.35,25.55,29.14,20.46,33.28,22.71,24.49,24.37
2016-08-25 23:00:00,22.21,24.28,26.49,19.0,27.0,21.4,23.16,23.61
2016-08-26 00:00:00,21.42,24.34,24.77,18.63,22.78,21.23,21.9,22.13
2016-08-26 01:00:00,19.86,21.98,22.45,17.77,20.18,19.23,20.26,20.67
2016-08-26 02:00:00,18.740000000000002,21.2,21.64,16.17,18.330000000000002,17.67,18.02,18.45
2016-08-26 03:00:00,18.63,20.83,21.9,15.88,18.0,17.5,17.82,18.47
2016-08-26 04:00:00,19.97,22.31,24.51,15.8,20.14,19.080000000000002,19.56,19.96
2016-08-26 05:00:00,22.58,25.56,27.64,18.2,23.14,21.42,22.17,22.87
2016-08-26 06:00:00,24.18,26.74,27.7,19.23,24.92,22.16,24.11,24.37
2016-08-26 07:00:00,25.62,28.32,28.93,21.02,27.66,23.16,24.83,25.24
2016-08-26 08:00:00,28.1,30.74,31.29,23.5,28.58,24.32,25.94,25.38
2016-08-26 09:00:00,32.5,36.410000000000004,37.76,28.87,34.99,26.22,28.88,27.46
2016-08-26 10:00:00,34.52,38.550000000000004,39.78,30.82,38.47,28.5,32.92,28.96
2016-08-26 11:00:00,37.15,40.08,43.11,31.53,40.71,32.12,39.59,32.4
2016-08-26 12:00:00,40.72,44.68,45.68,35.050000000000004,45.13,36.300000000000004,46.83,35.65
2016-08-26 13:00:00,45.49,48.33,50.82,40.2,49.91,40.9,57.28,38.53
2016-08-26 14:00:00,47.7,51.9,53.31,42.22,52.72,41.34,61.21,42.75
2016-08-26 15:00:00,47.21,51.32,52.87,41.02,52.92,41.52,61.68,41.69
2016-08-26 16:00:00,43.36,46.82,48.26,38.08,48.89,37.160000000000004,56.52,38.03
2016-08-26 17:00:00,37.25,41.4,42.19,31.55,42.26,30.9,46.45,32.74
2016-08-26 18:00:00,34.230000000000004,37.9,38.5,30.11,38.28,29.33,37.53,30.07
2016-08-26 19:00:00,32.28,36.69,36.11,25.27,36.89,27.86,33.27,29.53
2016-08-26 20:00:00,30.3,34.83,34.89,23.76,32.22,27.16,30.32,28.74
2016-08-26 21:00:00,26.02,27.62,28.31,21.58,26.56,25.4,27.21,27.05
2016-08-26 22:00:00,23.46,26.0,26.04,19.3,25.18,23.66,25.85,26.03
2016-08-26 23:00:00,21.66,24.66,24.96,17.78,23.43,22.2,23.7,23.93
2016-08-27 00:00:00,21.33,24.77,28.94,17.82,21.05,21.07,21.81,22.04
2016-08-27 01:00:00,19.95,22.49,25.69,17.06,20.29,19.740000000000002,20.35,20.8
2016-08-27 02:00:00,18.7,20.75,24.07,16.37,17.66,18.17,19.580000000000002,19.990000000000002
2016-08-27 03:00:00,18.17,20.12,24.01,15.2,17.62,17.69,18.73,19.19
2016-08-27 04:00:00,18.88,20.86,26.64,15.57,17.19,18.02,19.03,19.57
2016-08-27 05:00:00,19.93,21.88,27.05,17.36,16.96,18.72,20.3,20.99
2016-08-27 06:00:00,20.65,23.12,28.78,17.98,17.75,19.0,19.81,20.42
2016-08-27 07:00:00,22.06,24.72,29.79,19.080000000000002,20.56,20.72,21.98,22.86
2016-08-27 08:00:00,24.7,27.2,32.52,19.04,25.68,22.04,24.39,24.66
2016-08-27 09:00:00,27.29,29.82,36.26,21.59,27.92,24.05,26.4,26.38
2016-08-27 10:00:00,29.5,33.06,40.31,23.13,30.91,25.98,28.71,28.58
2016-08-27 11:00:00,31.45,35.29,41.6,24.17,33.230000000000004,28.19,32.01,30.47
2016-08-27 12:00:00,34.410000000000004,38.74,46.19,27.69,36.31,30.03,36.07,31.96
2016-08-27 13:00:00,37.03,41.03,48.85,31.0,39.910000000000004,33.75,40.300000000000004,34.160000000000004
2016-08-27 14:00:00,38.64,43.03,51.26,31.21,42.51,35.050000000000004,42.98,34.89
2016-08-27 15:00:00,40.84,44.54,52.72,35.93,44.9,36.910000000000004,45.54,36.62
2016-08-27 16:00:00,39.64,43.41,50.42,35.65,43.68,35.59,43.97,33.69
2016-08-27 17:00:00,35.2,39.52,44.03,31.62,37.410000000000004,30.94,38.32,30.58
2016-08-27 18:00:00,32.730000000000004,35.550000000000004,39.24,29.56,34.93,28.3,32.59,32.07
2016-08-27 19:00:00,31.4,35.03,38.38,28.1,34.57,27.3,30.81,28.79
2016-08-27 20:00:00,29.68,32.4,38.83,25.54,29.54,26.31,29.07,28.34
2016-08-27 21:00:00,25.86,27.0,31.81,21.99,25.7,24.6,27.14,27.32
2016-08-27 22:00:00,23.58,25.52,29.22,21.07,24.56,23.54,25.18,24.84
2016-08-27 23:00:00,22.38,24.37,27.79,19.07,22.64,22.43,24.55,24.74
2016-08-28 00:00:00,20.51,24.12,24.03,17.91,21.46,20.61,22.63,22.52
2016-08-28 01:00:00,18.72,21.93,21.52,16.59,19.0,18.37,19.34,19.54
2016-08-28 02:00:00,17.11,20.7,19.990000000000002,14.39,16.45,16.330000000000002,17.0,17.97
2016-08-28 03:00:00,16.51,20.0,19.45,13.22,15.21,15.39,15.92,16.82
2016-08-28 04:00:00,16.66,20.13,19.63,12.4,15.66,15.65,16.48,17.06
2016-08-28 05:00:00,17.580000000000002,20.99,21.04,14.19,16.9,16.42,17.32,17.490000000000002
2016-08-28 06:00:00,17.35,20.34,22.03,14.0,15.54,17.34,17.98,18.37
2016-08-28 07:00:00,19.61,22.2,24.55,17.38,19.03,19.16,20.2,20.43
2016-08-28 08:00:00,22.78,25.61,28.1,18.54,22.13,22.19,23.79,24.52
2016-08-28 09:00:00,25.21,29.19,32.14,20.14,25.67,24.14,26.06,26.44
2016-08-28 10:00:00,26.96,31.54,33.99,20.7,28.83,26.08,27.34,27.98
2016-08-28 11:00:00,30.33,36.480000000000004,40.1,25.18,32.37,27.91,28.94,28.85
2016-08-28 12:00:00,33.980000000000004,40.550000000000004,43.38,27.91,36.04,29.7,32.43,29.89
2016-08-28 13:00:00,37.24,43.68,46.07,30.74,40.68,32.94,37.13,31.11
2016-08-28 14:00:00,39.68,46.62,46.96,32.06,44.91,35.2,42.29,33.0
2016-08-28 15:00:00,44.52,51.34,53.81,38.97,48.15,38.15,45.81,35.97
2016-08-28 16:00:00,44.25,49.31,52.31,47.82,45.68,36.85,44.11,32.0
2016-08-28 17:00:00,39.35,42.83,44.84,46.99,41.08,31.44,38.87,30.34
2016-08-28 18:00:00,36.17,40.19,42.22,41.0,35.230000000000004,29.12,33.82,29.5
2016-08-28 19:00:00,34.76,38.86,41.19,34.28,38.11,28.03,31.69,31.06
2016-08-28 20:00:00,31.89,36.660000000000004,40.18,32.14,31.95,27.24,29.53,28.89
2016-08-28 21:00:00,26.61,29.75,32.42,25.45,25.45,25.29,26.75,26.92
2016-08-28 22:00:00,23.76,27.07,27.46,20.95,24.99,23.87,25.57,25.94
2016-08-28 23:00:00,22.38,27.21,26.93,18.61,24.01,23.04,24.82,24.4
2016-08-29 00:00:00,20.38,23.8,25.05,17.36,20.38,20.18,22.14,22.04
2016-08-29 01:00:00,19.53,22.48,23.55,16.89,18.98,18.8,19.81,20.01
2016-08-29 02:00:00,18.44,21.44,22.21,15.25,18.32,17.97,18.78,19.78
2016-08-29 03:00:00,18.53,20.97,22.51,15.56,17.85,17.78,18.47,19.41
2016-08-29 04:00:00,19.830000000000002,21.91,24.5,16.7,19.66,19.330000000000002,20.47,21.02
2016-08-29 05:00:00,22.14,25.22,26.58,18.990000000000002,22.82,21.25,22.61,22.64
2016-08-29 06:00:00,23.69,26.69,30.08,19.53,23.26,21.9,23.28,23.4
2016-08-29 07:00:00,26.62,29.59,32.160000000000004,24.52,25.25,22.55,23.92,24.49
2016-08-29 08:00:00,29.54,33.14,36.62,30.67,25.68,23.72,25.12,27.08
2016-08-29 09:00:00,33.07,39.17,42.5,30.82,30.0,25.15,26.35,27.69
2016-08-29 10:00:00,36.32,43.57,46.39,36.78,34.47,26.55,27.69,28.87
2016-08-29 11:00:00,39.9,47.28,51.94,41.4,38.13,29.94,31.06,30.92
2016-08-29 12:00:00,45.05,52.62,63.04,46.76,41.51,34.68,36.22,35.980000000000004
2016-08-29 13:00:00,51.41,58.54,71.02,55.9,47.04,38.92,42.24,38.410000000000004
2016-08-29 14:00:00,54.95,62.93,74.05,59.95,51.38,41.6,46.69,42.98
2016-08-29 15:00:00,58.82,66.9,82.48,62.8,52.14,45.1,47.41,43.78
2016-08-29 16:00:00,54.19,62.75,73.22,58.77,47.17,41.09,43.15,38.37
2016-08-29 17:00:00,47.01,53.56,61.45,52.31,39.800000000000004,36.5,39.1,35.54
2016-08-29 18:00:00,42.81,48.5,54.33,45.61,39.75,32.87,35.2,34.37
2016-08-29 19:00:00,39.89,45.37,50.99,42.14,37.58,30.42,33.59,31.220000000000006
2016-08-29 20:00:00,36.76,42.62,47.12,39.86,31.51,27.42,29.46,29.06
2016-08-29 21:00:00,29.86,32.44,35.300000000000004,34.01,25.15,25.47,26.79,27.11
2016-08-29 22:00:00,25.54,28.54,29.86,26.7,23.14,23.85,25.03,25.58
2016-08-29 23:00:00,22.63,25.42,26.59,20.0,22.59,22.61,23.81,23.49
2016-08-30 00:00:00,21.61,23.71,26.73,19.34,20.89,19.87,21.38,21.71
2016-08-30 01:00:00,20.06,21.56,24.96,18.64,18.1,18.03,19.03,19.57
2016-08-30 02:00:00,18.48,20.43,23.32,17.09,15.38,15.860000000000003,16.28,16.65
2016-08-30 03:00:00,18.43,19.86,23.46,16.81,15.31,15.7,16.31,17.3
2016-08-30 04:00:00,19.67,20.8,25.4,17.61,18.23,17.6,18.47,18.39
2016-08-30 05:00:00,22.24,23.43,26.95,19.78,21.12,20.150000000000002,21.46,21.27
2016-08-30 06:00:00,24.7,27.68,30.58,22.84,24.29,21.0,21.82,21.77
2016-08-30 07:00:00,27.15,30.68,32.75,26.49,26.0,22.4,23.62,23.74
2016-08-30 08:00:00,30.62,35.75,38.64,30.77,29.0,24.55,25.21,25.49
2016-08-30 09:00:00,34.18,40.39,43.19,31.84,32.64,27.14,27.5,28.82
2016-08-30 10:00:00,37.37,45.6,49.0,36.14,35.1,28.1,29.73,29.86
2016-08-30 11:00:00,41.13,51.28,57.81,39.83,37.26,32.3,34.22,32.94
2016-08-30 12:00:00,46.82,58.54,64.62,46.13,42.65,35.730000000000004,38.410000000000004,39.07
2016-08-30 13:00:00,52.89,64.92,70.17,52.4,49.77,42.85,47.2,47.26
2016-08-30 14:00:00,57.18,71.93,74.0,57.26,54.57,46.06,50.68,50.67
2016-08-30 15:00:00,60.16,74.96000000000001,76.91,60.31,56.69,49.58,54.02,53.65
2016-08-30 16:00:00,55.5,70.37,71.49,54.83,51.87,45.99,49.93,48.81
2016-08-30 17:00:00,46.57,60.33,60.58,47.23,42.87,37.79,39.88,39.81
2016-08-30 18:00:00,42.08,53.68,54.63,42.19,38.57,32.93,34.5,34.910000000000004
2016-08-30 19:00:00,38.81,50.53,52.03,36.230000000000004,38.57,31.3,32.08,32.64
2016-08-30 20:00:00,35.19,45.42,45.99,32.01,33.78,28.53,29.55,29.45
2016-08-30 21:00:00,30.1,34.56,38.52,29.91,24.14,25.77,27.73,28.79
2016-08-30 22:00:00,25.34,27.47,29.21,24.22,24.5,24.43,26.21,27.3
2016-08-30 23:00:00,23.35,26.0,28.71,23.07,24.29,22.4,24.19,24.99
2016-08-31 00:00:00,21.32,23.3,26.09,18.96,22.48,20.74,21.63,22.12
2016-08-31 01:00:00,19.650000000000002,20.93,25.03,16.78,20.44,19.12,19.51,19.84
2016-08-31 02:00:00,18.52,19.31,23.42,15.85,18.91,17.84,18.71,19.150000000000002
2016-08-31 03:00:00,18.04,18.740000000000002,23.55,14.63,18.16,17.05,17.91,17.97
2016-08-31 04:00:00,19.25,20.02,25.39,16.15,19.240000000000002,17.77,18.62,19.09
2016-08-31 05:00:00,21.98,22.96,29.57,18.81,21.49,20.02,20.61,21.34
2016-08-31 06:00:00,23.35,24.43,29.75,21.16,22.53,21.53,22.74,22.88
2016-08-31 07:00:00,25.73,28.15,31.92,24.5,24.39,22.18,23.56,24.02
2016-08-31 08:00:00,28.19,31.09,33.84,27.38,26.89,23.56,25.47,25.64
2016-08-31 09:00:00,31.63,35.53,39.46,30.0,30.79,25.5,27.8,27.75
2016-08-31 10:00:00,34.08,39.14,41.85,33.25,32.8,27.34,29.78,30.0
2016-08-31 11:00:00,36.14,40.71,42.59,34.160000000000004,35.59,30.06,32.980000000000004,32.89
2016-08-31 12:00:00,38.980000000000004,43.2,43.48,38.5,38.74,33.34,35.77,39.95
2016-08-31 13:00:00,43.77,47.79,47.64,44.06,44.12,37.81,41.02,48.06
2016-08-31 14:00:00,46.94,52.12,52.12,47.23,46.69,42.01,45.17,52.07
2016-08-31 15:00:00,48.66,54.0,52.57,49.51,46.75,45.5,46.88,54.06
2016-08-31 16:00:00,44.12,48.68,49.06,44.21,41.77,42.67,43.63,50.38
2016-08-31 17:00:00,36.84,41.07,41.11,36.46,34.35,35.12,36.56,40.57
2016-08-31 18:00:00,34.88,38.660000000000004,39.4,34.75,32.29,31.13,33.01,33.59
2016-08-31 19:00:00,35.2,39.33,41.44,35.14,35.050000000000004,30.14,32.46,32.57
2016-08-31 20:00:00,31.74,35.63,37.01,32.38,29.43,27.91,30.26,30.16
2016-08-31 21:00:00,27.32,29.51,31.84,26.26,25.78,25.73,27.78,26.89
2016-08-31 22:00:00,24.09,25.09,28.04,21.84,25.07,24.35,26.49,26.46
2016-08-31 23:00:00,22.09,23.91,27.42,19.25,23.21,21.82,23.73,24.26
2016-09-01 00:00:00,19.87,20.69,22.59,17.46,20.67,20.3,22.0,21.8
2016-09-01 01:00:00,18.26,20.35,20.81,16.22,16.7,18.87,19.46,20.330000000000002
2016-09-01 02:00:00,17.51,19.05,20.13,15.29,15.8,18.11,18.54,19.07
2016-09-01 03:00:00,17.21,18.7,20.330000000000002,14.68,16.16,16.7,17.23,17.45
2016-09-01 04:00:00,17.98,18.900000000000002,21.9,14.7,18.16,17.400000000000002,18.03,18.21
2016-09-01 05:00:00,20.76,21.24,24.12,17.63,20.87,19.91,20.94,20.99
2016-09-01 06:00:00,22.01,22.63,24.93,19.59,23.38,21.52,22.48,23.14
2016-09-01 07:00:00,22.59,23.45,24.0,20.61,24.08,21.99,23.08,23.91
2016-09-01 08:00:00,24.18,23.79,26.66,19.81,25.22,23.11,25.12,25.86
2016-09-01 09:00:00,26.68,26.66,29.39,23.22,27.15,24.74,27.12,26.64
2016-09-01 10:00:00,28.1,27.36,29.39,23.26,27.74,26.63,28.03,28.26
2016-09-01 11:00:00,29.92,29.82,31.56,25.75,31.0,28.83,30.7,31.58
2016-09-01 12:00:00,32.44,30.99,34.0,28.79,33.79,34.17,36.14,40.09
2016-09-01 13:00:00,35.24,32.75,35.2,30.18,36.410000000000004,39.800000000000004,44.41,49.88
2016-09-01 14:00:00,36.92,34.22,35.980000000000004,32.21,37.5,42.96,49.05,55.0
2016-09-01 15:00:00,37.74,35.44,36.800000000000004,31.87,38.0,44.23,50.89,57.03
2016-09-01 16:00:00,35.44,33.52,35.18,27.85,36.14,42.63,47.67,53.38
2016-09-01 17:00:00,30.67,29.46,31.13,27.55,35.0,34.33,37.06,40.550000000000004
2016-09-01 18:00:00,29.06,28.57,31.23,25.39,32.42,30.69,32.35,33.54
2016-09-01 19:00:00,28.36,27.38,30.15,25.33,34.14,29.23,30.79,31.61
2016-09-01 20:00:00,25.51,25.65,29.12,20.69,31.31,27.33,28.43,29.15
2016-09-01 21:00:00,23.17,24.0,25.59,19.79,25.95,25.57,26.65,27.47
2016-09-01 22:00:00,21.58,22.44,24.34,18.56,22.4,23.97,25.7,26.42
2016-09-01 23:00:00,20.01,21.84,23.08,17.0,21.43,22.58,24.19,25.35
2016-09-02 00:00:00,17.79,19.82,21.5,12.54,19.11,19.72,22.55,24.33
2016-09-02 01:00:00,15.9,18.02,19.32,10.1,16.57,18.18,20.79,23.41
2016-09-02 02:00:00,14.95,16.740000000000002,18.77,8.9,15.26,16.84,19.650000000000002,22.13
2016-09-02 03:00:00,14.73,16.14,18.87,8.97,15.02,16.2,19.0,21.5
2016-09-02 04:00:00,15.9,17.29,20.89,9.870000000000001,16.34,17.81,19.01,20.73
2016-09-02 05:00:00,18.68,20.03,22.71,13.61,19.53,20.09,21.21,22.45
2016-09-02 06:00:00,20.73,21.95,23.44,16.89,22.24,22.2,23.07,23.94
2016-09-02 07:00:00,21.31,22.6,23.46,17.63,23.42,22.79,23.76,24.62
2016-09-02 08:00:00,22.59,23.84,24.32,19.47,25.65,23.56,24.67,25.55
2016-09-02 09:00:00,24.08,25.35,25.57,21.23,26.54,24.93,26.12,27.11
2016-09-02 10:00:00,25.08,26.33,27.15,22.09,26.83,26.11,27.46,28.0
2016-09-02 11:00:00,26.14,27.21,28.3,23.01,28.07,27.96,28.92,30.29
2016-09-02 12:00:00,27.33,28.48,29.69,23.88,29.62,30.27,31.11,32.94
2016-09-02 13:00:00,29.56,30.64,32.36,26.06,32.730000000000004,32.410000000000004,33.43,37.86
2016-09-02 14:00:00,29.98,31.01,32.46,25.99,34.02,32.36,39.0,40.6
2016-09-02 15:00:00,30.1,31.12,32.26,25.41,34.31,32.21,40.0,42.16
2016-09-02 16:00:00,28.94,30.33,31.63,23.5,32.02,30.9,38.480000000000004,40.56
2016-09-02 17:00:00,25.9,27.39,28.41,21.28,28.51,29.52,30.4,32.86
2016-09-02 18:00:00,25.1,26.28,27.07,21.24,26.86,27.87,28.52,30.15
2016-09-02 19:00:00,24.2,25.38,26.62,20.22,26.37,26.71,27.49,28.94
2016-09-02 20:00:00,23.17,24.59,26.53,19.06,24.86,25.31,26.21,27.38
2016-09-02 21:00:00,20.89,22.3,23.99,16.53,22.69,23.69,25.17,26.5
2016-09-02 22:00:00,18.88,20.89,22.66,13.22,20.29,21.82,23.36,25.19
2016-09-02 23:00:00,17.75,20.29,21.99,11.57,19.47,21.19,22.67,23.95
2016-09-03 00:00:00,14.79,17.61,17.86,11.13,14.23,18.150000000000002,20.56,22.0
2016-09-03 01:00:00,11.38,14.33,14.68,6.12,8.14,16.71,17.88,20.34
2016-09-03 02:00:00,9.81,12.5,12.99,5.39,5.63,15.37,16.16,18.76
2016-09-03 03:00:00,9.36,11.8,12.8,5.42,5.7,14.19,15.01,16.42
2016-09-03 04:00:00,9.97,12.39,14.57,5.35,6.12,15.57,14.8,16.77
2016-09-03 05:00:00,11.4,14.7,16.85,5.47,8.14,15.860000000000003,16.57,17.91
2016-09-03 06:00:00,13.66,16.13,17.72,7.1,14.49,17.81,18.080000000000002,19.22
2016-09-03 07:00:00,17.69,19.42,21.49,12.46,18.7,19.6,20.27,21.22
2016-09-03 08:00:00,20.22,21.53,22.72,16.61,21.6,21.54,22.67,23.42
2016-09-03 09:00:00,22.17,23.29,24.5,18.92,23.8,23.45,25.34,25.63
2016-09-03 10:00:00,23.16,24.28,25.52,19.5,24.77,24.87,26.81,27.02
2016-09-03 11:00:00,23.9,25.2,26.89,19.42,25.97,25.28,27.91,27.95
2016-09-03 12:00:00,24.76,26.05,27.92,19.7,26.92,26.46,29.99,30.55
2016-09-03 13:00:00,26.05,27.31,28.65,19.95,27.1,28.7,33.92,35.77
2016-09-03 14:00:00,26.9,27.97,29.13,20.09,28.36,30.34,36.02,39.85
2016-09-03 15:00:00,27.62,28.47,29.56,20.7,29.52,30.39,37.980000000000004,41.97
2016-09-03 16:00:00,27.59,28.45,29.47,20.95,30.39,29.88,37.0,38.87
2016-09-03 17:00:00,26.05,27.06,28.2,20.32,28.97,28.22,32.79,34.24
2016-09-03 18:00:00,24.89,26.07,27.62,19.95,26.59,26.3,30.0,29.75
2016-09-03 19:00:00,24.35,25.7,27.43,19.740000000000002,26.68,26.23,28.78,28.44
2016-09-03 20:00:00,23.3,24.65,26.36,19.12,25.61,25.39,27.63,27.72
2016-09-03 21:00:00,20.37,21.57,22.77,16.66,22.19,23.15,25.83,26.62
2016-09-03 22:00:00,18.080000000000002,20.62,21.86,13.98,19.32,21.47,23.67,25.5
2016-09-03 23:00:00,16.330000000000002,19.93,20.76,11.48,19.32,21.15,22.15,23.52
2016-09-04 00:00:00,12.27,15.96,15.09,8.22,13.83,17.62,17.76,20.69
2016-09-04 01:00:00,9.27,12.14,13.57,5.38,9.18,14.98,14.52,17.17
2016-09-04 02:00:00,8.05,10.41,12.72,5.24,7.24,12.86,12.51,15.32
2016-09-04 03:00:00,7.46,9.66,12.32,4.5,6.43,12.1,12.0,15.08
2016-09-04 04:00:00,7.9300000000000015,10.58,12.85,5.37,7.31,12.36,12.04,13.55
2016-09-04 05:00:00,8.65,11.27,13.23,5.44,8.47,13.13,12.51,15.47
2016-09-04 06:00:00,9.790000000000001,12.15,14.59,5.45,10.54,14.05,13.53,15.63
2016-09-04 07:00:00,15.15,17.55,17.92,11.03,17.39,18.97,19.34,21.02
2016-09-04 08:00:00,19.52,20.63,21.53,15.09,21.0,21.84,23.14,24.06
2016-09-04 09:00:00,21.06,22.31,23.49,17.36,22.83,23.53,24.96,25.44
2016-09-04 10:00:00,22.8,24.27,25.81,18.73,24.93,24.98,26.74,27.03
2016-09-04 11:00:00,23.6,25.17,26.56,19.13,25.67,25.07,27.74,27.72
2016-09-04 12:00:00,24.29,26.19,27.47,19.43,26.65,26.45,29.82,29.36
2016-09-04 13:00:00,25.52,27.1,28.49,19.88,30.54,28.14,32.77,31.21
2016-09-04 14:00:00,26.12,28.09,29.27,19.78,32.45,29.31,34.32,32.46
2016-09-04 15:00:00,26.65,29.08,29.74,19.78,32.34,30.6,35.95,33.92
2016-09-04 16:00:00,27.06,29.64,30.29,20.0,36.0,30.1,35.37,33.09
2016-09-04 17:00:00,26.12,28.52,29.36,19.79,34.42,28.19,32.74,31.0
2016-09-04 18:00:00,25.1,27.63,28.93,18.94,33.54,26.29,29.91,28.61
2016-09-04 19:00:00,24.83,27.47,28.76,19.22,32.54,26.27,29.09,28.31
2016-09-04 20:00:00,22.58,26.0,27.56,17.53,27.44,25.86,27.93,28.02
2016-09-04 21:00:00,19.45,23.44,24.22,12.88,23.34,24.48,26.19,26.58
2016-09-04 22:00:00,16.98,22.26,21.26,10.68,20.31,22.97,23.45,25.82
2016-09-04 23:00:00,15.19,20.52,20.53,8.43,18.240000000000002,21.49,22.09,24.34
2016-09-05 00:00:00,12.58,17.77,16.09,5.63,16.15,20.17,20.41,23.2
2016-09-05 01:00:00,11.7,16.57,16.23,5.53,14.36,18.400000000000002,17.91,21.04
2016-09-05 02:00:00,10.51,14.95,14.64,5.68,12.76,16.56,16.05,19.17
2016-09-05 03:00:00,9.98,14.08,13.74,5.67,12.08,15.69,15.19,18.240000000000002
2016-09-05 04:00:00,10.11,14.33,13.81,5.64,12.42,15.59,15.2,18.17
2016-09-05 05:00:00,11.51,15.48,16.01,5.67,13.46,16.740000000000002,16.47,18.88
2016-09-05 06:00:00,13.18,15.82,17.44,6.53,14.95,18.17,18.09,20.25
2016-09-05 07:00:00,17.41,19.42,20.29,12.44,19.11,20.26,21.04,22.03
2016-09-05 08:00:00,20.49,22.11,22.94,16.77,22.14,22.39,23.93,24.06
2016-09-05 09:00:00,22.19,23.99,24.44,18.09,24.11,24.07,25.77,26.44
2016-09-05 10:00:00,23.74,25.31,25.8,19.79,25.37,25.53,27.51,27.8
2016-09-05 11:00:00,26.1,27.21,28.98,23.03,33.87,26.29,29.57,29.3
2016-09-05 12:00:00,27.37,28.23,29.67,24.07,31.9,28.05,31.96,32.47
2016-09-05 13:00:00,29.46,30.81,31.48,26.67,35.74,30.6,35.27,35.0
2016-09-05 14:00:00,30.52,31.77,32.69,27.45,42.29,31.36,36.89,35.89
2016-09-05 15:00:00,32.910000000000004,34.17,35.62,30.43,46.81,33.34,39.300000000000004,37.44
2016-09-05 16:00:00,33.3,34.61,35.87,31.24,51.49,34.15,39.660000000000004,38.13
2016-09-05 17:00:00,30.92,33.05,33.02,31.55,41.0,30.0,35.93,33.44
2016-09-05 18:00:00,29.5,31.16,31.69,29.32,41.28,29.34,33.22,31.92
2016-09-05 19:00:00,28.87,31.6,31.92,27.61,43.66,28.5,31.04,31.65
2016-09-05 20:00:00,26.82,30.04,29.59,27.35,32.12,26.04,28.6,28.86
2016-09-05 21:00:00,23.93,26.19,26.61,21.43,25.61,24.83,26.11,28.55
2016-09-05 22:00:00,20.86,23.76,24.67,18.59,25.47,22.61,23.75,26.6
2016-09-05 23:00:00,19.97,23.17,23.38,18.69,21.74,22.57,23.48,25.7
2016-09-06 00:00:00,19.38,22.48,22.94,17.3,21.36,20.18,23.07,24.78
2016-09-06 01:00:00,18.69,21.34,22.63,16.91,20.3,19.98,21.15,23.69
2016-09-06 02:00:00,18.19,20.47,22.26,16.07,19.47,19.43,19.94,22.31
2016-09-06 03:00:00,18.12,19.92,22.48,16.05,19.07,18.53,19.830000000000002,21.69
2016-09-06 04:00:00,18.85,20.54,23.06,16.98,19.79,19.09,20.47,21.48
2016-09-06 05:00:00,22.6,23.94,27.12,19.740000000000002,25.91,20.34,23.39,24.4
2016-09-06 06:00:00,25.14,26.76,28.58,22.44,29.85,24.02,25.15,25.88
2016-09-06 07:00:00,26.1,28.06,30.11,24.62,29.32,23.82,25.6,25.73
2016-09-06 08:00:00,29.09,30.8,34.13,28.0,33.31,23.41,26.9,25.96
2016-09-06 09:00:00,31.92,34.69,38.92,28.0,40.1,24.71,28.75,27.44
2016-09-06 10:00:00,36.34,40.47,44.74,31.0,48.57,25.32,33.24,28.6
2016-09-06 11:00:00,38.68,42.74,47.61,32.75,50.03,25.42,38.72,29.64
2016-09-06 12:00:00,44.3,48.76,54.59,35.77,61.42,27.81,47.12,33.6
2016-09-06 13:00:00,49.16,53.65,60.0,38.910000000000004,65.28,30.24,58.47,37.78
2016-09-06 14:00:00,52.34,56.22,63.61,39.93,70.58,32.47,65.0,39.87
2016-09-06 15:00:00,55.75,59.68,66.39,43.48,76.84,34.24,75.92,43.08
2016-09-06 16:00:00,51.49,55.84,62.13,40.02,70.61,31.58,70.71000000000001,39.9
2016-09-06 17:00:00,43.67,47.89,52.24,38.51,61.82,35.22,41.96,37.12
2016-09-06 18:00:00,40.64,44.53,47.82,36.0,55.63,31.52,37.97,33.910000000000004
2016-09-06 19:00:00,40.02,43.48,47.42,37.61,59.57,30.83,36.63,33.77
2016-09-06 20:00:00,35.69,39.07,43.98,35.28,46.93,28.4,31.54,30.09
2016-09-06 21:00:00,29.36,31.68,34.5,26.07,30.65,26.37,28.27,28.32
2016-09-06 22:00:00,25.22,27.64,29.34,23.37,26.2,23.34,25.3,26.13
2016-09-06 23:00:00,23.02,25.94,26.54,19.76,24.89,22.7,24.28,24.49
2016-09-07 00:00:00,22.29,24.37,28.21,19.400000000000002,22.26,21.2,22.73,23.47
2016-09-07 01:00:00,21.25,22.93,27.07,17.78,21.36,19.98,20.67,21.51
2016-09-07 02:00:00,20.14,21.34,26.38,17.150000000000002,19.7,19.03,19.64,20.71
2016-09-07 03:00:00,20.150000000000002,21.38,26.45,16.71,19.77,18.68,19.37,20.38
2016-09-07 04:00:00,20.88,22.52,27.35,17.11,20.42,19.330000000000002,20.19,21.35
2016-09-07 05:00:00,24.29,25.97,31.82,19.56,23.5,21.62,22.9,23.29
2016-09-07 06:00:00,27.37,28.32,35.5,21.5,29.35,23.18,24.18,23.65
2016-09-07 07:00:00,28.57,29.4,36.660000000000004,23.57,32.1,23.81,24.99,24.13
2016-09-07 08:00:00,31.84,33.54,40.910000000000004,27.89,39.89,24.66,26.89,25.27
2016-09-07 09:00:00,35.7,40.0,50.73,28.0,45.23,25.74,29.12,27.06
2016-09-07 10:00:00,39.050000000000004,45.57,56.0,26.57,53.96,28.2,31.74,29.57
2016-09-07 11:00:00,41.91,49.2,60.16,28.5,59.0,30.8,36.28,31.86
2016-09-07 12:00:00,48.36,58.39,71.07000000000001,35.21,65.47,35.42,42.13,36.36
2016-09-07 13:00:00,54.02,64.15,77.74,41.89,74.76,39.08,46.76,39.86
2016-09-07 14:00:00,57.91,68.86,81.5,40.85,79.47,43.73,52.52,44.66
2016-09-07 15:00:00,60.78,71.31,83.0,45.65,82.99,44.62,53.9,45.63
2016-09-07 16:00:00,54.88,64.71000000000001,75.0,39.65,78.95,40.68,49.77,40.82
2016-09-07 17:00:00,45.47,50.21,62.0,36.43,63.05,33.39,40.6,33.33
2016-09-07 18:00:00,42.17,44.79,55.94,36.0,57.86,30.98,36.83,32.06
2016-09-07 19:00:00,40.47,43.78,53.17,33.0,58.63,29.6,35.410000000000004,30.970000000000006
2016-09-07 20:00:00,35.9,37.77,49.86,29.0,46.04,28.49,31.99,29.55
2016-09-07 21:00:00,29.69,30.52,36.26,26.65,29.93,25.64,28.79,26.76
2016-09-07 22:00:00,25.7,27.68,30.65,23.66,26.06,23.55,25.22,25.76
2016-09-07 23:00:00,23.68,26.11,29.49,20.19,24.25,21.66,23.39,23.7
2016-09-08 00:00:00,21.17,24.32,24.95,16.75,24.55,21.21,23.4,23.4
2016-09-08 01:00:00,19.62,22.45,22.95,13.06,22.72,20.82,21.74,22.33
2016-09-08 02:00:00,18.62,21.03,21.62,12.0,21.31,19.73,20.54,21.2
2016-09-08 03:00:00,18.51,20.83,21.19,12.55,20.82,19.66,20.68,21.61
2016-09-08 04:00:00,19.68,21.81,24.02,12.62,23.47,20.56,21.64,21.95
2016-09-08 05:00:00,23.81,23.84,31.76,17.48,30.05,22.33,24.51,22.97
2016-09-08 06:00:00,25.39,24.97,33.1,20.32,31.23,23.31,25.71,24.34
2016-09-08 07:00:00,26.34,26.09,33.5,22.07,32.29,24.04,25.84,24.65
2016-09-08 08:00:00,29.18,31.19,36.06,22.99,37.54,24.06,26.85,25.51
2016-09-08 09:00:00,33.22,36.95,42.59,25.97,46.31,25.56,29.12,27.92
2016-09-08 10:00:00,35.660000000000004,42.89,44.95,26.43,52.19,25.63,33.21,29.36
2016-09-08 11:00:00,38.11,45.0,48.72,29.15,55.9,27.4,38.21,32.49
2016-09-08 12:00:00,41.9,50.17,54.11,29.99,61.42,29.85,45.39,36.89
2016-09-08 13:00:00,46.61,57.46,57.2,32.42,66.18,33.51,50.8,41.42
2016-09-08 14:00:00,50.69,60.32,59.88,34.13,70.14,35.550000000000004,55.86,44.53
2016-09-08 15:00:00,52.04,62.16,60.39,34.83,70.99,36.95,57.79,45.46
2016-09-08 16:00:00,45.97,54.63,54.06,29.52,63.68,31.5,50.88,39.9
2016-09-08 17:00:00,39.42,49.57,45.12,29.76,53.1,28.38,43.28,34.01
2016-09-08 18:00:00,36.550000000000004,47.69,39.28,30.32,46.0,26.84,38.49,31.12
2016-09-08 19:00:00,36.19,47.78,39.1,28.69,45.44,26.71,37.04,30.38
2016-09-08 20:00:00,33.34,38.78,38.550000000000004,26.18,39.53,26.31,34.32,29.69
2016-09-08 21:00:00,27.7,31.32,30.5,22.24,29.77,25.0,29.08,26.79
2016-09-08 22:00:00,24.16,26.26,26.17,21.44,25.83,22.89,25.2,25.29
2016-09-08 23:00:00,22.15,24.69,24.57,19.35,24.12,21.89,23.51,23.6
2016-09-09 00:00:00,21.35,23.75,25.0,18.580000000000002,24.28,19.55,24.38,23.79
2016-09-09 01:00:00,19.69,22.35,22.74,17.06,22.28,17.94,22.0,22.7
2016-09-09 02:00:00,18.76,20.93,21.63,15.82,21.14,17.03,21.05,20.97
2016-09-09 03:00:00,18.490000000000002,20.63,21.39,15.42,20.87,17.38,20.67,20.59
2016-09-09 04:00:00,19.57,21.59,23.53,15.95,22.94,17.94,22.06,21.73
2016-09-09 05:00:00,22.72,26.4,26.92,18.5,26.63,20.1,24.84,24.31
2016-09-09 06:00:00,23.98,24.86,28.53,19.990000000000002,28.63,21.06,25.39,24.75
2016-09-09 07:00:00,24.13,24.25,28.47,20.63,28.0,21.16,24.76,24.68
2016-09-09 08:00:00,26.59,24.73,32.17,21.77,31.25,21.97,26.61,26.22
2016-09-09 09:00:00,29.57,29.16,37.44,22.29,36.54,23.21,29.52,28.3
2016-09-09 10:00:00,32.43,30.47,41.57,23.03,40.0,22.89,32.94,29.82
2016-09-09 11:00:00,34.78,32.72,45.5,24.17,43.99,22.84,37.14,32.78
2016-09-09 12:00:00,38.5,37.0,50.57,28.28,49.11,25.0,43.48,36.97
2016-09-09 13:00:00,43.49,41.58,57.44,30.47,54.42,29.33,51.57,44.46
2016-09-09 14:00:00,44.58,40.93,58.0,30.18,55.16,30.19,54.93,48.01
2016-09-09 15:00:00,43.61,41.62,56.98,26.73,54.31,29.48,57.4,48.05
2016-09-09 16:00:00,39.01,38.57,51.44,24.5,49.03,26.11,50.0,42.68
2016-09-09 17:00:00,33.0,32.86,43.6,22.88,41.76,22.9,40.78,34.660000000000004
2016-09-09 18:00:00,30.45,31.51,39.84,21.87,37.57,23.86,35.910000000000004,29.3
2016-09-09 19:00:00,29.41,29.75,39.42,21.68,36.84,23.16,34.2,29.25
2016-09-09 20:00:00,26.47,27.31,33.55,20.89,32.57,22.69,30.41,27.83
2016-09-09 21:00:00,23.5,25.62,27.78,19.46,27.03,21.86,28.07,26.4
2016-09-09 22:00:00,21.23,25.29,24.54,18.48,24.15,21.42,24.98,25.6
2016-09-09 23:00:00,19.56,24.14,23.44,16.09,23.09,20.35,24.2,24.81
2016-09-10 00:00:00,16.78,21.74,21.04,13.73,20.96,20.93,23.23,22.76
2016-09-10 01:00:00,15.05,19.900000000000002,19.21,11.57,19.12,20.06,21.51,21.35
2016-09-10 02:00:00,13.83,18.78,17.71,9.97,17.68,19.69,20.400000000000002,20.45
2016-09-10 03:00:00,13.52,18.28,17.67,9.620000000000001,17.51,19.400000000000002,19.96,20.16
2016-09-10 04:00:00,14.3,18.98,18.41,11.19,18.06,19.26,20.0,19.92
2016-09-10 05:00:00,15.01,19.900000000000002,19.42,12.05,18.95,19.740000000000002,20.68,20.48
2016-09-10 06:00:00,15.99,19.89,19.25,12.25,19.18,19.82,20.84,20.6
2016-09-10 07:00:00,18.29,21.74,21.33,17.03,21.05,20.7,21.93,21.63
2016-09-10 08:00:00,20.58,22.76,24.22,19.17,23.82,21.71,23.56,23.14
2016-09-10 09:00:00,22.88,24.47,26.93,20.42,28.08,23.1,26.67,25.77
2016-09-10 10:00:00,23.8,25.71,27.78,20.58,30.2,23.98,28.49,27.25
2016-09-10 11:00:00,24.37,26.6,28.73,20.57,31.24,23.57,30.21,28.76
2016-09-10 12:00:00,25.15,26.64,29.5,20.02,32.7,23.56,33.18,30.58
2016-09-10 13:00:00,26.18,27.16,30.17,20.400000000000002,32.8,25.02,38.78,34.300000000000004
2016-09-10 14:00:00,26.89,27.77,29.95,21.44,33.57,25.39,41.3,35.800000000000004
2016-09-10 15:00:00,27.23,27.92,30.0,22.0,32.21,26.12,43.64,37.4
2016-09-10 16:00:00,27.23,28.04,29.93,22.53,31.17,24.89,39.87,34.39
2016-09-10 17:00:00,26.42,27.03,29.22,23.08,28.68,25.56,34.01,30.75
2016-09-10 18:00:00,25.92,27.01,27.76,23.62,26.79,24.64,30.71,29.07
2016-09-10 19:00:00,25.6,27.08,27.53,23.13,27.14,24.5,29.68,28.53
2016-09-10 20:00:00,23.73,24.77,24.7,22.02,24.69,23.51,28.5,26.51
2016-09-10 21:00:00,21.92,23.32,22.96,20.0,22.79,22.19,27.18,25.52
2016-09-10 22:00:00,19.57,21.64,20.91,17.41,20.86,22.44,25.16,24.89
2016-09-10 23:00:00,18.48,20.97,20.29,15.98,20.26,21.54,23.78,23.55
2016-09-11 00:00:00,16.46,17.23,19.18,12.14,19.14,20.45,22.86,21.21
2016-09-11 01:00:00,14.03,15.02,16.82,5.77,16.82,19.5,20.71,20.240000000000002
2016-09-11 02:00:00,12.74,13.28,15.1,4.65,15.19,18.78,19.86,19.52
2016-09-11 03:00:00,11.99,12.53,14.69,4.65,14.72,17.69,18.93,18.07
2016-09-11 04:00:00,11.92,13.01,15.26,4.57,15.31,17.69,18.87,18.07
2016-09-11 05:00:00,12.89,15.01,16.95,4.7700000000000005,17.03,18.44,19.5,19.01
2016-09-11 06:00:00,14.15,14.77,17.830000000000002,5.34,18.18,19.94,21.1,20.43
2016-09-11 07:00:00,17.36,18.98,20.6,12.02,20.65,20.26,21.88,21.39
2016-09-11 08:00:00,20.73,20.55,22.87,17.95,23.6,21.2,23.76,22.78
2016-09-11 09:00:00,22.77,22.48,24.92,18.62,25.87,23.23,26.19,24.83
2016-09-11 10:00:00,22.76,23.38,25.45,17.97,26.93,23.96,27.45,25.81
2016-09-11 11:00:00,22.97,23.74,27.54,17.44,28.21,24.64,29.14,27.02
2016-09-11 12:00:00,24.02,25.44,29.31,18.29,30.14,24.51,31.55,28.68
2016-09-11 13:00:00,24.77,26.99,30.74,17.330000000000002,29.22,26.38,36.58,33.15
2016-09-11 14:00:00,25.31,27.45,31.23,18.06,29.77,25.64,38.12,33.33
2016-09-11 15:00:00,26.33,27.77,32.94,18.75,30.51,27.82,40.34,34.35
2016-09-11 16:00:00,26.42,29.27,32.22,18.740000000000002,29.87,27.83,38.71,34.87
2016-09-11 17:00:00,24.98,26.97,29.67,18.42,27.35,26.14,34.64,31.94
2016-09-11 18:00:00,24.21,26.26,27.74,18.43,26.77,24.77,32.57,30.34
2016-09-11 19:00:00,25.46,29.93,29.7,18.94,29.44,26.46,33.32,30.99
2016-09-11 20:00:00,22.03,25.64,25.83,16.75,25.96,24.61,28.85,27.43
2016-09-11 21:00:00,19.47,22.56,23.16,13.99,23.4,23.9,27.4,25.89
2016-09-11 22:00:00,16.13,19.77,21.05,9.35,21.18,23.48,25.15,23.89
2016-09-11 23:00:00,14.76,18.29,20.34,7.98,20.52,21.68,23.33,22.36
2016-09-12 00:00:00,12.74,18.02,17.490000000000002,5.1000000000000005,17.490000000000002,20.34,22.04,20.87
2016-09-12 01:00:00,11.74,16.5,15.860000000000003,4.86,15.87,19.3,20.36,19.740000000000002
2016-09-12 02:00:00,10.81,15.0,14.7,4.63,14.71,18.32,19.14,18.740000000000002
2016-09-12 03:00:00,10.95,14.11,14.96,4.57,14.97,17.81,18.68,18.23
2016-09-12 04:00:00,13.42,14.54,18.1,6.58,18.22,18.68,19.5,19.41
2016-09-12 05:00:00,17.86,17.63,22.41,8.64,27.4,21.67,22.91,22.46
2016-09-12 06:00:00,21.93,19.650000000000002,24.05,17.97,27.0,22.29,24.6,23.84
2016-09-12 07:00:00,21.9,21.1,23.61,18.72,25.49,22.49,24.71,23.79
2016-09-12 08:00:00,23.15,23.27,25.15,20.21,28.31,23.51,26.07,25.04
2016-09-12 09:00:00,24.74,24.75,26.19,21.14,31.68,24.84,27.8,26.72
2016-09-12 10:00:00,26.37,26.5,27.74,22.86,36.37,25.88,29.34,28.13
2016-09-12 11:00:00,27.85,27.1,30.11,23.43,35.9,27.99,32.79,30.64
2016-09-12 12:00:00,29.93,29.89,31.96,26.72,41.71,29.89,37.65,34.0
2016-09-12 13:00:00,32.63,32.49,33.96,30.49,44.63,32.03,45.13,41.74
2016-09-12 14:00:00,34.02,34.06,35.06,31.51,49.54,33.96,48.79,44.22
2016-09-12 15:00:00,37.17,37.47,37.77,33.71,50.11,40.0,55.21,49.99
2016-09-12 16:00:00,35.27,36.11,36.01,31.57,50.11,38.74,51.73,47.09
2016-09-12 17:00:00,30.99,31.42,31.73,28.94,44.17,31.16,39.88,37.12
2016-09-12 18:00:00,29.78,30.35,30.67,26.57,42.45,29.37,35.550000000000004,32.09
2016-09-12 19:00:00,30.970000000000006,31.59,31.94,28.57,50.11,29.56,35.64,32.61
2016-09-12 20:00:00,26.76,27.95,27.18,25.19,37.25,26.38,30.16,28.69
2016-09-12 21:00:00,23.85,25.1,24.91,21.01,27.21,24.42,27.9,26.57
2016-09-12 22:00:00,22.16,23.65,23.96,19.84,24.36,23.24,26.24,25.22
2016-09-12 23:00:00,20.95,22.86,23.16,19.1,22.83,22.07,24.31,23.7
2016-09-13 00:00:00,17.13,12.86,20.3,13.64,21.97,20.0,21.98,20.88
2016-09-13 01:00:00,15.72,12.62,19.14,10.79,20.43,19.22,20.36,20.02
2016-09-13 02:00:00,14.84,11.18,17.63,10.9,18.96,18.13,19.16,18.72
2016-09-13 03:00:00,15.34,10.35,18.69,11.69,20.37,17.73,18.64,18.55
2016-09-13 04:00:00,17.3,11.21,20.85,12.96,22.88,19.18,20.38,20.26
2016-09-13 05:00:00,21.63,14.06,25.92,16.87,28.22,22.75,24.33,23.96
2016-09-13 06:00:00,23.12,16.47,26.79,20.54,27.88,23.28,25.5,24.95
2016-09-13 07:00:00,23.25,19.740000000000002,26.55,20.77,27.36,23.65,26.86,25.24
2016-09-13 08:00:00,24.57,22.75,27.75,21.38,28.38,23.95,27.87,26.19
2016-09-13 09:00:00,26.34,23.57,29.11,22.57,30.65,25.52,29.91,28.13
2016-09-13 10:00:00,27.98,24.93,31.18,23.47,33.99,28.16,32.74,29.08
2016-09-13 11:00:00,30.32,27.82,35.0,24.4,37.13,31.15,36.79,31.81
2016-09-13 12:00:00,33.75,31.71,39.38,25.37,41.82,34.7,43.0,36.96
2016-09-13 13:00:00,39.01,36.5,46.41,29.15,48.6,40.6,51.09,45.68
2016-09-13 14:00:00,42.64,40.4,52.52,30.24,53.5,45.21,58.04,51.48
2016-09-13 15:00:00,42.69,42.3,52.33,29.22,54.36,41.45,56.92,50.39
2016-09-13 16:00:00,38.58,37.21,46.45,25.61,48.61,39.12,52.33,46.62
2016-09-13 17:00:00,32.910000000000004,33.47,36.550000000000004,23.23,44.23,33.52,42.35,38.44
2016-09-13 18:00:00,31.46,31.45,34.1,23.78,41.55,31.78,37.42,32.76
2016-09-13 19:00:00,35.15,33.34,39.83,27.96,45.5,33.08,38.2,34.87
2016-09-13 20:00:00,28.53,27.57,31.2,24.69,34.29,27.95,31.67,29.98
2016-09-13 21:00:00,25.57,24.57,26.81,22.82,27.89,25.71,29.29,27.61
2016-09-13 22:00:00,22.81,22.45,25.15,20.39,25.63,22.63,26.07,25.72
2016-09-13 23:00:00,21.58,21.07,24.13,18.76,24.63,21.45,24.49,23.78
2016-09-14 00:00:00,19.45,19.47,21.26,17.21,21.03,19.94,22.33,21.81
2016-09-14 01:00:00,18.13,17.87,19.76,16.01,19.54,19.54,20.87,20.76
2016-09-14 02:00:00,17.080000000000002,16.56,18.42,15.38,18.38,18.55,19.63,19.68
2016-09-14 03:00:00,17.6,17.11,19.01,15.77,18.95,18.240000000000002,19.38,19.44
2016-09-14 04:00:00,19.41,19.01,21.1,16.77,20.89,19.73,20.97,21.07
2016-09-14 05:00:00,22.87,22.91,25.28,19.69,28.21,22.69,24.27,24.22
2016-09-14 06:00:00,25.79,23.95,29.6,22.79,29.93,24.63,26.75,26.1
2016-09-14 07:00:00,25.35,24.59,28.05,22.84,28.97,24.68,27.48,26.75
2016-09-14 08:00:00,27.03,24.53,31.05,22.56,31.11,25.32,27.99,27.17
2016-09-14 09:00:00,29.09,26.0,34.46,22.59,33.730000000000004,28.04,30.85,29.05
2016-09-14 10:00:00,31.25,29.13,36.18,24.75,36.27,29.94,32.82,31.29
2016-09-14 11:00:00,33.78,31.27,40.300000000000004,25.04,40.01,31.96,37.11,33.0
2016-09-14 12:00:00,36.52,35.88,42.05,24.33,42.44,36.35,42.23,38.910000000000004
2016-09-14 13:00:00,41.46,41.53,47.71,28.12,47.92,40.1,48.87,46.54
2016-09-14 14:00:00,44.82,44.8,51.58,28.54,52.06,41.31,55.49,54.52
2016-09-14 15:00:00,44.61,46.6,50.42,25.22,51.64,38.93,59.05,59.41
2016-09-14 16:00:00,40.99,45.05,45.52,24.53,47.44,34.82,54.06,55.0
2016-09-14 17:00:00,35.38,37.54,38.660000000000004,21.75,39.02,36.21,49.32,41.39
2016-09-14 18:00:00,33.58,35.67,37.02,22.6,37.83,34.69,42.09,36.62
2016-09-14 19:00:00,35.81,38.75,41.48,23.65,41.59,36.28,42.34,37.56
2016-09-14 20:00:00,28.97,30.23,31.26,20.8,32.6,29.58,34.0,31.19
2016-09-14 21:00:00,25.12,26.25,27.06,19.97,26.71,26.73,30.36,28.79
2016-09-14 22:00:00,21.92,23.27,24.27,17.86,23.96,22.83,25.7,26.52
2016-09-14 23:00:00,20.95,20.82,22.82,16.13,23.18,22.25,24.94,24.57
2016-09-15 00:00:00,19.72,20.0,21.59,15.05,21.77,21.22,23.13,22.76
2016-09-15 01:00:00,18.2,18.490000000000002,20.04,12.01,20.25,20.18,21.77,21.79
2016-09-15 02:00:00,17.16,17.59,18.900000000000002,11.0,19.06,19.490000000000002,20.56,20.68
2016-09-15 03:00:00,17.6,17.79,19.22,12.11,19.42,18.86,19.96,20.080000000000002
2016-09-15 04:00:00,18.87,19.490000000000002,21.31,13.09,21.18,20.04,21.06,21.06
2016-09-15 05:00:00,22.29,22.77,24.86,18.28,24.61,22.74,24.0,23.9
2016-09-15 06:00:00,24.32,24.14,27.28,20.46,26.76,24.38,26.84,26.32
2016-09-15 07:00:00,24.71,24.88,27.14,21.26,26.7,24.75,27.43,26.58
2016-09-15 08:00:00,25.8,25.83,28.67,21.24,29.85,25.62,28.53,27.48
2016-09-15 09:00:00,27.09,26.68,29.95,22.67,31.48,25.5,29.77,28.62
2016-09-15 10:00:00,28.0,28.68,30.92,23.01,32.51,27.3,32.79,31.23
2016-09-15 11:00:00,30.44,31.61,33.7,23.72,35.04,29.86,38.04,35.61
2016-09-15 12:00:00,33.660000000000004,37.88,36.800000000000004,24.35,38.93,33.31,43.92,41.66
2016-09-15 13:00:00,38.4,44.11,42.75,26.8,45.0,37.11,52.67,50.0
2016-09-15 14:00:00,42.25,48.09,46.94,29.21,48.77,39.56,60.01,59.12
2016-09-15 15:00:00,44.06,49.0,48.94,29.28,51.23,37.46,65.57000000000001,63.72
2016-09-15 16:00:00,40.54,44.58,43.74,27.38,45.57,34.57,59.63,57.92
2016-09-15 17:00:00,34.0,38.31,36.52,25.06,37.58,32.24,46.72,44.12
2016-09-15 18:00:00,31.86,35.39,34.68,24.51,35.68,31.31,40.050000000000004,37.03
2016-09-15 19:00:00,32.230000000000004,37.31,35.92,24.87,36.97,31.25,39.46,36.76
2016-09-15 20:00:00,26.94,29.58,28.66,23.32,29.56,27.29,32.85,30.87
2016-09-15 21:00:00,24.18,25.99,26.13,21.67,25.66,25.76,29.92,28.74
2016-09-15 22:00:00,21.84,23.37,23.86,19.73,23.51,22.56,26.82,26.81
2016-09-15 23:00:00,20.89,22.25,23.49,17.69,23.22,21.68,24.46,24.51
2016-09-16 00:00:00,19.490000000000002,20.3,21.71,15.83,21.64,20.49,22.45,22.29
2016-09-16 01:00:00,17.44,17.150000000000002,18.85,14.24,18.91,19.830000000000002,21.02,21.13
2016-09-16 02:00:00,16.75,16.36,17.92,13.63,18.1,19.12,20.5,20.57
2016-09-16 03:00:00,17.17,16.61,18.67,13.83,18.73,18.89,19.98,19.990000000000002
2016-09-16 04:00:00,18.93,18.91,20.9,14.67,20.97,19.71,20.77,20.86
2016-09-16 05:00:00,21.61,21.6,23.76,17.52,23.9,21.26,23.18,23.33
2016-09-16 06:00:00,24.56,21.82,26.78,21.06,26.84,23.71,25.91,25.78
2016-09-16 07:00:00,24.38,22.81,25.94,21.49,25.63,23.61,26.05,25.86
2016-09-16 08:00:00,25.76,25.48,28.22,21.58,28.45,24.99,27.65,27.0
2016-09-16 09:00:00,27.48,27.49,30.05,23.92,30.42,25.54,28.84,28.09
2016-09-16 10:00:00,29.31,29.41,32.67,26.15,32.88,26.71,31.0,29.42
2016-09-16 11:00:00,31.82,31.7,36.19,26.54,36.18,28.83,34.01,32.63
2016-09-16 12:00:00,35.550000000000004,36.08,40.63,28.72,40.69,31.67,40.49,38.67
2016-09-16 13:00:00,39.18,41.77,44.84,30.63,45.81,34.52,45.78,43.73
2016-09-16 14:00:00,43.49,45.42,50.43,32.0,50.58,39.22,51.78,48.58
2016-09-16 15:00:00,43.16,45.89,49.05,30.02,50.42,36.7,52.6,49.61
2016-09-16 16:00:00,39.660000000000004,42.11,45.58,24.89,46.49,34.54,48.01,45.32
2016-09-16 17:00:00,32.75,34.730000000000004,37.04,21.84,38.230000000000004,28.9,37.550000000000004,34.980000000000004
2016-09-16 18:00:00,31.07,32.51,35.12,22.83,35.86,25.46,33.730000000000004,31.96
2016-09-16 19:00:00,30.83,32.74,35.02,22.11,36.0,27.76,33.36,31.8
2016-09-16 20:00:00,26.97,28.73,30.3,20.83,29.9,26.54,30.16,29.1
2016-09-16 21:00:00,24.4,24.76,26.5,20.75,25.82,24.89,28.19,27.6
2016-09-16 22:00:00,22.75,23.43,24.94,19.79,24.6,22.51,25.45,25.37
2016-09-16 23:00:00,21.62,22.14,23.66,17.57,23.53,21.25,23.84,23.88
2016-09-17 00:00:00,20.17,21.23,22.94,15.64,22.8,19.92,23.07,22.86
2016-09-17 01:00:00,18.990000000000002,20.01,21.67,14.27,21.39,18.75,21.58,21.54
2016-09-17 02:00:00,18.03,18.84,20.23,13.22,19.97,18.1,20.48,20.57
2016-09-17 03:00:00,17.48,18.0,19.68,12.26,19.69,17.75,20.21,20.37
2016-09-17 04:00:00,18.04,18.51,20.400000000000002,12.28,20.47,18.27,20.81,20.96
2016-09-17 05:00:00,19.400000000000002,20.17,21.93,14.27,21.6,19.490000000000002,21.96,21.98
2016-09-17 06:00:00,20.27,21.47,22.95,16.13,22.54,20.67,22.57,22.6
2016-09-17 07:00:00,21.9,23.28,24.68,18.56,24.04,21.79,23.85,23.69
2016-09-17 08:00:00,23.72,24.39,26.87,20.03,26.55,22.79,25.32,25.11
2016-09-17 09:00:00,25.86,26.4,28.81,22.16,28.64,25.27,28.41,28.01
2016-09-17 10:00:00,28.24,29.19,31.64,23.96,31.26,27.18,30.7,29.66
2016-09-17 11:00:00,29.44,30.95,33.55,24.2,33.04,28.49,32.99,32.01
2016-09-17 12:00:00,31.73,34.550000000000004,36.75,25.11,36.02,31.64,35.89,34.35
2016-09-17 13:00:00,33.32,35.0,37.46,26.4,36.9,33.38,39.43,37.35
2016-09-17 14:00:00,36.14,37.4,40.08,28.97,40.12,36.25,43.49,41.22
2016-09-17 15:00:00,37.13,38.75,41.88,28.48,41.94,37.050000000000004,45.58,42.85
2016-09-17 16:00:00,36.08,38.26,40.01,28.03,39.78,35.28,43.73,41.05
2016-09-17 17:00:00,32.52,34.21,36.12,26.78,35.5,31.65,36.730000000000004,35.1
2016-09-17 18:00:00,31.6,33.19,35.06,27.43,34.45,30.15,33.99,32.62
2016-09-17 19:00:00,31.02,32.32,33.82,27.23,33.6,29.47,33.92,32.85
2016-09-17 20:00:00,27.45,28.78,30.15,23.33,29.36,26.32,30.14,29.01
2016-09-17 21:00:00,24.98,25.9,27.27,21.34,26.71,24.36,28.11,27.47
2016-09-17 22:00:00,22.93,24.08,25.37,19.76,24.9,23.52,25.57,25.34
2016-09-17 23:00:00,21.46,21.96,23.18,17.56,23.28,22.45,24.67,24.57
2016-09-18 00:00:00,19.66,20.56,21.54,15.25,21.58,22.31,23.46,23.52
2016-09-18 01:00:00,17.93,19.19,20.22,12.19,20.2,20.32,21.46,21.55
2016-09-18 02:00:00,16.5,17.19,18.04,11.18,18.13,19.45,20.5,20.72
2016-09-18 03:00:00,15.95,16.67,17.990000000000002,10.49,18.07,18.57,19.82,19.36
2016-09-18 04:00:00,15.9,17.21,18.78,7.69,18.88,19.2,20.48,20.01
2016-09-18 05:00:00,16.35,18.07,19.53,7.8,19.6,20.13,21.21,21.19
2016-09-18 06:00:00,16.96,20.23,21.91,7.67,21.58,20.18,22.24,21.86
2016-09-18 07:00:00,19.45,21.6,23.51,12.67,23.23,22.09,23.32,23.5
2016-09-18 08:00:00,21.67,23.24,25.18,15.91,24.89,24.08,26.09,25.7
2016-09-18 09:00:00,23.42,25.21,27.43,17.02,27.55,25.02,28.12,27.57
2016-09-18 10:00:00,25.07,27.62,29.76,17.62,30.06,25.88,30.55,28.81
2016-09-18 11:00:00,26.15,29.6,31.28,16.79,32.05,27.93,33.94,32.52
2016-09-18 12:00:00,28.51,32.99,34.76,19.0,34.59,31.54,39.17,36.53
2016-09-18 13:00:00,31.18,36.47,39.75,19.740000000000002,39.02,33.39,46.41,42.5
2016-09-18 14:00:00,34.56,41.64,42.93,20.19,42.56,37.910000000000004,55.64,49.8
2016-09-18 15:00:00,35.88,43.01,44.41,20.39,44.15,39.14,56.64,51.08
2016-09-18 16:00:00,36.95,43.56,45.83,22.42,44.99,37.75,59.85,54.38
2016-09-18 17:00:00,32.34,37.32,39.07,22.26,38.33,32.67,47.68,44.06
2016-09-18 18:00:00,30.28,34.81,36.49,21.36,36.25,31.49,41.16,38.480000000000004
2016-09-18 19:00:00,31.3,35.480000000000004,37.480000000000004,25.01,37.04,33.27,40.9,38.160000000000004
2016-09-18 20:00:00,25.45,29.02,29.51,19.580000000000002,30.15,27.11,32.85,30.31
2016-09-18 21:00:00,23.25,26.74,27.48,18.37,26.94,24.8,28.94,28.47
2016-09-18 22:00:00,20.330000000000002,23.07,23.09,16.67,22.99,21.82,25.59,25.29
2016-09-18 23:00:00,19.16,22.59,23.09,13.1,22.88,21.59,25.11,24.93
2016-09-19 00:00:00,18.39,19.79,20.77,12.92,20.73,20.68,23.08,22.74
2016-09-19 01:00:00,17.740000000000002,18.36,19.17,12.75,19.13,20.02,21.08,21.17
2016-09-19 02:00:00,17.25,17.56,18.85,12.96,18.75,18.740000000000002,19.8,19.91
2016-09-19 03:00:00,18.06,17.79,19.330000000000002,14.65,19.22,19.14,20.04,20.22
2016-09-19 04:00:00,19.91,20.34,22.36,15.42,21.97,20.91,22.03,22.04
2016-09-19 05:00:00,24.4,25.8,28.37,19.2,28.2,24.5,26.82,26.6
2016-09-19 06:00:00,26.61,28.42,31.69,20.92,32.6,26.18,27.77,27.33
2016-09-19 07:00:00,27.01,28.5,31.11,21.57,30.67,26.21,27.9,27.63
2016-09-19 08:00:00,28.73,31.56,33.480000000000004,20.46,32.95,27.06,29.27,28.75
2016-09-19 09:00:00,31.02,37.43,35.56,21.22,35.9,30.48,31.6,29.83
2016-09-19 10:00:00,34.89,41.36,39.96,24.08,40.39,34.28,37.27,35.62
2016-09-19 11:00:00,38.5,46.82,44.09,25.48,48.21,40.29,45.9,40.27
2016-09-19 12:00:00,42.17,51.82,47.92,27.05,55.26,48.82,51.24,45.71
2016-09-19 13:00:00,48.38,61.51,56.29,30.51,66.0,47.27,59.71,50.0
2016-09-19 14:00:00,55.27,69.74,62.5,36.43,75.39,50.71,72.91,59.01
2016-09-19 15:00:00,58.58,72.06,65.39,38.52,77.25,56.9,80.36,64.98
2016-09-19 16:00:00,53.75,65.29,59.99,37.57,69.74,50.02,72.38,59.19
2016-09-19 17:00:00,44.77,53.83,50.32,31.84,61.68,36.63,49.21,45.84
2016-09-19 18:00:00,39.43,45.22,44.99,29.23,51.33,32.55,41.39,38.04
2016-09-19 19:00:00,39.800000000000004,45.12,45.77,29.42,52.46,31.49,40.14,37.07
2016-09-19 20:00:00,34.82,37.07,39.980000000000004,25.73,39.11,27.02,35.910000000000004,33.3
2016-09-19 21:00:00,29.61,31.2,32.6,22.56,32.31,25.77,30.87,29.21
2016-09-19 22:00:00,25.46,26.08,27.57,21.63,26.87,24.81,27.11,26.53
2016-09-19 23:00:00,23.11,24.35,25.35,19.580000000000002,24.86,21.75,24.87,25.08
2016-09-20 00:00:00,20.7,21.53,22.54,18.51,22.53,22.55,24.04,24.17
2016-09-20 01:00:00,19.54,20.48,21.41,17.11,21.07,21.54,22.55,22.6
2016-09-20 02:00:00,18.72,19.35,20.32,16.23,20.29,20.92,22.02,22.01
2016-09-20 03:00:00,18.77,19.830000000000002,20.74,16.53,20.39,20.62,21.78,21.77
2016-09-20 04:00:00,20.16,21.29,22.16,17.53,21.92,20.81,23.06,23.12
2016-09-20 05:00:00,24.12,27.23,27.06,19.75,27.01,22.6,25.81,26.03
2016-09-20 06:00:00,26.99,28.92,29.84,22.87,31.71,25.75,26.92,26.84
2016-09-20 07:00:00,26.58,28.89,29.3,22.4,30.94,25.25,26.63,27.06
2016-09-20 08:00:00,28.55,33.3,31.61,23.72,33.75,26.94,28.84,28.17
2016-09-20 09:00:00,31.49,37.04,35.68,25.72,36.54,28.57,32.25,30.1
2016-09-20 10:00:00,36.11,42.97,40.82,29.58,41.36,29.88,36.64,33.3
2016-09-20 11:00:00,39.63,47.95,45.29,30.45,47.13,34.49,43.56,39.45
2016-09-20 12:00:00,45.27,53.01,51.06,32.52,52.02,34.18,52.33,46.04
2016-09-20 13:00:00,51.16,60.57,56.99,35.660000000000004,60.37,38.49,63.35,55.81
2016-09-20 14:00:00,60.37,71.49,67.78,43.11,71.11,48.56,75.95,67.58
2016-09-20 15:00:00,63.09,78.17,72.37,45.52,76.68,50.62,83.21,74.55
2016-09-20 16:00:00,56.63,68.24,63.63,39.79,71.0,47.84,75.68,68.58
2016-09-20 17:00:00,45.57,53.23,52.1,33.32,58.99,35.92,57.36,50.6
2016-09-20 18:00:00,39.92,46.15,46.85,30.54,52.36,33.88,45.26,40.67
2016-09-20 19:00:00,38.0,43.63,43.99,29.72,49.19,32.5,42.28,38.31
2016-09-20 20:00:00,32.84,35.17,36.43,27.23,39.0,27.77,36.08,32.37
2016-09-20 21:00:00,27.87,29.53,30.69,22.98,32.57,26.92,32.04,29.73
2016-09-20 22:00:00,22.86,25.37,24.87,19.31,24.87,24.41,27.7,27.37
2016-09-20 23:00:00,21.24,23.15,23.68,17.87,23.56,22.61,25.2,25.87
2016-09-21 00:00:00,19.2,20.34,21.37,15.98,21.27,20.42,22.85,22.83
2016-09-21 01:00:00,18.1,19.330000000000002,20.21,14.22,20.05,19.84,21.76,21.71
2016-09-21 02:00:00,16.79,17.990000000000002,18.77,12.65,18.740000000000002,18.89,20.7,20.67
2016-09-21 03:00:00,17.03,17.97,19.22,13.25,19.02,18.97,20.69,20.59
2016-09-21 04:00:00,19.21,20.2,22.04,15.08,21.89,20.17,21.99,21.94
2016-09-21 05:00:00,22.79,25.01,27.19,18.1,26.96,21.69,25.03,24.92
2016-09-21 06:00:00,24.47,27.42,28.51,20.12,28.83,23.46,25.92,25.83
2016-09-21 07:00:00,25.45,27.28,28.5,21.5,28.11,23.63,26.16,25.96
2016-09-21 08:00:00,27.43,29.92,30.93,22.45,32.22,25.13,27.73,27.25
2016-09-21 09:00:00,31.29,35.15,36.480000000000004,24.6,38.31,27.3,30.47,29.62
2016-09-21 10:00:00,35.33,40.75,41.37,27.53,43.7,29.48,33.59,32.55
2016-09-21 11:00:00,38.800000000000004,44.84,44.59,29.98,48.29,35.04,39.86,38.35
2016-09-21 12:00:00,43.44,53.17,49.86,31.33,54.94,65.27,45.9,44.51
2016-09-21 13:00:00,51.41,66.0,61.08,33.88,67.77,76.67,54.67,52.36
2016-09-21 14:00:00,60.08,75.73,72.68,37.89,80.18,81.34,66.64,70.28
2016-09-21 15:00:00,62.95,78.16,75.54,38.89,84.33,61.02,74.44,79.39
2016-09-21 16:00:00,57.54,72.06,70.38,34.13,77.9,60.0,68.12,67.81
2016-09-21 17:00:00,46.02,54.01,52.94,30.68,60.51,35.88,50.69,49.19
2016-09-21 18:00:00,39.6,45.17,46.05,27.18,50.75,32.11,41.41,39.910000000000004
2016-09-21 19:00:00,39.45,45.0,47.44,28.23,49.8,32.82,38.62,36.160000000000004
2016-09-21 20:00:00,32.81,36.08,36.81,25.51,35.910000000000004,30.47,34.33,32.39
2016-09-21 21:00:00,26.96,29.35,29.86,21.3,29.54,28.3,30.59,29.06
2016-09-21 22:00:00,22.45,23.92,24.32,19.5,24.2,23.73,27.1,27.59
2016-09-21 23:00:00,21.21,23.24,24.14,17.67,23.54,22.49,25.27,25.77
2016-09-22 00:00:00,18.96,20.55,21.11,14.58,20.89,22.67,23.19,23.27
2016-09-22 01:00:00,17.240000000000002,18.740000000000002,19.2,12.55,19.19,21.37,21.61,21.65
2016-09-22 02:00:00,16.37,17.63,18.080000000000002,12.0,17.89,20.74,20.63,20.63
2016-09-22 03:00:00,16.82,18.37,19.53,12.21,18.86,20.78,20.88,20.75
2016-09-22 04:00:00,18.830000000000002,20.31,21.26,14.4,20.92,21.57,21.96,21.91
2016-09-22 05:00:00,23.01,26.31,27.18,18.43,26.46,23.97,25.15,24.89
2016-09-22 06:00:00,24.88,27.13,27.74,20.66,32.32,24.34,25.75,25.51
2016-09-22 07:00:00,24.65,26.44,27.32,20.61,31.0,23.87,25.28,25.13
2016-09-22 08:00:00,27.34,29.66,30.79,22.96,35.9,25.07,27.97,27.15
2016-09-22 09:00:00,30.96,33.38,35.45,24.85,42.22,26.6,31.34,29.74
2016-09-22 10:00:00,34.410000000000004,38.0,40.62,26.56,50.0,28.32,34.35,32.31
2016-09-22 11:00:00,38.54,42.65,45.7,28.5,57.96,31.61,39.22,36.24
2016-09-22 12:00:00,43.75,51.26,53.01,27.73,65.05,36.53,46.6,42.83
2016-09-22 13:00:00,50.65,60.91,61.14,28.92,78.60000000000001,40.6,54.79,51.55
2016-09-22 14:00:00,58.65,70.99,70.88,32.68,89.58,47.2,65.0,60.66
2016-09-22 15:00:00,61.74,72.27,73.92,31.67,92.14,52.47,71.78,67.02
2016-09-22 16:00:00,55.4,67.22,67.88,28.13,86.01,45.89,63.29,59.2
2016-09-22 17:00:00,45.61,53.6,56.34,26.06,71.63,35.5,47.47,44.29
2016-09-22 18:00:00,40.65,47.18,50.43,26.33,63.89,31.09,39.18,37.11
2016-09-22 19:00:00,39.61,46.14,49.1,26.26,59.78,30.18,38.160000000000004,35.99
2016-09-22 20:00:00,31.69,34.43,35.21,24.19,40.43,28.18,33.5,30.41
2016-09-22 21:00:00,26.41,28.3,29.57,20.330000000000002,31.11,26.2,30.74,29.58
2016-09-22 22:00:00,22.8,24.98,25.85,18.43,24.93,24.37,27.34,27.82
2016-09-22 23:00:00,21.45,23.58,24.06,16.77,23.58,23.7,25.75,26.19
2016-09-23 00:00:00,19.84,22.28,22.99,15.54,22.47,21.69,24.36,24.44
2016-09-23 01:00:00,18.21,20.080000000000002,20.54,14.1,20.17,20.96,22.7,22.72
2016-09-23 02:00:00,17.11,18.89,19.55,12.11,19.150000000000002,20.06,21.41,21.32
2016-09-23 03:00:00,17.51,19.71,20.46,12.86,19.990000000000002,20.09,21.46,21.36
2016-09-23 04:00:00,19.09,22.09,22.85,14.26,22.26,20.49,22.76,22.44
2016-09-23 05:00:00,23.2,27.11,27.83,18.080000000000002,27.08,22.91,26.25,25.78
2016-09-23 06:00:00,24.88,28.11,29.38,19.68,30.79,24.38,26.93,26.68
2016-09-23 07:00:00,25.02,29.01,29.43,20.37,29.04,23.1,26.71,26.6
2016-09-23 08:00:00,26.82,30.14,31.26,21.36,32.0,24.04,28.32,27.56
2016-09-23 09:00:00,30.4,34.54,35.88,23.88,37.03,27.22,31.720000000000006,30.26
2016-09-23 10:00:00,33.15,37.74,38.44,26.12,42.0,28.13,34.96,33.4
2016-09-23 11:00:00,36.93,40.78,43.58,27.57,48.73,29.16,40.22,38.63
2016-09-23 12:00:00,40.96,47.32,48.43,28.82,55.0,33.79,46.91,43.79
2016-09-23 13:00:00,46.0,53.85,54.14,28.44,61.12,36.77,53.65,50.76
2016-09-23 14:00:00,53.57,65.37,63.43,31.64,69.28,44.23,65.05,60.86
2016-09-23 15:00:00,54.46,66.89,63.81,30.96,72.0,49.0,71.27,66.79
2016-09-23 16:00:00,48.19,59.64,55.92,26.47,63.87,42.54,63.43,59.09
2016-09-23 17:00:00,38.14,43.49,44.09,22.16,60.0,31.86,49.01,45.79
2016-09-23 18:00:00,33.83,38.64,39.33,21.92,51.75,28.39,43.09,36.17
2016-09-23 19:00:00,32.480000000000004,37.64,38.02,21.17,49.06,28.76,41.42,34.72
2016-09-23 20:00:00,26.75,30.43,30.59,17.650000000000002,35.49,26.82,35.49,31.13
2016-09-23 21:00:00,24.18,27.65,28.64,16.6,30.65,28.23,31.66,31.12
2016-09-23 22:00:00,21.8,25.97,26.39,15.82,25.77,25.81,30.59,28.91
2016-09-23 23:00:00,19.51,25.47,24.88,11.71,24.36,24.27,27.71,26.85
2016-09-24 00:00:00,19.1,20.89,27.83,10.71,21.6,23.73,25.11,25.01
2016-09-24 01:00:00,17.05,19.5,23.4,8.45,19.73,23.02,24.07,24.27
2016-09-24 02:00:00,16.12,18.27,22.03,7.45,18.86,22.24,22.64,22.52
2016-09-24 03:00:00,15.55,17.61,21.93,6.81,18.57,21.9,22.24,22.16
2016-09-24 04:00:00,16.36,18.71,24.7,6.95,19.95,21.48,22.51,22.17
2016-09-24 05:00:00,17.78,19.21,28.19,8.09,21.12,21.74,23.21,22.79
2016-09-24 06:00:00,18.27,22.99,24.64,8.07,27.97,22.75,23.31,23.42
2016-09-24 07:00:00,20.5,23.86,26.17,12.35,31.2,23.51,24.25,24.39
2016-09-24 08:00:00,23.05,26.48,27.91,17.04,35.0,26.14,27.08,27.51
2016-09-24 09:00:00,25.06,27.24,29.63,17.75,41.37,27.52,29.39,29.03
2016-09-24 10:00:00,26.56,29.29,31.05,17.25,46.55,28.57,31.74,30.75
2016-09-24 11:00:00,28.78,31.73,34.07,16.42,54.4,30.91,35.82,35.27
2016-09-24 12:00:00,31.75,34.660000000000004,37.04,17.55,57.46,35.25,44.42,42.23
2016-09-24 13:00:00,34.480000000000004,38.07,40.42,18.28,61.65,39.01,50.5,47.63
2016-09-24 14:00:00,39.51,43.17,46.19,20.12,69.48,48.04,61.13,57.88
2016-09-24 15:00:00,42.03,45.86,48.24,21.04,72.66,51.13,65.0,61.73
2016-09-24 16:00:00,39.83,43.36,45.43,20.88,69.42,47.87,60.48,57.11
2016-09-24 17:00:00,34.46,37.15,39.94,19.95,59.86,40.03,48.33,46.29
2016-09-24 18:00:00,31.6,33.76,36.61,20.51,58.13,34.28,39.82,37.6
2016-09-24 19:00:00,30.48,32.79,35.42,20.51,54.16,32.5,37.19,35.53
2016-09-24 20:00:00,25.97,27.52,29.73,19.04,40.14,28.21,32.1,31.16
2016-09-24 21:00:00,23.8,25.41,26.76,18.16,32.37,27.41,30.01,30.2
2016-09-24 22:00:00,22.21,23.18,27.13,17.04,23.95,25.58,27.79,27.79
2016-09-24 23:00:00,20.54,22.39,24.24,14.07,22.81,25.74,27.01,26.84
2016-09-25 00:00:00,18.93,20.38,20.48,14.11,20.31,23.16,23.75,24.02
2016-09-25 01:00:00,17.740000000000002,18.97,19.06,13.38,18.93,21.35,21.81,22.05
2016-09-25 02:00:00,16.95,18.36,18.5,12.22,18.36,19.94,21.18,20.63
2016-09-25 03:00:00,16.31,17.77,18.32,11.48,17.89,19.41,20.16,20.2
2016-09-25 04:00:00,16.580000000000002,18.04,18.39,12.0,18.17,19.51,20.39,20.45
2016-09-25 05:00:00,17.490000000000002,19.2,19.7,12.03,19.36,20.16,21.21,21.28
2016-09-25 06:00:00,17.66,19.57,20.0,11.56,19.79,21.22,21.81,22.04
2016-09-25 07:00:00,19.04,21.43,21.75,12.68,21.3,21.84,23.07,23.15
2016-09-25 08:00:00,20.91,23.9,23.95,13.75,23.3,24.63,25.73,26.39
2016-09-25 09:00:00,22.49,25.3,25.42,14.22,25.17,27.68,28.0,28.03
2016-09-25 10:00:00,23.79,27.03,27.19,13.59,27.45,29.4,30.99,30.28
2016-09-25 11:00:00,25.53,29.53,30.09,12.58,32.77,31.53,34.12,33.42
2016-09-25 12:00:00,27.45,31.71,31.82,12.5,35.69,36.32,39.42,37.68
2016-09-25 13:00:00,29.51,34.79,34.56,12.43,39.08,38.550000000000004,46.76,41.99
2016-09-25 14:00:00,33.65,38.96,40.46,14.05,45.43,44.35,62.7,52.71
2016-09-25 15:00:00,35.44,41.07,43.06,13.13,49.0,48.78,65.52,56.41
2016-09-25 16:00:00,35.550000000000004,41.93,43.09,15.18,48.48,48.57,60.37,53.3
2016-09-25 17:00:00,32.58,36.77,38.86,17.35,43.15,42.87,50.48,45.77
2016-09-25 18:00:00,31.08,34.88,37.12,18.830000000000002,40.4,38.4,43.2,40.6
2016-09-25 19:00:00,31.14,34.78,36.99,19.91,41.76,36.980000000000004,41.97,39.51
2016-09-25 20:00:00,24.96,27.35,29.01,16.95,28.76,30.25,32.53,31.6
2016-09-25 21:00:00,22.6,24.99,25.81,15.03,25.4,29.01,30.06,29.36
2016-09-25 22:00:00,19.96,22.11,22.78,12.7,22.16,26.09,27.13,27.63
2016-09-25 23:00:00,18.42,21.3,22.12,9.18,21.57,24.78,25.73,25.74
2016-09-26 00:00:00,17.01,18.69,20.76,9.47,19.21,23.44,24.26,24.35
2016-09-26 01:00:00,15.51,17.01,19.490000000000002,7.92,17.79,21.82,22.22,22.28
2016-09-26 02:00:00,14.61,15.26,19.16,7.23,16.36,20.94,21.65,21.5
2016-09-26 03:00:00,14.91,15.32,20.8,7.5,16.580000000000002,20.69,21.43,21.15
2016-09-26 04:00:00,17.03,18.04,25.78,8.9,19.18,21.6,22.84,22.39
2016-09-26 05:00:00,22.49,21.03,39.13,14.63,26.54,25.66,26.24,26.48
2016-09-26 06:00:00,24.14,27.02,32.1,16.81,30.47,26.72,27.55,27.64
2016-09-26 07:00:00,23.74,25.38,29.28,17.68,29.8,27.7,27.85,28.2
2016-09-26 08:00:00,24.5,27.14,30.0,19.5,29.06,27.92,28.39,28.65
2016-09-26 09:00:00,25.77,28.77,31.8,19.81,31.81,29.3,30.03,29.85
2016-09-26 10:00:00,26.37,29.57,32.13,20.03,34.33,28.45,32.11,31.1
2016-09-26 11:00:00,28.21,32.47,34.45,19.68,37.81,32.12,39.53,37.78
2016-09-26 12:00:00,29.13,33.56,35.0,19.5,40.39,35.47,45.5,41.97
2016-09-26 13:00:00,30.33,34.06,35.800000000000004,19.12,42.3,36.22,54.61,47.77
2016-09-26 14:00:00,31.89,35.37,37.22,19.87,45.44,38.0,63.7,53.94
2016-09-26 15:00:00,33.34,36.36,38.02,19.93,44.83,39.29,73.12,59.55
2016-09-26 16:00:00,32.17,35.81,36.54,19.85,43.29,39.38,67.02,55.83
2016-09-26 17:00:00,30.46,33.37,33.22,20.25,39.78,38.0,54.34,45.54
2016-09-26 18:00:00,29.65,31.86,32.31,22.42,37.84,34.27,41.19,37.2
2016-09-26 19:00:00,30.05,32.56,33.38,24.12,37.74,32.38,38.36,36.39
2016-09-26 20:00:00,25.54,27.57,28.12,21.31,29.14,27.94,32.85,31.0
2016-09-26 21:00:00,23.1,24.84,24.47,19.0,24.82,28.81,30.78,29.53
2016-09-26 22:00:00,21.56,23.5,29.45,15.93,23.07,27.24,29.21,28.81
2016-09-26 23:00:00,19.900000000000002,22.91,24.22,13.8,21.9,26.17,26.62,26.45
2016-09-27 00:00:00,14.88,18.37,17.62,6.86,16.6,22.93,23.22,23.49
2016-09-27 01:00:00,13.2,14.92,14.66,6.96,13.23,21.23,21.9,21.78
2016-09-27 02:00:00,12.04,13.5,13.4,5.61,11.88,19.91,20.82,20.73
2016-09-27 03:00:00,12.86,15.04,14.46,5.6,13.65,19.92,20.54,20.67
2016-09-27 04:00:00,16.75,19.650000000000002,20.45,9.48,19.89,20.41,21.66,21.61
2016-09-27 05:00:00,22.18,23.7,27.18,16.43,28.72,24.6,25.53,25.42
2016-09-27 06:00:00,24.6,26.93,27.77,19.67,31.75,27.23,27.08,27.27
2016-09-27 07:00:00,24.18,25.13,26.24,20.56,27.96,25.72,26.92,27.26
2016-09-27 08:00:00,24.85,25.8,26.43,21.47,28.25,26.54,27.69,27.29
2016-09-27 09:00:00,25.79,26.93,27.55,22.86,29.15,27.57,28.83,28.64
2016-09-27 10:00:00,26.53,28.09,28.71,23.02,32.3,27.55,30.43,29.1
2016-09-27 11:00:00,27.92,30.61,30.06,23.21,34.78,30.24,33.79,32.58
2016-09-27 12:00:00,28.26,32.79,30.95,21.62,38.34,26.51,39.94,35.82
2016-09-27 13:00:00,29.98,33.83,34.21,20.240000000000002,39.88,31.84,46.36,41.09
2016-09-27 14:00:00,31.25,34.02,35.230000000000004,20.18,42.75,35.6,53.39,46.52
2016-09-27 15:00:00,31.61,34.49,34.44,19.82,44.0,30.44,55.56,46.93
2016-09-27 16:00:00,30.83,33.3,33.21,20.69,43.38,29.59,51.94,44.55
2016-09-27 17:00:00,29.91,32.25,31.7,23.28,39.49,29.26,41.73,37.69
2016-09-27 18:00:00,30.0,31.36,31.83,26.26,37.56,27.54,35.64,33.5
2016-09-27 19:00:00,31.44,33.19,33.63,27.81,38.58,29.54,34.99,33.53
2016-09-27 20:00:00,26.26,27.12,27.82,23.66,29.17,26.53,30.69,29.57
2016-09-27 21:00:00,24.25,26.28,25.96,20.39,26.17,25.69,29.08,28.37
2016-09-27 22:00:00,21.76,24.18,23.76,17.3,23.28,22.6,26.02,25.96
2016-09-27 23:00:00,20.21,22.29,22.22,14.94,22.19,21.6,24.05,23.92
2016-09-28 00:00:00,17.66,18.71,19.26,13.06,19.22,19.77,21.6,21.24
2016-09-28 01:00:00,16.35,16.830000000000002,18.06,12.36,17.18,19.11,20.52,20.37
2016-09-28 02:00:00,15.74,16.28,17.29,11.76,17.34,18.06,19.12,19.1
2016-09-28 03:00:00,16.34,16.98,18.28,12.13,18.580000000000002,18.03,19.12,19.11
2016-09-28 04:00:00,19.05,19.57,21.24,14.43,21.57,19.97,21.11,21.09
2016-09-28 05:00:00,23.72,24.24,26.52,19.71,27.49,23.37,25.28,25.11
2016-09-28 06:00:00,26.15,27.67,28.62,22.64,28.93,26.16,27.96,27.43
2016-09-28 07:00:00,25.17,26.11,27.5,22.04,27.72,25.13,27.37,26.43
2016-09-28 08:00:00,26.15,28.93,28.12,24.26,29.19,25.36,27.93,26.43
2016-09-28 09:00:00,27.35,28.96,29.42,24.03,31.57,26.81,32.37,28.45
2016-09-28 10:00:00,28.18,29.89,30.59,24.37,33.67,27.6,35.7,28.84
2016-09-28 11:00:00,28.94,30.52,31.27,24.86,34.81,28.73,43.13,29.67
2016-09-28 12:00:00,30.38,31.75,32.43,25.71,35.86,31.99,50.26,32.910000000000004
2016-09-28 13:00:00,32.04,32.0,32.3,26.1,37.0,35.39,67.71000000000001,38.050000000000004
2016-09-28 14:00:00,33.43,32.33,33.25,25.96,38.59,37.25,88.88,40.5
2016-09-28 15:00:00,33.93,32.83,33.34,25.41,38.49,38.79,92.9,43.75
2016-09-28 16:00:00,33.69,32.31,32.25,25.88,37.300000000000004,39.06,97.99,41.0
2016-09-28 17:00:00,31.62,31.59,31.24,25.65,34.74,36.04,68.62,36.85
2016-09-28 18:00:00,30.93,31.29,31.71,27.15,34.02,32.29,47.97,33.57
2016-09-28 19:00:00,31.14,31.220000000000006,31.99,26.92,36.660000000000004,31.35,48.0,33.0
2016-09-28 20:00:00,26.89,27.1,27.06,23.46,28.38,28.01,45.27,29.28
2016-09-28 21:00:00,24.22,24.99,24.84,21.12,25.76,26.44,32.3,27.53
2016-09-28 22:00:00,21.65,21.55,22.49,18.87,24.01,25.17,27.1,26.58
2016-09-28 23:00:00,20.28,20.71,21.51,16.86,22.92,21.45,24.74,24.43
2016-09-29 00:00:00,19.57,22.14,21.05,16.55,20.6,21.51,24.28,24.18
2016-09-29 01:00:00,18.900000000000002,20.77,20.62,16.26,20.02,20.77,23.52,23.46
2016-09-29 02:00:00,18.5,20.75,20.080000000000002,15.89,20.1,20.17,22.46,22.41
2016-09-29 03:00:00,18.95,21.27,20.69,16.34,21.08,19.76,21.95,21.92
2016-09-29 04:00:00,20.55,22.5,22.41,17.84,23.54,20.43,22.68,22.62
2016-09-29 05:00:00,25.2,26.32,27.58,22.83,29.98,23.96,26.49,26.48
2016-09-29 06:00:00,28.21,28.29,29.55,25.84,35.26,25.21,28.92,28.71
2016-09-29 07:00:00,26.0,26.5,28.12,23.59,30.79,23.78,27.15,27.07
2016-09-29 08:00:00,27.37,28.18,28.99,25.68,31.77,23.51,28.36,27.5
2016-09-29 09:00:00,28.71,28.59,30.87,25.99,34.230000000000004,25.79,30.71,29.56
2016-09-29 10:00:00,29.58,29.47,32.13,25.9,35.56,25.9,33.9,30.5
2016-09-29 11:00:00,29.87,31.86,31.92,25.33,37.24,27.1,39.38,31.61
2016-09-29 12:00:00,31.27,33.24,33.02,26.51,38.980000000000004,28.37,46.19,34.86
2016-09-29 13:00:00,32.89,32.1,32.9,27.51,38.63,29.69,66.03,40.25
2016-09-29 14:00:00,33.71,33.32,33.0,27.57,38.6,30.94,84.33,41.75
2016-09-29 15:00:00,34.18,34.43,33.55,25.33,40.730000000000004,31.0,101.53,42.64
2016-09-29 16:00:00,32.68,34.17,33.05,24.35,39.99,29.34,89.54,37.22
2016-09-29 17:00:00,30.38,33.03,31.970000000000006,22.64,36.74,30.08,56.0,33.88
2016-09-29 18:00:00,31.56,34.25,33.31,25.66,42.16,29.75,48.0,32.76
2016-09-29 19:00:00,31.57,33.78,33.38,24.75,41.99,29.42,47.06,33.27
2016-09-29 20:00:00,26.28,28.75,27.05,21.37,29.96,25.07,34.06,28.79
2016-09-29 21:00:00,23.81,27.56,25.26,19.6,26.58,23.21,29.85,27.2
2016-09-29 22:00:00,21.82,25.18,23.17,18.62,24.36,24.06,27.49,25.71
2016-09-29 23:00:00,20.77,25.57,22.58,16.28,23.8,22.59,25.56,24.87
2016-09-30 00:00:00,19.13,19.71,20.99,15.98,21.34,20.78,21.8,21.97
2016-09-30 01:00:00,18.41,17.86,20.01,15.4,19.85,20.44,21.34,21.64
2016-09-30 02:00:00,17.63,17.26,19.55,13.17,19.48,19.67,20.52,20.76
2016-09-30 03:00:00,18.150000000000002,18.18,20.080000000000002,13.96,20.38,19.240000000000002,20.17,20.39
2016-09-30 04:00:00,19.63,18.48,21.56,15.860000000000003,22.63,19.650000000000002,20.64,20.7
2016-09-30 05:00:00,23.7,23.76,26.45,19.150000000000002,28.42,22.31,23.71,23.79
2016-09-30 06:00:00,27.0,27.92,28.62,24.03,33.0,26.43,27.94,27.76
2016-09-30 07:00:00,26.51,27.14,26.81,25.01,28.75,25.75,27.79,27.54
2016-09-30 08:00:00,27.43,29.34,29.07,26.41,29.88,25.51,27.38,27.2
2016-09-30 09:00:00,28.58,29.74,30.69,26.49,33.29,26.66,29.37,28.77
2016-09-30 10:00:00,28.98,30.56,30.88,27.2,34.300000000000004,26.69,29.78,29.69
2016-09-30 11:00:00,29.38,30.75,31.56,26.44,34.53,27.9,31.0,29.59
2016-09-30 12:00:00,29.74,31.24,31.970000000000006,26.14,36.47,28.5,31.91,30.37
2016-09-30 13:00:00,30.62,31.52,31.65,25.57,35.69,29.38,43.76,33.480000000000004
2016-09-30 14:00:00,30.98,31.56,31.39,24.62,35.0,31.49,51.87,36.980000000000004
2016-09-30 15:00:00,31.1,31.62,30.59,24.18,35.160000000000004,33.45,54.09,38.7
2016-09-30 16:00:00,30.54,35.06,29.52,22.56,34.03,30.85,51.69,37.550000000000004
2016-09-30 17:00:00,28.08,32.59,29.21,21.28,31.46,29.0,36.9,32.72
2016-09-30 18:00:00,30.19,34.300000000000004,31.16,27.28,33.83,27.74,33.56,31.94
2016-09-30 19:00:00,29.06,34.28,30.35,23.96,33.69,28.03,32.660000000000004,31.0
2016-09-30 20:00:00,25.81,29.8,26.02,22.11,26.34,26.13,28.64,28.52
2016-09-30 21:00:00,23.56,28.66,25.2,19.3,24.87,24.12,26.97,27.57
2016-09-30 22:00:00,22.79,24.53,23.6,19.27,23.78,23.05,26.67,26.59
2016-09-30 23:00:00,21.97,23.33,22.89,18.38,22.99,23.43,25.19,25.6
2016-10-01 00:00:00,20.39,19.39,22.28,16.81,22.21,21.85,23.37,23.58
2016-10-01 01:00:00,19.38,17.8,20.98,15.18,20.32,21.7,23.12,23.29
2016-10-01 02:00:00,19.03,17.71,20.51,14.97,20.45,21.13,22.43,22.68
2016-10-01 03:00:00,19.22,18.01,20.66,15.51,20.77,20.83,22.25,22.43
2016-10-01 04:00:00,20.080000000000002,18.79,21.7,16.54,21.75,21.16,22.55,22.8
2016-10-01 05:00:00,21.06,20.42,22.86,17.11,22.78,21.96,23.38,23.68
2016-10-01 06:00:00,22.24,22.71,23.96,18.86,24.04,23.04,24.56,24.82
2016-10-01 07:00:00,23.26,24.02,25.16,19.64,26.01,24.01,25.7,25.95
2016-10-01 08:00:00,24.59,26.43,26.43,21.02,27.79,25.5,26.65,26.78
2016-10-01 09:00:00,26.88,28.41,28.28,23.97,29.9,27.16,28.77,29.28
2016-10-01 10:00:00,27.76,30.2,30.66,23.8,32.1,27.29,29.81,28.76
2016-10-01 11:00:00,28.62,30.53,30.53,24.63,32.64,29.89,31.88,31.69
2016-10-01 12:00:00,29.46,31.4,31.41,24.98,33.24,31.51,33.95,33.11
2016-10-01 13:00:00,29.68,31.69,31.46,23.48,33.17,32.71,39.11,36.29
2016-10-01 14:00:00,29.94,31.34,30.95,22.52,33.78,37.08,43.42,40.28
2016-10-01 15:00:00,30.84,31.67,31.25,22.84,33.61,43.3,47.4,43.05
2016-10-01 16:00:00,30.57,33.480000000000004,31.04,22.72,32.59,43.98,45.73,43.95
2016-10-01 17:00:00,30.96,32.88,31.75,26.43,32.83,38.12,39.89,38.83
2016-10-01 18:00:00,31.4,34.76,33.230000000000004,26.66,34.980000000000004,34.93,38.29,36.84
2016-10-01 19:00:00,29.88,33.18,32.08,25.02,33.64,31.720000000000006,34.85,33.45
2016-10-01 20:00:00,25.62,26.42,26.87,22.3,27.19,27.88,29.83,29.24
2016-10-01 21:00:00,23.56,24.4,24.42,19.89,24.6,27.37,28.21,28.32
2016-10-01 22:00:00,22.3,22.6,23.72,18.84,23.34,24.49,26.0,26.45
2016-10-01 23:00:00,21.49,21.73,23.21,17.76,23.12,23.06,24.94,25.3
2016-10-02 00:00:00,20.1,19.56,21.28,17.43,21.29,22.82,24.07,24.36
2016-10-02 01:00:00,19.62,19.13,20.58,17.22,20.61,21.59,22.89,23.13
2016-10-02 02:00:00,18.92,18.51,19.830000000000002,16.44,19.86,20.77,22.03,22.25
2016-10-02 03:00:00,18.61,18.17,19.580000000000002,15.99,19.63,20.54,21.77,22.0
2016-10-02 04:00:00,18.7,18.26,19.68,16.06,19.72,20.59,21.83,22.06
2016-10-02 05:00:00,19.400000000000002,19.06,20.51,16.6,20.05,21.11,22.43,22.65
2016-10-02 06:00:00,20.34,21.24,21.67,16.990000000000002,21.64,22.13,23.49,23.77
2016-10-02 07:00:00,21.58,22.44,23.03,18.95,22.83,22.69,24.18,24.46
2016-10-02 08:00:00,23.34,24.2,24.95,19.89,24.73,24.37,25.96,26.25
2016-10-02 09:00:00,25.81,26.89,27.6,23.56,27.23,25.92,28.15,27.83
2016-10-02 10:00:00,26.47,28.83,28.82,22.97,28.02,27.05,29.32,28.48
2016-10-02 11:00:00,27.54,29.45,29.27,24.61,28.99,28.92,31.68,30.85
2016-10-02 12:00:00,29.25,29.93,30.86,26.02,30.57,31.36,35.550000000000004,33.79
2016-10-02 13:00:00,30.33,31.19,31.32,26.11,30.94,35.28,41.35,38.0
2016-10-02 14:00:00,31.69,30.55,31.73,26.15,31.91,41.15,48.98,44.25
2016-10-02 15:00:00,32.71,30.88,32.17,25.89,32.03,45.3,52.69,48.37
2016-10-02 16:00:00,33.2,33.31,32.94,26.3,32.95,43.18,52.82,45.0
2016-10-02 17:00:00,34.04,34.35,33.99,29.29,34.13,40.35,47.37,41.44
2016-10-02 18:00:00,37.01,38.980000000000004,38.19,32.480000000000004,37.56,39.0,46.29,41.65
2016-10-02 19:00:00,35.21,37.1,36.67,31.46,37.97,35.88,41.42,38.56
2016-10-02 20:00:00,27.66,30.13,29.17,23.71,28.59,28.74,33.04,30.74
2016-10-02 21:00:00,23.89,25.56,25.16,19.72,25.16,26.1,30.57,27.35
2016-10-02 22:00:00,22.3,24.19,23.79,18.14,22.41,25.05,26.95,26.81
2016-10-02 23:00:00,21.29,22.43,23.16,15.76,22.87,24.04,25.17,25.2
2016-10-03 00:00:00,19.67,19.740000000000002,21.23,15.81,21.15,21.67,22.95,23.21
2016-10-03 01:00:00,19.02,18.79,20.65,14.92,20.42,20.85,22.07,22.33
2016-10-03 02:00:00,18.64,18.89,20.43,13.8,20.12,19.990000000000002,21.28,21.44
2016-10-03 03:00:00,18.77,18.82,20.49,13.73,20.49,20.12,21.45,21.58
2016-10-03 04:00:00,20.07,20.38,22.51,15.28,21.82,21.32,22.4,22.43
2016-10-03 05:00:00,24.68,28.05,28.17,19.12,27.15,24.27,26.27,26.4
2016-10-03 06:00:00,26.53,31.25,30.78,20.44,30.37,26.04,27.94,27.85
2016-10-03 07:00:00,26.25,28.63,29.37,20.32,28.24,25.92,28.19,27.7
2016-10-03 08:00:00,27.24,32.83,30.84,22.37,30.73,26.17,28.13,27.36
2016-10-03 09:00:00,29.69,35.63,33.99,25.6,32.79,24.87,30.1,30.21
2016-10-03 10:00:00,31.3,37.44,36.75,24.56,35.74,27.09,33.11,32.31
2016-10-03 11:00:00,31.45,38.7,36.89,22.51,36.0,27.49,35.28,35.79
2016-10-03 12:00:00,32.95,40.53,38.44,21.87,37.68,33.4,41.1,40.98
2016-10-03 13:00:00,34.86,41.7,38.99,20.39,38.0,45.0,53.01,52.2
2016-10-03 14:00:00,36.39,41.74,38.99,20.01,38.21,54.0,62.53,60.96
2016-10-03 15:00:00,37.04,40.57,38.31,20.56,37.99,60.0,67.88,66.65
2016-10-03 16:00:00,35.7,39.24,37.12,19.89,36.97,52.43,64.9,63.1
2016-10-03 17:00:00,33.18,38.0,36.53,19.89,36.57,39.51,50.49,51.0
2016-10-03 18:00:00,33.81,41.66,39.63,20.25,39.72,35.18,46.75,45.02
2016-10-03 19:00:00,32.09,38.77,37.4,19.59,38.15,35.0,43.91,43.23
2016-10-03 20:00:00,25.49,30.53,29.87,15.27,29.18,29.02,36.2,34.38
2016-10-03 21:00:00,21.32,26.72,25.85,11.54,25.4,26.06,29.51,30.11
2016-10-03 22:00:00,18.53,24.57,22.61,10.19,23.14,24.09,26.94,27.69
2016-10-03 23:00:00,16.87,24.54,21.72,6.61,23.36,22.66,25.78,26.54
2016-10-04 00:00:00,15.48,22.04,20.64,3.78,21.07,22.61,23.17,23.35
2016-10-04 01:00:00,14.57,21.31,19.44,3.23,19.52,21.48,22.14,22.32
2016-10-04 02:00:00,13.93,20.69,19.1,2.5500000000000003,18.96,20.6,21.1,21.25
2016-10-04 03:00:00,14.14,20.88,19.52,2.45,19.990000000000002,20.39,20.88,21.05
2016-10-04 04:00:00,15.74,23.09,22.31,3.7,22.3,21.65,22.23,22.44
2016-10-04 05:00:00,21.2,31.61,29.58,10.35,30.65,24.24,25.66,25.71
2016-10-04 06:00:00,24.54,33.62,36.13,12.32,34.0,25.55,27.21,27.46
2016-10-04 07:00:00,23.14,29.24,31.59,12.31,27.53,25.51,26.47,26.66
2016-10-04 08:00:00,23.99,31.67,31.470000000000006,13.9,28.91,24.69,28.3,27.32
2016-10-04 09:00:00,26.82,35.36,35.980000000000004,16.35,31.77,25.94,31.12,29.61
2016-10-04 10:00:00,28.17,38.27,37.0,16.39,33.76,28.76,36.09,33.06
2016-10-04 11:00:00,29.71,40.51,38.68,15.6,35.95,31.0,39.75,36.660000000000004
2016-10-04 12:00:00,32.07,42.09,38.89,16.22,38.300000000000004,37.78,47.8,43.65
2016-10-04 13:00:00,35.18,42.37,39.36,17.59,39.37,45.9,67.9,54.57
2016-10-04 14:00:00,38.35,42.59,41.48,18.19,40.4,56.04,95.38,64.95
2016-10-04 15:00:00,39.92,43.47,42.15,19.18,41.33,60.0,102.81,70.17
2016-10-04 16:00:00,38.68,42.29,39.42,18.63,39.76,56.93,92.11,65.71000000000001
2016-10-04 17:00:00,35.54,40.21,40.82,20.37,39.61,46.12,71.69,52.5
2016-10-04 18:00:00,35.75,43.37,40.79,21.37,41.47,38.84,55.94,46.96
2016-10-04 19:00:00,33.44,40.6,38.58,21.44,38.160000000000004,35.800000000000004,49.75,42.64
2016-10-04 20:00:00,26.31,29.86,30.31,19.03,29.17,28.02,34.410000000000004,32.11
2016-10-04 21:00:00,22.98,26.58,27.16,16.04,25.48,25.6,30.12,28.62
2016-10-04 22:00:00,21.21,24.29,24.18,16.03,24.04,23.21,28.25,26.79
2016-10-04 23:00:00,20.19,23.63,23.39,15.15,23.32,21.92,26.23,24.75
2016-10-05 00:00:00,18.95,23.47,26.72,10.57,26.3,20.87,23.93,23.08
2016-10-05 01:00:00,17.93,22.19,24.8,9.05,24.71,20.150000000000002,22.66,22.14
2016-10-05 02:00:00,17.3,21.66,24.48,7.72,24.17,19.69,21.65,21.25
2016-10-05 03:00:00,17.6,21.74,24.49,8.05,24.23,20.02,21.73,21.42
2016-10-05 04:00:00,19.44,23.66,26.18,10.66,26.06,21.32,23.26,22.91
2016-10-05 05:00:00,24.72,32.95,32.21,15.47,33.29,24.19,28.17,27.25
2016-10-05 06:00:00,28.06,36.0,33.58,21.0,35.88,25.47,29.0,28.58
2016-10-05 07:00:00,26.51,31.82,31.14,19.82,33.2,24.76,27.84,27.09
2016-10-05 08:00:00,27.65,32.3,32.72,20.84,34.910000000000004,25.67,29.23,28.12
2016-10-05 09:00:00,30.79,35.29,36.47,24.94,38.33,27.0,32.32,30.76
2016-10-05 10:00:00,33.47,41.14,38.94,26.0,41.63,30.55,38.61,34.71
2016-10-05 11:00:00,34.82,39.85,40.86,24.57,43.71,33.17,40.86,37.6
2016-10-05 12:00:00,38.29,44.96,44.77,26.27,48.17,37.82,48.28,42.68
2016-10-05 13:00:00,42.39,45.44,46.38,27.68,50.35,55.0,70.07000000000001,56.67
2016-10-05 14:00:00,46.11,48.86,48.83,27.59,51.93,70.05,95.81,71.88
2016-10-05 15:00:00,48.56,49.31,49.75,28.92,54.02,81.94,107.95,79.87
2016-10-05 16:00:00,46.62,50.5,46.19,27.83,49.01,80.0,98.1,75.61
2016-10-05 17:00:00,41.87,46.78,46.43,28.85,47.78,53.0,61.46,57.03
2016-10-05 18:00:00,42.34,50.17,48.82,32.26,48.37,42.03,48.1,46.85
2016-10-05 19:00:00,39.64,45.79,44.85,30.7,46.69,40.2,46.12,44.83
2016-10-05 20:00:00,30.76,36.32,36.01,23.11,35.58,29.24,33.94,33.11
2016-10-05 21:00:00,26.27,30.69,30.81,19.6,30.23,27.24,29.87,29.59
2016-10-05 22:00:00,23.81,25.82,27.72,17.830000000000002,27.36,24.27,28.04,27.4
2016-10-05 23:00:00,22.51,25.0,27.32,15.99,26.82,23.08,26.04,25.87
2016-10-06 00:00:00,21.78,23.69,26.01,15.48,24.66,23.36,24.53,24.32
2016-10-06 01:00:00,21.37,23.66,25.82,15.13,24.22,22.37,23.63,23.46
2016-10-06 02:00:00,20.75,22.99,24.99,14.96,23.37,21.59,22.64,22.78
2016-10-06 03:00:00,20.73,23.1,25.33,14.36,23.61,21.71,22.78,22.93
2016-10-06 04:00:00,21.52,24.13,26.42,14.84,24.66,22.29,23.82,23.62
2016-10-06 05:00:00,25.99,29.13,32.0,18.52,29.45,26.78,28.31,28.5
2016-10-06 06:00:00,29.4,32.02,33.94,22.35,38.160000000000004,27.06,30.3,29.02
2016-10-06 07:00:00,28.21,30.88,32.05,21.63,40.0,26.73,29.24,28.68
2016-10-06 08:00:00,29.74,33.59,35.24,22.47,43.85,27.14,30.41,29.53
2016-10-06 09:00:00,33.07,38.13,40.15,23.78,49.15,30.84,33.62,33.12
2016-10-06 10:00:00,35.52,40.230000000000004,42.82,24.62,49.99,32.92,37.47,36.92
2016-10-06 11:00:00,38.34,43.68,47.71,25.2,52.45,36.25,42.67,41.65
2016-10-06 12:00:00,42.38,48.48,52.06,27.25,59.68,42.58,52.27,51.76
2016-10-06 13:00:00,46.44,53.2,55.53,29.53,66.04,51.18,69.52,60.0
2016-10-06 14:00:00,51.23,56.67,57.31,27.94,69.78,66.98,91.35,76.87
2016-10-06 15:00:00,52.38,57.83,57.13,26.32,72.61,70.60000000000001,115.0,86.91
2016-10-06 16:00:00,48.89,53.06,53.02,24.09,55.48,67.7,109.49,82.96
2016-10-06 17:00:00,41.82,49.51,49.93,22.36,51.0,49.95,62.61,58.34
2016-10-06 18:00:00,40.94,50.41,51.96,23.87,52.13,40.62,50.6,49.82
2016-10-06 19:00:00,37.44,45.55,47.34,24.11,47.61,37.71,48.17,46.25
2016-10-06 20:00:00,29.32,35.67,37.480000000000004,19.900000000000002,36.25,30.31,35.24,35.15
2016-10-06 21:00:00,24.55,29.22,31.86,16.71,30.7,27.26,29.99,29.71
2016-10-06 22:00:00,22.18,25.57,27.56,14.68,27.24,24.7,26.61,26.77
2016-10-06 23:00:00,20.47,24.3,26.98,12.45,26.56,23.29,25.52,26.05
2016-10-07 00:00:00,18.64,23.6,28.7,8.27,24.56,21.14,23.48,23.93
2016-10-07 01:00:00,17.740000000000002,22.79,27.39,5.67,23.45,20.92,22.34,22.21
2016-10-07 02:00:00,17.0,21.82,25.85,5.9,22.2,20.47,21.49,21.59
2016-10-07 03:00:00,17.19,22.2,27.08,6.03,22.75,20.23,21.26,21.36
2016-10-07 04:00:00,19.37,23.79,29.48,8.75,25.12,21.59,23.01,22.81
2016-10-07 05:00:00,24.37,28.58,34.0,14.09,32.45,26.0,27.46,27.64
2016-10-07 06:00:00,28.51,31.33,34.63,21.28,39.51,27.0,30.14,28.91
2016-10-07 07:00:00,27.46,29.79,31.970000000000006,21.47,36.93,26.84,29.12,28.64
2016-10-07 08:00:00,28.35,34.0,34.79,20.67,39.1,27.52,30.18,29.51
2016-10-07 09:00:00,31.27,37.5,38.65,22.04,43.62,31.59,33.38,33.21
2016-10-07 10:00:00,33.74,39.04,42.1,22.51,46.13,35.5,38.03,37.28
2016-10-07 11:00:00,35.32,40.54,45.01,20.25,47.62,41.1,44.68,42.71
2016-10-07 12:00:00,37.95,43.74,47.74,20.12,51.02,47.92,56.14,51.07
2016-10-07 13:00:00,42.75,45.2,49.41,20.1,53.47,68.13,80.29,72.60000000000001
2016-10-07 14:00:00,47.81,45.29,49.41,20.81,53.81,94.18,105.58,95.21
2016-10-07 15:00:00,49.86,47.13,49.08,20.38,55.55,106.01,127.49,110.16
2016-10-07 16:00:00,47.07,40.04,45.14,21.26,47.59,100.18,119.48,105.38
2016-10-07 17:00:00,37.800000000000004,37.35,40.85,23.57,41.83,57.54,68.52,62.02
2016-10-07 18:00:00,39.15,40.59,42.91,32.980000000000004,45.06,45.52,51.66,47.71
2016-10-07 19:00:00,36.74,37.37,39.06,32.49,40.730000000000004,41.93,45.84,44.13
2016-10-07 20:00:00,29.27,31.17,33.09,24.81,33.55,32.26,34.71,34.25
2016-10-07 21:00:00,25.5,27.02,28.62,21.74,28.35,27.89,30.09,29.74
2016-10-07 22:00:00,23.89,25.25,26.94,19.77,26.79,24.33,27.19,27.71
2016-10-07 23:00:00,22.95,24.29,26.38,19.080000000000002,26.15,23.33,26.24,26.97
2016-10-08 00:00:00,22.37,23.16,29.09,16.22,25.48,23.56,25.75,26.3
2016-10-08 01:00:00,20.77,21.19,27.11,14.72,23.58,22.27,24.82,25.47
2016-10-08 02:00:00,19.87,20.27,25.65,13.41,22.57,21.91,23.66,23.99
2016-10-08 03:00:00,19.85,20.17,25.72,13.61,22.35,21.89,23.64,23.98
2016-10-08 04:00:00,20.84,21.31,27.39,14.58,23.69,21.88,24.4,25.02
2016-10-08 05:00:00,22.41,22.58,29.39,15.85,27.49,22.81,25.0,25.92
2016-10-08 06:00:00,23.79,23.97,26.66,18.42,28.99,25.93,26.89,27.09
2016-10-08 07:00:00,24.74,24.99,28.27,19.28,32.38,26.48,27.54,27.43
2016-10-08 08:00:00,26.12,26.11,29.06,21.28,33.58,28.11,29.53,28.93
2016-10-08 09:00:00,27.99,27.14,30.18,24.9,35.38,29.31,31.71,30.69
2016-10-08 10:00:00,28.75,27.99,31.61,24.25,36.9,32.64,34.51,34.99
2016-10-08 11:00:00,28.94,28.22,32.08,23.7,36.88,34.14,36.36,35.35
2016-10-08 12:00:00,29.02,28.42,32.44,22.31,37.06,35.59,39.79,38.14
2016-10-08 13:00:00,30.51,28.12,32.88,22.36,37.06,43.04,46.82,45.5
2016-10-08 14:00:00,32.76,28.51,33.31,22.71,37.62,54.34,56.9,56.62
2016-10-08 15:00:00,33.52,28.78,33.43,22.29,37.92,58.67,61.14,60.79
2016-10-08 16:00:00,33.35,29.38,34.02,22.68,37.72,56.22,58.6,58.33
2016-10-08 17:00:00,32.04,29.97,34.660000000000004,25.99,38.0,41.44,45.57,44.02
2016-10-08 18:00:00,32.730000000000004,31.57,35.38,26.89,41.0,38.83,41.81,41.79
2016-10-08 19:00:00,30.51,29.6,32.92,24.38,37.96,36.06,38.82,38.81
2016-10-08 20:00:00,25.84,25.96,28.77,19.63,30.89,29.35,31.76,30.95
2016-10-08 21:00:00,23.27,23.53,26.04,17.0,27.95,26.39,28.34,28.37
2016-10-08 22:00:00,22.55,23.34,29.3,15.89,26.83,24.41,26.65,26.96
2016-10-08 23:00:00,21.85,23.19,28.5,15.41,26.09,23.2,24.59,24.94
2016-10-09 00:00:00,20.25,21.09,23.4,15.65,22.29,20.9,22.98,23.78
2016-10-09 01:00:00,19.580000000000002,20.63,23.33,14.38,21.86,20.28,22.01,22.67
2016-10-09 02:00:00,18.580000000000002,19.93,22.9,12.24,21.19,19.84,20.75,21.07
2016-10-09 03:00:00,18.48,19.86,22.94,12.25,20.95,19.490000000000002,20.18,20.47
2016-10-09 04:00:00,18.68,20.12,22.97,12.43,21.22,19.73,20.42,20.71
2016-10-09 05:00:00,19.32,20.67,23.12,12.89,21.58,20.29,21.0,21.29
2016-10-09 06:00:00,20.53,22.34,23.66,13.28,23.15,21.94,22.69,23.0
2016-10-09 07:00:00,21.25,23.01,24.4,14.33,24.0,22.75,23.97,24.25
2016-10-09 08:00:00,22.96,24.63,25.56,17.57,25.56,24.1,25.45,25.61
2016-10-09 09:00:00,24.63,26.08,27.58,19.150000000000002,26.93,26.01,27.84,27.53
2016-10-09 10:00:00,24.87,26.26,27.8,18.89,27.16,26.8,28.49,28.25
2016-10-09 11:00:00,25.4,26.35,28.3,18.48,27.38,27.25,29.48,28.76
2016-10-09 12:00:00,25.52,27.05,28.82,18.09,27.58,28.32,30.970000000000006,29.87
2016-10-09 13:00:00,25.78,27.2,29.51,16.490000000000002,27.86,29.4,33.78,31.83
2016-10-09 14:00:00,26.86,27.86,30.46,15.42,28.35,33.65,40.31,37.29
2016-10-09 15:00:00,27.7,28.35,31.02,14.37,28.57,36.93,46.53,42.0
2016-10-09 16:00:00,28.54,29.06,31.7,15.99,28.82,38.72,48.85,42.93
2016-10-09 17:00:00,27.93,28.89,31.26,17.400000000000002,29.03,33.37,40.62,36.64
2016-10-09 18:00:00,29.33,32.160000000000004,34.67,15.57,34.85,33.65,39.42,36.99
2016-10-09 19:00:00,27.96,31.24,32.85,13.11,33.68,32.08,38.08,35.87
2016-10-09 20:00:00,23.42,27.32,28.86,9.33,27.41,27.42,31.07,30.12
2016-10-09 21:00:00,20.19,24.1,25.59,4.98,25.44,26.53,27.76,28.28
2016-10-09 22:00:00,18.52,22.8,25.34,4.14,24.05,22.96,25.81,26.57
2016-10-09 23:00:00,17.95,23.1,28.02,3.49,24.77,22.17,24.16,24.75
2016-10-10 00:00:00,16.14,21.27,25.5,2.82,21.82,20.44,21.22,21.37
2016-10-10 01:00:00,15.29,20.47,24.73,1.51,21.13,19.63,20.38,20.53
2016-10-10 02:00:00,14.83,19.56,23.82,1.0,20.42,19.5,20.75,20.94
2016-10-10 03:00:00,15.35,19.740000000000002,25.31,3.47,20.03,18.990000000000002,19.72,19.84
2016-10-10 04:00:00,16.42,21.33,26.0,3.35,21.6,20.49,21.27,21.4
2016-10-10 05:00:00,20.97,27.0,35.63,4.89,29.87,25.26,26.35,26.46
2016-10-10 06:00:00,26.1,30.49,35.86,15.42,37.1,25.93,28.4,28.29
2016-10-10 07:00:00,25.53,28.65,34.57,16.86,36.64,25.55,28.0,27.56
2016-10-10 08:00:00,25.59,29.98,34.59,16.82,37.730000000000004,25.98,28.7,28.34
2016-10-10 09:00:00,26.62,30.69,35.03,17.44,39.15,25.98,29.17,28.64
2016-10-10 10:00:00,27.14,31.470000000000006,35.75,17.54,39.51,26.52,31.29,29.94
2016-10-10 11:00:00,27.24,31.88,36.28,17.23,41.08,27.48,33.39,30.95
2016-10-10 12:00:00,27.65,32.29,37.21,16.84,41.92,28.72,35.34,32.3
2016-10-10 13:00:00,29.33,32.62,38.18,18.47,42.3,31.34,43.45,37.84
2016-10-10 14:00:00,30.68,33.75,38.78,18.53,42.55,37.71,52.9,45.97
2016-10-10 15:00:00,31.7,33.480000000000004,38.33,18.240000000000002,41.61,40.0,56.66,49.39
2016-10-10 16:00:00,31.83,34.01,38.67,18.14,39.39,41.17,57.64,50.32
2016-10-10 17:00:00,29.35,32.03,36.730000000000004,18.5,39.08,36.07,44.34,38.94
2016-10-10 18:00:00,31.69,36.050000000000004,42.48,19.91,46.49,32.94,42.59,38.81
2016-10-10 19:00:00,30.4,34.5,40.27,19.21,43.63,34.27,41.41,37.65
2016-10-10 20:00:00,25.0,28.87,34.07,15.02,33.61,27.0,32.61,30.93
2016-10-10 21:00:00,21.63,25.33,29.64,11.68,27.96,25.97,29.26,28.45
2016-10-10 22:00:00,19.54,24.1,29.39,9.41,24.92,21.56,25.45,26.56
2016-10-10 23:00:00,17.37,22.89,29.03,4.66,23.62,20.78,23.59,24.49
2016-10-11 00:00:00,16.53,20.59,25.36,6.34,21.23,19.39,23.19,24.53
2016-10-11 01:00:00,15.63,19.55,23.91,5.08,19.8,19.27,21.35,22.06
2016-10-11 02:00:00,15.37,18.47,23.29,5.59,19.490000000000002,19.240000000000002,20.52,20.89
2016-10-11 03:00:00,15.92,18.41,23.97,5.44,20.44,18.93,20.03,20.31
2016-10-11 04:00:00,18.26,20.8,27.09,8.49,22.79,20.02,22.02,22.54
2016-10-11 05:00:00,24.12,28.42,34.25,15.68,30.43,25.78,27.38,27.11
2016-10-11 06:00:00,28.91,33.04,35.910000000000004,22.59,38.79,25.7,29.6,28.97
2016-10-11 07:00:00,26.92,31.53,33.18,21.97,38.0,25.57,28.58,28.12
2016-10-11 08:00:00,27.79,31.470000000000006,31.99,23.05,36.33,25.6,29.25,28.78
2016-10-11 09:00:00,29.95,33.55,35.37,24.36,40.78,27.0,31.54,30.79
2016-10-11 10:00:00,30.73,34.12,35.660000000000004,25.33,42.9,27.34,32.58,32.0
2016-10-11 11:00:00,31.4,33.8,36.35,27.07,42.6,29.2,33.93,33.0
2016-10-11 12:00:00,33.22,35.75,38.86,26.59,43.63,32.95,37.02,36.410000000000004
2016-10-11 13:00:00,36.63,37.79,39.6,31.52,46.51,38.37,45.0,44.75
2016-10-11 14:00:00,38.76,38.96,40.92,32.81,46.26,41.84,52.54,52.98
2016-10-11 15:00:00,39.660000000000004,38.160000000000004,39.96,34.15,53.51,44.51,57.9,55.0
2016-10-11 16:00:00,39.85,38.44,40.19,34.9,47.15,47.7,58.89,51.59
2016-10-11 17:00:00,35.31,34.61,36.76,31.54,42.15,35.49,50.0,41.87
2016-10-11 18:00:00,38.56,39.4,42.39,35.13,47.49,36.39,48.48,41.46
2016-10-11 19:00:00,35.26,35.9,38.45,31.98,49.77,34.94,43.28,38.81
2016-10-11 20:00:00,29.09,29.09,31.55,25.47,39.12,26.75,36.88,31.79
2016-10-11 21:00:00,25.24,26.06,28.25,21.03,32.58,25.32,31.73,29.25
2016-10-11 22:00:00,23.75,25.09,28.93,19.93,26.65,22.84,27.41,28.27
2016-10-11 23:00:00,22.21,24.04,27.07,18.740000000000002,24.6,21.26,24.95,26.01
2016-10-12 00:00:00,20.38,20.67,23.96,16.12,22.47,20.26,23.82,24.95
2016-10-12 01:00:00,19.09,19.6,23.19,12.73,21.6,19.66,22.66,23.65
2016-10-12 02:00:00,18.03,17.81,23.14,9.67,21.47,19.39,22.06,22.91
2016-10-12 03:00:00,17.68,17.46,23.93,8.57,22.08,19.21,21.87,22.51
2016-10-12 04:00:00,18.89,19.03,26.0,9.26,24.0,20.9,23.35,23.87
2016-10-12 05:00:00,24.81,27.52,34.94,15.78,34.5,26.73,29.16,28.57
2016-10-12 06:00:00,30.04,34.74,38.29,23.73,42.91,27.02,31.38,30.43
2016-10-12 07:00:00,27.61,32.02,35.03,21.82,41.13,26.47,29.81,29.24
2016-10-12 08:00:00,28.12,32.59,36.14,21.56,43.78,26.12,30.43,29.08
2016-10-12 09:00:00,29.13,35.42,38.92,19.96,47.39,27.34,32.910000000000004,30.51
2016-10-12 10:00:00,30.07,35.2,39.44,21.17,48.77,29.08,34.64,32.15
2016-10-12 11:00:00,30.57,34.19,38.95,21.83,49.36,31.49,37.03,33.72
2016-10-12 12:00:00,32.12,35.81,40.6,22.33,50.27,37.4,43.13,39.18
2016-10-12 13:00:00,35.28,38.2,43.71,23.99,52.68,43.36,55.5,47.46
2016-10-12 14:00:00,36.49,38.87,44.12,21.25,52.51,46.9,72.19,57.41
2016-10-12 15:00:00,38.96,39.57,45.3,23.16,52.95,51.28,78.43,62.51
2016-10-12 16:00:00,40.2,39.59,44.94,26.89,51.55,53.24,82.0,65.1
2016-10-12 17:00:00,35.09,35.26,40.39,26.94,46.85,38.43,55.94,47.16
2016-10-12 18:00:00,40.37,42.05,46.99,33.45,53.67,40.94,53.0,47.41
2016-10-12 19:00:00,37.52,37.69,43.47,31.17,50.05,38.45,44.49,42.09
2016-10-12 20:00:00,32.0,31.56,35.61,28.13,38.65,34.550000000000004,38.87,36.52
2016-10-12 21:00:00,27.06,27.34,29.59,23.28,30.73,28.79,31.41,30.81
2016-10-12 22:00:00,25.01,26.08,29.03,21.97,26.85,24.25,28.45,28.85
2016-10-12 23:00:00,23.51,24.79,28.3,19.5,25.23,23.45,26.81,27.04
2016-10-13 00:00:00,21.82,22.22,24.26,19.52,22.82,21.33,24.19,24.73
2016-10-13 01:00:00,21.09,21.7,23.54,18.78,22.09,20.73,22.83,23.36
2016-10-13 02:00:00,20.89,21.48,23.3,18.85,21.85,21.0,22.08,22.25
2016-10-13 03:00:00,21.27,21.58,23.92,18.830000000000002,22.06,21.23,22.1,22.05
2016-10-13 04:00:00,22.04,22.49,25.55,18.97,24.03,22.27,23.25,23.15
2016-10-13 05:00:00,28.26,30.41,33.96,23.92,32.55,27.92,29.55,28.71
2016-10-13 06:00:00,33.26,33.81,35.660000000000004,31.79,39.44,32.04,33.52,32.51
2016-10-13 07:00:00,32.32,32.0,33.89,32.68,38.79,29.32,32.18,31.32
2016-10-13 08:00:00,32.36,32.22,35.01,32.56,40.0,25.9,33.43,31.86
2016-10-13 09:00:00,33.11,32.57,34.71,33.37,40.84,26.51,36.28,33.730000000000004
2016-10-13 10:00:00,32.75,32.1,34.15,32.08,39.58,25.42,37.59,33.85
2016-10-13 11:00:00,31.95,32.28,34.6,28.19,38.410000000000004,25.29,38.71,34.4
2016-10-13 12:00:00,33.63,32.67,36.51,27.02,38.01,27.81,47.64,39.09
2016-10-13 13:00:00,34.49,31.96,37.0,25.73,38.99,27.13,56.89,43.69
2016-10-13 14:00:00,35.29,31.57,36.57,24.86,37.71,27.85,71.56,51.58
2016-10-13 15:00:00,35.92,30.9,36.660000000000004,21.89,37.54,32.74,84.42,63.09
2016-10-13 16:00:00,35.51,31.720000000000006,35.45,23.54,37.14,34.27,75.73,63.44000000000001
2016-10-13 17:00:00,32.57,31.18,34.46,22.66,35.19,30.85,52.59,47.64
2016-10-13 18:00:00,37.07,36.78,39.58,29.0,41.93,35.54,50.43,46.09
2016-10-13 19:00:00,32.62,32.94,35.88,24.58,37.39,30.82,45.16,41.24
2016-10-13 20:00:00,28.15,29.31,32.19,19.72,32.02,30.04,36.69,35.43
2016-10-13 21:00:00,23.93,25.7,27.54,16.23,26.83,26.58,30.75,30.3
2016-10-13 22:00:00,21.84,22.95,26.28,14.51,24.21,24.28,28.07,29.22
2016-10-13 23:00:00,19.77,21.97,26.38,8.92,23.27,21.81,25.95,26.93
2016-10-14 00:00:00,18.330000000000002,19.04,24.79,6.8,22.73,22.48,24.5,24.73
2016-10-14 01:00:00,16.98,17.52,23.18,4.76,21.52,21.6,22.97,22.96
2016-10-14 02:00:00,16.37,16.26,22.61,4.07,21.1,21.23,22.34,22.53
2016-10-14 03:00:00,16.8,17.080000000000002,23.49,4.89,21.87,20.81,22.19,22.18
2016-10-14 04:00:00,17.82,17.79,25.05,5.43,23.72,21.47,22.51,22.99
2016-10-14 05:00:00,23.28,24.73,33.160000000000004,8.4,33.43,27.14,28.89,28.92
2016-10-14 06:00:00,28.58,30.69,34.97,19.080000000000002,43.18,31.41,32.95,33.51
2016-10-14 07:00:00,26.54,28.89,32.84,18.240000000000002,41.54,29.45,30.93,31.32
2016-10-14 08:00:00,26.66,28.96,32.8,18.48,42.04,29.5,32.14,31.33
2016-10-14 09:00:00,27.17,29.43,33.6,18.04,43.19,30.58,33.06,32.64
2016-10-14 10:00:00,25.95,27.88,33.13,15.56,42.04,30.95,33.58,32.32
2016-10-14 11:00:00,26.28,28.68,32.92,15.32,41.02,31.99,36.94,33.61
2016-10-14 12:00:00,26.52,29.2,33.79,14.68,40.83,34.58,38.910000000000004,36.24
2016-10-14 13:00:00,27.01,28.27,32.93,13.26,38.4,38.22,55.5,39.910000000000004
2016-10-14 14:00:00,27.95,28.12,32.910000000000004,12.92,37.92,40.37,82.83,46.12
2016-10-14 15:00:00,29.4,28.36,32.99,14.03,37.49,41.15,95.42,56.94
2016-10-14 16:00:00,29.53,28.04,32.28,13.92,34.88,44.75,92.64,60.27
2016-10-14 17:00:00,25.9,27.55,31.77,13.4,32.980000000000004,37.83,50.9,41.42
2016-10-14 18:00:00,27.71,30.64,34.67,17.12,36.29,36.61,39.02,38.480000000000004
2016-10-14 19:00:00,25.78,28.88,32.410000000000004,15.67,33.15,34.09,36.25,35.79
2016-10-14 20:00:00,22.87,26.14,29.71,12.84,29.14,30.82,32.58,32.4
2016-10-14 21:00:00,20.53,23.67,26.45,10.54,25.58,27.89,30.78,31.34
2016-10-14 22:00:00,18.67,20.67,24.62,8.58,23.0,24.17,29.01,30.51
2016-10-14 23:00:00,17.28,17.43,24.71,6.54,22.96,22.83,26.8,28.07
2016-10-15 00:00:00,15.38,16.56,21.12,4.98,19.76,21.14,24.45,25.67
2016-10-15 01:00:00,13.89,14.73,19.35,3.58,17.75,20.74,22.85,23.72
2016-10-15 02:00:00,13.46,13.55,19.25,1.97,17.71,20.78,22.03,22.45
2016-10-15 03:00:00,13.27,13.23,18.830000000000002,2.16,17.44,20.59,21.73,22.13
2016-10-15 04:00:00,14.83,14.22,21.34,4.1,19.75,20.82,21.93,22.19
2016-10-15 05:00:00,15.9,15.43,22.24,4.62,21.07,21.23,22.88,23.5
2016-10-15 06:00:00,17.740000000000002,19.12,23.72,6.25,23.34,22.48,22.97,23.94
2016-10-15 07:00:00,19.25,22.2,25.13,9.97,24.5,23.43,23.72,24.98
2016-10-15 08:00:00,21.86,23.96,26.26,16.17,27.39,24.36,26.3,27.0
2016-10-15 09:00:00,23.17,25.02,27.29,17.72,29.47,25.74,28.04,28.42
2016-10-15 10:00:00,23.99,25.58,27.75,18.09,31.220000000000006,28.37,30.34,30.33
2016-10-15 11:00:00,24.08,24.98,26.73,18.22,31.220000000000006,30.21,32.160000000000004,32.160000000000004
2016-10-15 12:00:00,25.16,24.62,26.45,19.09,32.05,34.5,36.47,36.17
2016-10-15 13:00:00,26.24,24.96,27.21,19.38,33.02,37.88,43.4,40.45
2016-10-15 14:00:00,29.02,24.77,27.9,19.990000000000002,33.86,44.15,58.0,56.37
2016-10-15 15:00:00,31.36,24.58,26.13,22.34,33.13,46.82,69.27,69.21000000000001
2016-10-15 16:00:00,31.6,25.33,26.97,22.85,33.19,45.99,65.5,65.29
2016-10-15 17:00:00,31.77,28.09,29.92,27.14,34.57,41.97,49.48,45.36
2016-10-15 18:00:00,31.62,29.34,31.3,28.42,35.76,37.480000000000004,43.87,40.27
2016-10-15 19:00:00,29.53,27.44,28.63,27.41,32.63,35.02,39.31,36.45
2016-10-15 20:00:00,26.53,24.71,26.02,24.96,29.48,30.69,34.37,32.49
2016-10-15 21:00:00,24.55,23.59,24.1,22.92,25.59,27.66,31.23,30.64
2016-10-15 22:00:00,23.27,21.93,22.6,22.37,22.78,24.36,28.68,30.5
2016-10-15 23:00:00,22.54,21.6,22.49,21.31,22.67,22.94,26.39,28.12
2016-10-16 00:00:00,21.06,21.2,21.79,18.740000000000002,21.88,23.52,24.24,27.67
2016-10-16 01:00:00,20.51,20.78,21.64,18.400000000000002,21.58,22.43,23.17,27.68
2016-10-16 02:00:00,20.03,20.31,20.93,18.19,20.8,21.88,22.35,26.54
2016-10-16 03:00:00,19.18,19.91,20.52,16.25,20.5,22.2,22.05,26.12
2016-10-16 04:00:00,19.5,20.3,20.91,16.47,20.9,22.48,22.38,26.25
2016-10-16 05:00:00,19.95,20.5,21.25,16.84,21.22,23.09,23.7,27.34
2016-10-16 06:00:00,20.82,21.75,22.48,15.47,22.77,24.29,24.93,26.77
2016-10-16 07:00:00,22.19,22.94,23.65,18.26,23.67,24.41,25.19,27.37
2016-10-16 08:00:00,24.22,24.99,26.16,20.77,26.9,25.16,26.32,28.67
2016-10-16 09:00:00,26.17,27.53,29.55,20.67,30.53,28.28,29.59,31.03
2016-10-16 10:00:00,26.9,27.8,30.12,20.59,30.64,29.3,31.43,32.03
2016-10-16 11:00:00,27.4,28.28,30.94,19.63,31.26,31.38,33.8,34.43
2016-10-16 12:00:00,29.72,30.27,33.79,19.740000000000002,33.5,35.65,41.71,40.550000000000004
2016-10-16 13:00:00,31.24,31.14,34.61,19.55,35.0,40.0,51.26,50.05
2016-10-16 14:00:00,34.56,33.160000000000004,36.84,18.73,38.1,48.99,64.04,64.67
2016-10-16 15:00:00,38.92,35.86,40.75,18.73,40.6,57.38,84.53,88.43
2016-10-16 16:00:00,37.76,38.1,43.2,18.66,42.05,59.88,70.87,68.44
2016-10-16 17:00:00,37.63,39.97,44.49,23.35,44.69,51.84,58.13,55.29
2016-10-16 18:00:00,43.43,48.57,55.1,31.69,55.19,53.97,57.62,56.38
2016-10-16 19:00:00,35.69,40.35,44.39,23.9,43.23,45.88,48.65,47.73
2016-10-16 20:00:00,28.4,31.66,34.33,19.48,32.92,36.43,39.96,39.22
2016-10-16 21:00:00,25.13,28.11,30.16,17.89,28.83,30.47,32.64,32.81
2016-10-16 22:00:00,22.0,24.72,27.16,15.42,25.4,24.76,28.39,31.33
2016-10-16 23:00:00,21.27,23.89,26.49,15.57,25.03,23.93,26.07,29.65
2016-10-17 00:00:00,19.88,23.8,25.86,12.74,23.62,22.32,24.0,26.35
2016-10-17 01:00:00,20.17,22.77,24.98,14.17,22.75,22.32,23.68,25.96
2016-10-17 02:00:00,19.82,22.31,24.33,15.0,22.29,21.17,22.1,24.06
2016-10-17 03:00:00,19.39,21.5,23.71,13.6,21.93,22.15,22.92,24.38
2016-10-17 04:00:00,21.61,23.21,25.47,17.21,23.76,22.97,24.48,24.62
2016-10-17 05:00:00,27.21,28.41,32.85,21.04,35.71,27.62,29.68,29.39
2016-10-17 06:00:00,33.02,31.13,36.07,29.87,52.96,32.160000000000004,33.83,33.24
2016-10-17 07:00:00,31.67,28.61,33.910000000000004,30.23,53.2,30.55,32.13,31.56
2016-10-17 08:00:00,32.44,29.55,34.7,30.67,55.0,31.36,33.55,33.88
2016-10-17 09:00:00,35.32,31.970000000000006,38.02,31.94,60.75,34.38,38.59,37.39
2016-10-17 10:00:00,37.34,34.29,40.13,32.62,64.52,36.11,40.480000000000004,38.17
2016-10-17 11:00:00,40.67,36.85,43.06,34.32,66.86,42.57,51.85,46.18
2016-10-17 12:00:00,43.23,39.97,45.55,35.06,70.0,48.0,58.19,49.9
2016-10-17 13:00:00,49.21,44.48,50.16,35.43,78.14,63.26,80.07000000000001,68.21000000000001
2016-10-17 14:00:00,55.63,47.02,52.46,39.300000000000004,79.96000000000001,84.84,104.47,89.77
2016-10-17 15:00:00,58.29,48.56,54.33,36.17,81.67,96.46,118.79,106.19
2016-10-17 16:00:00,52.93,45.37,50.79,32.79,76.19,84.13,105.67,91.25
2016-10-17 17:00:00,47.8,44.6,50.04,31.19,72.57000000000001,61.78,80.28,67.26
2016-10-17 18:00:00,49.95,48.37,53.47,36.72,77.76,55.71,71.64,60.0
2016-10-17 19:00:00,40.97,38.410000000000004,42.98,32.79,65.08,45.57,57.47,46.79
2016-10-17 20:00:00,35.22,32.88,37.06,31.31,55.0,38.09,45.84,39.31
2016-10-17 21:00:00,28.21,27.37,30.14,22.1,40.15,31.51,37.04,33.63
2016-10-17 22:00:00,24.52,25.65,28.55,18.990000000000002,28.4,25.0,30.99,30.38
2016-10-17 23:00:00,22.71,24.2,27.05,16.04,26.77,24.71,28.83,29.03
2016-10-18 00:00:00,20.22,21.95,24.05,14.77,23.68,20.83,24.28,25.28
2016-10-18 01:00:00,19.6,22.27,24.53,14.26,23.27,20.74,23.17,23.99
2016-10-18 02:00:00,18.6,21.03,23.35,12.52,22.22,20.06,22.06,22.45
2016-10-18 03:00:00,18.650000000000002,20.82,23.48,12.51,22.48,20.93,22.28,22.52
2016-10-18 04:00:00,19.95,22.5,23.83,13.82,24.65,21.83,23.1,23.21
2016-10-18 05:00:00,26.89,30.57,33.35,19.330000000000002,36.97,27.81,29.58,28.99
2016-10-18 06:00:00,32.88,34.39,37.85,25.62,50.48,32.59,34.28,33.17
2016-10-18 07:00:00,30.88,29.8,33.54,27.1,47.25,30.52,32.04,32.99
2016-10-18 08:00:00,32.03,30.66,34.33,29.74,48.73,30.83,32.6,32.62
2016-10-18 09:00:00,35.24,33.33,37.86,32.0,54.4,34.12,36.24,36.050000000000004
2016-10-18 10:00:00,37.11,35.52,40.32,31.25,55.13,36.82,38.84,40.25
2016-10-18 11:00:00,41.12,39.6,45.46,33.12,59.96,40.95,45.97,43.77
2016-10-18 12:00:00,45.88,45.27,50.08,35.21,67.89,47.42,53.95,50.73
2016-10-18 13:00:00,52.74,48.63,55.46,39.61,73.94,62.83,74.86,66.59
2016-10-18 14:00:00,56.11,49.15,56.11,36.43,74.51,82.42,98.77,87.7
2016-10-18 15:00:00,58.91,51.51,58.28,37.1,72.34,91.03,109.08,95.35
2016-10-18 16:00:00,55.49,47.88,53.69,39.57,65.05,84.16,100.0,87.99
2016-10-18 17:00:00,51.0,47.41,53.23,37.910000000000004,61.46,59.07,70.47,60.1
2016-10-18 18:00:00,52.9,50.46,57.08,45.65,63.98,52.74,62.36,54.37
2016-10-18 19:00:00,44.23,41.6,47.53,39.87,54.6,43.56,51.56,44.73
2016-10-18 20:00:00,37.22,34.800000000000004,38.44,34.52,43.08,36.49,42.22,39.14
2016-10-18 21:00:00,31.45,30.58,32.42,27.11,33.74,30.92,35.18,33.32
2016-10-18 22:00:00,26.15,26.39,28.82,22.73,27.66,25.12,30.44,30.46
2016-10-18 23:00:00,24.18,25.31,27.57,20.04,25.79,23.84,27.26,28.54
2016-10-19 00:00:00,21.89,21.92,24.91,17.94,23.96,21.57,25.58,27.13
2016-10-19 01:00:00,21.57,22.07,24.6,17.5,23.51,21.0,24.57,25.84
2016-10-19 02:00:00,20.79,21.0,23.82,15.88,22.76,20.89,23.34,23.64
2016-10-19 03:00:00,21.08,20.88,23.86,16.62,22.71,21.38,24.02,24.42
2016-10-19 04:00:00,22.19,23.18,25.33,17.91,23.79,22.1,23.9,23.72
2016-10-19 05:00:00,28.77,29.83,33.25,23.0,32.36,28.93,30.53,30.01
2016-10-19 06:00:00,36.5,35.160000000000004,37.62,32.46,42.15,35.61,38.31,37.27
2016-10-19 07:00:00,32.27,29.89,31.98,32.97,34.300000000000004,30.78,33.35,32.52
2016-10-19 08:00:00,32.84,31.53,32.81,32.92,35.31,31.6,34.21,33.37
2016-10-19 09:00:00,34.910000000000004,34.65,36.980000000000004,32.06,39.7,33.95,35.83,35.14
2016-10-19 10:00:00,36.42,35.58,37.660000000000004,34.15,41.01,35.96,38.27,38.44
2016-10-19 11:00:00,38.59,37.37,39.88,34.85,44.21,38.33,40.99,41.85
2016-10-19 12:00:00,41.25,40.71,43.93,35.58,47.73,41.26,45.61,46.77
2016-10-19 13:00:00,45.69,43.19,46.82,35.65,50.85,50.4,60.03,58.74
2016-10-19 14:00:00,47.4,42.4,45.87,32.93,50.02,66.87,81.49,78.43
2016-10-19 15:00:00,49.88,43.53,46.79,33.83,50.4,72.95,89.96,87.16
2016-10-19 16:00:00,47.68,40.7,43.51,33.980000000000004,47.44,71.79,84.37,86.65
2016-10-19 17:00:00,41.02,38.800000000000004,41.39,32.7,45.0,51.92,57.57,55.43
2016-10-19 18:00:00,46.16,46.69,49.39,39.69,50.56,46.88,52.86,50.4
2016-10-19 19:00:00,38.51,38.24,40.11,36.02,41.71,39.160000000000004,43.23,41.42
2016-10-19 20:00:00,34.18,33.56,34.800000000000004,32.8,34.61,34.27,38.300000000000004,37.95
2016-10-19 21:00:00,28.12,29.41,30.39,24.58,29.63,29.25,31.92,33.57
2016-10-19 22:00:00,24.48,23.94,25.83,22.04,24.98,26.85,28.49,29.55
2016-10-19 23:00:00,22.52,24.2,25.4,19.22,24.56,23.28,26.02,26.79
2016-10-20 00:00:00,21.25,23.45,24.27,17.06,23.86,22.63,23.79,24.04
2016-10-20 01:00:00,20.88,22.2,23.43,17.19,22.97,22.01,23.07,23.56
2016-10-20 02:00:00,20.22,21.94,23.5,15.85,22.43,21.45,22.65,22.78
2016-10-20 03:00:00,20.56,22.25,24.0,16.740000000000002,22.52,21.8,22.76,23.23
2016-10-20 04:00:00,21.41,22.81,24.18,17.87,23.07,22.14,23.28,23.64
2016-10-20 05:00:00,27.87,30.12,31.82,23.55,30.81,27.55,28.87,29.22
2016-10-20 06:00:00,35.800000000000004,35.56,36.61,35.5,37.47,34.18,35.69,36.1
2016-10-20 07:00:00,32.71,30.46,31.98,34.52,33.58,30.73,33.3,32.47
2016-10-20 08:00:00,32.59,29.94,31.52,34.61,33.24,30.77,33.74,32.77
2016-10-20 09:00:00,34.910000000000004,32.74,35.04,34.68,36.37,33.87,36.11,36.09
2016-10-20 10:00:00,34.63,32.0,34.75,34.18,36.25,33.77,36.84,35.92
2016-10-20 11:00:00,35.28,32.27,35.26,33.84,36.29,36.07,40.230000000000004,38.12
2016-10-20 12:00:00,35.65,32.69,35.230000000000004,33.480000000000004,36.2,37.300000000000004,42.71,39.65
2016-10-20 13:00:00,38.27,33.27,35.76,35.78,37.12,40.02,54.64,47.15
2016-10-20 14:00:00,38.910000000000004,31.86,34.34,32.88,35.62,51.93,66.14,58.15
2016-10-20 15:00:00,39.39,32.22,34.69,31.79,35.69,55.92,68.7,59.61
2016-10-20 16:00:00,38.86,32.37,34.78,32.61,35.77,53.12,64.99,57.71
2016-10-20 17:00:00,36.51,32.6,34.730000000000004,34.72,35.79,40.76,47.05,43.98
2016-10-20 18:00:00,41.57,37.57,41.47,41.32,42.08,42.22,45.12,43.92
2016-10-20 19:00:00,36.86,33.05,35.54,37.01,36.49,37.11,40.44,39.81
2016-10-20 20:00:00,31.8,28.48,30.22,32.93,31.67,31.2,34.28,33.660000000000004
2016-10-20 21:00:00,27.77,26.19,27.56,27.43,27.86,27.72,29.54,29.88
2016-10-20 22:00:00,24.21,23.59,24.51,22.26,24.23,24.09,25.92,26.22
2016-10-20 23:00:00,22.34,23.22,23.91,19.42,23.74,22.88,24.56,24.42
2016-10-21 00:00:00,21.19,22.52,23.52,18.19,23.34,21.89,23.06,23.4
2016-10-21 01:00:00,20.69,22.14,23.12,17.42,22.83,21.26,22.26,22.68
2016-10-21 02:00:00,19.98,21.8,22.75,15.77,22.46,20.72,21.7,22.1
2016-10-21 03:00:00,19.900000000000002,21.4,22.58,15.38,22.35,21.43,22.27,22.74
2016-10-21 04:00:00,20.79,22.56,24.23,15.63,23.65,21.9,22.67,22.93
2016-10-21 05:00:00,26.69,28.58,31.0,20.9,30.49,27.23,28.49,28.12
2016-10-21 06:00:00,35.04,36.230000000000004,38.04,30.92,37.94,34.33,35.71,34.85
2016-10-21 07:00:00,33.47,33.14,34.82,32.05,35.0,32.27,33.89,33.07
2016-10-21 08:00:00,32.18,31.68,32.51,30.04,33.53,30.16,33.03,32.45
2016-10-21 09:00:00,33.79,33.28,34.2,31.64,35.08,31.73,34.54,34.08
2016-10-21 10:00:00,31.94,32.36,33.99,27.77,34.35,30.28,33.14,31.67
2016-10-21 11:00:00,31.27,30.79,31.56,27.22,32.42,29.87,33.97,32.58
2016-10-21 12:00:00,30.55,30.44,31.11,25.8,31.71,29.81,34.05,32.29
2016-10-21 13:00:00,29.3,29.16,29.95,23.16,30.68,30.21,34.96,32.88
2016-10-21 14:00:00,29.23,29.42,29.94,22.89,30.47,30.63,36.33,33.85
2016-10-21 15:00:00,28.81,29.45,30.76,21.36,30.74,30.11,36.33,33.43
2016-10-21 16:00:00,28.32,29.4,29.39,21.9,29.73,30.56,36.2,33.62
2016-10-21 17:00:00,28.97,29.77,30.62,24.38,30.54,30.65,35.18,33.08
2016-10-21 18:00:00,31.46,33.160000000000004,33.1,28.57,32.980000000000004,31.5,34.75,33.68
2016-10-21 19:00:00,28.79,29.38,30.31,25.32,30.49,29.99,33.05,31.98
2016-10-21 20:00:00,25.37,26.28,27.02,21.37,27.49,26.96,29.21,29.07
2016-10-21 21:00:00,23.3,25.44,25.86,18.86,25.98,25.0,26.09,26.16
2016-10-21 22:00:00,21.68,24.12,25.31,17.0,25.44,23.25,24.63,24.82
2016-10-21 23:00:00,20.86,24.93,25.24,15.0,25.51,22.25,23.34,23.38
2016-10-22 00:00:00,19.07,20.65,24.05,13.85,22.33,22.48,23.12,23.49
2016-10-22 01:00:00,18.72,19.84,23.53,13.57,21.94,22.11,22.62,22.67
2016-10-22 02:00:00,18.42,19.86,22.65,13.48,21.47,21.61,22.28,22.46
2016-10-22 03:00:00,18.66,19.7,22.6,14.03,21.63,21.49,22.24,22.4
2016-10-22 04:00:00,20.02,20.82,23.39,16.12,22.33,22.06,22.91,23.41
2016-10-22 05:00:00,22.29,22.29,24.97,18.59,24.37,24.86,25.39,25.8
2016-10-22 06:00:00,25.43,26.51,28.4,21.33,27.84,27.27,28.04,29.09
2016-10-22 07:00:00,27.28,28.36,30.3,23.74,29.29,28.41,29.66,29.18
2016-10-22 08:00:00,28.99,29.22,30.65,27.12,30.19,28.8,30.35,29.83
2016-10-22 09:00:00,29.83,29.65,30.66,28.76,30.54,29.24,30.83,30.3
2016-10-22 10:00:00,29.9,29.65,30.64,29.24,30.53,29.27,30.83,30.3
2016-10-22 11:00:00,28.08,27.77,28.71,27.25,28.52,28.52,29.78,29.34
2016-10-22 12:00:00,27.03,27.15,28.12,25.17,27.52,28.45,29.55,29.09
2016-10-22 13:00:00,26.43,26.67,27.63,23.95,27.1,28.94,29.83,29.46
2016-10-22 14:00:00,26.08,26.18,27.01,23.46,26.71,29.23,30.18,29.88
2016-10-22 15:00:00,25.6,25.72,26.55,22.71,26.3,29.37,30.11,29.93
2016-10-22 16:00:00,26.0,26.05,26.89,23.52,26.51,28.83,29.65,29.26
2016-10-22 17:00:00,28.49,28.32,30.3,26.17,29.08,30.15,31.08,31.51
2016-10-22 18:00:00,30.99,31.24,32.13,28.89,31.9,31.93,34.06,33.69
2016-10-22 19:00:00,26.22,27.32,29.28,21.93,28.34,29.47,30.48,30.51
2016-10-22 20:00:00,23.69,24.29,25.24,19.43,25.4,27.42,28.39,28.51
2016-10-22 21:00:00,22.07,22.66,24.06,18.0,23.66,26.24,26.64,27.15
2016-10-22 22:00:00,19.93,21.25,23.93,15.610000000000003,22.71,23.39,24.33,24.39
2016-10-22 23:00:00,18.76,20.400000000000002,23.36,13.84,21.93,22.9,23.61,23.75
2016-10-23 00:00:00,17.17,19.81,23.11,11.76,23.12,20.11,21.08,21.13
2016-10-23 01:00:00,16.830000000000002,19.3,22.77,11.86,22.77,19.43,20.41,20.47
2016-10-23 02:00:00,16.1,18.35,21.59,10.61,21.57,18.82,19.45,19.8
2016-10-23 03:00:00,15.5,18.28,21.61,8.76,21.58,18.96,19.19,19.900000000000002
2016-10-23 04:00:00,16.12,18.79,22.19,9.200000000000001,22.17,19.39,19.7,20.34
2016-10-23 05:00:00,18.01,20.71,24.28,11.01,24.26,21.22,21.79,22.29
2016-10-23 06:00:00,20.400000000000002,22.83,25.6,13.03,25.9,24.35,25.01,25.74
2016-10-23 07:00:00,22.29,24.4,27.62,16.15,27.74,25.22,26.5,26.74
2016-10-23 08:00:00,23.92,26.08,29.12,18.080000000000002,29.13,26.69,28.22,28.36
2016-10-23 09:00:00,24.46,26.3,29.17,19.080000000000002,29.23,26.99,28.55,28.69
2016-10-23 10:00:00,24.19,25.92,28.32,18.900000000000002,28.96,26.58,27.52,28.0
2016-10-23 11:00:00,23.98,25.61,27.82,18.69,28.97,26.48,27.38,27.86
2016-10-23 12:00:00,23.66,24.93,27.17,18.84,28.6,26.11,27.05,28.19
2016-10-23 13:00:00,23.87,25.55,27.74,18.21,29.28,27.03,27.98,28.82
2016-10-23 14:00:00,24.15,25.42,27.91,18.75,29.34,27.59,29.29,29.42
2016-10-23 15:00:00,24.79,26.23,28.76,19.150000000000002,29.82,28.24,30.0,30.13
2016-10-23 16:00:00,25.68,27.96,30.38,19.61,31.07,29.59,30.75,31.38
2016-10-23 17:00:00,29.4,30.81,34.22,24.41,34.6,32.29,33.7,34.300000000000004
2016-10-23 18:00:00,36.32,37.78,41.3,32.19,40.98,36.07,38.79,38.75
2016-10-23 19:00:00,32.69,32.63,35.78,29.52,35.730000000000004,33.160000000000004,34.95,35.35
2016-10-23 20:00:00,26.73,27.75,29.49,23.64,29.11,27.44,29.55,29.22
2016-10-23 21:00:00,24.46,25.43,27.11,22.06,27.32,24.88,26.75,28.18
2016-10-23 22:00:00,21.63,22.64,23.84,19.29,23.47,22.43,23.47,23.9
2016-10-23 23:00:00,20.77,21.71,23.27,18.6,22.98,21.29,22.41,23.01
2016-10-24 00:00:00,18.09,20.5,22.68,12.56,21.93,21.82,21.88,22.06
2016-10-24 01:00:00,17.900000000000002,19.88,21.55,12.63,20.95,21.48,21.42,21.63
2016-10-24 02:00:00,17.86,19.55,21.08,13.27,20.59,21.15,21.1,21.3
2016-10-24 03:00:00,18.240000000000002,19.68,20.98,13.62,20.83,21.41,21.36,21.97
2016-10-24 04:00:00,20.240000000000002,21.33,23.7,16.61,23.17,21.83,22.71,23.08
2016-10-24 05:00:00,26.06,28.36,30.35,22.4,29.68,26.52,27.63,28.07
2016-10-24 06:00:00,33.35,33.86,35.37,33.160000000000004,35.87,32.43,33.75,32.93
2016-10-24 07:00:00,31.25,31.06,32.45,30.73,33.57,30.06,31.55,30.78
2016-10-24 08:00:00,30.85,30.43,31.46,30.59,31.46,29.35,30.74,30.21
2016-10-24 09:00:00,31.53,31.05,31.86,31.09,31.970000000000006,30.23,32.08,31.61
2016-10-24 10:00:00,30.43,30.05,30.82,29.82,31.220000000000006,29.12,31.24,30.42
2016-10-24 11:00:00,30.52,30.2,30.970000000000006,29.7,31.05,29.48,31.65,30.79
2016-10-24 12:00:00,30.22,30.11,30.87,28.51,30.89,31.37,33.27,32.01
2016-10-24 13:00:00,30.17,29.72,31.63,26.33,30.92,33.56,35.78,32.88
2016-10-24 14:00:00,30.55,30.08,32.03,25.75,31.12,36.38,39.230000000000004,35.550000000000004
2016-10-24 15:00:00,30.16,29.74,31.470000000000006,24.29,30.44,39.52,41.75,38.72
2016-10-24 16:00:00,29.91,29.57,31.42,23.74,30.51,39.76,41.21,38.4
2016-10-24 17:00:00,31.09,30.0,32.230000000000004,26.34,31.86,38.35,40.53,37.38
2016-10-24 18:00:00,37.75,38.01,40.22,32.76,39.84,39.050000000000004,43.81,39.88
2016-10-24 19:00:00,31.720000000000006,32.160000000000004,34.42,27.01,33.8,37.71,40.59,36.74
2016-10-24 20:00:00,26.25,25.57,27.41,21.0,27.07,34.54,35.07,32.910000000000004
2016-10-24 21:00:00,22.71,23.18,24.3,18.35,23.82,29.56,30.14,28.58
2016-10-24 22:00:00,20.22,21.84,22.57,14.52,22.2,27.25,26.51,26.39
2016-10-24 23:00:00,18.28,21.97,23.03,9.0,22.99,24.74,23.97,24.71
2016-10-25 00:00:00,18.48,21.96,23.36,11.87,23.35,21.27,22.02,22.39
2016-10-25 01:00:00,17.96,21.56,22.93,11.08,22.89,20.84,21.59,21.94
2016-10-25 02:00:00,17.56,21.04,22.43,11.13,22.36,20.16,20.9,21.24
2016-10-25 03:00:00,17.830000000000002,21.75,23.04,11.4,22.94,20.14,21.25,21.26
2016-10-25 04:00:00,19.68,24.48,26.84,12.02,26.64,22.49,23.52,23.29
2016-10-25 05:00:00,27.56,36.78,38.77,18.89,38.26,27.59,30.72,29.77
2016-10-25 06:00:00,37.04,43.07,46.4,33.01,45.96,35.43,38.0,36.800000000000004
2016-10-25 07:00:00,32.27,35.96,39.34,25.89,40.27,33.24,35.27,34.44
2016-10-25 08:00:00,29.95,33.45,36.45,23.33,37.86,32.47,34.35,33.14
2016-10-25 09:00:00,29.5,32.77,35.160000000000004,23.9,36.65,30.53,32.55,31.68
2016-10-25 10:00:00,28.89,31.29,33.49,23.34,35.13,32.78,33.62,32.82
2016-10-25 11:00:00,28.54,31.09,32.980000000000004,21.73,34.550000000000004,35.62,35.54,34.52
2016-10-25 12:00:00,28.67,31.220000000000006,32.93,21.27,34.31,38.22,37.22,35.79
2016-10-25 13:00:00,28.82,31.01,33.26,20.02,34.2,42.83,42.15,40.04
2016-10-25 14:00:00,28.54,30.46,31.57,19.64,32.52,41.53,44.9,40.02
2016-10-25 15:00:00,28.39,30.45,32.24,17.53,32.71,42.07,47.26,40.99
2016-10-25 16:00:00,28.22,30.92,32.87,17.05,33.0,42.38,45.85,41.17
2016-10-25 17:00:00,29.27,32.92,34.89,19.34,36.0,42.24,41.56,41.95
2016-10-25 18:00:00,35.67,41.98,44.58,23.48,45.6,47.37,47.48,48.16
2016-10-25 19:00:00,30.47,36.33,38.19,20.42,38.4,40.82,40.96,40.38
2016-10-25 20:00:00,26.04,30.58,31.57,19.82,31.6,33.27,34.08,33.4
2016-10-25 21:00:00,21.77,25.85,27.39,15.14,27.23,27.93,28.03,27.4
2016-10-25 22:00:00,19.67,24.87,26.03,12.58,25.69,23.27,25.1,24.78
2016-10-25 23:00:00,18.34,24.01,25.66,11.5,25.2,20.73,21.52,21.85
2016-10-26 00:00:00,18.27,22.56,24.66,12.41,24.73,20.3,21.21,21.57
2016-10-26 01:00:00,18.150000000000002,22.92,24.44,13.18,24.2,19.56,20.39,20.39
2016-10-26 02:00:00,18.27,22.93,24.42,13.88,24.15,19.14,19.96,19.96
2016-10-26 03:00:00,19.240000000000002,21.8,24.15,15.82,24.1,19.63,20.54,20.81
2016-10-26 04:00:00,21.44,26.13,28.28,16.42,28.32,22.06,23.47,23.41
2016-10-26 05:00:00,28.97,36.58,39.88,20.43,40.69,29.76,31.9,31.5
2016-10-26 06:00:00,39.730000000000004,44.04,48.31,35.99,50.59,35.13,37.92,36.43
2016-10-26 07:00:00,35.9,37.58,41.12,36.480000000000004,44.22,31.18,33.15,32.3
2016-10-26 08:00:00,31.970000000000006,34.51,38.050000000000004,29.18,41.0,29.74,31.4,30.53
2016-10-26 09:00:00,33.0,33.77,38.27,31.25,41.71,29.91,31.64,30.63
2016-10-26 10:00:00,33.55,32.65,37.72,32.52,41.4,31.2,32.87,32.02
2016-10-26 11:00:00,33.31,33.31,37.52,31.26,40.56,30.53,31.84,30.72
2016-10-26 12:00:00,33.81,33.45,37.54,31.36,39.39,33.25,35.46,33.35
2016-10-26 13:00:00,33.34,31.06,33.57,31.16,35.77,34.19,41.45,35.050000000000004
2016-10-26 14:00:00,32.6,29.06,31.02,28.71,33.1,39.1,49.85,39.730000000000004
2016-10-26 15:00:00,32.660000000000004,28.92,31.88,26.79,32.97,40.42,52.17,40.79
2016-10-26 16:00:00,34.25,31.12,34.68,29.23,35.14,42.27,52.17,42.67
2016-10-26 17:00:00,35.76,34.730000000000004,37.28,33.01,37.76,37.86,47.93,38.83
2016-10-26 18:00:00,42.33,42.08,44.99,38.35,45.56,40.71,50.55,41.6
2016-10-26 19:00:00,35.71,34.21,37.31,32.44,37.39,35.47,43.27,37.04
2016-10-26 20:00:00,30.63,28.97,30.28,28.61,31.43,30.61,35.410000000000004,33.08
2016-10-26 21:00:00,25.93,25.1,26.01,26.92,26.15,25.48,27.39,27.03
2016-10-26 22:00:00,23.25,23.05,24.53,22.43,24.06,24.06,25.61,25.16
2016-10-26 23:00:00,22.36,23.63,24.84,21.18,24.31,22.39,23.63,23.12
2016-10-27 00:00:00,20.57,21.17,22.04,18.86,22.02,20.330000000000002,21.13,21.87
2016-10-27 01:00:00,19.89,20.27,21.55,18.650000000000002,20.99,19.68,20.47,20.67
2016-10-27 02:00:00,19.53,19.86,21.12,18.32,20.56,19.35,20.12,20.32
2016-10-27 03:00:00,19.76,20.14,21.41,18.44,20.84,19.61,20.39,20.6
2016-10-27 04:00:00,22.16,21.84,23.93,20.21,23.56,21.87,22.79,22.7
2016-10-27 05:00:00,28.83,28.94,32.230000000000004,24.53,32.12,25.6,28.06,27.29
2016-10-27 06:00:00,38.0,36.07,38.06,37.22,38.89,32.37,34.84,33.42
2016-10-27 07:00:00,33.88,32.44,33.54,34.25,36.050000000000004,28.46,30.81,30.26
2016-10-27 08:00:00,31.09,30.35,31.3,30.09,32.22,26.55,29.93,29.07
2016-10-27 09:00:00,32.99,31.77,32.99,32.45,33.78,29.19,31.82,31.18
2016-10-27 10:00:00,32.72,31.13,33.4,30.57,33.25,30.09,31.9,31.34
2016-10-27 11:00:00,32.93,31.69,33.93,30.29,33.44,31.39,32.96,32.82
2016-10-27 12:00:00,33.67,32.82,34.84,29.54,33.75,33.7,35.08,35.160000000000004
2016-10-27 13:00:00,32.84,32.36,33.88,28.38,32.71,33.77,36.24,35.910000000000004
2016-10-27 14:00:00,32.88,30.11,32.32,27.74,30.55,37.97,45.64,36.18
2016-10-27 15:00:00,33.35,30.08,32.59,27.44,30.58,40.37,48.08,41.31
2016-10-27 16:00:00,33.75,30.75,33.57,27.6,31.67,40.18,47.48,41.34
2016-10-27 17:00:00,33.730000000000004,33.19,34.96,29.38,34.0,36.26,40.68,38.51
2016-10-27 18:00:00,38.52,38.4,40.94,33.71,40.12,38.76,43.25,39.36
2016-10-27 19:00:00,31.48,30.93,32.89,28.25,33.22,34.24,37.03,35.7
2016-10-27 20:00:00,26.32,27.87,29.41,21.36,29.77,31.32,32.78,33.3
2016-10-27 21:00:00,21.56,23.62,24.93,16.05,25.0,25.0,27.09,26.74
2016-10-27 22:00:00,19.61,23.43,25.02,12.76,24.85,23.52,24.51,24.51
2016-10-27 23:00:00,16.91,23.24,24.7,6.2,24.68,22.16,22.83,23.28
2016-10-28 00:00:00,16.76,22.62,24.05,6.1,23.87,21.33,22.27,21.98
2016-10-28 01:00:00,15.99,21.87,23.23,5.61,23.1,20.83,21.55,22.12
2016-10-28 02:00:00,15.29,21.85,22.83,5.33,22.6,18.93,19.47,19.59
2016-10-28 03:00:00,15.28,22.18,23.2,5.33,22.92,18.93,19.490000000000002,19.6
2016-10-28 04:00:00,16.77,24.1,25.59,6.08,25.33,20.69,21.55,22.1
2016-10-28 05:00:00,23.79,33.21,34.980000000000004,12.88,34.56,25.11,27.28,27.16
2016-10-28 06:00:00,28.88,36.82,39.37,20.13,38.89,27.33,31.7,31.02
2016-10-28 07:00:00,26.5,33.37,35.44,19.29,35.08,26.06,29.8,29.12
2016-10-28 08:00:00,24.67,31.2,32.38,18.06,32.2,25.47,28.24,27.65
2016-10-28 09:00:00,25.22,31.34,32.49,18.95,32.39,26.06,28.64,28.21
2016-10-28 10:00:00,25.25,31.09,32.28,18.69,32.12,26.83,29.09,28.87
2016-10-28 11:00:00,25.25,30.78,32.26,18.69,32.4,27.83,30.43,29.21
2016-10-28 12:00:00,25.53,30.2,30.8,19.330000000000002,31.54,28.72,31.09,30.45
2016-10-28 13:00:00,26.11,28.46,29.51,19.150000000000002,30.55,33.15,36.56,36.67
2016-10-28 14:00:00,26.64,26.89,28.31,21.0,29.57,36.12,43.5,37.04
2016-10-28 15:00:00,27.26,27.04,28.24,21.88,29.46,37.94,47.61,37.980000000000004
2016-10-28 16:00:00,28.23,26.83,28.55,23.57,29.57,38.550000000000004,45.63,41.31
2016-10-28 17:00:00,29.08,29.7,31.69,27.8,32.27,31.31,34.96,33.86
2016-10-28 18:00:00,31.35,31.28,31.88,32.01,33.06,32.58,35.34,34.660000000000004
2016-10-28 19:00:00,26.95,27.01,27.51,27.89,28.6,27.42,29.63,29.07
2016-10-28 20:00:00,23.96,23.74,24.79,23.68,25.72,24.98,26.76,26.69
2016-10-28 21:00:00,21.56,21.38,22.15,21.09,23.01,23.82,25.14,25.19
2016-10-28 22:00:00,20.330000000000002,19.93,21.68,18.56,21.41,23.1,24.16,23.67
2016-10-28 23:00:00,19.57,19.72,21.34,17.09,21.17,21.61,23.1,23.15
2016-10-29 00:00:00,18.43,18.06,19.97,15.3,20.01,22.12,22.88,22.77
2016-10-29 01:00:00,17.6,17.43,19.45,13.97,19.29,21.14,21.34,21.11
2016-10-29 02:00:00,17.09,16.93,19.02,13.17,18.900000000000002,20.64,20.84,20.62
2016-10-29 03:00:00,16.96,17.42,18.79,12.64,18.91,20.25,20.67,20.58
2016-10-29 04:00:00,17.96,17.73,20.12,14.12,20.12,20.84,21.28,20.58
2016-10-29 05:00:00,19.62,18.830000000000002,21.17,16.91,21.02,22.3,22.67,22.46
2016-10-29 06:00:00,21.41,19.900000000000002,22.62,19.64,23.05,23.87,23.33,23.33
2016-10-29 07:00:00,22.95,21.83,24.47,20.23,24.9,25.85,26.12,25.55
2016-10-29 08:00:00,23.77,22.47,25.49,20.400000000000002,25.91,27.01,27.59,27.24
2016-10-29 09:00:00,24.72,23.08,25.92,22.24,26.23,27.59,28.78,27.71
2016-10-29 10:00:00,25.8,25.24,26.72,22.46,27.17,28.96,32.03,28.72
2016-10-29 11:00:00,26.16,25.6,27.01,22.75,27.16,29.66,33.62,28.87
2016-10-29 12:00:00,27.12,24.87,27.23,23.64,26.94,30.0,38.550000000000004,30.57
2016-10-29 13:00:00,28.35,23.99,26.21,24.94,26.68,34.34,50.91,34.47
2016-10-29 14:00:00,29.6,24.23,26.84,23.71,27.21,44.97,60.69,39.7
2016-10-29 15:00:00,30.75,24.25,27.06,22.95,27.33,49.0,77.67,41.98
2016-10-29 16:00:00,29.91,23.67,26.78,23.02,27.26,43.4,71.02,41.39
2016-10-29 17:00:00,29.95,28.13,29.67,25.08,29.41,31.84,48.54,35.81
2016-10-29 18:00:00,30.7,29.57,32.12,25.15,31.44,30.53,46.14,32.44
2016-10-29 19:00:00,28.14,25.45,27.98,24.81,28.12,27.67,38.480000000000004,29.54
2016-10-29 20:00:00,24.32,23.12,24.46,21.41,24.24,24.98,31.07,27.47
2016-10-29 21:00:00,23.37,22.13,23.29,21.73,23.18,24.28,27.21,26.68
2016-10-29 22:00:00,21.65,21.84,22.47,19.5,22.34,19.92,26.11,24.74
2016-10-29 23:00:00,20.73,20.93,22.43,18.67,22.05,17.81,24.53,23.15
2016-10-30 00:00:00,19.740000000000002,20.51,21.5,17.7,21.4,19.44,21.43,20.83
2016-10-30 01:00:00,18.29,19.05,20.02,16.21,19.77,18.28,19.48,19.32
2016-10-30 02:00:00,18.0,18.68,19.53,15.88,19.28,17.77,19.21,18.91
2016-10-30 03:00:00,17.45,18.38,19.13,14.66,18.900000000000002,17.2,18.96,18.41
2016-10-30 04:00:00,17.97,18.5,19.34,15.75,19.2,17.53,19.42,18.82
2016-10-30 05:00:00,19.22,19.47,20.3,17.67,20.13,18.85,20.39,20.1
2016-10-30 06:00:00,20.6,19.14,21.13,18.97,21.5,20.82,21.54,22.34
2016-10-30 07:00:00,21.82,19.94,22.33,19.86,22.5,22.21,23.21,23.12
2016-10-30 08:00:00,23.19,20.76,23.84,21.45,24.2,22.91,23.88,24.22
2016-10-30 09:00:00,24.53,20.98,25.03,22.3,25.83,24.23,25.43,25.94
2016-10-30 10:00:00,25.79,21.47,26.56,23.12,27.46,25.68,27.19,26.7
2016-10-30 11:00:00,27.53,22.89,28.47,24.35,29.49,28.21,29.51,28.46
2016-10-30 12:00:00,27.87,23.27,28.69,24.46,29.76,27.44,32.46,28.98
2016-10-30 13:00:00,28.7,23.47,28.39,24.25,29.33,30.03,40.68,32.8
2016-10-30 14:00:00,30.15,23.99,28.6,22.08,29.52,37.730000000000004,50.52,40.44
2016-10-30 15:00:00,30.94,24.98,28.62,21.24,29.56,41.42,57.29,45.0
2016-10-30 16:00:00,32.27,25.93,30.32,24.31,31.26,43.09,57.81,46.97
2016-10-30 17:00:00,32.9,30.43,32.62,29.08,32.77,35.97,48.05,37.410000000000004
2016-10-30 18:00:00,38.28,35.33,39.93,35.5,40.0,35.65,46.31,37.12
2016-10-30 19:00:00,32.410000000000004,28.84,32.64,31.27,33.47,30.46,40.49,31.14
2016-10-30 20:00:00,25.12,23.18,26.65,21.01,26.64,27.32,30.61,28.88
2016-10-30 21:00:00,22.41,21.55,23.73,18.05,24.46,24.44,26.87,26.54
2016-10-30 22:00:00,20.240000000000002,21.74,23.47,14.57,23.74,22.22,25.23,24.71
2016-10-30 23:00:00,18.0,19.990000000000002,21.51,11.67,22.0,21.17,23.63,23.29
2016-10-31 00:00:00,16.26,18.69,21.67,9.24,21.46,17.3,23.4,19.98
2016-10-31 01:00:00,14.99,17.92,20.47,7.84,20.48,16.5,21.8,19.13
2016-10-31 02:00:00,14.41,17.48,19.81,7.29,19.830000000000002,16.25,20.69,17.97
2016-10-31 03:00:00,14.54,16.31,21.1,6.15,21.44,16.89,20.95,18.52
2016-10-31 04:00:00,16.11,16.88,21.97,7.54,22.75,18.95,23.19,21.28
2016-10-31 05:00:00,22.5,21.68,31.86,12.59,31.43,23.86,27.02,26.01
2016-10-31 06:00:00,26.65,26.63,32.38,19.68,32.64,26.46,30.76,28.49
2016-10-31 07:00:00,25.25,25.56,31.83,19.93,33.15,25.29,30.0,27.64
2016-10-31 08:00:00,24.13,27.29,29.97,19.53,30.3,24.56,29.14,27.16
2016-10-31 09:00:00,24.5,27.12,29.63,19.66,31.08,24.59,30.9,28.13
2016-10-31 10:00:00,25.11,27.97,30.86,19.52,33.0,25.7,32.95,29.5
2016-10-31 11:00:00,25.94,27.2,31.13,19.46,33.86,26.52,38.11,31.87
2016-10-31 12:00:00,26.98,26.94,32.27,19.51,37.5,27.33,45.41,33.51
2016-10-31 13:00:00,28.76,26.27,31.18,20.37,36.550000000000004,31.01,58.08,44.77
2016-10-31 14:00:00,31.17,25.99,34.28,19.61,38.0,38.97,72.0,60.91
2016-10-31 15:00:00,32.13,26.51,32.910000000000004,19.35,36.46,44.59,78.9,71.74
2016-10-31 16:00:00,32.1,26.25,33.29,18.93,34.89,42.23,84.43,67.03
2016-10-31 17:00:00,30.68,27.5,34.9,20.62,40.57,36.25,62.53,47.02
2016-10-31 18:00:00,31.970000000000006,29.08,34.77,26.0,41.65,31.82,55.87,38.31
2016-10-31 19:00:00,27.3,25.24,29.3,22.56,35.84,27.07,43.34,31.36
2016-10-31 20:00:00,23.91,22.96,26.47,19.69,30.32,22.49,34.56,27.54
2016-10-31 21:00:00,21.92,22.06,25.79,17.86,27.89,21.39,28.74,24.75
2016-10-31 22:00:00,20.06,20.45,23.8,16.02,25.21,20.45,25.12,22.78
2016-10-31 23:00:00,18.400000000000002,19.5,22.47,14.03,23.56,18.41,23.0,20.57
2016-11-01 00:00:00,17.34,19.01,20.91,13.4,21.02,18.22,20.61,19.53
2016-11-01 01:00:00,16.85,18.3,19.650000000000002,14.09,19.650000000000002,17.59,18.92,18.22
2016-11-01 02:00:00,16.71,17.82,19.42,14.42,19.400000000000002,17.34,18.18,18.45
2016-11-01 03:00:00,17.09,17.92,20.05,14.7,19.990000000000002,17.46,18.42,17.91
2016-11-01 04:00:00,19.39,20.0,23.05,16.46,23.35,19.88,20.95,20.39
2016-11-01 05:00:00,24.34,24.4,30.11,19.63,34.160000000000004,24.33,25.58,24.54
2016-11-01 06:00:00,29.58,30.29,33.13,26.72,40.1,26.57,28.02,26.53
2016-11-01 07:00:00,29.74,28.87,30.81,30.08,38.0,26.63,27.95,27.55
2016-11-01 08:00:00,28.81,27.28,29.56,27.4,37.5,26.4,27.72,27.27
2016-11-01 09:00:00,30.75,29.14,32.27,28.26,38.74,28.14,29.81,29.21
2016-11-01 10:00:00,31.86,28.82,32.35,30.38,39.08,29.74,32.64,30.54
2016-11-01 11:00:00,33.410000000000004,28.63,34.22,31.35,40.9,31.17,35.72,32.660000000000004
2016-11-01 12:00:00,34.84,31.93,36.86,29.95,41.58,32.32,39.77,36.03
2016-11-01 13:00:00,37.31,34.29,37.52,31.92,41.83,36.07,48.56,43.14
2016-11-01 14:00:00,38.68,35.31,38.26,32.27,41.15,39.36,55.82,48.15
2016-11-01 15:00:00,39.58,36.9,39.11,32.230000000000004,41.0,41.2,60.25,51.8
2016-11-01 16:00:00,39.9,37.24,39.7,33.18,41.29,40.59,59.24,49.73
2016-11-01 17:00:00,38.34,37.32,39.04,35.22,41.99,35.74,48.73,42.83
2016-11-01 18:00:00,41.24,41.03,43.64,38.800000000000004,45.53,37.08,47.32,41.56
2016-11-01 19:00:00,35.76,35.28,36.82,33.32,37.74,33.160000000000004,40.52,37.45
2016-11-01 20:00:00,30.33,29.21,31.16,28.87,31.62,28.52,33.59,30.4
2016-11-01 21:00:00,25.7,26.3,27.9,21.15,26.99,24.9,28.25,27.66
2016-11-01 22:00:00,22.98,23.39,25.59,20.51,24.24,21.71,26.29,24.41
2016-11-01 23:00:00,21.53,21.69,24.35,19.19,22.94,20.41,24.12,22.09
2016-11-02 00:00:00,19.89,20.51,22.44,17.45,21.76,19.28,21.71,21.48
2016-11-02 01:00:00,19.35,19.740000000000002,21.37,17.68,20.54,18.92,20.49,20.8
2016-11-02 02:00:00,18.85,19.38,21.22,17.0,20.29,18.6,19.900000000000002,19.79
2016-11-02 03:00:00,18.91,19.6,21.61,16.78,20.61,18.400000000000002,19.85,19.69
2016-11-02 04:00:00,19.98,19.64,22.87,17.71,21.94,19.2,20.330000000000002,19.86
2016-11-02 05:00:00,23.99,22.32,27.98,20.78,27.21,22.9,24.53,24.23
2016-11-02 06:00:00,30.55,29.31,33.32,27.48,33.88,27.21,29.59,28.04
2016-11-02 07:00:00,30.38,29.62,31.78,28.07,31.87,26.23,29.46,26.81
2016-11-02 08:00:00,28.18,27.28,29.25,25.89,29.53,25.61,27.83,26.63
2016-11-02 09:00:00,30.06,29.12,31.23,27.66,31.26,27.75,30.17,27.16
2016-11-02 10:00:00,31.62,30.93,32.67,29.37,32.86,28.5,32.5,29.4
2016-11-02 11:00:00,32.03,32.54,34.2,28.14,33.45,28.73,35.17,31.44
2016-11-02 12:00:00,34.17,33.06,34.99,30.38,33.74,30.77,39.94,35.050000000000004
2016-11-02 13:00:00,35.65,34.15,36.2,31.44,33.92,32.69,45.29,38.62
2016-11-02 14:00:00,35.39,34.38,35.76,29.57,32.89,33.730000000000004,50.6,42.85
2016-11-02 15:00:00,34.9,33.68,35.04,28.58,32.06,34.93,54.28,45.17
2016-11-02 16:00:00,34.87,33.54,35.01,28.21,31.46,35.1,54.23,45.21
2016-11-02 17:00:00,34.87,34.21,35.57,30.28,33.45,32.71,47.52,40.85
2016-11-02 18:00:00,37.550000000000004,37.230000000000004,39.36,32.58,37.410000000000004,35.0,45.98,40.87
2016-11-02 19:00:00,31.85,31.23,32.5,28.11,30.87,29.86,38.51,35.34
2016-11-02 20:00:00,27.94,26.66,28.39,24.95,27.38,25.38,32.29,28.27
2016-11-02 21:00:00,24.14,23.7,24.96,21.57,24.71,24.26,27.69,25.52
2016-11-02 22:00:00,21.94,22.42,23.59,19.45,22.91,23.32,24.95,24.59
2016-11-02 23:00:00,20.26,20.35,21.9,17.89,21.2,21.98,23.2,23.09
2016-11-03 00:00:00,19.21,20.47,22.68,15.23,22.26,19.51,20.64,20.06
2016-11-03 01:00:00,18.400000000000002,19.79,20.92,14.78,20.48,18.67,19.53,19.29
2016-11-03 02:00:00,17.85,19.240000000000002,20.3,14.39,20.01,17.400000000000002,18.48,18.39
2016-11-03 03:00:00,18.06,19.42,20.53,14.51,20.19,17.77,18.77,18.76
2016-11-03 04:00:00,19.88,20.66,22.86,16.82,22.45,18.88,20.02,19.21
2016-11-03 05:00:00,24.59,25.26,27.92,22.41,27.7,21.6,23.04,21.7
2016-11-03 06:00:00,30.8,30.08,33.04,27.78,33.88,24.48,26.72,24.96
2016-11-03 07:00:00,31.49,29.28,31.52,31.62,32.08,23.52,25.77,23.86
2016-11-03 08:00:00,28.74,26.62,28.68,28.57,29.69,23.2,24.49,22.79
2016-11-03 09:00:00,29.71,27.9,30.26,28.93,30.45,23.68,25.08,23.92
2016-11-03 10:00:00,31.13,29.08,31.53,29.8,31.44,25.25,26.88,25.46
2016-11-03 11:00:00,31.68,28.96,31.89,29.69,31.05,27.74,29.27,28.16
2016-11-03 12:00:00,32.0,29.37,32.15,29.36,31.2,30.16,31.98,31.58
2016-11-03 13:00:00,32.96,28.5,31.84,30.87,30.89,30.73,40.58,37.160000000000004
2016-11-03 14:00:00,32.72,28.84,32.06,29.09,29.91,35.13,44.34,39.6
2016-11-03 15:00:00,32.84,28.92,32.2,27.14,29.48,36.52,48.13,43.31
2016-11-03 16:00:00,32.34,28.14,31.86,27.0,29.51,34.71,45.72,41.27
2016-11-03 17:00:00,32.81,30.03,32.96,29.6,31.2,30.95,34.76,33.17
2016-11-03 18:00:00,36.39,32.97,36.300000000000004,34.28,34.24,32.67,35.62,34.4
2016-11-03 19:00:00,30.84,28.55,31.23,27.32,29.78,28.56,30.01,29.1
2016-11-03 20:00:00,27.02,24.82,27.45,26.25,26.83,24.8,26.49,25.0
2016-11-03 21:00:00,23.71,22.47,24.02,23.16,24.0,21.69,22.96,21.94
2016-11-03 22:00:00,21.48,21.68,22.77,19.6,22.4,20.35,21.96,21.06
2016-11-03 23:00:00,19.650000000000002,19.900000000000002,21.07,17.1,20.77,18.91,20.5,19.72
2016-11-04 00:00:00,19.26,19.67,21.07,15.64,20.97,19.7,20.73,20.77
2016-11-04 01:00:00,18.64,19.38,20.330000000000002,15.17,20.05,19.01,19.69,19.88
2016-11-04 02:00:00,18.18,18.64,20.11,14.3,19.990000000000002,18.740000000000002,19.63,19.23
2016-11-04 03:00:00,17.990000000000002,19.28,20.330000000000002,13.59,20.05,18.61,19.35,19.5
2016-11-04 04:00:00,19.44,20.77,22.37,15.18,21.71,19.44,20.44,20.54
2016-11-04 05:00:00,23.15,24.49,26.79,19.5,25.88,21.25,23.08,22.04
2016-11-04 06:00:00,29.13,28.42,30.56,26.9,30.86,26.68,28.44,27.61
2016-11-04 07:00:00,28.56,27.79,29.55,27.04,29.63,25.24,27.16,26.02
2016-11-04 08:00:00,27.14,26.4,28.06,26.21,28.12,24.46,26.44,25.34
2016-11-04 09:00:00,27.77,27.34,29.1,26.45,28.62,24.95,26.99,26.5
2016-11-04 10:00:00,28.4,28.01,29.77,27.17,29.0,25.61,27.66,27.18
2016-11-04 11:00:00,27.97,26.98,29.08,26.59,28.62,26.72,28.6,27.53
2016-11-04 12:00:00,28.41,27.56,28.87,27.4,27.76,28.65,29.9,29.03
2016-11-04 13:00:00,28.96,27.25,29.31,27.91,27.38,29.97,32.74,31.9
2016-11-04 14:00:00,29.13,27.43,29.08,27.47,26.92,31.43,35.47,35.0
2016-11-04 15:00:00,29.02,26.57,28.36,27.19,26.36,32.4,37.18,36.480000000000004
2016-11-04 16:00:00,28.45,26.78,28.21,26.54,26.48,31.31,35.49,33.62
2016-11-04 17:00:00,28.71,27.99,29.44,25.83,28.34,26.67,32.480000000000004,30.84
2016-11-04 18:00:00,29.76,28.46,30.83,27.71,29.38,26.86,33.410000000000004,31.6
2016-11-04 19:00:00,26.36,25.85,27.3,25.0,26.78,22.64,27.19,25.86
2016-11-04 20:00:00,24.16,23.76,25.15,22.04,24.92,21.97,25.8,25.09
2016-11-04 21:00:00,22.29,22.31,23.51,20.2,23.27,20.96,23.97,23.75
2016-11-04 22:00:00,20.58,20.47,21.96,18.19,21.49,20.29,22.64,22.66
2016-11-04 23:00:00,19.14,19.46,20.56,16.35,20.43,19.42,20.82,20.95
2016-11-05 00:00:00,19.13,19.32,20.8,16.34,20.53,18.490000000000002,20.52,20.34
2016-11-05 01:00:00,18.31,19.29,20.54,15.78,20.09,18.01,19.13,19.35
2016-11-05 02:00:00,18.13,18.77,20.71,15.0,20.18,18.19,19.07,18.94
2016-11-05 03:00:00,18.22,18.66,20.72,15.19,20.240000000000002,18.150000000000002,19.1,18.94
2016-11-05 04:00:00,18.75,19.48,21.23,15.68,20.81,18.45,19.32,19.45
2016-11-05 05:00:00,20.16,20.38,22.64,17.38,21.98,20.07,20.84,21.06
2016-11-05 06:00:00,22.53,21.29,23.87,20.67,24.06,21.1,22.04,21.52
2016-11-05 07:00:00,23.37,21.89,24.59,21.61,24.83,21.71,22.69,22.16
2016-11-05 08:00:00,24.12,22.86,25.57,22.25,25.47,22.52,23.55,22.79
2016-11-05 09:00:00,24.64,24.19,25.88,22.79,25.57,23.45,24.12,23.69
2016-11-05 10:00:00,24.73,24.26,25.89,22.83,25.35,23.86,24.68,24.1
2016-11-05 11:00:00,24.3,23.22,25.52,22.36,24.79,22.93,24.75,23.8
2016-11-05 12:00:00,23.8,22.4,24.73,22.0,24.02,21.92,25.18,23.96
2016-11-05 13:00:00,23.57,22.75,24.4,21.99,23.64,21.69,25.23,23.7
2016-11-05 14:00:00,23.29,22.36,24.16,21.49,23.36,21.92,24.98,23.45
2016-11-05 15:00:00,23.6,21.82,23.53,21.21,23.7,22.87,26.66,24.6
2016-11-05 16:00:00,24.33,22.59,24.17,22.06,24.32,23.39,27.47,25.29
2016-11-05 17:00:00,25.41,24.94,26.18,22.97,25.72,24.06,26.82,25.13
2016-11-05 18:00:00,26.94,27.23,28.18,24.77,27.76,21.67,29.19,28.38
2016-11-05 19:00:00,23.76,24.57,25.84,20.64,25.44,19.12,25.83,25.15
2016-11-05 20:00:00,21.76,22.28,23.89,18.3,23.62,19.43,23.93,23.29
2016-11-05 21:00:00,19.61,20.72,22.04,16.0,21.89,18.650000000000002,22.07,22.17
2016-11-05 22:00:00,18.3,19.0,20.59,14.7,20.28,19.2,21.01,20.72
2016-11-05 23:00:00,16.86,18.92,20.6,11.73,20.47,17.490000000000002,19.75,19.62
2016-11-06 00:00:00,16.87,19.13,21.81,11.0,21.32,16.79,19.79,19.7
2016-11-06 01:00:00,15.63,18.18,20.99,9.43,20.53,15.62,18.42,18.37
2016-11-06 02:00:00,14.77,17.87,20.52,8.290000000000001,19.990000000000002,15.25,17.03,16.78
2016-11-06 03:00:00,14.63,17.78,20.49,8.06,19.96,15.18,16.9,16.64
2016-11-06 04:00:00,14.84,17.990000000000002,20.72,8.06,20.19,15.54,17.240000000000002,17.02
2016-11-06 05:00:00,16.18,18.37,20.74,11.06,20.330000000000002,16.07,18.03,17.68
2016-11-06 06:00:00,17.62,19.41,22.28,12.64,22.13,17.400000000000002,19.06,19.17
2016-11-06 07:00:00,18.89,20.39,22.8,14.83,22.89,17.7,19.64,19.75
2016-11-06 08:00:00,20.52,21.31,23.44,17.42,24.18,19.07,20.29,20.0
2016-11-06 09:00:00,21.14,21.84,23.69,18.32,24.2,19.080000000000002,21.24,21.01
2016-11-06 10:00:00,21.71,21.63,23.44,19.38,23.56,19.990000000000002,22.16,21.91
2016-11-06 11:00:00,21.69,22.02,23.59,19.32,23.32,20.05,22.81,23.31
2016-11-06 12:00:00,21.58,21.44,23.28,19.02,23.15,19.17,22.56,22.21
2016-11-06 13:00:00,21.44,21.37,23.27,18.06,23.04,19.3,23.62,23.19
2016-11-06 14:00:00,20.92,20.83,22.97,16.580000000000002,22.68,19.84,24.4,24.44
2016-11-06 15:00:00,20.75,21.51,23.38,15.860000000000003,23.17,19.71,24.48,23.88
2016-11-06 16:00:00,21.26,22.76,24.9,15.42,24.64,20.26,25.23,24.6
2016-11-06 17:00:00,24.36,26.41,29.55,19.29,29.72,22.34,26.41,26.14
2016-11-06 18:00:00,25.97,27.82,31.05,20.52,30.44,24.99,29.83,28.42
2016-11-06 19:00:00,23.4,24.94,27.28,18.05,26.82,20.44,27.78,26.41
2016-11-06 20:00:00,20.57,21.94,24.45,15.35,24.05,20.05,25.14,24.47
2016-11-06 21:00:00,19.37,20.87,23.8,14.16,23.33,19.39,23.3,22.55
2016-11-06 22:00:00,17.7,19.62,21.7,12.27,21.47,19.42,21.73,21.37
2016-11-06 23:00:00,15.99,18.96,21.19,9.15,20.93,18.51,20.37,19.98
2016-11-07 00:00:00,14.21,18.07,20.83,5.35,20.46,18.86,18.78,18.38
2016-11-07 01:00:00,13.05,16.580000000000002,19.09,4.59,18.87,16.72,16.73,17.14
2016-11-07 02:00:00,12.91,16.330000000000002,18.95,5.19,18.73,14.85,15.53,15.18
2016-11-07 03:00:00,13.33,15.96,19.31,5.42,19.23,15.2,15.9,15.54
2016-11-07 04:00:00,14.45,17.2,20.8,5.48,20.75,16.72,17.55,17.22
2016-11-07 05:00:00,17.27,20.12,24.35,8.83,24.11,18.18,19.57,18.900000000000002
2016-11-07 06:00:00,24.82,25.98,31.87,17.82,33.86,21.35,23.19,22.13
2016-11-07 07:00:00,27.72,28.51,33.94,22.28,33.55,23.76,25.54,23.96
2016-11-07 08:00:00,25.62,25.59,29.13,20.76,29.17,22.75,23.98,23.06
2016-11-07 09:00:00,25.51,25.22,28.6,21.43,28.32,23.09,24.64,24.06
2016-11-07 10:00:00,26.48,26.92,29.52,22.41,29.0,22.92,25.72,24.75
2016-11-07 11:00:00,25.95,24.82,27.93,22.04,27.5,23.07,25.9,25.55
2016-11-07 12:00:00,25.95,24.72,27.63,21.95,27.12,23.71,26.2,25.97
2016-11-07 13:00:00,26.21,24.69,27.66,21.97,27.15,24.87,27.04,27.62
2016-11-07 14:00:00,26.21,24.46,27.44,22.53,26.97,25.99,27.77,28.99
2016-11-07 15:00:00,26.45,25.28,28.01,22.71,27.3,25.87,27.4,27.81
2016-11-07 16:00:00,26.93,26.69,28.21,23.53,27.78,26.13,28.18,29.57
2016-11-07 17:00:00,32.82,31.77,34.17,29.9,33.95,29.71,34.89,36.050000000000004
2016-11-07 18:00:00,38.44,36.88,39.800000000000004,36.24,39.42,33.85,40.74,42.46
2016-11-07 19:00:00,31.28,29.57,32.24,28.45,32.05,28.98,33.730000000000004,34.28
2016-11-07 20:00:00,26.74,25.54,28.06,22.43,27.83,25.07,29.63,29.09
2016-11-07 21:00:00,24.56,23.46,25.78,22.18,25.13,22.84,24.44,23.91
2016-11-07 22:00:00,22.26,22.47,23.92,19.37,23.27,20.5,22.99,22.18
2016-11-07 23:00:00,20.13,20.66,21.96,16.55,21.54,19.32,20.99,20.23
2016-11-08 00:00:00,17.79,19.54,21.5,12.77,21.43,17.01,20.82,20.13
2016-11-08 01:00:00,16.29,18.86,21.06,10.34,20.9,16.67,18.55,18.71
2016-11-08 02:00:00,15.74,18.57,20.96,10.09,20.55,15.46,17.5,17.87
2016-11-08 03:00:00,15.71,18.31,20.71,10.4,20.3,15.55,17.25,17.77
2016-11-08 04:00:00,16.17,18.59,21.12,10.78,20.91,15.76,17.44,17.93
2016-11-08 05:00:00,18.42,21.05,24.01,12.5,23.83,18.62,19.73,19.71
2016-11-08 06:00:00,25.45,26.25,31.94,19.86,32.0,21.67,24.37,22.84
2016-11-08 07:00:00,27.91,29.51,31.67,24.37,31.0,24.88,27.7,27.35
2016-11-08 08:00:00,25.91,25.79,28.97,22.02,28.74,23.29,25.41,23.84
2016-11-08 09:00:00,26.3,24.21,28.57,23.15,28.2,23.26,26.21,26.07
2016-11-08 10:00:00,26.75,24.34,28.29,24.06,27.94,23.63,26.54,26.11
2016-11-08 11:00:00,26.36,23.38,27.78,23.63,27.52,23.36,26.21,25.97
2016-11-08 12:00:00,26.3,23.96,27.72,23.53,28.13,23.61,26.59,26.3
2016-11-08 13:00:00,25.57,22.62,26.69,22.36,27.24,23.13,27.16,26.54
2016-11-08 14:00:00,25.08,23.57,26.4,21.72,26.6,22.83,26.56,26.05
2016-11-08 15:00:00,25.22,22.99,25.99,21.92,26.89,23.41,27.12,26.48
2016-11-08 16:00:00,25.27,24.09,26.61,21.85,26.87,23.17,26.67,26.32
2016-11-08 17:00:00,30.75,31.12,33.07,26.02,33.38,28.36,32.12,32.230000000000004
2016-11-08 18:00:00,36.08,35.2,37.74,33.07,38.480000000000004,31.93,36.83,36.480000000000004
2016-11-08 19:00:00,29.28,29.86,31.69,24.35,31.6,25.45,32.62,33.31
2016-11-08 20:00:00,26.36,26.74,28.28,22.74,28.04,22.67,29.46,28.03
2016-11-08 21:00:00,25.02,23.74,26.1,21.96,25.79,22.89,27.16,27.39
2016-11-08 22:00:00,22.05,22.2,23.64,19.27,23.1,21.0,23.74,24.36
2016-11-08 23:00:00,20.7,21.35,22.59,17.44,22.17,20.2,22.42,22.82
2016-11-09 00:00:00,19.56,19.7,20.82,15.57,20.88,19.25,22.21,22.91
2016-11-09 01:00:00,18.39,18.5,19.57,14.96,19.580000000000002,18.48,20.150000000000002,21.27
2016-11-09 02:00:00,17.72,18.45,19.81,14.07,19.54,17.21,19.36,20.02
2016-11-09 03:00:00,17.7,18.42,19.78,14.73,19.5,16.990000000000002,19.13,19.63
2016-11-09 04:00:00,18.37,18.81,19.75,14.6,19.8,18.19,19.88,20.36
2016-11-09 05:00:00,21.07,21.78,22.44,17.17,22.83,19.36,21.17,20.95
2016-11-09 06:00:00,28.39,30.93,33.5,22.05,33.11,23.76,25.43,24.1
2016-11-09 07:00:00,32.62,34.78,35.61,30.85,35.33,27.52,29.63,30.05
2016-11-09 08:00:00,30.53,30.69,32.96,28.73,32.99,26.69,28.45,27.91
2016-11-09 09:00:00,30.43,30.12,31.96,29.62,31.93,26.3,28.26,27.77
2016-11-09 10:00:00,30.98,30.3,31.88,30.19,31.63,27.91,30.58,30.55
2016-11-09 11:00:00,29.84,29.08,30.72,28.62,30.53,27.55,29.99,29.81
2016-11-09 12:00:00,28.5,28.3,29.67,25.21,29.62,27.36,30.25,30.18
2016-11-09 13:00:00,27.26,26.6,28.41,23.1,28.62,26.57,29.81,31.67
2016-11-09 14:00:00,26.32,27.22,27.8,21.64,27.57,25.07,28.43,29.73
2016-11-09 15:00:00,26.15,25.57,26.98,22.33,27.34,25.57,29.02,30.15
2016-11-09 16:00:00,25.78,26.7,27.24,21.53,26.57,24.58,27.86,29.04
2016-11-09 17:00:00,32.04,33.25,34.2,26.93,33.3,30.8,34.5,35.46
2016-11-09 18:00:00,33.95,34.27,35.77,27.57,37.18,33.29,37.5,38.92
2016-11-09 19:00:00,28.06,29.58,30.61,21.53,31.24,27.5,32.47,30.8
2016-11-09 20:00:00,24.91,26.95,27.72,18.84,28.15,25.26,29.98,28.07
2016-11-09 21:00:00,22.38,24.21,24.9,16.47,24.93,24.25,27.1,26.5
2016-11-09 22:00:00,19.43,23.34,23.55,10.28,23.33,21.9,24.97,24.51
2016-11-09 23:00:00,16.61,20.7,20.67,6.87,20.63,21.25,23.16,22.91
2016-11-10 00:00:00,15.82,19.5,19.26,9.25,19.03,20.45,22.06,21.48
2016-11-10 01:00:00,14.79,18.490000000000002,18.63,6.93,18.76,19.97,20.8,20.19
2016-11-10 02:00:00,13.93,17.09,17.51,6.45,16.990000000000002,19.0,19.51,19.77
2016-11-10 03:00:00,13.11,16.330000000000002,16.7,5.13,16.22,19.13,19.330000000000002,19.57
2016-11-10 04:00:00,14.83,18.56,18.59,7.04,18.8,19.580000000000002,20.6,19.990000000000002
2016-11-10 05:00:00,17.18,19.57,20.9,9.82,21.61,20.22,21.86,21.0
2016-11-10 06:00:00,23.79,27.44,28.03,17.66,30.55,25.12,27.14,25.83
2016-11-10 07:00:00,27.68,30.71,31.2,21.4,34.35,28.99,31.14,30.46
2016-11-10 08:00:00,25.56,27.3,28.58,19.7,30.77,24.81,28.84,26.82
2016-11-10 09:00:00,25.04,27.16,28.07,19.42,30.42,24.78,28.81,27.55
2016-11-10 10:00:00,25.29,26.41,27.78,19.85,31.57,23.19,29.47,26.33
2016-11-10 11:00:00,25.17,25.79,27.18,20.59,31.0,23.22,27.83,24.98
2016-11-10 12:00:00,24.71,25.26,26.83,19.830000000000002,30.31,22.7,27.92,24.8
2016-11-10 13:00:00,24.15,24.72,26.26,19.6,29.73,22.58,27.07,24.57
2016-11-10 14:00:00,23.91,24.55,25.99,19.41,29.47,22.76,26.39,23.99
2016-11-10 15:00:00,23.09,23.94,24.94,19.17,28.85,22.15,25.23,24.19
2016-11-10 16:00:00,23.12,24.49,25.45,19.29,28.6,22.77,24.97,23.84
2016-11-10 17:00:00,28.13,29.75,31.27,21.6,36.26,28.76,30.95,29.13
2016-11-10 18:00:00,28.91,30.32,31.7,22.54,37.81,29.33,30.41,30.15
2016-11-10 19:00:00,24.75,26.75,27.57,19.62,32.44,23.97,29.37,28.0
2016-11-10 20:00:00,23.0,24.61,26.1,18.11,29.19,23.2,27.8,25.67
2016-11-10 21:00:00,21.11,23.41,24.0,16.92,24.64,21.68,25.06,24.49
2016-11-10 22:00:00,19.080000000000002,21.22,21.86,14.8,21.89,21.11,23.16,23.07
2016-11-10 23:00:00,16.87,19.330000000000002,19.48,12.32,19.43,20.13,21.7,21.64
2016-11-11 00:00:00,16.27,8.64,19.09,10.15,19.89,17.96,18.92,19.5
2016-11-11 01:00:00,16.26,7.5,18.51,11.25,19.150000000000002,17.23,18.09,17.68
2016-11-11 02:00:00,15.44,5.19,17.990000000000002,9.46,18.830000000000002,16.7,18.07,17.77
2016-11-11 03:00:00,15.16,4.71,17.900000000000002,9.21,18.490000000000002,16.61,17.42,17.080000000000002
2016-11-11 04:00:00,16.65,5.56,18.81,11.94,19.44,17.67,18.55,18.41
2016-11-11 05:00:00,18.52,9.200000000000001,21.02,13.39,22.52,19.18,19.88,19.51
2016-11-11 06:00:00,23.62,16.54,26.52,17.22,30.78,22.86,26.54,26.17
2016-11-11 07:00:00,26.97,20.67,29.51,21.73,34.43,25.25,28.38,28.56
2016-11-11 08:00:00,25.78,20.65,27.79,20.86,31.0,23.82,27.54,28.06
2016-11-11 09:00:00,25.64,21.87,27.57,21.66,30.66,23.75,27.32,27.83
2016-11-11 10:00:00,26.63,22.34,28.06,23.25,31.13,24.93,27.87,28.35
2016-11-11 11:00:00,26.35,21.63,27.72,23.3,31.2,24.91,26.88,26.58
2016-11-11 12:00:00,25.9,22.5,27.79,22.36,29.92,24.29,27.18,26.46
2016-11-11 13:00:00,25.41,22.07,27.54,21.94,29.38,23.26,26.54,25.72
2016-11-11 14:00:00,25.09,22.15,26.88,21.29,28.99,24.85,25.01,24.78
2016-11-11 15:00:00,24.39,21.93,25.41,20.1,27.62,23.87,24.39,24.73
2016-11-11 16:00:00,24.55,23.0,26.77,21.03,28.72,23.64,25.29,24.43
2016-11-11 17:00:00,30.28,26.17,32.52,24.86,35.35,27.59,30.31,27.95
2016-11-11 18:00:00,31.93,26.63,34.05,27.74,37.09,28.29,31.89,29.58
2016-11-11 19:00:00,27.55,22.41,28.92,22.0,31.14,23.9,29.0,28.78
2016-11-11 20:00:00,25.27,20.83,26.92,19.94,28.23,22.49,25.92,25.55
2016-11-11 21:00:00,23.59,19.67,25.33,18.900000000000002,25.84,22.9,23.74,23.81
2016-11-11 22:00:00,22.05,15.33,23.83,18.47,23.97,21.28,22.82,22.52
2016-11-11 23:00:00,20.400000000000002,11.95,21.83,16.25,22.25,19.87,21.28,20.99
2016-11-12 00:00:00,19.150000000000002,19.37,21.37,14.43,21.42,17.44,20.96,18.23
2016-11-12 01:00:00,17.94,18.02,20.2,13.02,19.89,16.740000000000002,20.52,18.21
2016-11-12 02:00:00,16.95,16.86,19.59,10.76,19.5,15.41,19.59,16.740000000000002
2016-11-12 03:00:00,15.860000000000003,15.92,18.96,8.46,18.91,14.8,18.56,16.11
2016-11-12 04:00:00,15.92,15.94,19.32,7.88,19.51,15.42,18.7,16.43
2016-11-12 05:00:00,16.29,15.89,19.97,7.98,19.990000000000002,16.22,19.38,17.26
2016-11-12 06:00:00,17.67,18.98,22.25,6.35,22.74,19.02,21.59,19.96
2016-11-12 07:00:00,19.68,22.21,25.0,8.36,25.58,20.080000000000002,23.06,20.79
2016-11-12 08:00:00,21.09,23.49,24.94,12.68,25.19,20.22,24.75,22.85
2016-11-12 09:00:00,21.39,23.22,25.19,14.35,25.12,20.57,24.56,22.4
2016-11-12 10:00:00,21.15,22.32,24.48,14.72,24.61,19.72,24.05,21.89
2016-11-12 11:00:00,20.21,21.95,23.37,14.12,23.04,19.16,23.02,21.1
2016-11-12 12:00:00,19.6,21.71,22.65,13.13,22.37,19.16,23.01,21.63
2016-11-12 13:00:00,18.56,19.92,22.11,11.64,21.81,18.990000000000002,22.08,20.55
2016-11-12 14:00:00,17.8,19.34,20.65,10.97,20.59,18.19,21.27,19.89
2016-11-12 15:00:00,17.490000000000002,18.93,20.31,10.93,20.28,18.85,20.96,19.72
2016-11-12 16:00:00,18.150000000000002,19.94,21.08,11.58,20.99,19.05,21.84,20.41
2016-11-12 17:00:00,21.49,25.07,25.41,13.76,25.79,21.0,26.08,24.04
2016-11-12 18:00:00,22.47,26.25,26.5,14.84,27.28,21.63,26.85,25.75
2016-11-12 19:00:00,20.34,24.48,24.82,11.78,24.81,20.400000000000002,25.24,23.76
2016-11-12 20:00:00,18.44,22.71,23.21,9.56,23.36,19.27,23.27,22.23
2016-11-12 21:00:00,17.36,21.95,22.04,8.1,22.0,19.240000000000002,22.38,21.08
2016-11-12 22:00:00,15.94,19.97,20.43,6.5,20.400000000000002,18.900000000000002,21.72,20.080000000000002
2016-11-12 23:00:00,14.86,19.28,19.44,4.93,19.63,18.17,20.17,19.3
2016-11-13 00:00:00,13.63,21.2,17.54,5.42,17.95,16.46,18.64,17.52
2016-11-13 01:00:00,12.48,20.0,16.29,4.37,16.63,15.38,16.75,16.21
2016-11-13 02:00:00,11.88,18.68,15.54,4.13,15.91,14.84,16.02,15.5
2016-11-13 03:00:00,11.49,17.71,14.89,4.17,15.28,14.35,15.33,14.85
2016-11-13 04:00:00,11.85,18.11,15.3,4.22,15.77,14.94,15.96,15.47
2016-11-13 05:00:00,12.38,18.88,16.11,4.29,16.580000000000002,14.99,16.84,15.83
2016-11-13 06:00:00,13.94,20.25,18.09,4.46,20.1,16.28,19.2,17.53
2016-11-13 07:00:00,15.28,20.79,19.45,6.42,22.57,17.07,21.17,19.07
2016-11-13 08:00:00,17.26,23.14,21.25,8.870000000000001,23.45,18.75,22.36,20.48
2016-11-13 09:00:00,18.43,22.22,21.96,11.63,23.23,19.240000000000002,23.42,21.38
2016-11-13 10:00:00,18.2,21.96,21.32,12.29,21.98,18.92,22.44,20.82
2016-11-13 11:00:00,18.04,20.31,20.55,12.94,20.9,17.56,21.37,19.78
2016-11-13 12:00:00,18.28,19.86,20.3,14.05,20.97,17.55,21.13,19.55
2016-11-13 13:00:00,18.07,19.51,19.95,14.39,20.42,17.34,20.49,19.18
2016-11-13 14:00:00,18.23,19.27,20.28,15.0,20.42,17.6,20.49,19.52
2016-11-13 15:00:00,18.07,19.06,20.21,14.52,20.32,17.31,20.19,19.14
2016-11-13 16:00:00,19.21,19.79,20.77,16.52,21.47,17.96,21.07,19.81
2016-11-13 17:00:00,23.82,22.79,25.53,21.89,29.17,19.740000000000002,25.57,23.56
2016-11-13 18:00:00,26.46,25.73,28.74,24.47,32.480000000000004,20.52,27.46,25.42
2016-11-13 19:00:00,23.67,23.88,26.03,20.71,28.0,19.39,25.41,24.16
2016-11-13 20:00:00,21.79,21.81,23.87,19.04,26.38,19.17,23.33,22.44
2016-11-13 21:00:00,20.5,20.86,22.22,18.29,22.96,18.650000000000002,22.38,20.88
2016-11-13 22:00:00,19.21,19.8,20.5,18.26,20.12,17.28,20.65,19.13
2016-11-13 23:00:00,18.84,19.330000000000002,19.97,17.95,19.650000000000002,16.61,20.11,18.21
2016-11-14 00:00:00,18.35,15.7,19.84,16.2,19.96,17.46,19.73,18.26
2016-11-14 01:00:00,17.66,14.08,18.55,15.72,18.77,16.84,18.93,17.67
2016-11-14 02:00:00,17.22,12.69,18.650000000000002,15.21,18.71,15.97,18.64,17.59
2016-11-14 03:00:00,17.43,12.21,18.27,15.45,18.6,15.860000000000003,18.53,16.87
2016-11-14 04:00:00,18.56,12.24,19.41,16.39,19.81,16.67,19.62,17.78
2016-11-14 05:00:00,20.89,15.81,22.23,18.45,25.08,18.46,21.19,19.42
2016-11-14 06:00:00,27.41,24.15,29.68,23.26,36.79,24.03,28.99,25.76
2016-11-14 07:00:00,31.9,29.24,32.57,30.44,37.99,28.35,32.68,30.55
2016-11-14 08:00:00,27.67,26.35,29.42,21.52,32.01,23.5,27.81,24.99
2016-11-14 09:00:00,28.63,24.58,30.19,25.03,31.6,22.35,26.87,25.83
2016-11-14 10:00:00,29.11,26.13,30.43,26.85,30.970000000000006,22.48,27.55,26.57
2016-11-14 11:00:00,28.84,25.5,30.09,27.34,30.54,22.27,26.79,25.74
2016-11-14 12:00:00,27.61,24.92,28.86,24.31,29.34,22.05,26.75,25.27
2016-11-14 13:00:00,26.63,24.22,27.79,23.46,28.09,21.73,26.17,25.04
2016-11-14 14:00:00,25.44,23.17,26.56,20.99,26.92,21.68,25.57,24.44
2016-11-14 15:00:00,24.44,21.56,25.69,19.830000000000002,26.26,20.62,25.2,23.69
2016-11-14 16:00:00,24.96,22.46,26.31,19.73,26.62,21.57,25.57,24.11
2016-11-14 17:00:00,30.67,30.68,32.47,25.76,32.77,23.94,30.04,28.69
2016-11-14 18:00:00,36.92,34.05,38.32,33.0,39.21,28.53,36.49,34.18
2016-11-14 19:00:00,30.08,28.1,31.24,25.06,32.5,23.02,30.42,28.38
2016-11-14 20:00:00,27.67,26.11,29.43,19.66,29.21,21.7,27.93,27.17
2016-11-14 21:00:00,25.56,24.01,26.97,19.44,26.77,20.58,25.95,24.7
2016-11-14 22:00:00,22.43,20.48,24.01,17.830000000000002,24.1,19.71,21.69,20.72
2016-11-14 23:00:00,20.97,18.32,22.02,16.44,22.44,18.91,20.77,19.75
2016-11-15 00:00:00,20.0,17.85,21.26,15.6,21.29,17.900000000000002,19.900000000000002,19.01
2016-11-15 01:00:00,18.95,16.12,20.52,14.2,20.71,16.990000000000002,18.84,17.87
2016-11-15 02:00:00,18.150000000000002,15.76,19.82,12.55,19.92,16.48,17.84,17.12
2016-11-15 03:00:00,17.66,15.28,19.64,10.58,19.94,16.56,18.29,17.400000000000002
2016-11-15 04:00:00,17.63,15.78,19.98,7.81,20.37,17.95,18.85,18.31
2016-11-15 05:00:00,19.490000000000002,17.59,22.2,10.32,23.13,18.580000000000002,20.27,19.400000000000002
2016-11-15 06:00:00,25.11,23.95,29.8,13.35,37.53,22.29,26.31,24.63
2016-11-15 07:00:00,30.85,29.3,34.63,23.16,42.56,26.53,31.11,29.35
2016-11-15 08:00:00,25.59,28.8,29.41,15.27,32.85,23.09,28.5,27.15
2016-11-15 09:00:00,25.77,28.67,29.29,16.990000000000002,30.95,23.82,27.03,26.13
2016-11-15 10:00:00,26.04,28.69,29.14,18.25,30.74,23.97,27.73,26.92
2016-11-15 11:00:00,25.47,28.4,28.59,17.080000000000002,29.99,23.36,27.27,26.41
2016-11-15 12:00:00,24.32,27.12,27.17,14.54,28.85,22.65,26.13,25.24
2016-11-15 13:00:00,23.42,26.03,26.22,13.06,28.24,22.55,25.94,25.08
2016-11-15 14:00:00,23.01,26.1,26.41,12.56,27.54,22.36,26.78,25.46
2016-11-15 15:00:00,22.94,24.81,25.06,12.57,27.22,22.22,26.84,26.45
2016-11-15 16:00:00,24.27,26.26,26.76,16.45,28.2,22.04,26.65,26.09
2016-11-15 17:00:00,31.65,31.32,34.26,26.13,40.53,27.41,32.4,31.46
2016-11-15 18:00:00,35.78,34.36,38.550000000000004,30.46,45.23,29.9,38.980000000000004,37.51
2016-11-15 19:00:00,29.46,29.69,31.08,24.27,36.32,27.25,31.83,30.04
2016-11-15 20:00:00,27.3,27.86,28.62,24.07,30.99,25.06,27.76,26.77
2016-11-15 21:00:00,25.43,24.96,25.98,22.55,28.58,23.2,26.71,25.77
2016-11-15 22:00:00,22.29,21.76,23.97,20.06,24.72,21.54,22.85,22.12
2016-11-15 23:00:00,21.19,20.5,22.37,19.03,22.71,20.81,21.41,20.94
2016-11-16 00:00:00,21.14,20.330000000000002,22.27,19.47,22.42,20.87,21.82,21.16
2016-11-16 01:00:00,20.34,19.7,21.62,18.35,21.75,20.31,21.12,21.07
2016-11-16 02:00:00,19.96,18.96,21.12,17.95,21.48,20.080000000000002,20.86,21.07
2016-11-16 03:00:00,19.5,18.650000000000002,20.78,16.52,21.16,19.91,20.62,20.82
2016-11-16 04:00:00,19.79,19.07,21.89,15.68,22.07,20.32,21.09,21.31
2016-11-16 05:00:00,20.96,19.72,22.67,15.81,23.76,21.05,21.81,21.62
2016-11-16 06:00:00,26.22,28.06,29.6,16.47,32.5,23.29,27.01,25.95
2016-11-16 07:00:00,30.55,32.29,33.5,21.88,35.99,27.52,31.01,29.66
2016-11-16 08:00:00,26.41,28.83,29.25,19.09,30.49,24.96,27.97,26.94
2016-11-16 09:00:00,25.09,29.15,28.28,16.84,28.88,26.15,28.19,28.04
2016-11-16 10:00:00,25.2,29.09,28.48,17.06,29.32,26.44,28.53,26.95
2016-11-16 11:00:00,25.07,30.16,27.94,17.73,28.71,25.87,28.65,27.31
2016-11-16 12:00:00,23.68,28.7,26.62,15.55,27.39,25.73,28.34,28.01
2016-11-16 13:00:00,23.03,27.88,25.78,14.33,26.73,26.01,28.9,29.91
2016-11-16 14:00:00,22.53,27.64,25.75,12.74,26.72,26.87,29.88,29.71
2016-11-16 15:00:00,22.19,27.25,25.11,12.8,25.87,26.7,30.15,31.68
2016-11-16 16:00:00,22.97,27.92,25.82,14.23,26.72,29.24,31.59,33.7
2016-11-16 17:00:00,28.69,32.92,32.64,18.8,34.36,34.09,37.09,38.64
2016-11-16 18:00:00,31.06,34.28,33.9,20.79,37.0,37.39,41.54,42.35
2016-11-16 19:00:00,25.86,29.54,29.32,17.79,31.32,31.32,34.35,36.1
2016-11-16 20:00:00,24.18,27.42,28.12,15.45,29.08,30.34,31.27,31.67
2016-11-16 21:00:00,21.78,25.21,25.6,13.34,26.44,27.87,28.64,28.93
2016-11-16 22:00:00,19.900000000000002,21.12,22.89,14.32,23.41,24.0,24.75,24.95
2016-11-16 23:00:00,17.5,18.580000000000002,20.73,9.69,22.66,22.77,22.99,23.14
2016-11-17 00:00:00,16.71,19.19,21.29,9.0,22.49,22.24,22.51,22.32
2016-11-17 01:00:00,15.48,16.51,20.19,7.86,21.63,20.73,20.99,20.93
2016-11-17 02:00:00,15.35,14.57,19.580000000000002,8.91,21.45,19.76,20.25,19.97
2016-11-17 03:00:00,15.45,13.42,19.66,9.11,21.8,19.51,20.0,19.7
2016-11-17 04:00:00,16.080000000000002,13.96,21.23,8.0,23.53,21.19,21.58,21.88
2016-11-17 05:00:00,18.82,16.5,24.0,11.43,29.13,22.44,23.18,22.73
2016-11-17 06:00:00,23.68,21.14,28.2,16.240000000000002,43.23,25.11,25.93,26.38
2016-11-17 07:00:00,27.13,26.56,30.94,19.17,46.38,28.41,29.29,29.48
2016-11-17 08:00:00,25.16,24.59,28.32,19.68,39.25,25.05,28.68,27.96
2016-11-17 09:00:00,24.24,24.14,27.15,18.64,35.83,24.7,27.49,26.8
2016-11-17 10:00:00,24.36,24.18,27.21,19.26,35.550000000000004,24.93,27.4,26.67
2016-11-17 11:00:00,24.3,24.14,27.11,19.31,35.42,25.16,27.53,26.63
2016-11-17 12:00:00,23.89,24.51,26.13,18.92,36.04,25.3,27.4,27.83
2016-11-17 13:00:00,23.89,24.89,26.83,18.37,35.27,25.69,27.81,28.77
2016-11-17 14:00:00,23.81,24.56,26.27,18.080000000000002,35.0,25.39,29.28,32.0
2016-11-17 15:00:00,23.52,24.28,26.06,17.81,33.42,25.01,29.21,32.08
2016-11-17 16:00:00,24.4,24.98,27.0,18.32,34.910000000000004,26.4,30.33,33.45
2016-11-17 17:00:00,30.68,30.29,34.59,23.82,47.21,32.47,35.82,36.6
2016-11-17 18:00:00,31.720000000000006,30.42,36.2,24.95,49.86,32.56,37.2,38.69
2016-11-17 19:00:00,26.34,26.12,29.79,19.6,42.39,29.54,32.74,32.480000000000004
2016-11-17 20:00:00,24.58,24.63,27.85,18.85,38.67,27.34,30.68,31.55
2016-11-17 21:00:00,22.26,23.3,24.87,17.7,31.54,24.77,27.39,27.59
2016-11-17 22:00:00,20.07,21.78,22.0,16.34,25.79,23.14,24.59,23.95
2016-11-17 23:00:00,18.0,22.12,21.27,12.31,22.67,21.87,22.81,23.01
2016-11-18 00:00:00,16.34,15.57,19.45,11.11,24.55,17.68,21.05,21.64
2016-11-18 01:00:00,14.29,13.49,17.85,7.77,23.25,16.79,18.63,18.46
2016-11-18 02:00:00,12.78,10.44,16.14,6.34,22.48,16.34,18.54,18.32
2016-11-18 03:00:00,12.51,8.73,15.610000000000003,5.11,22.43,16.3,17.94,17.830000000000002
2016-11-18 04:00:00,13.44,11.0,17.53,4.62,24.06,16.830000000000002,19.37,19.32
2016-11-18 05:00:00,17.16,15.860000000000003,21.2,9.540000000000001,28.52,18.18,21.77,21.86
2016-11-18 06:00:00,21.55,20.36,27.04,11.9,42.35,21.1,25.8,25.11
2016-11-18 07:00:00,24.26,26.36,29.66,16.65,40.85,24.28,27.59,26.89
2016-11-18 08:00:00,22.72,25.05,27.99,15.41,37.12,23.41,26.24,24.95
2016-11-18 09:00:00,21.57,24.29,26.54,13.93,33.99,23.48,25.98,24.95
2016-11-18 10:00:00,21.39,24.7,26.18,13.31,32.6,23.57,26.21,26.11
2016-11-18 11:00:00,21.15,24.55,26.04,12.55,32.46,23.69,26.88,27.0
2016-11-18 12:00:00,21.0,24.39,25.76,12.35,31.970000000000006,23.39,27.97,28.43
2016-11-18 13:00:00,20.95,24.49,25.74,12.28,30.96,24.19,28.3,29.11
2016-11-18 14:00:00,20.94,24.46,25.83,12.49,31.27,22.52,29.04,29.67
2016-11-18 15:00:00,20.53,24.06,25.2,12.51,30.0,21.95,29.16,29.53
2016-11-18 16:00:00,21.12,24.61,25.88,12.98,30.43,21.85,29.65,29.76
2016-11-18 17:00:00,27.11,29.73,32.68,18.05,40.25,24.7,37.26,38.88
2016-11-18 18:00:00,27.41,29.49,32.5,19.34,41.42,27.52,35.0,35.480000000000004
2016-11-18 19:00:00,23.12,25.52,27.31,15.08,34.78,24.63,29.96,30.16
2016-11-18 20:00:00,21.1,23.95,25.38,12.74,31.65,23.61,27.94,28.39
2016-11-18 21:00:00,18.92,21.19,22.64,12.33,26.83,22.73,24.64,25.11
2016-11-18 22:00:00,17.81,19.8,20.46,11.5,23.09,20.8,23.03,23.3
2016-11-18 23:00:00,16.28,17.29,19.05,9.46,21.91,20.49,21.77,22.03
2016-11-19 00:00:00,15.9,11.56,19.09,11.25,20.16,18.76,20.78,20.16
2016-11-19 01:00:00,14.5,9.82,17.85,9.040000000000001,19.12,17.56,19.18,18.92
2016-11-19 02:00:00,13.99,8.77,18.09,8.15,18.48,16.53,17.35,16.92
2016-11-19 03:00:00,13.96,8.59,18.2,8.120000000000001,18.48,16.7,17.43,17.02
2016-11-19 04:00:00,14.46,9.040000000000001,18.66,8.950000000000001,19.0,16.830000000000002,17.44,17.0
2016-11-19 05:00:00,16.79,10.3,19.91,12.64,21.05,17.93,19.11,18.82
2016-11-19 06:00:00,19.61,14.81,22.13,14.93,30.79,19.740000000000002,21.8,20.83
2016-11-19 07:00:00,21.35,18.490000000000002,23.86,17.42,32.4,21.65,23.5,22.44
2016-11-19 08:00:00,22.99,20.72,25.29,19.06,34.64,22.8,25.19,23.42
2016-11-19 09:00:00,23.74,21.36,25.69,21.08,33.01,23.08,26.21,24.66
2016-11-19 10:00:00,24.46,22.57,26.27,21.97,32.14,24.12,26.15,24.41
2016-11-19 11:00:00,23.84,22.98,25.21,22.96,28.94,23.23,26.12,24.59
2016-11-19 12:00:00,22.88,22.61,24.98,20.98,28.09,23.21,24.51,23.33
2016-11-19 13:00:00,22.62,22.38,24.59,21.13,27.33,22.73,24.03,22.91
2016-11-19 14:00:00,22.07,21.32,23.16,21.2,25.77,22.55,24.44,23.47
2016-11-19 15:00:00,22.0,21.31,23.13,21.08,25.5,22.47,24.35,23.39
2016-11-19 16:00:00,23.83,23.49,25.86,22.81,28.33,23.16,24.7,23.46
2016-11-19 17:00:00,30.970000000000006,29.62,33.910000000000004,28.25,40.17,28.07,31.27,29.35
2016-11-19 18:00:00,33.29,31.35,35.68,31.89,42.53,29.86,32.54,31.78
2016-11-19 19:00:00,31.17,29.72,32.92,29.81,38.050000000000004,28.47,31.26,30.38
2016-11-19 20:00:00,27.32,26.76,28.56,26.34,32.71,25.48,27.23,26.59
2016-11-19 21:00:00,25.45,24.55,26.9,25.02,28.0,24.13,25.81,25.18
2016-11-19 22:00:00,25.0,25.6,26.39,22.54,26.85,24.01,25.03,25.14
2016-11-19 23:00:00,23.79,21.57,25.06,21.61,25.88,23.12,24.24,23.69
2016-11-20 00:00:00,23.43,20.05,24.21,21.59,24.75,23.64,24.65,24.3
2016-11-20 01:00:00,22.37,20.150000000000002,23.04,20.46,23.24,22.54,24.21,24.03
2016-11-20 02:00:00,21.77,18.92,22.19,19.75,22.46,22.32,23.01,22.97
2016-11-20 03:00:00,21.44,18.51,21.9,19.26,22.07,21.68,22.81,23.16
2016-11-20 04:00:00,21.73,19.27,22.12,19.36,22.42,22.43,23.09,23.06
2016-11-20 05:00:00,22.44,20.78,23.92,19.11,23.81,22.54,24.08,24.87
2016-11-20 06:00:00,23.48,22.95,25.56,19.29,27.0,21.74,29.21,26.53
2016-11-20 07:00:00,25.18,25.32,27.56,19.830000000000002,29.66,23.1,31.74,28.44
2016-11-20 08:00:00,26.73,25.47,27.9,21.41,30.8,24.79,36.06,30.16
2016-11-20 09:00:00,26.58,24.04,27.72,22.33,29.77,24.01,36.32,29.81
2016-11-20 10:00:00,26.5,23.36,27.44,22.18,28.98,24.69,35.19,29.35
2016-11-20 11:00:00,25.1,24.86,26.57,21.43,27.26,22.02,31.62,27.08
2016-11-20 12:00:00,23.81,23.82,25.18,20.8,25.64,20.67,29.26,25.28
2016-11-20 13:00:00,23.06,22.1,24.89,19.61,25.29,20.07,28.72,24.56
2016-11-20 14:00:00,22.37,19.72,24.06,19.41,23.9,20.06,27.75,24.27
2016-11-20 15:00:00,22.14,19.490000000000002,23.79,19.38,23.63,19.59,27.02,24.12
2016-11-20 16:00:00,23.43,22.86,25.49,20.1,25.97,19.77,27.28,24.2
2016-11-20 17:00:00,31.99,31.87,34.57,27.67,38.92,27.21,34.39,30.92
2016-11-20 18:00:00,33.97,32.12,36.08,31.68,41.07,28.42,38.01,33.82
2016-11-20 19:00:00,31.46,31.14,33.62,28.16,37.64,24.07,35.92,33.64
2016-11-20 20:00:00,27.45,28.35,29.98,21.78,33.1,23.77,34.02,32.04
2016-11-20 21:00:00,25.24,25.88,26.46,20.77,28.35,22.83,32.89,31.26
2016-11-20 22:00:00,23.96,24.96,25.22,20.55,24.94,23.99,28.14,27.73
2016-11-20 23:00:00,23.01,20.96,24.88,19.32,24.62,23.8,27.14,26.48
2016-11-21 00:00:00,22.37,20.26,24.44,20.080000000000002,24.23,19.81,23.58,23.28
2016-11-21 01:00:00,21.77,19.82,23.78,19.38,23.27,19.55,23.61,23.02
2016-11-21 02:00:00,21.39,18.98,23.16,19.3,22.9,19.0,22.8,22.39
2016-11-21 03:00:00,21.68,18.95,23.59,19.38,23.13,19.29,23.27,22.73
2016-11-21 04:00:00,22.68,21.29,25.21,19.830000000000002,24.54,20.09,23.84,23.72
2016-11-21 05:00:00,26.13,25.08,28.74,20.36,28.85,22.92,28.52,27.63
2016-11-21 06:00:00,33.45,30.69,38.050000000000004,26.26,47.02,26.87,38.35,34.97
2016-11-21 07:00:00,41.28,37.29,43.32,36.9,55.03,32.09,49.31,43.38
2016-11-21 08:00:00,36.26,35.5,39.19,31.84,50.34,26.84,43.75,37.19
2016-11-21 09:00:00,33.47,33.6,36.19,29.96,42.56,24.93,40.43,34.410000000000004
2016-11-21 10:00:00,32.1,31.04,34.02,30.86,39.44,23.23,36.78,31.25
2016-11-21 11:00:00,29.84,30.51,32.25,27.63,36.2,23.04,33.33,29.51
2016-11-21 12:00:00,28.5,28.6,30.36,27.03,33.37,22.33,31.62,27.82
2016-11-21 13:00:00,26.28,26.55,28.23,22.98,31.28,21.23,29.28,25.55
2016-11-21 14:00:00,25.66,26.2,27.5,22.61,29.71,20.89,28.94,25.2
2016-11-21 15:00:00,24.35,24.66,26.1,21.64,27.83,19.47,29.07,25.01
2016-11-21 16:00:00,24.5,24.7,26.75,20.72,29.76,20.26,29.31,25.67
2016-11-21 17:00:00,31.0,30.73,34.79,24.46,41.67,24.85,36.78,30.95
2016-11-21 18:00:00,31.81,32.19,35.84,23.35,43.14,24.74,42.37,35.26
2016-11-21 19:00:00,28.51,29.18,32.29,20.400000000000002,37.82,26.89,38.550000000000004,32.81
2016-11-21 20:00:00,26.98,26.96,29.57,19.61,35.54,26.99,37.68,32.35
2016-11-21 21:00:00,24.19,25.7,27.49,18.1,29.9,23.71,31.01,27.39
2016-11-21 22:00:00,21.64,20.77,23.71,16.6,24.93,23.4,26.05,24.78
2016-11-21 23:00:00,20.44,18.64,23.34,14.91,23.74,22.17,25.52,24.51
2016-11-22 00:00:00,19.79,19.740000000000002,23.9,13.03,23.58,22.64,23.97,24.53
2016-11-22 01:00:00,18.98,18.47,22.81,12.55,22.57,21.83,23.06,24.07
2016-11-22 02:00:00,18.39,17.36,22.38,11.05,21.83,21.57,23.07,24.84
2016-11-22 03:00:00,18.3,16.53,21.99,11.65,21.76,21.59,23.02,24.75
2016-11-22 04:00:00,19.22,18.16,24.54,11.51,23.17,22.27,23.37,24.9
2016-11-22 05:00:00,21.68,22.93,28.0,13.11,27.02,24.45,25.44,25.87
2016-11-22 06:00:00,30.39,33.44,39.34,19.650000000000002,48.19,28.62,36.84,33.59
2016-11-22 07:00:00,35.39,36.58,40.64,25.5,49.67,36.85,49.58,44.68
2016-11-22 08:00:00,29.59,33.24,34.18,20.85,37.980000000000004,30.5,42.51,37.81
2016-11-22 09:00:00,27.35,29.84,30.61,20.88,33.74,27.28,37.42,33.38
2016-11-22 10:00:00,27.03,29.97,30.49,22.39,32.74,26.6,35.1,31.34
2016-11-22 11:00:00,25.42,28.05,29.35,21.09,30.55,25.07,30.83,28.7
2016-11-22 12:00:00,24.7,27.07,27.9,21.49,28.7,23.74,30.19,27.99
2016-11-22 13:00:00,23.81,24.56,26.03,20.9,27.67,23.21,29.72,27.62
2016-11-22 14:00:00,23.69,24.32,25.81,21.08,27.28,22.21,29.01,27.76
2016-11-22 15:00:00,23.72,24.45,25.67,21.74,26.84,21.68,29.48,27.5
2016-11-22 16:00:00,25.23,25.67,27.97,23.37,28.58,22.88,29.59,27.71
2016-11-22 17:00:00,33.9,37.32,39.1,31.0,43.26,28.97,37.08,32.99
2016-11-22 18:00:00,34.51,38.46,38.96,32.8,43.93,29.58,34.44,32.68
2016-11-22 19:00:00,31.67,34.68,35.67,29.79,38.99,28.52,33.76,31.98
2016-11-22 20:00:00,29.9,30.98,32.31,29.29,35.25,28.23,32.35,31.01
2016-11-22 21:00:00,26.64,27.27,28.49,26.06,29.83,25.09,27.56,27.79
2016-11-22 22:00:00,24.34,24.6,26.21,23.69,26.64,23.59,24.58,24.82
2016-11-22 23:00:00,22.76,22.91,25.09,22.25,25.54,22.29,23.49,23.44
2016-11-23 00:00:00,21.5,15.28,25.27,19.39,35.38,22.18,23.22,22.53
2016-11-23 01:00:00,21.13,14.12,25.22,19.26,34.93,21.02,21.79,21.25
2016-11-23 02:00:00,20.74,13.21,24.44,19.04,33.6,20.44,21.65,22.2
2016-11-23 03:00:00,20.41,13.75,23.98,18.92,32.32,20.150000000000002,21.33,21.86
2016-11-23 04:00:00,20.71,12.73,24.98,18.97,34.94,20.46,21.33,21.88
2016-11-23 05:00:00,22.29,16.84,27.43,19.72,41.07,21.62,22.66,22.33
2016-11-23 06:00:00,28.86,23.68,37.230000000000004,22.7,53.1,26.17,27.63,26.83
2016-11-23 07:00:00,31.73,24.32,36.88,28.42,54.79,28.66,30.79,30.5
2016-11-23 08:00:00,29.65,22.52,34.36,26.56,48.43,27.53,30.02,29.76
2016-11-23 09:00:00,29.48,24.61,33.8,26.91,43.88,27.7,30.29,30.03
2016-11-23 10:00:00,29.55,24.8,33.2,26.49,41.93,25.25,35.62,31.75
2016-11-23 11:00:00,28.43,24.16,32.78,25.33,39.45,25.41,32.76,30.01
2016-11-23 12:00:00,27.31,24.38,30.89,24.93,37.230000000000004,23.7,31.220000000000006,28.49
2016-11-23 13:00:00,26.43,22.52,29.28,24.31,35.34,24.0,30.11,27.58
2016-11-23 14:00:00,25.69,22.2,28.73,22.64,34.13,22.97,29.06,26.48
2016-11-23 15:00:00,25.49,21.86,28.43,23.01,33.81,22.6,29.77,26.78
2016-11-23 16:00:00,26.74,26.38,29.23,24.2,31.41,23.1,27.42,26.96
2016-11-23 17:00:00,33.42,34.29,37.01,28.5,43.26,31.96,34.44,34.38
2016-11-23 18:00:00,34.730000000000004,34.53,37.62,31.73,43.13,32.61,35.2,35.22
2016-11-23 19:00:00,31.67,30.54,34.87,28.94,38.97,30.57,32.44,32.28
2016-11-23 20:00:00,29.38,28.24,32.29,25.87,34.76,29.24,30.47,30.35
2016-11-23 21:00:00,26.3,25.91,28.85,24.14,29.23,26.05,27.17,26.93
2016-11-23 22:00:00,24.61,26.61,26.15,23.26,25.66,23.75,24.55,24.46
2016-11-23 23:00:00,22.44,25.49,24.68,21.94,24.0,22.25,23.16,22.63
2016-11-24 00:00:00,21.4,21.37,22.99,19.53,22.68,21.03,22.26,21.49
2016-11-24 01:00:00,20.49,20.64,21.72,19.16,21.75,20.150000000000002,20.66,20.22
2016-11-24 02:00:00,19.68,19.93,21.08,18.01,20.87,19.740000000000002,20.56,20.67
2016-11-24 03:00:00,19.42,19.51,20.99,17.650000000000002,20.62,19.47,20.31,20.39
2016-11-24 04:00:00,19.6,19.93,21.17,17.84,20.74,19.63,20.46,20.56
2016-11-24 05:00:00,20.05,20.63,21.57,18.31,21.37,19.92,20.82,20.67
2016-11-24 06:00:00,21.2,21.78,22.42,19.28,22.62,21.18,22.19,22.49
2016-11-24 07:00:00,23.55,23.93,24.59,20.73,24.85,23.84,25.27,25.3
2016-11-24 08:00:00,25.65,26.03,26.08,23.66,26.36,25.37,26.47,25.99
2016-11-24 09:00:00,27.51,27.29,27.83,26.94,27.97,26.64,27.74,26.74
2016-11-24 10:00:00,27.9,27.63,29.22,25.52,29.58,27.86,28.17,28.07
2016-11-24 11:00:00,27.35,27.23,28.04,26.7,28.07,26.55,27.89,29.09
2016-11-24 12:00:00,24.8,24.58,25.05,23.69,25.01,23.84,26.11,27.19
2016-11-24 13:00:00,22.72,22.82,23.22,20.9,23.04,22.37,24.61,26.19
2016-11-24 14:00:00,21.68,21.63,22.37,20.04,22.13,21.62,23.81,25.37
2016-11-24 15:00:00,20.98,21.37,22.02,19.44,21.75,20.9,22.69,24.67
2016-11-24 16:00:00,21.16,21.5,22.2,19.52,21.93,21.08,22.89,24.89
2016-11-24 17:00:00,24.76,25.22,25.87,21.54,25.69,25.09,26.4,26.08
2016-11-24 18:00:00,24.68,24.66,25.37,22.77,25.37,24.58,25.77,25.42
2016-11-24 19:00:00,23.99,24.42,24.7,21.57,24.64,23.9,25.46,25.8
2016-11-24 20:00:00,23.38,23.67,24.31,20.73,24.16,23.42,25.15,25.67
2016-11-24 21:00:00,22.51,22.84,23.29,20.48,23.02,22.37,24.35,25.18
2016-11-24 22:00:00,21.89,22.56,22.5,20.02,22.27,21.81,23.08,23.0
2016-11-24 23:00:00,21.27,22.18,22.88,19.25,22.5,21.33,22.24,22.33
2016-11-25 00:00:00,20.19,20.82,21.34,18.69,21.12,20.72,21.69,21.84
2016-11-25 01:00:00,19.3,18.17,20.09,18.16,20.05,19.38,20.330000000000002,19.98
2016-11-25 02:00:00,18.84,17.43,19.79,17.6,19.71,18.93,19.900000000000002,19.51
2016-11-25 03:00:00,18.6,17.31,19.36,17.37,19.34,18.67,19.59,19.25
2016-11-25 04:00:00,18.94,17.28,20.2,17.45,20.04,19.07,20.1,19.66
2016-11-25 05:00:00,19.94,18.92,21.4,18.740000000000002,21.09,19.67,20.13,19.68
2016-11-25 06:00:00,22.33,21.79,22.86,20.71,22.86,22.56,23.6,23.35
2016-11-25 07:00:00,24.12,23.99,25.3,20.8,25.2,24.78,26.21,25.55
2016-11-25 08:00:00,24.81,24.87,26.38,23.07,25.93,24.41,26.23,25.49
2016-11-25 09:00:00,26.24,26.59,26.79,24.87,26.98,25.44,26.52,26.06
2016-11-25 10:00:00,26.01,26.42,26.53,24.96,26.79,24.83,26.23,25.8
2016-11-25 11:00:00,25.47,25.89,26.02,24.48,26.23,24.55,25.74,25.31
2016-11-25 12:00:00,24.16,24.06,24.35,23.35,24.35,23.55,24.71,24.26
2016-11-25 13:00:00,22.92,22.95,23.49,21.2,23.49,22.76,23.87,23.54
2016-11-25 14:00:00,22.47,22.51,23.3,20.63,23.22,22.39,23.64,23.27
2016-11-25 15:00:00,22.38,22.46,23.26,20.14,23.19,22.56,23.74,23.45
2016-11-25 16:00:00,23.14,23.26,23.76,21.25,23.81,23.02,24.14,23.8
2016-11-25 17:00:00,29.14,31.3,31.35,26.56,31.36,27.54,29.53,28.67
2016-11-25 18:00:00,28.39,29.49,29.78,27.3,30.02,26.73,28.07,27.37
2016-11-25 19:00:00,26.61,27.86,28.28,23.0,28.26,25.76,26.73,26.01
2016-11-25 20:00:00,24.59,25.51,26.02,20.86,26.1,24.32,24.98,24.7
2016-11-25 21:00:00,23.1,23.74,23.94,20.68,23.85,22.65,23.43,24.01
2016-11-25 22:00:00,22.03,22.97,23.57,19.92,23.52,21.97,22.53,22.3
2016-11-25 23:00:00,21.52,21.18,23.23,20.09,23.13,21.97,22.25,21.57
2016-11-26 00:00:00,20.39,21.57,23.5,17.91,23.14,20.85,21.75,20.86
2016-11-26 01:00:00,19.22,20.71,22.36,15.98,22.16,20.59,21.39,20.69
2016-11-26 02:00:00,18.2,18.93,21.11,15.33,20.94,20.32,21.09,20.64
2016-11-26 03:00:00,17.37,18.76,20.9,13.03,20.75,20.400000000000002,21.09,20.68
2016-11-26 04:00:00,17.51,19.2,21.19,12.57,21.27,20.75,21.4,20.88
2016-11-26 05:00:00,18.37,19.71,22.51,13.64,22.33,21.53,22.53,21.82
2016-11-26 06:00:00,19.46,21.52,22.96,12.59,23.24,24.78,25.37,25.48
2016-11-26 07:00:00,21.56,23.54,24.23,15.48,24.96,25.04,26.57,26.24
2016-11-26 08:00:00,22.96,24.89,25.33,17.68,25.8,25.36,26.98,26.93
2016-11-26 09:00:00,24.59,25.92,26.72,19.46,27.29,26.78,29.16,28.42
2016-11-26 10:00:00,24.64,25.9,27.11,20.12,26.99,26.39,28.97,28.44
2016-11-26 11:00:00,24.24,25.19,25.65,20.85,25.88,26.08,26.7,26.24
2016-11-26 12:00:00,23.56,24.81,25.13,20.43,25.39,24.42,24.77,24.52
2016-11-26 13:00:00,22.7,23.47,24.07,20.080000000000002,24.26,23.82,24.57,25.49
2016-11-26 14:00:00,22.26,22.78,23.55,20.12,23.66,22.98,23.76,24.63
2016-11-26 15:00:00,22.08,22.71,22.98,20.72,22.84,22.66,23.71,24.2
2016-11-26 16:00:00,23.09,23.91,24.51,21.01,24.55,23.52,24.37,25.24
2016-11-26 17:00:00,29.19,30.59,30.67,27.54,30.99,28.35,29.5,28.88
2016-11-26 18:00:00,29.34,31.01,30.95,28.36,31.26,28.36,29.17,28.44
2016-11-26 19:00:00,26.61,27.84,28.08,24.78,28.43,25.67,26.95,26.64
2016-11-26 20:00:00,25.2,26.21,26.26,23.8,26.64,25.03,26.57,27.29
2016-11-26 21:00:00,24.09,24.56,25.59,22.01,26.15,24.13,25.74,25.21
2016-11-26 22:00:00,23.23,23.33,25.57,21.18,25.44,23.38,24.94,24.12
2016-11-26 23:00:00,22.02,22.12,24.37,20.34,24.49,22.66,23.04,22.24
2016-11-27 00:00:00,20.67,23.32,22.81,19.31,22.38,21.39,22.54,22.83
2016-11-27 01:00:00,19.69,22.09,22.12,18.01,21.66,20.87,21.95,22.21
2016-11-27 02:00:00,19.22,20.9,21.66,16.68,21.63,20.27,21.22,21.73
2016-11-27 03:00:00,18.8,20.53,21.31,15.95,21.01,20.12,20.8,20.6
2016-11-27 04:00:00,18.740000000000002,21.13,21.68,15.91,21.38,20.39,21.09,20.87
2016-11-27 05:00:00,19.11,21.92,22.46,15.7,22.1,21.1,22.42,22.8
2016-11-27 06:00:00,19.21,22.75,23.02,12.57,23.31,23.1,23.56,23.33
2016-11-27 07:00:00,19.53,23.55,23.96,12.59,23.96,23.26,24.85,24.39
2016-11-27 08:00:00,21.08,23.16,24.45,15.78,24.42,24.73,25.87,25.77
2016-11-27 09:00:00,21.31,24.41,24.58,14.23,25.24,25.05,26.23,26.37
2016-11-27 10:00:00,21.02,24.61,24.85,13.58,25.11,25.44,26.06,26.1
2016-11-27 11:00:00,19.98,23.79,23.92,11.99,24.2,24.67,25.27,25.36
2016-11-27 12:00:00,19.2,22.65,23.21,11.84,23.1,23.9,24.86,24.67
2016-11-27 13:00:00,18.26,22.62,22.77,10.0,22.76,23.4,24.3,24.1
2016-11-27 14:00:00,17.23,22.25,22.44,7.56,22.45,22.85,23.75,23.71
2016-11-27 15:00:00,16.3,22.15,22.67,4.62,22.92,22.45,23.11,23.69
2016-11-27 16:00:00,17.36,23.97,24.92,4.8,25.58,23.18,24.04,24.55
2016-11-27 17:00:00,21.21,29.9,30.77,5.79,32.64,26.55,28.32,27.67
2016-11-27 18:00:00,22.61,30.04,30.09,9.93,33.21,27.06,29.39,28.83
2016-11-27 19:00:00,20.73,29.1,28.73,5.97,31.19,26.41,28.45,28.39
2016-11-27 20:00:00,19.61,26.48,27.74,6.79,29.83,26.01,26.98,27.0
2016-11-27 21:00:00,17.88,25.68,25.16,5.17,26.93,24.14,25.33,25.32
2016-11-27 22:00:00,16.1,23.4,23.41,5.93,23.7,22.39,23.26,23.45
2016-11-27 23:00:00,14.87,22.74,23.18,5.42,23.84,21.83,22.24,21.73
2016-11-28 00:00:00,14.4,19.5,22.58,5.64,23.74,20.53,21.5,22.1
2016-11-28 01:00:00,13.86,19.11,22.66,4.7,24.41,19.76,20.47,20.74
2016-11-28 02:00:00,13.51,18.1,22.46,4.38,23.86,19.2,19.990000000000002,20.16
2016-11-28 03:00:00,13.37,18.47,22.1,4.37,23.59,19.18,19.85,19.77
2016-11-28 04:00:00,13.92,18.990000000000002,22.65,4.5600000000000005,24.62,19.71,20.58,20.87
2016-11-28 05:00:00,16.03,20.240000000000002,25.07,5.25,28.73,21.42,22.86,22.04
2016-11-28 06:00:00,21.35,23.1,30.42,10.08,42.27,21.59,30.0,26.3
2016-11-28 07:00:00,25.26,28.87,31.96,17.31,45.0,23.22,34.480000000000004,29.83
2016-11-28 08:00:00,24.95,26.48,30.05,19.02,40.85,24.81,33.2,29.69
2016-11-28 09:00:00,25.16,26.0,30.1,19.28,38.27,23.42,31.43,28.76
2016-11-28 10:00:00,25.21,26.73,29.86,20.3,36.67,24.7,30.17,30.54
2016-11-28 11:00:00,25.28,26.83,29.34,20.68,34.87,24.54,30.03,30.37
2016-11-28 12:00:00,24.74,26.79,28.57,19.87,33.34,23.83,30.61,30.63
2016-11-28 13:00:00,24.23,26.7,28.3,19.63,31.15,22.63,29.75,29.67
2016-11-28 14:00:00,23.7,25.47,27.54,19.27,30.46,21.82,29.75,29.84
2016-11-28 15:00:00,23.34,24.68,26.78,19.27,29.7,21.52,29.3,29.33
2016-11-28 16:00:00,24.5,25.94,28.28,19.84,32.3,23.05,30.21,30.36
2016-11-28 17:00:00,31.7,31.49,40.46,26.77,42.38,27.98,36.63,35.72
2016-11-28 18:00:00,31.83,31.48,36.06,29.13,43.89,29.01,35.96,36.12
2016-11-28 19:00:00,29.17,29.61,31.7,25.92,38.63,27.58,33.42,33.89
2016-11-28 20:00:00,26.98,28.03,29.66,24.39,32.910000000000004,25.77,29.55,30.7
2016-11-28 21:00:00,24.11,24.83,25.85,21.77,27.89,23.7,27.93,29.32
2016-11-28 22:00:00,21.75,22.84,23.78,19.97,24.37,22.68,25.56,27.34
2016-11-28 23:00:00,20.42,22.31,22.59,18.78,23.74,21.8,23.94,26.3
2016-11-29 00:00:00,16.46,17.18,19.94,10.56,22.41,22.54,25.63,23.64
2016-11-29 01:00:00,15.11,16.01,17.830000000000002,9.02,20.2,21.55,23.39,22.95
2016-11-29 02:00:00,14.25,14.63,17.56,7.54,19.7,21.13,22.48,21.95
2016-11-29 03:00:00,13.89,13.94,17.71,6.18,19.21,20.71,22.12,21.86
2016-11-29 04:00:00,14.65,15.07,18.56,7.18,20.3,21.03,22.96,22.24
2016-11-29 05:00:00,17.21,16.35,20.86,10.59,25.77,21.72,23.84,23.09
2016-11-29 06:00:00,22.61,22.62,27.47,16.75,35.550000000000004,24.22,27.29,27.24
2016-11-29 07:00:00,26.06,28.53,29.27,21.73,35.49,26.62,29.33,29.83
2016-11-29 08:00:00,25.18,27.86,28.4,21.56,31.32,23.99,27.61,27.05
2016-11-29 09:00:00,25.05,28.01,28.05,21.42,30.45,23.52,27.31,26.44
2016-11-29 10:00:00,25.38,28.09,27.98,21.65,29.8,24.32,28.77,28.1
2016-11-29 11:00:00,24.74,27.2,27.04,20.95,28.73,26.69,29.16,27.58
2016-11-29 12:00:00,24.29,26.61,26.79,20.98,27.99,26.26,29.37,27.31
2016-11-29 13:00:00,24.07,26.97,26.12,20.43,27.48,26.71,29.92,27.87
2016-11-29 14:00:00,23.99,26.37,25.91,20.27,27.1,28.42,30.42,28.35
2016-11-29 15:00:00,24.03,25.12,24.99,21.37,26.2,27.05,30.3,28.71
2016-11-29 16:00:00,24.67,25.86,25.78,21.71,26.52,26.57,30.69,29.29
2016-11-29 17:00:00,33.99,36.99,36.68,31.95,37.9,30.01,38.050000000000004,34.26
2016-11-29 18:00:00,32.660000000000004,34.57,34.99,29.73,38.99,28.93,37.5,33.03
2016-11-29 19:00:00,30.14,32.31,31.89,27.85,33.89,28.03,34.79,30.44
2016-11-29 20:00:00,27.5,29.17,28.96,24.88,30.12,28.44,32.2,28.73
2016-11-29 21:00:00,25.18,26.27,26.9,23.44,27.13,26.53,30.27,28.05
2016-11-29 22:00:00,22.69,23.35,24.43,20.31,23.56,24.11,30.56,26.02
2016-11-29 23:00:00,21.3,22.14,23.51,19.63,22.98,23.5,28.54,24.72
2016-11-30 00:00:00,17.740000000000002,18.48,20.31,11.3,20.150000000000002,25.8,28.32,24.05
2016-11-30 01:00:00,16.79,18.98,19.900000000000002,8.46,19.63,25.25,27.01,23.06
2016-11-30 02:00:00,16.01,18.16,19.54,7.97,19.01,24.42,24.27,22.31
2016-11-30 03:00:00,15.66,18.04,19.14,7.4,18.95,24.63,24.73,22.55
2016-11-30 04:00:00,16.31,18.330000000000002,20.72,6.9,20.32,24.74,23.97,22.35
2016-11-30 05:00:00,18.41,21.17,22.25,9.4,23.0,25.88,26.04,24.23
2016-11-30 06:00:00,25.04,27.15,30.9,14.41,34.64,30.24,29.14,28.24
2016-11-30 07:00:00,28.2,30.27,33.94,19.6,36.0,30.96,32.9,30.51
2016-11-30 08:00:00,26.62,30.08,31.03,19.43,29.9,32.69,32.58,29.54
2016-11-30 09:00:00,26.24,28.59,29.89,19.3,30.04,30.5,32.1,30.11
2016-11-30 10:00:00,26.22,28.98,29.96,19.330000000000002,29.43,31.24,32.43,29.85
2016-11-30 11:00:00,25.87,28.41,29.43,19.25,29.3,30.0,32.44,29.46
2016-11-30 12:00:00,24.81,26.21,27.58,18.32,29.81,29.67,31.96,29.02
2016-11-30 13:00:00,23.92,25.35,27.24,17.13,30.3,29.05,30.25,28.72
2016-11-30 14:00:00,23.43,24.1,26.57,16.68,31.33,28.97,30.52,28.75
2016-11-30 15:00:00,23.22,23.82,26.34,16.6,31.38,28.72,30.42,28.52
2016-11-30 16:00:00,24.52,24.05,28.07,17.86,35.88,31.8,30.5,29.3
2016-11-30 17:00:00,32.2,32.79,36.47,23.31,48.61,35.9,39.88,33.56
2016-11-30 18:00:00,30.64,29.82,34.5,22.31,46.7,32.53,37.5,34.32
2016-11-30 19:00:00,29.21,29.85,34.22,21.08,42.7,31.31,36.550000000000004,33.33
2016-11-30 20:00:00,27.15,28.14,32.03,19.490000000000002,36.75,30.0,34.85,32.02
2016-11-30 21:00:00,26.41,27.8,30.75,19.330000000000002,32.76,31.55,33.88,30.58
2016-11-30 22:00:00,23.41,26.13,26.21,17.63,26.01,29.98,32.230000000000004,28.99
2016-11-30 23:00:00,22.51,24.08,25.25,16.9,25.24,28.88,30.99,28.05
2016-12-01 00:00:00,20.74,21.54,24.31,13.76,25.07,26.37,29.88,24.91
2016-12-01 01:00:00,19.650000000000002,20.36,22.83,12.71,23.67,26.45,28.62,24.98
2016-12-01 02:00:00,18.8,18.98,22.04,11.07,22.66,25.92,27.87,25.14
2016-12-01 03:00:00,19.27,18.03,21.81,12.65,22.58,25.65,27.9,25.51
2016-12-01 04:00:00,19.93,20.43,23.0,12.64,24.15,26.09,28.73,25.55
2016-12-01 05:00:00,22.32,20.28,25.58,15.73,33.0,26.73,30.84,27.71
2016-12-01 06:00:00,30.09,27.38,34.550000000000004,20.52,47.59,35.0,38.84,35.46
2016-12-01 07:00:00,36.25,33.12,39.37,27.73,50.03,44.28,50.64,45.58
2016-12-01 08:00:00,33.15,28.63,34.35,27.61,44.16,38.12,44.95,39.550000000000004
2016-12-01 09:00:00,31.12,29.36,32.47,26.15,38.83,34.82,39.28,35.800000000000004
2016-12-01 10:00:00,30.83,29.53,31.81,28.13,36.660000000000004,32.6,35.36,33.37
2016-12-01 11:00:00,29.72,28.67,32.02,26.57,34.1,30.5,34.03,31.68
2016-12-01 12:00:00,28.53,27.84,30.75,25.14,32.04,29.42,32.63,30.37
2016-12-01 13:00:00,27.63,27.2,29.05,24.67,30.73,26.5,31.8,28.77
2016-12-01 14:00:00,26.89,26.57,28.32,24.09,29.45,25.24,30.95,28.2
2016-12-01 15:00:00,26.71,26.37,28.29,23.93,29.03,24.85,30.67,27.87
2016-12-01 16:00:00,27.72,27.06,29.24,25.33,29.57,25.82,31.58,28.43
2016-12-01 17:00:00,36.59,32.54,39.72,34.53,46.2,34.19,39.14,36.34
2016-12-01 18:00:00,38.37,34.07,39.82,37.99,44.78,36.77,42.43,38.94
2016-12-01 19:00:00,35.82,32.43,37.12,34.57,38.45,35.08,40.43,37.050000000000004
2016-12-01 20:00:00,32.160000000000004,30.3,34.72,29.21,35.24,31.62,37.94,34.56
2016-12-01 21:00:00,29.55,29.67,32.56,25.98,30.03,29.15,35.7,32.14
2016-12-01 22:00:00,26.12,25.0,27.31,22.57,25.49,27.31,34.13,30.04
2016-12-01 23:00:00,24.71,23.97,25.86,22.49,24.4,24.76,32.3,28.78
2016-12-02 00:00:00,24.44,24.77,25.87,22.18,25.04,23.54,28.28,26.56
2016-12-02 01:00:00,23.45,23.39,24.88,21.84,24.12,22.49,26.29,24.59
2016-12-02 02:00:00,22.93,22.79,24.7,20.59,23.74,22.28,25.82,24.44
2016-12-02 03:00:00,22.76,22.29,24.46,20.49,23.77,22.2,25.85,24.06
2016-12-02 04:00:00,23.21,22.73,25.09,20.74,24.88,22.75,26.2,24.53
2016-12-02 05:00:00,26.27,25.31,28.98,22.16,30.53,24.97,30.21,28.08
2016-12-02 06:00:00,34.74,33.12,39.12,28.54,43.7,38.68,37.39,36.97
2016-12-02 07:00:00,43.7,41.79,47.22,38.76,49.82,56.77,50.75,47.07
2016-12-02 08:00:00,38.47,36.43,40.92,34.71,42.39,45.0,46.91,41.68
2016-12-02 09:00:00,35.2,35.68,37.65,31.57,37.35,36.78,41.0,36.660000000000004
2016-12-02 10:00:00,32.68,33.52,35.76,28.37,35.550000000000004,33.33,36.64,34.75
2016-12-02 11:00:00,31.29,32.37,34.42,27.6,33.52,32.49,34.550000000000004,33.61
2016-12-02 12:00:00,30.25,30.68,33.5,27.57,32.02,31.33,32.83,31.27
2016-12-02 13:00:00,28.63,29.09,30.24,25.95,29.92,28.54,32.07,30.21
2016-12-02 14:00:00,27.17,27.4,28.89,24.28,27.86,27.56,30.95,28.73
2016-12-02 15:00:00,26.9,26.92,28.26,23.91,28.7,27.01,29.97,28.48
2016-12-02 16:00:00,28.41,29.32,30.39,25.64,29.73,27.62,30.47,28.7
2016-12-02 17:00:00,38.37,38.72,41.37,35.92,43.0,37.6,38.95,38.01
2016-12-02 18:00:00,37.660000000000004,38.44,40.730000000000004,33.72,41.82,36.95,39.28,38.94
2016-12-02 19:00:00,34.71,36.11,38.57,30.02,36.93,35.0,36.94,36.54
2016-12-02 20:00:00,32.13,32.84,35.6,29.55,33.11,32.29,33.97,33.26
2016-12-02 21:00:00,29.71,30.07,33.410000000000004,26.87,30.61,28.94,32.62,30.72
2016-12-02 22:00:00,26.73,26.96,27.84,23.81,27.67,25.44,31.14,28.2
2016-12-02 23:00:00,25.55,25.84,27.17,22.88,26.61,23.87,28.7,26.65
2016-12-03 00:00:00,25.96,26.09,27.11,23.04,26.87,24.84,30.72,24.08
2016-12-03 01:00:00,24.62,23.52,25.25,22.01,25.1,23.29,26.9,23.6
2016-12-03 02:00:00,23.91,22.7,25.21,20.49,24.95,22.9,26.11,23.26
2016-12-03 03:00:00,23.34,22.55,25.1,19.8,24.71,22.53,25.31,23.05
2016-12-03 04:00:00,23.26,22.33,24.85,19.85,24.49,22.33,25.01,23.12
2016-12-03 05:00:00,24.42,23.17,25.47,19.93,25.33,23.44,26.31,24.19
2016-12-03 06:00:00,26.82,25.49,28.33,21.84,30.0,26.19,28.08,27.37
2016-12-03 07:00:00,31.6,29.99,33.21,23.62,35.64,30.98,32.86,30.84
2016-12-03 08:00:00,33.71,29.82,34.28,30.75,37.93,31.92,34.78,32.05
2016-12-03 09:00:00,34.69,30.65,34.92,33.92,37.79,32.26,35.37,33.02
2016-12-03 10:00:00,34.44,31.03,34.730000000000004,32.11,37.0,32.5,34.95,32.7
2016-12-03 11:00:00,33.22,30.43,33.96,31.02,35.94,30.74,34.68,32.46
2016-12-03 12:00:00,30.22,28.25,31.13,26.93,32.160000000000004,27.65,32.910000000000004,30.0
2016-12-03 13:00:00,28.13,27.2,29.37,24.13,29.59,25.68,31.33,28.41
2016-12-03 14:00:00,27.03,26.9,28.41,22.23,28.43,24.97,30.22,28.01
2016-12-03 15:00:00,26.34,25.8,27.89,20.49,28.25,24.63,29.29,27.01
2016-12-03 16:00:00,27.03,27.27,29.17,20.2,29.88,25.46,29.7,27.5
2016-12-03 17:00:00,37.12,37.53,40.36,26.87,42.5,37.67,39.15,38.160000000000004
2016-12-03 18:00:00,36.550000000000004,36.300000000000004,41.05,26.57,41.94,36.14,39.910000000000004,36.42
2016-12-03 19:00:00,31.7,32.65,34.92,19.84,36.46,32.36,35.37,33.52
2016-12-03 20:00:00,30.0,32.160000000000004,33.83,20.28,34.33,28.88,34.82,33.06
2016-12-03 21:00:00,27.71,30.46,31.13,18.52,30.69,28.74,32.39,31.33
2016-12-03 22:00:00,24.31,26.98,27.53,14.35,27.16,27.39,31.37,29.05
2016-12-03 23:00:00,22.71,25.88,26.67,12.95,26.4,25.19,29.47,27.53
2016-12-04 00:00:00,23.57,25.14,25.95,15.67,25.89,24.65,27.14,27.87
2016-12-04 01:00:00,21.62,23.28,25.64,13.92,25.26,23.78,26.44,27.26
2016-12-04 02:00:00,20.82,22.22,24.53,14.34,24.22,22.9,24.64,25.69
2016-12-04 03:00:00,20.400000000000002,22.15,24.04,13.26,23.62,22.7,24.97,26.03
2016-12-04 04:00:00,20.59,22.35,24.13,13.97,23.65,22.6,24.79,25.31
2016-12-04 05:00:00,21.52,22.57,25.62,14.76,25.76,23.64,25.46,25.91
2016-12-04 06:00:00,23.49,24.4,26.11,18.150000000000002,26.88,24.16,25.67,25.48
2016-12-04 07:00:00,25.84,27.02,28.71,19.080000000000002,29.99,26.57,30.17,28.8
2016-12-04 08:00:00,27.91,27.81,30.98,21.44,31.91,26.5,31.79,29.09
2016-12-04 09:00:00,28.83,29.67,31.65,22.88,32.01,28.86,33.49,31.19
2016-12-04 10:00:00,28.89,29.06,31.74,22.3,32.29,28.65,33.8,31.73
2016-12-04 11:00:00,28.21,28.19,30.49,22.94,29.97,28.04,33.8,31.23
2016-12-04 12:00:00,26.95,27.48,29.39,21.26,28.81,26.5,32.660000000000004,29.36
2016-12-04 13:00:00,26.46,26.47,28.25,21.67,28.28,24.78,32.28,28.65
2016-12-04 14:00:00,25.85,25.7,27.54,21.25,27.87,24.62,31.63,28.28
2016-12-04 15:00:00,25.81,26.44,28.16,20.27,27.91,24.81,31.8,28.14
2016-12-04 16:00:00,28.38,28.51,30.22,25.03,31.49,25.99,32.39,29.23
2016-12-04 17:00:00,39.25,39.07,42.63,34.07,45.39,37.19,41.78,39.19
2016-12-04 18:00:00,41.71,40.86,45.01,39.4,46.34,39.97,44.73,42.28
2016-12-04 19:00:00,38.6,37.69,39.59,36.84,41.9,38.19,39.660000000000004,38.89
2016-12-04 20:00:00,35.24,34.58,36.480000000000004,31.59,38.36,35.53,37.61,36.54
2016-12-04 21:00:00,31.03,30.76,32.6,26.55,33.49,32.18,33.980000000000004,32.77
2016-12-04 22:00:00,26.45,27.75,28.2,22.16,27.33,27.65,28.49,28.78
2016-12-04 23:00:00,24.53,26.64,27.32,19.97,26.87,25.45,26.45,26.43
2016-12-05 00:00:00,23.65,23.78,26.36,18.59,26.04,30.05,27.82,27.72
2016-12-05 01:00:00,21.89,21.82,24.92,15.96,25.24,27.5,25.17,25.55
2016-12-05 02:00:00,21.51,20.5,24.94,16.0,24.86,26.74,25.0,25.34
2016-12-05 03:00:00,20.93,19.84,24.47,15.05,24.33,25.82,24.19,23.94
2016-12-05 04:00:00,20.8,20.7,24.14,13.76,24.77,27.3,24.05,23.7
2016-12-05 05:00:00,23.2,21.73,27.03,15.51,30.81,27.57,28.3,27.66
2016-12-05 06:00:00,30.17,29.25,39.49,18.6,43.63,34.160000000000004,35.42,35.57
2016-12-05 07:00:00,37.050000000000004,35.83,45.97,22.97,50.12,41.89,42.85,41.58
2016-12-05 08:00:00,33.64,32.4,40.300000000000004,21.46,44.55,41.21,41.99,41.44
2016-12-05 09:00:00,32.89,29.87,37.83,23.08,39.47,39.57,40.43,39.72
2016-12-05 10:00:00,31.02,29.61,36.910000000000004,21.18,37.5,36.39,37.72,36.63
2016-12-05 11:00:00,29.62,29.41,34.910000000000004,20.71,34.02,34.38,35.75,34.63
2016-12-05 12:00:00,28.02,27.21,32.39,19.990000000000002,31.69,33.08,33.93,33.29
2016-12-05 13:00:00,27.09,27.26,32.8,17.5,30.67,32.02,32.980000000000004,31.54
2016-12-05 14:00:00,26.27,26.15,31.62,16.43,29.31,32.5,32.22,31.18
2016-12-05 15:00:00,25.49,25.98,31.41,14.67,29.57,32.75,32.17,31.62
2016-12-05 16:00:00,27.49,28.87,34.63,16.92,31.8,33.51,32.61,31.76
2016-12-05 17:00:00,36.800000000000004,38.18,46.49,23.55,49.17,41.91,43.23,42.2
2016-12-05 18:00:00,40.31,41.2,46.49,29.13,48.41,40.88,44.75,43.05
2016-12-05 19:00:00,34.93,37.53,41.11,21.12,42.59,36.17,41.87,41.21
2016-12-05 20:00:00,32.230000000000004,33.0,38.09,20.32,36.15,33.67,38.87,38.17
2016-12-05 21:00:00,29.0,30.74,34.87,19.56,32.4,33.07,35.32,34.56
2016-12-05 22:00:00,25.22,25.2,28.87,16.65,28.37,31.43,32.06,31.720000000000006
2016-12-05 23:00:00,23.5,23.17,27.42,14.85,27.2,29.65,30.99,30.09
2016-12-06 00:00:00,20.400000000000002,21.56,25.76,9.24,24.42,28.64,31.24,29.73
2016-12-06 01:00:00,18.91,19.32,24.12,8.69,22.72,27.59,29.27,28.48
2016-12-06 02:00:00,17.86,17.98,23.7,6.13,22.53,25.75,27.72,26.38
2016-12-06 03:00:00,17.57,17.71,23.0,5.81,22.43,24.81,26.73,25.63
2016-12-06 04:00:00,17.53,18.75,23.64,4.83,22.65,24.58,26.59,25.54
2016-12-06 05:00:00,19.88,19.85,27.15,6.87,27.25,26.03,29.6,28.53
2016-12-06 06:00:00,27.01,27.95,37.6,13.25,36.95,32.6,34.730000000000004,34.24
2016-12-06 07:00:00,34.05,32.81,47.99,19.62,42.4,41.2,43.31,40.660000000000004
2016-12-06 08:00:00,30.6,31.82,42.73,16.26,36.64,38.35,41.86,39.69
2016-12-06 09:00:00,28.81,28.29,40.09,14.37,34.12,35.550000000000004,40.53,38.26
2016-12-06 10:00:00,27.66,26.95,38.47,14.96,32.24,37.22,38.24,37.2
2016-12-06 11:00:00,26.4,25.2,36.21,13.85,31.2,34.71,37.01,36.2
2016-12-06 12:00:00,25.34,24.14,33.61,13.84,29.82,33.33,36.77,34.87
2016-12-06 13:00:00,24.73,23.93,32.22,13.11,29.09,34.85,36.480000000000004,34.44
2016-12-06 14:00:00,24.33,23.1,31.53,13.09,28.81,34.02,36.31,34.0
2016-12-06 15:00:00,24.14,22.83,30.84,13.22,28.86,33.1,35.95,33.49
2016-12-06 16:00:00,26.11,23.61,34.800000000000004,14.6,35.84,35.44,37.29,35.0
2016-12-06 17:00:00,36.01,32.95,45.93,23.07,54.17,41.0,46.79,42.79
2016-12-06 18:00:00,39.230000000000004,35.0,46.49,28.45,53.41,44.65,53.4,46.61
2016-12-06 19:00:00,33.8,31.71,40.92,20.39,47.03,37.85,42.62,43.59
2016-12-06 20:00:00,31.68,29.85,38.24,19.55,40.79,34.62,40.78,41.05
2016-12-06 21:00:00,28.22,27.38,34.17,18.13,34.79,31.24,36.63,36.04
2016-12-06 22:00:00,24.8,23.68,29.78,15.68,30.64,28.84,33.3,33.65
2016-12-06 23:00:00,23.09,20.86,28.08,13.9,27.54,27.95,32.12,32.82
2016-12-07 00:00:00,20.64,21.95,26.04,11.56,24.36,27.48,28.68,29.59
2016-12-07 01:00:00,19.57,21.52,24.94,11.03,23.05,25.8,27.06,28.0
2016-12-07 02:00:00,19.22,21.28,24.65,10.51,22.74,25.23,26.33,27.47
2016-12-07 03:00:00,18.82,20.19,24.58,10.15,22.5,25.14,26.41,27.22
2016-12-07 04:00:00,19.400000000000002,20.51,25.13,10.6,24.76,25.46,26.53,27.62
2016-12-07 05:00:00,21.54,21.32,26.51,12.77,29.31,27.25,28.51,29.44
2016-12-07 06:00:00,28.78,27.63,34.89,18.42,38.730000000000004,34.62,35.6,35.34
2016-12-07 07:00:00,36.050000000000004,37.9,43.48,22.19,46.81,41.41,42.12,41.69
2016-12-07 08:00:00,33.14,35.97,40.88,20.6,40.58,38.84,39.78,39.300000000000004
2016-12-07 09:00:00,30.63,32.57,37.63,19.7,37.08,35.36,36.56,35.95
2016-12-07 10:00:00,29.77,31.57,36.300000000000004,19.54,35.050000000000004,34.61,35.96,36.46
2016-12-07 11:00:00,28.47,30.64,34.34,19.150000000000002,32.13,32.35,34.45,34.730000000000004
2016-12-07 12:00:00,26.89,28.91,32.09,18.38,30.05,30.82,33.11,33.32
2016-12-07 13:00:00,26.37,28.36,31.82,17.81,29.53,30.42,32.64,33.07
2016-12-07 14:00:00,25.54,27.63,30.78,16.11,28.85,29.5,31.82,32.12
2016-12-07 15:00:00,25.38,27.5,30.66,16.45,28.89,29.15,31.51,31.76
2016-12-07 16:00:00,27.07,29.33,33.33,17.23,30.96,31.65,33.87,34.06
2016-12-07 17:00:00,35.95,36.230000000000004,43.31,21.76,46.55,40.26,42.13,41.15
2016-12-07 18:00:00,38.78,38.59,45.95,24.07,48.77,42.72,45.01,44.09
2016-12-07 19:00:00,34.42,34.99,41.38,20.52,42.1,40.24,41.55,41.25
2016-12-07 20:00:00,34.19,37.03,42.57,19.94,41.14,42.45,42.82,42.63
2016-12-07 21:00:00,29.53,32.55,37.0,18.91,34.230000000000004,36.910000000000004,37.33,37.160000000000004
2016-12-07 22:00:00,25.49,28.35,31.43,16.03,29.69,31.46,33.52,33.62
2016-12-07 23:00:00,22.66,25.04,27.71,12.75,26.58,29.94,31.87,31.81
2016-12-08 00:00:00,21.18,19.490000000000002,27.03,12.08,26.45,29.61,30.4,30.13
2016-12-08 01:00:00,20.26,19.88,25.95,11.28,24.75,28.41,28.52,28.92
2016-12-08 02:00:00,19.23,18.96,25.47,9.96,24.11,26.81,26.93,27.18
2016-12-08 03:00:00,19.2,18.76,25.46,10.11,24.5,26.87,26.92,27.18
2016-12-08 04:00:00,19.79,19.18,26.8,10.63,25.88,27.33,27.36,27.67
2016-12-08 05:00:00,21.97,19.96,27.69,12.65,31.69,29.46,30.13,29.74
2016-12-08 06:00:00,29.28,25.22,38.02,13.09,48.14,36.910000000000004,37.87,39.28
2016-12-08 07:00:00,37.51,32.230000000000004,44.21,20.04,58.16,49.79,50.19,53.2
2016-12-08 08:00:00,33.55,28.75,40.86,17.990000000000002,54.33,45.72,46.55,50.22
2016-12-08 09:00:00,32.6,24.5,38.79,18.77,55.06,43.36,46.67,45.89
2016-12-08 10:00:00,31.55,23.57,37.62,19.0,54.64,40.35,44.61,43.97
2016-12-08 11:00:00,30.12,23.01,35.28,19.13,49.17,37.71,42.0,41.31
2016-12-08 12:00:00,28.82,21.34,33.46,18.76,46.5,36.01,39.81,39.21
2016-12-08 13:00:00,28.22,23.31,32.88,19.0,44.13,35.19,38.52,38.11
2016-12-08 14:00:00,27.87,21.83,32.29,19.0,42.97,34.09,37.47,37.0
2016-12-08 15:00:00,27.86,20.26,32.43,19.68,40.7,33.38,37.17,36.61
2016-12-08 16:00:00,30.22,21.45,35.62,20.64,43.83,33.0,40.43,39.52
2016-12-08 17:00:00,44.46,40.53,50.04,35.45,62.02,43.16,53.25,52.16
2016-12-08 18:00:00,51.7,47.48,55.6,43.85,66.95,55.25,64.03,57.76
2016-12-08 19:00:00,45.59,43.85,48.62,36.78,59.5,54.24,54.78,56.83
2016-12-08 20:00:00,44.62,43.6,49.35,34.77,58.68,49.09,54.35,56.59
2016-12-08 21:00:00,38.21,39.53,42.29,29.95,46.31,43.86,48.24,50.16
2016-12-08 22:00:00,34.0,31.96,36.51,30.68,41.64,39.2,41.28,43.14
2016-12-08 23:00:00,30.78,31.63,34.63,25.61,32.64,40.77,39.51,40.59
2016-12-09 00:00:00,30.72,29.77,34.15,27.21,33.01,33.36,35.480000000000004,35.77
2016-12-09 01:00:00,27.9,27.05,30.49,24.31,29.09,32.22,34.35,33.2
2016-12-09 02:00:00,27.11,25.82,30.34,24.13,28.4,31.62,33.84,32.87
2016-12-09 03:00:00,26.56,25.26,29.37,23.05,27.14,31.46,33.910000000000004,33.05
2016-12-09 04:00:00,27.46,26.13,30.65,24.06,28.24,31.58,34.410000000000004,34.81
2016-12-09 05:00:00,31.02,28.35,32.21,28.81,31.06,35.84,38.17,37.69
2016-12-09 06:00:00,42.49,41.81,48.44,39.980000000000004,47.44,40.730000000000004,46.96,47.99
2016-12-09 07:00:00,56.68,54.08,60.72,52.13,61.39,58.24,65.11,64.95
2016-12-09 08:00:00,52.13,49.01,54.06,53.14,51.53,46.65,56.04,55.93
2016-12-09 09:00:00,48.07,45.15,50.18,48.88,47.67,42.92,49.37,48.94
2016-12-09 10:00:00,44.66,41.74,46.77,47.19,44.03,39.43,45.43,43.64
2016-12-09 11:00:00,40.78,37.95,44.48,41.9,41.3,36.46,41.42,40.68
2016-12-09 12:00:00,37.28,36.42,40.53,37.04,38.07,34.300000000000004,37.78,37.160000000000004
2016-12-09 13:00:00,34.47,33.57,39.08,31.77,36.32,32.480000000000004,36.08,35.44
2016-12-09 14:00:00,32.61,31.79,36.9,29.38,34.28,30.82,34.46,34.93
2016-12-09 15:00:00,33.2,30.4,34.0,33.74,32.27,31.16,33.57,34.09
2016-12-09 16:00:00,36.13,33.32,37.4,36.53,35.49,34.33,36.14,35.53
2016-12-09 17:00:00,47.91,45.87,53.43,46.44,49.42,45.21,49.2,47.97
2016-12-09 18:00:00,53.46,50.59,58.48,53.57,54.64,49.19,54.82,53.53
2016-12-09 19:00:00,48.61,47.24,52.94,49.03,49.2,44.63,49.43,48.11
2016-12-09 20:00:00,44.77,43.7,50.41,42.31,46.6,42.69,46.66,45.63
2016-12-09 21:00:00,41.54,40.99,43.33,40.62,42.64,38.44,44.31,42.52
2016-12-09 22:00:00,36.910000000000004,35.07,37.61,37.35,37.31,34.54,37.89,37.15
2016-12-09 23:00:00,34.62,33.11,35.53,34.03,34.800000000000004,33.56,35.75,35.910000000000004
2016-12-10 00:00:00,35.7,34.64,36.13,35.11,34.38,33.2,37.36,36.14
2016-12-10 01:00:00,33.03,32.11,32.87,32.69,30.8,31.9,35.82,34.86
2016-12-10 02:00:00,31.88,30.6,31.68,31.0,30.49,31.16,35.28,34.35
2016-12-10 03:00:00,31.34,30.8,31.68,30.67,29.79,30.51,34.160000000000004,33.85
2016-12-10 04:00:00,31.44,30.99,31.81,30.69,29.72,30.81,34.4,33.69
2016-12-10 05:00:00,32.46,32.12,32.68,31.29,30.69,31.69,35.68,34.730000000000004
2016-12-10 06:00:00,38.71,37.76,38.59,35.550000000000004,38.26,36.75,40.69,38.77
2016-12-10 07:00:00,46.53,44.17,46.46,45.8,45.25,42.83,48.15,46.68
2016-12-10 08:00:00,46.91,45.97,47.48,46.8,46.62,42.66,49.6,47.38
2016-12-10 09:00:00,46.83,46.4,45.88,49.16,45.49,42.4,48.96,47.08
2016-12-10 10:00:00,43.04,41.57,43.04,44.9,43.28,38.03,43.88,42.58
2016-12-10 11:00:00,38.87,38.63,40.12,39.62,40.07,34.42,38.82,37.35
2016-12-10 12:00:00,35.32,35.28,36.71,35.53,36.660000000000004,32.39,35.58,34.58
2016-12-10 13:00:00,32.8,31.99,32.34,33.03,32.730000000000004,31.32,33.26,32.230000000000004
2016-12-10 14:00:00,29.7,29.81,30.35,28.6,31.09,29.27,31.74,31.61
2016-12-10 15:00:00,28.12,29.07,29.84,24.18,30.14,28.03,29.65,29.29
2016-12-10 16:00:00,28.96,30.82,32.89,23.24,32.45,29.65,30.41,29.96
2016-12-10 17:00:00,39.44,42.59,42.68,33.89,43.14,38.6,41.63,41.21
2016-12-10 18:00:00,41.68,44.12,44.29,37.01,45.0,39.84,45.0,44.31
2016-12-10 19:00:00,36.34,38.94,39.57,27.43,40.36,39.12,43.88,43.46
2016-12-10 20:00:00,34.31,37.9,39.14,24.18,38.78,37.230000000000004,42.24,42.08
2016-12-10 21:00:00,31.91,33.72,35.0,23.78,35.2,36.28,39.52,39.37
2016-12-10 22:00:00,28.79,31.2,32.57,21.74,31.51,31.84,36.64,35.69
2016-12-10 23:00:00,27.32,29.44,31.04,21.08,29.4,30.51,35.44,32.96
2016-12-11 00:00:00,25.63,26.75,28.18,20.55,28.51,27.85,30.73,28.18
2016-12-11 01:00:00,24.7,24.67,28.58,19.69,28.39,27.19,30.3,28.31
2016-12-11 02:00:00,24.24,24.75,29.01,19.32,28.24,26.28,28.85,26.89
2016-12-11 03:00:00,23.78,23.67,27.21,18.59,27.23,26.47,29.74,28.15
2016-12-11 04:00:00,23.74,22.7,26.64,19.580000000000002,26.68,26.59,29.43,26.91
2016-12-11 05:00:00,24.75,24.79,28.77,21.02,28.18,25.27,28.1,26.92
2016-12-11 06:00:00,26.8,26.23,28.32,25.23,28.11,26.21,29.3,27.69
2016-12-11 07:00:00,29.77,29.49,30.64,27.43,30.87,29.65,31.85,30.12
2016-12-11 08:00:00,33.39,32.28,34.9,31.3,34.59,32.32,36.17,34.02
2016-12-11 09:00:00,34.64,34.37,35.58,32.61,35.980000000000004,33.65,36.980000000000004,35.13
2016-12-11 10:00:00,35.84,34.88,35.76,35.29,35.53,33.65,36.89,34.53
2016-12-11 11:00:00,32.89,31.85,32.75,32.38,32.62,31.57,33.72,31.26
2016-12-11 12:00:00,30.42,29.31,30.96,29.88,31.02,29.08,30.67,28.67
2016-12-11 13:00:00,29.84,29.1,30.26,29.15,30.27,28.17,30.21,28.27
2016-12-11 14:00:00,28.06,27.86,29.12,27.03,29.26,26.92,28.04,26.37
2016-12-11 15:00:00,27.9,27.06,28.26,26.91,28.33,26.93,28.95,27.22
2016-12-11 16:00:00,28.16,27.5,28.69,26.76,28.83,27.45,29.39,27.58
2016-12-11 17:00:00,39.65,40.44,43.07,38.45,42.08,37.21,38.82,37.68
2016-12-11 18:00:00,40.26,39.9,41.59,39.32,41.62,38.980000000000004,41.59,41.11
2016-12-11 19:00:00,37.82,37.52,39.03,36.96,38.94,36.74,39.26,38.71
2016-12-11 20:00:00,36.45,35.89,37.6,35.54,37.4,35.910000000000004,38.27,37.94
2016-12-11 21:00:00,32.25,32.42,34.730000000000004,31.04,33.5,31.17,32.15,31.37
2016-12-11 22:00:00,28.27,28.57,31.09,26.32,29.72,27.4,28.41,27.42
2016-12-11 23:00:00,26.76,26.56,28.14,26.38,27.38,25.6,27.06,25.99
2016-12-12 00:00:00,24.11,24.16,29.24,21.38,25.95,22.57,24.33,23.18
2016-12-12 01:00:00,23.47,22.97,28.85,21.31,24.83,21.94,23.5,22.48
2016-12-12 02:00:00,23.02,22.33,27.67,21.4,23.33,21.87,23.62,23.33
2016-12-12 03:00:00,22.9,22.22,27.54,21.29,23.22,21.82,23.55,23.35
2016-12-12 04:00:00,23.53,23.71,28.84,21.14,24.65,22.0,23.53,22.96
2016-12-12 05:00:00,25.92,25.58,30.46,23.64,26.95,24.78,26.26,26.21
2016-12-12 06:00:00,34.02,34.47,38.25,31.62,35.84,30.25,31.99,31.61
2016-12-12 07:00:00,45.3,44.72,47.33,47.89,45.6,33.94,37.64,36.53
2016-12-12 08:00:00,43.66,40.08,43.07,47.49,43.42,33.62,37.49,36.11
2016-12-12 09:00:00,41.47,40.58,41.51,44.15,41.57,31.39,38.72,34.86
2016-12-12 10:00:00,40.13,39.0,39.89,40.11,39.910000000000004,34.44,38.85,34.59
2016-12-12 11:00:00,37.2,36.39,38.26,35.52,37.84,33.82,36.85,35.28
2016-12-12 12:00:00,34.39,35.04,36.12,30.02,35.86,32.43,35.54,34.96
2016-12-12 13:00:00,33.02,33.52,34.77,28.61,34.32,31.57,34.86,34.1
2016-12-12 14:00:00,31.84,32.730000000000004,33.8,26.27,33.47,30.61,33.89,32.97
2016-12-12 15:00:00,30.79,31.95,33.01,25.01,32.69,29.8,33.19,32.1
2016-12-12 16:00:00,32.31,33.58,36.2,23.32,34.36,31.53,34.910000000000004,34.09
2016-12-12 17:00:00,43.3,46.78,48.49,33.13,47.63,37.57,45.59,37.76
2016-12-12 18:00:00,48.21,50.05,54.5,45.22,51.9,41.46,44.94,39.22
2016-12-12 19:00:00,42.31,44.05,47.31,34.730000000000004,45.69,39.96,43.73,37.54
2016-12-12 20:00:00,40.08,41.71,45.96,31.99,43.26,38.49,43.2,37.29
2016-12-12 21:00:00,34.31,35.61,40.37,28.26,37.18,33.96,36.21,35.480000000000004
2016-12-12 22:00:00,28.37,30.38,34.03,25.39,31.76,29.8,32.160000000000004,31.25
2016-12-12 23:00:00,26.35,29.6,33.08,23.1,30.32,27.31,29.05,27.49
2016-12-13 00:00:00,23.4,24.86,27.27,22.2,25.53,22.98,25.43,24.45
2016-12-13 01:00:00,21.4,22.77,24.56,20.75,23.4,21.51,22.49,22.17
2016-12-13 02:00:00,21.68,22.41,24.57,20.76,23.43,21.66,22.88,21.9
2016-12-13 03:00:00,21.69,22.38,24.65,20.73,23.39,21.63,22.85,21.87
2016-12-13 04:00:00,22.11,23.0,25.49,21.02,24.07,21.95,22.98,21.75
2016-12-13 05:00:00,24.87,25.99,28.25,23.55,26.97,24.92,25.93,26.04
2016-12-13 06:00:00,32.7,33.24,35.54,27.75,42.22,30.84,31.81,31.54
2016-12-13 07:00:00,41.64,44.81,45.13,33.2,50.42,33.09,36.51,36.14
2016-12-13 08:00:00,40.61,40.88,43.11,38.19,43.64,34.14,37.71,36.71
2016-12-13 09:00:00,39.69,41.28,42.23,35.72,42.52,33.51,36.92,36.1
2016-12-13 10:00:00,38.01,39.660000000000004,40.37,32.49,40.11,31.69,34.83,34.5
2016-12-13 11:00:00,35.6,37.17,37.5,29.57,37.22,31.51,34.46,34.14
2016-12-13 12:00:00,33.03,34.19,34.76,26.81,34.42,29.1,34.480000000000004,33.43
2016-12-13 13:00:00,31.2,31.99,32.57,25.64,32.24,27.75,34.36,32.95
2016-12-13 14:00:00,30.21,31.15,31.62,24.48,31.35,26.12,34.2,32.34
2016-12-13 15:00:00,29.34,30.29,30.79,23.56,30.55,24.94,33.82,31.7
2016-12-13 16:00:00,30.84,32.03,33.21,23.62,32.71,26.49,35.33,33.29
2016-12-13 17:00:00,41.07,42.19,45.17,33.42,49.89,32.21,42.68,36.65
2016-12-13 18:00:00,45.01,44.99,47.66,40.49,50.42,33.83,44.02,38.230000000000004
2016-12-13 19:00:00,41.79,43.03,46.2,34.4,46.54,33.09,43.49,35.84
2016-12-13 20:00:00,39.160000000000004,41.28,44.85,29.36,43.99,34.44,41.54,35.980000000000004
2016-12-13 21:00:00,33.82,35.480000000000004,38.67,27.76,37.89,31.68,34.96,34.410000000000004
2016-12-13 22:00:00,29.38,30.13,36.86,25.28,31.720000000000006,28.06,31.84,30.84
2016-12-13 23:00:00,26.53,28.61,31.0,21.66,29.44,26.22,29.18,27.74
2016-12-14 00:00:00,23.08,26.03,28.35,18.6,26.83,23.15,26.31,24.97
2016-12-14 01:00:00,22.07,24.52,27.13,17.830000000000002,25.47,23.11,24.57,23.6
2016-12-14 02:00:00,21.84,24.28,27.31,17.75,25.45,22.85,23.62,23.0
2016-12-14 03:00:00,21.99,24.07,27.54,18.240000000000002,25.72,22.37,22.97,22.67
2016-12-14 04:00:00,22.57,24.13,28.84,18.2,26.72,22.74,23.88,23.22
2016-12-14 05:00:00,25.0,26.12,31.5,18.88,30.22,23.97,25.14,24.83
2016-12-14 06:00:00,33.37,38.78,41.12,20.97,42.32,29.38,30.17,29.36
2016-12-14 07:00:00,43.57,48.22,52.31,28.46,56.83,35.26,34.94,34.7
2016-12-14 08:00:00,40.26,43.44,47.49,28.81,50.31,36.15,35.76,34.980000000000004
2016-12-14 09:00:00,38.53,40.49,45.06,24.34,47.45,33.25,36.63,31.88
2016-12-14 10:00:00,36.45,36.86,42.06,23.8,46.05,33.99,35.96,32.56
2016-12-14 11:00:00,33.07,33.4,38.28,22.74,46.02,28.08,36.31,32.35
2016-12-14 12:00:00,31.13,30.93,36.22,22.44,43.19,27.53,35.06,30.96
2016-12-14 13:00:00,29.97,30.46,36.0,22.25,43.46,26.71,34.36,30.8
2016-12-14 14:00:00,28.85,29.18,34.5,21.65,42.77,27.35,31.83,29.19
2016-12-14 15:00:00,28.19,28.4,33.81,21.68,43.15,27.28,30.83,28.94
2016-12-14 16:00:00,30.43,31.08,37.18,23.03,45.97,28.42,34.0,30.1
2016-12-14 17:00:00,42.69,44.56,51.61,32.77,67.98,33.660000000000004,36.550000000000004,32.54
2016-12-14 18:00:00,47.62,48.04,54.58,41.49,70.24,35.49,36.24,33.01
2016-12-14 19:00:00,43.79,45.98,51.26,33.34,64.8,36.82,37.050000000000004,32.4
2016-12-14 20:00:00,43.16,46.39,51.47,29.32,62.87,39.12,39.11,32.22
2016-12-14 21:00:00,38.13,40.56,45.6,26.83,53.08,36.77,36.39,31.720000000000006
2016-12-14 22:00:00,32.77,34.58,38.49,26.78,42.7,30.73,34.92,32.43
2016-12-14 23:00:00,29.49,29.66,34.47,26.32,35.5,30.11,33.21,30.24
2016-12-15 00:00:00,27.52,28.64,32.13,22.76,32.62,26.97,28.53,27.14
2016-12-15 01:00:00,27.4,28.35,31.99,24.22,32.21,26.4,27.88,26.88
2016-12-15 02:00:00,27.75,28.79,32.52,26.05,32.77,26.15,27.36,26.68
2016-12-15 03:00:00,28.23,29.33,32.97,26.51,33.36,26.46,27.68,26.93
2016-12-15 04:00:00,30.51,30.79,33.44,30.36,34.67,26.72,28.85,28.5
2016-12-15 05:00:00,35.62,36.85,39.39,33.99,42.04,28.22,29.03,27.87
2016-12-15 06:00:00,47.75,50.44,54.7,42.97,63.97,32.65,34.71,32.57
2016-12-15 07:00:00,67.13,70.91,74.04,66.53,86.73,44.87,50.45,46.55
2016-12-15 08:00:00,60.04,61.22,64.58,60.47,75.63,36.61,45.5,40.35
2016-12-15 09:00:00,54.55,55.95,59.09,50.47,67.08,35.2,41.87,38.07
2016-12-15 10:00:00,50.87,53.61,55.08,51.26,59.7,31.08,38.74,34.800000000000004
2016-12-15 11:00:00,49.06,49.09,51.26,51.52,55.48,29.96,35.980000000000004,32.09
2016-12-15 12:00:00,44.98,45.54,48.35,45.5,49.21,28.05,34.79,30.98
2016-12-15 13:00:00,41.62,42.02,44.68,38.77,45.26,25.86,32.95,29.66
2016-12-15 14:00:00,39.42,39.99,42.83,37.19,42.54,25.14,30.75,29.43
2016-12-15 15:00:00,38.44,40.61,43.91,36.17,42.32,24.08,29.98,28.94
2016-12-15 16:00:00,40.95,43.59,47.43,36.67,45.18,24.98,32.35,30.52
2016-12-15 17:00:00,51.82,57.6,60.66,38.97,61.06,28.57,38.64,33.38
2016-12-15 18:00:00,61.72,67.74,72.22,50.02,71.12,39.45,45.0,41.11
2016-12-15 19:00:00,55.22,60.25,63.74,40.71,63.88,39.27,44.47,41.94
2016-12-15 20:00:00,49.26,55.83,60.47,30.2,59.36,37.36,46.26,41.72
2016-12-15 21:00:00,43.77,49.83,53.52,27.95,52.24,35.0,41.6,38.53
2016-12-15 22:00:00,36.95,42.33,45.53,25.62,43.59,32.910000000000004,36.9,35.72
2016-12-15 23:00:00,32.24,36.5,39.51,23.45,37.38,29.81,32.93,32.2
2016-12-16 00:00:00,29.53,32.410000000000004,36.85,24.92,35.99,25.59,29.3,29.55
2016-12-16 01:00:00,27.7,29.28,36.89,23.4,35.28,24.32,27.43,27.78
2016-12-16 02:00:00,27.25,29.3,36.38,22.68,34.38,23.6,27.59,28.05
2016-12-16 03:00:00,27.36,28.42,36.85,22.97,35.18,23.5,26.92,27.41
2016-12-16 04:00:00,27.71,28.94,36.87,22.12,35.63,23.92,27.22,27.82
2016-12-16 05:00:00,31.35,33.2,41.05,23.61,40.14,26.41,29.96,29.26
2016-12-16 06:00:00,39.410000000000004,43.47,52.88,25.86,63.82,31.8,35.980000000000004,34.35
2016-12-16 07:00:00,61.48,68.07000000000001,71.49,48.26,85.74,48.16,53.39,51.26
2016-12-16 08:00:00,52.73,55.66,58.03,43.94,70.69,42.94,47.39,45.92
2016-12-16 09:00:00,45.53,46.01,50.71,36.42,64.54,32.71,37.730000000000004,35.84
2016-12-16 10:00:00,42.87,43.83,48.35,34.94,56.01,30.58,33.51,33.02
2016-12-16 11:00:00,41.11,43.18,46.94,36.550000000000004,53.25,28.41,32.47,30.91
2016-12-16 12:00:00,39.46,41.26,44.82,35.09,49.41,27.02,30.1,29.7
2016-12-16 13:00:00,37.300000000000004,39.35,42.9,32.95,45.76,24.78,27.92,28.51
2016-12-16 14:00:00,34.37,35.89,39.480000000000004,28.75,42.66,23.88,26.91,27.6
2016-12-16 15:00:00,32.47,33.71,36.61,25.91,39.410000000000004,23.64,26.42,27.06
2016-12-16 16:00:00,33.52,34.44,39.74,25.66,38.37,24.15,27.43,27.89
2016-12-16 17:00:00,46.03,48.83,51.88,48.56,50.81,29.56,32.17,30.76
2016-12-16 18:00:00,49.1,51.68,54.31,51.11,53.82,32.31,35.86,34.1
2016-12-16 19:00:00,43.48,45.72,48.61,40.480000000000004,47.42,31.59,35.64,33.22
2016-12-16 20:00:00,40.01,42.58,45.89,37.57,44.28,29.76,33.29,31.07
2016-12-16 21:00:00,35.72,37.36,40.59,32.160000000000004,38.51,28.4,30.81,29.24
2016-12-16 22:00:00,30.69,33.09,35.93,30.970000000000006,34.31,26.18,29.32,28.63
2016-12-16 23:00:00,25.98,27.89,30.78,24.44,29.25,24.84,26.06,25.0
2016-12-17 00:00:00,26.15,25.94,29.26,23.32,27.23,24.67,26.82,26.15
2016-12-17 01:00:00,24.38,24.73,28.38,21.39,25.82,23.11,24.77,24.24
2016-12-17 02:00:00,23.24,23.81,28.29,20.1,26.08,22.56,24.27,22.49
2016-12-17 03:00:00,22.68,23.75,27.72,20.02,25.73,22.26,23.24,22.45
2016-12-17 04:00:00,21.95,22.9,27.71,19.72,24.85,21.79,23.02,22.34
2016-12-17 05:00:00,21.94,22.49,28.63,18.6,25.45,21.99,23.27,22.89
2016-12-17 06:00:00,22.57,23.57,29.63,17.8,26.43,22.48,23.68,23.22
2016-12-17 07:00:00,24.88,26.92,30.63,19.73,28.19,24.93,26.76,26.19
2016-12-17 08:00:00,26.45,30.02,35.56,20.07,30.49,24.32,29.84,29.77
2016-12-17 09:00:00,27.8,31.56,37.31,20.02,32.46,25.93,30.21,29.65
2016-12-17 10:00:00,28.47,32.34,38.06,20.99,33.27,26.22,30.75,30.15
2016-12-17 11:00:00,28.13,31.77,37.25,21.24,32.480000000000004,26.57,30.72,30.2
2016-12-17 12:00:00,27.44,30.93,36.28,21.0,31.65,25.95,30.01,29.42
2016-12-17 13:00:00,26.99,30.91,35.34,21.29,31.66,25.37,28.85,28.07
2016-12-17 14:00:00,26.39,29.65,34.95,20.19,30.53,24.58,29.31,28.84
2016-12-17 15:00:00,25.8,28.68,33.54,20.11,29.66,23.92,28.82,28.56
2016-12-17 16:00:00,26.85,30.58,34.89,21.38,31.51,24.94,29.07,28.43
2016-12-17 17:00:00,35.800000000000004,40.85,44.44,32.980000000000004,40.82,29.83,35.53,34.660000000000004
2016-12-17 18:00:00,39.96,42.27,43.45,44.98,42.27,30.43,35.09,33.38
2016-12-17 19:00:00,36.37,39.550000000000004,41.63,36.86,39.74,29.77,34.05,32.24
2016-12-17 20:00:00,35.24,36.45,39.300000000000004,37.230000000000004,37.63,29.83,33.07,31.39
2016-12-17 21:00:00,32.79,32.32,36.13,35.87,34.72,28.46,32.13,31.32
2016-12-17 22:00:00,30.06,30.6,32.63,29.84,31.53,27.03,30.09,29.42
2016-12-17 23:00:00,28.42,28.7,31.73,27.57,30.12,26.27,28.35,27.65
2016-12-18 00:00:00,26.15,25.44,27.07,27.89,26.24,24.22,25.69,26.56
2016-12-18 01:00:00,23.83,22.85,24.15,25.11,23.75,23.24,25.04,25.69
2016-12-18 02:00:00,24.38,23.37,24.71,26.16,24.29,22.76,24.49,24.49
2016-12-18 03:00:00,24.19,23.59,25.02,25.45,24.8,22.05,23.79,23.34
2016-12-18 04:00:00,24.45,23.72,25.29,26.14,25.05,21.96,23.63,22.92
2016-12-18 05:00:00,25.01,24.01,25.74,26.68,25.49,22.04,23.72,23.24
2016-12-18 06:00:00,27.15,25.56,26.93,30.92,27.0,21.57,23.36,23.59
2016-12-18 07:00:00,29.71,26.74,27.24,36.01,28.24,23.55,26.27,26.37
2016-12-18 08:00:00,32.95,29.59,29.99,40.31,31.09,25.2,29.27,29.04
2016-12-18 09:00:00,34.13,31.23,31.78,41.0,32.78,26.6,30.66,30.91
2016-12-18 10:00:00,37.51,33.77,33.86,46.58,34.62,28.35,32.25,31.38
2016-12-18 11:00:00,36.28,32.93,33.82,44.11,34.36,26.45,31.6,31.04
2016-12-18 12:00:00,33.92,31.52,32.410000000000004,38.980000000000004,32.87,26.46,30.55,30.22
2016-12-18 13:00:00,33.14,30.4,31.34,38.89,31.720000000000006,25.82,30.16,30.46
2016-12-18 14:00:00,31.88,29.98,30.89,35.0,31.27,26.17,30.08,29.87
2016-12-18 15:00:00,31.34,29.76,30.71,33.15,31.03,26.16,31.08,30.16
2016-12-18 16:00:00,31.62,33.26,33.76,26.27,33.62,26.71,32.410000000000004,31.6
2016-12-18 17:00:00,44.47,46.11,49.87,35.34,49.87,34.25,40.19,36.82
2016-12-18 18:00:00,51.25,54.14,57.85,38.01,58.79,36.18,45.71,41.71
2016-12-18 19:00:00,47.32,50.04,53.74,33.56,54.44,33.72,43.57,39.660000000000004
2016-12-18 20:00:00,43.33,46.0,49.66,29.21,50.82,34.44,44.47,42.08
2016-12-18 21:00:00,36.7,39.56,42.17,23.69,43.6,31.45,39.32,37.78
2016-12-18 22:00:00,32.33,34.59,36.37,26.13,36.75,28.43,33.14,32.94
2016-12-18 23:00:00,28.08,30.2,32.2,21.42,32.45,27.81,31.57,31.56
2016-12-19 00:00:00,25.73,27.03,29.02,19.71,29.02,26.22,32.88,31.18
2016-12-19 01:00:00,25.16,26.42,28.14,19.400000000000002,28.39,25.65,31.68,30.26
2016-12-19 02:00:00,25.12,26.48,28.3,19.12,28.51,26.43,31.89,30.62
2016-12-19 03:00:00,25.67,27.15,29.1,19.38,29.23,27.07,31.95,30.81
2016-12-19 04:00:00,27.01,29.37,31.54,19.330000000000002,31.720000000000006,27.58,32.7,32.85
2016-12-19 05:00:00,31.17,35.300000000000004,36.03,20.34,36.21,30.47,35.95,37.230000000000004
2016-12-19 06:00:00,41.19,45.37,47.64,30.1,52.12,36.800000000000004,47.65,44.38
2016-12-19 07:00:00,60.91,65.64,70.09,44.8,74.74,50.9,82.65,69.25
2016-12-19 08:00:00,52.85,57.2,60.59,38.06,65.0,42.76,81.57000000000001,63.94000000000001
2016-12-19 09:00:00,47.77,53.06,55.05,34.39,61.45,31.3,73.13,62.55
2016-12-19 10:00:00,43.22,48.03,50.47,32.1,56.37,32.32,55.97,51.1
2016-12-19 11:00:00,39.28,41.75,45.23,30.67,53.58,33.03,45.64,45.02
2016-12-19 12:00:00,34.7,37.33,40.95,26.86,48.59,30.19,41.91,40.21
2016-12-19 13:00:00,31.04,33.34,36.76,24.6,44.13,28.38,37.13,35.730000000000004
2016-12-19 14:00:00,28.65,30.77,34.42,22.88,39.0,27.15,34.68,33.230000000000004
2016-12-19 15:00:00,27.67,29.66,33.22,22.05,36.67,27.03,33.43,32.51
2016-12-19 16:00:00,29.52,31.83,36.44,23.03,40.13,27.88,36.74,33.83
2016-12-19 17:00:00,42.94,48.64,54.21,32.56,61.09,36.730000000000004,47.6,41.12
2016-12-19 18:00:00,49.43,55.4,61.12,37.62,69.21000000000001,41.41,57.56,51.28
2016-12-19 19:00:00,46.16,52.21,56.65,33.11,63.61,37.68,60.17,57.3
2016-12-19 20:00:00,43.68,48.57,52.45,30.43,58.29,27.39,65.14,55.62
2016-12-19 21:00:00,37.65,42.12,45.31,26.57,49.29,27.28,50.85,42.52
2016-12-19 22:00:00,33.07,36.27,39.49,21.69,42.0,25.2,45.73,44.04
2016-12-19 23:00:00,29.44,32.9,35.89,19.7,35.79,25.66,39.65,38.52
2016-12-20 00:00:00,25.96,25.43,30.22,18.88,29.33,24.04,48.06,33.81
2016-12-20 01:00:00,24.03,24.53,27.17,16.86,26.88,25.0,43.43,33.43
2016-12-20 02:00:00,23.46,24.86,26.67,15.33,27.03,25.0,43.17,33.2
2016-12-20 03:00:00,23.3,24.59,26.94,15.0,27.26,25.03,44.2,33.35
2016-12-20 04:00:00,23.9,24.49,28.93,15.19,28.78,25.45,45.02,33.67
2016-12-20 05:00:00,26.79,25.93,32.87,18.09,32.160000000000004,26.7,51.0,34.76
2016-12-20 06:00:00,33.5,33.32,40.92,21.52,41.86,31.89,65.72,43.21
2016-12-20 07:00:00,49.42,50.07,53.75,34.14,59.55,41.88,88.32,64.96000000000001
2016-12-20 08:00:00,41.01,40.42,42.98,29.94,48.84,31.89,81.54,55.57
2016-12-20 09:00:00,38.46,37.61,41.22,29.36,45.89,31.42,72.2,48.14
2016-12-20 10:00:00,34.33,34.09,36.83,26.23,41.96,30.86,56.75,40.83
2016-12-20 11:00:00,31.38,31.33,33.67,23.68,38.230000000000004,30.0,44.43,35.13
2016-12-20 12:00:00,29.13,28.36,30.67,25.29,34.67,28.0,38.51,32.26
2016-12-20 13:00:00,27.57,26.63,28.76,25.37,31.78,25.33,35.04,29.72
2016-12-20 14:00:00,26.99,27.04,28.85,25.21,31.220000000000006,24.0,32.49,28.56
2016-12-20 15:00:00,26.76,26.18,28.15,26.06,29.19,23.87,32.32,28.75
2016-12-20 16:00:00,27.43,26.8,28.85,26.67,29.88,23.77,33.59,29.48
2016-12-20 17:00:00,37.5,38.32,42.27,38.0,42.61,30.62,36.660000000000004,33.8
2016-12-20 18:00:00,42.95,40.84,43.51,45.38,45.83,34.09,43.16,37.75
2016-12-20 19:00:00,39.410000000000004,39.17,41.81,36.84,43.25,40.67,43.57,38.11
2016-12-20 20:00:00,38.89,37.82,40.44,37.12,41.58,38.550000000000004,43.32,37.72
2016-12-20 21:00:00,36.37,36.85,37.72,32.99,38.9,36.33,43.03,37.93
2016-12-20 22:00:00,31.3,30.45,31.91,29.96,32.63,28.54,37.050000000000004,33.57
2016-12-20 23:00:00,28.86,29.12,31.3,26.98,30.45,27.71,34.29,31.78
2016-12-21 00:00:00,25.12,27.46,27.13,21.38,26.21,23.38,28.97,28.54
2016-12-21 01:00:00,23.57,25.76,25.91,19.42,25.29,23.32,27.37,26.57
2016-12-21 02:00:00,22.48,24.44,24.23,16.1,24.21,23.4,27.6,27.14
2016-12-21 03:00:00,22.1,24.69,24.25,14.58,24.39,22.59,27.03,26.51
2016-12-21 04:00:00,22.19,25.83,25.55,14.45,25.62,22.97,27.77,27.15
2016-12-21 05:00:00,24.27,28.53,28.18,15.11,28.38,25.17,31.03,29.56
2016-12-21 06:00:00,30.39,37.36,41.6,16.92,40.12,30.02,34.5,32.72
2016-12-21 07:00:00,40.37,49.26,45.54,23.21,47.27,37.84,45.67,40.95
2016-12-21 08:00:00,34.02,41.24,39.72,20.22,40.54,31.53,39.53,35.01
2016-12-21 09:00:00,31.83,37.89,37.4,19.84,37.47,30.08,36.64,33.34
2016-12-21 10:00:00,29.51,35.230000000000004,34.71,19.330000000000002,35.35,31.42,33.47,32.160000000000004
2016-12-21 11:00:00,28.4,34.59,34.13,17.51,33.32,29.35,32.410000000000004,31.8
2016-12-21 12:00:00,26.42,32.05,31.26,16.580000000000002,30.94,28.44,30.2,29.24
2016-12-21 13:00:00,24.96,30.65,30.41,15.58,29.45,26.72,28.41,28.21
2016-12-21 14:00:00,23.81,29.56,28.7,14.86,28.38,25.34,27.2,26.68
2016-12-21 15:00:00,23.44,29.8,29.99,15.24,28.86,24.83,26.46,26.01
2016-12-21 16:00:00,24.07,29.92,33.13,14.75,31.83,26.73,27.72,27.4
2016-12-21 17:00:00,31.42,42.56,40.86,18.31,42.43,31.8,32.0,30.85
2016-12-21 18:00:00,33.35,42.04,39.22,23.24,42.66,32.03,33.95,32.65
2016-12-21 19:00:00,30.43,36.0,36.12,19.62,38.92,31.69,33.74,33.32
2016-12-21 20:00:00,29.13,33.480000000000004,34.5,18.79,36.12,31.51,33.09,32.76
2016-12-21 21:00:00,27.42,31.57,32.410000000000004,17.46,31.7,31.96,32.08,32.11
2016-12-21 22:00:00,24.69,27.42,28.0,15.67,28.11,26.27,29.49,29.69
2016-12-21 23:00:00,22.42,25.03,25.69,14.9,25.22,25.8,27.31,27.5
2016-12-22 00:00:00,21.03,22.87,23.63,15.19,23.54,19.26,25.15,25.56
2016-12-22 01:00:00,19.87,21.67,22.32,13.51,22.36,19.0,23.52,23.56
2016-12-22 02:00:00,19.94,20.83,22.77,14.69,22.45,17.88,23.06,22.79
2016-12-22 03:00:00,20.330000000000002,21.12,23.08,15.75,22.7,18.02,23.18,22.88
2016-12-22 04:00:00,21.1,22.25,24.13,16.65,23.42,19.0,22.99,22.19
2016-12-22 05:00:00,22.99,23.83,24.99,18.88,24.71,20.02,25.15,24.47
2016-12-22 06:00:00,29.2,31.55,35.02,21.66,34.32,26.9,29.4,29.25
2016-12-22 07:00:00,37.300000000000004,39.22,40.83,31.11,39.43,29.57,37.08,36.7
2016-12-22 08:00:00,35.46,35.65,37.480000000000004,31.1,36.52,26.51,34.83,34.79
2016-12-22 09:00:00,34.71,34.06,35.93,31.67,36.01,26.94,33.54,33.92
2016-12-22 10:00:00,33.97,33.78,35.92,29.95,35.86,29.59,32.55,31.54
2016-12-22 11:00:00,33.1,32.8,35.27,30.01,34.84,27.08,32.24,32.15
2016-12-22 12:00:00,30.970000000000006,31.45,33.24,25.79,32.68,26.31,30.98,29.81
2016-12-22 13:00:00,29.15,29.81,31.87,23.72,31.41,26.0,29.05,28.18
2016-12-22 14:00:00,26.96,27.29,28.66,22.51,28.34,24.72,28.43,29.11
2016-12-22 15:00:00,26.18,26.86,28.61,21.74,28.02,25.58,27.31,27.28
2016-12-22 16:00:00,26.39,29.33,28.27,21.11,28.55,26.93,27.5,27.46
2016-12-22 17:00:00,32.8,37.33,36.09,27.62,35.71,28.6,33.51,33.730000000000004
2016-12-22 18:00:00,34.79,39.08,37.61,28.63,37.58,30.19,35.94,35.24
2016-12-22 19:00:00,31.6,34.57,35.13,23.32,35.19,28.37,34.4,33.87
2016-12-22 20:00:00,30.81,34.03,35.26,22.11,34.59,26.78,34.64,34.95
2016-12-22 21:00:00,27.73,29.88,30.59,19.96,30.46,28.0,32.65,32.57
2016-12-22 22:00:00,25.32,26.91,27.17,18.87,27.1,26.44,30.43,30.29
2016-12-22 23:00:00,22.62,24.46,24.24,17.02,24.14,24.15,27.35,27.09
2016-12-23 00:00:00,21.15,22.64,23.29,16.38,23.03,23.82,24.88,25.02
2016-12-23 01:00:00,20.26,21.62,22.06,15.51,22.19,23.23,23.42,23.72
2016-12-23 02:00:00,19.71,21.15,21.67,14.14,21.92,23.52,23.43,23.75
2016-12-23 03:00:00,19.84,21.36,21.8,15.15,21.78,23.12,23.33,23.83
2016-12-23 04:00:00,19.8,21.45,21.88,14.77,21.92,22.65,23.38,23.84
2016-12-23 05:00:00,20.73,22.38,22.94,15.7,22.68,23.96,24.21,24.49
2016-12-23 06:00:00,23.31,25.88,25.5,14.99,25.86,30.56,28.69,29.37
2016-12-23 07:00:00,29.13,33.05,31.89,20.68,31.53,33.410000000000004,33.45,33.45
2016-12-23 08:00:00,29.03,31.11,31.19,20.35,30.67,38.84,36.12,33.88
2016-12-23 09:00:00,29.16,30.96,30.970000000000006,20.85,30.62,38.64,36.72,35.910000000000004
2016-12-23 10:00:00,28.83,30.57,30.71,20.74,30.32,37.050000000000004,36.71,35.37
2016-12-23 11:00:00,28.53,30.0,30.23,21.74,29.67,32.2,33.97,33.89
2016-12-23 12:00:00,27.15,28.03,28.17,21.42,27.8,31.94,32.58,32.58
2016-12-23 13:00:00,26.03,27.26,28.17,21.2,27.58,30.43,29.37,29.95
2016-12-23 14:00:00,25.8,25.86,26.69,22.52,26.01,29.73,29.42,29.17
2016-12-23 15:00:00,25.58,25.3,26.59,22.83,25.98,28.18,29.07,29.0
2016-12-23 16:00:00,26.35,26.35,27.51,22.81,26.91,29.13,29.0,29.84
2016-12-23 17:00:00,32.63,31.61,32.410000000000004,30.44,32.14,30.07,33.24,32.72
2016-12-23 18:00:00,34.480000000000004,31.66,33.61,38.78,32.62,30.8,31.8,31.9
2016-12-23 19:00:00,32.08,30.16,31.39,33.33,30.93,29.82,31.25,30.63
2016-12-23 20:00:00,29.13,28.44,30.01,26.38,29.58,29.44,30.38,30.73
2016-12-23 21:00:00,27.3,26.51,27.79,24.05,27.82,31.23,29.37,29.86
2016-12-23 22:00:00,25.88,25.37,26.94,23.87,26.4,30.83,27.02,27.31
2016-12-23 23:00:00,24.51,24.38,25.83,21.73,25.49,26.54,25.28,25.07
2016-12-24 00:00:00,22.57,22.1,23.47,21.39,23.12,22.88,23.33,22.87
2016-12-24 01:00:00,21.23,20.75,21.67,20.09,21.47,21.27,21.89,21.43
2016-12-24 02:00:00,20.91,20.76,21.88,19.44,21.58,20.330000000000002,20.83,20.38
2016-12-24 03:00:00,20.73,20.44,21.93,19.34,21.52,20.21,20.79,20.72
2016-12-24 04:00:00,20.69,20.34,21.83,19.38,21.42,20.07,20.68,20.61
2016-12-24 05:00:00,20.93,20.28,21.77,20.17,21.36,21.06,21.06,21.09
2016-12-24 06:00:00,21.85,21.37,22.93,20.39,22.5,22.91,22.4,22.49
2016-12-24 07:00:00,23.61,23.0,24.02,21.94,23.79,25.55,24.8,24.43
2016-12-24 08:00:00,25.37,24.56,25.75,23.93,25.15,28.23,26.61,26.12
2016-12-24 09:00:00,26.73,25.3,27.66,25.95,26.22,31.28,28.25,28.43
2016-12-24 10:00:00,28.17,26.25,28.4,27.55,27.18,33.62,30.47,30.4
2016-12-24 11:00:00,27.18,25.86,27.76,25.13,26.77,32.87,29.94,29.86
2016-12-24 12:00:00,26.29,25.07,26.71,24.59,26.04,32.39,28.63,28.35
2016-12-24 13:00:00,25.7,24.49,25.92,23.35,25.35,31.46,28.22,27.92
2016-12-24 14:00:00,24.99,24.16,25.73,22.36,25.09,30.08,27.4,27.24
2016-12-24 15:00:00,24.5,23.71,25.29,21.93,24.61,28.63,26.66,26.44
2016-12-24 16:00:00,24.49,23.34,24.76,22.05,24.16,28.66,26.66,26.32
2016-12-24 17:00:00,27.34,26.4,28.43,24.16,27.24,34.05,29.35,29.95
2016-12-24 18:00:00,27.54,26.57,27.94,24.83,27.22,33.52,29.63,29.67
2016-12-24 19:00:00,25.56,25.72,26.3,22.46,25.35,30.09,27.42,27.79
2016-12-24 20:00:00,24.59,25.42,25.91,20.99,24.95,29.66,26.93,27.34
2016-12-24 21:00:00,23.26,23.56,25.06,19.43,24.01,28.19,26.88,27.0
2016-12-24 22:00:00,21.8,21.39,21.96,19.73,21.65,25.98,23.38,23.28
2016-12-24 23:00:00,20.89,21.01,22.01,18.34,21.55,24.04,22.41,22.59
2016-12-25 00:00:00,19.61,20.03,20.38,16.71,20.26,24.05,22.15,22.41
2016-12-25 01:00:00,18.330000000000002,18.81,19.240000000000002,14.93,19.29,22.32,21.12,21.2
2016-12-25 02:00:00,17.97,18.490000000000002,18.98,14.54,18.97,21.22,20.51,20.53
2016-12-25 03:00:00,17.19,17.82,19.17,12.63,18.94,20.31,20.23,20.0
2016-12-25 04:00:00,16.96,18.02,18.69,12.52,18.64,20.150000000000002,19.67,19.61
2016-12-25 05:00:00,16.86,18.06,18.29,12.57,18.06,19.89,20.05,19.87
2016-12-25 06:00:00,16.7,18.81,20.74,9.18,20.04,22.94,21.83,21.55
2016-12-25 07:00:00,18.54,21.04,22.45,11.53,21.71,24.11,22.0,21.9
2016-12-25 08:00:00,19.080000000000002,20.56,22.97,12.85,22.47,25.19,22.99,23.07
2016-12-25 09:00:00,19.85,20.31,23.18,12.68,22.74,28.73,24.72,24.82
2016-12-25 10:00:00,20.64,21.73,25.28,13.13,24.37,28.2,25.5,25.78
2016-12-25 11:00:00,20.88,22.56,24.85,13.63,24.32,29.77,25.72,25.85
2016-12-25 12:00:00,20.99,22.13,23.92,14.62,23.37,32.05,26.94,27.13
2016-12-25 13:00:00,20.41,20.97,22.98,14.8,22.47,31.67,26.31,26.58
2016-12-25 14:00:00,19.45,19.95,22.68,13.28,22.03,29.61,25.22,25.38
2016-12-25 15:00:00,19.150000000000002,19.98,22.58,12.71,21.89,28.24,24.6,24.67
2016-12-25 16:00:00,19.59,20.400000000000002,23.39,13.38,22.65,28.14,24.74,24.73
2016-12-25 17:00:00,22.84,23.72,27.26,17.44,26.17,33.07,27.57,28.02
2016-12-25 18:00:00,22.77,24.3,25.72,17.27,25.42,34.13,28.86,28.9
2016-12-25 19:00:00,22.08,23.55,24.46,16.84,24.32,34.03,28.28,28.44
2016-12-25 20:00:00,21.39,22.37,23.9,16.39,23.7,32.85,27.18,27.27
2016-12-25 21:00:00,20.14,20.76,22.84,14.67,22.78,30.94,26.09,26.19
2016-12-25 22:00:00,18.46,19.23,19.13,14.4,19.59,27.3,23.22,23.44
2016-12-25 23:00:00,17.240000000000002,17.740000000000002,18.45,12.52,18.89,26.27,22.52,23.36
2016-12-26 00:00:00,16.92,17.84,17.79,12.56,18.03,26.51,21.0,21.16
2016-12-26 01:00:00,14.48,15.860000000000003,15.71,8.55,16.21,24.24,19.19,20.57
2016-12-26 02:00:00,14.01,15.64,15.89,7.3,16.580000000000002,23.93,18.7,20.03
2016-12-26 03:00:00,13.13,15.09,14.91,6.7,15.59,24.61,16.830000000000002,18.900000000000002
2016-12-26 04:00:00,13.42,15.36,15.28,6.96,16.07,24.47,16.89,19.330000000000002
2016-12-26 05:00:00,14.26,16.25,16.16,7.26,17.25,25.41,18.81,20.1
2016-12-26 06:00:00,15.01,17.91,19.29,4.83,19.990000000000002,28.15,20.98,21.41
2016-12-26 07:00:00,17.86,20.67,21.38,10.0,21.59,27.54,22.4,22.16
2016-12-26 08:00:00,19.47,20.73,23.16,13.66,23.13,28.43,23.18,23.28
2016-12-26 09:00:00,19.78,21.52,24.27,12.6,24.11,30.69,24.79,25.0
2016-12-26 10:00:00,20.92,22.36,25.57,13.62,25.33,32.67,26.72,27.09
2016-12-26 11:00:00,21.4,22.88,24.95,13.08,25.09,32.61,30.0,31.01
2016-12-26 12:00:00,21.44,22.63,24.4,13.66,24.52,32.160000000000004,30.07,32.08
2016-12-26 13:00:00,21.16,22.42,24.05,13.11,24.08,32.28,30.28,32.5
2016-12-26 14:00:00,20.88,22.2,23.7,12.74,23.9,32.07,30.47,32.44
2016-12-26 15:00:00,20.46,21.51,23.11,12.76,23.11,32.37,29.86,32.37
2016-12-26 16:00:00,21.19,22.44,23.93,13.74,23.88,31.69,30.05,32.3
2016-12-26 17:00:00,25.72,26.8,28.47,19.53,28.01,33.5,33.49,33.27
2016-12-26 18:00:00,27.2,28.16,27.89,22.41,27.78,34.34,33.29,34.160000000000004
2016-12-26 19:00:00,25.63,26.34,26.46,19.990000000000002,26.39,32.37,32.58,33.53
2016-12-26 20:00:00,24.96,25.61,26.14,19.84,25.92,32.02,31.31,33.42
2016-12-26 21:00:00,24.09,23.92,25.83,19.61,25.5,31.03,29.95,31.17
2016-12-26 22:00:00,22.48,22.02,22.96,19.55,22.84,31.25,27.13,28.23
2016-12-26 23:00:00,21.82,21.59,22.75,18.71,22.85,31.08,26.32,26.31
2016-12-27 00:00:00,19.85,19.61,21.17,16.56,20.83,28.01,22.2,25.5
2016-12-27 01:00:00,19.740000000000002,19.62,21.89,17.2,21.14,25.53,20.89,23.54
2016-12-27 02:00:00,19.61,19.86,21.49,17.39,20.83,24.75,20.67,22.34
2016-12-27 03:00:00,19.75,20.330000000000002,22.19,17.5,21.24,25.33,19.87,22.01
2016-12-27 04:00:00,20.45,20.22,22.41,19.25,21.36,22.94,21.63,22.52
2016-12-27 05:00:00,21.46,21.33,23.48,19.68,22.51,24.08,22.7,23.5
2016-12-27 06:00:00,25.19,24.52,27.41,23.2,25.97,28.44,27.07,27.29
2016-12-27 07:00:00,31.52,30.76,32.11,31.470000000000006,31.64,33.75,31.13,31.31
2016-12-27 08:00:00,31.87,31.1,32.25,32.0,32.17,32.67,30.53,30.94
2016-12-27 09:00:00,32.160000000000004,31.04,32.14,31.56,32.12,34.160000000000004,32.36,32.9
2016-12-27 10:00:00,32.8,31.45,32.58,32.15,32.54,32.67,33.730000000000004,33.980000000000004
2016-12-27 11:00:00,31.720000000000006,30.52,31.61,30.6,31.470000000000006,33.64,33.26,33.95
2016-12-27 12:00:00,31.65,30.42,31.5,30.5,31.37,33.46,33.32,33.96
2016-12-27 13:00:00,30.970000000000006,30.0,31.39,29.5,30.95,33.01,32.87,32.96
2016-12-27 14:00:00,29.4,28.35,29.79,27.63,29.23,32.42,32.01,32.29
2016-12-27 15:00:00,28.83,27.75,29.16,27.14,28.57,32.04,31.66,31.93
2016-12-27 16:00:00,29.95,28.86,30.88,27.91,29.67,32.12,32.49,32.62
2016-12-27 17:00:00,36.86,36.63,38.1,35.4,37.5,33.83,36.9,36.07
2016-12-27 18:00:00,41.87,41.35,43.21,42.0,42.25,34.08,40.88,40.88
2016-12-27 19:00:00,34.52,33.33,35.15,32.34,34.24,30.69,38.69,38.410000000000004
2016-12-27 20:00:00,31.8,32.74,35.49,25.8,34.2,31.69,36.910000000000004,36.95
2016-12-27 21:00:00,27.55,29.41,31.74,20.58,30.0,32.9,33.58,33.55
2016-12-27 22:00:00,24.78,25.18,28.39,18.94,26.83,28.97,31.56,32.99
2016-12-27 23:00:00,22.88,23.84,24.96,17.79,23.99,28.18,31.28,32.71
2016-12-28 00:00:00,21.86,23.55,23.64,17.98,22.85,27.8,26.16,29.34
2016-12-28 01:00:00,20.05,22.91,22.65,15.52,21.59,26.17,25.32,25.92
2016-12-28 02:00:00,19.09,21.8,22.05,13.75,21.2,25.16,23.29,23.69
2016-12-28 03:00:00,19.46,21.65,21.86,14.51,21.12,25.55,23.33,23.32
2016-12-28 04:00:00,19.95,22.56,23.41,14.48,22.57,24.73,23.84,23.53
2016-12-28 05:00:00,20.94,24.54,25.99,14.38,24.81,27.87,23.66,23.41
2016-12-28 06:00:00,23.82,27.34,28.58,15.79,27.54,31.970000000000006,27.51,28.37
2016-12-28 07:00:00,29.66,34.57,34.71,21.95,33.79,32.37,32.52,32.97
2016-12-28 08:00:00,28.64,32.44,32.71,21.25,31.71,32.63,34.0,33.96
2016-12-28 09:00:00,29.05,32.64,33.25,21.61,32.26,32.47,34.18,34.02
2016-12-28 10:00:00,28.31,30.93,31.2,20.400000000000002,31.18,32.88,34.01,34.67
2016-12-28 11:00:00,28.34,30.39,32.17,20.58,30.86,32.47,35.160000000000004,35.62
2016-12-28 12:00:00,26.98,28.51,29.44,19.73,29.46,31.82,34.72,34.6
2016-12-28 13:00:00,25.91,28.04,28.69,18.98,28.48,31.89,34.47,34.2
2016-12-28 14:00:00,25.2,26.06,27.05,19.3,26.63,31.33,34.04,33.92
2016-12-28 15:00:00,24.26,25.34,26.78,17.51,25.89,31.12,33.75,34.13
2016-12-28 16:00:00,24.48,26.71,27.14,16.94,26.79,31.83,34.14,34.09
2016-12-28 17:00:00,29.44,32.44,31.65,20.13,31.17,34.9,39.71,38.9
2016-12-28 18:00:00,32.6,36.54,36.22,22.32,35.45,37.94,46.02,45.07
2016-12-28 19:00:00,28.77,31.65,31.31,19.45,30.82,33.75,41.83,41.13
2016-12-28 20:00:00,28.41,31.44,31.23,19.43,30.96,32.42,40.35,40.050000000000004
2016-12-28 21:00:00,25.04,26.68,27.12,18.39,26.77,32.13,34.63,34.39
2016-12-28 22:00:00,22.63,23.64,24.54,15.75,24.4,29.76,32.83,33.02
2016-12-28 23:00:00,20.150000000000002,21.71,22.96,12.1,22.49,28.81,30.67,31.11
2016-12-29 00:00:00,18.35,20.22,21.34,10.82,22.34,31.4,24.64,25.57
2016-12-29 01:00:00,17.43,19.72,21.0,9.22,22.1,30.47,22.82,24.0
2016-12-29 02:00:00,16.830000000000002,19.41,20.85,8.17,22.0,28.18,22.33,22.93
2016-12-29 03:00:00,16.830000000000002,19.43,20.96,7.82,22.43,28.28,22.71,22.58
2016-12-29 04:00:00,17.05,19.68,21.47,7.71,23.14,28.69,22.74,22.84
2016-12-29 05:00:00,18.3,20.86,22.84,9.84,24.53,29.02,22.66,23.27
2016-12-29 06:00:00,21.45,24.03,26.35,12.18,28.15,32.05,26.7,27.31
2016-12-29 07:00:00,27.09,30.27,32.42,16.97,35.19,33.06,32.21,31.63
2016-12-29 08:00:00,25.99,28.54,30.11,17.12,31.48,34.730000000000004,32.45,32.68
2016-12-29 09:00:00,26.53,29.57,30.38,17.87,31.23,34.230000000000004,33.6,33.39
2016-12-29 10:00:00,26.51,29.85,30.51,18.13,31.35,33.19,33.32,33.36
2016-12-29 11:00:00,26.23,28.94,29.94,19.16,30.67,32.36,33.230000000000004,33.14
2016-12-29 12:00:00,24.82,27.15,27.97,16.56,28.78,32.2,33.47,33.51
2016-12-29 13:00:00,24.28,26.55,27.45,16.14,28.34,32.14,33.37,33.04
2016-12-29 14:00:00,23.86,25.77,26.86,15.96,27.39,31.86,33.05,32.62
2016-12-29 15:00:00,23.65,25.28,26.61,16.19,27.44,31.43,32.39,32.71
2016-12-29 16:00:00,25.1,27.2,28.85,17.69,29.27,31.78,33.37,33.2
2016-12-29 17:00:00,31.54,34.85,38.39,23.02,40.49,33.2,35.82,34.72
2016-12-29 18:00:00,34.29,37.4,39.38,25.84,39.68,36.52,43.1,37.07
2016-12-29 19:00:00,29.94,32.09,33.96,21.43,34.46,36.75,39.59,35.45
2016-12-29 20:00:00,30.2,32.05,33.94,21.71,34.62,35.160000000000004,40.63,36.07
2016-12-29 21:00:00,28.53,29.75,32.0,21.05,32.59,35.28,36.81,34.99
2016-12-29 22:00:00,25.45,26.48,28.46,19.17,28.96,32.71,32.53,33.18
2016-12-29 23:00:00,23.26,23.86,25.39,17.66,26.07,32.35,29.61,30.1
2016-12-30 00:00:00,22.83,23.44,24.55,18.47,25.27,32.13,28.94,28.87
2016-12-30 01:00:00,22.23,22.18,23.58,18.62,23.92,32.31,26.67,26.7
2016-12-30 02:00:00,22.53,22.79,23.97,19.31,24.55,32.39,25.72,26.3
2016-12-30 03:00:00,22.76,23.1,23.92,20.3,24.36,32.32,24.37,24.89
2016-12-30 04:00:00,23.91,23.47,25.37,21.5,25.51,34.37,26.96,26.79
2016-12-30 05:00:00,25.47,25.41,26.91,22.29,27.48,34.02,27.67,28.21
2016-12-30 06:00:00,30.59,30.5,32.84,26.93,33.15,41.58,34.09,33.34
2016-12-30 07:00:00,38.87,38.45,40.71,36.09,41.62,50.39,42.06,40.800000000000004
2016-12-30 08:00:00,38.11,37.0,38.980000000000004,35.27,39.800000000000004,51.6,42.0,42.67
2016-12-30 09:00:00,36.87,36.94,39.84,33.910000000000004,39.980000000000004,41.08,41.28,38.75
2016-12-30 10:00:00,35.550000000000004,35.61,38.28,32.22,37.78,43.13,39.83,36.74
2016-12-30 11:00:00,32.22,34.04,35.56,25.54,35.59,40.33,37.57,35.24
2016-12-30 12:00:00,29.63,32.21,33.52,20.400000000000002,33.2,41.81,35.34,34.36
2016-12-30 13:00:00,27.74,30.25,31.48,19.51,31.18,39.15,33.26,32.3
2016-12-30 14:00:00,25.86,27.67,29.13,17.52,28.95,38.83,31.92,31.85
2016-12-30 15:00:00,25.0,27.41,28.83,16.37,27.74,39.26,30.92,31.42
2016-12-30 16:00:00,25.45,28.67,28.48,16.21,28.3,41.84,31.7,31.52
2016-12-30 17:00:00,31.91,36.36,36.53,20.42,36.46,42.96,35.09,35.27
2016-12-30 18:00:00,34.35,38.07,38.56,22.93,38.0,34.0,39.82,38.44
2016-12-30 19:00:00,31.25,34.5,37.410000000000004,19.12,36.03,30.86,36.25,35.13
2016-12-30 20:00:00,30.34,33.160000000000004,35.37,19.240000000000002,35.15,29.68,36.410000000000004,35.02
2016-12-30 21:00:00,27.3,29.15,30.99,17.57,31.2,28.11,34.800000000000004,33.82
2016-12-30 22:00:00,25.68,27.9,29.53,17.330000000000002,29.71,22.01,32.97,31.83
2016-12-30 23:00:00,22.99,24.57,26.33,14.34,26.32,20.74,31.36,30.73
2016-12-31 00:00:00,20.62,22.68,23.47,13.22,23.74,19.56,27.81,27.42
2016-12-31 01:00:00,19.21,21.51,22.77,10.64,22.76,19.48,27.2,26.4
2016-12-31 02:00:00,18.42,20.75,22.12,9.25,22.22,18.59,25.23,24.76
2016-12-31 03:00:00,18.07,20.2,21.91,8.21,21.84,18.46,24.45,24.08
2016-12-31 04:00:00,18.09,20.3,22.44,9.0,22.44,19.68,25.66,25.57
2016-12-31 05:00:00,18.150000000000002,20.03,22.19,8.83,22.28,20.45,26.38,26.47
2016-12-31 06:00:00,19.29,21.95,23.93,9.120000000000001,23.94,21.99,26.27,26.06
2016-12-31 07:00:00,21.83,23.96,26.02,12.88,25.74,24.17,29.62,28.33
2016-12-31 08:00:00,23.21,25.07,27.24,15.14,26.89,26.28,30.68,29.61
2016-12-31 09:00:00,24.55,26.1,28.04,16.69,28.09,26.32,31.61,31.48
2016-12-31 10:00:00,26.26,27.56,29.47,19.27,28.79,26.96,34.84,33.58
2016-12-31 11:00:00,26.06,27.86,29.24,19.76,29.13,25.33,32.21,31.64
2016-12-31 12:00:00,25.74,26.69,29.02,19.78,28.29,25.03,31.75,31.18
2016-12-31 13:00:00,24.63,25.27,26.8,20.21,26.63,24.42,29.31,28.3
2016-12-31 14:00:00,24.18,24.26,26.03,21.56,25.68,23.77,27.96,26.92
2016-12-31 15:00:00,24.64,25.34,26.98,21.16,26.51,24.33,28.41,27.21
2016-12-31 16:00:00,25.38,26.21,27.4,21.75,26.99,25.57,28.46,27.85
2016-12-31 17:00:00,32.27,32.53,34.93,28.83,33.980000000000004,32.37,34.730000000000004,33.51
2016-12-31 18:00:00,33.62,33.89,35.71,31.14,35.35,33.52,35.88,32.8
2016-12-31 19:00:00,29.8,30.68,31.81,24.53,31.58,31.43,32.53,32.2
2016-12-31 20:00:00,27.45,28.56,29.5,21.33,29.39,30.37,30.77,30.21
2016-12-31 21:00:00,25.32,26.95,27.81,19.330000000000002,27.73,27.37,28.37,28.07
2016-12-31 22:00:00,23.31,24.04,25.22,18.85,24.66,26.2,28.3,28.12
2016-12-31 23:00:00,22.38,23.31,24.24,17.84,23.76,24.93,27.05,26.98
