Timestamp,NORDESTE,NORTE,SUDESTE,SUL
2025-01-01 00:00:00,58.6,58.6,58.6,58.6
2025-01-01 01:00:00,58.6,58.6,58.6,58.6
2025-01-01 02:00:00,58.6,58.6,58.6,58.6
2025-01-01 03:00:00,58.6,58.6,58.6,58.6
2025-01-01 04:00:00,58.6,58.6,58.6,58.6
2025-01-01 05:00:00,58.6,58.6,58.6,58.6
2025-01-01 06:00:00,58.6,58.6,58.6,58.6
2025-01-01 07:00:00,58.6,58.6,58.6,58.6
2025-01-01 08:00:00,58.6,58.6,58.6,58.6
2025-01-01 09:00:00,58.6,58.6,58.6,58.6
2025-01-01 10:00:00,58.6,58.6,58.6,58.6
2025-01-01 11:00:00,58.6,58.6,58.6,58.6
2025-01-01 12:00:00,58.6,58.6,58.6,58.6
2025-01-01 13:00:00,58.6,58.6,58.6,58.6
2025-01-01 14:00:00,58.6,58.6,58.6,58.6
2025-01-01 15:00:00,58.6,58.6,58.6,58.6
2025-01-01 16:00:00,58.6,58.6,58.6,58.6
2025-01-01 17:00:00,58.6,58.6,58.6,58.6
2025-01-01 18:00:00,58.6,58.6,58.6,58.6
2025-01-01 19:00:00,58.6,58.6,58.6,58.6
2025-01-01 20:00:00,58.6,58.6,58.6,58.6
2025-01-01 21:00:00,58.6,58.6,58.6,58.6
2025-01-01 22:00:00,58.6,58.6,58.6,58.6
2025-01-01 23:00:00,58.6,58.6,58.6,58.6
2025-01-02 00:00:00,58.6,58.6,58.6,58.6
2025-01-02 01:00:00,58.6,58.6,58.6,58.6
2025-01-02 02:00:00,58.6,58.6,58.6,58.6
2025-01-02 03:00:00,58.6,58.6,58.6,58.6
2025-01-02 04:00:00,58.6,58.6,58.6,58.6
2025-01-02 05:00:00,58.6,58.6,58.6,58.6
2025-01-02 06:00:00,58.6,58.6,58.6,58.6
2025-01-02 07:00:00,58.6,58.6,58.6,58.6
2025-01-02 08:00:00,58.6,58.6,58.6,58.6
2025-01-02 09:00:00,58.6,58.6,58.6,58.6
2025-01-02 10:00:00,58.6,58.6,58.6,58.6
2025-01-02 11:00:00,58.6,58.6,58.6,58.6
2025-01-02 12:00:00,58.6,58.6,58.6,58.6
2025-01-02 13:00:00,58.6,58.6,58.6,58.6
2025-01-02 14:00:00,58.6,58.6,58.6,58.6
2025-01-02 15:00:00,58.6,58.6,58.6,58.6
2025-01-02 16:00:00,58.6,58.6,58.6,58.6
2025-01-02 17:00:00,58.6,58.6,58.6,58.6
2025-01-02 18:00:00,58.6,58.6,58.6,58.6
2025-01-02 19:00:00,58.6,58.6,58.6,58.6
2025-01-02 20:00:00,58.6,58.6,58.6,58.6
2025-01-02 21:00:00,58.6,58.6,58.6,58.6
2025-01-02 22:00:00,58.6,58.6,58.6,58.6
2025-01-02 23:00:00,58.6,58.6,58.6,58.6
2025-01-03 00:00:00,58.6,58.6,58.6,58.6
2025-01-03 01:00:00,58.6,58.6,58.6,58.6
2025-01-03 02:00:00,58.6,58.6,58.6,58.6
2025-01-03 03:00:00,58.6,58.6,58.6,58.6
2025-01-03 04:00:00,58.6,58.6,58.6,58.6
2025-01-03 05:00:00,58.6,58.6,58.6,58.6
2025-01-03 06:00:00,58.6,58.6,58.6,58.6
2025-01-03 07:00:00,58.6,58.6,58.6,58.6
2025-01-03 08:00:00,58.6,58.6,58.6,58.6
2025-01-03 09:00:00,58.6,58.6,58.6,58.6
2025-01-03 10:00:00,58.6,58.6,58.6,58.6
2025-01-03 11:00:00,58.6,58.6,58.6,58.6
2025-01-03 12:00:00,58.6,58.6,58.6,58.6
2025-01-03 13:00:00,58.6,58.6,58.6,58.6
2025-01-03 14:00:00,58.6,58.6,58.6,58.6
2025-01-03 15:00:00,58.6,58.6,58.6,58.6
2025-01-03 16:00:00,58.6,58.6,58.6,58.6
2025-01-03 17:00:00,58.6,58.6,58.6,58.6
2025-01-03 18:00:00,58.6,58.6,58.6,58.6
2025-01-03 19:00:00,58.6,58.6,58.6,58.6
2025-01-03 20:00:00,58.6,58.6,58.6,58.6
2025-01-03 21:00:00,58.6,58.6,58.6,58.6
2025-01-03 22:00:00,58.6,58.6,58.6,58.6
2025-01-03 23:00:00,58.6,58.6,58.6,58.6
2025-01-04 00:00:00,58.6,58.6,58.6,58.6
2025-01-04 01:00:00,58.6,58.6,58.6,58.6
2025-01-04 02:00:00,58.6,58.6,58.6,58.6
2025-01-04 03:00:00,58.6,58.6,58.6,58.6
2025-01-04 04:00:00,58.6,58.6,58.6,58.6
2025-01-04 05:00:00,58.6,58.6,58.6,58.6
2025-01-04 06:00:00,58.6,58.6,58.6,58.6
2025-01-04 07:00:00,58.6,58.6,58.6,58.6
2025-01-04 08:00:00,58.6,58.6,58.6,58.6
2025-01-04 09:00:00,58.6,58.6,58.6,58.6
2025-01-04 10:00:00,58.6,58.6,58.6,58.6
2025-01-04 11:00:00,58.6,58.6,58.6,58.6
2025-01-04 12:00:00,58.6,58.6,58.6,58.6
2025-01-04 13:00:00,58.6,58.6,58.6,58.6
2025-01-04 14:00:00,58.6,58.6,58.6,58.6
2025-01-04 15:00:00,58.6,58.6,58.6,58.6
2025-01-04 16:00:00,58.6,58.6,58.6,58.6
2025-01-04 17:00:00,58.6,58.6,58.6,58.6
2025-01-04 18:00:00,58.6,58.6,58.6,58.6
2025-01-04 19:00:00,58.6,58.6,58.6,58.6
2025-01-04 20:00:00,58.6,58.6,58.6,58.6
2025-01-04 21:00:00,58.6,58.6,58.6,58.6
2025-01-04 22:00:00,58.6,58.6,58.6,58.6
2025-01-04 23:00:00,58.6,58.6,58.6,58.6
2025-01-05 00:00:00,58.6,58.6,58.6,58.6
2025-01-05 01:00:00,58.6,58.6,58.6,58.6
2025-01-05 02:00:00,58.6,58.6,58.6,58.6
2025-01-05 03:00:00,58.6,58.6,58.6,58.6
2025-01-05 04:00:00,58.6,58.6,58.6,58.6
2025-01-05 05:00:00,58.6,58.6,58.6,58.6
2025-01-05 06:00:00,58.6,58.6,58.6,58.6
2025-01-05 07:00:00,58.6,58.6,58.6,58.6
2025-01-05 08:00:00,58.6,58.6,58.6,58.6
2025-01-05 09:00:00,58.6,58.6,58.6,58.6
2025-01-05 10:00:00,58.6,58.6,58.6,58.6
2025-01-05 11:00:00,58.6,58.6,58.6,58.6
2025-01-05 12:00:00,58.6,58.6,58.6,58.6
2025-01-05 13:00:00,58.6,58.6,58.6,58.6
2025-01-05 14:00:00,58.6,58.6,58.6,58.6
2025-01-05 15:00:00,58.6,58.6,58.6,58.6
2025-01-05 16:00:00,58.6,58.6,58.6,58.6
2025-01-05 17:00:00,58.6,58.6,58.6,58.6
2025-01-05 18:00:00,58.6,58.6,58.6,58.6
2025-01-05 19:00:00,58.6,58.6,58.6,58.6
2025-01-05 20:00:00,58.6,58.6,58.6,58.6
2025-01-05 21:00:00,58.6,58.6,58.6,58.6
2025-01-05 22:00:00,58.6,58.6,58.6,58.6
2025-01-05 23:00:00,58.6,58.6,58.6,58.6
2025-01-06 00:00:00,58.6,58.6,58.6,58.6
2025-01-06 01:00:00,58.6,58.6,58.6,58.6
2025-01-06 02:00:00,58.6,58.6,58.6,58.6
2025-01-06 03:00:00,58.6,58.6,58.6,58.6
2025-01-06 04:00:00,58.6,58.6,58.6,58.6
2025-01-06 05:00:00,58.6,58.6,58.6,58.6
2025-01-06 06:00:00,58.6,58.6,58.6,58.6
2025-01-06 07:00:00,58.6,58.6,58.6,58.6
2025-01-06 08:00:00,58.6,58.6,58.6,58.6
2025-01-06 09:00:00,58.6,58.6,58.6,58.6
2025-01-06 10:00:00,58.6,58.6,58.6,58.6
2025-01-06 11:00:00,58.6,58.6,58.6,58.6
2025-01-06 12:00:00,58.6,58.6,58.6,58.6
2025-01-06 13:00:00,58.6,58.6,58.6,58.6
2025-01-06 14:00:00,58.6,58.6,58.6,58.6
2025-01-06 15:00:00,58.6,58.6,58.6,58.6
2025-01-06 16:00:00,58.6,58.6,58.6,58.6
2025-01-06 17:00:00,58.6,58.6,58.6,58.6
2025-01-06 18:00:00,58.6,58.6,58.6,58.6
2025-01-06 19:00:00,58.6,58.6,58.6,58.6
2025-01-06 20:00:00,58.6,58.6,58.6,58.6
2025-01-06 21:00:00,58.6,58.6,58.6,58.6
2025-01-06 22:00:00,58.6,58.6,58.6,58.6
2025-01-06 23:00:00,58.6,58.6,58.6,58.6
2025-01-07 00:00:00,58.6,58.6,58.6,58.6
2025-01-07 01:00:00,58.6,58.6,58.6,58.6
2025-01-07 02:00:00,58.6,58.6,58.6,58.6
2025-01-07 03:00:00,58.6,58.6,58.6,58.6
2025-01-07 04:00:00,58.6,58.6,58.6,58.6
2025-01-07 05:00:00,58.6,58.6,58.6,58.6
2025-01-07 06:00:00,58.6,58.6,58.6,58.6
2025-01-07 07:00:00,58.6,58.6,58.6,58.6
2025-01-07 08:00:00,58.6,58.6,58.6,58.6
2025-01-07 09:00:00,58.6,58.6,58.6,58.6
2025-01-07 10:00:00,58.6,58.6,58.6,58.6
2025-01-07 11:00:00,58.6,58.6,58.6,58.6
2025-01-07 12:00:00,58.6,58.6,58.6,58.6
2025-01-07 13:00:00,58.6,58.6,58.6,58.6
2025-01-07 14:00:00,58.6,58.6,58.6,58.6
2025-01-07 15:00:00,58.6,58.6,58.6,58.6
2025-01-07 16:00:00,58.6,58.6,58.6,58.6
2025-01-07 17:00:00,58.6,58.6,58.6,58.6
2025-01-07 18:00:00,58.6,58.6,58.6,58.6
2025-01-07 19:00:00,58.6,58.6,58.6,58.6
2025-01-07 20:00:00,58.6,58.6,58.6,58.6
2025-01-07 21:00:00,58.6,58.6,58.6,58.6
2025-01-07 22:00:00,58.6,58.6,58.6,58.6
2025-01-07 23:00:00,58.6,58.6,58.6,58.6
2025-01-08 00:00:00,58.6,58.6,58.6,58.6
2025-01-08 01:00:00,58.6,58.6,58.6,58.6
2025-01-08 02:00:00,58.6,58.6,58.6,58.6
2025-01-08 03:00:00,58.6,58.6,58.6,58.6
2025-01-08 04:00:00,58.6,58.6,58.6,58.6
2025-01-08 05:00:00,58.6,58.6,58.6,58.6
2025-01-08 06:00:00,58.6,58.6,58.6,58.6
2025-01-08 07:00:00,58.6,58.6,58.6,58.6
2025-01-08 08:00:00,58.6,58.6,58.6,58.6
2025-01-08 09:00:00,58.6,58.6,58.6,58.6
2025-01-08 10:00:00,58.6,58.6,58.6,58.6
2025-01-08 11:00:00,58.6,58.6,58.6,58.6
2025-01-08 12:00:00,58.6,58.6,58.6,58.6
2025-01-08 13:00:00,58.6,58.6,58.6,58.6
2025-01-08 14:00:00,58.6,58.6,58.6,58.6
2025-01-08 15:00:00,58.6,58.6,58.6,58.6
2025-01-08 16:00:00,58.6,58.6,58.6,58.6
2025-01-08 17:00:00,58.6,58.6,58.6,58.6
2025-01-08 18:00:00,58.6,58.6,58.6,58.6
2025-01-08 19:00:00,58.6,58.6,58.6,58.6
2025-01-08 20:00:00,58.6,58.6,58.6,58.6
2025-01-08 21:00:00,58.6,58.6,58.6,58.6
2025-01-08 22:00:00,58.6,58.6,58.6,58.6
2025-01-08 23:00:00,58.6,58.6,58.6,58.6
2025-01-09 00:00:00,58.6,58.6,58.6,58.6
2025-01-09 01:00:00,58.6,58.6,58.6,58.6
2025-01-09 02:00:00,58.6,58.6,58.6,58.6
2025-01-09 03:00:00,58.6,58.6,58.6,58.6
2025-01-09 04:00:00,58.6,58.6,58.6,58.6
2025-01-09 05:00:00,58.6,58.6,58.6,58.6
2025-01-09 06:00:00,58.6,58.6,58.6,58.6
2025-01-09 07:00:00,58.6,58.6,58.6,58.6
2025-01-09 08:00:00,58.6,58.6,58.6,58.6
2025-01-09 09:00:00,58.6,58.6,58.6,58.6
2025-01-09 10:00:00,58.6,58.6,58.6,58.6
2025-01-09 11:00:00,58.6,58.6,58.6,58.6
2025-01-09 12:00:00,58.6,58.6,58.6,58.6
2025-01-09 13:00:00,58.6,58.6,58.6,58.6
2025-01-09 14:00:00,58.6,58.6,58.6,58.6
2025-01-09 15:00:00,58.6,58.6,58.6,58.6
2025-01-09 16:00:00,58.6,58.6,58.6,58.6
2025-01-09 17:00:00,58.6,58.6,58.6,58.6
2025-01-09 18:00:00,58.6,58.6,58.6,58.6
2025-01-09 19:00:00,58.6,58.6,58.6,58.6
2025-01-09 20:00:00,58.6,58.6,58.6,58.6
2025-01-09 21:00:00,58.6,58.6,58.6,58.6
2025-01-09 22:00:00,58.6,58.6,58.6,58.6
2025-01-09 23:00:00,58.6,58.6,58.6,58.6
2025-01-10 00:00:00,58.6,58.6,58.6,58.6
2025-01-10 01:00:00,58.6,58.6,58.6,58.6
2025-01-10 02:00:00,58.6,58.6,58.6,58.6
2025-01-10 03:00:00,58.6,58.6,58.6,58.6
2025-01-10 04:00:00,58.6,58.6,58.6,58.6
2025-01-10 05:00:00,58.6,58.6,58.6,58.6
2025-01-10 06:00:00,58.6,58.6,58.6,58.6
2025-01-10 07:00:00,58.6,58.6,58.6,58.6
2025-01-10 08:00:00,58.6,58.6,58.6,58.6
2025-01-10 09:00:00,58.6,58.6,58.6,58.6
2025-01-10 10:00:00,58.6,58.6,58.6,58.6
2025-01-10 11:00:00,58.6,58.6,58.6,58.6
2025-01-10 12:00:00,58.6,58.6,58.6,58.6
2025-01-10 13:00:00,58.6,58.6,58.6,58.6
2025-01-10 14:00:00,58.6,58.6,58.6,58.6
2025-01-10 15:00:00,58.6,58.6,58.6,58.6
2025-01-10 16:00:00,58.6,58.6,58.6,58.6
2025-01-10 17:00:00,58.6,58.6,58.6,58.6
2025-01-10 18:00:00,58.6,58.6,58.6,58.6
2025-01-10 19:00:00,58.6,58.6,58.6,58.6
2025-01-10 20:00:00,58.6,58.6,58.6,58.6
2025-01-10 21:00:00,58.6,58.6,58.6,58.6
2025-01-10 22:00:00,58.6,58.6,58.6,58.6
2025-01-10 23:00:00,58.6,58.6,58.6,58.6
2025-01-11 00:00:00,58.6,58.6,58.6,58.6
2025-01-11 01:00:00,58.6,58.6,58.6,58.6
2025-01-11 02:00:00,58.6,58.6,58.6,58.6
2025-01-11 03:00:00,58.6,58.6,58.6,58.6
2025-01-11 04:00:00,58.6,58.6,58.6,58.6
2025-01-11 05:00:00,58.6,58.6,58.6,58.6
2025-01-11 06:00:00,58.6,58.6,58.6,58.6
2025-01-11 07:00:00,58.6,58.6,58.6,58.6
2025-01-11 08:00:00,58.6,58.6,58.6,58.6
2025-01-11 09:00:00,58.6,58.6,58.6,58.6
2025-01-11 10:00:00,58.6,58.6,58.6,58.6
2025-01-11 11:00:00,58.6,58.6,58.6,58.6
2025-01-11 12:00:00,58.6,58.6,58.6,58.6
2025-01-11 13:00:00,58.6,58.6,58.6,58.6
2025-01-11 14:00:00,58.6,58.6,58.6,58.6
2025-01-11 15:00:00,58.6,58.6,58.6,58.6
2025-01-11 16:00:00,58.6,58.6,58.6,58.6
2025-01-11 17:00:00,58.6,58.6,58.6,58.6
2025-01-11 18:00:00,58.6,58.6,58.6,58.6
2025-01-11 19:00:00,58.6,58.6,58.6,58.6
2025-01-11 20:00:00,58.6,58.6,58.6,58.6
2025-01-11 21:00:00,58.6,58.6,58.6,58.6
2025-01-11 22:00:00,58.6,58.6,58.6,58.6
2025-01-11 23:00:00,58.6,58.6,58.6,58.6
2025-01-12 00:00:00,58.6,58.6,58.6,58.6
2025-01-12 01:00:00,58.6,58.6,58.6,58.6
2025-01-12 02:00:00,58.6,58.6,58.6,58.6
2025-01-12 03:00:00,58.6,58.6,58.6,58.6
2025-01-12 04:00:00,58.6,58.6,58.6,58.6
2025-01-12 05:00:00,58.6,58.6,58.6,58.6
2025-01-12 06:00:00,58.6,58.6,58.6,58.6
2025-01-12 07:00:00,58.6,58.6,58.6,58.6
2025-01-12 08:00:00,58.6,58.6,58.6,58.6
2025-01-12 09:00:00,58.6,58.6,58.6,58.6
2025-01-12 10:00:00,58.6,58.6,58.6,58.6
2025-01-12 11:00:00,58.6,58.6,58.6,58.6
2025-01-12 12:00:00,58.6,58.6,58.6,58.6
2025-01-12 13:00:00,58.6,58.6,58.6,58.6
2025-01-12 14:00:00,58.6,58.6,58.6,58.6
2025-01-12 15:00:00,58.6,58.6,58.6,58.6
2025-01-12 16:00:00,58.6,58.6,58.6,58.6
2025-01-12 17:00:00,58.6,58.6,58.6,58.6
2025-01-12 18:00:00,58.6,58.6,58.6,58.6
2025-01-12 19:00:00,58.6,58.6,58.6,58.6
2025-01-12 20:00:00,58.6,58.6,58.6,58.6
2025-01-12 21:00:00,58.6,58.6,58.6,58.6
2025-01-12 22:00:00,58.6,58.6,58.6,58.6
2025-01-12 23:00:00,58.6,58.6,58.6,58.6
2025-01-13 00:00:00,58.6,58.6,58.6,58.6
2025-01-13 01:00:00,58.6,58.6,58.6,58.6
2025-01-13 02:00:00,58.6,58.6,58.6,58.6
2025-01-13 03:00:00,58.6,58.6,58.6,58.6
2025-01-13 04:00:00,58.6,58.6,58.6,58.6
2025-01-13 05:00:00,58.6,58.6,58.6,58.6
2025-01-13 06:00:00,58.6,58.6,58.6,58.6
2025-01-13 07:00:00,58.6,58.6,58.6,58.6
2025-01-13 08:00:00,58.6,58.6,58.6,58.6
2025-01-13 09:00:00,58.6,58.6,58.6,58.6
2025-01-13 10:00:00,58.6,58.6,58.6,58.6
2025-01-13 11:00:00,58.6,58.6,58.6,58.6
2025-01-13 12:00:00,58.6,58.6,58.6,58.6
2025-01-13 13:00:00,58.6,58.6,58.6,58.6
2025-01-13 14:00:00,58.6,58.6,58.6,58.6
2025-01-13 15:00:00,58.6,58.6,58.6,58.6
2025-01-13 16:00:00,58.6,58.6,58.6,58.6
2025-01-13 17:00:00,58.6,58.6,58.6,58.6
2025-01-13 18:00:00,58.6,58.6,58.6,58.6
2025-01-13 19:00:00,58.6,58.6,58.6,58.6
2025-01-13 20:00:00,58.6,58.6,58.6,58.6
2025-01-13 21:00:00,58.6,58.6,58.6,58.6
2025-01-13 22:00:00,58.6,58.6,58.6,58.6
2025-01-13 23:00:00,58.6,58.6,58.6,58.6
2025-01-14 00:00:00,58.6,58.6,58.6,58.6
2025-01-14 01:00:00,58.6,58.6,58.6,58.6
2025-01-14 02:00:00,58.6,58.6,58.6,58.6
2025-01-14 03:00:00,58.6,58.6,58.6,58.6
2025-01-14 04:00:00,58.6,58.6,58.6,58.6
2025-01-14 05:00:00,58.6,58.6,58.6,58.6
2025-01-14 06:00:00,58.6,58.6,58.6,58.6
2025-01-14 07:00:00,58.6,58.6,58.6,58.6
2025-01-14 08:00:00,58.6,58.6,58.6,58.6
2025-01-14 09:00:00,58.6,58.6,58.6,58.6
2025-01-14 10:00:00,58.6,58.6,58.6,58.6
2025-01-14 11:00:00,58.6,58.6,58.6,58.6
2025-01-14 12:00:00,58.6,58.6,58.6,58.6
2025-01-14 13:00:00,58.6,58.6,58.6,58.6
2025-01-14 14:00:00,58.6,58.6,58.6,58.6
2025-01-14 15:00:00,58.6,58.6,58.6,58.6
2025-01-14 16:00:00,58.6,58.6,58.6,58.6
2025-01-14 17:00:00,58.6,58.6,58.6,58.6
2025-01-14 18:00:00,58.6,58.6,58.6,58.6
2025-01-14 19:00:00,58.6,58.6,58.6,58.6
2025-01-14 20:00:00,58.6,58.6,58.6,58.6
2025-01-14 21:00:00,58.6,58.6,58.6,58.6
2025-01-14 22:00:00,58.6,58.6,58.6,58.6
2025-01-14 23:00:00,58.6,58.6,58.6,58.6
2025-01-15 00:00:00,58.6,58.6,58.6,58.6
2025-01-15 01:00:00,58.6,58.6,58.6,58.6
2025-01-15 02:00:00,58.6,58.6,58.6,58.6
2025-01-15 03:00:00,58.6,58.6,58.6,58.6
2025-01-15 04:00:00,58.6,58.6,58.6,58.6
2025-01-15 05:00:00,58.6,58.6,58.6,58.6
2025-01-15 06:00:00,58.6,58.6,58.6,58.6
2025-01-15 07:00:00,58.6,58.6,58.6,58.6
2025-01-15 08:00:00,58.6,58.6,58.6,58.6
2025-01-15 09:00:00,58.6,58.6,58.6,58.6
2025-01-15 10:00:00,58.6,58.6,58.6,58.6
2025-01-15 11:00:00,58.6,58.6,58.6,58.6
2025-01-15 12:00:00,58.6,58.6,58.6,58.6
2025-01-15 13:00:00,58.6,58.6,58.6,58.6
2025-01-15 14:00:00,58.6,58.6,58.6,58.6
2025-01-15 15:00:00,58.6,58.6,58.6,58.6
2025-01-15 16:00:00,58.6,58.6,58.6,58.6
2025-01-15 17:00:00,58.6,58.6,58.6,58.6
2025-01-15 18:00:00,58.6,58.6,58.6,58.6
2025-01-15 19:00:00,58.6,58.6,58.6,58.6
2025-01-15 20:00:00,58.6,58.6,58.6,58.6
2025-01-15 21:00:00,58.6,58.6,58.6,58.6
2025-01-15 22:00:00,58.6,58.6,58.6,58.6
2025-01-15 23:00:00,58.6,58.6,58.6,58.6
2025-01-16 00:00:00,58.6,58.6,58.6,58.6
2025-01-16 01:00:00,58.6,58.6,58.6,58.6
2025-01-16 02:00:00,58.6,58.6,58.6,58.6
2025-01-16 03:00:00,58.6,58.6,58.6,58.6
2025-01-16 04:00:00,58.6,58.6,58.6,58.6
2025-01-16 05:00:00,58.6,58.6,58.6,58.6
2025-01-16 06:00:00,58.6,58.6,58.6,58.6
2025-01-16 07:00:00,58.6,58.6,58.6,58.6
2025-01-16 08:00:00,58.6,58.6,58.6,58.6
2025-01-16 09:00:00,58.6,58.6,58.6,58.6
2025-01-16 10:00:00,58.6,58.6,58.6,58.6
2025-01-16 11:00:00,58.6,58.6,58.6,58.6
2025-01-16 12:00:00,58.6,58.6,58.6,58.6
2025-01-16 13:00:00,58.6,58.6,58.6,58.6
2025-01-16 14:00:00,58.6,58.6,58.6,58.6
2025-01-16 15:00:00,58.6,58.6,58.6,58.6
2025-01-16 16:00:00,58.6,58.6,58.6,58.6
2025-01-16 17:00:00,58.6,58.6,58.6,58.6
2025-01-16 18:00:00,58.6,58.6,58.6,58.6
2025-01-16 19:00:00,58.6,58.6,58.6,58.6
2025-01-16 20:00:00,58.6,58.6,58.6,58.6
2025-01-16 21:00:00,58.6,58.6,58.6,58.6
2025-01-16 22:00:00,58.6,58.6,58.6,58.6
2025-01-16 23:00:00,58.6,58.6,58.6,58.6
2025-01-17 00:00:00,58.6,58.6,58.6,58.6
2025-01-17 01:00:00,58.6,58.6,58.6,58.6
2025-01-17 02:00:00,58.6,58.6,58.6,58.6
2025-01-17 03:00:00,58.6,58.6,58.6,58.6
2025-01-17 04:00:00,58.6,58.6,58.6,58.6
2025-01-17 05:00:00,58.6,58.6,58.6,58.6
2025-01-17 06:00:00,58.6,58.6,58.6,58.6
2025-01-17 07:00:00,58.6,58.6,58.6,58.6
2025-01-17 08:00:00,58.6,58.6,58.6,58.6
2025-01-17 09:00:00,58.6,58.6,58.6,58.6
2025-01-17 10:00:00,58.6,58.6,58.6,58.6
2025-01-17 11:00:00,58.6,58.6,58.6,58.6
2025-01-17 12:00:00,58.6,58.6,58.6,58.6
2025-01-17 13:00:00,58.6,58.6,58.6,58.6
2025-01-17 14:00:00,58.6,58.6,58.6,58.6
2025-01-17 15:00:00,58.6,58.6,58.6,58.6
2025-01-17 16:00:00,58.6,58.6,58.6,58.6
2025-01-17 17:00:00,58.6,58.6,58.6,58.6
2025-01-17 18:00:00,58.6,58.6,58.6,58.6
2025-01-17 19:00:00,58.6,58.6,58.6,58.6
2025-01-17 20:00:00,58.6,58.6,58.6,58.6
2025-01-17 21:00:00,58.6,58.6,58.6,58.6
2025-01-17 22:00:00,58.6,58.6,58.6,58.6
2025-01-17 23:00:00,58.6,58.6,58.6,58.6
2025-01-18 00:00:00,58.6,58.6,58.6,58.6
2025-01-18 01:00:00,58.6,58.6,58.6,58.6
2025-01-18 02:00:00,58.6,58.6,58.6,58.6
2025-01-18 03:00:00,58.6,58.6,58.6,58.6
2025-01-18 04:00:00,58.6,58.6,58.6,58.6
2025-01-18 05:00:00,58.6,58.6,58.6,58.6
2025-01-18 06:00:00,58.6,58.6,58.6,58.6
2025-01-18 07:00:00,58.6,58.6,58.6,58.6
2025-01-18 08:00:00,58.6,58.6,58.6,58.6
2025-01-18 09:00:00,58.6,58.6,58.6,58.6
2025-01-18 10:00:00,58.6,58.6,58.6,58.6
2025-01-18 11:00:00,58.6,58.6,58.6,58.6
2025-01-18 12:00:00,58.6,58.6,58.6,58.6
2025-01-18 13:00:00,58.6,58.6,58.6,58.6
2025-01-18 14:00:00,58.6,58.6,58.6,58.6
2025-01-18 15:00:00,58.6,58.6,58.6,58.6
2025-01-18 16:00:00,58.6,58.6,58.6,58.6
2025-01-18 17:00:00,58.6,58.6,58.6,58.6
2025-01-18 18:00:00,58.6,58.6,58.6,58.6
2025-01-18 19:00:00,58.6,58.6,58.6,58.6
2025-01-18 20:00:00,58.6,58.6,58.6,58.6
2025-01-18 21:00:00,58.6,58.6,58.6,58.6
2025-01-18 22:00:00,58.6,58.6,58.6,58.6
2025-01-18 23:00:00,58.6,58.6,58.6,58.6
2025-01-19 00:00:00,58.6,58.6,58.6,58.6
2025-01-19 01:00:00,58.6,58.6,58.6,58.6
2025-01-19 02:00:00,58.6,58.6,58.6,58.6
2025-01-19 03:00:00,58.6,58.6,58.6,58.6
2025-01-19 04:00:00,58.6,58.6,58.6,58.6
2025-01-19 05:00:00,58.6,58.6,58.6,58.6
2025-01-19 06:00:00,58.6,58.6,58.6,58.6
2025-01-19 07:00:00,58.6,58.6,58.6,58.6
2025-01-19 08:00:00,58.6,58.6,58.6,58.6
2025-01-19 09:00:00,58.6,58.6,58.6,58.6
2025-01-19 10:00:00,58.6,58.6,58.6,58.6
2025-01-19 11:00:00,58.6,58.6,58.6,58.6
2025-01-19 12:00:00,58.6,58.6,58.6,58.6
2025-01-19 13:00:00,58.6,58.6,58.6,58.6
2025-01-19 14:00:00,58.6,58.6,58.6,58.6
2025-01-19 15:00:00,58.6,58.6,58.6,58.6
2025-01-19 16:00:00,58.6,58.6,58.6,58.6
2025-01-19 17:00:00,58.6,58.6,58.6,58.6
2025-01-19 18:00:00,58.6,58.6,58.6,58.6
2025-01-19 19:00:00,58.6,58.6,58.6,58.6
2025-01-19 20:00:00,58.6,58.6,58.6,58.6
2025-01-19 21:00:00,58.6,58.6,58.6,58.6
2025-01-19 22:00:00,58.6,58.6,58.6,58.6
2025-01-19 23:00:00,58.6,58.6,58.6,58.6
2025-01-20 00:00:00,58.6,58.6,58.6,58.6
2025-01-20 01:00:00,58.6,58.6,58.6,58.6
2025-01-20 02:00:00,58.6,58.6,58.6,58.6
2025-01-20 03:00:00,58.6,58.6,58.6,58.6
2025-01-20 04:00:00,58.6,58.6,58.6,58.6
2025-01-20 05:00:00,58.6,58.6,58.6,58.6
2025-01-20 06:00:00,58.6,58.6,58.6,58.6
2025-01-20 07:00:00,58.6,58.6,58.6,58.6
2025-01-20 08:00:00,58.6,58.6,58.6,58.6
2025-01-20 09:00:00,58.6,58.6,58.6,58.6
2025-01-20 10:00:00,58.6,58.6,58.6,58.6
2025-01-20 11:00:00,58.6,58.6,58.6,58.6
2025-01-20 12:00:00,58.6,58.6,58.6,58.6
2025-01-20 13:00:00,58.6,58.6,58.6,58.6
2025-01-20 14:00:00,58.6,58.6,58.6,58.6
2025-01-20 15:00:00,58.6,58.6,58.6,58.6
2025-01-20 16:00:00,58.6,58.6,58.6,58.6
2025-01-20 17:00:00,58.6,58.6,58.6,58.6
2025-01-20 18:00:00,58.6,58.6,58.6,58.6
2025-01-20 19:00:00,97.77,97.73,97.77,97.79
2025-01-20 20:00:00,134.22,134.18,134.22,134.24
2025-01-20 21:00:00,137.24,137.2,137.24,137.26
2025-01-20 22:00:00,93.14,93.1,93.12,93.14
2025-01-20 23:00:00,58.6,58.6,58.6,58.6
2025-01-21 00:00:00,60.34,60.3,60.32,60.32
2025-01-21 01:00:00,58.6,58.6,58.6,58.6
2025-01-21 02:00:00,58.6,58.6,58.6,58.6
2025-01-21 03:00:00,58.6,58.6,58.6,58.6
2025-01-21 04:00:00,58.6,58.6,58.6,58.6
2025-01-21 05:00:00,58.6,58.6,58.6,58.6
2025-01-21 06:00:00,58.6,58.6,58.6,58.6
2025-01-21 07:00:00,58.6,58.6,58.6,58.6
2025-01-21 08:00:00,58.6,58.6,58.6,58.6
2025-01-21 09:00:00,58.6,58.6,58.6,58.6
2025-01-21 10:00:00,58.6,58.6,58.6,58.6
2025-01-21 11:00:00,58.6,58.6,58.6,58.6
2025-01-21 12:00:00,58.6,58.6,58.6,58.6
2025-01-21 13:00:00,58.6,58.6,58.6,58.6
2025-01-21 14:00:00,58.6,58.6,58.6,58.6
2025-01-21 15:00:00,58.6,58.6,58.6,58.6
2025-01-21 16:00:00,58.6,58.6,58.6,58.6
2025-01-21 17:00:00,58.6,58.6,58.6,58.6
2025-01-21 18:00:00,58.6,58.6,58.6,58.6
2025-01-21 19:00:00,58.6,58.6,58.6,58.6
2025-01-21 20:00:00,58.6,58.6,58.6,58.6
2025-01-21 21:00:00,58.6,58.6,58.6,58.6
2025-01-21 22:00:00,58.6,58.6,58.6,58.6
2025-01-21 23:00:00,58.6,58.6,58.6,58.6
2025-01-22 00:00:00,58.6,58.6,58.6,58.6
2025-01-22 01:00:00,58.6,58.6,58.6,58.6
2025-01-22 02:00:00,58.6,58.6,58.6,58.6
2025-01-22 03:00:00,58.6,58.6,58.6,58.6
2025-01-22 04:00:00,58.6,58.6,58.6,58.6
2025-01-22 05:00:00,58.6,58.6,58.6,58.6
2025-01-22 06:00:00,58.6,58.6,58.6,58.6
2025-01-22 07:00:00,58.6,58.6,58.6,58.6
2025-01-22 08:00:00,58.6,58.6,58.6,58.6
2025-01-22 09:00:00,58.6,58.6,58.6,58.6
2025-01-22 10:00:00,58.6,58.6,58.6,58.6
2025-01-22 11:00:00,58.6,58.6,58.6,58.6
2025-01-22 12:00:00,58.6,58.6,58.6,58.6
2025-01-22 13:00:00,58.6,58.6,58.6,58.6
2025-01-22 14:00:00,58.6,58.6,58.6,58.6
2025-01-22 15:00:00,58.6,58.6,58.6,58.6
2025-01-22 16:00:00,58.6,58.6,58.6,58.6
2025-01-22 17:00:00,58.6,58.6,58.6,58.6
2025-01-22 18:00:00,58.6,58.6,58.6,58.6
2025-01-22 19:00:00,58.6,58.6,58.6,58.6
2025-01-22 20:00:00,58.6,58.6,58.6,58.6
2025-01-22 21:00:00,58.6,58.6,58.6,58.6
2025-01-22 22:00:00,58.6,58.6,58.6,58.6
2025-01-22 23:00:00,58.6,58.6,58.6,58.6
2025-01-23 00:00:00,58.6,58.6,58.6,58.6
2025-01-23 01:00:00,58.6,58.6,58.6,58.6
2025-01-23 02:00:00,58.6,58.6,58.6,58.6
2025-01-23 03:00:00,58.6,58.6,58.6,58.6
2025-01-23 04:00:00,58.6,58.6,58.6,58.6
2025-01-23 05:00:00,58.6,58.6,58.6,58.6
2025-01-23 06:00:00,58.6,58.6,58.6,58.6
2025-01-23 07:00:00,58.6,58.6,58.6,58.6
2025-01-23 08:00:00,58.6,58.6,58.6,58.6
2025-01-23 09:00:00,58.6,58.6,58.6,58.6
2025-01-23 10:00:00,58.6,58.6,58.6,58.6
2025-01-23 11:00:00,58.6,58.6,58.6,58.6
2025-01-23 12:00:00,58.6,58.6,58.6,58.6
2025-01-23 13:00:00,58.6,58.6,58.6,58.6
2025-01-23 14:00:00,58.6,58.6,58.6,58.6
2025-01-23 15:00:00,58.6,58.6,58.6,58.6
2025-01-23 16:00:00,58.6,58.6,58.6,58.6
2025-01-23 17:00:00,58.6,58.6,58.6,58.6
2025-01-23 18:00:00,58.6,58.6,58.6,58.6
2025-01-23 19:00:00,58.6,58.6,58.6,58.6
2025-01-23 20:00:00,58.6,58.6,58.6,58.6
2025-01-23 21:00:00,58.6,58.6,58.6,58.6
2025-01-23 22:00:00,58.6,58.6,58.6,58.6
2025-01-23 23:00:00,58.6,58.6,58.6,58.6
2025-01-24 00:00:00,58.6,58.6,58.6,58.6
2025-01-24 01:00:00,58.6,58.6,58.6,58.6
2025-01-24 02:00:00,58.6,58.6,58.6,58.6
2025-01-24 03:00:00,58.6,58.6,58.6,58.6
2025-01-24 04:00:00,58.6,58.6,58.6,58.6
2025-01-24 05:00:00,58.6,58.6,58.6,58.6
2025-01-24 06:00:00,58.6,58.6,58.6,58.6
2025-01-24 07:00:00,58.6,58.6,58.6,58.6
2025-01-24 08:00:00,58.6,58.6,58.6,58.6
2025-01-24 09:00:00,58.6,58.6,58.6,58.6
2025-01-24 10:00:00,58.6,58.6,58.6,58.6
2025-01-24 11:00:00,58.6,58.6,58.6,58.6
2025-01-24 12:00:00,58.6,58.6,58.6,58.6
2025-01-24 13:00:00,58.6,58.6,58.6,58.6
2025-01-24 14:00:00,58.6,58.6,58.6,58.6
2025-01-24 15:00:00,58.6,58.6,58.6,58.6
2025-01-24 16:00:00,58.6,58.6,58.6,58.6
2025-01-24 17:00:00,58.6,58.6,58.6,58.6
2025-01-24 18:00:00,58.6,58.6,58.6,58.6
2025-01-24 19:00:00,58.6,58.6,58.6,58.6
2025-01-24 20:00:00,58.6,58.6,58.6,58.6
2025-01-24 21:00:00,58.6,58.6,58.6,58.6
2025-01-24 22:00:00,58.6,58.6,58.6,58.6
2025-01-24 23:00:00,58.6,58.6,58.6,58.6
2025-01-25 00:00:00,67.28,67.3,67.3,67.3
2025-01-25 01:00:00,60.01,60.03,60.03,60.04
2025-01-25 02:00:00,58.6,58.6,58.6,58.62
2025-01-25 03:00:00,58.6,58.6,58.6,58.6
2025-01-25 04:00:00,58.6,58.6,58.6,58.6
2025-01-25 05:00:00,58.6,58.6,58.6,58.6
2025-01-25 06:00:00,58.6,58.6,58.6,58.6
2025-01-25 07:00:00,58.6,58.6,58.6,58.6
2025-01-25 08:00:00,58.6,58.6,58.6,58.6
2025-01-25 09:00:00,58.6,58.6,58.6,58.6
2025-01-25 10:00:00,58.6,58.6,58.6,58.6
2025-01-25 11:00:00,58.6,58.6,58.6,58.6
2025-01-25 12:00:00,58.6,58.6,58.6,58.6
2025-01-25 13:00:00,58.6,58.6,58.6,58.6
2025-01-25 14:00:00,58.6,58.6,58.6,58.6
2025-01-25 15:00:00,58.6,58.6,58.6,58.6
2025-01-25 16:00:00,58.6,58.6,58.6,58.6
2025-01-25 17:00:00,58.6,58.6,58.6,58.6
2025-01-25 18:00:00,63.15,63.11,63.17,63.17
2025-01-25 19:00:00,65.27,65.23,65.29,65.29
2025-01-25 20:00:00,60.99,60.95,64.57,64.57
2025-01-25 21:00:00,58.6,58.6,62.62,62.62
2025-01-25 22:00:00,60.72,60.68,61.02,61.02
2025-01-25 23:00:00,59.61,59.57,59.86,59.87
2025-01-26 00:00:00,63.09,63.11,63.11,63.11
2025-01-26 01:00:00,59.58,59.6,59.6,59.6
2025-01-26 02:00:00,59.09,59.07,59.11,59.11
2025-01-26 03:00:00,58.6,58.6,58.6,58.6
2025-01-26 04:00:00,58.6,58.6,58.6,58.6
2025-01-26 05:00:00,58.6,58.6,58.6,58.6
2025-01-26 06:00:00,58.6,58.6,58.6,58.6
2025-01-26 07:00:00,58.6,58.6,58.6,58.6
2025-01-26 08:00:00,58.6,58.6,58.6,58.6
2025-01-26 09:00:00,58.6,58.6,58.6,58.6
2025-01-26 10:00:00,58.6,58.6,58.6,58.6
2025-01-26 11:00:00,58.6,58.6,58.6,58.6
2025-01-26 12:00:00,58.6,58.6,58.6,58.6
2025-01-26 13:00:00,58.6,58.6,58.6,58.6
2025-01-26 14:00:00,58.6,58.6,58.6,58.6
2025-01-26 15:00:00,58.6,58.6,58.6,58.6
2025-01-26 16:00:00,58.6,58.6,58.6,58.6
2025-01-26 17:00:00,58.6,58.6,58.6,58.6
2025-01-26 18:00:00,61.95,61.91,61.97,61.97
2025-01-26 19:00:00,64.36,64.32,64.38,64.38
2025-01-26 20:00:00,62.62,62.58,64.11,64.11
2025-01-26 21:00:00,62.09,62.05,62.9,62.9
2025-01-26 22:00:00,61.89,61.85,62.04,62.04
2025-01-26 23:00:00,61.02,60.98,61.04,61.05
2025-01-27 00:00:00,58.6,58.6,58.6,58.6
2025-01-27 01:00:00,58.6,58.6,58.6,58.6
2025-01-27 02:00:00,58.6,58.6,58.6,58.6
2025-01-27 03:00:00,58.6,58.6,58.6,58.6
2025-01-27 04:00:00,58.6,58.6,58.6,58.6
2025-01-27 05:00:00,58.6,58.6,58.6,58.6
2025-01-27 06:00:00,58.6,58.6,58.6,58.6
2025-01-27 07:00:00,58.6,58.6,58.6,58.6
2025-01-27 08:00:00,58.6,58.6,58.6,58.6
2025-01-27 09:00:00,58.6,58.6,58.6,58.6
2025-01-27 10:00:00,58.6,58.6,58.6,58.6
2025-01-27 11:00:00,58.6,58.6,58.6,58.6
2025-01-27 12:00:00,58.6,58.6,58.6,58.6
2025-01-27 13:00:00,58.6,58.6,58.6,58.6
2025-01-27 14:00:00,58.6,58.6,58.6,58.6
2025-01-27 15:00:00,58.6,58.6,58.6,58.6
2025-01-27 16:00:00,58.6,58.6,59.32,59.34
2025-01-27 17:00:00,59.97,59.93,59.99,60.01
2025-01-27 18:00:00,63.59,63.55,63.61,63.62
2025-01-27 19:00:00,66.69,66.65,66.71,66.72
2025-01-27 20:00:00,66.86,66.82,66.88,66.9
2025-01-27 21:00:00,67.0,66.96,67.02,67.04
2025-01-27 22:00:00,62.54,62.5,62.56,62.58
2025-01-27 23:00:00,59.93,59.89,59.95,59.97
2025-01-28 00:00:00,59.56,59.52,59.54,59.54
2025-01-28 01:00:00,58.6,58.6,58.6,58.6
2025-01-28 02:00:00,58.6,58.6,58.6,58.6
2025-01-28 03:00:00,58.6,58.6,58.6,58.6
2025-01-28 04:00:00,58.6,58.6,58.6,58.6
2025-01-28 05:00:00,58.6,58.6,58.6,58.6
2025-01-28 06:00:00,58.6,58.6,58.6,58.6
2025-01-28 07:00:00,58.6,58.6,58.6,58.6
2025-01-28 08:00:00,58.6,58.6,58.6,58.6
2025-01-28 09:00:00,58.6,58.6,58.6,58.6
2025-01-28 10:00:00,58.6,58.6,58.6,58.6
2025-01-28 11:00:00,58.6,58.6,58.6,58.6
2025-01-28 12:00:00,58.6,58.6,58.6,58.6
2025-01-28 13:00:00,58.6,58.6,58.6,58.6
2025-01-28 14:00:00,58.6,58.6,58.6,58.6
2025-01-28 15:00:00,58.6,58.6,58.6,58.6
2025-01-28 16:00:00,58.6,58.6,59.29,59.31
2025-01-28 17:00:00,59.82,59.78,59.84,59.86
2025-01-28 18:00:00,64.31,64.27,64.33,64.33
2025-01-28 19:00:00,64.84,64.8,67.63,67.64
2025-01-28 20:00:00,65.55,65.51,67.75,67.77
2025-01-28 21:00:00,68.22,68.18,68.24,68.26
2025-01-28 22:00:00,64.17,64.13,64.19,64.21
2025-01-28 23:00:00,60.23,60.19,60.25,60.27
2025-01-29 00:00:00,58.6,58.6,58.6,58.6
2025-01-29 01:00:00,58.6,58.6,58.6,58.6
2025-01-29 02:00:00,58.6,58.6,58.6,58.6
2025-01-29 03:00:00,58.6,58.6,58.6,58.6
2025-01-29 04:00:00,58.6,58.6,58.6,58.6
2025-01-29 05:00:00,58.6,58.6,58.6,58.6
2025-01-29 06:00:00,58.6,58.6,58.6,58.6
2025-01-29 07:00:00,58.6,58.6,58.6,58.6
2025-01-29 08:00:00,58.6,58.6,58.6,58.6
2025-01-29 09:00:00,58.6,58.6,58.6,58.6
2025-01-29 10:00:00,58.6,58.6,58.6,58.6
2025-01-29 11:00:00,58.6,58.6,58.6,58.6
2025-01-29 12:00:00,58.6,58.6,58.6,58.6
2025-01-29 13:00:00,58.6,58.6,58.6,58.6
2025-01-29 14:00:00,58.6,58.6,58.6,58.6
2025-01-29 15:00:00,58.6,58.6,58.6,58.6
2025-01-29 16:00:00,58.6,58.6,58.6,58.6
2025-01-29 17:00:00,59.27,59.23,59.29,59.31
2025-01-29 18:00:00,64.03,63.99,64.05,64.05
2025-01-29 19:00:00,69.24,69.2,69.26,69.27
2025-01-29 20:00:00,69.06,69.02,69.08,69.09
2025-01-29 21:00:00,68.73,68.69,68.75,68.76
2025-01-29 22:00:00,61.64,61.6,61.66,61.68
2025-01-29 23:00:00,59.56,59.52,59.58,59.6
2025-01-30 00:00:00,58.6,58.6,58.6,58.6
2025-01-30 01:00:00,58.6,58.6,58.6,58.6
2025-01-30 02:00:00,58.6,58.6,58.6,58.6
2025-01-30 03:00:00,58.6,58.6,58.6,58.6
2025-01-30 04:00:00,58.6,58.6,58.6,58.6
2025-01-30 05:00:00,58.6,58.6,58.6,58.6
2025-01-30 06:00:00,58.6,58.6,58.6,58.6
2025-01-30 07:00:00,58.6,58.6,58.6,58.6
2025-01-30 08:00:00,58.6,58.6,58.6,58.6
2025-01-30 09:00:00,58.6,58.6,58.6,58.6
2025-01-30 10:00:00,58.6,58.6,58.6,58.6
2025-01-30 11:00:00,58.6,58.6,58.6,58.6
2025-01-30 12:00:00,58.6,58.6,58.6,58.6
2025-01-30 13:00:00,58.6,58.6,58.6,58.6
2025-01-30 14:00:00,58.6,58.6,58.6,58.6
2025-01-30 15:00:00,58.6,58.6,58.6,58.6
2025-01-30 16:00:00,59.96,59.92,59.98,60.0
2025-01-30 17:00:00,60.33,60.29,60.35,60.37
2025-01-30 18:00:00,60.58,60.54,60.6,60.61
2025-01-30 19:00:00,63.19,63.15,63.21,63.21
2025-01-30 20:00:00,63.23,63.19,63.25,63.25
2025-01-30 21:00:00,63.57,63.53,63.59,63.59
2025-01-30 22:00:00,62.71,62.67,62.73,62.73
2025-01-30 23:00:00,60.17,60.13,60.17,60.19
2025-01-31 00:00:00,58.62,58.6,58.61,58.61
2025-01-31 01:00:00,58.6,58.6,58.6,58.6
2025-01-31 02:00:00,58.6,58.6,58.6,58.6
2025-01-31 03:00:00,58.6,58.6,58.6,58.6
2025-01-31 04:00:00,58.6,58.6,58.6,58.6
2025-01-31 05:00:00,58.6,58.6,58.6,58.6
2025-01-31 06:00:00,58.6,58.6,58.6,58.6
2025-01-31 07:00:00,58.6,58.6,58.6,58.6
2025-01-31 08:00:00,58.6,58.6,58.6,58.6
2025-01-31 09:00:00,58.6,58.6,58.6,58.6
2025-01-31 10:00:00,58.6,58.6,58.6,58.6
2025-01-31 11:00:00,58.6,58.6,58.6,58.6
2025-01-31 12:00:00,58.6,58.6,58.6,58.6
2025-01-31 13:00:00,58.6,58.6,58.6,58.6
2025-01-31 14:00:00,58.6,58.6,58.6,58.6
2025-01-31 15:00:00,58.6,58.6,58.6,58.6
2025-01-31 16:00:00,58.6,58.6,58.6,58.61
2025-01-31 17:00:00,58.6,58.6,58.6,58.61
2025-01-31 18:00:00,58.6,58.6,59.77,59.79
2025-01-31 19:00:00,58.6,58.6,61.4,61.42
2025-01-31 20:00:00,58.6,58.6,61.37,61.39
2025-01-31 21:00:00,61.34,61.3,61.36,61.38
2025-01-31 22:00:00,60.5,60.46,60.52,60.54
2025-01-31 23:00:00,59.05,59.01,59.07,59.09
2025-02-01 00:00:00,58.6,58.6,58.6,58.6
2025-02-01 01:00:00,58.6,58.6,58.6,58.6
2025-02-01 02:00:00,58.6,58.6,58.6,58.6
2025-02-01 03:00:00,58.6,58.6,58.6,58.6
2025-02-01 04:00:00,58.6,58.6,58.6,58.6
2025-02-01 05:00:00,58.6,58.6,58.6,58.6
2025-02-01 06:00:00,58.6,58.6,58.6,58.6
2025-02-01 07:00:00,58.6,58.6,58.6,58.6
2025-02-01 08:00:00,58.6,58.6,58.6,58.6
2025-02-01 09:00:00,58.6,58.6,58.6,58.6
2025-02-01 10:00:00,58.6,58.6,58.6,58.6
2025-02-01 11:00:00,58.6,58.6,58.6,58.6
2025-02-01 12:00:00,58.6,58.6,58.6,58.6
2025-02-01 13:00:00,58.6,58.6,58.6,58.6
2025-02-01 14:00:00,58.6,58.6,58.6,58.6
2025-02-01 15:00:00,58.6,58.6,58.6,58.6
2025-02-01 16:00:00,58.6,58.6,58.6,58.6
2025-02-01 17:00:00,58.6,58.6,58.6,58.6
2025-02-01 18:00:00,58.6,58.6,58.6,58.6
2025-02-01 19:00:00,58.6,58.6,58.6,58.6
2025-02-01 20:00:00,58.6,58.6,58.6,58.6
2025-02-01 21:00:00,58.6,58.6,58.6,58.6
2025-02-01 22:00:00,58.6,58.6,58.6,58.6
2025-02-01 23:00:00,58.6,58.6,58.6,58.6
2025-02-02 00:00:00,58.6,58.6,58.6,58.6
2025-02-02 01:00:00,58.6,58.6,58.6,58.6
2025-02-02 02:00:00,58.6,58.6,58.6,58.6
2025-02-02 03:00:00,58.6,58.6,58.6,58.6
2025-02-02 04:00:00,58.6,58.6,58.6,58.6
2025-02-02 05:00:00,58.6,58.6,58.6,58.6
2025-02-02 06:00:00,58.6,58.6,58.6,58.6
2025-02-02 07:00:00,58.6,58.6,58.6,58.6
2025-02-02 08:00:00,58.6,58.6,58.6,58.6
2025-02-02 09:00:00,58.6,58.6,58.6,58.6
2025-02-02 10:00:00,58.6,58.6,58.6,58.6
2025-02-02 11:00:00,58.6,58.6,58.6,58.6
2025-02-02 12:00:00,58.6,58.6,58.6,58.6
2025-02-02 13:00:00,58.6,58.6,58.6,58.6
2025-02-02 14:00:00,58.6,58.6,58.6,58.6
2025-02-02 15:00:00,58.6,58.6,58.6,58.6
2025-02-02 16:00:00,58.6,58.6,58.6,58.6
2025-02-02 17:00:00,58.6,58.6,58.6,58.6
2025-02-02 18:00:00,58.6,58.6,58.6,58.6
2025-02-02 19:00:00,58.6,58.6,58.6,58.6
2025-02-02 20:00:00,58.6,58.6,58.6,58.6
2025-02-02 21:00:00,58.6,58.6,58.6,58.6
2025-02-02 22:00:00,58.6,58.6,58.6,58.6
2025-02-02 23:00:00,58.6,58.6,58.6,58.6
2025-02-03 00:00:00,58.6,58.6,58.6,58.6
2025-02-03 01:00:00,58.6,58.6,58.6,58.6
2025-02-03 02:00:00,58.6,58.6,58.6,58.6
2025-02-03 03:00:00,58.6,58.6,58.6,58.6
2025-02-03 04:00:00,58.6,58.6,58.6,58.6
2025-02-03 05:00:00,58.6,58.6,58.6,58.6
2025-02-03 06:00:00,58.6,58.6,58.6,58.6
2025-02-03 07:00:00,58.6,58.6,58.6,58.6
2025-02-03 08:00:00,58.6,58.6,58.6,58.6
2025-02-03 09:00:00,58.6,58.6,58.6,58.6
2025-02-03 10:00:00,58.6,58.6,58.6,58.6
2025-02-03 11:00:00,58.6,58.6,58.6,58.6
2025-02-03 12:00:00,58.6,58.6,58.6,58.6
2025-02-03 13:00:00,58.6,58.6,58.6,58.6
2025-02-03 14:00:00,58.6,58.6,58.6,58.6
2025-02-03 15:00:00,58.6,58.6,58.6,58.6
2025-02-03 16:00:00,58.6,58.6,58.6,58.6
2025-02-03 17:00:00,58.6,58.6,58.6,58.6
2025-02-03 18:00:00,58.6,58.6,58.6,58.6
2025-02-03 19:00:00,58.6,58.6,58.6,58.6
2025-02-03 20:00:00,58.6,58.6,58.6,58.6
2025-02-03 21:00:00,58.6,58.6,58.6,58.6
2025-02-03 22:00:00,58.6,58.6,58.6,58.6
2025-02-03 23:00:00,58.6,58.6,58.6,58.6
2025-02-04 00:00:00,58.6,58.6,58.6,58.6
2025-02-04 01:00:00,58.6,58.6,58.6,58.6
2025-02-04 02:00:00,58.6,58.6,58.6,58.6
2025-02-04 03:00:00,58.6,58.6,58.6,58.6
2025-02-04 04:00:00,58.6,58.6,58.6,58.6
2025-02-04 05:00:00,58.6,58.6,58.6,58.6
2025-02-04 06:00:00,58.6,58.6,58.6,58.6
2025-02-04 07:00:00,58.6,58.6,58.6,58.6
2025-02-04 08:00:00,58.6,58.6,58.6,58.6
2025-02-04 09:00:00,58.6,58.6,58.6,58.6
2025-02-04 10:00:00,58.6,58.6,58.6,58.6
2025-02-04 11:00:00,58.6,58.6,58.6,58.6
2025-02-04 12:00:00,58.6,58.6,58.6,58.6
2025-02-04 13:00:00,58.6,58.6,58.6,58.6
2025-02-04 14:00:00,58.6,58.6,58.6,58.6
2025-02-04 15:00:00,58.6,58.6,58.6,58.6
2025-02-04 16:00:00,58.6,58.6,58.6,58.6
2025-02-04 17:00:00,58.6,58.6,58.6,58.6
2025-02-04 18:00:00,58.6,58.6,58.6,58.6
2025-02-04 19:00:00,58.6,58.6,59.77,59.81
2025-02-04 20:00:00,58.6,58.6,61.39,61.43
2025-02-04 21:00:00,58.6,58.6,59.15,59.19
2025-02-04 22:00:00,58.6,58.6,58.6,58.6
2025-02-04 23:00:00,58.6,58.6,58.6,58.6
2025-02-05 00:00:00,58.6,58.6,58.6,58.6
2025-02-05 01:00:00,58.6,58.6,58.6,58.6
2025-02-05 02:00:00,58.6,58.6,58.6,58.6
2025-02-05 03:00:00,58.6,58.6,58.6,58.6
2025-02-05 04:00:00,58.6,58.6,58.6,58.6
2025-02-05 05:00:00,58.6,58.6,58.6,58.6
2025-02-05 06:00:00,58.6,58.6,58.6,58.6
2025-02-05 07:00:00,58.6,58.6,58.6,58.6
2025-02-05 08:00:00,58.6,58.6,58.6,58.6
2025-02-05 09:00:00,58.6,58.6,58.6,58.6
2025-02-05 10:00:00,58.6,58.6,58.6,58.6
2025-02-05 11:00:00,58.6,58.6,58.6,58.6
2025-02-05 12:00:00,58.6,58.6,58.6,58.6
2025-02-05 13:00:00,58.6,58.6,58.6,58.6
2025-02-05 14:00:00,58.6,58.6,58.6,58.6
2025-02-05 15:00:00,58.6,58.6,58.6,58.6
2025-02-05 16:00:00,58.6,58.6,58.6,58.6
2025-02-05 17:00:00,58.6,58.6,58.6,58.6
2025-02-05 18:00:00,58.6,58.6,58.6,58.6
2025-02-05 19:00:00,58.6,58.6,58.6,58.6
2025-02-05 20:00:00,58.6,58.6,58.6,58.6
2025-02-05 21:00:00,58.6,58.6,58.6,58.6
2025-02-05 22:00:00,58.6,58.6,58.6,58.6
2025-02-05 23:00:00,58.6,58.6,58.6,58.6
2025-02-06 00:00:00,58.6,58.6,58.6,58.6
2025-02-06 01:00:00,58.6,58.6,58.6,58.6
2025-02-06 02:00:00,58.6,58.6,58.6,58.6
2025-02-06 03:00:00,58.6,58.6,58.6,58.6
2025-02-06 04:00:00,58.6,58.6,58.6,58.6
2025-02-06 05:00:00,58.6,58.6,58.6,58.6
2025-02-06 06:00:00,58.6,58.6,58.6,58.6
2025-02-06 07:00:00,58.6,58.6,58.6,58.6
2025-02-06 08:00:00,58.6,58.6,58.6,58.6
2025-02-06 09:00:00,58.6,58.6,58.6,58.6
2025-02-06 10:00:00,58.6,58.6,58.6,58.6
2025-02-06 11:00:00,58.6,58.6,58.6,58.6
2025-02-06 12:00:00,58.6,58.6,58.6,58.6
2025-02-06 13:00:00,58.6,58.6,58.6,58.6
2025-02-06 14:00:00,58.6,58.6,58.6,58.6
2025-02-06 15:00:00,58.6,58.6,58.6,58.6
2025-02-06 16:00:00,58.6,58.6,58.6,58.6
2025-02-06 17:00:00,58.6,58.6,58.6,58.6
2025-02-06 18:00:00,58.6,58.6,58.6,58.6
2025-02-06 19:00:00,58.6,58.6,58.6,58.6
2025-02-06 20:00:00,58.6,58.6,58.6,58.6
2025-02-06 21:00:00,58.6,58.6,58.6,58.6
2025-02-06 22:00:00,58.6,58.6,58.6,58.6
2025-02-06 23:00:00,58.6,58.6,58.6,58.6
2025-02-07 00:00:00,58.6,58.6,58.6,58.6
2025-02-07 01:00:00,58.6,58.6,58.6,58.6
2025-02-07 02:00:00,58.6,58.6,58.6,58.6
2025-02-07 03:00:00,58.6,58.6,58.6,58.6
2025-02-07 04:00:00,58.6,58.6,58.6,58.6
2025-02-07 05:00:00,58.6,58.6,58.6,58.6
2025-02-07 06:00:00,58.6,58.6,58.6,58.6
2025-02-07 07:00:00,58.6,58.6,58.6,58.6
2025-02-07 08:00:00,58.6,58.6,58.6,58.6
2025-02-07 09:00:00,58.6,58.6,58.6,58.6
2025-02-07 10:00:00,58.6,58.6,58.6,58.6
2025-02-07 11:00:00,58.6,58.6,58.6,58.6
2025-02-07 12:00:00,58.6,58.6,58.6,58.6
2025-02-07 13:00:00,58.6,58.6,58.6,58.6
2025-02-07 14:00:00,58.6,58.6,58.6,58.6
2025-02-07 15:00:00,58.6,58.6,58.6,58.6
2025-02-07 16:00:00,58.6,58.6,58.6,58.6
2025-02-07 17:00:00,58.6,58.6,58.6,58.6
2025-02-07 18:00:00,58.6,58.6,58.6,58.6
2025-02-07 19:00:00,58.6,58.6,58.6,58.6
2025-02-07 20:00:00,58.6,58.6,58.6,58.6
2025-02-07 21:00:00,58.6,58.6,58.6,58.6
2025-02-07 22:00:00,58.6,58.6,58.6,58.6
2025-02-07 23:00:00,58.6,58.6,58.6,58.6
2025-02-08 00:00:00,58.6,58.6,96.38,96.42
2025-02-08 01:00:00,58.6,58.6,94.76,94.8
2025-02-08 02:00:00,58.6,58.6,91.27,91.31
2025-02-08 03:00:00,58.6,58.6,84.5,84.54
2025-02-08 04:00:00,58.6,58.6,81.94,81.98
2025-02-08 05:00:00,58.6,58.6,79.03,79.07
2025-02-08 06:00:00,58.6,58.6,74.45,74.49
2025-02-08 07:00:00,58.6,58.6,58.6,58.6
2025-02-08 08:00:00,58.6,58.6,58.6,58.6
2025-02-08 09:00:00,58.6,58.6,58.6,58.6
2025-02-08 10:00:00,58.6,58.6,58.6,58.6
2025-02-08 11:00:00,58.6,58.6,58.6,58.6
2025-02-08 12:00:00,58.6,58.6,58.6,58.6
2025-02-08 13:00:00,58.6,58.6,58.6,58.6
2025-02-08 14:00:00,58.6,58.6,58.6,58.6
2025-02-08 15:00:00,58.6,58.6,58.6,58.6
2025-02-08 16:00:00,58.6,58.6,76.89,76.93
2025-02-08 17:00:00,58.6,58.6,95.21,95.25
2025-02-08 18:00:00,58.6,58.6,97.32,97.35
2025-02-08 19:00:00,58.6,58.6,99.32,99.34
2025-02-08 20:00:00,58.6,58.6,99.01,99.03
2025-02-08 21:00:00,58.6,58.6,97.94,97.96
2025-02-08 22:00:00,58.6,58.6,96.98,97.0
2025-02-08 23:00:00,58.6,58.6,96.21,96.25
2025-02-09 00:00:00,58.6,58.6,96.59,96.63
2025-02-09 01:00:00,58.6,58.6,94.35,94.39
2025-02-09 02:00:00,58.6,58.6,93.3,93.34
2025-02-09 03:00:00,58.6,58.6,90.84,90.88
2025-02-09 04:00:00,58.6,58.6,89.23,89.27
2025-02-09 05:00:00,58.6,58.6,87.35,87.39
2025-02-09 06:00:00,58.6,58.6,58.6,58.6
2025-02-09 07:00:00,58.6,58.6,58.6,58.6
2025-02-09 08:00:00,58.6,58.6,58.6,58.6
2025-02-09 09:00:00,58.6,58.6,58.6,58.6
2025-02-09 10:00:00,58.6,58.6,58.6,58.6
2025-02-09 11:00:00,58.6,58.6,58.6,58.6
2025-02-09 12:00:00,58.6,58.6,58.6,58.6
2025-02-09 13:00:00,58.6,58.6,58.6,58.6
2025-02-09 14:00:00,58.6,58.6,58.6,58.6
2025-02-09 15:00:00,58.6,58.6,58.6,58.6
2025-02-09 16:00:00,58.6,58.6,58.6,58.6
2025-02-09 17:00:00,58.6,58.6,93.03,93.07
2025-02-09 18:00:00,58.6,58.6,97.45,97.48
2025-02-09 19:00:00,58.6,58.6,99.69,99.71
2025-02-09 20:00:00,58.6,58.6,100.35,100.39
2025-02-09 21:00:00,58.6,58.6,100.3,100.34
2025-02-09 22:00:00,58.6,58.6,100.1,100.14
2025-02-09 23:00:00,58.6,58.6,98.45,98.49
2025-02-10 00:00:00,58.6,58.6,97.08,97.12
2025-02-10 01:00:00,58.6,58.6,96.49,96.53
2025-02-10 02:00:00,58.6,58.6,96.21,96.25
2025-02-10 03:00:00,58.6,58.6,95.87,95.91
2025-02-10 04:00:00,58.6,58.6,96.02,96.06
2025-02-10 05:00:00,58.6,58.6,96.52,96.56
2025-02-10 06:00:00,58.6,58.6,96.69,96.73
2025-02-10 07:00:00,58.6,58.6,96.62,96.78
2025-02-10 08:00:00,58.6,58.6,96.36,96.87
2025-02-10 09:00:00,58.6,58.6,95.45,96.81
2025-02-10 10:00:00,58.6,58.6,94.84,96.81
2025-02-10 11:00:00,58.6,58.6,94.45,96.82
2025-02-10 12:00:00,58.6,58.6,94.55,96.74
2025-02-10 13:00:00,58.6,58.6,96.13,96.9
2025-02-10 14:00:00,58.6,58.6,97.22,97.35
2025-02-10 15:00:00,58.6,58.6,98.68,98.72
2025-02-10 16:00:00,58.6,58.6,100.03,100.07
2025-02-10 17:00:00,58.6,58.6,100.18,100.22
2025-02-10 18:00:00,58.6,58.6,101.18,101.22
2025-02-10 19:00:00,58.6,58.6,105.01,105.05
2025-02-10 20:00:00,58.6,58.6,105.69,105.73
2025-02-10 21:00:00,58.6,58.6,105.67,105.71
2025-02-10 22:00:00,58.6,58.6,103.87,103.91
2025-02-10 23:00:00,58.6,58.6,101.29,101.33
2025-02-11 00:00:00,58.6,58.6,98.79,98.83
2025-02-11 01:00:00,58.6,58.6,97.45,97.49
2025-02-11 02:00:00,58.6,58.6,97.08,97.12
2025-02-11 03:00:00,58.6,58.6,96.92,96.96
2025-02-11 04:00:00,58.6,58.6,96.93,96.97
2025-02-11 05:00:00,58.6,58.6,97.03,97.07
2025-02-11 06:00:00,58.6,58.6,97.05,97.09
2025-02-11 07:00:00,58.6,58.6,97.08,97.12
2025-02-11 08:00:00,58.6,58.6,97.18,97.22
2025-02-11 09:00:00,58.6,58.6,96.99,97.17
2025-02-11 10:00:00,58.6,58.6,96.54,97.14
2025-02-11 11:00:00,58.6,58.6,96.84,97.17
2025-02-11 12:00:00,58.6,58.6,96.52,97.08
2025-02-11 13:00:00,58.6,58.6,97.37,97.41
2025-02-11 14:00:00,58.6,58.6,99.1,99.14
2025-02-11 15:00:00,58.6,58.6,100.81,100.85
2025-02-11 16:00:00,58.6,58.6,102.7,102.74
2025-02-11 17:00:00,58.6,58.6,102.87,102.91
2025-02-11 18:00:00,58.6,58.6,103.25,103.29
2025-02-11 19:00:00,58.6,58.6,107.15,107.19
2025-02-11 20:00:00,58.6,58.6,108.13,108.17
2025-02-11 21:00:00,58.6,58.6,108.09,108.13
2025-02-11 22:00:00,58.6,58.6,105.45,105.49
2025-02-11 23:00:00,58.6,58.6,102.48,102.52
2025-02-12 00:00:00,58.6,58.6,99.13,99.17
2025-02-12 01:00:00,58.6,58.6,97.53,97.57
2025-02-12 02:00:00,58.6,58.6,97.03,97.07
2025-02-12 03:00:00,58.6,58.6,96.89,96.93
2025-02-12 04:00:00,58.6,58.6,96.89,96.93
2025-02-12 05:00:00,58.6,58.6,97.06,97.1
2025-02-12 06:00:00,58.6,58.6,97.18,97.22
2025-02-12 07:00:00,58.6,58.6,97.24,97.28
2025-02-12 08:00:00,58.6,58.6,97.33,97.37
2025-02-12 09:00:00,58.6,58.6,97.02,97.18
2025-02-12 10:00:00,58.6,58.6,96.53,97.15
2025-02-12 11:00:00,58.6,58.6,96.39,97.12
2025-02-12 12:00:00,58.6,58.6,96.05,96.95
2025-02-12 13:00:00,58.6,58.6,97.27,98.15
2025-02-12 14:00:00,58.6,58.6,99.26,100.23
2025-02-12 15:00:00,58.6,58.6,100.8,100.86
2025-02-12 16:00:00,58.6,58.6,101.92,101.96
2025-02-12 17:00:00,58.6,58.6,102.45,102.49
2025-02-12 18:00:00,58.6,58.6,103.04,103.08
2025-02-12 19:00:00,58.6,58.6,106.02,106.06
2025-02-12 20:00:00,58.6,58.6,106.41,106.45
2025-02-12 21:00:00,58.6,58.6,106.16,106.2
2025-02-12 22:00:00,58.6,58.6,104.01,104.05
2025-02-12 23:00:00,58.6,58.6,101.63,101.67
2025-02-13 00:00:00,58.6,58.6,97.97,98.01
2025-02-13 01:00:00,58.6,58.6,96.38,96.42
2025-02-13 02:00:00,58.6,58.6,96.36,96.4
2025-02-13 03:00:00,58.6,58.6,96.18,96.22
2025-02-13 04:00:00,58.6,58.6,96.15,96.19
2025-02-13 05:00:00,58.6,58.6,96.3,96.34
2025-02-13 06:00:00,58.6,58.6,96.37,96.41
2025-02-13 07:00:00,58.6,58.6,96.44,96.48
2025-02-13 08:00:00,58.6,58.6,96.51,96.55
2025-02-13 09:00:00,58.6,58.6,96.4,96.44
2025-02-13 10:00:00,58.6,58.6,96.23,96.38
2025-02-13 11:00:00,58.6,58.6,95.79,96.42
2025-02-13 12:00:00,58.6,58.6,95.41,96.46
2025-02-13 13:00:00,58.6,58.6,96.9,96.94
2025-02-13 14:00:00,58.6,58.6,98.31,98.35
2025-02-13 15:00:00,58.6,58.6,100.1,100.14
2025-02-13 16:00:00,58.6,58.6,101.29,101.33
2025-02-13 17:00:00,58.6,58.6,101.59,101.63
2025-02-13 18:00:00,58.6,58.6,102.63,102.67
2025-02-13 19:00:00,58.6,58.6,104.13,104.17
2025-02-13 20:00:00,58.6,58.6,104.58,104.62
2025-02-13 21:00:00,58.6,58.6,104.21,104.25
2025-02-13 22:00:00,58.6,58.6,102.54,102.58
2025-02-13 23:00:00,58.6,58.6,100.58,100.62
2025-02-14 00:00:00,58.6,58.6,97.95,97.99
2025-02-14 01:00:00,58.6,58.6,96.3,96.34
2025-02-14 02:00:00,58.6,58.6,96.26,96.3
2025-02-14 03:00:00,58.6,58.6,95.77,95.81
2025-02-14 04:00:00,58.6,58.6,95.78,95.82
2025-02-14 05:00:00,58.6,58.6,96.45,96.49
2025-02-14 06:00:00,58.6,58.6,96.34,96.38
2025-02-14 07:00:00,58.6,58.6,96.26,96.3
2025-02-14 08:00:00,58.6,58.6,96.54,96.58
2025-02-14 09:00:00,58.6,58.6,96.08,96.12
2025-02-14 10:00:00,58.6,58.6,96.0,96.04
2025-02-14 11:00:00,58.6,58.6,95.94,96.11
2025-02-14 12:00:00,58.6,58.6,95.47,95.83
2025-02-14 13:00:00,58.6,58.6,96.87,96.91
2025-02-14 14:00:00,58.6,58.6,97.95,97.99
2025-02-14 15:00:00,58.6,58.6,98.72,98.76
2025-02-14 16:00:00,58.6,58.6,99.42,99.46
2025-02-14 17:00:00,58.6,58.6,100.07,100.11
2025-02-14 18:00:00,58.6,58.6,100.73,100.75
2025-02-14 19:00:00,58.6,58.6,102.89,102.91
2025-02-14 20:00:00,58.6,58.6,102.75,102.78
2025-02-14 21:00:00,58.6,58.6,102.23,102.25
2025-02-14 22:00:00,58.6,58.6,100.35,100.37
2025-02-14 23:00:00,58.6,58.6,99.49,99.52
2025-02-15 00:00:00,58.6,58.6,118.06,118.1
2025-02-15 01:00:00,58.6,58.6,114.62,114.64
2025-02-15 02:00:00,58.6,58.6,114.21,114.25
2025-02-15 03:00:00,58.6,58.6,112.22,112.26
2025-02-15 04:00:00,58.6,58.6,112.09,112.13
2025-02-15 05:00:00,58.6,58.6,112.07,112.11
2025-02-15 06:00:00,58.6,58.6,110.76,110.8
2025-02-15 07:00:00,58.6,58.6,101.78,101.82
2025-02-15 08:00:00,58.6,58.6,86.49,86.53
2025-02-15 09:00:00,58.6,58.6,58.6,58.6
2025-02-15 10:00:00,58.6,58.6,58.6,58.6
2025-02-15 11:00:00,58.6,58.6,58.6,58.6
2025-02-15 12:00:00,58.6,58.6,58.6,58.6
2025-02-15 13:00:00,58.6,58.6,58.6,58.6
2025-02-15 14:00:00,58.6,58.6,83.54,83.58
2025-02-15 15:00:00,58.6,58.6,107.55,107.59
2025-02-15 16:00:00,58.6,58.6,112.15,112.19
2025-02-15 17:00:00,58.6,58.6,115.61,115.64
2025-02-15 18:00:00,58.6,58.6,119.81,119.83
2025-02-15 19:00:00,58.6,58.6,121.38,121.4
2025-02-15 20:00:00,58.6,58.6,121.42,121.44
2025-02-15 21:00:00,58.6,58.6,120.91,120.93
2025-02-15 22:00:00,58.6,58.6,120.17,120.2
2025-02-15 23:00:00,58.6,58.6,119.02,119.06
2025-02-16 00:00:00,58.6,58.6,117.08,117.12
2025-02-16 01:00:00,58.6,58.6,115.0,115.03
2025-02-16 02:00:00,58.6,58.6,113.79,113.83
2025-02-16 03:00:00,58.6,58.6,113.03,113.07
2025-02-16 04:00:00,58.6,58.6,112.59,112.63
2025-02-16 05:00:00,58.6,58.6,111.74,111.78
2025-02-16 06:00:00,58.6,58.6,103.99,104.03
2025-02-16 07:00:00,58.6,58.6,58.6,58.6
2025-02-16 08:00:00,58.6,58.6,58.6,58.6
2025-02-16 09:00:00,58.6,58.6,58.6,58.6
2025-02-16 10:00:00,58.6,58.6,58.6,58.6
2025-02-16 11:00:00,58.6,58.6,58.6,58.6
2025-02-16 12:00:00,58.6,58.6,58.6,58.6
2025-02-16 13:00:00,58.6,58.6,58.6,58.6
2025-02-16 14:00:00,58.6,58.6,58.6,58.6
2025-02-16 15:00:00,58.6,58.6,58.6,58.6
2025-02-16 16:00:00,58.6,58.6,110.33,110.37
2025-02-16 17:00:00,58.6,58.6,114.06,114.1
2025-02-16 18:00:00,58.6,58.6,118.7,118.72
2025-02-16 19:00:00,58.6,58.6,122.5,122.52
2025-02-16 20:00:00,58.6,58.6,122.79,122.81
2025-02-16 21:00:00,58.6,58.6,122.5,122.54
2025-02-16 22:00:00,58.6,58.6,122.11,122.15
2025-02-16 23:00:00,58.6,58.6,119.96,120.0
2025-02-17 00:00:00,58.6,58.6,117.53,117.57
2025-02-17 01:00:00,58.6,58.6,115.45,115.49
2025-02-17 02:00:00,58.6,58.6,114.41,114.45
2025-02-17 03:00:00,58.6,58.6,114.22,114.26
2025-02-17 04:00:00,58.6,58.6,114.22,114.26
2025-02-17 05:00:00,58.6,58.6,115.21,115.25
2025-02-17 06:00:00,58.6,58.6,115.54,115.58
2025-02-17 07:00:00,58.6,58.6,115.16,115.2
2025-02-17 08:00:00,58.6,58.6,115.35,115.39
2025-02-17 09:00:00,58.6,58.6,114.83,114.87
2025-02-17 10:00:00,58.6,58.6,114.35,114.39
2025-02-17 11:00:00,58.6,58.6,114.17,114.21
2025-02-17 12:00:00,58.6,58.6,113.72,113.76
2025-02-17 13:00:00,58.6,58.6,115.86,115.9
2025-02-17 14:00:00,58.6,58.6,118.72,118.76
2025-02-17 15:00:00,58.6,58.6,120.08,120.12
2025-02-17 16:00:00,58.6,58.6,122.89,122.93
2025-02-17 17:00:00,58.6,58.6,123.01,123.05
2025-02-17 18:00:00,58.6,58.6,124.02,124.05
2025-02-17 19:00:00,58.6,58.6,126.51,126.53
2025-02-17 20:00:00,58.6,58.6,128.23,128.25
2025-02-17 21:00:00,58.6,58.6,128.09,128.11
2025-02-17 22:00:00,58.6,58.6,124.6,124.63
2025-02-17 23:00:00,58.6,58.6,122.07,122.11
2025-02-18 00:00:00,58.6,58.6,118.91,118.94
2025-02-18 01:00:00,58.6,58.6,116.48,116.5
2025-02-18 02:00:00,58.6,58.6,115.86,115.88
2025-02-18 03:00:00,58.6,58.6,115.4,115.44
2025-02-18 04:00:00,58.6,58.6,115.45,115.48
2025-02-18 05:00:00,58.6,58.6,116.34,116.36
2025-02-18 06:00:00,58.6,58.6,116.63,116.65
2025-02-18 07:00:00,58.6,58.6,116.51,116.55
2025-02-18 08:00:00,58.6,58.6,116.4,116.44
2025-02-18 09:00:00,58.6,58.6,115.75,115.79
2025-02-18 10:00:00,58.6,58.6,115.63,115.67
2025-02-18 11:00:00,58.6,58.6,115.75,115.79
2025-02-18 12:00:00,58.6,58.6,115.33,115.37
2025-02-18 13:00:00,58.6,58.6,116.52,116.56
2025-02-18 14:00:00,58.6,58.6,119.02,119.06
2025-02-18 15:00:00,58.6,58.6,120.63,120.67
2025-02-18 16:00:00,58.6,58.6,123.19,123.23
2025-02-18 17:00:00,58.6,58.6,123.25,123.29
2025-02-18 18:00:00,58.6,58.6,123.77,123.8
2025-02-18 19:00:00,58.6,58.6,128.16,128.18
2025-02-18 20:00:00,58.6,58.6,129.39,129.41
2025-02-18 21:00:00,58.6,58.6,129.24,129.26
2025-02-18 22:00:00,58.6,58.6,125.65,125.67
2025-02-18 23:00:00,58.6,58.6,122.78,122.81
2025-02-19 00:00:00,58.6,58.6,120.98,121.0
2025-02-19 01:00:00,58.6,58.6,118.63,118.65
2025-02-19 02:00:00,58.6,58.6,117.79,117.81
2025-02-19 03:00:00,58.6,58.6,117.02,117.04
2025-02-19 04:00:00,58.6,58.6,116.4,116.42
2025-02-19 05:00:00,58.6,58.6,117.8,117.82
2025-02-19 06:00:00,58.6,58.6,117.98,118.0
2025-02-19 07:00:00,58.6,58.6,117.73,117.76
2025-02-19 08:00:00,58.6,58.6,117.55,117.59
2025-02-19 09:00:00,58.6,58.6,116.03,116.07
2025-02-19 10:00:00,58.6,58.6,115.71,115.75
2025-02-19 11:00:00,58.6,58.6,115.55,115.59
2025-02-19 12:00:00,58.6,58.6,114.89,114.93
2025-02-19 13:00:00,58.6,58.6,117.09,117.13
2025-02-19 14:00:00,58.6,58.6,118.8,118.84
2025-02-19 15:00:00,58.6,58.6,120.87,120.91
2025-02-19 16:00:00,58.6,58.6,122.75,122.78
2025-02-19 17:00:00,58.6,58.6,123.02,123.04
2025-02-19 18:00:00,58.6,58.6,124.25,124.27
2025-02-19 19:00:00,58.6,58.6,128.73,128.73
2025-02-19 20:00:00,58.6,58.6,128.66,128.66
2025-02-19 21:00:00,58.6,58.6,128.59,128.59
2025-02-19 22:00:00,58.6,58.6,126.32,126.34
2025-02-19 23:00:00,58.6,58.6,123.05,123.07
2025-02-20 00:00:00,59.26,59.24,117.53,117.55
2025-02-20 01:00:00,58.6,58.6,114.3,114.32
2025-02-20 02:00:00,58.6,58.6,113.41,113.43
2025-02-20 03:00:00,58.6,58.6,113.05,113.07
2025-02-20 04:00:00,58.6,58.6,113.19,113.21
2025-02-20 05:00:00,58.6,58.6,113.74,113.76
2025-02-20 06:00:00,58.6,58.6,114.19,114.21
2025-02-20 07:00:00,58.6,58.6,114.17,114.19
2025-02-20 08:00:00,58.6,58.6,114.28,114.32
2025-02-20 09:00:00,58.6,58.6,113.27,113.31
2025-02-20 10:00:00,58.6,58.6,113.03,113.07
2025-02-20 11:00:00,58.6,58.6,112.7,112.74
2025-02-20 12:00:00,58.6,58.6,111.66,111.7
2025-02-20 13:00:00,58.6,58.6,113.5,113.54
2025-02-20 14:00:00,58.6,58.6,116.62,116.64
2025-02-20 15:00:00,58.6,58.6,118.75,118.77
2025-02-20 16:00:00,58.6,58.6,119.88,119.9
2025-02-20 17:00:00,58.6,58.6,120.19,120.21
2025-02-20 18:00:00,58.6,58.6,120.85,120.87
2025-02-20 19:00:00,58.6,58.6,124.82,124.84
2025-02-20 20:00:00,58.6,58.6,123.9,123.92
2025-02-20 21:00:00,58.6,58.6,123.42,123.44
2025-02-20 22:00:00,58.6,58.6,121.66,121.68
2025-02-20 23:00:00,58.6,58.6,120.14,120.15
2025-02-21 00:00:00,58.6,58.6,118.02,118.04
2025-02-21 01:00:00,58.6,58.6,116.13,116.15
2025-02-21 02:00:00,58.6,58.6,114.75,114.77
2025-02-21 03:00:00,58.6,58.6,114.12,114.14
2025-02-21 04:00:00,58.6,58.6,113.98,114.0
2025-02-21 05:00:00,58.6,58.6,114.9,114.92
2025-02-21 06:00:00,58.6,58.6,115.53,115.55
2025-02-21 07:00:00,58.6,58.6,115.28,115.3
2025-02-21 08:00:00,58.6,58.6,114.8,114.84
2025-02-21 09:00:00,58.6,58.6,113.52,113.56
2025-02-21 10:00:00,58.6,58.6,111.98,112.02
2025-02-21 11:00:00,58.6,58.6,111.8,111.84
2025-02-21 12:00:00,58.6,58.6,110.94,110.98
2025-02-21 13:00:00,58.6,58.6,114.05,114.09
2025-02-21 14:00:00,58.6,58.6,116.56,116.58
2025-02-21 15:00:00,58.6,58.6,117.7,117.72
2025-02-21 16:00:00,58.6,58.6,118.97,118.99
2025-02-21 17:00:00,58.6,58.6,119.47,119.49
2025-02-21 18:00:00,58.6,58.6,121.54,121.54
2025-02-21 19:00:00,58.6,58.6,123.68,123.68
2025-02-21 20:00:00,58.6,58.6,123.61,123.63
2025-02-21 21:00:00,58.6,58.6,122.7,122.72
2025-02-21 22:00:00,58.6,58.6,120.99,120.99
2025-02-21 23:00:00,58.6,58.6,119.49,119.49
2025-02-22 00:00:00,58.6,58.6,111.47,111.49
2025-02-22 01:00:00,58.6,58.6,108.81,108.83
2025-02-22 02:00:00,58.6,58.6,107.94,107.96
2025-02-22 03:00:00,58.6,58.6,107.62,107.66
2025-02-22 04:00:00,58.6,58.6,107.46,107.5
2025-02-22 05:00:00,58.6,58.6,107.33,107.35
2025-02-22 06:00:00,58.6,58.6,106.51,106.54
2025-02-22 07:00:00,58.6,58.6,104.46,104.5
2025-02-22 08:00:00,58.6,58.6,98.09,98.13
2025-02-22 09:00:00,58.6,58.6,62.76,62.8
2025-02-22 10:00:00,58.6,58.6,58.6,58.6
2025-02-22 11:00:00,58.6,58.6,58.6,58.6
2025-02-22 12:00:00,58.6,58.6,58.6,58.6
2025-02-22 13:00:00,58.6,58.6,58.6,58.6
2025-02-22 14:00:00,58.6,58.6,83.07,83.11
2025-02-22 15:00:00,58.6,58.6,101.81,101.85
2025-02-22 16:00:00,58.6,58.6,106.38,106.42
2025-02-22 17:00:00,58.6,58.6,108.75,108.77
2025-02-22 18:00:00,58.6,58.6,113.95,113.97
2025-02-22 19:00:00,58.6,58.6,116.78,116.79
2025-02-22 20:00:00,58.6,58.6,116.28,116.29
2025-02-22 21:00:00,58.6,58.6,114.7,114.7
2025-02-22 22:00:00,58.6,58.6,112.77,112.78
2025-02-22 23:00:00,58.6,58.6,110.88,110.9
2025-02-23 00:00:00,58.6,58.6,110.92,110.94
2025-02-23 01:00:00,58.6,58.6,108.36,108.38
2025-02-23 02:00:00,58.6,58.6,107.75,107.79
2025-02-23 03:00:00,58.6,58.6,107.31,107.35
2025-02-23 04:00:00,58.6,58.6,107.28,107.32
2025-02-23 05:00:00,58.6,58.6,106.84,106.88
2025-02-23 06:00:00,58.6,58.6,103.26,103.3
2025-02-23 07:00:00,58.6,58.6,58.6,58.6
2025-02-23 08:00:00,58.6,58.6,58.6,58.6
2025-02-23 09:00:00,58.6,58.6,58.6,58.6
2025-02-23 10:00:00,58.6,58.6,58.6,58.6
2025-02-23 11:00:00,58.6,58.6,58.6,58.6
2025-02-23 12:00:00,58.6,58.6,58.6,58.6
2025-02-23 13:00:00,58.6,58.6,58.6,58.6
2025-02-23 14:00:00,58.6,58.6,58.6,58.6
2025-02-23 15:00:00,58.6,58.6,58.6,58.6
2025-02-23 16:00:00,58.6,58.6,89.18,89.22
2025-02-23 17:00:00,58.6,58.6,109.16,109.2
2025-02-23 18:00:00,58.6,58.6,112.61,112.63
2025-02-23 19:00:00,58.6,58.6,115.55,115.57
2025-02-23 20:00:00,58.6,58.6,116.83,116.85
2025-02-23 21:00:00,58.6,58.6,116.52,116.54
2025-02-23 22:00:00,58.6,58.6,114.59,114.61
2025-02-23 23:00:00,58.6,58.6,113.35,113.37
2025-02-24 00:00:00,58.6,58.6,111.79,111.81
2025-02-24 01:00:00,58.6,58.6,108.33,108.37
2025-02-24 02:00:00,58.6,58.6,108.13,108.17
2025-02-24 03:00:00,58.6,58.6,107.93,107.97
2025-02-24 04:00:00,58.6,58.6,108.0,108.04
2025-02-24 05:00:00,58.6,58.6,108.43,108.47
2025-02-24 06:00:00,58.6,58.6,109.64,109.67
2025-02-24 07:00:00,58.6,58.6,108.58,108.62
2025-02-24 08:00:00,58.6,58.6,108.4,108.44
2025-02-24 09:00:00,58.6,58.6,107.67,107.71
2025-02-24 10:00:00,58.6,58.6,106.76,107.37
2025-02-24 11:00:00,58.6,58.6,105.1,107.09
2025-02-24 12:00:00,58.6,58.6,102.54,104.33
2025-02-24 13:00:00,58.6,58.6,108.61,108.65
2025-02-24 14:00:00,58.6,58.6,111.34,111.38
2025-02-24 15:00:00,58.6,58.6,113.8,113.84
2025-02-24 16:00:00,58.6,58.6,118.44,118.48
2025-02-24 17:00:00,58.6,58.6,119.99,120.03
2025-02-24 18:00:00,58.6,58.6,123.79,123.81
2025-02-24 19:00:00,58.6,58.6,129.33,129.35
2025-02-24 20:00:00,58.6,58.6,130.75,130.77
2025-02-24 21:00:00,58.6,58.6,129.87,129.89
2025-02-24 22:00:00,58.6,58.6,125.36,125.38
2025-02-24 23:00:00,58.6,58.6,119.34,119.36
2025-02-25 00:00:00,58.6,58.6,115.41,115.44
2025-02-25 01:00:00,58.6,58.6,110.63,110.66
2025-02-25 02:00:00,58.6,58.6,108.57,108.61
2025-02-25 03:00:00,58.6,58.6,108.05,108.09
2025-02-25 04:00:00,58.6,58.6,108.02,108.06
2025-02-25 05:00:00,58.6,58.6,109.16,109.19
2025-02-25 06:00:00,58.6,58.6,109.96,109.99
2025-02-25 07:00:00,58.6,58.6,108.99,109.03
2025-02-25 08:00:00,58.6,58.6,108.32,108.36
2025-02-25 09:00:00,58.6,58.6,107.23,107.27
2025-02-25 10:00:00,58.6,58.6,106.83,106.87
2025-02-25 11:00:00,58.6,58.6,106.03,106.31
2025-02-25 12:00:00,58.6,58.6,104.47,104.66
2025-02-25 13:00:00,58.6,58.6,108.25,108.29
2025-02-25 14:00:00,58.6,58.6,111.16,111.2
2025-02-25 15:00:00,58.6,58.6,113.52,113.56
2025-02-25 16:00:00,58.6,58.6,119.07,119.11
2025-02-25 17:00:00,58.6,58.6,121.04,121.08
2025-02-25 18:00:00,58.6,58.6,124.22,124.26
2025-02-25 19:00:00,58.6,58.6,249.81,249.85
2025-02-25 20:00:00,58.6,58.6,254.93,254.97
2025-02-25 21:00:00,58.6,58.6,236.3,236.34
2025-02-25 22:00:00,58.6,58.6,125.79,125.83
2025-02-25 23:00:00,58.6,58.6,118.6,118.62
2025-02-26 00:00:00,59.06,59.03,114.99,115.01
2025-02-26 01:00:00,58.6,58.6,109.48,109.5
2025-02-26 02:00:00,58.6,58.6,108.14,108.17
2025-02-26 03:00:00,58.6,58.6,107.75,107.79
2025-02-26 04:00:00,58.6,58.6,107.79,107.83
2025-02-26 05:00:00,58.6,58.6,108.5,108.52
2025-02-26 06:00:00,58.6,58.6,109.54,109.56
2025-02-26 07:00:00,58.6,58.6,109.06,109.09
2025-02-26 08:00:00,58.6,58.6,108.71,108.75
2025-02-26 09:00:00,58.6,58.6,107.67,107.71
2025-02-26 10:00:00,58.6,58.6,107.54,107.58
2025-02-26 11:00:00,58.6,58.6,107.3,107.34
2025-02-26 12:00:00,58.6,58.6,106.66,106.7
2025-02-26 13:00:00,58.6,58.6,109.53,109.57
2025-02-26 14:00:00,58.6,58.6,113.3,113.34
2025-02-26 15:00:00,58.6,58.6,116.69,116.73
2025-02-26 16:00:00,58.6,58.6,119.77,119.81
2025-02-26 17:00:00,58.6,58.6,121.65,121.68
2025-02-26 18:00:00,58.6,58.6,124.21,124.23
2025-02-26 19:00:00,58.6,58.6,158.15,158.17
2025-02-26 20:00:00,58.6,58.6,143.51,143.53
2025-02-26 21:00:00,58.6,58.6,138.08,138.1
2025-02-26 22:00:00,58.6,58.6,126.38,126.41
2025-02-26 23:00:00,58.6,58.6,121.28,121.3
2025-02-27 00:00:00,58.6,58.6,112.97,112.99
2025-02-27 01:00:00,58.6,58.6,108.48,108.5
2025-02-27 02:00:00,58.6,58.6,108.3,108.33
2025-02-27 03:00:00,58.6,58.6,107.89,107.93
2025-02-27 04:00:00,58.6,58.6,107.85,107.89
2025-02-27 05:00:00,58.6,58.6,107.87,107.89
2025-02-27 06:00:00,58.6,58.6,108.02,108.04
2025-02-27 07:00:00,58.6,58.6,107.92,107.96
2025-02-27 08:00:00,58.6,58.6,107.88,107.92
2025-02-27 09:00:00,58.6,58.6,107.69,107.73
2025-02-27 10:00:00,58.6,58.6,107.23,107.4
2025-02-27 11:00:00,58.6,58.6,107.46,107.5
2025-02-27 12:00:00,58.6,58.6,106.62,107.12
2025-02-27 13:00:00,58.6,58.6,108.46,108.5
2025-02-27 14:00:00,58.6,58.6,111.59,111.63
2025-02-27 15:00:00,58.6,58.6,115.49,115.53
2025-02-27 16:00:00,58.6,58.6,118.05,118.09
2025-02-27 17:00:00,58.6,58.6,119.55,119.59
2025-02-27 18:00:00,58.6,58.6,121.16,121.18
2025-02-27 19:00:00,58.6,58.6,152.66,152.68
2025-02-27 20:00:00,58.6,58.6,143.91,143.93
2025-02-27 21:00:00,58.6,58.6,140.4,140.42
2025-02-27 22:00:00,58.6,58.6,127.76,127.8
2025-02-27 23:00:00,58.6,58.6,119.33,119.35
2025-02-28 00:00:00,58.6,58.6,110.65,110.67
2025-02-28 01:00:00,58.6,58.6,107.73,107.75
2025-02-28 02:00:00,58.6,58.6,107.54,107.58
2025-02-28 03:00:00,58.6,58.6,107.16,107.2
2025-02-28 04:00:00,58.6,58.6,107.21,107.25
2025-02-28 05:00:00,58.6,58.6,107.66,107.7
2025-02-28 06:00:00,58.6,58.6,107.82,107.85
2025-02-28 07:00:00,58.6,58.6,107.61,107.65
2025-02-28 08:00:00,58.6,58.6,107.58,107.62
2025-02-28 09:00:00,58.6,58.6,106.75,107.23
2025-02-28 10:00:00,58.6,58.6,104.73,107.14
2025-02-28 11:00:00,58.6,58.6,103.69,107.2
2025-02-28 12:00:00,58.6,58.6,102.99,106.15
2025-02-28 13:00:00,58.6,58.6,107.34,107.53
2025-02-28 14:00:00,58.6,58.6,109.04,109.08
2025-02-28 15:00:00,58.6,58.6,111.05,111.09
2025-02-28 16:00:00,58.6,58.6,112.96,113.0
2025-02-28 17:00:00,58.6,58.6,115.13,115.16
2025-02-28 18:00:00,58.6,58.6,117.59,117.61
2025-02-28 19:00:00,58.6,58.6,131.13,131.15
2025-02-28 20:00:00,58.6,58.6,130.58,130.6
2025-02-28 21:00:00,58.6,58.6,129.08,129.1
2025-02-28 22:00:00,58.6,58.6,118.99,119.01
2025-02-28 23:00:00,58.6,58.6,111.94,111.97
2025-03-01 00:00:00,58.6,58.6,324.36,324.4
2025-03-01 01:00:00,58.6,58.6,316.5,316.52
2025-03-01 02:00:00,58.6,58.6,315.68,315.72
2025-03-01 03:00:00,58.6,58.6,312.9,312.94
2025-03-01 04:00:00,58.6,58.6,311.58,311.62
2025-03-01 05:00:00,58.6,58.6,310.83,310.87
2025-03-01 06:00:00,58.6,58.6,309.74,309.78
2025-03-01 07:00:00,58.6,58.6,305.3,305.34
2025-03-01 08:00:00,58.6,58.6,293.55,293.59
2025-03-01 09:00:00,58.6,58.6,242.14,246.71
2025-03-01 10:00:00,58.6,58.6,140.52,140.56
2025-03-01 11:00:00,58.6,58.6,58.6,101.19
2025-03-01 12:00:00,58.6,58.6,58.6,58.6
2025-03-01 13:00:00,58.6,58.6,102.95,213.91
2025-03-01 14:00:00,58.6,58.6,253.64,261.84
2025-03-01 15:00:00,58.6,58.6,297.82,298.06
2025-03-01 16:00:00,58.6,58.6,306.11,306.15
2025-03-01 17:00:00,58.6,58.6,315.08,315.11
2025-03-01 18:00:00,58.6,58.6,323.71,323.73
2025-03-01 19:00:00,58.6,58.6,327.21,327.23
2025-03-01 20:00:00,58.6,58.6,327.2,327.22
2025-03-01 21:00:00,58.6,58.6,325.6,325.62
2025-03-01 22:00:00,58.6,58.6,321.99,322.01
2025-03-01 23:00:00,58.6,58.6,320.7,320.73
2025-03-02 00:00:00,58.6,58.6,323.47,323.5
2025-03-02 01:00:00,58.6,58.6,316.78,316.8
2025-03-02 02:00:00,58.6,58.6,314.74,314.78
2025-03-02 03:00:00,58.6,58.6,313.74,313.78
2025-03-02 04:00:00,58.6,58.6,313.16,313.2
2025-03-02 05:00:00,58.6,58.6,312.92,312.96
2025-03-02 06:00:00,58.6,58.6,309.01,309.05
2025-03-02 07:00:00,58.6,58.6,241.48,241.52
2025-03-02 08:00:00,58.6,58.6,58.6,58.6
2025-03-02 09:00:00,58.6,58.6,58.6,58.6
2025-03-02 10:00:00,58.6,58.6,58.6,58.6
2025-03-02 11:00:00,58.6,58.6,58.6,58.6
2025-03-02 12:00:00,58.6,58.6,58.6,58.6
2025-03-02 13:00:00,58.6,58.6,58.6,58.6
2025-03-02 14:00:00,58.6,58.6,58.6,58.6
2025-03-02 15:00:00,58.6,58.6,111.86,111.9
2025-03-02 16:00:00,58.6,58.6,302.86,302.9
2025-03-02 17:00:00,58.6,58.6,317.06,317.1
2025-03-02 18:00:00,58.6,58.6,326.32,326.34
2025-03-02 19:00:00,58.6,58.6,337.5,337.52
2025-03-02 20:00:00,58.6,58.6,339.14,339.18
2025-03-02 21:00:00,58.6,58.6,338.59,338.63
2025-03-02 22:00:00,58.6,58.6,336.8,336.84
2025-03-02 23:00:00,58.6,58.6,330.71,330.75
2025-03-03 00:00:00,58.6,58.6,316.82,316.86
2025-03-03 01:00:00,58.6,58.6,312.22,312.26
2025-03-03 02:00:00,58.6,58.6,311.69,311.73
2025-03-03 03:00:00,58.6,58.6,311.25,311.29
2025-03-03 04:00:00,58.6,58.6,311.17,311.21
2025-03-03 05:00:00,58.6,58.6,311.45,311.49
2025-03-03 06:00:00,58.6,58.6,311.29,311.33
2025-03-03 07:00:00,58.6,58.6,309.56,309.6
2025-03-03 08:00:00,58.6,58.6,278.65,308.37
2025-03-03 09:00:00,58.6,58.6,63.2,309.62
2025-03-03 10:00:00,58.6,58.6,58.6,309.12
2025-03-03 11:00:00,58.6,58.6,58.6,308.96
2025-03-03 12:00:00,58.6,58.6,58.6,292.64
2025-03-03 13:00:00,58.6,58.6,262.5,311.04
2025-03-03 14:00:00,58.6,58.6,304.09,311.16
2025-03-03 15:00:00,58.6,58.6,312.75,312.79
2025-03-03 16:00:00,58.6,58.6,320.68,320.72
2025-03-03 17:00:00,58.6,58.6,327.92,327.96
2025-03-03 18:00:00,58.6,58.6,334.2,334.24
2025-03-03 19:00:00,58.6,58.6,348.02,348.05
2025-03-03 20:00:00,58.6,58.6,347.94,347.96
2025-03-03 21:00:00,58.6,58.6,347.76,347.8
2025-03-03 22:00:00,58.6,58.6,341.06,341.1
2025-03-03 23:00:00,58.6,58.6,330.68,330.72
2025-03-04 00:00:00,58.6,58.6,327.6,327.64
2025-03-04 01:00:00,58.6,58.6,320.38,320.42
2025-03-04 02:00:00,58.6,58.6,316.54,316.58
2025-03-04 03:00:00,58.6,58.6,313.24,313.28
2025-03-04 04:00:00,58.6,58.6,312.61,312.65
2025-03-04 05:00:00,58.6,58.6,313.0,313.04
2025-03-04 06:00:00,58.6,58.6,311.72,311.76
2025-03-04 07:00:00,58.6,58.6,307.41,307.45
2025-03-04 08:00:00,58.6,58.6,281.13,300.82
2025-03-04 09:00:00,58.6,58.6,58.6,302.32
2025-03-04 10:00:00,58.6,58.6,58.6,306.98
2025-03-04 11:00:00,58.6,58.6,58.6,305.9
2025-03-04 12:00:00,58.6,58.6,58.6,289.8
2025-03-04 13:00:00,58.6,58.6,119.72,306.81
2025-03-04 14:00:00,58.6,58.6,288.67,308.28
2025-03-04 15:00:00,58.6,58.6,310.21,310.25
2025-03-04 16:00:00,58.6,58.6,317.83,317.87
2025-03-04 17:00:00,58.6,58.6,327.09,327.13
2025-03-04 18:00:00,58.6,58.6,335.62,335.64
2025-03-04 19:00:00,58.6,58.6,345.21,345.23
2025-03-04 20:00:00,58.6,58.6,342.95,342.97
2025-03-04 21:00:00,58.6,58.6,341.93,341.95
2025-03-04 22:00:00,58.6,58.6,340.24,340.27
2025-03-04 23:00:00,58.6,58.6,332.88,332.92
2025-03-05 00:00:00,58.6,58.6,324.26,324.3
2025-03-05 01:00:00,58.6,58.6,317.86,317.9
2025-03-05 02:00:00,58.6,58.6,313.41,313.45
2025-03-05 03:00:00,58.6,58.6,312.05,312.09
2025-03-05 04:00:00,58.6,58.6,311.92,311.96
2025-03-05 05:00:00,58.6,58.6,313.43,313.47
2025-03-05 06:00:00,58.6,58.6,314.21,314.25
2025-03-05 07:00:00,58.6,58.6,312.69,312.73
2025-03-05 08:00:00,58.6,58.6,312.17,312.21
2025-03-05 09:00:00,58.6,58.6,310.59,310.63
2025-03-05 10:00:00,58.6,58.6,304.28,309.71
2025-03-05 11:00:00,58.6,58.6,298.55,309.11
2025-03-05 12:00:00,58.6,58.6,303.44,304.52
2025-03-05 13:00:00,58.6,58.6,311.32,311.36
2025-03-05 14:00:00,58.6,58.6,316.37,316.41
2025-03-05 15:00:00,58.6,58.6,324.84,324.88
2025-03-05 16:00:00,58.6,58.6,328.46,328.5
2025-03-05 17:00:00,58.6,58.6,332.1,332.13
2025-03-05 18:00:00,58.6,58.6,335.76,335.78
2025-03-05 19:00:00,58.6,58.6,344.07,344.09
2025-03-05 20:00:00,58.6,58.6,344.34,344.36
2025-03-05 21:00:00,58.6,58.6,342.67,342.69
2025-03-05 22:00:00,58.6,58.6,336.72,336.74
2025-03-05 23:00:00,58.6,58.6,332.0,332.03
2025-03-06 00:00:00,58.6,58.6,326.45,326.49
2025-03-06 01:00:00,58.6,58.6,320.86,320.89
2025-03-06 02:00:00,58.6,58.6,315.88,315.92
2025-03-06 03:00:00,58.6,58.6,314.1,314.14
2025-03-06 04:00:00,58.6,58.6,313.2,313.24
2025-03-06 05:00:00,58.6,58.6,316.39,316.43
2025-03-06 06:00:00,58.6,58.6,318.91,318.94
2025-03-06 07:00:00,58.6,58.6,315.13,315.17
2025-03-06 08:00:00,58.6,58.6,313.59,313.63
2025-03-06 09:00:00,58.6,58.6,311.01,311.05
2025-03-06 10:00:00,58.6,58.6,306.21,308.57
2025-03-06 11:00:00,58.6,58.6,305.85,308.52
2025-03-06 12:00:00,58.6,58.6,305.91,306.76
2025-03-06 13:00:00,58.6,58.6,311.23,311.27
2025-03-06 14:00:00,58.6,58.6,315.64,315.68
2025-03-06 15:00:00,58.6,58.6,322.82,322.86
2025-03-06 16:00:00,58.6,58.6,325.87,325.91
2025-03-06 17:00:00,58.6,58.6,330.14,330.17
2025-03-06 18:00:00,58.6,58.6,336.06,336.08
2025-03-06 19:00:00,58.6,58.6,348.51,348.53
2025-03-06 20:00:00,58.6,58.6,346.74,346.76
2025-03-06 21:00:00,58.6,58.6,343.29,343.31
2025-03-06 22:00:00,58.6,58.6,336.25,336.27
2025-03-06 23:00:00,58.6,58.6,332.08,332.1
2025-03-07 00:00:00,58.6,58.6,329.68,329.72
2025-03-07 01:00:00,58.6,58.6,319.48,319.5
2025-03-07 02:00:00,58.6,58.6,318.18,318.22
2025-03-07 03:00:00,58.6,58.6,315.6,315.64
2025-03-07 04:00:00,58.6,58.6,314.3,314.34
2025-03-07 05:00:00,58.6,58.6,318.65,318.69
2025-03-07 06:00:00,58.6,58.6,320.06,320.09
2025-03-07 07:00:00,58.6,58.6,317.17,317.21
2025-03-07 08:00:00,58.6,58.6,314.14,314.18
2025-03-07 09:00:00,58.6,58.6,311.58,311.62
2025-03-07 10:00:00,58.6,58.6,308.34,309.33
2025-03-07 11:00:00,58.6,58.6,305.42,309.17
2025-03-07 12:00:00,58.6,58.6,305.83,307.16
2025-03-07 13:00:00,58.6,58.6,313.39,313.43
2025-03-07 14:00:00,58.6,58.6,320.04,320.08
2025-03-07 15:00:00,58.6,58.6,325.97,326.01
2025-03-07 16:00:00,58.6,58.6,328.47,328.49
2025-03-07 17:00:00,58.6,58.6,331.55,331.57
2025-03-07 18:00:00,58.6,58.6,336.36,336.38
2025-03-07 19:00:00,58.6,58.6,345.83,345.85
2025-03-07 20:00:00,58.6,58.6,344.28,344.3
2025-03-07 21:00:00,58.6,58.6,342.99,343.01
2025-03-07 22:00:00,58.6,58.6,337.12,337.14
2025-03-07 23:00:00,58.6,58.6,333.92,333.94
2025-03-08 00:00:00,58.6,58.6,367.65,367.69
2025-03-08 01:00:00,58.6,58.6,361.88,361.92
2025-03-08 02:00:00,58.6,58.6,356.93,356.97
2025-03-08 03:00:00,58.6,58.6,354.54,354.58
2025-03-08 04:00:00,58.6,58.6,353.82,353.86
2025-03-08 05:00:00,58.6,58.6,354.11,354.15
2025-03-08 06:00:00,58.6,58.6,350.83,350.87
2025-03-08 07:00:00,58.6,58.6,343.94,343.98
2025-03-08 08:00:00,58.6,58.6,319.22,319.26
2025-03-08 09:00:00,58.6,58.6,58.6,338.28
2025-03-08 10:00:00,58.6,58.6,58.6,323.79
2025-03-08 11:00:00,58.6,58.6,58.6,306.97
2025-03-08 12:00:00,58.6,58.6,58.6,178.96
2025-03-08 13:00:00,58.6,58.6,58.6,335.52
2025-03-08 14:00:00,58.6,58.6,292.06,339.33
2025-03-08 15:00:00,58.6,58.6,334.69,341.0
2025-03-08 16:00:00,58.6,58.6,349.91,349.95
2025-03-08 17:00:00,58.6,58.6,362.02,362.06
2025-03-08 18:00:00,58.6,58.6,370.42,370.44
2025-03-08 19:00:00,58.6,58.6,375.76,375.78
2025-03-08 20:00:00,58.6,58.6,376.45,376.47
2025-03-08 21:00:00,58.6,58.6,376.11,376.13
2025-03-08 22:00:00,58.6,58.6,371.81,371.84
2025-03-08 23:00:00,58.6,58.6,367.98,368.0
2025-03-09 00:00:00,58.6,58.6,358.63,358.67
2025-03-09 01:00:00,58.6,58.6,351.16,351.19
2025-03-09 02:00:00,58.6,58.6,349.89,349.93
2025-03-09 03:00:00,58.6,58.6,348.43,348.47
2025-03-09 04:00:00,58.6,58.6,347.16,347.2
2025-03-09 05:00:00,58.6,58.6,344.1,344.14
2025-03-09 06:00:00,58.6,58.6,332.4,332.44
2025-03-09 07:00:00,58.6,58.6,152.35,152.39
2025-03-09 08:00:00,58.6,58.6,58.6,58.6
2025-03-09 09:00:00,58.6,58.6,58.6,58.6
2025-03-09 10:00:00,58.6,58.6,58.6,58.6
2025-03-09 11:00:00,58.6,58.6,58.6,58.6
2025-03-09 12:00:00,58.6,58.6,58.6,58.6
2025-03-09 13:00:00,58.6,58.6,58.6,58.6
2025-03-09 14:00:00,58.6,58.6,58.6,58.6
2025-03-09 15:00:00,58.6,58.6,58.6,58.6
2025-03-09 16:00:00,58.6,58.6,324.21,324.25
2025-03-09 17:00:00,58.6,58.6,350.7,350.74
2025-03-09 18:00:00,58.6,58.6,361.9,361.92
2025-03-09 19:00:00,58.6,58.6,371.37,371.4
2025-03-09 20:00:00,58.6,58.6,372.32,372.36
2025-03-09 21:00:00,58.6,58.6,372.47,372.51
2025-03-09 22:00:00,58.6,58.6,372.9,372.94
2025-03-09 23:00:00,58.6,58.6,368.25,368.29
2025-03-10 00:00:00,58.6,58.6,357.87,357.91
2025-03-10 01:00:00,58.6,58.6,351.74,351.78
2025-03-10 02:00:00,58.6,58.6,349.77,349.81
2025-03-10 03:00:00,58.6,58.6,349.59,349.63
2025-03-10 04:00:00,58.6,58.6,349.5,349.54
2025-03-10 05:00:00,58.6,58.6,353.35,353.39
2025-03-10 06:00:00,58.6,58.6,355.65,355.69
2025-03-10 07:00:00,58.6,58.6,355.45,355.49
2025-03-10 08:00:00,58.6,58.6,353.22,353.26
2025-03-10 09:00:00,58.6,58.6,346.65,349.09
2025-03-10 10:00:00,58.6,58.6,339.43,348.63
2025-03-10 11:00:00,58.6,58.6,334.13,348.58
2025-03-10 12:00:00,58.6,58.6,330.48,348.08
2025-03-10 13:00:00,58.6,58.6,349.07,349.62
2025-03-10 14:00:00,58.6,58.6,358.21,358.25
2025-03-10 15:00:00,58.6,58.6,364.2,364.24
2025-03-10 16:00:00,58.6,58.6,369.7,369.74
2025-03-10 17:00:00,58.6,58.6,372.53,372.57
2025-03-10 18:00:00,58.6,58.6,380.39,380.43
2025-03-10 19:00:00,58.6,58.6,383.99,384.01
2025-03-10 20:00:00,58.6,58.6,383.92,383.94
2025-03-10 21:00:00,58.6,58.6,383.85,383.88
2025-03-10 22:00:00,58.6,58.6,379.09,379.13
2025-03-10 23:00:00,58.6,58.6,369.99,370.03
2025-03-11 00:00:00,58.6,58.6,369.62,369.64
2025-03-11 01:00:00,58.6,58.6,362.97,363.0
2025-03-11 02:00:00,58.6,58.6,359.72,359.75
2025-03-11 03:00:00,58.6,58.6,357.67,357.7
2025-03-11 04:00:00,58.6,58.6,356.57,356.61
2025-03-11 05:00:00,58.6,58.6,359.25,359.29
2025-03-11 06:00:00,58.6,58.6,361.9,361.94
2025-03-11 07:00:00,58.6,58.6,359.66,359.7
2025-03-11 08:00:00,58.6,58.6,357.9,357.94
2025-03-11 09:00:00,58.6,58.6,352.47,352.51
2025-03-11 10:00:00,58.6,58.6,350.89,350.93
2025-03-11 11:00:00,58.6,58.6,350.44,350.48
2025-03-11 12:00:00,58.6,58.6,347.98,348.02
2025-03-11 13:00:00,58.6,58.6,356.3,356.34
2025-03-11 14:00:00,58.6,58.6,363.79,363.83
2025-03-11 15:00:00,58.6,58.6,369.44,369.48
2025-03-11 16:00:00,58.6,58.6,374.0,374.04
2025-03-11 17:00:00,58.6,58.6,377.09,377.13
2025-03-11 18:00:00,58.6,58.6,380.57,380.59
2025-03-11 19:00:00,58.6,58.6,383.37,383.39
2025-03-11 20:00:00,58.6,58.6,383.28,383.29
2025-03-11 21:00:00,58.6,58.6,383.19,383.2
2025-03-11 22:00:00,58.6,58.6,381.58,381.6
2025-03-11 23:00:00,58.6,58.6,372.92,372.94
2025-03-12 00:00:00,58.6,58.6,367.24,367.26
2025-03-12 01:00:00,58.6,58.6,360.44,360.46
2025-03-12 02:00:00,58.6,58.6,356.35,356.37
2025-03-12 03:00:00,58.6,58.6,355.25,355.27
2025-03-12 04:00:00,58.6,58.6,354.59,354.61
2025-03-12 05:00:00,58.6,58.6,357.32,357.34
2025-03-12 06:00:00,58.6,58.6,361.49,361.52
2025-03-12 07:00:00,58.6,58.6,359.24,359.28
2025-03-12 08:00:00,58.6,58.6,357.74,357.78
2025-03-12 09:00:00,58.6,58.6,353.32,353.36
2025-03-12 10:00:00,58.6,58.6,351.19,351.23
2025-03-12 11:00:00,58.6,58.6,349.02,349.06
2025-03-12 12:00:00,58.6,58.6,346.46,346.5
2025-03-12 13:00:00,58.6,58.6,354.45,354.49
2025-03-12 14:00:00,58.6,58.6,362.35,362.39
2025-03-12 15:00:00,58.6,58.6,368.56,368.6
2025-03-12 16:00:00,58.6,58.6,372.93,372.97
2025-03-12 17:00:00,58.6,58.6,375.62,375.66
2025-03-12 18:00:00,58.6,58.6,380.05,380.08
2025-03-12 19:00:00,58.6,58.6,381.64,381.66
2025-03-12 20:00:00,58.6,58.6,381.56,381.58
2025-03-12 21:00:00,58.6,58.6,381.5,381.52
2025-03-12 22:00:00,58.6,58.6,379.85,379.87
2025-03-12 23:00:00,58.6,58.6,372.7,372.71
2025-03-13 00:00:00,58.6,58.6,360.79,360.83
2025-03-13 01:00:00,58.6,58.6,354.88,354.92
2025-03-13 02:00:00,58.6,58.6,350.0,350.04
2025-03-13 03:00:00,58.6,58.6,349.59,349.63
2025-03-13 04:00:00,58.6,58.6,349.46,349.5
2025-03-13 05:00:00,58.6,58.6,354.35,354.38
2025-03-13 06:00:00,58.6,58.6,356.76,356.79
2025-03-13 07:00:00,58.6,58.6,355.19,355.23
2025-03-13 08:00:00,58.6,58.6,353.34,353.38
2025-03-13 09:00:00,58.6,58.6,349.19,349.23
2025-03-13 10:00:00,58.6,58.6,347.7,347.74
2025-03-13 11:00:00,58.6,58.6,344.81,344.85
2025-03-13 12:00:00,58.6,58.6,341.84,341.88
2025-03-13 13:00:00,58.6,58.6,350.45,350.49
2025-03-13 14:00:00,58.6,58.6,357.72,357.76
2025-03-13 15:00:00,58.6,58.6,364.31,364.35
2025-03-13 16:00:00,58.6,58.6,371.17,371.2
2025-03-13 17:00:00,58.6,58.6,372.32,372.35
2025-03-13 18:00:00,58.6,58.6,374.94,374.96
2025-03-13 19:00:00,58.6,58.6,377.99,378.01
2025-03-13 20:00:00,58.6,58.6,377.66,377.68
2025-03-13 21:00:00,58.6,58.6,376.96,376.98
2025-03-13 22:00:00,58.6,58.6,375.54,375.58
2025-03-13 23:00:00,58.6,58.6,370.69,370.71
2025-03-14 00:00:00,58.6,58.6,362.79,362.82
2025-03-14 01:00:00,58.6,58.6,356.25,356.28
2025-03-14 02:00:00,58.6,58.6,352.03,352.07
2025-03-14 03:00:00,58.6,58.6,351.03,351.07
2025-03-14 04:00:00,58.6,58.6,350.72,350.76
2025-03-14 05:00:00,58.6,58.6,353.61,353.65
2025-03-14 06:00:00,58.6,58.6,356.14,356.17
2025-03-14 07:00:00,58.6,58.6,354.01,354.05
2025-03-14 08:00:00,58.6,58.6,352.94,352.98
2025-03-14 09:00:00,58.6,58.6,349.37,349.41
2025-03-14 10:00:00,58.6,58.6,347.0,347.04
2025-03-14 11:00:00,58.6,58.6,344.32,344.36
2025-03-14 12:00:00,58.6,58.6,339.98,340.02
2025-03-14 13:00:00,58.6,58.6,348.79,348.83
2025-03-14 14:00:00,58.6,58.6,357.79,357.82
2025-03-14 15:00:00,58.6,58.6,364.62,364.65
2025-03-14 16:00:00,58.6,58.6,368.37,368.39
2025-03-14 17:00:00,58.6,58.6,370.48,370.5
2025-03-14 18:00:00,64.19,64.15,374.12,374.14
2025-03-14 19:00:00,58.6,58.6,375.88,375.9
2025-03-14 20:00:00,58.6,58.6,375.71,375.73
2025-03-14 21:00:00,58.6,58.6,375.35,375.37
2025-03-14 22:00:00,58.6,58.6,371.49,371.51
2025-03-14 23:00:00,58.6,58.6,365.88,365.89
2025-03-15 00:00:00,58.6,58.6,406.46,406.5
2025-03-15 01:00:00,58.6,58.6,400.66,400.7
2025-03-15 02:00:00,58.6,58.6,399.52,399.56
2025-03-15 03:00:00,58.6,58.6,398.22,398.26
2025-03-15 04:00:00,58.6,58.6,397.54,397.58
2025-03-15 05:00:00,58.6,58.6,395.6,395.64
2025-03-15 06:00:00,58.6,58.6,392.49,392.53
2025-03-15 07:00:00,58.6,58.6,386.28,386.32
2025-03-15 08:00:00,58.6,58.6,345.65,345.69
2025-03-15 09:00:00,58.6,58.6,239.88,239.92
2025-03-15 10:00:00,58.6,58.6,58.6,58.6
2025-03-15 11:00:00,58.6,58.6,58.6,58.6
2025-03-15 12:00:00,58.6,58.6,58.6,58.6
2025-03-15 13:00:00,58.6,58.6,153.25,153.29
2025-03-15 14:00:00,58.6,58.6,340.05,340.09
2025-03-15 15:00:00,58.6,58.6,381.65,381.69
2025-03-15 16:00:00,58.6,58.6,392.96,393.0
2025-03-15 17:00:00,58.6,58.6,401.94,401.96
2025-03-15 18:00:00,58.6,58.6,412.44,412.45
2025-03-15 19:00:00,58.6,58.6,415.1,415.12
2025-03-15 20:00:00,58.6,58.6,413.87,413.89
2025-03-15 21:00:00,58.6,58.6,410.32,410.34
2025-03-15 22:00:00,58.6,58.6,406.43,406.45
2025-03-15 23:00:00,58.6,58.6,403.99,404.01
2025-03-16 00:00:00,58.6,58.6,400.41,400.45
2025-03-16 01:00:00,58.6,58.6,398.72,398.76
2025-03-16 02:00:00,58.6,58.6,397.08,397.12
2025-03-16 03:00:00,58.6,58.6,396.06,396.1
2025-03-16 04:00:00,58.6,58.6,393.98,394.02
2025-03-16 05:00:00,58.6,58.6,391.31,391.35
2025-03-16 06:00:00,58.6,58.6,373.03,373.07
2025-03-16 07:00:00,58.6,58.6,158.53,158.57
2025-03-16 08:00:00,58.6,58.6,58.6,58.6
2025-03-16 09:00:00,58.6,58.6,58.6,58.6
2025-03-16 10:00:00,58.6,58.6,58.6,58.6
2025-03-16 11:00:00,58.6,58.6,58.6,58.6
2025-03-16 12:00:00,58.6,58.6,58.6,58.6
2025-03-16 13:00:00,58.6,58.6,58.6,58.6
2025-03-16 14:00:00,58.6,58.6,58.6,58.6
2025-03-16 15:00:00,58.6,58.6,58.6,58.6
2025-03-16 16:00:00,58.6,58.6,369.55,369.59
2025-03-16 17:00:00,58.6,58.6,397.57,397.61
2025-03-16 18:00:00,58.6,58.6,406.32,406.34
2025-03-16 19:00:00,58.6,58.6,415.12,415.14
2025-03-16 20:00:00,58.6,58.6,417.92,417.95
2025-03-16 21:00:00,58.6,58.6,417.45,417.49
2025-03-16 22:00:00,58.6,58.6,412.73,412.77
2025-03-16 23:00:00,58.6,58.6,407.62,407.66
2025-03-17 00:00:00,58.6,58.6,401.76,401.8
2025-03-17 01:00:00,58.6,58.6,399.27,399.31
2025-03-17 02:00:00,58.6,58.6,398.52,398.56
2025-03-17 03:00:00,58.6,58.6,397.23,397.27
2025-03-17 04:00:00,58.6,58.6,397.65,397.69
2025-03-17 05:00:00,58.6,58.6,399.51,399.55
2025-03-17 06:00:00,58.6,58.6,400.79,400.83
2025-03-17 07:00:00,58.6,58.6,400.57,400.61
2025-03-17 08:00:00,58.6,58.6,400.26,400.3
2025-03-17 09:00:00,58.6,58.6,398.76,398.8
2025-03-17 10:00:00,58.6,58.6,397.34,397.38
2025-03-17 11:00:00,58.6,58.6,397.19,397.23
2025-03-17 12:00:00,58.6,58.6,395.91,395.95
2025-03-17 13:00:00,58.6,58.6,399.79,399.83
2025-03-17 14:00:00,58.6,58.6,404.99,405.03
2025-03-17 15:00:00,58.6,58.6,411.85,411.89
2025-03-17 16:00:00,58.6,58.6,420.04,420.08
2025-03-17 17:00:00,58.6,58.6,421.94,421.98
2025-03-17 18:00:00,58.6,58.6,431.91,431.95
2025-03-17 19:00:00,58.6,58.6,436.65,436.67
2025-03-17 20:00:00,58.6,58.6,434.9,434.92
2025-03-17 21:00:00,58.6,58.6,433.55,433.57
2025-03-17 22:00:00,58.6,58.6,432.65,432.68
2025-03-17 23:00:00,58.6,58.6,419.53,419.57
2025-03-18 00:00:00,58.6,58.6,406.03,406.07
2025-03-18 01:00:00,58.6,58.6,401.43,401.47
2025-03-18 02:00:00,58.6,58.6,399.03,399.07
2025-03-18 03:00:00,58.6,58.6,398.61,398.65
2025-03-18 04:00:00,58.6,58.6,398.45,398.49
2025-03-18 05:00:00,58.6,58.6,399.64,399.68
2025-03-18 06:00:00,58.6,58.6,403.23,403.27
2025-03-18 07:00:00,58.6,58.6,401.6,401.64
2025-03-18 08:00:00,58.6,58.6,400.49,400.53
2025-03-18 09:00:00,58.6,58.6,398.3,398.34
2025-03-18 10:00:00,58.6,58.6,397.56,397.6
2025-03-18 11:00:00,58.6,58.6,396.24,396.28
2025-03-18 12:00:00,58.6,58.6,394.99,395.03
2025-03-18 13:00:00,58.6,58.6,399.49,399.53
2025-03-18 14:00:00,58.6,58.6,405.87,405.91
2025-03-18 15:00:00,58.6,58.6,412.99,413.03
2025-03-18 16:00:00,58.6,58.6,420.63,420.67
2025-03-18 17:00:00,58.6,58.6,421.72,421.76
2025-03-18 18:00:00,58.6,58.6,437.49,437.53
2025-03-18 19:00:00,58.6,58.6,458.08,458.1
2025-03-18 20:00:00,58.6,58.6,459.08,459.1
2025-03-18 21:00:00,58.6,58.6,455.76,455.8
2025-03-18 22:00:00,58.6,58.6,426.85,426.89
2025-03-18 23:00:00,58.6,58.6,416.19,416.23
2025-03-19 00:00:00,58.6,58.6,405.07,405.11
2025-03-19 01:00:00,58.6,58.6,399.94,399.98
2025-03-19 02:00:00,58.6,58.6,397.61,397.65
2025-03-19 03:00:00,58.6,58.6,396.67,396.71
2025-03-19 04:00:00,58.6,58.6,396.46,396.5
2025-03-19 05:00:00,58.6,58.6,398.24,398.28
2025-03-19 06:00:00,58.6,58.6,400.72,400.76
2025-03-19 07:00:00,58.6,58.6,400.19,400.23
2025-03-19 08:00:00,58.6,58.6,399.36,399.4
2025-03-19 09:00:00,58.6,58.6,397.24,397.28
2025-03-19 10:00:00,58.6,58.6,396.02,396.06
2025-03-19 11:00:00,58.6,58.6,395.46,395.5
2025-03-19 12:00:00,58.6,58.6,393.98,394.02
2025-03-19 13:00:00,58.6,58.6,398.24,398.28
2025-03-19 14:00:00,58.6,58.6,405.14,405.18
2025-03-19 15:00:00,58.6,58.6,409.42,409.46
2025-03-19 16:00:00,58.6,58.6,413.91,413.95
2025-03-19 17:00:00,58.6,58.6,417.7,417.74
2025-03-19 18:00:00,67.19,67.15,423.73,423.75
2025-03-19 19:00:00,58.6,58.6,427.11,427.13
2025-03-19 20:00:00,58.6,58.6,426.28,426.31
2025-03-19 21:00:00,58.6,58.6,425.06,425.09
2025-03-19 22:00:00,58.6,58.6,421.52,421.56
2025-03-19 23:00:00,58.6,58.6,413.47,413.51
2025-03-20 00:00:00,58.6,58.6,402.22,402.26
2025-03-20 01:00:00,58.6,58.6,398.3,398.34
2025-03-20 02:00:00,58.6,58.6,395.47,395.51
2025-03-20 03:00:00,58.6,58.6,393.49,393.53
2025-03-20 04:00:00,58.6,58.6,393.84,393.88
2025-03-20 05:00:00,58.6,58.6,397.27,397.31
2025-03-20 06:00:00,58.6,58.6,399.79,399.83
2025-03-20 07:00:00,58.6,58.6,398.86,398.9
2025-03-20 08:00:00,58.6,58.6,397.69,397.73
2025-03-20 09:00:00,58.6,58.6,391.58,391.62
2025-03-20 10:00:00,58.6,58.6,389.46,389.5
2025-03-20 11:00:00,58.6,58.6,387.28,388.14
2025-03-20 12:00:00,58.6,58.6,383.49,386.05
2025-03-20 13:00:00,58.6,58.6,392.25,392.29
2025-03-20 14:00:00,58.6,58.6,399.28,399.32
2025-03-20 15:00:00,58.6,58.6,405.62,405.66
2025-03-20 16:00:00,58.6,58.6,408.37,408.41
2025-03-20 17:00:00,58.6,58.6,412.05,412.09
2025-03-20 18:00:00,58.6,58.6,418.5,418.54
2025-03-20 19:00:00,58.6,58.6,422.44,422.47
2025-03-20 20:00:00,58.6,58.6,421.49,421.53
2025-03-20 21:00:00,58.6,58.6,419.74,419.78
2025-03-20 22:00:00,58.6,58.6,416.39,416.43
2025-03-20 23:00:00,58.6,58.6,408.26,408.3
2025-03-21 00:00:00,201.29,201.25,401.68,401.72
2025-03-21 01:00:00,58.6,58.6,395.82,395.86
2025-03-21 02:00:00,58.6,58.6,392.99,393.03
2025-03-21 03:00:00,58.6,58.6,390.22,390.26
2025-03-21 04:00:00,58.6,58.6,388.75,388.79
2025-03-21 05:00:00,58.6,58.6,394.75,394.79
2025-03-21 06:00:00,58.6,58.6,396.3,396.34
2025-03-21 07:00:00,58.6,58.6,395.38,395.42
2025-03-21 08:00:00,58.6,58.6,393.08,393.12
2025-03-21 09:00:00,58.6,58.6,384.3,384.34
2025-03-21 10:00:00,58.6,58.6,373.44,382.47
2025-03-21 11:00:00,58.6,58.6,365.16,380.79
2025-03-21 12:00:00,58.6,58.6,366.39,366.43
2025-03-21 13:00:00,58.6,58.6,386.69,386.73
2025-03-21 14:00:00,58.6,58.6,396.75,396.79
2025-03-21 15:00:00,58.6,58.6,400.96,401.0
2025-03-21 16:00:00,58.6,58.6,403.13,403.17
2025-03-21 17:00:00,58.6,58.6,405.52,405.55
2025-03-21 18:00:00,58.6,58.6,409.49,409.51
2025-03-21 19:00:00,58.6,58.6,412.55,412.57
2025-03-21 20:00:00,58.6,58.6,410.73,410.76
2025-03-21 21:00:00,58.6,58.6,409.71,409.74
2025-03-21 22:00:00,58.6,58.6,407.52,407.56
2025-03-21 23:00:00,58.6,58.6,402.33,402.37
2025-03-22 00:00:00,58.6,58.6,360.76,360.8
2025-03-22 01:00:00,58.6,58.6,356.27,356.31
2025-03-22 02:00:00,58.6,58.6,354.71,354.75
2025-03-22 03:00:00,58.6,58.6,354.17,354.21
2025-03-22 04:00:00,58.6,58.6,353.85,353.89
2025-03-22 05:00:00,58.6,58.6,354.08,354.12
2025-03-22 06:00:00,58.6,58.6,353.21,353.25
2025-03-22 07:00:00,58.6,58.6,351.94,351.98
2025-03-22 08:00:00,58.6,58.6,322.93,322.97
2025-03-22 09:00:00,58.6,58.6,58.6,58.6
2025-03-22 10:00:00,58.6,58.6,58.6,58.6
2025-03-22 11:00:00,58.6,58.6,58.6,58.6
2025-03-22 12:00:00,58.6,58.6,58.6,58.6
2025-03-22 13:00:00,58.6,58.6,58.6,58.6
2025-03-22 14:00:00,58.6,58.6,150.61,150.65
2025-03-22 15:00:00,58.6,58.6,333.85,333.89
2025-03-22 16:00:00,58.6,58.6,353.0,353.04
2025-03-22 17:00:00,58.6,58.6,359.67,359.71
2025-03-22 18:00:00,58.6,58.6,372.6,372.64
2025-03-22 19:00:00,58.6,58.6,379.37,379.41
2025-03-22 20:00:00,58.6,58.6,373.39,373.43
2025-03-22 21:00:00,58.6,58.6,371.27,371.31
2025-03-22 22:00:00,58.6,58.6,366.23,366.27
2025-03-22 23:00:00,58.6,58.6,362.29,362.33
2025-03-23 00:00:00,58.6,58.6,375.33,375.37
2025-03-23 01:00:00,58.6,58.6,369.52,369.56
2025-03-23 02:00:00,58.6,58.6,366.45,366.49
2025-03-23 03:00:00,58.6,58.6,356.98,357.02
2025-03-23 04:00:00,58.6,58.6,349.59,349.63
2025-03-23 05:00:00,58.6,58.6,344.32,344.36
2025-03-23 06:00:00,58.6,58.6,310.64,310.68
2025-03-23 07:00:00,58.6,58.6,58.6,58.6
2025-03-23 08:00:00,58.6,58.6,58.6,58.6
2025-03-23 09:00:00,58.6,58.6,58.6,58.6
2025-03-23 10:00:00,58.6,58.6,58.6,58.6
2025-03-23 11:00:00,58.6,58.6,58.6,58.6
2025-03-23 12:00:00,58.6,58.6,58.6,58.6
2025-03-23 13:00:00,58.6,58.6,58.6,58.6
2025-03-23 14:00:00,58.6,58.6,58.6,58.6
2025-03-23 15:00:00,58.6,58.6,116.41,116.45
2025-03-23 16:00:00,58.6,58.6,325.21,325.25
2025-03-23 17:00:00,58.6,58.6,367.92,367.96
2025-03-23 18:00:00,58.6,58.6,387.11,387.15
2025-03-23 19:00:00,58.6,58.6,390.54,390.58
2025-03-23 20:00:00,58.6,58.6,392.26,392.3
2025-03-23 21:00:00,58.6,58.6,388.81,388.85
2025-03-23 22:00:00,58.6,58.6,386.47,386.51
2025-03-23 23:00:00,58.6,58.6,380.53,380.57
2025-03-24 00:00:00,102.5,102.46,382.68,382.72
2025-03-24 01:00:00,58.6,58.6,378.48,378.52
2025-03-24 02:00:00,58.6,58.6,377.71,377.75
2025-03-24 03:00:00,58.6,58.6,377.01,377.05
2025-03-24 04:00:00,58.6,58.6,377.0,377.04
2025-03-24 05:00:00,58.6,58.6,378.2,378.24
2025-03-24 06:00:00,58.6,58.6,383.39,383.43
2025-03-24 07:00:00,58.6,58.6,381.93,381.97
2025-03-24 08:00:00,58.6,58.6,381.45,381.49
2025-03-24 09:00:00,58.6,58.6,378.23,378.27
2025-03-24 10:00:00,58.6,58.6,375.99,378.06
2025-03-24 11:00:00,58.6,58.6,371.97,378.17
2025-03-24 12:00:00,58.6,58.6,374.84,376.49
2025-03-24 13:00:00,58.6,58.6,384.06,384.1
2025-03-24 14:00:00,58.6,58.6,390.34,390.38
2025-03-24 15:00:00,58.6,58.6,395.85,395.89
2025-03-24 16:00:00,58.6,58.6,402.41,402.45
2025-03-24 17:00:00,58.6,58.6,403.95,403.99
2025-03-24 18:00:00,58.6,58.6,410.68,410.72
2025-03-24 19:00:00,58.6,58.6,412.69,412.73
2025-03-24 20:00:00,58.6,58.6,412.61,412.65
2025-03-24 21:00:00,58.6,58.6,412.52,412.56
2025-03-24 22:00:00,58.6,58.6,405.42,405.46
2025-03-24 23:00:00,58.6,58.6,395.25,395.29
2025-03-25 00:00:00,58.6,58.6,389.12,389.16
2025-03-25 01:00:00,58.6,58.6,383.96,384.0
2025-03-25 02:00:00,58.6,58.6,380.16,380.2
2025-03-25 03:00:00,58.6,58.6,379.69,379.73
2025-03-25 04:00:00,58.6,58.6,379.6,379.64
2025-03-25 05:00:00,58.6,58.6,381.1,381.14
2025-03-25 06:00:00,58.6,58.6,387.73,387.77
2025-03-25 07:00:00,58.6,58.6,386.8,386.84
2025-03-25 08:00:00,58.6,58.6,386.16,386.2
2025-03-25 09:00:00,58.6,58.6,379.67,379.71
2025-03-25 10:00:00,58.6,58.6,379.28,379.32
2025-03-25 11:00:00,58.6,58.6,378.91,379.0
2025-03-25 12:00:00,58.6,58.6,375.55,375.59
2025-03-25 13:00:00,58.6,58.6,383.79,383.83
2025-03-25 14:00:00,58.6,58.6,391.12,391.16
2025-03-25 15:00:00,58.6,58.6,400.47,400.51
2025-03-25 16:00:00,58.6,58.6,407.02,407.06
2025-03-25 17:00:00,58.6,58.6,408.11,408.15
2025-03-25 18:00:00,58.6,58.6,410.69,410.73
2025-03-25 19:00:00,58.6,58.6,415.25,415.29
2025-03-25 20:00:00,58.6,58.6,413.17,413.21
2025-03-25 21:00:00,58.6,58.6,413.02,413.06
2025-03-25 22:00:00,58.6,58.6,408.31,408.35
2025-03-25 23:00:00,58.6,58.6,396.88,396.92
2025-03-26 00:00:00,58.6,58.6,385.58,385.62
2025-03-26 01:00:00,58.6,58.6,376.27,376.31
2025-03-26 02:00:00,58.6,58.6,374.25,374.29
2025-03-26 03:00:00,58.6,58.6,374.22,374.26
2025-03-26 04:00:00,58.6,58.6,373.49,373.53
2025-03-26 05:00:00,58.6,58.6,376.34,376.38
2025-03-26 06:00:00,58.6,58.6,377.8,377.84
2025-03-26 07:00:00,58.6,58.6,377.84,377.88
2025-03-26 08:00:00,58.6,58.6,378.33,378.37
2025-03-26 09:00:00,58.6,58.6,375.06,375.1
2025-03-26 10:00:00,58.6,58.6,373.92,373.96
2025-03-26 11:00:00,58.6,58.6,372.26,373.9
2025-03-26 12:00:00,58.6,58.6,370.16,370.2
2025-03-26 13:00:00,58.6,58.6,377.66,377.7
2025-03-26 14:00:00,58.6,58.6,386.07,386.11
2025-03-26 15:00:00,58.6,58.6,389.68,389.72
2025-03-26 16:00:00,58.6,58.6,395.61,395.65
2025-03-26 17:00:00,58.6,58.6,397.31,397.35
2025-03-26 18:00:00,58.6,58.6,405.91,405.95
2025-03-26 19:00:00,58.6,58.6,412.91,412.95
2025-03-26 20:00:00,58.6,58.6,409.18,409.22
2025-03-26 21:00:00,58.6,58.6,405.45,405.49
2025-03-26 22:00:00,58.6,58.6,399.18,399.22
2025-03-26 23:00:00,58.6,58.6,390.75,390.78
2025-03-27 00:00:00,58.6,58.6,384.68,384.72
2025-03-27 01:00:00,58.6,58.6,376.02,376.06
2025-03-27 02:00:00,58.6,58.6,373.28,373.32
2025-03-27 03:00:00,58.6,58.6,373.2,373.24
2025-03-27 04:00:00,58.6,58.6,372.35,372.39
2025-03-27 05:00:00,58.6,58.6,376.04,376.08
2025-03-27 06:00:00,58.6,58.6,380.13,380.17
2025-03-27 07:00:00,58.6,58.6,378.9,378.94
2025-03-27 08:00:00,58.6,58.6,378.87,378.91
2025-03-27 09:00:00,58.6,58.6,374.74,374.78
2025-03-27 10:00:00,58.6,58.6,370.41,374.5
2025-03-27 11:00:00,58.6,58.6,369.47,376.03
2025-03-27 12:00:00,58.6,58.6,369.61,370.63
2025-03-27 13:00:00,58.6,58.6,379.99,380.03
2025-03-27 14:00:00,58.6,58.6,388.12,388.16
2025-03-27 15:00:00,58.6,58.6,393.51,393.55
2025-03-27 16:00:00,58.6,58.6,397.13,397.17
2025-03-27 17:00:00,58.6,58.6,401.12,401.16
2025-03-27 18:00:00,58.6,58.6,408.72,408.76
2025-03-27 19:00:00,58.6,58.6,415.2,415.24
2025-03-27 20:00:00,58.6,58.6,408.19,408.23
2025-03-27 21:00:00,58.6,58.6,407.01,407.05
2025-03-27 22:00:00,58.6,58.6,405.53,405.57
2025-03-27 23:00:00,58.6,58.6,397.87,397.91
2025-03-28 00:00:00,58.6,58.6,387.01,387.05
2025-03-28 01:00:00,58.6,58.6,377.33,377.37
2025-03-28 02:00:00,58.6,58.6,374.36,374.4
2025-03-28 03:00:00,58.6,58.6,372.98,373.02
2025-03-28 04:00:00,58.6,58.6,372.93,372.97
2025-03-28 05:00:00,58.6,58.6,376.25,376.29
2025-03-28 06:00:00,58.6,58.6,379.22,379.26
2025-03-28 07:00:00,58.6,58.6,378.45,378.49
2025-03-28 08:00:00,58.6,58.6,377.05,377.09
2025-03-28 09:00:00,58.6,58.6,373.81,373.85
2025-03-28 10:00:00,58.6,58.6,371.09,371.93
2025-03-28 11:00:00,58.6,58.6,367.48,372.83
2025-03-28 12:00:00,58.6,58.6,367.09,368.63
2025-03-28 13:00:00,58.6,58.6,376.0,376.04
2025-03-28 14:00:00,58.6,58.6,385.62,385.66
2025-03-28 15:00:00,58.6,58.6,388.71,388.75
2025-03-28 16:00:00,58.6,58.6,391.94,391.98
2025-03-28 17:00:00,58.6,58.6,397.06,397.1
2025-03-28 18:00:00,58.6,58.6,403.84,403.88
2025-03-28 19:00:00,58.6,58.6,406.73,406.77
2025-03-28 20:00:00,58.6,58.6,402.44,402.47
2025-03-28 21:00:00,58.6,58.6,399.96,400.0
2025-03-28 22:00:00,58.6,58.6,399.56,399.6
2025-03-28 23:00:00,58.6,58.6,394.82,394.86
2025-03-29 00:00:00,126.63,126.62,270.58,270.59
2025-03-29 01:00:00,58.6,58.6,262.9,262.91
2025-03-29 02:00:00,58.6,58.6,261.6,261.61
2025-03-29 03:00:00,58.6,58.6,256.95,256.96
2025-03-29 04:00:00,58.6,58.6,249.93,249.94
2025-03-29 05:00:00,58.6,58.6,249.85,249.85
2025-03-29 06:00:00,58.6,58.6,242.16,242.17
2025-03-29 07:00:00,58.6,58.6,220.16,220.17
2025-03-29 08:00:00,58.6,58.6,128.57,128.58
2025-03-29 09:00:00,58.6,58.6,58.6,58.6
2025-03-29 10:00:00,58.6,58.6,58.6,58.6
2025-03-29 11:00:00,58.6,58.6,58.6,58.6
2025-03-29 12:00:00,58.6,58.6,58.6,58.6
2025-03-29 13:00:00,58.6,58.6,58.6,58.6
2025-03-29 14:00:00,58.6,58.6,88.33,128.37
2025-03-29 15:00:00,58.6,58.6,198.52,198.53
2025-03-29 16:00:00,58.6,58.6,254.22,254.23
2025-03-29 17:00:00,58.6,58.6,266.94,266.95
2025-03-29 18:00:00,58.6,58.6,275.7,275.71
2025-03-29 19:00:00,58.6,58.6,275.43,275.44
2025-03-29 20:00:00,58.6,58.6,273.64,273.65
2025-03-29 21:00:00,58.6,58.6,273.13,273.14
2025-03-29 22:00:00,58.6,58.6,270.82,270.83
2025-03-29 23:00:00,58.6,58.6,268.78,268.79
2025-03-30 00:00:00,58.6,58.6,267.87,267.88
2025-03-30 01:00:00,58.6,58.6,260.02,260.03
2025-03-30 02:00:00,58.6,58.6,255.9,255.91
2025-03-30 03:00:00,58.6,58.6,249.41,249.42
2025-03-30 04:00:00,58.6,58.6,240.45,240.46
2025-03-30 05:00:00,58.6,58.6,237.09,237.1
2025-03-30 06:00:00,58.6,58.6,209.26,209.26
2025-03-30 07:00:00,58.6,58.6,58.6,58.6
2025-03-30 08:00:00,58.6,58.6,58.6,58.6
2025-03-30 09:00:00,58.6,58.6,58.6,58.6
2025-03-30 10:00:00,58.6,58.6,58.6,58.6
2025-03-30 11:00:00,58.6,58.6,58.6,58.6
2025-03-30 12:00:00,58.6,58.6,58.6,58.6
2025-03-30 13:00:00,58.6,58.6,58.6,58.6
2025-03-30 14:00:00,58.6,58.6,58.6,58.6
2025-03-30 15:00:00,58.6,58.6,58.6,58.6
2025-03-30 16:00:00,58.6,58.6,216.69,216.7
2025-03-30 17:00:00,58.6,58.6,262.5,262.51
2025-03-30 18:00:00,58.6,58.6,273.38,273.39
2025-03-30 19:00:00,58.6,58.6,274.75,274.76
2025-03-30 20:00:00,58.6,58.6,274.75,274.76
2025-03-30 21:00:00,58.6,58.6,275.11,275.12
2025-03-30 22:00:00,58.6,58.6,273.48,273.49
2025-03-30 23:00:00,58.6,58.6,271.25,271.26
2025-03-31 00:00:00,58.6,58.6,277.53,277.54
2025-03-31 01:00:00,58.6,58.6,274.15,274.16
2025-03-31 02:00:00,58.6,58.6,272.35,272.36
2025-03-31 03:00:00,58.6,58.6,270.07,270.08
2025-03-31 04:00:00,58.6,58.6,269.84,269.85
2025-03-31 05:00:00,58.6,58.6,275.74,275.75
2025-03-31 06:00:00,58.6,58.6,278.5,278.5
2025-03-31 07:00:00,58.6,58.6,278.68,278.69
2025-03-31 08:00:00,58.6,58.6,277.84,278.71
2025-03-31 09:00:00,58.6,58.6,274.18,278.73
2025-03-31 10:00:00,58.6,58.6,272.53,278.75
2025-03-31 11:00:00,58.6,58.6,271.52,278.62
2025-03-31 12:00:00,58.6,58.6,271.21,276.76
2025-03-31 13:00:00,58.6,58.6,276.58,278.92
2025-03-31 14:00:00,58.6,58.6,282.96,282.97
2025-03-31 15:00:00,58.6,58.6,287.53,287.54
2025-03-31 16:00:00,58.6,58.6,292.36,292.37
2025-03-31 17:00:00,58.6,58.6,294.76,294.77
2025-03-31 18:00:00,58.6,58.6,298.25,298.26
2025-03-31 19:00:00,58.6,58.6,298.17,298.18
2025-03-31 20:00:00,58.6,58.6,298.1,298.1
2025-03-31 21:00:00,58.6,58.6,298.02,298.03
2025-03-31 22:00:00,58.6,58.6,292.07,292.08
2025-03-31 23:00:00,58.6,58.6,285.19,285.2
2025-04-01 00:00:00,58.6,58.6,278.44,278.45
2025-04-01 01:00:00,58.6,58.6,276.76,276.76
2025-04-01 02:00:00,58.6,58.6,275.04,275.05
2025-04-01 03:00:00,58.6,58.6,274.34,274.35
2025-04-01 04:00:00,58.6,58.6,274.16,274.17
2025-04-01 05:00:00,58.6,58.6,276.2,276.21
2025-04-01 06:00:00,58.6,58.6,277.55,277.56
2025-04-01 07:00:00,58.6,58.6,277.42,277.43
2025-04-01 08:00:00,58.6,58.6,276.7,277.36
2025-04-01 09:00:00,58.6,58.6,273.28,277.05
2025-04-01 10:00:00,58.6,58.6,272.31,277.17
2025-04-01 11:00:00,58.6,58.6,272.36,276.61
2025-04-01 12:00:00,58.6,58.6,271.98,274.21
2025-04-01 13:00:00,58.6,58.6,276.27,276.6
2025-04-01 14:00:00,58.6,58.6,279.56,279.57
2025-04-01 15:00:00,58.6,58.6,284.26,284.26
2025-04-01 16:00:00,58.6,58.6,288.86,288.87
2025-04-01 17:00:00,58.6,58.6,291.27,291.28
2025-04-01 18:00:00,58.6,58.6,295.75,295.76
2025-04-01 19:00:00,58.6,58.6,295.94,295.94
2025-04-01 20:00:00,58.6,58.6,295.68,295.69
2025-04-01 21:00:00,58.6,58.6,295.24,295.25
2025-04-01 22:00:00,58.6,58.6,289.93,289.94
2025-04-01 23:00:00,58.6,58.6,284.27,284.28
2025-04-02 00:00:00,58.6,58.6,278.46,278.47
2025-04-02 01:00:00,58.6,58.6,277.06,277.07
2025-04-02 02:00:00,58.6,58.6,275.4,275.41
2025-04-02 03:00:00,58.6,58.6,274.68,274.69
2025-04-02 04:00:00,58.6,58.6,274.69,274.7
2025-04-02 05:00:00,58.6,58.6,276.48,276.49
2025-04-02 06:00:00,58.6,58.6,277.97,277.98
2025-04-02 07:00:00,58.6,58.6,277.7,277.71
2025-04-02 08:00:00,58.6,58.6,277.48,277.49
2025-04-02 09:00:00,58.6,58.6,274.19,276.78
2025-04-02 10:00:00,58.6,58.6,272.0,277.12
2025-04-02 11:00:00,58.6,58.6,271.75,277.16
2025-04-02 12:00:00,58.6,58.6,266.4,275.95
2025-04-02 13:00:00,58.6,58.6,274.67,277.28
2025-04-02 14:00:00,58.6,58.6,279.61,279.62
2025-04-02 15:00:00,58.6,58.6,284.26,284.27
2025-04-02 16:00:00,58.6,58.6,286.87,286.88
2025-04-02 17:00:00,58.6,58.6,289.45,289.46
2025-04-02 18:00:00,58.6,58.6,295.23,295.24
2025-04-02 19:00:00,58.6,58.6,297.12,297.13
2025-04-02 20:00:00,58.6,58.6,296.96,296.96
2025-04-02 21:00:00,58.6,58.6,294.93,294.94
2025-04-02 22:00:00,58.6,58.6,291.75,291.76
2025-04-02 23:00:00,58.6,58.6,285.25,285.26
2025-04-03 00:00:00,58.6,58.6,277.69,277.7
2025-04-03 01:00:00,58.6,58.6,275.6,275.61
2025-04-03 02:00:00,58.6,58.6,274.42,274.43
2025-04-03 03:00:00,58.6,58.6,274.0,274.01
2025-04-03 04:00:00,58.6,58.6,273.91,273.92
2025-04-03 05:00:00,58.6,58.6,275.21,275.22
2025-04-03 06:00:00,58.6,58.6,276.11,276.12
2025-04-03 07:00:00,58.6,58.6,276.2,276.21
2025-04-03 08:00:00,58.6,58.6,276.0,276.1
2025-04-03 09:00:00,58.6,58.6,272.78,275.21
2025-04-03 10:00:00,58.6,58.6,270.32,275.02
2025-04-03 11:00:00,58.6,58.6,269.58,275.28
2025-04-03 12:00:00,58.6,58.6,268.3,273.19
2025-04-03 13:00:00,58.6,58.6,275.19,275.2
2025-04-03 14:00:00,58.6,58.6,278.0,278.01
2025-04-03 15:00:00,58.6,58.6,282.26,282.27
2025-04-03 16:00:00,58.6,58.6,284.22,284.23
2025-04-03 17:00:00,58.6,58.6,286.53,286.54
2025-04-03 18:00:00,58.6,58.6,290.86,290.86
2025-04-03 19:00:00,58.6,58.6,291.42,291.42
2025-04-03 20:00:00,58.6,58.6,289.62,289.63
2025-04-03 21:00:00,58.6,58.6,288.82,288.82
2025-04-03 22:00:00,58.6,58.6,286.16,286.17
2025-04-03 23:00:00,58.6,58.6,282.6,282.61
2025-04-04 00:00:00,58.6,58.6,278.52,278.53
2025-04-04 01:00:00,58.6,58.6,276.38,276.39
2025-04-04 02:00:00,58.6,58.6,274.58,274.59
2025-04-04 03:00:00,58.6,58.6,274.23,274.24
2025-04-04 04:00:00,58.6,58.6,273.71,273.72
2025-04-04 05:00:00,58.6,58.6,275.14,275.15
2025-04-04 06:00:00,58.6,58.6,276.7,276.71
2025-04-04 07:00:00,58.6,58.6,276.27,276.28
2025-04-04 08:00:00,58.6,58.6,274.95,274.96
2025-04-04 09:00:00,58.6,58.6,270.51,270.52
2025-04-04 10:00:00,58.6,58.6,267.94,267.95
2025-04-04 11:00:00,58.6,58.6,264.03,264.04
2025-04-04 12:00:00,58.6,58.6,260.93,260.94
2025-04-04 13:00:00,58.6,58.6,272.33,272.34
2025-04-04 14:00:00,58.6,58.6,277.43,277.44
2025-04-04 15:00:00,58.6,58.6,281.44,281.45
2025-04-04 16:00:00,58.6,58.6,283.73,283.74
2025-04-04 17:00:00,58.6,58.6,288.52,288.52
2025-04-04 18:00:00,58.6,58.6,293.62,293.62
2025-04-04 19:00:00,58.6,58.6,293.21,293.21
2025-04-04 20:00:00,58.6,58.6,291.67,291.68
2025-04-04 21:00:00,58.6,58.6,291.11,291.12
2025-04-04 22:00:00,58.6,58.6,288.09,288.1
2025-04-04 23:00:00,58.6,58.6,283.1,283.11
2025-04-05 00:00:00,58.6,58.6,261.43,261.44
2025-04-05 01:00:00,58.6,58.6,257.84,257.85
2025-04-05 02:00:00,58.6,58.6,255.4,255.41
2025-04-05 03:00:00,58.6,58.6,254.63,254.64
2025-04-05 04:00:00,58.6,58.6,254.88,254.89
2025-04-05 05:00:00,58.6,58.6,255.39,255.4
2025-04-05 06:00:00,58.6,58.6,255.37,255.38
2025-04-05 07:00:00,58.6,58.6,248.13,248.14
2025-04-05 08:00:00,58.6,58.6,117.99,118.0
2025-04-05 09:00:00,58.6,58.6,58.6,58.6
2025-04-05 10:00:00,58.6,58.6,58.6,58.6
2025-04-05 11:00:00,58.6,58.6,58.6,58.6
2025-04-05 12:00:00,58.6,58.6,58.6,58.6
2025-04-05 13:00:00,58.6,58.6,58.6,58.6
2025-04-05 14:00:00,58.6,58.6,106.93,106.94
2025-04-05 15:00:00,58.6,58.6,241.35,241.36
2025-04-05 16:00:00,58.6,58.6,255.66,255.67
2025-04-05 17:00:00,58.6,58.6,263.5,263.51
2025-04-05 18:00:00,58.6,58.6,267.18,267.18
2025-04-05 19:00:00,58.6,58.6,268.27,268.28
2025-04-05 20:00:00,58.6,58.6,267.66,267.66
2025-04-05 21:00:00,58.6,58.6,265.05,265.06
2025-04-05 22:00:00,58.6,58.6,263.31,263.32
2025-04-05 23:00:00,58.6,58.6,260.68,260.69
2025-04-06 00:00:00,58.6,58.6,254.59,254.6
2025-04-06 01:00:00,58.6,58.6,250.64,250.65
2025-04-06 02:00:00,58.6,58.6,226.91,226.92
2025-04-06 03:00:00,58.6,58.6,153.48,153.49
2025-04-06 04:00:00,58.6,58.6,75.52,75.53
2025-04-06 05:00:00,58.6,58.6,75.49,75.5
2025-04-06 06:00:00,58.6,58.6,58.6,58.6
2025-04-06 07:00:00,58.6,58.6,58.6,58.6
2025-04-06 08:00:00,58.6,58.6,58.6,58.6
2025-04-06 09:00:00,58.6,58.6,58.6,58.6
2025-04-06 10:00:00,58.6,58.6,58.6,58.6
2025-04-06 11:00:00,58.6,58.6,58.6,58.6
2025-04-06 12:00:00,58.6,58.6,58.6,58.6
2025-04-06 13:00:00,58.6,58.6,58.6,58.6
2025-04-06 14:00:00,58.6,58.6,58.6,58.6
2025-04-06 15:00:00,58.6,58.6,58.6,58.6
2025-04-06 16:00:00,58.6,58.6,116.32,116.33
2025-04-06 17:00:00,58.6,58.6,257.12,257.13
2025-04-06 18:00:00,58.6,58.6,265.04,265.05
2025-04-06 19:00:00,58.6,58.6,264.39,264.4
2025-04-06 20:00:00,58.6,58.6,263.67,263.68
2025-04-06 21:00:00,58.6,58.6,263.03,263.04
2025-04-06 22:00:00,58.6,58.6,261.18,261.19
2025-04-06 23:00:00,58.6,58.6,257.74,257.75
2025-04-07 00:00:00,58.6,58.6,165.82,165.83
2025-04-07 01:00:00,58.6,58.6,58.6,58.6
2025-04-07 02:00:00,58.6,58.6,58.6,58.6
2025-04-07 03:00:00,58.6,58.6,58.6,58.6
2025-04-07 04:00:00,58.6,58.6,58.6,58.6
2025-04-07 05:00:00,58.6,58.6,118.64,118.65
2025-04-07 06:00:00,58.6,58.6,252.43,252.44
2025-04-07 07:00:00,58.6,58.6,244.37,244.38
2025-04-07 08:00:00,58.6,58.6,230.04,230.05
2025-04-07 09:00:00,58.6,58.6,58.6,58.6
2025-04-07 10:00:00,58.6,58.6,58.6,58.6
2025-04-07 11:00:00,58.6,58.6,58.6,58.6
2025-04-07 12:00:00,58.6,58.6,58.6,58.6
2025-04-07 13:00:00,58.6,58.6,99.04,99.05
2025-04-07 14:00:00,58.6,58.6,243.2,243.21
2025-04-07 15:00:00,58.6,58.6,256.83,256.84
2025-04-07 16:00:00,58.6,58.6,262.37,262.38
2025-04-07 17:00:00,58.6,58.6,263.79,263.8
2025-04-07 18:00:00,58.6,58.6,266.22,266.23
2025-04-07 19:00:00,58.6,58.6,265.76,265.77
2025-04-07 20:00:00,58.6,58.6,265.05,265.06
2025-04-07 21:00:00,58.6,58.6,264.45,264.46
2025-04-07 22:00:00,58.6,58.6,261.8,261.81
2025-04-07 23:00:00,58.6,58.6,256.56,256.57
2025-04-08 00:00:00,58.6,58.6,253.27,253.28
2025-04-08 01:00:00,58.6,58.6,231.31,231.32
2025-04-08 02:00:00,58.6,58.6,58.6,58.6
2025-04-08 03:00:00,58.6,58.6,58.6,58.6
2025-04-08 04:00:00,58.6,58.6,58.6,58.6
2025-04-08 05:00:00,58.6,58.6,245.52,245.53
2025-04-08 06:00:00,58.6,58.6,255.74,255.75
2025-04-08 07:00:00,58.6,58.6,254.13,254.14
2025-04-08 08:00:00,58.6,58.6,243.87,243.88
2025-04-08 09:00:00,58.6,58.6,58.6,58.6
2025-04-08 10:00:00,58.6,58.6,58.6,58.6
2025-04-08 11:00:00,58.6,58.6,58.6,118.99
2025-04-08 12:00:00,58.6,58.6,58.6,58.6
2025-04-08 13:00:00,58.6,58.6,81.25,81.26
2025-04-08 14:00:00,58.6,58.6,244.07,244.08
2025-04-08 15:00:00,58.6,58.6,257.37,257.38
2025-04-08 16:00:00,58.6,58.6,262.09,262.1
2025-04-08 17:00:00,58.6,58.6,264.59,264.6
2025-04-08 18:00:00,58.6,58.6,267.74,267.75
2025-04-08 19:00:00,58.6,58.6,267.15,267.16
2025-04-08 20:00:00,58.6,58.6,265.78,265.79
2025-04-08 21:00:00,58.6,58.6,265.03,265.04
2025-04-08 22:00:00,58.6,58.6,262.41,262.41
2025-04-08 23:00:00,58.6,58.6,258.51,258.52
2025-04-09 00:00:00,58.6,58.6,256.76,256.77
2025-04-09 01:00:00,58.6,58.6,248.21,248.22
2025-04-09 02:00:00,58.6,58.6,240.71,240.72
2025-04-09 03:00:00,58.6,58.6,237.63,237.64
2025-04-09 04:00:00,58.6,58.6,237.97,237.98
2025-04-09 05:00:00,58.6,58.6,254.11,254.12
2025-04-09 06:00:00,58.6,58.6,258.03,258.04
2025-04-09 07:00:00,58.6,58.6,257.61,257.62
2025-04-09 08:00:00,58.6,58.6,257.24,257.87
2025-04-09 09:00:00,58.6,58.6,243.75,256.6
2025-04-09 10:00:00,58.6,58.6,233.47,255.56
2025-04-09 11:00:00,58.6,58.6,225.35,243.27
2025-04-09 12:00:00,58.6,58.6,58.6,58.6
2025-04-09 13:00:00,58.6,58.6,242.38,242.39
2025-04-09 14:00:00,58.6,58.6,257.16,257.17
2025-04-09 15:00:00,58.6,58.6,261.31,261.32
2025-04-09 16:00:00,58.6,58.6,264.32,264.33
2025-04-09 17:00:00,58.6,58.6,265.66,265.67
2025-04-09 18:00:00,58.6,58.6,269.95,269.96
2025-04-09 19:00:00,58.6,58.6,269.99,270.0
2025-04-09 20:00:00,58.6,58.6,268.72,268.72
2025-04-09 21:00:00,58.6,58.6,267.54,267.55
2025-04-09 22:00:00,58.6,58.6,264.85,264.86
2025-04-09 23:00:00,58.6,58.6,261.53,261.54
2025-04-10 00:00:00,203.21,203.2,260.01,260.02
2025-04-10 01:00:00,182.29,182.28,254.79,254.8
2025-04-10 02:00:00,190.66,190.65,246.63,246.64
2025-04-10 03:00:00,207.01,207.0,241.37,241.38
2025-04-10 04:00:00,236.41,236.4,243.6,243.61
2025-04-10 05:00:00,256.47,256.46,256.48,256.49
2025-04-10 06:00:00,229.96,229.95,260.15,260.16
2025-04-10 07:00:00,191.36,191.35,260.11,260.12
2025-04-10 08:00:00,94.03,94.02,259.34,259.35
2025-04-10 09:00:00,114.07,114.07,245.17,246.52
2025-04-10 10:00:00,133.85,133.85,232.58,232.59
2025-04-10 11:00:00,95.72,95.71,202.25,202.26
2025-04-10 12:00:00,58.6,58.6,58.6,58.6
2025-04-10 13:00:00,94.26,94.25,247.14,247.15
2025-04-10 14:00:00,187.92,187.91,259.97,259.98
2025-04-10 15:00:00,263.28,263.27,263.29,263.3
2025-04-10 16:00:00,267.31,267.3,267.31,267.32
2025-04-10 17:00:00,268.85,268.84,268.85,268.85
2025-04-10 18:00:00,273.11,273.1,273.12,273.12
2025-04-10 19:00:00,269.27,269.26,272.8,272.81
2025-04-10 20:00:00,247.35,247.34,270.91,270.92
2025-04-10 21:00:00,261.14,261.13,268.77,268.77
2025-04-10 22:00:00,260.88,260.87,266.24,266.25
2025-04-10 23:00:00,262.82,262.81,262.83,262.84
2025-04-11 00:00:00,265.31,265.3,265.31,265.31
2025-04-11 01:00:00,262.61,262.6,262.61,262.62
2025-04-11 02:00:00,261.45,261.44,261.45,261.45
2025-04-11 03:00:00,259.5,259.49,259.5,259.51
2025-04-11 04:00:00,260.38,260.37,260.39,260.4
2025-04-11 05:00:00,262.5,262.49,262.5,262.51
2025-04-11 06:00:00,262.92,262.91,262.92,262.93
2025-04-11 07:00:00,260.97,260.96,260.98,260.99
2025-04-11 08:00:00,253.71,253.7,259.2,259.21
2025-04-11 09:00:00,238.3,238.29,248.98,253.99
2025-04-11 10:00:00,239.23,239.22,241.0,252.17
2025-04-11 11:00:00,224.07,224.06,235.28,238.72
2025-04-11 12:00:00,207.74,207.73,207.75,207.76
2025-04-11 13:00:00,241.08,241.07,245.49,245.5
2025-04-11 14:00:00,256.76,256.75,259.36,259.37
2025-04-11 15:00:00,264.0,263.99,264.01,264.02
2025-04-11 16:00:00,266.85,266.84,266.85,266.86
2025-04-11 17:00:00,271.59,271.58,271.59,271.59
2025-04-11 18:00:00,274.27,274.26,274.27,274.27
2025-04-11 19:00:00,272.63,272.62,272.64,272.64
2025-04-11 20:00:00,268.87,268.86,270.29,270.3
2025-04-11 21:00:00,268.18,268.17,269.18,269.18
2025-04-11 22:00:00,266.04,266.03,266.04,266.04
2025-04-11 23:00:00,263.96,263.95,263.96,263.97
2025-04-12 00:00:00,222.04,222.03,222.03,222.04
2025-04-12 01:00:00,220.05,220.04,220.04,220.05
2025-04-12 02:00:00,218.16,218.15,218.16,218.17
2025-04-12 03:00:00,215.1,215.09,215.1,215.11
2025-04-12 04:00:00,215.07,215.06,215.07,215.08
2025-04-12 05:00:00,217.24,217.23,217.24,217.25
2025-04-12 06:00:00,213.26,213.25,213.26,213.27
2025-04-12 07:00:00,139.12,139.11,189.81,189.82
2025-04-12 08:00:00,58.6,58.6,58.6,58.6
2025-04-12 09:00:00,58.6,58.6,58.6,58.6
2025-04-12 10:00:00,58.6,58.6,58.6,58.6
2025-04-12 11:00:00,58.6,58.6,58.6,58.6
2025-04-12 12:00:00,58.6,58.6,58.6,58.6
2025-04-12 13:00:00,58.6,58.6,58.6,58.6
2025-04-12 14:00:00,58.6,58.6,58.6,58.6
2025-04-12 15:00:00,142.96,142.95,174.47,174.48
2025-04-12 16:00:00,212.68,212.67,213.27,213.28
2025-04-12 17:00:00,222.51,222.5,222.51,222.52
2025-04-12 18:00:00,227.71,227.7,227.71,227.72
2025-04-12 19:00:00,225.15,225.14,225.16,225.16
2025-04-12 20:00:00,128.05,128.04,223.4,223.41
2025-04-12 21:00:00,100.89,100.88,222.13,222.14
2025-04-12 22:00:00,108.56,108.55,220.27,220.28
2025-04-12 23:00:00,101.88,101.87,218.27,218.28
2025-04-13 00:00:00,215.97,215.96,215.97,215.98
2025-04-13 01:00:00,212.83,212.82,212.84,212.85
2025-04-13 02:00:00,201.92,201.91,201.93,201.94
2025-04-13 03:00:00,58.6,58.6,58.6,58.6
2025-04-13 04:00:00,58.6,58.6,58.6,58.6
2025-04-13 05:00:00,58.6,58.6,58.6,58.6
2025-04-13 06:00:00,58.6,58.6,58.6,58.6
2025-04-13 07:00:00,58.6,58.6,58.6,58.6
2025-04-13 08:00:00,58.6,58.6,58.6,58.6
2025-04-13 09:00:00,58.6,58.6,58.6,58.6
2025-04-13 10:00:00,58.6,58.6,58.6,58.6
2025-04-13 11:00:00,58.6,58.6,58.6,58.6
2025-04-13 12:00:00,58.6,58.6,58.6,58.6
2025-04-13 13:00:00,58.6,58.6,58.6,58.6
2025-04-13 14:00:00,58.6,58.6,58.6,58.6
2025-04-13 15:00:00,58.6,58.6,58.6,58.6
2025-04-13 16:00:00,58.6,58.6,98.75,98.76
2025-04-13 17:00:00,58.6,58.6,218.01,218.02
2025-04-13 18:00:00,58.6,58.6,225.42,225.43
2025-04-13 19:00:00,58.6,58.6,224.69,224.7
2025-04-13 20:00:00,58.6,58.6,224.44,224.45
2025-04-13 21:00:00,58.6,58.6,222.96,222.97
2025-04-13 22:00:00,58.6,58.6,220.87,220.88
2025-04-13 23:00:00,58.6,58.6,217.57,217.58
2025-04-14 00:00:00,164.63,164.62,215.72,215.73
2025-04-14 01:00:00,111.36,111.35,206.42,206.43
2025-04-14 02:00:00,117.12,117.11,197.83,197.84
2025-04-14 03:00:00,100.61,100.6,196.2,196.21
2025-04-14 04:00:00,125.83,125.82,197.4,197.41
2025-04-14 05:00:00,134.6,134.59,209.91,209.92
2025-04-14 06:00:00,107.48,107.47,218.23,218.24
2025-04-14 07:00:00,90.04,90.04,217.2,217.21
2025-04-14 08:00:00,86.51,86.51,214.03,219.42
2025-04-14 09:00:00,87.5,87.49,206.76,219.61
2025-04-14 10:00:00,91.57,91.56,205.55,219.2
2025-04-14 11:00:00,91.58,91.57,203.74,218.81
2025-04-14 12:00:00,58.6,58.6,194.71,194.72
2025-04-14 13:00:00,80.64,80.63,210.56,211.52
2025-04-14 14:00:00,98.64,98.63,215.96,218.74
2025-04-14 15:00:00,121.29,121.28,220.13,220.14
2025-04-14 16:00:00,118.79,118.78,222.86,222.87
2025-04-14 17:00:00,185.53,185.52,225.48,225.49
2025-04-14 18:00:00,158.12,158.11,233.98,233.99
2025-04-14 19:00:00,110.0,109.99,232.84,232.85
2025-04-14 20:00:00,107.03,107.02,231.15,231.15
2025-04-14 21:00:00,110.79,110.78,227.97,227.98
2025-04-14 22:00:00,109.43,109.42,223.54,223.55
2025-04-14 23:00:00,109.08,109.07,221.07,221.08
2025-04-15 00:00:00,218.93,218.92,218.94,218.95
2025-04-15 01:00:00,216.43,216.42,216.43,216.44
2025-04-15 02:00:00,214.56,214.55,214.56,214.57
2025-04-15 03:00:00,209.56,209.55,209.57,209.57
2025-04-15 04:00:00,210.72,210.71,210.73,210.74
2025-04-15 05:00:00,215.6,215.59,215.6,215.61
2025-04-15 06:00:00,201.59,201.58,217.31,217.32
2025-04-15 07:00:00,177.24,177.23,216.87,216.88
2025-04-15 08:00:00,171.83,171.82,214.28,217.67
2025-04-15 09:00:00,171.83,171.82,206.15,218.8
2025-04-15 10:00:00,171.2,171.2,202.01,218.54
2025-04-15 11:00:00,174.01,174.01,201.71,218.14
2025-04-15 12:00:00,128.15,128.14,204.98,206.1
2025-04-15 13:00:00,101.63,101.62,213.57,216.94
2025-04-15 14:00:00,149.52,149.51,217.21,217.84
2025-04-15 15:00:00,204.92,204.91,220.63,220.64
2025-04-15 16:00:00,223.72,223.71,223.73,223.74
2025-04-15 17:00:00,227.75,227.74,227.76,227.76
2025-04-15 18:00:00,231.71,231.7,231.72,231.72
2025-04-15 19:00:00,202.44,202.43,229.33,229.34
2025-04-15 20:00:00,176.72,176.71,227.51,227.51
2025-04-15 21:00:00,189.35,189.34,224.89,224.9
2025-04-15 22:00:00,183.03,183.02,222.59,222.6
2025-04-15 23:00:00,157.23,157.22,220.11,220.12
2025-04-16 00:00:00,215.62,215.61,215.62,215.63
2025-04-16 01:00:00,178.94,178.93,209.76,209.77
2025-04-16 02:00:00,145.81,145.8,205.75,205.76
2025-04-16 03:00:00,74.42,74.41,204.87,204.88
2025-04-16 04:00:00,102.86,102.85,205.11,205.12
2025-04-16 05:00:00,159.85,159.84,210.85,210.86
2025-04-16 06:00:00,103.42,103.41,214.57,214.58
2025-04-16 07:00:00,58.6,58.6,214.69,214.7
2025-04-16 08:00:00,58.6,58.6,214.39,214.4
2025-04-16 09:00:00,58.6,58.6,211.26,211.27
2025-04-16 10:00:00,58.6,58.6,210.4,210.4
2025-04-16 11:00:00,58.6,58.6,210.06,210.07
2025-04-16 12:00:00,58.6,58.6,207.83,207.84
2025-04-16 13:00:00,58.6,58.6,211.04,211.05
2025-04-16 14:00:00,58.6,58.6,214.15,214.16
2025-04-16 15:00:00,99.35,99.34,217.52,217.53
2025-04-16 16:00:00,116.04,116.03,220.2,220.21
2025-04-16 17:00:00,222.43,222.42,222.43,222.44
2025-04-16 18:00:00,224.65,224.65,225.93,225.93
2025-04-16 19:00:00,113.27,113.26,225.25,225.26
2025-04-16 20:00:00,74.42,74.41,223.6,223.6
2025-04-16 21:00:00,87.92,87.91,222.93,222.93
2025-04-16 22:00:00,87.45,87.44,220.97,220.98
2025-04-16 23:00:00,58.6,58.6,218.38,218.39
2025-04-17 00:00:00,58.6,58.6,214.32,214.33
2025-04-17 01:00:00,58.6,58.6,211.27,211.28
2025-04-17 02:00:00,58.6,58.6,208.1,208.11
2025-04-17 03:00:00,58.6,58.6,206.38,206.39
2025-04-17 04:00:00,58.6,58.6,206.59,206.6
2025-04-17 05:00:00,58.6,58.6,211.82,211.83
2025-04-17 06:00:00,58.6,58.6,215.56,215.57
2025-04-17 07:00:00,58.6,58.6,215.27,215.28
2025-04-17 08:00:00,58.6,58.6,214.46,214.79
2025-04-17 09:00:00,58.6,58.6,212.07,212.08
2025-04-17 10:00:00,58.6,58.6,209.77,209.78
2025-04-17 11:00:00,58.6,58.6,207.15,207.16
2025-04-17 12:00:00,58.6,58.6,202.76,202.77
2025-04-17 13:00:00,58.6,58.6,210.14,210.15
2025-04-17 14:00:00,58.6,58.6,215.09,215.1
2025-04-17 15:00:00,58.6,58.6,217.7,217.7
2025-04-17 16:00:00,58.6,58.6,219.93,219.94
2025-04-17 17:00:00,58.6,58.6,221.48,221.49
2025-04-17 18:00:00,58.6,58.6,224.71,224.71
2025-04-17 19:00:00,58.6,58.6,224.62,224.62
2025-04-17 20:00:00,58.6,58.6,222.73,222.74
2025-04-17 21:00:00,58.6,58.6,221.95,221.95
2025-04-17 22:00:00,58.6,58.6,219.47,219.48
2025-04-17 23:00:00,58.6,58.6,216.98,216.99
2025-04-18 00:00:00,58.6,58.6,208.97,208.98
2025-04-18 01:00:00,58.6,58.6,202.65,202.66
2025-04-18 02:00:00,58.6,58.6,185.09,185.09
2025-04-18 03:00:00,58.6,58.6,179.66,179.67
2025-04-18 04:00:00,58.6,58.6,176.86,176.87
2025-04-18 05:00:00,58.6,58.6,171.02,171.03
2025-04-18 06:00:00,58.6,58.6,77.6,77.61
2025-04-18 07:00:00,58.6,58.6,58.6,58.6
2025-04-18 08:00:00,58.6,58.6,58.6,58.6
2025-04-18 09:00:00,58.6,58.6,58.6,58.6
2025-04-18 10:00:00,58.6,58.6,58.6,58.6
2025-04-18 11:00:00,58.6,58.6,58.6,58.6
2025-04-18 12:00:00,58.6,58.6,58.6,58.6
2025-04-18 13:00:00,58.6,58.6,58.6,58.6
2025-04-18 14:00:00,58.6,58.6,58.6,58.6
2025-04-18 15:00:00,58.6,58.6,58.6,58.6
2025-04-18 16:00:00,58.6,58.6,183.72,183.73
2025-04-18 17:00:00,58.6,58.6,212.89,212.9
2025-04-18 18:00:00,58.6,58.6,220.01,220.02
2025-04-18 19:00:00,58.6,58.6,220.56,220.57
2025-04-18 20:00:00,58.6,58.6,219.84,219.85
2025-04-18 21:00:00,58.6,58.6,218.93,218.94
2025-04-18 22:00:00,58.6,58.6,216.87,216.88
2025-04-18 23:00:00,58.6,58.6,214.79,214.8
2025-04-19 00:00:00,65.41,65.41,179.17,179.18
2025-04-19 01:00:00,58.6,58.6,173.38,173.39
2025-04-19 02:00:00,58.6,58.6,169.8,169.81
2025-04-19 03:00:00,65.11,65.1,105.96,105.97
2025-04-19 04:00:00,92.92,92.91,92.92,92.93
2025-04-19 05:00:00,99.76,99.75,168.48,168.49
2025-04-19 06:00:00,67.74,67.73,167.81,167.82
2025-04-19 07:00:00,58.6,58.6,58.6,58.6
2025-04-19 08:00:00,58.6,58.6,58.6,58.6
2025-04-19 09:00:00,58.6,58.6,58.6,58.6
2025-04-19 10:00:00,58.6,58.6,58.6,58.6
2025-04-19 11:00:00,58.6,58.6,58.6,58.6
2025-04-19 12:00:00,58.6,58.6,58.6,58.6
2025-04-19 13:00:00,58.6,58.6,58.6,58.6
2025-04-19 14:00:00,58.6,58.6,58.6,58.6
2025-04-19 15:00:00,58.6,58.6,58.6,58.6
2025-04-19 16:00:00,58.6,58.6,174.16,174.17
2025-04-19 17:00:00,139.91,139.9,182.23,182.24
2025-04-19 18:00:00,173.64,173.63,185.24,185.24
2025-04-19 19:00:00,80.14,80.13,184.28,184.28
2025-04-19 20:00:00,58.6,58.6,183.36,183.37
2025-04-19 21:00:00,112.22,112.21,181.98,181.99
2025-04-19 22:00:00,121.27,121.26,180.93,180.94
2025-04-19 23:00:00,159.04,159.03,178.63,178.64
2025-04-20 00:00:00,179.36,179.35,179.37,179.38
2025-04-20 01:00:00,175.86,175.85,175.86,175.87
2025-04-20 02:00:00,172.0,171.99,172.0,172.01
2025-04-20 03:00:00,122.86,122.86,122.87,122.88
2025-04-20 04:00:00,156.68,156.67,156.68,156.69
2025-04-20 05:00:00,170.03,170.03,170.04,170.04
2025-04-20 06:00:00,91.86,91.85,91.86,91.87
2025-04-20 07:00:00,58.6,58.6,58.6,58.6
2025-04-20 08:00:00,58.6,58.6,58.6,58.6
2025-04-20 09:00:00,58.6,58.6,58.6,58.6
2025-04-20 10:00:00,58.6,58.6,58.6,58.6
2025-04-20 11:00:00,58.6,58.6,58.6,58.6
2025-04-20 12:00:00,58.6,58.6,58.6,58.6
2025-04-20 13:00:00,58.6,58.6,58.6,58.6
2025-04-20 14:00:00,58.6,58.6,58.6,58.6
2025-04-20 15:00:00,58.6,58.6,58.6,58.6
2025-04-20 16:00:00,59.73,59.72,84.74,84.75
2025-04-20 17:00:00,181.2,181.19,181.21,181.22
2025-04-20 18:00:00,186.23,186.22,186.24,186.24
2025-04-20 19:00:00,184.49,184.48,184.49,184.5
2025-04-20 20:00:00,183.45,183.44,183.46,183.47
2025-04-20 21:00:00,183.09,183.08,183.09,183.1
2025-04-20 22:00:00,182.74,182.73,182.75,182.76
2025-04-20 23:00:00,181.68,181.67,181.68,181.69
2025-04-21 00:00:00,181.18,181.17,181.18,181.19
2025-04-21 01:00:00,179.22,179.21,179.22,179.23
2025-04-21 02:00:00,176.38,176.37,176.38,176.39
2025-04-21 03:00:00,171.83,171.82,171.84,171.85
2025-04-21 04:00:00,175.6,175.59,175.6,175.61
2025-04-21 05:00:00,176.25,176.24,176.25,176.26
2025-04-21 06:00:00,133.94,133.93,133.94,133.95
2025-04-21 07:00:00,58.6,58.6,58.6,58.6
2025-04-21 08:00:00,58.6,58.6,58.6,58.6
2025-04-21 09:00:00,58.6,58.6,58.6,58.6
2025-04-21 10:00:00,58.6,58.6,58.6,58.6
2025-04-21 11:00:00,58.6,58.6,58.6,58.6
2025-04-21 12:00:00,58.6,58.6,58.6,58.6
2025-04-21 13:00:00,58.6,58.6,58.6,58.6
2025-04-21 14:00:00,58.6,58.6,58.6,58.6
2025-04-21 15:00:00,58.6,58.6,58.6,58.6
2025-04-21 16:00:00,126.08,126.07,126.08,126.09
2025-04-21 17:00:00,182.38,182.37,182.39,182.39
2025-04-21 18:00:00,188.3,188.29,188.3,188.31
2025-04-21 19:00:00,185.06,185.05,185.07,185.07
2025-04-21 20:00:00,181.57,181.56,183.21,183.22
2025-04-21 21:00:00,179.32,179.31,182.84,182.85
2025-04-21 22:00:00,148.17,148.16,181.56,181.56
2025-04-21 23:00:00,85.32,85.31,180.92,180.93
2025-04-22 00:00:00,179.95,179.94,179.95,179.96
2025-04-22 01:00:00,174.13,174.12,174.13,174.14
2025-04-22 02:00:00,151.23,151.22,151.24,151.25
2025-04-22 03:00:00,58.6,58.6,58.6,58.6
2025-04-22 04:00:00,58.6,58.6,58.6,58.6
2025-04-22 05:00:00,122.81,122.8,147.22,147.23
2025-04-22 06:00:00,58.6,58.6,178.5,178.51
2025-04-22 07:00:00,58.6,58.6,176.91,176.92
2025-04-22 08:00:00,58.6,58.6,166.63,166.64
2025-04-22 09:00:00,58.6,58.6,58.6,58.6
2025-04-22 10:00:00,58.6,58.6,58.6,58.6
2025-04-22 11:00:00,58.6,58.6,58.6,58.6
2025-04-22 12:00:00,58.6,58.6,58.6,58.6
2025-04-22 13:00:00,58.6,58.6,58.6,58.6
2025-04-22 14:00:00,58.6,58.6,86.09,86.1
2025-04-22 15:00:00,58.6,58.6,179.31,179.53
2025-04-22 16:00:00,84.97,84.96,181.98,181.99
2025-04-22 17:00:00,181.91,181.9,183.47,183.47
2025-04-22 18:00:00,117.4,117.39,188.57,188.57
2025-04-22 19:00:00,58.6,58.6,186.68,186.69
2025-04-22 20:00:00,58.6,58.6,184.66,184.67
2025-04-22 21:00:00,58.6,58.6,183.52,183.53
2025-04-22 22:00:00,58.6,58.6,182.66,182.67
2025-04-22 23:00:00,58.6,58.6,180.93,180.94
2025-04-23 00:00:00,58.6,58.6,175.3,175.31
2025-04-23 01:00:00,58.6,58.6,128.15,128.15
2025-04-23 02:00:00,58.6,58.6,58.6,58.6
2025-04-23 03:00:00,58.6,58.6,58.6,58.6
2025-04-23 04:00:00,58.6,58.6,58.6,58.6
2025-04-23 05:00:00,58.6,58.6,168.78,168.78
2025-04-23 06:00:00,58.6,58.6,177.21,177.22
2025-04-23 07:00:00,58.6,58.6,176.92,176.93
2025-04-23 08:00:00,58.6,58.6,174.06,174.07
2025-04-23 09:00:00,58.6,58.6,78.23,78.24
2025-04-23 10:00:00,58.6,58.6,58.6,163.6
2025-04-23 11:00:00,58.6,58.6,58.6,116.77
2025-04-23 12:00:00,58.6,58.6,58.6,58.6
2025-04-23 13:00:00,58.6,58.6,81.79,86.62
2025-04-23 14:00:00,58.6,58.6,175.09,177.05
2025-04-23 15:00:00,58.6,58.6,179.87,180.13
2025-04-23 16:00:00,58.6,58.6,181.95,181.96
2025-04-23 17:00:00,58.6,58.6,185.31,185.32
2025-04-23 18:00:00,58.6,58.6,190.1,190.11
2025-04-23 19:00:00,58.6,58.6,187.92,187.93
2025-04-23 20:00:00,58.6,58.6,186.61,186.61
2025-04-23 21:00:00,58.6,58.6,184.87,184.88
2025-04-23 22:00:00,58.6,58.6,182.75,182.76
2025-04-23 23:00:00,58.6,58.6,180.99,181.0
2025-04-24 00:00:00,58.6,58.6,181.09,181.1
2025-04-24 01:00:00,58.6,58.6,179.02,179.03
2025-04-24 02:00:00,58.6,58.6,177.01,177.02
2025-04-24 03:00:00,58.6,58.6,173.94,173.95
2025-04-24 04:00:00,58.6,58.6,175.72,175.73
2025-04-24 05:00:00,58.6,58.6,179.56,179.57
2025-04-24 06:00:00,58.6,58.6,180.86,180.87
2025-04-24 07:00:00,58.6,58.6,180.85,180.86
2025-04-24 08:00:00,58.6,58.6,179.72,181.01
2025-04-24 09:00:00,58.6,58.6,173.76,180.84
2025-04-24 10:00:00,58.6,58.6,171.57,180.8
2025-04-24 11:00:00,58.6,58.6,171.82,180.68
2025-04-24 12:00:00,58.6,58.6,171.89,180.07
2025-04-24 13:00:00,58.6,58.6,179.53,180.52
2025-04-24 14:00:00,58.6,58.6,181.26,181.27
2025-04-24 15:00:00,58.6,58.6,183.14,183.15
2025-04-24 16:00:00,58.6,58.6,185.41,185.42
2025-04-24 17:00:00,58.6,58.6,188.82,188.83
2025-04-24 18:00:00,58.6,58.6,192.0,192.01
2025-04-24 19:00:00,58.6,58.6,190.43,190.44
2025-04-24 20:00:00,58.6,58.6,188.56,188.56
2025-04-24 21:00:00,58.6,58.6,188.0,188.0
2025-04-24 22:00:00,58.6,58.6,185.09,185.1
2025-04-24 23:00:00,58.6,58.6,182.35,182.36
2025-04-25 00:00:00,58.6,58.6,180.31,180.32
2025-04-25 01:00:00,58.6,58.6,177.63,177.64
2025-04-25 02:00:00,58.6,58.6,172.86,172.87
2025-04-25 03:00:00,58.6,58.6,171.88,171.89
2025-04-25 04:00:00,58.6,58.6,173.18,173.19
2025-04-25 05:00:00,58.6,58.6,177.87,177.88
2025-04-25 06:00:00,58.6,58.6,178.58,178.59
2025-04-25 07:00:00,58.6,58.6,178.84,178.85
2025-04-25 08:00:00,58.6,58.6,177.74,177.74
2025-04-25 09:00:00,58.6,58.6,175.5,175.51
2025-04-25 10:00:00,58.6,58.6,172.64,172.65
2025-04-25 11:00:00,58.6,58.6,169.81,169.82
2025-04-25 12:00:00,58.6,58.6,169.67,169.68
2025-04-25 13:00:00,58.6,58.6,174.93,174.94
2025-04-25 14:00:00,58.6,58.6,180.11,180.12
2025-04-25 15:00:00,58.6,58.6,181.58,181.59
2025-04-25 16:00:00,58.6,58.6,183.0,183.0
2025-04-25 17:00:00,58.6,58.6,184.74,184.75
2025-04-25 18:00:00,58.6,58.6,188.22,188.22
2025-04-25 19:00:00,58.6,58.6,186.29,186.3
2025-04-25 20:00:00,58.6,58.6,185.58,185.58
2025-04-25 21:00:00,58.6,58.6,184.35,184.36
2025-04-25 22:00:00,58.6,58.6,182.85,182.85
2025-04-25 23:00:00,58.6,58.6,182.1,182.11
2025-04-26 00:00:00,271.64,271.63,271.65,271.66
2025-04-26 01:00:00,261.66,261.65,261.66,261.67
2025-04-26 02:00:00,233.39,233.38,233.4,233.41
2025-04-26 03:00:00,187.91,187.9,214.7,214.7
2025-04-26 04:00:00,203.24,203.23,203.71,203.72
2025-04-26 05:00:00,203.9,203.89,203.9,203.91
2025-04-26 06:00:00,104.8,104.79,196.25,196.26
2025-04-26 07:00:00,58.6,58.6,92.98,92.99
2025-04-26 08:00:00,58.6,58.6,58.6,58.6
2025-04-26 09:00:00,58.6,58.6,58.6,58.6
2025-04-26 10:00:00,58.6,58.6,58.6,58.6
2025-04-26 11:00:00,58.6,58.6,58.6,58.6
2025-04-26 12:00:00,58.6,58.6,58.6,58.6
2025-04-26 13:00:00,58.6,58.6,58.6,58.6
2025-04-26 14:00:00,58.6,58.6,58.6,58.6
2025-04-26 15:00:00,58.6,58.6,66.64,66.65
2025-04-26 16:00:00,93.43,93.42,208.11,208.12
2025-04-26 17:00:00,228.89,228.88,280.22,280.23
2025-04-26 18:00:00,209.66,209.65,286.71,286.72
2025-04-26 19:00:00,77.5,77.49,285.21,285.22
2025-04-26 20:00:00,58.6,58.6,283.42,283.42
2025-04-26 21:00:00,70.27,70.26,280.67,280.68
2025-04-26 22:00:00,61.15,61.14,274.91,274.92
2025-04-26 23:00:00,70.28,70.27,269.28,269.29
2025-04-27 00:00:00,100.36,100.35,271.25,271.26
2025-04-27 01:00:00,69.82,69.81,263.37,263.38
2025-04-27 02:00:00,58.6,58.6,258.73,258.74
2025-04-27 03:00:00,82.03,82.03,153.6,153.61
2025-04-27 04:00:00,98.98,98.98,98.99,99.0
2025-04-27 05:00:00,116.31,116.31,116.32,116.33
2025-04-27 06:00:00,62.4,62.39,62.4,62.41
2025-04-27 07:00:00,58.6,58.6,58.6,58.6
2025-04-27 08:00:00,58.6,58.6,58.6,58.6
2025-04-27 09:00:00,58.6,58.6,58.6,58.6
2025-04-27 10:00:00,58.6,58.6,58.6,58.6
2025-04-27 11:00:00,58.6,58.6,58.6,58.6
2025-04-27 12:00:00,58.6,58.6,58.6,58.6
2025-04-27 13:00:00,58.6,58.6,58.6,58.6
2025-04-27 14:00:00,58.6,58.6,58.6,58.6
2025-04-27 15:00:00,58.6,58.6,58.6,58.6
2025-04-27 16:00:00,97.26,97.25,261.8,261.81
2025-04-27 17:00:00,169.61,169.6,279.82,279.83
2025-04-27 18:00:00,152.29,152.28,286.67,286.68
2025-04-27 19:00:00,104.89,104.88,286.62,286.63
2025-04-27 20:00:00,58.6,58.6,285.53,285.54
2025-04-27 21:00:00,61.09,61.08,283.78,283.79
2025-04-27 22:00:00,80.42,80.41,281.26,281.27
2025-04-27 23:00:00,80.63,80.62,276.17,276.17
2025-04-28 00:00:00,270.93,270.93,270.95,270.96
2025-04-28 01:00:00,266.39,266.39,266.4,266.41
2025-04-28 02:00:00,266.38,266.37,266.38,266.39
2025-04-28 03:00:00,262.06,262.06,262.07,262.08
2025-04-28 04:00:00,267.04,267.04,267.04,267.05
2025-04-28 05:00:00,274.67,274.66,274.67,274.68
2025-04-28 06:00:00,279.52,279.51,279.52,279.53
2025-04-28 07:00:00,259.55,259.54,275.53,275.54
2025-04-28 08:00:00,253.52,253.52,275.14,278.82
2025-04-28 09:00:00,251.44,251.44,273.0,276.35
2025-04-28 10:00:00,259.73,259.72,268.64,268.65
2025-04-28 11:00:00,232.17,232.17,266.58,266.59
2025-04-28 12:00:00,210.97,210.96,251.81,251.82
2025-04-28 13:00:00,230.13,230.12,267.19,267.2
2025-04-28 14:00:00,272.42,272.41,275.39,275.4
2025-04-28 15:00:00,282.69,282.68,282.7,282.71
2025-04-28 16:00:00,290.01,290.0,290.02,290.03
2025-04-28 17:00:00,294.39,294.38,294.39,294.4
2025-04-28 18:00:00,295.43,295.42,295.44,295.44
2025-04-28 19:00:00,292.0,291.99,294.87,294.87
2025-04-28 20:00:00,276.14,276.13,293.49,293.5
2025-04-28 21:00:00,291.32,291.31,291.58,291.59
2025-04-28 22:00:00,287.83,287.82,287.84,287.85
2025-04-28 23:00:00,283.86,283.85,283.87,283.88
2025-04-29 00:00:00,277.44,277.43,277.44,277.45
2025-04-29 01:00:00,272.33,272.32,272.34,272.35
2025-04-29 02:00:00,270.28,270.27,270.29,270.3
2025-04-29 03:00:00,265.79,265.78,265.8,265.81
2025-04-29 04:00:00,268.41,268.4,268.41,268.42
2025-04-29 05:00:00,275.55,275.54,275.55,275.56
2025-04-29 06:00:00,266.17,266.16,279.32,279.33
2025-04-29 07:00:00,214.79,214.78,279.11,280.52
2025-04-29 08:00:00,204.72,204.71,274.99,283.07
2025-04-29 09:00:00,205.13,205.12,270.01,281.02
2025-04-29 10:00:00,217.6,217.59,265.12,277.98
2025-04-29 11:00:00,219.66,219.65,259.44,269.41
2025-04-29 12:00:00,123.37,123.36,149.32,149.33
2025-04-29 13:00:00,168.11,168.1,267.84,267.85
2025-04-29 14:00:00,230.17,230.16,274.78,278.28
2025-04-29 15:00:00,274.83,274.82,280.74,281.69
2025-04-29 16:00:00,288.91,288.9,288.91,288.92
2025-04-29 17:00:00,293.36,293.35,293.36,293.37
2025-04-29 18:00:00,297.86,297.85,297.87,297.88
2025-04-29 19:00:00,271.68,271.67,294.08,294.09
2025-04-29 20:00:00,236.65,236.64,294.0,294.01
2025-04-29 21:00:00,267.0,266.99,292.15,292.15
2025-04-29 22:00:00,248.52,248.52,286.87,286.88
2025-04-29 23:00:00,244.04,244.03,282.59,282.8
2025-04-30 00:00:00,279.66,279.65,279.66,279.67
2025-04-30 01:00:00,272.38,272.37,272.39,272.39
2025-04-30 02:00:00,270.64,270.63,270.65,270.66
2025-04-30 03:00:00,263.21,263.2,263.22,263.23
2025-04-30 04:00:00,265.52,265.51,265.52,265.53
2025-04-30 05:00:00,272.04,272.03,272.05,272.05
2025-04-30 06:00:00,234.46,234.45,274.63,274.64
2025-04-30 07:00:00,134.35,134.34,274.36,274.37
2025-04-30 08:00:00,127.22,127.21,272.56,273.79
2025-04-30 09:00:00,131.33,131.32,265.01,272.81
2025-04-30 10:00:00,151.44,151.43,234.6,234.61
2025-04-30 11:00:00,151.31,151.3,195.59,195.6
2025-04-30 12:00:00,58.6,58.6,58.6,58.6
2025-04-30 13:00:00,58.6,58.6,130.37,130.38
2025-04-30 14:00:00,123.04,123.03,271.13,271.14
2025-04-30 15:00:00,223.18,223.17,278.85,279.11
2025-04-30 16:00:00,249.0,248.99,282.33,282.34
2025-04-30 17:00:00,273.8,273.79,288.84,288.85
2025-04-30 18:00:00,243.94,243.93,295.22,295.23
2025-04-30 19:00:00,203.94,203.93,293.48,293.48
2025-04-30 20:00:00,154.54,154.53,292.02,292.03
2025-04-30 21:00:00,103.58,103.57,289.51,289.51
2025-04-30 22:00:00,58.6,58.6,284.7,284.71
2025-04-30 23:00:00,58.6,58.6,281.28,281.29
2025-05-01 00:00:00,58.6,58.6,236.86,236.87
2025-05-01 01:00:00,58.6,58.6,208.85,208.86
2025-05-01 02:00:00,58.6,58.6,67.14,67.14
2025-05-01 03:00:00,58.6,58.6,58.6,58.6
2025-05-01 04:00:00,58.6,58.6,58.6,58.6
2025-05-01 05:00:00,58.6,58.6,58.6,58.6
2025-05-01 06:00:00,58.6,58.6,58.6,58.6
2025-05-01 07:00:00,58.6,58.6,58.6,58.6
2025-05-01 08:00:00,58.6,58.6,58.6,58.6
2025-05-01 09:00:00,58.6,58.6,58.6,58.6
2025-05-01 10:00:00,58.6,58.6,58.6,58.6
2025-05-01 11:00:00,58.6,58.6,58.6,58.6
2025-05-01 12:00:00,58.6,58.6,58.6,58.6
2025-05-01 13:00:00,58.6,58.6,58.6,58.6
2025-05-01 14:00:00,58.6,58.6,58.6,58.6
2025-05-01 15:00:00,58.6,58.6,58.6,58.6
2025-05-01 16:00:00,58.6,58.6,120.76,120.77
2025-05-01 17:00:00,58.6,58.6,277.67,277.67
2025-05-01 18:00:00,58.6,58.6,287.09,287.1
2025-05-01 19:00:00,58.6,58.6,286.51,286.52
2025-05-01 20:00:00,58.6,58.6,285.22,285.23
2025-05-01 21:00:00,58.6,58.6,283.77,283.78
2025-05-01 22:00:00,58.6,58.6,281.06,281.07
2025-05-01 23:00:00,58.6,58.6,276.63,276.64
2025-05-02 00:00:00,58.6,58.6,58.6,58.6
2025-05-02 01:00:00,58.6,58.6,58.6,58.6
2025-05-02 02:00:00,58.6,58.6,58.6,58.6
2025-05-02 03:00:00,58.6,58.6,58.6,58.6
2025-05-02 04:00:00,58.6,58.6,58.6,58.6
2025-05-02 05:00:00,58.6,58.6,58.6,58.6
2025-05-02 06:00:00,58.6,58.6,67.53,67.54
2025-05-02 07:00:00,58.6,58.6,58.6,58.6
2025-05-02 08:00:00,58.6,58.6,58.6,58.6
2025-05-02 09:00:00,58.6,58.6,58.6,58.6
2025-05-02 10:00:00,58.6,58.6,58.6,58.6
2025-05-02 11:00:00,58.6,58.6,58.6,58.6
2025-05-02 12:00:00,58.6,58.6,58.6,58.6
2025-05-02 13:00:00,58.6,58.6,58.6,58.6
2025-05-02 14:00:00,58.6,58.6,58.6,58.6
2025-05-02 15:00:00,58.6,58.6,126.72,139.95
2025-05-02 16:00:00,58.6,58.6,273.28,281.27
2025-05-02 17:00:00,58.6,58.6,285.01,285.02
2025-05-02 18:00:00,58.6,58.6,290.81,290.82
2025-05-02 19:00:00,58.6,58.6,288.54,288.55
2025-05-02 20:00:00,58.6,58.6,284.51,284.52
2025-05-02 21:00:00,58.6,58.6,282.53,282.67
2025-05-02 22:00:00,58.6,58.6,279.02,279.03
2025-05-02 23:00:00,58.6,58.6,273.55,273.56
2025-05-03 00:00:00,58.6,58.6,63.32,63.33
2025-05-03 01:00:00,58.6,58.6,58.6,58.6
2025-05-03 02:00:00,58.6,58.6,58.6,58.6
2025-05-03 03:00:00,58.6,58.6,58.6,58.6
2025-05-03 04:00:00,58.6,58.6,58.6,58.6
2025-05-03 05:00:00,58.6,58.6,58.6,58.6
2025-05-03 06:00:00,58.6,58.6,58.6,58.6
2025-05-03 07:00:00,58.6,58.6,58.6,58.6
2025-05-03 08:00:00,58.6,58.6,58.6,58.6
2025-05-03 09:00:00,58.6,58.6,58.6,58.6
2025-05-03 10:00:00,58.6,58.6,58.6,58.6
2025-05-03 11:00:00,58.6,58.6,58.6,58.6
2025-05-03 12:00:00,58.6,58.6,58.6,58.6
2025-05-03 13:00:00,58.6,58.6,58.6,58.6
2025-05-03 14:00:00,58.6,58.6,58.6,58.6
2025-05-03 15:00:00,58.6,58.6,58.6,58.6
2025-05-03 16:00:00,58.6,58.6,105.91,105.92
2025-05-03 17:00:00,58.6,58.6,265.71,265.72
2025-05-03 18:00:00,58.6,58.6,274.31,274.32
2025-05-03 19:00:00,58.6,58.6,273.58,273.59
2025-05-03 20:00:00,58.6,58.6,270.89,270.9
2025-05-03 21:00:00,58.6,58.6,268.08,268.09
2025-05-03 22:00:00,58.6,58.6,259.96,259.97
2025-05-03 23:00:00,58.6,58.6,63.33,63.34
2025-05-04 00:00:00,58.6,58.6,58.6,58.6
2025-05-04 01:00:00,58.6,58.6,58.6,58.6
2025-05-04 02:00:00,58.6,58.6,58.6,58.6
2025-05-04 03:00:00,58.6,58.6,58.6,58.6
2025-05-04 04:00:00,58.6,58.6,58.6,58.6
2025-05-04 05:00:00,58.6,58.6,58.6,58.6
2025-05-04 06:00:00,58.6,58.6,58.6,58.6
2025-05-04 07:00:00,58.6,58.6,58.6,58.6
2025-05-04 08:00:00,58.6,58.6,58.6,58.6
2025-05-04 09:00:00,58.6,58.6,58.6,58.6
2025-05-04 10:00:00,58.6,58.6,58.6,58.6
2025-05-04 11:00:00,58.6,58.6,58.6,58.6
2025-05-04 12:00:00,58.6,58.6,58.6,58.6
2025-05-04 13:00:00,58.6,58.6,58.6,58.6
2025-05-04 14:00:00,58.6,58.6,58.6,58.6
2025-05-04 15:00:00,58.6,58.6,58.6,58.6
2025-05-04 16:00:00,58.6,58.6,58.6,58.6
2025-05-04 17:00:00,58.6,58.6,254.2,254.21
2025-05-04 18:00:00,58.6,58.6,274.18,274.19
2025-05-04 19:00:00,58.6,58.6,273.09,273.1
2025-05-04 20:00:00,58.6,58.6,272.45,272.46
2025-05-04 21:00:00,58.6,58.6,271.37,271.38
2025-05-04 22:00:00,58.6,58.6,267.63,267.64
2025-05-04 23:00:00,58.6,58.6,260.67,260.68
2025-05-05 00:00:00,58.6,58.6,58.6,58.6
2025-05-05 01:00:00,58.6,58.6,58.6,58.6
2025-05-05 02:00:00,58.6,58.6,58.6,58.6
2025-05-05 03:00:00,58.6,58.6,58.6,58.6
2025-05-05 04:00:00,58.6,58.6,58.6,58.6
2025-05-05 05:00:00,58.6,58.6,129.17,129.18
2025-05-05 06:00:00,58.6,58.6,268.78,268.79
2025-05-05 07:00:00,58.6,58.6,266.73,272.48
2025-05-05 08:00:00,58.6,58.6,130.6,272.49
2025-05-05 09:00:00,58.6,58.6,58.6,131.69
2025-05-05 10:00:00,58.6,58.6,58.6,136.3
2025-05-05 11:00:00,58.6,58.6,58.6,272.69
2025-05-05 12:00:00,58.6,58.6,58.6,58.6
2025-05-05 13:00:00,58.6,58.6,58.6,133.73
2025-05-05 14:00:00,58.6,58.6,126.25,272.89
2025-05-05 15:00:00,58.6,58.6,265.87,274.19
2025-05-05 16:00:00,58.6,58.6,274.48,275.57
2025-05-05 17:00:00,58.6,58.6,279.29,279.3
2025-05-05 18:00:00,58.6,58.6,286.72,286.72
2025-05-05 19:00:00,58.6,58.6,283.34,283.35
2025-05-05 20:00:00,58.6,58.6,280.72,280.73
2025-05-05 21:00:00,58.6,58.6,278.56,278.57
2025-05-05 22:00:00,58.6,58.6,275.47,275.48
2025-05-05 23:00:00,58.6,58.6,272.99,273.0
2025-05-06 00:00:00,58.6,58.6,269.3,269.31
2025-05-06 01:00:00,58.6,58.6,261.11,261.12
2025-05-06 02:00:00,58.6,58.6,125.39,125.4
2025-05-06 03:00:00,58.6,58.6,58.6,58.6
2025-05-06 04:00:00,58.6,58.6,126.67,126.68
2025-05-06 05:00:00,58.6,58.6,266.39,266.4
2025-05-06 06:00:00,58.6,58.6,273.36,273.37
2025-05-06 07:00:00,58.6,58.6,272.38,273.24
2025-05-06 08:00:00,58.6,58.6,268.34,272.69
2025-05-06 09:00:00,58.6,58.6,58.6,273.83
2025-05-06 10:00:00,58.6,58.6,58.6,273.12
2025-05-06 11:00:00,58.6,58.6,58.6,272.78
2025-05-06 12:00:00,58.6,58.6,58.6,68.5
2025-05-06 13:00:00,58.6,58.6,58.6,271.22
2025-05-06 14:00:00,58.6,58.6,261.47,273.85
2025-05-06 15:00:00,58.6,58.6,271.0,274.24
2025-05-06 16:00:00,58.6,58.6,276.46,276.47
2025-05-06 17:00:00,58.6,58.6,279.92,279.93
2025-05-06 18:00:00,58.6,58.6,283.98,283.99
2025-05-06 19:00:00,58.6,58.6,282.91,282.92
2025-05-06 20:00:00,58.6,58.6,281.13,281.14
2025-05-06 21:00:00,58.6,58.6,279.35,279.36
2025-05-06 22:00:00,58.6,58.6,276.44,276.45
2025-05-06 23:00:00,58.6,58.6,273.12,273.13
2025-05-07 00:00:00,58.6,58.6,270.53,270.54
2025-05-07 01:00:00,58.6,58.6,259.74,259.75
2025-05-07 02:00:00,58.6,58.6,235.08,235.09
2025-05-07 03:00:00,58.6,58.6,230.45,230.46
2025-05-07 04:00:00,58.6,58.6,246.36,246.37
2025-05-07 05:00:00,58.6,58.6,268.77,268.78
2025-05-07 06:00:00,58.6,58.6,274.76,274.77
2025-05-07 07:00:00,58.6,58.6,273.67,274.55
2025-05-07 08:00:00,58.6,58.6,266.5,275.07
2025-05-07 09:00:00,58.6,58.6,58.6,274.9
2025-05-07 10:00:00,58.6,58.6,58.6,274.72
2025-05-07 11:00:00,58.6,58.6,58.6,274.59
2025-05-07 12:00:00,58.6,58.6,58.6,272.39
2025-05-07 13:00:00,58.6,58.6,58.6,273.99
2025-05-07 14:00:00,58.6,58.6,254.46,274.97
2025-05-07 15:00:00,58.6,58.6,270.08,275.82
2025-05-07 16:00:00,58.6,58.6,276.93,277.97
2025-05-07 17:00:00,58.6,58.6,283.12,283.13
2025-05-07 18:00:00,58.6,58.6,287.81,287.82
2025-05-07 19:00:00,58.6,58.6,287.54,287.55
2025-05-07 20:00:00,58.6,58.6,284.63,284.64
2025-05-07 21:00:00,58.6,58.6,281.87,281.88
2025-05-07 22:00:00,58.6,58.6,278.23,278.24
2025-05-07 23:00:00,58.6,58.6,274.7,274.71
2025-05-08 00:00:00,58.6,58.6,271.15,271.16
2025-05-08 01:00:00,58.6,58.6,264.75,264.76
2025-05-08 02:00:00,58.6,58.6,259.3,259.31
2025-05-08 03:00:00,58.6,58.6,255.77,255.78
2025-05-08 04:00:00,58.6,58.6,254.58,254.59
2025-05-08 05:00:00,58.6,58.6,268.69,268.7
2025-05-08 06:00:00,58.6,58.6,271.99,272.0
2025-05-08 07:00:00,58.6,58.6,271.74,271.75
2025-05-08 08:00:00,58.6,58.6,269.82,271.83
2025-05-08 09:00:00,58.6,58.6,96.42,273.37
2025-05-08 10:00:00,58.6,58.6,58.6,273.07
2025-05-08 11:00:00,58.6,58.6,58.6,272.92
2025-05-08 12:00:00,58.6,58.6,58.6,264.11
2025-05-08 13:00:00,58.6,58.6,58.6,272.8
2025-05-08 14:00:00,58.6,58.6,257.3,274.4
2025-05-08 15:00:00,58.6,58.6,270.94,275.13
2025-05-08 16:00:00,58.6,58.6,277.23,277.24
2025-05-08 17:00:00,58.6,58.6,281.81,281.81
2025-05-08 18:00:00,58.6,58.6,290.23,290.23
2025-05-08 19:00:00,58.6,58.6,287.93,287.94
2025-05-08 20:00:00,58.6,58.6,285.4,285.41
2025-05-08 21:00:00,58.6,58.6,282.92,282.93
2025-05-08 22:00:00,58.6,58.6,279.04,279.05
2025-05-08 23:00:00,58.6,58.6,275.51,275.52
2025-05-09 00:00:00,58.6,58.6,272.88,272.89
2025-05-09 01:00:00,58.6,58.6,270.02,270.03
2025-05-09 02:00:00,58.6,58.6,265.11,265.12
2025-05-09 03:00:00,58.6,58.6,263.59,263.6
2025-05-09 04:00:00,58.6,58.6,263.49,263.5
2025-05-09 05:00:00,58.6,58.6,269.01,269.02
2025-05-09 06:00:00,58.6,58.6,272.41,272.42
2025-05-09 07:00:00,58.6,58.6,272.26,272.27
2025-05-09 08:00:00,58.6,58.6,269.71,273.34
2025-05-09 09:00:00,58.6,58.6,261.25,275.0
2025-05-09 10:00:00,58.6,58.6,113.36,274.78
2025-05-09 11:00:00,58.6,58.6,58.6,274.43
2025-05-09 12:00:00,58.6,58.6,58.6,272.65
2025-05-09 13:00:00,58.6,58.6,129.77,273.96
2025-05-09 14:00:00,58.6,58.6,268.31,275.01
2025-05-09 15:00:00,58.6,58.6,273.51,275.13
2025-05-09 16:00:00,58.6,58.6,277.03,277.04
2025-05-09 17:00:00,258.57,258.57,281.65,281.66
2025-05-09 18:00:00,67.41,67.41,290.05,290.05
2025-05-09 19:00:00,58.6,58.6,283.88,283.88
2025-05-09 20:00:00,58.6,58.6,281.8,281.81
2025-05-09 21:00:00,58.6,58.6,280.22,280.23
2025-05-09 22:00:00,58.6,58.6,278.39,278.4
2025-05-09 23:00:00,58.6,58.6,275.92,275.93
2025-05-10 00:00:00,58.6,58.6,291.61,291.62
2025-05-10 01:00:00,58.6,58.6,283.34,283.35
2025-05-10 02:00:00,58.6,58.6,281.86,281.86
2025-05-10 03:00:00,58.6,58.6,280.27,280.28
2025-05-10 04:00:00,58.6,58.6,279.95,279.96
2025-05-10 05:00:00,58.6,58.6,280.3,280.31
2025-05-10 06:00:00,58.6,58.6,279.63,279.64
2025-05-10 07:00:00,58.6,58.6,276.36,276.37
2025-05-10 08:00:00,58.6,58.6,112.87,112.88
2025-05-10 09:00:00,58.6,58.6,58.6,58.6
2025-05-10 10:00:00,58.6,58.6,58.6,58.6
2025-05-10 11:00:00,58.6,58.6,58.6,58.6
2025-05-10 12:00:00,58.6,58.6,58.6,58.6
2025-05-10 13:00:00,58.6,58.6,58.6,58.6
2025-05-10 14:00:00,58.6,58.6,58.6,58.6
2025-05-10 15:00:00,58.6,58.6,135.85,135.86
2025-05-10 16:00:00,58.6,58.6,287.95,287.96
2025-05-10 17:00:00,58.6,58.6,307.44,314.32
2025-05-10 18:00:00,58.6,58.6,324.2,324.21
2025-05-10 19:00:00,58.6,58.6,319.38,319.39
2025-05-10 20:00:00,58.6,58.6,317.41,317.42
2025-05-10 21:00:00,58.6,58.6,312.92,313.78
2025-05-10 22:00:00,58.6,58.6,304.12,304.13
2025-05-10 23:00:00,58.6,58.6,296.36,296.37
2025-05-11 00:00:00,268.09,268.09,285.64,285.65
2025-05-11 01:00:00,253.74,253.75,279.68,279.69
2025-05-11 02:00:00,239.42,239.43,239.43,239.44
2025-05-11 03:00:00,58.6,58.6,58.6,58.6
2025-05-11 04:00:00,58.6,58.6,58.6,58.6
2025-05-11 05:00:00,58.6,58.6,58.6,58.6
2025-05-11 06:00:00,58.6,58.6,58.6,58.6
2025-05-11 07:00:00,58.6,58.6,58.6,58.6
2025-05-11 08:00:00,58.6,58.6,58.6,58.6
2025-05-11 09:00:00,58.6,58.6,58.6,58.6
2025-05-11 10:00:00,58.6,58.6,58.6,58.6
2025-05-11 11:00:00,58.6,58.6,58.6,58.6
2025-05-11 12:00:00,58.6,58.6,58.6,58.6
2025-05-11 13:00:00,58.6,58.6,58.6,58.6
2025-05-11 14:00:00,58.6,58.6,58.6,58.6
2025-05-11 15:00:00,58.6,58.6,58.6,58.6
2025-05-11 16:00:00,58.6,58.6,137.35,137.36
2025-05-11 17:00:00,58.6,58.6,293.86,299.65
2025-05-11 18:00:00,58.6,58.6,306.34,320.23
2025-05-11 19:00:00,58.6,58.6,303.13,316.76
2025-05-11 20:00:00,58.6,58.6,300.85,312.46
2025-05-11 21:00:00,58.6,58.6,298.2,310.38
2025-05-11 22:00:00,58.6,58.6,293.75,296.02
2025-05-11 23:00:00,58.6,58.6,287.35,287.36
2025-05-12 00:00:00,58.6,58.6,279.09,279.1
2025-05-12 01:00:00,58.6,58.6,58.6,58.6
2025-05-12 02:00:00,58.6,58.6,58.6,58.6
2025-05-12 03:00:00,58.6,58.6,58.6,58.6
2025-05-12 04:00:00,58.6,58.6,58.6,58.6
2025-05-12 05:00:00,58.6,58.6,235.8,235.81
2025-05-12 06:00:00,58.6,58.6,293.3,295.71
2025-05-12 07:00:00,58.6,58.6,292.15,310.22
2025-05-12 08:00:00,58.6,58.6,290.92,309.96
2025-05-12 09:00:00,58.6,58.6,277.38,298.17
2025-05-12 10:00:00,58.6,58.6,58.6,310.44
2025-05-12 11:00:00,58.6,58.6,107.89,269.81
2025-05-12 12:00:00,58.6,58.6,58.6,58.6
2025-05-12 13:00:00,58.6,58.6,133.8,133.81
2025-05-12 14:00:00,58.6,58.6,283.64,295.69
2025-05-12 15:00:00,58.6,58.6,292.01,311.8
2025-05-12 16:00:00,58.6,58.6,302.7,313.78
2025-05-12 17:00:00,58.6,58.6,319.01,319.02
2025-05-12 18:00:00,58.6,58.6,321.05,321.06
2025-05-12 19:00:00,58.6,58.6,319.49,319.5
2025-05-12 20:00:00,58.6,58.6,319.14,319.15
2025-05-12 21:00:00,58.6,58.6,315.87,315.88
2025-05-12 22:00:00,58.6,58.6,300.04,312.02
2025-05-12 23:00:00,58.6,58.6,294.79,294.8
2025-05-13 00:00:00,58.6,58.6,283.79,283.8
2025-05-13 01:00:00,58.6,58.6,134.53,134.54
2025-05-13 02:00:00,58.6,58.6,58.6,58.6
2025-05-13 03:00:00,58.6,58.6,58.6,58.6
2025-05-13 04:00:00,58.6,58.6,58.6,58.6
2025-05-13 05:00:00,58.6,58.6,279.22,279.23
2025-05-13 06:00:00,58.6,58.6,290.35,297.5
2025-05-13 07:00:00,58.6,58.6,286.73,306.04
2025-05-13 08:00:00,58.6,58.6,283.59,305.95
2025-05-13 09:00:00,58.6,58.6,130.74,151.68
2025-05-13 10:00:00,58.6,58.6,58.6,152.8
2025-05-13 11:00:00,58.6,58.6,58.6,304.42
2025-05-13 12:00:00,58.6,58.6,58.6,58.6
2025-05-13 13:00:00,58.6,58.6,58.6,151.65
2025-05-13 14:00:00,58.6,58.6,135.28,305.84
2025-05-13 15:00:00,58.6,58.6,283.43,310.44
2025-05-13 16:00:00,58.6,58.6,289.29,314.77
2025-05-13 17:00:00,58.6,58.6,298.33,320.41
2025-05-13 18:00:00,58.6,58.6,310.11,318.05
2025-05-13 19:00:00,58.6,58.6,302.59,320.42
2025-05-13 20:00:00,58.6,58.6,300.23,317.64
2025-05-13 21:00:00,58.6,58.6,296.27,315.36
2025-05-13 22:00:00,58.6,58.6,293.37,305.29
2025-05-13 23:00:00,58.6,58.6,286.6,286.6
2025-05-14 00:00:00,58.6,58.6,286.05,286.06
2025-05-14 01:00:00,58.6,58.6,271.23,271.24
2025-05-14 02:00:00,58.6,58.6,58.6,58.6
2025-05-14 03:00:00,58.6,58.6,58.6,58.6
2025-05-14 04:00:00,58.6,58.6,114.44,114.45
2025-05-14 05:00:00,58.6,58.6,283.42,283.43
2025-05-14 06:00:00,58.6,58.6,292.04,304.63
2025-05-14 07:00:00,58.6,58.6,286.89,306.02
2025-05-14 08:00:00,58.6,58.6,283.82,305.17
2025-05-14 09:00:00,58.6,58.6,58.6,297.88
2025-05-14 10:00:00,58.6,58.6,58.6,267.86
2025-05-14 11:00:00,58.6,58.6,58.6,305.91
2025-05-14 12:00:00,58.6,58.6,58.6,58.6
2025-05-14 13:00:00,58.6,58.6,58.6,152.67
2025-05-14 14:00:00,58.6,58.6,129.2,307.39
2025-05-14 15:00:00,58.6,58.6,281.35,314.43
2025-05-14 16:00:00,58.6,58.6,290.49,317.84
2025-05-14 17:00:00,58.6,58.6,299.45,320.27
2025-05-14 18:00:00,58.6,58.6,318.61,320.9
2025-05-14 19:00:00,58.6,58.6,305.92,318.6
2025-05-14 20:00:00,58.6,58.6,302.11,319.65
2025-05-14 21:00:00,58.6,58.6,298.18,319.32
2025-05-14 22:00:00,58.6,58.6,295.37,311.5
2025-05-14 23:00:00,58.6,58.6,290.52,291.15
2025-05-15 00:00:00,58.6,58.6,287.85,287.86
2025-05-15 01:00:00,58.6,58.6,282.72,282.73
2025-05-15 02:00:00,58.6,58.6,271.33,271.34
2025-05-15 03:00:00,58.6,58.6,233.78,233.79
2025-05-15 04:00:00,58.6,58.6,248.32,248.33
2025-05-15 05:00:00,58.6,58.6,284.46,284.47
2025-05-15 06:00:00,58.6,58.6,289.01,304.16
2025-05-15 07:00:00,58.6,58.6,287.16,305.63
2025-05-15 08:00:00,58.6,58.6,279.95,305.84
2025-05-15 09:00:00,58.6,58.6,58.6,303.54
2025-05-15 10:00:00,58.6,58.6,58.6,306.87
2025-05-15 11:00:00,58.6,58.6,58.6,306.17
2025-05-15 12:00:00,58.6,58.6,58.6,58.6
2025-05-15 13:00:00,58.6,58.6,58.6,152.76
2025-05-15 14:00:00,58.6,58.6,133.42,310.47
2025-05-15 15:00:00,58.6,58.6,284.65,316.32
2025-05-15 16:00:00,58.6,58.6,292.4,319.16
2025-05-15 17:00:00,80.81,80.8,303.34,320.46
2025-05-15 18:00:00,58.6,58.6,323.08,323.09
2025-05-15 19:00:00,58.6,58.6,313.12,320.78
2025-05-15 20:00:00,58.6,58.6,305.75,318.28
2025-05-15 21:00:00,58.6,58.6,300.95,319.71
2025-05-15 22:00:00,58.6,58.6,296.94,311.01
2025-05-15 23:00:00,58.6,58.6,293.11,297.54
2025-05-16 00:00:00,58.6,58.6,287.85,287.86
2025-05-16 01:00:00,58.6,58.6,282.72,282.73
2025-05-16 02:00:00,58.6,58.6,271.33,271.34
2025-05-16 03:00:00,58.6,58.6,233.78,233.79
2025-05-16 04:00:00,58.6,58.6,248.32,248.33
2025-05-16 05:00:00,58.6,58.6,284.46,284.47
2025-05-16 06:00:00,58.6,58.6,289.01,304.16
2025-05-16 07:00:00,58.6,58.6,287.16,305.63
2025-05-16 08:00:00,58.6,58.6,279.95,305.84
2025-05-16 09:00:00,58.6,58.6,58.6,303.54
2025-05-16 10:00:00,58.6,58.6,58.6,306.87
2025-05-16 11:00:00,58.6,58.6,58.6,306.17
2025-05-16 12:00:00,58.6,58.6,58.6,58.6
2025-05-16 13:00:00,58.6,58.6,58.6,152.76
2025-05-16 14:00:00,58.6,58.6,133.42,310.47
2025-05-16 15:00:00,58.6,58.6,284.65,316.32
2025-05-16 16:00:00,58.6,58.6,292.4,319.16
2025-05-16 17:00:00,80.81,80.8,303.34,320.46
2025-05-16 18:00:00,58.6,58.6,323.08,323.09
2025-05-16 19:00:00,58.6,58.6,313.12,320.78
2025-05-16 20:00:00,58.6,58.6,305.75,318.28
2025-05-16 21:00:00,58.6,58.6,300.95,319.71
2025-05-16 22:00:00,58.6,58.6,296.94,311.01
2025-05-16 23:00:00,58.6,58.6,293.11,297.54
2025-05-17 00:00:00,58.6,58.6,272.21,272.22
2025-05-17 01:00:00,58.6,58.6,253.72,253.73
2025-05-17 02:00:00,58.6,58.6,228.96,228.97
2025-05-17 03:00:00,58.6,58.6,201.23,201.24
2025-05-17 04:00:00,58.6,58.6,183.32,183.33
2025-05-17 05:00:00,58.6,58.6,186.9,186.91
2025-05-17 06:00:00,58.6,58.6,188.34,188.35
2025-05-17 07:00:00,58.6,58.6,82.53,82.54
2025-05-17 08:00:00,58.6,58.6,58.6,58.6
2025-05-17 09:00:00,58.6,58.6,58.6,58.6
2025-05-17 10:00:00,58.6,58.6,58.6,58.6
2025-05-17 11:00:00,58.6,58.6,58.6,58.6
2025-05-17 12:00:00,58.6,58.6,58.6,58.6
2025-05-17 13:00:00,58.6,58.6,58.6,58.6
2025-05-17 14:00:00,58.6,58.6,58.6,58.6
2025-05-17 15:00:00,58.6,58.6,58.6,58.6
2025-05-17 16:00:00,58.6,58.6,221.51,221.52
2025-05-17 17:00:00,58.6,58.6,293.36,293.37
2025-05-17 18:00:00,58.6,58.6,305.94,316.81
2025-05-17 19:00:00,58.6,58.6,300.28,314.21
2025-05-17 20:00:00,58.6,58.6,300.44,300.45
2025-05-17 21:00:00,58.6,58.6,293.61,293.62
2025-05-17 22:00:00,58.6,58.6,282.78,282.79
2025-05-17 23:00:00,58.6,58.6,274.28,274.29
2025-05-18 00:00:00,58.6,58.6,252.41,252.41
2025-05-18 01:00:00,58.6,58.6,58.6,58.6
2025-05-18 02:00:00,58.6,58.6,58.6,58.6
2025-05-18 03:00:00,58.6,58.6,58.6,58.6
2025-05-18 04:00:00,58.6,58.6,58.6,58.6
2025-05-18 05:00:00,58.6,58.6,58.6,58.6
2025-05-18 06:00:00,58.6,58.6,58.6,58.6
2025-05-18 07:00:00,58.6,58.6,58.6,58.6
2025-05-18 08:00:00,58.6,58.6,58.6,58.6
2025-05-18 09:00:00,58.6,58.6,58.6,58.6
2025-05-18 10:00:00,58.6,58.6,58.6,58.6
2025-05-18 11:00:00,58.6,58.6,58.6,58.6
2025-05-18 12:00:00,58.6,58.6,58.6,58.6
2025-05-18 13:00:00,58.6,58.6,58.6,58.6
2025-05-18 14:00:00,58.6,58.6,58.6,58.6
2025-05-18 15:00:00,58.6,58.6,58.6,58.6
2025-05-18 16:00:00,58.6,58.6,123.45,123.46
2025-05-18 17:00:00,58.6,58.6,291.92,295.11
2025-05-18 18:00:00,58.6,58.6,300.35,319.93
2025-05-18 19:00:00,58.6,58.6,298.92,315.87
2025-05-18 20:00:00,58.6,58.6,296.66,314.61
2025-05-18 21:00:00,58.6,58.6,292.87,306.33
2025-05-18 22:00:00,58.6,58.6,290.05,295.66
2025-05-18 23:00:00,58.6,58.6,283.24,283.25
2025-05-19 00:00:00,135.5,135.51,135.51,135.52
2025-05-19 01:00:00,58.6,58.6,58.6,58.6
2025-05-19 02:00:00,58.6,58.6,58.6,58.6
2025-05-19 03:00:00,58.6,58.6,58.6,58.6
2025-05-19 04:00:00,58.6,58.6,58.6,58.6
2025-05-19 05:00:00,58.6,58.6,138.48,138.49
2025-05-19 06:00:00,58.6,58.6,288.33,296.1
2025-05-19 07:00:00,58.6,58.6,285.49,310.49
2025-05-19 08:00:00,58.6,58.6,280.75,310.8
2025-05-19 09:00:00,58.6,58.6,129.46,308.11
2025-05-19 10:00:00,58.6,58.6,58.6,312.02
2025-05-19 11:00:00,58.6,58.6,58.6,311.3
2025-05-19 12:00:00,58.6,58.6,58.6,58.6
2025-05-19 13:00:00,58.6,58.6,58.6,308.37
2025-05-19 14:00:00,96.06,96.07,132.58,310.67
2025-05-19 15:00:00,257.37,257.37,282.71,312.42
2025-05-19 16:00:00,287.42,287.41,296.58,314.77
2025-05-19 17:00:00,311.62,311.61,315.87,319.38
2025-05-19 18:00:00,296.28,296.28,322.67,322.68
2025-05-19 19:00:00,282.47,282.47,322.35,322.36
2025-05-19 20:00:00,278.47,278.48,318.58,319.55
2025-05-19 21:00:00,279.37,279.38,310.65,317.72
2025-05-19 22:00:00,279.08,279.08,301.25,313.43
2025-05-19 23:00:00,279.23,279.24,294.6,295.78
2025-05-20 00:00:00,280.21,280.22,287.65,287.65
2025-05-20 01:00:00,280.16,280.17,281.54,281.55
2025-05-20 02:00:00,278.96,278.97,278.97,278.98
2025-05-20 03:00:00,279.17,279.17,279.17,279.18
2025-05-20 04:00:00,279.65,279.66,279.66,279.67
2025-05-20 05:00:00,286.78,286.79,286.79,286.8
2025-05-20 06:00:00,283.24,283.25,294.57,297.32
2025-05-20 07:00:00,273.65,273.65,291.69,305.29
2025-05-20 08:00:00,267.47,267.48,286.0,309.16
2025-05-20 09:00:00,267.32,267.47,269.15,303.51
2025-05-20 10:00:00,222.83,222.84,222.84,311.37
2025-05-20 11:00:00,228.08,228.08,228.08,311.36
2025-05-20 12:00:00,234.53,234.53,234.53,279.01
2025-05-20 13:00:00,270.58,270.58,270.58,311.04
2025-05-20 14:00:00,283.38,283.39,283.39,311.81
2025-05-20 15:00:00,292.15,292.16,292.16,313.48
2025-05-20 16:00:00,307.36,307.35,307.36,315.64
2025-05-20 17:00:00,321.15,321.14,321.15,321.18
2025-05-20 18:00:00,324.36,324.36,324.37,324.38
2025-05-20 19:00:00,307.7,307.7,321.0,321.01
2025-05-20 20:00:00,295.4,295.4,320.37,320.58
2025-05-20 21:00:00,286.94,286.94,314.92,319.13
2025-05-20 22:00:00,287.37,287.36,303.1,312.85
2025-05-20 23:00:00,286.98,286.98,296.54,296.54
2025-05-21 00:00:00,291.51,291.52,291.52,291.53
2025-05-21 01:00:00,287.9,287.9,287.9,287.91
2025-05-21 02:00:00,287.62,287.63,287.63,287.64
2025-05-21 03:00:00,286.25,286.25,286.25,286.26
2025-05-21 04:00:00,286.58,286.58,286.58,286.59
2025-05-21 05:00:00,290.3,290.31,290.31,290.32
2025-05-21 06:00:00,291.82,291.83,295.27,298.78
2025-05-21 07:00:00,282.37,282.37,291.54,319.6
2025-05-21 08:00:00,276.65,276.66,285.63,324.21
2025-05-21 09:00:00,270.87,270.88,270.88,329.64
2025-05-21 10:00:00,264.28,264.29,264.29,336.69
2025-05-21 11:00:00,264.19,264.19,264.19,337.19
2025-05-21 12:00:00,259.54,259.55,259.55,334.85
2025-05-21 13:00:00,273.68,273.68,273.68,336.26
2025-05-21 14:00:00,283.19,283.19,283.19,335.78
2025-05-21 15:00:00,291.37,291.37,291.38,337.85
2025-05-21 16:00:00,303.98,303.98,303.99,338.93
2025-05-21 17:00:00,320.86,320.85,320.86,341.52
2025-05-21 18:00:00,314.87,314.86,341.22,348.6
2025-05-21 19:00:00,294.01,294.01,330.19,345.45
2025-05-21 20:00:00,287.89,287.88,322.29,339.57
2025-05-21 21:00:00,287.81,287.81,316.12,337.46
2025-05-21 22:00:00,287.76,287.76,302.61,335.43
2025-05-21 23:00:00,287.12,287.13,298.08,298.09
2025-05-22 00:00:00,294.5,294.51,294.51,294.52
2025-05-22 01:00:00,290.71,290.71,290.71,290.72
2025-05-22 02:00:00,287.84,287.85,287.85,287.86
2025-05-22 03:00:00,285.82,285.82,285.82,285.83
2025-05-22 04:00:00,287.02,287.02,287.02,287.03
2025-05-22 05:00:00,291.95,291.95,291.96,291.97
2025-05-22 06:00:00,294.48,294.49,295.38,295.5
2025-05-22 07:00:00,284.3,284.31,292.37,303.93
2025-05-22 08:00:00,281.96,281.97,285.32,312.4
2025-05-22 09:00:00,274.51,274.52,274.52,314.81
2025-05-22 10:00:00,259.35,259.36,259.36,332.79
2025-05-22 11:00:00,262.37,262.38,262.38,332.15
2025-05-22 12:00:00,264.98,264.99,264.99,298.99
2025-05-22 13:00:00,275.46,275.46,275.46,327.77
2025-05-22 14:00:00,285.38,285.39,285.39,328.24
2025-05-22 15:00:00,294.05,294.05,294.05,328.76
2025-05-22 16:00:00,304.45,304.45,304.46,333.51
2025-05-22 17:00:00,320.72,320.72,320.73,335.68
2025-05-22 18:00:00,315.5,315.49,331.21,340.44
2025-05-22 19:00:00,299.16,299.16,320.73,338.92
2025-05-22 20:00:00,293.38,293.37,315.52,335.96
2025-05-22 21:00:00,293.34,293.33,311.93,333.36
2025-05-22 22:00:00,293.3,293.3,301.66,328.69
2025-05-22 23:00:00,293.06,293.07,297.56,297.57
2025-05-23 00:00:00,290.97,290.98,291.18,291.19
2025-05-23 01:00:00,289.37,289.38,289.38,289.39
2025-05-23 02:00:00,286.57,286.58,286.58,286.59
2025-05-23 03:00:00,286.51,286.52,286.52,286.53
2025-05-23 04:00:00,287.32,287.33,287.33,287.34
2025-05-23 05:00:00,290.77,290.78,290.78,290.79
2025-05-23 06:00:00,293.5,293.5,297.31,301.17
2025-05-23 07:00:00,289.24,289.25,294.19,324.02
2025-05-23 08:00:00,278.89,278.9,287.77,326.34
2025-05-23 09:00:00,277.91,277.92,277.92,322.94
2025-05-23 10:00:00,260.01,260.02,260.02,340.73
2025-05-23 11:00:00,262.89,262.89,262.89,339.48
2025-05-23 12:00:00,263.75,263.75,263.75,300.7
2025-05-23 13:00:00,270.6,270.6,270.6,335.51
2025-05-23 14:00:00,281.58,281.58,281.58,336.7
2025-05-23 15:00:00,292.63,292.64,292.64,338.45
2025-05-23 16:00:00,304.11,304.11,304.12,340.73
2025-05-23 17:00:00,320.1,320.1,320.11,343.78
2025-05-23 18:00:00,314.65,314.64,326.23,348.7
2025-05-23 19:00:00,307.25,307.24,321.99,344.34
2025-05-23 20:00:00,299.09,299.09,311.39,339.18
2025-05-23 21:00:00,296.55,296.55,307.96,335.02
2025-05-23 22:00:00,296.94,296.94,303.23,321.13
2025-05-23 23:00:00,296.93,296.94,298.58,298.59
2025-05-24 00:00:00,227.06,227.07,259.86,259.87
2025-05-24 01:00:00,172.37,172.38,208.21,208.22
2025-05-24 02:00:00,173.32,173.32,173.33,173.33
2025-05-24 03:00:00,58.6,58.6,101.33,101.34
2025-05-24 04:00:00,101.17,101.18,101.2,101.2
2025-05-24 05:00:00,133.35,133.36,150.81,150.82
2025-05-24 06:00:00,58.6,58.6,170.12,170.13
2025-05-24 07:00:00,58.6,58.6,58.6,58.6
2025-05-24 08:00:00,58.6,58.6,58.6,58.6
2025-05-24 09:00:00,58.6,58.6,58.6,58.6
2025-05-24 10:00:00,58.6,58.6,58.6,58.6
2025-05-24 11:00:00,58.6,58.6,58.6,58.6
2025-05-24 12:00:00,58.6,58.6,58.6,58.6
2025-05-24 13:00:00,58.6,58.6,58.6,58.6
2025-05-24 14:00:00,58.6,58.6,58.6,58.6
2025-05-24 15:00:00,58.6,58.6,58.6,58.6
2025-05-24 16:00:00,61.85,61.86,271.15,271.16
2025-05-24 17:00:00,280.33,280.34,300.44,301.18
2025-05-24 18:00:00,222.57,222.58,310.48,310.49
2025-05-24 19:00:00,58.6,58.6,306.08,307.35
2025-05-24 20:00:00,58.6,58.6,302.55,302.56
2025-05-24 21:00:00,58.6,58.6,296.94,296.95
2025-05-24 22:00:00,58.6,58.6,290.28,290.29
2025-05-24 23:00:00,61.17,61.18,282.2,282.21
2025-05-25 00:00:00,58.6,58.6,146.43,146.44
2025-05-25 01:00:00,58.6,58.6,58.6,58.6
2025-05-25 02:00:00,58.6,58.6,58.6,58.6
2025-05-25 03:00:00,58.6,58.6,58.6,58.6
2025-05-25 04:00:00,58.6,58.6,58.6,58.6
2025-05-25 05:00:00,58.6,58.6,58.6,58.6
2025-05-25 06:00:00,58.6,58.6,58.6,58.6
2025-05-25 07:00:00,58.6,58.6,58.6,58.6
2025-05-25 08:00:00,58.6,58.6,58.6,58.6
2025-05-25 09:00:00,58.6,58.6,58.6,58.6
2025-05-25 10:00:00,58.6,58.6,58.6,58.6
2025-05-25 11:00:00,58.6,58.6,58.6,58.6
2025-05-25 12:00:00,58.6,58.6,58.6,58.6
2025-05-25 13:00:00,58.6,58.6,58.6,58.6
2025-05-25 14:00:00,58.6,58.6,58.6,58.6
2025-05-25 15:00:00,58.6,58.6,58.6,58.6
2025-05-25 16:00:00,58.6,58.6,108.7,108.71
2025-05-25 17:00:00,58.6,58.6,290.8,290.8
2025-05-25 18:00:00,58.6,58.6,308.23,308.24
2025-05-25 19:00:00,58.6,58.6,305.2,305.4
2025-05-25 20:00:00,58.6,58.6,298.8,298.81
2025-05-25 21:00:00,58.6,58.6,294.48,294.49
2025-05-25 22:00:00,58.6,58.6,288.8,288.81
2025-05-25 23:00:00,58.6,58.6,282.32,282.33
2025-05-26 00:00:00,58.6,58.6,132.21,132.22
2025-05-26 01:00:00,58.6,58.6,58.6,58.6
2025-05-26 02:00:00,58.6,58.6,58.6,58.6
2025-05-26 03:00:00,58.6,58.6,58.6,58.6
2025-05-26 04:00:00,58.6,58.6,58.6,58.6
2025-05-26 05:00:00,58.6,58.6,141.96,141.97
2025-05-26 06:00:00,58.6,79.62,294.19,294.2
2025-05-26 07:00:00,58.6,58.6,292.14,307.54
2025-05-26 08:00:00,58.6,58.6,285.56,308.27
2025-05-26 09:00:00,58.6,58.6,134.85,306.83
2025-05-26 10:00:00,58.6,58.6,58.6,309.21
2025-05-26 11:00:00,58.6,58.6,58.6,308.76
2025-05-26 12:00:00,58.6,58.6,58.6,58.6
2025-05-26 13:00:00,58.6,58.6,58.6,307.51
2025-05-26 14:00:00,58.6,58.6,135.54,308.6
2025-05-26 15:00:00,58.6,58.6,286.4,310.3
2025-05-26 16:00:00,237.58,237.59,299.26,313.52
2025-05-26 17:00:00,315.91,315.92,316.41,316.42
2025-05-26 18:00:00,256.59,256.6,322.26,322.27
2025-05-26 19:00:00,155.44,155.45,318.49,318.5
2025-05-26 20:00:00,64.64,64.65,315.26,315.27
2025-05-26 21:00:00,154.34,154.35,310.42,311.89
2025-05-26 22:00:00,128.43,150.74,303.26,306.2
2025-05-26 23:00:00,154.58,154.59,295.17,295.18
2025-05-27 00:00:00,58.6,58.6,292.37,292.38
2025-05-27 01:00:00,58.6,62.02,276.99,276.99
2025-05-27 02:00:00,58.6,58.6,114.6,114.61
2025-05-27 03:00:00,93.01,93.02,93.02,93.03
2025-05-27 04:00:00,90.43,90.44,143.13,143.14
2025-05-27 05:00:00,115.16,138.98,283.14,283.15
2025-05-27 06:00:00,58.6,80.57,297.76,297.77
2025-05-27 07:00:00,58.6,58.6,297.2,300.81
2025-05-27 08:00:00,58.6,58.6,293.69,295.03
2025-05-27 09:00:00,58.6,58.6,143.32,296.9
2025-05-27 10:00:00,58.6,58.6,58.6,306.31
2025-05-27 11:00:00,58.6,58.6,58.6,306.25
2025-05-27 12:00:00,58.6,58.6,58.6,58.6
2025-05-27 13:00:00,58.6,58.6,58.6,302.68
2025-05-27 14:00:00,135.07,135.08,280.02,307.95
2025-05-27 15:00:00,256.24,256.25,294.16,310.28
2025-05-27 16:00:00,290.45,290.45,305.61,312.03
2025-05-27 17:00:00,321.31,321.31,321.32,321.33
2025-05-27 18:00:00,289.36,289.37,323.18,323.19
2025-05-27 19:00:00,270.77,270.78,321.42,321.43
2025-05-27 20:00:00,262.48,262.49,316.49,316.5
2025-05-27 21:00:00,262.98,262.99,312.11,312.2
2025-05-27 22:00:00,263.46,263.47,304.48,306.87
2025-05-27 23:00:00,262.38,262.89,297.67,297.68
2025-05-28 00:00:00,271.75,271.76,290.06,290.07
2025-05-28 01:00:00,271.7,271.71,277.76,277.77
2025-05-28 02:00:00,269.6,269.61,269.61,269.62
2025-05-28 03:00:00,271.61,271.62,271.62,271.63
2025-05-28 04:00:00,272.28,272.29,272.29,272.3
2025-05-28 05:00:00,277.4,278.77,282.44,282.45
2025-05-28 06:00:00,271.11,277.99,296.53,296.54
2025-05-28 07:00:00,250.72,258.34,295.85,295.86
2025-05-28 08:00:00,58.6,77.48,295.96,295.96
2025-05-28 09:00:00,58.6,79.77,287.83,304.36
2025-05-28 10:00:00,246.64,249.08,278.4,304.56
2025-05-28 11:00:00,258.35,259.39,271.79,304.25
2025-05-28 12:00:00,258.62,258.63,258.64,278.67
2025-05-28 13:00:00,269.8,269.81,280.46,300.12
2025-05-28 14:00:00,281.84,281.85,291.2,302.62
2025-05-28 15:00:00,293.39,293.39,298.32,303.66
2025-05-28 16:00:00,310.14,310.14,310.15,310.16
2025-05-28 17:00:00,318.78,318.78,318.78,318.79
2025-05-28 18:00:00,317.34,317.34,320.21,320.22
2025-05-28 19:00:00,299.44,299.45,319.17,319.17
2025-05-28 20:00:00,294.96,294.97,315.63,315.64
2025-05-28 21:00:00,294.57,294.58,312.29,312.29
2025-05-28 22:00:00,296.34,296.35,305.41,305.46
2025-05-28 23:00:00,294.89,294.9,298.54,298.55
2025-05-29 00:00:00,294.27,294.27,294.27,294.28
2025-05-29 01:00:00,292.05,292.06,292.06,292.07
2025-05-29 02:00:00,290.59,290.59,290.59,290.6
2025-05-29 03:00:00,289.58,289.59,289.59,289.6
2025-05-29 04:00:00,290.11,290.11,290.11,290.12
2025-05-29 05:00:00,293.58,293.59,293.59,293.6
2025-05-29 06:00:00,297.16,297.17,297.17,297.18
2025-05-29 07:00:00,293.56,293.57,294.52,294.53
2025-05-29 08:00:00,289.82,289.83,290.05,290.06
2025-05-29 09:00:00,287.46,287.47,287.47,287.48
2025-05-29 10:00:00,286.35,286.35,286.35,292.83
2025-05-29 11:00:00,284.12,284.13,284.13,290.69
2025-05-29 12:00:00,267.31,267.31,267.31,267.32
2025-05-29 13:00:00,282.55,282.56,282.56,282.57
2025-05-29 14:00:00,289.72,289.72,289.72,300.21
2025-05-29 15:00:00,296.49,296.49,296.49,302.79
2025-05-29 16:00:00,306.39,306.39,306.4,307.87
2025-05-29 17:00:00,317.4,317.39,317.4,317.41
2025-05-29 18:00:00,318.9,318.89,318.97,318.98
2025-05-29 19:00:00,303.84,303.84,317.54,317.55
2025-05-29 20:00:00,300.98,300.98,314.45,314.46
2025-05-29 21:00:00,297.88,297.89,312.04,312.05
2025-05-29 22:00:00,300.35,300.36,304.29,305.29
2025-05-29 23:00:00,298.48,298.49,298.51,298.52
2025-05-30 00:00:00,298.67,298.68,298.68,298.69
2025-05-30 01:00:00,295.86,295.86,295.86,295.87
2025-05-30 02:00:00,295.0,295.01,295.01,295.02
2025-05-30 03:00:00,294.97,294.97,294.97,294.98
2025-05-30 04:00:00,294.53,294.53,294.53,294.54
2025-05-30 05:00:00,297.51,297.52,297.52,297.53
2025-05-30 06:00:00,300.53,300.53,300.53,300.54
2025-05-30 07:00:00,297.3,297.31,297.31,297.32
2025-05-30 08:00:00,294.21,294.22,294.22,294.23
2025-05-30 09:00:00,289.34,289.35,289.35,289.36
2025-05-30 10:00:00,288.1,288.1,288.1,288.11
2025-05-30 11:00:00,286.7,286.7,286.7,291.3
2025-05-30 12:00:00,273.8,273.81,273.81,273.82
2025-05-30 13:00:00,285.15,285.16,285.16,285.17
2025-05-30 14:00:00,292.81,292.81,292.81,294.75
2025-05-30 15:00:00,297.73,297.73,297.73,299.4
2025-05-30 16:00:00,305.64,305.64,305.64,305.65
2025-05-30 17:00:00,316.52,316.53,316.53,316.54
2025-05-30 18:00:00,317.77,317.78,317.78,317.79
2025-05-30 19:00:00,311.87,311.87,313.85,314.15
2025-05-30 20:00:00,307.17,307.17,309.87,311.05
2025-05-30 21:00:00,302.15,302.15,305.35,307.93
2025-05-30 22:00:00,301.46,301.47,301.47,301.48
2025-05-30 23:00:00,297.15,297.16,297.16,297.17
2025-05-31 00:00:00,307.38,307.39,307.39,307.4
2025-05-31 01:00:00,302.29,302.3,302.3,302.31
2025-05-31 02:00:00,301.37,301.38,301.38,301.39
2025-05-31 03:00:00,298.74,298.74,298.74,298.75
2025-05-31 04:00:00,300.43,300.43,300.43,300.44
2025-05-31 05:00:00,301.49,301.5,301.5,301.51
2025-05-31 06:00:00,301.23,301.24,301.24,301.25
2025-05-31 07:00:00,287.68,287.69,287.69,287.7
2025-05-31 08:00:00,107.78,107.79,107.79,107.8
2025-05-31 09:00:00,58.6,58.6,58.6,58.6
2025-05-31 10:00:00,58.6,58.6,58.6,58.6
2025-05-31 11:00:00,58.6,58.6,58.6,58.6
2025-05-31 12:00:00,58.6,58.6,58.6,58.6
2025-05-31 13:00:00,58.6,58.6,58.6,58.6
2025-05-31 14:00:00,58.6,58.6,58.6,58.6
2025-05-31 15:00:00,281.32,281.33,281.33,281.34
2025-05-31 16:00:00,308.0,308.0,308.0,308.01
2025-05-31 17:00:00,320.08,320.08,320.08,320.09
2025-05-31 18:00:00,320.09,320.1,320.1,320.11
2025-05-31 19:00:00,316.36,316.37,316.39,316.4
2025-05-31 20:00:00,306.29,306.3,314.03,314.04
2025-05-31 21:00:00,306.26,306.27,311.54,311.55
2025-05-31 22:00:00,305.47,305.48,306.9,306.91
2025-05-31 23:00:00,301.12,301.13,302.13,302.14
2025-06-01 00:00:00,303.9,303.91,303.91,303.92
2025-06-01 01:00:00,297.83,297.83,297.83,297.84
2025-06-01 02:00:00,255.52,255.52,255.52,255.53
2025-06-01 03:00:00,186.57,186.58,186.57,186.58
2025-06-01 04:00:00,194.92,194.93,194.93,194.94
2025-06-01 05:00:00,220.06,220.07,220.07,220.08
2025-06-01 06:00:00,118.29,118.3,118.29,118.3
2025-06-01 07:00:00,58.6,58.6,58.6,58.6
2025-06-01 08:00:00,58.6,58.6,58.6,58.6
2025-06-01 09:00:00,58.6,58.6,58.6,58.6
2025-06-01 10:00:00,58.6,58.6,58.6,58.6
2025-06-01 11:00:00,58.6,58.6,58.6,58.6
2025-06-01 12:00:00,58.6,58.6,58.6,58.6
2025-06-01 13:00:00,58.6,58.6,58.6,58.6
2025-06-01 14:00:00,58.6,58.6,58.6,58.6
2025-06-01 15:00:00,58.6,58.6,58.6,58.6
2025-06-01 16:00:00,297.94,297.94,297.94,297.95
2025-06-01 17:00:00,316.14,316.15,316.15,316.16
2025-06-01 18:00:00,319.62,319.63,319.63,319.64
2025-06-01 19:00:00,314.43,314.44,314.44,314.45
2025-06-01 20:00:00,310.9,310.91,310.92,310.93
2025-06-01 21:00:00,309.73,309.74,309.75,309.76
2025-06-01 22:00:00,300.59,301.29,304.05,304.06
2025-06-01 23:00:00,296.6,296.6,296.61,296.62
2025-06-02 00:00:00,304.5,304.51,304.51,304.52
2025-06-02 01:00:00,299.22,299.23,299.23,299.24
2025-06-02 02:00:00,284.41,284.42,284.42,284.43
2025-06-02 03:00:00,287.42,287.43,287.43,287.44
2025-06-02 04:00:00,292.44,292.45,292.45,292.46
2025-06-02 05:00:00,303.61,303.62,303.62,303.63
2025-06-02 06:00:00,309.52,309.53,309.53,309.54
2025-06-02 07:00:00,295.35,297.67,306.82,306.83
2025-06-02 08:00:00,244.66,253.7,305.11,305.12
2025-06-02 09:00:00,58.6,165.79,269.88,271.33
2025-06-02 10:00:00,165.23,165.24,165.24,172.05
2025-06-02 11:00:00,58.6,58.6,58.6,58.6
2025-06-02 12:00:00,58.6,58.6,58.6,58.6
2025-06-02 13:00:00,259.84,259.85,259.85,259.86
2025-06-02 14:00:00,303.45,303.46,303.46,311.27
2025-06-02 15:00:00,312.18,312.19,312.19,312.2
2025-06-02 16:00:00,317.77,317.77,317.77,317.78
2025-06-02 17:00:00,324.19,324.2,324.2,324.21
2025-06-02 18:00:00,325.85,325.86,325.86,325.87
2025-06-02 19:00:00,318.68,318.69,321.5,321.51
2025-06-02 20:00:00,312.24,312.97,319.81,319.82
2025-06-02 21:00:00,311.6,312.65,318.53,318.54
2025-06-02 22:00:00,311.98,312.4,314.75,314.76
2025-06-02 23:00:00,309.63,309.79,310.42,310.43
2025-06-03 00:00:00,309.77,309.78,309.78,309.79
2025-06-03 01:00:00,306.1,306.11,306.11,306.12
2025-06-03 02:00:00,304.71,304.72,304.72,304.73
2025-06-03 03:00:00,301.91,301.92,301.92,301.93
2025-06-03 04:00:00,304.71,304.72,304.72,304.73
2025-06-03 05:00:00,308.54,308.55,308.55,308.56
2025-06-03 06:00:00,312.17,312.18,312.19,312.2
2025-06-03 07:00:00,247.94,257.96,312.21,312.22
2025-06-03 08:00:00,58.6,151.81,310.82,310.97
2025-06-03 09:00:00,58.6,167.94,304.71,307.56
2025-06-03 10:00:00,58.6,173.5,206.95,310.56
2025-06-03 11:00:00,58.6,58.6,58.6,311.35
2025-06-03 12:00:00,58.6,58.6,58.6,58.6
2025-06-03 13:00:00,290.57,290.58,290.58,296.69
2025-06-03 14:00:00,308.78,308.79,308.79,311.11
2025-06-03 15:00:00,313.77,313.78,313.78,313.79
2025-06-03 16:00:00,318.74,318.75,318.75,318.76
2025-06-03 17:00:00,326.33,326.34,326.34,326.35
2025-06-03 18:00:00,327.52,327.53,327.53,327.54
2025-06-03 19:00:00,324.67,324.68,324.68,324.69
2025-06-03 20:00:00,318.2,318.21,321.26,321.27
2025-06-03 21:00:00,313.7,313.71,319.57,319.58
2025-06-03 22:00:00,313.8,313.81,316.13,316.14
2025-06-03 23:00:00,312.68,312.68,312.69,312.7
