Timestamp,Austria
2022-01-01 00:00:00,59.51
2022-01-01 00:15:00,57.1
2022-01-01 00:30:00,-39.66
2022-01-01 00:45:00,-40.03
2022-01-01 01:00:00,58.5
2022-01-01 01:15:00,46.1
2022-01-01 01:30:00,-42.93
2022-01-01 01:45:00,-46.62
2022-01-01 02:00:00,51.06
2022-01-01 02:15:00,11.63
2022-01-01 02:30:00,-37.23
2022-01-01 02:45:00,-41.58
2022-01-01 03:00:00,22.43
2022-01-01 03:15:00,-21.97
2022-01-01 03:30:00,-27.94
2022-01-01 03:45:00,-29.79
2022-01-01 04:00:00,-11.34
2022-01-01 04:15:00,-12.84
2022-01-01 04:30:00,-9.99
2022-01-01 04:45:00,-9.06
2022-01-01 05:00:00,28.69
2022-01-01 05:15:00,22.19
2022-01-01 05:30:00,18.53
2022-01-01 05:45:00,9.7
2022-01-01 06:00:00,23.18
2022-01-01 06:15:00,35.0
2022-01-01 06:30:00,58.5
2022-01-01 06:45:00,63.92
2022-01-01 07:00:00,34.93
2022-01-01 07:15:00,45.37
2022-01-01 07:30:00,58.5
2022-01-01 07:45:00,90.09
2022-01-01 08:00:00,56.45
2022-01-01 08:15:00,58.5
2022-01-01 08:30:00,62.94
2022-01-01 08:45:00,83.5
2022-01-01 09:00:00,70.05
2022-01-01 09:15:00,76.78
2022-01-01 09:30:00,77.87
2022-01-01 09:45:00,83.5
2022-01-01 10:00:00,83.5
2022-01-01 10:15:00,86.19
2022-01-01 10:30:00,88.88
2022-01-01 10:45:00,83.5
2022-01-01 11:00:00,86.73
2022-01-01 11:15:00,95.01
2022-01-01 11:30:00,83.5
2022-01-01 11:45:00,80.06
2022-01-01 12:00:00,125.02
2022-01-01 12:15:00,84.33
2022-01-01 12:30:00,80.99
2022-01-01 12:45:00,58.5
2022-01-01 13:00:00,100.09
2022-01-01 13:15:00,87.86
2022-01-01 13:30:00,82.91
2022-01-01 13:45:00,77.1
2022-01-01 14:00:00,100.04
2022-01-01 14:15:00,85.37
2022-01-01 14:30:00,83.52
2022-01-01 14:45:00,83.52
2022-01-01 15:00:00,85.71
2022-01-01 15:15:00,89.06
2022-01-01 15:30:00,96.76
2022-01-01 15:45:00,94.26
2022-01-01 16:00:00,59.51
2022-01-01 16:15:00,78.66
2022-01-01 16:30:00,107.46
2022-01-01 16:45:00,155.03
2022-01-01 17:00:00,87.05
2022-01-01 17:15:00,120.05
2022-01-01 17:30:00,110.08
2022-01-01 17:45:00,131.12
2022-01-01 18:00:00,150.0
2022-01-01 18:15:00,125.09
2022-01-01 18:30:00,115.06
2022-01-01 18:45:00,88.82
2022-01-01 19:00:00,130.01
2022-01-01 19:15:00,105.36
2022-01-01 19:30:00,87.28
2022-01-01 19:45:00,81.5
2022-01-01 20:00:00,150.0
2022-01-01 20:15:00,89.5
2022-01-01 20:30:00,83.5
2022-01-01 20:45:00,65.01
2022-01-01 21:00:00,118.85
2022-01-01 21:15:00,85.2
2022-01-01 21:30:00,75.26
2022-01-01 21:45:00,76.68
2022-01-01 22:00:00,89.14
2022-01-01 22:15:00,101.15
2022-01-01 22:30:00,83.01
2022-01-01 22:45:00,65.58
2022-01-01 23:00:00,139.91
2022-01-01 23:15:00,71.79
2022-01-01 23:30:00,59.51
2022-01-01 23:45:00,58.11
2022-01-02 00:00:00,156.55
2022-01-02 00:15:00,119.91
2022-01-02 00:30:00,42.36
2022-01-02 00:45:00,35.23
2022-01-02 01:00:00,139.98
2022-01-02 01:15:00,99.91
2022-01-02 01:30:00,24.38
2022-01-02 01:45:00,19.72
2022-01-02 02:00:00,129.91
2022-01-02 02:15:00,60.55
2022-01-02 02:30:00,14.44
2022-01-02 02:45:00,12.31
2022-01-02 03:00:00,67.95
2022-01-02 03:15:00,49.91
2022-01-02 03:30:00,33.65
2022-01-02 03:45:00,8.5
2022-01-02 04:00:00,40.95
2022-01-02 04:15:00,26.16
2022-01-02 04:30:00,42.94
2022-01-02 04:45:00,49.95
2022-01-02 05:00:00,35.92
2022-01-02 05:15:00,37.95
2022-01-02 05:30:00,37.97
2022-01-02 05:45:00,79.92
2022-01-02 06:00:00,25.26
2022-01-02 06:15:00,38.25
2022-01-02 06:30:00,99.9
2022-01-02 06:45:00,129.95
2022-01-02 07:00:00,27.94
2022-01-02 07:15:00,44.38
2022-01-02 07:30:00,103.03
2022-01-02 07:45:00,157.95
2022-01-02 08:00:00,43.0
2022-01-02 08:15:00,51.57
2022-01-02 08:30:00,116.52
2022-01-02 08:45:00,172.91
2022-01-02 09:00:00,66.58
2022-01-02 09:15:00,71.54
2022-01-02 09:30:00,111.0
2022-01-02 09:45:00,146.06
2022-01-02 10:00:00,133.0
2022-01-02 10:15:00,129.91
2022-01-02 10:30:00,119.91
2022-01-02 10:45:00,119.93
2022-01-02 11:00:00,149.94
2022-01-02 11:15:00,129.95
2022-01-02 11:30:00,96.11
2022-01-02 11:45:00,80.0
2022-01-02 12:00:00,139.96
2022-01-02 12:15:00,129.92
2022-01-02 12:30:00,86.0
2022-01-02 12:45:00,72.2
2022-01-02 13:00:00,139.94
2022-01-02 13:15:00,109.38
2022-01-02 13:30:00,87.0
2022-01-02 13:45:00,84.0
2022-01-02 14:00:00,119.92
2022-01-02 14:15:00,88.97
2022-01-02 14:30:00,109.91
2022-01-02 14:45:00,80.96
2022-01-02 15:00:00,68.95
2022-01-02 15:15:00,100.2
2022-01-02 15:30:00,109.92
2022-01-02 15:45:00,119.94
2022-01-02 16:00:00,75.74
2022-01-02 16:15:00,74.0
2022-01-02 16:30:00,119.98
2022-01-02 16:45:00,150.0
2022-01-02 17:00:00,88.36
2022-01-02 17:15:00,115.81
2022-01-02 17:30:00,102.0
2022-01-02 17:45:00,114.0
2022-01-02 18:00:00,155.72
2022-01-02 18:15:00,256.98
2022-01-02 18:30:00,148.01
2022-01-02 18:45:00,109.97
2022-01-02 19:00:00,150.0
2022-01-02 19:15:00,256.92
2022-01-02 19:30:00,141.11
2022-01-02 19:45:00,129.95
2022-01-02 20:00:00,256.97
2022-01-02 20:15:00,119.99
2022-01-02 20:30:00,109.96
2022-01-02 20:45:00,119.9
2022-01-02 21:00:00,146.07
2022-01-02 21:15:00,109.94
2022-01-02 21:30:00,82.0
2022-01-02 21:45:00,66.07
2022-01-02 22:00:00,120.0
2022-01-02 22:15:00,109.94
2022-01-02 22:30:00,93.98
2022-01-02 22:45:00,96.38
2022-01-02 23:00:00,150.0
2022-01-02 23:15:00,99.94
2022-01-02 23:30:00,87.91
2022-01-02 23:45:00,50.15
2022-01-03 00:00:00,150.0
2022-01-03 00:15:00,98.5
2022-01-03 00:30:00,70.01
2022-01-03 00:45:00,53.72
2022-01-03 01:00:00,144.95
2022-01-03 01:15:00,70.1
2022-01-03 01:30:00,60.05
2022-01-03 01:45:00,25.38
2022-01-03 02:00:00,120.0
2022-01-03 02:15:00,70.06
2022-01-03 02:30:00,50.03
2022-01-03 02:45:00,34.29
2022-01-03 03:00:00,70.06
2022-01-03 03:15:00,60.04
2022-01-03 03:30:00,50.06
2022-01-03 03:45:00,60.08
2022-01-03 04:00:00,-20.0
2022-01-03 04:15:00,50.04
2022-01-03 04:30:00,80.68
2022-01-03 04:45:00,150.0
2022-01-03 05:00:00,-20.0
2022-01-03 05:15:00,50.03
2022-01-03 05:30:00,127.23
2022-01-03 05:45:00,214.98
2022-01-03 06:00:00,0.02
2022-01-03 06:15:00,75.0
2022-01-03 06:30:00,183.61
2022-01-03 06:45:00,249.98
2022-01-03 07:00:00,80.35
2022-01-03 07:15:00,169.91
2022-01-03 07:30:00,256.94
2022-01-03 07:45:00,270.98
2022-01-03 08:00:00,135.06
2022-01-03 08:15:00,185.0
2022-01-03 08:30:00,195.0
2022-01-03 08:45:00,234.99
2022-01-03 09:00:00,170.08
2022-01-03 09:15:00,200.0
2022-01-03 09:30:00,200.0
2022-01-03 09:45:00,170.0
2022-01-03 10:00:00,190.0
2022-01-03 10:15:00,175.0
2022-01-03 10:30:00,157.71
2022-01-03 10:45:00,150.06
2022-01-03 11:00:00,234.93
2022-01-03 11:15:00,199.93
2022-01-03 11:30:00,150.0
2022-01-03 11:45:00,155.0
2022-01-03 12:00:00,239.96
2022-01-03 12:15:00,214.97
2022-01-03 12:30:00,176.84
2022-01-03 12:45:00,165.0
2022-01-03 13:00:00,180.0
2022-01-03 13:15:00,170.0
2022-01-03 13:30:00,140.08
2022-01-03 13:45:00,140.05
2022-01-03 14:00:00,170.0
2022-01-03 14:15:00,165.0
2022-01-03 14:30:00,170.0
2022-01-03 14:45:00,213.2
2022-01-03 15:00:00,155.09
2022-01-03 15:15:00,160.08
2022-01-03 15:30:00,180.98
2022-01-03 15:45:00,220.0
2022-01-03 16:00:00,180.0
2022-01-03 16:15:00,175.02
2022-01-03 16:30:00,180.81
2022-01-03 16:45:00,250.0
2022-01-03 17:00:00,235.01
2022-01-03 17:15:00,219.43
2022-01-03 17:30:00,200.08
2022-01-03 17:45:00,257.47
2022-01-03 18:00:00,220.08
2022-01-03 18:15:00,180.09
2022-01-03 18:30:00,170.05
2022-01-03 18:45:00,170.01
2022-01-03 19:00:00,270.0
2022-01-03 19:15:00,239.9
2022-01-03 19:30:00,177.9
2022-01-03 19:45:00,87.68
2022-01-03 20:00:00,256.95
2022-01-03 20:15:00,196.66
2022-01-03 20:30:00,150.05
2022-01-03 20:45:00,100.06
2022-01-03 21:00:00,234.06
2022-01-03 21:15:00,200.0
2022-01-03 21:30:00,110.08
2022-01-03 21:45:00,87.69
2022-01-03 22:00:00,205.0
2022-01-03 22:15:00,174.87
2022-01-03 22:30:00,110.08
2022-01-03 22:45:00,110.05
2022-01-03 23:00:00,195.0
2022-01-03 23:15:00,150.0
2022-01-03 23:30:00,100.08
2022-01-03 23:45:00,88.6
2022-01-04 00:00:00,152.87
2022-01-04 00:15:00,126.86
2022-01-04 00:30:00,78.14
2022-01-04 00:45:00,45.0
2022-01-04 01:00:00,150.0
2022-01-04 01:15:00,104.14
2022-01-04 01:30:00,64.98
2022-01-04 01:45:00,54.9
2022-01-04 02:00:00,129.92
2022-01-04 02:15:00,74.98
2022-01-04 02:30:00,99.9
2022-01-04 02:45:00,69.79
2022-01-04 03:00:00,109.92
2022-01-04 03:15:00,99.91
2022-01-04 03:30:00,70.99
2022-01-04 03:45:00,92.27
2022-01-04 04:00:00,65.06
2022-01-04 04:15:00,69.23
2022-01-04 04:30:00,109.9
2022-01-04 04:45:00,150.0
2022-01-04 05:00:00,59.97
2022-01-04 05:15:00,70.94
2022-01-04 05:30:00,151.86
2022-01-04 05:45:00,200.85
2022-01-04 06:00:00,-9.92
2022-01-04 06:15:00,139.91
2022-01-04 06:30:00,219.62
2022-01-04 06:45:00,310.0
2022-01-04 07:00:00,69.12
2022-01-04 07:15:00,151.86
2022-01-04 07:30:00,239.68
2022-01-04 07:45:00,310.0
2022-01-04 08:00:00,152.87
2022-01-04 08:15:00,199.9
2022-01-04 08:30:00,219.95
2022-01-04 08:45:00,229.98
2022-01-04 09:00:00,199.93
2022-01-04 09:15:00,209.94
2022-01-04 09:30:00,209.9
2022-01-04 09:45:00,180.0
2022-01-04 10:00:00,216.48
2022-01-04 10:15:00,184.95
2022-01-04 10:30:00,184.96
2022-01-04 10:45:00,199.92
2022-01-04 11:00:00,229.93
2022-01-04 11:15:00,194.92
2022-01-04 11:30:00,186.51
2022-01-04 11:45:00,175.0
2022-01-04 12:00:00,249.9
2022-01-04 12:15:00,186.62
2022-01-04 12:30:00,164.93
2022-01-04 12:45:00,152.87
2022-01-04 13:00:00,249.95
2022-01-04 13:15:00,196.83
2022-01-04 13:30:00,152.87
2022-01-04 13:45:00,152.87
2022-01-04 14:00:00,209.91
2022-01-04 14:15:00,179.01
2022-01-04 14:30:00,176.86
2022-01-04 14:45:00,152.87
2022-01-04 15:00:00,181.88
2022-01-04 15:15:00,176.86
2022-01-04 15:30:00,175.0
2022-01-04 15:45:00,190.0
2022-01-04 16:00:00,146.28
2022-01-04 16:15:00,152.87
2022-01-04 16:30:00,199.19
2022-01-04 16:45:00,249.95
2022-01-04 17:00:00,151.86
2022-01-04 17:15:00,190.0
2022-01-04 17:30:00,217.47
2022-01-04 17:45:00,229.97
2022-01-04 18:00:00,199.59
2022-01-04 18:15:00,219.9
2022-01-04 18:30:00,170.0
2022-01-04 18:45:00,155.0
2022-01-04 19:00:00,255.28
2022-01-04 19:15:00,190.0
2022-01-04 19:30:00,160.0
2022-01-04 19:45:00,135.43
2022-01-04 20:00:00,267.36
2022-01-04 20:15:00,190.86
2022-01-04 20:30:00,151.86
2022-01-04 20:45:00,72.9
2022-01-04 21:00:00,209.94
2022-01-04 21:15:00,169.9
2022-01-04 21:30:00,139.91
2022-01-04 21:45:00,67.88
2022-01-04 22:00:00,179.98
2022-01-04 22:15:00,169.9
2022-01-04 22:30:00,115.47
2022-01-04 22:45:00,66.21
2022-01-04 23:00:00,179.96
2022-01-04 23:15:00,139.98
2022-01-04 23:30:00,70.09
2022-01-04 23:45:00,35.27
2022-01-05 00:00:00,159.01
2022-01-05 00:15:00,119.98
2022-01-05 00:30:00,76.28
2022-01-05 00:45:00,68.37
2022-01-05 01:00:00,150.0
2022-01-05 01:15:00,75.58
2022-01-05 01:30:00,59.95
2022-01-05 01:45:00,59.54
2022-01-05 02:00:00,119.92
2022-01-05 02:15:00,69.96
2022-01-05 02:30:00,90.22
2022-01-05 02:45:00,54.93
2022-01-05 03:00:00,64.93
2022-01-05 03:15:00,64.92
2022-01-05 03:30:00,64.97
2022-01-05 03:45:00,64.97
2022-01-05 04:00:00,44.53
2022-01-05 04:15:00,47.14
2022-01-05 04:30:00,51.72
2022-01-05 04:45:00,134.95
2022-01-05 05:00:00,-5.0
2022-01-05 05:15:00,46.28
2022-01-05 05:30:00,130.5
2022-01-05 05:45:00,169.91
2022-01-05 06:00:00,-9.91
2022-01-05 06:15:00,109.91
2022-01-05 06:30:00,158.3
2022-01-05 06:45:00,219.93
2022-01-05 07:00:00,83.07
2022-01-05 07:15:00,158.0
2022-01-05 07:30:00,183.0
2022-01-05 07:45:00,209.95
2022-01-05 08:00:00,135.24
2022-01-05 08:15:00,158.0
2022-01-05 08:30:00,158.0
2022-01-05 08:45:00,199.91
2022-01-05 09:00:00,158.0
2022-01-05 09:15:00,169.91
2022-01-05 09:30:00,158.91
2022-01-05 09:45:00,158.0
2022-01-05 10:00:00,158.0
2022-01-05 10:15:00,158.0
2022-01-05 10:30:00,159.91
2022-01-05 10:45:00,159.01
2022-01-05 11:00:00,164.92
2022-01-05 11:15:00,158.0
2022-01-05 11:30:00,158.0
2022-01-05 11:45:00,139.2
2022-01-05 12:00:00,184.0
2022-01-05 12:15:00,158.0
2022-01-05 12:30:00,151.25
2022-01-05 12:45:00,135.0
2022-01-05 13:00:00,158.0
2022-01-05 13:15:00,158.0
2022-01-05 13:30:00,149.94
2022-01-05 13:45:00,134.05
2022-01-05 14:00:00,169.93
2022-01-05 14:15:00,158.0
2022-01-05 14:30:00,158.0
2022-01-05 14:45:00,149.34
2022-01-05 15:00:00,169.92
2022-01-05 15:15:00,158.0
2022-01-05 15:30:00,158.0
2022-01-05 15:45:00,157.28
2022-01-05 16:00:00,120.16
2022-01-05 16:15:00,145.0
2022-01-05 16:30:00,170.0
2022-01-05 16:45:00,195.0
2022-01-05 17:00:00,165.0
2022-01-05 17:15:00,170.0
2022-01-05 17:30:00,198.95
2022-01-05 17:45:00,177.7
2022-01-05 18:00:00,203.32
2022-01-05 18:15:00,183.0
2022-01-05 18:30:00,158.0
2022-01-05 18:45:00,158.0
2022-01-05 19:00:00,239.94
2022-01-05 19:15:00,197.0
2022-01-05 19:30:00,158.0
2022-01-05 19:45:00,110.0
2022-01-05 20:00:00,229.93
2022-01-05 20:15:00,159.01
2022-01-05 20:30:00,159.01
2022-01-05 20:45:00,99.73
2022-01-05 21:00:00,194.03
2022-01-05 21:15:00,159.01
2022-01-05 21:30:00,133.0
2022-01-05 21:45:00,78.16
2022-01-05 22:00:00,173.43
2022-01-05 22:15:00,159.01
2022-01-05 22:30:00,125.55
2022-01-05 22:45:00,83.4
2022-01-05 23:00:00,184.5
2022-01-05 23:15:00,149.93
2022-01-05 23:30:00,96.81
2022-01-05 23:45:00,65.06
2022-01-06 00:00:00,209.02
2022-01-06 00:15:00,163.63
2022-01-06 00:30:00,84.04
2022-01-06 00:45:00,74.59
2022-01-06 01:00:00,209.02
2022-01-06 01:15:00,160.01
2022-01-06 01:30:00,86.64
2022-01-06 01:45:00,54.96
2022-01-06 02:00:00,167.75
2022-01-06 02:15:00,139.95
2022-01-06 02:30:00,109.92
2022-01-06 02:45:00,78.46
2022-01-06 03:00:00,149.95
2022-01-06 03:15:00,129.94
2022-01-06 03:30:00,106.25
2022-01-06 03:45:00,109.91
2022-01-06 04:00:00,109.97
2022-01-06 04:15:00,109.96
2022-01-06 04:30:00,123.44
2022-01-06 04:45:00,160.0
2022-01-06 05:00:00,107.42
2022-01-06 05:15:00,149.93
2022-01-06 05:30:00,169.07
2022-01-06 05:45:00,173.57
2022-01-06 06:00:00,110.0
2022-01-06 06:15:00,164.87
2022-01-06 06:30:00,208.01
2022-01-06 06:45:00,208.01
2022-01-06 07:00:00,125.1
2022-01-06 07:15:00,208.01
2022-01-06 07:30:00,224.98
2022-01-06 07:45:00,267.93
2022-01-06 08:00:00,161.81
2022-01-06 08:15:00,208.01
2022-01-06 08:30:00,279.92
2022-01-06 08:45:00,309.99
2022-01-06 09:00:00,199.97
2022-01-06 09:15:00,209.92
2022-01-06 09:30:00,239.27
2022-01-06 09:45:00,303.96
2022-01-06 10:00:00,219.41
2022-01-06 10:15:00,227.56
2022-01-06 10:30:00,239.96
2022-01-06 10:45:00,258.01
2022-01-06 11:00:00,219.92
2022-01-06 11:15:00,238.22
2022-01-06 11:30:00,239.93
2022-01-06 11:45:00,209.02
2022-01-06 12:00:00,258.07
2022-01-06 12:15:00,232.55
2022-01-06 12:30:00,209.02
2022-01-06 12:45:00,189.94
2022-01-06 13:00:00,239.96
2022-01-06 13:15:00,226.18
2022-01-06 13:30:00,208.01
2022-01-06 13:45:00,195.0
2022-01-06 14:00:00,258.04
2022-01-06 14:15:00,219.99
2022-01-06 14:30:00,209.02
2022-01-06 14:45:00,209.02
2022-01-06 15:00:00,208.01
2022-01-06 15:15:00,219.95
2022-01-06 15:30:00,247.27
2022-01-06 15:45:00,237.27
2022-01-06 16:00:00,181.58
2022-01-06 16:15:00,208.01
2022-01-06 16:30:00,271.21
2022-01-06 16:45:00,310.0
2022-01-06 17:00:00,208.01
2022-01-06 17:15:00,249.95
2022-01-06 17:30:00,283.91
2022-01-06 17:45:00,333.26
2022-01-06 18:00:00,233.01
2022-01-06 18:15:00,259.93
2022-01-06 18:30:00,264.23
2022-01-06 18:45:00,259.97
2022-01-06 19:00:00,254.26
2022-01-06 19:15:00,259.9
2022-01-06 19:30:00,210.0
2022-01-06 19:45:00,209.02
2022-01-06 20:00:00,261.9
2022-01-06 20:15:00,209.02
2022-01-06 20:30:00,190.0
2022-01-06 20:45:00,160.02
2022-01-06 21:00:00,209.02
2022-01-06 21:15:00,209.02
2022-01-06 21:30:00,178.01
2022-01-06 21:45:00,178.51
2022-01-06 22:00:00,219.96
2022-01-06 22:15:00,209.91
2022-01-06 22:30:00,179.95
2022-01-06 22:45:00,117.25
2022-01-06 23:00:00,219.98
2022-01-06 23:15:00,180.99
2022-01-06 23:30:00,110.0
2022-01-06 23:45:00,85.0
2022-01-07 00:00:00,209.39
2022-01-07 00:15:00,139.92
2022-01-07 00:30:00,119.99
2022-01-07 00:45:00,110.36
2022-01-07 01:00:00,184.5
2022-01-07 01:15:00,124.96
2022-01-07 01:30:00,109.95
2022-01-07 01:45:00,104.91
2022-01-07 02:00:00,169.91
2022-01-07 02:15:00,115.48
2022-01-07 02:30:00,104.91
2022-01-07 02:45:00,89.92
2022-01-07 03:00:00,131.17
2022-01-07 03:15:00,109.95
2022-01-07 03:30:00,104.95
2022-01-07 03:45:00,104.98
2022-01-07 04:00:00,99.95
2022-01-07 04:15:00,104.96
2022-01-07 04:30:00,131.93
2022-01-07 04:45:00,159.95
2022-01-07 05:00:00,96.67
2022-01-07 05:15:00,117.14
2022-01-07 05:30:00,159.96
2022-01-07 05:45:00,215.36
2022-01-07 06:00:00,114.95
2022-01-07 06:15:00,169.97
2022-01-07 06:30:00,214.35
2022-01-07 06:45:00,239.93
2022-01-07 07:00:00,189.92
2022-01-07 07:15:00,209.96
2022-01-07 07:30:00,214.35
2022-01-07 07:45:00,227.77
2022-01-07 08:00:00,199.96
2022-01-07 08:15:00,214.35
2022-01-07 08:30:00,214.35
2022-01-07 08:45:00,223.29
2022-01-07 09:00:00,203.12
2022-01-07 09:15:00,211.37
2022-01-07 09:30:00,199.12
2022-01-07 09:45:00,200.87
2022-01-07 10:00:00,199.1
2022-01-07 10:15:00,214.35
2022-01-07 10:30:00,197.6
2022-01-07 10:45:00,189.85
2022-01-07 11:00:00,237.12
2022-01-07 11:15:00,214.35
2022-01-07 11:30:00,229.9
2022-01-07 11:45:00,214.35
2022-01-07 12:00:00,219.54
2022-01-07 12:15:00,215.36
2022-01-07 12:30:00,214.35
2022-01-07 12:45:00,214.35
2022-01-07 13:00:00,215.36
2022-01-07 13:15:00,214.08
2022-01-07 13:30:00,189.35
2022-01-07 13:45:00,170.0
2022-01-07 14:00:00,209.96
2022-01-07 14:15:00,209.94
2022-01-07 14:30:00,214.35
2022-01-07 14:45:00,214.35
2022-01-07 15:00:00,209.94
2022-01-07 15:15:00,214.35
2022-01-07 15:30:00,214.35
2022-01-07 15:45:00,224.93
2022-01-07 16:00:00,179.94
2022-01-07 16:15:00,214.35
2022-01-07 16:30:00,223.97
2022-01-07 16:45:00,245.35
2022-01-07 17:00:00,214.35
2022-01-07 17:15:00,237.71
2022-01-07 17:30:00,224.98
2022-01-07 17:45:00,224.93
2022-01-07 18:00:00,239.35
2022-01-07 18:15:00,214.35
2022-01-07 18:30:00,214.9
2022-01-07 18:45:00,204.18
2022-01-07 19:00:00,264.91
2022-01-07 19:15:00,214.35
2022-01-07 19:30:00,212.98
2022-01-07 19:45:00,189.97
2022-01-07 20:00:00,239.35
2022-01-07 20:15:00,204.99
2022-01-07 20:30:00,214.35
2022-01-07 20:45:00,156.33
2022-01-07 21:00:00,214.93
2022-01-07 21:15:00,212.85
2022-01-07 21:30:00,164.91
2022-01-07 21:45:00,152.04
2022-01-07 22:00:00,215.36
2022-01-07 22:15:00,214.35
2022-01-07 22:30:00,149.99
2022-01-07 22:45:00,129.97
2022-01-07 23:00:00,214.35
2022-01-07 23:15:00,159.97
2022-01-07 23:30:00,134.97
2022-01-07 23:45:00,103.01
2022-01-08 00:00:00,219.14
2022-01-08 00:15:00,197.29
2022-01-08 00:30:00,162.0
2022-01-08 00:45:00,132.58
2022-01-08 01:00:00,213.0
2022-01-08 01:15:00,184.99
2022-01-08 01:30:00,147.78
2022-01-08 01:45:00,105.91
2022-01-08 02:00:00,190.93
2022-01-08 02:15:00,170.9
2022-01-08 02:30:00,143.81
2022-01-08 02:45:00,120.0
2022-01-08 03:00:00,162.93
2022-01-08 03:15:00,154.92
2022-01-08 03:30:00,154.91
2022-01-08 03:45:00,131.24
2022-01-08 04:00:00,116.96
2022-01-08 04:15:00,149.17
2022-01-08 04:30:00,162.93
2022-01-08 04:45:00,174.95
2022-01-08 05:00:00,112.97
2022-01-08 05:15:00,143.87
2022-01-08 05:30:00,197.29
2022-01-08 05:45:00,197.29
2022-01-08 06:00:00,108.71
2022-01-08 06:15:00,148.81
2022-01-08 06:30:00,197.29
2022-01-08 06:45:00,249.9
2022-01-08 07:00:00,117.47
2022-01-08 07:15:00,171.28
2022-01-08 07:30:00,239.91
2022-01-08 07:45:00,270.0
2022-01-08 08:00:00,132.62
2022-01-08 08:15:00,196.28
2022-01-08 08:30:00,239.91
2022-01-08 08:45:00,259.97
2022-01-08 09:00:00,196.28
2022-01-08 09:15:00,206.36
2022-01-08 09:30:00,229.17
2022-01-08 09:45:00,220.03
2022-01-08 10:00:00,200.99
2022-01-08 10:15:00,197.63
2022-01-08 10:30:00,208.91
2022-01-08 10:45:00,219.7
2022-01-08 11:00:00,200.75
2022-01-08 11:15:00,207.94
2022-01-08 11:30:00,208.66
2022-01-08 11:45:00,197.29
2022-01-08 12:00:00,224.14
2022-01-08 12:15:00,212.82
2022-01-08 12:30:00,197.29
2022-01-08 12:45:00,186.21
2022-01-08 13:00:00,221.28
2022-01-08 13:15:00,199.9
2022-01-08 13:30:00,196.28
2022-01-08 13:45:00,154.88
2022-01-08 14:00:00,191.26
2022-01-08 14:15:00,189.93
2022-01-08 14:30:00,193.01
2022-01-08 14:45:00,161.0
2022-01-08 15:00:00,179.24
2022-01-08 15:15:00,179.9
2022-01-08 15:30:00,175.49
2022-01-08 15:45:00,187.49
2022-01-08 16:00:00,126.0
2022-01-08 16:15:00,146.0
2022-01-08 16:30:00,196.28
2022-01-08 16:45:00,239.93
2022-01-08 17:00:00,118.41
2022-01-08 17:15:00,164.83
2022-01-08 17:30:00,192.05
2022-01-08 17:45:00,209.95
2022-01-08 18:00:00,205.0
2022-01-08 18:15:00,196.28
2022-01-08 18:30:00,196.28
2022-01-08 18:45:00,179.92
2022-01-08 19:00:00,249.9
2022-01-08 19:15:00,196.28
2022-01-08 19:30:00,193.21
2022-01-08 19:45:00,138.9
2022-01-08 20:00:00,249.99
2022-01-08 20:15:00,197.29
2022-01-08 20:30:00,151.9
2022-01-08 20:45:00,75.78
2022-01-08 21:00:00,198.01
2022-01-08 21:15:00,171.28
2022-01-08 21:30:00,121.11
2022-01-08 21:45:00,94.82
2022-01-08 22:00:00,196.28
2022-01-08 22:15:00,174.9
2022-01-08 22:30:00,110.03
2022-01-08 22:45:00,88.05
2022-01-08 23:00:00,200.41
2022-01-08 23:15:00,171.28
2022-01-08 23:30:00,86.65
2022-01-08 23:45:00,40.09
2022-01-09 00:00:00,155.0
2022-01-09 00:15:00,124.14
2022-01-09 00:30:00,75.02
2022-01-09 00:45:00,55.07
2022-01-09 01:00:00,161.53
2022-01-09 01:15:00,95.06
2022-01-09 01:30:00,57.55
2022-01-09 01:45:00,46.32
2022-01-09 02:00:00,120.0
2022-01-09 02:15:00,60.1
2022-01-09 02:30:00,51.2
2022-01-09 02:45:00,45.67
2022-01-09 03:00:00,105.0
2022-01-09 03:15:00,80.0
2022-01-09 03:30:00,45.64
2022-01-09 03:45:00,44.4
2022-01-09 04:00:00,90.0
2022-01-09 04:15:00,71.92
2022-01-09 04:30:00,51.16
2022-01-09 04:45:00,66.92
2022-01-09 05:00:00,85.0
2022-01-09 05:15:00,106.74
2022-01-09 05:30:00,54.1
2022-01-09 05:45:00,55.0
2022-01-09 06:00:00,52.56
2022-01-09 06:15:00,60.0
2022-01-09 06:30:00,122.25
2022-01-09 06:45:00,164.9
2022-01-09 07:00:00,58.91
2022-01-09 07:15:00,85.0
2022-01-09 07:30:00,169.63
2022-01-09 07:45:00,185.0
2022-01-09 08:00:00,75.0
2022-01-09 08:15:00,110.1
2022-01-09 08:30:00,172.53
2022-01-09 08:45:00,198.54
2022-01-09 09:00:00,93.74
2022-01-09 09:15:00,135.0
2022-01-09 09:30:00,172.53
2022-01-09 09:45:00,195.0
2022-01-09 10:00:00,135.03
2022-01-09 10:15:00,128.61
2022-01-09 10:30:00,172.53
2022-01-09 10:45:00,198.54
2022-01-09 11:00:00,186.58
2022-01-09 11:15:00,171.14
2022-01-09 11:30:00,180.0
2022-01-09 11:45:00,178.33
2022-01-09 12:00:00,197.53
2022-01-09 12:15:00,175.0
2022-01-09 12:30:00,160.0
2022-01-09 12:45:00,150.0
2022-01-09 13:00:00,197.53
2022-01-09 13:15:00,170.0
2022-01-09 13:30:00,149.74
2022-01-09 13:45:00,110.99
2022-01-09 14:00:00,168.96
2022-01-09 14:15:00,155.96
2022-01-09 14:30:00,164.96
2022-01-09 14:45:00,133.15
2022-01-09 15:00:00,150.0
2022-01-09 15:15:00,150.0
2022-01-09 15:30:00,173.19
2022-01-09 15:45:00,194.19
2022-01-09 16:00:00,145.0
2022-01-09 16:15:00,178.27
2022-01-09 16:30:00,197.53
2022-01-09 16:45:00,198.54
2022-01-09 17:00:00,197.53
2022-01-09 17:15:00,216.88
2022-01-09 17:30:00,222.53
2022-01-09 17:45:00,243.53
2022-01-09 18:00:00,238.86
2022-01-09 18:15:00,249.9
2022-01-09 18:30:00,241.36
2022-01-09 18:45:00,210.0
2022-01-09 19:00:00,240.0
2022-01-09 19:15:00,222.53
2022-01-09 19:30:00,231.04
2022-01-09 19:45:00,217.69
2022-01-09 20:00:00,255.0
2022-01-09 20:15:00,229.9
2022-01-09 20:30:00,210.02
2022-01-09 20:45:00,197.53
2022-01-09 21:00:00,218.25
2022-01-09 21:15:00,201.94
2022-01-09 21:30:00,198.54
2022-01-09 21:45:00,197.53
2022-01-09 22:00:00,198.54
2022-01-09 22:15:00,198.54
2022-01-09 22:30:00,197.53
2022-01-09 22:45:00,197.53
2022-01-09 23:00:00,198.54
2022-01-09 23:15:00,198.54
2022-01-09 23:30:00,172.53
2022-01-09 23:45:00,150.05
2022-01-10 00:00:00,225.0
2022-01-10 00:15:00,205.0
2022-01-10 00:30:00,185.0
2022-01-10 00:45:00,164.65
2022-01-10 01:00:00,214.97
2022-01-10 01:15:00,194.95
2022-01-10 01:30:00,159.21
2022-01-10 01:45:00,127.0
2022-01-10 02:00:00,209.97
2022-01-10 02:15:00,175.08
2022-01-10 02:30:00,137.71
2022-01-10 02:45:00,131.27
2022-01-10 03:00:00,142.92
2022-01-10 03:15:00,132.75
2022-01-10 03:30:00,189.9
2022-01-10 03:45:00,204.9
2022-01-10 04:00:00,123.19
2022-01-10 04:15:00,132.76
2022-01-10 04:30:00,209.94
2022-01-10 04:45:00,279.9
2022-01-10 05:00:00,90.0
2022-01-10 05:15:00,173.39
2022-01-10 05:30:00,259.95
2022-01-10 05:45:00,327.99
2022-01-10 06:00:00,85.87
2022-01-10 06:15:00,239.91
2022-01-10 06:30:00,309.99
2022-01-10 06:45:00,365.0
2022-01-10 07:00:00,326.98
2022-01-10 07:15:00,327.99
2022-01-10 07:30:00,419.4
2022-01-10 07:45:00,435.29
2022-01-10 08:00:00,326.98
2022-01-10 08:15:00,326.98
2022-01-10 08:30:00,326.98
2022-01-10 08:45:00,338.99
2022-01-10 09:00:00,309.91
2022-01-10 09:15:00,304.59
2022-01-10 09:30:00,309.93
2022-01-10 09:45:00,319.59
2022-01-10 10:00:00,309.92
2022-01-10 10:15:00,291.84
2022-01-10 10:30:00,309.91
2022-01-10 10:45:00,292.34
2022-01-10 11:00:00,325.66
2022-01-10 11:15:00,326.98
2022-01-10 11:30:00,300.0
2022-01-10 11:45:00,289.98
2022-01-10 12:00:00,326.98
2022-01-10 12:15:00,326.98
2022-01-10 12:30:00,324.0
2022-01-10 12:45:00,320.75
2022-01-10 13:00:00,319.94
2022-01-10 13:15:00,309.93
2022-01-10 13:30:00,270.0
2022-01-10 13:45:00,227.03
2022-01-10 14:00:00,301.98
2022-01-10 14:15:00,309.9
2022-01-10 14:30:00,309.32
2022-01-10 14:45:00,319.97
2022-01-10 15:00:00,299.93
2022-01-10 15:15:00,312.09
2022-01-10 15:30:00,309.99
2022-01-10 15:45:00,326.98
2022-01-10 16:00:00,320.33
2022-01-10 16:15:00,322.58
2022-01-10 16:30:00,326.98
2022-01-10 16:45:00,349.96
2022-01-10 17:00:00,312.98
2022-01-10 17:15:00,326.98
2022-01-10 17:30:00,327.93
2022-01-10 17:45:00,327.99
2022-01-10 18:00:00,341.98
2022-01-10 18:15:00,326.98
2022-01-10 18:30:00,326.98
2022-01-10 18:45:00,299.95
2022-01-10 19:00:00,379.92
2022-01-10 19:15:00,326.98
2022-01-10 19:30:00,309.97
2022-01-10 19:45:00,279.93
2022-01-10 20:00:00,339.9
2022-01-10 20:15:00,326.98
2022-01-10 20:30:00,279.94
2022-01-10 20:45:00,211.41
2022-01-10 21:00:00,326.98
2022-01-10 21:15:00,299.9
2022-01-10 21:30:00,240.0
2022-01-10 21:45:00,152.83
2022-01-10 22:00:00,295.0
2022-01-10 22:15:00,288.75
2022-01-10 22:30:00,230.0
2022-01-10 22:45:00,150.0
2022-01-10 23:00:00,299.9
2022-01-10 23:15:00,269.9
2022-01-10 23:30:00,168.88
2022-01-10 23:45:00,125.29
2022-01-11 00:00:00,303.57
2022-01-11 00:15:00,259.91
2022-01-11 00:30:00,179.9
2022-01-11 00:45:00,104.62
2022-01-11 01:00:00,278.82
2022-01-11 01:15:00,232.08
2022-01-11 01:30:00,160.24
2022-01-11 01:45:00,147.56
2022-01-11 02:00:00,239.98
2022-01-11 02:15:00,219.93
2022-01-11 02:30:00,164.99
2022-01-11 02:45:00,152.99
2022-01-11 03:00:00,209.93
2022-01-11 03:15:00,171.7
2022-01-11 03:30:00,209.91
2022-01-11 03:45:00,174.98
2022-01-11 04:00:00,139.96
2022-01-11 04:15:00,154.93
2022-01-11 04:30:00,219.91
2022-01-11 04:45:00,263.53
2022-01-11 05:00:00,75.0
2022-01-11 05:15:00,163.2
2022-01-11 05:30:00,270.0
2022-01-11 05:45:00,319.98
2022-01-11 06:00:00,50.07
2022-01-11 06:15:00,229.93
2022-01-11 06:30:00,304.58
2022-01-11 06:45:00,402.76
2022-01-11 07:00:00,195.0
2022-01-11 07:15:00,303.57
2022-01-11 07:30:00,339.99
2022-01-11 07:45:00,381.41
2022-01-11 08:00:00,299.97
2022-01-11 08:15:00,319.94
2022-01-11 08:30:00,331.35
2022-01-11 08:45:00,342.55
2022-01-11 09:00:00,303.57
2022-01-11 09:15:00,297.49
2022-01-11 09:30:00,300.0
2022-01-11 09:45:00,278.74
2022-01-11 10:00:00,295.0
2022-01-11 10:15:00,279.54
2022-01-11 10:30:00,285.0
2022-01-11 10:45:00,284.9
2022-01-11 11:00:00,289.93
2022-01-11 11:15:00,294.93
2022-01-11 11:30:00,284.92
2022-01-11 11:45:00,269.94
2022-01-11 12:00:00,300.0
2022-01-11 12:15:00,284.91
2022-01-11 12:30:00,264.95
2022-01-11 12:45:00,254.95
2022-01-11 13:00:00,303.57
2022-01-11 13:15:00,270.0
2022-01-11 13:30:00,257.03
2022-01-11 13:45:00,212.04
2022-01-11 14:00:00,277.48
2022-01-11 14:15:00,270.0
2022-01-11 14:30:00,266.48
2022-01-11 14:45:00,256.48
2022-01-11 15:00:00,270.0
2022-01-11 15:15:00,274.53
2022-01-11 15:30:00,270.0
2022-01-11 15:45:00,278.57
2022-01-11 16:00:00,262.56
2022-01-11 16:15:00,269.56
2022-01-11 16:30:00,305.05
2022-01-11 16:45:00,342.58
2022-01-11 17:00:00,295.0
2022-01-11 17:15:00,309.9
2022-01-11 17:30:00,328.57
2022-01-11 17:45:00,342.14
2022-01-11 18:00:00,344.9
2022-01-11 18:15:00,354.84
2022-01-11 18:30:00,329.99
2022-01-11 18:45:00,309.96
2022-01-11 19:00:00,388.08
2022-01-11 19:15:00,350.38
2022-01-11 19:30:00,311.66
2022-01-11 19:45:00,289.9
2022-01-11 20:00:00,369.92
2022-01-11 20:15:00,310.32
2022-01-11 20:30:00,278.57
2022-01-11 20:45:00,170.08
2022-01-11 21:00:00,322.09
2022-01-11 21:15:00,278.57
2022-01-11 21:30:00,225.0
2022-01-11 21:45:00,162.34
2022-01-11 22:00:00,304.58
2022-01-11 22:15:00,270.0
2022-01-11 22:30:00,213.03
2022-01-11 22:45:00,145.05
2022-01-11 23:00:00,305.1
2022-01-11 23:15:00,269.96
2022-01-11 23:30:00,179.05
2022-01-11 23:45:00,117.85
2022-01-12 00:00:00,270.0
2022-01-12 00:15:00,259.62
2022-01-12 00:30:00,170.46
2022-01-12 00:45:00,100.32
2022-01-12 01:00:00,268.62
2022-01-12 01:15:00,235.92
2022-01-12 01:30:00,170.75
2022-01-12 01:45:00,100.09
2022-01-12 02:00:00,219.98
2022-01-12 02:15:00,204.93
2022-01-12 02:30:00,178.37
2022-01-12 02:45:00,162.12
2022-01-12 03:00:00,189.93
2022-01-12 03:15:00,176.41
2022-01-12 03:30:00,184.93
2022-01-12 03:45:00,189.91
2022-01-12 04:00:00,115.0
2022-01-12 04:15:00,167.36
2022-01-12 04:30:00,199.97
2022-01-12 04:45:00,269.92
2022-01-12 05:00:00,50.1
2022-01-12 05:15:00,165.94
2022-01-12 05:30:00,269.93
2022-01-12 05:45:00,330.03
2022-01-12 06:00:00,52.4
2022-01-12 06:15:00,220.0
2022-01-12 06:30:00,305.0
2022-01-12 06:45:00,419.93
2022-01-12 07:00:00,221.87
2022-01-12 07:15:00,294.63
2022-01-12 07:30:00,369.93
2022-01-12 07:45:00,361.82
2022-01-12 08:00:00,293.62
2022-01-12 08:15:00,315.0
2022-01-12 08:30:00,318.62
2022-01-12 08:45:00,320.37
2022-01-12 09:00:00,330.08
2022-01-12 09:15:00,293.62
2022-01-12 09:30:00,292.24
2022-01-12 09:45:00,290.24
2022-01-12 10:00:00,293.62
2022-01-12 10:15:00,277.91
2022-01-12 10:30:00,273.41
2022-01-12 10:45:00,275.06
2022-01-12 11:00:00,293.62
2022-01-12 11:15:00,293.62
2022-01-12 11:30:00,278.79
2022-01-12 11:45:00,250.46
2022-01-12 12:00:00,293.62
2022-01-12 12:15:00,268.62
2022-01-12 12:30:00,268.62
2022-01-12 12:45:00,235.05
2022-01-12 13:00:00,293.62
2022-01-12 13:15:00,270.0
2022-01-12 13:30:00,261.07
2022-01-12 13:45:00,200.08
2022-01-12 14:00:00,293.62
2022-01-12 14:15:00,263.5
2022-01-12 14:30:00,257.5
2022-01-12 14:45:00,261.0
2022-01-12 15:00:00,276.75
2022-01-12 15:15:00,275.0
2022-01-12 15:30:00,293.62
2022-01-12 15:45:00,294.63
2022-01-12 16:00:00,268.2
2022-01-12 16:15:00,270.0
2022-01-12 16:30:00,305.09
2022-01-12 16:45:00,345.05
2022-01-12 17:00:00,277.95
2022-01-12 17:15:00,293.62
2022-01-12 17:30:00,318.62
2022-01-12 17:45:00,343.81
2022-01-12 18:00:00,298.07
2022-01-12 18:15:00,295.08
2022-01-12 18:30:00,294.63
2022-01-12 18:45:00,293.62
2022-01-12 19:00:00,336.25
2022-01-12 19:15:00,318.62
2022-01-12 19:30:00,293.62
2022-01-12 19:45:00,192.19
2022-01-12 20:00:00,334.9
2022-01-12 20:15:00,293.62
2022-01-12 20:30:00,232.73
2022-01-12 20:45:00,140.07
2022-01-12 21:00:00,295.0
2022-01-12 21:15:00,270.0
2022-01-12 21:30:00,187.15
2022-01-12 21:45:00,124.66
2022-01-12 22:00:00,270.0
2022-01-12 22:15:00,268.62
2022-01-12 22:30:00,166.37
2022-01-12 22:45:00,95.0
2022-01-12 23:00:00,289.94
2022-01-12 23:15:00,239.92
2022-01-12 23:30:00,130.0
2022-01-12 23:45:00,24.77
2022-01-13 00:00:00,242.32
2022-01-13 00:15:00,209.69
2022-01-13 00:30:00,135.07
2022-01-13 00:45:00,116.28
2022-01-13 01:00:00,216.31
2022-01-13 01:15:00,202.81
2022-01-13 01:30:00,142.11
2022-01-13 01:45:00,115.0
2022-01-13 02:00:00,215.81
2022-01-13 02:15:00,169.93
2022-01-13 02:30:00,129.42
2022-01-13 02:45:00,107.38
2022-01-13 03:00:00,159.94
2022-01-13 03:15:00,149.92
2022-01-13 03:30:00,145.72
2022-01-13 03:45:00,149.93
2022-01-13 04:00:00,100.0
2022-01-13 04:15:00,110.05
2022-01-13 04:30:00,176.79
2022-01-13 04:45:00,229.91
2022-01-13 05:00:00,78.62
2022-01-13 05:15:00,123.06
2022-01-13 05:30:00,219.98
2022-01-13 05:45:00,288.2
2022-01-13 06:00:00,40.02
2022-01-13 06:15:00,190.78
2022-01-13 06:30:00,259.35
2022-01-13 06:45:00,349.97
2022-01-13 07:00:00,155.09
2022-01-13 07:15:00,242.32
2022-01-13 07:30:00,290.29
2022-01-13 07:45:00,309.97
2022-01-13 08:00:00,242.32
2022-01-13 08:15:00,245.78
2022-01-13 08:30:00,266.31
2022-01-13 08:45:00,266.31
2022-01-13 09:00:00,281.4
2022-01-13 09:15:00,250.0
2022-01-13 09:30:00,241.31
2022-01-13 09:45:00,225.0
2022-01-13 10:00:00,250.0
2022-01-13 10:15:00,235.0
2022-01-13 10:30:00,220.0
2022-01-13 10:45:00,236.12
2022-01-13 11:00:00,244.96
2022-01-13 11:15:00,241.31
2022-01-13 11:30:00,238.81
2022-01-13 11:45:00,181.65
2022-01-13 12:00:00,242.32
2022-01-13 12:15:00,215.0
2022-01-13 12:30:00,195.0
2022-01-13 12:45:00,196.38
2022-01-13 13:00:00,250.0
2022-01-13 13:15:00,233.14
2022-01-13 13:30:00,161.97
2022-01-13 13:45:00,197.81
2022-01-13 14:00:00,225.04
2022-01-13 14:15:00,212.26
2022-01-13 14:30:00,190.08
2022-01-13 14:45:00,216.31
2022-01-13 15:00:00,191.66
2022-01-13 15:15:00,210.0
2022-01-13 15:30:00,230.0
2022-01-13 15:45:00,242.32
2022-01-13 16:00:00,206.96
2022-01-13 16:15:00,227.88
2022-01-13 16:30:00,241.31
2022-01-13 16:45:00,250.0
2022-01-13 17:00:00,215.87
2022-01-13 17:15:00,241.31
2022-01-13 17:30:00,255.0
2022-01-13 17:45:00,288.15
2022-01-13 18:00:00,250.84
2022-01-13 18:15:00,255.0
2022-01-13 18:30:00,250.24
2022-01-13 18:45:00,242.32
2022-01-13 19:00:00,295.8
2022-01-13 19:15:00,264.17
2022-01-13 19:30:00,232.31
2022-01-13 19:45:00,161.53
2022-01-13 20:00:00,289.86
2022-01-13 20:15:00,246.26
2022-01-13 20:30:00,201.53
2022-01-13 20:45:00,130.09
2022-01-13 21:00:00,265.7
2022-01-13 21:15:00,239.95
2022-01-13 21:30:00,165.0
2022-01-13 21:45:00,110.08
2022-01-13 22:00:00,242.32
2022-01-13 22:15:00,239.94
2022-01-13 22:30:00,154.27
2022-01-13 22:45:00,95.08
2022-01-13 23:00:00,250.0
2022-01-13 23:15:00,216.31
2022-01-13 23:30:00,135.0
2022-01-13 23:45:00,58.69
2022-01-14 00:00:00,223.36
2022-01-14 00:15:00,189.92
2022-01-14 00:30:00,112.69
2022-01-14 00:45:00,88.53
2022-01-14 01:00:00,223.36
2022-01-14 01:15:00,159.96
2022-01-14 01:30:00,120.84
2022-01-14 01:45:00,90.0
2022-01-14 02:00:00,173.96
2022-01-14 02:15:00,144.95
2022-01-14 02:30:00,129.91
2022-01-14 02:45:00,97.42
2022-01-14 03:00:00,139.92
2022-01-14 03:15:00,119.12
2022-01-14 03:30:00,134.91
2022-01-14 03:45:00,134.95
2022-01-14 04:00:00,90.0
2022-01-14 04:15:00,100.0
2022-01-14 04:30:00,164.88
2022-01-14 04:45:00,197.35
2022-01-14 05:00:00,50.08
2022-01-14 05:15:00,102.82
2022-01-14 05:30:00,199.94
2022-01-14 05:45:00,250.0
2022-01-14 06:00:00,10.05
2022-01-14 06:15:00,169.95
2022-01-14 06:30:00,240.17
2022-01-14 06:45:00,289.96
2022-01-14 07:00:00,130.02
2022-01-14 07:15:00,206.94
2022-01-14 07:30:00,250.0
2022-01-14 07:45:00,259.29
2022-01-14 08:00:00,190.0
2022-01-14 08:15:00,215.0
2022-01-14 08:30:00,235.0
2022-01-14 08:45:00,240.63
2022-01-14 09:00:00,222.35
2022-01-14 09:15:00,220.0
2022-01-14 09:30:00,202.85
2022-01-14 09:45:00,171.68
2022-01-14 10:00:00,207.46
2022-01-14 10:15:00,185.87
2022-01-14 10:30:00,170.07
2022-01-14 10:45:00,165.0
2022-01-14 11:00:00,200.0
2022-01-14 11:15:00,190.69
2022-01-14 11:30:00,165.0
2022-01-14 11:45:00,142.27
2022-01-14 12:00:00,222.35
2022-01-14 12:15:00,180.0
2022-01-14 12:30:00,135.58
2022-01-14 12:45:00,129.11
2022-01-14 13:00:00,223.36
2022-01-14 13:15:00,188.03
2022-01-14 13:30:00,137.07
2022-01-14 13:45:00,130.03
2022-01-14 14:00:00,173.31
2022-01-14 14:15:00,175.0
2022-01-14 14:30:00,180.0
2022-01-14 14:45:00,185.01
2022-01-14 15:00:00,199.24
2022-01-14 15:15:00,197.35
2022-01-14 15:30:00,223.36
2022-01-14 15:45:00,223.36
2022-01-14 16:00:00,181.5
2022-01-14 16:15:00,211.49
2022-01-14 16:30:00,240.07
2022-01-14 16:45:00,270.02
2022-01-14 17:00:00,210.08
2022-01-14 17:15:00,230.35
2022-01-14 17:30:00,247.35
2022-01-14 17:45:00,274.9
2022-01-14 18:00:00,250.06
2022-01-14 18:15:00,254.27
2022-01-14 18:30:00,225.1
2022-01-14 18:45:00,223.36
2022-01-14 19:00:00,293.64
2022-01-14 19:15:00,272.6
2022-01-14 19:30:00,223.36
2022-01-14 19:45:00,195.05
2022-01-14 20:00:00,294.9
2022-01-14 20:15:00,250.0
2022-01-14 20:30:00,205.65
2022-01-14 20:45:00,140.07
2022-01-14 21:00:00,250.7
2022-01-14 21:15:00,232.16
2022-01-14 21:30:00,185.2
2022-01-14 21:45:00,140.06
2022-01-14 22:00:00,250.0
2022-01-14 22:15:00,227.96
2022-01-14 22:30:00,175.08
2022-01-14 22:45:00,141.13
2022-01-14 23:00:00,250.0
2022-01-14 23:15:00,210.0
2022-01-14 23:30:00,150.04
2022-01-14 23:45:00,119.25
2022-01-15 00:00:00,251.58
2022-01-15 00:15:00,250.0
2022-01-15 00:30:00,216.57
2022-01-15 00:45:00,147.65
2022-01-15 01:00:00,254.72
2022-01-15 01:15:00,234.98
2022-01-15 01:30:00,209.94
2022-01-15 01:45:00,137.82
2022-01-15 02:00:00,225.57
2022-01-15 02:15:00,213.59
2022-01-15 02:30:00,204.09
2022-01-15 02:45:00,170.0
2022-01-15 03:00:00,224.92
2022-01-15 03:15:00,180.11
2022-01-15 03:30:00,170.0
2022-01-15 03:45:00,205.07
2022-01-15 04:00:00,160.0
2022-01-15 04:15:00,174.27
2022-01-15 04:30:00,209.96
2022-01-15 04:45:00,229.93
2022-01-15 05:00:00,128.03
2022-01-15 05:15:00,189.93
2022-01-15 05:30:00,228.01
2022-01-15 05:45:00,251.58
2022-01-15 06:00:00,121.52
2022-01-15 06:15:00,194.96
2022-01-15 06:30:00,250.0
2022-01-15 06:45:00,254.34
2022-01-15 07:00:00,129.98
2022-01-15 07:15:00,225.57
2022-01-15 07:30:00,253.59
2022-01-15 07:45:00,269.04
2022-01-15 08:00:00,175.05
2022-01-15 08:15:00,247.01
2022-01-15 08:30:00,250.57
2022-01-15 08:45:00,275.57
2022-01-15 09:00:00,247.44
2022-01-15 09:15:00,250.57
2022-01-15 09:30:00,253.31
2022-01-15 09:45:00,250.0
2022-01-15 10:00:00,250.57
2022-01-15 10:15:00,250.0
2022-01-15 10:30:00,248.8
2022-01-15 10:45:00,248.8
2022-01-15 11:00:00,251.58
2022-01-15 11:15:00,251.58
2022-01-15 11:30:00,230.0
2022-01-15 11:45:00,226.95
2022-01-15 12:00:00,250.57
2022-01-15 12:15:00,250.0
2022-01-15 12:30:00,223.95
2022-01-15 12:45:00,205.0
2022-01-15 13:00:00,250.57
2022-01-15 13:15:00,225.57
2022-01-15 13:30:00,215.0
2022-01-15 13:45:00,208.62
2022-01-15 14:00:00,239.91
2022-01-15 14:15:00,210.0
2022-01-15 14:30:00,220.0
2022-01-15 14:45:00,220.67
2022-01-15 15:00:00,212.45
2022-01-15 15:15:00,225.57
2022-01-15 15:30:00,225.0
2022-01-15 15:45:00,240.0
2022-01-15 16:00:00,209.91
2022-01-15 16:15:00,229.95
2022-01-15 16:30:00,250.57
2022-01-15 16:45:00,275.57
2022-01-15 17:00:00,235.0
2022-01-15 17:15:00,268.46
2022-01-15 17:30:00,276.56
2022-01-15 17:45:00,299.99
2022-01-15 18:00:00,303.55
2022-01-15 18:15:00,299.94
2022-01-15 18:30:00,279.53
2022-01-15 18:45:00,254.37
2022-01-15 19:00:00,296.97
2022-01-15 19:15:00,276.39
2022-01-15 19:30:00,251.58
2022-01-15 19:45:00,250.57
2022-01-15 20:00:00,329.93
2022-01-15 20:15:00,260.0
2022-01-15 20:30:00,250.0
2022-01-15 20:45:00,140.71
2022-01-15 21:00:00,259.74
2022-01-15 21:15:00,244.59
2022-01-15 21:30:00,220.0
2022-01-15 21:45:00,158.21
2022-01-15 22:00:00,251.58
2022-01-15 22:15:00,250.0
2022-01-15 22:30:00,210.0
2022-01-15 22:45:00,150.0
2022-01-15 23:00:00,255.69
2022-01-15 23:15:00,250.0
2022-01-15 23:30:00,182.75
2022-01-15 23:45:00,126.82
2022-01-16 00:00:00,197.59
2022-01-16 00:15:00,197.59
2022-01-16 00:30:00,171.58
2022-01-16 00:45:00,168.72
2022-01-16 01:00:00,197.59
2022-01-16 01:15:00,171.58
2022-01-16 01:30:00,158.96
2022-01-16 01:45:00,135.0
2022-01-16 02:00:00,196.58
2022-01-16 02:15:00,159.69
2022-01-16 02:30:00,160.19
2022-01-16 02:45:00,140.65
2022-01-16 03:00:00,171.58
2022-01-16 03:15:00,171.58
2022-01-16 03:30:00,150.77
2022-01-16 03:45:00,138.36
2022-01-16 04:00:00,165.83
2022-01-16 04:15:00,157.83
2022-01-16 04:30:00,152.33
2022-01-16 04:45:00,153.33
2022-01-16 05:00:00,149.45
2022-01-16 05:15:00,164.91
2022-01-16 05:30:00,159.91
2022-01-16 05:45:00,159.94
2022-01-16 06:00:00,109.49
2022-01-16 06:15:00,148.71
2022-01-16 06:30:00,171.58
2022-01-16 06:45:00,196.58
2022-01-16 07:00:00,114.33
2022-01-16 07:15:00,165.69
2022-01-16 07:30:00,185.0
2022-01-16 07:45:00,197.59
2022-01-16 08:00:00,135.06
2022-01-16 08:15:00,171.58
2022-01-16 08:30:00,182.93
2022-01-16 08:45:00,197.59
2022-01-16 09:00:00,161.23
2022-01-16 09:15:00,171.58
2022-01-16 09:30:00,196.58
2022-01-16 09:45:00,197.59
2022-01-16 10:00:00,171.58
2022-01-16 10:15:00,197.59
2022-01-16 10:30:00,171.82
2022-01-16 10:45:00,196.58
2022-01-16 11:00:00,197.59
2022-01-16 11:15:00,197.59
2022-01-16 11:30:00,185.54
2022-01-16 11:45:00,169.9
2022-01-16 12:00:00,197.59
2022-01-16 12:15:00,196.58
2022-01-16 12:30:00,171.44
2022-01-16 12:45:00,130.08
2022-01-16 13:00:00,196.58
2022-01-16 13:15:00,171.58
2022-01-16 13:30:00,161.5
2022-01-16 13:45:00,135.08
2022-01-16 14:00:00,169.16
2022-01-16 14:15:00,155.1
2022-01-16 14:30:00,171.58
2022-01-16 14:45:00,164.16
2022-01-16 15:00:00,145.08
2022-01-16 15:15:00,150.09
2022-01-16 15:30:00,175.04
2022-01-16 15:45:00,197.59
2022-01-16 16:00:00,180.06
2022-01-16 16:15:00,160.04
2022-01-16 16:30:00,196.58
2022-01-16 16:45:00,247.31
2022-01-16 17:00:00,196.58
2022-01-16 17:15:00,181.23
2022-01-16 17:30:00,190.06
2022-01-16 17:45:00,245.65
2022-01-16 18:00:00,221.58
2022-01-16 18:15:00,219.93
2022-01-16 18:30:00,197.59
2022-01-16 18:45:00,197.59
2022-01-16 19:00:00,196.58
2022-01-16 19:15:00,196.58
2022-01-16 19:30:00,196.58
2022-01-16 19:45:00,178.57
2022-01-16 20:00:00,203.59
2022-01-16 20:15:00,195.07
2022-01-16 20:30:00,171.58
2022-01-16 20:45:00,150.0
2022-01-16 21:00:00,197.59
2022-01-16 21:15:00,171.58
2022-01-16 21:30:00,155.58
2022-01-16 21:45:00,109.45
2022-01-16 22:00:00,175.0
2022-01-16 22:15:00,171.58
2022-01-16 22:30:00,150.99
2022-01-16 22:45:00,135.0
2022-01-16 23:00:00,175.08
2022-01-16 23:15:00,171.58
2022-01-16 23:30:00,140.05
2022-01-16 23:45:00,105.32
2022-01-17 00:00:00,194.97
2022-01-17 00:15:00,169.93
2022-01-17 00:30:00,100.1
2022-01-17 00:45:00,115.0
2022-01-17 01:00:00,170.0
2022-01-17 01:15:00,159.97
2022-01-17 01:30:00,95.0
2022-01-17 01:45:00,85.0
2022-01-17 02:00:00,171.27
2022-01-17 02:15:00,110.0
2022-01-17 02:30:00,95.0
2022-01-17 02:45:00,90.0
2022-01-17 03:00:00,110.0
2022-01-17 03:15:00,100.0
2022-01-17 03:30:00,95.0
2022-01-17 03:45:00,143.23
2022-01-17 04:00:00,61.08
2022-01-17 04:15:00,95.0
2022-01-17 04:30:00,175.0
2022-01-17 04:45:00,204.93
2022-01-17 05:00:00,41.26
2022-01-17 05:15:00,105.0
2022-01-17 05:30:00,209.95
2022-01-17 05:45:00,248.35
2022-01-17 06:00:00,76.19
2022-01-17 06:15:00,159.94
2022-01-17 06:30:00,229.53
2022-01-17 06:45:00,275.0
2022-01-17 07:00:00,169.91
2022-01-17 07:15:00,219.97
2022-01-17 07:30:00,254.77
2022-01-17 07:45:00,263.23
2022-01-17 08:00:00,219.97
2022-01-17 08:15:00,219.97
2022-01-17 08:30:00,226.4
2022-01-17 08:45:00,244.0
2022-01-17 09:00:00,219.97
2022-01-17 09:15:00,219.97
2022-01-17 09:30:00,227.78
2022-01-17 09:45:00,219.95
2022-01-17 10:00:00,219.97
2022-01-17 10:15:00,213.01
2022-01-17 10:30:00,218.51
2022-01-17 10:45:00,216.51
2022-01-17 11:00:00,220.98
2022-01-17 11:15:00,226.98
2022-01-17 11:30:00,219.93
2022-01-17 11:45:00,215.02
2022-01-17 12:00:00,219.97
2022-01-17 12:15:00,194.97
2022-01-17 12:30:00,192.67
2022-01-17 12:45:00,190.67
2022-01-17 13:00:00,220.98
2022-01-17 13:15:00,194.97
2022-01-17 13:30:00,194.97
2022-01-17 13:45:00,186.26
2022-01-17 14:00:00,194.97
2022-01-17 14:15:00,194.97
2022-01-17 14:30:00,214.97
2022-01-17 14:45:00,194.97
2022-01-17 15:00:00,220.98
2022-01-17 15:15:00,230.0
2022-01-17 15:30:00,224.25
2022-01-17 15:45:00,224.49
2022-01-17 16:00:00,219.93
2022-01-17 16:15:00,219.97
2022-01-17 16:30:00,235.0
2022-01-17 16:45:00,244.97
2022-01-17 17:00:00,219.94
2022-01-17 17:15:00,219.97
2022-01-17 17:30:00,219.97
2022-01-17 17:45:00,239.8
2022-01-17 18:00:00,238.0
2022-01-17 18:15:00,219.97
2022-01-17 18:30:00,219.97
2022-01-17 18:45:00,210.0
2022-01-17 19:00:00,258.04
2022-01-17 19:15:00,244.97
2022-01-17 19:30:00,219.97
2022-01-17 19:45:00,185.0
2022-01-17 20:00:00,244.81
2022-01-17 20:15:00,228.18
2022-01-17 20:30:00,211.78
2022-01-17 20:45:00,165.0
2022-01-17 21:00:00,244.9
2022-01-17 21:15:00,220.98
2022-01-17 21:30:00,194.97
2022-01-17 21:45:00,127.07
2022-01-17 22:00:00,220.98
2022-01-17 22:15:00,220.98
2022-01-17 22:30:00,180.0
2022-01-17 22:45:00,149.37
2022-01-17 23:00:00,220.98
2022-01-17 23:15:00,211.04
2022-01-17 23:30:00,170.0
2022-01-17 23:45:00,104.39
2022-01-18 00:00:00,260.48
2022-01-18 00:15:00,209.98
2022-01-18 00:30:00,155.0
2022-01-18 00:45:00,132.55
2022-01-18 01:00:00,250.4
2022-01-18 01:15:00,191.72
2022-01-18 01:30:00,149.03
2022-01-18 01:45:00,124.85
2022-01-18 02:00:00,204.98
2022-01-18 02:15:00,195.0
2022-01-18 02:30:00,167.47
2022-01-18 02:45:00,139.13
2022-01-18 03:00:00,194.94
2022-01-18 03:15:00,155.1
2022-01-18 03:30:00,164.07
2022-01-18 03:45:00,194.9
2022-01-18 04:00:00,125.5
2022-01-18 04:15:00,136.19
2022-01-18 04:30:00,202.48
2022-01-18 04:45:00,250.0
2022-01-18 05:00:00,70.09
2022-01-18 05:15:00,147.02
2022-01-18 05:30:00,250.0
2022-01-18 05:45:00,298.41
2022-01-18 06:00:00,-4.56
2022-01-18 06:15:00,224.96
2022-01-18 06:30:00,298.41
2022-01-18 06:45:00,369.94
2022-01-18 07:00:00,149.02
2022-01-18 07:15:00,272.4
2022-01-18 07:30:00,325.89
2022-01-18 07:45:00,319.98
2022-01-18 08:00:00,281.76
2022-01-18 08:15:00,297.4
2022-01-18 08:30:00,297.4
2022-01-18 08:45:00,297.4
2022-01-18 09:00:00,297.4
2022-01-18 09:15:00,297.4
2022-01-18 09:30:00,297.4
2022-01-18 09:45:00,287.61
2022-01-18 10:00:00,296.14
2022-01-18 10:15:00,282.39
2022-01-18 10:30:00,269.96
2022-01-18 10:45:00,264.94
2022-01-18 11:00:00,297.4
2022-01-18 11:15:00,272.4
2022-01-18 11:30:00,255.75
2022-01-18 11:45:00,215.0
2022-01-18 12:00:00,297.4
2022-01-18 12:15:00,259.43
2022-01-18 12:30:00,210.0
2022-01-18 12:45:00,210.0
2022-01-18 13:00:00,297.4
2022-01-18 13:15:00,259.94
2022-01-18 13:30:00,216.3
2022-01-18 13:45:00,170.1
2022-01-18 14:00:00,250.0
2022-01-18 14:15:00,248.63
2022-01-18 14:30:00,250.0
2022-01-18 14:45:00,220.09
2022-01-18 15:00:00,244.47
2022-01-18 15:15:00,251.9
2022-01-18 15:30:00,253.4
2022-01-18 15:45:00,281.65
2022-01-18 16:00:00,252.82
2022-01-18 16:15:00,253.82
2022-01-18 16:30:00,278.86
2022-01-18 16:45:00,300.89
2022-01-18 17:00:00,281.62
2022-01-18 17:15:00,297.4
2022-01-18 17:30:00,309.94
2022-01-18 17:45:00,310.0
2022-01-18 18:00:00,297.13
2022-01-18 18:15:00,297.4
2022-01-18 18:30:00,298.41
2022-01-18 18:45:00,297.4
2022-01-18 19:00:00,322.4
2022-01-18 19:15:00,307.02
2022-01-18 19:30:00,289.92
2022-01-18 19:45:00,198.95
2022-01-18 20:00:00,300.7
2022-01-18 20:15:00,295.08
2022-01-18 20:30:00,230.92
2022-01-18 20:45:00,139.42
2022-01-18 21:00:00,298.41
2022-01-18 21:15:00,265.0
2022-01-18 21:30:00,200.47
2022-01-18 21:45:00,140.04
2022-01-18 22:00:00,294.26
2022-01-18 22:15:00,255.0
2022-01-18 22:30:00,185.07
2022-01-18 22:45:00,130.07
2022-01-18 23:00:00,287.08
2022-01-18 23:15:00,249.74
2022-01-18 23:30:00,134.5
2022-01-18 23:45:00,110.01
2022-01-19 00:00:00,240.0
2022-01-19 00:15:00,220.0
2022-01-19 00:30:00,143.6
2022-01-19 00:45:00,127.09
2022-01-19 01:00:00,233.21
2022-01-19 01:15:00,206.22
2022-01-19 01:30:00,144.32
2022-01-19 01:45:00,130.09
2022-01-19 02:00:00,208.21
2022-01-19 02:15:00,194.91
2022-01-19 02:30:00,152.87
2022-01-19 02:45:00,140.0
2022-01-19 03:00:00,188.71
2022-01-19 03:15:00,179.91
2022-01-19 03:30:00,177.38
2022-01-19 03:45:00,150.0
2022-01-19 04:00:00,130.0
2022-01-19 04:15:00,145.0
2022-01-19 04:30:00,192.66
2022-01-19 04:45:00,233.21
2022-01-19 05:00:00,51.01
2022-01-19 05:15:00,174.91
2022-01-19 05:30:00,250.0
2022-01-19 05:45:00,277.0
2022-01-19 06:00:00,40.06
2022-01-19 06:15:00,229.91
2022-01-19 06:30:00,274.69
2022-01-19 06:45:00,329.37
2022-01-19 07:00:00,154.8
2022-01-19 07:15:00,234.22
2022-01-19 07:30:00,279.95
2022-01-19 07:45:00,287.88
2022-01-19 08:00:00,226.51
2022-01-19 08:15:00,233.21
2022-01-19 08:30:00,250.0
2022-01-19 08:45:00,250.0
2022-01-19 09:00:00,239.93
2022-01-19 09:15:00,243.99
2022-01-19 09:30:00,233.21
2022-01-19 09:45:00,224.71
2022-01-19 10:00:00,239.92
2022-01-19 10:15:00,234.22
2022-01-19 10:30:00,229.97
2022-01-19 10:45:00,183.84
2022-01-19 11:00:00,234.22
2022-01-19 11:15:00,234.22
2022-01-19 11:30:00,205.71
2022-01-19 11:45:00,159.19
2022-01-19 12:00:00,233.21
2022-01-19 12:15:00,199.9
2022-01-19 12:30:00,186.32
2022-01-19 12:45:00,155.05
2022-01-19 13:00:00,234.22
2022-01-19 13:15:00,210.0
2022-01-19 13:30:00,170.04
2022-01-19 13:45:00,159.37
2022-01-19 14:00:00,200.0
2022-01-19 14:15:00,200.0
2022-01-19 14:30:00,201.71
2022-01-19 14:45:00,169.63
2022-01-19 15:00:00,208.21
2022-01-19 15:15:00,190.0
2022-01-19 15:30:00,232.55
2022-01-19 15:45:00,234.22
2022-01-19 16:00:00,219.92
2022-01-19 16:15:00,222.64
2022-01-19 16:30:00,235.0
2022-01-19 16:45:00,268.07
2022-01-19 17:00:00,214.15
2022-01-19 17:15:00,233.21
2022-01-19 17:30:00,233.21
2022-01-19 17:45:00,269.9
2022-01-19 18:00:00,212.59
2022-01-19 18:15:00,217.09
2022-01-19 18:30:00,227.34
2022-01-19 18:45:00,209.92
2022-01-19 19:00:00,250.0
2022-01-19 19:15:00,234.76
2022-01-19 19:30:00,207.34
2022-01-19 19:45:00,125.04
2022-01-19 20:00:00,259.94
2022-01-19 20:15:00,233.21
2022-01-19 20:30:00,175.36
2022-01-19 20:45:00,98.79
2022-01-19 21:00:00,250.0
2022-01-19 21:15:00,229.92
2022-01-19 21:30:00,155.69
2022-01-19 21:45:00,79.95
2022-01-19 22:00:00,249.95
2022-01-19 22:15:00,229.98
2022-01-19 22:30:00,128.76
2022-01-19 22:45:00,87.32
2022-01-19 23:00:00,234.22
2022-01-19 23:15:00,189.95
2022-01-19 23:30:00,82.86
2022-01-19 23:45:00,20.06
2022-01-20 00:00:00,219.88
2022-01-20 00:15:00,186.51
2022-01-20 00:30:00,90.0
2022-01-20 00:45:00,53.56
2022-01-20 01:00:00,212.52
2022-01-20 01:15:00,155.1
2022-01-20 01:30:00,100.07
2022-01-20 01:45:00,72.11
2022-01-20 02:00:00,180.0
2022-01-20 02:15:00,150.0
2022-01-20 02:30:00,111.5
2022-01-20 02:45:00,90.05
2022-01-20 03:00:00,145.0
2022-01-20 03:15:00,100.09
2022-01-20 03:30:00,108.19
2022-01-20 03:45:00,140.0
2022-01-20 04:00:00,80.05
2022-01-20 04:15:00,90.07
2022-01-20 04:30:00,150.0
2022-01-20 04:45:00,204.03
2022-01-20 05:00:00,30.06
2022-01-20 05:15:00,103.72
2022-01-20 05:30:00,212.52
2022-01-20 05:45:00,250.0
2022-01-20 06:00:00,-20.0
2022-01-20 06:15:00,181.63
2022-01-20 06:30:00,250.0
2022-01-20 06:45:00,284.77
2022-01-20 07:00:00,125.08
2022-01-20 07:15:00,217.62
2022-01-20 07:30:00,265.32
2022-01-20 07:45:00,269.97
2022-01-20 08:00:00,185.01
2022-01-20 08:15:00,200.1
2022-01-20 08:30:00,211.51
2022-01-20 08:45:00,211.51
2022-01-20 09:00:00,211.51
2022-01-20 09:15:00,211.51
2022-01-20 09:30:00,205.02
2022-01-20 09:45:00,195.57
2022-01-20 10:00:00,211.51
2022-01-20 10:15:00,196.94
2022-01-20 10:30:00,185.1
2022-01-20 10:45:00,170.0
2022-01-20 11:00:00,211.51
2022-01-20 11:15:00,186.51
2022-01-20 11:30:00,175.0
2022-01-20 11:45:00,123.19
2022-01-20 12:00:00,211.51
2022-01-20 12:15:00,180.0
2022-01-20 12:30:00,160.0
2022-01-20 12:45:00,144.61
2022-01-20 13:00:00,212.52
2022-01-20 13:15:00,186.51
2022-01-20 13:30:00,149.66
2022-01-20 13:45:00,130.03
2022-01-20 14:00:00,180.0
2022-01-20 14:15:00,180.01
2022-01-20 14:30:00,165.53
2022-01-20 14:45:00,150.09
2022-01-20 15:00:00,189.44
2022-01-20 15:15:00,186.51
2022-01-20 15:30:00,211.51
2022-01-20 15:45:00,212.52
2022-01-20 16:00:00,186.91
2022-01-20 16:15:00,198.66
2022-01-20 16:30:00,230.01
2022-01-20 16:45:00,250.0
2022-01-20 17:00:00,185.41
2022-01-20 17:15:00,211.51
2022-01-20 17:30:00,230.04
2022-01-20 17:45:00,240.09
2022-01-20 18:00:00,211.51
2022-01-20 18:15:00,213.48
2022-01-20 18:30:00,211.51
2022-01-20 18:45:00,211.51
2022-01-20 19:00:00,247.94
2022-01-20 19:15:00,215.09
2022-01-20 19:30:00,192.23
2022-01-20 19:45:00,136.34
2022-01-20 20:00:00,250.0
2022-01-20 20:15:00,212.52
2022-01-20 20:30:00,167.42
2022-01-20 20:45:00,90.05
2022-01-20 21:00:00,250.0
2022-01-20 21:15:00,212.52
2022-01-20 21:30:00,145.09
2022-01-20 21:45:00,75.19
2022-01-20 22:00:00,230.0
2022-01-20 22:15:00,212.52
2022-01-20 22:30:00,142.6
2022-01-20 22:45:00,88.64
2022-01-20 23:00:00,250.0
2022-01-20 23:15:00,199.88
2022-01-20 23:30:00,90.08
2022-01-20 23:45:00,60.04
2022-01-21 00:00:00,219.39
2022-01-21 00:15:00,153.24
2022-01-21 00:30:00,105.0
2022-01-21 00:45:00,98.37
2022-01-21 01:00:00,189.96
2022-01-21 01:15:00,157.26
2022-01-21 01:30:00,120.0
2022-01-21 01:45:00,100.0
2022-01-21 02:00:00,174.97
2022-01-21 02:15:00,159.92
2022-01-21 02:30:00,119.01
2022-01-21 02:45:00,105.0
2022-01-21 03:00:00,141.85
2022-01-21 03:15:00,120.0
2022-01-21 03:30:00,120.0
2022-01-21 03:45:00,159.94
2022-01-21 04:00:00,103.72
2022-01-21 04:15:00,108.09
2022-01-21 04:30:00,150.0
2022-01-21 04:45:00,194.39
2022-01-21 05:00:00,50.08
2022-01-21 05:15:00,117.13
2022-01-21 05:30:00,214.95
2022-01-21 05:45:00,230.0
2022-01-21 06:00:00,80.0
2022-01-21 06:15:00,194.39
2022-01-21 06:30:00,230.0
2022-01-21 06:45:00,240.08
2022-01-21 07:00:00,180.0
2022-01-21 07:15:00,227.92
2022-01-21 07:30:00,257.37
2022-01-21 07:45:00,244.39
2022-01-21 08:00:00,219.39
2022-01-21 08:15:00,237.55
2022-01-21 08:30:00,230.0
2022-01-21 08:45:00,230.0
2022-01-21 09:00:00,219.39
2022-01-21 09:15:00,232.02
2022-01-21 09:30:00,244.39
2022-01-21 09:45:00,219.39
2022-01-21 10:00:00,230.0
2022-01-21 10:15:00,220.4
2022-01-21 10:30:00,220.4
2022-01-21 10:45:00,207.0
2022-01-21 11:00:00,245.83
2022-01-21 11:15:00,230.93
2022-01-21 11:30:00,220.4
2022-01-21 11:45:00,194.39
2022-01-21 12:00:00,225.15
2022-01-21 12:15:00,220.4
2022-01-21 12:30:00,194.39
2022-01-21 12:45:00,183.29
2022-01-21 13:00:00,220.4
2022-01-21 13:15:00,206.21
2022-01-21 13:30:00,190.0
2022-01-21 13:45:00,150.77
2022-01-21 14:00:00,195.09
2022-01-21 14:15:00,200.06
2022-01-21 14:30:00,211.82
2022-01-21 14:45:00,200.09
2022-01-21 15:00:00,215.0
2022-01-21 15:15:00,220.4
2022-01-21 15:30:00,220.4
2022-01-21 15:45:00,224.03
2022-01-21 16:00:00,200.0
2022-01-21 16:15:00,217.64
2022-01-21 16:30:00,230.0
2022-01-21 16:45:00,260.02
2022-01-21 17:00:00,219.39
2022-01-21 17:15:00,244.39
2022-01-21 17:30:00,220.09
2022-01-21 17:45:00,223.73
2022-01-21 18:00:00,230.07
2022-01-21 18:15:00,228.49
2022-01-21 18:30:00,219.39
2022-01-21 18:45:00,199.89
2022-01-21 19:00:00,232.2
2022-01-21 19:15:00,220.4
2022-01-21 19:30:00,213.69
2022-01-21 19:45:00,145.05
2022-01-21 20:00:00,224.7
2022-01-21 20:15:00,205.37
2022-01-21 20:30:00,186.34
2022-01-21 20:45:00,120.06
2022-01-21 21:00:00,220.4
2022-01-21 21:15:00,209.9
2022-01-21 21:30:00,145.03
2022-01-21 21:45:00,80.09
2022-01-21 22:00:00,219.39
2022-01-21 22:15:00,190.6
2022-01-21 22:30:00,130.01
2022-01-21 22:45:00,100.03
2022-01-21 23:00:00,220.4
2022-01-21 23:15:00,178.52
2022-01-21 23:30:00,105.01
2022-01-21 23:45:00,80.04
2022-01-22 00:00:00,212.06
2022-01-22 00:15:00,186.05
2022-01-22 00:30:00,136.32
2022-01-22 00:45:00,113.78
2022-01-22 01:00:00,210.0
2022-01-22 01:15:00,186.05
2022-01-22 01:30:00,145.0
2022-01-22 01:45:00,100.06
2022-01-22 02:00:00,186.05
2022-01-22 02:15:00,170.05
2022-01-22 02:30:00,158.04
2022-01-22 02:45:00,130.0
2022-01-22 03:00:00,185.09
2022-01-22 03:15:00,150.21
2022-01-22 03:30:00,135.0
2022-01-22 03:45:00,135.0
2022-01-22 04:00:00,145.0
2022-01-22 04:15:00,140.0
2022-01-22 04:30:00,145.0
2022-01-22 04:45:00,182.34
2022-01-22 05:00:00,105.84
2022-01-22 05:15:00,145.0
2022-01-22 05:30:00,179.45
2022-01-22 05:45:00,209.99
2022-01-22 06:00:00,90.08
2022-01-22 06:15:00,160.0
2022-01-22 06:30:00,204.0
2022-01-22 06:45:00,212.06
2022-01-22 07:00:00,82.06
2022-01-22 07:15:00,186.05
2022-01-22 07:30:00,212.06
2022-01-22 07:45:00,212.06
2022-01-22 08:00:00,139.44
2022-01-22 08:15:00,190.05
2022-01-22 08:30:00,215.05
2022-01-22 08:45:00,236.03
2022-01-22 09:00:00,195.0
2022-01-22 09:15:00,210.09
2022-01-22 09:30:00,217.56
2022-01-22 09:45:00,216.12
2022-01-22 10:00:00,211.05
2022-01-22 10:15:00,211.05
2022-01-22 10:30:00,214.6
2022-01-22 10:45:00,211.05
2022-01-22 11:00:00,215.02
2022-01-22 11:15:00,211.05
2022-01-22 11:30:00,211.05
2022-01-22 11:45:00,203.12
2022-01-22 12:00:00,212.06
2022-01-22 12:15:00,212.06
2022-01-22 12:30:00,204.94
2022-01-22 12:45:00,170.06
2022-01-22 13:00:00,212.06
2022-01-22 13:15:00,210.0
2022-01-22 13:30:00,190.07
2022-01-22 13:45:00,156.83
2022-01-22 14:00:00,190.08
2022-01-22 14:15:00,195.03
2022-01-22 14:30:00,186.05
2022-01-22 14:45:00,178.42
2022-01-22 15:00:00,180.09
2022-01-22 15:15:00,190.04
2022-01-22 15:30:00,186.05
2022-01-22 15:45:00,210.0
2022-01-22 16:00:00,165.05
2022-01-22 16:15:00,186.05
2022-01-22 16:30:00,212.06
2022-01-22 16:45:00,239.14
2022-01-22 17:00:00,170.08
2022-01-22 17:15:00,211.05
2022-01-22 17:30:00,235.1
2022-01-22 17:45:00,262.75
2022-01-22 18:00:00,248.65
2022-01-22 18:15:00,240.03
2022-01-22 18:30:00,212.07
2022-01-22 18:45:00,211.05
2022-01-22 19:00:00,248.96
2022-01-22 19:15:00,232.71
2022-01-22 19:30:00,212.06
2022-01-22 19:45:00,186.05
2022-01-22 20:00:00,269.15
2022-01-22 20:15:00,213.22
2022-01-22 20:30:00,205.04
2022-01-22 20:45:00,139.76
2022-01-22 21:00:00,230.03
2022-01-22 21:15:00,211.05
2022-01-22 21:30:00,185.06
2022-01-22 21:45:00,132.32
2022-01-22 22:00:00,212.06
2022-01-22 22:15:00,210.02
2022-01-22 22:30:00,180.01
2022-01-22 22:45:00,144.68
2022-01-22 23:00:00,215.02
2022-01-22 23:15:00,189.54
2022-01-22 23:30:00,186.05
2022-01-22 23:45:00,135.39
2022-01-23 00:00:00,195.1
2022-01-23 00:15:00,180.06
2022-01-23 00:30:00,146.03
2022-01-23 00:45:00,140.16
2022-01-23 01:00:00,195.68
2022-01-23 01:15:00,170.0
2022-01-23 01:30:00,143.07
2022-01-23 01:45:00,135.34
2022-01-23 02:00:00,182.0
2022-01-23 02:15:00,160.0
2022-01-23 02:30:00,150.0
2022-01-23 02:45:00,140.0
2022-01-23 03:00:00,165.0
2022-01-23 03:15:00,155.0
2022-01-23 03:30:00,145.0
2022-01-23 03:45:00,140.0
2022-01-23 04:00:00,155.0
2022-01-23 04:15:00,150.1
2022-01-23 04:30:00,145.0
2022-01-23 04:45:00,149.9
2022-01-23 05:00:00,155.0
2022-01-23 05:15:00,153.93
2022-01-23 05:30:00,144.69
2022-01-23 05:45:00,175.18
2022-01-23 06:00:00,133.62
2022-01-23 06:15:00,144.64
2022-01-23 06:30:00,173.26
2022-01-23 06:45:00,192.68
2022-01-23 07:00:00,128.58
2022-01-23 07:15:00,155.0
2022-01-23 07:30:00,190.1
2022-01-23 07:45:00,225.0
2022-01-23 08:00:00,140.0
2022-01-23 08:15:00,179.18
2022-01-23 08:30:00,212.24
2022-01-23 08:45:00,225.69
2022-01-23 09:00:00,155.1
2022-01-23 09:15:00,199.68
2022-01-23 09:30:00,225.69
2022-01-23 09:45:00,225.69
2022-01-23 10:00:00,181.7
2022-01-23 10:15:00,190.7
2022-01-23 10:30:00,199.68
2022-01-23 10:45:00,224.68
2022-01-23 11:00:00,207.9
2022-01-23 11:15:00,225.69
2022-01-23 11:30:00,199.68
2022-01-23 11:45:00,193.68
2022-01-23 12:00:00,225.69
2022-01-23 12:15:00,199.68
2022-01-23 12:30:00,197.93
2022-01-23 12:45:00,165.04
2022-01-23 13:00:00,224.68
2022-01-23 13:15:00,199.68
2022-01-23 13:30:00,181.5
2022-01-23 13:45:00,155.06
2022-01-23 14:00:00,190.09
2022-01-23 14:15:00,185.0
2022-01-23 14:30:00,183.32
2022-01-23 14:45:00,175.82
2022-01-23 15:00:00,180.0
2022-01-23 15:15:00,175.04
2022-01-23 15:30:00,180.02
2022-01-23 15:45:00,214.0
2022-01-23 16:00:00,170.03
2022-01-23 16:15:00,172.6
2022-01-23 16:30:00,199.68
2022-01-23 16:45:00,225.69
2022-01-23 17:00:00,197.18
2022-01-23 17:15:00,200.09
2022-01-23 17:30:00,225.03
2022-01-23 17:45:00,225.69
2022-01-23 18:00:00,224.68
2022-01-23 18:15:00,224.68
2022-01-23 18:30:00,224.68
2022-01-23 18:45:00,223.68
2022-01-23 19:00:00,225.69
2022-01-23 19:15:00,225.08
2022-01-23 19:30:00,218.45
2022-01-23 19:45:00,200.03
2022-01-23 20:00:00,230.25
2022-01-23 20:15:00,224.68
2022-01-23 20:30:00,219.05
2022-01-23 20:45:00,180.06
2022-01-23 21:00:00,225.69
2022-01-23 21:15:00,200.08
2022-01-23 21:30:00,199.68
2022-01-23 21:45:00,187.12
2022-01-23 22:00:00,208.02
2022-01-23 22:15:00,199.68
2022-01-23 22:30:00,199.68
2022-01-23 22:45:00,175.09
2022-01-23 23:00:00,225.69
2022-01-23 23:15:00,199.68
2022-01-23 23:30:00,179.4
2022-01-23 23:45:00,160.06
2022-01-24 00:00:00,235.0
2022-01-24 00:15:00,225.0
2022-01-24 00:30:00,165.0
2022-01-24 00:45:00,162.97
2022-01-24 01:00:00,224.91
2022-01-24 01:15:00,211.79
2022-01-24 01:30:00,155.0
2022-01-24 01:45:00,145.0
2022-01-24 02:00:00,219.94
2022-01-24 02:15:00,155.1
2022-01-24 02:30:00,191.95
2022-01-24 02:45:00,150.0
2022-01-24 03:00:00,209.9
2022-01-24 03:15:00,150.0
2022-01-24 03:30:00,150.0
2022-01-24 03:45:00,203.76
2022-01-24 04:00:00,125.0
2022-01-24 04:15:00,145.0
2022-01-24 04:30:00,212.44
2022-01-24 04:45:00,239.95
2022-01-24 05:00:00,105.0
2022-01-24 05:15:00,173.46
2022-01-24 05:30:00,242.37
2022-01-24 05:45:00,268.38
2022-01-24 06:00:00,100.0
2022-01-24 06:15:00,228.55
2022-01-24 06:30:00,269.19
2022-01-24 06:45:00,295.0
2022-01-24 07:00:00,219.9
2022-01-24 07:15:00,267.37
2022-01-24 07:30:00,293.58
2022-01-24 07:45:00,307.08
2022-01-24 08:00:00,269.42
2022-01-24 08:15:00,289.92
2022-01-24 08:30:00,279.91
2022-01-24 08:45:00,267.37
2022-01-24 09:00:00,268.98
2022-01-24 09:15:00,274.74
2022-01-24 09:30:00,269.93
2022-01-24 09:45:00,252.75
2022-01-24 10:00:00,252.82
2022-01-24 10:15:00,267.37
2022-01-24 10:30:00,267.37
2022-01-24 10:45:00,258.32
2022-01-24 11:00:00,268.38
2022-01-24 11:15:00,268.38
2022-01-24 11:30:00,242.37
2022-01-24 11:45:00,242.37
2022-01-24 12:00:00,247.39
2022-01-24 12:15:00,242.37
2022-01-24 12:30:00,242.37
2022-01-24 12:45:00,242.37
2022-01-24 13:00:00,259.97
2022-01-24 13:15:00,240.0
2022-01-24 13:30:00,235.0
2022-01-24 13:45:00,210.67
2022-01-24 14:00:00,259.95
2022-01-24 14:15:00,268.38
2022-01-24 14:30:00,268.38
2022-01-24 14:45:00,259.94
2022-01-24 15:00:00,262.93
2022-01-24 15:15:00,259.99
2022-01-24 15:30:00,274.86
2022-01-24 15:45:00,268.62
2022-01-24 16:00:00,249.93
2022-01-24 16:15:00,263.19
2022-01-24 16:30:00,268.38
2022-01-24 16:45:00,284.9
2022-01-24 17:00:00,267.37
2022-01-24 17:15:00,279.93
2022-01-24 17:30:00,289.9
2022-01-24 17:45:00,275.0
2022-01-24 18:00:00,269.9
2022-01-24 18:15:00,267.37
2022-01-24 18:30:00,267.37
2022-01-24 18:45:00,266.58
2022-01-24 19:00:00,303.8
2022-01-24 19:15:00,277.7
2022-01-24 19:30:00,268.38
2022-01-24 19:45:00,230.0
2022-01-24 20:00:00,277.13
2022-01-24 20:15:00,268.38
2022-01-24 20:30:00,257.38
2022-01-24 20:45:00,160.1
2022-01-24 21:00:00,268.38
2022-01-24 21:15:00,258.97
2022-01-24 21:30:00,239.9
2022-01-24 21:45:00,144.72
2022-01-24 22:00:00,267.37
2022-01-24 22:15:00,244.95
2022-01-24 22:30:00,206.23
2022-01-24 22:45:00,160.06
2022-01-24 23:00:00,264.22
2022-01-24 23:15:00,242.37
2022-01-24 23:30:00,175.05
2022-01-24 23:45:00,143.49
2022-01-25 00:00:00,277.49
2022-01-25 00:15:00,245.0
2022-01-25 00:30:00,190.05
2022-01-25 00:45:00,139.11
2022-01-25 01:00:00,259.31
2022-01-25 01:15:00,234.94
2022-01-25 01:30:00,185.0
2022-01-25 01:45:00,130.08
2022-01-25 02:00:00,239.9
2022-01-25 02:15:00,203.67
2022-01-25 02:30:00,185.0
2022-01-25 02:45:00,170.0
2022-01-25 03:00:00,224.91
2022-01-25 03:15:00,185.0
2022-01-25 03:30:00,185.0
2022-01-25 03:45:00,192.26
2022-01-25 04:00:00,164.36
2022-01-25 04:15:00,175.0
2022-01-25 04:30:00,210.0
2022-01-25 04:45:00,249.95
2022-01-25 05:00:00,90.06
2022-01-25 05:15:00,176.03
2022-01-25 05:30:00,262.88
2022-01-25 05:45:00,310.4
2022-01-25 06:00:00,85.0
2022-01-25 06:15:00,259.9
2022-01-25 06:30:00,309.99
2022-01-25 06:45:00,360.75
2022-01-25 07:00:00,239.92
2022-01-25 07:15:00,309.39
2022-01-25 07:30:00,318.94
2022-01-25 07:45:00,353.69
2022-01-25 08:00:00,334.39
2022-01-25 08:15:00,341.23
2022-01-25 08:30:00,366.88
2022-01-25 08:45:00,363.33
2022-01-25 09:00:00,356.22
2022-01-25 09:15:00,334.39
2022-01-25 09:30:00,309.39
2022-01-25 09:45:00,292.76
2022-01-25 10:00:00,302.17
2022-01-25 10:15:00,299.97
2022-01-25 10:30:00,289.96
2022-01-25 10:45:00,279.96
2022-01-25 11:00:00,309.91
2022-01-25 11:15:00,299.91
2022-01-25 11:30:00,284.39
2022-01-25 11:45:00,245.87
2022-01-25 12:00:00,309.39
2022-01-25 12:15:00,278.34
2022-01-25 12:30:00,245.0
2022-01-25 12:45:00,268.34
2022-01-25 13:00:00,299.39
2022-01-25 13:15:00,284.39
2022-01-25 13:30:00,251.28
2022-01-25 13:45:00,215.08
2022-01-25 14:00:00,251.03
2022-01-25 14:15:00,250.0
2022-01-25 14:30:00,275.89
2022-01-25 14:45:00,265.89
2022-01-25 15:00:00,269.96
2022-01-25 15:15:00,279.95
2022-01-25 15:30:00,299.9
2022-01-25 15:45:00,292.86
2022-01-25 16:00:00,272.86
2022-01-25 16:15:00,291.12
2022-01-25 16:30:00,309.39
2022-01-25 16:45:00,318.54
2022-01-25 17:00:00,308.88
2022-01-25 17:15:00,309.39
2022-01-25 17:30:00,334.39
2022-01-25 17:45:00,380.94
2022-01-25 18:00:00,322.68
2022-01-25 18:15:00,358.79
2022-01-25 18:30:00,395.62
2022-01-25 18:45:00,362.14
2022-01-25 19:00:00,339.97
2022-01-25 19:15:00,328.45
2022-01-25 19:30:00,309.39
2022-01-25 19:45:00,269.91
2022-01-25 20:00:00,349.9
2022-01-25 20:15:00,310.4
2022-01-25 20:30:00,289.93
2022-01-25 20:45:00,154.68
2022-01-25 21:00:00,310.4
2022-01-25 21:15:00,284.39
2022-01-25 21:30:00,245.0
2022-01-25 21:45:00,182.74
2022-01-25 22:00:00,309.39
2022-01-25 22:15:00,270.0
2022-01-25 22:30:00,219.11
2022-01-25 22:45:00,142.58
2022-01-25 23:00:00,310.4
2022-01-25 23:15:00,259.57
2022-01-25 23:30:00,155.62
2022-01-25 23:45:00,120.02
2022-01-26 00:00:00,281.34
2022-01-26 00:15:00,255.33
2022-01-26 00:30:00,192.77
2022-01-26 00:45:00,138.46
2022-01-26 01:00:00,255.33
2022-01-26 01:15:00,240.0
2022-01-26 01:30:00,202.65
2022-01-26 01:45:00,140.07
2022-01-26 02:00:00,220.0
2022-01-26 02:15:00,217.91
2022-01-26 02:30:00,185.0
2022-01-26 02:45:00,170.0
2022-01-26 03:00:00,211.98
2022-01-26 03:15:00,185.0
2022-01-26 03:30:00,185.0
2022-01-26 03:45:00,190.0
2022-01-26 04:00:00,135.13
2022-01-26 04:15:00,175.0
2022-01-26 04:30:00,214.31
2022-01-26 04:45:00,255.33
2022-01-26 05:00:00,90.08
2022-01-26 05:15:00,170.0
2022-01-26 05:30:00,255.33
2022-01-26 05:45:00,307.15
2022-01-26 06:00:00,90.07
2022-01-26 06:15:00,229.99
2022-01-26 06:30:00,300.48
2022-01-26 06:45:00,363.45
2022-01-26 07:00:00,190.08
2022-01-26 07:15:00,281.34
2022-01-26 07:30:00,339.94
2022-01-26 07:45:00,333.63
2022-01-26 08:00:00,291.81
2022-01-26 08:15:00,313.83
2022-01-26 08:30:00,305.33
2022-01-26 08:45:00,305.33
2022-01-26 09:00:00,315.1
2022-01-26 09:15:00,312.6
2022-01-26 09:30:00,290.0
2022-01-26 09:45:00,280.33
2022-01-26 10:00:00,280.33
2022-01-26 10:15:00,280.33
2022-01-26 10:30:00,280.0
2022-01-26 10:45:00,263.64
2022-01-26 11:00:00,280.33
2022-01-26 11:15:00,280.33
2022-01-26 11:30:00,251.42
2022-01-26 11:45:00,230.92
2022-01-26 12:00:00,280.33
2022-01-26 12:15:00,245.08
2022-01-26 12:30:00,237.24
2022-01-26 12:45:00,243.74
2022-01-26 13:00:00,280.33
2022-01-26 13:15:00,255.33
2022-01-26 13:30:00,235.06
2022-01-26 13:45:00,190.1
2022-01-26 14:00:00,254.9
2022-01-26 14:15:00,230.74
2022-01-26 14:30:00,235.06
2022-01-26 14:45:00,235.07
2022-01-26 15:00:00,245.0
2022-01-26 15:15:00,255.33
2022-01-26 15:30:00,255.33
2022-01-26 15:45:00,268.34
2022-01-26 16:00:00,242.07
2022-01-26 16:15:00,255.0
2022-01-26 16:30:00,270.0
2022-01-26 16:45:00,285.74
2022-01-26 17:00:00,242.83
2022-01-26 17:15:00,280.33
2022-01-26 17:30:00,286.54
2022-01-26 17:45:00,300.0
2022-01-26 18:00:00,260.08
2022-01-26 18:15:00,280.33
2022-01-26 18:30:00,275.0
2022-01-26 18:45:00,270.58
2022-01-26 19:00:00,296.34
2022-01-26 19:15:00,281.34
2022-01-26 19:30:00,270.97
2022-01-26 19:45:00,205.06
2022-01-26 20:00:00,302.0
2022-01-26 20:15:00,268.57
2022-01-26 20:30:00,220.0
2022-01-26 20:45:00,130.05
2022-01-26 21:00:00,281.34
2022-01-26 21:15:00,242.83
2022-01-26 21:30:00,191.3
2022-01-26 21:45:00,110.07
2022-01-26 22:00:00,280.33
2022-01-26 22:15:00,225.0
2022-01-26 22:30:00,166.03
2022-01-26 22:45:00,115.36
2022-01-26 23:00:00,280.33
2022-01-26 23:15:00,229.92
2022-01-26 23:30:00,124.01
2022-01-26 23:45:00,70.07
2022-01-27 00:00:00,193.6
2022-01-27 00:15:00,184.93
2022-01-27 00:30:00,153.6
2022-01-27 00:45:00,144.2
2022-01-27 01:00:00,196.29
2022-01-27 01:15:00,174.99
2022-01-27 01:30:00,164.99
2022-01-27 01:45:00,80.1
2022-01-27 02:00:00,154.0
2022-01-27 02:15:00,154.0
2022-01-27 02:30:00,154.0
2022-01-27 02:45:00,130.04
2022-01-27 03:00:00,164.96
2022-01-27 03:15:00,149.99
2022-01-27 03:30:00,130.07
2022-01-27 03:45:00,135.1
2022-01-27 04:00:00,99.65
2022-01-27 04:15:00,120.09
2022-01-27 04:30:00,175.3
2022-01-27 04:45:00,204.96
2022-01-27 05:00:00,80.0
2022-01-27 05:15:00,134.6
2022-01-27 05:30:00,209.99
2022-01-27 05:45:00,246.78
2022-01-27 06:00:00,82.51
2022-01-27 06:15:00,198.7
2022-01-27 06:30:00,243.94
2022-01-27 06:45:00,324.09
2022-01-27 07:00:00,140.1
2022-01-27 07:15:00,236.0
2022-01-27 07:30:00,237.4
2022-01-27 07:45:00,267.51
2022-01-27 08:00:00,234.99
2022-01-27 08:15:00,234.99
2022-01-27 08:30:00,237.41
2022-01-27 08:45:00,234.99
2022-01-27 09:00:00,234.99
2022-01-27 09:15:00,249.9
2022-01-27 09:30:00,234.99
2022-01-27 09:45:00,230.93
2022-01-27 10:00:00,235.04
2022-01-27 10:15:00,234.99
2022-01-27 10:30:00,224.12
2022-01-27 10:45:00,221.85
2022-01-27 11:00:00,239.43
2022-01-27 11:15:00,235.0
2022-01-27 11:30:00,222.24
2022-01-27 11:45:00,211.24
2022-01-27 12:00:00,234.99
2022-01-27 12:15:00,220.0
2022-01-27 12:30:00,205.0
2022-01-27 12:45:00,201.3
2022-01-27 13:00:00,232.2
2022-01-27 13:15:00,210.0
2022-01-27 13:30:00,209.99
2022-01-27 13:45:00,190.9
2022-01-27 14:00:00,210.0
2022-01-27 14:15:00,210.0
2022-01-27 14:30:00,209.99
2022-01-27 14:45:00,199.14
2022-01-27 15:00:00,240.64
2022-01-27 15:15:00,230.8
2022-01-27 15:30:00,236.0
2022-01-27 15:45:00,230.71
2022-01-27 16:00:00,239.16
2022-01-27 16:15:00,237.72
2022-01-27 16:30:00,240.6
2022-01-27 16:45:00,275.07
2022-01-27 17:00:00,234.2
2022-01-27 17:15:00,236.0
2022-01-27 17:30:00,247.38
2022-01-27 17:45:00,274.96
2022-01-27 18:00:00,234.99
2022-01-27 18:15:00,234.99
2022-01-27 18:30:00,226.25
2022-01-27 18:45:00,233.75
2022-01-27 19:00:00,244.62
2022-01-27 19:15:00,236.0
2022-01-27 19:30:00,212.4
2022-01-27 19:45:00,172.49
2022-01-27 20:00:00,245.31
2022-01-27 20:15:00,224.96
2022-01-27 20:30:00,189.9
2022-01-27 20:45:00,101.53
2022-01-27 21:00:00,234.99
2022-01-27 21:15:00,194.99
2022-01-27 21:30:00,153.78
2022-01-27 21:45:00,89.73
2022-01-27 22:00:00,220.75
2022-01-27 22:15:00,189.96
2022-01-27 22:30:00,124.06
2022-01-27 22:45:00,79.1
2022-01-27 23:00:00,234.99
2022-01-27 23:15:00,157.26
2022-01-27 23:30:00,111.51
2022-01-27 23:45:00,60.46
2022-01-28 00:00:00,173.08
2022-01-28 00:15:00,170.63
2022-01-28 00:30:00,161.05
2022-01-28 00:45:00,85.91
2022-01-28 01:00:00,194.91
2022-01-28 01:15:00,141.98
2022-01-28 01:30:00,125.0
2022-01-28 01:45:00,76.8
2022-01-28 02:00:00,160.1
2022-01-28 02:15:00,137.74
2022-01-28 02:30:00,130.0
2022-01-28 02:45:00,80.09
2022-01-28 03:00:00,132.29
2022-01-28 03:15:00,100.09
2022-01-28 03:30:00,135.0
2022-01-28 03:45:00,140.0
2022-01-28 04:00:00,77.57
2022-01-28 04:15:00,120.0
2022-01-28 04:30:00,165.97
2022-01-28 04:45:00,199.91
2022-01-28 05:00:00,78.28
2022-01-28 05:15:00,115.0
2022-01-28 05:30:00,196.08
2022-01-28 05:45:00,222.09
2022-01-28 06:00:00,61.03
2022-01-28 06:15:00,194.57
2022-01-28 06:30:00,222.09
2022-01-28 06:45:00,245.12
2022-01-28 07:00:00,175.0
2022-01-28 07:15:00,225.0
2022-01-28 07:30:00,235.0
2022-01-28 07:45:00,240.69
2022-01-28 08:00:00,222.09
2022-01-28 08:15:00,222.09
2022-01-28 08:30:00,255.0
2022-01-28 08:45:00,248.13
2022-01-28 09:00:00,230.09
2022-01-28 09:15:00,228.57
2022-01-28 09:30:00,222.33
2022-01-28 09:45:00,228.57
2022-01-28 10:00:00,230.04
2022-01-28 10:15:00,225.0
2022-01-28 10:30:00,222.09
2022-01-28 10:45:00,202.78
2022-01-28 11:00:00,230.96
2022-01-28 11:15:00,225.0
2022-01-28 11:30:00,222.09
2022-01-28 11:45:00,222.09
2022-01-28 12:00:00,222.09
2022-01-28 12:15:00,212.74
2022-01-28 12:30:00,196.08
2022-01-28 12:45:00,191.4
2022-01-28 13:00:00,221.08
2022-01-28 13:15:00,221.08
2022-01-28 13:30:00,205.0
2022-01-28 13:45:00,184.69
2022-01-28 14:00:00,213.34
2022-01-28 14:15:00,220.1
2022-01-28 14:30:00,225.0
2022-01-28 14:45:00,222.09
2022-01-28 15:00:00,228.48
2022-01-28 15:15:00,246.08
2022-01-28 15:30:00,235.09
2022-01-28 15:45:00,250.01
2022-01-28 16:00:00,221.08
2022-01-28 16:15:00,239.6
2022-01-28 16:30:00,246.08
2022-01-28 16:45:00,285.08
2022-01-28 17:00:00,246.08
2022-01-28 17:15:00,284.85
2022-01-28 17:30:00,265.08
2022-01-28 17:45:00,284.82
2022-01-28 18:00:00,310.66
2022-01-28 18:15:00,295.0
2022-01-28 18:30:00,280.0
2022-01-28 18:45:00,225.07
2022-01-28 19:00:00,295.26
2022-01-28 19:15:00,266.34
2022-01-28 19:30:00,225.1
2022-01-28 19:45:00,196.08
2022-01-28 20:00:00,265.74
2022-01-28 20:15:00,225.06
2022-01-28 20:30:00,222.09
2022-01-28 20:45:00,195.0
2022-01-28 21:00:00,242.7
2022-01-28 21:15:00,222.09
2022-01-28 21:30:00,200.0
2022-01-28 21:45:00,125.89
2022-01-28 22:00:00,221.08
2022-01-28 22:15:00,214.24
2022-01-28 22:30:00,190.0
2022-01-28 22:45:00,126.67
2022-01-28 23:00:00,222.09
2022-01-28 23:15:00,200.0
2022-01-28 23:30:00,144.14
2022-01-28 23:45:00,110.08
2022-01-29 00:00:00,210.49
2022-01-29 00:15:00,185.49
2022-01-29 00:30:00,149.77
2022-01-29 00:45:00,105.0
2022-01-29 01:00:00,210.49
2022-01-29 01:15:00,166.32
2022-01-29 01:30:00,145.0
2022-01-29 01:45:00,80.03
2022-01-29 02:00:00,180.0
2022-01-29 02:15:00,165.0
2022-01-29 02:30:00,150.0
2022-01-29 02:45:00,97.36
2022-01-29 03:00:00,170.0
2022-01-29 03:15:00,162.41
2022-01-29 03:30:00,160.0
2022-01-29 03:45:00,155.0
2022-01-29 04:00:00,145.43
2022-01-29 04:15:00,130.09
2022-01-29 04:30:00,170.0
2022-01-29 04:45:00,185.49
2022-01-29 05:00:00,110.07
2022-01-29 05:15:00,163.44
2022-01-29 05:30:00,185.0
2022-01-29 05:45:00,193.73
2022-01-29 06:00:00,130.01
2022-01-29 06:15:00,153.41
2022-01-29 06:30:00,185.49
2022-01-29 06:45:00,211.5
2022-01-29 07:00:00,121.32
2022-01-29 07:15:00,201.94
2022-01-29 07:30:00,210.49
2022-01-29 07:45:00,211.5
2022-01-29 08:00:00,160.08
2022-01-29 08:15:00,187.56
2022-01-29 08:30:00,211.5
2022-01-29 08:45:00,211.5
2022-01-29 09:00:00,209.57
2022-01-29 09:15:00,210.09
2022-01-29 09:30:00,210.49
2022-01-29 09:45:00,210.49
2022-01-29 10:00:00,203.57
2022-01-29 10:15:00,200.09
2022-01-29 10:30:00,207.73
2022-01-29 10:45:00,210.49
2022-01-29 11:00:00,210.49
2022-01-29 11:15:00,210.49
2022-01-29 11:30:00,200.0
2022-01-29 11:45:00,159.42
2022-01-29 12:00:00,211.5
2022-01-29 12:15:00,210.0
2022-01-29 12:30:00,185.49
2022-01-29 12:45:00,134.21
2022-01-29 13:00:00,210.49
2022-01-29 13:15:00,185.49
2022-01-29 13:30:00,185.49
2022-01-29 13:45:00,136.62
2022-01-29 14:00:00,185.49
2022-01-29 14:15:00,185.49
2022-01-29 14:30:00,170.05
2022-01-29 14:45:00,160.57
2022-01-29 15:00:00,168.95
2022-01-29 15:15:00,162.45
2022-01-29 15:30:00,170.08
2022-01-29 15:45:00,210.49
2022-01-29 16:00:00,134.05
2022-01-29 16:15:00,175.0
2022-01-29 16:30:00,195.0
2022-01-29 16:45:00,211.5
2022-01-29 17:00:00,185.49
2022-01-29 17:15:00,205.49
2022-01-29 17:30:00,210.49
2022-01-29 17:45:00,211.5
2022-01-29 18:00:00,230.09
2022-01-29 18:15:00,215.08
2022-01-29 18:30:00,211.5
2022-01-29 18:45:00,182.2
2022-01-29 19:00:00,223.95
2022-01-29 19:15:00,211.5
2022-01-29 19:30:00,211.5
2022-01-29 19:45:00,178.95
2022-01-29 20:00:00,222.58
2022-01-29 20:15:00,210.0
2022-01-29 20:30:00,185.49
2022-01-29 20:45:00,120.08
2022-01-29 21:00:00,211.5
2022-01-29 21:15:00,190.0
2022-01-29 21:30:00,170.0
2022-01-29 21:45:00,105.65
2022-01-29 22:00:00,200.0
2022-01-29 22:15:00,190.0
2022-01-29 22:30:00,157.24
2022-01-29 22:45:00,105.09
2022-01-29 23:00:00,211.5
2022-01-29 23:15:00,185.49
2022-01-29 23:30:00,135.06
2022-01-29 23:45:00,78.35
2022-01-30 00:00:00,170.02
2022-01-30 00:15:00,150.02
2022-01-30 00:30:00,140.0
2022-01-30 00:45:00,111.2
2022-01-30 01:00:00,160.04
2022-01-30 01:15:00,140.07
2022-01-30 01:30:00,130.02
2022-01-30 01:45:00,101.2
2022-01-30 02:00:00,150.03
2022-01-30 02:15:00,140.0
2022-01-30 02:30:00,117.15
2022-01-30 02:45:00,12.0
2022-01-30 03:00:00,156.23
2022-01-30 03:15:00,156.23
2022-01-30 03:30:00,150.0
2022-01-30 03:45:00,139.12
2022-01-30 04:00:00,102.48
2022-01-30 04:15:00,130.01
2022-01-30 04:30:00,130.01
2022-01-30 04:45:00,130.03
2022-01-30 05:00:00,130.05
2022-01-30 05:15:00,130.07
2022-01-30 05:30:00,120.08
2022-01-30 05:45:00,136.72
2022-01-30 06:00:00,100.05
2022-01-30 06:15:00,149.07
2022-01-30 06:30:00,156.23
2022-01-30 06:45:00,182.24
2022-01-30 07:00:00,67.31
2022-01-30 07:15:00,156.23
2022-01-30 07:30:00,182.24
2022-01-30 07:45:00,194.23
2022-01-30 08:00:00,129.58
2022-01-30 08:15:00,170.0
2022-01-30 08:30:00,182.24
2022-01-30 08:45:00,182.24
2022-01-30 09:00:00,155.01
2022-01-30 09:15:00,165.1
2022-01-30 09:30:00,181.23
2022-01-30 09:45:00,182.24
2022-01-30 10:00:00,148.18
2022-01-30 10:15:00,175.71
2022-01-30 10:30:00,181.23
2022-01-30 10:45:00,182.24
2022-01-30 11:00:00,170.1
2022-01-30 11:15:00,181.23
2022-01-30 11:30:00,181.23
2022-01-30 11:45:00,164.98
2022-01-30 12:00:00,182.24
2022-01-30 12:15:00,182.24
2022-01-30 12:30:00,175.52
2022-01-30 12:45:00,140.0
2022-01-30 13:00:00,182.24
2022-01-30 13:15:00,160.38
2022-01-30 13:30:00,156.23
2022-01-30 13:45:00,120.0
2022-01-30 14:00:00,156.23
2022-01-30 14:15:00,156.23
2022-01-30 14:30:00,156.23
2022-01-30 14:45:00,149.82
2022-01-30 15:00:00,141.22
2022-01-30 15:15:00,149.97
2022-01-30 15:30:00,156.25
2022-01-30 15:45:00,156.23
2022-01-30 16:00:00,151.84
2022-01-30 16:15:00,156.23
2022-01-30 16:30:00,182.24
2022-01-30 16:45:00,190.08
2022-01-30 17:00:00,148.92
2022-01-30 17:15:00,180.0
2022-01-30 17:30:00,181.23
2022-01-30 17:45:00,182.24
2022-01-30 18:00:00,195.0
2022-01-30 18:15:00,205.0
2022-01-30 18:30:00,203.69
2022-01-30 18:45:00,182.82
2022-01-30 19:00:00,229.9
2022-01-30 19:15:00,216.27
2022-01-30 19:30:00,214.9
2022-01-30 19:45:00,182.24
2022-01-30 20:00:00,233.83
2022-01-30 20:15:00,194.23
2022-01-30 20:30:00,191.83
2022-01-30 20:45:00,182.24
2022-01-30 21:00:00,208.78
2022-01-30 21:15:00,182.27
2022-01-30 21:30:00,182.24
2022-01-30 21:45:00,182.24
2022-01-30 22:00:00,188.39
2022-01-30 22:15:00,190.31
2022-01-30 22:30:00,182.24
2022-01-30 22:45:00,182.24
2022-01-30 23:00:00,190.82
2022-01-30 23:15:00,182.24
2022-01-30 23:30:00,156.23
2022-01-30 23:45:00,151.11
2022-01-31 00:00:00,166.83
2022-01-31 00:15:00,140.0
2022-01-31 00:30:00,130.0
2022-01-31 00:45:00,118.29
2022-01-31 01:00:00,163.72
2022-01-31 01:15:00,135.0
2022-01-31 01:30:00,125.0
2022-01-31 01:45:00,106.08
2022-01-31 02:00:00,150.0
2022-01-31 02:15:00,135.0
2022-01-31 02:30:00,130.0
2022-01-31 02:45:00,113.55
2022-01-31 03:00:00,124.17
2022-01-31 03:15:00,124.17
2022-01-31 03:30:00,135.0
2022-01-31 03:45:00,140.0
2022-01-31 04:00:00,100.68
2022-01-31 04:15:00,120.06
2022-01-31 04:30:00,150.0
2022-01-31 04:45:00,195.1
2022-01-31 05:00:00,90.02
2022-01-31 05:15:00,127.38
2022-01-31 05:30:00,198.79
2022-01-31 05:45:00,252.75
2022-01-31 06:00:00,60.03
2022-01-31 06:15:00,141.82
2022-01-31 06:30:00,252.75
2022-01-31 06:45:00,260.42
2022-01-31 07:00:00,226.62
2022-01-31 07:15:00,253.17
2022-01-31 07:30:00,284.61
2022-01-31 07:45:00,292.26
2022-01-31 08:00:00,252.75
2022-01-31 08:15:00,252.75
2022-01-31 08:30:00,252.75
2022-01-31 08:45:00,252.75
2022-01-31 09:00:00,251.74
2022-01-31 09:15:00,251.74
2022-01-31 09:30:00,251.74
2022-01-31 09:45:00,245.8
2022-01-31 10:00:00,246.24
2022-01-31 10:15:00,250.99
2022-01-31 10:30:00,250.99
2022-01-31 10:45:00,251.74
2022-01-31 11:00:00,260.73
2022-01-31 11:15:00,259.19
2022-01-31 11:30:00,253.38
2022-01-31 11:45:00,252.75
2022-01-31 12:00:00,261.06
2022-01-31 12:15:00,252.75
2022-01-31 12:30:00,252.75
2022-01-31 12:45:00,251.74
2022-01-31 13:00:00,268.54
2022-01-31 13:15:00,252.75
2022-01-31 13:30:00,252.75
2022-01-31 13:45:00,149.95
2022-01-31 14:00:00,251.74
2022-01-31 14:15:00,247.81
2022-01-31 14:30:00,243.81
2022-01-31 14:45:00,239.91
2022-01-31 15:00:00,249.92
2022-01-31 15:15:00,234.73
2022-01-31 15:30:00,248.48
2022-01-31 15:45:00,251.74
2022-01-31 16:00:00,239.94
2022-01-31 16:15:00,251.74
2022-01-31 16:30:00,252.75
2022-01-31 16:45:00,252.75
2022-01-31 17:00:00,252.75
2022-01-31 17:15:00,264.54
2022-01-31 17:30:00,260.75
2022-01-31 17:45:00,261.58
2022-01-31 18:00:00,252.75
2022-01-31 18:15:00,252.75
2022-01-31 18:30:00,244.17
2022-01-31 18:45:00,210.08
2022-01-31 19:00:00,271.14
2022-01-31 19:15:00,255.75
2022-01-31 19:30:00,252.75
2022-01-31 19:45:00,180.09
2022-01-31 20:00:00,258.6
2022-01-31 20:15:00,252.75
2022-01-31 20:30:00,240.0
2022-01-31 20:45:00,150.05
2022-01-31 21:00:00,252.75
2022-01-31 21:15:00,252.75
2022-01-31 21:30:00,187.45
2022-01-31 21:45:00,129.97
2022-01-31 22:00:00,252.75
2022-01-31 22:15:00,226.74
2022-01-31 22:30:00,160.08
2022-01-31 22:45:00,140.03
2022-01-31 23:00:00,245.21
2022-01-31 23:15:00,208.67
2022-01-31 23:30:00,130.09
2022-01-31 23:45:00,120.03
2022-02-01 00:00:00,219.98
2022-02-01 00:15:00,185.01
2022-02-01 00:30:00,144.82
2022-02-01 00:45:00,105.13
2022-02-01 01:00:00,195.1
2022-02-01 01:15:00,175.05
2022-02-01 01:30:00,152.84
2022-02-01 01:45:00,110.06
2022-02-01 02:00:00,185.07
2022-02-01 02:15:00,170.22
2022-02-01 02:30:00,120.09
2022-02-01 02:45:00,150.02
2022-02-01 03:00:00,170.01
2022-02-01 03:15:00,130.09
2022-02-01 03:30:00,157.32
2022-02-01 03:45:00,150.0
2022-02-01 04:00:00,100.09
2022-02-01 04:15:00,123.86
2022-02-01 04:30:00,175.09
2022-02-01 04:45:00,210.0
2022-02-01 05:00:00,75.08
2022-02-01 05:15:00,156.35
2022-02-01 05:30:00,210.0
2022-02-01 05:45:00,224.48
2022-02-01 06:00:00,93.15
2022-02-01 06:15:00,198.23
2022-02-01 06:30:00,224.24
2022-02-01 06:45:00,276.74
2022-02-01 07:00:00,185.08
2022-02-01 07:15:00,224.24
2022-02-01 07:30:00,260.0
2022-02-01 07:45:00,269.87
2022-02-01 08:00:00,225.03
2022-02-01 08:15:00,230.95
2022-02-01 08:30:00,235.02
2022-02-01 08:45:00,225.04
2022-02-01 09:00:00,223.23
2022-02-01 09:15:00,235.02
2022-02-01 09:30:00,223.23
2022-02-01 09:45:00,223.23
2022-02-01 10:00:00,225.69
2022-02-01 10:15:00,223.23
2022-02-01 10:30:00,223.23
2022-02-01 10:45:00,219.93
2022-02-01 11:00:00,223.23
2022-02-01 11:15:00,223.23
2022-02-01 11:30:00,223.23
2022-02-01 11:45:00,204.93
2022-02-01 12:00:00,224.24
2022-02-01 12:15:00,222.48
2022-02-01 12:30:00,214.89
2022-02-01 12:45:00,198.23
2022-02-01 13:00:00,223.23
2022-02-01 13:15:00,210.0
2022-02-01 13:30:00,198.76
2022-02-01 13:45:00,185.08
2022-02-01 14:00:00,198.23
2022-02-01 14:15:00,198.23
2022-02-01 14:30:00,198.23
2022-02-01 14:45:00,198.23
2022-02-01 15:00:00,197.21
2022-02-01 15:15:00,205.07
2022-02-01 15:30:00,215.01
2022-02-01 15:45:00,220.0
2022-02-01 16:00:00,198.23
2022-02-01 16:15:00,209.95
2022-02-01 16:30:00,210.08
2022-02-01 16:45:00,224.24
2022-02-01 17:00:00,223.13
2022-02-01 17:15:00,223.23
2022-02-01 17:30:00,230.01
2022-02-01 17:45:00,223.23
2022-02-01 18:00:00,230.06
2022-02-01 18:15:00,224.24
2022-02-01 18:30:00,224.34
2022-02-01 18:45:00,223.23
2022-02-01 19:00:00,248.68
2022-02-01 19:15:00,225.09
2022-02-01 19:30:00,224.24
2022-02-01 19:45:00,170.04
2022-02-01 20:00:00,260.37
2022-02-01 20:15:00,224.24
2022-02-01 20:30:00,210.0
2022-02-01 20:45:00,135.05
2022-02-01 21:00:00,224.24
2022-02-01 21:15:00,209.98
2022-02-01 21:30:00,154.97
2022-02-01 21:45:00,110.03
2022-02-01 22:00:00,220.47
2022-02-01 22:15:00,195.72
2022-02-01 22:30:00,144.45
2022-02-01 22:45:00,102.48
2022-02-01 23:00:00,223.23
2022-02-01 23:15:00,195.04
2022-02-01 23:30:00,130.05
2022-02-01 23:45:00,91.69
2022-02-02 00:00:00,185.0
2022-02-02 00:15:00,164.98
2022-02-02 00:30:00,144.92
2022-02-02 00:45:00,117.24
2022-02-02 01:00:00,190.37
2022-02-02 01:15:00,164.94
2022-02-02 01:30:00,120.1
2022-02-02 01:45:00,105.0
2022-02-02 02:00:00,169.98
2022-02-02 02:15:00,159.93
2022-02-02 02:30:00,149.92
2022-02-02 02:45:00,105.0
2022-02-02 03:00:00,115.0
2022-02-02 03:15:00,115.0
2022-02-02 03:30:00,137.86
2022-02-02 03:45:00,164.91
2022-02-02 04:00:00,95.0
2022-02-02 04:15:00,110.0
2022-02-02 04:30:00,145.95
2022-02-02 04:45:00,195.0
2022-02-02 05:00:00,45.0
2022-02-02 05:15:00,115.1
2022-02-02 05:30:00,210.0
2022-02-02 05:45:00,229.91
2022-02-02 06:00:00,52.66
2022-02-02 06:15:00,199.96
2022-02-02 06:30:00,229.18
2022-02-02 06:45:00,258.58
2022-02-02 07:00:00,187.39
2022-02-02 07:15:00,229.18
2022-02-02 07:30:00,229.18
2022-02-02 07:45:00,230.0
2022-02-02 08:00:00,221.9
2022-02-02 08:15:00,229.18
2022-02-02 08:30:00,229.18
2022-02-02 08:45:00,229.18
2022-02-02 09:00:00,228.17
2022-02-02 09:15:00,220.24
2022-02-02 09:30:00,226.99
2022-02-02 09:45:00,201.8
2022-02-02 10:00:00,229.18
2022-02-02 10:15:00,208.82
2022-02-02 10:30:00,203.17
2022-02-02 10:45:00,189.93
2022-02-02 11:00:00,203.17
2022-02-02 11:15:00,210.0
2022-02-02 11:30:00,195.0
2022-02-02 11:45:00,165.48
2022-02-02 12:00:00,210.0
2022-02-02 12:15:00,203.17
2022-02-02 12:30:00,165.0
2022-02-02 12:45:00,181.14
2022-02-02 13:00:00,210.0
2022-02-02 13:15:00,203.17
2022-02-02 13:30:00,203.17
2022-02-02 13:45:00,150.58
2022-02-02 14:00:00,199.91
2022-02-02 14:15:00,203.17
2022-02-02 14:30:00,203.17
2022-02-02 14:45:00,191.82
2022-02-02 15:00:00,188.82
2022-02-02 15:15:00,196.32
2022-02-02 15:30:00,210.0
2022-02-02 15:45:00,228.17
2022-02-02 16:00:00,221.6
2022-02-02 16:15:00,225.6
2022-02-02 16:30:00,215.09
2022-02-02 16:45:00,228.17
2022-02-02 17:00:00,228.17
2022-02-02 17:15:00,253.17
2022-02-02 17:30:00,243.96
2022-02-02 17:45:00,253.17
2022-02-02 18:00:00,265.07
2022-02-02 18:15:00,265.23
2022-02-02 18:30:00,240.02
2022-02-02 18:45:00,228.17
2022-02-02 19:00:00,297.44
2022-02-02 19:15:00,273.12
2022-02-02 19:30:00,230.08
2022-02-02 19:45:00,219.05
2022-02-02 20:00:00,270.06
2022-02-02 20:15:00,245.07
2022-02-02 20:30:00,228.17
2022-02-02 20:45:00,197.19
2022-02-02 21:00:00,270.48
2022-02-02 21:15:00,236.45
2022-02-02 21:30:00,220.0
2022-02-02 21:45:00,150.07
2022-02-02 22:00:00,230.04
2022-02-02 22:15:00,229.18
2022-02-02 22:30:00,210.0
2022-02-02 22:45:00,161.75
2022-02-02 23:00:00,229.18
2022-02-02 23:15:00,210.0
2022-02-02 23:30:00,186.95
2022-02-02 23:45:00,120.0
2022-02-03 00:00:00,221.04
2022-02-03 00:15:00,199.95
2022-02-03 00:30:00,146.02
2022-02-03 00:45:00,137.39
2022-02-03 01:00:00,210.0
2022-02-03 01:15:00,194.94
2022-02-03 01:30:00,153.11
2022-02-03 01:45:00,136.39
2022-02-03 02:00:00,204.93
2022-02-03 02:15:00,160.0
2022-02-03 02:30:00,161.28
2022-02-03 02:45:00,147.39
2022-02-03 03:00:00,146.19
2022-02-03 03:15:00,152.95
2022-02-03 03:30:00,150.0
2022-02-03 03:45:00,189.92
2022-02-03 04:00:00,129.73
2022-02-03 04:15:00,138.81
2022-02-03 04:30:00,179.94
2022-02-03 04:45:00,210.0
2022-02-03 05:00:00,81.46
2022-02-03 05:15:00,150.03
2022-02-03 05:30:00,229.91
2022-02-03 05:45:00,248.85
2022-02-03 06:00:00,74.66
2022-02-03 06:15:00,210.0
2022-02-03 06:30:00,248.85
2022-02-03 06:45:00,271.14
2022-02-03 07:00:00,180.07
2022-02-03 07:15:00,247.84
2022-02-03 07:30:00,255.0
2022-02-03 07:45:00,281.11
2022-02-03 08:00:00,224.2
2022-02-03 08:15:00,247.84
2022-02-03 08:30:00,245.08
2022-02-03 08:45:00,247.84
2022-02-03 09:00:00,236.8
2022-02-03 09:15:00,243.8
2022-02-03 09:30:00,240.01
2022-02-03 09:45:00,238.8
2022-02-03 10:00:00,247.84
2022-02-03 10:15:00,240.03
2022-02-03 10:30:00,230.08
2022-02-03 10:45:00,220.06
2022-02-03 11:00:00,235.07
2022-02-03 11:15:00,247.84
2022-02-03 11:30:00,230.01
2022-02-03 11:45:00,180.1
2022-02-03 12:00:00,241.09
2022-02-03 12:15:00,210.85
2022-02-03 12:30:00,210.0
2022-02-03 12:45:00,170.06
2022-02-03 13:00:00,225.71
2022-02-03 13:15:00,215.09
2022-02-03 13:30:00,210.0
2022-02-03 13:45:00,180.07
2022-02-03 14:00:00,209.61
2022-02-03 14:15:00,215.08
2022-02-03 14:30:00,220.1
2022-02-03 14:45:00,225.01
2022-02-03 15:00:00,226.73
2022-02-03 15:15:00,233.23
2022-02-03 15:30:00,235.04
2022-02-03 15:45:00,242.98
2022-02-03 16:00:00,247.84
2022-02-03 16:15:00,247.84
2022-02-03 16:30:00,244.11
2022-02-03 16:45:00,247.84
2022-02-03 17:00:00,237.24
2022-02-03 17:15:00,247.84
2022-02-03 17:30:00,250.01
2022-02-03 17:45:00,247.84
2022-02-03 18:00:00,247.84
2022-02-03 18:15:00,247.84
2022-02-03 18:30:00,247.84
2022-02-03 18:45:00,242.29
2022-02-03 19:00:00,284.37
2022-02-03 19:15:00,272.84
2022-02-03 19:30:00,247.84
2022-02-03 19:45:00,214.64
2022-02-03 20:00:00,255.03
2022-02-03 20:15:00,248.85
2022-02-03 20:30:00,222.84
2022-02-03 20:45:00,151.85
2022-02-03 21:00:00,247.84
2022-02-03 21:15:00,240.0
2022-02-03 21:30:00,175.02
2022-02-03 21:45:00,120.0
2022-02-03 22:00:00,239.41
2022-02-03 22:15:00,210.0
2022-02-03 22:30:00,165.08
2022-02-03 22:45:00,137.5
2022-02-03 23:00:00,233.49
2022-02-03 23:15:00,202.14
2022-02-03 23:30:00,145.02
2022-02-03 23:45:00,115.08
2022-02-04 00:00:00,204.96
2022-02-04 00:15:00,179.1
2022-02-04 00:30:00,168.26
2022-02-04 00:45:00,120.07
2022-02-04 01:00:00,204.1
2022-02-04 01:15:00,174.12
2022-02-04 01:30:00,155.09
2022-02-04 01:45:00,116.88
2022-02-04 02:00:00,160.08
2022-02-04 02:15:00,165.06
2022-02-04 02:30:00,160.1
2022-02-04 02:45:00,157.24
2022-02-04 03:00:00,160.07
2022-02-04 03:15:00,160.02
2022-02-04 03:30:00,160.04
2022-02-04 03:45:00,160.09
2022-02-04 04:00:00,110.07
2022-02-04 04:15:00,150.0
2022-02-04 04:30:00,175.8
2022-02-04 04:45:00,205.11
2022-02-04 05:00:00,106.87
2022-02-04 05:15:00,179.1
2022-02-04 05:30:00,184.97
2022-02-04 05:45:00,210.0
2022-02-04 06:00:00,120.0
2022-02-04 06:15:00,205.11
2022-02-04 06:30:00,231.04
2022-02-04 06:45:00,253.79
2022-02-04 07:00:00,199.96
2022-02-04 07:15:00,210.05
2022-02-04 07:30:00,250.62
2022-02-04 07:45:00,234.98
2022-02-04 08:00:00,215.06
2022-02-04 08:15:00,229.1
2022-02-04 08:30:00,225.09
2022-02-04 08:45:00,220.0
2022-02-04 09:00:00,220.01
2022-02-04 09:15:00,215.2
2022-02-04 09:30:00,220.09
2022-02-04 09:45:00,216.87
2022-02-04 10:00:00,225.04
2022-02-04 10:15:00,215.01
2022-02-04 10:30:00,205.03
2022-02-04 10:45:00,204.1
2022-02-04 11:00:00,215.01
2022-02-04 11:15:00,208.22
2022-02-04 11:30:00,205.11
2022-02-04 11:45:00,179.1
2022-02-04 12:00:00,205.34
2022-02-04 12:15:00,199.59
2022-02-04 12:30:00,180.02
2022-02-04 12:45:00,165.07
2022-02-04 13:00:00,205.11
2022-02-04 13:15:00,205.11
2022-02-04 13:30:00,185.03
2022-02-04 13:45:00,148.39
2022-02-04 14:00:00,185.76
2022-02-04 14:15:00,185.09
2022-02-04 14:30:00,205.11
2022-02-04 14:45:00,205.11
2022-02-04 15:00:00,205.11
2022-02-04 15:15:00,205.11
2022-02-04 15:30:00,205.11
2022-02-04 15:45:00,215.05
2022-02-04 16:00:00,205.11
2022-02-04 16:15:00,205.11
2022-02-04 16:30:00,229.1
2022-02-04 16:45:00,240.27
2022-02-04 17:00:00,204.1
2022-02-04 17:15:00,229.1
2022-02-04 17:30:00,217.7
2022-02-04 17:45:00,229.1
2022-02-04 18:00:00,232.5
2022-02-04 18:15:00,229.1
2022-02-04 18:30:00,205.11
2022-02-04 18:45:00,204.1
2022-02-04 19:00:00,259.86
2022-02-04 19:15:00,229.1
2022-02-04 19:30:00,204.1
2022-02-04 19:45:00,166.68
2022-02-04 20:00:00,234.91
2022-02-04 20:15:00,210.0
2022-02-04 20:30:00,205.11
2022-02-04 20:45:00,148.61
2022-02-04 21:00:00,225.7
2022-02-04 21:15:00,210.0
2022-02-04 21:30:00,185.05
2022-02-04 21:45:00,120.05
2022-02-04 22:00:00,210.0
2022-02-04 22:15:00,205.11
2022-02-04 22:30:00,172.6
2022-02-04 22:45:00,139.11
2022-02-04 23:00:00,207.27
2022-02-04 23:15:00,179.1
2022-02-04 23:30:00,144.95
2022-02-04 23:45:00,104.31
2022-02-05 00:00:00,177.62
2022-02-05 00:15:00,171.41
2022-02-05 00:30:00,150.04
2022-02-05 00:45:00,125.04
2022-02-05 01:00:00,180.0
2022-02-05 01:15:00,171.41
2022-02-05 01:30:00,145.0
2022-02-05 01:45:00,111.69
2022-02-05 02:00:00,172.49
2022-02-05 02:15:00,160.0
2022-02-05 02:30:00,145.4
2022-02-05 02:45:00,130.1
2022-02-05 03:00:00,157.97
2022-02-05 03:15:00,145.4
2022-02-05 03:30:00,145.4
2022-02-05 03:45:00,135.0
2022-02-05 04:00:00,130.0
2022-02-05 04:15:00,142.46
2022-02-05 04:30:00,145.4
2022-02-05 04:45:00,171.41
2022-02-05 05:00:00,117.52
2022-02-05 05:15:00,164.94
2022-02-05 05:30:00,145.4
2022-02-05 05:45:00,171.41
2022-02-05 06:00:00,100.0
2022-02-05 06:15:00,153.59
2022-02-05 06:30:00,171.41
2022-02-05 06:45:00,195.0
2022-02-05 07:00:00,115.0
2022-02-05 07:15:00,171.41
2022-02-05 07:30:00,171.41
2022-02-05 07:45:00,190.95
2022-02-05 08:00:00,145.4
2022-02-05 08:15:00,167.36
2022-02-05 08:30:00,180.0
2022-02-05 08:45:00,171.41
2022-02-05 09:00:00,175.0
2022-02-05 09:15:00,180.0
2022-02-05 09:30:00,180.0
2022-02-05 09:45:00,171.41
2022-02-05 10:00:00,190.0
2022-02-05 10:15:00,186.96
2022-02-05 10:30:00,174.92
2022-02-05 10:45:00,149.92
2022-02-05 11:00:00,188.29
2022-02-05 11:15:00,180.38
2022-02-05 11:30:00,171.41
2022-02-05 11:45:00,129.93
2022-02-05 12:00:00,195.0
2022-02-05 12:15:00,171.41
2022-02-05 12:30:00,164.93
2022-02-05 12:45:00,136.65
2022-02-05 13:00:00,171.41
2022-02-05 13:15:00,157.8
2022-02-05 13:30:00,145.4
2022-02-05 13:45:00,145.4
2022-02-05 14:00:00,139.95
2022-02-05 14:15:00,145.4
2022-02-05 14:30:00,160.0
2022-02-05 14:45:00,162.98
2022-02-05 15:00:00,129.93
2022-02-05 15:15:00,145.4
2022-02-05 15:30:00,170.0
2022-02-05 15:45:00,174.66
2022-02-05 16:00:00,129.92
2022-02-05 16:15:00,150.27
2022-02-05 16:30:00,173.57
2022-02-05 16:45:00,195.0
2022-02-05 17:00:00,171.41
2022-02-05 17:15:00,206.64
2022-02-05 17:30:00,233.87
2022-02-05 17:45:00,220.0
2022-02-05 18:00:00,259.91
2022-02-05 18:15:00,205.0
2022-02-05 18:30:00,195.0
2022-02-05 18:45:00,170.4
2022-02-05 19:00:00,210.0
2022-02-05 19:15:00,195.0
2022-02-05 19:30:00,180.0
2022-02-05 19:45:00,161.86
2022-02-05 20:00:00,195.0
2022-02-05 20:15:00,190.0
2022-02-05 20:30:00,165.0
2022-02-05 20:45:00,124.26
2022-02-05 21:00:00,178.11
2022-02-05 21:15:00,171.41
2022-02-05 21:30:00,145.4
2022-02-05 21:45:00,125.08
2022-02-05 22:00:00,171.41
2022-02-05 22:15:00,171.41
2022-02-05 22:30:00,170.0
2022-02-05 22:45:00,118.02
2022-02-05 23:00:00,186.98
2022-02-05 23:15:00,171.41
2022-02-05 23:30:00,128.36
2022-02-05 23:45:00,100.03
2022-02-06 00:00:00,165.57
2022-02-06 00:15:00,164.56
2022-02-06 00:30:00,146.1
2022-02-06 00:45:00,132.03
2022-02-06 01:00:00,165.57
2022-02-06 01:15:00,165.57
2022-02-06 01:30:00,151.0
2022-02-06 01:45:00,107.28
2022-02-06 02:00:00,163.0
2022-02-06 02:15:00,156.0
2022-02-06 02:30:00,139.56
2022-02-06 02:45:00,116.12
2022-02-06 03:00:00,139.56
2022-02-06 03:15:00,139.56
2022-02-06 03:30:00,137.43
2022-02-06 03:45:00,139.56
2022-02-06 04:00:00,139.56
2022-02-06 04:15:00,139.56
2022-02-06 04:30:00,139.56
2022-02-06 04:45:00,141.64
2022-02-06 05:00:00,139.56
2022-02-06 05:15:00,138.15
2022-02-06 05:30:00,139.56
2022-02-06 05:45:00,141.0
2022-02-06 06:00:00,110.09
2022-02-06 06:15:00,139.56
2022-02-06 06:30:00,157.83
2022-02-06 06:45:00,165.57
2022-02-06 07:00:00,113.99
2022-02-06 07:15:00,163.0
2022-02-06 07:30:00,165.57
2022-02-06 07:45:00,165.57
2022-02-06 08:00:00,138.17
2022-02-06 08:15:00,140.1
2022-02-06 08:30:00,165.57
2022-02-06 08:45:00,164.56
2022-02-06 09:00:00,165.57
2022-02-06 09:15:00,166.09
2022-02-06 09:30:00,165.57
2022-02-06 09:45:00,165.57
2022-02-06 10:00:00,150.06
2022-02-06 10:15:00,156.1
2022-02-06 10:30:00,162.04
2022-02-06 10:45:00,164.56
2022-02-06 11:00:00,165.57
2022-02-06 11:15:00,165.57
2022-02-06 11:30:00,156.39
2022-02-06 11:45:00,139.56
2022-02-06 12:00:00,150.1
2022-02-06 12:15:00,163.31
2022-02-06 12:30:00,148.01
2022-02-06 12:45:00,138.57
2022-02-06 13:00:00,142.0
2022-02-06 13:15:00,139.56
2022-02-06 13:30:00,150.02
2022-02-06 13:45:00,128.68
2022-02-06 14:00:00,139.56
2022-02-06 14:15:00,134.0
2022-02-06 14:30:00,139.56
2022-02-06 14:45:00,156.25
2022-02-06 15:00:00,122.0
2022-02-06 15:15:00,139.56
2022-02-06 15:30:00,139.56
2022-02-06 15:45:00,162.8
2022-02-06 16:00:00,119.0
2022-02-06 16:15:00,139.56
2022-02-06 16:30:00,165.57
2022-02-06 16:45:00,175.87
2022-02-06 17:00:00,148.0
2022-02-06 17:15:00,178.0
2022-02-06 17:30:00,189.56
2022-02-06 17:45:00,196.44
2022-02-06 18:00:00,165.57
2022-02-06 18:15:00,169.3
2022-02-06 18:30:00,170.07
2022-02-06 18:45:00,167.02
2022-02-06 19:00:00,165.57
2022-02-06 19:15:00,165.57
2022-02-06 19:30:00,165.57
2022-02-06 19:45:00,154.84
2022-02-06 20:00:00,165.57
2022-02-06 20:15:00,157.09
2022-02-06 20:30:00,165.57
2022-02-06 20:45:00,115.07
2022-02-06 21:00:00,165.57
2022-02-06 21:15:00,150.0
2022-02-06 21:30:00,139.56
2022-02-06 21:45:00,141.04
2022-02-06 22:00:00,161.07
2022-02-06 22:15:00,165.4
2022-02-06 22:30:00,151.02
2022-02-06 22:45:00,139.56
2022-02-06 23:00:00,165.57
2022-02-06 23:15:00,165.57
2022-02-06 23:30:00,139.56
2022-02-06 23:45:00,120.62
2022-02-07 00:00:00,179.89
2022-02-07 00:15:00,150.1
2022-02-07 00:30:00,140.0
2022-02-07 00:45:00,130.0
2022-02-07 01:00:00,164.67
2022-02-07 01:15:00,164.67
2022-02-07 01:30:00,135.0
2022-02-07 01:45:00,98.21
2022-02-07 02:00:00,179.67
2022-02-07 02:15:00,150.17
2022-02-07 02:30:00,144.17
2022-02-07 02:45:00,72.83
2022-02-07 03:00:00,105.0
2022-02-07 03:15:00,115.0
2022-02-07 03:30:00,147.4
2022-02-07 03:45:00,119.94
2022-02-07 04:00:00,60.08
2022-02-07 04:15:00,110.0
2022-02-07 04:30:00,141.28
2022-02-07 04:45:00,190.68
2022-02-07 05:00:00,21.68
2022-02-07 05:15:00,95.0
2022-02-07 05:30:00,190.68
2022-02-07 05:45:00,204.83
2022-02-07 06:00:00,25.09
2022-02-07 06:15:00,174.46
2022-02-07 06:30:00,205.0
2022-02-07 06:45:00,269.93
2022-02-07 07:00:00,144.16
2022-02-07 07:15:00,190.68
2022-02-07 07:30:00,238.66
2022-02-07 07:45:00,270.07
2022-02-07 08:00:00,189.67
2022-02-07 08:15:00,214.67
2022-02-07 08:30:00,224.9
2022-02-07 08:45:00,190.0
2022-02-07 09:00:00,214.67
2022-02-07 09:15:00,214.67
2022-02-07 09:30:00,214.67
2022-02-07 09:45:00,176.53
2022-02-07 10:00:00,190.68
2022-02-07 10:15:00,190.68
2022-02-07 10:30:00,190.68
2022-02-07 10:45:00,171.78
2022-02-07 11:00:00,239.91
2022-02-07 11:15:00,229.91
2022-02-07 11:30:00,195.11
2022-02-07 11:45:00,190.68
2022-02-07 12:00:00,190.68
2022-02-07 12:15:00,190.68
2022-02-07 12:30:00,165.51
2022-02-07 12:45:00,164.67
2022-02-07 13:00:00,189.67
2022-02-07 13:15:00,186.9
2022-02-07 13:30:00,164.67
2022-02-07 13:45:00,165.0
2022-02-07 14:00:00,189.96
2022-02-07 14:15:00,194.94
2022-02-07 14:30:00,208.56
2022-02-07 14:45:00,212.87
2022-02-07 15:00:00,175.23
2022-02-07 15:15:00,204.11
2022-02-07 15:30:00,221.67
2022-02-07 15:45:00,238.67
2022-02-07 16:00:00,189.97
2022-02-07 16:15:00,220.0
2022-02-07 16:30:00,207.1
2022-02-07 16:45:00,237.4
2022-02-07 17:00:00,190.68
2022-02-07 17:15:00,219.17
2022-02-07 17:30:00,214.67
2022-02-07 17:45:00,203.48
2022-02-07 18:00:00,224.52
2022-02-07 18:15:00,224.02
2022-02-07 18:30:00,212.2
2022-02-07 18:45:00,189.67
2022-02-07 19:00:00,255.0
2022-02-07 19:15:00,222.95
2022-02-07 19:30:00,189.67
2022-02-07 19:45:00,164.45
2022-02-07 20:00:00,250.0
2022-02-07 20:15:00,209.41
2022-02-07 20:30:00,199.09
2022-02-07 20:45:00,164.67
2022-02-07 21:00:00,224.13
2022-02-07 21:15:00,190.68
2022-02-07 21:30:00,185.0
2022-02-07 21:45:00,105.06
2022-02-07 22:00:00,190.68
2022-02-07 22:15:00,190.68
2022-02-07 22:30:00,164.67
2022-02-07 22:45:00,132.08
2022-02-07 23:00:00,190.68
2022-02-07 23:15:00,190.0
2022-02-07 23:30:00,135.55
2022-02-07 23:45:00,95.01
2022-02-08 00:00:00,185.29
2022-02-08 00:15:00,174.91
2022-02-08 00:30:00,115.0
2022-02-08 00:45:00,90.0
2022-02-08 01:00:00,179.94
2022-02-08 01:15:00,164.95
2022-02-08 01:30:00,115.1
2022-02-08 01:45:00,84.14
2022-02-08 02:00:00,174.9
2022-02-08 02:15:00,133.97
2022-02-08 02:30:00,115.1
2022-02-08 02:45:00,105.0
2022-02-08 03:00:00,125.04
2022-02-08 03:15:00,149.91
2022-02-08 03:30:00,115.0
2022-02-08 03:45:00,120.0
2022-02-08 04:00:00,72.45
2022-02-08 04:15:00,105.0
2022-02-08 04:30:00,159.94
2022-02-08 04:45:00,184.95
2022-02-08 05:00:00,74.49
2022-02-08 05:15:00,115.0
2022-02-08 05:30:00,195.0
2022-02-08 05:45:00,206.5
2022-02-08 06:00:00,64.97
2022-02-08 06:15:00,179.95
2022-02-08 06:30:00,205.0
2022-02-08 06:45:00,252.17
2022-02-08 07:00:00,180.0
2022-02-08 07:15:00,203.28
2022-02-08 07:30:00,218.12
2022-02-08 07:45:00,230.0
2022-02-08 08:00:00,203.28
2022-02-08 08:15:00,203.28
2022-02-08 08:30:00,203.28
2022-02-08 08:45:00,210.15
2022-02-08 09:00:00,205.0
2022-02-08 09:15:00,205.0
2022-02-08 09:30:00,204.9
2022-02-08 09:45:00,197.11
2022-02-08 10:00:00,220.56
2022-02-08 10:15:00,203.28
2022-02-08 10:30:00,195.0
2022-02-08 10:45:00,177.77
2022-02-08 11:00:00,205.13
2022-02-08 11:15:00,204.29
2022-02-08 11:30:00,204.29
2022-02-08 11:45:00,178.28
2022-02-08 12:00:00,203.28
2022-02-08 12:15:00,195.0
2022-02-08 12:30:00,173.1
2022-02-08 12:45:00,169.1
2022-02-08 13:00:00,203.28
2022-02-08 13:15:00,179.93
2022-02-08 13:30:00,178.28
2022-02-08 13:45:00,166.88
2022-02-08 14:00:00,178.28
2022-02-08 14:15:00,183.31
2022-02-08 14:30:00,189.97
2022-02-08 14:45:00,200.0
2022-02-08 15:00:00,175.0
2022-02-08 15:15:00,185.0
2022-02-08 15:30:00,203.28
2022-02-08 15:45:00,203.28
2022-02-08 16:00:00,182.37
2022-02-08 16:15:00,193.62
2022-02-08 16:30:00,200.37
2022-02-08 16:45:00,203.28
2022-02-08 17:00:00,189.23
2022-02-08 17:15:00,203.28
2022-02-08 17:30:00,203.28
2022-02-08 17:45:00,205.04
2022-02-08 18:00:00,215.03
2022-02-08 18:15:00,205.07
2022-02-08 18:30:00,203.28
2022-02-08 18:45:00,199.95
2022-02-08 19:00:00,235.05
2022-02-08 19:15:00,210.06
2022-02-08 19:30:00,195.0
2022-02-08 19:45:00,148.08
2022-02-08 20:00:00,220.0
2022-02-08 20:15:00,203.28
2022-02-08 20:30:00,178.56
2022-02-08 20:45:00,119.17
2022-02-08 21:00:00,204.29
2022-02-08 21:15:00,195.0
2022-02-08 21:30:00,152.46
2022-02-08 21:45:00,105.04
2022-02-08 22:00:00,195.0
2022-02-08 22:15:00,189.79
2022-02-08 22:30:00,125.01
2022-02-08 22:45:00,100.82
2022-02-08 23:00:00,195.0
2022-02-08 23:15:00,160.34
2022-02-08 23:30:00,106.13
2022-02-08 23:45:00,80.3
2022-02-09 00:00:00,196.69
2022-02-09 00:15:00,176.68
2022-02-09 00:30:00,135.0
2022-02-09 00:45:00,113.79
2022-02-09 01:00:00,180.86
2022-02-09 01:15:00,169.68
2022-02-09 01:30:00,125.0
2022-02-09 01:45:00,104.86
2022-02-09 02:00:00,179.9
2022-02-09 02:15:00,153.56
2022-02-09 02:30:00,125.0
2022-02-09 02:45:00,115.0
2022-02-09 03:00:00,139.53
2022-02-09 03:15:00,135.0
2022-02-09 03:30:00,140.0
2022-02-09 03:45:00,145.0
2022-02-09 04:00:00,100.0
2022-02-09 04:15:00,115.0
2022-02-09 04:30:00,169.98
2022-02-09 04:45:00,195.25
2022-02-09 05:00:00,74.9
2022-02-09 05:15:00,115.0
2022-02-09 05:30:00,195.0
2022-02-09 05:45:00,218.71
2022-02-09 06:00:00,86.12
2022-02-09 06:15:00,189.94
2022-02-09 06:30:00,215.0
2022-02-09 06:45:00,245.0
2022-02-09 07:00:00,164.47
2022-02-09 07:15:00,201.68
2022-02-09 07:30:00,215.0
2022-02-09 07:45:00,228.65
2022-02-09 08:00:00,190.09
2022-02-09 08:15:00,201.68
2022-02-09 08:30:00,201.68
2022-02-09 08:45:00,201.41
2022-02-09 09:00:00,200.1
2022-02-09 09:15:00,195.71
2022-02-09 09:30:00,195.0
2022-02-09 09:45:00,175.09
2022-02-09 10:00:00,211.93
2022-02-09 10:15:00,195.69
2022-02-09 10:30:00,188.94
2022-02-09 10:45:00,145.0
2022-02-09 11:00:00,201.68
2022-02-09 11:15:00,185.0
2022-02-09 11:30:00,167.87
2022-02-09 11:45:00,131.38
2022-02-09 12:00:00,201.68
2022-02-09 12:15:00,168.57
2022-02-09 12:30:00,155.0
2022-02-09 12:45:00,150.0
2022-02-09 13:00:00,195.0
2022-02-09 13:15:00,160.0
2022-02-09 13:30:00,165.0
2022-02-09 13:45:00,155.0
2022-02-09 14:00:00,176.68
2022-02-09 14:15:00,178.86
2022-02-09 14:30:00,202.69
2022-02-09 14:45:00,202.69
2022-02-09 15:00:00,180.0
2022-02-09 15:15:00,202.69
2022-02-09 15:30:00,202.22
2022-02-09 15:45:00,202.69
2022-02-09 16:00:00,194.9
2022-02-09 16:15:00,195.0
2022-02-09 16:30:00,198.18
2022-02-09 16:45:00,218.31
2022-02-09 17:00:00,201.68
2022-02-09 17:15:00,220.08
2022-02-09 17:30:00,228.69
2022-02-09 17:45:00,234.33
2022-02-09 18:00:00,240.1
2022-02-09 18:15:00,242.35
2022-02-09 18:30:00,230.09
2022-02-09 18:45:00,215.01
2022-02-09 19:00:00,261.16
2022-02-09 19:15:00,245.1
2022-02-09 19:30:00,227.21
2022-02-09 19:45:00,201.68
2022-02-09 20:00:00,250.07
2022-02-09 20:15:00,230.07
2022-02-09 20:30:00,205.09
2022-02-09 20:45:00,194.82
2022-02-09 21:00:00,230.27
2022-02-09 21:15:00,211.26
2022-02-09 21:30:00,202.69
2022-02-09 21:45:00,174.54
2022-02-09 22:00:00,215.09
2022-02-09 22:15:00,205.09
2022-02-09 22:30:00,202.69
2022-02-09 22:45:00,176.68
2022-02-09 23:00:00,224.31
2022-02-09 23:15:00,202.69
2022-02-09 23:30:00,176.68
2022-02-09 23:45:00,140.06
2022-02-10 00:00:00,227.11
2022-02-10 00:15:00,202.11
2022-02-10 00:30:00,176.71
2022-02-10 00:45:00,130.06
2022-02-10 01:00:00,209.94
2022-02-10 01:15:00,194.93
2022-02-10 01:30:00,170.0
2022-02-10 01:45:00,131.77
2022-02-10 02:00:00,196.68
2022-02-10 02:15:00,190.18
2022-02-10 02:30:00,155.0
2022-02-10 02:45:00,155.53
2022-02-10 03:00:00,170.0
2022-02-10 03:15:00,178.61
2022-02-10 03:30:00,150.0
2022-02-10 03:45:00,165.78
2022-02-10 04:00:00,135.0
2022-02-10 04:15:00,145.61
2022-02-10 04:30:00,189.93
2022-02-10 04:45:00,209.95
2022-02-10 05:00:00,105.0
2022-02-10 05:15:00,165.0
2022-02-10 05:30:00,218.29
2022-02-10 05:45:00,240.29
2022-02-10 06:00:00,110.01
2022-02-10 06:15:00,205.0
2022-02-10 06:30:00,242.42
2022-02-10 06:45:00,256.31
2022-02-10 07:00:00,195.03
2022-02-10 07:15:00,227.11
2022-02-10 07:30:00,244.61
2022-02-10 07:45:00,250.0
2022-02-10 08:00:00,235.04
2022-02-10 08:15:00,235.08
2022-02-10 08:30:00,227.11
2022-02-10 08:45:00,225.0
2022-02-10 09:00:00,227.11
2022-02-10 09:15:00,227.11
2022-02-10 09:30:00,223.34
2022-02-10 09:45:00,189.56
2022-02-10 10:00:00,227.11
2022-02-10 10:15:00,222.78
2022-02-10 10:30:00,215.03
2022-02-10 10:45:00,155.07
2022-02-10 11:00:00,228.12
2022-02-10 11:15:00,227.11
2022-02-10 11:30:00,202.11
2022-02-10 11:45:00,150.0
2022-02-10 12:00:00,225.04
2022-02-10 12:15:00,195.14
2022-02-10 12:30:00,163.93
2022-02-10 12:45:00,155.0
2022-02-10 13:00:00,185.08
2022-02-10 13:15:00,170.0
2022-02-10 13:30:00,175.0
2022-02-10 13:45:00,175.0
2022-02-10 14:00:00,159.95
2022-02-10 14:15:00,194.9
2022-02-10 14:30:00,196.11
2022-02-10 14:45:00,191.11
2022-02-10 15:00:00,194.15
2022-02-10 15:15:00,195.0
2022-02-10 15:30:00,202.11
2022-02-10 15:45:00,227.11
2022-02-10 16:00:00,175.0
2022-02-10 16:15:00,185.25
2022-02-10 16:30:00,212.93
2022-02-10 16:45:00,225.07
2022-02-10 17:00:00,179.9
2022-02-10 17:15:00,215.53
2022-02-10 17:30:00,223.28
2022-02-10 17:45:00,227.11
2022-02-10 18:00:00,227.11
2022-02-10 18:15:00,227.11
2022-02-10 18:30:00,225.06
2022-02-10 18:45:00,210.94
2022-02-10 19:00:00,253.39
2022-02-10 19:15:00,240.03
2022-02-10 19:30:00,220.06
2022-02-10 19:45:00,186.52
2022-02-10 20:00:00,241.71
2022-02-10 20:15:00,227.11
2022-02-10 20:30:00,210.1
2022-02-10 20:45:00,180.02
2022-02-10 21:00:00,232.2
2022-02-10 21:15:00,228.12
2022-02-10 21:30:00,202.11
2022-02-10 21:45:00,123.9
2022-02-10 22:00:00,227.11
2022-02-10 22:15:00,205.83
2022-02-10 22:30:00,190.0
2022-02-10 22:45:00,130.04
2022-02-10 23:00:00,227.11
2022-02-10 23:15:00,185.0
2022-02-10 23:30:00,125.05
2022-02-10 23:45:00,106.76
2022-02-11 00:00:00,200.0
2022-02-11 00:15:00,192.65
2022-02-11 00:30:00,166.64
2022-02-11 00:45:00,157.51
2022-02-11 01:00:00,192.65
2022-02-11 01:15:00,179.96
2022-02-11 01:30:00,166.68
2022-02-11 01:45:00,149.92
2022-02-11 02:00:00,192.65
2022-02-11 02:15:00,170.0
2022-02-11 02:30:00,172.77
2022-02-11 02:45:00,166.64
2022-02-11 03:00:00,166.56
2022-02-11 03:15:00,164.98
2022-02-11 03:30:00,166.64
2022-02-11 03:45:00,165.06
2022-02-11 04:00:00,116.22
2022-02-11 04:15:00,159.9
2022-02-11 04:30:00,170.0
2022-02-11 04:45:00,192.65
2022-02-11 05:00:00,107.87
2022-02-11 05:15:00,145.0
2022-02-11 05:30:00,192.65
2022-02-11 05:45:00,225.0
2022-02-11 06:00:00,105.0
2022-02-11 06:15:00,192.18
2022-02-11 06:30:00,221.35
2022-02-11 06:45:00,250.0
2022-02-11 07:00:00,172.45
2022-02-11 07:15:00,214.9
2022-02-11 07:30:00,226.72
2022-02-11 07:45:00,225.0
2022-02-11 08:00:00,203.17
2022-02-11 08:15:00,229.14
2022-02-11 08:30:00,224.9
2022-02-11 08:45:00,210.0
2022-02-11 09:00:00,217.02
2022-02-11 09:15:00,216.64
2022-02-11 09:30:00,192.65
2022-02-11 09:45:00,191.64
2022-02-11 10:00:00,193.77
2022-02-11 10:15:00,193.29
2022-02-11 10:30:00,195.0
2022-02-11 10:45:00,192.65
2022-02-11 11:00:00,209.94
2022-02-11 11:15:00,206.81
2022-02-11 11:30:00,191.64
2022-02-11 11:45:00,149.95
2022-02-11 12:00:00,192.65
2022-02-11 12:15:00,192.65
2022-02-11 12:30:00,166.64
2022-02-11 12:45:00,130.38
2022-02-11 13:00:00,175.0
2022-02-11 13:15:00,170.0
2022-02-11 13:30:00,166.64
2022-02-11 13:45:00,148.77
2022-02-11 14:00:00,166.64
2022-02-11 14:15:00,170.0
2022-02-11 14:30:00,166.64
2022-02-11 14:45:00,160.54
2022-02-11 15:00:00,165.0
2022-02-11 15:15:00,190.0
2022-02-11 15:30:00,166.64
2022-02-11 15:45:00,187.39
2022-02-11 16:00:00,175.0
2022-02-11 16:15:00,179.7
2022-02-11 16:30:00,192.65
2022-02-11 16:45:00,200.05
2022-02-11 17:00:00,187.82
2022-02-11 17:15:00,216.64
2022-02-11 17:30:00,220.06
2022-02-11 17:45:00,222.49
2022-02-11 18:00:00,245.68
2022-02-11 18:15:00,245.26
2022-02-11 18:30:00,231.99
2022-02-11 18:45:00,205.06
2022-02-11 19:00:00,271.82
2022-02-11 19:15:00,249.42
2022-02-11 19:30:00,225.04
2022-02-11 19:45:00,192.65
2022-02-11 20:00:00,251.64
2022-02-11 20:15:00,225.09
2022-02-11 20:30:00,221.31
2022-02-11 20:45:00,191.64
2022-02-11 21:00:00,249.68
2022-02-11 21:15:00,223.21
2022-02-11 21:30:00,192.65
2022-02-11 21:45:00,154.21
2022-02-11 22:00:00,214.68
2022-02-11 22:15:00,213.0
2022-02-11 22:30:00,193.57
2022-02-11 22:45:00,185.0
2022-02-11 23:00:00,219.64
2022-02-11 23:15:00,192.65
2022-02-11 23:30:00,184.76
2022-02-11 23:45:00,170.0
2022-02-12 00:00:00,190.02
2022-02-12 00:15:00,206.06
2022-02-12 00:30:00,192.23
2022-02-12 00:45:00,179.55
2022-02-12 01:00:00,206.06
2022-02-12 01:15:00,206.06
2022-02-12 01:30:00,170.0
2022-02-12 01:45:00,145.04
2022-02-12 02:00:00,205.05
2022-02-12 02:15:00,174.05
2022-02-12 02:30:00,164.92
2022-02-12 02:45:00,152.27
2022-02-12 03:00:00,180.05
2022-02-12 03:15:00,175.31
2022-02-12 03:30:00,170.0
2022-02-12 03:45:00,170.0
2022-02-12 04:00:00,151.89
2022-02-12 04:15:00,169.94
2022-02-12 04:30:00,174.96
2022-02-12 04:45:00,184.93
2022-02-12 05:00:00,114.64
2022-02-12 05:15:00,164.91
2022-02-12 05:30:00,174.54
2022-02-12 05:45:00,199.97
2022-02-12 06:00:00,105.0
2022-02-12 06:15:00,164.92
2022-02-12 06:30:00,156.88
2022-02-12 06:45:00,201.46
2022-02-12 07:00:00,114.8
2022-02-12 07:15:00,170.0
2022-02-12 07:30:00,201.54
2022-02-12 07:45:00,205.05
2022-02-12 08:00:00,160.42
2022-02-12 08:15:00,180.05
2022-02-12 08:30:00,180.05
2022-02-12 08:45:00,205.05
2022-02-12 09:00:00,186.64
2022-02-12 09:15:00,180.05
2022-02-12 09:30:00,180.05
2022-02-12 09:45:00,169.91
2022-02-12 10:00:00,199.97
2022-02-12 10:15:00,189.96
2022-02-12 10:30:00,170.18
2022-02-12 10:45:00,139.99
2022-02-12 11:00:00,199.97
2022-02-12 11:15:00,180.05
2022-02-12 11:30:00,159.83
2022-02-12 11:45:00,139.9
2022-02-12 12:00:00,205.05
2022-02-12 12:15:00,179.93
2022-02-12 12:30:00,155.11
2022-02-12 12:45:00,115.0
2022-02-12 13:00:00,170.0
2022-02-12 13:15:00,155.43
2022-02-12 13:30:00,159.96
2022-02-12 13:45:00,125.0
2022-02-12 14:00:00,123.36
2022-02-12 14:15:00,159.94
2022-02-12 14:30:00,170.0
2022-02-12 14:45:00,156.55
2022-02-12 15:00:00,123.89
2022-02-12 15:15:00,128.93
2022-02-12 15:30:00,170.0
2022-02-12 15:45:00,199.95
2022-02-12 16:00:00,135.52
2022-02-12 16:15:00,158.26
2022-02-12 16:30:00,200.41
2022-02-12 16:45:00,205.05
2022-02-12 17:00:00,134.9
2022-02-12 17:15:00,205.0
2022-02-12 17:30:00,205.05
2022-02-12 17:45:00,218.86
2022-02-12 18:00:00,205.05
2022-02-12 18:15:00,205.05
2022-02-12 18:30:00,200.0
2022-02-12 18:45:00,173.97
2022-02-12 19:00:00,206.06
2022-02-12 19:15:00,205.05
2022-02-12 19:30:00,177.04
2022-02-12 19:45:00,130.05
2022-02-12 20:00:00,206.06
2022-02-12 20:15:00,186.04
2022-02-12 20:30:00,170.0
2022-02-12 20:45:00,115.04
2022-02-12 21:00:00,200.0
2022-02-12 21:15:00,166.36
2022-02-12 21:30:00,130.01
2022-02-12 21:45:00,106.78
2022-02-12 22:00:00,170.0
2022-02-12 22:15:00,170.0
2022-02-12 22:30:00,155.01
2022-02-12 22:45:00,105.0
2022-02-12 23:00:00,205.05
2022-02-12 23:15:00,170.0
2022-02-12 23:30:00,109.11
2022-02-12 23:45:00,90.07
2022-02-13 00:00:00,157.64
2022-02-13 00:15:00,118.34
2022-02-13 00:30:00,80.06
2022-02-13 00:45:00,72.01
2022-02-13 01:00:00,150.0
2022-02-13 01:15:00,90.09
2022-02-13 01:30:00,70.04
2022-02-13 01:45:00,60.05
2022-02-13 02:00:00,130.0
2022-02-13 02:15:00,80.03
2022-02-13 02:30:00,70.02
2022-02-13 02:45:00,60.05
2022-02-13 03:00:00,135.0
2022-02-13 03:15:00,112.54
2022-02-13 03:30:00,110.0
2022-02-13 03:45:00,70.09
2022-02-13 04:00:00,125.0
2022-02-13 04:15:00,90.48
2022-02-13 04:30:00,115.0
2022-02-13 04:45:00,110.0
2022-02-13 05:00:00,100.1
2022-02-13 05:15:00,120.0
2022-02-13 05:30:00,101.6
2022-02-13 05:45:00,110.0
2022-02-13 06:00:00,62.36
2022-02-13 06:15:00,100.0
2022-02-13 06:30:00,140.93
2022-02-13 06:45:00,165.93
2022-02-13 07:00:00,60.81
2022-02-13 07:15:00,110.0
2022-02-13 07:30:00,140.28
2022-02-13 07:45:00,150.0
2022-02-13 08:00:00,95.0
2022-02-13 08:15:00,138.11
2022-02-13 08:30:00,140.93
2022-02-13 08:45:00,119.94
2022-02-13 09:00:00,130.7
2022-02-13 09:15:00,140.93
2022-02-13 09:30:00,144.45
2022-02-13 09:45:00,139.92
2022-02-13 10:00:00,140.93
2022-02-13 10:15:00,140.93
2022-02-13 10:30:00,154.95
2022-02-13 10:45:00,134.96
2022-02-13 11:00:00,165.93
2022-02-13 11:15:00,165.93
2022-02-13 11:30:00,130.0
2022-02-13 11:45:00,102.14
2022-02-13 12:00:00,164.9
2022-02-13 12:15:00,140.93
2022-02-13 12:30:00,119.13
2022-02-13 12:45:00,56.86
2022-02-13 13:00:00,140.93
2022-02-13 13:15:00,105.65
2022-02-13 13:30:00,110.0
2022-02-13 13:45:00,70.08
2022-02-13 14:00:00,94.96
2022-02-13 14:15:00,119.92
2022-02-13 14:30:00,123.85
2022-02-13 14:45:00,54.79
2022-02-13 15:00:00,41.56
2022-02-13 15:15:00,68.4
2022-02-13 15:30:00,133.99
2022-02-13 15:45:00,139.95
2022-02-13 16:00:00,49.98
2022-02-13 16:15:00,125.93
2022-02-13 16:30:00,165.0
2022-02-13 16:45:00,166.73
2022-02-13 17:00:00,90.47
2022-02-13 17:15:00,150.0
2022-02-13 17:30:00,165.93
2022-02-13 17:45:00,190.93
2022-02-13 18:00:00,145.95
2022-02-13 18:15:00,154.9
2022-02-13 18:30:00,153.7
2022-02-13 18:45:00,141.45
2022-02-13 19:00:00,165.93
2022-02-13 19:15:00,160.0
2022-02-13 19:30:00,140.93
2022-02-13 19:45:00,103.99
2022-02-13 20:00:00,165.93
2022-02-13 20:15:00,140.93
2022-02-13 20:30:00,135.19
2022-02-13 20:45:00,79.55
2022-02-13 21:00:00,150.0
2022-02-13 21:15:00,140.93
2022-02-13 21:30:00,95.08
2022-02-13 21:45:00,74.3
2022-02-13 22:00:00,134.43
2022-02-13 22:15:00,145.0
2022-02-13 22:30:00,100.29
2022-02-13 22:45:00,94.38
2022-02-13 23:00:00,150.0
2022-02-13 23:15:00,105.08
2022-02-13 23:30:00,60.1
2022-02-13 23:45:00,54.92
2022-02-14 00:00:00,150.0
2022-02-14 00:15:00,105.04
2022-02-14 00:30:00,70.09
2022-02-14 00:45:00,79.37
2022-02-14 01:00:00,135.0
2022-02-14 01:15:00,109.42
2022-02-14 01:30:00,90.05
2022-02-14 01:45:00,80.0
2022-02-14 02:00:00,90.07
2022-02-14 02:15:00,80.04
2022-02-14 02:30:00,70.05
2022-02-14 02:45:00,70.04
2022-02-14 03:00:00,90.1
2022-02-14 03:15:00,105.0
2022-02-14 03:30:00,100.0
2022-02-14 03:45:00,123.29
2022-02-14 04:00:00,50.05
2022-02-14 04:15:00,70.07
2022-02-14 04:30:00,115.0
2022-02-14 04:45:00,156.11
2022-02-14 05:00:00,20.05
2022-02-14 05:15:00,80.62
2022-02-14 05:30:00,184.92
2022-02-14 05:45:00,203.69
2022-02-14 06:00:00,12.0
2022-02-14 06:15:00,144.34
2022-02-14 06:30:00,193.65
2022-02-14 06:45:00,230.0
2022-02-14 07:00:00,125.0
2022-02-14 07:15:00,189.92
2022-02-14 07:30:00,192.64
2022-02-14 07:45:00,196.18
2022-02-14 08:00:00,192.64
2022-02-14 08:15:00,199.73
2022-02-14 08:30:00,179.96
2022-02-14 08:45:00,150.0
2022-02-14 09:00:00,192.64
2022-02-14 09:15:00,190.04
2022-02-14 09:30:00,172.93
2022-02-14 09:45:00,162.21
2022-02-14 10:00:00,180.08
2022-02-14 10:15:00,167.64
2022-02-14 10:30:00,154.5
2022-02-14 10:45:00,143.5
2022-02-14 11:00:00,190.0
2022-02-14 11:15:00,175.0
2022-02-14 11:30:00,142.96
2022-02-14 11:45:00,130.07
2022-02-14 12:00:00,167.64
2022-02-14 12:15:00,152.37
2022-02-14 12:30:00,140.0
2022-02-14 12:45:00,140.0
2022-02-14 13:00:00,172.14
2022-02-14 13:15:00,147.14
2022-02-14 13:30:00,145.0
2022-02-14 13:45:00,139.97
2022-02-14 14:00:00,110.0
2022-02-14 14:15:00,160.0
2022-02-14 14:30:00,167.64
2022-02-14 14:45:00,162.37
2022-02-14 15:00:00,145.0
2022-02-14 15:15:00,177.09
2022-02-14 15:30:00,193.65
2022-02-14 15:45:00,193.65
2022-02-14 16:00:00,121.54
2022-02-14 16:15:00,155.04
2022-02-14 16:30:00,192.64
2022-02-14 16:45:00,193.65
2022-02-14 17:00:00,173.36
2022-02-14 17:15:00,193.65
2022-02-14 17:30:00,193.65
2022-02-14 17:45:00,200.09
2022-02-14 18:00:00,192.64
2022-02-14 18:15:00,192.64
2022-02-14 18:30:00,192.64
2022-02-14 18:45:00,188.24
2022-02-14 19:00:00,219.7
2022-02-14 19:15:00,214.9
2022-02-14 19:30:00,192.64
2022-02-14 19:45:00,127.34
2022-02-14 20:00:00,217.64
2022-02-14 20:15:00,195.0
2022-02-14 20:30:00,176.09
2022-02-14 20:45:00,123.84
2022-02-14 21:00:00,192.64
2022-02-14 21:15:00,191.38
2022-02-14 21:30:00,145.0
2022-02-14 21:45:00,104.21
2022-02-14 22:00:00,192.64
2022-02-14 22:15:00,192.64
2022-02-14 22:30:00,134.13
2022-02-14 22:45:00,106.22
2022-02-14 23:00:00,192.64
2022-02-14 23:15:00,176.78
2022-02-14 23:30:00,105.0
2022-02-14 23:45:00,90.02
2022-02-15 00:00:00,190.0
2022-02-15 00:15:00,165.0
2022-02-15 00:30:00,110.1
2022-02-15 00:45:00,125.0
2022-02-15 01:00:00,174.97
2022-02-15 01:15:00,157.8
2022-02-15 01:30:00,139.92
2022-02-15 01:45:00,95.1
2022-02-15 02:00:00,163.67
2022-02-15 02:15:00,154.93
2022-02-15 02:30:00,133.1
2022-02-15 02:45:00,100.0
2022-02-15 03:00:00,144.95
2022-02-15 03:15:00,144.96
2022-02-15 03:30:00,144.98
2022-02-15 03:45:00,149.96
2022-02-15 04:00:00,94.65
2022-02-15 04:15:00,130.34
2022-02-15 04:30:00,154.98
2022-02-15 04:45:00,186.72
2022-02-15 05:00:00,100.24
2022-02-15 05:15:00,169.91
2022-02-15 05:30:00,193.94
2022-02-15 05:45:00,235.0
2022-02-15 06:00:00,105.0
2022-02-15 06:15:00,209.9
2022-02-15 06:30:00,225.0
2022-02-15 06:45:00,263.41
2022-02-15 07:00:00,211.72
2022-02-15 07:15:00,226.17
2022-02-15 07:30:00,237.2
2022-02-15 07:45:00,245.0
2022-02-15 08:00:00,236.72
2022-02-15 08:15:00,236.72
2022-02-15 08:30:00,235.0
2022-02-15 08:45:00,230.0
2022-02-15 09:00:00,221.05
2022-02-15 09:15:00,234.48
2022-02-15 09:30:00,212.73
2022-02-15 09:45:00,211.72
2022-02-15 10:00:00,212.73
2022-02-15 10:15:00,211.72
2022-02-15 10:30:00,195.0
2022-02-15 10:45:00,186.72
2022-02-15 11:00:00,212.73
2022-02-15 11:15:00,212.73
2022-02-15 11:30:00,198.96
2022-02-15 11:45:00,180.0
2022-02-15 12:00:00,212.73
2022-02-15 12:15:00,186.72
2022-02-15 12:30:00,188.9
2022-02-15 12:45:00,195.0
2022-02-15 13:00:00,205.0
2022-02-15 13:15:00,186.72
2022-02-15 13:30:00,205.35
2022-02-15 13:45:00,186.72
2022-02-15 14:00:00,195.0
2022-02-15 14:15:00,186.72
2022-02-15 14:30:00,212.73
2022-02-15 14:45:00,193.56
2022-02-15 15:00:00,193.12
2022-02-15 15:15:00,212.73
2022-02-15 15:30:00,210.0
2022-02-15 15:45:00,212.73
2022-02-15 16:00:00,200.0
2022-02-15 16:15:00,209.97
2022-02-15 16:30:00,209.97
2022-02-15 16:45:00,211.72
2022-02-15 17:00:00,200.0
2022-02-15 17:15:00,217.43
2022-02-15 17:30:00,236.72
2022-02-15 17:45:00,236.72
2022-02-15 18:00:00,211.72
2022-02-15 18:15:00,211.72
2022-02-15 18:30:00,211.72
2022-02-15 18:45:00,209.89
2022-02-15 19:00:00,227.25
2022-02-15 19:15:00,220.02
2022-02-15 19:30:00,195.08
2022-02-15 19:45:00,171.05
2022-02-15 20:00:00,224.07
2022-02-15 20:15:00,212.73
2022-02-15 20:30:00,209.9
2022-02-15 20:45:00,129.07
2022-02-15 21:00:00,231.37
2022-02-15 21:15:00,212.73
2022-02-15 21:30:00,186.72
2022-02-15 21:45:00,120.02
2022-02-15 22:00:00,202.68
2022-02-15 22:15:00,189.9
2022-02-15 22:30:00,160.0
2022-02-15 22:45:00,105.27
2022-02-15 23:00:00,211.72
2022-02-15 23:15:00,170.0
2022-02-15 23:30:00,116.75
2022-02-15 23:45:00,86.56
2022-02-16 00:00:00,180.0
2022-02-16 00:15:00,170.0
2022-02-16 00:30:00,139.94
2022-02-16 00:45:00,81.6
2022-02-16 01:00:00,174.59
2022-02-16 01:15:00,170.0
2022-02-16 01:30:00,124.94
2022-02-16 01:45:00,81.8
2022-02-16 02:00:00,154.95
2022-02-16 02:15:00,149.94
2022-02-16 02:30:00,139.32
2022-02-16 02:45:00,124.93
2022-02-16 03:00:00,139.98
2022-02-16 03:15:00,139.96
2022-02-16 03:30:00,139.97
2022-02-16 03:45:00,145.33
2022-02-16 04:00:00,72.89
2022-02-16 04:15:00,129.92
2022-02-16 04:30:00,154.11
2022-02-16 04:45:00,199.59
2022-02-16 05:00:00,54.95
2022-02-16 05:15:00,147.26
2022-02-16 05:30:00,200.6
2022-02-16 05:45:00,201.8
2022-02-16 06:00:00,104.01
2022-02-16 06:15:00,185.0
2022-02-16 06:30:00,229.92
2022-02-16 06:45:00,249.2
2022-02-16 07:00:00,181.47
2022-02-16 07:15:00,222.22
2022-02-16 07:30:00,224.59
2022-02-16 07:45:00,227.49
2022-02-16 08:00:00,220.98
2022-02-16 08:15:00,223.51
2022-02-16 08:30:00,222.28
2022-02-16 08:45:00,199.59
2022-02-16 09:00:00,200.6
2022-02-16 09:15:00,222.25
2022-02-16 09:30:00,203.93
2022-02-16 09:45:00,196.34
2022-02-16 10:00:00,220.01
2022-02-16 10:15:00,210.0
2022-02-16 10:30:00,199.59
2022-02-16 10:45:00,181.36
2022-02-16 11:00:00,216.69
2022-02-16 11:15:00,200.06
2022-02-16 11:30:00,199.59
2022-02-16 11:45:00,185.34
2022-02-16 12:00:00,202.46
2022-02-16 12:15:00,200.6
2022-02-16 12:30:00,174.59
2022-02-16 12:45:00,174.59
2022-02-16 13:00:00,200.6
2022-02-16 13:15:00,180.06
2022-02-16 13:30:00,180.01
2022-02-16 13:45:00,174.43
2022-02-16 14:00:00,174.59
2022-02-16 14:15:00,180.07
2022-02-16 14:30:00,194.28
2022-02-16 14:45:00,200.09
2022-02-16 15:00:00,174.59
2022-02-16 15:15:00,200.17
2022-02-16 15:30:00,200.6
2022-02-16 15:45:00,200.6
2022-02-16 16:00:00,174.59
2022-02-16 16:15:00,180.1
2022-02-16 16:30:00,200.09
2022-02-16 16:45:00,205.03
2022-02-16 17:00:00,135.06
2022-02-16 17:15:00,199.59
2022-02-16 17:30:00,220.27
2022-02-16 17:45:00,223.51
2022-02-16 18:00:00,199.59
2022-02-16 18:15:00,199.59
2022-02-16 18:30:00,199.59
2022-02-16 18:45:00,192.76
2022-02-16 19:00:00,227.42
2022-02-16 19:15:00,199.59
2022-02-16 19:30:00,192.84
2022-02-16 19:45:00,150.06
2022-02-16 20:00:00,222.25
2022-02-16 20:15:00,200.6
2022-02-16 20:30:00,180.08
2022-02-16 20:45:00,135.9
2022-02-16 21:00:00,215.09
2022-02-16 21:15:00,200.6
2022-02-16 21:30:00,174.59
2022-02-16 21:45:00,105.05
2022-02-16 22:00:00,199.59
2022-02-16 22:15:00,174.59
2022-02-16 22:30:00,150.04
2022-02-16 22:45:00,105.0
2022-02-16 23:00:00,200.1
2022-02-16 23:15:00,174.59
2022-02-16 23:30:00,113.59
2022-02-16 23:45:00,80.1
2022-02-17 00:00:00,173.91
2022-02-17 00:15:00,173.91
2022-02-17 00:30:00,132.24
2022-02-17 00:45:00,90.1
2022-02-17 01:00:00,172.9
2022-02-17 01:15:00,150.0
2022-02-17 01:30:00,124.58
2022-02-17 01:45:00,95.0
2022-02-17 02:00:00,172.9
2022-02-17 02:15:00,127.83
2022-02-17 02:30:00,127.83
2022-02-17 02:45:00,102.44
2022-02-17 03:00:00,133.23
2022-02-17 03:15:00,131.73
2022-02-17 03:30:00,129.73
2022-02-17 03:45:00,144.92
2022-02-17 04:00:00,85.0
2022-02-17 04:15:00,95.0
2022-02-17 04:30:00,147.9
2022-02-17 04:45:00,173.91
2022-02-17 05:00:00,36.89
2022-02-17 05:15:00,124.96
2022-02-17 05:30:00,173.91
2022-02-17 05:45:00,225.73
2022-02-17 06:00:00,55.37
2022-02-17 06:15:00,165.0
2022-02-17 06:30:00,199.94
2022-02-17 06:45:00,242.04
2022-02-17 07:00:00,161.45
2022-02-17 07:15:00,197.9
2022-02-17 07:30:00,219.51
2022-02-17 07:45:00,213.51
2022-02-17 08:00:00,184.82
2022-02-17 08:15:00,197.9
2022-02-17 08:30:00,197.9
2022-02-17 08:45:00,175.07
2022-02-17 09:00:00,176.25
2022-02-17 09:15:00,197.9
2022-02-17 09:30:00,195.0
2022-02-17 09:45:00,172.9
2022-02-17 10:00:00,189.96
2022-02-17 10:15:00,175.02
2022-02-17 10:30:00,172.9
2022-02-17 10:45:00,149.95
2022-02-17 11:00:00,179.92
2022-02-17 11:15:00,179.9
2022-02-17 11:30:00,165.0
2022-02-17 11:45:00,133.54
2022-02-17 12:00:00,173.91
2022-02-17 12:15:00,163.99
2022-02-17 12:30:00,134.97
2022-02-17 12:45:00,129.93
2022-02-17 13:00:00,165.0
2022-02-17 13:15:00,155.0
2022-02-17 13:30:00,154.91
2022-02-17 13:45:00,130.28
2022-02-17 14:00:00,147.9
2022-02-17 14:15:00,144.98
2022-02-17 14:30:00,147.9
2022-02-17 14:45:00,143.95
2022-02-17 15:00:00,116.35
2022-02-17 15:15:00,147.9
2022-02-17 15:30:00,147.9
2022-02-17 15:45:00,147.9
2022-02-17 16:00:00,133.27
2022-02-17 16:15:00,144.98
2022-02-17 16:30:00,165.0
2022-02-17 16:45:00,173.91
2022-02-17 17:00:00,159.94
2022-02-17 17:15:00,173.91
2022-02-17 17:30:00,190.02
2022-02-17 17:45:00,228.11
2022-02-17 18:00:00,216.74
2022-02-17 18:15:00,180.08
2022-02-17 18:30:00,185.11
2022-02-17 18:45:00,173.91
2022-02-17 19:00:00,225.0
2022-02-17 19:15:00,173.91
2022-02-17 19:30:00,165.0
2022-02-17 19:45:00,105.0
2022-02-17 20:00:00,188.1
2022-02-17 20:15:00,173.91
2022-02-17 20:30:00,165.0
2022-02-17 20:45:00,105.0
2022-02-17 21:00:00,186.62
2022-02-17 21:15:00,173.91
2022-02-17 21:30:00,147.9
2022-02-17 21:45:00,91.56
2022-02-17 22:00:00,172.9
2022-02-17 22:15:00,172.22
2022-02-17 22:30:00,135.0
2022-02-17 22:45:00,105.0
2022-02-17 23:00:00,173.91
2022-02-17 23:15:00,161.72
2022-02-17 23:30:00,119.96
2022-02-17 23:45:00,94.93
2022-02-18 00:00:00,160.0
2022-02-18 00:15:00,148.65
2022-02-18 00:30:00,105.0
2022-02-18 00:45:00,92.44
2022-02-18 01:00:00,148.65
2022-02-18 01:15:00,139.71
2022-02-18 01:30:00,122.64
2022-02-18 01:45:00,79.86
2022-02-18 02:00:00,125.0
2022-02-18 02:15:00,118.45
2022-02-18 02:30:00,122.64
2022-02-18 02:45:00,114.95
2022-02-18 03:00:00,122.64
2022-02-18 03:15:00,120.23
2022-02-18 03:30:00,122.64
2022-02-18 03:45:00,122.64
2022-02-18 04:00:00,80.34
2022-02-18 04:15:00,110.69
2022-02-18 04:30:00,139.9
2022-02-18 04:45:00,150.0
2022-02-18 05:00:00,64.97
2022-02-18 05:15:00,104.96
2022-02-18 05:30:00,159.92
2022-02-18 05:45:00,206.2
2022-02-18 06:00:00,99.93
2022-02-18 06:15:00,155.73
2022-02-18 06:30:00,189.39
2022-02-18 06:45:00,244.0
2022-02-18 07:00:00,145.0
2022-02-18 07:15:00,179.87
2022-02-18 07:30:00,219.92
2022-02-18 07:45:00,220.07
2022-02-18 08:00:00,175.0
2022-02-18 08:15:00,189.1
2022-02-18 08:30:00,209.91
2022-02-18 08:45:00,190.6
2022-02-18 09:00:00,220.41
2022-02-18 09:15:00,172.91
2022-02-18 09:30:00,173.41
2022-02-18 09:45:00,169.93
2022-02-18 10:00:00,199.9
2022-02-18 10:15:00,176.15
2022-02-18 10:30:00,179.9
2022-02-18 10:45:00,149.92
2022-02-18 11:00:00,186.77
2022-02-18 11:15:00,192.77
2022-02-18 11:30:00,163.35
2022-02-18 11:45:00,147.64
2022-02-18 12:00:00,190.83
2022-02-18 12:15:00,168.65
2022-02-18 12:30:00,149.96
2022-02-18 12:45:00,148.65
2022-02-18 13:00:00,165.0
2022-02-18 13:15:00,165.0
2022-02-18 13:30:00,159.97
2022-02-18 13:45:00,154.08
2022-02-18 14:00:00,165.0
2022-02-18 14:15:00,149.98
2022-02-18 14:30:00,158.78
2022-02-18 14:45:00,150.0
2022-02-18 15:00:00,148.65
2022-02-18 15:15:00,148.65
2022-02-18 15:30:00,157.1
2022-02-18 15:45:00,170.07
2022-02-18 16:00:00,146.43
2022-02-18 16:15:00,147.64
2022-02-18 16:30:00,147.64
2022-02-18 16:45:00,190.04
2022-02-18 17:00:00,134.89
2022-02-18 17:15:00,148.65
2022-02-18 17:30:00,172.64
2022-02-18 17:45:00,201.2
2022-02-18 18:00:00,175.0
2022-02-18 18:15:00,165.0
2022-02-18 18:30:00,159.61
2022-02-18 18:45:00,147.64
2022-02-18 19:00:00,196.58
2022-02-18 19:15:00,165.0
2022-02-18 19:30:00,145.0
2022-02-18 19:45:00,105.0
2022-02-18 20:00:00,185.06
2022-02-18 20:15:00,165.0
2022-02-18 20:30:00,147.53
2022-02-18 20:45:00,105.0
2022-02-18 21:00:00,195.03
2022-02-18 21:15:00,165.0
2022-02-18 21:30:00,122.64
2022-02-18 21:45:00,105.0
2022-02-18 22:00:00,165.0
2022-02-18 22:15:00,150.09
2022-02-18 22:30:00,145.0
2022-02-18 22:45:00,115.15
2022-02-18 23:00:00,175.75
2022-02-18 23:15:00,150.0
2022-02-18 23:30:00,122.64
2022-02-18 23:45:00,104.75
2022-02-19 00:00:00,150.0
2022-02-19 00:15:00,105.78
2022-02-19 00:30:00,104.77
2022-02-19 00:45:00,67.17
2022-02-19 01:00:00,140.08
2022-02-19 01:15:00,105.78
2022-02-19 01:30:00,79.77
2022-02-19 01:45:00,55.0
2022-02-19 02:00:00,118.57
2022-02-19 02:15:00,105.78
2022-02-19 02:30:00,105.0
2022-02-19 02:45:00,95.0
2022-02-19 03:00:00,105.78
2022-02-19 03:15:00,97.02
2022-02-19 03:30:00,105.78
2022-02-19 03:45:00,105.78
2022-02-19 04:00:00,69.54
2022-02-19 04:15:00,79.77
2022-02-19 04:30:00,79.77
2022-02-19 04:45:00,109.75
2022-02-19 05:00:00,65.0
2022-02-19 05:15:00,85.0
2022-02-19 05:30:00,110.0
2022-02-19 05:45:00,145.75
2022-02-19 06:00:00,35.0
2022-02-19 06:15:00,104.77
2022-02-19 06:30:00,129.77
2022-02-19 06:45:00,152.51
2022-02-19 07:00:00,55.0
2022-02-19 07:15:00,104.77
2022-02-19 07:30:00,129.77
2022-02-19 07:45:00,164.53
2022-02-19 08:00:00,87.91
2022-02-19 08:15:00,104.77
2022-02-19 08:30:00,135.0
2022-02-19 08:45:00,150.0
2022-02-19 09:00:00,120.0
2022-02-19 09:15:00,120.0
2022-02-19 09:30:00,114.98
2022-02-19 09:45:00,129.18
2022-02-19 10:00:00,149.93
2022-02-19 10:15:00,138.14
2022-02-19 10:30:00,105.78
2022-02-19 10:45:00,105.78
2022-02-19 11:00:00,138.3
2022-02-19 11:15:00,136.3
2022-02-19 11:30:00,104.77
2022-02-19 11:45:00,104.77
2022-02-19 12:00:00,150.0
2022-02-19 12:15:00,110.0
2022-02-19 12:30:00,104.77
2022-02-19 12:45:00,87.28
2022-02-19 13:00:00,128.09
2022-02-19 13:15:00,105.45
2022-02-19 13:30:00,104.77
2022-02-19 13:45:00,104.77
2022-02-19 14:00:00,105.78
2022-02-19 14:15:00,105.0
2022-02-19 14:30:00,113.5
2022-02-19 14:45:00,110.0
2022-02-19 15:00:00,104.77
2022-02-19 15:15:00,104.77
2022-02-19 15:30:00,128.63
2022-02-19 15:45:00,129.77
2022-02-19 16:00:00,95.0
2022-02-19 16:15:00,104.77
2022-02-19 16:30:00,110.05
2022-02-19 16:45:00,161.19
2022-02-19 17:00:00,104.77
2022-02-19 17:15:00,150.0
2022-02-19 17:30:00,165.0
2022-02-19 17:45:00,204.98
2022-02-19 18:00:00,180.0
2022-02-19 18:15:00,174.22
2022-02-19 18:30:00,150.0
2022-02-19 18:45:00,118.01
2022-02-19 19:00:00,192.16
2022-02-19 19:15:00,165.0
2022-02-19 19:30:00,140.0
2022-02-19 19:45:00,105.0
2022-02-19 20:00:00,165.0
2022-02-19 20:15:00,159.9
2022-02-19 20:30:00,129.77
2022-02-19 20:45:00,104.77
2022-02-19 21:00:00,150.0
2022-02-19 21:15:00,128.04
2022-02-19 21:30:00,104.77
2022-02-19 21:45:00,86.45
2022-02-19 22:00:00,129.77
2022-02-19 22:15:00,129.77
2022-02-19 22:30:00,104.77
2022-02-19 22:45:00,87.75
2022-02-19 23:00:00,150.0
2022-02-19 23:15:00,110.1
2022-02-19 23:30:00,99.88
2022-02-19 23:45:00,50.08
2022-02-20 00:00:00,118.83
2022-02-20 00:15:00,100.02
2022-02-20 00:30:00,59.63
2022-02-20 00:45:00,58.18
2022-02-20 01:00:00,118.83
2022-02-20 01:15:00,101.0
2022-02-20 01:30:00,50.08
2022-02-20 01:45:00,40.09
2022-02-20 02:00:00,118.83
2022-02-20 02:15:00,60.08
2022-02-20 02:30:00,50.1
2022-02-20 02:45:00,45.97
2022-02-20 03:00:00,118.83
2022-02-20 03:15:00,89.9
2022-02-20 03:30:00,48.17
2022-02-20 03:45:00,47.69
2022-02-20 04:00:00,45.14
2022-02-20 04:15:00,44.38
2022-02-20 04:30:00,44.26
2022-02-20 04:45:00,44.82
2022-02-20 05:00:00,50.89
2022-02-20 05:15:00,51.62
2022-02-20 05:30:00,51.83
2022-02-20 05:45:00,73.66
2022-02-20 06:00:00,44.8
2022-02-20 06:15:00,51.02
2022-02-20 06:30:00,77.1
2022-02-20 06:45:00,118.83
2022-02-20 07:00:00,39.79
2022-02-20 07:15:00,61.51
2022-02-20 07:30:00,103.0
2022-02-20 07:45:00,118.83
2022-02-20 08:00:00,67.19
2022-02-20 08:15:00,88.37
2022-02-20 08:30:00,115.1
2022-02-20 08:45:00,118.83
2022-02-20 09:00:00,107.0
2022-02-20 09:15:00,118.83
2022-02-20 09:30:00,118.83
2022-02-20 09:45:00,118.83
2022-02-20 10:00:00,90.09
2022-02-20 10:15:00,108.56
2022-02-20 10:30:00,106.03
2022-02-20 10:45:00,87.28
2022-02-20 11:00:00,118.83
2022-02-20 11:15:00,118.83
2022-02-20 11:30:00,95.07
2022-02-20 11:45:00,67.09
2022-02-20 12:00:00,119.84
2022-02-20 12:15:00,103.01
2022-02-20 12:30:00,76.69
2022-02-20 12:45:00,51.39
2022-02-20 13:00:00,118.83
2022-02-20 13:15:00,79.31
2022-02-20 13:30:00,70.1
2022-02-20 13:45:00,70.07
2022-02-20 14:00:00,105.0
2022-02-20 14:15:00,80.04
2022-02-20 14:30:00,80.04
2022-02-20 14:45:00,70.03
2022-02-20 15:00:00,68.63
2022-02-20 15:15:00,80.09
2022-02-20 15:30:00,118.83
2022-02-20 15:45:00,118.83
2022-02-20 16:00:00,54.95
2022-02-20 16:15:00,98.04
2022-02-20 16:30:00,118.83
2022-02-20 16:45:00,143.83
2022-02-20 17:00:00,82.0
2022-02-20 17:15:00,118.83
2022-02-20 17:30:00,122.15
2022-02-20 17:45:00,168.89
2022-02-20 18:00:00,118.83
2022-02-20 18:15:00,129.9
2022-02-20 18:30:00,137.9
2022-02-20 18:45:00,118.83
2022-02-20 19:00:00,144.75
2022-02-20 19:15:00,118.83
2022-02-20 19:30:00,118.83
2022-02-20 19:45:00,118.83
2022-02-20 20:00:00,140.05
2022-02-20 20:15:00,118.83
2022-02-20 20:30:00,99.06
2022-02-20 20:45:00,56.24
2022-02-20 21:00:00,119.84
2022-02-20 21:15:00,118.83
2022-02-20 21:30:00,88.6
2022-02-20 21:45:00,46.49
2022-02-20 22:00:00,118.83
2022-02-20 22:15:00,118.83
2022-02-20 22:30:00,97.04
2022-02-20 22:45:00,52.53
2022-02-20 23:00:00,119.84
2022-02-20 23:15:00,118.83
2022-02-20 23:30:00,40.08
2022-02-20 23:45:00,22.2
2022-02-21 00:00:00,132.94
2022-02-21 00:15:00,86.93
2022-02-21 00:30:00,40.09
2022-02-21 00:45:00,30.41
2022-02-21 01:00:00,115.0
2022-02-21 01:15:00,70.05
2022-02-21 01:30:00,58.08
2022-02-21 01:45:00,-7.05
2022-02-21 02:00:00,80.04
2022-02-21 02:15:00,70.01
2022-02-21 02:30:00,60.01
2022-02-21 02:45:00,28.42
2022-02-21 03:00:00,95.0
2022-02-21 03:15:00,91.16
2022-02-21 03:30:00,106.93
2022-02-21 03:45:00,106.93
2022-02-21 04:00:00,20.08
2022-02-21 04:15:00,62.6
2022-02-21 04:30:00,90.0
2022-02-21 04:45:00,131.93
2022-02-21 05:00:00,23.5
2022-02-21 05:15:00,88.93
2022-02-21 05:30:00,134.63
2022-02-21 05:45:00,204.94
2022-02-21 06:00:00,60.0
2022-02-21 06:15:00,131.93
2022-02-21 06:30:00,204.93
2022-02-21 06:45:00,229.21
2022-02-21 07:00:00,129.8
2022-02-21 07:15:00,156.93
2022-02-21 07:30:00,204.95
2022-02-21 07:45:00,216.25
2022-02-21 08:00:00,160.06
2022-02-21 08:15:00,175.09
2022-02-21 08:30:00,203.0
2022-02-21 08:45:00,163.46
2022-02-21 09:00:00,175.02
2022-02-21 09:15:00,158.76
2022-02-21 09:30:00,170.02
2022-02-21 09:45:00,165.03
2022-02-21 10:00:00,156.93
2022-02-21 10:15:00,156.93
2022-02-21 10:30:00,152.2
2022-02-21 10:45:00,140.09
2022-02-21 11:00:00,150.0
2022-02-21 11:15:00,150.0
2022-02-21 11:30:00,131.93
2022-02-21 11:45:00,131.93
2022-02-21 12:00:00,150.02
2022-02-21 12:15:00,130.0
2022-02-21 12:30:00,121.25
2022-02-21 12:45:00,106.93
2022-02-21 13:00:00,132.94
2022-02-21 13:15:00,132.94
2022-02-21 13:30:00,125.28
2022-02-21 13:45:00,106.93
2022-02-21 14:00:00,129.46
2022-02-21 14:15:00,106.93
2022-02-21 14:30:00,131.93
2022-02-21 14:45:00,131.93
2022-02-21 15:00:00,133.6
2022-02-21 15:15:00,132.94
2022-02-21 15:30:00,132.94
2022-02-21 15:45:00,132.94
2022-02-21 16:00:00,132.94
2022-02-21 16:15:00,132.94
2022-02-21 16:30:00,132.46
2022-02-21 16:45:00,156.93
2022-02-21 17:00:00,132.94
2022-02-21 17:15:00,176.9
2022-02-21 17:30:00,171.4
2022-02-21 17:45:00,190.1
2022-02-21 18:00:00,203.91
2022-02-21 18:15:00,204.94
2022-02-21 18:30:00,170.05
2022-02-21 18:45:00,140.1
2022-02-21 19:00:00,204.9
2022-02-21 19:15:00,185.02
2022-02-21 19:30:00,140.05
2022-02-21 19:45:00,125.91
2022-02-21 20:00:00,210.5
2022-02-21 20:15:00,156.93
2022-02-21 20:30:00,131.93
2022-02-21 20:45:00,100.64
2022-02-21 21:00:00,163.11
2022-02-21 21:15:00,137.35
2022-02-21 21:30:00,132.94
2022-02-21 21:45:00,81.0
2022-02-21 22:00:00,132.94
2022-02-21 22:15:00,134.62
2022-02-21 22:30:00,121.22
2022-02-21 22:45:00,95.43
2022-02-21 23:00:00,150.0
2022-02-21 23:15:00,132.94
2022-02-21 23:30:00,95.17
2022-02-21 23:45:00,66.82
2022-02-22 00:00:00,140.93
2022-02-22 00:15:00,114.44
2022-02-22 00:30:00,65.84
2022-02-22 00:45:00,61.97
2022-02-22 01:00:00,140.45
2022-02-22 01:15:00,114.44
2022-02-22 01:30:00,61.65
2022-02-22 01:45:00,40.0
2022-02-22 02:00:00,114.44
2022-02-22 02:15:00,91.34
2022-02-22 02:30:00,61.81
2022-02-22 02:45:00,60.15
2022-02-22 03:00:00,99.9
2022-02-22 03:15:00,94.9
2022-02-22 03:30:00,94.91
2022-02-22 03:45:00,104.91
2022-02-22 04:00:00,36.54
2022-02-22 04:15:00,61.94
2022-02-22 04:30:00,109.91
2022-02-22 04:45:00,140.45
2022-02-22 05:00:00,5.0
2022-02-22 05:15:00,84.98
2022-02-22 05:30:00,150.0
2022-02-22 05:45:00,188.96
2022-02-22 06:00:00,54.94
2022-02-22 06:15:00,140.45
2022-02-22 06:30:00,189.99
2022-02-22 06:45:00,230.0
2022-02-22 07:00:00,138.5
2022-02-22 07:15:00,181.06
2022-02-22 07:30:00,200.1
2022-02-22 07:45:00,205.92
2022-02-22 08:00:00,187.36
2022-02-22 08:15:00,198.58
2022-02-22 08:30:00,198.52
2022-02-22 08:45:00,162.48
2022-02-22 09:00:00,177.5
2022-02-22 09:15:00,188.0
2022-02-22 09:30:00,172.5
2022-02-22 09:45:00,150.0
2022-02-22 10:00:00,165.0
2022-02-22 10:15:00,164.44
2022-02-22 10:30:00,139.44
2022-02-22 10:45:00,131.11
2022-02-22 11:00:00,164.44
2022-02-22 11:15:00,140.45
2022-02-22 11:30:00,140.45
2022-02-22 11:45:00,124.98
2022-02-22 12:00:00,150.0
2022-02-22 12:15:00,140.45
2022-02-22 12:30:00,129.99
2022-02-22 12:45:00,129.98
2022-02-22 13:00:00,151.66
2022-02-22 13:15:00,140.45
2022-02-22 13:30:00,140.45
2022-02-22 13:45:00,114.44
2022-02-22 14:00:00,140.45
2022-02-22 14:15:00,125.22
2022-02-22 14:30:00,140.45
2022-02-22 14:45:00,139.44
2022-02-22 15:00:00,140.45
2022-02-22 15:15:00,144.92
2022-02-22 15:30:00,149.63
2022-02-22 15:45:00,165.0
2022-02-22 16:00:00,139.44
2022-02-22 16:15:00,140.45
2022-02-22 16:30:00,145.01
2022-02-22 16:45:00,165.03
2022-02-22 17:00:00,129.97
2022-02-22 17:15:00,155.0
2022-02-22 17:30:00,188.21
2022-02-22 17:45:00,214.82
2022-02-22 18:00:00,164.44
2022-02-22 18:15:00,189.37
2022-02-22 18:30:00,195.0
2022-02-22 18:45:00,155.09
2022-02-22 19:00:00,208.91
2022-02-22 19:15:00,198.54
2022-02-22 19:30:00,150.06
2022-02-22 19:45:00,130.09
2022-02-22 20:00:00,198.55
2022-02-22 20:15:00,165.0
2022-02-22 20:30:00,160.0
2022-02-22 20:45:00,107.56
2022-02-22 21:00:00,184.22
2022-02-22 21:15:00,165.0
2022-02-22 21:30:00,139.44
2022-02-22 21:45:00,95.23
2022-02-22 22:00:00,165.0
2022-02-22 22:15:00,165.0
2022-02-22 22:30:00,140.0
2022-02-22 22:45:00,101.99
2022-02-22 23:00:00,168.63
2022-02-22 23:15:00,141.02
2022-02-22 23:30:00,115.0
2022-02-22 23:45:00,75.45
2022-02-23 00:00:00,150.4
2022-02-23 00:15:00,149.39
2022-02-23 00:30:00,99.95
2022-02-23 00:45:00,79.94
2022-02-23 01:00:00,150.4
2022-02-23 01:15:00,127.04
2022-02-23 01:30:00,104.97
2022-02-23 01:45:00,77.6
2022-02-23 02:00:00,131.34
2022-02-23 02:15:00,119.92
2022-02-23 02:30:00,104.93
2022-02-23 02:45:00,99.91
2022-02-23 03:00:00,124.98
2022-02-23 03:15:00,124.39
2022-02-23 03:30:00,124.39
2022-02-23 03:45:00,124.39
2022-02-23 04:00:00,79.13
2022-02-23 04:15:00,94.99
2022-02-23 04:30:00,124.39
2022-02-23 04:45:00,150.4
2022-02-23 05:00:00,54.91
2022-02-23 05:15:00,90.17
2022-02-23 05:30:00,150.4
2022-02-23 05:45:00,194.0
2022-02-23 06:00:00,87.42
2022-02-23 06:15:00,147.55
2022-02-23 06:30:00,165.0
2022-02-23 06:45:00,205.06
2022-02-23 07:00:00,149.39
2022-02-23 07:15:00,180.28
2022-02-23 07:30:00,200.0
2022-02-23 07:45:00,213.17
2022-02-23 08:00:00,174.39
2022-02-23 08:15:00,189.9
2022-02-23 08:30:00,177.66
2022-02-23 08:45:00,170.0
2022-02-23 09:00:00,170.0
2022-02-23 09:15:00,165.0
2022-02-23 09:30:00,149.98
2022-02-23 09:45:00,136.97
2022-02-23 10:00:00,165.0
2022-02-23 10:15:00,154.8
2022-02-23 10:30:00,150.4
2022-02-23 10:45:00,123.07
2022-02-23 11:00:00,158.69
2022-02-23 11:15:00,150.4
2022-02-23 11:30:00,129.97
2022-02-23 11:45:00,109.17
2022-02-23 12:00:00,150.4
2022-02-23 12:15:00,149.9
2022-02-23 12:30:00,111.05
2022-02-23 12:45:00,105.0
2022-02-23 13:00:00,150.0
2022-02-23 13:15:00,139.91
2022-02-23 13:30:00,121.13
2022-02-23 13:45:00,105.0
2022-02-23 14:00:00,102.0
2022-02-23 14:15:00,114.96
2022-02-23 14:30:00,133.89
2022-02-23 14:45:00,149.39
2022-02-23 15:00:00,114.13
2022-02-23 15:15:00,134.93
2022-02-23 15:30:00,150.4
2022-02-23 15:45:00,150.4
2022-02-23 16:00:00,144.14
2022-02-23 16:15:00,149.39
2022-02-23 16:30:00,163.09
2022-02-23 16:45:00,170.06
2022-02-23 17:00:00,146.8
2022-02-23 17:15:00,170.0
2022-02-23 17:30:00,209.08
2022-02-23 17:45:00,239.97
2022-02-23 18:00:00,193.75
2022-02-23 18:15:00,220.0
2022-02-23 18:30:00,239.34
2022-02-23 18:45:00,220.0
2022-02-23 19:00:00,246.26
2022-02-23 19:15:00,235.58
2022-02-23 19:30:00,204.44
2022-02-23 19:45:00,150.4
2022-02-23 20:00:00,232.1
2022-02-23 20:15:00,205.05
2022-02-23 20:30:00,187.74
2022-02-23 20:45:00,149.39
2022-02-23 21:00:00,220.18
2022-02-23 21:15:00,175.89
2022-02-23 21:30:00,165.0
2022-02-23 21:45:00,137.64
2022-02-23 22:00:00,205.0
2022-02-23 22:15:00,187.97
2022-02-23 22:30:00,150.4
2022-02-23 22:45:00,144.43
2022-02-23 23:00:00,179.03
2022-02-23 23:15:00,165.0
2022-02-23 23:30:00,140.0
2022-02-23 23:45:00,105.0
2022-02-24 00:00:00,159.9
2022-02-24 00:15:00,155.0
2022-02-24 00:30:00,108.85
2022-02-24 00:45:00,95.0
2022-02-24 01:00:00,159.9
2022-02-24 01:15:00,140.0
2022-02-24 01:30:00,100.0
2022-02-24 01:45:00,91.5
2022-02-24 02:00:00,150.0
2022-02-24 02:15:00,125.73
2022-02-24 02:30:00,114.23
2022-02-24 02:45:00,90.1
2022-02-24 03:00:00,133.89
2022-02-24 03:15:00,122.44
2022-02-24 03:30:00,100.0
2022-02-24 03:45:00,125.01
2022-02-24 04:00:00,89.2
2022-02-24 04:15:00,102.36
2022-02-24 04:30:00,133.89
2022-02-24 04:45:00,158.89
2022-02-24 05:00:00,84.98
2022-02-24 05:15:00,101.23
2022-02-24 05:30:00,158.89
2022-02-24 05:45:00,175.03
2022-02-24 06:00:00,94.93
2022-02-24 06:15:00,149.94
2022-02-24 06:30:00,192.25
2022-02-24 06:45:00,221.7
2022-02-24 07:00:00,156.43
2022-02-24 07:15:00,183.89
2022-02-24 07:30:00,201.97
2022-02-24 07:45:00,202.47
2022-02-24 08:00:00,185.03
2022-02-24 08:15:00,187.83
2022-02-24 08:30:00,167.55
2022-02-24 08:45:00,158.89
2022-02-24 09:00:00,180.1
2022-02-24 09:15:00,165.09
2022-02-24 09:30:00,158.89
2022-02-24 09:45:00,155.77
2022-02-24 10:00:00,167.17
2022-02-24 10:15:00,155.0
2022-02-24 10:30:00,158.89
2022-02-24 10:45:00,133.89
2022-02-24 11:00:00,159.9
2022-02-24 11:15:00,156.99
2022-02-24 11:30:00,133.89
2022-02-24 11:45:00,105.0
2022-02-24 12:00:00,158.89
2022-02-24 12:15:00,138.93
2022-02-24 12:30:00,122.39
2022-02-24 12:45:00,100.0
2022-02-24 13:00:00,140.0
2022-02-24 13:15:00,139.97
2022-02-24 13:30:00,130.23
2022-02-24 13:45:00,110.0
2022-02-24 14:00:00,133.89
2022-02-24 14:15:00,134.91
2022-02-24 14:30:00,133.89
2022-02-24 14:45:00,137.11
2022-02-24 15:00:00,99.97
2022-02-24 15:15:00,133.89
2022-02-24 15:30:00,150.0
2022-02-24 15:45:00,154.69
2022-02-24 16:00:00,133.54
2022-02-24 16:15:00,145.0
2022-02-24 16:30:00,145.21
2022-02-24 16:45:00,158.89
2022-02-24 17:00:00,146.48
2022-02-24 17:15:00,158.89
2022-02-24 17:30:00,183.89
2022-02-24 17:45:00,195.56
2022-02-24 18:00:00,160.08
2022-02-24 18:15:00,183.89
2022-02-24 18:30:00,181.39
2022-02-24 18:45:00,158.89
2022-02-24 19:00:00,205.05
2022-02-24 19:15:00,163.9
2022-02-24 19:30:00,158.89
2022-02-24 19:45:00,120.07
2022-02-24 20:00:00,183.89
2022-02-24 20:15:00,179.9
2022-02-24 20:30:00,155.0
2022-02-24 20:45:00,117.2
2022-02-24 21:00:00,183.89
2022-02-24 21:15:00,158.89
2022-02-24 21:30:00,140.0
2022-02-24 21:45:00,95.01
2022-02-24 22:00:00,158.89
2022-02-24 22:15:00,158.89
2022-02-24 22:30:00,133.13
2022-02-24 22:45:00,95.0
2022-02-24 23:00:00,159.9
2022-02-24 23:15:00,149.9
2022-02-24 23:30:00,95.0
2022-02-24 23:45:00,82.21
2022-02-25 00:00:00,140.17
2022-02-25 00:15:00,147.4
2022-02-25 00:30:00,121.39
2022-02-25 00:45:00,109.91
2022-02-25 01:00:00,150.0
2022-02-25 01:15:00,139.97
2022-02-25 01:30:00,121.39
2022-02-25 01:45:00,94.64
2022-02-25 02:00:00,144.97
2022-02-25 02:15:00,122.75
2022-02-25 02:30:00,119.93
2022-02-25 02:45:00,104.94
2022-02-25 03:00:00,145.18
2022-02-25 03:15:00,119.96
2022-02-25 03:30:00,114.99
2022-02-25 03:45:00,116.43
2022-02-25 04:00:00,85.0
2022-02-25 04:15:00,114.94
2022-02-25 04:30:00,124.94
2022-02-25 04:45:00,150.0
2022-02-25 05:00:00,67.62
2022-02-25 05:15:00,104.93
2022-02-25 05:30:00,147.4
2022-02-25 05:45:00,175.0
2022-02-25 06:00:00,89.9
2022-02-25 06:15:00,142.7
2022-02-25 06:30:00,170.0
2022-02-25 06:45:00,190.01
2022-02-25 07:00:00,135.74
2022-02-25 07:15:00,170.0
2022-02-25 07:30:00,184.9
2022-02-25 07:45:00,170.0
2022-02-25 08:00:00,173.1
2022-02-25 08:15:00,175.0
2022-02-25 08:30:00,169.57
2022-02-25 08:45:00,150.0
2022-02-25 09:00:00,170.0
2022-02-25 09:15:00,153.75
2022-02-25 09:30:00,146.39
2022-02-25 09:45:00,135.0
2022-02-25 10:00:00,146.39
2022-02-25 10:15:00,146.39
2022-02-25 10:30:00,144.97
2022-02-25 10:45:00,129.96
2022-02-25 11:00:00,147.4
2022-02-25 11:15:00,147.4
2022-02-25 11:30:00,146.39
2022-02-25 11:45:00,123.91
2022-02-25 12:00:00,150.0
2022-02-25 12:15:00,147.4
2022-02-25 12:30:00,124.08
2022-02-25 12:45:00,121.39
2022-02-25 13:00:00,149.25
2022-02-25 13:15:00,147.4
2022-02-25 13:30:00,125.0
2022-02-25 13:45:00,121.39
2022-02-25 14:00:00,135.19
2022-02-25 14:15:00,125.0
2022-02-25 14:30:00,140.0
2022-02-25 14:45:00,147.4
2022-02-25 15:00:00,127.47
2022-02-25 15:15:00,146.39
2022-02-25 15:30:00,146.39
2022-02-25 15:45:00,146.39
2022-02-25 16:00:00,146.39
2022-02-25 16:15:00,146.39
2022-02-25 16:30:00,155.05
2022-02-25 16:45:00,171.39
2022-02-25 17:00:00,147.4
2022-02-25 17:15:00,175.0
2022-02-25 17:30:00,218.56
2022-02-25 17:45:00,234.2
2022-02-25 18:00:00,237.12
2022-02-25 18:15:00,229.24
2022-02-25 18:30:00,239.6
2022-02-25 18:45:00,205.0
2022-02-25 19:00:00,268.82
2022-02-25 19:15:00,225.0
2022-02-25 19:30:00,204.9
2022-02-25 19:45:00,146.39
2022-02-25 20:00:00,213.49
2022-02-25 20:15:00,171.39
2022-02-25 20:30:00,171.39
2022-02-25 20:45:00,140.55
2022-02-25 21:00:00,202.97
2022-02-25 21:15:00,170.0
2022-02-25 21:30:00,146.39
2022-02-25 21:45:00,105.0
2022-02-25 22:00:00,170.0
2022-02-25 22:15:00,170.0
2022-02-25 22:30:00,146.39
2022-02-25 22:45:00,120.0
2022-02-25 23:00:00,170.0
2022-02-25 23:15:00,147.4
2022-02-25 23:30:00,133.56
2022-02-25 23:45:00,105.0
2022-02-26 00:00:00,204.62
2022-02-26 00:15:00,196.22
2022-02-26 00:30:00,170.21
2022-02-26 00:45:00,136.95
2022-02-26 01:00:00,196.22
2022-02-26 01:15:00,174.97
2022-02-26 01:30:00,154.99
2022-02-26 01:45:00,114.08
2022-02-26 02:00:00,170.21
2022-02-26 02:15:00,170.21
2022-02-26 02:30:00,169.94
2022-02-26 02:45:00,153.64
2022-02-26 03:00:00,196.22
2022-02-26 03:15:00,196.22
2022-02-26 03:30:00,187.99
2022-02-26 03:45:00,179.97
2022-02-26 04:00:00,179.98
2022-02-26 04:15:00,195.83
2022-02-26 04:30:00,196.22
2022-02-26 04:45:00,199.98
2022-02-26 05:00:00,152.75
2022-02-26 05:15:00,174.9
2022-02-26 05:30:00,194.99
2022-02-26 05:45:00,196.22
2022-02-26 06:00:00,166.22
2022-02-26 06:15:00,195.0
2022-02-26 06:30:00,214.7
2022-02-26 06:45:00,224.72
2022-02-26 07:00:00,195.21
2022-02-26 07:15:00,196.22
2022-02-26 07:30:00,249.79
2022-02-26 07:45:00,299.91
2022-02-26 08:00:00,213.62
2022-02-26 08:15:00,226.47
2022-02-26 08:30:00,279.93
2022-02-26 08:45:00,279.95
2022-02-26 09:00:00,279.95
2022-02-26 09:15:00,269.96
2022-02-26 09:30:00,220.0
2022-02-26 09:45:00,229.92
2022-02-26 10:00:00,225.0
2022-02-26 10:15:00,236.45
2022-02-26 10:30:00,249.91
2022-02-26 10:45:00,219.61
2022-02-26 11:00:00,225.82
2022-02-26 11:15:00,232.82
2022-02-26 11:30:00,221.32
2022-02-26 11:45:00,208.03
2022-02-26 12:00:00,249.98
2022-02-26 12:15:00,214.98
2022-02-26 12:30:00,211.14
2022-02-26 12:45:00,196.22
2022-02-26 13:00:00,223.36
2022-02-26 13:15:00,205.0
2022-02-26 13:30:00,196.22
2022-02-26 13:45:00,196.22
2022-02-26 14:00:00,196.22
2022-02-26 14:15:00,196.22
2022-02-26 14:30:00,205.29
2022-02-26 14:45:00,209.13
2022-02-26 15:00:00,196.22
2022-02-26 15:15:00,196.22
2022-02-26 15:30:00,218.62
2022-02-26 15:45:00,240.0
2022-02-26 16:00:00,196.22
2022-02-26 16:15:00,203.66
2022-02-26 16:30:00,268.28
2022-02-26 16:45:00,299.96
2022-02-26 17:00:00,209.93
2022-02-26 17:15:00,239.91
2022-02-26 17:30:00,299.85
2022-02-26 17:45:00,329.98
2022-02-26 18:00:00,328.73
2022-02-26 18:15:00,289.99
2022-02-26 18:30:00,279.95
2022-02-26 18:45:00,235.26
2022-02-26 19:00:00,309.98
2022-02-26 19:15:00,299.96
2022-02-26 19:30:00,279.93
2022-02-26 19:45:00,225.0
2022-02-26 20:00:00,309.95
2022-02-26 20:15:00,255.0
2022-02-26 20:30:00,238.79
2022-02-26 20:45:00,196.22
2022-02-26 21:00:00,255.0
2022-02-26 21:15:00,225.38
2022-02-26 21:30:00,206.55
2022-02-26 21:45:00,196.22
2022-02-26 22:00:00,221.12
2022-02-26 22:15:00,216.09
2022-02-26 22:30:00,196.22
2022-02-26 22:45:00,196.22
2022-02-26 23:00:00,220.02
2022-02-26 23:15:00,196.22
2022-02-26 23:30:00,196.22
2022-02-26 23:45:00,149.72
2022-02-27 00:00:00,189.22
2022-02-27 00:15:00,176.11
2022-02-27 00:30:00,176.11
2022-02-27 00:45:00,175.1
2022-02-27 01:00:00,176.11
2022-02-27 01:15:00,175.1
2022-02-27 01:30:00,160.51
2022-02-27 01:45:00,140.0
2022-02-27 02:00:00,175.1
2022-02-27 02:15:00,166.9
2022-02-27 02:30:00,145.0
2022-02-27 02:45:00,135.0
2022-02-27 03:00:00,178.86
2022-02-27 03:15:00,176.11
2022-02-27 03:30:00,176.11
2022-02-27 03:45:00,176.11
2022-02-27 04:00:00,176.11
2022-02-27 04:15:00,176.11
2022-02-27 04:30:00,176.83
2022-02-27 04:45:00,178.99
2022-02-27 05:00:00,150.1
2022-02-27 05:15:00,150.1
2022-02-27 05:30:00,150.1
2022-02-27 05:45:00,176.11
2022-02-27 06:00:00,137.68
2022-02-27 06:15:00,150.1
2022-02-27 06:30:00,176.11
2022-02-27 06:45:00,176.11
2022-02-27 07:00:00,149.93
2022-02-27 07:15:00,176.11
2022-02-27 07:30:00,176.11
2022-02-27 07:45:00,176.11
2022-02-27 08:00:00,159.01
2022-02-27 08:15:00,150.1
2022-02-27 08:30:00,176.11
2022-02-27 08:45:00,154.97
2022-02-27 09:00:00,166.84
2022-02-27 09:15:00,176.11
2022-02-27 09:30:00,174.92
2022-02-27 09:45:00,154.94
2022-02-27 10:00:00,150.1
2022-02-27 10:15:00,153.61
2022-02-27 10:30:00,150.1
2022-02-27 10:45:00,176.11
2022-02-27 11:00:00,175.1
2022-02-27 11:15:00,169.28
2022-02-27 11:30:00,150.1
2022-02-27 11:45:00,125.0
2022-02-27 12:00:00,176.11
2022-02-27 12:15:00,175.1
2022-02-27 12:30:00,150.1
2022-02-27 12:45:00,110.0
2022-02-27 13:00:00,174.97
2022-02-27 13:15:00,150.1
2022-02-27 13:30:00,150.1
2022-02-27 13:45:00,124.83
2022-02-27 14:00:00,150.1
2022-02-27 14:15:00,150.1
2022-02-27 14:30:00,148.88
2022-02-27 14:45:00,148.38
2022-02-27 15:00:00,126.4
2022-02-27 15:15:00,148.4
2022-02-27 15:30:00,150.1
2022-02-27 15:45:00,175.1
2022-02-27 16:00:00,119.94
2022-02-27 16:15:00,164.93
2022-02-27 16:30:00,176.11
2022-02-27 16:45:00,195.03
2022-02-27 17:00:00,160.0
2022-02-27 17:15:00,175.1
2022-02-27 17:30:00,205.05
2022-02-27 17:45:00,285.0
2022-02-27 18:00:00,205.32
2022-02-27 18:15:00,222.32
2022-02-27 18:30:00,244.9
2022-02-27 18:45:00,215.82
2022-02-27 19:00:00,240.0
2022-02-27 19:15:00,232.62
2022-02-27 19:30:00,234.9
2022-02-27 19:45:00,200.1
2022-02-27 20:00:00,255.0
2022-02-27 20:15:00,239.9
2022-02-27 20:30:00,214.4
2022-02-27 20:45:00,175.1
2022-02-27 21:00:00,209.19
2022-02-27 21:15:00,194.87
2022-02-27 21:30:00,180.23
2022-02-27 21:45:00,176.11
2022-02-27 22:00:00,185.08
2022-02-27 22:15:00,213.03
2022-02-27 22:30:00,177.76
2022-02-27 22:45:00,176.11
2022-02-27 23:00:00,198.5
2022-02-27 23:15:00,183.39
2022-02-27 23:30:00,176.11
2022-02-27 23:45:00,150.1
2022-02-28 00:00:00,205.72
2022-02-28 00:15:00,204.38
2022-02-28 00:30:00,199.98
2022-02-28 00:45:00,189.92
2022-02-28 01:00:00,204.38
2022-02-28 01:15:00,204.38
2022-02-28 01:30:00,179.65
2022-02-28 01:45:00,178.37
2022-02-28 02:00:00,204.38
2022-02-28 02:15:00,204.38
2022-02-28 02:30:00,178.37
2022-02-28 02:45:00,178.37
2022-02-28 03:00:00,204.38
2022-02-28 03:15:00,194.91
2022-02-28 03:30:00,194.97
2022-02-28 03:45:00,194.96
2022-02-28 04:00:00,174.99
2022-02-28 04:15:00,189.97
2022-02-28 04:30:00,204.38
2022-02-28 04:45:00,230.96
2022-02-28 05:00:00,105.0
2022-02-28 05:15:00,204.38
2022-02-28 05:30:00,239.98
2022-02-28 05:45:00,317.01
2022-02-28 06:00:00,174.84
2022-02-28 06:15:00,204.38
2022-02-28 06:30:00,299.97
2022-02-28 06:45:00,395.89
2022-02-28 07:00:00,228.37
2022-02-28 07:15:00,289.95
2022-02-28 07:30:00,299.97
2022-02-28 07:45:00,374.38
2022-02-28 08:00:00,299.99
2022-02-28 08:15:00,358.3
2022-02-28 08:30:00,259.96
2022-02-28 08:45:00,204.38
2022-02-28 09:00:00,332.33
2022-02-28 09:15:00,279.97
2022-02-28 09:30:00,224.05
2022-02-28 09:45:00,203.37
2022-02-28 10:00:00,266.02
2022-02-28 10:15:00,237.39
2022-02-28 10:30:00,239.91
2022-02-28 10:45:00,229.9
2022-02-28 11:00:00,250.12
2022-02-28 11:15:00,225.0
2022-02-28 11:30:00,214.94
2022-02-28 11:45:00,205.94
2022-02-28 12:00:00,218.25
2022-02-28 12:15:00,218.25
2022-02-28 12:30:00,217.53
2022-02-28 12:45:00,209.97
2022-02-28 13:00:00,217.69
2022-02-28 13:15:00,211.45
2022-02-28 13:30:00,214.95
2022-02-28 13:45:00,219.91
2022-02-28 14:00:00,199.96
2022-02-28 14:15:00,204.38
2022-02-28 14:30:00,219.95
2022-02-28 14:45:00,234.96
2022-02-28 15:00:00,189.99
2022-02-28 15:15:00,214.09
2022-02-28 15:30:00,240.0
2022-02-28 15:45:00,255.0
2022-02-28 16:00:00,203.37
2022-02-28 16:15:00,210.0
2022-02-28 16:30:00,260.0
2022-02-28 16:45:00,309.93
2022-02-28 17:00:00,204.38
2022-02-28 17:15:00,245.29
2022-02-28 17:30:00,280.0
2022-02-28 17:45:00,329.94
2022-02-28 18:00:00,289.94
2022-02-28 18:15:00,289.96
2022-02-28 18:30:00,299.94
2022-02-28 18:45:00,299.92
2022-02-28 19:00:00,315.61
2022-02-28 19:15:00,299.94
2022-02-28 19:30:00,260.0
2022-02-28 19:45:00,204.38
2022-02-28 20:00:00,340.93
2022-02-28 20:15:00,299.95
2022-02-28 20:30:00,234.37
2022-02-28 20:45:00,204.38
2022-02-28 21:00:00,309.94
2022-02-28 21:15:00,255.59
2022-02-28 21:30:00,230.0
2022-02-28 21:45:00,204.38
2022-02-28 22:00:00,269.92
2022-02-28 22:15:00,239.7
2022-02-28 22:30:00,210.0
2022-02-28 22:45:00,204.38
2022-02-28 23:00:00,230.0
2022-02-28 23:15:00,215.0
2022-02-28 23:30:00,200.0
2022-02-28 23:45:00,174.07
2022-03-01 00:00:00,244.63
2022-03-01 00:15:00,239.98
2022-03-01 00:30:00,219.91
2022-03-01 00:45:00,199.95
2022-03-01 01:00:00,240.0
2022-03-01 01:15:00,229.98
2022-03-01 01:30:00,209.98
2022-03-01 01:45:00,176.04
2022-03-01 02:00:00,229.97
2022-03-01 02:15:00,219.93
2022-03-01 02:30:00,210.0
2022-03-01 02:45:00,199.98
2022-03-01 03:00:00,217.2
2022-03-01 03:15:00,209.99
2022-03-01 03:30:00,217.2
2022-03-01 03:45:00,219.97
2022-03-01 04:00:00,189.98
2022-03-01 04:15:00,218.62
2022-03-01 04:30:00,244.63
2022-03-01 04:45:00,249.97
2022-03-01 05:00:00,164.11
2022-03-01 05:15:00,230.33
2022-03-01 05:30:00,259.94
2022-03-01 05:45:00,309.98
2022-03-01 06:00:00,209.91
2022-03-01 06:15:00,249.84
2022-03-01 06:30:00,320.4
2022-03-01 06:45:00,345.6
2022-03-01 07:00:00,279.96
2022-03-01 07:15:00,352.17
2022-03-01 07:30:00,360.0
2022-03-01 07:45:00,335.44
2022-03-01 08:00:00,309.98
2022-03-01 08:15:00,299.95
2022-03-01 08:30:00,264.43
2022-03-01 08:45:00,244.63
2022-03-01 09:00:00,299.9
2022-03-01 09:15:00,281.4
2022-03-01 09:30:00,244.63
2022-03-01 09:45:00,229.98
2022-03-01 10:00:00,268.73
2022-03-01 10:15:00,248.04
2022-03-01 10:30:00,259.91
2022-03-01 10:45:00,229.98
2022-03-01 11:00:00,276.09
2022-03-01 11:15:00,265.73
2022-03-01 11:30:00,244.63
2022-03-01 11:45:00,239.96
2022-03-01 12:00:00,258.7
2022-03-01 12:15:00,244.63
2022-03-01 12:30:00,240.0
2022-03-01 12:45:00,244.63
2022-03-01 13:00:00,244.63
2022-03-01 13:15:00,242.45
2022-03-01 13:30:00,244.63
2022-03-01 13:45:00,224.96
2022-03-01 14:00:00,229.94
2022-03-01 14:15:00,229.78
2022-03-01 14:30:00,244.63
2022-03-01 14:45:00,250.0
2022-03-01 15:00:00,243.62
2022-03-01 15:15:00,257.26
2022-03-01 15:30:00,296.4
2022-03-01 15:45:00,270.0
2022-03-01 16:00:00,243.62
2022-03-01 16:15:00,269.94
2022-03-01 16:30:00,298.76
2022-03-01 16:45:00,319.95
2022-03-01 17:00:00,251.17
2022-03-01 17:15:00,368.14
2022-03-01 17:30:00,387.21
2022-03-01 17:45:00,422.83
2022-03-01 18:00:00,396.09
2022-03-01 18:15:00,400.82
2022-03-01 18:30:00,413.25
2022-03-01 18:45:00,399.92
2022-03-01 19:00:00,449.36
2022-03-01 19:15:00,400.7
2022-03-01 19:30:00,360.0
2022-03-01 19:45:00,289.94
2022-03-01 20:00:00,400.8
2022-03-01 20:15:00,360.0
2022-03-01 20:30:00,340.47
2022-03-01 20:45:00,259.93
2022-03-01 21:00:00,322.05
2022-03-01 21:15:00,296.47
2022-03-01 21:30:00,268.62
2022-03-01 21:45:00,240.0
2022-03-01 22:00:00,309.94
2022-03-01 22:15:00,275.09
2022-03-01 22:30:00,245.09
2022-03-01 22:45:00,243.62
2022-03-01 23:00:00,296.41
2022-03-01 23:15:00,254.95
2022-03-01 23:30:00,244.63
2022-03-01 23:45:00,210.14
2022-03-02 00:00:00,284.94
2022-03-02 00:15:00,266.33
2022-03-02 00:30:00,243.33
2022-03-02 00:45:00,205.0
2022-03-02 01:00:00,260.33
2022-03-02 01:15:00,266.33
2022-03-02 01:30:00,228.58
2022-03-02 01:45:00,209.95
2022-03-02 02:00:00,239.96
2022-03-02 02:15:00,229.92
2022-03-02 02:30:00,240.0
2022-03-02 02:45:00,237.94
2022-03-02 03:00:00,225.0
2022-03-02 03:15:00,224.98
2022-03-02 03:30:00,232.38
2022-03-02 03:45:00,240.0
2022-03-02 04:00:00,204.91
2022-03-02 04:15:00,214.53
2022-03-02 04:30:00,265.83
2022-03-02 04:45:00,266.33
2022-03-02 05:00:00,177.42
2022-03-02 05:15:00,240.0
2022-03-02 05:30:00,277.08
2022-03-02 05:45:00,292.37
2022-03-02 06:00:00,195.0
2022-03-02 06:15:00,279.98
2022-03-02 06:30:00,328.61
2022-03-02 06:45:00,343.86
2022-03-02 07:00:00,292.34
2022-03-02 07:15:00,360.0
2022-03-02 07:30:00,322.14
2022-03-02 07:45:00,327.14
2022-03-02 08:00:00,325.09
2022-03-02 08:15:00,321.03
2022-03-02 08:30:00,335.03
2022-03-02 08:45:00,337.03
2022-03-02 09:00:00,316.33
2022-03-02 09:15:00,295.0
2022-03-02 09:30:00,291.33
2022-03-02 09:45:00,282.49
2022-03-02 10:00:00,290.0
2022-03-02 10:15:00,267.71
2022-03-02 10:30:00,260.0
2022-03-02 10:45:00,250.0
2022-03-02 11:00:00,280.0
2022-03-02 11:15:00,267.53
2022-03-02 11:30:00,240.0
2022-03-02 11:45:00,240.0
2022-03-02 12:00:00,280.0
2022-03-02 12:15:00,242.2
2022-03-02 12:30:00,242.2
2022-03-02 12:45:00,210.09
2022-03-02 13:00:00,255.0
2022-03-02 13:15:00,248.91
2022-03-02 13:30:00,240.0
2022-03-02 13:45:00,215.0
2022-03-02 14:00:00,230.0
2022-03-02 14:15:00,245.0
2022-03-02 14:30:00,254.45
2022-03-02 14:45:00,258.45
2022-03-02 15:00:00,259.92
2022-03-02 15:15:00,265.83
2022-03-02 15:30:00,270.0
2022-03-02 15:45:00,291.33
2022-03-02 16:00:00,289.94
2022-03-02 16:15:00,292.34
2022-03-02 16:30:00,291.33
2022-03-02 16:45:00,295.0
2022-03-02 17:00:00,291.27
2022-03-02 17:15:00,309.31
2022-03-02 17:30:00,316.33
2022-03-02 17:45:00,350.0
2022-03-02 18:00:00,360.0
2022-03-02 18:15:00,360.0
2022-03-02 18:30:00,370.8
2022-03-02 18:45:00,360.0
2022-03-02 19:00:00,398.45
2022-03-02 19:15:00,385.54
2022-03-02 19:30:00,336.48
2022-03-02 19:45:00,291.33
2022-03-02 20:00:00,349.81
2022-03-02 20:15:00,344.71
2022-03-02 20:30:00,291.33
2022-03-02 20:45:00,288.83
2022-03-02 21:00:00,306.47
2022-03-02 21:15:00,292.34
2022-03-02 21:30:00,281.8
2022-03-02 21:45:00,268.55
2022-03-02 22:00:00,292.34
2022-03-02 22:15:00,275.0
2022-03-02 22:30:00,266.33
2022-03-02 22:45:00,258.49
2022-03-02 23:00:00,292.34
2022-03-02 23:15:00,289.93
2022-03-02 23:30:00,241.74
2022-03-02 23:45:00,210.0
2022-03-03 00:00:00,307.03
2022-03-03 00:15:00,282.03
2022-03-03 00:30:00,282.03
2022-03-03 00:45:00,269.9
2022-03-03 01:00:00,307.03
2022-03-03 01:15:00,282.03
2022-03-03 01:30:00,262.53
2022-03-03 01:45:00,234.96
2022-03-03 02:00:00,277.4
2022-03-03 02:15:00,279.9
2022-03-03 02:30:00,270.4
2022-03-03 02:45:00,279.91
2022-03-03 03:00:00,269.93
2022-03-03 03:15:00,272.36
2022-03-03 03:30:00,279.91
2022-03-03 03:45:00,278.86
2022-03-03 04:00:00,249.92
2022-03-03 04:15:00,269.91
2022-03-03 04:30:00,282.03
2022-03-03 04:45:00,297.65
2022-03-03 05:00:00,201.35
2022-03-03 05:15:00,259.98
2022-03-03 05:30:00,308.04
2022-03-03 05:45:00,359.92
2022-03-03 06:00:00,308.04
2022-03-03 06:15:00,355.49
2022-03-03 06:30:00,499.94
2022-03-03 06:45:00,560.0
2022-03-03 07:00:00,450.0
2022-03-03 07:15:00,1088.1
2022-03-03 07:30:00,499.95
2022-03-03 07:45:00,499.91
2022-03-03 08:00:00,617.36
2022-03-03 08:15:00,560.0
2022-03-03 08:30:00,389.29
2022-03-03 08:45:00,376.96
2022-03-03 09:00:00,330.0
2022-03-03 09:15:00,315.0
2022-03-03 09:30:00,315.0
2022-03-03 09:45:00,305.0
2022-03-03 10:00:00,308.04
2022-03-03 10:15:00,303.12
2022-03-03 10:30:00,291.86
2022-03-03 10:45:00,291.85
2022-03-03 11:00:00,302.54
2022-03-03 11:15:00,291.88
2022-03-03 11:30:00,282.03
2022-03-03 11:45:00,249.99
2022-03-03 12:00:00,291.81
2022-03-03 12:15:00,274.96
2022-03-03 12:30:00,254.93
2022-03-03 12:45:00,246.57
2022-03-03 13:00:00,282.03
2022-03-03 13:15:00,273.06
2022-03-03 13:30:00,244.98
2022-03-03 13:45:00,239.93
2022-03-03 14:00:00,230.0
2022-03-03 14:15:00,253.69
2022-03-03 14:30:00,255.0
2022-03-03 14:45:00,289.28
2022-03-03 15:00:00,240.0
2022-03-03 15:15:00,260.0
2022-03-03 15:30:00,275.0
2022-03-03 15:45:00,296.64
2022-03-03 16:00:00,299.91
2022-03-03 16:15:00,308.04
2022-03-03 16:30:00,308.04
2022-03-03 16:45:00,315.0
2022-03-03 17:00:00,308.04
2022-03-03 17:15:00,326.25
2022-03-03 17:30:00,351.16
2022-03-03 17:45:00,419.91
2022-03-03 18:00:00,560.0
2022-03-03 18:15:00,717.86
2022-03-03 18:30:00,560.0
2022-03-03 18:45:00,400.64
2022-03-03 19:00:00,560.0
2022-03-03 19:15:00,491.96
2022-03-03 19:30:00,360.0
2022-03-03 19:45:00,308.04
2022-03-03 20:00:00,487.67
2022-03-03 20:15:00,360.0
2022-03-03 20:30:00,339.92
2022-03-03 20:45:00,309.91
2022-03-03 21:00:00,322.64
2022-03-03 21:15:00,308.04
2022-03-03 21:30:00,304.01
2022-03-03 21:45:00,250.0
2022-03-03 22:00:00,308.04
2022-03-03 22:15:00,308.04
2022-03-03 22:30:00,291.86
2022-03-03 22:45:00,269.96
2022-03-03 23:00:00,308.04
2022-03-03 23:15:00,291.86
2022-03-03 23:30:00,282.03
2022-03-03 23:45:00,230.0
2022-03-04 00:00:00,383.2
2022-03-04 00:15:00,371.19
2022-03-04 00:30:00,349.2
2022-03-04 00:45:00,336.24
2022-03-04 01:00:00,376.78
2022-03-04 01:15:00,359.73
2022-03-04 01:30:00,351.0
2022-03-04 01:45:00,334.53
2022-03-04 02:00:00,360.48
2022-03-04 02:15:00,351.6
2022-03-04 02:30:00,350.9
2022-03-04 02:45:00,343.47
2022-03-04 03:00:00,352.66
2022-03-04 03:15:00,347.05
2022-03-04 03:30:00,353.5
2022-03-04 03:45:00,348.18
2022-03-04 04:00:00,336.01
2022-03-04 04:15:00,345.86
2022-03-04 04:30:00,359.18
2022-03-04 04:45:00,380.42
2022-03-04 05:00:00,308.52
2022-03-04 05:15:00,339.81
2022-03-04 05:30:00,384.0
2022-03-04 05:45:00,450.0
2022-03-04 06:00:00,325.1
2022-03-04 06:15:00,433.06
2022-03-04 06:30:00,501.28
2022-03-04 06:45:00,570.0
2022-03-04 07:00:00,449.02
2022-03-04 07:15:00,499.96
2022-03-04 07:30:00,516.41
2022-03-04 07:45:00,492.72
2022-03-04 08:00:00,467.96
2022-03-04 08:15:00,470.16
2022-03-04 08:30:00,466.51
2022-03-04 08:45:00,430.17
2022-03-04 09:00:00,426.47
2022-03-04 09:15:00,425.96
2022-03-04 09:30:00,426.35
2022-03-04 09:45:00,414.43
2022-03-04 10:00:00,360.2
2022-03-04 10:15:00,388.01
2022-03-04 10:30:00,380.21
2022-03-04 10:45:00,351.32
2022-03-04 11:00:00,379.46
2022-03-04 11:15:00,375.76
2022-03-04 11:30:00,367.24
2022-03-04 11:45:00,337.54
2022-03-04 12:00:00,390.14
2022-03-04 12:15:00,360.2
2022-03-04 12:30:00,335.09
2022-03-04 12:45:00,334.53
2022-03-04 13:00:00,370.18
2022-03-04 13:15:00,355.38
2022-03-04 13:30:00,344.17
2022-03-04 13:45:00,343.79
2022-03-04 14:00:00,353.63
2022-03-04 14:15:00,352.03
2022-03-04 14:30:00,351.66
2022-03-04 14:45:00,355.23
2022-03-04 15:00:00,358.21
2022-03-04 15:15:00,377.1
2022-03-04 15:30:00,357.49
2022-03-04 15:45:00,379.1
2022-03-04 16:00:00,355.97
2022-03-04 16:15:00,369.71
2022-03-04 16:30:00,406.0
2022-03-04 16:45:00,408.92
2022-03-04 17:00:00,350.13
2022-03-04 17:15:00,419.79
2022-03-04 17:30:00,430.19
2022-03-04 17:45:00,490.16
2022-03-04 18:00:00,458.35
2022-03-04 18:15:00,481.87
2022-03-04 18:30:00,499.93
2022-03-04 18:45:00,480.18
2022-03-04 19:00:00,499.96
2022-03-04 19:15:00,488.38
2022-03-04 19:30:00,430.2
2022-03-04 19:45:00,340.94
2022-03-04 20:00:00,537.33
2022-03-04 20:15:00,462.45
2022-03-04 20:30:00,413.77
2022-03-04 20:45:00,334.53
2022-03-04 21:00:00,468.92
2022-03-04 21:15:00,408.42
2022-03-04 21:30:00,367.44
2022-03-04 21:45:00,332.29
2022-03-04 22:00:00,402.42
2022-03-04 22:15:00,391.94
2022-03-04 22:30:00,351.38
2022-03-04 22:45:00,334.53
2022-03-04 23:00:00,407.5
2022-03-04 23:15:00,363.17
2022-03-04 23:30:00,334.53
2022-03-04 23:45:00,334.53
2022-03-05 00:00:00,390.08
2022-03-05 00:15:00,357.81
2022-03-05 00:30:00,335.17
2022-03-05 00:45:00,335.17
2022-03-05 01:00:00,363.84
2022-03-05 01:15:00,335.17
2022-03-05 01:30:00,335.17
2022-03-05 01:45:00,319.9
2022-03-05 02:00:00,345.07
2022-03-05 02:15:00,335.17
2022-03-05 02:30:00,336.43
2022-03-05 02:45:00,319.97
2022-03-05 03:00:00,335.17
2022-03-05 03:15:00,335.17
2022-03-05 03:30:00,317.31
2022-03-05 03:45:00,329.91
2022-03-05 04:00:00,312.21
2022-03-05 04:15:00,334.93
2022-03-05 04:30:00,335.17
2022-03-05 04:45:00,335.17
2022-03-05 05:00:00,330.0
2022-03-05 05:15:00,330.0
2022-03-05 05:30:00,334.16
2022-03-05 05:45:00,359.16
2022-03-05 06:00:00,329.92
2022-03-05 06:15:00,335.17
2022-03-05 06:30:00,340.0
2022-03-05 06:45:00,345.0
2022-03-05 07:00:00,325.0
2022-03-05 07:15:00,345.05
2022-03-05 07:30:00,360.07
2022-03-05 07:45:00,382.27
2022-03-05 08:00:00,335.17
2022-03-05 08:15:00,359.16
2022-03-05 08:30:00,370.0
2022-03-05 08:45:00,366.73
2022-03-05 09:00:00,335.17
2022-03-05 09:15:00,335.09
2022-03-05 09:30:00,324.6
2022-03-05 09:45:00,309.16
2022-03-05 10:00:00,335.17
2022-03-05 10:15:00,334.16
2022-03-05 10:30:00,309.16
2022-03-05 10:45:00,300.0
2022-03-05 11:00:00,334.16
2022-03-05 11:15:00,309.16
2022-03-05 11:30:00,315.0
2022-03-05 11:45:00,295.0
2022-03-05 12:00:00,330.0
2022-03-05 12:15:00,309.16
2022-03-05 12:30:00,303.38
2022-03-05 12:45:00,250.05
2022-03-05 13:00:00,309.16
2022-03-05 13:15:00,308.67
2022-03-05 13:30:00,305.67
2022-03-05 13:45:00,270.01
2022-03-05 14:00:00,303.18
2022-03-05 14:15:00,280.08
2022-03-05 14:30:00,300.04
2022-03-05 14:45:00,309.16
2022-03-05 15:00:00,286.66
2022-03-05 15:15:00,300.09
2022-03-05 15:30:00,330.02
2022-03-05 15:45:00,332.08
2022-03-05 16:00:00,309.16
2022-03-05 16:15:00,330.0
2022-03-05 16:30:00,335.17
2022-03-05 16:45:00,363.02
2022-03-05 17:00:00,315.08
2022-03-05 17:15:00,350.01
2022-03-05 17:30:00,354.58
2022-03-05 17:45:00,440.02
2022-03-05 18:00:00,499.93
2022-03-05 18:15:00,484.09
2022-03-05 18:30:00,380.03
2022-03-05 18:45:00,367.59
2022-03-05 19:00:00,450.0
2022-03-05 19:15:00,400.08
2022-03-05 19:30:00,400.03
2022-03-05 19:45:00,364.16
2022-03-05 20:00:00,410.04
2022-03-05 20:15:00,379.85
2022-03-05 20:30:00,350.03
2022-03-05 20:45:00,320.06
2022-03-05 21:00:00,380.09
2022-03-05 21:15:00,344.85
2022-03-05 21:30:00,335.17
2022-03-05 21:45:00,330.0
2022-03-05 22:00:00,360.1
2022-03-05 22:15:00,370.66
2022-03-05 22:30:00,340.03
2022-03-05 22:45:00,312.47
2022-03-05 23:00:00,360.07
2022-03-05 23:15:00,335.17
2022-03-05 23:30:00,320.03
2022-03-05 23:45:00,295.02
2022-03-06 00:00:00,379.87
2022-03-06 00:15:00,330.09
2022-03-06 00:30:00,310.05
2022-03-06 00:45:00,290.03
2022-03-06 01:00:00,380.0
2022-03-06 01:15:00,359.6
2022-03-06 01:30:00,295.06
2022-03-06 01:45:00,263.81
2022-03-06 02:00:00,374.95
2022-03-06 02:15:00,310.0
2022-03-06 02:30:00,285.0
2022-03-06 02:45:00,270.0
2022-03-06 03:00:00,364.93
2022-03-06 03:15:00,301.06
2022-03-06 03:30:00,284.56
2022-03-06 03:45:00,277.16
2022-03-06 04:00:00,306.24
2022-03-06 04:15:00,302.24
2022-03-06 04:30:00,296.74
2022-03-06 04:45:00,312.57
2022-03-06 05:00:00,285.07
2022-03-06 05:15:00,287.75
2022-03-06 05:30:00,285.75
2022-03-06 05:45:00,320.0
2022-03-06 06:00:00,277.54
2022-03-06 06:15:00,290.0
2022-03-06 06:30:00,295.1
2022-03-06 06:45:00,307.36
2022-03-06 07:00:00,260.86
2022-03-06 07:15:00,306.59
2022-03-06 07:30:00,344.96
2022-03-06 07:45:00,339.94
2022-03-06 08:00:00,274.36
2022-03-06 08:15:00,291.24
2022-03-06 08:30:00,325.0
2022-03-06 08:45:00,329.61
2022-03-06 09:00:00,290.09
2022-03-06 09:15:00,299.43
2022-03-06 09:30:00,325.0
2022-03-06 09:45:00,305.0
2022-03-06 10:00:00,287.74
2022-03-06 10:15:00,285.1
2022-03-06 10:30:00,330.0
2022-03-06 10:45:00,321.18
2022-03-06 11:00:00,304.86
2022-03-06 11:15:00,320.0
2022-03-06 11:30:00,286.86
2022-03-06 11:45:00,280.04
2022-03-06 12:00:00,330.0
2022-03-06 12:15:00,312.67
2022-03-06 12:30:00,279.88
2022-03-06 12:45:00,260.0
2022-03-06 13:00:00,313.91
2022-03-06 13:15:00,280.09
2022-03-06 13:30:00,270.0
2022-03-06 13:45:00,260.0
2022-03-06 14:00:00,299.91
2022-03-06 14:15:00,282.07
2022-03-06 14:30:00,285.0
2022-03-06 14:45:00,300.0
2022-03-06 15:00:00,259.25
2022-03-06 15:15:00,270.03
2022-03-06 15:30:00,302.8
2022-03-06 15:45:00,322.02
2022-03-06 16:00:00,259.25
2022-03-06 16:15:00,270.07
2022-03-06 16:30:00,320.06
2022-03-06 16:45:00,380.09
2022-03-06 17:00:00,250.09
2022-03-06 17:15:00,300.04
2022-03-06 17:30:00,360.04
2022-03-06 17:45:00,430.53
2022-03-06 18:00:00,333.01
2022-03-06 18:15:00,430.58
2022-03-06 18:30:00,430.55
2022-03-06 18:45:00,448.27
2022-03-06 19:00:00,395.02
2022-03-06 19:15:00,404.86
2022-03-06 19:30:00,400.07
2022-03-06 19:45:00,400.04
2022-03-06 20:00:00,449.67
2022-03-06 20:15:00,425.09
2022-03-06 20:30:00,390.1
2022-03-06 20:45:00,296.23
2022-03-06 21:00:00,405.07
2022-03-06 21:15:00,354.6
2022-03-06 21:30:00,360.01
2022-03-06 21:45:00,320.03
2022-03-06 22:00:00,370.3
2022-03-06 22:15:00,365.07
2022-03-06 22:30:00,355.05
2022-03-06 22:45:00,320.08
2022-03-06 23:00:00,365.03
2022-03-06 23:15:00,360.02
2022-03-06 23:30:00,320.03
2022-03-06 23:45:00,290.92
2022-03-07 00:00:00,358.45
2022-03-07 00:15:00,354.81
2022-03-07 00:30:00,310.05
2022-03-07 00:45:00,295.05
2022-03-07 01:00:00,358.45
2022-03-07 01:15:00,351.95
2022-03-07 01:30:00,317.39
2022-03-07 01:45:00,285.0
2022-03-07 02:00:00,355.36
2022-03-07 02:15:00,310.0
2022-03-07 02:30:00,339.36
2022-03-07 02:45:00,285.0
2022-03-07 03:00:00,345.45
2022-03-07 03:15:00,300.0
2022-03-07 03:30:00,299.61
2022-03-07 03:45:00,339.9
2022-03-07 04:00:00,280.0
2022-03-07 04:15:00,294.11
2022-03-07 04:30:00,358.45
2022-03-07 04:45:00,384.46
2022-03-07 05:00:00,228.32
2022-03-07 05:15:00,356.78
2022-03-07 05:30:00,404.91
2022-03-07 05:45:00,450.0
2022-03-07 06:00:00,280.05
2022-03-07 06:15:00,384.46
2022-03-07 06:30:00,445.07
2022-03-07 06:45:00,470.09
2022-03-07 07:00:00,377.39
2022-03-07 07:15:00,436.13
2022-03-07 07:30:00,480.08
2022-03-07 07:45:00,510.02
2022-03-07 08:00:00,438.99
2022-03-07 08:15:00,440.09
2022-03-07 08:30:00,458.45
2022-03-07 08:45:00,470.03
2022-03-07 09:00:00,405.03
2022-03-07 09:15:00,400.1
2022-03-07 09:30:00,400.55
2022-03-07 09:45:00,390.09
2022-03-07 10:00:00,384.46
2022-03-07 10:15:00,375.08
2022-03-07 10:30:00,384.46
2022-03-07 10:45:00,390.08
2022-03-07 11:00:00,384.46
2022-03-07 11:15:00,365.08
2022-03-07 11:30:00,375.08
2022-03-07 11:45:00,358.45
2022-03-07 12:00:00,384.46
2022-03-07 12:15:00,371.69
2022-03-07 12:30:00,358.45
2022-03-07 12:45:00,345.0
2022-03-07 13:00:00,384.46
2022-03-07 13:15:00,358.45
2022-03-07 13:30:00,382.0
2022-03-07 13:45:00,335.08
2022-03-07 14:00:00,358.45
2022-03-07 14:15:00,358.45
2022-03-07 14:30:00,360.05
2022-03-07 14:45:00,382.64
2022-03-07 15:00:00,384.46
2022-03-07 15:15:00,375.09
2022-03-07 15:30:00,370.05
2022-03-07 15:45:00,360.01
2022-03-07 16:00:00,390.07
2022-03-07 16:15:00,395.06
2022-03-07 16:30:00,400.0
2022-03-07 16:45:00,400.14
2022-03-07 17:00:00,390.02
2022-03-07 17:15:00,410.05
2022-03-07 17:30:00,430.07
2022-03-07 17:45:00,450.06
2022-03-07 18:00:00,485.08
2022-03-07 18:15:00,500.04
2022-03-07 18:30:00,505.03
2022-03-07 18:45:00,499.96
2022-03-07 19:00:00,545.03
2022-03-07 19:15:00,514.79
2022-03-07 19:30:00,489.92
2022-03-07 19:45:00,450.03
2022-03-07 20:00:00,520.02
2022-03-07 20:15:00,479.02
2022-03-07 20:30:00,410.26
2022-03-07 20:45:00,383.45
2022-03-07 21:00:00,460.08
2022-03-07 21:15:00,430.57
2022-03-07 21:30:00,390.04
2022-03-07 21:45:00,382.54
2022-03-07 22:00:00,430.53
2022-03-07 22:15:00,404.91
2022-03-07 22:30:00,384.46
2022-03-07 22:45:00,360.1
2022-03-07 23:00:00,410.05
2022-03-07 23:15:00,395.01
2022-03-07 23:30:00,380.05
2022-03-07 23:45:00,354.61
2022-03-08 00:00:00,599.1
2022-03-08 00:15:00,499.92
2022-03-08 00:30:00,440.03
2022-03-08 00:45:00,420.84
2022-03-08 01:00:00,600.0
2022-03-08 01:15:00,465.14
2022-03-08 01:30:00,433.7
2022-03-08 01:45:00,420.84
2022-03-08 02:00:00,499.93
2022-03-08 02:15:00,455.0
2022-03-08 02:30:00,460.0
2022-03-08 02:45:00,442.75
2022-03-08 03:00:00,513.29
2022-03-08 03:15:00,440.51
2022-03-08 03:30:00,444.59
2022-03-08 03:45:00,441.23
2022-03-08 04:00:00,420.84
2022-03-08 04:15:00,420.84
2022-03-08 04:30:00,431.88
2022-03-08 04:45:00,686.18
2022-03-08 05:00:00,262.83
2022-03-08 05:15:00,420.84
2022-03-08 05:30:00,600.0
2022-03-08 05:45:00,696.01
2022-03-08 06:00:00,296.1
2022-03-08 06:15:00,451.02
2022-03-08 06:30:00,695.0
2022-03-08 06:45:00,727.87
2022-03-08 07:00:00,695.0
2022-03-08 07:15:00,840.02
2022-03-08 07:30:00,876.74
2022-03-08 07:45:00,895.0
2022-03-08 08:00:00,800.25
2022-03-08 08:15:00,799.41
2022-03-08 08:30:00,756.65
2022-03-08 08:45:00,695.0
2022-03-08 09:00:00,694.34
2022-03-08 09:15:00,527.99
2022-03-08 09:30:00,577.24
2022-03-08 09:45:00,444.83
2022-03-08 10:00:00,465.26
2022-03-08 10:15:00,542.62
2022-03-08 10:30:00,530.27
2022-03-08 10:45:00,461.76
2022-03-08 11:00:00,694.33
2022-03-08 11:15:00,463.3
2022-03-08 11:30:00,430.43
2022-03-08 11:45:00,424.67
2022-03-08 12:00:00,600.0
2022-03-08 12:15:00,451.41
2022-03-08 12:30:00,453.41
2022-03-08 12:45:00,454.91
2022-03-08 13:00:00,673.16
2022-03-08 13:15:00,446.33
2022-03-08 13:30:00,439.31
2022-03-08 13:45:00,420.84
2022-03-08 14:00:00,452.02
2022-03-08 14:15:00,445.47
2022-03-08 14:30:00,495.95
2022-03-08 14:45:00,489.58
2022-03-08 15:00:00,465.82
2022-03-08 15:15:00,600.0
2022-03-08 15:30:00,451.82
2022-03-08 15:45:00,442.18
2022-03-08 16:00:00,695.0
2022-03-08 16:15:00,695.0
2022-03-08 16:30:00,695.0
2022-03-08 16:45:00,695.0
2022-03-08 17:00:00,420.84
2022-03-08 17:15:00,425.4
2022-03-08 17:30:00,466.33
2022-03-08 17:45:00,687.23
2022-03-08 18:00:00,904.0
2022-03-08 18:15:00,920.0
2022-03-08 18:30:00,999.94
2022-03-08 18:45:00,920.0
2022-03-08 19:00:00,920.0
2022-03-08 19:15:00,895.0
2022-03-08 19:30:00,895.0
2022-03-08 19:45:00,695.0
2022-03-08 20:00:00,809.59
2022-03-08 20:15:00,761.52
2022-03-08 20:30:00,695.0
2022-03-08 20:45:00,444.83
2022-03-08 21:00:00,694.38
2022-03-08 21:15:00,539.26
2022-03-08 21:30:00,431.4
2022-03-08 21:45:00,394.83
2022-03-08 22:00:00,611.36
2022-03-08 22:15:00,600.0
2022-03-08 22:30:00,427.56
2022-03-08 22:45:00,420.84
2022-03-08 23:00:00,694.38
2022-03-08 23:15:00,469.58
2022-03-08 23:30:00,420.84
2022-03-08 23:45:00,394.83
2022-03-09 00:00:00,505.74
2022-03-09 00:15:00,505.24
2022-03-09 00:30:00,426.49
2022-03-09 00:45:00,411.83
2022-03-09 01:00:00,499.96
2022-03-09 01:15:00,441.79
2022-03-09 01:30:00,426.34
2022-03-09 01:45:00,380.19
2022-03-09 02:00:00,491.6
2022-03-09 02:15:00,435.46
2022-03-09 02:30:00,421.55
2022-03-09 02:45:00,370.19
2022-03-09 03:00:00,437.71
2022-03-09 03:15:00,419.24
2022-03-09 03:30:00,420.37
2022-03-09 03:45:00,426.19
2022-03-09 04:00:00,372.47
2022-03-09 04:15:00,408.65
2022-03-09 04:30:00,431.7
2022-03-09 04:45:00,506.68
2022-03-09 05:00:00,338.7
2022-03-09 05:15:00,487.76
2022-03-09 05:30:00,532.69
2022-03-09 05:45:00,591.75
2022-03-09 06:00:00,398.37
2022-03-09 06:15:00,532.69
2022-03-09 06:30:00,707.97
2022-03-09 06:45:00,736.68
2022-03-09 07:00:00,531.68
2022-03-09 07:15:00,628.68
2022-03-09 07:30:00,707.96
2022-03-09 07:45:00,547.45
2022-03-09 08:00:00,688.74
2022-03-09 08:15:00,600.0
2022-03-09 08:30:00,571.68
2022-03-09 08:45:00,535.57
2022-03-09 09:00:00,615.08
2022-03-09 09:15:00,615.08
2022-03-09 09:30:00,603.96
2022-03-09 09:45:00,556.68
2022-03-09 10:00:00,532.69
2022-03-09 10:15:00,532.69
2022-03-09 10:30:00,532.69
2022-03-09 10:45:00,532.69
2022-03-09 11:00:00,546.21
2022-03-09 11:15:00,543.57
2022-03-09 11:30:00,532.69
2022-03-09 11:45:00,532.69
2022-03-09 12:00:00,531.68
2022-03-09 12:15:00,499.96
2022-03-09 12:30:00,493.18
2022-03-09 12:45:00,474.94
2022-03-09 13:00:00,531.68
2022-03-09 13:15:00,499.93
2022-03-09 13:30:00,493.47
2022-03-09 13:45:00,474.7
2022-03-09 14:00:00,481.74
2022-03-09 14:15:00,496.74
2022-03-09 14:30:00,499.97
2022-03-09 14:45:00,506.68
2022-03-09 15:00:00,485.4
2022-03-09 15:15:00,500.4
2022-03-09 15:30:00,499.4
2022-03-09 15:45:00,506.68
2022-03-09 16:00:00,543.49
2022-03-09 16:15:00,555.49
2022-03-09 16:30:00,600.0
2022-03-09 16:45:00,657.26
2022-03-09 17:00:00,531.68
2022-03-09 17:15:00,566.18
2022-03-09 17:30:00,575.68
2022-03-09 17:45:00,702.47
2022-03-09 18:00:00,652.82
2022-03-09 18:15:00,707.99
2022-03-09 18:30:00,708.0
2022-03-09 18:45:00,571.18
2022-03-09 19:00:00,756.32
2022-03-09 19:15:00,733.22
2022-03-09 19:30:00,568.48
2022-03-09 19:45:00,531.68
2022-03-09 20:00:00,724.92
2022-03-09 20:15:00,579.0
2022-03-09 20:30:00,549.16
2022-03-09 20:45:00,506.68
2022-03-09 21:00:00,600.0
2022-03-09 21:15:00,563.68
2022-03-09 21:30:00,532.69
2022-03-09 21:45:00,461.46
2022-03-09 22:00:00,535.92
2022-03-09 22:15:00,532.69
2022-03-09 22:30:00,532.69
2022-03-09 22:45:00,501.41
2022-03-09 23:00:00,508.28
2022-03-09 23:15:00,478.04
2022-03-09 23:30:00,400.2
2022-03-09 23:45:00,380.12
2022-03-10 00:00:00,438.41
2022-03-10 00:15:00,415.0
2022-03-10 00:30:00,352.11
2022-03-10 00:45:00,390.11
2022-03-10 01:00:00,437.4
2022-03-10 01:15:00,415.0
2022-03-10 01:30:00,400.1
2022-03-10 01:45:00,306.95
2022-03-10 02:00:00,412.4
2022-03-10 02:15:00,400.11
2022-03-10 02:30:00,390.12
2022-03-10 02:45:00,366.87
2022-03-10 03:00:00,390.11
2022-03-10 03:15:00,383.6
2022-03-10 03:30:00,390.13
2022-03-10 03:45:00,400.12
2022-03-10 04:00:00,313.36
2022-03-10 04:15:00,380.11
2022-03-10 04:30:00,400.12
2022-03-10 04:45:00,438.41
2022-03-10 05:00:00,308.39
2022-03-10 05:15:00,379.17
2022-03-10 05:30:00,438.41
2022-03-10 05:45:00,472.11
2022-03-10 06:00:00,369.5
2022-03-10 06:15:00,470.1
2022-03-10 06:30:00,490.15
2022-03-10 06:45:00,550.17
2022-03-10 07:00:00,469.9
2022-03-10 07:15:00,530.17
2022-03-10 07:30:00,550.14
2022-03-10 07:45:00,540.15
2022-03-10 08:00:00,580.13
2022-03-10 08:15:00,540.11
2022-03-10 08:30:00,443.87
2022-03-10 08:45:00,438.41
2022-03-10 09:00:00,462.4
2022-03-10 09:15:00,437.58
2022-03-10 09:30:00,462.4
2022-03-10 09:45:00,437.4
2022-03-10 10:00:00,438.41
2022-03-10 10:15:00,438.41
2022-03-10 10:30:00,438.41
2022-03-10 10:45:00,404.78
2022-03-10 11:00:00,438.41
2022-03-10 11:15:00,438.41
2022-03-10 11:30:00,412.4
2022-03-10 11:45:00,374.12
2022-03-10 12:00:00,415.0
2022-03-10 12:15:00,412.4
2022-03-10 12:30:00,394.9
2022-03-10 12:45:00,357.7
2022-03-10 13:00:00,438.41
2022-03-10 13:15:00,415.0
2022-03-10 13:30:00,415.0
2022-03-10 13:45:00,242.01
2022-03-10 14:00:00,284.05
2022-03-10 14:15:00,397.9
2022-03-10 14:30:00,412.4
2022-03-10 14:45:00,412.4
2022-03-10 15:00:00,307.3
2022-03-10 15:15:00,404.4
2022-03-10 15:30:00,410.9
2022-03-10 15:45:00,437.4
2022-03-10 16:00:00,409.69
2022-03-10 16:15:00,440.1
2022-03-10 16:30:00,444.31
2022-03-10 16:45:00,458.22
2022-03-10 17:00:00,421.07
2022-03-10 17:15:00,437.4
2022-03-10 17:30:00,437.4
2022-03-10 17:45:00,450.0
2022-03-10 18:00:00,437.4
2022-03-10 18:15:00,462.4
2022-03-10 18:30:00,462.4
2022-03-10 18:45:00,462.4
2022-03-10 19:00:00,580.12
2022-03-10 19:15:00,499.97
2022-03-10 19:30:00,466.66
2022-03-10 19:45:00,437.4
2022-03-10 20:00:00,468.9
2022-03-10 20:15:00,453.07
2022-03-10 20:30:00,437.4
2022-03-10 20:45:00,396.9
2022-03-10 21:00:00,450.0
2022-03-10 21:15:00,441.89
2022-03-10 21:30:00,415.0
2022-03-10 21:45:00,230.25
2022-03-10 22:00:00,415.0
2022-03-10 22:15:00,438.41
2022-03-10 22:30:00,400.14
2022-03-10 22:45:00,210.68
2022-03-10 23:00:00,438.41
2022-03-10 23:15:00,410.18
2022-03-10 23:30:00,263.1
2022-03-10 23:45:00,165.01
2022-03-11 00:00:00,285.23
2022-03-11 00:15:00,284.86
2022-03-11 00:30:00,259.22
2022-03-11 00:45:00,250.72
2022-03-11 01:00:00,288.35
2022-03-11 01:15:00,285.23
2022-03-11 01:30:00,285.23
2022-03-11 01:45:00,181.41
2022-03-11 02:00:00,259.22
2022-03-11 02:15:00,244.83
2022-03-11 02:30:00,245.33
2022-03-11 02:45:00,244.33
2022-03-11 03:00:00,217.41
2022-03-11 03:15:00,256.22
2022-03-11 03:30:00,259.22
2022-03-11 03:45:00,259.22
2022-03-11 04:00:00,139.92
2022-03-11 04:15:00,259.22
2022-03-11 04:30:00,285.23
2022-03-11 04:45:00,311.91
2022-03-11 05:00:00,99.53
2022-03-11 05:15:00,278.32
2022-03-11 05:30:00,285.23
2022-03-11 05:45:00,450.0
2022-03-11 06:00:00,135.0
2022-03-11 06:15:00,357.95
2022-03-11 06:30:00,467.2
2022-03-11 06:45:00,468.09
2022-03-11 07:00:00,284.22
2022-03-11 07:15:00,385.71
2022-03-11 07:30:00,425.0
2022-03-11 07:45:00,425.0
2022-03-11 08:00:00,482.99
2022-03-11 08:15:00,409.59
2022-03-11 08:30:00,301.78
2022-03-11 08:45:00,285.23
2022-03-11 09:00:00,425.0
2022-03-11 09:15:00,327.71
2022-03-11 09:30:00,291.87
2022-03-11 09:45:00,285.23
2022-03-11 10:00:00,327.65
2022-03-11 10:15:00,288.08
2022-03-11 10:30:00,285.23
2022-03-11 10:45:00,259.22
2022-03-11 11:00:00,326.37
2022-03-11 11:15:00,320.37
2022-03-11 11:30:00,285.23
2022-03-11 11:45:00,259.22
2022-03-11 12:00:00,297.19
2022-03-11 12:15:00,285.23
2022-03-11 12:30:00,259.22
2022-03-11 12:45:00,252.15
2022-03-11 13:00:00,292.84
2022-03-11 13:15:00,285.23
2022-03-11 13:30:00,285.23
2022-03-11 13:45:00,259.22
2022-03-11 14:00:00,284.99
2022-03-11 14:15:00,285.23
2022-03-11 14:30:00,285.23
2022-03-11 14:45:00,285.23
2022-03-11 15:00:00,285.23
2022-03-11 15:15:00,285.23
2022-03-11 15:30:00,285.23
2022-03-11 15:45:00,287.32
2022-03-11 16:00:00,285.23
2022-03-11 16:15:00,285.23
2022-03-11 16:30:00,285.23
2022-03-11 16:45:00,301.85
2022-03-11 17:00:00,284.22
2022-03-11 17:15:00,285.23
2022-03-11 17:30:00,425.0
2022-03-11 17:45:00,435.24
2022-03-11 18:00:00,309.22
2022-03-11 18:15:00,425.0
2022-03-11 18:30:00,425.0
2022-03-11 18:45:00,300.95
2022-03-11 19:00:00,467.28
2022-03-11 19:15:00,467.21
2022-03-11 19:30:00,401.29
2022-03-11 19:45:00,284.22
2022-03-11 20:00:00,499.97
2022-03-11 20:15:00,438.38
2022-03-11 20:30:00,287.87
2022-03-11 20:45:00,284.22
2022-03-11 21:00:00,450.0
2022-03-11 21:15:00,425.0
2022-03-11 21:30:00,285.23
2022-03-11 21:45:00,169.45
2022-03-11 22:00:00,425.0
2022-03-11 22:15:00,323.22
2022-03-11 22:30:00,285.23
2022-03-11 22:45:00,246.22
2022-03-11 23:00:00,395.57
2022-03-11 23:15:00,285.23
2022-03-11 23:30:00,259.22
2022-03-11 23:45:00,140.24
2022-03-12 00:00:00,293.08
2022-03-12 00:15:00,265.0
2022-03-12 00:30:00,240.0
2022-03-12 00:45:00,202.77
2022-03-12 01:00:00,289.93
2022-03-12 01:15:00,267.07
2022-03-12 01:30:00,214.99
2022-03-12 01:45:00,165.0
2022-03-12 02:00:00,267.07
2022-03-12 02:15:00,247.99
2022-03-12 02:30:00,229.98
2022-03-12 02:45:00,214.94
2022-03-12 03:00:00,267.07
2022-03-12 03:15:00,242.99
2022-03-12 03:30:00,219.99
2022-03-12 03:45:00,214.95
2022-03-12 04:00:00,190.58
2022-03-12 04:15:00,224.96
2022-03-12 04:30:00,251.07
2022-03-12 04:45:00,253.57
2022-03-12 05:00:00,172.86
2022-03-12 05:15:00,229.95
2022-03-12 05:30:00,263.57
2022-03-12 05:45:00,293.08
2022-03-12 06:00:00,239.93
2022-03-12 06:15:00,267.07
2022-03-12 06:30:00,264.72
2022-03-12 06:45:00,293.08
2022-03-12 07:00:00,190.08
2022-03-12 07:15:00,254.92
2022-03-12 07:30:00,262.25
2022-03-12 07:45:00,293.08
2022-03-12 08:00:00,292.07
2022-03-12 08:15:00,267.07
2022-03-12 08:30:00,267.07
2022-03-12 08:45:00,246.37
2022-03-12 09:00:00,293.08
2022-03-12 09:15:00,293.08
2022-03-12 09:30:00,267.07
2022-03-12 09:45:00,209.21
2022-03-12 10:00:00,293.08
2022-03-12 10:15:00,274.98
2022-03-12 10:30:00,267.07
2022-03-12 10:45:00,239.92
2022-03-12 11:00:00,293.08
2022-03-12 11:15:00,293.08
2022-03-12 11:30:00,267.07
2022-03-12 11:45:00,209.97
2022-03-12 12:00:00,293.08
2022-03-12 12:15:00,290.32
2022-03-12 12:30:00,239.93
2022-03-12 12:45:00,176.85
2022-03-12 13:00:00,267.07
2022-03-12 13:15:00,254.94
2022-03-12 13:30:00,253.14
2022-03-12 13:45:00,225.0
2022-03-12 14:00:00,238.07
2022-03-12 14:15:00,229.96
2022-03-12 14:30:00,265.07
2022-03-12 14:45:00,267.07
2022-03-12 15:00:00,167.64
2022-03-12 15:15:00,246.57
2022-03-12 15:30:00,293.08
2022-03-12 15:45:00,293.08
2022-03-12 16:00:00,169.97
2022-03-12 16:15:00,235.37
2022-03-12 16:30:00,287.82
2022-03-12 16:45:00,308.91
2022-03-12 17:00:00,185.07
2022-03-12 17:15:00,267.07
2022-03-12 17:30:00,293.08
2022-03-12 17:45:00,374.88
2022-03-12 18:00:00,319.99
2022-03-12 18:15:00,339.9
2022-03-12 18:30:00,310.03
2022-03-12 18:45:00,309.98
2022-03-12 19:00:00,296.98
2022-03-12 19:15:00,293.08
2022-03-12 19:30:00,289.94
2022-03-12 19:45:00,230.0
2022-03-12 20:00:00,293.08
2022-03-12 20:15:00,289.97
2022-03-12 20:30:00,246.91
2022-03-12 20:45:00,170.06
2022-03-12 21:00:00,293.08
2022-03-12 21:15:00,282.15
2022-03-12 21:30:00,239.98
2022-03-12 21:45:00,185.0
2022-03-12 22:00:00,292.07
2022-03-12 22:15:00,249.98
2022-03-12 22:30:00,213.34
2022-03-12 22:45:00,164.9
2022-03-12 23:00:00,293.08
2022-03-12 23:15:00,293.08
2022-03-12 23:30:00,209.99
2022-03-12 23:45:00,189.95
2022-03-13 00:00:00,223.07
2022-03-13 00:15:00,219.95
2022-03-13 00:30:00,209.92
2022-03-13 00:45:00,184.12
2022-03-13 01:00:00,222.06
2022-03-13 01:15:00,197.06
2022-03-13 01:30:00,189.91
2022-03-13 01:45:00,157.6
2022-03-13 02:00:00,209.93
2022-03-13 02:15:00,197.06
2022-03-13 02:30:00,197.06
2022-03-13 02:45:00,163.66
2022-03-13 03:00:00,197.06
2022-03-13 03:15:00,197.06
2022-03-13 03:30:00,179.99
2022-03-13 03:45:00,192.31
2022-03-13 04:00:00,199.92
2022-03-13 04:15:00,197.06
2022-03-13 04:30:00,199.91
2022-03-13 04:45:00,199.92
2022-03-13 05:00:00,156.39
2022-03-13 05:15:00,170.0
2022-03-13 05:30:00,165.0
2022-03-13 05:45:00,165.59
2022-03-13 06:00:00,229.95
2022-03-13 06:15:00,236.53
2022-03-13 06:30:00,240.13
2022-03-13 06:45:00,249.9
2022-03-13 07:00:00,217.0
2022-03-13 07:15:00,223.07
2022-03-13 07:30:00,223.07
2022-03-13 07:45:00,229.91
2022-03-13 08:00:00,260.0
2022-03-13 08:15:00,236.5
2022-03-13 08:30:00,239.93
2022-03-13 08:45:00,239.93
2022-03-13 09:00:00,244.95
2022-03-13 09:15:00,242.11
2022-03-13 09:30:00,229.93
2022-03-13 09:45:00,223.07
2022-03-13 10:00:00,253.96
2022-03-13 10:15:00,239.92
2022-03-13 10:30:00,223.07
2022-03-13 10:45:00,223.07
2022-03-13 11:00:00,239.97
2022-03-13 11:15:00,240.3
2022-03-13 11:30:00,239.9
2022-03-13 11:45:00,219.96
2022-03-13 12:00:00,239.97
2022-03-13 12:15:00,223.07
2022-03-13 12:30:00,223.07
2022-03-13 12:45:00,196.55
2022-03-13 13:00:00,223.07
2022-03-13 13:15:00,209.95
2022-03-13 13:30:00,209.94
2022-03-13 13:45:00,209.26
2022-03-13 14:00:00,199.93
2022-03-13 14:15:00,203.59
2022-03-13 14:30:00,209.96
2022-03-13 14:45:00,223.07
2022-03-13 15:00:00,159.96
2022-03-13 15:15:00,219.94
2022-03-13 15:30:00,229.99
2022-03-13 15:45:00,247.46
2022-03-13 16:00:00,119.98
2022-03-13 16:15:00,199.95
2022-03-13 16:30:00,227.38
2022-03-13 16:45:00,254.98
2022-03-13 17:00:00,169.95
2022-03-13 17:15:00,223.07
2022-03-13 17:30:00,267.18
2022-03-13 17:45:00,320.0
2022-03-13 18:00:00,249.99
2022-03-13 18:15:00,336.39
2022-03-13 18:30:00,396.76
2022-03-13 18:45:00,396.76
2022-03-13 19:00:00,257.85
2022-03-13 19:15:00,289.9
2022-03-13 19:30:00,260.0
2022-03-13 19:45:00,248.85
2022-03-13 20:00:00,285.0
2022-03-13 20:15:00,247.3
2022-03-13 20:30:00,245.0
2022-03-13 20:45:00,223.07
2022-03-13 21:00:00,400.04
2022-03-13 21:15:00,325.08
2022-03-13 21:30:00,242.98
2022-03-13 21:45:00,229.98
2022-03-13 22:00:00,240.0
2022-03-13 22:15:00,255.14
2022-03-13 22:30:00,235.1
2022-03-13 22:45:00,223.07
2022-03-13 23:00:00,279.98
2022-03-13 23:15:00,269.96
2022-03-13 23:30:00,249.92
2022-03-13 23:45:00,239.91
2022-03-14 00:00:00,259.95
2022-03-14 00:15:00,249.92
2022-03-14 00:30:00,225.47
2022-03-14 00:45:00,204.97
2022-03-14 01:00:00,249.93
2022-03-14 01:15:00,249.94
2022-03-14 01:30:00,214.97
2022-03-14 01:45:00,204.93
2022-03-14 02:00:00,230.28
2022-03-14 02:15:00,224.99
2022-03-14 02:30:00,249.9
2022-03-14 02:45:00,214.96
2022-03-14 03:00:00,224.96
2022-03-14 03:15:00,245.21
2022-03-14 03:30:00,219.97
2022-03-14 03:45:00,249.91
2022-03-14 04:00:00,184.17
2022-03-14 04:15:00,209.95
2022-03-14 04:30:00,259.92
2022-03-14 04:45:00,289.97
2022-03-14 05:00:00,130.0
2022-03-14 05:15:00,241.98
2022-03-14 05:30:00,290.0
2022-03-14 05:45:00,338.23
2022-03-14 06:00:00,279.9
2022-03-14 06:15:00,318.51
2022-03-14 06:30:00,374.39
2022-03-14 06:45:00,411.2
2022-03-14 07:00:00,346.12
2022-03-14 07:15:00,379.96
2022-03-14 07:30:00,369.99
2022-03-14 07:45:00,399.92
2022-03-14 08:00:00,459.92
2022-03-14 08:15:00,399.99
2022-03-14 08:30:00,365.28
2022-03-14 08:45:00,329.93
2022-03-14 09:00:00,398.5
2022-03-14 09:15:00,343.51
2022-03-14 09:30:00,318.51
2022-03-14 09:45:00,299.19
2022-03-14 10:00:00,328.61
2022-03-14 10:15:00,322.37
2022-03-14 10:30:00,319.52
2022-03-14 10:45:00,293.51
2022-03-14 11:00:00,339.91
2022-03-14 11:15:00,319.97
2022-03-14 11:30:00,319.52
2022-03-14 11:45:00,319.52
2022-03-14 12:00:00,319.52
2022-03-14 12:15:00,304.99
2022-03-14 12:30:00,319.52
2022-03-14 12:45:00,295.0
2022-03-14 13:00:00,309.92
2022-03-14 13:15:00,319.52
2022-03-14 13:30:00,319.52
2022-03-14 13:45:00,319.52
2022-03-14 14:00:00,279.98
2022-03-14 14:15:00,319.52
2022-03-14 14:30:00,319.94
2022-03-14 14:45:00,334.92
2022-03-14 15:00:00,260.87
2022-03-14 15:15:00,309.97
2022-03-14 15:30:00,320.0
2022-03-14 15:45:00,335.0
2022-03-14 16:00:00,302.62
2022-03-14 16:15:00,319.52
2022-03-14 16:30:00,328.74
2022-03-14 16:45:00,342.18
2022-03-14 17:00:00,293.99
2022-03-14 17:15:00,325.0
2022-03-14 17:30:00,345.47
2022-03-14 17:45:00,415.38
2022-03-14 18:00:00,369.95
2022-03-14 18:15:00,399.98
2022-03-14 18:30:00,460.07
2022-03-14 18:45:00,430.0
2022-03-14 19:00:00,536.88
2022-03-14 19:15:00,499.97
2022-03-14 19:30:00,330.18
2022-03-14 19:45:00,318.51
2022-03-14 20:00:00,429.93
2022-03-14 20:15:00,380.0
2022-03-14 20:30:00,340.0
2022-03-14 20:45:00,305.0
2022-03-14 21:00:00,390.0
2022-03-14 21:15:00,359.95
2022-03-14 21:30:00,329.95
2022-03-14 21:45:00,299.9
2022-03-14 22:00:00,349.98
2022-03-14 22:15:00,330.0
2022-03-14 22:30:00,319.52
2022-03-14 22:45:00,319.52
2022-03-14 23:00:00,339.97
2022-03-14 23:15:00,319.98
2022-03-14 23:30:00,299.98
2022-03-14 23:45:00,289.97
2022-03-15 00:00:00,316.77
2022-03-15 00:15:00,280.0
2022-03-15 00:30:00,246.99
2022-03-15 00:45:00,205.0
2022-03-15 01:00:00,307.77
2022-03-15 01:15:00,275.74
2022-03-15 01:30:00,215.0
2022-03-15 01:45:00,196.66
2022-03-15 02:00:00,264.99
2022-03-15 02:15:00,234.17
2022-03-15 02:30:00,249.91
2022-03-15 02:45:00,244.9
2022-03-15 03:00:00,210.0
2022-03-15 03:15:00,244.91
2022-03-15 03:30:00,244.92
2022-03-15 03:45:00,249.93
2022-03-15 04:00:00,195.0
2022-03-15 04:15:00,215.17
2022-03-15 04:30:00,254.96
2022-03-15 04:45:00,319.91
2022-03-15 05:00:00,172.57
2022-03-15 05:15:00,234.99
2022-03-15 05:30:00,342.78
2022-03-15 05:45:00,360.0
2022-03-15 06:00:00,192.33
2022-03-15 06:15:00,339.95
2022-03-15 06:30:00,360.0
2022-03-15 06:45:00,381.69
2022-03-15 07:00:00,322.16
2022-03-15 07:15:00,341.77
2022-03-15 07:30:00,360.0
2022-03-15 07:45:00,360.0
2022-03-15 08:00:00,341.77
2022-03-15 08:15:00,335.04
2022-03-15 08:30:00,323.27
2022-03-15 08:45:00,307.78
2022-03-15 09:00:00,341.77
2022-03-15 09:15:00,341.77
2022-03-15 09:30:00,326.37
2022-03-15 09:45:00,290.04
2022-03-15 10:00:00,341.77
2022-03-15 10:15:00,336.27
2022-03-15 10:30:00,309.77
2022-03-15 10:45:00,283.94
2022-03-15 11:00:00,341.77
2022-03-15 11:15:00,340.0
2022-03-15 11:30:00,295.08
2022-03-15 11:45:00,275.94
2022-03-15 12:00:00,341.77
2022-03-15 12:15:00,295.1
2022-03-15 12:30:00,306.33
2022-03-15 12:45:00,316.77
2022-03-15 13:00:00,341.77
2022-03-15 13:15:00,316.77
2022-03-15 13:30:00,295.27
2022-03-15 13:45:00,271.12
2022-03-15 14:00:00,308.92
2022-03-15 14:15:00,292.42
2022-03-15 14:30:00,316.77
2022-03-15 14:45:00,341.77
2022-03-15 15:00:00,307.22
2022-03-15 15:15:00,308.22
2022-03-15 15:30:00,340.0
2022-03-15 15:45:00,341.77
2022-03-15 16:00:00,318.82
2022-03-15 16:15:00,322.82
2022-03-15 16:30:00,324.57
2022-03-15 16:45:00,341.77
2022-03-15 17:00:00,290.91
2022-03-15 17:15:00,335.0
2022-03-15 17:30:00,341.77
2022-03-15 17:45:00,360.0
2022-03-15 18:00:00,341.77
2022-03-15 18:15:00,360.0
2022-03-15 18:30:00,360.0
2022-03-15 18:45:00,358.13
2022-03-15 19:00:00,457.01
2022-03-15 19:15:00,388.75
2022-03-15 19:30:00,360.0
2022-03-15 19:45:00,300.08
2022-03-15 20:00:00,380.07
2022-03-15 20:15:00,355.8
2022-03-15 20:30:00,341.77
2022-03-15 20:45:00,250.09
2022-03-15 21:00:00,366.77
2022-03-15 21:15:00,345.0
2022-03-15 21:30:00,320.91
2022-03-15 21:45:00,250.05
2022-03-15 22:00:00,350.0
2022-03-15 22:15:00,342.78
2022-03-15 22:30:00,315.44
2022-03-15 22:45:00,240.66
2022-03-15 23:00:00,341.77
2022-03-15 23:15:00,318.91
2022-03-15 23:30:00,280.0
2022-03-15 23:45:00,196.62
2022-03-16 00:00:00,294.96
2022-03-16 00:15:00,269.93
2022-03-16 00:30:00,251.05
2022-03-16 00:45:00,229.99
2022-03-16 01:00:00,274.98
2022-03-16 01:15:00,259.97
2022-03-16 01:30:00,251.05
2022-03-16 01:45:00,234.97
2022-03-16 02:00:00,264.93
2022-03-16 02:15:00,251.05
2022-03-16 02:30:00,251.05
2022-03-16 02:45:00,251.05
2022-03-16 03:00:00,251.05
2022-03-16 03:15:00,246.0
2022-03-16 03:30:00,251.05
2022-03-16 03:45:00,251.77
2022-03-16 04:00:00,225.04
2022-03-16 04:15:00,229.91
2022-03-16 04:30:00,250.04
2022-03-16 04:45:00,267.77
2022-03-16 05:00:00,197.57
2022-03-16 05:15:00,251.05
2022-03-16 05:30:00,297.07
2022-03-16 05:45:00,340.0
2022-03-16 06:00:00,204.98
2022-03-16 06:15:00,268.74
2022-03-16 06:30:00,340.0
2022-03-16 06:45:00,389.99
2022-03-16 07:00:00,259.05
2022-03-16 07:15:00,339.9
2022-03-16 07:30:00,361.72
2022-03-16 07:45:00,340.0
2022-03-16 08:00:00,320.93
2022-03-16 08:15:00,298.04
2022-03-16 08:30:00,320.0
2022-03-16 08:45:00,265.02
2022-03-16 09:00:00,292.79
2022-03-16 09:15:00,280.05
2022-03-16 09:30:00,275.04
2022-03-16 09:45:00,250.04
2022-03-16 10:00:00,280.09
2022-03-16 10:15:00,275.04
2022-03-16 10:30:00,260.83
2022-03-16 10:45:00,250.04
2022-03-16 11:00:00,251.05
2022-03-16 11:15:00,251.05
2022-03-16 11:30:00,251.05
2022-03-16 11:45:00,235.0
2022-03-16 12:00:00,251.05
2022-03-16 12:15:00,251.05
2022-03-16 12:30:00,230.13
2022-03-16 12:45:00,220.0
2022-03-16 13:00:00,252.59
2022-03-16 13:15:00,251.05
2022-03-16 13:30:00,250.0
2022-03-16 13:45:00,210.09
2022-03-16 14:00:00,230.0
2022-03-16 14:15:00,245.0
2022-03-16 14:30:00,250.01
2022-03-16 14:45:00,225.04
2022-03-16 15:00:00,224.87
2022-03-16 15:15:00,225.04
2022-03-16 15:30:00,251.05
2022-03-16 15:45:00,251.05
2022-03-16 16:00:00,251.05
2022-03-16 16:15:00,251.05
2022-03-16 16:30:00,251.05
2022-03-16 16:45:00,285.49
2022-03-16 17:00:00,250.04
2022-03-16 17:15:00,251.05
2022-03-16 17:30:00,310.03
2022-03-16 17:45:00,340.0
2022-03-16 18:00:00,275.04
2022-03-16 18:15:00,315.06
2022-03-16 18:30:00,340.0
2022-03-16 18:45:00,310.06
2022-03-16 19:00:00,357.63
2022-03-16 19:15:00,340.0
2022-03-16 19:30:00,295.05
2022-03-16 19:45:00,250.04
2022-03-16 20:00:00,369.9
2022-03-16 20:15:00,313.99
2022-03-16 20:30:00,270.03
2022-03-16 20:45:00,250.04
2022-03-16 21:00:00,355.0
2022-03-16 21:15:00,333.69
2022-03-16 21:30:00,251.05
2022-03-16 21:45:00,224.04
2022-03-16 22:00:00,329.51
2022-03-16 22:15:00,300.0
2022-03-16 22:30:00,251.05
2022-03-16 22:45:00,225.04
2022-03-16 23:00:00,294.9
2022-03-16 23:15:00,257.0
2022-03-16 23:30:00,225.04
2022-03-16 23:45:00,175.06
2022-03-17 00:00:00,252.27
2022-03-17 00:15:00,225.49
2022-03-17 00:30:00,170.0
2022-03-17 00:45:00,150.0
2022-03-17 01:00:00,250.29
2022-03-17 01:15:00,224.96
2022-03-17 01:30:00,180.0
2022-03-17 01:45:00,144.76
2022-03-17 02:00:00,238.98
2022-03-17 02:15:00,200.0
2022-03-17 02:30:00,190.0
2022-03-17 02:45:00,180.0
2022-03-17 03:00:00,224.9
2022-03-17 03:15:00,185.0
2022-03-17 03:30:00,192.8
2022-03-17 03:45:00,192.67
2022-03-17 04:00:00,165.0
2022-03-17 04:15:00,175.1
2022-03-17 04:30:00,224.96
2022-03-17 04:45:00,255.0
2022-03-17 05:00:00,140.0
2022-03-17 05:15:00,175.17
2022-03-17 05:30:00,270.0
2022-03-17 05:45:00,290.99
2022-03-17 06:00:00,200.81
2022-03-17 06:15:00,277.27
2022-03-17 06:30:00,285.05
2022-03-17 06:45:00,325.04
2022-03-17 07:00:00,278.28
2022-03-17 07:15:00,302.27
2022-03-17 07:30:00,302.27
2022-03-17 07:45:00,299.75
2022-03-17 08:00:00,302.27
2022-03-17 08:15:00,277.27
2022-03-17 08:30:00,277.27
2022-03-17 08:45:00,265.0
2022-03-17 09:00:00,285.01
2022-03-17 09:15:00,277.27
2022-03-17 09:30:00,277.27
2022-03-17 09:45:00,259.99
2022-03-17 10:00:00,271.09
2022-03-17 10:15:00,270.0
2022-03-17 10:30:00,252.27
2022-03-17 10:45:00,238.91
2022-03-17 11:00:00,277.27
2022-03-17 11:15:00,270.0
2022-03-17 11:30:00,252.27
2022-03-17 11:45:00,228.94
2022-03-17 12:00:00,278.28
2022-03-17 12:15:00,270.0
2022-03-17 12:30:00,236.03
2022-03-17 12:45:00,230.1
2022-03-17 13:00:00,270.0
2022-03-17 13:15:00,270.0
2022-03-17 13:30:00,250.0
2022-03-17 13:45:00,243.2
2022-03-17 14:00:00,239.58
2022-03-17 14:15:00,250.0
2022-03-17 14:30:00,252.27
2022-03-17 14:45:00,252.27
2022-03-17 15:00:00,234.92
2022-03-17 15:15:00,250.09
2022-03-17 15:30:00,277.27
2022-03-17 15:45:00,276.43
2022-03-17 16:00:00,255.0
2022-03-17 16:15:00,270.58
2022-03-17 16:30:00,277.27
2022-03-17 16:45:00,302.27
2022-03-17 17:00:00,260.0
2022-03-17 17:15:00,277.27
2022-03-17 17:30:00,297.25
2022-03-17 17:45:00,305.31
2022-03-17 18:00:00,294.12
2022-03-17 18:15:00,329.13
2022-03-17 18:30:00,335.21
2022-03-17 18:45:00,318.28
2022-03-17 19:00:00,393.29
2022-03-17 19:15:00,358.35
2022-03-17 19:30:00,310.08
2022-03-17 19:45:00,278.28
2022-03-17 20:00:00,350.03
2022-03-17 20:15:00,310.06
2022-03-17 20:30:00,285.1
2022-03-17 20:45:00,265.09
2022-03-17 21:00:00,346.48
2022-03-17 21:15:00,315.76
2022-03-17 21:30:00,277.27
2022-03-17 21:45:00,240.09
2022-03-17 22:00:00,304.27
2022-03-17 22:15:00,305.0
2022-03-17 22:30:00,276.77
2022-03-17 22:45:00,245.0
2022-03-17 23:00:00,285.1
2022-03-17 23:15:00,278.28
2022-03-17 23:30:00,252.27
2022-03-17 23:45:00,229.92
2022-03-18 00:00:00,250.0
2022-03-18 00:15:00,237.27
2022-03-18 00:30:00,211.26
2022-03-18 00:45:00,203.72
2022-03-18 01:00:00,240.0
2022-03-18 01:15:00,225.0
2022-03-18 01:30:00,210.0
2022-03-18 01:45:00,200.0
2022-03-18 02:00:00,230.0
2022-03-18 02:15:00,218.95
2022-03-18 02:30:00,210.0
2022-03-18 02:45:00,200.0
2022-03-18 03:00:00,210.0
2022-03-18 03:15:00,201.15
2022-03-18 03:30:00,208.15
2022-03-18 03:45:00,211.26
2022-03-18 04:00:00,190.0
2022-03-18 04:15:00,207.76
2022-03-18 04:30:00,226.83
2022-03-18 04:45:00,245.0
2022-03-18 05:00:00,164.91
2022-03-18 05:15:00,234.94
2022-03-18 05:30:00,261.26
2022-03-18 05:45:00,326.19
2022-03-18 06:00:00,205.0
2022-03-18 06:15:00,250.0
2022-03-18 06:30:00,310.0
2022-03-18 06:45:00,351.23
2022-03-18 07:00:00,261.26
2022-03-18 07:15:00,280.06
2022-03-18 07:30:00,314.82
2022-03-18 07:45:00,316.97
2022-03-18 08:00:00,319.16
2022-03-18 08:15:00,316.92
2022-03-18 08:30:00,295.0
2022-03-18 08:45:00,252.74
2022-03-18 09:00:00,310.0
2022-03-18 09:15:00,265.43
2022-03-18 09:30:00,272.43
2022-03-18 09:45:00,247.67
2022-03-18 10:00:00,296.42
2022-03-18 10:15:00,261.26
2022-03-18 10:30:00,250.0
2022-03-18 10:45:00,236.26
2022-03-18 11:00:00,255.0
2022-03-18 11:15:00,250.0
2022-03-18 11:30:00,237.47
2022-03-18 11:45:00,229.91
2022-03-18 12:00:00,250.0
2022-03-18 12:15:00,237.27
2022-03-18 12:30:00,237.27
2022-03-18 12:45:00,210.0
2022-03-18 13:00:00,249.98
2022-03-18 13:15:00,237.27
2022-03-18 13:30:00,237.27
2022-03-18 13:45:00,212.18
2022-03-18 14:00:00,237.27
2022-03-18 14:15:00,220.0
2022-03-18 14:30:00,230.0
2022-03-18 14:45:00,235.07
2022-03-18 15:00:00,211.26
2022-03-18 15:15:00,220.08
2022-03-18 15:30:00,237.27
2022-03-18 15:45:00,246.1
2022-03-18 16:00:00,212.89
2022-03-18 16:15:00,235.08
2022-03-18 16:30:00,236.26
2022-03-18 16:45:00,261.26
2022-03-18 17:00:00,236.26
2022-03-18 17:15:00,252.3
2022-03-18 17:30:00,263.82
2022-03-18 17:45:00,282.82
2022-03-18 18:00:00,270.13
2022-03-18 18:15:00,281.13
2022-03-18 18:30:00,280.07
2022-03-18 18:45:00,280.04
2022-03-18 19:00:00,335.0
2022-03-18 19:15:00,279.47
2022-03-18 19:30:00,261.26
2022-03-18 19:45:00,236.26
2022-03-18 20:00:00,325.1
2022-03-18 20:15:00,290.06
2022-03-18 20:30:00,250.0
2022-03-18 20:45:00,225.07
2022-03-18 21:00:00,285.09
2022-03-18 21:15:00,261.26
2022-03-18 21:30:00,236.26
2022-03-18 21:45:00,200.04
2022-03-18 22:00:00,250.0
2022-03-18 22:15:00,247.35
2022-03-18 22:30:00,220.01
2022-03-18 22:45:00,175.09
2022-03-18 23:00:00,250.0
2022-03-18 23:15:00,230.07
2022-03-18 23:30:00,200.01
2022-03-18 23:45:00,157.96
2022-03-19 00:00:00,215.19
2022-03-19 00:15:00,200.0
2022-03-19 00:30:00,185.8
2022-03-19 00:45:00,194.74
2022-03-19 01:00:00,210.0
2022-03-19 01:15:00,194.74
2022-03-19 01:30:00,178.09
2022-03-19 01:45:00,160.35
2022-03-19 02:00:00,204.92
2022-03-19 02:15:00,194.74
2022-03-19 02:30:00,194.74
2022-03-19 02:45:00,179.94
2022-03-19 03:00:00,194.74
2022-03-19 03:15:00,194.74
2022-03-19 03:30:00,193.75
2022-03-19 03:45:00,189.92
2022-03-19 04:00:00,189.92
2022-03-19 04:15:00,194.74
2022-03-19 04:30:00,194.74
2022-03-19 04:45:00,194.74
2022-03-19 05:00:00,150.31
2022-03-19 05:15:00,194.74
2022-03-19 05:30:00,194.74
2022-03-19 05:45:00,216.01
2022-03-19 06:00:00,185.1
2022-03-19 06:15:00,194.74
2022-03-19 06:30:00,205.0
2022-03-19 06:45:00,239.18
2022-03-19 07:00:00,200.04
2022-03-19 07:15:00,196.64
2022-03-19 07:30:00,225.0
2022-03-19 07:45:00,230.0
2022-03-19 08:00:00,211.13
2022-03-19 08:15:00,194.74
2022-03-19 08:30:00,210.0
2022-03-19 08:45:00,208.36
2022-03-19 09:00:00,224.22
2022-03-19 09:15:00,225.0
2022-03-19 09:30:00,195.0
2022-03-19 09:45:00,189.99
2022-03-19 10:00:00,215.0
2022-03-19 10:15:00,205.0
2022-03-19 10:30:00,196.54
2022-03-19 10:45:00,194.74
2022-03-19 11:00:00,214.72
2022-03-19 11:15:00,207.52
2022-03-19 11:30:00,194.74
2022-03-19 11:45:00,179.92
2022-03-19 12:00:00,225.33
2022-03-19 12:15:00,200.0
2022-03-19 12:30:00,194.74
2022-03-19 12:45:00,165.1
2022-03-19 13:00:00,200.0
2022-03-19 13:15:00,190.0
2022-03-19 13:30:00,190.0
2022-03-19 13:45:00,190.0
2022-03-19 14:00:00,168.73
2022-03-19 14:15:00,175.0
2022-03-19 14:30:00,176.66
2022-03-19 14:45:00,193.73
2022-03-19 15:00:00,145.4
2022-03-19 15:15:00,175.0
2022-03-19 15:30:00,194.74
2022-03-19 15:45:00,210.06
2022-03-19 16:00:00,174.65
2022-03-19 16:15:00,194.74
2022-03-19 16:30:00,214.26
2022-03-19 16:45:00,230.02
2022-03-19 17:00:00,180.0
2022-03-19 17:15:00,194.74
2022-03-19 17:30:00,230.0
2022-03-19 17:45:00,240.1
2022-03-19 18:00:00,243.48
2022-03-19 18:15:00,240.06
2022-03-19 18:30:00,230.0
2022-03-19 18:45:00,201.6
2022-03-19 19:00:00,294.63
2022-03-19 19:15:00,240.08
2022-03-19 19:30:00,224.95
2022-03-19 19:45:00,194.74
2022-03-19 20:00:00,230.07
2022-03-19 20:15:00,220.84
2022-03-19 20:30:00,194.74
2022-03-19 20:45:00,178.38
2022-03-19 21:00:00,194.74
2022-03-19 21:15:00,193.73
2022-03-19 21:30:00,155.1
2022-03-19 21:45:00,144.0
2022-03-19 22:00:00,194.74
2022-03-19 22:15:00,185.05
2022-03-19 22:30:00,150.09
2022-03-19 22:45:00,142.05
2022-03-19 23:00:00,193.73
2022-03-19 23:15:00,164.01
2022-03-19 23:30:00,125.02
2022-03-19 23:45:00,104.78
2022-03-20 00:00:00,189.94
2022-03-20 00:15:00,174.94
2022-03-20 00:30:00,162.1
2022-03-20 00:45:00,154.99
2022-03-20 01:00:00,184.42
2022-03-20 01:15:00,162.1
2022-03-20 01:30:00,162.1
2022-03-20 01:45:00,140.0
2022-03-20 02:00:00,190.22
2022-03-20 02:15:00,174.47
2022-03-20 02:30:00,174.47
2022-03-20 02:45:00,162.1
2022-03-20 03:00:00,187.61
2022-03-20 03:15:00,171.71
2022-03-20 03:30:00,168.84
2022-03-20 03:45:00,166.67
2022-03-20 04:00:00,173.01
2022-03-20 04:15:00,174.93
2022-03-20 04:30:00,175.41
2022-03-20 04:45:00,176.85
2022-03-20 05:00:00,165.48
2022-03-20 05:15:00,171.24
2022-03-20 05:30:00,168.84
2022-03-20 05:45:00,169.8
2022-03-20 06:00:00,174.43
2022-03-20 06:15:00,175.0
2022-03-20 06:30:00,182.83
2022-03-20 06:45:00,180.91
2022-03-20 07:00:00,180.1
2022-03-20 07:15:00,196.12
2022-03-20 07:30:00,199.91
2022-03-20 07:45:00,179.95
2022-03-20 08:00:00,195.0
2022-03-20 08:15:00,195.0
2022-03-20 08:30:00,210.12
2022-03-20 08:45:00,177.71
2022-03-20 09:00:00,209.93
2022-03-20 09:15:00,204.98
2022-03-20 09:30:00,195.02
2022-03-20 09:45:00,162.1
2022-03-20 10:00:00,209.95
2022-03-20 10:15:00,194.95
2022-03-20 10:30:00,193.9
2022-03-20 10:45:00,181.2
2022-03-20 11:00:00,229.95
2022-03-20 11:15:00,184.99
2022-03-20 11:30:00,174.98
2022-03-20 11:45:00,164.94
2022-03-20 12:00:00,214.98
2022-03-20 12:15:00,168.28
2022-03-20 12:30:00,162.1
2022-03-20 12:45:00,161.09
2022-03-20 13:00:00,182.87
2022-03-20 13:15:00,173.27
2022-03-20 13:30:00,169.9
2022-03-20 13:45:00,162.1
2022-03-20 14:00:00,159.96
2022-03-20 14:15:00,162.1
2022-03-20 14:30:00,162.1
2022-03-20 14:45:00,166.43
2022-03-20 15:00:00,118.12
2022-03-20 15:15:00,165.47
2022-03-20 15:30:00,194.93
2022-03-20 15:45:00,204.92
2022-03-20 16:00:00,79.99
2022-03-20 16:15:00,162.1
2022-03-20 16:30:00,221.67
2022-03-20 16:45:00,239.97
2022-03-20 17:00:00,109.98
2022-03-20 17:15:00,162.1
2022-03-20 17:30:00,273.68
2022-03-20 17:45:00,320.0
2022-03-20 18:00:00,180.0
2022-03-20 18:15:00,223.92
2022-03-20 18:30:00,270.0
2022-03-20 18:45:00,329.91
2022-03-20 19:00:00,250.0
2022-03-20 19:15:00,265.0
2022-03-20 19:30:00,265.0
2022-03-20 19:45:00,228.7
2022-03-20 20:00:00,285.0
2022-03-20 20:15:00,225.1
2022-03-20 20:30:00,250.0
2022-03-20 20:45:00,162.1
2022-03-20 21:00:00,235.0
2022-03-20 21:15:00,220.0
2022-03-20 21:30:00,195.98
2022-03-20 21:45:00,173.32
2022-03-20 22:00:00,220.0
2022-03-20 22:15:00,210.0
2022-03-20 22:30:00,200.0
2022-03-20 22:45:00,188.64
2022-03-20 23:00:00,217.65
2022-03-20 23:15:00,200.0
2022-03-20 23:30:00,178.65
2022-03-20 23:45:00,162.1
2022-03-21 00:00:00,210.0
2022-03-21 00:15:00,206.51
2022-03-21 00:30:00,192.0
2022-03-21 00:45:00,179.97
2022-03-21 01:00:00,201.52
2022-03-21 01:15:00,189.97
2022-03-21 01:30:00,179.92
2022-03-21 01:45:00,174.91
2022-03-21 02:00:00,206.51
2022-03-21 02:15:00,200.73
2022-03-21 02:30:00,204.92
2022-03-21 02:45:00,184.23
2022-03-21 03:00:00,198.97
2022-03-21 03:15:00,201.97
2022-03-21 03:30:00,204.9
2022-03-21 03:45:00,206.51
2022-03-21 04:00:00,164.98
2022-03-21 04:15:00,194.21
2022-03-21 04:30:00,206.51
2022-03-21 04:45:00,232.52
2022-03-21 05:00:00,130.15
2022-03-21 05:15:00,194.99
2022-03-21 05:30:00,239.98
2022-03-21 05:45:00,299.94
2022-03-21 06:00:00,209.92
2022-03-21 06:15:00,236.14
2022-03-21 06:30:00,309.94
2022-03-21 06:45:00,300.0
2022-03-21 07:00:00,237.08
2022-03-21 07:15:00,304.98
2022-03-21 07:30:00,294.59
2022-03-21 07:45:00,269.0
2022-03-21 08:00:00,280.09
2022-03-21 08:15:00,272.06
2022-03-21 08:30:00,237.58
2022-03-21 08:45:00,231.51
2022-03-21 09:00:00,256.51
2022-03-21 09:15:00,231.51
2022-03-21 09:30:00,229.95
2022-03-21 09:45:00,193.05
2022-03-21 10:00:00,231.51
2022-03-21 10:15:00,221.97
2022-03-21 10:30:00,206.51
2022-03-21 10:45:00,182.92
2022-03-21 11:00:00,232.52
2022-03-21 11:15:00,232.52
2022-03-21 11:30:00,206.51
2022-03-21 11:45:00,188.45
2022-03-21 12:00:00,220.14
2022-03-21 12:15:00,206.51
2022-03-21 12:30:00,197.77
2022-03-21 12:45:00,191.77
2022-03-21 13:00:00,206.51
2022-03-21 13:15:00,206.09
2022-03-21 13:30:00,206.51
2022-03-21 13:45:00,205.0
2022-03-21 14:00:00,189.92
2022-03-21 14:15:00,206.51
2022-03-21 14:30:00,206.51
2022-03-21 14:45:00,213.35
2022-03-21 15:00:00,179.9
2022-03-21 15:15:00,215.09
2022-03-21 15:30:00,210.1
2022-03-21 15:45:00,232.52
2022-03-21 16:00:00,199.92
2022-03-21 16:15:00,232.52
2022-03-21 16:30:00,247.41
2022-03-21 16:45:00,266.57
2022-03-21 17:00:00,229.9
2022-03-21 17:15:00,232.52
2022-03-21 17:30:00,276.49
2022-03-21 17:45:00,325.09
2022-03-21 18:00:00,231.51
2022-03-21 18:15:00,265.05
2022-03-21 18:30:00,316.43
2022-03-21 18:45:00,305.09
2022-03-21 19:00:00,348.87
2022-03-21 19:15:00,295.01
2022-03-21 19:30:00,260.07
2022-03-21 19:45:00,240.04
2022-03-21 20:00:00,347.03
2022-03-21 20:15:00,285.01
2022-03-21 20:30:00,255.04
2022-03-21 20:45:00,220.08
2022-03-21 21:00:00,287.34
2022-03-21 21:15:00,255.09
2022-03-21 21:30:00,235.06
2022-03-21 21:45:00,206.51
2022-03-21 22:00:00,268.55
2022-03-21 22:15:00,245.08
2022-03-21 22:30:00,232.52
2022-03-21 22:45:00,232.52
2022-03-21 23:00:00,252.67
2022-03-21 23:15:00,236.12
2022-03-21 23:30:00,225.21
2022-03-21 23:45:00,190.0
2022-03-22 00:00:00,245.97
2022-03-22 00:15:00,225.05
2022-03-22 00:30:00,200.03
2022-03-22 00:45:00,175.66
2022-03-22 01:00:00,244.96
2022-03-22 01:15:00,217.92
2022-03-22 01:30:00,200.05
2022-03-22 01:45:00,162.45
2022-03-22 02:00:00,220.07
2022-03-22 02:15:00,210.06
2022-03-22 02:30:00,200.09
2022-03-22 02:45:00,190.48
2022-03-22 03:00:00,195.09
2022-03-22 03:15:00,195.09
2022-03-22 03:30:00,218.83
2022-03-22 03:45:00,207.33
2022-03-22 04:00:00,169.32
2022-03-22 04:15:00,185.1
2022-03-22 04:30:00,219.96
2022-03-22 04:45:00,244.96
2022-03-22 05:00:00,140.04
2022-03-22 05:15:00,212.44
2022-03-22 05:30:00,244.96
2022-03-22 05:45:00,285.09
2022-03-22 06:00:00,183.03
2022-03-22 06:15:00,245.97
2022-03-22 06:30:00,319.92
2022-03-22 06:45:00,339.97
2022-03-22 07:00:00,265.1
2022-03-22 07:15:00,293.56
2022-03-22 07:30:00,305.31
2022-03-22 07:45:00,275.05
2022-03-22 08:00:00,295.05
2022-03-22 08:15:00,269.96
2022-03-22 08:30:00,269.96
2022-03-22 08:45:00,241.03
2022-03-22 09:00:00,250.5
2022-03-22 09:15:00,245.97
2022-03-22 09:30:00,230.08
2022-03-22 09:45:00,211.4
2022-03-22 10:00:00,245.07
2022-03-22 10:15:00,235.05
2022-03-22 10:30:00,219.96
2022-03-22 10:45:00,184.69
2022-03-22 11:00:00,238.71
2022-03-22 11:15:00,230.0
2022-03-22 11:30:00,219.96
2022-03-22 11:45:00,180.5
2022-03-22 12:00:00,230.08
2022-03-22 12:15:00,219.96
2022-03-22 12:30:00,190.63
2022-03-22 12:45:00,185.06
2022-03-22 13:00:00,229.94
2022-03-22 13:15:00,219.96
2022-03-22 13:30:00,210.09
2022-03-22 13:45:00,178.5
2022-03-22 14:00:00,176.61
2022-03-22 14:15:00,207.46
2022-03-22 14:30:00,220.02
2022-03-22 14:45:00,230.0
2022-03-22 15:00:00,179.9
2022-03-22 15:15:00,219.96
2022-03-22 15:30:00,235.02
2022-03-22 15:45:00,244.96
2022-03-22 16:00:00,204.94
2022-03-22 16:15:00,234.96
2022-03-22 16:30:00,244.96
2022-03-22 16:45:00,269.35
2022-03-22 17:00:00,234.93
2022-03-22 17:15:00,245.97
2022-03-22 17:30:00,278.3
2022-03-22 17:45:00,282.8
2022-03-22 18:00:00,255.06
2022-03-22 18:15:00,305.01
2022-03-22 18:30:00,310.03
2022-03-22 18:45:00,293.9
2022-03-22 19:00:00,350.9
2022-03-22 19:15:00,330.05
2022-03-22 19:30:00,270.09
2022-03-22 19:45:00,244.96
2022-03-22 20:00:00,330.06
2022-03-22 20:15:00,295.97
2022-03-22 20:30:00,269.96
2022-03-22 20:45:00,240.09
2022-03-22 21:00:00,330.76
2022-03-22 21:15:00,280.05
2022-03-22 21:30:00,245.01
2022-03-22 21:45:00,220.06
2022-03-22 22:00:00,280.46
2022-03-22 22:15:00,270.02
2022-03-22 22:30:00,245.97
2022-03-22 22:45:00,220.92
2022-03-22 23:00:00,265.55
2022-03-22 23:15:00,245.97
2022-03-22 23:30:00,219.26
2022-03-22 23:45:00,196.76
2022-03-23 00:00:00,244.73
2022-03-23 00:15:00,233.22
2022-03-23 00:30:00,225.81
2022-03-23 00:45:00,200.81
2022-03-23 01:00:00,230.17
2022-03-23 01:15:00,226.82
2022-03-23 01:30:00,219.97
2022-03-23 01:45:00,200.81
2022-03-23 02:00:00,226.82
2022-03-23 02:15:00,200.81
2022-03-23 02:30:00,215.86
2022-03-23 02:45:00,209.91
2022-03-23 03:00:00,201.75
2022-03-23 03:15:00,201.75
2022-03-23 03:30:00,214.92
2022-03-23 03:45:00,219.94
2022-03-23 04:00:00,187.32
2022-03-23 04:15:00,200.81
2022-03-23 04:30:00,224.99
2022-03-23 04:45:00,230.0
2022-03-23 05:00:00,161.56
2022-03-23 05:15:00,206.5
2022-03-23 05:30:00,230.0
2022-03-23 05:45:00,309.95
2022-03-23 06:00:00,194.98
2022-03-23 06:15:00,258.31
2022-03-23 06:30:00,312.37
2022-03-23 06:45:00,331.0
2022-03-23 07:00:00,279.94
2022-03-23 07:15:00,328.56
2022-03-23 07:30:00,294.95
2022-03-23 07:45:00,263.81
2022-03-23 08:00:00,307.69
2022-03-23 08:15:00,291.85
2022-03-23 08:30:00,259.9
2022-03-23 08:45:00,225.81
2022-03-23 09:00:00,254.31
2022-03-23 09:15:00,250.81
2022-03-23 09:30:00,237.62
2022-03-23 09:45:00,207.31
2022-03-23 10:00:00,225.81
2022-03-23 10:15:00,220.1
2022-03-23 10:30:00,203.4
2022-03-23 10:45:00,173.85
2022-03-23 11:00:00,225.81
2022-03-23 11:15:00,215.14
2022-03-23 11:30:00,190.97
2022-03-23 11:45:00,158.2
2022-03-23 12:00:00,220.1
2022-03-23 12:15:00,200.81
2022-03-23 12:30:00,175.1
2022-03-23 12:45:00,175.0
2022-03-23 13:00:00,214.95
2022-03-23 13:15:00,200.81
2022-03-23 13:30:00,195.0
2022-03-23 13:45:00,182.37
2022-03-23 14:00:00,163.1
2022-03-23 14:15:00,200.81
2022-03-23 14:30:00,200.81
2022-03-23 14:45:00,213.24
2022-03-23 15:00:00,168.3
2022-03-23 15:15:00,200.81
2022-03-23 15:30:00,220.09
2022-03-23 15:45:00,226.82
2022-03-23 16:00:00,190.4
2022-03-23 16:15:00,225.81
2022-03-23 16:30:00,225.81
2022-03-23 16:45:00,250.81
2022-03-23 17:00:00,225.81
2022-03-23 17:15:00,226.82
2022-03-23 17:30:00,250.81
2022-03-23 17:45:00,308.0
2022-03-23 18:00:00,237.79
2022-03-23 18:15:00,264.17
2022-03-23 18:30:00,305.06
2022-03-23 18:45:00,315.07
2022-03-23 19:00:00,368.37
2022-03-23 19:15:00,345.0
2022-03-23 19:30:00,314.53
2022-03-23 19:45:00,230.23
2022-03-23 20:00:00,332.98
2022-03-23 20:15:00,295.09
2022-03-23 20:30:00,265.07
2022-03-23 20:45:00,225.81
2022-03-23 21:00:00,314.59
2022-03-23 21:15:00,297.22
2022-03-23 21:30:00,235.09
2022-03-23 21:45:00,221.56
2022-03-23 22:00:00,295.01
2022-03-23 22:15:00,260.06
2022-03-23 22:30:00,230.0
2022-03-23 22:45:00,225.81
2022-03-23 23:00:00,290.53
2022-03-23 23:15:00,235.04
2022-03-23 23:30:00,210.06
2022-03-23 23:45:00,200.1
2022-03-24 00:00:00,250.0
2022-03-24 00:15:00,235.2
2022-03-24 00:30:00,234.95
2022-03-24 00:45:00,214.94
2022-03-24 01:00:00,249.75
2022-03-24 01:15:00,235.2
2022-03-24 01:30:00,209.19
2022-03-24 01:45:00,194.52
2022-03-24 02:00:00,240.09
2022-03-24 02:15:00,215.0
2022-03-24 02:30:00,209.19
2022-03-24 02:45:00,209.19
2022-03-24 03:00:00,235.2
2022-03-24 03:15:00,204.29
2022-03-24 03:30:00,209.19
2022-03-24 03:45:00,207.29
2022-03-24 04:00:00,210.0
2022-03-24 04:15:00,218.72
2022-03-24 04:30:00,234.94
2022-03-24 04:45:00,235.2
2022-03-24 05:00:00,161.91
2022-03-24 05:15:00,210.0
2022-03-24 05:30:00,241.39
2022-03-24 05:45:00,319.92
2022-03-24 06:00:00,219.78
2022-03-24 06:15:00,236.01
2022-03-24 06:30:00,323.68
2022-03-24 06:45:00,334.98
2022-03-24 07:00:00,289.95
2022-03-24 07:15:00,349.91
2022-03-24 07:30:00,309.95
2022-03-24 07:45:00,278.68
2022-03-24 08:00:00,315.92
2022-03-24 08:15:00,280.0
2022-03-24 08:30:00,250.0
2022-03-24 08:45:00,245.0
2022-03-24 09:00:00,259.43
2022-03-24 09:15:00,240.0
2022-03-24 09:30:00,234.19
2022-03-24 09:45:00,211.06
2022-03-24 10:00:00,230.0
2022-03-24 10:15:00,209.09
2022-03-24 10:30:00,209.19
2022-03-24 10:45:00,173.14
2022-03-24 11:00:00,220.0
2022-03-24 11:15:00,209.19
2022-03-24 11:30:00,209.19
2022-03-24 11:45:00,172.45
2022-03-24 12:00:00,210.0
2022-03-24 12:15:00,209.19
2022-03-24 12:30:00,204.91
2022-03-24 12:45:00,168.06
2022-03-24 13:00:00,206.87
2022-03-24 13:15:00,209.19
2022-03-24 13:30:00,190.1
2022-03-24 13:45:00,190.0
2022-03-24 14:00:00,184.08
2022-03-24 14:15:00,200.19
2022-03-24 14:30:00,200.1
2022-03-24 14:45:00,210.0
2022-03-24 15:00:00,166.27
2022-03-24 15:15:00,207.19
2022-03-24 15:30:00,220.0
2022-03-24 15:45:00,234.19
2022-03-24 16:00:00,209.92
2022-03-24 16:15:00,228.94
2022-03-24 16:30:00,234.19
2022-03-24 16:45:00,256.95
2022-03-24 17:00:00,219.98
2022-03-24 17:15:00,240.06
2022-03-24 17:30:00,275.74
2022-03-24 17:45:00,311.34
2022-03-24 18:00:00,234.19
2022-03-24 18:15:00,290.09
2022-03-24 18:30:00,344.09
2022-03-24 18:45:00,340.0
2022-03-24 19:00:00,383.16
2022-03-24 19:15:00,352.94
2022-03-24 19:30:00,301.74
2022-03-24 19:45:00,259.19
2022-03-24 20:00:00,341.03
2022-03-24 20:15:00,314.9
2022-03-24 20:30:00,268.54
2022-03-24 20:45:00,234.19
2022-03-24 21:00:00,315.59
2022-03-24 21:15:00,282.19
2022-03-24 21:30:00,240.69
2022-03-24 21:45:00,219.94
2022-03-24 22:00:00,265.08
2022-03-24 22:15:00,259.19
2022-03-24 22:30:00,233.89
2022-03-24 22:45:00,215.89
2022-03-24 23:00:00,259.19
2022-03-24 23:15:00,234.19
2022-03-24 23:30:00,208.69
2022-03-24 23:45:00,184.12
2022-03-25 00:00:00,284.94
2022-03-25 00:15:00,259.9
2022-03-25 00:30:00,232.32
2022-03-25 00:45:00,224.97
2022-03-25 01:00:00,269.19
2022-03-25 01:15:00,237.26
2022-03-25 01:30:00,227.62
2022-03-25 01:45:00,224.93
2022-03-25 02:00:00,248.34
2022-03-25 02:15:00,235.15
2022-03-25 02:30:00,234.9
2022-03-25 02:45:00,227.62
2022-03-25 03:00:00,227.62
2022-03-25 03:15:00,227.62
2022-03-25 03:30:00,232.2
2022-03-25 03:45:00,230.76
2022-03-25 04:00:00,209.97
2022-03-25 04:15:00,227.62
2022-03-25 04:30:00,244.19
2022-03-25 04:45:00,274.92
2022-03-25 05:00:00,179.96
2022-03-25 05:15:00,227.62
2022-03-25 05:30:00,269.97
2022-03-25 05:45:00,321.53
2022-03-25 06:00:00,217.6
2022-03-25 06:15:00,264.98
2022-03-25 06:30:00,334.09
2022-03-25 06:45:00,347.08
2022-03-25 07:00:00,300.43
2022-03-25 07:15:00,323.83
2022-03-25 07:30:00,327.58
2022-03-25 07:45:00,289.92
2022-03-25 08:00:00,309.01
2022-03-25 08:15:00,295.45
2022-03-25 08:30:00,264.93
2022-03-25 08:45:00,226.61
2022-03-25 09:00:00,274.97
2022-03-25 09:15:00,262.84
2022-03-25 09:30:00,259.9
2022-03-25 09:45:00,226.61
2022-03-25 10:00:00,251.61
2022-03-25 10:15:00,227.62
2022-03-25 10:30:00,224.92
2022-03-25 10:45:00,209.91
2022-03-25 11:00:00,227.62
2022-03-25 11:15:00,227.62
2022-03-25 11:30:00,205.82
2022-03-25 11:45:00,179.91
2022-03-25 12:00:00,227.62
2022-03-25 12:15:00,204.99
2022-03-25 12:30:00,196.24
2022-03-25 12:45:00,179.97
2022-03-25 13:00:00,200.0
2022-03-25 13:15:00,200.0
2022-03-25 13:30:00,199.96
2022-03-25 13:45:00,196.34
2022-03-25 14:00:00,199.92
2022-03-25 14:15:00,194.99
2022-03-25 14:30:00,201.61
2022-03-25 14:45:00,204.28
2022-03-25 15:00:00,169.96
2022-03-25 15:15:00,227.62
2022-03-25 15:30:00,229.9
2022-03-25 15:45:00,231.78
2022-03-25 16:00:00,214.68
2022-03-25 16:15:00,220.43
2022-03-25 16:30:00,251.61
2022-03-25 16:45:00,264.76
2022-03-25 17:00:00,226.61
2022-03-25 17:15:00,265.03
2022-03-25 17:30:00,275.0
2022-03-25 17:45:00,325.0
2022-03-25 18:00:00,259.16
2022-03-25 18:15:00,320.39
2022-03-25 18:30:00,315.0
2022-03-25 18:45:00,308.27
2022-03-25 19:00:00,360.33
2022-03-25 19:15:00,349.92
2022-03-25 19:30:00,329.93
2022-03-25 19:45:00,270.0
2022-03-25 20:00:00,336.76
2022-03-25 20:15:00,308.7
2022-03-25 20:30:00,258.72
2022-03-25 20:45:00,226.61
2022-03-25 21:00:00,313.05
2022-03-25 21:15:00,256.61
2022-03-25 21:30:00,251.61
2022-03-25 21:45:00,210.61
2022-03-25 22:00:00,292.1
2022-03-25 22:15:00,252.11
2022-03-25 22:30:00,226.61
2022-03-25 22:45:00,215.0
2022-03-25 23:00:00,260.03
2022-03-25 23:15:00,230.08
2022-03-25 23:30:00,221.12
2022-03-25 23:45:00,200.13
2022-03-26 00:00:00,217.34
2022-03-26 00:15:00,201.73
2022-03-26 00:30:00,200.0
2022-03-26 00:45:00,200.98
2022-03-26 01:00:00,224.02
2022-03-26 01:15:00,202.74
2022-03-26 01:30:00,202.74
2022-03-26 01:45:00,176.73
2022-03-26 02:00:00,202.74
2022-03-26 02:15:00,202.74
2022-03-26 02:30:00,202.74
2022-03-26 02:45:00,184.85
2022-03-26 03:00:00,202.74
2022-03-26 03:15:00,200.89
2022-03-26 03:30:00,176.73
2022-03-26 03:45:00,200.0
2022-03-26 04:00:00,176.73
2022-03-26 04:15:00,194.97
2022-03-26 04:30:00,202.74
2022-03-26 04:45:00,203.43
2022-03-26 05:00:00,163.38
2022-03-26 05:15:00,201.73
2022-03-26 05:30:00,201.73
2022-03-26 05:45:00,209.79
2022-03-26 06:00:00,183.74
2022-03-26 06:15:00,201.73
2022-03-26 06:30:00,201.73
2022-03-26 06:45:00,201.73
2022-03-26 07:00:00,201.73
2022-03-26 07:15:00,201.73
2022-03-26 07:30:00,201.73
2022-03-26 07:45:00,210.88
2022-03-26 08:00:00,202.74
2022-03-26 08:15:00,202.74
2022-03-26 08:30:00,202.74
2022-03-26 08:45:00,188.89
2022-03-26 09:00:00,220.41
2022-03-26 09:15:00,217.53
2022-03-26 09:30:00,202.74
2022-03-26 09:45:00,169.98
2022-03-26 10:00:00,209.13
2022-03-26 10:15:00,214.16
2022-03-26 10:30:00,202.74
2022-03-26 10:45:00,176.73
2022-03-26 11:00:00,207.41
2022-03-26 11:15:00,205.73
2022-03-26 11:30:00,202.74
2022-03-26 11:45:00,176.73
2022-03-26 12:00:00,202.74
2022-03-26 12:15:00,202.74
2022-03-26 12:30:00,179.99
2022-03-26 12:45:00,173.39
2022-03-26 13:00:00,200.0
2022-03-26 13:15:00,200.0
2022-03-26 13:30:00,184.92
2022-03-26 13:45:00,164.55
2022-03-26 14:00:00,176.73
2022-03-26 14:15:00,174.92
2022-03-26 14:30:00,201.73
2022-03-26 14:45:00,201.73
2022-03-26 15:00:00,153.77
2022-03-26 15:15:00,176.73
2022-03-26 15:30:00,202.74
2022-03-26 15:45:00,202.74
2022-03-26 16:00:00,144.4
2022-03-26 16:15:00,199.97
2022-03-26 16:30:00,204.98
2022-03-26 16:45:00,239.94
2022-03-26 17:00:00,173.48
2022-03-26 17:15:00,201.73
2022-03-26 17:30:00,230.03
2022-03-26 17:45:00,270.01
2022-03-26 18:00:00,227.61
2022-03-26 18:15:00,274.96
2022-03-26 18:30:00,244.61
2022-03-26 18:45:00,250.09
2022-03-26 19:00:00,340.02
2022-03-26 19:15:00,260.78
2022-03-26 19:30:00,226.73
2022-03-26 19:45:00,240.03
2022-03-26 20:00:00,277.43
2022-03-26 20:15:00,226.73
2022-03-26 20:30:00,215.06
2022-03-26 20:45:00,195.09
2022-03-26 21:00:00,245.03
2022-03-26 21:15:00,220.08
2022-03-26 21:30:00,201.73
2022-03-26 21:45:00,187.18
2022-03-26 22:00:00,240.02
2022-03-26 22:15:00,201.73
2022-03-26 22:30:00,200.13
2022-03-26 22:45:00,198.13
2022-03-26 23:00:00,242.88
2022-03-26 23:15:00,201.73
2022-03-26 23:30:00,174.88
2022-03-26 23:45:00,160.85
2022-03-27 00:00:00,205.88
2022-03-27 00:15:00,198.18
2022-03-27 00:30:00,180.17
2022-03-27 00:45:00,175.64
2022-03-27 01:00:00,205.88
2022-03-27 01:15:00,205.13
2022-03-27 01:30:00,184.74
2022-03-27 01:45:00,181.75
2022-03-27 02:00:00,
2022-03-27 02:15:00,
2022-03-27 02:30:00,
2022-03-27 02:45:00,
2022-03-27 03:00:00,192.71
2022-03-27 03:15:00,181.75
2022-03-27 03:30:00,181.76
2022-03-27 03:45:00,194.71
2022-03-27 04:00:00,181.77
2022-03-27 04:15:00,181.77
2022-03-27 04:30:00,191.61
2022-03-27 04:45:00,191.86
2022-03-27 05:00:00,181.58
2022-03-27 05:15:00,181.74
2022-03-27 05:30:00,181.75
2022-03-27 05:45:00,204.87
2022-03-27 06:00:00,162.51
2022-03-27 06:15:00,172.35
2022-03-27 06:30:00,204.88
2022-03-27 06:45:00,212.63
2022-03-27 07:00:00,178.01
2022-03-27 07:15:00,185.1
2022-03-27 07:30:00,205.0
2022-03-27 07:45:00,205.49
2022-03-27 08:00:00,195.0
2022-03-27 08:15:00,200.0
2022-03-27 08:30:00,203.46
2022-03-27 08:45:00,181.71
2022-03-27 09:00:00,204.87
2022-03-27 09:15:00,204.87
2022-03-27 09:30:00,195.87
2022-03-27 09:45:00,159.93
2022-03-27 10:00:00,204.87
2022-03-27 10:15:00,203.08
2022-03-27 10:30:00,183.83
2022-03-27 10:45:00,159.91
2022-03-27 11:00:00,204.87
2022-03-27 11:15:00,198.93
2022-03-27 11:30:00,186.43
2022-03-27 11:45:00,159.91
2022-03-27 12:00:00,205.92
2022-03-27 12:15:00,190.91
2022-03-27 12:30:00,159.98
2022-03-27 12:45:00,129.95
2022-03-27 13:00:00,205.4
2022-03-27 13:15:00,189.93
2022-03-27 13:30:00,169.92
2022-03-27 13:45:00,142.71
2022-03-27 14:00:00,159.96
2022-03-27 14:15:00,179.91
2022-03-27 14:30:00,160.66
2022-03-27 14:45:00,167.66
2022-03-27 15:00:00,139.92
2022-03-27 15:15:00,161.64
2022-03-27 15:30:00,182.26
2022-03-27 15:45:00,183.76
2022-03-27 16:00:00,114.74
2022-03-27 16:15:00,169.92
2022-03-27 16:30:00,204.87
2022-03-27 16:45:00,204.96
2022-03-27 17:00:00,140.88
2022-03-27 17:15:00,199.97
2022-03-27 17:30:00,205.88
2022-03-27 17:45:00,207.16
2022-03-27 18:00:00,158.38
2022-03-27 18:15:00,204.87
2022-03-27 18:30:00,226.45
2022-03-27 18:45:00,289.92
2022-03-27 19:00:00,205.88
2022-03-27 19:15:00,223.15
2022-03-27 19:30:00,250.08
2022-03-27 19:45:00,286.22
2022-03-27 20:00:00,240.1
2022-03-27 20:15:00,240.1
2022-03-27 20:30:00,245.31
2022-03-27 20:45:00,215.06
2022-03-27 21:00:00,225.04
2022-03-27 21:15:00,215.02
2022-03-27 21:30:00,210.01
2022-03-27 21:45:00,204.89
2022-03-27 22:00:00,205.45
2022-03-27 22:15:00,205.52
2022-03-27 22:30:00,205.2
2022-03-27 22:45:00,204.87
2022-03-27 23:00:00,220.68
2022-03-27 23:15:00,204.87
2022-03-27 23:30:00,204.87
2022-03-27 23:45:00,181.74
2022-03-28 00:00:00,219.42
2022-03-28 00:15:00,202.14
2022-03-28 00:30:00,199.36
2022-03-28 00:45:00,199.36
2022-03-28 01:00:00,222.02
2022-03-28 01:15:00,199.36
2022-03-28 01:30:00,199.36
2022-03-28 01:45:00,199.36
2022-03-28 02:00:00,212.04
2022-03-28 02:15:00,205.56
2022-03-28 02:30:00,214.68
2022-03-28 02:45:00,207.72
2022-03-28 03:00:00,200.45
2022-03-28 03:15:00,204.28
2022-03-28 03:30:00,204.04
2022-03-28 03:45:00,211.24
2022-03-28 04:00:00,173.35
2022-03-28 04:15:00,199.36
2022-03-28 04:30:00,199.36
2022-03-28 04:45:00,267.93
2022-03-28 05:00:00,165.67
2022-03-28 05:15:00,198.35
2022-03-28 05:30:00,279.92
2022-03-28 05:45:00,352.07
2022-03-28 06:00:00,175.28
2022-03-28 06:15:00,223.35
2022-03-28 06:30:00,324.91
2022-03-28 06:45:00,359.94
2022-03-28 07:00:00,230.04
2022-03-28 07:15:00,319.58
2022-03-28 07:30:00,318.61
2022-03-28 07:45:00,277.46
2022-03-28 08:00:00,311.11
2022-03-28 08:15:00,311.14
2022-03-28 08:30:00,240.02
2022-03-28 08:45:00,198.35
2022-03-28 09:00:00,311.14
2022-03-28 09:15:00,275.0
2022-03-28 09:30:00,224.5
2022-03-28 09:45:00,198.35
2022-03-28 10:00:00,260.0
2022-03-28 10:15:00,240.0
2022-03-28 10:30:00,223.35
2022-03-28 10:45:00,199.92
2022-03-28 11:00:00,240.0
2022-03-28 11:15:00,215.0
2022-03-28 11:30:00,199.36
2022-03-28 11:45:00,199.36
2022-03-28 12:00:00,220.1
2022-03-28 12:15:00,200.64
2022-03-28 12:30:00,206.4
2022-03-28 12:45:00,212.88
2022-03-28 13:00:00,215.94
2022-03-28 13:15:00,202.02
2022-03-28 13:30:00,203.7
2022-03-28 13:45:00,199.36
2022-03-28 14:00:00,204.04
2022-03-28 14:15:00,202.6
2022-03-28 14:30:00,203.08
2022-03-28 14:45:00,210.51
2022-03-28 15:00:00,199.36
2022-03-28 15:15:00,209.93
2022-03-28 15:30:00,200.81
2022-03-28 15:45:00,210.0
2022-03-28 16:00:00,189.92
2022-03-28 16:15:00,199.36
2022-03-28 16:30:00,217.71
2022-03-28 16:45:00,215.0
2022-03-28 17:00:00,189.92
2022-03-28 17:15:00,223.35
2022-03-28 17:30:00,235.0
2022-03-28 17:45:00,260.7
2022-03-28 18:00:00,223.35
2022-03-28 18:15:00,223.35
2022-03-28 18:30:00,311.11
2022-03-28 18:45:00,320.08
2022-03-28 19:00:00,261.7
2022-03-28 19:15:00,270.06
2022-03-28 19:30:00,290.03
2022-03-28 19:45:00,290.07
2022-03-28 20:00:00,350.51
2022-03-28 20:15:00,320.07
2022-03-28 20:30:00,265.06
2022-03-28 20:45:00,220.08
2022-03-28 21:00:00,335.28
2022-03-28 21:15:00,279.28
2022-03-28 21:30:00,245.02
2022-03-28 21:45:00,200.05
2022-03-28 22:00:00,311.19
2022-03-28 22:15:00,264.69
2022-03-28 22:30:00,230.04
2022-03-28 22:45:00,210.09
2022-03-28 23:00:00,310.0
2022-03-28 23:15:00,235.0
2022-03-28 23:30:00,199.64
2022-03-28 23:45:00,191.35
2022-03-29 00:00:00,231.19
2022-03-29 00:15:00,216.79
2022-03-29 00:30:00,216.79
2022-03-29 00:45:00,209.91
2022-03-29 01:00:00,225.0
2022-03-29 01:15:00,217.8
2022-03-29 01:30:00,193.97
2022-03-29 01:45:00,191.79
2022-03-29 02:00:00,217.8
2022-03-29 02:15:00,200.0
2022-03-29 02:30:00,212.19
2022-03-29 02:45:00,200.0
2022-03-29 03:00:00,217.8
2022-03-29 03:15:00,213.7
2022-03-29 03:30:00,200.0
2022-03-29 03:45:00,200.0
2022-03-29 04:00:00,191.79
2022-03-29 04:15:00,206.27
2022-03-29 04:30:00,217.8
2022-03-29 04:45:00,222.84
2022-03-29 05:00:00,179.71
2022-03-29 05:15:00,200.0
2022-03-29 05:30:00,216.79
2022-03-29 05:45:00,304.95
2022-03-29 06:00:00,194.29
2022-03-29 06:15:00,241.79
2022-03-29 06:30:00,298.55
2022-03-29 06:45:00,345.07
2022-03-29 07:00:00,257.42
2022-03-29 07:15:00,300.0
2022-03-29 07:30:00,345.0
2022-03-29 07:45:00,355.04
2022-03-29 08:00:00,334.96
2022-03-29 08:15:00,325.0
2022-03-29 08:30:00,325.0
2022-03-29 08:45:00,280.04
2022-03-29 09:00:00,312.06
2022-03-29 09:15:00,308.64
2022-03-29 09:30:00,265.79
2022-03-29 09:45:00,229.37
2022-03-29 10:00:00,272.33
2022-03-29 10:15:00,246.29
2022-03-29 10:30:00,241.79
2022-03-29 10:45:00,217.8
2022-03-29 11:00:00,295.0
2022-03-29 11:15:00,241.79
2022-03-29 11:30:00,239.2
2022-03-29 11:45:00,217.8
2022-03-29 12:00:00,331.2
2022-03-29 12:15:00,217.8
2022-03-29 12:30:00,216.79
2022-03-29 12:45:00,217.8
2022-03-29 13:00:00,310.03
2022-03-29 13:15:00,216.79
2022-03-29 13:30:00,199.93
2022-03-29 13:45:00,205.0
2022-03-29 14:00:00,217.8
2022-03-29 14:15:00,217.8
2022-03-29 14:30:00,217.8
2022-03-29 14:45:00,217.8
2022-03-29 15:00:00,217.8
2022-03-29 15:15:00,212.24
2022-03-29 15:30:00,216.79
2022-03-29 15:45:00,217.8
2022-03-29 16:00:00,209.91
2022-03-29 16:15:00,216.79
2022-03-29 16:30:00,216.79
2022-03-29 16:45:00,233.02
2022-03-29 17:00:00,208.9
2022-03-29 17:15:00,216.79
2022-03-29 17:30:00,220.03
2022-03-29 17:45:00,308.61
2022-03-29 18:00:00,240.06
2022-03-29 18:15:00,216.79
2022-03-29 18:30:00,260.06
2022-03-29 18:45:00,386.93
2022-03-29 19:00:00,319.94
2022-03-29 19:15:00,321.62
2022-03-29 19:30:00,322.83
2022-03-29 19:45:00,280.08
2022-03-29 20:00:00,345.14
2022-03-29 20:15:00,313.41
2022-03-29 20:30:00,265.69
2022-03-29 20:45:00,245.0
2022-03-29 21:00:00,317.38
2022-03-29 21:15:00,284.85
2022-03-29 21:30:00,241.79
2022-03-29 21:45:00,216.79
2022-03-29 22:00:00,308.68
2022-03-29 22:15:00,260.29
2022-03-29 22:30:00,228.97
2022-03-29 22:45:00,216.79
2022-03-29 23:00:00,258.92
2022-03-29 23:15:00,245.0
2022-03-29 23:30:00,210.0
2022-03-29 23:45:00,195.0
2022-03-30 00:00:00,261.99
2022-03-30 00:15:00,248.57
2022-03-30 00:30:00,223.57
2022-03-30 00:45:00,223.57
2022-03-30 01:00:00,255.99
2022-03-30 01:15:00,224.58
2022-03-30 01:30:00,224.58
2022-03-30 01:45:00,223.57
2022-03-30 02:00:00,224.58
2022-03-30 02:15:00,224.58
2022-03-30 02:30:00,224.58
2022-03-30 02:45:00,213.29
2022-03-30 03:00:00,224.58
2022-03-30 03:15:00,219.91
2022-03-30 03:30:00,219.91
2022-03-30 03:45:00,224.58
2022-03-30 04:00:00,194.95
2022-03-30 04:15:00,214.97
2022-03-30 04:30:00,224.58
2022-03-30 04:45:00,274.91
2022-03-30 05:00:00,171.33
2022-03-30 05:15:00,223.57
2022-03-30 05:30:00,266.61
2022-03-30 05:45:00,359.94
2022-03-30 06:00:00,176.94
2022-03-30 06:15:00,246.14
2022-03-30 06:30:00,314.98
2022-03-30 06:45:00,365.55
2022-03-30 07:00:00,248.57
2022-03-30 07:15:00,300.0
2022-03-30 07:30:00,325.0
2022-03-30 07:45:00,364.95
2022-03-30 08:00:00,320.0
2022-03-30 08:15:00,330.0
2022-03-30 08:30:00,324.98
2022-03-30 08:45:00,339.91
2022-03-30 09:00:00,350.03
2022-03-30 09:15:00,300.0
2022-03-30 09:30:00,290.2
2022-03-30 09:45:00,261.57
2022-03-30 10:00:00,346.65
2022-03-30 10:15:00,270.08
2022-03-30 10:30:00,265.0
2022-03-30 10:45:00,310.02
2022-03-30 11:00:00,382.53
2022-03-30 11:15:00,266.07
2022-03-30 11:30:00,248.57
2022-03-30 11:45:00,270.04
2022-03-30 12:00:00,360.0
2022-03-30 12:15:00,279.94
2022-03-30 12:30:00,249.98
2022-03-30 12:45:00,230.29
2022-03-30 13:00:00,309.93
2022-03-30 13:15:00,272.98
2022-03-30 13:30:00,289.92
2022-03-30 13:45:00,227.17
2022-03-30 14:00:00,231.59
2022-03-30 14:15:00,254.92
2022-03-30 14:30:00,268.19
2022-03-30 14:45:00,340.09
2022-03-30 15:00:00,260.0
2022-03-30 15:15:00,224.58
2022-03-30 15:30:00,257.94
2022-03-30 15:45:00,333.19
2022-03-30 16:00:00,230.82
2022-03-30 16:15:00,269.92
2022-03-30 16:30:00,268.07
2022-03-30 16:45:00,298.05
2022-03-30 17:00:00,238.27
2022-03-30 17:15:00,266.61
2022-03-30 17:30:00,265.0
2022-03-30 17:45:00,310.04
2022-03-30 18:00:00,240.09
2022-03-30 18:15:00,265.08
2022-03-30 18:30:00,295.33
2022-03-30 18:45:00,339.9
2022-03-30 19:00:00,310.0
2022-03-30 19:15:00,320.0
2022-03-30 19:30:00,323.79
2022-03-30 19:45:00,280.02
2022-03-30 20:00:00,342.83
2022-03-30 20:15:00,316.87
2022-03-30 20:30:00,260.08
2022-03-30 20:45:00,240.02
2022-03-30 21:00:00,335.01
2022-03-30 21:15:00,267.72
2022-03-30 21:30:00,248.57
2022-03-30 21:45:00,224.58
2022-03-30 22:00:00,316.32
2022-03-30 22:15:00,260.01
2022-03-30 22:30:00,224.58
2022-03-30 22:45:00,231.75
2022-03-30 23:00:00,267.71
2022-03-30 23:15:00,230.01
2022-03-30 23:30:00,207.39
2022-03-30 23:45:00,223.57
2022-03-31 00:00:00,223.28
2022-03-31 00:15:00,211.43
2022-03-31 00:30:00,210.0
2022-03-31 00:45:00,200.1
2022-03-31 01:00:00,213.35
2022-03-31 01:15:00,211.43
2022-03-31 01:30:00,195.0
2022-03-31 01:45:00,208.82
2022-03-31 02:00:00,211.43
2022-03-31 02:15:00,192.8
2022-03-31 02:30:00,200.0
2022-03-31 02:45:00,203.49
2022-03-31 03:00:00,211.43
2022-03-31 03:15:00,185.42
2022-03-31 03:30:00,200.0
2022-03-31 03:45:00,209.61
2022-03-31 04:00:00,185.42
2022-03-31 04:15:00,189.6
2022-03-31 04:30:00,211.43
2022-03-31 04:45:00,221.46
2022-03-31 05:00:00,163.5
2022-03-31 05:15:00,200.0
2022-03-31 05:30:00,215.1
2022-03-31 05:45:00,299.97
2022-03-31 06:00:00,176.91
2022-03-31 06:15:00,234.67
2022-03-31 06:30:00,319.79
2022-03-31 06:45:00,348.53
2022-03-31 07:00:00,254.73
2022-03-31 07:15:00,307.46
2022-03-31 07:30:00,327.51
2022-03-31 07:45:00,333.9
2022-03-31 08:00:00,310.0
2022-03-31 08:15:00,305.0
2022-03-31 08:30:00,295.0
2022-03-31 08:45:00,277.21
2022-03-31 09:00:00,307.12
2022-03-31 09:15:00,265.09
2022-03-31 09:30:00,284.91
2022-03-31 09:45:00,252.47
2022-03-31 10:00:00,304.91
2022-03-31 10:15:00,285.57
2022-03-31 10:30:00,257.4
2022-03-31 10:45:00,243.9
2022-03-31 11:00:00,289.94
2022-03-31 11:15:00,289.93
2022-03-31 11:30:00,257.66
2022-03-31 11:45:00,235.42
2022-03-31 12:00:00,282.82
2022-03-31 12:15:00,251.91
2022-03-31 12:30:00,235.42
2022-03-31 12:45:00,211.43
2022-03-31 13:00:00,248.2
2022-03-31 13:15:00,240.0
2022-03-31 13:30:00,235.42
2022-03-31 13:45:00,211.43
2022-03-31 14:00:00,233.84
2022-03-31 14:15:00,235.0
2022-03-31 14:30:00,235.0
2022-03-31 14:45:00,210.42
2022-03-31 15:00:00,211.43
2022-03-31 15:15:00,211.43
2022-03-31 15:30:00,221.54
2022-03-31 15:45:00,235.42
2022-03-31 16:00:00,210.42
2022-03-31 16:15:00,211.43
2022-03-31 16:30:00,221.81
2022-03-31 16:45:00,220.13
2022-03-31 17:00:00,210.0
2022-03-31 17:15:00,210.42
2022-03-31 17:30:00,210.42
2022-03-31 17:45:00,235.42
2022-03-31 18:00:00,211.43
2022-03-31 18:15:00,220.06
2022-03-31 18:30:00,230.04
2022-03-31 18:45:00,256.82
2022-03-31 19:00:00,306.45
2022-03-31 19:15:00,240.06
2022-03-31 19:30:00,230.06
2022-03-31 19:45:00,211.43
2022-03-31 20:00:00,280.09
2022-03-31 20:15:00,230.09
2022-03-31 20:30:00,210.42
2022-03-31 20:45:00,178.45
2022-03-31 21:00:00,233.77
2022-03-31 21:15:00,210.42
2022-03-31 21:30:00,195.03
2022-03-31 21:45:00,165.04
2022-03-31 22:00:00,220.05
2022-03-31 22:15:00,206.08
2022-03-31 22:30:00,176.82
2022-03-31 22:45:00,161.37
2022-03-31 23:00:00,211.43
2022-03-31 23:15:00,188.52
2022-03-31 23:30:00,142.68
2022-03-31 23:45:00,136.48
2022-04-01 00:00:00,209.33
2022-04-01 00:15:00,170.94
2022-04-01 00:30:00,144.96
2022-04-01 00:45:00,144.93
2022-04-01 01:00:00,184.95
2022-04-01 01:15:00,170.94
2022-04-01 01:30:00,160.34
2022-04-01 01:45:00,120.0
2022-04-01 02:00:00,170.94
2022-04-01 02:15:00,170.94
2022-04-01 02:30:00,164.19
2022-04-01 02:45:00,144.93
2022-04-01 03:00:00,154.93
2022-04-01 03:15:00,144.93
2022-04-01 03:30:00,150.22
2022-04-01 03:45:00,149.91
2022-04-01 04:00:00,145.0
2022-04-01 04:15:00,149.91
2022-04-01 04:30:00,150.0
2022-04-01 04:45:00,170.94
2022-04-01 05:00:00,144.93
2022-04-01 05:15:00,170.94
2022-04-01 05:30:00,199.93
2022-04-01 05:45:00,229.92
2022-04-01 06:00:00,135.0
2022-04-01 06:15:00,203.96
2022-04-01 06:30:00,242.02
2022-04-01 06:45:00,299.93
2022-04-01 07:00:00,180.0
2022-04-01 07:15:00,240.0
2022-04-01 07:30:00,307.43
2022-04-01 07:45:00,315.0
2022-04-01 08:00:00,220.07
2022-04-01 08:15:00,236.66
2022-04-01 08:30:00,270.0
2022-04-01 08:45:00,260.0
2022-04-01 09:00:00,265.02
2022-04-01 09:15:00,229.07
2022-04-01 09:30:00,220.05
2022-04-01 09:45:00,190.1
2022-04-01 10:00:00,265.03
2022-04-01 10:15:00,226.01
2022-04-01 10:30:00,215.0
2022-04-01 10:45:00,195.04
2022-04-01 11:00:00,240.09
2022-04-01 11:15:00,243.44
2022-04-01 11:30:00,209.84
2022-04-01 11:45:00,170.94
2022-04-01 12:00:00,220.0
2022-04-01 12:15:00,215.0
2022-04-01 12:30:00,205.0
2022-04-01 12:45:00,170.94
2022-04-01 13:00:00,230.0
2022-04-01 13:15:00,210.0
2022-04-01 13:30:00,194.93
2022-04-01 13:45:00,175.0
2022-04-01 14:00:00,205.0
2022-04-01 14:15:00,200.0
2022-04-01 14:30:00,195.0
2022-04-01 14:45:00,184.16
2022-04-01 15:00:00,190.06
2022-04-01 15:15:00,193.28
2022-04-01 15:30:00,205.02
2022-04-01 15:45:00,197.0
2022-04-01 16:00:00,180.36
2022-04-01 16:15:00,190.01
2022-04-01 16:30:00,185.63
2022-04-01 16:45:00,215.01
2022-04-01 17:00:00,170.94
2022-04-01 17:15:00,180.05
2022-04-01 17:30:00,200.1
2022-04-01 17:45:00,224.33
2022-04-01 18:00:00,173.87
2022-04-01 18:15:00,194.93
2022-04-01 18:30:00,220.01
2022-04-01 18:45:00,250.02
2022-04-01 19:00:00,195.09
2022-04-01 19:15:00,239.48
2022-04-01 19:30:00,240.05
2022-04-01 19:45:00,240.0
2022-04-01 20:00:00,309.95
2022-04-01 20:15:00,255.04
2022-04-01 20:30:00,215.8
2022-04-01 20:45:00,169.93
2022-04-01 21:00:00,248.52
2022-04-01 21:15:00,210.0
2022-04-01 21:30:00,170.07
2022-04-01 21:45:00,151.41
2022-04-01 22:00:00,235.08
2022-04-01 22:15:00,210.0
2022-04-01 22:30:00,170.94
2022-04-01 22:45:00,160.01
2022-04-01 23:00:00,225.02
2022-04-01 23:15:00,185.37
2022-04-01 23:30:00,161.22
2022-04-01 23:45:00,132.4
2022-04-02 00:00:00,208.44
2022-04-02 00:15:00,195.01
2022-04-02 00:30:00,185.0
2022-04-02 00:45:00,171.55
2022-04-02 01:00:00,210.13
2022-04-02 01:15:00,195.01
2022-04-02 01:30:00,174.99
2022-04-02 01:45:00,159.99
2022-04-02 02:00:00,204.84
2022-04-02 02:15:00,195.01
2022-04-02 02:30:00,170.38
2022-04-02 02:45:00,169.0
2022-04-02 03:00:00,195.01
2022-04-02 03:15:00,189.93
2022-04-02 03:30:00,162.96
2022-04-02 03:45:00,168.69
2022-04-02 04:00:00,182.92
2022-04-02 04:15:00,169.94
2022-04-02 04:30:00,169.0
2022-04-02 04:45:00,195.01
2022-04-02 05:00:00,160.15
2022-04-02 05:15:00,169.97
2022-04-02 05:30:00,195.01
2022-04-02 05:45:00,210.0
2022-04-02 06:00:00,164.98
2022-04-02 06:15:00,194.0
2022-04-02 06:30:00,199.91
2022-04-02 06:45:00,201.1
2022-04-02 07:00:00,193.3
2022-04-02 07:15:00,195.0
2022-04-02 07:30:00,200.0
2022-04-02 07:45:00,220.0
2022-04-02 08:00:00,225.0
2022-04-02 08:15:00,215.0
2022-04-02 08:30:00,224.9
2022-04-02 08:45:00,210.0
2022-04-02 09:00:00,215.0
2022-04-02 09:15:00,228.35
2022-04-02 09:30:00,239.9
2022-04-02 09:45:00,195.01
2022-04-02 10:00:00,234.96
2022-04-02 10:15:00,224.28
2022-04-02 10:30:00,221.28
2022-04-02 10:45:00,199.9
2022-04-02 11:00:00,239.96
2022-04-02 11:15:00,219.27
2022-04-02 11:30:00,223.27
2022-04-02 11:45:00,195.01
2022-04-02 12:00:00,222.44
2022-04-02 12:15:00,219.0
2022-04-02 12:30:00,195.01
2022-04-02 12:45:00,194.0
2022-04-02 13:00:00,210.0
2022-04-02 13:15:00,209.25
2022-04-02 13:30:00,194.98
2022-04-02 13:45:00,184.9
2022-04-02 14:00:00,195.01
2022-04-02 14:15:00,195.01
2022-04-02 14:30:00,195.01
2022-04-02 14:45:00,180.0
2022-04-02 15:00:00,195.01
2022-04-02 15:15:00,199.97
2022-04-02 15:30:00,199.01
2022-04-02 15:45:00,215.0
2022-04-02 16:00:00,164.96
2022-04-02 16:15:00,179.99
2022-04-02 16:30:00,195.01
2022-04-02 16:45:00,220.04
2022-04-02 17:00:00,179.97
2022-04-02 17:15:00,195.01
2022-04-02 17:30:00,235.0
2022-04-02 17:45:00,287.52
2022-04-02 18:00:00,219.0
2022-04-02 18:15:00,249.96
2022-04-02 18:30:00,250.0
2022-04-02 18:45:00,293.78
2022-04-02 19:00:00,269.97
2022-04-02 19:15:00,279.92
2022-04-02 19:30:00,294.27
2022-04-02 19:45:00,260.0
2022-04-02 20:00:00,329.79
2022-04-02 20:15:00,280.0
2022-04-02 20:30:00,234.9
2022-04-02 20:45:00,215.19
2022-04-02 21:00:00,340.0
2022-04-02 21:15:00,260.0
2022-04-02 21:30:00,219.0
2022-04-02 21:45:00,194.0
2022-04-02 22:00:00,290.0
2022-04-02 22:15:00,269.92
2022-04-02 22:30:00,219.0
2022-04-02 22:45:00,219.0
2022-04-02 23:00:00,289.92
2022-04-02 23:15:00,239.45
2022-04-02 23:30:00,194.0
2022-04-02 23:45:00,189.92
2022-04-03 00:00:00,279.92
2022-04-03 00:15:00,233.88
2022-04-03 00:30:00,200.0
2022-04-03 00:45:00,187.55
2022-04-03 01:00:00,261.82
2022-04-03 01:15:00,220.0
2022-04-03 01:30:00,200.0
2022-04-03 01:45:00,187.55
2022-04-03 02:00:00,231.65
2022-04-03 02:15:00,216.15
2022-04-03 02:30:00,193.12
2022-04-03 02:45:00,197.68
2022-04-03 03:00:00,213.66
2022-04-03 03:15:00,223.16
2022-04-03 03:30:00,194.56
2022-04-03 03:45:00,197.92
2022-04-03 04:00:00,214.58
2022-04-03 04:15:00,195.73
2022-04-03 04:30:00,201.24
2022-04-03 04:45:00,219.9
2022-04-03 05:00:00,204.96
2022-04-03 05:15:00,195.72
2022-04-03 05:30:00,196.68
2022-04-03 05:45:00,209.63
2022-04-03 06:00:00,186.54
2022-04-03 06:15:00,189.93
2022-04-03 06:30:00,219.92
2022-04-03 06:45:00,240.55
2022-04-03 07:00:00,186.54
2022-04-03 07:15:00,204.93
2022-04-03 07:30:00,211.54
2022-04-03 07:45:00,240.56
2022-04-03 08:00:00,211.54
2022-04-03 08:15:00,232.58
2022-04-03 08:30:00,249.94
2022-04-03 08:45:00,219.97
2022-04-03 09:00:00,211.54
2022-04-03 09:15:00,223.76
2022-04-03 09:30:00,192.93
2022-04-03 09:45:00,186.54
2022-04-03 10:00:00,219.91
2022-04-03 10:15:00,187.55
2022-04-03 10:30:00,189.93
2022-04-03 10:45:00,186.54
2022-04-03 11:00:00,211.54
2022-04-03 11:15:00,191.33
2022-04-03 11:30:00,209.91
2022-04-03 11:45:00,186.54
2022-04-03 12:00:00,187.55
2022-04-03 12:15:00,187.55
2022-04-03 12:30:00,180.18
2022-04-03 12:45:00,184.91
2022-04-03 13:00:00,179.9
2022-04-03 13:15:00,161.54
2022-04-03 13:30:00,187.55
2022-04-03 13:45:00,187.55
2022-04-03 14:00:00,174.97
2022-04-03 14:15:00,169.98
2022-04-03 14:30:00,184.97
2022-04-03 14:45:00,187.55
2022-04-03 15:00:00,169.98
2022-04-03 15:15:00,169.99
2022-04-03 15:30:00,187.55
2022-04-03 15:45:00,187.55
2022-04-03 16:00:00,161.54
2022-04-03 16:15:00,184.01
2022-04-03 16:30:00,189.47
2022-04-03 16:45:00,205.1
2022-04-03 17:00:00,139.96
2022-04-03 17:15:00,187.55
2022-04-03 17:30:00,205.78
2022-04-03 17:45:00,282.71
2022-04-03 18:00:00,169.97
2022-04-03 18:15:00,205.0
2022-04-03 18:30:00,235.08
2022-04-03 18:45:00,335.02
2022-04-03 19:00:00,225.0
2022-04-03 19:15:00,249.9
2022-04-03 19:30:00,279.02
2022-04-03 19:45:00,305.99
2022-04-03 20:00:00,306.56
2022-04-03 20:15:00,270.0
2022-04-03 20:30:00,264.54
2022-04-03 20:45:00,218.54
2022-04-03 21:00:00,289.92
2022-04-03 21:15:00,240.0
2022-04-03 21:30:00,240.0
2022-04-03 21:45:00,215.1
2022-04-03 22:00:00,250.0
2022-04-03 22:15:00,235.0
2022-04-03 22:30:00,229.9
2022-04-03 22:45:00,200.97
2022-04-03 23:00:00,240.0
2022-04-03 23:15:00,208.23
2022-04-03 23:30:00,187.55
2022-04-03 23:45:00,183.38
2022-04-04 00:00:00,212.12
2022-04-04 00:15:00,198.69
2022-04-04 00:30:00,193.06
2022-04-04 00:45:00,193.06
2022-04-04 01:00:00,193.06
2022-04-04 01:15:00,193.06
2022-04-04 01:30:00,193.06
2022-04-04 01:45:00,167.05
2022-04-04 02:00:00,193.06
2022-04-04 02:15:00,172.26
2022-04-04 02:30:00,190.0
2022-04-04 02:45:00,185.0
2022-04-04 03:00:00,193.06
2022-04-04 03:15:00,193.06
2022-04-04 03:30:00,181.15
2022-04-04 03:45:00,193.06
2022-04-04 04:00:00,167.05
2022-04-04 04:15:00,176.0
2022-04-04 04:30:00,193.06
2022-04-04 04:45:00,210.0
2022-04-04 05:00:00,145.0
2022-04-04 05:15:00,192.05
2022-04-04 05:30:00,238.24
2022-04-04 05:45:00,305.99
2022-04-04 06:00:00,175.58
2022-04-04 06:15:00,227.11
2022-04-04 06:30:00,305.99
2022-04-04 06:45:00,351.07
2022-04-04 07:00:00,255.53
2022-04-04 07:15:00,320.0
2022-04-04 07:30:00,318.51
2022-04-04 07:45:00,305.91
2022-04-04 08:00:00,316.21
2022-04-04 08:15:00,317.88
2022-04-04 08:30:00,305.99
2022-04-04 08:45:00,199.92
2022-04-04 09:00:00,339.9
2022-04-04 09:15:00,319.9
2022-04-04 09:30:00,255.0
2022-04-04 09:45:00,190.0
2022-04-04 10:00:00,309.9
2022-04-04 10:15:00,280.0
2022-04-04 10:30:00,254.9
2022-04-04 10:45:00,215.03
2022-04-04 11:00:00,280.0
2022-04-04 11:15:00,260.73
2022-04-04 11:30:00,275.0
2022-04-04 11:45:00,245.09
2022-04-04 12:00:00,290.0
2022-04-04 12:15:00,229.87
2022-04-04 12:30:00,230.37
2022-04-04 12:45:00,215.02
2022-04-04 13:00:00,270.0
2022-04-04 13:15:00,232.81
2022-04-04 13:30:00,206.86
2022-04-04 13:45:00,200.01
2022-04-04 14:00:00,204.59
2022-04-04 14:15:00,205.31
2022-04-04 14:30:00,213.71
2022-04-04 14:45:00,210.08
2022-04-04 15:00:00,225.0
2022-04-04 15:15:00,231.16
2022-04-04 15:30:00,219.66
2022-04-04 15:45:00,215.09
2022-04-04 16:00:00,194.4
2022-04-04 16:15:00,210.05
2022-04-04 16:30:00,219.34
2022-04-04 16:45:00,240.01
2022-04-04 17:00:00,192.05
2022-04-04 17:15:00,226.05
2022-04-04 17:30:00,236.05
2022-04-04 17:45:00,289.94
2022-04-04 18:00:00,193.06
2022-04-04 18:15:00,220.05
2022-04-04 18:30:00,312.41
2022-04-04 18:45:00,334.09
2022-04-04 19:00:00,280.0
2022-04-04 19:15:00,269.61
2022-04-04 19:30:00,250.06
2022-04-04 19:45:00,260.02
2022-04-04 20:00:00,321.85
2022-04-04 20:15:00,305.95
2022-04-04 20:30:00,240.04
2022-04-04 20:45:00,220.02
2022-04-04 21:00:00,330.0
2022-04-04 21:15:00,305.9
2022-04-04 21:30:00,230.68
2022-04-04 21:45:00,193.06
2022-04-04 22:00:00,315.0
2022-04-04 22:15:00,289.91
2022-04-04 22:30:00,236.77
2022-04-04 22:45:00,198.2
2022-04-04 23:00:00,250.0
2022-04-04 23:15:00,210.0
2022-04-04 23:30:00,185.0
2022-04-04 23:45:00,165.0
2022-04-05 00:00:00,200.5
2022-04-05 00:15:00,169.96
2022-04-05 00:30:00,149.91
2022-04-05 00:45:00,109.32
2022-04-05 01:00:00,210.0
2022-04-05 01:15:00,174.41
2022-04-05 01:30:00,144.95
2022-04-05 01:45:00,70.72
2022-04-05 02:00:00,190.28
2022-04-05 02:15:00,149.96
2022-04-05 02:30:00,129.95
2022-04-05 02:45:00,119.93
2022-04-05 03:00:00,159.9
2022-04-05 03:15:00,109.97
2022-04-05 03:30:00,149.92
2022-04-05 03:45:00,136.96
2022-04-05 04:00:00,89.91
2022-04-05 04:15:00,99.9
2022-04-05 04:30:00,159.94
2022-04-05 04:45:00,208.77
2022-04-05 05:00:00,46.54
2022-04-05 05:15:00,124.15
2022-04-05 05:30:00,210.0
2022-04-05 05:45:00,239.98
2022-04-05 06:00:00,134.57
2022-04-05 06:15:00,219.93
2022-04-05 06:30:00,242.5
2022-04-05 06:45:00,296.1
2022-04-05 07:00:00,233.29
2022-04-05 07:15:00,259.99
2022-04-05 07:30:00,289.95
2022-04-05 07:45:00,299.95
2022-04-05 08:00:00,289.93
2022-04-05 08:15:00,289.92
2022-04-05 08:30:00,279.95
2022-04-05 08:45:00,250.0
2022-04-05 09:00:00,260.45
2022-04-05 09:15:00,260.45
2022-04-05 09:30:00,243.26
2022-04-05 09:45:00,235.45
2022-04-05 10:00:00,255.0
2022-04-05 10:15:00,245.0
2022-04-05 10:30:00,253.06
2022-04-05 10:45:00,236.46
2022-04-05 11:00:00,260.0
2022-04-05 11:15:00,260.0
2022-04-05 11:30:00,236.46
2022-04-05 11:45:00,235.45
2022-04-05 12:00:00,241.5
2022-04-05 12:15:00,236.46
2022-04-05 12:30:00,235.0
2022-04-05 12:45:00,218.93
2022-04-05 13:00:00,246.86
2022-04-05 13:15:00,236.46
2022-04-05 13:30:00,229.96
2022-04-05 13:45:00,210.45
2022-04-05 14:00:00,236.41
2022-04-05 14:15:00,210.45
2022-04-05 14:30:00,210.45
2022-04-05 14:45:00,235.45
2022-04-05 15:00:00,236.46
2022-04-05 15:15:00,210.45
2022-04-05 15:30:00,210.45
2022-04-05 15:45:00,230.65
2022-04-05 16:00:00,215.0
2022-04-05 16:15:00,228.73
2022-04-05 16:30:00,210.45
2022-04-05 16:45:00,235.45
2022-04-05 17:00:00,211.52
2022-04-05 17:15:00,233.27
2022-04-05 17:30:00,235.45
2022-04-05 17:45:00,260.45
2022-04-05 18:00:00,236.46
2022-04-05 18:15:00,268.88
2022-04-05 18:30:00,260.45
2022-04-05 18:45:00,275.09
2022-04-05 19:00:00,305.0
2022-04-05 19:15:00,289.9
2022-04-05 19:30:00,273.2
2022-04-05 19:45:00,255.05
2022-04-05 20:00:00,325.08
2022-04-05 20:15:00,290.24
2022-04-05 20:30:00,260.45
2022-04-05 20:45:00,235.45
2022-04-05 21:00:00,310.05
2022-04-05 21:15:00,275.09
2022-04-05 21:30:00,235.45
2022-04-05 21:45:00,219.98
2022-04-05 22:00:00,270.03
2022-04-05 22:15:00,240.06
2022-04-05 22:30:00,210.45
2022-04-05 22:45:00,210.0
2022-04-05 23:00:00,240.05
2022-04-05 23:15:00,225.0
2022-04-05 23:30:00,195.0
2022-04-05 23:45:00,146.61
2022-04-06 00:00:00,156.84
2022-04-06 00:15:00,175.17
2022-04-06 00:30:00,169.93
2022-04-06 00:45:00,158.21
2022-04-06 01:00:00,182.1
2022-04-06 01:15:00,156.09
2022-04-06 01:30:00,151.13
2022-04-06 01:45:00,110.0
2022-04-06 02:00:00,154.92
2022-04-06 02:15:00,144.9
2022-04-06 02:30:00,129.91
2022-04-06 02:45:00,111.8
2022-04-06 03:00:00,110.84
2022-04-06 03:15:00,129.91
2022-04-06 03:30:00,134.96
2022-04-06 03:45:00,148.04
2022-04-06 04:00:00,99.96
2022-04-06 04:15:00,125.11
2022-04-06 04:30:00,150.0
2022-04-06 04:45:00,182.1
2022-04-06 05:00:00,81.72
2022-04-06 05:15:00,149.97
2022-04-06 05:30:00,182.1
2022-04-06 05:45:00,246.46
2022-04-06 06:00:00,120.54
2022-04-06 06:15:00,190.0
2022-04-06 06:30:00,259.9
2022-04-06 06:45:00,299.91
2022-04-06 07:00:00,200.08
2022-04-06 07:15:00,270.0
2022-04-06 07:30:00,280.0
2022-04-06 07:45:00,295.0
2022-04-06 08:00:00,255.1
2022-04-06 08:15:00,265.82
2022-04-06 08:30:00,240.0
2022-04-06 08:45:00,215.08
2022-04-06 09:00:00,266.41
2022-04-06 09:15:00,240.0
2022-04-06 09:30:00,216.5
2022-04-06 09:45:00,181.09
2022-04-06 10:00:00,240.0
2022-04-06 10:15:00,214.31
2022-04-06 10:30:00,205.0
2022-04-06 10:45:00,181.09
2022-04-06 11:00:00,240.0
2022-04-06 11:15:00,229.91
2022-04-06 11:30:00,182.1
2022-04-06 11:45:00,179.9
2022-04-06 12:00:00,224.94
2022-04-06 12:15:00,184.95
2022-04-06 12:30:00,182.1
2022-04-06 12:45:00,156.09
2022-04-06 13:00:00,219.94
2022-04-06 13:15:00,205.14
2022-04-06 13:30:00,182.1
2022-04-06 13:45:00,152.1
2022-04-06 14:00:00,182.1
2022-04-06 14:15:00,182.1
2022-04-06 14:30:00,181.09
2022-04-06 14:45:00,181.09
2022-04-06 15:00:00,167.36
2022-04-06 15:15:00,179.93
2022-04-06 15:30:00,182.1
2022-04-06 15:45:00,182.1
2022-04-06 16:00:00,179.94
2022-04-06 16:15:00,179.97
2022-04-06 16:30:00,181.09
2022-04-06 16:45:00,182.12
2022-04-06 17:00:00,130.0
2022-04-06 17:15:00,181.09
2022-04-06 17:30:00,206.09
2022-04-06 17:45:00,239.9
2022-04-06 18:00:00,181.09
2022-04-06 18:15:00,206.09
2022-04-06 18:30:00,239.91
2022-04-06 18:45:00,240.0
2022-04-06 19:00:00,270.0
2022-04-06 19:15:00,225.1
2022-04-06 19:30:00,233.7
2022-04-06 19:45:00,206.09
2022-04-06 20:00:00,287.72
2022-04-06 20:15:00,240.0
2022-04-06 20:30:00,206.65
2022-04-06 20:45:00,165.62
2022-04-06 21:00:00,253.38
2022-04-06 21:15:00,240.0
2022-04-06 21:30:00,182.1
2022-04-06 21:45:00,148.54
2022-04-06 22:00:00,230.0
2022-04-06 22:15:00,191.77
2022-04-06 22:30:00,160.0
2022-04-06 22:45:00,145.24
2022-04-06 23:00:00,205.0
2022-04-06 23:15:00,179.91
2022-04-06 23:30:00,125.0
2022-04-06 23:45:00,130.31
2022-04-07 00:00:00,150.0
2022-04-07 00:15:00,133.58
2022-04-07 00:30:00,105.0
2022-04-07 00:45:00,94.91
2022-04-07 01:00:00,150.0
2022-04-07 01:15:00,144.96
2022-04-07 01:30:00,112.57
2022-04-07 01:45:00,82.08
2022-04-07 02:00:00,125.1
2022-04-07 02:15:00,102.29
2022-04-07 02:30:00,104.29
2022-04-07 02:45:00,85.02
2022-04-07 03:00:00,114.12
2022-04-07 03:15:00,104.9
2022-04-07 03:30:00,104.93
2022-04-07 03:45:00,109.93
2022-04-07 04:00:00,81.06
2022-04-07 04:15:00,105.0
2022-04-07 04:30:00,121.57
2022-04-07 04:45:00,147.58
2022-04-07 05:00:00,50.21
2022-04-07 05:15:00,119.92
2022-04-07 05:30:00,150.0
2022-04-07 05:45:00,220.0
2022-04-07 06:00:00,87.05
2022-04-07 06:15:00,154.91
2022-04-07 06:30:00,219.95
2022-04-07 06:45:00,240.0
2022-04-07 07:00:00,170.03
2022-04-07 07:15:00,196.03
2022-04-07 07:30:00,225.04
2022-04-07 07:45:00,230.07
2022-04-07 08:00:00,230.03
2022-04-07 08:15:00,220.01
2022-04-07 08:30:00,171.57
2022-04-07 08:45:00,150.06
2022-04-07 09:00:00,210.06
2022-04-07 09:15:00,190.0
2022-04-07 09:30:00,152.48
2022-04-07 09:45:00,138.29
2022-04-07 10:00:00,155.04
2022-04-07 10:15:00,143.08
2022-04-07 10:30:00,140.08
2022-04-07 10:45:00,146.57
2022-04-07 11:00:00,170.01
2022-04-07 11:15:00,153.42
2022-04-07 11:30:00,146.57
2022-04-07 11:45:00,130.0
2022-04-07 12:00:00,186.02
2022-04-07 12:15:00,146.57
2022-04-07 12:30:00,140.01
2022-04-07 12:45:00,120.0
2022-04-07 13:00:00,151.94
2022-04-07 13:15:00,150.09
2022-04-07 13:30:00,147.58
2022-04-07 13:45:00,130.08
2022-04-07 14:00:00,140.32
2022-04-07 14:15:00,146.57
2022-04-07 14:30:00,146.57
2022-04-07 14:45:00,146.57
2022-04-07 15:00:00,140.0
2022-04-07 15:15:00,147.58
2022-04-07 15:30:00,147.46
2022-04-07 15:45:00,147.58
2022-04-07 16:00:00,134.07
2022-04-07 16:15:00,136.57
2022-04-07 16:30:00,146.57
2022-04-07 16:45:00,162.87
2022-04-07 17:00:00,105.0
2022-04-07 17:15:00,146.57
2022-04-07 17:30:00,169.77
2022-04-07 17:45:00,205.1
2022-04-07 18:00:00,146.57
2022-04-07 18:15:00,146.57
2022-04-07 18:30:00,205.0
2022-04-07 18:45:00,240.05
2022-04-07 19:00:00,190.08
2022-04-07 19:15:00,179.57
2022-04-07 19:30:00,211.0
2022-04-07 19:45:00,210.02
2022-04-07 20:00:00,240.0
2022-04-07 20:15:00,225.02
2022-04-07 20:30:00,171.57
2022-04-07 20:45:00,128.37
2022-04-07 21:00:00,220.08
2022-04-07 21:15:00,171.57
2022-04-07 21:30:00,146.57
2022-04-07 21:45:00,100.05
2022-04-07 22:00:00,200.03
2022-04-07 22:15:00,147.58
2022-04-07 22:30:00,145.02
2022-04-07 22:45:00,105.0
2022-04-07 23:00:00,180.04
2022-04-07 23:15:00,130.09
2022-04-07 23:30:00,110.01
2022-04-07 23:45:00,105.0
2022-04-08 00:00:00,179.96
2022-04-08 00:15:00,110.89
2022-04-08 00:30:00,93.31
2022-04-08 00:45:00,93.31
2022-04-08 01:00:00,194.97
2022-04-08 01:15:00,97.79
2022-04-08 01:30:00,93.31
2022-04-08 01:45:00,86.47
2022-04-08 02:00:00,170.0
2022-04-08 02:15:00,93.31
2022-04-08 02:30:00,89.51
2022-04-08 02:45:00,67.3
2022-04-08 03:00:00,96.11
2022-04-08 03:15:00,89.98
2022-04-08 03:30:00,99.9
2022-04-08 03:45:00,93.31
2022-04-08 04:00:00,60.58
2022-04-08 04:15:00,68.4
2022-04-08 04:30:00,94.96
2022-04-08 04:45:00,159.91
2022-04-08 05:00:00,39.94
2022-04-08 05:15:00,89.91
2022-04-08 05:30:00,136.43
2022-04-08 05:45:00,209.99
2022-04-08 06:00:00,80.0
2022-04-08 06:15:00,119.93
2022-04-08 06:30:00,209.97
2022-04-08 06:45:00,240.0
2022-04-08 07:00:00,113.36
2022-04-08 07:15:00,181.23
2022-04-08 07:30:00,229.93
2022-04-08 07:45:00,240.0
2022-04-08 08:00:00,175.0
2022-04-08 08:15:00,185.0
2022-04-08 08:30:00,180.0
2022-04-08 08:45:00,162.0
2022-04-08 09:00:00,189.96
2022-04-08 09:15:00,179.92
2022-04-08 09:30:00,179.92
2022-04-08 09:45:00,120.0
2022-04-08 10:00:00,169.94
2022-04-08 10:15:00,159.93
2022-04-08 10:30:00,149.91
2022-04-08 10:45:00,120.23
2022-04-08 11:00:00,174.65
2022-04-08 11:15:00,160.0
2022-04-08 11:30:00,149.97
2022-04-08 11:45:00,106.47
2022-04-08 12:00:00,219.94
2022-04-08 12:15:00,178.93
2022-04-08 12:30:00,124.81
2022-04-08 12:45:00,108.73
2022-04-08 13:00:00,158.87
2022-04-08 13:15:00,135.0
2022-04-08 13:30:00,125.0
2022-04-08 13:45:00,220.08
2022-04-08 14:00:00,125.29
2022-04-08 14:15:00,120.1
2022-04-08 14:30:00,174.26
2022-04-08 14:45:00,280.01
2022-04-08 15:00:00,150.04
2022-04-08 15:15:00,155.1
2022-04-08 15:30:00,175.07
2022-04-08 15:45:00,235.0
2022-04-08 16:00:00,150.07
2022-04-08 16:15:00,160.1
2022-04-08 16:30:00,205.0
2022-04-08 16:45:00,238.96
2022-04-08 17:00:00,144.84
2022-04-08 17:15:00,200.08
2022-04-08 17:30:00,240.0
2022-04-08 17:45:00,240.05
2022-04-08 18:00:00,200.06
2022-04-08 18:15:00,239.37
2022-04-08 18:30:00,240.02
2022-04-08 18:45:00,255.02
2022-04-08 19:00:00,256.42
2022-04-08 19:15:00,251.08
2022-04-08 19:30:00,261.44
2022-04-08 19:45:00,230.08
2022-04-08 20:00:00,335.0
2022-04-08 20:15:00,275.08
2022-04-08 20:30:00,251.03
2022-04-08 20:45:00,181.93
2022-04-08 21:00:00,293.85
2022-04-08 21:15:00,261.38
2022-04-08 21:30:00,230.05
2022-04-08 21:45:00,117.3
2022-04-08 22:00:00,246.71
2022-04-08 22:15:00,250.03
2022-04-08 22:30:00,210.01
2022-04-08 22:45:00,130.05
2022-04-08 23:00:00,260.1
2022-04-08 23:15:00,240.0
2022-04-08 23:30:00,140.03
2022-04-08 23:45:00,111.81
2022-04-09 00:00:00,200.02
2022-04-09 00:15:00,145.65
2022-04-09 00:30:00,117.34
2022-04-09 00:45:00,110.0
2022-04-09 01:00:00,179.91
2022-04-09 01:15:00,150.0
2022-04-09 01:30:00,117.34
2022-04-09 01:45:00,104.82
2022-04-09 02:00:00,150.0
2022-04-09 02:15:00,117.34
2022-04-09 02:30:00,119.75
2022-04-09 02:45:00,114.99
2022-04-09 03:00:00,115.41
2022-04-09 03:15:00,117.34
2022-04-09 03:30:00,113.41
2022-04-09 03:45:00,116.66
2022-04-09 04:00:00,114.93
2022-04-09 04:15:00,114.96
2022-04-09 04:30:00,117.34
2022-04-09 04:45:00,129.95
2022-04-09 05:00:00,105.0
2022-04-09 05:15:00,105.84
2022-04-09 05:30:00,124.94
2022-04-09 05:45:00,143.84
2022-04-09 06:00:00,95.53
2022-04-09 06:15:00,109.98
2022-04-09 06:30:00,124.98
2022-04-09 06:45:00,144.98
2022-04-09 07:00:00,110.0
2022-04-09 07:15:00,117.34
2022-04-09 07:30:00,145.94
2022-04-09 07:45:00,158.44
2022-04-09 08:00:00,105.0
2022-04-09 08:15:00,124.92
2022-04-09 08:30:00,138.29
2022-04-09 08:45:00,149.93
2022-04-09 09:00:00,99.94
2022-04-09 09:15:00,117.34
2022-04-09 09:30:00,117.34
2022-04-09 09:45:00,109.96
2022-04-09 10:00:00,114.96
2022-04-09 10:15:00,114.98
2022-04-09 10:30:00,116.71
2022-04-09 10:45:00,117.34
2022-04-09 11:00:00,117.34
2022-04-09 11:15:00,117.34
2022-04-09 11:30:00,105.43
2022-04-09 11:45:00,83.03
2022-04-09 12:00:00,150.0
2022-04-09 12:15:00,117.34
2022-04-09 12:30:00,89.98
2022-04-09 12:45:00,48.96
2022-04-09 13:00:00,125.1
2022-04-09 13:15:00,117.34
2022-04-09 13:30:00,95.0
2022-04-09 13:45:00,68.16
2022-04-09 14:00:00,99.38
2022-04-09 14:15:00,100.0
2022-04-09 14:30:00,110.0
2022-04-09 14:45:00,89.91
2022-04-09 15:00:00,100.63
2022-04-09 15:15:00,107.38
2022-04-09 15:30:00,106.13
2022-04-09 15:45:00,101.38
2022-04-09 16:00:00,95.0
2022-04-09 16:15:00,105.0
2022-04-09 16:30:00,110.09
2022-04-09 16:45:00,140.03
2022-04-09 17:00:00,79.97
2022-04-09 17:15:00,117.34
2022-04-09 17:30:00,124.95
2022-04-09 17:45:00,142.34
2022-04-09 18:00:00,140.0
2022-04-09 18:15:00,142.34
2022-04-09 18:30:00,135.09
2022-04-09 18:45:00,142.34
2022-04-09 19:00:00,150.67
2022-04-09 19:15:00,142.34
2022-04-09 19:30:00,142.34
2022-04-09 19:45:00,125.05
2022-04-09 20:00:00,185.31
2022-04-09 20:15:00,150.05
2022-04-09 20:30:00,120.05
2022-04-09 20:45:00,105.0
2022-04-09 21:00:00,160.01
2022-04-09 21:15:00,127.9
2022-04-09 21:30:00,110.02
2022-04-09 21:45:00,100.01
2022-04-09 22:00:00,142.34
2022-04-09 22:15:00,130.06
2022-04-09 22:30:00,101.84
2022-04-09 22:45:00,94.34
2022-04-09 23:00:00,150.01
2022-04-09 23:15:00,117.34
2022-04-09 23:30:00,90.07
2022-04-09 23:45:00,70.1
2022-04-10 00:00:00,145.49
2022-04-10 00:15:00,132.42
2022-04-10 00:30:00,111.5
2022-04-10 00:45:00,110.75
2022-04-10 01:00:00,125.04
2022-04-10 01:15:00,111.5
2022-04-10 01:30:00,100.0
2022-04-10 01:45:00,88.69
2022-04-10 02:00:00,115.0
2022-04-10 02:15:00,111.5
2022-04-10 02:30:00,111.5
2022-04-10 02:45:00,105.53
2022-04-10 03:00:00,111.5
2022-04-10 03:15:00,111.07
2022-04-10 03:30:00,101.82
2022-04-10 03:45:00,95.82
2022-04-10 04:00:00,105.83
2022-04-10 04:15:00,109.83
2022-04-10 04:30:00,111.5
2022-04-10 04:45:00,111.5
2022-04-10 05:00:00,111.5
2022-04-10 05:15:00,111.5
2022-04-10 05:30:00,111.5
2022-04-10 05:45:00,111.5
2022-04-10 06:00:00,94.42
2022-04-10 06:15:00,107.08
2022-04-10 06:30:00,111.5
2022-04-10 06:45:00,115.0
2022-04-10 07:00:00,99.99
2022-04-10 07:15:00,111.5
2022-04-10 07:30:00,114.63
2022-04-10 07:45:00,149.91
2022-04-10 08:00:00,111.5
2022-04-10 08:15:00,119.92
2022-04-10 08:30:00,136.5
2022-04-10 08:45:00,119.98
2022-04-10 09:00:00,111.5
2022-04-10 09:15:00,111.5
2022-04-10 09:30:00,111.5
2022-04-10 09:45:00,119.71
2022-04-10 10:00:00,111.5
2022-04-10 10:15:00,111.5
2022-04-10 10:30:00,111.5
2022-04-10 10:45:00,111.5
2022-04-10 11:00:00,114.94
2022-04-10 11:15:00,119.93
2022-04-10 11:30:00,120.4
2022-04-10 11:45:00,111.5
2022-04-10 12:00:00,136.5
2022-04-10 12:15:00,111.5
2022-04-10 12:30:00,105.0
2022-04-10 12:45:00,80.0
2022-04-10 13:00:00,112.51
2022-04-10 13:15:00,95.51
2022-04-10 13:30:00,81.98
2022-04-10 13:45:00,30.0
2022-04-10 14:00:00,100.0
2022-04-10 14:15:00,80.33
2022-04-10 14:30:00,63.83
2022-04-10 14:45:00,40.0
2022-04-10 15:00:00,80.1
2022-04-10 15:15:00,80.89
2022-04-10 15:30:00,65.4
2022-04-10 15:45:00,77.39
2022-04-10 16:00:00,78.0
2022-04-10 16:15:00,86.5
2022-04-10 16:30:00,100.1
2022-04-10 16:45:00,115.0
2022-04-10 17:00:00,54.39
2022-04-10 17:15:00,112.51
2022-04-10 17:30:00,123.6
2022-04-10 17:45:00,129.96
2022-04-10 18:00:00,100.22
2022-04-10 18:15:00,136.5
2022-04-10 18:30:00,156.0
2022-04-10 18:45:00,207.28
2022-04-10 19:00:00,124.75
2022-04-10 19:15:00,179.46
2022-04-10 19:30:00,230.06
2022-04-10 19:45:00,267.57
2022-04-10 20:00:00,200.1
2022-04-10 20:15:00,213.98
2022-04-10 20:30:00,220.02
2022-04-10 20:45:00,180.06
2022-04-10 21:00:00,220.08
2022-04-10 21:15:00,197.57
2022-04-10 21:30:00,186.64
2022-04-10 21:45:00,160.06
2022-04-10 22:00:00,210.09
2022-04-10 22:15:00,244.9
2022-04-10 22:30:00,176.19
2022-04-10 22:45:00,156.49
2022-04-10 23:00:00,230.07
2022-04-10 23:15:00,186.18
2022-04-10 23:30:00,170.02
2022-04-10 23:45:00,147.5
2022-04-11 00:00:00,211.07
2022-04-11 00:15:00,200.06
2022-04-11 00:30:00,182.08
2022-04-11 00:45:00,181.7
2022-04-11 01:00:00,199.14
2022-04-11 01:15:00,195.0
2022-04-11 01:30:00,182.08
2022-04-11 01:45:00,175.0
2022-04-11 02:00:00,182.08
2022-04-11 02:15:00,182.08
2022-04-11 02:30:00,182.08
2022-04-11 02:45:00,182.08
2022-04-11 03:00:00,197.01
2022-04-11 03:15:00,182.08
2022-04-11 03:30:00,182.08
2022-04-11 03:45:00,183.82
2022-04-11 04:00:00,181.07
2022-04-11 04:15:00,182.08
2022-04-11 04:30:00,215.73
2022-04-11 04:45:00,278.18
2022-04-11 05:00:00,160.06
2022-04-11 05:15:00,182.08
2022-04-11 05:30:00,284.97
2022-04-11 05:45:00,330.0
2022-04-11 06:00:00,170.09
2022-04-11 06:15:00,232.12
2022-04-11 06:30:00,325.59
2022-04-11 06:45:00,355.0
2022-04-11 07:00:00,295.07
2022-04-11 07:15:00,340.0
2022-04-11 07:30:00,325.0
2022-04-11 07:45:00,339.91
2022-04-11 08:00:00,395.89
2022-04-11 08:15:00,350.0
2022-04-11 08:30:00,319.91
2022-04-11 08:45:00,214.57
2022-04-11 09:00:00,335.0
2022-04-11 09:15:00,290.9
2022-04-11 09:30:00,259.92
2022-04-11 09:45:00,199.94
2022-04-11 10:00:00,289.94
2022-04-11 10:15:00,269.95
2022-04-11 10:30:00,239.95
2022-04-11 10:45:00,193.35
2022-04-11 11:00:00,273.54
2022-04-11 11:15:00,267.13
2022-04-11 11:30:00,230.33
2022-04-11 11:45:00,205.0
2022-04-11 12:00:00,267.18
2022-04-11 12:15:00,225.53
2022-04-11 12:30:00,210.53
2022-04-11 12:45:00,200.77
2022-04-11 13:00:00,267.12
2022-04-11 13:15:00,200.0
2022-04-11 13:30:00,190.0
2022-04-11 13:45:00,182.08
2022-04-11 14:00:00,197.14
2022-04-11 14:15:00,199.06
2022-04-11 14:30:00,209.45
2022-04-11 14:45:00,200.26
2022-04-11 15:00:00,189.13
2022-04-11 15:15:00,199.98
2022-04-11 15:30:00,219.96
2022-04-11 15:45:00,229.96
2022-04-11 16:00:00,182.08
2022-04-11 16:15:00,209.99
2022-04-11 16:30:00,249.96
2022-04-11 16:45:00,279.95
2022-04-11 17:00:00,181.07
2022-04-11 17:15:00,230.0
2022-04-11 17:30:00,278.23
2022-04-11 17:45:00,297.77
2022-04-11 18:00:00,185.0
2022-04-11 18:15:00,269.9
2022-04-11 18:30:00,324.9
2022-04-11 18:45:00,364.5
2022-04-11 19:00:00,274.9
2022-04-11 19:15:00,319.9
2022-04-11 19:30:00,344.9
2022-04-11 19:45:00,305.06
2022-04-11 20:00:00,345.0
2022-04-11 20:15:00,330.0
2022-04-11 20:30:00,292.39
2022-04-11 20:45:00,235.01
2022-04-11 21:00:00,328.09
2022-04-11 21:15:00,311.5
2022-04-11 21:30:00,285.0
2022-04-11 21:45:00,206.07
2022-04-11 22:00:00,300.0
2022-04-11 22:15:00,280.36
2022-04-11 22:30:00,254.55
2022-04-11 22:45:00,185.88
2022-04-11 23:00:00,290.66
2022-04-11 23:15:00,275.83
2022-04-11 23:30:00,221.39
2022-04-11 23:45:00,182.08
2022-04-12 00:00:00,245.0
2022-04-12 00:15:00,209.74
2022-04-12 00:30:00,188.76
2022-04-12 00:45:00,171.82
2022-04-12 01:00:00,217.17
2022-04-12 01:15:00,196.82
2022-04-12 01:30:00,189.91
2022-04-12 01:45:00,171.82
2022-04-12 02:00:00,199.95
2022-04-12 02:15:00,192.11
2022-04-12 02:30:00,185.0
2022-04-12 02:45:00,172.83
2022-04-12 03:00:00,172.83
2022-04-12 03:15:00,172.83
2022-04-12 03:30:00,177.71
2022-04-12 03:45:00,184.91
2022-04-12 04:00:00,144.96
2022-04-12 04:15:00,159.95
2022-04-12 04:30:00,179.91
2022-04-12 04:45:00,235.59
2022-04-12 05:00:00,125.89
2022-04-12 05:15:00,171.82
2022-04-12 05:30:00,219.99
2022-04-12 05:45:00,277.09
2022-04-12 06:00:00,149.73
2022-04-12 06:15:00,235.0
2022-04-12 06:30:00,270.0
2022-04-12 06:45:00,305.0
2022-04-12 07:00:00,225.01
2022-04-12 07:15:00,274.9
2022-04-12 07:30:00,275.13
2022-04-12 07:45:00,281.58
2022-04-12 08:00:00,280.03
2022-04-12 08:15:00,281.51
2022-04-12 08:30:00,245.0
2022-04-12 08:45:00,185.07
2022-04-12 09:00:00,266.01
2022-04-12 09:15:00,240.0
2022-04-12 09:30:00,215.0
2022-04-12 09:45:00,184.9
2022-04-12 10:00:00,228.92
2022-04-12 10:15:00,196.82
2022-04-12 10:30:00,194.96
2022-04-12 10:45:00,171.82
2022-04-12 11:00:00,209.38
2022-04-12 11:15:00,196.82
2022-04-12 11:30:00,171.82
2022-04-12 11:45:00,140.88
2022-04-12 12:00:00,194.96
2022-04-12 12:15:00,172.83
2022-04-12 12:30:00,146.82
2022-04-12 12:45:00,133.62
2022-04-12 13:00:00,190.83
2022-04-12 13:15:00,172.83
2022-04-12 13:30:00,154.95
2022-04-12 13:45:00,129.34
2022-04-12 14:00:00,166.44
2022-04-12 14:15:00,146.41
2022-04-12 14:30:00,149.99
2022-04-12 14:45:00,154.92
2022-04-12 15:00:00,144.94
2022-04-12 15:15:00,161.67
2022-04-12 15:30:00,172.83
2022-04-12 15:45:00,172.83
2022-04-12 16:00:00,146.82
2022-04-12 16:15:00,146.82
2022-04-12 16:30:00,172.83
2022-04-12 16:45:00,179.08
2022-04-12 17:00:00,136.64
2022-04-12 17:15:00,171.82
2022-04-12 17:30:00,190.09
2022-04-12 17:45:00,220.64
2022-04-12 18:00:00,172.83
2022-04-12 18:15:00,221.95
2022-04-12 18:30:00,240.0
2022-04-12 18:45:00,265.0
2022-04-12 19:00:00,232.59
2022-04-12 19:15:00,255.0
2022-04-12 19:30:00,265.0
2022-04-12 19:45:00,235.04
2022-04-12 20:00:00,295.42
2022-04-12 20:15:00,278.61
2022-04-12 20:30:00,210.02
2022-04-12 20:45:00,171.82
2022-04-12 21:00:00,264.99
2022-04-12 21:15:00,239.97
2022-04-12 21:30:00,196.82
2022-04-12 21:45:00,159.02
2022-04-12 22:00:00,240.0
2022-04-12 22:15:00,229.98
2022-04-12 22:30:00,177.47
2022-04-12 22:45:00,159.94
2022-04-12 23:00:00,239.92
2022-04-12 23:15:00,196.82
2022-04-12 23:30:00,144.84
2022-04-12 23:45:00,125.31
2022-04-13 00:00:00,200.0
2022-04-13 00:15:00,171.54
2022-04-13 00:30:00,169.91
2022-04-13 00:45:00,149.56
2022-04-13 01:00:00,195.66
2022-04-13 01:15:00,176.16
2022-04-13 01:30:00,171.54
2022-04-13 01:45:00,145.53
2022-04-13 02:00:00,185.0
2022-04-13 02:15:00,171.54
2022-04-13 02:30:00,171.54
2022-04-13 02:45:00,166.14
2022-04-13 03:00:00,171.54
2022-04-13 03:15:00,173.83
2022-04-13 03:30:00,174.79
2022-04-13 03:45:00,184.39
2022-04-13 04:00:00,163.31
2022-04-13 04:15:00,171.54
2022-04-13 04:30:00,189.54
2022-04-13 04:45:00,210.0
2022-04-13 05:00:00,148.28
2022-04-13 05:15:00,171.54
2022-04-13 05:30:00,259.99
2022-04-13 05:45:00,324.95
2022-04-13 06:00:00,170.53
2022-04-13 06:15:00,218.87
2022-04-13 06:30:00,282.92
2022-04-13 06:45:00,323.49
2022-04-13 07:00:00,228.11
2022-04-13 07:15:00,289.92
2022-04-13 07:30:00,265.1
2022-04-13 07:45:00,291.96
2022-04-13 08:00:00,302.62
2022-04-13 08:15:00,289.26
2022-04-13 08:30:00,245.08
2022-04-13 08:45:00,192.66
2022-04-13 09:00:00,295.0
2022-04-13 09:15:00,280.0
2022-04-13 09:30:00,244.81
2022-04-13 09:45:00,171.54
2022-04-13 10:00:00,275.97
2022-04-13 10:15:00,234.95
2022-04-13 10:30:00,204.94
2022-04-13 10:45:00,174.99
2022-04-13 11:00:00,234.96
2022-04-13 11:15:00,219.99
2022-04-13 11:30:00,229.9
2022-04-13 11:45:00,171.28
2022-04-13 12:00:00,216.72
2022-04-13 12:15:00,200.0
2022-04-13 12:30:00,171.54
2022-04-13 12:45:00,171.54
2022-04-13 13:00:00,200.0
2022-04-13 13:15:00,195.89
2022-04-13 13:30:00,174.93
2022-04-13 13:45:00,170.53
2022-04-13 14:00:00,185.17
2022-04-13 14:15:00,176.54
2022-04-13 14:30:00,189.25
2022-04-13 14:45:00,184.93
2022-04-13 15:00:00,171.54
2022-04-13 15:15:00,179.97
2022-04-13 15:30:00,194.97
2022-04-13 15:45:00,209.91
2022-04-13 16:00:00,171.54
2022-04-13 16:15:00,203.53
2022-04-13 16:30:00,226.32
2022-04-13 16:45:00,269.94
2022-04-13 17:00:00,170.53
2022-04-13 17:15:00,224.95
2022-04-13 17:30:00,284.52
2022-04-13 17:45:00,300.77
2022-04-13 18:00:00,214.86
2022-04-13 18:15:00,260.02
2022-04-13 18:30:00,285.09
2022-04-13 18:45:00,326.37
2022-04-13 19:00:00,305.0
2022-04-13 19:15:00,310.0
2022-04-13 19:30:00,325.0
2022-04-13 19:45:00,305.01
2022-04-13 20:00:00,351.76
2022-04-13 20:15:00,330.0
2022-04-13 20:30:00,305.0
2022-04-13 20:45:00,225.06
2022-04-13 21:00:00,328.5
2022-04-13 21:15:00,300.71
2022-04-13 21:30:00,235.1
2022-04-13 21:45:00,195.53
2022-04-13 22:00:00,320.0
2022-04-13 22:15:00,290.0
2022-04-13 22:30:00,226.52
2022-04-13 22:45:00,180.08
2022-04-13 23:00:00,300.2
2022-04-13 23:15:00,259.92
2022-04-13 23:30:00,195.53
2022-04-13 23:45:00,170.53
2022-04-14 00:00:00,276.4
2022-04-14 00:15:00,230.35
2022-04-14 00:30:00,200.0
2022-04-14 00:45:00,198.45
2022-04-14 01:00:00,238.4
2022-04-14 01:15:00,223.45
2022-04-14 01:30:00,223.45
2022-04-14 01:45:00,198.45
2022-04-14 02:00:00,227.16
2022-04-14 02:15:00,223.45
2022-04-14 02:30:00,199.46
2022-04-14 02:45:00,199.46
2022-04-14 03:00:00,199.46
2022-04-14 03:15:00,200.0
2022-04-14 03:30:00,200.0
2022-04-14 03:45:00,200.0
2022-04-14 04:00:00,182.56
2022-04-14 04:15:00,199.46
2022-04-14 04:30:00,200.0
2022-04-14 04:45:00,245.45
2022-04-14 05:00:00,153.51
2022-04-14 05:15:00,198.45
2022-04-14 05:30:00,234.01
2022-04-14 05:45:00,306.6
2022-04-14 06:00:00,183.08
2022-04-14 06:15:00,243.21
2022-04-14 06:30:00,289.96
2022-04-14 06:45:00,324.95
2022-04-14 07:00:00,239.45
2022-04-14 07:15:00,284.98
2022-04-14 07:30:00,294.99
2022-04-14 07:45:00,315.77
2022-04-14 08:00:00,320.0
2022-04-14 08:15:00,300.0
2022-04-14 08:30:00,269.45
2022-04-14 08:45:00,235.04
2022-04-14 09:00:00,299.14
2022-04-14 09:15:00,280.0
2022-04-14 09:30:00,242.59
2022-04-14 09:45:00,199.46
2022-04-14 10:00:00,259.32
2022-04-14 10:15:00,239.96
2022-04-14 10:30:00,224.97
2022-04-14 10:45:00,223.45
2022-04-14 11:00:00,244.99
2022-04-14 11:15:00,225.78
2022-04-14 11:30:00,228.28
2022-04-14 11:45:00,198.45
2022-04-14 12:00:00,229.9
2022-04-14 12:15:00,205.06
2022-04-14 12:30:00,199.46
2022-04-14 12:45:00,189.95
2022-04-14 13:00:00,200.0
2022-04-14 13:15:00,200.0
2022-04-14 13:30:00,199.46
2022-04-14 13:45:00,186.5
2022-04-14 14:00:00,173.45
2022-04-14 14:15:00,197.4
2022-04-14 14:30:00,199.46
2022-04-14 14:45:00,199.46
2022-04-14 15:00:00,173.45
2022-04-14 15:15:00,199.46
2022-04-14 15:30:00,199.46
2022-04-14 15:45:00,200.0
2022-04-14 16:00:00,192.89
2022-04-14 16:15:00,199.46
2022-04-14 16:30:00,199.46
2022-04-14 16:45:00,215.0
2022-04-14 17:00:00,180.0
2022-04-14 17:15:00,213.08
2022-04-14 17:30:00,240.02
2022-04-14 17:45:00,270.0
2022-04-14 18:00:00,215.0
2022-04-14 18:15:00,225.02
2022-04-14 18:30:00,265.07
2022-04-14 18:45:00,294.91
2022-04-14 19:00:00,270.06
2022-04-14 19:15:00,270.07
2022-04-14 19:30:00,275.05
2022-04-14 19:45:00,297.21
2022-04-14 20:00:00,342.76
2022-04-14 20:15:00,310.61
2022-04-14 20:30:00,265.09
2022-04-14 20:45:00,225.01
2022-04-14 21:00:00,315.04
2022-04-14 21:15:00,280.08
2022-04-14 21:30:00,240.04
2022-04-14 21:45:00,198.45
2022-04-14 22:00:00,285.09
2022-04-14 22:15:00,268.36
2022-04-14 22:30:00,220.09
2022-04-14 22:45:00,199.46
2022-04-14 23:00:00,277.35
2022-04-14 23:15:00,229.35
2022-04-14 23:30:00,198.45
2022-04-14 23:45:00,198.45
2022-04-15 00:00:00,270.15
2022-04-15 00:15:00,214.99
2022-04-15 00:30:00,171.61
2022-04-15 00:45:00,195.0
2022-04-15 01:00:00,249.94
2022-04-15 01:15:00,190.0
2022-04-15 01:30:00,175.77
2022-04-15 01:45:00,147.62
2022-04-15 02:00:00,219.61
2022-04-15 02:15:00,194.94
2022-04-15 02:30:00,167.09
2022-04-15 02:45:00,154.92
2022-04-15 03:00:00,196.74
2022-04-15 03:15:00,184.93
2022-04-15 03:30:00,169.96
2022-04-15 03:45:00,169.98
2022-04-15 04:00:00,146.61
2022-04-15 04:15:00,169.91
2022-04-15 04:30:00,174.06
2022-04-15 04:45:00,258.91
2022-04-15 05:00:00,128.95
2022-04-15 05:15:00,148.01
2022-04-15 05:30:00,200.0
2022-04-15 05:45:00,293.24
2022-04-15 06:00:00,125.87
2022-04-15 06:15:00,183.06
2022-04-15 06:30:00,230.0
2022-04-15 06:45:00,291.27
2022-04-15 07:00:00,147.62
2022-04-15 07:15:00,220.0
2022-04-15 07:30:00,235.0
2022-04-15 07:45:00,266.58
2022-04-15 08:00:00,205.02
2022-04-15 08:15:00,190.06
2022-04-15 08:30:00,205.89
2022-04-15 08:45:00,200.0
2022-04-15 09:00:00,235.0
2022-04-15 09:15:00,200.0
2022-04-15 09:30:00,178.66
2022-04-15 09:45:00,147.62
2022-04-15 10:00:00,175.0
2022-04-15 10:15:00,199.92
2022-04-15 10:30:00,176.18
2022-04-15 10:45:00,160.0
2022-04-15 11:00:00,201.11
2022-04-15 11:15:00,200.0
2022-04-15 11:30:00,147.62
2022-04-15 11:45:00,146.61
2022-04-15 12:00:00,202.22
2022-04-15 12:15:00,189.79
2022-04-15 12:30:00,146.61
2022-04-15 12:45:00,136.96
2022-04-15 13:00:00,179.94
2022-04-15 13:15:00,157.46
2022-04-15 13:30:00,147.62
2022-04-15 13:45:00,147.38
2022-04-15 14:00:00,152.35
2022-04-15 14:15:00,147.62
2022-04-15 14:30:00,152.11
2022-04-15 14:45:00,179.93
2022-04-15 15:00:00,147.62
2022-04-15 15:15:00,147.62
2022-04-15 15:30:00,149.95
2022-04-15 15:45:00,171.61
2022-04-15 16:00:00,146.61
2022-04-15 16:15:00,147.62
2022-04-15 16:30:00,147.62
2022-04-15 16:45:00,190.14
2022-04-15 17:00:00,141.53
2022-04-15 17:15:00,147.62
2022-04-15 17:30:00,188.96
2022-04-15 17:45:00,239.9
2022-04-15 18:00:00,171.61
2022-04-15 18:15:00,185.04
2022-04-15 18:30:00,200.0
2022-04-15 18:45:00,239.04
2022-04-15 19:00:00,260.01
2022-04-15 19:15:00,215.04
2022-04-15 19:30:00,190.08
2022-04-15 19:45:00,200.0
2022-04-15 20:00:00,282.35
2022-04-15 20:15:00,235.0
2022-04-15 20:30:00,200.0
2022-04-15 20:45:00,146.61
2022-04-15 21:00:00,270.0
2022-04-15 21:15:00,235.0
2022-04-15 21:30:00,171.61
2022-04-15 21:45:00,136.96
2022-04-15 22:00:00,258.98
2022-04-15 22:15:00,236.27
2022-04-15 22:30:00,190.0
2022-04-15 22:45:00,147.62
2022-04-15 23:00:00,279.91
2022-04-15 23:15:00,203.71
2022-04-15 23:30:00,146.61
2022-04-15 23:45:00,146.61
2022-04-16 00:00:00,259.94
2022-04-16 00:15:00,216.56
2022-04-16 00:30:00,145.0
2022-04-16 00:45:00,132.8
2022-04-16 01:00:00,239.96
2022-04-16 01:15:00,202.17
2022-04-16 01:30:00,151.51
2022-04-16 01:45:00,132.8
2022-04-16 02:00:00,219.97
2022-04-16 02:15:00,207.02
2022-04-16 02:30:00,150.0
2022-04-16 02:45:00,135.0
2022-04-16 03:00:00,177.4
2022-04-16 03:15:00,160.0
2022-04-16 03:30:00,150.0
2022-04-16 03:45:00,145.0
2022-04-16 04:00:00,160.0
2022-04-16 04:15:00,160.0
2022-04-16 04:30:00,165.0
2022-04-16 04:45:00,193.89
2022-04-16 05:00:00,135.0
2022-04-16 05:15:00,163.36
2022-04-16 05:30:00,177.86
2022-04-16 05:45:00,239.91
2022-04-16 06:00:00,131.79
2022-04-16 06:15:00,156.79
2022-04-16 06:30:00,170.0
2022-04-16 06:45:00,203.82
2022-04-16 07:00:00,136.96
2022-04-16 07:15:00,170.0
2022-04-16 07:30:00,195.0
2022-04-16 07:45:00,230.8
2022-04-16 08:00:00,155.1
2022-04-16 08:15:00,160.0
2022-04-16 08:30:00,186.27
2022-04-16 08:45:00,219.93
2022-04-16 09:00:00,196.35
2022-04-16 09:15:00,178.02
2022-04-16 09:30:00,167.52
2022-04-16 09:45:00,174.92
2022-04-16 10:00:00,159.94
2022-04-16 10:15:00,155.0
2022-04-16 10:30:00,147.38
2022-04-16 10:45:00,169.68
2022-04-16 11:00:00,149.99
2022-04-16 11:15:00,155.78
2022-04-16 11:30:00,150.5
2022-04-16 11:45:00,139.94
2022-04-16 12:00:00,132.8
2022-04-16 12:15:00,131.79
2022-04-16 12:30:00,121.81
2022-04-16 12:45:00,89.74
2022-04-16 13:00:00,131.79
2022-04-16 13:15:00,131.36
2022-04-16 13:30:00,110.61
2022-04-16 13:45:00,76.55
2022-04-16 14:00:00,131.79
2022-04-16 14:15:00,124.87
2022-04-16 14:30:00,67.86
2022-04-16 14:45:00,57.21
2022-04-16 15:00:00,116.64
2022-04-16 15:15:00,97.48
2022-04-16 15:30:00,83.98
2022-04-16 15:45:00,78.8
2022-04-16 16:00:00,102.25
2022-04-16 16:15:00,103.17
2022-04-16 16:30:00,109.99
2022-04-16 16:45:00,132.8
2022-04-16 17:00:00,114.49
2022-04-16 17:15:00,136.94
2022-04-16 17:30:00,156.79
2022-04-16 17:45:00,168.33
2022-04-16 18:00:00,159.91
2022-04-16 18:15:00,183.71
2022-04-16 18:30:00,190.02
2022-04-16 18:45:00,210.04
2022-04-16 19:00:00,165.1
2022-04-16 19:15:00,210.02
2022-04-16 19:30:00,241.01
2022-04-16 19:45:00,258.91
2022-04-16 20:00:00,260.0
2022-04-16 20:15:00,251.91
2022-04-16 20:30:00,195.09
2022-04-16 20:45:00,179.74
2022-04-16 21:00:00,260.0
2022-04-16 21:15:00,204.42
2022-04-16 21:30:00,185.03
2022-04-16 21:45:00,170.35
2022-04-16 22:00:00,240.0
2022-04-16 22:15:00,225.0
2022-04-16 22:30:00,191.47
2022-04-16 22:45:00,165.74
2022-04-16 23:00:00,259.93
2022-04-16 23:15:00,210.0
2022-04-16 23:30:00,135.95
2022-04-16 23:45:00,132.8
2022-04-17 00:00:00,239.96
2022-04-17 00:15:00,229.38
2022-04-17 00:30:00,179.38
2022-04-17 00:45:00,118.17
2022-04-17 01:00:00,229.95
2022-04-17 01:15:00,194.95
2022-04-17 01:30:00,175.83
2022-04-17 01:45:00,118.79
2022-04-17 02:00:00,219.91
2022-04-17 02:15:00,179.97
2022-04-17 02:30:00,169.92
2022-04-17 02:45:00,126.16
2022-04-17 03:00:00,189.93
2022-04-17 03:15:00,145.19
2022-04-17 03:30:00,169.9
2022-04-17 03:45:00,127.0
2022-04-17 04:00:00,170.0
2022-04-17 04:15:00,160.0
2022-04-17 04:30:00,147.0
2022-04-17 04:45:00,155.0
2022-04-17 05:00:00,137.82
2022-04-17 05:15:00,177.18
2022-04-17 05:30:00,169.92
2022-04-17 05:45:00,164.9
2022-04-17 06:00:00,135.0
2022-04-17 06:15:00,174.67
2022-04-17 06:30:00,143.22
2022-04-17 06:45:00,174.94
2022-04-17 07:00:00,160.41
2022-04-17 07:15:00,165.0
2022-04-17 07:30:00,155.0
2022-04-17 07:45:00,160.0
2022-04-17 08:00:00,162.24
2022-04-17 08:15:00,179.9
2022-04-17 08:30:00,159.92
2022-04-17 08:45:00,129.94
2022-04-17 09:00:00,169.98
2022-04-17 09:15:00,150.0
2022-04-17 09:30:00,119.99
2022-04-17 09:45:00,129.35
2022-04-17 10:00:00,120.0
2022-04-17 10:15:00,151.32
2022-04-17 10:30:00,107.54
2022-04-17 10:45:00,109.99
2022-04-17 11:00:00,109.54
2022-04-17 11:15:00,134.64
2022-04-17 11:30:00,99.99
2022-04-17 11:45:00,89.96
2022-04-17 12:00:00,179.58
2022-04-17 12:15:00,68.1
2022-04-17 12:30:00,67.09
2022-04-17 12:45:00,39.99
2022-04-17 13:00:00,84.24
2022-04-17 13:15:00,69.9
2022-04-17 13:30:00,68.1
2022-04-17 13:45:00,68.1
2022-04-17 14:00:00,69.92
2022-04-17 14:15:00,59.97
2022-04-17 14:30:00,68.1
2022-04-17 14:45:00,78.95
2022-04-17 15:00:00,59.98
2022-04-17 15:15:00,68.1
2022-04-17 15:30:00,68.1
2022-04-17 15:45:00,79.85
2022-04-17 16:00:00,59.92
2022-04-17 16:15:00,68.1
2022-04-17 16:30:00,79.13
2022-04-17 16:45:00,130.78
2022-04-17 17:00:00,68.1
2022-04-17 17:15:00,96.03
2022-04-17 17:30:00,119.9
2022-04-17 17:45:00,227.79
2022-04-17 18:00:00,94.34
2022-04-17 18:15:00,135.0
2022-04-17 18:30:00,195.0
2022-04-17 18:45:00,268.41
2022-04-17 19:00:00,115.47
2022-04-17 19:15:00,198.58
2022-04-17 19:30:00,260.35
2022-04-17 19:45:00,275.01
2022-04-17 20:00:00,222.39
2022-04-17 20:15:00,260.0
2022-04-17 20:30:00,200.09
2022-04-17 20:45:00,195.04
2022-04-17 21:00:00,262.9
2022-04-17 21:15:00,243.25
2022-04-17 21:30:00,190.03
2022-04-17 21:45:00,170.46
2022-04-17 22:00:00,245.0
2022-04-17 22:15:00,259.91
2022-04-17 22:30:00,220.0
2022-04-17 22:45:00,156.06
2022-04-17 23:00:00,258.79
2022-04-17 23:15:00,225.0
2022-04-17 23:30:00,126.91
2022-04-17 23:45:00,114.87
2022-04-18 00:00:00,238.71
2022-04-18 00:15:00,155.09
2022-04-18 00:30:00,126.84
2022-04-18 00:45:00,111.51
2022-04-18 01:00:00,219.97
2022-04-18 01:15:00,155.0
2022-04-18 01:30:00,140.0
2022-04-18 01:45:00,117.25
2022-04-18 02:00:00,219.91
2022-04-18 02:15:00,155.0
2022-04-18 02:30:00,145.0
2022-04-18 02:45:00,112.36
2022-04-18 03:00:00,182.28
2022-04-18 03:15:00,155.0
2022-04-18 03:30:00,150.0
2022-04-18 03:45:00,145.0
2022-04-18 04:00:00,130.07
2022-04-18 04:15:00,187.17
2022-04-18 04:30:00,155.1
2022-04-18 04:45:00,160.0
2022-04-18 05:00:00,140.06
2022-04-18 05:15:00,140.08
2022-04-18 05:30:00,165.0
2022-04-18 05:45:00,186.98
2022-04-18 06:00:00,170.01
2022-04-18 06:15:00,190.0
2022-04-18 06:30:00,160.09
2022-04-18 06:45:00,185.0
2022-04-18 07:00:00,170.09
2022-04-18 07:15:00,160.09
2022-04-18 07:30:00,190.0
2022-04-18 07:45:00,185.0
2022-04-18 08:00:00,170.07
2022-04-18 08:15:00,181.8
2022-04-18 08:30:00,150.05
2022-04-18 08:45:00,122.28
2022-04-18 09:00:00,155.07
2022-04-18 09:15:00,145.08
2022-04-18 09:30:00,104.85
2022-04-18 09:45:00,95.94
2022-04-18 10:00:00,117.89
2022-04-18 10:15:00,145.0
2022-04-18 10:30:00,94.59
2022-04-18 10:45:00,104.89
2022-04-18 11:00:00,162.21
2022-04-18 11:15:00,139.92
2022-04-18 11:30:00,101.28
2022-04-18 11:45:00,95.0
2022-04-18 12:00:00,129.98
2022-04-18 12:15:00,90.81
2022-04-18 12:30:00,76.79
2022-04-18 12:45:00,76.79
2022-04-18 13:00:00,104.78
2022-04-18 13:15:00,88.07
2022-04-18 13:30:00,76.79
2022-04-18 13:45:00,58.36
2022-04-18 14:00:00,88.83
2022-04-18 14:15:00,76.79
2022-04-18 14:30:00,76.79
2022-04-18 14:45:00,76.79
2022-04-18 15:00:00,76.79
2022-04-18 15:15:00,76.79
2022-04-18 15:30:00,90.0
2022-04-18 15:45:00,94.16
2022-04-18 16:00:00,76.79
2022-04-18 16:15:00,85.03
2022-04-18 16:30:00,122.88
2022-04-18 16:45:00,143.36
2022-04-18 17:00:00,75.78
2022-04-18 17:15:00,110.04
2022-04-18 17:30:00,161.87
2022-04-18 17:45:00,260.31
2022-04-18 18:00:00,90.04
2022-04-18 18:15:00,150.03
2022-04-18 18:30:00,190.04
2022-04-18 18:45:00,235.03
2022-04-18 19:00:00,140.04
2022-04-18 19:15:00,180.07
2022-04-18 19:30:00,235.03
2022-04-18 19:45:00,245.07
2022-04-18 20:00:00,269.9
2022-04-18 20:15:00,250.98
2022-04-18 20:30:00,210.07
2022-04-18 20:45:00,205.03
2022-04-18 21:00:00,270.0
2022-04-18 21:15:00,260.0
2022-04-18 21:30:00,195.06
2022-04-18 21:45:00,190.03
2022-04-18 22:00:00,235.06
2022-04-18 22:15:00,260.37
2022-04-18 22:30:00,195.06
2022-04-18 22:45:00,185.04
2022-04-18 23:00:00,279.91
2022-04-18 23:15:00,235.0
2022-04-18 23:30:00,156.18
2022-04-18 23:45:00,121.85
2022-04-19 00:00:00,240.68
2022-04-19 00:15:00,206.16
2022-04-19 00:30:00,204.67
2022-04-19 00:45:00,203.67
2022-04-19 01:00:00,231.16
2022-04-19 01:15:00,206.16
2022-04-19 01:30:00,206.16
2022-04-19 01:45:00,188.18
2022-04-19 02:00:00,206.16
2022-04-19 02:15:00,206.16
2022-04-19 02:30:00,206.16
2022-04-19 02:45:00,206.16
2022-04-19 03:00:00,206.16
2022-04-19 03:15:00,206.16
2022-04-19 03:30:00,206.16
2022-04-19 03:45:00,206.16
2022-04-19 04:00:00,197.27
2022-04-19 04:15:00,206.16
2022-04-19 04:30:00,207.17
2022-04-19 04:45:00,247.88
2022-04-19 05:00:00,135.1
2022-04-19 05:15:00,206.16
2022-04-19 05:30:00,248.73
2022-04-19 05:45:00,290.0
2022-04-19 06:00:00,173.11
2022-04-19 06:15:00,206.16
2022-04-19 06:30:00,290.77
2022-04-19 06:45:00,329.93
2022-04-19 07:00:00,235.29
2022-04-19 07:15:00,310.0
2022-04-19 07:30:00,300.0
2022-04-19 07:45:00,240.79
2022-04-19 08:00:00,310.6
2022-04-19 08:15:00,289.41
2022-04-19 08:30:00,232.66
2022-04-19 08:45:00,207.17
2022-04-19 09:00:00,286.98
2022-04-19 09:15:00,234.9
2022-04-19 09:30:00,231.16
2022-04-19 09:45:00,206.16
2022-04-19 10:00:00,233.21
2022-04-19 10:15:00,239.9
2022-04-19 10:30:00,231.16
2022-04-19 10:45:00,207.17
2022-04-19 11:00:00,207.48
2022-04-19 11:15:00,224.96
2022-04-19 11:30:00,225.48
2022-04-19 11:45:00,210.0
2022-04-19 12:00:00,237.63
2022-04-19 12:15:00,229.9
2022-04-19 12:30:00,219.63
2022-04-19 12:45:00,210.51
2022-04-19 13:00:00,234.92
2022-04-19 13:15:00,228.71
2022-04-19 13:30:00,207.17
2022-04-19 13:45:00,207.17
2022-04-19 14:00:00,224.94
2022-04-19 14:15:00,219.91
2022-04-19 14:30:00,214.93
2022-04-19 14:45:00,213.68
2022-04-19 15:00:00,207.17
2022-04-19 15:15:00,214.92
2022-04-19 15:30:00,221.44
2022-04-19 15:45:00,224.12
2022-04-19 16:00:00,206.16
2022-04-19 16:15:00,216.04
2022-04-19 16:30:00,231.16
2022-04-19 16:45:00,231.16
2022-04-19 17:00:00,196.28
2022-04-19 17:15:00,213.28
2022-04-19 17:30:00,260.66
2022-04-19 17:45:00,283.34
2022-04-19 18:00:00,206.16
2022-04-19 18:15:00,231.16
2022-04-19 18:30:00,245.09
2022-04-19 18:45:00,317.59
2022-04-19 19:00:00,224.8
2022-04-19 19:15:00,294.9
2022-04-19 19:30:00,308.75
2022-04-19 19:45:00,250.4
2022-04-19 20:00:00,329.96
2022-04-19 20:15:00,319.93
2022-04-19 20:30:00,309.92
2022-04-19 20:45:00,274.9
2022-04-19 21:00:00,322.79
2022-04-19 21:15:00,300.76
2022-04-19 21:30:00,235.16
2022-04-19 21:45:00,206.16
2022-04-19 22:00:00,290.0
2022-04-19 22:15:00,289.92
2022-04-19 22:30:00,224.87
2022-04-19 22:45:00,207.17
2022-04-19 23:00:00,289.95
2022-04-19 23:15:00,260.35
2022-04-19 23:30:00,225.0
2022-04-19 23:45:00,205.9
2022-04-20 00:00:00,245.75
2022-04-20 00:15:00,191.45
2022-04-20 00:30:00,190.44
2022-04-20 00:45:00,179.96
2022-04-20 01:00:00,200.0
2022-04-20 01:15:00,191.45
2022-04-20 01:30:00,184.49
2022-04-20 01:45:00,157.94
2022-04-20 02:00:00,191.45
2022-04-20 02:15:00,174.98
2022-04-20 02:30:00,175.53
2022-04-20 02:45:00,189.92
2022-04-20 03:00:00,191.45
2022-04-20 03:15:00,167.65
2022-04-20 03:30:00,191.45
2022-04-20 03:45:00,191.45
2022-04-20 04:00:00,144.99
2022-04-20 04:15:00,191.45
2022-04-20 04:30:00,197.86
2022-04-20 04:45:00,214.89
2022-04-20 05:00:00,117.48
2022-04-20 05:15:00,191.45
2022-04-20 05:30:00,229.95
2022-04-20 05:45:00,286.68
2022-04-20 06:00:00,144.99
2022-04-20 06:15:00,215.44
2022-04-20 06:30:00,269.94
2022-04-20 06:45:00,300.0
2022-04-20 07:00:00,220.0
2022-04-20 07:15:00,235.85
2022-04-20 07:30:00,279.94
2022-04-20 07:45:00,279.91
2022-04-20 08:00:00,298.88
2022-04-20 08:15:00,256.17
2022-04-20 08:30:00,224.45
2022-04-20 08:45:00,190.44
2022-04-20 09:00:00,250.0
2022-04-20 09:15:00,230.0
2022-04-20 09:30:00,200.0
2022-04-20 09:45:00,190.44
2022-04-20 10:00:00,225.96
2022-04-20 10:15:00,215.44
2022-04-20 10:30:00,200.0
2022-04-20 10:45:00,190.44
2022-04-20 11:00:00,232.15
2022-04-20 11:15:00,215.44
2022-04-20 11:30:00,200.0
2022-04-20 11:45:00,189.93
2022-04-20 12:00:00,243.93
2022-04-20 12:15:00,200.0
2022-04-20 12:30:00,191.45
2022-04-20 12:45:00,179.97
2022-04-20 13:00:00,209.91
2022-04-20 13:15:00,199.99
2022-04-20 13:30:00,191.45
2022-04-20 13:45:00,183.9
2022-04-20 14:00:00,198.84
2022-04-20 14:15:00,191.45
2022-04-20 14:30:00,191.45
2022-04-20 14:45:00,191.45
2022-04-20 15:00:00,190.44
2022-04-20 15:15:00,190.44
2022-04-20 15:30:00,191.45
2022-04-20 15:45:00,196.99
2022-04-20 16:00:00,190.44
2022-04-20 16:15:00,190.44
2022-04-20 16:30:00,194.79
2022-04-20 16:45:00,202.23
2022-04-20 17:00:00,149.98
2022-04-20 17:15:00,191.45
2022-04-20 17:30:00,215.79
2022-04-20 17:45:00,245.0
2022-04-20 18:00:00,183.31
2022-04-20 18:15:00,200.92
2022-04-20 18:30:00,225.94
2022-04-20 18:45:00,265.0
2022-04-20 19:00:00,235.47
2022-04-20 19:15:00,240.0
2022-04-20 19:30:00,245.0
2022-04-20 19:45:00,233.97
2022-04-20 20:00:00,299.95
2022-04-20 20:15:00,267.98
2022-04-20 20:30:00,230.0
2022-04-20 20:45:00,191.45
2022-04-20 21:00:00,289.91
2022-04-20 21:15:00,248.87
2022-04-20 21:30:00,200.0
2022-04-20 21:45:00,175.0
2022-04-20 22:00:00,235.0
2022-04-20 22:15:00,234.92
2022-04-20 22:30:00,190.44
2022-04-20 22:45:00,189.92
2022-04-20 23:00:00,252.71
2022-04-20 23:15:00,200.0
2022-04-20 23:30:00,190.44
2022-04-20 23:45:00,164.7
2022-04-21 00:00:00,224.85
2022-04-21 00:15:00,181.03
2022-04-21 00:30:00,169.57
2022-04-21 00:45:00,167.82
2022-04-21 01:00:00,205.78
2022-04-21 01:15:00,180.35
2022-04-21 01:30:00,180.35
2022-04-21 01:45:00,154.34
2022-04-21 02:00:00,180.35
2022-04-21 02:15:00,180.35
2022-04-21 02:30:00,180.35
2022-04-21 02:45:00,158.87
2022-04-21 03:00:00,164.99
2022-04-21 03:15:00,174.94
2022-04-21 03:30:00,180.35
2022-04-21 03:45:00,180.35
2022-04-21 04:00:00,143.5
2022-04-21 04:15:00,180.35
2022-04-21 04:30:00,182.1
2022-04-21 04:45:00,200.82
2022-04-21 05:00:00,109.4
2022-04-21 05:15:00,179.34
2022-04-21 05:30:00,204.34
2022-04-21 05:45:00,266.36
2022-04-21 06:00:00,130.05
2022-04-21 06:15:00,200.0
2022-04-21 06:30:00,245.97
2022-04-21 06:45:00,299.91
2022-04-21 07:00:00,204.34
2022-04-21 07:15:00,245.0
2022-04-21 07:30:00,279.9
2022-04-21 07:45:00,247.67
2022-04-21 08:00:00,300.0
2022-04-21 08:15:00,264.65
2022-04-21 08:30:00,225.0
2022-04-21 08:45:00,180.0
2022-04-21 09:00:00,255.5
2022-04-21 09:15:00,238.23
2022-04-21 09:30:00,204.34
2022-04-21 09:45:00,176.97
2022-04-21 10:00:00,241.11
2022-04-21 10:15:00,209.22
2022-04-21 10:30:00,189.96
2022-04-21 10:45:00,179.34
2022-04-21 11:00:00,209.98
2022-04-21 11:15:00,204.34
2022-04-21 11:30:00,200.0
2022-04-21 11:45:00,179.34
2022-04-21 12:00:00,207.38
2022-04-21 12:15:00,200.0
2022-04-21 12:30:00,179.34
2022-04-21 12:45:00,163.09
2022-04-21 13:00:00,200.0
2022-04-21 13:15:00,199.9
2022-04-21 13:30:00,179.34
2022-04-21 13:45:00,155.94
2022-04-21 14:00:00,179.34
2022-04-21 14:15:00,177.83
2022-04-21 14:30:00,179.34
2022-04-21 14:45:00,173.58
2022-04-21 15:00:00,154.34
2022-04-21 15:15:00,180.0
2022-04-21 15:30:00,192.31
2022-04-21 15:45:00,194.95
2022-04-21 16:00:00,151.24
2022-04-21 16:15:00,179.96
2022-04-21 16:30:00,180.35
2022-04-21 16:45:00,204.93
2022-04-21 17:00:00,140.41
2022-04-21 17:15:00,180.35
2022-04-21 17:30:00,205.0
2022-04-21 17:45:00,240.0
2022-04-21 18:00:00,179.34
2022-04-21 18:15:00,195.0
2022-04-21 18:30:00,225.0
2022-04-21 18:45:00,240.5
2022-04-21 19:00:00,239.93
2022-04-21 19:15:00,218.38
2022-04-21 19:30:00,220.0
2022-04-21 19:45:00,213.38
2022-04-21 20:00:00,269.9
2022-04-21 20:15:00,225.0
2022-04-21 20:30:00,201.5
2022-04-21 20:45:00,175.0
2022-04-21 21:00:00,259.53
2022-04-21 21:15:00,213.43
2022-04-21 21:30:00,195.0
2022-04-21 21:45:00,155.37
2022-04-21 22:00:00,215.89
2022-04-21 22:15:00,224.81
2022-04-21 22:30:00,180.35
2022-04-21 22:45:00,169.92
2022-04-21 23:00:00,229.91
2022-04-21 23:15:00,204.34
2022-04-21 23:30:00,162.94
2022-04-21 23:45:00,131.53
2022-04-22 00:00:00,219.91
2022-04-22 00:15:00,180.32
2022-04-22 00:30:00,162.17
2022-04-22 00:45:00,137.17
2022-04-22 01:00:00,200.38
2022-04-22 01:15:00,163.18
2022-04-22 01:30:00,163.18
2022-04-22 01:45:00,137.17
2022-04-22 02:00:00,163.18
2022-04-22 02:15:00,163.18
2022-04-22 02:30:00,163.18
2022-04-22 02:45:00,159.91
2022-04-22 03:00:00,156.07
2022-04-22 03:15:00,163.18
2022-04-22 03:30:00,163.18
2022-04-22 03:45:00,163.9
2022-04-22 04:00:00,128.18
2022-04-22 04:15:00,162.41
2022-04-22 04:30:00,176.38
2022-04-22 04:45:00,190.0
2022-04-22 05:00:00,112.16
2022-04-22 05:15:00,159.97
2022-04-22 05:30:00,199.9
2022-04-22 05:45:00,252.94
2022-04-22 06:00:00,131.9
2022-04-22 06:15:00,190.0
2022-04-22 06:30:00,239.93
2022-04-22 06:45:00,269.96
2022-04-22 07:00:00,190.0
2022-04-22 07:15:00,234.64
2022-04-22 07:30:00,231.27
2022-04-22 07:45:00,252.07
2022-04-22 08:00:00,231.51
2022-04-22 08:15:00,225.0
2022-04-22 08:30:00,219.45
2022-04-22 08:45:00,200.0
2022-04-22 09:00:00,225.0
2022-04-22 09:15:00,210.0
2022-04-22 09:30:00,200.0
2022-04-22 09:45:00,163.18
2022-04-22 10:00:00,199.35
2022-04-22 10:15:00,187.17
2022-04-22 10:30:00,187.17
2022-04-22 10:45:00,162.17
2022-04-22 11:00:00,204.92
2022-04-22 11:15:00,194.94
2022-04-22 11:30:00,181.48
2022-04-22 11:45:00,162.17
2022-04-22 12:00:00,218.2
2022-04-22 12:15:00,187.17
2022-04-22 12:30:00,162.17
2022-04-22 12:45:00,162.17
2022-04-22 13:00:00,190.0
2022-04-22 13:15:00,179.97
2022-04-22 13:30:00,163.18
2022-04-22 13:45:00,159.92
2022-04-22 14:00:00,162.17
2022-04-22 14:15:00,162.17
2022-04-22 14:30:00,162.17
2022-04-22 14:45:00,161.71
2022-04-22 15:00:00,162.17
2022-04-22 15:15:00,162.17
2022-04-22 15:30:00,163.18
2022-04-22 15:45:00,162.48
2022-04-22 16:00:00,139.98
2022-04-22 16:15:00,159.94
2022-04-22 16:30:00,162.17
2022-04-22 16:45:00,170.76
2022-04-22 17:00:00,142.04
2022-04-22 17:15:00,162.17
2022-04-22 17:30:00,187.17
2022-04-22 17:45:00,195.51
2022-04-22 18:00:00,163.18
2022-04-22 18:15:00,163.18
2022-04-22 18:30:00,190.0
2022-04-22 18:45:00,209.23
2022-04-22 19:00:00,208.67
2022-04-22 19:15:00,210.0
2022-04-22 19:30:00,190.0
2022-04-22 19:45:00,180.08
2022-04-22 20:00:00,249.91
2022-04-22 20:15:00,220.51
2022-04-22 20:30:00,185.0
2022-04-22 20:45:00,160.0
2022-04-22 21:00:00,252.75
2022-04-22 21:15:00,200.0
2022-04-22 21:30:00,187.17
2022-04-22 21:45:00,148.7
2022-04-22 22:00:00,200.0
2022-04-22 22:15:00,219.93
2022-04-22 22:30:00,163.5
2022-04-22 22:45:00,162.17
2022-04-22 23:00:00,209.97
2022-04-22 23:15:00,179.99
2022-04-22 23:30:00,149.95
2022-04-22 23:45:00,129.95
2022-04-23 00:00:00,209.93
2022-04-23 00:15:00,154.39
2022-04-23 00:30:00,130.0
2022-04-23 00:45:00,112.14
2022-04-23 01:00:00,189.94
2022-04-23 01:15:00,139.96
2022-04-23 01:30:00,124.91
2022-04-23 01:45:00,113.15
2022-04-23 02:00:00,174.37
2022-04-23 02:15:00,129.94
2022-04-23 02:30:00,119.91
2022-04-23 02:45:00,112.14
2022-04-23 03:00:00,117.6
2022-04-23 03:15:00,116.4
2022-04-23 03:30:00,113.15
2022-04-23 03:45:00,113.15
2022-04-23 04:00:00,112.14
2022-04-23 04:15:00,113.15
2022-04-23 04:30:00,114.96
2022-04-23 04:45:00,124.95
2022-04-23 05:00:00,113.15
2022-04-23 05:15:00,132.45
2022-04-23 05:30:00,151.37
2022-04-23 05:45:00,169.98
2022-04-23 06:00:00,112.14
2022-04-23 06:15:00,114.99
2022-04-23 06:30:00,154.87
2022-04-23 06:45:00,179.95
2022-04-23 07:00:00,112.14
2022-04-23 07:15:00,137.14
2022-04-23 07:30:00,162.17
2022-04-23 07:45:00,174.99
2022-04-23 08:00:00,118.17
2022-04-23 08:15:00,140.0
2022-04-23 08:30:00,174.96
2022-04-23 08:45:00,166.78
2022-04-23 09:00:00,150.18
2022-04-23 09:15:00,140.68
2022-04-23 09:30:00,149.94
2022-04-23 09:45:00,113.15
2022-04-23 10:00:00,140.1
2022-04-23 10:15:00,130.1
2022-04-23 10:30:00,115.1
2022-04-23 10:45:00,137.14
2022-04-23 11:00:00,130.1
2022-04-23 11:15:00,150.03
2022-04-23 11:30:00,136.61
2022-04-23 11:45:00,124.37
2022-04-23 12:00:00,190.0
2022-04-23 12:15:00,144.91
2022-04-23 12:30:00,113.15
2022-04-23 12:45:00,99.91
2022-04-23 13:00:00,156.07
2022-04-23 13:15:00,129.95
2022-04-23 13:30:00,116.47
2022-04-23 13:45:00,109.93
2022-04-23 14:00:00,129.91
2022-04-23 14:15:00,113.15
2022-04-23 14:30:00,113.15
2022-04-23 14:45:00,108.8
2022-04-23 15:00:00,109.98
2022-04-23 15:15:00,113.15
2022-04-23 15:30:00,113.15
2022-04-23 15:45:00,115.78
2022-04-23 16:00:00,89.99
2022-04-23 16:15:00,113.15
2022-04-23 16:30:00,121.37
2022-04-23 16:45:00,146.78
2022-04-23 17:00:00,109.94
2022-04-23 17:15:00,114.91
2022-04-23 17:30:00,144.96
2022-04-23 17:45:00,170.46
2022-04-23 18:00:00,143.71
2022-04-23 18:15:00,184.14
2022-04-23 18:30:00,137.14
2022-04-23 18:45:00,152.72
2022-04-23 19:00:00,169.2
2022-04-23 19:15:00,170.0
2022-04-23 19:30:00,185.0
2022-04-23 19:45:00,195.0
2022-04-23 20:00:00,219.92
2022-04-23 20:15:00,190.0
2022-04-23 20:30:00,180.09
2022-04-23 20:45:00,137.14
2022-04-23 21:00:00,190.0
2022-04-23 21:15:00,187.25
2022-04-23 21:30:00,145.0
2022-04-23 21:45:00,112.14
2022-04-23 22:00:00,170.0
2022-04-23 22:15:00,165.0
2022-04-23 22:30:00,137.14
2022-04-23 22:45:00,112.14
2022-04-23 23:00:00,189.97
2022-04-23 23:15:00,130.17
2022-04-23 23:30:00,112.14
2022-04-23 23:45:00,95.0
2022-04-24 00:00:00,163.34
2022-04-24 00:15:00,139.94
2022-04-24 00:30:00,76.86
2022-04-24 00:45:00,75.85
2022-04-24 01:00:00,139.97
2022-04-24 01:15:00,103.05
2022-04-24 01:30:00,76.86
2022-04-24 01:45:00,75.85
2022-04-24 02:00:00,115.13
2022-04-24 02:15:00,100.85
2022-04-24 02:30:00,75.85
2022-04-24 02:45:00,75.85
2022-04-24 03:00:00,96.56
2022-04-24 03:15:00,75.85
2022-04-24 03:30:00,75.85
2022-04-24 03:45:00,75.85
2022-04-24 04:00:00,76.86
2022-04-24 04:15:00,76.86
2022-04-24 04:30:00,76.86
2022-04-24 04:45:00,76.86
2022-04-24 05:00:00,78.1
2022-04-24 05:15:00,78.2
2022-04-24 05:30:00,79.91
2022-04-24 05:45:00,79.92
2022-04-24 06:00:00,76.86
2022-04-24 06:15:00,76.86
2022-04-24 06:30:00,76.86
2022-04-24 06:45:00,84.63
2022-04-24 07:00:00,76.86
2022-04-24 07:15:00,80.08
2022-04-24 07:30:00,89.19
2022-04-24 07:45:00,89.96
2022-04-24 08:00:00,79.58
2022-04-24 08:15:00,93.73
2022-04-24 08:30:00,94.95
2022-04-24 08:45:00,87.73
2022-04-24 09:00:00,80.1
2022-04-24 09:15:00,82.79
2022-04-24 09:30:00,98.15
2022-04-24 09:45:00,94.96
2022-04-24 10:00:00,86.78
2022-04-24 10:15:00,79.34
2022-04-24 10:30:00,88.7
2022-04-24 10:45:00,89.18
2022-04-24 11:00:00,93.08
2022-04-24 11:15:00,94.28
2022-04-24 11:30:00,79.17
2022-04-24 11:45:00,74.97
2022-04-24 12:00:00,109.96
2022-04-24 12:15:00,89.5
2022-04-24 12:30:00,76.86
2022-04-24 12:45:00,38.69
2022-04-24 13:00:00,76.86
2022-04-24 13:15:00,71.32
2022-04-24 13:30:00,50.85
2022-04-24 13:45:00,24.97
2022-04-24 14:00:00,72.38
2022-04-24 14:15:00,50.85
2022-04-24 14:30:00,50.85
2022-04-24 14:45:00,49.93
2022-04-24 15:00:00,29.96
2022-04-24 15:15:00,50.85
2022-04-24 15:30:00,76.86
2022-04-24 15:45:00,66.32
2022-04-24 16:00:00,35.7
2022-04-24 16:15:00,59.99
2022-04-24 16:30:00,89.96
2022-04-24 16:45:00,120.38
2022-04-24 17:00:00,64.22
2022-04-24 17:15:00,100.85
2022-04-24 17:30:00,154.93
2022-04-24 17:45:00,185.0
2022-04-24 18:00:00,104.04
2022-04-24 18:15:00,115.85
2022-04-24 18:30:00,195.64
2022-04-24 18:45:00,225.0
2022-04-24 19:00:00,131.86
2022-04-24 19:15:00,181.87
2022-04-24 19:30:00,225.0
2022-04-24 19:45:00,225.0
2022-04-24 20:00:00,202.41
2022-04-24 20:15:00,215.0
2022-04-24 20:30:00,215.0
2022-04-24 20:45:00,135.08
2022-04-24 21:00:00,139.95
2022-04-24 21:15:00,233.8
2022-04-24 21:30:00,195.0
2022-04-24 21:45:00,160.0
2022-04-24 22:00:00,215.0
2022-04-24 22:15:00,220.0
2022-04-24 22:30:00,160.06
2022-04-24 22:45:00,140.95
2022-04-24 23:00:00,243.8
2022-04-24 23:15:00,205.0
2022-04-24 23:30:00,119.75
2022-04-24 23:45:00,107.46
2022-04-25 00:00:00,197.45
2022-04-25 00:15:00,196.44
2022-04-25 00:30:00,179.94
2022-04-25 00:45:00,159.99
2022-04-25 01:00:00,196.44
2022-04-25 01:15:00,184.99
2022-04-25 01:30:00,169.86
2022-04-25 01:45:00,158.86
2022-04-25 02:00:00,196.44
2022-04-25 02:15:00,183.16
2022-04-25 02:30:00,174.97
2022-04-25 02:45:00,144.28
2022-04-25 03:00:00,179.94
2022-04-25 03:15:00,171.53
2022-04-25 03:30:00,167.62
2022-04-25 03:45:00,174.9
2022-04-25 04:00:00,149.96
2022-04-25 04:15:00,171.33
2022-04-25 04:30:00,196.44
2022-04-25 04:45:00,197.45
2022-04-25 05:00:00,114.99
2022-04-25 05:15:00,197.45
2022-04-25 05:30:00,239.93
2022-04-25 05:45:00,278.91
2022-04-25 06:00:00,144.96
2022-04-25 06:15:00,204.57
2022-04-25 06:30:00,288.03
2022-04-25 06:45:00,319.9
2022-04-25 07:00:00,221.44
2022-04-25 07:15:00,255.0
2022-04-25 07:30:00,291.32
2022-04-25 07:45:00,300.0
2022-04-25 08:00:00,300.83
2022-04-25 08:15:00,304.31
2022-04-25 08:30:00,279.95
2022-04-25 08:45:00,205.0
2022-04-25 09:00:00,287.57
2022-04-25 09:15:00,268.11
2022-04-25 09:30:00,249.94
2022-04-25 09:45:00,199.93
2022-04-25 10:00:00,260.54
2022-04-25 10:15:00,241.87
2022-04-25 10:30:00,239.93
2022-04-25 10:45:00,209.91
2022-04-25 11:00:00,259.46
2022-04-25 11:15:00,246.9
2022-04-25 11:30:00,229.91
2022-04-25 11:45:00,199.92
2022-04-25 12:00:00,259.98
2022-04-25 12:15:00,239.94
2022-04-25 12:30:00,204.62
2022-04-25 12:45:00,209.9
2022-04-25 13:00:00,250.0
2022-04-25 13:15:00,240.0
2022-04-25 13:30:00,232.0
2022-04-25 13:45:00,197.45
2022-04-25 14:00:00,243.42
2022-04-25 14:15:00,229.94
2022-04-25 14:30:00,209.99
2022-04-25 14:45:00,208.64
2022-04-25 15:00:00,221.93
2022-04-25 15:15:00,209.99
2022-04-25 15:30:00,219.96
2022-04-25 15:45:00,239.92
2022-04-25 16:00:00,196.44
2022-04-25 16:15:00,199.99
2022-04-25 16:30:00,239.91
2022-04-25 16:45:00,256.78
2022-04-25 17:00:00,196.44
2022-04-25 17:15:00,219.97
2022-04-25 17:30:00,256.74
2022-04-25 17:45:00,267.16
2022-04-25 18:00:00,197.45
2022-04-25 18:15:00,250.0
2022-04-25 18:30:00,280.0
2022-04-25 18:45:00,294.21
2022-04-25 19:00:00,279.92
2022-04-25 19:15:00,301.43
2022-04-25 19:30:00,295.0
2022-04-25 19:45:00,245.09
2022-04-25 20:00:00,329.91
2022-04-25 20:15:00,307.32
2022-04-25 20:30:00,285.0
2022-04-25 20:45:00,233.84
2022-04-25 21:00:00,316.33
2022-04-25 21:15:00,280.0
2022-04-25 21:30:00,232.2
2022-04-25 21:45:00,197.45
2022-04-25 22:00:00,290.0
2022-04-25 22:15:00,270.0
2022-04-25 22:30:00,239.99
2022-04-25 22:45:00,197.45
2022-04-25 23:00:00,283.99
2022-04-25 23:15:00,244.39
2022-04-25 23:30:00,197.45
2022-04-25 23:45:00,197.45
2022-04-26 00:00:00,250.0
2022-04-26 00:15:00,238.54
2022-04-26 00:30:00,215.03
2022-04-26 00:45:00,209.9
2022-04-26 01:00:00,234.99
2022-04-26 01:15:00,219.9
2022-04-26 01:30:00,206.1
2022-04-26 01:45:00,184.98
2022-04-26 02:00:00,219.9
2022-04-26 02:15:00,214.96
2022-04-26 02:30:00,199.99
2022-04-26 02:45:00,190.03
2022-04-26 03:00:00,199.98
2022-04-26 03:15:00,199.95
2022-04-26 03:30:00,201.93
2022-04-26 03:45:00,216.04
2022-04-26 04:00:00,190.03
2022-04-26 04:15:00,190.03
2022-04-26 04:30:00,216.04
2022-04-26 04:45:00,240.0
2022-04-26 05:00:00,145.05
2022-04-26 05:15:00,215.03
2022-04-26 05:30:00,250.53
2022-04-26 05:45:00,299.96
2022-04-26 06:00:00,179.94
2022-04-26 06:15:00,235.0
2022-04-26 06:30:00,299.74
2022-04-26 06:45:00,302.4
2022-04-26 07:00:00,248.03
2022-04-26 07:15:00,303.27
2022-04-26 07:30:00,305.8
2022-04-26 07:45:00,309.93
2022-04-26 08:00:00,304.06
2022-04-26 08:15:00,310.29
2022-04-26 08:30:00,289.96
2022-04-26 08:45:00,259.98
2022-04-26 09:00:00,280.0
2022-04-26 09:15:00,265.0
2022-04-26 09:30:00,252.4
2022-04-26 09:45:00,249.9
2022-04-26 10:00:00,240.03
2022-04-26 10:15:00,240.03
2022-04-26 10:30:00,240.03
2022-04-26 10:45:00,249.97
2022-04-26 11:00:00,245.98
2022-04-26 11:15:00,244.9
2022-04-26 11:30:00,240.0
2022-04-26 11:45:00,214.99
2022-04-26 12:00:00,254.95
2022-04-26 12:15:00,240.0
2022-04-26 12:30:00,215.03
2022-04-26 12:45:00,212.24
2022-04-26 13:00:00,240.03
2022-04-26 13:15:00,240.0
2022-04-26 13:30:00,228.31
2022-04-26 13:45:00,204.98
2022-04-26 14:00:00,215.03
2022-04-26 14:15:00,215.03
2022-04-26 14:30:00,215.03
2022-04-26 14:45:00,239.52
2022-04-26 15:00:00,215.03
2022-04-26 15:15:00,215.03
2022-04-26 15:30:00,219.91
2022-04-26 15:45:00,226.18
2022-04-26 16:00:00,215.03
2022-04-26 16:15:00,215.03
2022-04-26 16:30:00,224.95
2022-04-26 16:45:00,222.16
2022-04-26 17:00:00,208.01
2022-04-26 17:15:00,235.0
2022-04-26 17:30:00,240.0
2022-04-26 17:45:00,251.99
2022-04-26 18:00:00,242.55
2022-04-26 18:15:00,254.9
2022-04-26 18:30:00,263.55
2022-04-26 18:45:00,261.55
2022-04-26 19:00:00,300.0
2022-04-26 19:15:00,297.74
2022-04-26 19:30:00,280.0
2022-04-26 19:45:00,245.05
2022-04-26 20:00:00,320.65
2022-04-26 20:15:00,302.44
2022-04-26 20:30:00,300.1
2022-04-26 20:45:00,240.0
2022-04-26 21:00:00,309.92
2022-04-26 21:15:00,298.57
2022-04-26 21:30:00,240.03
2022-04-26 21:45:00,206.48
2022-04-26 22:00:00,275.69
2022-04-26 22:15:00,276.95
2022-04-26 22:30:00,240.0
2022-04-26 22:45:00,215.03
2022-04-26 23:00:00,300.0
2022-04-26 23:15:00,245.0
2022-04-26 23:30:00,215.03
2022-04-26 23:45:00,206.87
2022-04-27 00:00:00,275.0
2022-04-27 00:15:00,227.55
2022-04-27 00:30:00,202.55
2022-04-27 00:45:00,185.48
2022-04-27 01:00:00,258.52
2022-04-27 01:15:00,202.55
2022-04-27 01:30:00,202.55
2022-04-27 01:45:00,184.9
2022-04-27 02:00:00,219.43
2022-04-27 02:15:00,202.55
2022-04-27 02:30:00,202.55
2022-04-27 02:45:00,202.55
2022-04-27 03:00:00,203.26
2022-04-27 03:15:00,202.55
2022-04-27 03:30:00,202.55
2022-04-27 03:45:00,207.64
2022-04-27 04:00:00,179.95
2022-04-27 04:15:00,194.95
2022-04-27 04:30:00,202.55
2022-04-27 04:45:00,252.63
2022-04-27 05:00:00,149.93
2022-04-27 05:15:00,197.44
2022-04-27 05:30:00,249.95
2022-04-27 05:45:00,300.0
2022-04-27 06:00:00,157.68
2022-04-27 06:15:00,227.55
2022-04-27 06:30:00,284.95
2022-04-27 06:45:00,319.9
2022-04-27 07:00:00,232.05
2022-04-27 07:15:00,281.72
2022-04-27 07:30:00,303.04
2022-04-27 07:45:00,315.19
2022-04-27 08:00:00,275.0
2022-04-27 08:15:00,270.0
2022-04-27 08:30:00,284.34
2022-04-27 08:45:00,255.0
2022-04-27 09:00:00,282.8
2022-04-27 09:15:00,250.0
2022-04-27 09:30:00,246.96
2022-04-27 09:45:00,219.98
2022-04-27 10:00:00,235.26
2022-04-27 10:15:00,229.97
2022-04-27 10:30:00,224.98
2022-04-27 10:45:00,227.55
2022-04-27 11:00:00,237.54
2022-04-27 11:15:00,227.55
2022-04-27 11:30:00,224.95
2022-04-27 11:45:00,214.92
2022-04-27 12:00:00,239.98
2022-04-27 12:15:00,225.35
2022-04-27 12:30:00,204.98
2022-04-27 12:45:00,202.55
2022-04-27 13:00:00,225.0
2022-04-27 13:15:00,214.94
2022-04-27 13:30:00,202.55
2022-04-27 13:45:00,193.51
2022-04-27 14:00:00,212.08
2022-04-27 14:15:00,202.55
2022-04-27 14:30:00,202.55
2022-04-27 14:45:00,202.55
2022-04-27 15:00:00,203.56
2022-04-27 15:15:00,207.22
2022-04-27 15:30:00,204.96
2022-04-27 15:45:00,202.55
2022-04-27 16:00:00,202.55
2022-04-27 16:15:00,204.95
2022-04-27 16:30:00,214.93
2022-04-27 16:45:00,204.0
2022-04-27 17:00:00,203.56
2022-04-27 17:15:00,229.58
2022-04-27 17:30:00,227.55
2022-04-27 17:45:00,243.08
2022-04-27 18:00:00,203.56
2022-04-27 18:15:00,227.55
2022-04-27 18:30:00,259.89
2022-04-27 18:45:00,285.0
2022-04-27 19:00:00,280.0
2022-04-27 19:15:00,280.0
2022-04-27 19:30:00,251.79
2022-04-27 19:45:00,245.01
2022-04-27 20:00:00,302.68
2022-04-27 20:15:00,295.0
2022-04-27 20:30:00,258.2
2022-04-27 20:45:00,215.06
2022-04-27 21:00:00,305.89
2022-04-27 21:15:00,280.0
2022-04-27 21:30:00,227.55
2022-04-27 21:45:00,202.55
2022-04-27 22:00:00,279.22
2022-04-27 22:15:00,275.0
2022-04-27 22:30:00,217.78
2022-04-27 22:45:00,200.0
2022-04-27 23:00:00,290.0
2022-04-27 23:15:00,227.55
2022-04-27 23:30:00,202.55
2022-04-27 23:45:00,184.51
2022-04-28 00:00:00,268.38
2022-04-28 00:15:00,239.95
2022-04-28 00:30:00,211.62
2022-04-28 00:45:00,199.99
2022-04-28 01:00:00,247.53
2022-04-28 01:15:00,219.99
2022-04-28 01:30:00,209.99
2022-04-28 01:45:00,193.01
2022-04-28 02:00:00,229.96
2022-04-28 02:15:00,219.92
2022-04-28 02:30:00,209.99
2022-04-28 02:45:00,204.14
2022-04-28 03:00:00,209.99
2022-04-28 03:15:00,204.73
2022-04-28 03:30:00,209.99
2022-04-28 03:45:00,209.99
2022-04-28 04:00:00,180.0
2022-04-28 04:15:00,195.21
2022-04-28 04:30:00,219.96
2022-04-28 04:45:00,239.98
2022-04-28 05:00:00,160.0
2022-04-28 05:15:00,209.99
2022-04-28 05:30:00,268.37
2022-04-28 05:45:00,309.64
2022-04-28 06:00:00,190.53
2022-04-28 06:15:00,259.95
2022-04-28 06:30:00,300.0
2022-04-28 06:45:00,329.99
2022-04-28 07:00:00,279.97
2022-04-28 07:15:00,303.96
2022-04-28 07:30:00,310.0
2022-04-28 07:45:00,326.2
2022-04-28 08:00:00,319.92
2022-04-28 08:15:00,309.73
2022-04-28 08:30:00,279.97
2022-04-28 08:45:00,239.95
2022-04-28 09:00:00,298.09
2022-04-28 09:15:00,277.6
2022-04-28 09:30:00,269.13
2022-04-28 09:45:00,209.99
2022-04-28 10:00:00,268.33
2022-04-28 10:15:00,234.99
2022-04-28 10:30:00,229.77
2022-04-28 10:45:00,199.96
2022-04-28 11:00:00,215.93
2022-04-28 11:15:00,249.91
2022-04-28 11:30:00,234.99
2022-04-28 11:45:00,209.99
2022-04-28 12:00:00,243.49
2022-04-28 12:15:00,209.99
2022-04-28 12:30:00,209.99
2022-04-28 12:45:00,194.74
2022-04-28 13:00:00,211.0
2022-04-28 13:15:00,211.0
2022-04-28 13:30:00,209.99
2022-04-28 13:45:00,204.9
2022-04-28 14:00:00,209.99
2022-04-28 14:15:00,209.99
2022-04-28 14:30:00,209.99
2022-04-28 14:45:00,202.25
2022-04-28 15:00:00,191.36
2022-04-28 15:15:00,209.99
2022-04-28 15:30:00,209.99
2022-04-28 15:45:00,211.0
2022-04-28 16:00:00,205.84
2022-04-28 16:15:00,209.99
2022-04-28 16:30:00,211.0
2022-04-28 16:45:00,220.21
2022-04-28 17:00:00,199.95
2022-04-28 17:15:00,211.0
2022-04-28 17:30:00,235.0
2022-04-28 17:45:00,255.0
2022-04-28 18:00:00,210.35
2022-04-28 18:15:00,235.0
2022-04-28 18:30:00,260.0
2022-04-28 18:45:00,300.0
2022-04-28 19:00:00,299.91
2022-04-28 19:15:00,309.92
2022-04-28 19:30:00,296.92
2022-04-28 19:45:00,275.0
2022-04-28 20:00:00,324.8
2022-04-28 20:15:00,322.72
2022-04-28 20:30:00,309.92
2022-04-28 20:45:00,242.2
2022-04-28 21:00:00,329.9
2022-04-28 21:15:00,309.9
2022-04-28 21:30:00,268.38
2022-04-28 21:45:00,209.99
2022-04-28 22:00:00,298.91
2022-04-28 22:15:00,289.91
2022-04-28 22:30:00,234.99
2022-04-28 22:45:00,209.99
2022-04-28 23:00:00,297.49
2022-04-28 23:15:00,235.0
2022-04-28 23:30:00,209.99
2022-04-28 23:45:00,194.99
2022-04-29 00:00:00,264.5
2022-04-29 00:15:00,210.0
2022-04-29 00:30:00,204.45
2022-04-29 00:45:00,193.95
2022-04-29 01:00:00,243.94
2022-04-29 01:15:00,208.45
2022-04-29 01:30:00,192.9
2022-04-29 01:45:00,177.58
2022-04-29 02:00:00,208.45
2022-04-29 02:15:00,208.45
2022-04-29 02:30:00,207.29
2022-04-29 02:45:00,182.44
2022-04-29 03:00:00,197.56
2022-04-29 03:15:00,187.76
2022-04-29 03:30:00,208.45
2022-04-29 03:45:00,208.45
2022-04-29 04:00:00,185.13
2022-04-29 04:15:00,206.88
2022-04-29 04:30:00,207.44
2022-04-29 04:45:00,227.58
2022-04-29 05:00:00,150.65
2022-04-29 05:15:00,207.44
2022-04-29 05:30:00,242.58
2022-04-29 05:45:00,292.25
2022-04-29 06:00:00,187.59
2022-04-29 06:15:00,233.23
2022-04-29 06:30:00,287.17
2022-04-29 06:45:00,311.7
2022-04-29 07:00:00,245.07
2022-04-29 07:15:00,289.92
2022-04-29 07:30:00,289.93
2022-04-29 07:45:00,255.09
2022-04-29 08:00:00,315.0
2022-04-29 08:15:00,300.0
2022-04-29 08:30:00,256.56
2022-04-29 08:45:00,208.45
2022-04-29 09:00:00,282.04
2022-04-29 09:15:00,255.0
2022-04-29 09:30:00,259.91
2022-04-29 09:45:00,207.44
2022-04-29 10:00:00,257.66
2022-04-29 10:15:00,235.0
2022-04-29 10:30:00,210.1
2022-04-29 10:45:00,199.97
2022-04-29 11:00:00,232.44
2022-04-29 11:15:00,225.02
2022-04-29 11:30:00,208.45
2022-04-29 11:45:00,190.1
2022-04-29 12:00:00,232.44
2022-04-29 12:15:00,207.44
2022-04-29 12:30:00,200.0
2022-04-29 12:45:00,187.49
2022-04-29 13:00:00,211.91
2022-04-29 13:15:00,208.45
2022-04-29 13:30:00,190.0
2022-04-29 13:45:00,174.15
2022-04-29 14:00:00,190.0
2022-04-29 14:15:00,194.36
2022-04-29 14:30:00,200.0
2022-04-29 14:45:00,182.44
2022-04-29 15:00:00,174.48
2022-04-29 15:15:00,185.0
2022-04-29 15:30:00,196.08
2022-04-29 15:45:00,208.45
2022-04-29 16:00:00,169.93
2022-04-29 16:15:00,193.69
2022-04-29 16:30:00,207.44
2022-04-29 16:45:00,212.47
2022-04-29 17:00:00,184.94
2022-04-29 17:15:00,207.44
2022-04-29 17:30:00,232.44
2022-04-29 17:45:00,248.13
2022-04-29 18:00:00,207.44
2022-04-29 18:15:00,240.01
2022-04-29 18:30:00,237.71
2022-04-29 18:45:00,282.81
2022-04-29 19:00:00,285.0
2022-04-29 19:15:00,260.08
2022-04-29 19:30:00,265.06
2022-04-29 19:45:00,254.08
2022-04-29 20:00:00,309.61
2022-04-29 20:15:00,297.86
2022-04-29 20:30:00,252.45
2022-04-29 20:45:00,214.93
2022-04-29 21:00:00,300.0
2022-04-29 21:15:00,276.21
2022-04-29 21:30:00,235.06
2022-04-29 21:45:00,208.45
2022-04-29 22:00:00,270.02
2022-04-29 22:15:00,266.12
2022-04-29 22:30:00,225.05
2022-04-29 22:45:00,207.44
2022-04-29 23:00:00,268.12
2022-04-29 23:15:00,224.79
2022-04-29 23:30:00,207.44
2022-04-29 23:45:00,181.48
2022-04-30 00:00:00,249.97
2022-04-30 00:15:00,215.04
2022-04-30 00:30:00,190.04
2022-04-30 00:45:00,179.87
2022-04-30 01:00:00,237.86
2022-04-30 01:15:00,202.24
2022-04-30 01:30:00,191.05
2022-04-30 01:45:00,165.04
2022-04-30 02:00:00,220.93
2022-04-30 02:15:00,200.07
2022-04-30 02:30:00,191.05
2022-04-30 02:45:00,183.97
2022-04-30 03:00:00,198.06
2022-04-30 03:15:00,191.58
2022-04-30 03:30:00,191.05
2022-04-30 03:45:00,191.05
2022-04-30 04:00:00,191.05
2022-04-30 04:15:00,191.05
2022-04-30 04:30:00,195.94
2022-04-30 04:45:00,201.98
2022-04-30 05:00:00,165.04
2022-04-30 05:15:00,190.76
2022-04-30 05:30:00,206.93
2022-04-30 05:45:00,249.9
2022-04-30 06:00:00,180.79
2022-04-30 06:15:00,190.04
2022-04-30 06:30:00,215.04
2022-04-30 06:45:00,221.04
2022-04-30 07:00:00,190.04
2022-04-30 07:15:00,215.04
2022-04-30 07:30:00,215.97
2022-04-30 07:45:00,225.95
2022-04-30 08:00:00,201.0
2022-04-30 08:15:00,215.04
2022-04-30 08:30:00,221.94
2022-04-30 08:45:00,210.43
2022-04-30 09:00:00,227.04
2022-04-30 09:15:00,215.04
2022-04-30 09:30:00,196.26
2022-04-30 09:45:00,175.99
2022-04-30 10:00:00,215.04
2022-04-30 10:15:00,200.78
2022-04-30 10:30:00,190.04
2022-04-30 10:45:00,177.99
2022-04-30 11:00:00,191.05
2022-04-30 11:15:00,191.05
2022-04-30 11:30:00,191.05
2022-04-30 11:45:00,170.69
2022-04-30 12:00:00,210.75
2022-04-30 12:15:00,191.05
2022-04-30 12:30:00,164.1
2022-04-30 12:45:00,162.1
2022-04-30 13:00:00,209.06
2022-04-30 13:15:00,191.05
2022-04-30 13:30:00,157.58
2022-04-30 13:45:00,136.55
2022-04-30 14:00:00,164.91
2022-04-30 14:15:00,165.04
2022-04-30 14:30:00,143.61
2022-04-30 14:45:00,156.61
2022-04-30 15:00:00,152.95
2022-04-30 15:15:00,141.1
2022-04-30 15:30:00,165.04
2022-04-30 15:45:00,188.59
2022-04-30 16:00:00,136.44
2022-04-30 16:15:00,157.57
2022-04-30 16:30:00,191.05
2022-04-30 16:45:00,204.02
2022-04-30 17:00:00,154.19
2022-04-30 17:15:00,190.04
2022-04-30 17:30:00,190.04
2022-04-30 17:45:00,240.65
2022-04-30 18:00:00,198.99
2022-04-30 18:15:00,215.04
2022-04-30 18:30:00,209.7
2022-04-30 18:45:00,243.9
2022-04-30 19:00:00,221.0
2022-04-30 19:15:00,233.0
2022-04-30 19:30:00,240.0
2022-04-30 19:45:00,260.0
2022-04-30 20:00:00,257.83
2022-04-30 20:15:00,251.0
2022-04-30 20:30:00,240.0
2022-04-30 20:45:00,215.04
2022-04-30 21:00:00,281.06
2022-04-30 21:15:00,243.0
2022-04-30 21:30:00,225.0
2022-04-30 21:45:00,190.04
2022-04-30 22:00:00,260.0
2022-04-30 22:15:00,259.46
2022-04-30 22:30:00,206.5
2022-04-30 22:45:00,190.04
2022-04-30 23:00:00,260.0
2022-04-30 23:15:00,215.04
2022-04-30 23:30:00,187.98
2022-04-30 23:45:00,159.99
2022-05-01 00:00:00,215.0
2022-05-01 00:15:00,200.0
2022-05-01 00:30:00,166.99
2022-05-01 00:45:00,162.72
2022-05-01 01:00:00,215.02
2022-05-01 01:15:00,180.48
2022-05-01 01:30:00,162.72
2022-05-01 01:45:00,162.72
2022-05-01 02:00:00,199.98
2022-05-01 02:15:00,189.92
2022-05-01 02:30:00,177.86
2022-05-01 02:45:00,162.72
2022-05-01 03:00:00,189.9
2022-05-01 03:15:00,178.18
2022-05-01 03:30:00,174.11
2022-05-01 03:45:00,169.91
2022-05-01 04:00:00,172.55
2022-05-01 04:15:00,173.51
2022-05-01 04:30:00,174.95
2022-05-01 04:45:00,174.99
2022-05-01 05:00:00,178.08
2022-05-01 05:15:00,174.95
2022-05-01 05:30:00,178.32
2022-05-01 05:45:00,188.72
2022-05-01 06:00:00,162.72
2022-05-01 06:15:00,170.05
2022-05-01 06:30:00,164.96
2022-05-01 06:45:00,171.01
2022-05-01 07:00:00,169.93
2022-05-01 07:15:00,179.94
2022-05-01 07:30:00,179.99
2022-05-01 07:45:00,186.71
2022-05-01 08:00:00,179.99
2022-05-01 08:15:00,189.95
2022-05-01 08:30:00,188.44
2022-05-01 08:45:00,169.98
2022-05-01 09:00:00,179.99
2022-05-01 09:15:00,174.97
2022-05-01 09:30:00,178.09
2022-05-01 09:45:00,161.71
2022-05-01 10:00:00,162.72
2022-05-01 10:15:00,162.72
2022-05-01 10:30:00,162.72
2022-05-01 10:45:00,161.71
2022-05-01 11:00:00,163.57
2022-05-01 11:15:00,161.71
2022-05-01 11:30:00,161.71
2022-05-01 11:45:00,149.97
2022-05-01 12:00:00,162.72
2022-05-01 12:15:00,162.72
2022-05-01 12:30:00,155.22
2022-05-01 12:45:00,136.71
2022-05-01 13:00:00,159.93
2022-05-01 13:15:00,129.99
2022-05-01 13:30:00,136.71
2022-05-01 13:45:00,123.77
2022-05-01 14:00:00,129.97
2022-05-01 14:15:00,136.71
2022-05-01 14:30:00,136.71
2022-05-01 14:45:00,136.71
2022-05-01 15:00:00,120.45
2022-05-01 15:15:00,136.71
2022-05-01 15:30:00,136.71
2022-05-01 15:45:00,154.18
2022-05-01 16:00:00,130.29
2022-05-01 16:15:00,149.91
2022-05-01 16:30:00,162.72
2022-05-01 16:45:00,179.9
2022-05-01 17:00:00,144.83
2022-05-01 17:15:00,161.71
2022-05-01 17:30:00,209.93
2022-05-01 17:45:00,211.67
2022-05-01 18:00:00,159.97
2022-05-01 18:15:00,191.08
2022-05-01 18:30:00,203.08
2022-05-01 18:45:00,270.0
2022-05-01 19:00:00,194.9
2022-05-01 19:15:00,224.1
2022-05-01 19:30:00,255.0
2022-05-01 19:45:00,270.0
2022-05-01 20:00:00,262.79
2022-05-01 20:15:00,250.0
2022-05-01 20:30:00,249.9
2022-05-01 20:45:00,205.04
2022-05-01 21:00:00,279.3
2022-05-01 21:15:00,255.0
2022-05-01 21:30:00,236.84
2022-05-01 21:45:00,200.05
2022-05-01 22:00:00,260.0
2022-05-01 22:15:00,274.73
2022-05-01 22:30:00,244.07
2022-05-01 22:45:00,185.07
2022-05-01 23:00:00,274.75
2022-05-01 23:15:00,218.79
2022-05-01 23:30:00,180.04
2022-05-01 23:45:00,161.71
2022-05-02 00:00:00,225.0
2022-05-02 00:15:00,209.38
2022-05-02 00:30:00,187.0
2022-05-02 00:45:00,170.61
2022-05-02 01:00:00,209.92
2022-05-02 01:15:00,199.99
2022-05-02 01:30:00,194.37
2022-05-02 01:45:00,163.72
2022-05-02 02:00:00,204.92
2022-05-02 02:15:00,184.68
2022-05-02 02:30:00,185.93
2022-05-02 02:45:00,180.48
2022-05-02 03:00:00,187.69
2022-05-02 03:15:00,179.5
2022-05-02 03:30:00,189.9
2022-05-02 03:45:00,194.91
2022-05-02 04:00:00,163.2
2022-05-02 04:15:00,189.91
2022-05-02 04:30:00,204.98
2022-05-02 04:45:00,210.39
2022-05-02 05:00:00,131.82
2022-05-02 05:15:00,199.99
2022-05-02 05:30:00,241.29
2022-05-02 05:45:00,300.0
2022-05-02 06:00:00,175.39
2022-05-02 06:15:00,234.38
2022-05-02 06:30:00,289.92
2022-05-02 06:45:00,319.98
2022-05-02 07:00:00,234.38
2022-05-02 07:15:00,281.73
2022-05-02 07:30:00,300.0
2022-05-02 07:45:00,319.95
2022-05-02 08:00:00,309.91
2022-05-02 08:15:00,309.91
2022-05-02 08:30:00,283.88
2022-05-02 08:45:00,240.0
2022-05-02 09:00:00,290.0
2022-05-02 09:15:00,274.9
2022-05-02 09:30:00,250.0
2022-05-02 09:45:00,234.38
2022-05-02 10:00:00,266.41
2022-05-02 10:15:00,240.88
2022-05-02 10:30:00,239.38
2022-05-02 10:45:00,215.0
2022-05-02 11:00:00,276.9
2022-05-02 11:15:00,234.38
2022-05-02 11:30:00,220.0
2022-05-02 11:45:00,179.96
2022-05-02 12:00:00,235.02
2022-05-02 12:15:00,210.39
2022-05-02 12:30:00,208.53
2022-05-02 12:45:00,184.38
2022-05-02 13:00:00,210.39
2022-05-02 13:15:00,210.39
2022-05-02 13:30:00,210.39
2022-05-02 13:45:00,182.24
2022-05-02 14:00:00,210.39
2022-05-02 14:15:00,209.38
2022-05-02 14:30:00,208.86
2022-05-02 14:45:00,184.38
2022-05-02 15:00:00,210.39
2022-05-02 15:15:00,210.39
2022-05-02 15:30:00,189.84
2022-05-02 15:45:00,209.38
2022-05-02 16:00:00,199.97
2022-05-02 16:15:00,211.96
2022-05-02 16:30:00,210.39
2022-05-02 16:45:00,225.07
2022-05-02 17:00:00,189.96
2022-05-02 17:15:00,210.39
2022-05-02 17:30:00,238.88
2022-05-02 17:45:00,296.77
2022-05-02 18:00:00,209.91
2022-05-02 18:15:00,247.09
2022-05-02 18:30:00,255.1
2022-05-02 18:45:00,319.9
2022-05-02 19:00:00,251.59
2022-05-02 19:15:00,290.0
2022-05-02 19:30:00,309.9
2022-05-02 19:45:00,265.07
2022-05-02 20:00:00,327.54
2022-05-02 20:15:00,300.0
2022-05-02 20:30:00,248.38
2022-05-02 20:45:00,235.03
2022-05-02 21:00:00,319.96
2022-05-02 21:15:00,290.0
2022-05-02 21:30:00,220.1
2022-05-02 21:45:00,209.38
2022-05-02 22:00:00,286.67
2022-05-02 22:15:00,280.0
2022-05-02 22:30:00,210.08
2022-05-02 22:45:00,209.38
2022-05-02 23:00:00,300.0
2022-05-02 23:15:00,234.38
2022-05-02 23:30:00,209.38
2022-05-02 23:45:00,182.28
2022-05-03 00:00:00,249.91
2022-05-03 00:15:00,212.4
2022-05-03 00:30:00,192.84
2022-05-03 00:45:00,171.78
2022-05-03 01:00:00,222.32
2022-05-03 01:15:00,213.41
2022-05-03 01:30:00,179.97
2022-05-03 01:45:00,166.01
2022-05-03 02:00:00,212.4
2022-05-03 02:15:00,197.68
2022-05-03 02:30:00,181.95
2022-05-03 02:45:00,168.27
2022-05-03 03:00:00,187.4
2022-05-03 03:15:00,185.83
2022-05-03 03:30:00,187.4
2022-05-03 03:45:00,187.4
2022-05-03 04:00:00,158.12
2022-05-03 04:15:00,168.27
2022-05-03 04:30:00,204.75
2022-05-03 04:45:00,217.25
2022-05-03 05:00:00,138.74
2022-05-03 05:15:00,187.68
2022-05-03 05:30:00,243.98
2022-05-03 05:45:00,270.0
2022-05-03 06:00:00,178.78
2022-05-03 06:15:00,244.92
2022-05-03 06:30:00,261.82
2022-05-03 06:45:00,300.0
2022-05-03 07:00:00,241.87
2022-05-03 07:15:00,274.94
2022-05-03 07:30:00,279.97
2022-05-03 07:45:00,264.97
2022-05-03 08:00:00,295.0
2022-05-03 08:15:00,280.0
2022-05-03 08:30:00,282.88
2022-05-03 08:45:00,215.0
2022-05-03 09:00:00,270.65
2022-05-03 09:15:00,260.0
2022-05-03 09:30:00,240.0
2022-05-03 09:45:00,212.4
2022-05-03 10:00:00,213.41
2022-05-03 10:15:00,215.03
2022-05-03 10:30:00,212.4
2022-05-03 10:45:00,210.66
2022-05-03 11:00:00,212.4
2022-05-03 11:15:00,212.36
2022-05-03 11:30:00,196.36
2022-05-03 11:45:00,180.0
2022-05-03 12:00:00,220.1
2022-05-03 12:15:00,195.1
2022-05-03 12:30:00,189.09
2022-05-03 12:45:00,180.27
2022-05-03 13:00:00,213.41
2022-05-03 13:15:00,190.0
2022-05-03 13:30:00,185.0
2022-05-03 13:45:00,160.53
2022-05-03 14:00:00,180.0
2022-05-03 14:15:00,183.8
2022-05-03 14:30:00,185.0
2022-05-03 14:45:00,190.0
2022-05-03 15:00:00,185.67
2022-05-03 15:15:00,180.07
2022-05-03 15:30:00,195.01
2022-05-03 15:45:00,187.4
2022-05-03 16:00:00,173.48
2022-05-03 16:15:00,193.69
2022-05-03 16:30:00,205.07
2022-05-03 16:45:00,212.4
2022-05-03 17:00:00,186.78
2022-05-03 17:15:00,212.4
2022-05-03 17:30:00,212.4
2022-05-03 17:45:00,260.0
2022-05-03 18:00:00,235.0
2022-05-03 18:15:00,237.46
2022-05-03 18:30:00,260.0
2022-05-03 18:45:00,265.02
2022-05-03 19:00:00,269.9
2022-05-03 19:15:00,275.38
2022-05-03 19:30:00,260.0
2022-05-03 19:45:00,260.0
2022-05-03 20:00:00,294.3
2022-05-03 20:15:00,273.52
2022-05-03 20:30:00,260.0
2022-05-03 20:45:00,237.4
2022-05-03 21:00:00,300.0
2022-05-03 21:15:00,266.39
2022-05-03 21:30:00,237.4
2022-05-03 21:45:00,200.09
2022-05-03 22:00:00,274.11
2022-05-03 22:15:00,260.0
2022-05-03 22:30:00,237.4
2022-05-03 22:45:00,207.35
2022-05-03 23:00:00,260.4
2022-05-03 23:15:00,237.4
2022-05-03 23:30:00,200.09
2022-05-03 23:45:00,172.9
2022-05-04 00:00:00,249.69
2022-05-04 00:15:00,213.62
2022-05-04 00:30:00,175.0
2022-05-04 00:45:00,164.22
2022-05-04 01:00:00,229.91
2022-05-04 01:15:00,213.62
2022-05-04 01:30:00,184.44
2022-05-04 01:45:00,164.27
2022-05-04 02:00:00,214.63
2022-05-04 02:15:00,199.75
2022-05-04 02:30:00,188.62
2022-05-04 02:45:00,173.87
2022-05-04 03:00:00,188.62
2022-05-04 03:15:00,188.62
2022-05-04 03:30:00,188.62
2022-05-04 03:45:00,204.91
2022-05-04 04:00:00,156.13
2022-05-04 04:15:00,180.59
2022-05-04 04:30:00,209.94
2022-05-04 04:45:00,233.09
2022-05-04 05:00:00,145.0
2022-05-04 05:15:00,204.94
2022-05-04 05:30:00,249.47
2022-05-04 05:45:00,291.06
2022-05-04 06:00:00,175.0
2022-05-04 06:15:00,244.93
2022-05-04 06:30:00,274.87
2022-05-04 06:45:00,300.0
2022-05-04 07:00:00,254.62
2022-05-04 07:15:00,275.0
2022-05-04 07:30:00,275.0
2022-05-04 07:45:00,268.48
2022-05-04 08:00:00,307.78
2022-05-04 08:15:00,280.0
2022-05-04 08:30:00,255.0
2022-05-04 08:45:00,230.67
2022-05-04 09:00:00,285.0
2022-05-04 09:15:00,260.72
2022-05-04 09:30:00,240.0
2022-05-04 09:45:00,213.62
2022-05-04 10:00:00,230.09
2022-05-04 10:15:00,213.62
2022-05-04 10:30:00,230.0
2022-05-04 10:45:00,214.68
2022-05-04 11:00:00,237.96
2022-05-04 11:15:00,213.62
2022-05-04 11:30:00,213.62
2022-05-04 11:45:00,198.12
2022-05-04 12:00:00,233.52
2022-05-04 12:15:00,214.63
2022-05-04 12:30:00,188.62
2022-05-04 12:45:00,177.48
2022-05-04 13:00:00,229.9
2022-05-04 13:15:00,214.63
2022-05-04 13:30:00,185.19
2022-05-04 13:45:00,180.0
2022-05-04 14:00:00,214.63
2022-05-04 14:15:00,188.62
2022-05-04 14:30:00,209.96
2022-05-04 14:45:00,195.08
2022-05-04 15:00:00,195.0
2022-05-04 15:15:00,191.74
2022-05-04 15:30:00,214.63
2022-05-04 15:45:00,214.63
2022-05-04 16:00:00,172.09
2022-05-04 16:15:00,213.62
2022-05-04 16:30:00,213.62
2022-05-04 16:45:00,230.02
2022-05-04 17:00:00,205.0
2022-05-04 17:15:00,213.62
2022-05-04 17:30:00,231.07
2022-05-04 17:45:00,260.0
2022-05-04 18:00:00,230.0
2022-05-04 18:15:00,256.62
2022-05-04 18:30:00,260.0
2022-05-04 18:45:00,284.07
2022-05-04 19:00:00,296.51
2022-05-04 19:15:00,275.0
2022-05-04 19:30:00,279.9
2022-05-04 19:45:00,260.0
2022-05-04 20:00:00,299.8
2022-05-04 20:15:00,295.0
2022-05-04 20:30:00,280.0
2022-05-04 20:45:00,238.62
2022-05-04 21:00:00,300.0
2022-05-04 21:15:00,285.0
2022-05-04 21:30:00,249.08
2022-05-04 21:45:00,213.62
2022-05-04 22:00:00,287.45
2022-05-04 22:15:00,274.81
2022-05-04 22:30:00,240.12
2022-05-04 22:45:00,213.62
2022-05-04 23:00:00,289.21
2022-05-04 23:15:00,242.9
2022-05-04 23:30:00,206.76
2022-05-04 23:45:00,185.0
2022-05-05 00:00:00,249.99
2022-05-05 00:15:00,224.36
2022-05-05 00:30:00,199.36
2022-05-05 00:45:00,196.09
2022-05-05 01:00:00,226.86
2022-05-05 01:15:00,202.18
2022-05-05 01:30:00,199.36
2022-05-05 01:45:00,190.61
2022-05-05 02:00:00,202.07
2022-05-05 02:15:00,200.37
2022-05-05 02:30:00,200.37
2022-05-05 02:45:00,200.37
2022-05-05 03:00:00,212.46
2022-05-05 03:15:00,204.98
2022-05-05 03:30:00,215.1
2022-05-05 03:45:00,208.86
2022-05-05 04:00:00,174.36
2022-05-05 04:15:00,198.07
2022-05-05 04:30:00,200.37
2022-05-05 04:45:00,234.96
2022-05-05 05:00:00,146.41
2022-05-05 05:15:00,199.36
2022-05-05 05:30:00,260.0
2022-05-05 05:45:00,299.95
2022-05-05 06:00:00,178.2
2022-05-05 06:15:00,260.0
2022-05-05 06:30:00,291.16
2022-05-05 06:45:00,300.0
2022-05-05 07:00:00,265.0
2022-05-05 07:15:00,296.56
2022-05-05 07:30:00,270.0
2022-05-05 07:45:00,289.91
2022-05-05 08:00:00,309.76
2022-05-05 08:15:00,301.35
2022-05-05 08:30:00,289.93
2022-05-05 08:45:00,215.0
2022-05-05 09:00:00,295.04
2022-05-05 09:15:00,260.0
2022-05-05 09:30:00,260.0
2022-05-05 09:45:00,220.03
2022-05-05 10:00:00,260.0
2022-05-05 10:15:00,224.79
2022-05-05 10:30:00,225.0
2022-05-05 10:45:00,219.9
2022-05-05 11:00:00,250.0
2022-05-05 11:15:00,228.56
2022-05-05 11:30:00,224.36
2022-05-05 11:45:00,199.36
2022-05-05 12:00:00,260.0
2022-05-05 12:15:00,224.36
2022-05-05 12:30:00,200.37
2022-05-05 12:45:00,191.46
2022-05-05 13:00:00,224.36
2022-05-05 13:15:00,224.36
2022-05-05 13:30:00,199.36
2022-05-05 13:45:00,193.34
2022-05-05 14:00:00,199.36
2022-05-05 14:15:00,199.36
2022-05-05 14:30:00,213.37
2022-05-05 14:45:00,219.97
2022-05-05 15:00:00,188.86
2022-05-05 15:15:00,199.36
2022-05-05 15:30:00,221.72
2022-05-05 15:45:00,224.36
2022-05-05 16:00:00,190.0
2022-05-05 16:15:00,200.37
2022-05-05 16:30:00,207.38
2022-05-05 16:45:00,260.0
2022-05-05 17:00:00,199.36
2022-05-05 17:15:00,225.0
2022-05-05 17:30:00,225.05
2022-05-05 17:45:00,270.41
2022-05-05 18:00:00,224.36
2022-05-05 18:15:00,250.0
2022-05-05 18:30:00,278.14
2022-05-05 18:45:00,287.5
2022-05-05 19:00:00,300.0
2022-05-05 19:15:00,286.03
2022-05-05 19:30:00,280.0
2022-05-05 19:45:00,260.0
2022-05-05 20:00:00,319.91
2022-05-05 20:15:00,280.0
2022-05-05 20:30:00,270.0
2022-05-05 20:45:00,237.76
2022-05-05 21:00:00,302.23
2022-05-05 21:15:00,291.16
2022-05-05 21:30:00,250.0
2022-05-05 21:45:00,199.36
2022-05-05 22:00:00,285.41
2022-05-05 22:15:00,270.0
2022-05-05 22:30:00,245.0
2022-05-05 22:45:00,199.36
2022-05-05 23:00:00,294.95
2022-05-05 23:15:00,250.0
2022-05-05 23:30:00,199.36
2022-05-05 23:45:00,191.98
2022-05-06 00:00:00,259.97
2022-05-06 00:15:00,229.14
2022-05-06 00:30:00,204.14
2022-05-06 00:45:00,196.59
2022-05-06 01:00:00,239.91
2022-05-06 01:15:00,204.14
2022-05-06 01:30:00,204.14
2022-05-06 01:45:00,187.71
2022-05-06 02:00:00,207.57
2022-05-06 02:15:00,204.14
2022-05-06 02:30:00,204.14
2022-05-06 02:45:00,204.14
2022-05-06 03:00:00,193.39
2022-05-06 03:15:00,205.15
2022-05-06 03:30:00,205.15
2022-05-06 03:45:00,205.15
2022-05-06 04:00:00,178.64
2022-05-06 04:15:00,188.13
2022-05-06 04:30:00,205.15
2022-05-06 04:45:00,239.96
2022-05-06 05:00:00,155.0
2022-05-06 05:15:00,204.14
2022-05-06 05:30:00,239.99
2022-05-06 05:45:00,298.43
2022-05-06 06:00:00,178.55
2022-05-06 06:15:00,249.07
2022-05-06 06:30:00,276.89
2022-05-06 06:45:00,300.0
2022-05-06 07:00:00,229.14
2022-05-06 07:15:00,260.0
2022-05-06 07:30:00,275.0
2022-05-06 07:45:00,283.86
2022-05-06 08:00:00,285.0
2022-05-06 08:15:00,274.9
2022-05-06 08:30:00,260.0
2022-05-06 08:45:00,240.0
2022-05-06 09:00:00,275.0
2022-05-06 09:15:00,260.0
2022-05-06 09:30:00,260.0
2022-05-06 09:45:00,228.6
2022-05-06 10:00:00,255.0
2022-05-06 10:15:00,229.14
2022-05-06 10:30:00,204.14
2022-05-06 10:45:00,204.14
2022-05-06 11:00:00,213.97
2022-05-06 11:15:00,245.0
2022-05-06 11:30:00,230.0
2022-05-06 11:45:00,205.15
2022-05-06 12:00:00,260.0
2022-05-06 12:15:00,213.09
2022-05-06 12:30:00,204.14
2022-05-06 12:45:00,204.14
2022-05-06 13:00:00,245.34
2022-05-06 13:15:00,229.14
2022-05-06 13:30:00,201.99
2022-05-06 13:45:00,180.01
2022-05-06 14:00:00,219.94
2022-05-06 14:15:00,204.14
2022-05-06 14:30:00,204.14
2022-05-06 14:45:00,204.14
2022-05-06 15:00:00,196.83
2022-05-06 15:15:00,204.14
2022-05-06 15:30:00,204.14
2022-05-06 15:45:00,204.14
2022-05-06 16:00:00,204.14
2022-05-06 16:15:00,204.14
2022-05-06 16:30:00,206.59
2022-05-06 16:45:00,229.14
2022-05-06 17:00:00,204.14
2022-05-06 17:15:00,220.89
2022-05-06 17:30:00,220.05
2022-05-06 17:45:00,245.01
2022-05-06 18:00:00,205.15
2022-05-06 18:15:00,250.0
2022-05-06 18:30:00,264.9
2022-05-06 18:45:00,285.0
2022-05-06 19:00:00,271.21
2022-05-06 19:15:00,265.0
2022-05-06 19:30:00,274.9
2022-05-06 19:45:00,235.08
2022-05-06 20:00:00,299.9
2022-05-06 20:15:00,280.0
2022-05-06 20:30:00,260.0
2022-05-06 20:45:00,224.67
2022-05-06 21:00:00,300.0
2022-05-06 21:15:00,281.54
2022-05-06 21:30:00,250.0
2022-05-06 21:45:00,204.14
2022-05-06 22:00:00,285.7
2022-05-06 22:15:00,275.0
2022-05-06 22:30:00,227.46
2022-05-06 22:45:00,204.14
2022-05-06 23:00:00,299.72
2022-05-06 23:15:00,255.0
2022-05-06 23:30:00,204.14
2022-05-06 23:45:00,183.63
2022-05-07 00:00:00,287.45
2022-05-07 00:15:00,225.02
2022-05-07 00:30:00,190.9
2022-05-07 00:45:00,189.62
2022-05-07 01:00:00,244.96
2022-05-07 01:15:00,207.66
2022-05-07 01:30:00,190.63
2022-05-07 01:45:00,182.24
2022-05-07 02:00:00,229.94
2022-05-07 02:15:00,195.5
2022-05-07 02:30:00,190.63
2022-05-07 02:45:00,190.63
2022-05-07 03:00:00,194.54
2022-05-07 03:15:00,209.9
2022-05-07 03:30:00,201.02
2022-05-07 03:45:00,199.1
2022-05-07 04:00:00,190.63
2022-05-07 04:15:00,190.84
2022-05-07 04:30:00,209.92
2022-05-07 04:45:00,214.97
2022-05-07 05:00:00,189.62
2022-05-07 05:15:00,190.63
2022-05-07 05:30:00,214.91
2022-05-07 05:45:00,237.61
2022-05-07 06:00:00,177.93
2022-05-07 06:15:00,189.62
2022-05-07 06:30:00,227.24
2022-05-07 06:45:00,260.0
2022-05-07 07:00:00,189.62
2022-05-07 07:15:00,201.79
2022-05-07 07:30:00,217.61
2022-05-07 07:45:00,234.11
2022-05-07 08:00:00,189.62
2022-05-07 08:15:00,212.78
2022-05-07 08:30:00,224.9
2022-05-07 08:45:00,214.62
2022-05-07 09:00:00,205.0
2022-05-07 09:15:00,201.55
2022-05-07 09:30:00,199.93
2022-05-07 09:45:00,189.62
2022-05-07 10:00:00,201.42
2022-05-07 10:15:00,194.53
2022-05-07 10:30:00,194.97
2022-05-07 10:45:00,189.62
2022-05-07 11:00:00,189.62
2022-05-07 11:15:00,189.62
2022-05-07 11:30:00,189.62
2022-05-07 11:45:00,187.45
2022-05-07 12:00:00,214.62
2022-05-07 12:15:00,189.62
2022-05-07 12:30:00,169.94
2022-05-07 12:45:00,140.86
2022-05-07 13:00:00,194.99
2022-05-07 13:15:00,184.97
2022-05-07 13:30:00,174.9
2022-05-07 13:45:00,135.0
2022-05-07 14:00:00,164.98
2022-05-07 14:15:00,164.62
2022-05-07 14:30:00,163.21
2022-05-07 14:45:00,145.21
2022-05-07 15:00:00,139.99
2022-05-07 15:15:00,154.94
2022-05-07 15:30:00,164.43
2022-05-07 15:45:00,164.62
2022-05-07 16:00:00,129.91
2022-05-07 16:15:00,139.9
2022-05-07 16:30:00,188.51
2022-05-07 16:45:00,189.62
2022-05-07 17:00:00,144.91
2022-05-07 17:15:00,169.73
2022-05-07 17:30:00,188.73
2022-05-07 17:45:00,215.0
2022-05-07 18:00:00,189.94
2022-05-07 18:15:00,214.62
2022-05-07 18:30:00,209.35
2022-05-07 18:45:00,190.09
2022-05-07 19:00:00,211.3
2022-05-07 19:15:00,214.62
2022-05-07 19:30:00,220.03
2022-05-07 19:45:00,230.06
2022-05-07 20:00:00,240.0
2022-05-07 20:15:00,243.83
2022-05-07 20:30:00,220.03
2022-05-07 20:45:00,205.01
2022-05-07 21:00:00,270.0
2022-05-07 21:15:00,250.0
2022-05-07 21:30:00,209.48
2022-05-07 21:45:00,189.62
2022-05-07 22:00:00,260.0
2022-05-07 22:15:00,258.3
2022-05-07 22:30:00,195.07
2022-05-07 22:45:00,189.62
2022-05-07 23:00:00,260.0
2022-05-07 23:15:00,189.62
2022-05-07 23:30:00,185.54
2022-05-07 23:45:00,165.07
2022-05-08 00:00:00,269.91
2022-05-08 00:15:00,177.5
2022-05-08 00:30:00,165.04
2022-05-08 00:45:00,155.0
2022-05-08 01:00:00,259.9
2022-05-08 01:15:00,175.45
2022-05-08 01:30:00,155.0
2022-05-08 01:45:00,137.79
2022-05-08 02:00:00,214.98
2022-05-08 02:15:00,178.86
2022-05-08 02:30:00,180.36
2022-05-08 02:45:00,141.75
2022-05-08 03:00:00,193.05
2022-05-08 03:15:00,161.78
2022-05-08 03:30:00,161.78
2022-05-08 03:45:00,161.78
2022-05-08 04:00:00,161.78
2022-05-08 04:15:00,161.78
2022-05-08 04:30:00,163.33
2022-05-08 04:45:00,184.92
2022-05-08 05:00:00,161.78
2022-05-08 05:15:00,161.78
2022-05-08 05:30:00,176.74
2022-05-08 05:45:00,179.91
2022-05-08 06:00:00,150.0
2022-05-08 06:15:00,161.78
2022-05-08 06:30:00,161.78
2022-05-08 06:45:00,190.44
2022-05-08 07:00:00,160.55
2022-05-08 07:15:00,160.1
2022-05-08 07:30:00,161.78
2022-05-08 07:45:00,166.8
2022-05-08 08:00:00,165.0
2022-05-08 08:15:00,162.27
2022-05-08 08:30:00,161.78
2022-05-08 08:45:00,154.95
2022-05-08 09:00:00,175.68
2022-05-08 09:15:00,161.78
2022-05-08 09:30:00,154.99
2022-05-08 09:45:00,121.73
2022-05-08 10:00:00,161.78
2022-05-08 10:15:00,157.76
2022-05-08 10:30:00,154.92
2022-05-08 10:45:00,136.78
2022-05-08 11:00:00,137.79
2022-05-08 11:15:00,137.79
2022-05-08 11:30:00,139.15
2022-05-08 11:45:00,137.79
2022-05-08 12:00:00,137.79
2022-05-08 12:15:00,120.0
2022-05-08 12:30:00,111.78
2022-05-08 12:45:00,101.31
2022-05-08 13:00:00,115.1
2022-05-08 13:15:00,105.0
2022-05-08 13:30:00,88.1
2022-05-08 13:45:00,89.6
2022-05-08 14:00:00,99.92
2022-05-08 14:15:00,75.1
2022-05-08 14:30:00,89.37
2022-05-08 14:45:00,105.0
2022-05-08 15:00:00,62.1
2022-05-08 15:15:00,93.82
2022-05-08 15:30:00,111.78
2022-05-08 15:45:00,115.0
2022-05-08 16:00:00,77.4
2022-05-08 16:15:00,90.0
2022-05-08 16:30:00,111.78
2022-05-08 16:45:00,137.79
2022-05-08 17:00:00,119.92
2022-05-08 17:15:00,136.78
2022-05-08 17:30:00,161.78
2022-05-08 17:45:00,195.95
2022-05-08 18:00:00,136.78
2022-05-08 18:15:00,155.0
2022-05-08 18:30:00,200.04
2022-05-08 18:45:00,252.18
2022-05-08 19:00:00,161.78
2022-05-08 19:15:00,234.9
2022-05-08 19:30:00,221.4
2022-05-08 19:45:00,283.92
2022-05-08 20:00:00,240.0
2022-05-08 20:15:00,247.24
2022-05-08 20:30:00,220.08
2022-05-08 20:45:00,225.04
2022-05-08 21:00:00,289.91
2022-05-08 21:15:00,259.74
2022-05-08 21:30:00,250.0
2022-05-08 21:45:00,200.09
2022-05-08 22:00:00,265.0
2022-05-08 22:15:00,283.95
2022-05-08 22:30:00,245.0
2022-05-08 22:45:00,192.68
2022-05-08 23:00:00,277.72
2022-05-08 23:15:00,210.07
2022-05-08 23:30:00,161.78
2022-05-08 23:45:00,153.22
2022-05-09 00:00:00,249.96
2022-05-09 00:15:00,206.16
2022-05-09 00:30:00,177.54
2022-05-09 00:45:00,177.54
2022-05-09 01:00:00,203.04
2022-05-09 01:15:00,202.54
2022-05-09 01:30:00,177.54
2022-05-09 01:45:00,177.54
2022-05-09 02:00:00,202.54
2022-05-09 02:15:00,180.71
2022-05-09 02:30:00,178.55
2022-05-09 02:45:00,178.55
2022-05-09 03:00:00,198.38
2022-05-09 03:15:00,177.54
2022-05-09 03:30:00,177.54
2022-05-09 03:45:00,202.54
2022-05-09 04:00:00,177.29
2022-05-09 04:15:00,177.54
2022-05-09 04:30:00,188.23
2022-05-09 04:45:00,234.9
2022-05-09 05:00:00,143.11
2022-05-09 05:15:00,177.54
2022-05-09 05:30:00,244.96
2022-05-09 05:45:00,309.91
2022-05-09 06:00:00,177.54
2022-05-09 06:15:00,216.57
2022-05-09 06:30:00,283.99
2022-05-09 06:45:00,317.91
2022-05-09 07:00:00,276.16
2022-05-09 07:15:00,289.92
2022-05-09 07:30:00,275.47
2022-05-09 07:45:00,238.14
2022-05-09 08:00:00,300.0
2022-05-09 08:15:00,295.0
2022-05-09 08:30:00,246.17
2022-05-09 08:45:00,178.55
2022-05-09 09:00:00,291.12
2022-05-09 09:15:00,280.0
2022-05-09 09:30:00,247.16
2022-05-09 09:45:00,177.54
2022-05-09 10:00:00,261.76
2022-05-09 10:15:00,210.03
2022-05-09 10:30:00,202.54
2022-05-09 10:45:00,177.54
2022-05-09 11:00:00,215.0
2022-05-09 11:15:00,202.54
2022-05-09 11:30:00,202.54
2022-05-09 11:45:00,178.55
2022-05-09 12:00:00,229.9
2022-05-09 12:15:00,181.91
2022-05-09 12:30:00,180.0
2022-05-09 12:45:00,185.0
2022-05-09 13:00:00,198.43
2022-05-09 13:15:00,186.92
2022-05-09 13:30:00,180.0
2022-05-09 13:45:00,178.55
2022-05-09 14:00:00,180.52
2022-05-09 14:15:00,178.55
2022-05-09 14:30:00,178.55
2022-05-09 14:45:00,185.0
2022-05-09 15:00:00,178.55
2022-05-09 15:15:00,178.55
2022-05-09 15:30:00,181.68
2022-05-09 15:45:00,192.24
2022-05-09 16:00:00,177.54
2022-05-09 16:15:00,181.29
2022-05-09 16:30:00,202.54
2022-05-09 16:45:00,210.09
2022-05-09 17:00:00,159.94
2022-05-09 17:15:00,202.54
2022-05-09 17:30:00,229.8
2022-05-09 17:45:00,289.9
2022-05-09 18:00:00,202.54
2022-05-09 18:15:00,241.8
2022-05-09 18:30:00,290.6
2022-05-09 18:45:00,304.81
2022-05-09 19:00:00,259.93
2022-05-09 19:15:00,298.74
2022-05-09 19:30:00,304.9
2022-05-09 19:45:00,290.69
2022-05-09 20:00:00,300.0
2022-05-09 20:15:00,292.14
2022-05-09 20:30:00,290.0
2022-05-09 20:45:00,285.39
2022-05-09 21:00:00,305.0
2022-05-09 21:15:00,290.0
2022-05-09 21:30:00,275.0
2022-05-09 21:45:00,202.54
2022-05-09 22:00:00,299.9
2022-05-09 22:15:00,283.98
2022-05-09 22:30:00,221.31
2022-05-09 22:45:00,203.82
2022-05-09 23:00:00,300.0
2022-05-09 23:15:00,271.8
2022-05-09 23:30:00,200.09
2022-05-09 23:45:00,178.55
2022-05-10 00:00:00,264.94
2022-05-10 00:15:00,205.2
2022-05-10 00:30:00,185.0
2022-05-10 00:45:00,164.22
2022-05-10 01:00:00,244.93
2022-05-10 01:15:00,190.0
2022-05-10 01:30:00,169.49
2022-05-10 01:45:00,163.21
2022-05-10 02:00:00,195.0
2022-05-10 02:15:00,185.0
2022-05-10 02:30:00,175.19
2022-05-10 02:45:00,164.22
2022-05-10 03:00:00,166.27
2022-05-10 03:15:00,169.62
2022-05-10 03:30:00,176.34
2022-05-10 03:45:00,188.21
2022-05-10 04:00:00,160.0
2022-05-10 04:15:00,163.21
2022-05-10 04:30:00,185.0
2022-05-10 04:45:00,205.63
2022-05-10 05:00:00,138.36
2022-05-10 05:15:00,163.21
2022-05-10 05:30:00,204.01
2022-05-10 05:45:00,288.44
2022-05-10 06:00:00,151.28
2022-05-10 06:15:00,199.52
2022-05-10 06:30:00,260.0
2022-05-10 06:45:00,284.92
2022-05-10 07:00:00,193.84
2022-05-10 07:15:00,230.0
2022-05-10 07:30:00,254.99
2022-05-10 07:45:00,260.0
2022-05-10 08:00:00,271.75
2022-05-10 08:15:00,260.0
2022-05-10 08:30:00,223.99
2022-05-10 08:45:00,163.21
2022-05-10 09:00:00,260.0
2022-05-10 09:15:00,217.92
2022-05-10 09:30:00,190.07
2022-05-10 09:45:00,163.21
2022-05-10 10:00:00,220.06
2022-05-10 10:15:00,188.21
2022-05-10 10:30:00,180.0
2022-05-10 10:45:00,163.21
2022-05-10 11:00:00,195.0
2022-05-10 11:15:00,188.44
2022-05-10 11:30:00,190.94
2022-05-10 11:45:00,164.22
2022-05-10 12:00:00,211.76
2022-05-10 12:15:00,175.0
2022-05-10 12:30:00,165.0
2022-05-10 12:45:00,163.21
2022-05-10 13:00:00,190.19
2022-05-10 13:15:00,188.21
2022-05-10 13:30:00,163.21
2022-05-10 13:45:00,155.0
2022-05-10 14:00:00,163.21
2022-05-10 14:15:00,165.0
2022-05-10 14:30:00,171.14
2022-05-10 14:45:00,188.21
2022-05-10 15:00:00,164.22
2022-05-10 15:15:00,164.22
2022-05-10 15:30:00,175.0
2022-05-10 15:45:00,190.06
2022-05-10 16:00:00,163.21
2022-05-10 16:15:00,163.21
2022-05-10 16:30:00,184.26
2022-05-10 16:45:00,205.02
2022-05-10 17:00:00,155.38
2022-05-10 17:15:00,170.01
2022-05-10 17:30:00,203.05
2022-05-10 17:45:00,240.06
2022-05-10 18:00:00,163.21
2022-05-10 18:15:00,199.82
2022-05-10 18:30:00,230.08
2022-05-10 18:45:00,260.0
2022-05-10 19:00:00,239.9
2022-05-10 19:15:00,220.1
2022-05-10 19:30:00,235.09
2022-05-10 19:45:00,249.32
2022-05-10 20:00:00,250.0
2022-05-10 20:15:00,260.0
2022-05-10 20:30:00,235.09
2022-05-10 20:45:00,214.59
2022-05-10 21:00:00,284.86
2022-05-10 21:15:00,260.0
2022-05-10 21:30:00,215.01
2022-05-10 21:45:00,163.21
2022-05-10 22:00:00,260.0
2022-05-10 22:15:00,260.0
2022-05-10 22:30:00,198.92
2022-05-10 22:45:00,163.21
2022-05-10 23:00:00,260.0
2022-05-10 23:15:00,202.98
2022-05-10 23:30:00,163.21
2022-05-10 23:45:00,143.65
2022-05-11 00:00:00,277.48
2022-05-11 00:15:00,199.49
2022-05-11 00:30:00,153.23
2022-05-11 00:45:00,153.23
2022-05-11 01:00:00,271.26
2022-05-11 01:15:00,178.23
2022-05-11 01:30:00,153.23
2022-05-11 01:45:00,153.23
2022-05-11 02:00:00,202.03
2022-05-11 02:15:00,178.23
2022-05-11 02:30:00,178.23
2022-05-11 02:45:00,154.24
2022-05-11 03:00:00,178.23
2022-05-11 03:15:00,161.32
2022-05-11 03:30:00,178.23
2022-05-11 03:45:00,178.23
2022-05-11 04:00:00,144.59
2022-05-11 04:15:00,149.69
2022-05-11 04:30:00,153.23
2022-05-11 04:45:00,250.42
2022-05-11 05:00:00,144.91
2022-05-11 05:15:00,170.09
2022-05-11 05:30:00,194.77
2022-05-11 05:45:00,274.95
2022-05-11 06:00:00,147.15
2022-05-11 06:15:00,175.1
2022-05-11 06:30:00,283.43
2022-05-11 06:45:00,300.0
2022-05-11 07:00:00,153.23
2022-05-11 07:15:00,260.0
2022-05-11 07:30:00,269.59
2022-05-11 07:45:00,266.63
2022-05-11 08:00:00,265.57
2022-05-11 08:15:00,260.0
2022-05-11 08:30:00,260.0
2022-05-11 08:45:00,154.24
2022-05-11 09:00:00,260.0
2022-05-11 09:15:00,260.0
2022-05-11 09:30:00,184.64
2022-05-11 09:45:00,160.14
2022-05-11 10:00:00,205.68
2022-05-11 10:15:00,178.23
2022-05-11 10:30:00,178.23
2022-05-11 10:45:00,153.23
2022-05-11 11:00:00,153.23
2022-05-11 11:15:00,153.23
2022-05-11 11:30:00,228.31
2022-05-11 11:45:00,161.44
2022-05-11 12:00:00,201.77
2022-05-11 12:15:00,153.23
2022-05-11 12:30:00,154.24
2022-05-11 12:45:00,154.24
2022-05-11 13:00:00,192.68
2022-05-11 13:15:00,178.23
2022-05-11 13:30:00,153.23
2022-05-11 13:45:00,137.71
2022-05-11 14:00:00,160.11
2022-05-11 14:15:00,154.24
2022-05-11 14:30:00,154.24
2022-05-11 14:45:00,154.24
2022-05-11 15:00:00,154.24
2022-05-11 15:15:00,154.24
2022-05-11 15:30:00,154.24
2022-05-11 15:45:00,193.32
2022-05-11 16:00:00,154.24
2022-05-11 16:15:00,154.24
2022-05-11 16:30:00,154.24
2022-05-11 16:45:00,200.53
2022-05-11 17:00:00,136.48
2022-05-11 17:15:00,153.23
2022-05-11 17:30:00,178.23
2022-05-11 17:45:00,247.31
2022-05-11 18:00:00,153.23
2022-05-11 18:15:00,178.23
2022-05-11 18:30:00,178.23
2022-05-11 18:45:00,260.0
2022-05-11 19:00:00,267.43
2022-05-11 19:15:00,266.62
2022-05-11 19:30:00,227.53
2022-05-11 19:45:00,178.23
2022-05-11 20:00:00,269.36
2022-05-11 20:15:00,260.0
2022-05-11 20:30:00,257.13
2022-05-11 20:45:00,153.23
2022-05-11 21:00:00,292.21
2022-05-11 21:15:00,266.61
2022-05-11 21:30:00,204.9
2022-05-11 21:45:00,153.23
2022-05-11 22:00:00,267.48
2022-05-11 22:15:00,266.64
2022-05-11 22:30:00,186.84
2022-05-11 22:45:00,153.23
2022-05-11 23:00:00,278.32
2022-05-11 23:15:00,213.28
2022-05-11 23:30:00,153.23
2022-05-11 23:45:00,144.32
2022-05-12 00:00:00,215.0
2022-05-12 00:15:00,147.65
2022-05-12 00:30:00,134.6
2022-05-12 00:45:00,135.59
2022-05-12 01:00:00,195.0
2022-05-12 01:15:00,130.17
2022-05-12 01:30:00,128.0
2022-05-12 01:45:00,131.18
2022-05-12 02:00:00,155.17
2022-05-12 02:15:00,130.17
2022-05-12 02:30:00,130.17
2022-05-12 02:45:00,130.17
2022-05-12 03:00:00,130.17
2022-05-12 03:15:00,115.0
2022-05-12 03:30:00,120.0
2022-05-12 03:45:00,130.0
2022-05-12 04:00:00,130.17
2022-05-12 04:15:00,130.17
2022-05-12 04:30:00,135.0
2022-05-12 04:45:00,184.92
2022-05-12 05:00:00,127.72
2022-05-12 05:15:00,131.18
2022-05-12 05:30:00,155.17
2022-05-12 05:45:00,249.93
2022-05-12 06:00:00,131.18
2022-05-12 06:15:00,170.0
2022-05-12 06:30:00,254.82
2022-05-12 06:45:00,260.0
2022-05-12 07:00:00,180.07
2022-05-12 07:15:00,245.72
2022-05-12 07:30:00,244.98
2022-05-12 07:45:00,224.91
2022-05-12 08:00:00,260.0
2022-05-12 08:15:00,259.9
2022-05-12 08:30:00,224.52
2022-05-12 08:45:00,138.57
2022-05-12 09:00:00,260.0
2022-05-12 09:15:00,215.04
2022-05-12 09:30:00,189.88
2022-05-12 09:45:00,142.91
2022-05-12 10:00:00,249.4
2022-05-12 10:15:00,135.0
2022-05-12 10:30:00,135.0
2022-05-12 10:45:00,135.0
2022-05-12 11:00:00,218.68
2022-05-12 11:15:00,150.09
2022-05-12 11:30:00,140.05
2022-05-12 11:45:00,135.0
2022-05-12 12:00:00,185.0
2022-05-12 12:15:00,165.0
2022-05-12 12:30:00,139.02
2022-05-12 12:45:00,131.18
2022-05-12 13:00:00,164.84
2022-05-12 13:15:00,135.0
2022-05-12 13:30:00,135.0
2022-05-12 13:45:00,135.0
2022-05-12 14:00:00,150.01
2022-05-12 14:15:00,131.18
2022-05-12 14:30:00,131.18
2022-05-12 14:45:00,143.79
2022-05-12 15:00:00,135.0
2022-05-12 15:15:00,144.73
2022-05-12 15:30:00,140.1
2022-05-12 15:45:00,140.09
2022-05-12 16:00:00,131.18
2022-05-12 16:15:00,135.0
2022-05-12 16:30:00,157.9
2022-05-12 16:45:00,205.07
2022-05-12 17:00:00,131.18
2022-05-12 17:15:00,140.02
2022-05-12 17:30:00,170.85
2022-05-12 17:45:00,245.0
2022-05-12 18:00:00,141.8
2022-05-12 18:15:00,170.89
2022-05-12 18:30:00,233.71
2022-05-12 18:45:00,260.0
2022-05-12 19:00:00,205.01
2022-05-12 19:15:00,227.62
2022-05-12 19:30:00,249.97
2022-05-12 19:45:00,249.92
2022-05-12 20:00:00,250.0
2022-05-12 20:15:00,230.09
2022-05-12 20:30:00,260.0
2022-05-12 20:45:00,204.51
2022-05-12 21:00:00,281.2
2022-05-12 21:15:00,260.0
2022-05-12 21:30:00,210.07
2022-05-12 21:45:00,150.05
2022-05-12 22:00:00,260.0
2022-05-12 22:15:00,260.0
2022-05-12 22:30:00,200.09
2022-05-12 22:45:00,140.09
2022-05-12 23:00:00,265.0
2022-05-12 23:15:00,240.0
2022-05-12 23:30:00,180.17
2022-05-12 23:45:00,135.0
2022-05-13 00:00:00,241.54
2022-05-13 00:15:00,240.0
2022-05-13 00:30:00,181.0
2022-05-13 00:45:00,147.5
2022-05-13 01:00:00,240.0
2022-05-13 01:15:00,210.73
2022-05-13 01:30:00,173.0
2022-05-13 01:45:00,142.87
2022-05-13 02:00:00,221.97
2022-05-13 02:15:00,190.74
2022-05-13 02:30:00,201.92
2022-05-13 02:45:00,131.87
2022-05-13 03:00:00,203.26
2022-05-13 03:15:00,170.0
2022-05-13 03:30:00,170.0
2022-05-13 03:45:00,171.0
2022-05-13 04:00:00,140.66
2022-05-13 04:15:00,164.0
2022-05-13 04:30:00,197.46
2022-05-13 04:45:00,240.0
2022-05-13 05:00:00,119.6
2022-05-13 05:15:00,167.0
2022-05-13 05:30:00,240.0
2022-05-13 05:45:00,277.12
2022-05-13 06:00:00,128.43
2022-05-13 06:15:00,236.59
2022-05-13 06:30:00,251.93
2022-05-13 06:45:00,273.38
2022-05-13 07:00:00,186.32
2022-05-13 07:15:00,247.9
2022-05-13 07:30:00,247.96
2022-05-13 07:45:00,255.54
2022-05-13 08:00:00,240.0
2022-05-13 08:15:00,240.0
2022-05-13 08:30:00,231.9
2022-05-13 08:45:00,175.72
2022-05-13 09:00:00,240.0
2022-05-13 09:15:00,213.67
2022-05-13 09:30:00,182.08
2022-05-13 09:45:00,164.65
2022-05-13 10:00:00,234.0
2022-05-13 10:15:00,178.62
2022-05-13 10:30:00,182.03
2022-05-13 10:45:00,132.65
2022-05-13 11:00:00,230.31
2022-05-13 11:15:00,200.03
2022-05-13 11:30:00,130.06
2022-05-13 11:45:00,119.6
2022-05-13 12:00:00,230.96
2022-05-13 12:15:00,192.0
2022-05-13 12:30:00,130.03
2022-05-13 12:45:00,119.6
2022-05-13 13:00:00,215.95
2022-05-13 13:15:00,140.02
2022-05-13 13:30:00,126.79
2022-05-13 13:45:00,119.6
2022-05-13 14:00:00,148.06
2022-05-13 14:15:00,157.06
2022-05-13 14:30:00,136.14
2022-05-13 14:45:00,167.0
2022-05-13 15:00:00,134.47
2022-05-13 15:15:00,161.01
2022-05-13 15:30:00,130.1
2022-05-13 15:45:00,172.78
2022-05-13 16:00:00,150.02
2022-05-13 16:15:00,120.07
2022-05-13 16:30:00,140.01
2022-05-13 16:45:00,230.84
2022-05-13 17:00:00,118.59
2022-05-13 17:15:00,130.64
2022-05-13 17:30:00,201.7
2022-05-13 17:45:00,221.1
2022-05-13 18:00:00,128.04
2022-05-13 18:15:00,156.07
2022-05-13 18:30:00,175.09
2022-05-13 18:45:00,240.0
2022-05-13 19:00:00,186.08
2022-05-13 19:15:00,221.9
2022-05-13 19:30:00,197.05
2022-05-13 19:45:00,184.57
2022-05-13 20:00:00,261.32
2022-05-13 20:15:00,240.0
2022-05-13 20:30:00,217.08
2022-05-13 20:45:00,170.06
2022-05-13 21:00:00,261.0
2022-05-13 21:15:00,241.0
2022-05-13 21:30:00,220.0
2022-05-13 21:45:00,137.7
2022-05-13 22:00:00,240.0
2022-05-13 22:15:00,240.0
2022-05-13 22:30:00,184.07
2022-05-13 22:45:00,140.15
2022-05-13 23:00:00,256.33
2022-05-13 23:15:00,223.0
2022-05-13 23:30:00,149.59
2022-05-13 23:45:00,120.07
2022-05-14 00:00:00,250.0
2022-05-14 00:15:00,204.3
2022-05-14 00:30:00,137.35
2022-05-14 00:45:00,134.49
2022-05-14 01:00:00,238.14
2022-05-14 01:15:00,160.0
2022-05-14 01:30:00,144.05
2022-05-14 01:45:00,133.8
2022-05-14 02:00:00,209.9
2022-05-14 02:15:00,160.0
2022-05-14 02:30:00,150.0
2022-05-14 02:45:00,132.33
2022-05-14 03:00:00,191.72
2022-05-14 03:15:00,155.0
2022-05-14 03:30:00,150.0
2022-05-14 03:45:00,137.36
2022-05-14 04:00:00,149.85
2022-05-14 04:15:00,150.0
2022-05-14 04:30:00,155.0
2022-05-14 04:45:00,195.0
2022-05-14 05:00:00,121.0
2022-05-14 05:15:00,155.0
2022-05-14 05:30:00,159.49
2022-05-14 05:45:00,238.2
2022-05-14 06:00:00,155.0
2022-05-14 06:15:00,165.0
2022-05-14 06:30:00,175.0
2022-05-14 06:45:00,226.8
2022-05-14 07:00:00,140.05
2022-05-14 07:15:00,159.49
2022-05-14 07:30:00,180.0
2022-05-14 07:45:00,217.32
2022-05-14 08:00:00,180.0
2022-05-14 08:15:00,170.0
2022-05-14 08:30:00,181.41
2022-05-14 08:45:00,160.0
2022-05-14 09:00:00,200.0
2022-05-14 09:15:00,163.77
2022-05-14 09:30:00,150.1
2022-05-14 09:45:00,135.1
2022-05-14 10:00:00,169.99
2022-05-14 10:15:00,164.92
2022-05-14 10:30:00,135.1
2022-05-14 10:45:00,114.84
2022-05-14 11:00:00,160.1
2022-05-14 11:15:00,134.49
2022-05-14 11:30:00,110.5
2022-05-14 11:45:00,109.49
2022-05-14 12:00:00,152.92
2022-05-14 12:15:00,140.0
2022-05-14 12:30:00,109.49
2022-05-14 12:45:00,90.1
2022-05-14 13:00:00,184.95
2022-05-14 13:15:00,111.25
2022-05-14 13:30:00,109.49
2022-05-14 13:45:00,84.49
2022-05-14 14:00:00,110.5
2022-05-14 14:15:00,110.5
2022-05-14 14:30:00,95.0
2022-05-14 14:45:00,110.5
2022-05-14 15:00:00,122.8
2022-05-14 15:15:00,110.5
2022-05-14 15:30:00,110.5
2022-05-14 15:45:00,120.09
2022-05-14 16:00:00,101.73
2022-05-14 16:15:00,109.49
2022-05-14 16:30:00,155.0
2022-05-14 16:45:00,209.98
2022-05-14 17:00:00,100.13
2022-05-14 17:15:00,133.31
2022-05-14 17:30:00,160.0
2022-05-14 17:45:00,214.91
2022-05-14 18:00:00,140.0
2022-05-14 18:15:00,170.0
2022-05-14 18:30:00,208.08
2022-05-14 18:45:00,240.0
2022-05-14 19:00:00,150.08
2022-05-14 19:15:00,222.59
2022-05-14 19:30:00,250.0
2022-05-14 19:45:00,250.0
2022-05-14 20:00:00,245.0
2022-05-14 20:15:00,245.0
2022-05-14 20:30:00,234.68
2022-05-14 20:45:00,180.1
2022-05-14 21:00:00,260.0
2022-05-14 21:15:00,245.0
2022-05-14 21:30:00,218.5
2022-05-14 21:45:00,159.49
2022-05-14 22:00:00,250.0
2022-05-14 22:15:00,250.0
2022-05-14 22:30:00,190.08
2022-05-14 22:45:00,154.82
2022-05-14 23:00:00,260.0
2022-05-14 23:15:00,235.0
2022-05-14 23:30:00,174.71
2022-05-14 23:45:00,137.3
2022-05-15 00:00:00,255.68
2022-05-15 00:15:00,231.87
2022-05-15 00:30:00,160.0
2022-05-15 00:45:00,144.47
2022-05-15 01:00:00,249.92
2022-05-15 01:15:00,204.96
2022-05-15 01:30:00,152.66
2022-05-15 01:45:00,140.0
2022-05-15 02:00:00,238.13
2022-05-15 02:15:00,199.93
2022-05-15 02:30:00,145.95
2022-05-15 02:45:00,140.0
2022-05-15 03:00:00,204.93
2022-05-15 03:15:00,169.7
2022-05-15 03:30:00,147.98
2022-05-15 03:45:00,144.48
2022-05-15 04:00:00,150.0
2022-05-15 04:15:00,149.28
2022-05-15 04:30:00,184.91
2022-05-15 04:45:00,184.96
2022-05-15 05:00:00,155.0
2022-05-15 05:15:00,165.07
2022-05-15 05:30:00,179.94
2022-05-15 05:45:00,169.92
2022-05-15 06:00:00,175.0
2022-05-15 06:15:00,160.72
2022-05-15 06:30:00,179.95
2022-05-15 06:45:00,154.96
2022-05-15 07:00:00,175.1
2022-05-15 07:15:00,160.0
2022-05-15 07:30:00,153.73
2022-05-15 07:45:00,139.96
2022-05-15 08:00:00,173.76
2022-05-15 08:15:00,150.1
2022-05-15 08:30:00,159.91
2022-05-15 08:45:00,137.72
2022-05-15 09:00:00,177.04
2022-05-15 09:15:00,138.48
2022-05-15 09:30:00,139.9
2022-05-15 09:45:00,109.99
2022-05-15 10:00:00,149.98
2022-05-15 10:15:00,139.95
2022-05-15 10:30:00,111.45
2022-05-15 10:45:00,106.99
2022-05-15 11:00:00,119.15
2022-05-15 11:15:00,129.91
2022-05-15 11:30:00,121.07
2022-05-15 11:45:00,106.99
2022-05-15 12:00:00,132.67
2022-05-15 12:15:00,106.78
2022-05-15 12:30:00,105.98
2022-05-15 12:45:00,101.33
2022-05-15 13:00:00,106.46
2022-05-15 13:15:00,100.94
2022-05-15 13:30:00,89.94
2022-05-15 13:45:00,53.29
2022-05-15 14:00:00,96.95
2022-05-15 14:15:00,84.7
2022-05-15 14:30:00,71.92
2022-05-15 14:45:00,72.92
2022-05-15 15:00:00,74.93
2022-05-15 15:15:00,89.13
2022-05-15 15:30:00,82.13
2022-05-15 15:45:00,100.63
2022-05-15 16:00:00,87.16
2022-05-15 16:15:00,102.75
2022-05-15 16:30:00,105.98
2022-05-15 16:45:00,140.0
2022-05-15 17:00:00,105.98
2022-05-15 17:15:00,110.3
2022-05-15 17:30:00,153.82
2022-05-15 17:45:00,238.19
2022-05-15 18:00:00,124.95
2022-05-15 18:15:00,150.0
2022-05-15 18:30:00,236.38
2022-05-15 18:45:00,259.04
2022-05-15 19:00:00,136.17
2022-05-15 19:15:00,193.69
2022-05-15 19:30:00,265.0
2022-05-15 19:45:00,275.77
2022-05-15 20:00:00,220.0
2022-05-15 20:15:00,196.46
2022-05-15 20:30:00,254.46
2022-05-15 20:45:00,250.22
2022-05-15 21:00:00,240.0
2022-05-15 21:15:00,240.0
2022-05-15 21:30:00,221.59
2022-05-15 21:45:00,195.08
2022-05-15 22:00:00,200.1
2022-05-15 22:15:00,240.0
2022-05-15 22:30:00,224.88
2022-05-15 22:45:00,180.09
2022-05-15 23:00:00,257.83
2022-05-15 23:15:00,235.0
2022-05-15 23:30:00,141.26
2022-05-15 23:45:00,131.24
2022-05-16 00:00:00,232.07
2022-05-16 00:15:00,194.21
2022-05-16 00:30:00,161.91
2022-05-16 00:45:00,161.21
2022-05-16 01:00:00,222.11
2022-05-16 01:15:00,181.41
2022-05-16 01:30:00,162.14
2022-05-16 01:45:00,161.21
2022-05-16 02:00:00,206.22
2022-05-16 02:15:00,177.34
2022-05-16 02:30:00,162.22
2022-05-16 02:45:00,162.22
2022-05-16 03:00:00,167.43
2022-05-16 03:15:00,161.99
2022-05-16 03:30:00,162.07
2022-05-16 03:45:00,162.21
2022-05-16 04:00:00,161.21
2022-05-16 04:15:00,161.21
2022-05-16 04:30:00,162.68
2022-05-16 04:45:00,206.67
2022-05-16 05:00:00,125.1
2022-05-16 05:15:00,161.21
2022-05-16 05:30:00,208.92
2022-05-16 05:45:00,269.94
2022-05-16 06:00:00,161.21
2022-05-16 06:15:00,196.71
2022-05-16 06:30:00,261.15
2022-05-16 06:45:00,263.54
2022-05-16 07:00:00,240.0
2022-05-16 07:15:00,274.64
2022-05-16 07:30:00,244.98
2022-05-16 07:45:00,216.78
2022-05-16 08:00:00,268.22
2022-05-16 08:15:00,255.89
2022-05-16 08:30:00,229.9
2022-05-16 08:45:00,167.54
2022-05-16 09:00:00,259.03
2022-05-16 09:15:00,239.91
2022-05-16 09:30:00,215.0
2022-05-16 09:45:00,169.98
2022-05-16 10:00:00,245.79
2022-05-16 10:15:00,222.62
2022-05-16 10:30:00,210.21
2022-05-16 10:45:00,162.46
2022-05-16 11:00:00,203.21
2022-05-16 11:15:00,225.66
2022-05-16 11:30:00,210.71
2022-05-16 11:45:00,165.0
2022-05-16 12:00:00,219.93
2022-05-16 12:15:00,184.54
2022-05-16 12:30:00,196.24
2022-05-16 12:45:00,184.78
2022-05-16 13:00:00,204.93
2022-05-16 13:15:00,210.67
2022-05-16 13:30:00,178.75
2022-05-16 13:45:00,162.22
2022-05-16 14:00:00,214.91
2022-05-16 14:15:00,195.59
2022-05-16 14:30:00,175.12
2022-05-16 14:45:00,162.22
2022-05-16 15:00:00,162.22
2022-05-16 15:15:00,169.91
2022-05-16 15:30:00,190.0
2022-05-16 15:45:00,235.0
2022-05-16 16:00:00,161.21
2022-05-16 16:15:00,170.82
2022-05-16 16:30:00,210.02
2022-05-16 16:45:00,246.16
2022-05-16 17:00:00,161.21
2022-05-16 17:15:00,180.09
2022-05-16 17:30:00,235.67
2022-05-16 17:45:00,260.06
2022-05-16 18:00:00,185.46
2022-05-16 18:15:00,205.08
2022-05-16 18:30:00,244.44
2022-05-16 18:45:00,269.42
2022-05-16 19:00:00,249.9
2022-05-16 19:15:00,246.98
2022-05-16 19:30:00,235.06
2022-05-16 19:45:00,265.04
2022-05-16 20:00:00,285.0
2022-05-16 20:15:00,257.49
2022-05-16 20:30:00,230.05
2022-05-16 20:45:00,250.02
2022-05-16 21:00:00,304.35
2022-05-16 21:15:00,275.0
2022-05-16 21:30:00,210.1
2022-05-16 21:45:00,190.09
2022-05-16 22:00:00,275.53
2022-05-16 22:15:00,265.0
2022-05-16 22:30:00,195.1
2022-05-16 22:45:00,195.07
2022-05-16 23:00:00,280.17
2022-05-16 23:15:00,246.6
2022-05-16 23:30:00,175.0
2022-05-16 23:45:00,161.21
2022-05-17 00:00:00,269.29
2022-05-17 00:15:00,232.1
2022-05-17 00:30:00,175.0
2022-05-17 00:45:00,147.01
2022-05-17 01:00:00,254.38
2022-05-17 01:15:00,214.97
2022-05-17 01:30:00,165.0
2022-05-17 01:45:00,151.33
2022-05-17 02:00:00,250.0
2022-05-17 02:15:00,199.93
2022-05-17 02:30:00,162.77
2022-05-17 02:45:00,151.31
2022-05-17 03:00:00,214.15
2022-05-17 03:15:00,155.0
2022-05-17 03:30:00,184.92
2022-05-17 03:45:00,189.93
2022-05-17 04:00:00,150.37
2022-05-17 04:15:00,152.38
2022-05-17 04:30:00,194.98
2022-05-17 04:45:00,259.91
2022-05-17 05:00:00,106.54
2022-05-17 05:15:00,189.93
2022-05-17 05:30:00,249.92
2022-05-17 05:45:00,299.93
2022-05-17 06:00:00,130.09
2022-05-17 06:15:00,250.0
2022-05-17 06:30:00,281.56
2022-05-17 06:45:00,300.0
2022-05-17 07:00:00,220.0
2022-05-17 07:15:00,264.9
2022-05-17 07:30:00,286.95
2022-05-17 07:45:00,289.9
2022-05-17 08:00:00,302.66
2022-05-17 08:15:00,292.5
2022-05-17 08:30:00,250.0
2022-05-17 08:45:00,220.0
2022-05-17 09:00:00,265.0
2022-05-17 09:15:00,254.83
2022-05-17 09:30:00,250.0
2022-05-17 09:45:00,210.0
2022-05-17 10:00:00,250.0
2022-05-17 10:15:00,250.0
2022-05-17 10:30:00,250.0
2022-05-17 10:45:00,177.43
2022-05-17 11:00:00,256.16
2022-05-17 11:15:00,234.92
2022-05-17 11:30:00,219.97
2022-05-17 11:45:00,204.95
2022-05-17 12:00:00,254.35
2022-05-17 12:15:00,214.94
2022-05-17 12:30:00,233.75
2022-05-17 12:45:00,170.0
2022-05-17 13:00:00,250.0
2022-05-17 13:15:00,249.91
2022-05-17 13:30:00,170.1
2022-05-17 13:45:00,151.31
2022-05-17 14:00:00,239.92
2022-05-17 14:15:00,239.9
2022-05-17 14:30:00,176.0
2022-05-17 14:45:00,170.1
2022-05-17 15:00:00,189.92
2022-05-17 15:15:00,199.93
2022-05-17 15:30:00,209.94
2022-05-17 15:45:00,234.3
2022-05-17 16:00:00,189.97
2022-05-17 16:15:00,204.97
2022-05-17 16:30:00,200.41
2022-05-17 16:45:00,264.65
2022-05-17 17:00:00,160.37
2022-05-17 17:15:00,230.0
2022-05-17 17:30:00,250.0
2022-05-17 17:45:00,287.43
2022-05-17 18:00:00,190.06
2022-05-17 18:15:00,250.0
2022-05-17 18:30:00,265.52
2022-05-17 18:45:00,295.08
2022-05-17 19:00:00,270.0
2022-05-17 19:15:00,275.0
2022-05-17 19:30:00,263.82
2022-05-17 19:45:00,270.05
2022-05-17 20:00:00,300.0
2022-05-17 20:15:00,270.0
2022-05-17 20:30:00,285.0
2022-05-17 20:45:00,277.69
2022-05-17 21:00:00,312.92
2022-05-17 21:15:00,292.48
2022-05-17 21:30:00,255.0
2022-05-17 21:45:00,190.09
2022-05-17 22:00:00,275.06
2022-05-17 22:15:00,275.0
2022-05-17 22:30:00,215.1
2022-05-17 22:45:00,206.72
2022-05-17 23:00:00,297.3
2022-05-17 23:15:00,222.7
2022-05-17 23:30:00,200.0
2022-05-17 23:45:00,160.04
2022-05-18 00:00:00,251.27
2022-05-18 00:15:00,203.79
2022-05-18 00:30:00,175.0
2022-05-18 00:45:00,172.19
2022-05-18 01:00:00,229.97
2022-05-18 01:15:00,197.19
2022-05-18 01:30:00,172.19
2022-05-18 01:45:00,156.76
2022-05-18 02:00:00,203.52
2022-05-18 02:15:00,175.0
2022-05-18 02:30:00,173.2
2022-05-18 02:45:00,172.19
2022-05-18 03:00:00,180.93
2022-05-18 03:15:00,173.2
2022-05-18 03:30:00,173.2
2022-05-18 03:45:00,173.2
2022-05-18 04:00:00,150.45
2022-05-18 04:15:00,163.7
2022-05-18 04:30:00,172.19
2022-05-18 04:45:00,229.97
2022-05-18 05:00:00,134.96
2022-05-18 05:15:00,172.19
2022-05-18 05:30:00,201.15
2022-05-18 05:45:00,262.04
2022-05-18 06:00:00,155.69
2022-05-18 06:15:00,197.19
2022-05-18 06:30:00,251.06
2022-05-18 06:45:00,284.96
2022-05-18 07:00:00,199.95
2022-05-18 07:15:00,250.0
2022-05-18 07:30:00,250.0
2022-05-18 07:45:00,250.0
2022-05-18 08:00:00,272.56
2022-05-18 08:15:00,257.05
2022-05-18 08:30:00,239.9
2022-05-18 08:45:00,173.2
2022-05-18 09:00:00,261.75
2022-05-18 09:15:00,250.0
2022-05-18 09:30:00,212.02
2022-05-18 09:45:00,172.19
2022-05-18 10:00:00,227.61
2022-05-18 10:15:00,197.19
2022-05-18 10:30:00,203.2
2022-05-18 10:45:00,172.19
2022-05-18 11:00:00,176.21
2022-05-18 11:15:00,172.19
2022-05-18 11:30:00,204.98
2022-05-18 11:45:00,197.19
2022-05-18 12:00:00,214.46
2022-05-18 12:15:00,175.1
2022-05-18 12:30:00,173.2
2022-05-18 12:45:00,172.19
2022-05-18 13:00:00,200.68
2022-05-18 13:15:00,172.19
2022-05-18 13:30:00,172.19
2022-05-18 13:45:00,172.19
2022-05-18 14:00:00,190.09
2022-05-18 14:15:00,176.18
2022-05-18 14:30:00,173.2
2022-05-18 14:45:00,175.0
2022-05-18 15:00:00,172.19
2022-05-18 15:15:00,172.19
2022-05-18 15:30:00,180.0
2022-05-18 15:45:00,195.61
2022-05-18 16:00:00,172.19
2022-05-18 16:15:00,176.7
2022-05-18 16:30:00,172.19
2022-05-18 16:45:00,250.0
2022-05-18 17:00:00,167.94
2022-05-18 17:15:00,215.0
2022-05-18 17:30:00,238.06
2022-05-18 17:45:00,255.01
2022-05-18 18:00:00,197.19
2022-05-18 18:15:00,245.02
2022-05-18 18:30:00,255.09
2022-05-18 18:45:00,271.76
2022-05-18 19:00:00,260.0
2022-05-18 19:15:00,279.9
2022-05-18 19:30:00,287.06
2022-05-18 19:45:00,265.05
2022-05-18 20:00:00,284.73
2022-05-18 20:15:00,265.0
2022-05-18 20:30:00,295.0
2022-05-18 20:45:00,285.0
2022-05-18 21:00:00,300.0
2022-05-18 21:15:00,277.81
2022-05-18 21:30:00,250.0
2022-05-18 21:45:00,172.19
2022-05-18 22:00:00,255.07
2022-05-18 22:15:00,263.2
2022-05-18 22:30:00,245.0
2022-05-18 22:45:00,173.2
2022-05-18 23:00:00,280.0
2022-05-18 23:15:00,211.7
2022-05-18 23:30:00,173.2
2022-05-18 23:45:00,172.19
2022-05-19 00:00:00,250.0
2022-05-19 00:15:00,207.16
2022-05-19 00:30:00,180.0
2022-05-19 00:45:00,165.06
2022-05-19 01:00:00,234.78
2022-05-19 01:15:00,185.0
2022-05-19 01:30:00,169.97
2022-05-19 01:45:00,165.0
2022-05-19 02:00:00,196.14
2022-05-19 02:15:00,194.97
2022-05-19 02:30:00,170.1
2022-05-19 02:45:00,170.0
2022-05-19 03:00:00,182.87
2022-05-19 03:15:00,170.0
2022-05-19 03:30:00,169.97
2022-05-19 03:45:00,185.0
2022-05-19 04:00:00,159.22
2022-05-19 04:15:00,160.0
2022-05-19 04:30:00,169.97
2022-05-19 04:45:00,228.42
2022-05-19 05:00:00,142.73
2022-05-19 05:15:00,169.97
2022-05-19 05:30:00,194.97
2022-05-19 05:45:00,260.0
2022-05-19 06:00:00,160.0
2022-05-19 06:15:00,218.09
2022-05-19 06:30:00,251.21
2022-05-19 06:45:00,269.97
2022-05-19 07:00:00,221.15
2022-05-19 07:15:00,250.0
2022-05-19 07:30:00,250.0
2022-05-19 07:45:00,250.0
2022-05-19 08:00:00,275.44
2022-05-19 08:15:00,263.18
2022-05-19 08:30:00,250.0
2022-05-19 08:45:00,175.42
2022-05-19 09:00:00,251.24
2022-05-19 09:15:00,249.95
2022-05-19 09:30:00,212.56
2022-05-19 09:45:00,169.97
2022-05-19 10:00:00,244.93
2022-05-19 10:15:00,196.53
2022-05-19 10:30:00,194.97
2022-05-19 10:45:00,159.25
2022-05-19 11:00:00,219.94
2022-05-19 11:15:00,189.91
2022-05-19 11:30:00,194.97
2022-05-19 11:45:00,169.97
2022-05-19 12:00:00,208.99
2022-05-19 12:15:00,189.83
2022-05-19 12:30:00,194.97
2022-05-19 12:45:00,170.98
2022-05-19 13:00:00,223.5
2022-05-19 13:15:00,182.49
2022-05-19 13:30:00,170.98
2022-05-19 13:45:00,169.97
2022-05-19 14:00:00,188.22
2022-05-19 14:15:00,175.27
2022-05-19 14:30:00,173.35
2022-05-19 14:45:00,182.94
2022-05-19 15:00:00,170.98
2022-05-19 15:15:00,175.59
2022-05-19 15:30:00,188.31
2022-05-19 15:45:00,195.0
2022-05-19 16:00:00,170.98
2022-05-19 16:15:00,206.99
2022-05-19 16:30:00,194.97
2022-05-19 16:45:00,215.0
2022-05-19 17:00:00,169.97
2022-05-19 17:15:00,222.55
2022-05-19 17:30:00,250.0
2022-05-19 17:45:00,250.0
2022-05-19 18:00:00,170.98
2022-05-19 18:15:00,245.0
2022-05-19 18:30:00,260.21
2022-05-19 18:45:00,275.8
2022-05-19 19:00:00,255.0
2022-05-19 19:15:00,264.9
2022-05-19 19:30:00,256.98
2022-05-19 19:45:00,250.0
2022-05-19 20:00:00,292.06
2022-05-19 20:15:00,254.96
2022-05-19 20:30:00,274.91
2022-05-19 20:45:00,233.37
2022-05-19 21:00:00,284.98
2022-05-19 21:15:00,259.97
2022-05-19 21:30:00,244.8
2022-05-19 21:45:00,190.0
2022-05-19 22:00:00,261.71
2022-05-19 22:15:00,259.98
2022-05-19 22:30:00,234.94
2022-05-19 22:45:00,170.98
2022-05-19 23:00:00,282.7
2022-05-19 23:15:00,210.0
2022-05-19 23:30:00,170.98
2022-05-19 23:45:00,169.97
2022-05-20 00:00:00,228.44
2022-05-20 00:15:00,204.5
2022-05-20 00:30:00,179.5
2022-05-20 00:45:00,180.51
2022-05-20 01:00:00,210.0
2022-05-20 01:15:00,180.51
2022-05-20 01:30:00,171.05
2022-05-20 01:45:00,180.0
2022-05-20 02:00:00,195.0
2022-05-20 02:15:00,180.51
2022-05-20 02:30:00,180.51
2022-05-20 02:45:00,172.38
2022-05-20 03:00:00,180.51
2022-05-20 03:15:00,180.51
2022-05-20 03:30:00,180.51
2022-05-20 03:45:00,180.51
2022-05-20 04:00:00,160.0
2022-05-20 04:15:00,180.51
2022-05-20 04:30:00,180.0
2022-05-20 04:45:00,219.0
2022-05-20 05:00:00,147.11
2022-05-20 05:15:00,179.5
2022-05-20 05:30:00,231.35
2022-05-20 05:45:00,250.0
2022-05-20 06:00:00,169.6
2022-05-20 06:15:00,239.9
2022-05-20 06:30:00,250.0
2022-05-20 06:45:00,279.97
2022-05-20 07:00:00,230.0
2022-05-20 07:15:00,269.93
2022-05-20 07:30:00,259.96
2022-05-20 07:45:00,269.93
2022-05-20 08:00:00,290.0
2022-05-20 08:15:00,275.0
2022-05-20 08:30:00,263.84
2022-05-20 08:45:00,204.5
2022-05-20 09:00:00,268.1
2022-05-20 09:15:00,256.09
2022-05-20 09:30:00,225.0
2022-05-20 09:45:00,182.83
2022-05-20 10:00:00,250.0
2022-05-20 10:15:00,234.95
2022-05-20 10:30:00,209.9
2022-05-20 10:45:00,175.19
2022-05-20 11:00:00,221.08
2022-05-20 11:15:00,190.0
2022-05-20 11:30:00,213.08
2022-05-20 11:45:00,187.27
2022-05-20 12:00:00,241.63
2022-05-20 12:15:00,204.5
2022-05-20 12:30:00,179.5
2022-05-20 12:45:00,163.75
2022-05-20 13:00:00,219.98
2022-05-20 13:15:00,180.51
2022-05-20 13:30:00,180.51
2022-05-20 13:45:00,167.11
2022-05-20 14:00:00,183.31
2022-05-20 14:15:00,181.87
2022-05-20 14:30:00,185.23
2022-05-20 14:45:00,194.11
2022-05-20 15:00:00,179.5
2022-05-20 15:15:00,179.5
2022-05-20 15:30:00,185.27
2022-05-20 15:45:00,215.0
2022-05-20 16:00:00,179.5
2022-05-20 16:15:00,179.5
2022-05-20 16:30:00,202.03
2022-05-20 16:45:00,235.0
2022-05-20 17:00:00,171.25
2022-05-20 17:15:00,204.5
2022-05-20 17:30:00,237.88
2022-05-20 17:45:00,250.0
2022-05-20 18:00:00,180.51
2022-05-20 18:15:00,220.07
2022-05-20 18:30:00,247.36
2022-05-20 18:45:00,260.06
2022-05-20 19:00:00,210.08
2022-05-20 19:15:00,250.0
2022-05-20 19:30:00,250.0
2022-05-20 19:45:00,250.0
2022-05-20 20:00:00,265.82
2022-05-20 20:15:00,220.07
2022-05-20 20:30:00,230.52
2022-05-20 20:45:00,211.5
2022-05-20 21:00:00,250.0
2022-05-20 21:15:00,250.0
2022-05-20 21:30:00,200.93
2022-05-20 21:45:00,179.5
2022-05-20 22:00:00,250.0
2022-05-20 22:15:00,215.1
2022-05-20 22:30:00,179.5
2022-05-20 22:45:00,170.0
2022-05-20 23:00:00,249.93
2022-05-20 23:15:00,179.5
2022-05-20 23:30:00,146.82
2022-05-20 23:45:00,137.17
2022-05-21 00:00:00,249.94
2022-05-21 00:15:00,167.0
2022-05-21 00:30:00,111.55
2022-05-21 00:45:00,95.22
2022-05-21 01:00:00,194.72
2022-05-21 01:15:00,120.0
2022-05-21 01:30:00,95.22
2022-05-21 01:45:00,95.0
2022-05-21 02:00:00,140.1
2022-05-21 02:15:00,125.0
2022-05-21 02:30:00,105.88
2022-05-21 02:45:00,95.22
2022-05-21 03:00:00,130.01
2022-05-21 03:15:00,92.73
2022-05-21 03:30:00,74.85
2022-05-21 03:45:00,95.22
2022-05-21 04:00:00,109.54
2022-05-21 04:15:00,82.25
2022-05-21 04:30:00,95.0
2022-05-21 04:45:00,125.56
2022-05-21 05:00:00,94.21
2022-05-21 05:15:00,95.22
2022-05-21 05:30:00,110.0
2022-05-21 05:45:00,120.94
2022-05-21 06:00:00,94.21
2022-05-21 06:15:00,95.22
2022-05-21 06:30:00,119.21
2022-05-21 06:45:00,130.0
2022-05-21 07:00:00,95.22
2022-05-21 07:15:00,129.29
2022-05-21 07:30:00,135.0
2022-05-21 07:45:00,135.0
2022-05-21 08:00:00,126.52
2022-05-21 08:15:00,119.21
2022-05-21 08:30:00,135.0
2022-05-21 08:45:00,120.0
2022-05-21 09:00:00,125.0
2022-05-21 09:15:00,98.57
2022-05-21 09:30:00,95.22
2022-05-21 09:45:00,94.21
2022-05-21 10:00:00,95.22
2022-05-21 10:15:00,92.87
2022-05-21 10:30:00,95.0
2022-05-21 10:45:00,70.01
2022-05-21 11:00:00,95.22
2022-05-21 11:15:00,70.07
2022-05-21 11:30:00,69.21
2022-05-21 11:45:00,35.53
2022-05-21 12:00:00,95.22
2022-05-21 12:15:00,69.21
2022-05-21 12:30:00,64.9
2022-05-21 12:45:00,-26.11
2022-05-21 13:00:00,79.96
2022-05-21 13:15:00,69.9
2022-05-21 13:30:00,59.96
2022-05-21 13:45:00,10.57
2022-05-21 14:00:00,43.87
2022-05-21 14:15:00,19.97
2022-05-21 14:30:00,39.94
2022-05-21 14:45:00,49.95
2022-05-21 15:00:00,60.0
2022-05-21 15:15:00,34.88
2022-05-21 15:30:00,62.21
2022-05-21 15:45:00,70.09
2022-05-21 16:00:00,30.04
2022-05-21 16:15:00,50.06
2022-05-21 16:30:00,80.03
2022-05-21 16:45:00,110.04
2022-05-21 17:00:00,57.02
2022-05-21 17:15:00,94.21
2022-05-21 17:30:00,95.0
2022-05-21 17:45:00,153.87
2022-05-21 18:00:00,115.1
2022-05-21 18:15:00,137.28
2022-05-21 18:30:00,130.09
2022-05-21 18:45:00,203.2
2022-05-21 19:00:00,150.01
2022-05-21 19:15:00,165.25
2022-05-21 19:30:00,195.05
2022-05-21 19:45:00,250.0
2022-05-21 20:00:00,195.07
2022-05-21 20:15:00,190.06
2022-05-21 20:30:00,239.01
2022-05-21 20:45:00,240.0
2022-05-21 21:00:00,250.0
2022-05-21 21:15:00,250.0
2022-05-21 21:30:00,197.32
2022-05-21 21:45:00,153.9
2022-05-21 22:00:00,250.0
2022-05-21 22:15:00,250.0
2022-05-21 22:30:00,185.08
2022-05-21 22:45:00,145.37
2022-05-21 23:00:00,250.0
2022-05-21 23:15:00,224.92
2022-05-21 23:30:00,162.09
2022-05-21 23:45:00,139.07
2022-05-22 00:00:00,249.92
2022-05-22 00:15:00,196.93
2022-05-22 00:30:00,150.0
2022-05-22 00:45:00,140.0
2022-05-22 01:00:00,239.92
2022-05-22 01:15:00,186.47
2022-05-22 01:30:00,150.57
2022-05-22 01:45:00,130.0
2022-05-22 02:00:00,194.99
2022-05-22 02:15:00,184.91
2022-05-22 02:30:00,154.29
2022-05-22 02:45:00,146.24
2022-05-22 03:00:00,194.98
2022-05-22 03:15:00,159.45
2022-05-22 03:30:00,154.45
2022-05-22 03:45:00,154.28
2022-05-22 04:00:00,158.59
2022-05-22 04:15:00,155.59
2022-05-22 04:30:00,174.91
2022-05-22 04:45:00,174.91
2022-05-22 05:00:00,184.92
2022-05-22 05:15:00,172.11
2022-05-22 05:30:00,154.27
2022-05-22 05:45:00,154.91
2022-05-22 06:00:00,170.19
2022-05-22 06:15:00,184.92
2022-05-22 06:30:00,169.93
2022-05-22 06:45:00,150.97
2022-05-22 07:00:00,184.92
2022-05-22 07:15:00,161.24
2022-05-22 07:30:00,159.93
2022-05-22 07:45:00,149.92
2022-05-22 08:00:00,179.93
2022-05-22 08:15:00,174.93
2022-05-22 08:30:00,143.7
2022-05-22 08:45:00,134.55
2022-05-22 09:00:00,164.51
2022-05-22 09:15:00,134.71
2022-05-22 09:30:00,115.65
2022-05-22 09:45:00,109.94
2022-05-22 10:00:00,117.58
2022-05-22 10:15:00,110.72
2022-05-22 10:30:00,115.91
2022-05-22 10:45:00,110.72
2022-05-22 11:00:00,109.27
2022-05-22 11:15:00,109.71
2022-05-22 11:30:00,103.52
2022-05-22 11:45:00,91.57
2022-05-22 12:00:00,110.72
2022-05-22 12:15:00,88.9
2022-05-22 12:30:00,85.01
2022-05-22 12:45:00,84.71
2022-05-22 13:00:00,84.71
2022-05-22 13:15:00,82.44
2022-05-22 13:30:00,70.94
2022-05-22 13:45:00,70.36
2022-05-22 14:00:00,64.64
2022-05-22 14:15:00,74.45
2022-05-22 14:30:00,84.04
2022-05-22 14:45:00,78.54
2022-05-22 15:00:00,49.99
2022-05-22 15:15:00,79.13
2022-05-22 15:30:00,86.48
2022-05-22 15:45:00,110.72
2022-05-22 16:00:00,89.96
2022-05-22 16:15:00,109.98
2022-05-22 16:30:00,110.72
2022-05-22 16:45:00,137.53
2022-05-22 17:00:00,109.91
2022-05-22 17:15:00,128.13
2022-05-22 17:30:00,189.9
2022-05-22 17:45:00,216.06
2022-05-22 18:00:00,129.9
2022-05-22 18:15:00,154.71
2022-05-22 18:30:00,233.15
2022-05-22 18:45:00,254.96
2022-05-22 19:00:00,165.45
2022-05-22 19:15:00,224.92
2022-05-22 19:30:00,249.92
2022-05-22 19:45:00,260.0
2022-05-22 20:00:00,245.0
2022-05-22 20:15:00,200.09
2022-05-22 20:30:00,255.0
2022-05-22 20:45:00,240.07
2022-05-22 21:00:00,275.0
2022-05-22 21:15:00,238.76
2022-05-22 21:30:00,205.07
2022-05-22 21:45:00,220.04
2022-05-22 22:00:00,255.17
2022-05-22 22:15:00,264.25
2022-05-22 22:30:00,200.1
2022-05-22 22:45:00,190.0
2022-05-22 23:00:00,289.9
2022-05-22 23:15:00,260.02
2022-05-22 23:30:00,154.25
2022-05-22 23:45:00,142.47
2022-05-23 00:00:00,234.94
2022-05-23 00:15:00,173.73
2022-05-23 00:30:00,167.27
2022-05-23 00:45:00,167.27
2022-05-23 01:00:00,193.76
2022-05-23 01:15:00,168.28
2022-05-23 01:30:00,168.28
2022-05-23 01:45:00,167.68
2022-05-23 02:00:00,180.18
2022-05-23 02:15:00,167.27
2022-05-23 02:30:00,167.27
2022-05-23 02:45:00,167.27
2022-05-23 03:00:00,167.27
2022-05-23 03:15:00,167.27
2022-05-23 03:30:00,167.27
2022-05-23 03:45:00,168.28
2022-05-23 04:00:00,167.27
2022-05-23 04:15:00,167.27
2022-05-23 04:30:00,167.27
2022-05-23 04:45:00,176.57
2022-05-23 05:00:00,130.0
2022-05-23 05:15:00,154.52
2022-05-23 05:30:00,190.8
2022-05-23 05:45:00,259.95
2022-05-23 06:00:00,167.27
2022-05-23 06:15:00,203.86
2022-05-23 06:30:00,244.99
2022-05-23 06:45:00,259.01
2022-05-23 07:00:00,210.0
2022-05-23 07:15:00,268.4
2022-05-23 07:30:00,267.19
2022-05-23 07:45:00,209.95
2022-05-23 08:00:00,267.96
2022-05-23 08:15:00,225.1
2022-05-23 08:30:00,230.0
2022-05-23 08:45:00,189.91
2022-05-23 09:00:00,264.24
2022-05-23 09:15:00,205.08
2022-05-23 09:30:00,220.0
2022-05-23 09:45:00,192.27
2022-05-23 10:00:00,195.08
2022-05-23 10:15:00,219.78
2022-05-23 10:30:00,214.92
2022-05-23 10:45:00,171.88
2022-05-23 11:00:00,239.91
2022-05-23 11:15:00,188.7
2022-05-23 11:30:00,179.82
2022-05-23 11:45:00,168.28
2022-05-23 12:00:00,188.7
2022-05-23 12:15:00,168.55
2022-05-23 12:30:00,195.34
2022-05-23 12:45:00,194.92
2022-05-23 13:00:00,196.98
2022-05-23 13:15:00,187.33
2022-05-23 13:30:00,170.54
2022-05-23 13:45:00,175.0
2022-05-23 14:00:00,168.28
2022-05-23 14:15:00,175.92
2022-05-23 14:30:00,192.68
2022-05-23 14:45:00,187.91
2022-05-23 15:00:00,167.27
2022-05-23 15:15:00,169.91
2022-05-23 15:30:00,187.02
2022-05-23 15:45:00,209.84
2022-05-23 16:00:00,167.27
2022-05-23 16:15:00,179.91
2022-05-23 16:30:00,180.57
2022-05-23 16:45:00,215.03
2022-05-23 17:00:00,168.28
2022-05-23 17:15:00,189.82
2022-05-23 17:30:00,210.05
2022-05-23 17:45:00,230.04
2022-05-23 18:00:00,168.28
2022-05-23 18:15:00,192.27
2022-05-23 18:30:00,231.72
2022-05-23 18:45:00,265.51
2022-05-23 19:00:00,235.0
2022-05-23 19:15:00,254.9
2022-05-23 19:30:00,210.08
2022-05-23 19:45:00,215.02
2022-05-23 20:00:00,279.91
2022-05-23 20:15:00,255.0
2022-05-23 20:30:00,215.81
2022-05-23 20:45:00,205.09
2022-05-23 21:00:00,264.26
2022-05-23 21:15:00,229.88
2022-05-23 21:30:00,192.27
2022-05-23 21:45:00,167.27
2022-05-23 22:00:00,231.57
2022-05-23 22:15:00,245.0
2022-05-23 22:30:00,167.27
2022-05-23 22:45:00,167.27
2022-05-23 23:00:00,249.92
2022-05-23 23:15:00,168.28
2022-05-23 23:30:00,160.0
2022-05-23 23:45:00,143.8
2022-05-24 00:00:00,130.04
2022-05-24 00:15:00,180.66
2022-05-24 00:30:00,128.34
2022-05-24 00:45:00,128.34
2022-05-24 01:00:00,128.34
2022-05-24 01:15:00,127.33
2022-05-24 01:30:00,125.0
2022-05-24 01:45:00,110.66
2022-05-24 02:00:00,128.34
2022-05-24 02:15:00,127.33
2022-05-24 02:30:00,119.84
2022-05-24 02:45:00,102.33
2022-05-24 03:00:00,127.33
2022-05-24 03:15:00,119.56
2022-05-24 03:30:00,121.31
2022-05-24 03:45:00,127.33
2022-05-24 04:00:00,108.45
2022-05-24 04:15:00,112.76
2022-05-24 04:30:00,128.34
2022-05-24 04:45:00,174.93
2022-05-24 05:00:00,68.17
2022-05-24 05:15:00,124.7
2022-05-24 05:30:00,152.33
2022-05-24 05:45:00,250.0
2022-05-24 06:00:00,80.04
2022-05-24 06:15:00,142.34
2022-05-24 06:30:00,219.93
2022-05-24 06:45:00,250.0
2022-05-24 07:00:00,146.13
2022-05-24 07:15:00,185.0
2022-05-24 07:30:00,217.02
2022-05-24 07:45:00,239.97
2022-05-24 08:00:00,215.1
2022-05-24 08:15:00,202.64
2022-05-24 08:30:00,200.0
2022-05-24 08:45:00,146.17
2022-05-24 09:00:00,248.12
2022-05-24 09:15:00,185.03
2022-05-24 09:30:00,155.07
2022-05-24 09:45:00,136.17
2022-05-24 10:00:00,210.08
2022-05-24 10:15:00,185.05
2022-05-24 10:30:00,153.11
2022-05-24 10:45:00,135.9
2022-05-24 11:00:00,185.0
2022-05-24 11:15:00,152.33
2022-05-24 11:30:00,158.74
2022-05-24 11:45:00,155.24
2022-05-24 12:00:00,180.0
2022-05-24 12:15:00,160.0
2022-05-24 12:30:00,150.0
2022-05-24 12:45:00,127.33
2022-05-24 13:00:00,164.31
2022-05-24 13:15:00,140.0
2022-05-24 13:30:00,130.65
2022-05-24 13:45:00,125.82
2022-05-24 14:00:00,127.33
2022-05-24 14:15:00,130.0
2022-05-24 14:30:00,131.54
2022-05-24 14:45:00,152.33
2022-05-24 15:00:00,130.15
2022-05-24 15:15:00,140.78
2022-05-24 15:30:00,152.33
2022-05-24 15:45:00,152.33
2022-05-24 16:00:00,128.34
2022-05-24 16:15:00,145.06
2022-05-24 16:30:00,152.33
2022-05-24 16:45:00,210.04
2022-05-24 17:00:00,128.34
2022-05-24 17:15:00,171.06
2022-05-24 17:30:00,180.02
2022-05-24 17:45:00,215.06
2022-05-24 18:00:00,152.33
2022-05-24 18:15:00,183.09
2022-05-24 18:30:00,215.06
2022-05-24 18:45:00,250.0
2022-05-24 19:00:00,215.08
2022-05-24 19:15:00,225.1
2022-05-24 19:30:00,230.06
2022-05-24 19:45:00,209.48
2022-05-24 20:00:00,263.96
2022-05-24 20:15:00,220.08
2022-05-24 20:30:00,235.02
2022-05-24 20:45:00,190.09
2022-05-24 21:00:00,274.63
2022-05-24 21:15:00,250.0
2022-05-24 21:30:00,205.06
2022-05-24 21:45:00,150.07
2022-05-24 22:00:00,252.03
2022-05-24 22:15:00,258.58
2022-05-24 22:30:00,195.04
2022-05-24 22:45:00,140.06
2022-05-24 23:00:00,265.0
2022-05-24 23:15:00,231.84
2022-05-24 23:30:00,146.18
2022-05-24 23:45:00,128.34
2022-05-25 00:00:00,170.0
2022-05-25 00:15:00,223.97
2022-05-25 00:30:00,204.93
2022-05-25 00:45:00,141.75
2022-05-25 01:00:00,240.29
2022-05-25 01:15:00,170.0
2022-05-25 01:30:00,160.0
2022-05-25 01:45:00,141.75
2022-05-25 02:00:00,214.92
2022-05-25 02:15:00,165.74
2022-05-25 02:30:00,172.69
2022-05-25 02:45:00,141.75
2022-05-25 03:00:00,199.94
2022-05-25 03:15:00,165.74
2022-05-25 03:30:00,165.74
2022-05-25 03:45:00,160.58
2022-05-25 04:00:00,141.75
2022-05-25 04:15:00,140.74
2022-05-25 04:30:00,165.74
2022-05-25 04:45:00,250.0
2022-05-25 05:00:00,102.48
2022-05-25 05:15:00,150.0
2022-05-25 05:30:00,250.0
2022-05-25 05:45:00,249.94
2022-05-25 06:00:00,110.06
2022-05-25 06:15:00,165.74
2022-05-25 06:30:00,250.0
2022-05-25 06:45:00,300.0
2022-05-25 07:00:00,170.02
2022-05-25 07:15:00,240.63
2022-05-25 07:30:00,250.0
2022-05-25 07:45:00,250.0
2022-05-25 08:00:00,240.04
2022-05-25 08:15:00,240.34
2022-05-25 08:30:00,235.0
2022-05-25 08:45:00,175.02
2022-05-25 09:00:00,250.0
2022-05-25 09:15:00,200.05
2022-05-25 09:30:00,197.73
2022-05-25 09:45:00,165.74
2022-05-25 10:00:00,225.0
2022-05-25 10:15:00,198.52
2022-05-25 10:30:00,189.91
2022-05-25 10:45:00,140.74
2022-05-25 11:00:00,228.7
2022-05-25 11:15:00,172.81
2022-05-25 11:30:00,167.81
2022-05-25 11:45:00,174.93
2022-05-25 12:00:00,222.52
2022-05-25 12:15:00,165.74
2022-05-25 12:30:00,165.74
2022-05-25 12:45:00,145.0
2022-05-25 13:00:00,205.64
2022-05-25 13:15:00,165.74
2022-05-25 13:30:00,160.0
2022-05-25 13:45:00,140.74
2022-05-25 14:00:00,165.01
2022-05-25 14:15:00,165.74
2022-05-25 14:30:00,141.75
2022-05-25 14:45:00,150.39
2022-05-25 15:00:00,140.74
2022-05-25 15:15:00,159.98
2022-05-25 15:30:00,171.76
2022-05-25 15:45:00,165.74
2022-05-25 16:00:00,141.75
2022-05-25 16:15:00,141.75
2022-05-25 16:30:00,165.74
2022-05-25 16:45:00,215.0
2022-05-25 17:00:00,130.0
2022-05-25 17:15:00,165.0
2022-05-25 17:30:00,199.9
2022-05-25 17:45:00,208.03
2022-05-25 18:00:00,140.74
2022-05-25 18:15:00,165.74
2022-05-25 18:30:00,172.74
2022-05-25 18:45:00,237.95
2022-05-25 19:00:00,185.08
2022-05-25 19:15:00,190.09
2022-05-25 19:30:00,195.02
2022-05-25 19:45:00,168.29
2022-05-25 20:00:00,220.0
2022-05-25 20:15:00,215.0
2022-05-25 20:30:00,195.04
2022-05-25 20:45:00,165.74
2022-05-25 21:00:00,250.0
2022-05-25 21:15:00,230.0
2022-05-25 21:30:00,170.04
2022-05-25 21:45:00,120.49
2022-05-25 22:00:00,250.0
2022-05-25 22:15:00,225.0
2022-05-25 22:30:00,140.74
2022-05-25 22:45:00,116.09
2022-05-25 23:00:00,250.0
2022-05-25 23:15:00,165.74
2022-05-25 23:30:00,135.07
2022-05-25 23:45:00,104.66
2022-05-26 00:00:00,219.91
2022-05-26 00:15:00,154.66
2022-05-26 00:30:00,97.29
2022-05-26 00:45:00,89.0
2022-05-26 01:00:00,175.0
2022-05-26 01:15:00,141.9
2022-05-26 01:30:00,78.38
2022-05-26 01:45:00,71.74
2022-05-26 02:00:00,175.0
2022-05-26 02:15:00,123.95
2022-05-26 02:30:00,99.9
2022-05-26 02:45:00,61.19
2022-05-26 03:00:00,169.91
2022-05-26 03:15:00,116.9
2022-05-26 03:30:00,86.18
2022-05-26 03:45:00,73.61
2022-05-26 04:00:00,117.9
2022-05-26 04:15:00,74.11
2022-05-26 04:30:00,74.49
2022-05-26 04:45:00,159.92
2022-05-26 05:00:00,73.45
2022-05-26 05:15:00,128.62
2022-05-26 05:30:00,104.97
2022-05-26 05:45:00,139.92
2022-05-26 06:00:00,69.32
2022-05-26 06:15:00,118.94
2022-05-26 06:30:00,118.37
2022-05-26 06:45:00,159.94
2022-05-26 07:00:00,75.67
2022-05-26 07:15:00,118.96
2022-05-26 07:30:00,149.92
2022-05-26 07:45:00,139.97
2022-05-26 08:00:00,56.86
2022-05-26 08:15:00,113.9
2022-05-26 08:30:00,116.5
2022-05-26 08:45:00,119.9
2022-05-26 09:00:00,110.02
2022-05-26 09:15:00,71.66
2022-05-26 09:30:00,90.03
2022-05-26 09:45:00,90.03
2022-05-26 10:00:00,67.76
2022-05-26 10:15:00,51.26
2022-05-26 10:30:00,62.76
2022-05-26 10:45:00,26.67
2022-05-26 11:00:00,72.22
2022-05-26 11:15:00,50.66
2022-05-26 11:30:00,50.66
2022-05-26 11:45:00,26.67
2022-05-26 12:00:00,147.3
2022-05-26 12:15:00,50.66
2022-05-26 12:30:00,25.66
2022-05-26 12:45:00,11.42
2022-05-26 13:00:00,168.64
2022-05-26 13:15:00,25.66
2022-05-26 13:30:00,-2.3
2022-05-26 13:45:00,-6.81
2022-05-26 14:00:00,26.67
2022-05-26 14:15:00,23.07
2022-05-26 14:30:00,0.66
2022-05-26 14:45:00,0.66
2022-05-26 15:00:00,26.67
2022-05-26 15:15:00,26.67
2022-05-26 15:30:00,0.66
2022-05-26 15:45:00,19.06
2022-05-26 16:00:00,12.21
2022-05-26 16:15:00,14.59
2022-05-26 16:30:00,25.66
2022-05-26 16:45:00,97.21
2022-05-26 17:00:00,25.66
2022-05-26 17:15:00,26.67
2022-05-26 17:30:00,50.66
2022-05-26 17:45:00,175.0
2022-05-26 18:00:00,40.1
2022-05-26 18:15:00,102.8
2022-05-26 18:30:00,138.09
2022-05-26 18:45:00,175.0
2022-05-26 19:00:00,92.04
2022-05-26 19:15:00,130.97
2022-05-26 19:30:00,162.0
2022-05-26 19:45:00,175.0
2022-05-26 20:00:00,158.0
2022-05-26 20:15:00,163.0
2022-05-26 20:30:00,168.0
2022-05-26 20:45:00,175.0
2022-05-26 21:00:00,190.0
2022-05-26 21:15:00,175.0
2022-05-26 21:30:00,157.24
2022-05-26 21:45:00,130.02
2022-05-26 22:00:00,182.55
2022-05-26 22:15:00,180.0
2022-05-26 22:30:00,155.0
2022-05-26 22:45:00,102.1
2022-05-26 23:00:00,209.91
2022-05-26 23:15:00,132.76
2022-05-26 23:30:00,98.6
2022-05-26 23:45:00,84.0
2022-05-27 00:00:00,189.92
2022-05-27 00:15:00,125.29
2022-05-27 00:30:00,78.8
2022-05-27 00:45:00,78.8
2022-05-27 01:00:00,154.92
2022-05-27 01:15:00,103.8
2022-05-27 01:30:00,98.0
2022-05-27 01:45:00,78.8
2022-05-27 02:00:00,111.0
2022-05-27 02:15:00,103.8
2022-05-27 02:30:00,99.0
2022-05-27 02:45:00,79.81
2022-05-27 03:00:00,92.53
2022-05-27 03:15:00,83.65
2022-05-27 03:30:00,79.81
2022-05-27 03:45:00,79.81
2022-05-27 04:00:00,78.8
2022-05-27 04:15:00,78.8
2022-05-27 04:30:00,103.8
2022-05-27 04:45:00,114.97
2022-05-27 05:00:00,62.38
2022-05-27 05:15:00,78.8
2022-05-27 05:30:00,114.94
2022-05-27 05:45:00,177.52
2022-05-27 06:00:00,78.47
2022-05-27 06:15:00,103.8
2022-05-27 06:30:00,169.93
2022-05-27 06:45:00,155.8
2022-05-27 07:00:00,172.09
2022-05-27 07:15:00,163.99
2022-05-27 07:30:00,169.94
2022-05-27 07:45:00,129.99
2022-05-27 08:00:00,190.39
2022-05-27 08:15:00,161.9
2022-05-27 08:30:00,108.0
2022-05-27 08:45:00,99.91
2022-05-27 09:00:00,215.42
2022-05-27 09:15:00,103.8
2022-05-27 09:30:00,103.8
2022-05-27 09:45:00,79.81
2022-05-27 10:00:00,150.07
2022-05-27 10:15:00,103.8
2022-05-27 10:30:00,101.0
2022-05-27 10:45:00,80.04
2022-05-27 11:00:00,121.11
2022-05-27 11:15:00,107.61
2022-05-27 11:30:00,103.8
2022-05-27 11:45:00,78.8
2022-05-27 12:00:00,121.25
2022-05-27 12:15:00,103.8
2022-05-27 12:30:00,79.81
2022-05-27 12:45:00,79.81
2022-05-27 13:00:00,103.8
2022-05-27 13:15:00,103.8
2022-05-27 13:30:00,79.81
2022-05-27 13:45:00,79.81
2022-05-27 14:00:00,70.51
2022-05-27 14:15:00,78.8
2022-05-27 14:30:00,78.8
2022-05-27 14:45:00,78.8
2022-05-27 15:00:00,69.91
2022-05-27 15:15:00,79.81
2022-05-27 15:30:00,79.81
2022-05-27 15:45:00,79.81
2022-05-27 16:00:00,64.96
2022-05-27 16:15:00,79.81
2022-05-27 16:30:00,79.81
2022-05-27 16:45:00,79.81
2022-05-27 17:00:00,69.0
2022-05-27 17:15:00,79.81
2022-05-27 17:30:00,79.81
2022-05-27 17:45:00,98.09
2022-05-27 18:00:00,79.81
2022-05-27 18:15:00,79.81
2022-05-27 18:30:00,113.79
2022-05-27 18:45:00,162.63
2022-05-27 19:00:00,115.9
2022-05-27 19:15:00,150.9
2022-05-27 19:30:00,138.09
2022-05-27 19:45:00,143.0
2022-05-27 20:00:00,179.91
2022-05-27 20:15:00,144.55
2022-05-27 20:30:00,120.03
2022-05-27 20:45:00,113.8
2022-05-27 21:00:00,187.0
2022-05-27 21:15:00,141.89
2022-05-27 21:30:00,112.06
2022-05-27 21:45:00,103.8
2022-05-27 22:00:00,152.08
2022-05-27 22:15:00,166.18
2022-05-27 22:30:00,113.0
2022-05-27 22:45:00,83.06
2022-05-27 23:00:00,199.91
2022-05-27 23:15:00,103.8
2022-05-27 23:30:00,73.82
2022-05-27 23:45:00,66.81
2022-05-28 00:00:00,159.91
2022-05-28 00:15:00,95.85
2022-05-28 00:30:00,40.08
2022-05-28 00:45:00,30.72
2022-05-28 01:00:00,90.37
2022-05-28 01:15:00,68.77
2022-05-28 01:30:00,29.71
2022-05-28 01:45:00,29.71
2022-05-28 02:00:00,67.42
2022-05-28 02:15:00,35.86
2022-05-28 02:30:00,32.02
2022-05-28 02:45:00,30.72
2022-05-28 03:00:00,68.15
2022-05-28 03:15:00,44.22
2022-05-28 03:30:00,33.43
2022-05-28 03:45:00,31.27
2022-05-28 04:00:00,38.58
2022-05-28 04:15:00,60.05
2022-05-28 04:30:00,70.01
2022-05-28 04:45:00,70.48
2022-05-28 05:00:00,29.71
2022-05-28 05:15:00,60.08
2022-05-28 05:30:00,70.08
2022-05-28 05:45:00,115.0
2022-05-28 06:00:00,30.72
2022-05-28 06:15:00,72.33
2022-05-28 06:30:00,99.81
2022-05-28 06:45:00,110.06
2022-05-28 07:00:00,32.35
2022-05-28 07:15:00,80.66
2022-05-28 07:30:00,90.05
2022-05-28 07:45:00,115.0
2022-05-28 08:00:00,66.89
2022-05-28 08:15:00,74.98
2022-05-28 08:30:00,80.09
2022-05-28 08:45:00,93.65
2022-05-28 09:00:00,115.0
2022-05-28 09:15:00,59.5
2022-05-28 09:30:00,60.33
2022-05-28 09:45:00,55.53
2022-05-28 10:00:00,52.4
2022-05-28 10:15:00,70.0
2022-05-28 10:30:00,53.71
2022-05-28 10:45:00,43.93
2022-05-28 11:00:00,78.09
2022-05-28 11:15:00,39.97
2022-05-28 11:30:00,49.92
2022-05-28 11:45:00,33.53
2022-05-28 12:00:00,73.02
2022-05-28 12:15:00,34.93
2022-05-28 12:30:00,31.24
2022-05-28 12:45:00,24.59
2022-05-28 13:00:00,79.9
2022-05-28 13:15:00,30.72
2022-05-28 13:30:00,21.91
2022-05-28 13:45:00,16.17
2022-05-28 14:00:00,34.94
2022-05-28 14:15:00,29.98
2022-05-28 14:30:00,30.72
2022-05-28 14:45:00,22.84
2022-05-28 15:00:00,30.72
2022-05-28 15:15:00,30.72
2022-05-28 15:30:00,24.03
2022-05-28 15:45:00,23.72
2022-05-28 16:00:00,9.93
2022-05-28 16:15:00,29.99
2022-05-28 16:30:00,30.72
2022-05-28 16:45:00,35.81
2022-05-28 17:00:00,25.0
2022-05-28 17:15:00,57.65
2022-05-28 17:30:00,52.44
2022-05-28 17:45:00,66.47
2022-05-28 18:00:00,91.14
2022-05-28 18:15:00,99.78
2022-05-28 18:30:00,115.0
2022-05-28 18:45:00,150.1
2022-05-28 19:00:00,126.65
2022-05-28 19:15:00,119.62
2022-05-28 19:30:00,120.07
2022-05-28 19:45:00,155.05
2022-05-28 20:00:00,145.08
2022-05-28 20:15:00,135.05
2022-05-28 20:30:00,150.03
2022-05-28 20:45:00,145.07
2022-05-28 21:00:00,210.0
2022-05-28 21:15:00,165.03
2022-05-28 21:30:00,129.86
2022-05-28 21:45:00,107.02
2022-05-28 22:00:00,195.05
2022-05-28 22:15:00,180.76
2022-05-28 22:30:00,119.69
2022-05-28 22:45:00,109.9
2022-05-28 23:00:00,201.02
2022-05-28 23:15:00,130.08
2022-05-28 23:30:00,100.08
2022-05-28 23:45:00,90.06
2022-05-29 00:00:00,190.0
2022-05-29 00:15:00,135.1
2022-05-29 00:30:00,120.01
2022-05-29 00:45:00,98.18
2022-05-29 01:00:00,159.4
2022-05-29 01:15:00,115.0
2022-05-29 01:30:00,92.6
2022-05-29 01:45:00,92.6
2022-05-29 02:00:00,133.89
2022-05-29 02:15:00,116.59
2022-05-29 02:30:00,116.59
2022-05-29 02:45:00,92.6
2022-05-29 03:00:00,116.59
2022-05-29 03:15:00,116.59
2022-05-29 03:30:00,99.94
2022-05-29 03:45:00,95.0
2022-05-29 04:00:00,116.59
2022-05-29 04:15:00,116.59
2022-05-29 04:30:00,103.17
2022-05-29 04:45:00,112.34
2022-05-29 05:00:00,117.15
2022-05-29 05:15:00,110.0
2022-05-29 05:30:00,116.59
2022-05-29 05:45:00,116.59
2022-05-29 06:00:00,120.0
2022-05-29 06:15:00,133.9
2022-05-29 06:30:00,125.9
2022-05-29 06:45:00,134.94
2022-05-29 07:00:00,116.59
2022-05-29 07:15:00,118.08
2022-05-29 07:30:00,145.5
2022-05-29 07:45:00,179.9
2022-05-29 08:00:00,139.91
2022-05-29 08:15:00,134.97
2022-05-29 08:30:00,159.94
2022-05-29 08:45:00,124.99
2022-05-29 09:00:00,125.33
2022-05-29 09:15:00,134.93
2022-05-29 09:30:00,134.32
2022-05-29 09:45:00,139.98
2022-05-29 10:00:00,94.92
2022-05-29 10:15:00,104.93
2022-05-29 10:30:00,124.17
2022-05-29 10:45:00,136.18
2022-05-29 11:00:00,114.97
2022-05-29 11:15:00,130.36
2022-05-29 11:30:00,131.86
2022-05-29 11:45:00,95.85
2022-05-29 12:00:00,149.91
2022-05-29 12:15:00,101.47
2022-05-29 12:30:00,97.15
2022-05-29 12:45:00,92.6
2022-05-29 13:00:00,99.94
2022-05-29 13:15:00,94.83
2022-05-29 13:30:00,94.97
2022-05-29 13:45:00,94.83
2022-05-29 14:00:00,92.6
2022-05-29 14:15:00,89.96
2022-05-29 14:30:00,89.97
2022-05-29 14:45:00,89.4
2022-05-29 15:00:00,99.91
2022-05-29 15:15:00,95.87
2022-05-29 15:30:00,92.75
2022-05-29 15:45:00,115.55
2022-05-29 16:00:00,92.6
2022-05-29 16:15:00,92.6
2022-05-29 16:30:00,114.94
2022-05-29 16:45:00,159.95
2022-05-29 17:00:00,94.99
2022-05-29 17:15:00,113.14
2022-05-29 17:30:00,114.43
2022-05-29 17:45:00,174.91
2022-05-29 18:00:00,119.63
2022-05-29 18:15:00,152.11
2022-05-29 18:30:00,189.91
2022-05-29 18:45:00,209.95
2022-05-29 19:00:00,163.12
2022-05-29 19:15:00,190.0
2022-05-29 19:30:00,215.0
2022-05-29 19:45:00,235.0
2022-05-29 20:00:00,205.0
2022-05-29 20:15:00,219.9
2022-05-29 20:30:00,213.03
2022-05-29 20:45:00,190.06
2022-05-29 21:00:00,230.0
2022-05-29 21:15:00,229.9
2022-05-29 21:30:00,202.86
2022-05-29 21:45:00,175.08
2022-05-29 22:00:00,241.11
2022-05-29 22:15:00,241.83
2022-05-29 22:30:00,175.09
2022-05-29 22:45:00,165.01
2022-05-29 23:00:00,247.82
2022-05-29 23:15:00,225.0
2022-05-29 23:30:00,165.03
2022-05-29 23:45:00,119.67
2022-05-30 00:00:00,223.42
2022-05-30 00:15:00,200.86
2022-05-30 00:30:00,175.86
2022-05-30 00:45:00,175.86
2022-05-30 01:00:00,195.28
2022-05-30 01:15:00,176.87
2022-05-30 01:30:00,176.87
2022-05-30 01:45:00,175.86
2022-05-30 02:00:00,176.87
2022-05-30 02:15:00,175.86
2022-05-30 02:30:00,176.87
2022-05-30 02:45:00,176.75
2022-05-30 03:00:00,176.87
2022-05-30 03:15:00,173.39
2022-05-30 03:30:00,176.87
2022-05-30 03:45:00,176.87
2022-05-30 04:00:00,167.36
2022-05-30 04:15:00,175.86
2022-05-30 04:30:00,188.01
2022-05-30 04:45:00,214.94
2022-05-30 05:00:00,130.0
2022-05-30 05:15:00,175.86
2022-05-30 05:30:00,231.63
2022-05-30 05:45:00,262.31
2022-05-30 06:00:00,140.1
2022-05-30 06:15:00,200.86
2022-05-30 06:30:00,266.71
2022-05-30 06:45:00,279.98
2022-05-30 07:00:00,200.86
2022-05-30 07:15:00,249.34
2022-05-30 07:30:00,278.28
2022-05-30 07:45:00,259.94
2022-05-30 08:00:00,235.09
2022-05-30 08:15:00,270.0
2022-05-30 08:30:00,235.0
2022-05-30 08:45:00,208.76
2022-05-30 09:00:00,249.88
2022-05-30 09:15:00,217.05
2022-05-30 09:30:00,225.0
2022-05-30 09:45:00,176.87
2022-05-30 10:00:00,189.08
2022-05-30 10:15:00,214.93
2022-05-30 10:30:00,193.16
2022-05-30 10:45:00,213.82
2022-05-30 11:00:00,219.93
2022-05-30 11:15:00,221.5
2022-05-30 11:30:00,195.65
2022-05-30 11:45:00,180.0
2022-05-30 12:00:00,209.92
2022-05-30 12:15:00,200.86
2022-05-30 12:30:00,202.88
2022-05-30 12:45:00,180.24
2022-05-30 13:00:00,194.98
2022-05-30 13:15:00,204.93
2022-05-30 13:30:00,198.57
2022-05-30 13:45:00,180.33
2022-05-30 14:00:00,204.94
2022-05-30 14:15:00,200.21
2022-05-30 14:30:00,194.91
2022-05-30 14:45:00,194.91
2022-05-30 15:00:00,190.0
2022-05-30 15:15:00,189.97
2022-05-30 15:30:00,194.93
2022-05-30 15:45:00,199.03
2022-05-30 16:00:00,178.56
2022-05-30 16:15:00,189.97
2022-05-30 16:30:00,211.87
2022-05-30 16:45:00,212.37
2022-05-30 17:00:00,176.87
2022-05-30 17:15:00,179.7
2022-05-30 17:30:00,248.02
2022-05-30 17:45:00,223.26
2022-05-30 18:00:00,176.87
2022-05-30 18:15:00,205.86
2022-05-30 18:30:00,239.47
2022-05-30 18:45:00,225.03
2022-05-30 19:00:00,279.9
2022-05-30 19:15:00,217.51
2022-05-30 19:30:00,220.51
2022-05-30 19:45:00,210.08
2022-05-30 20:00:00,299.91
2022-05-30 20:15:00,280.0
2022-05-30 20:30:00,228.32
2022-05-30 20:45:00,220.04
2022-05-30 21:00:00,294.34
2022-05-30 21:15:00,247.83
2022-05-30 21:30:00,205.02
2022-05-30 21:45:00,175.86
2022-05-30 22:00:00,267.63
2022-05-30 22:15:00,241.1
2022-05-30 22:30:00,195.03
2022-05-30 22:45:00,175.86
2022-05-30 23:00:00,287.7
2022-05-30 23:15:00,203.36
2022-05-30 23:30:00,175.86
2022-05-30 23:45:00,166.11
2022-05-31 00:00:00,262.24
2022-05-31 00:15:00,219.24
2022-05-31 00:30:00,192.24
2022-05-31 00:45:00,188.49
2022-05-31 01:00:00,233.85
2022-05-31 01:15:00,199.98
2022-05-31 01:30:00,192.24
2022-05-31 01:45:00,192.24
2022-05-31 02:00:00,205.41
2022-05-31 02:15:00,194.98
2022-05-31 02:30:00,193.25
2022-05-31 02:45:00,193.25
2022-05-31 03:00:00,192.24
2022-05-31 03:15:00,191.79
2022-05-31 03:30:00,193.25
2022-05-31 03:45:00,193.25
2022-05-31 04:00:00,169.91
2022-05-31 04:15:00,192.23
2022-05-31 04:30:00,193.25
2022-05-31 04:45:00,214.94
2022-05-31 05:00:00,152.53
2022-05-31 05:15:00,169.99
2022-05-31 05:30:00,209.99
2022-05-31 05:45:00,279.97
2022-05-31 06:00:00,159.65
2022-05-31 06:15:00,217.24
2022-05-31 06:30:00,254.16
2022-05-31 06:45:00,299.94
2022-05-31 07:00:00,218.75
2022-05-31 07:15:00,259.93
2022-05-31 07:30:00,260.72
2022-05-31 07:45:00,279.92
2022-05-31 08:00:00,291.59
2022-05-31 08:15:00,265.0
2022-05-31 08:30:00,240.0
2022-05-31 08:45:00,203.81
2022-05-31 09:00:00,265.42
2022-05-31 09:15:00,232.66
2022-05-31 09:30:00,219.92
2022-05-31 09:45:00,192.24
2022-05-31 10:00:00,237.27
2022-05-31 10:15:00,217.24
2022-05-31 10:30:00,193.25
2022-05-31 10:45:00,192.24
2022-05-31 11:00:00,221.74
2022-05-31 11:15:00,204.96
2022-05-31 11:30:00,201.1
2022-05-31 11:45:00,192.24
2022-05-31 12:00:00,220.7
2022-05-31 12:15:00,192.24
2022-05-31 12:30:00,193.25
2022-05-31 12:45:00,193.25
2022-05-31 13:00:00,195.87
2022-05-31 13:15:00,193.25
2022-05-31 13:30:00,193.25
2022-05-31 13:45:00,193.25
2022-05-31 14:00:00,193.25
2022-05-31 14:15:00,180.88
2022-05-31 14:30:00,193.25
2022-05-31 14:45:00,201.41
2022-05-31 15:00:00,193.25
2022-05-31 15:15:00,193.25
2022-05-31 15:30:00,197.07
2022-05-31 15:45:00,202.35
2022-05-31 16:00:00,193.25
2022-05-31 16:15:00,193.25
2022-05-31 16:30:00,200.21
2022-05-31 16:45:00,204.77
2022-05-31 17:00:00,192.24
2022-05-31 17:15:00,193.25
2022-05-31 17:30:00,232.23
2022-05-31 17:45:00,243.88
2022-05-31 18:00:00,193.25
2022-05-31 18:15:00,221.74
2022-05-31 18:30:00,255.76
2022-05-31 18:45:00,235.1
2022-05-31 19:00:00,295.88
2022-05-31 19:15:00,270.0
2022-05-31 19:30:00,264.9
2022-05-31 19:45:00,230.07
2022-05-31 20:00:00,305.64
2022-05-31 20:15:00,265.0
2022-05-31 20:30:00,260.0
2022-05-31 20:45:00,258.96
2022-05-31 21:00:00,283.02
2022-05-31 21:15:00,265.0
2022-05-31 21:30:00,235.26
2022-05-31 21:45:00,192.24
2022-05-31 22:00:00,272.98
2022-05-31 22:15:00,260.0
2022-05-31 22:30:00,200.1
2022-05-31 22:45:00,192.24
2022-05-31 23:00:00,276.4
2022-05-31 23:15:00,228.33
2022-05-31 23:30:00,192.24
2022-05-31 23:45:00,183.03
2022-06-01 00:00:00,241.58
2022-06-01 00:15:00,210.0
2022-06-01 00:30:00,200.13
2022-06-01 00:45:00,191.86
2022-06-01 01:00:00,201.14
2022-06-01 01:15:00,200.13
2022-06-01 01:30:00,200.13
2022-06-01 01:45:00,183.54
2022-06-01 02:00:00,201.14
2022-06-01 02:15:00,186.61
2022-06-01 02:30:00,199.95
2022-06-01 02:45:00,175.13
2022-06-01 03:00:00,201.14
2022-06-01 03:15:00,168.31
2022-06-01 03:30:00,175.13
2022-06-01 03:45:00,201.14
2022-06-01 04:00:00,158.44
2022-06-01 04:15:00,175.13
2022-06-01 04:30:00,201.14
2022-06-01 04:45:00,210.0
2022-06-01 05:00:00,127.14
2022-06-01 05:15:00,179.95
2022-06-01 05:30:00,210.0
2022-06-01 05:45:00,263.16
2022-06-01 06:00:00,155.0
2022-06-01 06:15:00,201.14
2022-06-01 06:30:00,254.92
2022-06-01 06:45:00,300.0
2022-06-01 07:00:00,225.13
2022-06-01 07:15:00,241.3
2022-06-01 07:30:00,259.9
2022-06-01 07:45:00,254.92
2022-06-01 08:00:00,285.0
2022-06-01 08:15:00,235.08
2022-06-01 08:30:00,234.41
2022-06-01 08:45:00,208.23
2022-06-01 09:00:00,252.32
2022-06-01 09:15:00,225.13
2022-06-01 09:30:00,224.94
2022-06-01 09:45:00,200.13
2022-06-01 10:00:00,225.13
2022-06-01 10:15:00,210.0
2022-06-01 10:30:00,201.14
2022-06-01 10:45:00,193.62
2022-06-01 11:00:00,200.87
2022-06-01 11:15:00,200.13
2022-06-01 11:30:00,200.13
2022-06-01 11:45:00,199.92
2022-06-01 12:00:00,201.62
2022-06-01 12:15:00,200.13
2022-06-01 12:30:00,191.7
2022-06-01 12:45:00,175.13
2022-06-01 13:00:00,210.0
2022-06-01 13:15:00,200.13
2022-06-01 13:30:00,179.9
2022-06-01 13:45:00,150.52
2022-06-01 14:00:00,174.48
2022-06-01 14:15:00,174.99
2022-06-01 14:30:00,184.94
2022-06-01 14:45:00,200.0
2022-06-01 15:00:00,164.95
2022-06-01 15:15:00,175.13
2022-06-01 15:30:00,201.14
2022-06-01 15:45:00,190.31
2022-06-01 16:00:00,168.55
2022-06-01 16:15:00,184.94
2022-06-01 16:30:00,201.14
2022-06-01 16:45:00,210.0
2022-06-01 17:00:00,175.0
2022-06-01 17:15:00,201.14
2022-06-01 17:30:00,210.06
2022-06-01 17:45:00,227.2
2022-06-01 18:00:00,200.13
2022-06-01 18:15:00,225.13
2022-06-01 18:30:00,237.64
2022-06-01 18:45:00,246.64
2022-06-01 19:00:00,264.9
2022-06-01 19:15:00,244.26
2022-06-01 19:30:00,245.08
2022-06-01 19:45:00,245.02
2022-06-01 20:00:00,304.89
2022-06-01 20:15:00,265.0
2022-06-01 20:30:00,247.53
2022-06-01 20:45:00,240.07
2022-06-01 21:00:00,289.57
2022-06-01 21:15:00,270.0
2022-06-01 21:30:00,227.54
2022-06-01 21:45:00,200.13
2022-06-01 22:00:00,259.38
2022-06-01 22:15:00,265.0
2022-06-01 22:30:00,225.13
2022-06-01 22:45:00,200.13
2022-06-01 23:00:00,275.0
2022-06-01 23:15:00,225.13
2022-06-01 23:30:00,200.13
2022-06-01 23:45:00,179.58
2022-06-02 00:00:00,234.95
2022-06-02 00:15:00,205.37
2022-06-02 00:30:00,194.86
2022-06-02 00:45:00,180.87
2022-06-02 01:00:00,219.86
2022-06-02 01:15:00,194.86
2022-06-02 01:30:00,176.42
2022-06-02 01:45:00,155.0
2022-06-02 02:00:00,195.87
2022-06-02 02:15:00,194.86
2022-06-02 02:30:00,176.47
2022-06-02 02:45:00,150.1
2022-06-02 03:00:00,192.98
2022-06-02 03:15:00,155.0
2022-06-02 03:30:00,164.88
2022-06-02 03:45:00,169.86
2022-06-02 04:00:00,140.0
2022-06-02 04:15:00,158.8
2022-06-02 04:30:00,177.15
2022-06-02 04:45:00,210.0
2022-06-02 05:00:00,121.46
2022-06-02 05:15:00,169.86
2022-06-02 05:30:00,210.0
2022-06-02 05:45:00,254.92
2022-06-02 06:00:00,160.0
2022-06-02 06:15:00,195.87
2022-06-02 06:30:00,242.14
2022-06-02 06:45:00,269.99
2022-06-02 07:00:00,195.87
2022-06-02 07:15:00,220.0
2022-06-02 07:30:00,249.91
2022-06-02 07:45:00,257.22
2022-06-02 08:00:00,226.54
2022-06-02 08:15:00,220.01
2022-06-02 08:30:00,210.0
2022-06-02 08:45:00,194.86
2022-06-02 09:00:00,210.0
2022-06-02 09:15:00,195.05
2022-06-02 09:30:00,194.86
2022-06-02 09:45:00,152.1
2022-06-02 10:00:00,195.87
2022-06-02 10:15:00,188.04
2022-06-02 10:30:00,189.79
2022-06-02 10:45:00,140.59
2022-06-02 11:00:00,194.86
2022-06-02 11:15:00,169.86
2022-06-02 11:30:00,164.43
2022-06-02 11:45:00,159.43
2022-06-02 12:00:00,194.86
2022-06-02 12:15:00,194.86
2022-06-02 12:30:00,160.04
2022-06-02 12:45:00,147.04
2022-06-02 13:00:00,195.87
2022-06-02 13:15:00,193.86
2022-06-02 13:30:00,169.86
2022-06-02 13:45:00,140.54
2022-06-02 14:00:00,168.58
2022-06-02 14:15:00,160.0
2022-06-02 14:30:00,169.95
2022-06-02 14:45:00,179.93
2022-06-02 15:00:00,140.54
2022-06-02 15:15:00,165.86
2022-06-02 15:30:00,169.86
2022-06-02 15:45:00,195.87
2022-06-02 16:00:00,164.17
2022-06-02 16:15:00,169.86
2022-06-02 16:30:00,194.91
2022-06-02 16:45:00,205.14
2022-06-02 17:00:00,166.92
2022-06-02 17:15:00,195.87
2022-06-02 17:30:00,210.0
2022-06-02 17:45:00,215.05
2022-06-02 18:00:00,194.86
2022-06-02 18:15:00,219.86
2022-06-02 18:30:00,225.05
2022-06-02 18:45:00,235.03
2022-06-02 19:00:00,258.14
2022-06-02 19:15:00,230.07
2022-06-02 19:30:00,235.02
2022-06-02 19:45:00,219.86
2022-06-02 20:00:00,282.99
2022-06-02 20:15:00,260.0
2022-06-02 20:30:00,223.42
2022-06-02 20:45:00,230.04
2022-06-02 21:00:00,278.48
2022-06-02 21:15:00,260.0
2022-06-02 21:30:00,219.86
2022-06-02 21:45:00,194.86
2022-06-02 22:00:00,252.69
2022-06-02 22:15:00,255.0
2022-06-02 22:30:00,205.02
2022-06-02 22:45:00,194.86
2022-06-02 23:00:00,265.0
2022-06-02 23:15:00,219.86
2022-06-02 23:30:00,194.86
2022-06-02 23:45:00,166.88
2022-06-03 00:00:00,203.33
2022-06-03 00:15:00,204.9
2022-06-03 00:30:00,162.31
2022-06-03 00:45:00,162.31
2022-06-03 01:00:00,204.95
2022-06-03 01:15:00,169.5
2022-06-03 01:30:00,162.31
2022-06-03 01:45:00,161.56
2022-06-03 02:00:00,174.22
2022-06-03 02:15:00,163.32
2022-06-03 02:30:00,163.32
2022-06-03 02:45:00,163.32
2022-06-03 03:00:00,163.32
2022-06-03 03:15:00,159.96
2022-06-03 03:30:00,163.32
2022-06-03 03:45:00,163.32
2022-06-03 04:00:00,144.23
2022-06-03 04:15:00,149.7
2022-06-03 04:30:00,163.32
2022-06-03 04:45:00,204.93
2022-06-03 05:00:00,149.46
2022-06-03 05:15:00,163.32
2022-06-03 05:30:00,204.98
2022-06-03 05:45:00,210.0
2022-06-03 06:00:00,145.1
2022-06-03 06:15:00,210.0
2022-06-03 06:30:00,229.1
2022-06-03 06:45:00,261.62
2022-06-03 07:00:00,205.0
2022-06-03 07:15:00,210.0
2022-06-03 07:30:00,232.38
2022-06-03 07:45:00,239.96
2022-06-03 08:00:00,252.59
2022-06-03 08:15:00,220.05
2022-06-03 08:30:00,200.31
2022-06-03 08:45:00,189.31
2022-06-03 09:00:00,230.0
2022-06-03 09:15:00,210.0
2022-06-03 09:30:00,208.39
2022-06-03 09:45:00,162.31
2022-06-03 10:00:00,210.0
2022-06-03 10:15:00,210.0
2022-06-03 10:30:00,162.31
2022-06-03 10:45:00,162.31
2022-06-03 11:00:00,195.0
2022-06-03 11:15:00,183.52
2022-06-03 11:30:00,184.92
2022-06-03 11:45:00,162.31
2022-06-03 12:00:00,203.84
2022-06-03 12:15:00,174.95
2022-06-03 12:30:00,163.32
2022-06-03 12:45:00,162.31
2022-06-03 13:00:00,179.99
2022-06-03 13:15:00,173.71
2022-06-03 13:30:00,169.39
2022-06-03 13:45:00,163.32
2022-06-03 14:00:00,163.32
2022-06-03 14:15:00,163.32
2022-06-03 14:30:00,170.89
2022-06-03 14:45:00,179.05
2022-06-03 15:00:00,159.93
2022-06-03 15:15:00,163.32
2022-06-03 15:30:00,163.32
2022-06-03 15:45:00,198.32
2022-06-03 16:00:00,163.32
2022-06-03 16:15:00,163.32
2022-06-03 16:30:00,175.6
2022-06-03 16:45:00,210.0
2022-06-03 17:00:00,162.31
2022-06-03 17:15:00,172.44
2022-06-03 17:30:00,200.07
2022-06-03 17:45:00,231.17
2022-06-03 18:00:00,188.31
2022-06-03 18:15:00,210.0
2022-06-03 18:30:00,232.79
2022-06-03 18:45:00,220.07
2022-06-03 19:00:00,244.9
2022-06-03 19:15:00,215.07
2022-06-03 19:30:00,220.05
2022-06-03 19:45:00,197.84
2022-06-03 20:00:00,250.0
2022-06-03 20:15:00,220.7
2022-06-03 20:30:00,200.09
2022-06-03 20:45:00,200.02
2022-06-03 21:00:00,255.0
2022-06-03 21:15:00,212.88
2022-06-03 21:30:00,210.0
2022-06-03 21:45:00,162.31
2022-06-03 22:00:00,232.09
2022-06-03 22:15:00,235.0
2022-06-03 22:30:00,187.31
2022-06-03 22:45:00,162.31
2022-06-03 23:00:00,239.92
2022-06-03 23:15:00,194.49
2022-06-03 23:30:00,162.31
2022-06-03 23:45:00,144.26
2022-06-04 00:00:00,242.6
2022-06-04 00:15:00,182.49
2022-06-04 00:30:00,145.23
2022-06-04 00:45:00,135.49
2022-06-04 01:00:00,210.0
2022-06-04 01:15:00,174.91
2022-06-04 01:30:00,140.9
2022-06-04 01:45:00,136.5
2022-06-04 02:00:00,194.93
2022-06-04 02:15:00,161.17
2022-06-04 02:30:00,145.29
2022-06-04 02:45:00,140.92
2022-06-04 03:00:00,161.5
2022-06-04 03:15:00,149.91
2022-06-04 03:30:00,148.02
2022-06-04 03:45:00,145.28
2022-06-04 04:00:00,140.65
2022-06-04 04:15:00,144.91
2022-06-04 04:30:00,148.53
2022-06-04 04:45:00,169.92
2022-06-04 05:00:00,133.45
2022-06-04 05:15:00,139.13
2022-06-04 05:30:00,153.18
2022-06-04 05:45:00,179.99
2022-06-04 06:00:00,135.85
2022-06-04 06:15:00,149.97
2022-06-04 06:30:00,169.95
2022-06-04 06:45:00,196.35
2022-06-04 07:00:00,140.08
2022-06-04 07:15:00,169.92
2022-06-04 07:30:00,169.96
2022-06-04 07:45:00,172.37
2022-06-04 08:00:00,146.85
2022-06-04 08:15:00,161.57
2022-06-04 08:30:00,160.49
2022-06-04 08:45:00,178.57
2022-06-04 09:00:00,197.78
2022-06-04 09:15:00,179.94
2022-06-04 09:30:00,141.02
2022-06-04 09:45:00,136.5
2022-06-04 10:00:00,192.92
2022-06-04 10:15:00,171.49
2022-06-04 10:30:00,136.5
2022-06-04 10:45:00,135.49
2022-06-04 11:00:00,141.95
2022-06-04 11:15:00,158.5
2022-06-04 11:30:00,150.11
2022-06-04 11:45:00,137.15
2022-06-04 12:00:00,170.93
2022-06-04 12:15:00,136.5
2022-06-04 12:30:00,136.5
2022-06-04 12:45:00,114.85
2022-06-04 13:00:00,162.22
2022-06-04 13:15:00,139.97
2022-06-04 13:30:00,110.49
2022-06-04 13:45:00,99.96
2022-06-04 14:00:00,136.5
2022-06-04 14:15:00,136.5
2022-06-04 14:30:00,118.98
2022-06-04 14:45:00,110.49
2022-06-04 15:00:00,110.49
2022-06-04 15:15:00,116.44
2022-06-04 15:30:00,135.0
2022-06-04 15:45:00,136.5
2022-06-04 16:00:00,104.46
2022-06-04 16:15:00,119.92
2022-06-04 16:30:00,140.69
2022-06-04 16:45:00,189.93
2022-06-04 17:00:00,135.44
2022-06-04 17:15:00,136.5
2022-06-04 17:30:00,170.4
2022-06-04 17:45:00,210.0
2022-06-04 18:00:00,160.49
2022-06-04 18:15:00,183.99
2022-06-04 18:30:00,178.49
2022-06-04 18:45:00,192.88
2022-06-04 19:00:00,169.99
2022-06-04 19:15:00,197.72
2022-06-04 19:30:00,210.0
2022-06-04 19:45:00,219.9
2022-06-04 20:00:00,228.31
2022-06-04 20:15:00,210.0
2022-06-04 20:30:00,210.0
2022-06-04 20:45:00,190.06
2022-06-04 21:00:00,234.97
2022-06-04 21:15:00,219.92
2022-06-04 21:30:00,204.92
2022-06-04 21:45:00,160.49
2022-06-04 22:00:00,226.51
2022-06-04 22:15:00,224.95
2022-06-04 22:30:00,199.9
2022-06-04 22:45:00,150.08
2022-06-04 23:00:00,234.94
2022-06-04 23:15:00,203.71
2022-06-04 23:30:00,155.04
2022-06-04 23:45:00,135.49
2022-06-05 00:00:00,229.91
2022-06-05 00:15:00,160.03
2022-06-05 00:30:00,131.71
2022-06-05 00:45:00,130.7
2022-06-05 01:00:00,189.9
2022-06-05 01:15:00,155.7
2022-06-05 01:30:00,131.69
2022-06-05 01:45:00,130.7
2022-06-05 02:00:00,179.91
2022-06-05 02:15:00,143.17
2022-06-05 02:30:00,132.69
2022-06-05 02:45:00,131.71
2022-06-05 03:00:00,158.69
2022-06-05 03:15:00,143.13
2022-06-05 03:30:00,136.85
2022-06-05 03:45:00,133.72
2022-06-05 04:00:00,141.41
2022-06-05 04:15:00,134.96
2022-06-05 04:30:00,135.71
2022-06-05 04:45:00,139.12
2022-06-05 05:00:00,144.54
2022-06-05 05:15:00,147.66
2022-06-05 05:30:00,134.97
2022-06-05 05:45:00,134.64
2022-06-05 06:00:00,136.72
2022-06-05 06:15:00,138.01
2022-06-05 06:30:00,135.72
2022-06-05 06:45:00,134.42
2022-06-05 07:00:00,138.59
2022-06-05 07:15:00,139.78
2022-06-05 07:30:00,139.92
2022-06-05 07:45:00,135.68
2022-06-05 08:00:00,145.0
2022-06-05 08:15:00,133.79
2022-06-05 08:30:00,134.91
2022-06-05 08:45:00,130.7
2022-06-05 09:00:00,135.1
2022-06-05 09:15:00,131.71
2022-06-05 09:30:00,131.71
2022-06-05 09:45:00,129.93
2022-06-05 10:00:00,135.07
2022-06-05 10:15:00,131.71
2022-06-05 10:30:00,131.71
2022-06-05 10:45:00,130.37
2022-06-05 11:00:00,132.48
2022-06-05 11:15:00,131.71
2022-06-05 11:30:00,131.71
2022-06-05 11:45:00,129.91
2022-06-05 12:00:00,132.58
2022-06-05 12:15:00,119.96
2022-06-05 12:30:00,109.92
2022-06-05 12:45:00,105.7
2022-06-05 13:00:00,95.95
2022-06-05 13:15:00,99.96
2022-06-05 13:30:00,105.7
2022-06-05 13:45:00,105.7
2022-06-05 14:00:00,90.78
2022-06-05 14:15:00,94.94
2022-06-05 14:30:00,105.7
2022-06-05 14:45:00,105.7
2022-06-05 15:00:00,100.84
2022-06-05 15:15:00,99.99
2022-06-05 15:30:00,129.91
2022-06-05 15:45:00,131.71
2022-06-05 16:00:00,90.37
2022-06-05 16:15:00,109.12
2022-06-05 16:30:00,131.71
2022-06-05 16:45:00,147.63
2022-06-05 17:00:00,89.99
2022-06-05 17:15:00,130.7
2022-06-05 17:30:00,140.12
2022-06-05 17:45:00,188.58
2022-06-05 18:00:00,130.7
2022-06-05 18:15:00,151.41
2022-06-05 18:30:00,170.0
2022-06-05 18:45:00,195.05
2022-06-05 19:00:00,159.07
2022-06-05 19:15:00,166.07
2022-06-05 19:30:00,175.1
2022-06-05 19:45:00,235.0
2022-06-05 20:00:00,190.0
2022-06-05 20:15:00,179.65
2022-06-05 20:30:00,200.18
2022-06-05 20:45:00,175.08
2022-06-05 21:00:00,229.18
2022-06-05 21:15:00,194.9
2022-06-05 21:30:00,156.22
2022-06-05 21:45:00,155.7
2022-06-05 22:00:00,205.0
2022-06-05 22:15:00,211.72
2022-06-05 22:30:00,144.9
2022-06-05 22:45:00,134.37
2022-06-05 23:00:00,239.9
2022-06-05 23:15:00,155.7
2022-06-05 23:30:00,133.23
2022-06-05 23:45:00,130.7
2022-06-06 00:00:00,190.18
2022-06-06 00:15:00,142.2
2022-06-06 00:30:00,119.18
2022-06-06 00:45:00,118.21
2022-06-06 01:00:00,154.25
2022-06-06 01:15:00,128.81
2022-06-06 01:30:00,118.21
2022-06-06 01:45:00,117.2
2022-06-06 02:00:00,141.68
2022-06-06 02:15:00,124.51
2022-06-06 02:30:00,118.36
2022-06-06 02:45:00,117.2
2022-06-06 03:00:00,118.21
2022-06-06 03:15:00,118.21
2022-06-06 03:30:00,118.21
2022-06-06 03:45:00,125.13
2022-06-06 04:00:00,117.2
2022-06-06 04:15:00,117.2
2022-06-06 04:30:00,117.2
2022-06-06 04:45:00,120.86
2022-06-06 05:00:00,118.21
2022-06-06 05:15:00,118.21
2022-06-06 05:30:00,130.14
2022-06-06 05:45:00,142.2
2022-06-06 06:00:00,120.0
2022-06-06 06:15:00,118.56
2022-06-06 06:30:00,142.2
2022-06-06 06:45:00,146.92
2022-06-06 07:00:00,118.21
2022-06-06 07:15:00,124.29
2022-06-06 07:30:00,128.67
2022-06-06 07:45:00,142.2
2022-06-06 08:00:00,118.36
2022-06-06 08:15:00,118.21
2022-06-06 08:30:00,118.21
2022-06-06 08:45:00,118.21
2022-06-06 09:00:00,117.2
2022-06-06 09:15:00,117.2
2022-06-06 09:30:00,113.29
2022-06-06 09:45:00,118.21
2022-06-06 10:00:00,117.2
2022-06-06 10:15:00,117.2
2022-06-06 10:30:00,112.31
2022-06-06 10:45:00,102.53
2022-06-06 11:00:00,117.2
2022-06-06 11:15:00,110.61
2022-06-06 11:30:00,114.94
2022-06-06 11:45:00,92.2
2022-06-06 12:00:00,117.2
2022-06-06 12:15:00,81.57
2022-06-06 12:30:00,79.68
2022-06-06 12:45:00,74.91
2022-06-06 13:00:00,92.2
2022-06-06 13:15:00,66.56
2022-06-06 13:30:00,60.04
2022-06-06 13:45:00,55.4
2022-06-06 14:00:00,50.98
2022-06-06 14:15:00,48.14
2022-06-06 14:30:00,47.66
2022-06-06 14:45:00,47.88
2022-06-06 15:00:00,95.0
2022-06-06 15:15:00,92.2
2022-06-06 15:30:00,105.0
2022-06-06 15:45:00,96.96
2022-06-06 16:00:00,117.2
2022-06-06 16:15:00,118.21
2022-06-06 16:30:00,125.0
2022-06-06 16:45:00,133.61
2022-06-06 17:00:00,118.21
2022-06-06 17:15:00,142.2
2022-06-06 17:30:00,145.0
2022-06-06 17:45:00,201.64
2022-06-06 18:00:00,139.99
2022-06-06 18:15:00,153.2
2022-06-06 18:30:00,186.38
2022-06-06 18:45:00,255.0
2022-06-06 19:00:00,143.15
2022-06-06 19:15:00,170.05
2022-06-06 19:30:00,221.11
2022-06-06 19:45:00,261.94
2022-06-06 20:00:00,219.9
2022-06-06 20:15:00,185.08
2022-06-06 20:30:00,249.9
2022-06-06 20:45:00,229.55
2022-06-06 21:00:00,240.0
2022-06-06 21:15:00,240.0
2022-06-06 21:30:00,217.84
2022-06-06 21:45:00,185.05
2022-06-06 22:00:00,245.0
2022-06-06 22:15:00,261.91
2022-06-06 22:30:00,180.78
2022-06-06 22:45:00,165.05
2022-06-06 23:00:00,265.95
2022-06-06 23:15:00,230.0
2022-06-06 23:30:00,151.01
2022-06-06 23:45:00,140.01
2022-06-07 00:00:00,219.93
2022-06-07 00:15:00,177.01
2022-06-07 00:30:00,177.01
2022-06-07 00:45:00,166.14
2022-06-07 01:00:00,194.05
2022-06-07 01:15:00,177.01
2022-06-07 01:30:00,172.18
2022-06-07 01:45:00,152.51
2022-06-07 02:00:00,176.0
2022-06-07 02:15:00,175.15
2022-06-07 02:30:00,164.4
2022-06-07 02:45:00,143.11
2022-06-07 03:00:00,176.0
2022-06-07 03:15:00,169.37
2022-06-07 03:30:00,158.62
2022-06-07 03:45:00,151.0
2022-06-07 04:00:00,145.77
2022-06-07 04:15:00,162.63
2022-06-07 04:30:00,177.01
2022-06-07 04:45:00,177.01
2022-06-07 05:00:00,105.0
2022-06-07 05:15:00,154.19
2022-06-07 05:30:00,199.9
2022-06-07 05:45:00,249.95
2022-06-07 06:00:00,154.84
2022-06-07 06:15:00,177.01
2022-06-07 06:30:00,259.91
2022-06-07 06:45:00,281.56
2022-06-07 07:00:00,185.57
2022-06-07 07:15:00,244.94
2022-06-07 07:30:00,244.99
2022-06-07 07:45:00,259.92
2022-06-07 08:00:00,243.97
2022-06-07 08:15:00,215.1
2022-06-07 08:30:00,225.0
2022-06-07 08:45:00,219.92
2022-06-07 09:00:00,230.1
2022-06-07 09:15:00,231.46
2022-06-07 09:30:00,229.92
2022-06-07 09:45:00,194.98
2022-06-07 10:00:00,225.09
2022-06-07 10:15:00,220.09
2022-06-07 10:30:00,214.93
2022-06-07 10:45:00,184.91
2022-06-07 11:00:00,211.15
2022-06-07 11:15:00,216.15
2022-06-07 11:30:00,204.95
2022-06-07 11:45:00,177.01
2022-06-07 12:00:00,219.97
2022-06-07 12:15:00,206.21
2022-06-07 12:30:00,177.01
2022-06-07 12:45:00,177.01
2022-06-07 13:00:00,189.95
2022-06-07 13:15:00,201.0
2022-06-07 13:30:00,177.01
2022-06-07 13:45:00,177.01
2022-06-07 14:00:00,189.91
2022-06-07 14:15:00,189.57
2022-06-07 14:30:00,182.13
2022-06-07 14:45:00,190.1
2022-06-07 15:00:00,177.01
2022-06-07 15:15:00,199.91
2022-06-07 15:30:00,189.93
2022-06-07 15:45:00,190.1
2022-06-07 16:00:00,176.0
2022-06-07 16:15:00,187.2
2022-06-07 16:30:00,192.96
2022-06-07 16:45:00,200.1
2022-06-07 17:00:00,177.01
2022-06-07 17:15:00,203.93
2022-06-07 17:30:00,215.93
2022-06-07 17:45:00,226.35
2022-06-07 18:00:00,177.01
2022-06-07 18:15:00,214.0
2022-06-07 18:30:00,259.11
2022-06-07 18:45:00,235.07
2022-06-07 19:00:00,260.0
2022-06-07 19:15:00,216.85
2022-06-07 19:30:00,225.07
2022-06-07 19:45:00,225.0
2022-06-07 20:00:00,275.0
2022-06-07 20:15:00,269.13
2022-06-07 20:30:00,215.08
2022-06-07 20:45:00,210.04
2022-06-07 21:00:00,275.0
2022-06-07 21:15:00,270.0
2022-06-07 21:30:00,206.95
2022-06-07 21:45:00,177.01
2022-06-07 22:00:00,268.1
2022-06-07 22:15:00,260.0
2022-06-07 22:30:00,201.0
2022-06-07 22:45:00,176.0
2022-06-07 23:00:00,283.33
2022-06-07 23:15:00,227.34
2022-06-07 23:30:00,176.0
2022-06-07 23:45:00,174.5
2022-06-08 00:00:00,245.45
2022-06-08 00:15:00,209.91
2022-06-08 00:30:00,136.67
2022-06-08 00:45:00,134.23
2022-06-08 01:00:00,249.91
2022-06-08 01:15:00,160.09
2022-06-08 01:30:00,150.01
2022-06-08 01:45:00,135.0
2022-06-08 02:00:00,199.93
2022-06-08 02:15:00,155.08
2022-06-08 02:30:00,145.06
2022-06-08 02:45:00,135.09
2022-06-08 03:00:00,150.04
2022-06-08 03:15:00,145.06
2022-06-08 03:30:00,145.1
2022-06-08 03:45:00,174.64
2022-06-08 04:00:00,130.05
2022-06-08 04:15:00,140.0
2022-06-08 04:30:00,155.07
2022-06-08 04:45:00,211.64
2022-06-08 05:00:00,70.02
2022-06-08 05:15:00,129.3
2022-06-08 05:30:00,214.59
2022-06-08 05:45:00,269.91
2022-06-08 06:00:00,96.77
2022-06-08 06:15:00,170.08
2022-06-08 06:30:00,260.0
2022-06-08 06:45:00,278.17
2022-06-08 07:00:00,150.04
2022-06-08 07:15:00,195.09
2022-06-08 07:30:00,258.86
2022-06-08 07:45:00,260.0
2022-06-08 08:00:00,234.76
2022-06-08 08:15:00,239.91
2022-06-08 08:30:00,195.09
2022-06-08 08:45:00,190.04
2022-06-08 09:00:00,244.97
2022-06-08 09:15:00,229.92
2022-06-08 09:30:00,190.1
2022-06-08 09:45:00,166.72
2022-06-08 10:00:00,211.38
2022-06-08 10:15:00,180.04
2022-06-08 10:30:00,175.03
2022-06-08 10:45:00,175.02
2022-06-08 11:00:00,183.58
2022-06-08 11:15:00,185.03
2022-06-08 11:30:00,204.93
2022-06-08 11:45:00,150.02
2022-06-08 12:00:00,224.94
2022-06-08 12:15:00,201.13
2022-06-08 12:30:00,152.75
2022-06-08 12:45:00,138.79
2022-06-08 13:00:00,185.48
2022-06-08 13:15:00,209.91
2022-06-08 13:30:00,170.04
2022-06-08 13:45:00,144.7
2022-06-08 14:00:00,199.96
2022-06-08 14:15:00,170.1
2022-06-08 14:30:00,175.03
2022-06-08 14:45:00,154.85
2022-06-08 15:00:00,138.74
2022-06-08 15:15:00,162.5
2022-06-08 15:30:00,209.96
2022-06-08 15:45:00,185.07
2022-06-08 16:00:00,138.75
2022-06-08 16:15:00,165.03
2022-06-08 16:30:00,180.1
2022-06-08 16:45:00,234.92
2022-06-08 17:00:00,145.06
2022-06-08 17:15:00,209.92
2022-06-08 17:30:00,200.07
2022-06-08 17:45:00,245.45
2022-06-08 18:00:00,170.04
2022-06-08 18:15:00,195.08
2022-06-08 18:30:00,241.42
2022-06-08 18:45:00,235.1
2022-06-08 19:00:00,234.45
2022-06-08 19:15:00,205.09
2022-06-08 19:30:00,210.09
2022-06-08 19:45:00,215.03
2022-06-08 20:00:00,260.13
2022-06-08 20:15:00,239.94
2022-06-08 20:30:00,200.04
2022-06-08 20:45:00,170.08
2022-06-08 21:00:00,260.0
2022-06-08 21:15:00,249.99
2022-06-08 21:30:00,214.64
2022-06-08 21:45:00,135.0
2022-06-08 22:00:00,260.0
2022-06-08 22:15:00,260.0
2022-06-08 22:30:00,197.72
2022-06-08 22:45:00,137.96
2022-06-08 23:00:00,273.49
2022-06-08 23:15:00,245.44
2022-06-08 23:30:00,137.5
2022-06-08 23:45:00,131.53
2022-06-09 00:00:00,216.79
2022-06-09 00:15:00,165.41
2022-06-09 00:30:00,164.4
2022-06-09 00:45:00,159.92
2022-06-09 01:00:00,194.91
2022-06-09 01:15:00,165.41
2022-06-09 01:30:00,150.27
2022-06-09 01:45:00,137.59
2022-06-09 02:00:00,165.41
2022-06-09 02:15:00,165.41
2022-06-09 02:30:00,159.92
2022-06-09 02:45:00,143.49
2022-06-09 03:00:00,143.22
2022-06-09 03:15:00,164.9
2022-06-09 03:30:00,159.92
2022-06-09 03:45:00,159.96
2022-06-09 04:00:00,133.44
2022-06-09 04:15:00,137.54
2022-06-09 04:30:00,164.91
2022-06-09 04:45:00,168.46
2022-06-09 05:00:00,105.1
2022-06-09 05:15:00,136.41
2022-06-09 05:30:00,165.41
2022-06-09 05:45:00,259.91
2022-06-09 06:00:00,126.25
2022-06-09 06:15:00,165.41
2022-06-09 06:30:00,254.94
2022-06-09 06:45:00,260.07
2022-06-09 07:00:00,162.15
2022-06-09 07:15:00,185.0
2022-06-09 07:30:00,240.78
2022-06-09 07:45:00,259.97
2022-06-09 08:00:00,200.0
2022-06-09 08:15:00,209.28
2022-06-09 08:30:00,215.0
2022-06-09 08:45:00,205.0
2022-06-09 09:00:00,203.46
2022-06-09 09:15:00,197.96
2022-06-09 09:30:00,197.96
2022-06-09 09:45:00,189.4
2022-06-09 10:00:00,195.0
2022-06-09 10:15:00,189.9
2022-06-09 10:30:00,189.4
2022-06-09 10:45:00,189.4
2022-06-09 11:00:00,177.77
2022-06-09 11:15:00,189.4
2022-06-09 11:30:00,194.94
2022-06-09 11:45:00,184.95
2022-06-09 12:00:00,204.93
2022-06-09 12:15:00,184.39
2022-06-09 12:30:00,165.41
2022-06-09 12:45:00,164.4
2022-06-09 13:00:00,189.62
2022-06-09 13:15:00,184.93
2022-06-09 13:30:00,164.4
2022-06-09 13:45:00,137.52
2022-06-09 14:00:00,165.41
2022-06-09 14:15:00,164.4
2022-06-09 14:30:00,164.4
2022-06-09 14:45:00,158.59
2022-06-09 15:00:00,164.4
2022-06-09 15:15:00,164.4
2022-06-09 15:30:00,164.4
2022-06-09 15:45:00,163.21
2022-06-09 16:00:00,165.65
2022-06-09 16:15:00,165.41
2022-06-09 16:30:00,165.41
2022-06-09 16:45:00,165.41
2022-06-09 17:00:00,164.4
2022-06-09 17:15:00,167.59
2022-06-09 17:30:00,189.4
2022-06-09 17:45:00,180.04
2022-06-09 18:00:00,189.4
2022-06-09 18:15:00,186.04
2022-06-09 18:30:00,180.03
2022-06-09 18:45:00,190.0
2022-06-09 19:00:00,245.11
2022-06-09 19:15:00,200.44
2022-06-09 19:30:00,190.03
2022-06-09 19:45:00,189.4
2022-06-09 20:00:00,251.12
2022-06-09 20:15:00,235.0
2022-06-09 20:30:00,189.4
2022-06-09 20:45:00,164.4
2022-06-09 21:00:00,250.0
2022-06-09 21:15:00,233.0
2022-06-09 21:30:00,185.03
2022-06-09 21:45:00,152.4
2022-06-09 22:00:00,245.0
2022-06-09 22:15:00,225.46
2022-06-09 22:30:00,164.4
2022-06-09 22:45:00,145.02
2022-06-09 23:00:00,245.49
2022-06-09 23:15:00,180.09
2022-06-09 23:30:00,159.22
2022-06-09 23:45:00,137.51
2022-06-10 00:00:00,240.94
2022-06-10 00:15:00,194.94
2022-06-10 00:30:00,166.65
2022-06-10 00:45:00,159.91
2022-06-10 01:00:00,199.96
2022-06-10 01:15:00,184.9
2022-06-10 01:30:00,166.65
2022-06-10 01:45:00,146.99
2022-06-10 02:00:00,167.66
2022-06-10 02:15:00,167.66
2022-06-10 02:30:00,166.05
2022-06-10 02:45:00,154.93
2022-06-10 03:00:00,166.65
2022-06-10 03:15:00,161.81
2022-06-10 03:30:00,164.91
2022-06-10 03:45:00,164.92
2022-06-10 04:00:00,149.9
2022-06-10 04:15:00,154.94
2022-06-10 04:30:00,167.66
2022-06-10 04:45:00,183.65
2022-06-10 05:00:00,120.15
2022-06-10 05:15:00,149.94
2022-06-10 05:30:00,184.99
2022-06-10 05:45:00,260.0
2022-06-10 06:00:00,117.7
2022-06-10 06:15:00,189.91
2022-06-10 06:30:00,251.87
2022-06-10 06:45:00,260.0
2022-06-10 07:00:00,167.66
2022-06-10 07:15:00,202.93
2022-06-10 07:30:00,242.97
2022-06-10 07:45:00,260.0
2022-06-10 08:00:00,195.08
2022-06-10 08:15:00,193.63
2022-06-10 08:30:00,215.0
2022-06-10 08:45:00,219.9
2022-06-10 09:00:00,190.09
2022-06-10 09:15:00,210.0
2022-06-10 09:30:00,205.0
2022-06-10 09:45:00,183.51
2022-06-10 10:00:00,200.0
2022-06-10 10:15:00,190.0
2022-06-10 10:30:00,190.0
2022-06-10 10:45:00,168.14
2022-06-10 11:00:00,189.99
2022-06-10 11:15:00,189.98
2022-06-10 11:30:00,187.98
2022-06-10 11:45:00,166.65
2022-06-10 12:00:00,228.76
2022-06-10 12:15:00,174.98
2022-06-10 12:30:00,166.65
2022-06-10 12:45:00,150.4
2022-06-10 13:00:00,219.94
2022-06-10 13:15:00,169.45
2022-06-10 13:30:00,166.65
2022-06-10 13:45:00,159.27
2022-06-10 14:00:00,165.08
2022-06-10 14:15:00,159.95
2022-06-10 14:30:00,164.9
2022-06-10 14:45:00,166.08
2022-06-10 15:00:00,166.65
2022-06-10 15:15:00,167.22
2022-06-10 15:30:00,167.66
2022-06-10 15:45:00,170.0
2022-06-10 16:00:00,166.65
2022-06-10 16:15:00,166.35
2022-06-10 16:30:00,175.0
2022-06-10 16:45:00,194.56
2022-06-10 17:00:00,166.65
2022-06-10 17:15:00,190.0
2022-06-10 17:30:00,175.31
2022-06-10 17:45:00,224.9
2022-06-10 18:00:00,191.65
2022-06-10 18:15:00,193.15
2022-06-10 18:30:00,206.15
2022-06-10 18:45:00,220.66
2022-06-10 19:00:00,229.9
2022-06-10 19:15:00,211.68
2022-06-10 19:30:00,212.68
2022-06-10 19:45:00,195.08
2022-06-10 20:00:00,249.86
2022-06-10 20:15:00,230.0
2022-06-10 20:30:00,214.94
2022-06-10 20:45:00,195.05
2022-06-10 21:00:00,260.0
2022-06-10 21:15:00,235.0
2022-06-10 21:30:00,193.99
2022-06-10 21:45:00,160.1
2022-06-10 22:00:00,257.39
2022-06-10 22:15:00,240.91
2022-06-10 22:30:00,175.06
2022-06-10 22:45:00,166.65
2022-06-10 23:00:00,260.0
2022-06-10 23:15:00,203.5
2022-06-10 23:30:00,166.65
2022-06-10 23:45:00,155.58
2022-06-11 00:00:00,219.98
2022-06-11 00:15:00,197.34
2022-06-11 00:30:00,165.24
2022-06-11 00:45:00,140.24
2022-06-11 01:00:00,200.0
2022-06-11 01:15:00,182.77
2022-06-11 01:30:00,140.24
2022-06-11 01:45:00,136.0
2022-06-11 02:00:00,180.72
2022-06-11 02:15:00,165.24
2022-06-11 02:30:00,140.24
2022-06-11 02:45:00,140.24
2022-06-11 03:00:00,165.24
2022-06-11 03:15:00,154.78
2022-06-11 03:30:00,140.24
2022-06-11 03:45:00,140.24
2022-06-11 04:00:00,140.24
2022-06-11 04:15:00,141.02
2022-06-11 04:30:00,154.94
2022-06-11 04:45:00,159.96
2022-06-11 05:00:00,140.24
2022-06-11 05:15:00,141.25
2022-06-11 05:30:00,149.34
2022-06-11 05:45:00,169.98
2022-06-11 06:00:00,140.24
2022-06-11 06:15:00,149.29
2022-06-11 06:30:00,165.24
2022-06-11 06:45:00,184.91
2022-06-11 07:00:00,150.0
2022-06-11 07:15:00,140.24
2022-06-11 07:30:00,165.24
2022-06-11 07:45:00,191.01
2022-06-11 08:00:00,150.1
2022-06-11 08:15:00,147.79
2022-06-11 08:30:00,160.74
2022-06-11 08:45:00,165.24
2022-06-11 09:00:00,168.55
2022-06-11 09:15:00,154.97
2022-06-11 09:30:00,140.24
2022-06-11 09:45:00,140.24
2022-06-11 10:00:00,144.99
2022-06-11 10:15:00,140.24
2022-06-11 10:30:00,136.57
2022-06-11 10:45:00,131.07
2022-06-11 11:00:00,132.8
2022-06-11 11:15:00,128.17
2022-06-11 11:30:00,115.24
2022-06-11 11:45:00,98.74
2022-06-11 12:00:00,144.08
2022-06-11 12:15:00,140.24
2022-06-11 12:30:00,109.97
2022-06-11 12:45:00,99.91
2022-06-11 13:00:00,128.99
2022-06-11 13:15:00,109.96
2022-06-11 13:30:00,99.93
2022-06-11 13:45:00,86.52
2022-06-11 14:00:00,115.99
2022-06-11 14:15:00,83.88
2022-06-11 14:30:00,84.92
2022-06-11 14:45:00,59.27
2022-06-11 15:00:00,77.11
2022-06-11 15:15:00,98.66
2022-06-11 15:30:00,84.98
2022-06-11 15:45:00,104.95
2022-06-11 16:00:00,75.9
2022-06-11 16:15:00,84.64
2022-06-11 16:30:00,139.92
2022-06-11 16:45:00,141.25
2022-06-11 17:00:00,109.76
2022-06-11 17:15:00,119.97
2022-06-11 17:30:00,144.96
2022-06-11 17:45:00,186.9
2022-06-11 18:00:00,140.24
2022-06-11 18:15:00,156.84
2022-06-11 18:30:00,165.24
2022-06-11 18:45:00,185.0
2022-06-11 19:00:00,165.24
2022-06-11 19:15:00,169.16
2022-06-11 19:30:00,210.0
2022-06-11 19:45:00,220.0
2022-06-11 20:00:00,215.0
2022-06-11 20:15:00,183.24
2022-06-11 20:30:00,209.9
2022-06-11 20:45:00,210.54
2022-06-11 21:00:00,234.88
2022-06-11 21:15:00,205.0
2022-06-11 21:30:00,195.0
2022-06-11 21:45:00,170.74
2022-06-11 22:00:00,240.95
2022-06-11 22:15:00,224.45
2022-06-11 22:30:00,190.0
2022-06-11 22:45:00,141.25
2022-06-11 23:00:00,246.1
2022-06-11 23:15:00,195.0
2022-06-11 23:30:00,140.24
2022-06-11 23:45:00,135.34
2022-06-12 00:00:00,189.93
2022-06-12 00:15:00,158.19
2022-06-12 00:30:00,133.19
2022-06-12 00:45:00,131.11
2022-06-12 01:00:00,169.54
2022-06-12 01:15:00,133.19
2022-06-12 01:30:00,133.19
2022-06-12 01:45:00,131.13
2022-06-12 02:00:00,150.08
2022-06-12 02:15:00,133.19
2022-06-12 02:30:00,133.19
2022-06-12 02:45:00,132.41
2022-06-12 03:00:00,133.19
2022-06-12 03:15:00,131.13
2022-06-12 03:30:00,131.16
2022-06-12 03:45:00,129.9
2022-06-12 04:00:00,133.19
2022-06-12 04:15:00,133.19
2022-06-12 04:30:00,133.19
2022-06-12 04:45:00,124.98
2022-06-12 05:00:00,133.19
2022-06-12 05:15:00,130.87
2022-06-12 05:30:00,132.34
2022-06-12 05:45:00,133.19
2022-06-12 06:00:00,132.74
2022-06-12 06:15:00,129.95
2022-06-12 06:30:00,130.31
2022-06-12 06:45:00,130.0
2022-06-12 07:00:00,134.2
2022-06-12 07:15:00,127.56
2022-06-12 07:30:00,124.75
2022-06-12 07:45:00,145.1
2022-06-12 08:00:00,124.5
2022-06-12 08:15:00,114.92
2022-06-12 08:30:00,108.19
2022-06-12 08:45:00,134.2
2022-06-12 09:00:00,109.96
2022-06-12 09:15:00,92.15
2022-06-12 09:30:00,93.59
2022-06-12 09:45:00,94.99
2022-06-12 10:00:00,108.19
2022-06-12 10:15:00,88.02
2022-06-12 10:30:00,99.9
2022-06-12 10:45:00,99.9
2022-06-12 11:00:00,100.81
2022-06-12 11:15:00,99.31
2022-06-12 11:30:00,105.81
2022-06-12 11:45:00,83.28
2022-06-12 12:00:00,133.19
2022-06-12 12:15:00,118.7
2022-06-12 12:30:00,86.22
2022-06-12 12:45:00,69.97
2022-06-12 13:00:00,126.69
2022-06-12 13:15:00,87.19
2022-06-12 13:30:00,49.97
2022-06-12 13:45:00,45.2
2022-06-12 14:00:00,29.99
2022-06-12 14:15:00,39.96
2022-06-12 14:30:00,59.98
2022-06-12 14:45:00,89.99
2022-06-12 15:00:00,49.96
2022-06-12 15:15:00,49.95
2022-06-12 15:30:00,59.98
2022-06-12 15:45:00,108.19
2022-06-12 16:00:00,38.27
2022-06-12 16:15:00,69.93
2022-06-12 16:30:00,99.83
2022-06-12 16:45:00,133.19
2022-06-12 17:00:00,72.43
2022-06-12 17:15:00,96.41
2022-06-12 17:30:00,134.2
2022-06-12 17:45:00,154.95
2022-06-12 18:00:00,118.86
2022-06-12 18:15:00,134.91
2022-06-12 18:30:00,142.54
2022-06-12 18:45:00,178.58
2022-06-12 19:00:00,139.9
2022-06-12 19:15:00,158.19
2022-06-12 19:30:00,177.07
2022-06-12 19:45:00,235.0
2022-06-12 20:00:00,175.0
2022-06-12 20:15:00,182.69
2022-06-12 20:30:00,220.0
2022-06-12 20:45:00,224.47
2022-06-12 21:00:00,195.0
2022-06-12 21:15:00,205.0
2022-06-12 21:30:00,210.0
2022-06-12 21:45:00,176.65
2022-06-12 22:00:00,215.0
2022-06-12 22:15:00,210.0
2022-06-12 22:30:00,199.9
2022-06-12 22:45:00,145.1
2022-06-12 23:00:00,215.0
2022-06-12 23:15:00,171.02
2022-06-12 23:30:00,140.0
2022-06-12 23:45:00,134.2
2022-06-13 00:00:00,198.77
2022-06-13 00:15:00,160.01
2022-06-13 00:30:00,160.01
2022-06-13 00:45:00,134.0
2022-06-13 01:00:00,172.38
2022-06-13 01:15:00,160.01
2022-06-13 01:30:00,134.0
2022-06-13 01:45:00,132.87
2022-06-13 02:00:00,159.4
2022-06-13 02:15:00,159.0
2022-06-13 02:30:00,134.0
2022-06-13 02:45:00,134.0
2022-06-13 03:00:00,134.0
2022-06-13 03:15:00,134.0
2022-06-13 03:30:00,149.08
2022-06-13 03:45:00,154.92
2022-06-13 04:00:00,132.83
2022-06-13 04:15:00,141.85
2022-06-13 04:30:00,159.0
2022-06-13 04:45:00,159.0
2022-06-13 05:00:00,95.0
2022-06-13 05:15:00,132.89
2022-06-13 05:30:00,159.0
2022-06-13 05:45:00,239.91
2022-06-13 06:00:00,140.53
2022-06-13 06:15:00,160.0
2022-06-13 06:30:00,224.92
2022-06-13 06:45:00,250.0
2022-06-13 07:00:00,190.1
2022-06-13 07:15:00,185.0
2022-06-13 07:30:00,226.53
2022-06-13 07:45:00,239.97
2022-06-13 08:00:00,225.06
2022-06-13 08:15:00,185.1
2022-06-13 08:30:00,199.08
2022-06-13 08:45:00,204.9
2022-06-13 09:00:00,192.2
2022-06-13 09:15:00,201.2
2022-06-13 09:30:00,175.0
2022-06-13 09:45:00,159.0
2022-06-13 10:00:00,190.01
2022-06-13 10:15:00,159.0
2022-06-13 10:30:00,155.52
2022-06-13 10:45:00,159.0
2022-06-13 11:00:00,180.07
2022-06-13 11:15:00,160.01
2022-06-13 11:30:00,145.92
2022-06-13 11:45:00,134.0
2022-06-13 12:00:00,164.96
2022-06-13 12:15:00,151.65
2022-06-13 12:30:00,137.37
2022-06-13 12:45:00,129.99
2022-06-13 13:00:00,155.2
2022-06-13 13:15:00,149.98
2022-06-13 13:30:00,149.92
2022-06-13 13:45:00,134.0
2022-06-13 14:00:00,154.99
2022-06-13 14:15:00,144.98
2022-06-13 14:30:00,160.01
2022-06-13 14:45:00,139.97
2022-06-13 15:00:00,144.91
2022-06-13 15:15:00,144.92
2022-06-13 15:30:00,154.92
2022-06-13 15:45:00,160.01
2022-06-13 16:00:00,134.0
2022-06-13 16:15:00,150.21
2022-06-13 16:30:00,160.01
2022-06-13 16:45:00,160.01
2022-06-13 17:00:00,155.0
2022-06-13 17:15:00,160.01
2022-06-13 17:30:00,160.08
2022-06-13 17:45:00,200.01
2022-06-13 18:00:00,160.01
2022-06-13 18:15:00,159.0
2022-06-13 18:30:00,180.06
2022-06-13 18:45:00,228.62
2022-06-13 19:00:00,224.9
2022-06-13 19:15:00,184.0
2022-06-13 19:30:00,190.06
2022-06-13 19:45:00,220.01
2022-06-13 20:00:00,230.0
2022-06-13 20:15:00,240.0
2022-06-13 20:30:00,201.92
2022-06-13 20:45:00,200.07
2022-06-13 21:00:00,255.0
2022-06-13 21:15:00,215.53
2022-06-13 21:30:00,185.07
2022-06-13 21:45:00,184.0
2022-06-13 22:00:00,242.13
2022-06-13 22:15:00,240.0
2022-06-13 22:30:00,178.58
2022-06-13 22:45:00,170.08
2022-06-13 23:00:00,254.97
2022-06-13 23:15:00,207.92
2022-06-13 23:30:00,160.0
2022-06-13 23:45:00,157.96
2022-06-14 00:00:00,214.93
2022-06-14 00:15:00,188.88
2022-06-14 00:30:00,181.21
2022-06-14 00:45:00,148.54
2022-06-14 01:00:00,199.92
2022-06-14 01:15:00,184.93
2022-06-14 01:30:00,164.13
2022-06-14 01:45:00,135.0
2022-06-14 02:00:00,188.88
2022-06-14 02:15:00,174.75
2022-06-14 02:30:00,159.12
2022-06-14 02:45:00,140.62
2022-06-14 03:00:00,160.0
2022-06-14 03:15:00,158.56
2022-06-14 03:30:00,163.88
2022-06-14 03:45:00,163.88
2022-06-14 04:00:00,140.0
2022-06-14 04:15:00,142.6
2022-06-14 04:30:00,174.92
2022-06-14 04:45:00,201.03
2022-06-14 05:00:00,120.0
2022-06-14 05:15:00,143.31
2022-06-14 05:30:00,196.09
2022-06-14 05:45:00,259.84
2022-06-14 06:00:00,132.9
2022-06-14 06:15:00,189.89
2022-06-14 06:30:00,256.92
2022-06-14 06:45:00,260.0
2022-06-14 07:00:00,190.0
2022-06-14 07:15:00,217.5
2022-06-14 07:30:00,239.96
2022-06-14 07:45:00,246.86
2022-06-14 08:00:00,250.33
2022-06-14 08:15:00,239.9
2022-06-14 08:30:00,201.17
2022-06-14 08:45:00,188.88
2022-06-14 09:00:00,215.13
2022-06-14 09:15:00,213.88
2022-06-14 09:30:00,189.89
2022-06-14 09:45:00,188.88
2022-06-14 10:00:00,200.0
2022-06-14 10:15:00,189.89
2022-06-14 10:30:00,188.63
2022-06-14 10:45:00,163.88
2022-06-14 11:00:00,189.89
2022-06-14 11:15:00,189.89
2022-06-14 11:30:00,189.89
2022-06-14 11:45:00,162.84
2022-06-14 12:00:00,194.21
2022-06-14 12:15:00,183.16
2022-06-14 12:30:00,163.88
2022-06-14 12:45:00,163.88
2022-06-14 13:00:00,184.97
2022-06-14 13:15:00,189.89
2022-06-14 13:30:00,172.61
2022-06-14 13:45:00,155.0
2022-06-14 14:00:00,184.9
2022-06-14 14:15:00,163.88
2022-06-14 14:30:00,189.64
2022-06-14 14:45:00,163.88
2022-06-14 15:00:00,163.88
2022-06-14 15:15:00,172.35
2022-06-14 15:30:00,189.89
2022-06-14 15:45:00,189.89
2022-06-14 16:00:00,169.97
2022-06-14 16:15:00,184.97
2022-06-14 16:30:00,189.89
2022-06-14 16:45:00,204.51
2022-06-14 17:00:00,162.95
2022-06-14 17:15:00,189.89
2022-06-14 17:30:00,195.08
2022-06-14 17:45:00,221.95
2022-06-14 18:00:00,188.88
2022-06-14 18:15:00,213.88
2022-06-14 18:30:00,225.13
2022-06-14 18:45:00,247.29
2022-06-14 19:00:00,229.9
2022-06-14 19:15:00,239.9
2022-06-14 19:30:00,250.0
2022-06-14 19:45:00,247.19
2022-06-14 20:00:00,279.98
2022-06-14 20:15:00,260.0
2022-06-14 20:30:00,245.03
2022-06-14 20:45:00,255.0
2022-06-14 21:00:00,276.91
2022-06-14 21:15:00,260.0
2022-06-14 21:30:00,242.85
2022-06-14 21:45:00,205.0
2022-06-14 22:00:00,260.0
2022-06-14 22:15:00,260.0
2022-06-14 22:30:00,213.88
2022-06-14 22:45:00,188.88
2022-06-14 23:00:00,260.0
2022-06-14 23:15:00,225.0
2022-06-14 23:30:00,188.88
2022-06-14 23:45:00,169.43
2022-06-15 00:00:00,221.57
2022-06-15 00:15:00,206.94
2022-06-15 00:30:00,191.94
2022-06-15 00:45:00,174.94
2022-06-15 01:00:00,204.01
2022-06-15 01:15:00,187.73
2022-06-15 01:30:00,178.0
2022-06-15 01:45:00,144.08
2022-06-15 02:00:00,203.0
2022-06-15 02:15:00,192.37
2022-06-15 02:30:00,172.73
2022-06-15 02:45:00,143.08
2022-06-15 03:00:00,166.5
2022-06-15 03:15:00,174.0
2022-06-15 03:30:00,178.0
2022-06-15 03:45:00,183.08
2022-06-15 04:00:00,138.09
2022-06-15 04:15:00,164.35
2022-06-15 04:30:00,191.91
2022-06-15 04:45:00,208.92
2022-06-15 05:00:00,125.5
2022-06-15 05:15:00,175.98
2022-06-15 05:30:00,205.92
2022-06-15 05:45:00,260.0
2022-06-15 06:00:00,143.08
2022-06-15 06:15:00,209.92
2022-06-15 06:30:00,258.63
2022-06-15 06:45:00,260.0
2022-06-15 07:00:00,203.0
2022-06-15 07:15:00,233.91
2022-06-15 07:30:00,237.63
2022-06-15 07:45:00,260.0
2022-06-15 08:00:00,233.17
2022-06-15 08:15:00,239.9
2022-06-15 08:30:00,219.91
2022-06-15 08:45:00,194.93
2022-06-15 09:00:00,228.0
2022-06-15 09:15:00,217.93
2022-06-15 09:30:00,203.0
2022-06-15 09:45:00,187.9
2022-06-15 10:00:00,204.01
2022-06-15 10:15:00,204.01
2022-06-15 10:30:00,191.92
2022-06-15 10:45:00,179.81
2022-06-15 11:00:00,204.01
2022-06-15 11:15:00,200.43
2022-06-15 11:30:00,178.0
2022-06-15 11:45:00,162.08
2022-06-15 12:00:00,204.01
2022-06-15 12:15:00,173.42
2022-06-15 12:30:00,178.0
2022-06-15 12:45:00,170.42
2022-06-15 13:00:00,202.98
2022-06-15 13:15:00,197.91
2022-06-15 13:30:00,178.0
2022-06-15 13:45:00,159.03
2022-06-15 14:00:00,178.0
2022-06-15 14:15:00,178.0
2022-06-15 14:30:00,178.0
2022-06-15 14:45:00,204.01
2022-06-15 15:00:00,160.06
2022-06-15 15:15:00,169.1
2022-06-15 15:30:00,198.13
2022-06-15 15:45:00,204.01
2022-06-15 16:00:00,191.9
2022-06-15 16:15:00,184.08
2022-06-15 16:30:00,182.09
2022-06-15 16:45:00,204.01
2022-06-15 17:00:00,197.92
2022-06-15 17:15:00,203.0
2022-06-15 17:30:00,203.0
2022-06-15 17:45:00,227.76
2022-06-15 18:00:00,203.0
2022-06-15 18:15:00,224.0
2022-06-15 18:30:00,244.47
2022-06-15 18:45:00,258.23
2022-06-15 19:00:00,277.16
2022-06-15 19:15:00,279.97
2022-06-15 19:30:00,279.93
2022-06-15 19:45:00,249.0
2022-06-15 20:00:00,298.05
2022-06-15 20:15:00,279.93
2022-06-15 20:30:00,269.94
2022-06-15 20:45:00,272.54
2022-06-15 21:00:00,260.0
2022-06-15 21:15:00,253.19
2022-06-15 21:30:00,228.0
2022-06-15 21:45:00,200.97
2022-06-15 22:00:00,260.0
2022-06-15 22:15:00,244.45
2022-06-15 22:30:00,208.5
2022-06-15 22:45:00,191.92
2022-06-15 23:00:00,243.5
2022-06-15 23:15:00,206.17
2022-06-15 23:30:00,193.95
2022-06-15 23:45:00,170.9
2022-06-16 00:00:00,241.65
2022-06-16 00:15:00,204.94
2022-06-16 00:30:00,184.94
2022-06-16 00:45:00,164.91
2022-06-16 01:00:00,208.48
2022-06-16 01:15:00,189.98
2022-06-16 01:30:00,174.95
2022-06-16 01:45:00,164.92
2022-06-16 02:00:00,197.0
2022-06-16 02:15:00,190.71
2022-06-16 02:30:00,174.93
2022-06-16 02:45:00,159.93
2022-06-16 03:00:00,190.71
2022-06-16 03:15:00,179.97
2022-06-16 03:30:00,174.9
2022-06-16 03:45:00,165.71
2022-06-16 04:00:00,179.92
2022-06-16 04:15:00,174.91
2022-06-16 04:30:00,168.9
2022-06-16 04:45:00,165.71
2022-06-16 05:00:00,165.71
2022-06-16 05:15:00,165.91
2022-06-16 05:30:00,184.9
2022-06-16 05:45:00,189.91
2022-06-16 06:00:00,191.72
2022-06-16 06:15:00,191.72
2022-06-16 06:30:00,193.36
2022-06-16 06:45:00,191.72
2022-06-16 07:00:00,215.71
2022-06-16 07:15:00,213.06
2022-06-16 07:30:00,214.93
2022-06-16 07:45:00,190.71
2022-06-16 08:00:00,215.71
2022-06-16 08:15:00,215.0
2022-06-16 08:30:00,195.0
2022-06-16 08:45:00,189.92
2022-06-16 09:00:00,191.72
2022-06-16 09:15:00,191.72
2022-06-16 09:30:00,189.98
2022-06-16 09:45:00,157.43
2022-06-16 10:00:00,174.93
2022-06-16 10:15:00,164.96
2022-06-16 10:30:00,144.99
2022-06-16 10:45:00,138.63
2022-06-16 11:00:00,159.9
2022-06-16 11:15:00,162.39
2022-06-16 11:30:00,160.64
2022-06-16 11:45:00,129.34
2022-06-16 12:00:00,184.98
2022-06-16 12:15:00,165.71
2022-06-16 12:30:00,144.99
2022-06-16 12:45:00,129.93
2022-06-16 13:00:00,189.91
2022-06-16 13:15:00,168.18
2022-06-16 13:30:00,184.91
2022-06-16 13:45:00,165.71
2022-06-16 14:00:00,165.71
2022-06-16 14:15:00,184.76
2022-06-16 14:30:00,170.1
2022-06-16 14:45:00,191.72
2022-06-16 15:00:00,174.91
2022-06-16 15:15:00,186.37
2022-06-16 15:30:00,195.0
2022-06-16 15:45:00,191.72
2022-06-16 16:00:00,115.0
2022-06-16 16:15:00,159.98
2022-06-16 16:30:00,201.85
2022-06-16 16:45:00,220.0
2022-06-16 17:00:00,128.8
2022-06-16 17:15:00,169.36
2022-06-16 17:30:00,200.0
2022-06-16 17:45:00,238.17
2022-06-16 18:00:00,155.0
2022-06-16 18:15:00,190.0
2022-06-16 18:30:00,215.71
2022-06-16 18:45:00,234.28
2022-06-16 19:00:00,209.73
2022-06-16 19:15:00,215.71
2022-06-16 19:30:00,238.24
2022-06-16 19:45:00,260.0
2022-06-16 20:00:00,256.21
2022-06-16 20:15:00,248.7
2022-06-16 20:30:00,261.03
2022-06-16 20:45:00,250.44
2022-06-16 21:00:00,257.25
2022-06-16 21:15:00,241.68
2022-06-16 21:30:00,246.73
2022-06-16 21:45:00,245.82
2022-06-16 22:00:00,260.0
2022-06-16 22:15:00,259.96
2022-06-16 22:30:00,239.18
2022-06-16 22:45:00,190.71
2022-06-16 23:00:00,260.0
2022-06-16 23:15:00,215.71
2022-06-16 23:30:00,194.95
2022-06-16 23:45:00,184.96
2022-06-17 00:00:00,263.49
2022-06-17 00:15:00,246.22
2022-06-17 00:30:00,229.9
2022-06-17 00:45:00,226.97
2022-06-17 01:00:00,254.83
2022-06-17 01:15:00,227.98
2022-06-17 01:30:00,227.98
2022-06-17 01:45:00,229.09
2022-06-17 02:00:00,227.98
2022-06-17 02:15:00,227.98
2022-06-17 02:30:00,221.66
2022-06-17 02:45:00,209.99
2022-06-17 03:00:00,227.98
2022-06-17 03:15:00,227.98
2022-06-17 03:30:00,219.96
2022-06-17 03:45:00,219.99
2022-06-17 04:00:00,219.94
2022-06-17 04:15:00,219.96
2022-06-17 04:30:00,227.98
2022-06-17 04:45:00,229.96
2022-06-17 05:00:00,209.98
2022-06-17 05:15:00,232.02
2022-06-17 05:30:00,249.92
2022-06-17 05:45:00,259.98
2022-06-17 06:00:00,238.78
2022-06-17 06:15:00,277.42
2022-06-17 06:30:00,281.19
2022-06-17 06:45:00,289.96
2022-06-17 07:00:00,309.93
2022-06-17 07:15:00,299.95
2022-06-17 07:30:00,289.99
2022-06-17 07:45:00,293.03
2022-06-17 08:00:00,289.97
2022-06-17 08:15:00,283.6
2022-06-17 08:30:00,280.76
2022-06-17 08:45:00,255.47
2022-06-17 09:00:00,259.92
2022-06-17 09:15:00,248.33
2022-06-17 09:30:00,229.92
2022-06-17 09:45:00,227.98
2022-06-17 10:00:00,227.98
2022-06-17 10:15:00,226.97
2022-06-17 10:30:00,226.97
2022-06-17 10:45:00,227.98
2022-06-17 11:00:00,227.98
2022-06-17 11:15:00,221.69
2022-06-17 11:30:00,227.98
2022-06-17 11:45:00,201.97
2022-06-17 12:00:00,227.98
2022-06-17 12:15:00,209.97
2022-06-17 12:30:00,202.8
2022-06-17 12:45:00,201.97
2022-06-17 13:00:00,199.98
2022-06-17 13:15:00,189.97
2022-06-17 13:30:00,189.93
2022-06-17 13:45:00,179.93
2022-06-17 14:00:00,184.45
2022-06-17 14:15:00,189.45
2022-06-17 14:30:00,180.95
2022-06-17 14:45:00,171.38
2022-06-17 15:00:00,189.9
2022-06-17 15:15:00,198.7
2022-06-17 15:30:00,201.7
2022-06-17 15:45:00,193.7
2022-06-17 16:00:00,216.06
2022-06-17 16:15:00,227.98
2022-06-17 16:30:00,227.98
2022-06-17 16:45:00,227.98
2022-06-17 17:00:00,225.89
2022-06-17 17:15:00,227.98
2022-06-17 17:30:00,235.0
2022-06-17 17:45:00,254.89
2022-06-17 18:00:00,242.2
2022-06-17 18:15:00,251.97
2022-06-17 18:30:00,279.9
2022-06-17 18:45:00,273.44
2022-06-17 19:00:00,295.11
2022-06-17 19:15:00,293.46
2022-06-17 19:30:00,289.98
2022-06-17 19:45:00,284.7
2022-06-17 20:00:00,304.76
2022-06-17 20:15:00,299.96
2022-06-17 20:30:00,306.68
2022-06-17 20:45:00,291.76
2022-06-17 21:00:00,290.31
2022-06-17 21:15:00,279.97
2022-06-17 21:30:00,279.93
2022-06-17 21:45:00,279.92
2022-06-17 22:00:00,268.18
2022-06-17 22:15:00,251.97
2022-06-17 22:30:00,240.57
2022-06-17 22:45:00,227.98
2022-06-17 23:00:00,250.0
2022-06-17 23:15:00,230.0
2022-06-17 23:30:00,226.97
2022-06-17 23:45:00,226.97
2022-06-18 00:00:00,269.9
2022-06-18 00:15:00,224.98
2022-06-18 00:30:00,204.96
2022-06-18 00:45:00,194.55
2022-06-18 01:00:00,235.42
2022-06-18 01:15:00,200.0
2022-06-18 01:30:00,190.0
2022-06-18 01:45:00,175.0
2022-06-18 02:00:00,200.0
2022-06-18 02:15:00,194.55
2022-06-18 02:30:00,180.0
2022-06-18 02:45:00,170.0
2022-06-18 03:00:00,190.0
2022-06-18 03:15:00,180.0
2022-06-18 03:30:00,175.0
2022-06-18 03:45:00,175.0
2022-06-18 04:00:00,154.99
2022-06-18 04:15:00,157.5
2022-06-18 04:30:00,195.56
2022-06-18 04:45:00,195.56
2022-06-18 05:00:00,165.0
2022-06-18 05:15:00,170.0
2022-06-18 05:30:00,195.56
2022-06-18 05:45:00,209.9
2022-06-18 06:00:00,164.98
2022-06-18 06:15:00,175.0
2022-06-18 06:30:00,195.56
2022-06-18 06:45:00,195.56
2022-06-18 07:00:00,176.34
2022-06-18 07:15:00,195.56
2022-06-18 07:30:00,195.56
2022-06-18 07:45:00,209.94
2022-06-18 08:00:00,195.56
2022-06-18 08:15:00,195.56
2022-06-18 08:30:00,194.97
2022-06-18 08:45:00,194.55
2022-06-18 09:00:00,197.77
2022-06-18 09:15:00,194.96
2022-06-18 09:30:00,174.99
2022-06-18 09:45:00,155.66
2022-06-18 10:00:00,195.56
2022-06-18 10:15:00,184.95
2022-06-18 10:30:00,165.0
2022-06-18 10:45:00,154.85
2022-06-18 11:00:00,180.0
2022-06-18 11:15:00,169.99
2022-06-18 11:30:00,157.22
2022-06-18 11:45:00,134.99
2022-06-18 12:00:00,201.16
2022-06-18 12:15:00,169.55
2022-06-18 12:30:00,169.55
2022-06-18 12:45:00,110.0
2022-06-18 13:00:00,195.56
2022-06-18 13:15:00,175.13
2022-06-18 13:30:00,150.55
2022-06-18 13:45:00,109.96
2022-06-18 14:00:00,179.93
2022-06-18 14:15:00,169.55
2022-06-18 14:30:00,152.19
2022-06-18 14:45:00,134.96
2022-06-18 15:00:00,159.95
2022-06-18 15:15:00,169.55
2022-06-18 15:30:00,149.98
2022-06-18 15:45:00,168.22
2022-06-18 16:00:00,117.34
2022-06-18 16:15:00,169.9
2022-06-18 16:30:00,181.12
2022-06-18 16:45:00,202.28
2022-06-18 17:00:00,140.06
2022-06-18 17:15:00,180.75
2022-06-18 17:30:00,214.97
2022-06-18 17:45:00,234.95
2022-06-18 18:00:00,204.96
2022-06-18 18:15:00,229.94
2022-06-18 18:30:00,259.92
2022-06-18 18:45:00,264.87
2022-06-18 19:00:00,259.96
2022-06-18 19:15:00,264.97
2022-06-18 19:30:00,274.97
2022-06-18 19:45:00,284.95
2022-06-18 20:00:00,309.92
2022-06-18 20:15:00,288.68
2022-06-18 20:30:00,284.33
2022-06-18 20:45:00,281.0
2022-06-18 21:00:00,299.94
2022-06-18 21:15:00,289.9
2022-06-18 21:30:00,279.95
2022-06-18 21:45:00,253.62
2022-06-18 22:00:00,280.93
2022-06-18 22:15:00,281.77
2022-06-18 22:30:00,248.33
2022-06-18 22:45:00,230.0
2022-06-18 23:00:00,274.97
2022-06-18 23:15:00,249.38
2022-06-18 23:30:00,220.0
2022-06-18 23:45:00,195.56
2022-06-19 00:00:00,221.32
2022-06-19 00:15:00,190.0
2022-06-19 00:30:00,183.49
2022-06-19 00:45:00,175.0
2022-06-19 01:00:00,184.5
2022-06-19 01:15:00,183.49
2022-06-19 01:30:00,176.83
2022-06-19 01:45:00,152.17
2022-06-19 02:00:00,184.5
2022-06-19 02:15:00,169.4
2022-06-19 02:30:00,158.3
2022-06-19 02:45:00,145.0
2022-06-19 03:00:00,158.49
2022-06-19 03:15:00,158.49
2022-06-19 03:30:00,147.49
2022-06-19 03:45:00,127.71
2022-06-19 04:00:00,155.11
2022-06-19 04:15:00,140.61
2022-06-19 04:30:00,141.11
2022-06-19 04:45:00,147.11
2022-06-19 05:00:00,158.49
2022-06-19 05:15:00,158.49
2022-06-19 05:30:00,154.93
2022-06-19 05:45:00,129.96
2022-06-19 06:00:00,124.95
2022-06-19 06:15:00,129.95
2022-06-19 06:30:00,133.21
2022-06-19 06:45:00,129.92
2022-06-19 07:00:00,97.34
2022-06-19 07:15:00,119.97
2022-06-19 07:30:00,109.97
2022-06-19 07:45:00,139.5
2022-06-19 08:00:00,119.95
2022-06-19 08:15:00,129.9
2022-06-19 08:30:00,119.94
2022-06-19 08:45:00,89.93
2022-06-19 09:00:00,147.83
2022-06-19 09:15:00,129.99
2022-06-19 09:30:00,138.33
2022-06-19 09:45:00,76.09
2022-06-19 10:00:00,142.14
2022-06-19 10:15:00,59.92
2022-06-19 10:30:00,61.23
2022-06-19 10:45:00,60.72
2022-06-19 11:00:00,77.69
2022-06-19 11:15:00,135.41
2022-06-19 11:30:00,52.27
2022-06-19 11:45:00,49.65
2022-06-19 12:00:00,167.84
2022-06-19 12:15:00,37.79
2022-06-19 12:30:00,36.24
2022-06-19 12:45:00,34.29
2022-06-19 13:00:00,158.49
2022-06-19 13:15:00,59.32
2022-06-19 13:30:00,25.01
2022-06-19 13:45:00,23.21
2022-06-19 14:00:00,142.01
2022-06-19 14:15:00,27.2
2022-06-19 14:30:00,24.05
2022-06-19 14:45:00,43.37
2022-06-19 15:00:00,33.98
2022-06-19 15:15:00,33.69
2022-06-19 15:30:00,153.49
2022-06-19 15:45:00,158.49
2022-06-19 16:00:00,46.57
2022-06-19 16:15:00,51.19
2022-06-19 16:30:00,154.18
2022-06-19 16:45:00,184.5
2022-06-19 17:00:00,79.32
2022-06-19 17:15:00,135.0
2022-06-19 17:30:00,169.97
2022-06-19 17:45:00,184.5
2022-06-19 18:00:00,139.98
2022-06-19 18:15:00,184.5
2022-06-19 18:30:00,192.51
2022-06-19 18:45:00,229.69
2022-06-19 19:00:00,184.5
2022-06-19 19:15:00,190.0
2022-06-19 19:30:00,215.0
2022-06-19 19:45:00,230.0
2022-06-19 20:00:00,211.81
2022-06-19 20:15:00,225.0
2022-06-19 20:30:00,240.0
2022-06-19 20:45:00,245.0
2022-06-19 21:00:00,254.99
2022-06-19 21:15:00,225.0
2022-06-19 21:30:00,230.0
2022-06-19 21:45:00,230.0
2022-06-19 22:00:00,264.92
2022-06-19 22:15:00,264.95
2022-06-19 22:30:00,215.0
2022-06-19 22:45:00,210.0
2022-06-19 23:00:00,270.0
2022-06-19 23:15:00,229.99
2022-06-19 23:30:00,205.0
2022-06-19 23:45:00,195.0
2022-06-20 00:00:00,239.93
2022-06-20 00:15:00,233.58
2022-06-20 00:30:00,229.9
2022-06-20 00:45:00,207.57
2022-06-20 01:00:00,220.12
2022-06-20 01:15:00,204.96
2022-06-20 01:30:00,204.94
2022-06-20 01:45:00,191.07
2022-06-20 02:00:00,204.91
2022-06-20 02:15:00,189.52
2022-06-20 02:30:00,195.02
2022-06-20 02:45:00,199.92
2022-06-20 03:00:00,183.13
2022-06-20 03:15:00,192.63
2022-06-20 03:30:00,199.9
2022-06-20 03:45:00,199.93
2022-06-20 04:00:00,185.0
2022-06-20 04:15:00,190.0
2022-06-20 04:30:00,207.57
2022-06-20 04:45:00,233.58
2022-06-20 05:00:00,132.74
2022-06-20 05:15:00,207.57
2022-06-20 05:30:00,236.65
2022-06-20 05:45:00,269.96
2022-06-20 06:00:00,232.57
2022-06-20 06:15:00,279.91
2022-06-20 06:30:00,331.93
2022-06-20 06:45:00,357.37
2022-06-20 07:00:00,280.1
2022-06-20 07:15:00,369.79
2022-06-20 07:30:00,368.33
2022-06-20 07:45:00,382.32
2022-06-20 08:00:00,334.64
2022-06-20 08:15:00,282.88
2022-06-20 08:30:00,296.37
2022-06-20 08:45:00,282.88
2022-06-20 09:00:00,257.57
2022-06-20 09:15:00,257.57
2022-06-20 09:30:00,239.93
2022-06-20 09:45:00,229.18
2022-06-20 10:00:00,233.85
2022-06-20 10:15:00,233.58
2022-06-20 10:30:00,233.58
2022-06-20 10:45:00,233.58
2022-06-20 11:00:00,236.22
2022-06-20 11:15:00,240.06
2022-06-20 11:30:00,234.92
2022-06-20 11:45:00,225.81
2022-06-20 12:00:00,239.06
2022-06-20 12:15:00,233.58
2022-06-20 12:30:00,233.58
2022-06-20 12:45:00,233.58
2022-06-20 13:00:00,214.95
2022-06-20 13:15:00,233.58
2022-06-20 13:30:00,233.58
2022-06-20 13:45:00,229.1
2022-06-20 14:00:00,209.94
2022-06-20 14:15:00,233.58
2022-06-20 14:30:00,233.58
2022-06-20 14:45:00,233.58
2022-06-20 15:00:00,214.94
2022-06-20 15:15:00,233.58
2022-06-20 15:30:00,233.58
2022-06-20 15:45:00,244.3
2022-06-20 16:00:00,207.57
2022-06-20 16:15:00,233.58
2022-06-20 16:30:00,246.95
2022-06-20 16:45:00,247.91
2022-06-20 17:00:00,189.97
2022-06-20 17:15:00,233.58
2022-06-20 17:30:00,273.64
2022-06-20 17:45:00,252.09
2022-06-20 18:00:00,235.79
2022-06-20 18:15:00,269.99
2022-06-20 18:30:00,299.99
2022-06-20 18:45:00,329.97
2022-06-20 19:00:00,375.8
2022-06-20 19:15:00,364.68
2022-06-20 19:30:00,353.72
2022-06-20 19:45:00,261.0
2022-06-20 20:00:00,461.56
2022-06-20 20:15:00,385.17
2022-06-20 20:30:00,357.84
2022-06-20 20:45:00,335.44
2022-06-20 21:00:00,439.22
2022-06-20 21:15:00,369.39
2022-06-20 21:30:00,346.93
2022-06-20 21:45:00,242.23
2022-06-20 22:00:00,370.96
2022-06-20 22:15:00,334.69
2022-06-20 22:30:00,262.67
2022-06-20 22:45:00,233.58
2022-06-20 23:00:00,346.96
2022-06-20 23:15:00,291.9
2022-06-20 23:30:00,232.57
2022-06-20 23:45:00,232.57
2022-06-21 00:00:00,289.94
2022-06-21 00:15:00,269.95
2022-06-21 00:30:00,238.25
2022-06-21 00:45:00,209.98
2022-06-21 01:00:00,270.89
2022-06-21 01:15:00,259.43
2022-06-21 01:30:00,249.92
2022-06-21 01:45:00,199.94
2022-06-21 02:00:00,249.99
2022-06-21 02:15:00,239.94
2022-06-21 02:30:00,239.93
2022-06-21 02:45:00,215.11
2022-06-21 03:00:00,230.93
2022-06-21 03:15:00,200.0
2022-06-21 03:30:00,239.92
2022-06-21 03:45:00,249.97
2022-06-21 04:00:00,210.0
2022-06-21 04:15:00,249.34
2022-06-21 04:30:00,259.9
2022-06-21 04:45:00,269.97
2022-06-21 05:00:00,195.0
2022-06-21 05:15:00,239.96
2022-06-21 05:30:00,262.19
2022-06-21 05:45:00,300.0
2022-06-21 06:00:00,230.0
2022-06-21 06:15:00,284.43
2022-06-21 06:30:00,309.54
2022-06-21 06:45:00,360.11
2022-06-21 07:00:00,284.43
2022-06-21 07:15:00,309.43
2022-06-21 07:30:00,310.43
2022-06-21 07:45:00,354.43
2022-06-21 08:00:00,312.0
2022-06-21 08:15:00,314.0
2022-06-21 08:30:00,309.43
2022-06-21 08:45:00,309.5
2022-06-21 09:00:00,285.0
2022-06-21 09:15:00,274.85
2022-06-21 09:30:00,279.92
2022-06-21 09:45:00,269.91
2022-06-21 10:00:00,275.78
2022-06-21 10:15:00,274.28
2022-06-21 10:30:00,234.98
2022-06-21 10:45:00,229.97
2022-06-21 11:00:00,279.92
2022-06-21 11:15:00,242.93
2022-06-21 11:30:00,259.43
2022-06-21 11:45:00,215.47
2022-06-21 12:00:00,284.43
2022-06-21 12:15:00,249.38
2022-06-21 12:30:00,249.94
2022-06-21 12:45:00,215.0
2022-06-21 13:00:00,250.0
2022-06-21 13:15:00,259.91
2022-06-21 13:30:00,259.43
2022-06-21 13:45:00,233.58
2022-06-21 14:00:00,249.93
2022-06-21 14:15:00,259.43
2022-06-21 14:30:00,231.38
2022-06-21 14:45:00,259.43
2022-06-21 15:00:00,238.59
2022-06-21 15:15:00,259.43
2022-06-21 15:30:00,260.0
2022-06-21 15:45:00,277.51
2022-06-21 16:00:00,239.93
2022-06-21 16:15:00,259.43
2022-06-21 16:30:00,247.79
2022-06-21 16:45:00,284.43
2022-06-21 17:00:00,259.43
2022-06-21 17:15:00,263.71
2022-06-21 17:30:00,285.44
2022-06-21 17:45:00,299.9
2022-06-21 18:00:00,285.44
2022-06-21 18:15:00,309.43
2022-06-21 18:30:00,312.88
2022-06-21 18:45:00,326.88
2022-06-21 19:00:00,460.0
2022-06-21 19:15:00,460.0
2022-06-21 19:30:00,389.99
2022-06-21 19:45:00,309.43
2022-06-21 20:00:00,472.42
2022-06-21 20:15:00,460.0
2022-06-21 20:30:00,447.0
2022-06-21 20:45:00,309.43
2022-06-21 21:00:00,450.0
2022-06-21 21:15:00,347.16
2022-06-21 21:30:00,309.43
2022-06-21 21:45:00,284.43
2022-06-21 22:00:00,369.58
2022-06-21 22:15:00,309.43
2022-06-21 22:30:00,284.43
2022-06-21 22:45:00,284.43
2022-06-21 23:00:00,309.43
2022-06-21 23:15:00,300.23
2022-06-21 23:30:00,269.93
2022-06-21 23:45:00,260.0
2022-06-22 00:00:00,313.07
2022-06-22 00:15:00,309.91
2022-06-22 00:30:00,267.5
2022-06-22 00:45:00,255.0
2022-06-22 01:00:00,300.0
2022-06-22 01:15:00,286.53
2022-06-22 01:30:00,253.0
2022-06-22 01:45:00,238.73
2022-06-22 02:00:00,271.5
2022-06-22 02:15:00,262.0
2022-06-22 02:30:00,254.5
2022-06-22 02:45:00,248.0
2022-06-22 03:00:00,260.41
2022-06-22 03:15:00,263.5
2022-06-22 03:30:00,262.5
2022-06-22 03:45:00,263.5
2022-06-22 04:00:00,210.09
2022-06-22 04:15:00,255.0
2022-06-22 04:30:00,264.6
2022-06-22 04:45:00,304.73
2022-06-22 05:00:00,197.75
2022-06-22 05:15:00,271.0
2022-06-22 05:30:00,300.0
2022-06-22 05:45:00,313.07
2022-06-22 06:00:00,285.0
2022-06-22 06:15:00,313.07
2022-06-22 06:30:00,337.06
2022-06-22 06:45:00,360.51
2022-06-22 07:00:00,345.0
2022-06-22 07:15:00,360.56
2022-06-22 07:30:00,376.47
2022-06-22 07:45:00,407.04
2022-06-22 08:00:00,385.98
2022-06-22 08:15:00,401.95
2022-06-22 08:30:00,403.35
2022-06-22 08:45:00,413.16
2022-06-22 09:00:00,360.54
2022-06-22 09:15:00,360.58
2022-06-22 09:30:00,389.43
2022-06-22 09:45:00,327.06
2022-06-22 10:00:00,313.07
2022-06-22 10:15:00,313.07
2022-06-22 10:30:00,316.52
2022-06-22 10:45:00,315.08
2022-06-22 11:00:00,310.0
2022-06-22 11:15:00,310.0
2022-06-22 11:30:00,313.07
2022-06-22 11:45:00,301.88
2022-06-22 12:00:00,312.06
2022-06-22 12:15:00,312.06
2022-06-22 12:30:00,313.07
2022-06-22 12:45:00,307.96
2022-06-22 13:00:00,312.06
2022-06-22 13:15:00,312.06
2022-06-22 13:30:00,309.93
2022-06-22 13:45:00,288.39
2022-06-22 14:00:00,313.07
2022-06-22 14:15:00,310.0
2022-06-22 14:30:00,311.54
2022-06-22 14:45:00,313.07
2022-06-22 15:00:00,313.07
2022-06-22 15:15:00,313.07
2022-06-22 15:30:00,313.07
2022-06-22 15:45:00,313.07
2022-06-22 16:00:00,313.07
2022-06-22 16:15:00,313.07
2022-06-22 16:30:00,313.07
2022-06-22 16:45:00,313.07
2022-06-22 17:00:00,313.07
2022-06-22 17:15:00,359.09
2022-06-22 17:30:00,342.08
2022-06-22 17:45:00,337.06
2022-06-22 18:00:00,382.16
2022-06-22 18:15:00,386.74
2022-06-22 18:30:00,380.87
2022-06-22 18:45:00,374.09
2022-06-22 19:00:00,487.4
2022-06-22 19:15:00,478.46
2022-06-22 19:30:00,447.7
2022-06-22 19:45:00,383.58
2022-06-22 20:00:00,490.0
2022-06-22 20:15:00,463.46
2022-06-22 20:30:00,438.68
2022-06-22 20:45:00,386.55
2022-06-22 21:00:00,440.83
2022-06-22 21:15:00,421.1
2022-06-22 21:30:00,360.59
2022-06-22 21:45:00,344.53
2022-06-22 22:00:00,393.83
2022-06-22 22:15:00,356.31
2022-06-22 22:30:00,338.06
2022-06-22 22:45:00,320.51
2022-06-22 23:00:00,337.06
2022-06-22 23:15:00,318.95
2022-06-22 23:30:00,312.06
2022-06-22 23:45:00,279.59
2022-06-23 00:00:00,330.76
2022-06-23 00:15:00,304.75
2022-06-23 00:30:00,293.75
2022-06-23 00:45:00,223.77
2022-06-23 01:00:00,310.0
2022-06-23 01:15:00,270.06
2022-06-23 01:30:00,266.61
2022-06-23 01:45:00,250.03
2022-06-23 02:00:00,300.0
2022-06-23 02:15:00,292.0
2022-06-23 02:30:00,263.91
2022-06-23 02:45:00,240.09
2022-06-23 03:00:00,270.07
2022-06-23 03:15:00,270.1
2022-06-23 03:30:00,267.77
2022-06-23 03:45:00,270.09
2022-06-23 04:00:00,250.02
2022-06-23 04:15:00,260.07
2022-06-23 04:30:00,270.77
2022-06-23 04:45:00,310.0
2022-06-23 05:00:00,199.32
2022-06-23 05:15:00,287.0
2022-06-23 05:30:00,318.0
2022-06-23 05:45:00,350.0
2022-06-23 06:00:00,319.22
2022-06-23 06:15:00,330.76
2022-06-23 06:30:00,360.06
2022-06-23 06:45:00,382.21
2022-06-23 07:00:00,397.0
2022-06-23 07:15:00,410.0
2022-06-23 07:30:00,402.1
2022-06-23 07:45:00,414.9
2022-06-23 08:00:00,388.66
2022-06-23 08:15:00,388.02
2022-06-23 08:30:00,364.06
2022-06-23 08:45:00,345.84
2022-06-23 09:00:00,365.77
2022-06-23 09:15:00,354.75
2022-06-23 09:30:00,341.04
2022-06-23 09:45:00,329.75
2022-06-23 10:00:00,329.75
2022-06-23 10:15:00,329.75
2022-06-23 10:30:00,319.53
2022-06-23 10:45:00,324.0
2022-06-23 11:00:00,320.09
2022-06-23 11:15:00,304.75
2022-06-23 11:30:00,304.75
2022-06-23 11:45:00,289.0
2022-06-23 12:00:00,310.0
2022-06-23 12:15:00,285.93
2022-06-23 12:30:00,283.0
2022-06-23 12:45:00,275.0
2022-06-23 13:00:00,308.1
2022-06-23 13:15:00,302.0
2022-06-23 13:30:00,302.0
2022-06-23 13:45:00,283.01
2022-06-23 14:00:00,303.14
2022-06-23 14:15:00,283.64
2022-06-23 14:30:00,292.64
2022-06-23 14:45:00,271.95
2022-06-23 15:00:00,258.98
2022-06-23 15:15:00,281.4
2022-06-23 15:30:00,281.98
2022-06-23 15:45:00,298.9
2022-06-23 16:00:00,289.66
2022-06-23 16:15:00,284.16
2022-06-23 16:30:00,287.0
2022-06-23 16:45:00,329.75
2022-06-23 17:00:00,323.01
2022-06-23 17:15:00,329.75
2022-06-23 17:30:00,350.02
2022-06-23 17:45:00,354.75
2022-06-23 18:00:00,354.75
2022-06-23 18:15:00,354.75
2022-06-23 18:30:00,354.75
2022-06-23 18:45:00,355.0
2022-06-23 19:00:00,426.79
2022-06-23 19:15:00,431.87
2022-06-23 19:30:00,428.24
2022-06-23 19:45:00,378.72
2022-06-23 20:00:00,430.4
2022-06-23 20:15:00,400.07
2022-06-23 20:30:00,400.05
2022-06-23 20:45:00,377.59
2022-06-23 21:00:00,381.64
2022-06-23 21:15:00,380.07
2022-06-23 21:30:00,353.29
2022-06-23 21:45:00,330.76
2022-06-23 22:00:00,353.58
2022-06-23 22:15:00,330.76
2022-06-23 22:30:00,330.76
2022-06-23 22:45:00,304.75
2022-06-23 23:00:00,329.75
2022-06-23 23:15:00,300.0
2022-06-23 23:30:00,262.0
2022-06-23 23:45:00,237.88
2022-06-24 00:00:00,284.32
2022-06-24 00:15:00,280.0
2022-06-24 00:30:00,246.07
2022-06-24 00:45:00,214.1
2022-06-24 01:00:00,268.59
2022-06-24 01:15:00,256.93
2022-06-24 01:30:00,228.29
2022-06-24 01:45:00,210.06
2022-06-24 02:00:00,258.4
2022-06-24 02:15:00,245.4
2022-06-24 02:30:00,221.41
2022-06-24 02:45:00,223.91
2022-06-24 03:00:00,230.08
2022-06-24 03:15:00,240.16
2022-06-24 03:30:00,230.09
2022-06-24 03:45:00,240.05
2022-06-24 04:00:00,210.06
2022-06-24 04:15:00,220.07
2022-06-24 04:30:00,241.03
2022-06-24 04:45:00,284.32
2022-06-24 05:00:00,188.36
2022-06-24 05:15:00,251.59
2022-06-24 05:30:00,284.32
2022-06-24 05:45:00,322.89
2022-06-24 06:00:00,234.0
2022-06-24 06:15:00,307.31
2022-06-24 06:30:00,348.3
2022-06-24 06:45:00,350.0
2022-06-24 07:00:00,285.27
2022-06-24 07:15:00,349.0
2022-06-24 07:30:00,366.0
2022-06-24 07:45:00,378.0
2022-06-24 08:00:00,308.72
2022-06-24 08:15:00,330.72
2022-06-24 08:30:00,349.0
2022-06-24 08:45:00,358.01
2022-06-24 09:00:00,350.0
2022-06-24 09:15:00,340.04
2022-06-24 09:30:00,329.99
2022-06-24 09:45:00,311.39
2022-06-24 10:00:00,310.18
2022-06-24 10:15:00,295.71
2022-06-24 10:30:00,300.37
2022-06-24 10:45:00,293.74
2022-06-24 11:00:00,292.84
2022-06-24 11:15:00,284.32
2022-06-24 11:30:00,284.32
2022-06-24 11:45:00,271.53
2022-06-24 12:00:00,284.67
2022-06-24 12:15:00,276.0
2022-06-24 12:30:00,268.0
2022-06-24 12:45:00,272.55
2022-06-24 13:00:00,284.32
2022-06-24 13:15:00,276.1
2022-06-24 13:30:00,270.0
2022-06-24 13:45:00,253.25
2022-06-24 14:00:00,284.32
2022-06-24 14:15:00,275.53
2022-06-24 14:30:00,258.31
2022-06-24 14:45:00,253.42
2022-06-24 15:00:00,280.57
2022-06-24 15:15:00,279.53
2022-06-24 15:30:00,267.87
2022-06-24 15:45:00,279.02
2022-06-24 16:00:00,284.32
2022-06-24 16:15:00,267.27
2022-06-24 16:30:00,284.32
2022-06-24 16:45:00,284.32
2022-06-24 17:00:00,284.32
2022-06-24 17:15:00,308.31
2022-06-24 17:30:00,310.0
2022-06-24 17:45:00,315.01
2022-06-24 18:00:00,308.31
2022-06-24 18:15:00,324.01
2022-06-24 18:30:00,337.62
2022-06-24 18:45:00,350.0
2022-06-24 19:00:00,390.05
2022-06-24 19:15:00,380.05
2022-06-24 19:30:00,361.06
2022-06-24 19:45:00,315.13
2022-06-24 20:00:00,431.05
2022-06-24 20:15:00,366.06
2022-06-24 20:30:00,334.04
2022-06-24 20:45:00,344.35
2022-06-24 21:00:00,407.11
2022-06-24 21:15:00,350.05
2022-06-24 21:30:00,335.54
2022-06-24 21:45:00,283.31
2022-06-24 22:00:00,373.41
2022-06-24 22:15:00,354.01
2022-06-24 22:30:00,325.06
2022-06-24 22:45:00,284.32
2022-06-24 23:00:00,308.19
2022-06-24 23:15:00,293.72
2022-06-24 23:30:00,283.0
2022-06-24 23:45:00,270.09
2022-06-25 00:00:00,290.0
2022-06-25 00:15:00,248.03
2022-06-25 00:30:00,241.84
2022-06-25 00:45:00,240.83
2022-06-25 01:00:00,275.0
2022-06-25 01:15:00,241.84
2022-06-25 01:30:00,241.84
2022-06-25 01:45:00,212.59
2022-06-25 02:00:00,241.84
2022-06-25 02:15:00,241.84
2022-06-25 02:30:00,236.49
2022-06-25 02:45:00,215.83
2022-06-25 03:00:00,247.12
2022-06-25 03:15:00,227.71
2022-06-25 03:30:00,221.18
2022-06-25 03:45:00,219.99
2022-06-25 04:00:00,215.83
2022-06-25 04:15:00,215.83
2022-06-25 04:30:00,228.3
2022-06-25 04:45:00,241.84
2022-06-25 05:00:00,201.23
2022-06-25 05:15:00,220.0
2022-06-25 05:30:00,240.0
2022-06-25 05:45:00,264.17
2022-06-25 06:00:00,215.83
2022-06-25 06:15:00,238.94
2022-06-25 06:30:00,241.84
2022-06-25 06:45:00,241.84
2022-06-25 07:00:00,241.84
2022-06-25 07:15:00,241.84
2022-06-25 07:30:00,254.03
2022-06-25 07:45:00,250.0
2022-06-25 08:00:00,263.93
2022-06-25 08:15:00,258.89
2022-06-25 08:30:00,245.0
2022-06-25 08:45:00,241.84
2022-06-25 09:00:00,255.03
2022-06-25 09:15:00,263.19
2022-06-25 09:30:00,241.84
2022-06-25 09:45:00,215.83
2022-06-25 10:00:00,260.04
2022-06-25 10:15:00,241.84
2022-06-25 10:30:00,220.1
2022-06-25 10:45:00,225.03
2022-06-25 11:00:00,277.83
2022-06-25 11:15:00,250.06
2022-06-25 11:30:00,241.84
2022-06-25 11:45:00,241.84
2022-06-25 12:00:00,280.89
2022-06-25 12:15:00,241.84
2022-06-25 12:30:00,229.95
2022-06-25 12:45:00,224.92
2022-06-25 13:00:00,240.83
2022-06-25 13:15:00,235.0
2022-06-25 13:30:00,222.91
2022-06-25 13:45:00,180.06
2022-06-25 14:00:00,240.0
2022-06-25 14:15:00,235.0
2022-06-25 14:30:00,225.45
2022-06-25 14:45:00,210.04
2022-06-25 15:00:00,220.0
2022-06-25 15:15:00,240.0
2022-06-25 15:30:00,223.32
2022-06-25 15:45:00,236.82
2022-06-25 16:00:00,199.73
2022-06-25 16:15:00,222.28
2022-06-25 16:30:00,240.83
2022-06-25 16:45:00,270.73
2022-06-25 17:00:00,210.09
2022-06-25 17:15:00,240.83
2022-06-25 17:30:00,268.47
2022-06-25 17:45:00,350.0
2022-06-25 18:00:00,240.83
2022-06-25 18:15:00,286.64
2022-06-25 18:30:00,269.14
2022-06-25 18:45:00,350.0
2022-06-25 19:00:00,265.83
2022-06-25 19:15:00,301.01
2022-06-25 19:30:00,350.0
2022-06-25 19:45:00,350.0
2022-06-25 20:00:00,300.09
2022-06-25 20:15:00,310.08
2022-06-25 20:30:00,330.08
2022-06-25 20:45:00,320.07
2022-06-25 21:00:00,349.61
2022-06-25 21:15:00,310.07
2022-06-25 21:30:00,300.08
2022-06-25 21:45:00,265.83
2022-06-25 22:00:00,350.0
2022-06-25 22:15:00,350.0
2022-06-25 22:30:00,279.07
2022-06-25 22:45:00,241.84
2022-06-25 23:00:00,330.05
2022-06-25 23:15:00,310.03
2022-06-25 23:30:00,250.03
2022-06-25 23:45:00,238.1
2022-06-26 00:00:00,299.87
2022-06-26 00:15:00,274.94
2022-06-26 00:30:00,244.16
2022-06-26 00:45:00,219.16
2022-06-26 01:00:00,289.95
2022-06-26 01:15:00,244.16
2022-06-26 01:30:00,225.0
2022-06-26 01:45:00,219.16
2022-06-26 02:00:00,262.87
2022-06-26 02:15:00,219.16
2022-06-26 02:30:00,219.16
2022-06-26 02:45:00,219.16
2022-06-26 03:00:00,220.17
2022-06-26 03:15:00,194.16
2022-06-26 03:30:00,195.19
2022-06-26 03:45:00,194.16
2022-06-26 04:00:00,220.0
2022-06-26 04:15:00,194.16
2022-06-26 04:30:00,194.16
2022-06-26 04:45:00,194.16
2022-06-26 05:00:00,220.17
2022-06-26 05:15:00,200.09
2022-06-26 05:30:00,208.2
2022-06-26 05:45:00,190.0
2022-06-26 06:00:00,194.16
2022-06-26 06:15:00,190.09
2022-06-26 06:30:00,194.16
2022-06-26 06:45:00,170.0
2022-06-26 07:00:00,194.16
2022-06-26 07:15:00,215.0
2022-06-26 07:30:00,185.0
2022-06-26 07:45:00,162.31
2022-06-26 08:00:00,221.37
2022-06-26 08:15:00,220.17
2022-06-26 08:30:00,202.49
2022-06-26 08:45:00,179.97
2022-06-26 09:00:00,248.49
2022-06-26 09:15:00,238.57
2022-06-26 09:30:00,229.93
2022-06-26 09:45:00,219.95
2022-06-26 10:00:00,220.17
2022-06-26 10:15:00,200.1
2022-06-26 10:30:00,201.57
2022-06-26 10:45:00,194.16
2022-06-26 11:00:00,220.17
2022-06-26 11:15:00,220.17
2022-06-26 11:30:00,220.17
2022-06-26 11:45:00,214.91
2022-06-26 12:00:00,221.24
2022-06-26 12:15:00,219.92
2022-06-26 12:30:00,209.91
2022-06-26 12:45:00,194.16
2022-06-26 13:00:00,219.16
2022-06-26 13:15:00,194.16
2022-06-26 13:30:00,194.16
2022-06-26 13:45:00,190.1
2022-06-26 14:00:00,189.63
2022-06-26 14:15:00,184.13
2022-06-26 14:30:00,185.1
2022-06-26 14:45:00,200.0
2022-06-26 15:00:00,184.9
2022-06-26 15:15:00,194.16
2022-06-26 15:30:00,194.16
2022-06-26 15:45:00,220.17
2022-06-26 16:00:00,169.95
2022-06-26 16:15:00,214.93
2022-06-26 16:30:00,220.17
2022-06-26 16:45:00,255.1
2022-06-26 17:00:00,194.9
2022-06-26 17:15:00,219.16
2022-06-26 17:30:00,270.0
2022-06-26 17:45:00,320.0
2022-06-26 18:00:00,211.51
2022-06-26 18:15:00,255.0
2022-06-26 18:30:00,300.0
2022-06-26 18:45:00,365.0
2022-06-26 19:00:00,250.0
2022-06-26 19:15:00,310.0
2022-06-26 19:30:00,365.05
2022-06-26 19:45:00,424.16
2022-06-26 20:00:00,310.03
2022-06-26 20:15:00,320.12
2022-06-26 20:30:00,350.09
2022-06-26 20:45:00,393.27
2022-06-26 21:00:00,319.43
2022-06-26 21:15:00,350.01
2022-06-26 21:30:00,320.1
2022-06-26 21:45:00,330.07
2022-06-26 22:00:00,365.05
2022-06-26 22:15:00,360.04
2022-06-26 22:30:00,330.05
2022-06-26 22:45:00,241.68
2022-06-26 23:00:00,329.77
2022-06-26 23:15:00,295.0
2022-06-26 23:30:00,285.0
2022-06-26 23:45:00,250.06
2022-06-27 00:00:00,300.0
2022-06-27 00:15:00,298.12
2022-06-27 00:30:00,263.89
2022-06-27 00:45:00,230.0
2022-06-27 01:00:00,298.12
2022-06-27 01:15:00,272.11
2022-06-27 01:30:00,243.93
2022-06-27 01:45:00,230.0
2022-06-27 02:00:00,285.0
2022-06-27 02:15:00,265.1
2022-06-27 02:30:00,240.09
2022-06-27 02:45:00,249.1
2022-06-27 03:00:00,250.64
2022-06-27 03:15:00,265.0
2022-06-27 03:30:00,240.09
2022-06-27 03:45:00,249.14
2022-06-27 04:00:00,220.09
2022-06-27 04:15:00,221.42
2022-06-27 04:30:00,265.0
2022-06-27 04:45:00,294.56
2022-06-27 05:00:00,210.09
2022-06-27 05:15:00,265.0
2022-06-27 05:30:00,298.12
2022-06-27 05:45:00,342.89
2022-06-27 06:00:00,270.09
2022-06-27 06:15:00,306.21
2022-06-27 06:30:00,342.48
2022-06-27 06:45:00,432.39
2022-06-27 07:00:00,339.61
2022-06-27 07:15:00,400.0
2022-06-27 07:30:00,355.0
2022-06-27 07:45:00,356.31
2022-06-27 08:00:00,420.89
2022-06-27 08:15:00,389.98
2022-06-27 08:30:00,340.02
2022-06-27 08:45:00,297.11
2022-06-27 09:00:00,410.0
2022-06-27 09:15:00,370.88
2022-06-27 09:30:00,330.02
2022-06-27 09:45:00,297.11
2022-06-27 10:00:00,345.0
2022-06-27 10:15:00,325.0
2022-06-27 10:30:00,322.11
2022-06-27 10:45:00,305.71
2022-06-27 11:00:00,340.04
2022-06-27 11:15:00,330.02
2022-06-27 11:30:00,305.45
2022-06-27 11:45:00,297.11
2022-06-27 12:00:00,303.73
2022-06-27 12:15:00,298.12
2022-06-27 12:30:00,300.03
2022-06-27 12:45:00,298.12
2022-06-27 13:00:00,300.0
2022-06-27 13:15:00,301.85
2022-06-27 13:30:00,298.12
2022-06-27 13:45:00,300.04
2022-06-27 14:00:00,293.66
2022-06-27 14:15:00,298.12
2022-06-27 14:30:00,298.12
2022-06-27 14:45:00,310.09
2022-06-27 15:00:00,260.1
2022-06-27 15:15:00,275.35
2022-06-27 15:30:00,300.01
2022-06-27 15:45:00,315.63
2022-06-27 16:00:00,254.66
2022-06-27 16:15:00,298.12
2022-06-27 16:30:00,330.01
2022-06-27 16:45:00,370.0
2022-06-27 17:00:00,298.12
2022-06-27 17:15:00,322.76
2022-06-27 17:30:00,388.44
2022-06-27 17:45:00,346.26
2022-06-27 18:00:00,298.12
2022-06-27 18:15:00,363.0
2022-06-27 18:30:00,416.33
2022-06-27 18:45:00,416.9
2022-06-27 19:00:00,390.07
2022-06-27 19:15:00,448.73
2022-06-27 19:30:00,457.35
2022-06-27 19:45:00,410.0
2022-06-27 20:00:00,428.35
2022-06-27 20:15:00,435.04
2022-06-27 20:30:00,440.1
2022-06-27 20:45:00,387.79
2022-06-27 21:00:00,418.4
2022-06-27 21:15:00,415.06
2022-06-27 21:30:00,415.04
2022-06-27 21:45:00,305.38
2022-06-27 22:00:00,405.09
2022-06-27 22:15:00,390.03
2022-06-27 22:30:00,315.63
2022-06-27 22:45:00,305.32
2022-06-27 23:00:00,380.0
2022-06-27 23:15:00,341.37
2022-06-27 23:30:00,298.12
2022-06-27 23:45:00,289.49
2022-06-28 00:00:00,350.0
2022-06-28 00:15:00,348.19
2022-06-28 00:30:00,298.82
2022-06-28 00:45:00,248.0
2022-06-28 01:00:00,322.18
2022-06-28 01:15:00,304.92
2022-06-28 01:30:00,258.0
2022-06-28 01:45:00,251.13
2022-06-28 02:00:00,323.94
2022-06-28 02:15:00,287.96
2022-06-28 02:30:00,256.0
2022-06-28 02:45:00,252.0
2022-06-28 03:00:00,291.9
2022-06-28 03:15:00,255.52
2022-06-28 03:30:00,254.1
2022-06-28 03:45:00,281.63
2022-06-28 04:00:00,242.0
2022-06-28 04:15:00,249.0
2022-06-28 04:30:00,291.95
2022-06-28 04:45:00,317.28
2022-06-28 05:00:00,220.6
2022-06-28 05:15:00,255.0
2022-06-28 05:30:00,348.19
2022-06-28 05:45:00,350.0
2022-06-28 06:00:00,257.0
2022-06-28 06:15:00,350.0
2022-06-28 06:30:00,383.99
2022-06-28 06:45:00,415.39
2022-06-28 07:00:00,347.18
2022-06-28 07:15:00,372.18
2022-06-28 07:30:00,390.18
2022-06-28 07:45:00,439.82
2022-06-28 08:00:00,400.28
2022-06-28 08:15:00,393.68
2022-06-28 08:30:00,376.18
2022-06-28 08:45:00,372.18
2022-06-28 09:00:00,393.21
2022-06-28 09:15:00,372.18
2022-06-28 09:30:00,347.18
2022-06-28 09:45:00,347.18
2022-06-28 10:00:00,350.09
2022-06-28 10:15:00,350.0
2022-06-28 10:30:00,344.14
2022-06-28 10:45:00,322.18
2022-06-28 11:00:00,348.19
2022-06-28 11:15:00,339.41
2022-06-28 11:30:00,348.19
2022-06-28 11:45:00,322.18
2022-06-28 12:00:00,350.0
2022-06-28 12:15:00,331.83
2022-06-28 12:30:00,322.18
2022-06-28 12:45:00,344.0
2022-06-28 13:00:00,348.19
2022-06-28 13:15:00,348.19
2022-06-28 13:30:00,329.84
2022-06-28 13:45:00,322.18
2022-06-28 14:00:00,322.18
2022-06-28 14:15:00,322.18
2022-06-28 14:30:00,328.06
2022-06-28 14:45:00,348.19
2022-06-28 15:00:00,319.0
2022-06-28 15:15:00,348.19
2022-06-28 15:30:00,350.0
2022-06-28 15:45:00,357.66
2022-06-28 16:00:00,322.18
2022-06-28 16:15:00,347.18
2022-06-28 16:30:00,363.69
2022-06-28 16:45:00,370.17
2022-06-28 17:00:00,348.19
2022-06-28 17:15:00,350.0
2022-06-28 17:30:00,370.06
2022-06-28 17:45:00,410.02
2022-06-28 18:00:00,347.18
2022-06-28 18:15:00,372.18
2022-06-28 18:30:00,431.53
2022-06-28 18:45:00,449.28
2022-06-28 19:00:00,490.0
2022-06-28 19:15:00,432.11
2022-06-28 19:30:00,442.72
2022-06-28 19:45:00,441.04
2022-06-28 20:00:00,490.0
2022-06-28 20:15:00,458.6
2022-06-28 20:30:00,385.09
2022-06-28 20:45:00,394.06
2022-06-28 21:00:00,468.22
2022-06-28 21:15:00,452.03
2022-06-28 21:30:00,386.19
2022-06-28 21:45:00,347.18
2022-06-28 22:00:00,421.67
2022-06-28 22:15:00,375.09
2022-06-28 22:30:00,350.0
2022-06-28 22:45:00,347.18
2022-06-28 23:00:00,372.18
2022-06-28 23:15:00,350.0
2022-06-28 23:30:00,347.18
2022-06-28 23:45:00,290.6
2022-06-29 00:00:00,341.53
2022-06-29 00:15:00,315.34
2022-06-29 00:30:00,276.5
2022-06-29 00:45:00,252.9
2022-06-29 01:00:00,315.52
2022-06-29 01:15:00,303.02
2022-06-29 01:30:00,275.0
2022-06-29 01:45:00,255.42
2022-06-29 02:00:00,307.4
2022-06-29 02:15:00,268.5
2022-06-29 02:30:00,259.0
2022-06-29 02:45:00,251.0
2022-06-29 03:00:00,293.05
2022-06-29 03:15:00,260.0
2022-06-29 03:30:00,259.6
2022-06-29 03:45:00,268.18
2022-06-29 04:00:00,245.0
2022-06-29 04:15:00,259.5
2022-06-29 04:30:00,273.0
2022-06-29 04:45:00,315.52
2022-06-29 05:00:00,190.06
2022-06-29 05:15:00,253.5
2022-06-29 05:30:00,329.36
2022-06-29 05:45:00,375.03
2022-06-29 06:00:00,253.79
2022-06-29 06:15:00,341.53
2022-06-29 06:30:00,376.43
2022-06-29 06:45:00,400.0
2022-06-29 07:00:00,340.52
2022-06-29 07:15:00,370.5
2022-06-29 07:30:00,400.0
2022-06-29 07:45:00,400.0
2022-06-29 08:00:00,403.08
2022-06-29 08:15:00,390.24
2022-06-29 08:30:00,389.24
2022-06-29 08:45:00,365.52
2022-06-29 09:00:00,417.0
2022-06-29 09:15:00,396.74
2022-06-29 09:30:00,365.52
2022-06-29 09:45:00,340.52
2022-06-29 10:00:00,400.0
2022-06-29 10:15:00,371.01
2022-06-29 10:30:00,347.05
2022-06-29 10:45:00,332.61
2022-06-29 11:00:00,365.52
2022-06-29 11:15:00,364.5
2022-06-29 11:30:00,361.41
2022-06-29 11:45:00,340.52
2022-06-29 12:00:00,349.75
2022-06-29 12:15:00,320.5
2022-06-29 12:30:00,306.15
2022-06-29 12:45:00,320.05
2022-06-29 13:00:00,357.44
2022-06-29 13:15:00,341.53
2022-06-29 13:30:00,331.0
2022-06-29 13:45:00,341.53
2022-06-29 14:00:00,341.53
2022-06-29 14:15:00,341.53
2022-06-29 14:30:00,341.53
2022-06-29 14:45:00,367.0
2022-06-29 15:00:00,341.53
2022-06-29 15:15:00,341.53
2022-06-29 15:30:00,340.52
2022-06-29 15:45:00,356.43
2022-06-29 16:00:00,341.53
2022-06-29 16:15:00,333.06
2022-06-29 16:30:00,344.04
2022-06-29 16:45:00,385.52
2022-06-29 17:00:00,341.53
2022-06-29 17:15:00,363.06
2022-06-29 17:30:00,396.96
2022-06-29 17:45:00,410.07
2022-06-29 18:00:00,372.51
2022-06-29 18:15:00,386.0
2022-06-29 18:30:00,424.51
2022-06-29 18:45:00,443.37
2022-06-29 19:00:00,415.93
2022-06-29 19:15:00,405.93
2022-06-29 19:30:00,409.59
2022-06-29 19:45:00,426.54
2022-06-29 20:00:00,456.78
2022-06-29 20:15:00,433.3
2022-06-29 20:30:00,369.1
2022-06-29 20:45:00,364.1
2022-06-29 21:00:00,449.82
2022-06-29 21:15:00,441.07
2022-06-29 21:30:00,400.0
2022-06-29 21:45:00,340.52
2022-06-29 22:00:00,400.81
2022-06-29 22:15:00,400.0
2022-06-29 22:30:00,340.52
2022-06-29 22:45:00,338.27
2022-06-29 23:00:00,371.51
2022-06-29 23:15:00,340.52
2022-06-29 23:30:00,297.55
2022-06-29 23:45:00,250.02
2022-06-30 00:00:00,330.67
2022-06-30 00:15:00,302.17
2022-06-30 00:30:00,283.5
2022-06-30 00:45:00,263.1
2022-06-30 01:00:00,304.68
2022-06-30 01:15:00,302.17
2022-06-30 01:30:00,276.16
2022-06-30 01:45:00,258.7
2022-06-30 02:00:00,300.0
2022-06-30 02:15:00,288.0
2022-06-30 02:30:00,275.4
2022-06-30 02:45:00,263.8
2022-06-30 03:00:00,295.27
2022-06-30 03:15:00,276.16
2022-06-30 03:30:00,276.16
2022-06-30 03:45:00,277.8
2022-06-30 04:00:00,266.3
2022-06-30 04:15:00,268.2
2022-06-30 04:30:00,291.23
2022-06-30 04:45:00,307.9
2022-06-30 05:00:00,227.4
2022-06-30 05:15:00,257.9
2022-06-30 05:30:00,301.16
2022-06-30 05:45:00,400.0
2022-06-30 06:00:00,279.7
2022-06-30 06:15:00,326.16
2022-06-30 06:30:00,400.0
2022-06-30 06:45:00,432.77
2022-06-30 07:00:00,327.13
2022-06-30 07:15:00,361.5
2022-06-30 07:30:00,400.0
2022-06-30 07:45:00,400.0
2022-06-30 08:00:00,420.4
2022-06-30 08:15:00,400.0
2022-06-30 08:30:00,400.0
2022-06-30 08:45:00,338.65
2022-06-30 09:00:00,406.02
2022-06-30 09:15:00,389.95
2022-06-30 09:30:00,361.02
2022-06-30 09:45:00,320.4
2022-06-30 10:00:00,393.7
2022-06-30 10:15:00,374.9
2022-06-30 10:30:00,326.16
2022-06-30 10:45:00,310.44
2022-06-30 11:00:00,344.03
2022-06-30 11:15:00,368.3
2022-06-30 11:30:00,357.1
2022-06-30 11:45:00,302.17
2022-06-30 12:00:00,376.6
2022-06-30 12:15:00,338.1
2022-06-30 12:30:00,322.0
2022-06-30 12:45:00,302.17
2022-06-30 13:00:00,344.3
2022-06-30 13:15:00,343.1
2022-06-30 13:30:00,301.16
2022-06-30 13:45:00,301.16
2022-06-30 14:00:00,312.34
2022-06-30 14:15:00,318.57
2022-06-30 14:30:00,329.35
2022-06-30 14:45:00,318.57
2022-06-30 15:00:00,307.8
2022-06-30 15:15:00,326.16
2022-06-30 15:30:00,326.16
2022-06-30 15:45:00,336.6
2022-06-30 16:00:00,301.16
2022-06-30 16:15:00,301.16
2022-06-30 16:30:00,352.99
2022-06-30 16:45:00,392.92
2022-06-30 17:00:00,309.46
2022-06-30 17:15:00,330.17
2022-06-30 17:30:00,400.0
2022-06-30 17:45:00,410.17
2022-06-30 18:00:00,326.16
2022-06-30 18:15:00,386.77
2022-06-30 18:30:00,400.0
2022-06-30 18:45:00,420.4
2022-06-30 19:00:00,419.02
2022-06-30 19:15:00,421.48
2022-06-30 19:30:00,422.68
2022-06-30 19:45:00,412.72
2022-06-30 20:00:00,453.25
2022-06-30 20:15:00,429.66
2022-06-30 20:30:00,386.89
2022-06-30 20:45:00,377.83
2022-06-30 21:00:00,434.65
2022-06-30 21:15:00,400.0
2022-06-30 21:30:00,369.39
2022-06-30 21:45:00,332.71
2022-06-30 22:00:00,429.03
2022-06-30 22:15:00,400.0
2022-06-30 22:30:00,335.55
2022-06-30 22:45:00,301.16
2022-06-30 23:00:00,383.96
2022-06-30 23:15:00,349.12
2022-06-30 23:30:00,302.17
2022-06-30 23:45:00,251.4
2022-07-01 00:00:00,351.1
2022-07-01 00:15:00,328.4
2022-07-01 00:30:00,268.04
2022-07-01 00:45:00,267.44
2022-07-01 01:00:00,314.2
2022-07-01 01:15:00,299.6
2022-07-01 01:30:00,268.45
2022-07-01 01:45:00,267.44
2022-07-01 02:00:00,280.71
2022-07-01 02:15:00,268.45
2022-07-01 02:30:00,268.45
2022-07-01 02:45:00,268.45
2022-07-01 03:00:00,267.44
2022-07-01 03:15:00,267.44
2022-07-01 03:30:00,267.44
2022-07-01 03:45:00,267.44
2022-07-01 04:00:00,236.79
2022-07-01 04:15:00,262.9
2022-07-01 04:30:00,268.45
2022-07-01 04:45:00,292.0
2022-07-01 05:00:00,200.13
2022-07-01 05:15:00,251.69
2022-07-01 05:30:00,300.0
2022-07-01 05:45:00,388.23
2022-07-01 06:00:00,228.63
2022-07-01 06:15:00,314.67
2022-07-01 06:30:00,351.7
2022-07-01 06:45:00,400.0
2022-07-01 07:00:00,299.44
2022-07-01 07:15:00,361.1
2022-07-01 07:30:00,400.0
2022-07-01 07:45:00,407.29
2022-07-01 08:00:00,380.77
2022-07-01 08:15:00,398.9
2022-07-01 08:30:00,400.0
2022-07-01 08:45:00,300.0
2022-07-01 09:00:00,400.0
2022-07-01 09:15:00,393.99
2022-07-01 09:30:00,358.57
2022-07-01 09:45:00,315.13
2022-07-01 10:00:00,387.14
2022-07-01 10:15:00,364.22
2022-07-01 10:30:00,346.72
2022-07-01 10:45:00,300.77
2022-07-01 11:00:00,354.33
2022-07-01 11:15:00,346.39
2022-07-01 11:30:00,353.7
2022-07-01 11:45:00,300.44
2022-07-01 12:00:00,371.22
2022-07-01 12:15:00,336.4
2022-07-01 12:30:00,321.8
2022-07-01 12:45:00,313.44
2022-07-01 13:00:00,345.2
2022-07-01 13:15:00,340.1
2022-07-01 13:30:00,312.79
2022-07-01 13:45:00,298.29
2022-07-01 14:00:00,336.1
2022-07-01 14:15:00,303.44
2022-07-01 14:30:00,338.8
2022-07-01 14:45:00,328.88
2022-07-01 15:00:00,340.17
2022-07-01 15:15:00,301.37
2022-07-01 15:30:00,316.87
2022-07-01 15:45:00,400.0
2022-07-01 16:00:00,360.16
2022-07-01 16:15:00,301.5
2022-07-01 16:30:00,310.19
2022-07-01 16:45:00,426.65
2022-07-01 17:00:00,349.69
2022-07-01 17:15:00,312.04
2022-07-01 17:30:00,311.44
2022-07-01 17:45:00,420.17
2022-07-01 18:00:00,397.02
2022-07-01 18:15:00,317.6
2022-07-01 18:30:00,354.29
2022-07-01 18:45:00,386.68
2022-07-01 19:00:00,426.51
2022-07-01 19:15:00,338.81
2022-07-01 19:30:00,334.76
2022-07-01 19:45:00,316.5
2022-07-01 20:00:00,449.1
2022-07-01 20:15:00,405.83
2022-07-01 20:30:00,311.48
2022-07-01 20:45:00,294.03
2022-07-01 21:00:00,440.45
2022-07-01 21:15:00,426.51
2022-07-01 21:30:00,311.79
2022-07-01 21:45:00,267.44
2022-07-01 22:00:00,426.51
2022-07-01 22:15:00,400.0
2022-07-01 22:30:00,292.44
2022-07-01 22:45:00,267.44
2022-07-01 23:00:00,352.13
2022-07-01 23:15:00,299.45
2022-07-01 23:30:00,265.1
2022-07-01 23:45:00,235.7
2022-07-02 00:00:00,332.17
2022-07-02 00:15:00,301.24
2022-07-02 00:30:00,284.69
2022-07-02 00:45:00,283.68
2022-07-02 01:00:00,299.96
2022-07-02 01:15:00,283.68
2022-07-02 01:30:00,281.55
2022-07-02 01:45:00,239.92
2022-07-02 02:00:00,289.93
2022-07-02 02:15:00,283.68
2022-07-02 02:30:00,254.97
2022-07-02 02:45:00,239.98
2022-07-02 03:00:00,280.65
2022-07-02 03:15:00,258.68
2022-07-02 03:30:00,254.9
2022-07-02 03:45:00,249.91
2022-07-02 04:00:00,256.29
2022-07-02 04:15:00,258.68
2022-07-02 04:30:00,259.9
2022-07-02 04:45:00,283.68
2022-07-02 05:00:00,254.9
2022-07-02 05:15:00,254.96
2022-07-02 05:30:00,264.92
2022-07-02 05:45:00,289.94
2022-07-02 06:00:00,225.1
2022-07-02 06:15:00,263.63
2022-07-02 06:30:00,267.88
2022-07-02 06:45:00,283.68
2022-07-02 07:00:00,244.59
2022-07-02 07:15:00,260.14
2022-07-02 07:30:00,279.93
2022-07-02 07:45:00,283.68
2022-07-02 08:00:00,255.1
2022-07-02 08:15:00,270.96
2022-07-02 08:30:00,274.91
2022-07-02 08:45:00,239.97
2022-07-02 09:00:00,284.69
2022-07-02 09:15:00,275.0
2022-07-02 09:30:00,240.0
2022-07-02 09:45:00,210.0
2022-07-02 10:00:00,284.69
2022-07-02 10:15:00,260.0
2022-07-02 10:30:00,235.1
2022-07-02 10:45:00,210.1
2022-07-02 11:00:00,280.0
2022-07-02 11:15:00,250.0
2022-07-02 11:30:00,235.0
2022-07-02 11:45:00,190.09
2022-07-02 12:00:00,271.93
2022-07-02 12:15:00,227.45
2022-07-02 12:30:00,235.0
2022-07-02 12:45:00,180.06
2022-07-02 13:00:00,275.1
2022-07-02 13:15:00,258.68
2022-07-02 13:30:00,255.0
2022-07-02 13:45:00,185.85
2022-07-02 14:00:00,230.1
2022-07-02 14:15:00,225.0
2022-07-02 14:30:00,230.0
2022-07-02 14:45:00,197.88
2022-07-02 15:00:00,225.0
2022-07-02 15:15:00,255.0
2022-07-02 15:30:00,258.68
2022-07-02 15:45:00,267.74
2022-07-02 16:00:00,170.07
2022-07-02 16:15:00,245.0
2022-07-02 16:30:00,284.69
2022-07-02 16:45:00,288.33
2022-07-02 17:00:00,194.51
2022-07-02 17:15:00,266.17
2022-07-02 17:30:00,290.0
2022-07-02 17:45:00,317.65
2022-07-02 18:00:00,283.68
2022-07-02 18:15:00,283.68
2022-07-02 18:30:00,308.68
2022-07-02 18:45:00,384.72
2022-07-02 19:00:00,308.68
2022-07-02 19:15:00,316.64
2022-07-02 19:30:00,400.0
2022-07-02 19:45:00,400.0
2022-07-02 20:00:00,339.02
2022-07-02 20:15:00,320.1
2022-07-02 20:30:00,423.91
2022-07-02 20:45:00,335.09
2022-07-02 21:00:00,423.93
2022-07-02 21:15:00,370.84
2022-07-02 21:30:00,310.08
2022-07-02 21:45:00,295.09
2022-07-02 22:00:00,400.0
2022-07-02 22:15:00,400.0
2022-07-02 22:30:00,343.41
2022-07-02 22:45:00,283.68
2022-07-02 23:00:00,400.0
2022-07-02 23:15:00,325.57
2022-07-02 23:30:00,285.08
2022-07-02 23:45:00,273.38
2022-07-03 00:00:00,339.91
2022-07-03 00:15:00,289.94
2022-07-03 00:30:00,265.0
2022-07-03 00:45:00,245.3
2022-07-03 01:00:00,309.92
2022-07-03 01:15:00,280.53
2022-07-03 01:30:00,245.34
2022-07-03 01:45:00,232.53
2022-07-03 02:00:00,300.0
2022-07-03 02:15:00,270.0
2022-07-03 02:30:00,260.0
2022-07-03 02:45:00,238.06
2022-07-03 03:00:00,275.88
2022-07-03 03:15:00,265.0
2022-07-03 03:30:00,255.0
2022-07-03 03:45:00,245.0
2022-07-03 04:00:00,275.0
2022-07-03 04:15:00,268.0
2022-07-03 04:30:00,267.0
2022-07-03 04:45:00,258.0
2022-07-03 05:00:00,280.0
2022-07-03 05:15:00,265.0
2022-07-03 05:30:00,250.0
2022-07-03 05:45:00,245.13
2022-07-03 06:00:00,233.54
2022-07-03 06:15:00,233.54
2022-07-03 06:30:00,233.54
2022-07-03 06:45:00,207.53
2022-07-03 07:00:00,232.53
2022-07-03 07:15:00,255.0
2022-07-03 07:30:00,232.53
2022-07-03 07:45:00,189.99
2022-07-03 08:00:00,232.53
2022-07-03 08:15:00,255.0
2022-07-03 08:30:00,232.53
2022-07-03 08:45:00,207.17
2022-07-03 09:00:00,242.82
2022-07-03 09:15:00,239.22
2022-07-03 09:30:00,225.1
2022-07-03 09:45:00,209.9
2022-07-03 10:00:00,207.53
2022-07-03 10:15:00,207.53
2022-07-03 10:30:00,207.53
2022-07-03 10:45:00,195.0
2022-07-03 11:00:00,233.54
2022-07-03 11:15:00,225.0
2022-07-03 11:30:00,210.0
2022-07-03 11:45:00,195.0
2022-07-03 12:00:00,233.54
2022-07-03 12:15:00,215.0
2022-07-03 12:30:00,195.0
2022-07-03 12:45:00,175.0
2022-07-03 13:00:00,233.54
2022-07-03 13:15:00,207.53
2022-07-03 13:30:00,185.89
2022-07-03 13:45:00,185.1
2022-07-03 14:00:00,200.92
2022-07-03 14:15:00,188.42
2022-07-03 14:30:00,190.1
2022-07-03 14:45:00,205.1
2022-07-03 15:00:00,179.92
2022-07-03 15:15:00,207.53
2022-07-03 15:30:00,207.53
2022-07-03 15:45:00,233.54
2022-07-03 16:00:00,199.95
2022-07-03 16:15:00,233.54
2022-07-03 16:30:00,274.91
2022-07-03 16:45:00,319.91
2022-07-03 17:00:00,174.99
2022-07-03 17:15:00,244.32
2022-07-03 17:30:00,278.99
2022-07-03 17:45:00,369.91
2022-07-03 18:00:00,233.54
2022-07-03 18:15:00,250.1
2022-07-03 18:30:00,394.81
2022-07-03 18:45:00,426.38
2022-07-03 19:00:00,266.03
2022-07-03 19:15:00,426.3
2022-07-03 19:30:00,346.17
2022-07-03 19:45:00,426.4
2022-07-03 20:00:00,426.3
2022-07-03 20:15:00,351.76
2022-07-03 20:30:00,335.09
2022-07-03 20:45:00,360.1
2022-07-03 21:00:00,364.13
2022-07-03 21:15:00,325.1
2022-07-03 21:30:00,426.32
2022-07-03 21:45:00,320.1
2022-07-03 22:00:00,428.41
2022-07-03 22:15:00,426.33
2022-07-03 22:30:00,315.04
2022-07-03 22:45:00,270.05
2022-07-03 23:00:00,386.35
2022-07-03 23:15:00,325.08
2022-07-03 23:30:00,300.0
2022-07-03 23:45:00,266.53
2022-07-04 00:00:00,316.24
2022-07-04 00:15:00,306.68
2022-07-04 00:30:00,268.0
2022-07-04 00:45:00,257.0
2022-07-04 01:00:00,300.0
2022-07-04 01:15:00,271.6
2022-07-04 01:30:00,258.0
2022-07-04 01:45:00,247.0
2022-07-04 02:00:00,288.24
2022-07-04 02:15:00,262.0
2022-07-04 02:30:00,254.0
2022-07-04 02:45:00,247.85
2022-07-04 03:00:00,266.0
2022-07-04 03:15:00,257.0
2022-07-04 03:30:00,254.0
2022-07-04 03:45:00,255.0
2022-07-04 04:00:00,249.0
2022-07-04 04:15:00,256.0
2022-07-04 04:30:00,282.73
2022-07-04 04:45:00,312.61
2022-07-04 05:00:00,223.61
2022-07-04 05:15:00,266.0
2022-07-04 05:30:00,316.24
2022-07-04 05:45:00,406.46
2022-07-04 06:00:00,237.0
2022-07-04 06:15:00,322.1
2022-07-04 06:30:00,426.38
2022-07-04 06:45:00,450.0
2022-07-04 07:00:00,315.23
2022-07-04 07:15:00,354.0
2022-07-04 07:30:00,383.57
2022-07-04 07:45:00,429.12
2022-07-04 08:00:00,383.75
2022-07-04 08:15:00,427.18
2022-07-04 08:30:00,353.73
2022-07-04 08:45:00,340.23
2022-07-04 09:00:00,396.09
2022-07-04 09:15:00,379.06
2022-07-04 09:30:00,340.23
2022-07-04 09:45:00,324.56
2022-07-04 10:00:00,372.04
2022-07-04 10:15:00,359.03
2022-07-04 10:30:00,336.54
2022-07-04 10:45:00,315.23
2022-07-04 11:00:00,374.0
2022-07-04 11:15:00,355.0
2022-07-04 11:30:00,340.23
2022-07-04 11:45:00,340.23
2022-07-04 12:00:00,352.0
2022-07-04 12:15:00,329.0
2022-07-04 12:30:00,328.74
2022-07-04 12:45:00,330.42
2022-07-04 13:00:00,395.91
2022-07-04 13:15:00,350.23
2022-07-04 13:30:00,336.87
2022-07-04 13:45:00,349.0
2022-07-04 14:00:00,337.35
2022-07-04 14:15:00,343.22
2022-07-04 14:30:00,358.22
2022-07-04 14:45:00,380.9
2022-07-04 15:00:00,330.31
2022-07-04 15:15:00,331.51
2022-07-04 15:30:00,362.05
2022-07-04 15:45:00,426.33
2022-07-04 16:00:00,328.3
2022-07-04 16:15:00,343.36
2022-07-04 16:30:00,377.1
2022-07-04 16:45:00,411.08
2022-07-04 17:00:00,316.24
2022-07-04 17:15:00,340.03
2022-07-04 17:30:00,404.03
2022-07-04 17:45:00,419.7
2022-07-04 18:00:00,316.24
2022-07-04 18:15:00,375.05
2022-07-04 18:30:00,414.1
2022-07-04 18:45:00,394.41
2022-07-04 19:00:00,458.02
2022-07-04 19:15:00,445.61
2022-07-04 19:30:00,429.7
2022-07-04 19:45:00,409.07
2022-07-04 20:00:00,450.0
2022-07-04 20:15:00,402.35
2022-07-04 20:30:00,379.05
2022-07-04 20:45:00,376.67
2022-07-04 21:00:00,442.13
2022-07-04 21:15:00,375.09
2022-07-04 21:30:00,360.03
2022-07-04 21:45:00,322.37
2022-07-04 22:00:00,445.4
2022-07-04 22:15:00,359.07
2022-07-04 22:30:00,339.09
2022-07-04 22:45:00,316.24
2022-07-04 23:00:00,374.06
2022-07-04 23:15:00,336.05
2022-07-04 23:30:00,314.1
2022-07-04 23:45:00,302.13
2022-07-05 00:00:00,357.99
2022-07-05 00:15:00,325.99
2022-07-05 00:30:00,300.99
2022-07-05 00:45:00,281.97
2022-07-05 01:00:00,327.98
2022-07-05 01:15:00,321.91
2022-07-05 01:30:00,291.99
2022-07-05 01:45:00,274.93
2022-07-05 02:00:00,312.41
2022-07-05 02:15:00,296.91
2022-07-05 02:30:00,286.91
2022-07-05 02:45:00,264.9
2022-07-05 03:00:00,289.93
2022-07-05 03:15:00,284.91
2022-07-05 03:30:00,283.41
2022-07-05 03:45:00,285.91
2022-07-05 04:00:00,253.59
2022-07-05 04:15:00,280.91
2022-07-05 04:30:00,294.96
2022-07-05 04:45:00,310.96
2022-07-05 05:00:00,222.17
2022-07-05 05:15:00,277.95
2022-07-05 05:30:00,322.92
2022-07-05 05:45:00,389.98
2022-07-05 06:00:00,252.0
2022-07-05 06:15:00,346.91
2022-07-05 06:30:00,421.51
2022-07-05 06:45:00,445.57
2022-07-05 07:00:00,321.91
2022-07-05 07:15:00,391.79
2022-07-05 07:30:00,400.0
2022-07-05 07:45:00,421.54
2022-07-05 08:00:00,360.06
2022-07-05 08:15:00,397.76
2022-07-05 08:30:00,400.0
2022-07-05 08:45:00,400.0
2022-07-05 09:00:00,400.0
2022-07-05 09:15:00,373.07
2022-07-05 09:30:00,366.91
2022-07-05 09:45:00,322.92
2022-07-05 10:00:00,360.22
2022-07-05 10:15:00,346.91
2022-07-05 10:30:00,343.05
2022-07-05 10:45:00,322.92
2022-07-05 11:00:00,346.91
2022-07-05 11:15:00,354.38
2022-07-05 11:30:00,352.0
2022-07-05 11:45:00,326.02
2022-07-05 12:00:00,371.04
2022-07-05 12:15:00,342.07
2022-07-05 12:30:00,322.92
2022-07-05 12:45:00,321.91
2022-07-05 13:00:00,400.0
2022-07-05 13:15:00,349.1
2022-07-05 13:30:00,322.92
2022-07-05 13:45:00,311.16
2022-07-05 14:00:00,333.69
2022-07-05 14:15:00,336.04
2022-07-05 14:30:00,338.01
2022-07-05 14:45:00,322.92
2022-07-05 15:00:00,333.68
2022-07-05 15:15:00,321.91
2022-07-05 15:30:00,330.08
2022-07-05 15:45:00,349.05
2022-07-05 16:00:00,295.77
2022-07-05 16:15:00,310.06
2022-07-05 16:30:00,322.92
2022-07-05 16:45:00,330.06
2022-07-05 17:00:00,321.91
2022-07-05 17:15:00,346.91
2022-07-05 17:30:00,370.91
2022-07-05 17:45:00,389.01
2022-07-05 18:00:00,322.92
2022-07-05 18:15:00,352.41
2022-07-05 18:30:00,400.0
2022-07-05 18:45:00,386.64
2022-07-05 19:00:00,421.55
2022-07-05 19:15:00,419.86
2022-07-05 19:30:00,365.96
2022-07-05 19:45:00,362.05
2022-07-05 20:00:00,451.12
2022-07-05 20:15:00,426.98
2022-07-05 20:30:00,404.91
2022-07-05 20:45:00,350.42
2022-07-05 21:00:00,450.0
2022-07-05 21:15:00,414.37
2022-07-05 21:30:00,352.41
2022-07-05 21:45:00,321.91
2022-07-05 22:00:00,436.73
2022-07-05 22:15:00,400.0
2022-07-05 22:30:00,355.61
2022-07-05 22:45:00,320.76
2022-07-05 23:00:00,400.0
2022-07-05 23:15:00,400.0
2022-07-05 23:30:00,321.91
2022-07-05 23:45:00,292.8
2022-07-06 00:00:00,380.0
2022-07-06 00:15:00,339.91
2022-07-06 00:30:00,309.97
2022-07-06 00:45:00,290.58
2022-07-06 01:00:00,338.26
2022-07-06 01:15:00,319.97
2022-07-06 01:30:00,299.99
2022-07-06 01:45:00,266.29
2022-07-06 02:00:00,329.93
2022-07-06 02:15:00,309.91
2022-07-06 02:30:00,291.75
2022-07-06 02:45:00,254.98
2022-07-06 03:00:00,300.0
2022-07-06 03:15:00,264.99
2022-07-06 03:30:00,277.18
2022-07-06 03:45:00,269.99
2022-07-06 04:00:00,254.92
2022-07-06 04:15:00,259.94
2022-07-06 04:30:00,287.57
2022-07-06 04:45:00,338.26
2022-07-06 05:00:00,239.34
2022-07-06 05:15:00,282.8
2022-07-06 05:30:00,338.26
2022-07-06 05:45:00,380.0
2022-07-06 06:00:00,275.0
2022-07-06 06:15:00,338.26
2022-07-06 06:30:00,415.27
2022-07-06 06:45:00,440.15
2022-07-06 07:00:00,353.82
2022-07-06 07:15:00,380.0
2022-07-06 07:30:00,382.69
2022-07-06 07:45:00,431.49
2022-07-06 08:00:00,424.88
2022-07-06 08:15:00,378.24
2022-07-06 08:30:00,380.0
2022-07-06 08:45:00,379.24
2022-07-06 09:00:00,396.22
2022-07-06 09:15:00,380.08
2022-07-06 09:30:00,345.09
2022-07-06 09:45:00,338.26
2022-07-06 10:00:00,380.62
2022-07-06 10:15:00,362.25
2022-07-06 10:30:00,338.26
2022-07-06 10:45:00,338.26
2022-07-06 11:00:00,369.77
2022-07-06 11:15:00,362.25
2022-07-06 11:30:00,366.27
2022-07-06 11:45:00,338.26
2022-07-06 12:00:00,344.96
2022-07-06 12:15:00,337.25
2022-07-06 12:30:00,334.17
2022-07-06 12:45:00,337.25
2022-07-06 13:00:00,345.89
2022-07-06 13:15:00,350.45
2022-07-06 13:30:00,338.26
2022-07-06 13:45:00,338.26
2022-07-06 14:00:00,338.26
2022-07-06 14:15:00,338.26
2022-07-06 14:30:00,338.26
2022-07-06 14:45:00,338.26
2022-07-06 15:00:00,338.26
2022-07-06 15:15:00,338.26
2022-07-06 15:30:00,342.85
2022-07-06 15:45:00,340.0
2022-07-06 16:00:00,337.25
2022-07-06 16:15:00,338.26
2022-07-06 16:30:00,339.41
2022-07-06 16:45:00,358.37
2022-07-06 17:00:00,338.26
2022-07-06 17:15:00,346.35
2022-07-06 17:30:00,380.03
2022-07-06 17:45:00,395.02
2022-07-06 18:00:00,347.73
2022-07-06 18:15:00,379.99
2022-07-06 18:30:00,375.1
2022-07-06 18:45:00,380.1
2022-07-06 19:00:00,380.0
2022-07-06 19:15:00,380.0
2022-07-06 19:30:00,379.0
2022-07-06 19:45:00,380.05
2022-07-06 20:00:00,436.14
2022-07-06 20:15:00,380.0
2022-07-06 20:30:00,380.0
2022-07-06 20:45:00,338.26
2022-07-06 21:00:00,431.44
2022-07-06 21:15:00,370.09
2022-07-06 21:30:00,350.83
2022-07-06 21:45:00,324.25
2022-07-06 22:00:00,431.49
2022-07-06 22:15:00,374.14
2022-07-06 22:30:00,338.26
2022-07-06 22:45:00,337.25
2022-07-06 23:00:00,370.09
2022-07-06 23:15:00,340.09
2022-07-06 23:30:00,331.46
2022-07-06 23:45:00,270.0
2022-07-07 00:00:00,323.61
2022-07-07 00:15:00,315.52
2022-07-07 00:30:00,278.0
2022-07-07 00:45:00,254.0
2022-07-07 01:00:00,300.0
2022-07-07 01:15:00,284.0
2022-07-07 01:30:00,271.0
2022-07-07 01:45:00,205.12
2022-07-07 02:00:00,288.0
2022-07-07 02:15:00,279.0
2022-07-07 02:30:00,230.09
2022-07-07 02:45:00,220.05
2022-07-07 03:00:00,266.3
2022-07-07 03:15:00,230.05
2022-07-07 03:30:00,230.07
2022-07-07 03:45:00,269.0
2022-07-07 04:00:00,210.01
2022-07-07 04:15:00,220.05
2022-07-07 04:30:00,259.9
2022-07-07 04:45:00,294.0
2022-07-07 05:00:00,178.33
2022-07-07 05:15:00,255.0
2022-07-07 05:30:00,292.0
2022-07-07 05:45:00,335.0
2022-07-07 06:00:00,229.34
2022-07-07 06:15:00,323.61
2022-07-07 06:30:00,380.0
2022-07-07 06:45:00,380.0
2022-07-07 07:00:00,332.0
2022-07-07 07:15:00,356.0
2022-07-07 07:30:00,376.5
2022-07-07 07:45:00,380.0
2022-07-07 08:00:00,363.05
2022-07-07 08:15:00,367.03
2022-07-07 08:30:00,378.01
2022-07-07 08:45:00,351.62
2022-07-07 09:00:00,380.0
2022-07-07 09:15:00,374.08
2022-07-07 09:30:00,357.08
2022-07-07 09:45:00,348.53
2022-07-07 10:00:00,378.1
2022-07-07 10:15:00,376.04
2022-07-07 10:30:00,337.49
2022-07-07 10:45:00,340.04
2022-07-07 11:00:00,382.3
2022-07-07 11:15:00,372.56
2022-07-07 11:30:00,332.76
2022-07-07 11:45:00,324.62
2022-07-07 12:00:00,396.02
2022-07-07 12:15:00,324.62
2022-07-07 12:30:00,325.09
2022-07-07 12:45:00,327.08
2022-07-07 13:00:00,360.06
2022-07-07 13:15:00,345.0
2022-07-07 13:30:00,332.02
2022-07-07 13:45:00,324.62
2022-07-07 14:00:00,324.03
2022-07-07 14:15:00,323.61
2022-07-07 14:30:00,330.07
2022-07-07 14:45:00,337.08
2022-07-07 15:00:00,308.09
2022-07-07 15:15:00,321.13
2022-07-07 15:30:00,340.03
2022-07-07 15:45:00,348.03
2022-07-07 16:00:00,321.45
2022-07-07 16:15:00,323.09
2022-07-07 16:30:00,323.61
2022-07-07 16:45:00,328.31
2022-07-07 17:00:00,323.61
2022-07-07 17:15:00,324.62
2022-07-07 17:30:00,324.62
2022-07-07 17:45:00,370.91
2022-07-07 18:00:00,318.7
2022-07-07 18:15:00,324.62
2022-07-07 18:30:00,349.79
2022-07-07 18:45:00,340.06
2022-07-07 19:00:00,345.05
2022-07-07 19:15:00,358.04
2022-07-07 19:30:00,361.02
2022-07-07 19:45:00,323.61
2022-07-07 20:00:00,369.7
2022-07-07 20:15:00,352.07
2022-07-07 20:30:00,343.09
2022-07-07 20:45:00,324.62
2022-07-07 21:00:00,370.06
2022-07-07 21:15:00,357.11
2022-07-07 21:30:00,324.25
2022-07-07 21:45:00,309.02
2022-07-07 22:00:00,380.06
2022-07-07 22:15:00,339.44
2022-07-07 22:30:00,324.62
2022-07-07 22:45:00,275.14
2022-07-07 23:00:00,340.08
2022-07-07 23:15:00,323.61
2022-07-07 23:30:00,277.96
2022-07-07 23:45:00,189.24
2022-07-08 00:00:00,310.0
2022-07-08 00:15:00,305.02
2022-07-08 00:30:00,260.0
2022-07-08 00:45:00,235.0
2022-07-08 01:00:00,305.02
2022-07-08 01:15:00,279.15
2022-07-08 01:30:00,274.72
2022-07-08 01:45:00,240.0
2022-07-08 02:00:00,300.0
2022-07-08 02:15:00,276.11
2022-07-08 02:30:00,254.11
2022-07-08 02:45:00,230.0
2022-07-08 03:00:00,270.69
2022-07-08 03:15:00,240.1
2022-07-08 03:30:00,235.1
2022-07-08 03:45:00,252.31
2022-07-08 04:00:00,225.0
2022-07-08 04:15:00,261.4
2022-07-08 04:30:00,279.01
2022-07-08 04:45:00,294.96
2022-07-08 05:00:00,222.38
2022-07-08 05:15:00,259.96
2022-07-08 05:30:00,304.01
2022-07-08 05:45:00,344.98
2022-07-08 06:00:00,246.69
2022-07-08 06:15:00,336.51
2022-07-08 06:30:00,380.0
2022-07-08 06:45:00,386.17
2022-07-08 07:00:00,304.01
2022-07-08 07:15:00,338.3
2022-07-08 07:30:00,380.0
2022-07-08 07:45:00,380.0
2022-07-08 08:00:00,390.0
2022-07-08 08:15:00,353.65
2022-07-08 08:30:00,380.0
2022-07-08 08:45:00,348.34
2022-07-08 09:00:00,369.99
2022-07-08 09:15:00,330.0
2022-07-08 09:30:00,329.01
2022-07-08 09:45:00,300.0
2022-07-08 10:00:00,324.3
2022-07-08 10:15:00,304.01
2022-07-08 10:30:00,304.01
2022-07-08 10:45:00,287.68
2022-07-08 11:00:00,311.73
2022-07-08 11:15:00,304.01
2022-07-08 11:30:00,304.01
2022-07-08 11:45:00,280.26
2022-07-08 12:00:00,304.01
2022-07-08 12:15:00,289.91
2022-07-08 12:30:00,291.16
2022-07-08 12:45:00,267.8
2022-07-08 13:00:00,330.15
2022-07-08 13:15:00,309.98
2022-07-08 13:30:00,304.01
2022-07-08 13:45:00,298.67
2022-07-08 14:00:00,300.0
2022-07-08 14:15:00,304.13
2022-07-08 14:30:00,304.97
2022-07-08 14:45:00,305.02
2022-07-08 15:00:00,280.31
2022-07-08 15:15:00,294.98
2022-07-08 15:30:00,305.02
2022-07-08 15:45:00,319.7
2022-07-08 16:00:00,269.99
2022-07-08 16:15:00,304.01
2022-07-08 16:30:00,320.0
2022-07-08 16:45:00,335.0
2022-07-08 17:00:00,304.01
2022-07-08 17:15:00,329.01
2022-07-08 17:30:00,318.35
2022-07-08 17:45:00,329.01
2022-07-08 18:00:00,304.01
2022-07-08 18:15:00,339.94
2022-07-08 18:30:00,331.16
2022-07-08 18:45:00,359.93
2022-07-08 19:00:00,353.44
2022-07-08 19:15:00,380.0
2022-07-08 19:30:00,421.11
2022-07-08 19:45:00,333.43
2022-07-08 20:00:00,437.27
2022-07-08 20:15:00,380.0
2022-07-08 20:30:00,380.0
2022-07-08 20:45:00,329.01
2022-07-08 21:00:00,459.12
2022-07-08 21:15:00,434.14
2022-07-08 21:30:00,354.51
2022-07-08 21:45:00,304.01
2022-07-08 22:00:00,436.18
2022-07-08 22:15:00,380.0
2022-07-08 22:30:00,365.13
2022-07-08 22:45:00,304.01
2022-07-08 23:00:00,426.19
2022-07-08 23:15:00,380.0
2022-07-08 23:30:00,305.02
2022-07-08 23:45:00,279.01
2022-07-09 00:00:00,340.0
2022-07-09 00:15:00,309.94
2022-07-09 00:30:00,245.1
2022-07-09 00:45:00,237.37
2022-07-09 01:00:00,288.7
2022-07-09 01:15:00,255.01
2022-07-09 01:30:00,197.23
2022-07-09 01:45:00,182.04
2022-07-09 02:00:00,270.03
2022-07-09 02:15:00,211.59
2022-07-09 02:30:00,197.23
2022-07-09 02:45:00,173.24
2022-07-09 03:00:00,215.19
2022-07-09 03:15:00,197.23
2022-07-09 03:30:00,211.08
2022-07-09 03:45:00,197.23
2022-07-09 04:00:00,187.26
2022-07-09 04:15:00,190.07
2022-07-09 04:30:00,197.23
2022-07-09 04:45:00,210.73
2022-07-09 05:00:00,172.23
2022-07-09 05:15:00,173.87
2022-07-09 05:30:00,178.89
2022-07-09 05:45:00,235.01
2022-07-09 06:00:00,215.01
2022-07-09 06:15:00,225.03
2022-07-09 06:30:00,240.04
2022-07-09 06:45:00,270.1
2022-07-09 07:00:00,210.21
2022-07-09 07:15:00,230.05
2022-07-09 07:30:00,265.04
2022-07-09 07:45:00,292.71
2022-07-09 08:00:00,245.2
2022-07-09 08:15:00,275.05
2022-07-09 08:30:00,255.09
2022-07-09 08:45:00,224.91
2022-07-09 09:00:00,265.1
2022-07-09 09:15:00,270.1
2022-07-09 09:30:00,233.38
2022-07-09 09:45:00,172.23
2022-07-09 10:00:00,250.01
2022-07-09 10:15:00,215.25
2022-07-09 10:30:00,211.25
2022-07-09 10:45:00,198.02
2022-07-09 11:00:00,250.1
2022-07-09 11:15:00,191.94
2022-07-09 11:30:00,201.7
2022-07-09 11:45:00,173.24
2022-07-09 12:00:00,284.49
2022-07-09 12:15:00,173.24
2022-07-09 12:30:00,173.24
2022-07-09 12:45:00,173.24
2022-07-09 13:00:00,286.64
2022-07-09 13:15:00,193.15
2022-07-09 13:30:00,173.24
2022-07-09 13:45:00,173.24
2022-07-09 14:00:00,220.03
2022-07-09 14:15:00,187.92
2022-07-09 14:30:00,173.24
2022-07-09 14:45:00,173.24
2022-07-09 15:00:00,190.03
2022-07-09 15:15:00,197.41
2022-07-09 15:30:00,190.84
2022-07-09 15:45:00,197.91
2022-07-09 16:00:00,173.24
2022-07-09 16:15:00,174.77
2022-07-09 16:30:00,176.93
2022-07-09 16:45:00,217.92
2022-07-09 17:00:00,169.92
2022-07-09 17:15:00,204.37
2022-07-09 17:30:00,270.04
2022-07-09 17:45:00,300.0
2022-07-09 18:00:00,173.24
2022-07-09 18:15:00,245.09
2022-07-09 18:30:00,290.01
2022-07-09 18:45:00,305.04
2022-07-09 19:00:00,210.04
2022-07-09 19:15:00,272.29
2022-07-09 19:30:00,270.09
2022-07-09 19:45:00,270.06
2022-07-09 20:00:00,255.01
2022-07-09 20:15:00,255.01
2022-07-09 20:30:00,260.02
2022-07-09 20:45:00,230.35
2022-07-09 21:00:00,275.01
2022-07-09 21:15:00,230.09
2022-07-09 21:30:00,221.69
2022-07-09 21:45:00,197.23
2022-07-09 22:00:00,330.04
2022-07-09 22:15:00,300.0
2022-07-09 22:30:00,196.21
2022-07-09 22:45:00,174.04
2022-07-09 23:00:00,300.0
2022-07-09 23:15:00,220.56
2022-07-09 23:30:00,172.23
2022-07-09 23:45:00,172.23
2022-07-10 00:00:00,300.0
2022-07-10 00:15:00,240.08
2022-07-10 00:30:00,220.01
2022-07-10 00:45:00,145.38
2022-07-10 01:00:00,255.01
2022-07-10 01:15:00,180.87
2022-07-10 01:30:00,162.43
2022-07-10 01:45:00,144.37
2022-07-10 02:00:00,220.07
2022-07-10 02:15:00,169.37
2022-07-10 02:30:00,169.37
2022-07-10 02:45:00,144.37
2022-07-10 03:00:00,192.0
2022-07-10 03:15:00,169.37
2022-07-10 03:30:00,169.37
2022-07-10 03:45:00,145.38
2022-07-10 04:00:00,169.37
2022-07-10 04:15:00,164.49
2022-07-10 04:30:00,144.37
2022-07-10 04:45:00,144.37
2022-07-10 05:00:00,131.12
2022-07-10 05:15:00,135.37
2022-07-10 05:30:00,132.12
2022-07-10 05:45:00,136.87
2022-07-10 06:00:00,115.12
2022-07-10 06:15:00,132.0
2022-07-10 06:30:00,141.75
2022-07-10 06:45:00,144.37
2022-07-10 07:00:00,141.17
2022-07-10 07:15:00,144.37
2022-07-10 07:30:00,144.37
2022-07-10 07:45:00,145.38
2022-07-10 08:00:00,145.38
2022-07-10 08:15:00,150.86
2022-07-10 08:30:00,187.79
2022-07-10 08:45:00,155.42
2022-07-10 09:00:00,157.13
2022-07-10 09:15:00,174.35
2022-07-10 09:30:00,162.4
2022-07-10 09:45:00,145.38
2022-07-10 10:00:00,180.45
2022-07-10 10:15:00,190.03
2022-07-10 10:30:00,200.01
2022-07-10 10:45:00,160.03
2022-07-10 11:00:00,206.35
2022-07-10 11:15:00,220.02
2022-07-10 11:30:00,155.06
2022-07-10 11:45:00,96.37
2022-07-10 12:00:00,240.05
2022-07-10 12:15:00,167.83
2022-07-10 12:30:00,145.38
2022-07-10 12:45:00,100.06
2022-07-10 13:00:00,173.83
2022-07-10 13:15:00,145.38
2022-07-10 13:30:00,145.38
2022-07-10 13:45:00,145.38
2022-07-10 14:00:00,150.08
2022-07-10 14:15:00,150.04
2022-07-10 14:30:00,145.38
2022-07-10 14:45:00,148.18
2022-07-10 15:00:00,139.91
2022-07-10 15:15:00,145.38
2022-07-10 15:30:00,151.08
2022-07-10 15:45:00,160.07
2022-07-10 16:00:00,79.95
2022-07-10 16:15:00,134.12
2022-07-10 16:30:00,175.37
2022-07-10 16:45:00,205.0
2022-07-10 17:00:00,95.64
2022-07-10 17:15:00,165.03
2022-07-10 17:30:00,240.09
2022-07-10 17:45:00,294.93
2022-07-10 18:00:00,144.37
2022-07-10 18:15:00,204.99
2022-07-10 18:30:00,296.33
2022-07-10 18:45:00,299.93
2022-07-10 19:00:00,176.6
2022-07-10 19:15:00,259.97
2022-07-10 19:30:00,304.99
2022-07-10 19:45:00,355.55
2022-07-10 20:00:00,300.0
2022-07-10 20:15:00,261.73
2022-07-10 20:30:00,462.53
2022-07-10 20:45:00,305.1
2022-07-10 21:00:00,300.0
2022-07-10 21:15:00,300.0
2022-07-10 21:30:00,395.91
2022-07-10 21:45:00,280.09
2022-07-10 22:00:00,342.68
2022-07-10 22:15:00,447.6
2022-07-10 22:30:00,275.07
2022-07-10 22:45:00,260.01
2022-07-10 23:00:00,339.97
2022-07-10 23:15:00,324.97
2022-07-10 23:30:00,280.61
2022-07-10 23:45:00,230.08
2022-07-11 00:00:00,346.99
2022-07-11 00:15:00,329.95
2022-07-11 00:30:00,301.99
2022-07-11 00:45:00,280.48
2022-07-11 01:00:00,321.99
2022-07-11 01:15:00,300.0
2022-07-11 01:30:00,285.95
2022-07-11 01:45:00,256.59
2022-07-11 02:00:00,300.48
2022-07-11 02:15:00,289.93
2022-07-11 02:30:00,280.92
2022-07-11 02:45:00,250.98
2022-07-11 03:00:00,291.91
2022-07-11 03:15:00,277.62
2022-07-11 03:30:00,275.93
2022-07-11 03:45:00,276.44
2022-07-11 04:00:00,262.47
2022-07-11 04:15:00,291.18
2022-07-11 04:30:00,319.94
2022-07-11 04:45:00,339.93
2022-07-11 05:00:00,250.91
2022-07-11 05:15:00,309.97
2022-07-11 05:30:00,349.94
2022-07-11 05:45:00,437.17
2022-07-11 06:00:00,248.1
2022-07-11 06:15:00,361.11
2022-07-11 06:30:00,489.42
2022-07-11 06:45:00,510.42
2022-07-11 07:00:00,346.99
2022-07-11 07:15:00,467.27
2022-07-11 07:30:00,482.46
2022-07-11 07:45:00,499.27
2022-07-11 08:00:00,388.31
2022-07-11 08:15:00,462.54
2022-07-11 08:30:00,475.53
2022-07-11 08:45:00,469.62
2022-07-11 09:00:00,371.99
2022-07-11 09:15:00,371.99
2022-07-11 09:30:00,462.5
2022-07-11 09:45:00,413.19
2022-07-11 10:00:00,371.99
2022-07-11 10:15:00,371.99
2022-07-11 10:30:00,417.23
2022-07-11 10:45:00,393.99
2022-07-11 11:00:00,441.01
2022-07-11 11:15:00,450.0
2022-07-11 11:30:00,348.0
2022-07-11 11:45:00,348.0
2022-07-11 12:00:00,385.97
2022-07-11 12:15:00,378.97
2022-07-11 12:30:00,435.06
2022-07-11 12:45:00,348.0
2022-07-11 13:00:00,364.11
2022-07-11 13:15:00,358.11
2022-07-11 13:30:00,350.67
2022-07-11 13:45:00,348.0
2022-07-11 14:00:00,366.77
2022-07-11 14:15:00,361.01
2022-07-11 14:30:00,355.25
2022-07-11 14:45:00,348.0
2022-07-11 15:00:00,348.0
2022-07-11 15:15:00,348.0
2022-07-11 15:30:00,335.74
2022-07-11 15:45:00,348.0
2022-07-11 16:00:00,385.48
2022-07-11 16:15:00,419.02
2022-07-11 16:30:00,371.99
2022-07-11 16:45:00,371.51
2022-07-11 17:00:00,348.0
2022-07-11 17:15:00,462.53
2022-07-11 17:30:00,444.27
2022-07-11 17:45:00,379.99
2022-07-11 18:00:00,359.07
2022-07-11 18:15:00,464.35
2022-07-11 18:30:00,464.35
2022-07-11 18:45:00,462.66
2022-07-11 19:00:00,510.51
2022-07-11 19:15:00,499.59
2022-07-11 19:30:00,484.89
2022-07-11 19:45:00,393.41
2022-07-11 20:00:00,536.26
2022-07-11 20:15:00,504.76
2022-07-11 20:30:00,481.65
2022-07-11 20:45:00,426.66
2022-07-11 21:00:00,509.83
2022-07-11 21:15:00,486.73
2022-07-11 21:30:00,469.86
2022-07-11 21:45:00,346.99
2022-07-11 22:00:00,506.42
2022-07-11 22:15:00,493.82
2022-07-11 22:30:00,414.23
2022-07-11 22:45:00,381.54
2022-07-11 23:00:00,462.55
2022-07-11 23:15:00,432.76
2022-07-11 23:30:00,346.99
2022-07-11 23:45:00,346.99
2022-07-12 00:00:00,493.35
2022-07-12 00:15:00,465.77
2022-07-12 00:30:00,297.5
2022-07-12 00:45:00,260.0
2022-07-12 01:00:00,450.0
2022-07-12 01:15:00,350.01
2022-07-12 01:30:00,329.93
2022-07-12 01:45:00,282.94
2022-07-12 02:00:00,360.09
2022-07-12 02:15:00,339.96
2022-07-12 02:30:00,319.98
2022-07-12 02:45:00,319.97
2022-07-12 03:00:00,323.47
2022-07-12 03:15:00,329.92
2022-07-12 03:30:00,329.93
2022-07-12 03:45:00,329.97
2022-07-12 04:00:00,272.93
2022-07-12 04:15:00,284.97
2022-07-12 04:30:00,339.91
2022-07-12 04:45:00,440.0
2022-07-12 05:00:00,239.04
2022-07-12 05:15:00,282.98
2022-07-12 05:30:00,440.0
2022-07-12 05:45:00,469.57
2022-07-12 06:00:00,247.81
2022-07-12 06:15:00,440.0
2022-07-12 06:30:00,467.39
2022-07-12 06:45:00,498.88
2022-07-12 07:00:00,367.0
2022-07-12 07:15:00,440.0
2022-07-12 07:30:00,440.0
2022-07-12 07:45:00,526.72
2022-07-12 08:00:00,459.09
2022-07-12 08:15:00,440.0
2022-07-12 08:30:00,440.0
2022-07-12 08:45:00,376.91
2022-07-12 09:00:00,440.0
2022-07-12 09:15:00,399.93
2022-07-12 09:30:00,440.0
2022-07-12 09:45:00,298.0
2022-07-12 10:00:00,440.0
2022-07-12 10:15:00,357.0
2022-07-12 10:30:00,353.25
2022-07-12 10:45:00,365.74
2022-07-12 11:00:00,363.0
2022-07-12 11:15:00,350.0
2022-07-12 11:30:00,436.9
2022-07-12 11:45:00,306.1
2022-07-12 12:00:00,403.22
2022-07-12 12:15:00,331.1
2022-07-12 12:30:00,317.0
2022-07-12 12:45:00,420.67
2022-07-12 13:00:00,440.0
2022-07-12 13:15:00,332.89
2022-07-12 13:30:00,319.0
2022-07-12 13:45:00,270.09
2022-07-12 14:00:00,358.85
2022-07-12 14:15:00,311.0
2022-07-12 14:30:00,326.1
2022-07-12 14:45:00,331.0
2022-07-12 15:00:00,418.15
2022-07-12 15:15:00,316.0
2022-07-12 15:30:00,332.0
2022-07-12 15:45:00,300.07
2022-07-12 16:00:00,302.0
2022-07-12 16:15:00,321.0
2022-07-12 16:30:00,344.09
2022-07-12 16:45:00,375.02
2022-07-12 17:00:00,318.66
2022-07-12 17:15:00,440.0
2022-07-12 17:30:00,364.07
2022-07-12 17:45:00,390.07
2022-07-12 18:00:00,440.0
2022-07-12 18:15:00,396.46
2022-07-12 18:30:00,374.04
2022-07-12 18:45:00,382.07
2022-07-12 19:00:00,514.39
2022-07-12 19:15:00,510.45
2022-07-12 19:30:00,436.52
2022-07-12 19:45:00,370.08
2022-07-12 20:00:00,594.72
2022-07-12 20:15:00,499.97
2022-07-12 20:30:00,444.31
2022-07-12 20:45:00,354.09
2022-07-12 21:00:00,574.58
2022-07-12 21:15:00,528.62
2022-07-12 21:30:00,381.94
2022-07-12 21:45:00,317.03
2022-07-12 22:00:00,549.29
2022-07-12 22:15:00,523.33
2022-07-12 22:30:00,440.0
2022-07-12 22:45:00,281.08
2022-07-12 23:00:00,483.29
2022-07-12 23:15:00,478.75
2022-07-12 23:30:00,388.27
2022-07-12 23:45:00,258.0
2022-07-13 00:00:00,409.23
2022-07-13 00:15:00,367.24
2022-07-13 00:30:00,367.24
2022-07-13 00:45:00,355.23
2022-07-13 01:00:00,368.25
2022-07-13 01:15:00,368.25
2022-07-13 01:30:00,330.32
2022-07-13 01:45:00,309.94
2022-07-13 02:00:00,356.66
2022-07-13 02:15:00,324.08
2022-07-13 02:30:00,324.58
2022-07-13 02:45:00,299.99
2022-07-13 03:00:00,309.98
2022-07-13 03:15:00,309.98
2022-07-13 03:30:00,315.66
2022-07-13 03:45:00,327.74
2022-07-13 04:00:00,289.95
2022-07-13 04:15:00,312.86
2022-07-13 04:30:00,319.97
2022-07-13 04:45:00,367.24
2022-07-13 05:00:00,246.98
2022-07-13 05:15:00,312.9
2022-07-13 05:30:00,367.24
2022-07-13 05:45:00,440.0
2022-07-13 06:00:00,327.23
2022-07-13 06:15:00,440.0
2022-07-13 06:30:00,440.0
2022-07-13 06:45:00,450.0
2022-07-13 07:00:00,390.42
2022-07-13 07:15:00,440.0
2022-07-13 07:30:00,440.0
2022-07-13 07:45:00,472.22
2022-07-13 08:00:00,472.21
2022-07-13 08:15:00,440.0
2022-07-13 08:30:00,407.52
2022-07-13 08:45:00,367.24
2022-07-13 09:00:00,440.0
2022-07-13 09:15:00,392.24
2022-07-13 09:30:00,367.24
2022-07-13 09:45:00,367.24
2022-07-13 10:00:00,392.24
2022-07-13 10:15:00,385.29
2022-07-13 10:30:00,392.24
2022-07-13 10:45:00,367.24
2022-07-13 11:00:00,368.25
2022-07-13 11:15:00,355.0
2022-07-13 11:30:00,379.5
2022-07-13 11:45:00,368.25
2022-07-13 12:00:00,378.0
2022-07-13 12:15:00,367.24
2022-07-13 12:30:00,367.24
2022-07-13 12:45:00,357.77
2022-07-13 13:00:00,388.48
2022-07-13 13:15:00,368.25
2022-07-13 13:30:00,342.24
2022-07-13 13:45:00,321.1
2022-07-13 14:00:00,351.58
2022-07-13 14:15:00,342.24
2022-07-13 14:30:00,368.25
2022-07-13 14:45:00,344.1
2022-07-13 15:00:00,342.24
2022-07-13 15:15:00,368.25
2022-07-13 15:30:00,368.25
2022-07-13 15:45:00,357.1
2022-07-13 16:00:00,342.24
2022-07-13 16:15:00,368.25
2022-07-13 16:30:00,368.25
2022-07-13 16:45:00,368.25
2022-07-13 17:00:00,338.63
2022-07-13 17:15:00,367.24
2022-07-13 17:30:00,391.71
2022-07-13 17:45:00,419.05
2022-07-13 18:00:00,367.24
2022-07-13 18:15:00,388.49
2022-07-13 18:30:00,398.07
2022-07-13 18:45:00,440.0
2022-07-13 19:00:00,412.74
2022-07-13 19:15:00,434.1
2022-07-13 19:30:00,415.09
2022-07-13 19:45:00,411.07
2022-07-13 20:00:00,481.34
2022-07-13 20:15:00,447.7
2022-07-13 20:30:00,411.3
2022-07-13 20:45:00,393.8
2022-07-13 21:00:00,495.85
2022-07-13 21:15:00,472.23
2022-07-13 21:30:00,420.6
2022-07-13 21:45:00,367.24
2022-07-13 22:00:00,486.54
2022-07-13 22:15:00,472.23
2022-07-13 22:30:00,413.87
2022-07-13 22:45:00,367.24
2022-07-13 23:00:00,440.0
2022-07-13 23:15:00,392.24
2022-07-13 23:30:00,367.24
2022-07-13 23:45:00,324.87
2022-07-14 00:00:00,431.62
2022-07-14 00:15:00,376.65
2022-07-14 00:30:00,351.65
2022-07-14 00:45:00,346.65
2022-07-14 01:00:00,364.42
2022-07-14 01:15:00,354.82
2022-07-14 01:30:00,328.25
2022-07-14 01:45:00,326.65
2022-07-14 02:00:00,348.69
2022-07-14 02:15:00,320.98
2022-07-14 02:30:00,326.65
2022-07-14 02:45:00,305.23
2022-07-14 03:00:00,325.99
2022-07-14 03:15:00,317.0
2022-07-14 03:30:00,320.91
2022-07-14 03:45:00,321.41
2022-07-14 04:00:00,304.2
2022-07-14 04:15:00,316.93
2022-07-14 04:30:00,332.93
2022-07-14 04:45:00,355.91
2022-07-14 05:00:00,277.0
2022-07-14 05:15:00,321.94
2022-07-14 05:30:00,352.66
2022-07-14 05:45:00,439.94
2022-07-14 06:00:00,342.65
2022-07-14 06:15:00,440.0
2022-07-14 06:30:00,451.56
2022-07-14 06:45:00,505.56
2022-07-14 07:00:00,396.0
2022-07-14 07:15:00,505.58
2022-07-14 07:30:00,499.93
2022-07-14 07:45:00,505.56
2022-07-14 08:00:00,505.56
2022-07-14 08:15:00,455.85
2022-07-14 08:30:00,440.0
2022-07-14 08:45:00,376.65
2022-07-14 09:00:00,463.08
2022-07-14 09:15:00,440.0
2022-07-14 09:30:00,440.0
2022-07-14 09:45:00,376.65
2022-07-14 10:00:00,440.0
2022-07-14 10:15:00,376.65
2022-07-14 10:30:00,352.66
2022-07-14 10:45:00,352.66
2022-07-14 11:00:00,415.2
2022-07-14 11:15:00,376.65
2022-07-14 11:30:00,376.65
2022-07-14 11:45:00,351.65
2022-07-14 12:00:00,370.42
2022-07-14 12:15:00,369.94
2022-07-14 12:30:00,349.98
2022-07-14 12:45:00,339.99
2022-07-14 13:00:00,374.51
2022-07-14 13:15:00,355.08
2022-07-14 13:30:00,352.66
2022-07-14 13:45:00,338.82
2022-07-14 14:00:00,352.66
2022-07-14 14:15:00,352.66
2022-07-14 14:30:00,352.66
2022-07-14 14:45:00,350.01
2022-07-14 15:00:00,329.94
2022-07-14 15:15:00,352.66
2022-07-14 15:30:00,352.66
2022-07-14 15:45:00,352.66
2022-07-14 16:00:00,349.99
2022-07-14 16:15:00,352.66
2022-07-14 16:30:00,365.98
2022-07-14 16:45:00,382.0
2022-07-14 17:00:00,351.65
2022-07-14 17:15:00,376.65
2022-07-14 17:30:00,418.56
2022-07-14 17:45:00,440.0
2022-07-14 18:00:00,376.65
2022-07-14 18:15:00,376.65
2022-07-14 18:30:00,440.0
2022-07-14 18:45:00,486.53
2022-07-14 19:00:00,397.64
2022-07-14 19:15:00,427.76
2022-07-14 19:30:00,480.54
2022-07-14 19:45:00,414.07
2022-07-14 20:00:00,505.56
2022-07-14 20:15:00,440.0
2022-07-14 20:30:00,433.66
2022-07-14 20:45:00,401.07
2022-07-14 21:00:00,519.41
2022-07-14 21:15:00,449.55
2022-07-14 21:30:00,435.81
2022-07-14 21:45:00,355.07
2022-07-14 22:00:00,515.79
2022-07-14 22:15:00,452.27
2022-07-14 22:30:00,440.0
2022-07-14 22:45:00,351.65
2022-07-14 23:00:00,440.0
2022-07-14 23:15:00,398.25
2022-07-14 23:30:00,351.65
2022-07-14 23:45:00,318.75
2022-07-15 00:00:00,429.9
2022-07-15 00:15:00,372.18
2022-07-15 00:30:00,336.83
2022-07-15 00:45:00,309.99
2022-07-15 01:00:00,372.18
2022-07-15 01:15:00,346.17
2022-07-15 01:30:00,328.05
2022-07-15 01:45:00,289.92
2022-07-15 02:00:00,350.67
2022-07-15 02:15:00,307.69
2022-07-15 02:30:00,309.9
2022-07-15 02:45:00,269.97
2022-07-15 03:00:00,329.91
2022-07-15 03:15:00,274.99
2022-07-15 03:30:00,277.07
2022-07-15 03:45:00,309.92
2022-07-15 04:00:00,264.99
2022-07-15 04:15:00,274.78
2022-07-15 04:30:00,319.93
2022-07-15 04:45:00,349.95
2022-07-15 05:00:00,269.94
2022-07-15 05:15:00,319.92
2022-07-15 05:30:00,363.76
2022-07-15 05:45:00,413.16
2022-07-15 06:00:00,357.93
2022-07-15 06:15:00,398.19
2022-07-15 06:30:00,447.08
2022-07-15 06:45:00,450.0
2022-07-15 07:00:00,371.17
2022-07-15 07:15:00,508.42
2022-07-15 07:30:00,440.0
2022-07-15 07:45:00,450.0
2022-07-15 08:00:00,405.08
2022-07-15 08:15:00,440.0
2022-07-15 08:30:00,423.21
2022-07-15 08:45:00,411.65
2022-07-15 09:00:00,440.0
2022-07-15 09:15:00,401.12
2022-07-15 09:30:00,396.17
2022-07-15 09:45:00,371.17
2022-07-15 10:00:00,396.17
2022-07-15 10:15:00,386.52
2022-07-15 10:30:00,372.18
2022-07-15 10:45:00,371.17
2022-07-15 11:00:00,396.17
2022-07-15 11:15:00,384.93
2022-07-15 11:30:00,371.17
2022-07-15 11:45:00,361.48
2022-07-15 12:00:00,384.96
2022-07-15 12:15:00,372.18
2022-07-15 12:30:00,353.11
2022-07-15 12:45:00,310.0
2022-07-15 13:00:00,391.92
2022-07-15 13:15:00,372.18
2022-07-15 13:30:00,346.17
2022-07-15 13:45:00,339.8
2022-07-15 14:00:00,369.9
2022-07-15 14:15:00,346.17
2022-07-15 14:30:00,363.09
2022-07-15 14:45:00,346.17
2022-07-15 15:00:00,328.94
2022-07-15 15:15:00,346.17
2022-07-15 15:30:00,372.18
2022-07-15 15:45:00,355.0
2022-07-15 16:00:00,329.95
2022-07-15 16:15:00,355.08
2022-07-15 16:30:00,375.0
2022-07-15 16:45:00,390.0
2022-07-15 17:00:00,371.17
2022-07-15 17:15:00,371.17
2022-07-15 17:30:00,371.17
2022-07-15 17:45:00,396.17
2022-07-15 18:00:00,403.18
2022-07-15 18:15:00,406.18
2022-07-15 18:30:00,420.1
2022-07-15 18:45:00,450.25
2022-07-15 19:00:00,413.82
2022-07-15 19:15:00,420.08
2022-07-15 19:30:00,430.08
2022-07-15 19:45:00,435.03
2022-07-15 20:00:00,463.0
2022-07-15 20:15:00,440.0
2022-07-15 20:30:00,415.09
2022-07-15 20:45:00,435.04
2022-07-15 21:00:00,512.98
2022-07-15 21:15:00,441.4
2022-07-15 21:30:00,413.17
2022-07-15 21:45:00,372.18
2022-07-15 22:00:00,502.96
2022-07-15 22:15:00,440.0
2022-07-15 22:30:00,412.68
2022-07-15 22:45:00,371.17
2022-07-15 23:00:00,440.0
2022-07-15 23:15:00,418.14
2022-07-15 23:30:00,371.17
2022-07-15 23:45:00,351.15
2022-07-16 00:00:00,399.98
2022-07-16 00:15:00,334.02
2022-07-16 00:30:00,303.12
2022-07-16 00:45:00,303.12
2022-07-16 01:00:00,329.98
2022-07-16 01:15:00,304.97
2022-07-16 01:30:00,303.12
2022-07-16 01:45:00,302.11
2022-07-16 02:00:00,306.79
2022-07-16 02:15:00,302.11
2022-07-16 02:30:00,302.11
2022-07-16 02:45:00,265.0
2022-07-16 03:00:00,294.92
2022-07-16 03:15:00,268.47
2022-07-16 03:30:00,253.97
2022-07-16 03:45:00,235.1
2022-07-16 04:00:00,240.0
2022-07-16 04:15:00,240.0
2022-07-16 04:30:00,241.08
2022-07-16 04:45:00,274.92
2022-07-16 05:00:00,230.0
2022-07-16 05:15:00,230.0
2022-07-16 05:30:00,259.91
2022-07-16 05:45:00,279.94
2022-07-16 06:00:00,263.83
2022-07-16 06:15:00,255.83
2022-07-16 06:30:00,256.83
2022-07-16 06:45:00,299.91
2022-07-16 07:00:00,279.99
2022-07-16 07:15:00,284.99
2022-07-16 07:30:00,302.11
2022-07-16 07:45:00,309.9
2022-07-16 08:00:00,299.95
2022-07-16 08:15:00,304.9
2022-07-16 08:30:00,300.32
2022-07-16 08:45:00,289.32
2022-07-16 09:00:00,303.12
2022-07-16 09:15:00,302.11
2022-07-16 09:30:00,294.61
2022-07-16 09:45:00,218.28
2022-07-16 10:00:00,277.11
2022-07-16 10:15:00,277.11
2022-07-16 10:30:00,254.92
2022-07-16 10:45:00,191.06
2022-07-16 11:00:00,277.11
2022-07-16 11:15:00,259.97
2022-07-16 11:30:00,248.01
2022-07-16 11:45:00,214.93
2022-07-16 12:00:00,330.0
2022-07-16 12:15:00,303.12
2022-07-16 12:30:00,240.1
2022-07-16 12:45:00,200.04
2022-07-16 13:00:00,290.1
2022-07-16 13:15:00,250.1
2022-07-16 13:30:00,221.37
2022-07-16 13:45:00,200.02
2022-07-16 14:00:00,259.9
2022-07-16 14:15:00,230.0
2022-07-16 14:30:00,210.02
2022-07-16 14:45:00,88.48
2022-07-16 15:00:00,185.0
2022-07-16 15:15:00,210.0
2022-07-16 15:30:00,200.06
2022-07-16 15:45:00,220.06
2022-07-16 16:00:00,70.87
2022-07-16 16:15:00,180.04
2022-07-16 16:30:00,265.1
2022-07-16 16:45:00,300.0
2022-07-16 17:00:00,164.93
2022-07-16 17:15:00,249.98
2022-07-16 17:30:00,303.12
2022-07-16 17:45:00,332.81
2022-07-16 18:00:00,298.0
2022-07-16 18:15:00,303.12
2022-07-16 18:30:00,314.96
2022-07-16 18:45:00,339.98
2022-07-16 19:00:00,303.12
2022-07-16 19:15:00,332.91
2022-07-16 19:30:00,355.0
2022-07-16 19:45:00,375.0
2022-07-16 20:00:00,349.92
2022-07-16 20:15:00,330.24
2022-07-16 20:30:00,349.92
2022-07-16 20:45:00,369.91
2022-07-16 21:00:00,392.9
2022-07-16 21:15:00,339.99
2022-07-16 21:30:00,327.11
2022-07-16 21:45:00,309.96
2022-07-16 22:00:00,440.0
2022-07-16 22:15:00,339.97
2022-07-16 22:30:00,322.77
2022-07-16 22:45:00,302.11
2022-07-16 23:00:00,329.04
2022-07-16 23:15:00,302.11
2022-07-16 23:30:00,286.33
2022-07-16 23:45:00,289.92
2022-07-17 00:00:00,341.85
2022-07-17 00:15:00,309.96
2022-07-17 00:30:00,274.29
2022-07-17 00:45:00,249.91
2022-07-17 01:00:00,299.94
2022-07-17 01:15:00,256.23
2022-07-17 01:30:00,249.51
2022-07-17 01:45:00,246.3
2022-07-17 02:00:00,259.94
2022-07-17 02:15:00,245.29
2022-07-17 02:30:00,234.99
2022-07-17 02:45:00,224.97
2022-07-17 03:00:00,220.29
2022-07-17 03:15:00,202.55
2022-07-17 03:30:00,213.55
2022-07-17 03:45:00,202.05
2022-07-17 04:00:00,230.68
2022-07-17 04:15:00,220.68
2022-07-17 04:30:00,207.57
2022-07-17 04:45:00,205.07
2022-07-17 05:00:00,236.22
2022-07-17 05:15:00,235.97
2022-07-17 05:30:00,219.91
2022-07-17 05:45:00,184.94
2022-07-17 06:00:00,245.29
2022-07-17 06:15:00,245.29
2022-07-17 06:30:00,221.15
2022-07-17 06:45:00,169.93
2022-07-17 07:00:00,199.99
2022-07-17 07:15:00,239.95
2022-07-17 07:30:00,226.91
2022-07-17 07:45:00,157.15
2022-07-17 08:00:00,229.94
2022-07-17 08:15:00,239.97
2022-07-17 08:30:00,209.97
2022-07-17 08:45:00,184.11
2022-07-17 09:00:00,239.95
2022-07-17 09:15:00,246.3
2022-07-17 09:30:00,197.62
2022-07-17 09:45:00,117.53
2022-07-17 10:00:00,224.54
2022-07-17 10:15:00,214.98
2022-07-17 10:30:00,209.94
2022-07-17 10:45:00,134.54
2022-07-17 11:00:00,234.99
2022-07-17 11:15:00,227.94
2022-07-17 11:30:00,221.44
2022-07-17 11:45:00,169.99
2022-07-17 12:00:00,224.99
2022-07-17 12:15:00,204.92
2022-07-17 12:30:00,173.32
2022-07-17 12:45:00,120.1
2022-07-17 13:00:00,219.95
2022-07-17 13:15:00,204.92
2022-07-17 13:30:00,162.03
2022-07-17 13:45:00,145.1
2022-07-17 14:00:00,174.91
2022-07-17 14:15:00,175.17
2022-07-17 14:30:00,182.63
2022-07-17 14:45:00,203.29
2022-07-17 15:00:00,94.93
2022-07-17 15:15:00,179.93
2022-07-17 15:30:00,220.29
2022-07-17 15:45:00,246.3
2022-07-17 16:00:00,88.39
2022-07-17 16:15:00,219.94
2022-07-17 16:30:00,264.77
2022-07-17 16:45:00,284.93
2022-07-17 17:00:00,169.14
2022-07-17 17:15:00,220.29
2022-07-17 17:30:00,289.96
2022-07-17 17:45:00,312.69
2022-07-17 18:00:00,246.3
2022-07-17 18:15:00,256.04
2022-07-17 18:30:00,350.0
2022-07-17 18:45:00,359.93
2022-07-17 19:00:00,262.13
2022-07-17 19:15:00,339.96
2022-07-17 19:30:00,512.91
2022-07-17 19:45:00,496.22
2022-07-17 20:00:00,374.2
2022-07-17 20:15:00,467.55
2022-07-17 20:30:00,512.95
2022-07-17 20:45:00,365.1
2022-07-17 21:00:00,512.91
2022-07-17 21:15:00,368.83
2022-07-17 21:30:00,512.92
2022-07-17 21:45:00,325.1
2022-07-17 22:00:00,513.0
2022-07-17 22:15:00,512.93
2022-07-17 22:30:00,365.35
2022-07-17 22:45:00,305.04
2022-07-17 23:00:00,450.0
2022-07-17 23:15:00,409.96
2022-07-17 23:30:00,379.91
2022-07-17 23:45:00,324.96
2022-07-18 00:00:00,380.68
2022-07-18 00:15:00,345.48
2022-07-18 00:30:00,329.92
2022-07-18 00:45:00,319.93
2022-07-18 01:00:00,352.12
2022-07-18 01:15:00,330.0
2022-07-18 01:30:00,319.95
2022-07-18 01:45:00,309.92
2022-07-18 02:00:00,319.98
2022-07-18 02:15:00,309.97
2022-07-18 02:30:00,304.97
2022-07-18 02:45:00,301.99
2022-07-18 03:00:00,302.54
2022-07-18 03:15:00,306.86
2022-07-18 03:30:00,304.7
2022-07-18 03:45:00,309.92
2022-07-18 04:00:00,298.21
2022-07-18 04:15:00,301.99
2022-07-18 04:30:00,301.99
2022-07-18 04:45:00,325.26
2022-07-18 05:00:00,279.91
2022-07-18 05:15:00,301.99
2022-07-18 05:30:00,337.35
2022-07-18 05:45:00,450.0
2022-07-18 06:00:00,301.99
2022-07-18 06:15:00,330.0
2022-07-18 06:30:00,512.99
2022-07-18 06:45:00,533.55
2022-07-18 07:00:00,375.0
2022-07-18 07:15:00,530.61
2022-07-18 07:30:00,532.51
2022-07-18 07:45:00,534.55
2022-07-18 08:00:00,512.99
2022-07-18 08:15:00,529.85
2022-07-18 08:30:00,512.95
2022-07-18 08:45:00,320.73
2022-07-18 09:00:00,496.02
2022-07-18 09:15:00,395.1
2022-07-18 09:30:00,512.92
2022-07-18 09:45:00,335.97
2022-07-18 10:00:00,512.92
2022-07-18 10:15:00,370.0
2022-07-18 10:30:00,359.7
2022-07-18 10:45:00,346.98
2022-07-18 11:00:00,419.92
2022-07-18 11:15:00,405.88
2022-07-18 11:30:00,379.94
2022-07-18 11:45:00,359.93
2022-07-18 12:00:00,554.24
2022-07-18 12:15:00,417.22
2022-07-18 12:30:00,324.78
2022-07-18 12:45:00,327.48
2022-07-18 13:00:00,512.95
2022-07-18 13:15:00,430.05
2022-07-18 13:30:00,345.98
2022-07-18 13:45:00,355.0
2022-07-18 14:00:00,372.75
2022-07-18 14:15:00,336.98
2022-07-18 14:30:00,512.92
2022-07-18 14:45:00,376.52
2022-07-18 15:00:00,512.91
2022-07-18 15:15:00,402.98
2022-07-18 15:30:00,355.1
2022-07-18 15:45:00,365.0
2022-07-18 16:00:00,323.58
2022-07-18 16:15:00,345.48
2022-07-18 16:30:00,460.63
2022-07-18 16:45:00,508.72
2022-07-18 17:00:00,316.26
2022-07-18 17:15:00,347.73
2022-07-18 17:30:00,530.78
2022-07-18 17:45:00,534.87
2022-07-18 18:00:00,333.98
2022-07-18 18:15:00,512.95
2022-07-18 18:30:00,533.63
2022-07-18 18:45:00,543.81
2022-07-18 19:00:00,521.28
2022-07-18 19:15:00,545.0
2022-07-18 19:30:00,551.08
2022-07-18 19:45:00,515.09
2022-07-18 20:00:00,560.03
2022-07-18 20:15:00,529.04
2022-07-18 20:30:00,528.95
2022-07-18 20:45:00,515.08
2022-07-18 21:00:00,554.11
2022-07-18 21:15:00,521.56
2022-07-18 21:30:00,512.91
2022-07-18 21:45:00,440.01
2022-07-18 22:00:00,582.45
2022-07-18 22:15:00,556.23
2022-07-18 22:30:00,400.04
2022-07-18 22:45:00,350.09
2022-07-18 23:00:00,534.79
2022-07-18 23:15:00,513.64
2022-07-18 23:30:00,335.06
2022-07-18 23:45:00,310.0
2022-07-19 00:00:00,451.21
2022-07-19 00:15:00,440.0
2022-07-19 00:30:00,416.57
2022-07-19 00:45:00,369.95
2022-07-19 01:00:00,440.0
2022-07-19 01:15:00,426.21
2022-07-19 01:30:00,359.97
2022-07-19 01:45:00,309.99
2022-07-19 02:00:00,389.97
2022-07-19 02:15:00,369.94
2022-07-19 02:30:00,344.48
2022-07-19 02:45:00,349.91
2022-07-19 03:00:00,354.55
2022-07-19 03:15:00,349.94
2022-07-19 03:30:00,349.92
2022-07-19 03:45:00,349.92
2022-07-19 04:00:00,299.98
2022-07-19 04:15:00,349.93
2022-07-19 04:30:00,359.99
2022-07-19 04:45:00,440.0
2022-07-19 05:00:00,329.9
2022-07-19 05:15:00,365.96
2022-07-19 05:30:00,422.71
2022-07-19 05:45:00,452.22
2022-07-19 06:00:00,426.21
2022-07-19 06:15:00,465.17
2022-07-19 06:30:00,487.21
2022-07-19 06:45:00,521.23
2022-07-19 07:00:00,452.22
2022-07-19 07:15:00,484.74
2022-07-19 07:30:00,488.74
2022-07-19 07:45:00,571.71
2022-07-19 08:00:00,503.03
2022-07-19 08:15:00,528.36
2022-07-19 08:30:00,476.21
2022-07-19 08:45:00,452.22
2022-07-19 09:00:00,488.36
2022-07-19 09:15:00,476.21
2022-07-19 09:30:00,452.22
2022-07-19 09:45:00,451.21
2022-07-19 10:00:00,452.22
2022-07-19 10:15:00,451.21
2022-07-19 10:30:00,452.22
2022-07-19 10:45:00,451.47
2022-07-19 11:00:00,453.52
2022-07-19 11:15:00,452.22
2022-07-19 11:30:00,462.4
2022-07-19 11:45:00,452.22
2022-07-19 12:00:00,454.71
2022-07-19 12:15:00,452.22
2022-07-19 12:30:00,452.22
2022-07-19 12:45:00,462.39
2022-07-19 13:00:00,468.62
2022-07-19 13:15:00,454.94
2022-07-19 13:30:00,452.22
2022-07-19 13:45:00,452.22
2022-07-19 14:00:00,476.21
2022-07-19 14:15:00,452.22
2022-07-19 14:30:00,452.38
2022-07-19 14:45:00,452.22
2022-07-19 15:00:00,461.41
2022-07-19 15:15:00,461.41
2022-07-19 15:30:00,462.37
2022-07-19 15:45:00,453.5
2022-07-19 16:00:00,462.98
2022-07-19 16:15:00,459.14
2022-07-19 16:30:00,464.42
2022-07-19 16:45:00,458.9
2022-07-19 17:00:00,451.21
2022-07-19 17:15:00,484.38
2022-07-19 17:30:00,490.38
2022-07-19 17:45:00,514.04
2022-07-19 18:00:00,476.21
2022-07-19 18:15:00,488.98
2022-07-19 18:30:00,562.57
2022-07-19 18:45:00,589.09
2022-07-19 19:00:00,624.44
2022-07-19 19:15:00,602.96
2022-07-19 19:30:00,560.63
2022-07-19 19:45:00,520.06
2022-07-19 20:00:00,616.34
2022-07-19 20:15:00,586.34
2022-07-19 20:30:00,515.08
2022-07-19 20:45:00,560.09
2022-07-19 21:00:00,616.66
2022-07-19 21:15:00,572.24
2022-07-19 21:30:00,555.92
2022-07-19 21:45:00,470.02
2022-07-19 22:00:00,557.69
2022-07-19 22:15:00,526.45
2022-07-19 22:30:00,501.72
2022-07-19 22:45:00,460.07
2022-07-19 23:00:00,452.22
2022-07-19 23:15:00,426.21
2022-07-19 23:30:00,425.74
2022-07-19 23:45:00,339.91
2022-07-20 00:00:00,429.98
2022-07-20 00:15:00,399.96
2022-07-20 00:30:00,339.95
2022-07-20 00:45:00,290.09
2022-07-20 01:00:00,413.64
2022-07-20 01:15:00,344.38
2022-07-20 01:30:00,259.98
2022-07-20 01:45:00,249.97
2022-07-20 02:00:00,329.99
2022-07-20 02:15:00,309.91
2022-07-20 02:30:00,289.91
2022-07-20 02:45:00,270.2
2022-07-20 03:00:00,314.92
2022-07-20 03:15:00,309.21
2022-07-20 03:30:00,270.09
2022-07-20 03:45:00,270.1
2022-07-20 04:00:00,264.91
2022-07-20 04:15:00,274.94
2022-07-20 04:30:00,289.98
2022-07-20 04:45:00,359.99
2022-07-20 05:00:00,279.91
2022-07-20 05:15:00,290.0
2022-07-20 05:30:00,410.36
2022-07-20 05:45:00,440.0
2022-07-20 06:00:00,315.07
2022-07-20 06:15:00,399.97
2022-07-20 06:30:00,431.2
2022-07-20 06:45:00,447.57
2022-07-20 07:00:00,439.65
2022-07-20 07:15:00,452.35
2022-07-20 07:30:00,453.79
2022-07-20 07:45:00,459.79
2022-07-20 08:00:00,443.7
2022-07-20 08:15:00,440.0
2022-07-20 08:30:00,439.65
2022-07-20 08:45:00,413.64
2022-07-20 09:00:00,449.99
2022-07-20 09:15:00,440.03
2022-07-20 09:30:00,439.65
2022-07-20 09:45:00,413.64
2022-07-20 10:00:00,439.65
2022-07-20 10:15:00,413.64
2022-07-20 10:30:00,439.65
2022-07-20 10:45:00,413.64
2022-07-20 11:00:00,463.64
2022-07-20 11:15:00,463.64
2022-07-20 11:30:00,439.65
2022-07-20 11:45:00,439.65
2022-07-20 12:00:00,447.99
2022-07-20 12:15:00,439.65
2022-07-20 12:30:00,440.0
2022-07-20 12:45:00,441.75
2022-07-20 13:00:00,440.0
2022-07-20 13:15:00,439.65
2022-07-20 13:30:00,439.65
2022-07-20 13:45:00,400.99
2022-07-20 14:00:00,439.65
2022-07-20 14:15:00,439.65
2022-07-20 14:30:00,439.65
2022-07-20 14:45:00,439.65
2022-07-20 15:00:00,413.64
2022-07-20 15:15:00,425.72
2022-07-20 15:30:00,439.65
2022-07-20 15:45:00,439.65
2022-07-20 16:00:00,438.64
2022-07-20 16:15:00,438.64
2022-07-20 16:30:00,438.64
2022-07-20 16:45:00,465.03
2022-07-20 17:00:00,438.64
2022-07-20 17:15:00,440.0
2022-07-20 17:30:00,455.05
2022-07-20 17:45:00,486.06
2022-07-20 18:00:00,431.3
2022-07-20 18:15:00,438.64
2022-07-20 18:30:00,471.45
2022-07-20 18:45:00,495.03
2022-07-20 19:00:00,541.74
2022-07-20 19:15:00,538.04
2022-07-20 19:30:00,479.87
2022-07-20 19:45:00,475.05
2022-07-20 20:00:00,556.64
2022-07-20 20:15:00,537.7
2022-07-20 20:30:00,463.64
2022-07-20 20:45:00,463.64
2022-07-20 21:00:00,478.02
2022-07-20 21:15:00,463.64
2022-07-20 21:30:00,439.65
2022-07-20 21:45:00,438.64
2022-07-20 22:00:00,440.0
2022-07-20 22:15:00,440.0
2022-07-20 22:30:00,439.65
2022-07-20 22:45:00,413.45
2022-07-20 23:00:00,439.65
2022-07-20 23:15:00,388.75
2022-07-20 23:30:00,413.64
2022-07-20 23:45:00,340.05
2022-07-21 00:00:00,413.73
2022-07-21 00:15:00,369.95
2022-07-21 00:30:00,394.23
2022-07-21 00:45:00,339.95
2022-07-21 01:00:00,413.8
2022-07-21 01:15:00,410.96
2022-07-21 01:30:00,329.93
2022-07-21 01:45:00,319.92
2022-07-21 02:00:00,421.91
2022-07-21 02:15:00,362.47
2022-07-21 02:30:00,321.91
2022-07-21 02:45:00,315.72
2022-07-21 03:00:00,329.99
2022-07-21 03:15:00,319.99
2022-07-21 03:30:00,367.03
2022-07-21 03:45:00,319.99
2022-07-21 04:00:00,305.82
2022-07-21 04:15:00,298.71
2022-07-21 04:30:00,329.97
2022-07-21 04:45:00,413.8
2022-07-21 05:00:00,319.95
2022-07-21 05:15:00,360.76
2022-07-21 05:30:00,406.3
2022-07-21 05:45:00,449.92
2022-07-21 06:00:00,419.31
2022-07-21 06:15:00,440.0
2022-07-21 06:30:00,468.82
2022-07-21 06:45:00,484.82
2022-07-21 07:00:00,463.8
2022-07-21 07:15:00,476.3
2022-07-21 07:30:00,528.83
2022-07-21 07:45:00,540.23
2022-07-21 08:00:00,490.83
2022-07-21 08:15:00,474.8
2022-07-21 08:30:00,463.8
2022-07-21 08:45:00,463.8
2022-07-21 09:00:00,475.44
2022-07-21 09:15:00,472.94
2022-07-21 09:30:00,465.44
2022-07-21 09:45:00,439.81
2022-07-21 10:00:00,439.81
2022-07-21 10:15:00,439.81
2022-07-21 10:30:00,439.81
2022-07-21 10:45:00,439.81
2022-07-21 11:00:00,440.0
2022-07-21 11:15:00,439.81
2022-07-21 11:30:00,439.63
2022-07-21 11:45:00,413.8
2022-07-21 12:00:00,441.01
2022-07-21 12:15:00,439.94
2022-07-21 12:30:00,439.81
2022-07-21 12:45:00,413.8
2022-07-21 13:00:00,442.77
2022-07-21 13:15:00,440.0
2022-07-21 13:30:00,439.9
2022-07-21 13:45:00,439.81
2022-07-21 14:00:00,439.81
2022-07-21 14:15:00,441.18
2022-07-21 14:30:00,451.26
2022-07-21 14:45:00,452.46
2022-07-21 15:00:00,450.89
2022-07-21 15:15:00,455.45
2022-07-21 15:30:00,473.39
2022-07-21 15:45:00,460.0
2022-07-21 16:00:00,451.08
2022-07-21 16:15:00,457.56
2022-07-21 16:30:00,459.95
2022-07-21 16:45:00,460.08
2022-07-21 17:00:00,439.81
2022-07-21 17:15:00,440.0
2022-07-21 17:30:00,480.0
2022-07-21 17:45:00,510.03
2022-07-21 18:00:00,459.72
2022-07-21 18:15:00,462.36
2022-07-21 18:30:00,490.08
2022-07-21 18:45:00,525.35
2022-07-21 19:00:00,564.84
2022-07-21 19:15:00,547.01
2022-07-21 19:30:00,552.55
2022-07-21 19:45:00,485.08
2022-07-21 20:00:00,609.6
2022-07-21 20:15:00,579.61
2022-07-21 20:30:00,573.91
2022-07-21 20:45:00,500.1
2022-07-21 21:00:00,551.17
2022-07-21 21:15:00,530.77
2022-07-21 21:30:00,476.57
2022-07-21 21:45:00,438.8
2022-07-21 22:00:00,487.15
2022-07-21 22:15:00,471.65
2022-07-21 22:30:00,439.81
2022-07-21 22:45:00,438.8
2022-07-21 23:00:00,450.0
2022-07-21 23:15:00,438.8
2022-07-21 23:30:00,420.39
2022-07-21 23:45:00,359.92
2022-07-22 00:00:00,434.94
2022-07-22 00:15:00,382.45
2022-07-22 00:30:00,339.9
2022-07-22 00:45:00,300.0
2022-07-22 01:00:00,442.51
2022-07-22 01:15:00,329.98
2022-07-22 01:30:00,301.49
2022-07-22 01:45:00,282.9
2022-07-22 02:00:00,378.2
2022-07-22 02:15:00,329.94
2022-07-22 02:30:00,319.97
2022-07-22 02:45:00,319.97
2022-07-22 03:00:00,329.96
2022-07-22 03:15:00,309.96
2022-07-22 03:30:00,362.49
2022-07-22 03:45:00,319.98
2022-07-22 04:00:00,288.96
2022-07-22 04:15:00,309.93
2022-07-22 04:30:00,311.92
2022-07-22 04:45:00,420.51
2022-07-22 05:00:00,259.99
2022-07-22 05:15:00,329.91
2022-07-22 05:30:00,428.42
2022-07-22 05:45:00,450.0
2022-07-22 06:00:00,354.99
2022-07-22 06:15:00,460.0
2022-07-22 06:30:00,469.9
2022-07-22 06:45:00,487.33
2022-07-22 07:00:00,504.7
2022-07-22 07:15:00,541.59
2022-07-22 07:30:00,552.67
2022-07-22 07:45:00,566.65
2022-07-22 08:00:00,492.51
2022-07-22 08:15:00,492.51
2022-07-22 08:30:00,492.51
2022-07-22 08:45:00,467.51
2022-07-22 09:00:00,467.51
2022-07-22 09:15:00,467.51
2022-07-22 09:30:00,467.51
2022-07-22 09:45:00,461.76
2022-07-22 10:00:00,467.51
2022-07-22 10:15:00,449.93
2022-07-22 10:30:00,433.37
2022-07-22 10:45:00,369.98
2022-07-22 11:00:00,460.0
2022-07-22 11:15:00,442.51
2022-07-22 11:30:00,424.11
2022-07-22 11:45:00,419.61
2022-07-22 12:00:00,467.51
2022-07-22 12:15:00,442.51
2022-07-22 12:30:00,409.99
2022-07-22 12:45:00,389.96
2022-07-22 13:00:00,460.0
2022-07-22 13:15:00,451.02
2022-07-22 13:30:00,419.94
2022-07-22 13:45:00,379.95
2022-07-22 14:00:00,431.51
2022-07-22 14:15:00,412.02
2022-07-22 14:30:00,409.98
2022-07-22 14:45:00,419.96
2022-07-22 15:00:00,433.01
2022-07-22 15:15:00,442.51
2022-07-22 15:30:00,442.64
2022-07-22 15:45:00,460.0
2022-07-22 16:00:00,436.99
2022-07-22 16:15:00,442.51
2022-07-22 16:30:00,455.09
2022-07-22 16:45:00,468.52
2022-07-22 17:00:00,403.34
2022-07-22 17:15:00,460.0
2022-07-22 17:30:00,468.52
2022-07-22 17:45:00,476.67
2022-07-22 18:00:00,454.25
2022-07-22 18:15:00,459.25
2022-07-22 18:30:00,481.35
2022-07-22 18:45:00,504.48
2022-07-22 19:00:00,498.91
2022-07-22 19:15:00,505.08
2022-07-22 19:30:00,525.09
2022-07-22 19:45:00,535.02
2022-07-22 20:00:00,520.09
2022-07-22 20:15:00,515.05
2022-07-22 20:30:00,525.04
2022-07-22 20:45:00,530.78
2022-07-22 21:00:00,560.07
2022-07-22 21:15:00,548.99
2022-07-22 21:30:00,513.37
2022-07-22 21:45:00,467.51
2022-07-22 22:00:00,515.61
2022-07-22 22:15:00,498.61
2022-07-22 22:30:00,492.51
2022-07-22 22:45:00,467.51
2022-07-22 23:00:00,495.05
2022-07-22 23:15:00,467.51
2022-07-22 23:30:00,464.63
2022-07-22 23:45:00,380.0
2022-07-23 00:00:00,422.26
2022-07-23 00:15:00,414.74
2022-07-23 00:30:00,369.95
2022-07-23 00:45:00,349.95
2022-07-23 01:00:00,415.75
2022-07-23 01:15:00,389.74
2022-07-23 01:30:00,319.99
2022-07-23 01:45:00,309.92
2022-07-23 02:00:00,406.49
2022-07-23 02:15:00,329.99
2022-07-23 02:30:00,325.98
2022-07-23 02:45:00,304.65
2022-07-23 03:00:00,389.74
2022-07-23 03:15:00,315.74
2022-07-23 03:30:00,304.67
2022-07-23 03:45:00,309.94
2022-07-23 04:00:00,304.64
2022-07-23 04:15:00,300.79
2022-07-23 04:30:00,309.97
2022-07-23 04:45:00,382.61
2022-07-23 05:00:00,299.93
2022-07-23 05:15:00,309.91
2022-07-23 05:30:00,304.66
2022-07-23 05:45:00,389.74
2022-07-23 06:00:00,309.99
2022-07-23 06:15:00,389.74
2022-07-23 06:30:00,304.69
2022-07-23 06:45:00,355.4
2022-07-23 07:00:00,339.97
2022-07-23 07:15:00,314.95
2022-07-23 07:30:00,349.46
2022-07-23 07:45:00,414.74
2022-07-23 08:00:00,389.74
2022-07-23 08:15:00,309.98
2022-07-23 08:30:00,370.98
2022-07-23 08:45:00,386.98
2022-07-23 09:00:00,414.74
2022-07-23 09:15:00,344.71
2022-07-23 09:30:00,377.67
2022-07-23 09:45:00,283.52
2022-07-23 10:00:00,389.74
2022-07-23 10:15:00,320.0
2022-07-23 10:30:00,309.99
2022-07-23 10:45:00,323.59
2022-07-23 11:00:00,415.75
2022-07-23 11:15:00,339.03
2022-07-23 11:30:00,383.17
2022-07-23 11:45:00,210.29
2022-07-23 12:00:00,415.75
2022-07-23 12:15:00,389.74
2022-07-23 12:30:00,362.52
2022-07-23 12:45:00,160.1
2022-07-23 13:00:00,414.74
2022-07-23 13:15:00,384.74
2022-07-23 13:30:00,300.41
2022-07-23 13:45:00,225.0
2022-07-23 14:00:00,415.75
2022-07-23 14:15:00,389.74
2022-07-23 14:30:00,246.11
2022-07-23 14:45:00,195.0
2022-07-23 15:00:00,215.0
2022-07-23 15:15:00,235.1
2022-07-23 15:30:00,366.83
2022-07-23 15:45:00,415.75
2022-07-23 16:00:00,204.98
2022-07-23 16:15:00,254.99
2022-07-23 16:30:00,389.74
2022-07-23 16:45:00,410.51
2022-07-23 17:00:00,279.91
2022-07-23 17:15:00,303.47
2022-07-23 17:30:00,350.0
2022-07-23 17:45:00,414.74
2022-07-23 18:00:00,283.34
2022-07-23 18:15:00,359.9
2022-07-23 18:30:00,375.84
2022-07-23 18:45:00,401.54
2022-07-23 19:00:00,365.07
2022-07-23 19:15:00,390.06
2022-07-23 19:30:00,414.74
2022-07-23 19:45:00,414.33
2022-07-23 20:00:00,414.74
2022-07-23 20:15:00,414.74
2022-07-23 20:30:00,410.46
2022-07-23 20:45:00,420.0
2022-07-23 21:00:00,439.74
2022-07-23 21:15:00,414.74
2022-07-23 21:30:00,414.74
2022-07-23 21:45:00,377.22
2022-07-23 22:00:00,450.0
2022-07-23 22:15:00,415.08
2022-07-23 22:30:00,400.0
2022-07-23 22:45:00,350.09
2022-07-23 23:00:00,415.75
2022-07-23 23:15:00,397.57
2022-07-23 23:30:00,349.91
2022-07-23 23:45:00,314.95
2022-07-24 00:00:00,385.12
2022-07-24 00:15:00,369.94
2022-07-24 00:30:00,334.2
2022-07-24 00:45:00,294.99
2022-07-24 01:00:00,385.12
2022-07-24 01:15:00,355.38
2022-07-24 01:30:00,309.98
2022-07-24 01:45:00,264.99
2022-07-24 02:00:00,366.52
2022-07-24 02:15:00,309.97
2022-07-24 02:30:00,299.95
2022-07-24 02:45:00,249.99
2022-07-24 03:00:00,346.62
2022-07-24 03:15:00,282.1
2022-07-24 03:30:00,349.12
2022-07-24 03:45:00,260.0
2022-07-24 04:00:00,342.86
2022-07-24 04:15:00,290.0
2022-07-24 04:30:00,301.0
2022-07-24 04:45:00,285.45
2022-07-24 05:00:00,264.98
2022-07-24 05:15:00,263.22
2022-07-24 05:30:00,224.97
2022-07-24 05:45:00,217.69
2022-07-24 06:00:00,264.97
2022-07-24 06:15:00,254.99
2022-07-24 06:30:00,259.94
2022-07-24 06:45:00,210.0
2022-07-24 07:00:00,264.99
2022-07-24 07:15:00,284.12
2022-07-24 07:30:00,259.93
2022-07-24 07:45:00,192.95
2022-07-24 08:00:00,254.95
2022-07-24 08:15:00,244.95
2022-07-24 08:30:00,199.96
2022-07-24 08:45:00,162.44
2022-07-24 09:00:00,279.96
2022-07-24 09:15:00,259.9
2022-07-24 09:30:00,199.95
2022-07-24 09:45:00,149.45
2022-07-24 10:00:00,350.12
2022-07-24 10:15:00,299.99
2022-07-24 10:30:00,261.36
2022-07-24 10:45:00,199.98
2022-07-24 11:00:00,385.12
2022-07-24 11:15:00,300.0
2022-07-24 11:30:00,260.03
2022-07-24 11:45:00,189.98
2022-07-24 12:00:00,385.12
2022-07-24 12:15:00,289.46
2022-07-24 12:30:00,229.98
2022-07-24 12:45:00,219.92
2022-07-24 13:00:00,329.91
2022-07-24 13:15:00,239.97
2022-07-24 13:30:00,200.0
2022-07-24 13:45:00,190.0
2022-07-24 14:00:00,249.93
2022-07-24 14:15:00,239.91
2022-07-24 14:30:00,239.92
2022-07-24 14:45:00,229.78
2022-07-24 15:00:00,169.96
2022-07-24 15:15:00,199.98
2022-07-24 15:30:00,300.0
2022-07-24 15:45:00,360.12
2022-07-24 16:00:00,113.92
2022-07-24 16:15:00,277.59
2022-07-24 16:30:00,360.12
2022-07-24 16:45:00,377.12
2022-07-24 17:00:00,168.48
2022-07-24 17:15:00,250.14
2022-07-24 17:30:00,360.12
2022-07-24 17:45:00,386.13
2022-07-24 18:00:00,232.68
2022-07-24 18:15:00,314.5
2022-07-24 18:30:00,386.13
2022-07-24 18:45:00,394.94
2022-07-24 19:00:00,375.58
2022-07-24 19:15:00,385.12
2022-07-24 19:30:00,400.0
2022-07-24 19:45:00,399.53
2022-07-24 20:00:00,385.12
2022-07-24 20:15:00,430.01
2022-07-24 20:30:00,460.0
2022-07-24 20:45:00,480.01
2022-07-24 21:00:00,440.04
2022-07-24 21:15:00,440.03
2022-07-24 21:30:00,434.49
2022-07-24 21:45:00,425.04
2022-07-24 22:00:00,459.5
2022-07-24 22:15:00,425.09
2022-07-24 22:30:00,405.05
2022-07-24 22:45:00,390.03
2022-07-24 23:00:00,408.87
2022-07-24 23:15:00,393.76
2022-07-24 23:30:00,385.12
2022-07-24 23:45:00,360.12
2022-07-25 00:00:00,399.9
2022-07-25 00:15:00,354.96
2022-07-25 00:30:00,299.33
2022-07-25 00:45:00,287.64
2022-07-25 01:00:00,369.91
2022-07-25 01:15:00,329.96
2022-07-25 01:30:00,314.94
2022-07-25 01:45:00,285.94
2022-07-25 02:00:00,329.99
2022-07-25 02:15:00,319.95
2022-07-25 02:30:00,309.97
2022-07-25 02:45:00,309.38
2022-07-25 03:00:00,299.96
2022-07-25 03:15:00,289.98
2022-07-25 03:30:00,290.0
2022-07-25 03:45:00,319.88
2022-07-25 04:00:00,259.45
2022-07-25 04:15:00,289.91
2022-07-25 04:30:00,304.96
2022-07-25 04:45:00,349.91
2022-07-25 05:00:00,260.0
2022-07-25 05:15:00,276.45
2022-07-25 05:30:00,371.81
2022-07-25 05:45:00,439.93
2022-07-25 06:00:00,284.64
2022-07-25 06:15:00,394.94
2022-07-25 06:30:00,428.74
2022-07-25 06:45:00,439.93
2022-07-25 07:00:00,441.63
2022-07-25 07:15:00,443.68
2022-07-25 07:30:00,432.63
2022-07-25 07:45:00,441.88
2022-07-25 08:00:00,450.34
2022-07-25 08:15:00,444.69
2022-07-25 08:30:00,435.82
2022-07-25 08:45:00,421.07
2022-07-25 09:00:00,444.69
2022-07-25 09:15:00,430.04
2022-07-25 09:30:00,443.68
2022-07-25 09:45:00,431.66
2022-07-25 10:00:00,444.69
2022-07-25 10:15:00,418.68
2022-07-25 10:30:00,370.0
2022-07-25 10:45:00,418.63
2022-07-25 11:00:00,443.68
2022-07-25 11:15:00,443.68
2022-07-25 11:30:00,417.04
2022-07-25 11:45:00,345.1
2022-07-25 12:00:00,443.68
2022-07-25 12:15:00,395.1
2022-07-25 12:30:00,399.46
2022-07-25 12:45:00,412.46
2022-07-25 13:00:00,418.68
2022-07-25 13:15:00,418.68
2022-07-25 13:30:00,418.68
2022-07-25 13:45:00,414.19
2022-07-25 14:00:00,413.75
2022-07-25 14:15:00,409.25
2022-07-25 14:30:00,414.75
2022-07-25 14:45:00,414.25
2022-07-25 15:00:00,408.24
2022-07-25 15:15:00,407.74
2022-07-25 15:30:00,406.74
2022-07-25 15:45:00,425.0
2022-07-25 16:00:00,422.32
2022-07-25 16:15:00,350.0
2022-07-25 16:30:00,435.0
2022-07-25 16:45:00,444.69
2022-07-25 17:00:00,329.42
2022-07-25 17:15:00,443.68
2022-07-25 17:30:00,444.69
2022-07-25 17:45:00,450.01
2022-07-25 18:00:00,428.19
2022-07-25 18:15:00,439.44
2022-07-25 18:30:00,460.01
2022-07-25 18:45:00,470.01
2022-07-25 19:00:00,445.0
2022-07-25 19:15:00,470.05
2022-07-25 19:30:00,500.03
2022-07-25 19:45:00,444.69
2022-07-25 20:00:00,490.02
2022-07-25 20:15:00,468.68
2022-07-25 20:30:00,468.68
2022-07-25 20:45:00,443.68
2022-07-25 21:00:00,491.15
2022-07-25 21:15:00,468.68
2022-07-25 21:30:00,455.0
2022-07-25 21:45:00,425.04
2022-07-25 22:00:00,460.01
2022-07-25 22:15:00,444.69
2022-07-25 22:30:00,418.68
2022-07-25 22:45:00,375.09
2022-07-25 23:00:00,444.69
2022-07-25 23:15:00,430.93
2022-07-25 23:30:00,340.0
2022-07-25 23:45:00,320.05
2022-07-26 00:00:00,420.21
2022-07-26 00:15:00,398.99
2022-07-26 00:30:00,354.9
2022-07-26 00:45:00,300.0
2022-07-26 01:00:00,393.02
2022-07-26 01:15:00,359.97
2022-07-26 01:30:00,334.92
2022-07-26 01:45:00,280.1
2022-07-26 02:00:00,409.9
2022-07-26 02:15:00,300.0
2022-07-26 02:30:00,270.1
2022-07-26 02:45:00,260.34
2022-07-26 03:00:00,354.91
2022-07-26 03:15:00,280.1
2022-07-26 03:30:00,275.78
2022-07-26 03:45:00,290.0
2022-07-26 04:00:00,260.0
2022-07-26 04:15:00,266.52
2022-07-26 04:30:00,298.15
2022-07-26 04:45:00,359.95
2022-07-26 05:00:00,250.0
2022-07-26 05:15:00,296.01
2022-07-26 05:30:00,364.13
2022-07-26 05:45:00,429.67
2022-07-26 06:00:00,281.13
2022-07-26 06:15:00,426.5
2022-07-26 06:30:00,455.37
2022-07-26 06:45:00,500.0
2022-07-26 07:00:00,404.97
2022-07-26 07:15:00,444.98
2022-07-26 07:30:00,469.99
2022-07-26 07:45:00,514.92
2022-07-26 08:00:00,455.01
2022-07-26 08:15:00,460.05
2022-07-26 08:30:00,484.34
2022-07-26 08:45:00,500.0
2022-07-26 09:00:00,460.0
2022-07-26 09:15:00,450.04
2022-07-26 09:30:00,430.06
2022-07-26 09:45:00,427.51
2022-07-26 10:00:00,490.0
2022-07-26 10:15:00,475.0
2022-07-26 10:30:00,475.0
2022-07-26 10:45:00,480.0
2022-07-26 11:00:00,452.23
2022-07-26 11:15:00,435.09
2022-07-26 11:30:00,456.73
2022-07-26 11:45:00,435.78
2022-07-26 12:00:00,460.0
2022-07-26 12:15:00,430.0
2022-07-26 12:30:00,443.42
2022-07-26 12:45:00,426.5
2022-07-26 13:00:00,470.0
2022-07-26 13:15:00,465.0
2022-07-26 13:30:00,435.12
2022-07-26 13:45:00,427.51
2022-07-26 14:00:00,435.06
2022-07-26 14:15:00,440.06
2022-07-26 14:30:00,445.07
2022-07-26 14:45:00,459.61
2022-07-26 15:00:00,430.06
2022-07-26 15:15:00,450.02
2022-07-26 15:30:00,447.84
2022-07-26 15:45:00,451.87
2022-07-26 16:00:00,429.38
2022-07-26 16:15:00,430.09
2022-07-26 16:30:00,455.01
2022-07-26 16:45:00,445.46
2022-07-26 17:00:00,427.51
2022-07-26 17:15:00,430.06
2022-07-26 17:30:00,435.19
2022-07-26 17:45:00,479.03
2022-07-26 18:00:00,426.5
2022-07-26 18:15:00,450.07
2022-07-26 18:30:00,475.06
2022-07-26 18:45:00,495.07
2022-07-26 19:00:00,475.07
2022-07-26 19:15:00,480.07
2022-07-26 19:30:00,485.07
2022-07-26 19:45:00,451.5
2022-07-26 20:00:00,500.0
2022-07-26 20:15:00,490.04
2022-07-26 20:30:00,499.02
2022-07-26 20:45:00,426.5
2022-07-26 21:00:00,500.07
2022-07-26 21:15:00,481.81
2022-07-26 21:30:00,451.5
2022-07-26 21:45:00,426.5
2022-07-26 22:00:00,522.34
2022-07-26 22:15:00,500.0
2022-07-26 22:30:00,445.0
2022-07-26 22:45:00,410.0
2022-07-26 23:00:00,455.1
2022-07-26 23:15:00,427.51
2022-07-26 23:30:00,395.0
2022-07-26 23:45:00,330.05
2022-07-27 00:00:00,449.95
2022-07-27 00:15:00,441.39
2022-07-27 00:30:00,384.98
2022-07-27 00:45:00,364.94
2022-07-27 01:00:00,406.87
2022-07-27 01:15:00,369.99
2022-07-27 01:30:00,354.93
2022-07-27 01:45:00,327.67
2022-07-27 02:00:00,375.43
2022-07-27 02:15:00,354.98
2022-07-27 02:30:00,339.99
2022-07-27 02:45:00,329.98
2022-07-27 03:00:00,349.99
2022-07-27 03:15:00,344.98
2022-07-27 03:30:00,360.23
2022-07-27 03:45:00,344.98
2022-07-27 04:00:00,322.96
2022-07-27 04:15:00,339.93
2022-07-27 04:30:00,359.98
2022-07-27 04:45:00,423.86
2022-07-27 05:00:00,310.0
2022-07-27 05:15:00,354.96
2022-07-27 05:30:00,423.96
2022-07-27 05:45:00,464.93
2022-07-27 06:00:00,377.56
2022-07-27 06:15:00,448.86
2022-07-27 06:30:00,469.97
2022-07-27 06:45:00,519.9
2022-07-27 07:00:00,461.16
2022-07-27 07:15:00,500.0
2022-07-27 07:30:00,514.91
2022-07-27 07:45:00,509.93
2022-07-27 08:00:00,515.07
2022-07-27 08:15:00,495.07
2022-07-27 08:30:00,483.61
2022-07-27 08:45:00,446.24
2022-07-27 09:00:00,520.0
2022-07-27 09:15:00,490.0
2022-07-27 09:30:00,473.86
2022-07-27 09:45:00,430.0
2022-07-27 10:00:00,515.0
2022-07-27 10:15:00,495.0
2022-07-27 10:30:00,473.72
2022-07-27 10:45:00,454.93
2022-07-27 11:00:00,486.87
2022-07-27 11:15:00,470.3
2022-07-27 11:30:00,481.37
2022-07-27 11:45:00,448.86
2022-07-27 12:00:00,499.94
2022-07-27 12:15:00,474.94
2022-07-27 12:30:00,459.99
2022-07-27 12:45:00,454.95
2022-07-27 13:00:00,499.92
2022-07-27 13:15:00,459.97
2022-07-27 13:30:00,459.91
2022-07-27 13:45:00,449.87
2022-07-27 14:00:00,454.92
2022-07-27 14:15:00,464.91
2022-07-27 14:30:00,471.1
2022-07-27 14:45:00,465.59
2022-07-27 15:00:00,434.98
2022-07-27 15:15:00,466.15
2022-07-27 15:30:00,470.1
2022-07-27 15:45:00,490.0
2022-07-27 16:00:00,448.64
2022-07-27 16:15:00,449.93
2022-07-27 16:30:00,466.21
2022-07-27 16:45:00,495.06
2022-07-27 17:00:00,448.11
2022-07-27 17:15:00,473.62
2022-07-27 17:30:00,507.77
2022-07-27 17:45:00,510.1
2022-07-27 18:00:00,460.04
2022-07-27 18:15:00,490.01
2022-07-27 18:30:00,500.0
2022-07-27 18:45:00,550.02
2022-07-27 19:00:00,575.05
2022-07-27 19:15:00,500.09
2022-07-27 19:30:00,513.23
2022-07-27 19:45:00,495.02
2022-07-27 20:00:00,555.0
2022-07-27 20:15:00,528.69
2022-07-27 20:30:00,524.5
2022-07-27 20:45:00,510.02
2022-07-27 21:00:00,570.04
2022-07-27 21:15:00,510.07
2022-07-27 21:30:00,473.86
2022-07-27 21:45:00,450.02
2022-07-27 22:00:00,552.8
2022-07-27 22:15:00,493.96
2022-07-27 22:30:00,448.86
2022-07-27 22:45:00,444.16
2022-07-27 23:00:00,500.02
2022-07-27 23:15:00,450.0
2022-07-27 23:30:00,425.0
2022-07-27 23:45:00,375.62
2022-07-28 00:00:00,519.97
2022-07-28 00:15:00,479.99
2022-07-28 00:30:00,469.03
2022-07-28 00:45:00,395.0
2022-07-28 01:00:00,479.92
2022-07-28 01:15:00,415.0
2022-07-28 01:30:00,403.96
2022-07-28 01:45:00,389.94
2022-07-28 02:00:00,449.93
2022-07-28 02:15:00,394.98
2022-07-28 02:30:00,380.0
2022-07-28 02:45:00,416.38
2022-07-28 03:00:00,397.71
2022-07-28 03:15:00,419.9
2022-07-28 03:30:00,384.98
2022-07-28 03:45:00,384.96
2022-07-28 04:00:00,370.0
2022-07-28 04:15:00,404.95
2022-07-28 04:30:00,394.98
2022-07-28 04:45:00,469.92
2022-07-28 05:00:00,355.0
2022-07-28 05:15:00,399.95
2022-07-28 05:30:00,483.69
2022-07-28 05:45:00,539.92
2022-07-28 06:00:00,439.94
2022-07-28 06:15:00,519.05
2022-07-28 06:30:00,548.67
2022-07-28 06:45:00,559.95
2022-07-28 07:00:00,572.66
2022-07-28 07:15:00,612.9
2022-07-28 07:30:00,633.38
2022-07-28 07:45:00,642.59
2022-07-28 08:00:00,585.78
2022-07-28 08:15:00,579.98
2022-07-28 08:30:00,572.66
2022-07-28 08:45:00,572.66
2022-07-28 09:00:00,550.73
2022-07-28 09:15:00,550.71
2022-07-28 09:30:00,548.67
2022-07-28 09:45:00,548.67
2022-07-28 10:00:00,548.67
2022-07-28 10:15:00,548.67
2022-07-28 10:30:00,548.67
2022-07-28 10:45:00,548.67
2022-07-28 11:00:00,522.66
2022-07-28 11:15:00,522.66
2022-07-28 11:30:00,529.9
2022-07-28 11:45:00,499.95
2022-07-28 12:00:00,522.66
2022-07-28 12:15:00,514.66
2022-07-28 12:30:00,500.0
2022-07-28 12:45:00,486.83
2022-07-28 13:00:00,522.66
2022-07-28 13:15:00,519.93
2022-07-28 13:30:00,509.92
2022-07-28 13:45:00,498.74
2022-07-28 14:00:00,500.0
2022-07-28 14:15:00,500.0
2022-07-28 14:30:00,519.92
2022-07-28 14:45:00,522.66
2022-07-28 15:00:00,499.96
2022-07-28 15:15:00,519.93
2022-07-28 15:30:00,513.46
2022-07-28 15:45:00,522.66
2022-07-28 16:00:00,489.98
2022-07-28 16:15:00,519.98
2022-07-28 16:30:00,543.94
2022-07-28 16:45:00,550.0
2022-07-28 17:00:00,489.97
2022-07-28 17:15:00,548.67
2022-07-28 17:30:00,550.77
2022-07-28 17:45:00,580.04
2022-07-28 18:00:00,572.66
2022-07-28 18:15:00,577.44
2022-07-28 18:30:00,602.53
2022-07-28 18:45:00,615.0
2022-07-28 19:00:00,627.22
2022-07-28 19:15:00,633.44
2022-07-28 19:30:00,633.5
2022-07-28 19:45:00,629.92
2022-07-28 20:00:00,648.33
2022-07-28 20:15:00,620.89
2022-07-28 20:30:00,619.96
2022-07-28 20:45:00,619.93
2022-07-28 21:00:00,619.97
2022-07-28 21:15:00,599.97
2022-07-28 21:30:00,572.66
2022-07-28 21:45:00,547.66
2022-07-28 22:00:00,575.0
2022-07-28 22:15:00,548.67
2022-07-28 22:30:00,539.24
2022-07-28 22:45:00,500.83
2022-07-28 23:00:00,548.86
2022-07-28 23:15:00,548.67
2022-07-28 23:30:00,511.54
2022-07-28 23:45:00,449.94
2022-07-29 00:00:00,529.91
2022-07-29 00:15:00,489.91
2022-07-29 00:30:00,453.05
2022-07-29 00:45:00,399.95
2022-07-29 01:00:00,450.0
2022-07-29 01:15:00,424.99
2022-07-29 01:30:00,409.94
2022-07-29 01:45:00,379.06
2022-07-29 02:00:00,419.98
2022-07-29 02:15:00,404.97
2022-07-29 02:30:00,389.99
2022-07-29 02:45:00,374.99
2022-07-29 03:00:00,404.98
2022-07-29 03:15:00,394.98
2022-07-29 03:30:00,389.99
2022-07-29 03:45:00,407.9
2022-07-29 04:00:00,351.22
2022-07-29 04:15:00,389.93
2022-07-29 04:30:00,404.94
2022-07-29 04:45:00,469.91
2022-07-29 05:00:00,345.0
2022-07-29 05:15:00,409.92
2022-07-29 05:30:00,461.81
2022-07-29 05:45:00,529.94
2022-07-29 06:00:00,385.0
2022-07-29 06:15:00,499.9
2022-07-29 06:30:00,540.84
2022-07-29 06:45:00,589.91
2022-07-29 07:00:00,489.97
2022-07-29 07:15:00,549.92
2022-07-29 07:30:00,559.93
2022-07-29 07:45:00,569.97
2022-07-29 08:00:00,555.0
2022-07-29 08:15:00,535.0
2022-07-29 08:30:00,549.9
2022-07-29 08:45:00,500.0
2022-07-29 09:00:00,589.9
2022-07-29 09:15:00,525.0
2022-07-29 09:30:00,538.92
2022-07-29 09:45:00,450.0
2022-07-29 10:00:00,579.95
2022-07-29 10:15:00,514.99
2022-07-29 10:30:00,514.35
2022-07-29 10:45:00,468.03
2022-07-29 11:00:00,529.55
2022-07-29 11:15:00,500.0
2022-07-29 11:30:00,500.0
2022-07-29 11:45:00,489.93
2022-07-29 12:00:00,529.99
2022-07-29 12:15:00,519.95
2022-07-29 12:30:00,499.96
2022-07-29 12:45:00,459.79
2022-07-29 13:00:00,541.09
2022-07-29 13:15:00,500.0
2022-07-29 13:30:00,484.99
2022-07-29 13:45:00,489.92
2022-07-29 14:00:00,500.0
2022-07-29 14:15:00,500.0
2022-07-29 14:30:00,500.0
2022-07-29 14:45:00,514.99
2022-07-29 15:00:00,489.91
2022-07-29 15:15:00,491.15
2022-07-29 15:30:00,504.96
2022-07-29 15:45:00,529.98
2022-07-29 16:00:00,451.81
2022-07-29 16:15:00,500.0
2022-07-29 16:30:00,569.9
2022-07-29 16:45:00,565.0
2022-07-29 17:00:00,466.17
2022-07-29 17:15:00,500.0
2022-07-29 17:30:00,569.91
2022-07-29 17:45:00,599.91
2022-07-29 18:00:00,519.91
2022-07-29 18:15:00,538.76
2022-07-29 18:30:00,555.0
2022-07-29 18:45:00,586.09
2022-07-29 19:00:00,557.47
2022-07-29 19:15:00,579.91
2022-07-29 19:30:00,550.0
2022-07-29 19:45:00,540.0
2022-07-29 20:00:00,586.0
2022-07-29 20:15:00,540.0
2022-07-29 20:30:00,550.0
2022-07-29 20:45:00,540.0
2022-07-29 21:00:00,599.91
2022-07-29 21:15:00,573.38
2022-07-29 21:30:00,510.0
2022-07-29 21:45:00,480.0
2022-07-29 22:00:00,580.0
2022-07-29 22:15:00,569.92
2022-07-29 22:30:00,494.06
2022-07-29 22:45:00,460.0
2022-07-29 23:00:00,570.0
2022-07-29 23:15:00,510.0
2022-07-29 23:30:00,464.9
2022-07-29 23:45:00,415.04
2022-07-30 00:00:00,459.81
2022-07-30 00:15:00,439.91
2022-07-30 00:30:00,402.64
2022-07-30 00:45:00,389.94
2022-07-30 01:00:00,426.68
2022-07-30 01:15:00,403.65
2022-07-30 01:30:00,388.7
2022-07-30 01:45:00,364.96
2022-07-30 02:00:00,406.57
2022-07-30 02:15:00,390.0
2022-07-30 02:30:00,377.64
2022-07-30 02:45:00,363.23
2022-07-30 03:00:00,402.64
2022-07-30 03:15:00,369.96
2022-07-30 03:30:00,359.97
2022-07-30 03:45:00,354.97
2022-07-30 04:00:00,366.94
2022-07-30 04:15:00,377.64
2022-07-30 04:30:00,371.44
2022-07-30 04:45:00,375.44
2022-07-30 05:00:00,336.56
2022-07-30 05:15:00,374.94
2022-07-30 05:30:00,374.94
2022-07-30 05:45:00,402.64
2022-07-30 06:00:00,369.97
2022-07-30 06:15:00,377.64
2022-07-30 06:30:00,384.91
2022-07-30 06:45:00,403.65
2022-07-30 07:00:00,374.95
2022-07-30 07:15:00,384.98
2022-07-30 07:30:00,402.64
2022-07-30 07:45:00,427.64
2022-07-30 08:00:00,394.94
2022-07-30 08:15:00,394.95
2022-07-30 08:30:00,398.27
2022-07-30 08:45:00,402.64
2022-07-30 09:00:00,409.94
2022-07-30 09:15:00,402.64
2022-07-30 09:30:00,402.64
2022-07-30 09:45:00,379.99
2022-07-30 10:00:00,409.97
2022-07-30 10:15:00,403.65
2022-07-30 10:30:00,377.64
2022-07-30 10:45:00,377.64
2022-07-30 11:00:00,420.09
2022-07-30 11:15:00,412.53
2022-07-30 11:30:00,403.53
2022-07-30 11:45:00,359.97
2022-07-30 12:00:00,450.0
2022-07-30 12:15:00,403.65
2022-07-30 12:30:00,377.64
2022-07-30 12:45:00,337.84
2022-07-30 13:00:00,404.96
2022-07-30 13:15:00,403.65
2022-07-30 13:30:00,368.73
2022-07-30 13:45:00,354.95
2022-07-30 14:00:00,403.65
2022-07-30 14:15:00,386.89
2022-07-30 14:30:00,369.97
2022-07-30 14:45:00,369.95
2022-07-30 15:00:00,376.42
2022-07-30 15:15:00,377.64
2022-07-30 15:30:00,379.92
2022-07-30 15:45:00,399.98
2022-07-30 16:00:00,324.99
2022-07-30 16:15:00,357.03
2022-07-30 16:30:00,399.96
2022-07-30 16:45:00,408.16
2022-07-30 17:00:00,319.99
2022-07-30 17:15:00,399.91
2022-07-30 17:30:00,403.65
2022-07-30 17:45:00,425.09
2022-07-30 18:00:00,389.94
2022-07-30 18:15:00,404.93
2022-07-30 18:30:00,427.64
2022-07-30 18:45:00,435.07
2022-07-30 19:00:00,404.96
2022-07-30 19:15:00,439.9
2022-07-30 19:30:00,448.65
2022-07-30 19:45:00,461.33
2022-07-30 20:00:00,440.0
2022-07-30 20:15:00,441.14
2022-07-30 20:30:00,478.79
2022-07-30 20:45:00,440.06
2022-07-30 21:00:00,476.28
2022-07-30 21:15:00,460.0
2022-07-30 21:30:00,435.0
2022-07-30 21:45:00,405.0
2022-07-30 22:00:00,490.0
2022-07-30 22:15:00,465.0
2022-07-30 22:30:00,415.0
2022-07-30 22:45:00,392.75
2022-07-30 23:00:00,490.0
2022-07-30 23:15:00,440.0
2022-07-30 23:30:00,395.0
2022-07-30 23:45:00,359.97
2022-07-31 00:00:00,470.28
2022-07-31 00:15:00,404.51
2022-07-31 00:30:00,384.51
2022-07-31 00:45:00,359.51
2022-07-31 01:00:00,386.19
2022-07-31 01:15:00,384.51
2022-07-31 01:30:00,378.13
2022-07-31 01:45:00,359.51
2022-07-31 02:00:00,378.14
2022-07-31 02:15:00,359.51
2022-07-31 02:30:00,359.51
2022-07-31 02:45:00,359.51
2022-07-31 03:00:00,359.51
2022-07-31 03:15:00,359.51
2022-07-31 03:30:00,359.51
2022-07-31 03:45:00,359.51
2022-07-31 04:00:00,334.51
2022-07-31 04:15:00,360.22
2022-07-31 04:30:00,334.51
2022-07-31 04:45:00,334.51
2022-07-31 05:00:00,320.78
2022-07-31 05:15:00,324.78
2022-07-31 05:30:00,301.99
2022-07-31 05:45:00,301.99
2022-07-31 06:00:00,241.58
2022-07-31 06:15:00,299.24
2022-07-31 06:30:00,321.51
2022-07-31 06:45:00,324.51
2022-07-31 07:00:00,232.7
2022-07-31 07:15:00,282.32
2022-07-31 07:30:00,332.25
2022-07-31 07:45:00,324.25
2022-07-31 08:00:00,205.71
2022-07-31 08:15:00,215.95
2022-07-31 08:30:00,300.0
2022-07-31 08:45:00,321.2
2022-07-31 09:00:00,333.81
2022-07-31 09:15:00,180.09
2022-07-31 09:30:00,250.63
2022-07-31 09:45:00,250.63
2022-07-31 10:00:00,275.15
2022-07-31 10:15:00,308.39
2022-07-31 10:30:00,324.51
2022-07-31 10:45:00,325.51
2022-07-31 11:00:00,318.98
2022-07-31 11:15:00,317.48
2022-07-31 11:30:00,327.98
2022-07-31 11:45:00,322.98
2022-07-31 12:00:00,356.47
2022-07-31 12:15:00,320.94
2022-07-31 12:30:00,316.44
2022-07-31 12:45:00,142.41
2022-07-31 13:00:00,334.51
2022-07-31 13:15:00,334.51
2022-07-31 13:30:00,331.05
2022-07-31 13:45:00,188.59
2022-07-31 14:00:00,244.6
2022-07-31 14:15:00,311.51
2022-07-31 14:30:00,307.07
2022-07-31 14:45:00,257.13
2022-07-31 15:00:00,208.01
2022-07-31 15:15:00,334.51
2022-07-31 15:30:00,334.51
2022-07-31 15:45:00,334.51
2022-07-31 16:00:00,334.51
2022-07-31 16:15:00,334.51
2022-07-31 16:30:00,346.46
2022-07-31 16:45:00,360.52
2022-07-31 17:00:00,359.51
2022-07-31 17:15:00,360.52
2022-07-31 17:30:00,360.52
2022-07-31 17:45:00,365.3
2022-07-31 18:00:00,360.52
2022-07-31 18:15:00,369.64
2022-07-31 18:30:00,376.11
2022-07-31 18:45:00,437.73
2022-07-31 19:00:00,389.01
2022-07-31 19:15:00,392.51
2022-07-31 19:30:00,430.31
2022-07-31 19:45:00,402.51
2022-07-31 20:00:00,396.06
2022-07-31 20:15:00,399.06
2022-07-31 20:30:00,570.93
2022-07-31 20:45:00,401.06
2022-07-31 21:00:00,393.11
2022-07-31 21:15:00,535.13
2022-07-31 21:30:00,402.11
2022-07-31 21:45:00,404.61
2022-07-31 22:00:00,575.88
2022-07-31 22:15:00,403.56
2022-07-31 22:30:00,397.06
2022-07-31 22:45:00,360.52
2022-07-31 23:00:00,450.0
2022-07-31 23:15:00,455.14
2022-07-31 23:30:00,369.64
2022-07-31 23:45:00,360.52
2022-08-01 00:00:00,494.51
2022-08-01 00:15:00,493.51
2022-08-01 00:30:00,392.44
2022-08-01 00:45:00,275.73
2022-08-01 01:00:00,479.26
2022-08-01 01:15:00,480.76
2022-08-01 01:30:00,330.7
2022-08-01 01:45:00,261.28
2022-08-01 02:00:00,461.75
2022-08-01 02:15:00,255.8
2022-08-01 02:30:00,467.25
2022-08-01 02:45:00,323.56
2022-08-01 03:00:00,282.42
2022-08-01 03:15:00,261.9
2022-08-01 03:30:00,468.51
2022-08-01 03:45:00,480.51
2022-08-01 04:00:00,252.5
2022-08-01 04:15:00,267.45
2022-08-01 04:30:00,480.76
2022-08-01 04:45:00,506.77
2022-08-01 05:00:00,73.62
2022-08-01 05:15:00,474.76
2022-08-01 05:30:00,506.77
2022-08-01 05:45:00,515.89
2022-08-01 06:00:00,185.54
2022-08-01 06:15:00,493.26
2022-08-01 06:30:00,506.77
2022-08-01 06:45:00,506.77
2022-08-01 07:00:00,476.65
2022-08-01 07:15:00,505.76
2022-08-01 07:30:00,505.76
2022-08-01 07:45:00,505.76
2022-08-01 08:00:00,505.76
2022-08-01 08:15:00,505.76
2022-08-01 08:30:00,480.76
2022-08-01 08:45:00,460.64
2022-08-01 09:00:00,505.76
2022-08-01 09:15:00,505.76
2022-08-01 09:30:00,471.76
2022-08-01 09:45:00,304.18
2022-08-01 10:00:00,501.82
2022-08-01 10:15:00,487.07
2022-08-01 10:30:00,494.57
2022-08-01 10:45:00,490.82
2022-08-01 11:00:00,505.76
2022-08-01 11:15:00,505.76
2022-08-01 11:30:00,460.22
2022-08-01 11:45:00,341.57
2022-08-01 12:00:00,491.51
2022-08-01 12:15:00,497.51
2022-08-01 12:30:00,494.76
2022-08-01 12:45:00,492.26
2022-08-01 13:00:00,505.76
2022-08-01 13:15:00,502.8
2022-08-01 13:30:00,495.05
2022-08-01 13:45:00,471.34
2022-08-01 14:00:00,457.21
2022-08-01 14:15:00,407.31
2022-08-01 14:30:00,460.71
2022-08-01 14:45:00,505.76
2022-08-01 15:00:00,505.76
2022-08-01 15:15:00,505.76
2022-08-01 15:30:00,390.45
2022-08-01 15:45:00,429.93
2022-08-01 16:00:00,466.26
2022-08-01 16:15:00,486.76
2022-08-01 16:30:00,483.26
2022-08-01 16:45:00,483.01
2022-08-01 17:00:00,331.72
2022-08-01 17:15:00,480.76
2022-08-01 17:30:00,505.76
2022-08-01 17:45:00,505.76
2022-08-01 18:00:00,505.76
2022-08-01 18:15:00,505.76
2022-08-01 18:30:00,505.76
2022-08-01 18:45:00,505.76
2022-08-01 19:00:00,505.76
2022-08-01 19:15:00,505.76
2022-08-01 19:30:00,505.76
2022-08-01 19:45:00,505.76
2022-08-01 20:00:00,505.76
2022-08-01 20:15:00,505.76
2022-08-01 20:30:00,505.76
2022-08-01 20:45:00,494.32
2022-08-01 21:00:00,517.5
2022-08-01 21:15:00,506.77
2022-08-01 21:30:00,506.77
2022-08-01 21:45:00,480.76
2022-08-01 22:00:00,506.77
2022-08-01 22:15:00,506.77
2022-08-01 22:30:00,497.29
2022-08-01 22:45:00,480.76
2022-08-01 23:00:00,506.77
2022-08-01 23:15:00,506.77
2022-08-01 23:30:00,455.8
2022-08-01 23:45:00,298.81
2022-08-02 00:00:00,466.36
2022-08-02 00:15:00,439.97
2022-08-02 00:30:00,449.95
2022-08-02 00:45:00,404.54
2022-08-02 01:00:00,455.25
2022-08-02 01:15:00,409.98
2022-08-02 01:30:00,384.97
2022-08-02 01:45:00,369.92
2022-08-02 02:00:00,435.36
2022-08-02 02:15:00,389.97
2022-08-02 02:30:00,374.97
2022-08-02 02:45:00,359.94
2022-08-02 03:00:00,380.0
2022-08-02 03:15:00,369.97
2022-08-02 03:30:00,409.34
2022-08-02 03:45:00,369.98
2022-08-02 04:00:00,349.94
2022-08-02 04:15:00,359.98
2022-08-02 04:30:00,394.67
2022-08-02 04:45:00,449.98
2022-08-02 05:00:00,324.28
2022-08-02 05:15:00,374.97
2022-08-02 05:30:00,449.98
2022-08-02 05:45:00,492.16
2022-08-02 06:00:00,390.0
2022-08-02 06:15:00,444.96
2022-08-02 06:30:00,482.15
2022-08-02 06:45:00,490.54
2022-08-02 07:00:00,476.28
2022-08-02 07:15:00,481.14
2022-08-02 07:30:00,481.14
2022-08-02 07:45:00,481.14
2022-08-02 08:00:00,519.9
2022-08-02 08:15:00,494.56
2022-08-02 08:30:00,481.14
2022-08-02 08:45:00,479.64
2022-08-02 09:00:00,482.15
2022-08-02 09:15:00,475.0
2022-08-02 09:30:00,445.0
2022-08-02 09:45:00,390.0
2022-08-02 10:00:00,482.15
2022-08-02 10:15:00,479.92
2022-08-02 10:30:00,424.98
2022-08-02 10:45:00,350.0
2022-08-02 11:00:00,482.15
2022-08-02 11:15:00,482.15
2022-08-02 11:30:00,424.96
2022-08-02 11:45:00,359.91
2022-08-02 12:00:00,465.0
2022-08-02 12:15:00,452.94
2022-08-02 12:30:00,427.19
2022-08-02 12:45:00,405.1
2022-08-02 13:00:00,449.94
2022-08-02 13:15:00,454.94
2022-08-02 13:30:00,438.84
2022-08-02 13:45:00,420.0
2022-08-02 14:00:00,434.67
2022-08-02 14:15:00,438.17
2022-08-02 14:30:00,446.17
2022-08-02 14:45:00,456.14
2022-08-02 15:00:00,429.92
2022-08-02 15:15:00,424.98
2022-08-02 15:30:00,459.9
2022-08-02 15:45:00,455.0
2022-08-02 16:00:00,344.96
2022-08-02 16:15:00,419.95
2022-08-02 16:30:00,479.93
2022-08-02 16:45:00,485.03
2022-08-02 17:00:00,347.27
2022-08-02 17:15:00,469.97
2022-08-02 17:30:00,490.05
2022-08-02 17:45:00,500.08
2022-08-02 18:00:00,399.98
2022-08-02 18:15:00,481.14
2022-08-02 18:30:00,500.04
2022-08-02 18:45:00,520.32
2022-08-02 19:00:00,481.14
2022-08-02 19:15:00,495.0
2022-08-02 19:30:00,529.9
2022-08-02 19:45:00,519.82
2022-08-02 20:00:00,511.11
2022-08-02 20:15:00,510.0
2022-08-02 20:30:00,505.0
2022-08-02 20:45:00,500.0
2022-08-02 21:00:00,578.66
2022-08-02 21:15:00,520.0
2022-08-02 21:30:00,500.0
2022-08-02 21:45:00,481.14
2022-08-02 22:00:00,555.0
2022-08-02 22:15:00,515.0
2022-08-02 22:30:00,482.15
2022-08-02 22:45:00,477.97
2022-08-02 23:00:00,527.02
2022-08-02 23:15:00,485.0
2022-08-02 23:30:00,456.14
2022-08-02 23:45:00,424.97
2022-08-03 00:00:00,454.9
2022-08-03 00:15:00,419.98
2022-08-03 00:30:00,399.97
2022-08-03 00:45:00,374.94
2022-08-03 01:00:00,417.35
2022-08-03 01:15:00,404.93
2022-08-03 01:30:00,380.86
2022-08-03 01:45:00,345.0
2022-08-03 02:00:00,409.94
2022-08-03 02:15:00,396.85
2022-08-03 02:30:00,351.45
2022-08-03 02:45:00,330.0
2022-08-03 03:00:00,384.91
2022-08-03 03:15:00,340.0
2022-08-03 03:30:00,374.92
2022-08-03 03:45:00,340.1
2022-08-03 04:00:00,320.0
2022-08-03 04:15:00,368.32
2022-08-03 04:30:00,384.91
2022-08-03 04:45:00,415.0
2022-08-03 05:00:00,291.62
2022-08-03 05:15:00,361.2
2022-08-03 05:30:00,417.35
2022-08-03 05:45:00,469.93
2022-08-03 06:00:00,380.06
2022-08-03 06:15:00,431.51
2022-08-03 06:30:00,454.64
2022-08-03 06:45:00,459.95
2022-08-03 07:00:00,443.36
2022-08-03 07:15:00,467.35
2022-08-03 07:30:00,442.35
2022-08-03 07:45:00,442.35
2022-08-03 08:00:00,500.03
2022-08-03 08:15:00,467.35
2022-08-03 08:30:00,440.1
2022-08-03 08:45:00,387.3
2022-08-03 09:00:00,499.55
2022-08-03 09:15:00,460.01
2022-08-03 09:30:00,424.9
2022-08-03 09:45:00,334.93
2022-08-03 10:00:00,463.01
2022-08-03 10:15:00,443.36
2022-08-03 10:30:00,417.35
2022-08-03 10:45:00,399.96
2022-08-03 11:00:00,455.12
2022-08-03 11:15:00,444.92
2022-08-03 11:30:00,428.45
2022-08-03 11:45:00,399.97
2022-08-03 12:00:00,445.1
2022-08-03 12:15:00,443.36
2022-08-03 12:30:00,429.06
2022-08-03 12:45:00,417.35
2022-08-03 13:00:00,444.07
2022-08-03 13:15:00,443.36
2022-08-03 13:30:00,443.36
2022-08-03 13:45:00,415.1
2022-08-03 14:00:00,443.36
2022-08-03 14:15:00,420.19
2022-08-03 14:30:00,425.0
2022-08-03 14:45:00,443.36
2022-08-03 15:00:00,417.35
2022-08-03 15:15:00,429.98
2022-08-03 15:30:00,435.1
2022-08-03 15:45:00,452.24
2022-08-03 16:00:00,431.26
2022-08-03 16:15:00,443.36
2022-08-03 16:30:00,445.0
2022-08-03 16:45:00,466.78
2022-08-03 17:00:00,434.82
2022-08-03 17:15:00,443.36
2022-08-03 17:30:00,460.84
2022-08-03 17:45:00,492.42
2022-08-03 18:00:00,409.85
2022-08-03 18:15:00,460.0
2022-08-03 18:30:00,500.08
2022-08-03 18:45:00,549.73
2022-08-03 19:00:00,489.51
2022-08-03 19:15:00,529.96
2022-08-03 19:30:00,569.91
2022-08-03 19:45:00,560.0
2022-08-03 20:00:00,606.82
2022-08-03 20:15:00,549.96
2022-08-03 20:30:00,539.9
2022-08-03 20:45:00,539.9
2022-08-03 21:00:00,579.98
2022-08-03 21:15:00,561.76
2022-08-03 21:30:00,519.99
2022-08-03 21:45:00,467.35
2022-08-03 22:00:00,579.9
2022-08-03 22:15:00,525.46
2022-08-03 22:30:00,499.92
2022-08-03 22:45:00,442.35
2022-08-03 23:00:00,520.0
2022-08-03 23:15:00,469.24
2022-08-03 23:30:00,449.91
2022-08-03 23:45:00,442.35
2022-08-04 00:00:00,466.44
2022-08-04 00:15:00,466.44
2022-08-04 00:30:00,439.9
2022-08-04 00:45:00,380.09
2022-08-04 01:00:00,453.43
2022-08-04 01:15:00,410.06
2022-08-04 01:30:00,390.05
2022-08-04 01:45:00,366.84
2022-08-04 02:00:00,450.0
2022-08-04 02:15:00,400.1
2022-08-04 02:30:00,385.08
2022-08-04 02:45:00,375.08
2022-08-04 03:00:00,401.74
2022-08-04 03:15:00,370.09
2022-08-04 03:30:00,370.09
2022-08-04 03:45:00,370.09
2022-08-04 04:00:00,345.06
2022-08-04 04:15:00,360.08
2022-08-04 04:30:00,409.91
2022-08-04 04:45:00,439.98
2022-08-04 05:00:00,327.55
2022-08-04 05:15:00,382.77
2022-08-04 05:30:00,444.95
2022-08-04 05:45:00,489.91
2022-08-04 06:00:00,385.01
2022-08-04 06:15:00,440.43
2022-08-04 06:30:00,482.32
2022-08-04 06:45:00,520.0
2022-08-04 07:00:00,464.92
2022-08-04 07:15:00,466.44
2022-08-04 07:30:00,474.98
2022-08-04 07:45:00,488.39
2022-08-04 08:00:00,484.9
2022-08-04 08:15:00,476.27
2022-08-04 08:30:00,466.44
2022-08-04 08:45:00,440.43
2022-08-04 09:00:00,480.09
2022-08-04 09:15:00,466.44
2022-08-04 09:30:00,440.43
2022-08-04 09:45:00,394.99
2022-08-04 10:00:00,466.44
2022-08-04 10:15:00,440.08
2022-08-04 10:30:00,429.47
2022-08-04 10:45:00,406.14
2022-08-04 11:00:00,450.09
2022-08-04 11:15:00,440.43
2022-08-04 11:30:00,440.43
2022-08-04 11:45:00,390.06
2022-08-04 12:00:00,466.44
2022-08-04 12:15:00,440.02
2022-08-04 12:30:00,420.05
2022-08-04 12:45:00,405.04
2022-08-04 13:00:00,443.75
2022-08-04 13:15:00,440.43
2022-08-04 13:30:00,440.03
2022-08-04 13:45:00,425.01
2022-08-04 14:00:00,435.1
2022-08-04 14:15:00,435.07
2022-08-04 14:30:00,441.96
2022-08-04 14:45:00,440.43
2022-08-04 15:00:00,424.18
2022-08-04 15:15:00,440.43
2022-08-04 15:30:00,440.43
2022-08-04 15:45:00,460.07
2022-08-04 16:00:00,370.07
2022-08-04 16:15:00,440.43
2022-08-04 16:30:00,465.43
2022-08-04 16:45:00,476.83
2022-08-04 17:00:00,424.97
2022-08-04 17:15:00,455.95
2022-08-04 17:30:00,465.07
2022-08-04 17:45:00,485.89
2022-08-04 18:00:00,472.93
2022-08-04 18:15:00,490.43
2022-08-04 18:30:00,470.07
2022-08-04 18:45:00,495.07
2022-08-04 19:00:00,479.98
2022-08-04 19:15:00,490.43
2022-08-04 19:30:00,494.92
2022-08-04 19:45:00,490.43
2022-08-04 20:00:00,520.0
2022-08-04 20:15:00,509.51
2022-08-04 20:30:00,499.97
2022-08-04 20:45:00,490.43
2022-08-04 21:00:00,524.97
2022-08-04 21:15:00,520.0
2022-08-04 21:30:00,490.43
2022-08-04 21:45:00,447.61
2022-08-04 22:00:00,520.0
2022-08-04 22:15:00,509.92
2022-08-04 22:30:00,460.53
2022-08-04 22:45:00,429.96
2022-08-04 23:00:00,510.02
2022-08-04 23:15:00,466.44
2022-08-04 23:30:00,426.46
2022-08-04 23:45:00,395.05
2022-08-05 00:00:00,442.06
2022-08-05 00:15:00,420.1
2022-08-05 00:30:00,417.06
2022-08-05 00:45:00,394.91
2022-08-05 01:00:00,439.91
2022-08-05 01:15:00,390.0
2022-08-05 01:30:00,375.0
2022-08-05 01:45:00,345.09
2022-08-05 02:00:00,395.0
2022-08-05 02:15:00,380.0
2022-08-05 02:30:00,365.0
2022-08-05 02:45:00,340.0
2022-08-05 03:00:00,370.0
2022-08-05 03:15:00,356.71
2022-08-05 03:30:00,322.58
2022-08-05 03:45:00,344.2
2022-08-05 04:00:00,326.35
2022-08-05 04:15:00,350.0
2022-08-05 04:30:00,365.0
2022-08-05 04:45:00,415.49
2022-08-05 05:00:00,330.0
2022-08-05 05:15:00,394.94
2022-08-05 05:30:00,430.86
2022-08-05 05:45:00,443.07
2022-08-05 06:00:00,355.0
2022-08-05 06:15:00,443.07
2022-08-05 06:30:00,450.1
2022-08-05 06:45:00,500.03
2022-08-05 07:00:00,420.1
2022-08-05 07:15:00,442.06
2022-08-05 07:30:00,462.88
2022-08-05 07:45:00,474.91
2022-08-05 08:00:00,490.09
2022-08-05 08:15:00,470.66
2022-08-05 08:30:00,450.0
2022-08-05 08:45:00,438.86
2022-08-05 09:00:00,480.07
2022-08-05 09:15:00,465.12
2022-08-05 09:30:00,442.06
2022-08-05 09:45:00,404.75
2022-08-05 10:00:00,445.0
2022-08-05 10:15:00,443.07
2022-08-05 10:30:00,443.07
2022-08-05 10:45:00,417.06
2022-08-05 11:00:00,443.07
2022-08-05 11:15:00,443.07
2022-08-05 11:30:00,442.81
2022-08-05 11:45:00,391.04
2022-08-05 12:00:00,445.0
2022-08-05 12:15:00,417.06
2022-08-05 12:30:00,401.13
2022-08-05 12:45:00,375.1
2022-08-05 13:00:00,442.06
2022-08-05 13:15:00,417.06
2022-08-05 13:30:00,395.1
2022-08-05 13:45:00,395.0
2022-08-05 14:00:00,397.46
2022-08-05 14:15:00,395.0
2022-08-05 14:30:00,405.0
2022-08-05 14:45:00,415.0
2022-08-05 15:00:00,355.1
2022-08-05 15:15:00,412.03
2022-08-05 15:30:00,414.03
2022-08-05 15:45:00,417.06
2022-08-05 16:00:00,335.0
2022-08-05 16:15:00,415.06
2022-08-05 16:30:00,423.42
2022-08-05 16:45:00,455.02
2022-08-05 17:00:00,368.85
2022-08-05 17:15:00,417.06
2022-08-05 17:30:00,435.09
2022-08-05 17:45:00,459.68
2022-08-05 18:00:00,422.48
2022-08-05 18:15:00,433.88
2022-08-05 18:30:00,438.38
2022-08-05 18:45:00,465.03
2022-08-05 19:00:00,443.07
2022-08-05 19:15:00,443.07
2022-08-05 19:30:00,443.05
2022-08-05 19:45:00,444.66
2022-08-05 20:00:00,445.07
2022-08-05 20:15:00,445.02
2022-08-05 20:30:00,442.06
2022-08-05 20:45:00,442.06
2022-08-05 21:00:00,487.52
2022-08-05 21:15:00,455.1
2022-08-05 21:30:00,442.06
2022-08-05 21:45:00,395.06
2022-08-05 22:00:00,495.0
2022-08-05 22:15:00,452.38
2022-08-05 22:30:00,440.0
2022-08-05 22:45:00,385.0
2022-08-05 23:00:00,450.0
2022-08-05 23:15:00,443.07
2022-08-05 23:30:00,411.12
2022-08-05 23:45:00,345.0
2022-08-06 00:00:00,425.77
2022-08-06 00:15:00,376.32
2022-08-06 00:30:00,349.96
2022-08-06 00:45:00,290.25
2022-08-06 01:00:00,376.32
2022-08-06 01:15:00,334.97
2022-08-06 01:30:00,298.85
2022-08-06 01:45:00,255.08
2022-08-06 02:00:00,353.06
2022-08-06 02:15:00,313.82
2022-08-06 02:30:00,269.95
2022-08-06 02:45:00,249.96
2022-08-06 03:00:00,329.96
2022-08-06 03:15:00,257.02
2022-08-06 03:30:00,279.91
2022-08-06 03:45:00,254.94
2022-08-06 04:00:00,254.99
2022-08-06 04:15:00,252.09
2022-08-06 04:30:00,269.96
2022-08-06 04:45:00,323.93
2022-08-06 05:00:00,224.02
2022-08-06 05:15:00,245.97
2022-08-06 05:30:00,289.97
2022-08-06 05:45:00,350.31
2022-08-06 06:00:00,224.47
2022-08-06 06:15:00,251.31
2022-08-06 06:30:00,309.96
2022-08-06 06:45:00,359.42
2022-08-06 07:00:00,259.32
2022-08-06 07:15:00,279.93
2022-08-06 07:30:00,312.47
2022-08-06 07:45:00,350.31
2022-08-06 08:00:00,277.92
2022-08-06 08:15:00,280.03
2022-08-06 08:30:00,305.93
2022-08-06 08:45:00,339.91
2022-08-06 09:00:00,335.03
2022-08-06 09:15:00,295.05
2022-08-06 09:30:00,300.0
2022-08-06 09:45:00,247.23
2022-08-06 10:00:00,344.9
2022-08-06 10:15:00,319.9
2022-08-06 10:30:00,261.85
2022-08-06 10:45:00,215.07
2022-08-06 11:00:00,309.6
2022-08-06 11:15:00,289.98
2022-08-06 11:30:00,274.95
2022-08-06 11:45:00,229.93
2022-08-06 12:00:00,370.11
2022-08-06 12:15:00,299.94
2022-08-06 12:30:00,224.97
2022-08-06 12:45:00,189.91
2022-08-06 13:00:00,300.0
2022-08-06 13:15:00,279.96
2022-08-06 13:30:00,229.94
2022-08-06 13:45:00,222.1
2022-08-06 14:00:00,257.07
2022-08-06 14:15:00,249.98
2022-08-06 14:30:00,269.92
2022-08-06 14:45:00,249.98
2022-08-06 15:00:00,213.88
2022-08-06 15:15:00,244.98
2022-08-06 15:30:00,274.98
2022-08-06 15:45:00,294.99
2022-08-06 16:00:00,180.0
2022-08-06 16:15:00,249.95
2022-08-06 16:30:00,304.98
2022-08-06 16:45:00,350.31
2022-08-06 17:00:00,210.05
2022-08-06 17:15:00,265.02
2022-08-06 17:30:00,310.01
2022-08-06 17:45:00,356.15
2022-08-06 18:00:00,330.42
2022-08-06 18:15:00,339.97
2022-08-06 18:30:00,349.98
2022-08-06 18:45:00,365.61
2022-08-06 19:00:00,376.32
2022-08-06 19:15:00,379.94
2022-08-06 19:30:00,389.9
2022-08-06 19:45:00,376.32
2022-08-06 20:00:00,420.16
2022-08-06 20:15:00,400.31
2022-08-06 20:30:00,409.94
2022-08-06 20:45:00,399.92
2022-08-06 21:00:00,449.95
2022-08-06 21:15:00,408.3
2022-08-06 21:30:00,400.31
2022-08-06 21:45:00,364.31
2022-08-06 22:00:00,430.36
2022-08-06 22:15:00,400.31
2022-08-06 22:30:00,367.06
2022-08-06 22:45:00,351.81
2022-08-06 23:00:00,396.47
2022-08-06 23:15:00,375.31
2022-08-06 23:30:00,323.35
2022-08-06 23:45:00,294.9
2022-08-07 00:00:00,417.86
2022-08-07 00:15:00,380.94
2022-08-07 00:30:00,247.64
2022-08-07 00:45:00,221.33
2022-08-07 01:00:00,392.86
2022-08-07 01:15:00,281.73
2022-08-07 01:30:00,232.5
2022-08-07 01:45:00,219.74
2022-08-07 02:00:00,400.19
2022-08-07 02:15:00,237.59
2022-08-07 02:30:00,208.34
2022-08-07 02:45:00,196.16
2022-08-07 03:00:00,307.89
2022-08-07 03:15:00,232.58
2022-08-07 03:30:00,228.31
2022-08-07 03:45:00,226.71
2022-08-07 04:00:00,245.96
2022-08-07 04:15:00,233.4
2022-08-07 04:30:00,231.0
2022-08-07 04:45:00,281.63
2022-08-07 05:00:00,227.6
2022-08-07 05:15:00,227.78
2022-08-07 05:30:00,227.6
2022-08-07 05:45:00,289.02
2022-08-07 06:00:00,214.07
2022-08-07 06:15:00,221.0
2022-08-07 06:30:00,236.93
2022-08-07 06:45:00,300.0
2022-08-07 07:00:00,206.73
2022-08-07 07:15:00,213.58
2022-08-07 07:30:00,231.3
2022-08-07 07:45:00,333.04
2022-08-07 08:00:00,197.02
2022-08-07 08:15:00,206.64
2022-08-07 08:30:00,214.76
2022-08-07 08:45:00,363.62
2022-08-07 09:00:00,184.34
2022-08-07 09:15:00,186.97
2022-08-07 09:30:00,267.58
2022-08-07 09:45:00,304.33
2022-08-07 10:00:00,279.0
2022-08-07 10:15:00,162.38
2022-08-07 10:30:00,164.75
2022-08-07 10:45:00,298.41
2022-08-07 11:00:00,368.36
2022-08-07 11:15:00,267.6
2022-08-07 11:30:00,146.0
2022-08-07 11:45:00,142.8
2022-08-07 12:00:00,377.86
2022-08-07 12:15:00,319.35
2022-08-07 12:30:00,126.78
2022-08-07 12:45:00,118.33
2022-08-07 13:00:00,390.86
2022-08-07 13:15:00,320.45
2022-08-07 13:30:00,109.89
2022-08-07 13:45:00,104.5
2022-08-07 14:00:00,171.13
2022-08-07 14:15:00,268.08
2022-08-07 14:30:00,109.26
2022-08-07 14:45:00,375.61
2022-08-07 15:00:00,122.34
2022-08-07 15:15:00,124.81
2022-08-07 15:30:00,301.99
2022-08-07 15:45:00,374.86
2022-08-07 16:00:00,147.63
2022-08-07 16:15:00,153.23
2022-08-07 16:30:00,325.08
2022-08-07 16:45:00,390.86
2022-08-07 17:00:00,189.13
2022-08-07 17:15:00,213.48
2022-08-07 17:30:00,300.0
2022-08-07 17:45:00,383.06
2022-08-07 18:00:00,279.7
2022-08-07 18:15:00,299.06
2022-08-07 18:30:00,392.86
2022-08-07 18:45:00,418.87
2022-08-07 19:00:00,417.86
2022-08-07 19:15:00,417.86
2022-08-07 19:30:00,417.86
2022-08-07 19:45:00,426.41
2022-08-07 20:00:00,417.86
2022-08-07 20:15:00,417.86
2022-08-07 20:30:00,420.05
2022-08-07 20:45:00,417.86
2022-08-07 21:00:00,417.86
2022-08-07 21:15:00,417.86
2022-08-07 21:30:00,417.86
2022-08-07 21:45:00,417.86
2022-08-07 22:00:00,418.87
2022-08-07 22:15:00,418.87
2022-08-07 22:30:00,417.86
2022-08-07 22:45:00,392.64
2022-08-07 23:00:00,418.87
2022-08-07 23:15:00,418.87
2022-08-07 23:30:00,417.86
2022-08-07 23:45:00,307.48
2022-08-08 00:00:00,446.88
2022-08-08 00:15:00,400.38
2022-08-08 00:30:00,261.54
2022-08-08 00:45:00,223.12
2022-08-08 01:00:00,386.4
2022-08-08 01:15:00,290.6
2022-08-08 01:30:00,257.45
2022-08-08 01:45:00,245.61
2022-08-08 02:00:00,300.0
2022-08-08 02:15:00,267.77
2022-08-08 02:30:00,267.06
2022-08-08 02:45:00,260.4
2022-08-08 03:00:00,266.17
2022-08-08 03:15:00,266.98
2022-08-08 03:30:00,275.27
2022-08-08 03:45:00,278.18
2022-08-08 04:00:00,151.09
2022-08-08 04:15:00,260.7
2022-08-08 04:30:00,289.29
2022-08-08 04:45:00,421.88
2022-08-08 05:00:00,106.48
2022-08-08 05:15:00,300.0
2022-08-08 05:30:00,447.89
2022-08-08 05:45:00,446.88
2022-08-08 06:00:00,206.42
2022-08-08 06:15:00,421.88
2022-08-08 06:30:00,450.0
2022-08-08 06:45:00,456.05
2022-08-08 07:00:00,410.19
2022-08-08 07:15:00,446.88
2022-08-08 07:30:00,446.88
2022-08-08 07:45:00,450.0
2022-08-08 08:00:00,417.79
2022-08-08 08:15:00,433.84
2022-08-08 08:30:00,445.09
2022-08-08 08:45:00,440.84
2022-08-08 09:00:00,446.56
2022-08-08 09:15:00,446.88
2022-08-08 09:30:00,374.57
2022-08-08 09:45:00,287.37
2022-08-08 10:00:00,446.88
2022-08-08 10:15:00,294.28
2022-08-08 10:30:00,402.68
2022-08-08 10:45:00,368.35
2022-08-08 11:00:00,446.88
2022-08-08 11:15:00,403.44
2022-08-08 11:30:00,414.44
2022-08-08 11:45:00,294.28
2022-08-08 12:00:00,446.88
2022-08-08 12:15:00,294.82
2022-08-08 12:30:00,397.88
2022-08-08 12:45:00,361.31
2022-08-08 13:00:00,447.89
2022-08-08 13:15:00,447.89
2022-08-08 13:30:00,421.83
2022-08-08 13:45:00,288.43
2022-08-08 14:00:00,413.63
2022-08-08 14:15:00,386.89
2022-08-08 14:30:00,407.63
2022-08-08 14:45:00,383.97
2022-08-08 15:00:00,410.07
2022-08-08 15:15:00,403.07
2022-08-08 15:30:00,404.07
2022-08-08 15:45:00,403.07
2022-08-08 16:00:00,415.09
2022-08-08 16:15:00,418.09
2022-08-08 16:30:00,397.09
2022-08-08 16:45:00,397.09
2022-08-08 17:00:00,306.46
2022-08-08 17:15:00,419.88
2022-08-08 17:30:00,446.88
2022-08-08 17:45:00,446.88
2022-08-08 18:00:00,423.97
2022-08-08 18:15:00,428.47
2022-08-08 18:30:00,446.88
2022-08-08 18:45:00,446.88
2022-08-08 19:00:00,466.56
2022-08-08 19:15:00,446.88
2022-08-08 19:30:00,446.88
2022-08-08 19:45:00,439.38
2022-08-08 20:00:00,446.88
2022-08-08 20:15:00,446.88
2022-08-08 20:30:00,442.79
2022-08-08 20:45:00,405.19
2022-08-08 21:00:00,471.88
2022-08-08 21:15:00,450.0
2022-08-08 21:30:00,446.88
2022-08-08 21:45:00,419.76
2022-08-08 22:00:00,450.0
2022-08-08 22:15:00,447.89
2022-08-08 22:30:00,421.88
2022-08-08 22:45:00,411.44
2022-08-08 23:00:00,450.53
2022-08-08 23:15:00,447.89
2022-08-08 23:30:00,421.88
2022-08-08 23:45:00,342.5
2022-08-09 00:00:00,389.91
2022-08-09 00:15:00,325.0
2022-08-09 00:30:00,329.9
2022-08-09 00:45:00,276.22
2022-08-09 01:00:00,305.0
2022-08-09 01:15:00,285.0
2022-08-09 01:30:00,270.0
2022-08-09 01:45:00,255.0
2022-08-09 02:00:00,300.0
2022-08-09 02:15:00,276.14
2022-08-09 02:30:00,257.52
2022-08-09 02:45:00,246.34
2022-08-09 03:00:00,268.77
2022-08-09 03:15:00,269.48
2022-08-09 03:30:00,269.06
2022-08-09 03:45:00,261.8
2022-08-09 04:00:00,261.07
2022-08-09 04:15:00,272.05
2022-08-09 04:30:00,270.1
2022-08-09 04:45:00,324.91
2022-08-09 05:00:00,257.37
2022-08-09 05:15:00,307.98
2022-08-09 05:30:00,320.0
2022-08-09 05:45:00,394.96
2022-08-09 06:00:00,288.82
2022-08-09 06:15:00,394.97
2022-08-09 06:30:00,439.92
2022-08-09 06:45:00,464.93
2022-08-09 07:00:00,390.35
2022-08-09 07:15:00,425.07
2022-08-09 07:30:00,439.91
2022-08-09 07:45:00,434.96
2022-08-09 08:00:00,435.09
2022-08-09 08:15:00,425.07
2022-08-09 08:30:00,415.0
2022-08-09 08:45:00,385.81
2022-08-09 09:00:00,425.08
2022-08-09 09:15:00,425.07
2022-08-09 09:30:00,360.1
2022-08-09 09:45:00,310.0
2022-08-09 10:00:00,384.05
2022-08-09 10:15:00,370.58
2022-08-09 10:30:00,310.09
2022-08-09 10:45:00,290.16
2022-08-09 11:00:00,385.0
2022-08-09 11:15:00,375.0
2022-08-09 11:30:00,365.0
2022-08-09 11:45:00,302.36
2022-08-09 12:00:00,395.0
2022-08-09 12:15:00,360.0
2022-08-09 12:30:00,301.07
2022-08-09 12:45:00,335.0
2022-08-09 13:00:00,353.31
2022-08-09 13:15:00,355.0
2022-08-09 13:30:00,355.0
2022-08-09 13:45:00,310.05
2022-08-09 14:00:00,365.0
2022-08-09 14:15:00,334.28
2022-08-09 14:30:00,330.07
2022-08-09 14:45:00,360.08
2022-08-09 15:00:00,350.04
2022-08-09 15:15:00,310.05
2022-08-09 15:30:00,340.04
2022-08-09 15:45:00,400.07
2022-08-09 16:00:00,340.08
2022-08-09 16:15:00,311.84
2022-08-09 16:30:00,377.6
2022-08-09 16:45:00,426.08
2022-08-09 17:00:00,330.05
2022-08-09 17:15:00,394.25
2022-08-09 17:30:00,425.07
2022-08-09 17:45:00,430.07
2022-08-09 18:00:00,380.0
2022-08-09 18:15:00,430.0
2022-08-09 18:30:00,431.34
2022-08-09 18:45:00,450.1
2022-08-09 19:00:00,450.07
2022-08-09 19:15:00,458.39
2022-08-09 19:30:00,465.0
2022-08-09 19:45:00,459.9
2022-08-09 20:00:00,455.0
2022-08-09 20:15:00,464.9
2022-08-09 20:30:00,450.07
2022-08-09 20:45:00,429.23
2022-08-09 21:00:00,475.06
2022-08-09 21:15:00,449.81
2022-08-09 21:30:00,420.0
2022-08-09 21:45:00,375.06
2022-08-09 22:00:00,455.08
2022-08-09 22:15:00,426.08
2022-08-09 22:30:00,408.77
2022-08-09 22:45:00,369.92
2022-08-09 23:00:00,444.94
2022-08-09 23:15:00,425.07
2022-08-09 23:30:00,354.98
2022-08-09 23:45:00,334.95
2022-08-10 00:00:00,395.28
2022-08-10 00:15:00,326.94
2022-08-10 00:30:00,294.97
2022-08-10 00:45:00,284.96
2022-08-10 01:00:00,359.9
2022-08-10 01:15:00,289.97
2022-08-10 01:30:00,274.97
2022-08-10 01:45:00,269.94
2022-08-10 02:00:00,349.96
2022-08-10 02:15:00,281.36
2022-08-10 02:30:00,272.85
2022-08-10 02:45:00,264.99
2022-08-10 03:00:00,284.98
2022-08-10 03:15:00,306.22
2022-08-10 03:30:00,269.98
2022-08-10 03:45:00,274.99
2022-08-10 04:00:00,262.64
2022-08-10 04:15:00,299.42
2022-08-10 04:30:00,284.96
2022-08-10 04:45:00,339.92
2022-08-10 05:00:00,239.97
2022-08-10 05:15:00,300.0
2022-08-10 05:30:00,358.62
2022-08-10 05:45:00,399.92
2022-08-10 06:00:00,290.33
2022-08-10 06:15:00,409.95
2022-08-10 06:30:00,428.73
2022-08-10 06:45:00,450.0
2022-08-10 07:00:00,405.84
2022-08-10 07:15:00,414.97
2022-08-10 07:30:00,421.29
2022-08-10 07:45:00,424.99
2022-08-10 08:00:00,427.32
2022-08-10 08:15:00,420.28
2022-08-10 08:30:00,409.53
2022-08-10 08:45:00,395.53
2022-08-10 09:00:00,420.28
2022-08-10 09:15:00,383.28
2022-08-10 09:30:00,365.39
2022-08-10 09:45:00,300.0
2022-08-10 10:00:00,353.7
2022-08-10 10:15:00,320.09
2022-08-10 10:30:00,325.0
2022-08-10 10:45:00,284.99
2022-08-10 11:00:00,350.0
2022-08-10 11:15:00,300.07
2022-08-10 11:30:00,319.12
2022-08-10 11:45:00,268.73
2022-08-10 12:00:00,350.0
2022-08-10 12:15:00,289.71
2022-08-10 12:30:00,315.0
2022-08-10 12:45:00,300.0
2022-08-10 13:00:00,337.13
2022-08-10 13:15:00,320.0
2022-08-10 13:30:00,315.0
2022-08-10 13:45:00,280.04
2022-08-10 14:00:00,310.0
2022-08-10 14:15:00,314.6
2022-08-10 14:30:00,325.0
2022-08-10 14:45:00,300.07
2022-08-10 15:00:00,299.08
2022-08-10 15:15:00,299.08
2022-08-10 15:30:00,310.09
2022-08-10 15:45:00,344.03
2022-08-10 16:00:00,253.8
2022-08-10 16:15:00,294.09
2022-08-10 16:30:00,354.15
2022-08-10 16:45:00,395.28
2022-08-10 17:00:00,305.05
2022-08-10 17:15:00,349.96
2022-08-10 17:30:00,390.06
2022-08-10 17:45:00,421.29
2022-08-10 18:00:00,386.95
2022-08-10 18:15:00,420.28
2022-08-10 18:30:00,421.29
2022-08-10 18:45:00,430.08
2022-08-10 19:00:00,430.0
2022-08-10 19:15:00,445.0
2022-08-10 19:30:00,449.9
2022-08-10 19:45:00,423.12
2022-08-10 20:00:00,445.28
2022-08-10 20:15:00,428.21
2022-08-10 20:30:00,420.28
2022-08-10 20:45:00,430.04
2022-08-10 21:00:00,455.0
2022-08-10 21:15:00,440.0
2022-08-10 21:30:00,415.0
2022-08-10 21:45:00,365.0
2022-08-10 22:00:00,450.0
2022-08-10 22:15:00,425.0
2022-08-10 22:30:00,380.78
2022-08-10 22:45:00,339.82
2022-08-10 23:00:00,425.0
2022-08-10 23:15:00,395.28
2022-08-10 23:30:00,344.94
2022-08-10 23:45:00,324.91
2022-08-11 00:00:00,365.8
2022-08-11 00:15:00,339.99
2022-08-11 00:30:00,314.92
2022-08-11 00:45:00,268.16
2022-08-11 01:00:00,339.94
2022-08-11 01:15:00,319.92
2022-08-11 01:30:00,297.49
2022-08-11 01:45:00,264.39
2022-08-11 02:00:00,339.95
2022-08-11 02:15:00,319.92
2022-08-11 02:30:00,272.02
2022-08-11 02:45:00,268.11
2022-08-11 03:00:00,295.0
2022-08-11 03:15:00,275.1
2022-08-11 03:30:00,297.51
2022-08-11 03:45:00,309.91
2022-08-11 04:00:00,268.69
2022-08-11 04:15:00,270.1
2022-08-11 04:30:00,319.92
2022-08-11 04:45:00,335.0
2022-08-11 05:00:00,212.25
2022-08-11 05:15:00,285.0
2022-08-11 05:30:00,352.97
2022-08-11 05:45:00,388.47
2022-08-11 06:00:00,270.06
2022-08-11 06:15:00,363.47
2022-08-11 06:30:00,394.06
2022-08-11 06:45:00,434.94
2022-08-11 07:00:00,388.47
2022-08-11 07:15:00,409.91
2022-08-11 07:30:00,404.96
2022-08-11 07:45:00,412.2
2022-08-11 08:00:00,413.47
2022-08-11 08:15:00,413.47
2022-08-11 08:30:00,380.45
2022-08-11 08:45:00,377.45
2022-08-11 09:00:00,410.06
2022-08-11 09:15:00,389.48
2022-08-11 09:30:00,369.91
2022-08-11 09:45:00,314.16
2022-08-11 10:00:00,343.97
2022-08-11 10:15:00,348.97
2022-08-11 10:30:00,328.04
2022-08-11 10:45:00,270.06
2022-08-11 11:00:00,355.0
2022-08-11 11:15:00,338.87
2022-08-11 11:30:00,306.11
2022-08-11 11:45:00,270.03
2022-08-11 12:00:00,360.0
2022-08-11 12:15:00,337.55
2022-08-11 12:30:00,290.05
2022-08-11 12:45:00,280.01
2022-08-11 13:00:00,345.0
2022-08-11 13:15:00,340.0
2022-08-11 13:30:00,300.07
2022-08-11 13:45:00,287.77
2022-08-11 14:00:00,284.23
2022-08-11 14:15:00,335.0
2022-08-11 14:30:00,310.06
2022-08-11 14:45:00,340.97
2022-08-11 15:00:00,272.82
2022-08-11 15:15:00,303.68
2022-08-11 15:30:00,355.97
2022-08-11 15:45:00,350.09
2022-08-11 16:00:00,260.03
2022-08-11 16:15:00,309.92
2022-08-11 16:30:00,350.02
2022-08-11 16:45:00,380.02
2022-08-11 17:00:00,305.08
2022-08-11 17:15:00,365.3
2022-08-11 17:30:00,390.04
2022-08-11 17:45:00,415.02
2022-08-11 18:00:00,365.0
2022-08-11 18:15:00,388.47
2022-08-11 18:30:00,421.56
2022-08-11 18:45:00,460.0
2022-08-11 19:00:00,449.94
2022-08-11 19:15:00,444.57
2022-08-11 19:30:00,469.92
2022-08-11 19:45:00,455.0
2022-08-11 20:00:00,459.98
2022-08-11 20:15:00,479.92
2022-08-11 20:30:00,489.93
2022-08-11 20:45:00,440.0
2022-08-11 21:00:00,468.33
2022-08-11 21:15:00,435.0
2022-08-11 21:30:00,405.0
2022-08-11 21:45:00,380.0
2022-08-11 22:00:00,467.09
2022-08-11 22:15:00,420.0
2022-08-11 22:30:00,388.47
2022-08-11 22:45:00,355.0
2022-08-11 23:00:00,400.76
2022-08-11 23:15:00,388.47
2022-08-11 23:30:00,354.92
2022-08-11 23:45:00,322.21
2022-08-12 00:00:00,408.12
2022-08-12 00:15:00,383.01
2022-08-12 00:30:00,349.97
2022-08-12 00:45:00,329.95
2022-08-12 01:00:00,379.96
2022-08-12 01:15:00,315.0
2022-08-12 01:30:00,330.77
2022-08-12 01:45:00,289.96
2022-08-12 02:00:00,325.0
2022-08-12 02:15:00,332.98
2022-08-12 02:30:00,329.93
2022-08-12 02:45:00,319.92
2022-08-12 03:00:00,359.9
2022-08-12 03:15:00,320.05
2022-08-12 03:30:00,295.0
2022-08-12 03:45:00,339.91
2022-08-12 04:00:00,329.91
2022-08-12 04:15:00,339.93
2022-08-12 04:30:00,320.35
2022-08-12 04:45:00,359.97
2022-08-12 05:00:00,309.97
2022-08-12 05:15:00,397.74
2022-08-12 05:30:00,396.82
2022-08-12 05:45:00,423.75
2022-08-12 06:00:00,329.97
2022-08-12 06:15:00,422.74
2022-08-12 06:30:00,462.78
2022-08-12 06:45:00,480.0
2022-08-12 07:00:00,441.25
2022-08-12 07:15:00,480.0
2022-08-12 07:30:00,511.64
2022-08-12 07:45:00,514.04
2022-08-12 08:00:00,469.99
2022-08-12 08:15:00,474.77
2022-08-12 08:30:00,480.0
2022-08-12 08:45:00,460.74
2022-08-12 09:00:00,425.0
2022-08-12 09:15:00,423.75
2022-08-12 09:30:00,422.74
2022-08-12 09:45:00,388.24
2022-08-12 10:00:00,422.74
2022-08-12 10:15:00,392.95
2022-08-12 10:30:00,379.93
2022-08-12 10:45:00,369.9
2022-08-12 11:00:00,379.71
2022-08-12 11:15:00,397.74
2022-08-12 11:30:00,389.94
2022-08-12 11:45:00,344.97
2022-08-12 12:00:00,411.76
2022-08-12 12:15:00,382.77
2022-08-12 12:30:00,354.99
2022-08-12 12:45:00,354.98
2022-08-12 13:00:00,399.91
2022-08-12 13:15:00,385.06
2022-08-12 13:30:00,364.96
2022-08-12 13:45:00,364.9
2022-08-12 14:00:00,379.95
2022-08-12 14:15:00,351.1
2022-08-12 14:30:00,397.74
2022-08-12 14:45:00,397.74
2022-08-12 15:00:00,339.99
2022-08-12 15:15:00,397.31
2022-08-12 15:30:00,392.31
2022-08-12 15:45:00,404.96
2022-08-12 16:00:00,344.97
2022-08-12 16:15:00,380.0
2022-08-12 16:30:00,407.61
2022-08-12 16:45:00,422.74
2022-08-12 17:00:00,369.93
2022-08-12 17:15:00,409.93
2022-08-12 17:30:00,422.74
2022-08-12 17:45:00,423.75
2022-08-12 18:00:00,422.74
2022-08-12 18:15:00,447.74
2022-08-12 18:30:00,447.74
2022-08-12 18:45:00,460.5
2022-08-12 19:00:00,479.99
2022-08-12 19:15:00,479.99
2022-08-12 19:30:00,514.39
2022-08-12 19:45:00,479.94
2022-08-12 20:00:00,518.31
2022-08-12 20:15:00,504.98
2022-08-12 20:30:00,518.31
2022-08-12 20:45:00,459.93
2022-08-12 21:00:00,480.0
2022-08-12 21:15:00,459.98
2022-08-12 21:30:00,439.97
2022-08-12 21:45:00,412.09
2022-08-12 22:00:00,474.33
2022-08-12 22:15:00,440.55
2022-08-12 22:30:00,409.97
2022-08-12 22:45:00,379.94
2022-08-12 23:00:00,430.69
2022-08-12 23:15:00,423.75
2022-08-12 23:30:00,379.99
2022-08-12 23:45:00,369.92
2022-08-13 00:00:00,467.36
2022-08-13 00:15:00,441.35
2022-08-13 00:30:00,398.13
2022-08-13 00:45:00,365.0
2022-08-13 01:00:00,466.35
2022-08-13 01:15:00,409.95
2022-08-13 01:30:00,385.52
2022-08-13 01:45:00,344.96
2022-08-13 02:00:00,420.0
2022-08-13 02:15:00,376.35
2022-08-13 02:30:00,389.9
2022-08-13 02:45:00,340.15
2022-08-13 03:00:00,399.94
2022-08-13 03:15:00,368.65
2022-08-13 03:30:00,345.0
2022-08-13 03:45:00,379.94
2022-08-13 04:00:00,339.98
2022-08-13 04:15:00,379.91
2022-08-13 04:30:00,354.18
2022-08-13 04:45:00,389.98
2022-08-13 05:00:00,339.98
2022-08-13 05:15:00,367.5
2022-08-13 05:30:00,354.99
2022-08-13 05:45:00,452.8
2022-08-13 06:00:00,354.96
2022-08-13 06:15:00,349.97
2022-08-13 06:30:00,409.92
2022-08-13 06:45:00,435.39
2022-08-13 07:00:00,373.96
2022-08-13 07:15:00,399.93
2022-08-13 07:30:00,409.99
2022-08-13 07:45:00,466.35
2022-08-13 08:00:00,427.79
2022-08-13 08:15:00,374.99
2022-08-13 08:30:00,399.97
2022-08-13 08:45:00,406.41
2022-08-13 09:00:00,385.1
2022-08-13 09:15:00,389.91
2022-08-13 09:30:00,376.71
2022-08-13 09:45:00,319.96
2022-08-13 10:00:00,389.98
2022-08-13 10:15:00,354.92
2022-08-13 10:30:00,349.93
2022-08-13 10:45:00,325.45
2022-08-13 11:00:00,399.9
2022-08-13 11:15:00,354.04
2022-08-13 11:30:00,349.92
2022-08-13 11:45:00,275.1
2022-08-13 12:00:00,379.98
2022-08-13 12:15:00,354.91
2022-08-13 12:30:00,314.49
2022-08-13 12:45:00,275.1
2022-08-13 13:00:00,368.17
2022-08-13 13:15:00,334.93
2022-08-13 13:30:00,324.91
2022-08-13 13:45:00,290.0
2022-08-13 14:00:00,324.93
2022-08-13 14:15:00,319.91
2022-08-13 14:30:00,295.1
2022-08-13 14:45:00,349.91
2022-08-13 15:00:00,292.61
2022-08-13 15:15:00,285.1
2022-08-13 15:30:00,320.1
2022-08-13 15:45:00,374.92
2022-08-13 16:00:00,235.1
2022-08-13 16:15:00,304.9
2022-08-13 16:30:00,335.32
2022-08-13 16:45:00,424.92
2022-08-13 17:00:00,299.92
2022-08-13 17:15:00,344.98
2022-08-13 17:30:00,429.93
2022-08-13 17:45:00,465.39
2022-08-13 18:00:00,379.99
2022-08-13 18:15:00,439.92
2022-08-13 18:30:00,429.99
2022-08-13 18:45:00,466.35
2022-08-13 19:00:00,466.35
2022-08-13 19:15:00,469.94
2022-08-13 19:30:00,471.79
2022-08-13 19:45:00,471.8
2022-08-13 20:00:00,479.91
2022-08-13 20:15:00,466.78
2022-08-13 20:30:00,479.91
2022-08-13 20:45:00,466.35
2022-08-13 21:00:00,467.36
2022-08-13 21:15:00,467.36
2022-08-13 21:30:00,455.44
2022-08-13 21:45:00,429.93
2022-08-13 22:00:00,471.78
2022-08-13 22:15:00,466.35
2022-08-13 22:30:00,417.03
2022-08-13 22:45:00,350.0
2022-08-13 23:00:00,466.35
2022-08-13 23:15:00,403.82
2022-08-13 23:30:00,359.94
2022-08-13 23:45:00,305.0
2022-08-14 00:00:00,443.84
2022-08-14 00:15:00,417.83
2022-08-14 00:30:00,268.16
2022-08-14 00:45:00,245.81
2022-08-14 01:00:00,442.83
2022-08-14 01:15:00,398.02
2022-08-14 01:30:00,262.93
2022-08-14 01:45:00,236.6
2022-08-14 02:00:00,442.83
2022-08-14 02:15:00,418.59
2022-08-14 02:30:00,244.62
2022-08-14 02:45:00,234.06
2022-08-14 03:00:00,413.58
2022-08-14 03:15:00,367.87
2022-08-14 03:30:00,265.26
2022-08-14 03:45:00,253.37
2022-08-14 04:00:00,400.33
2022-08-14 04:15:00,319.74
2022-08-14 04:30:00,254.49
2022-08-14 04:45:00,300.0
2022-08-14 05:00:00,397.83
2022-08-14 05:15:00,322.15
2022-08-14 05:30:00,250.5
2022-08-14 05:45:00,256.22
2022-08-14 06:00:00,255.76
2022-08-14 06:15:00,258.22
2022-08-14 06:30:00,308.39
2022-08-14 06:45:00,394.83
2022-08-14 07:00:00,251.42
2022-08-14 07:15:00,243.5
2022-08-14 07:30:00,337.76
2022-08-14 07:45:00,396.83
2022-08-14 08:00:00,235.77
2022-08-14 08:15:00,235.35
2022-08-14 08:30:00,258.99
2022-08-14 08:45:00,410.89
2022-08-14 09:00:00,198.38
2022-08-14 09:15:00,197.56
2022-08-14 09:30:00,362.73
2022-08-14 09:45:00,402.33
2022-08-14 10:00:00,393.81
2022-08-14 10:15:00,167.76
2022-08-14 10:30:00,228.64
2022-08-14 10:45:00,409.81
2022-08-14 11:00:00,354.19
2022-08-14 11:15:00,300.0
2022-08-14 11:30:00,407.33
2022-08-14 11:45:00,149.63
2022-08-14 12:00:00,442.83
2022-08-14 12:15:00,292.6
2022-08-14 12:30:00,287.26
2022-08-14 12:45:00,118.1
2022-08-14 13:00:00,417.83
2022-08-14 13:15:00,412.83
2022-08-14 13:30:00,147.54
2022-08-14 13:45:00,98.87
2022-08-14 14:00:00,402.33
2022-08-14 14:15:00,316.19
2022-08-14 14:30:00,169.02
2022-08-14 14:45:00,281.49
2022-08-14 15:00:00,140.78
2022-08-14 15:15:00,187.14
2022-08-14 15:30:00,393.83
2022-08-14 15:45:00,414.33
2022-08-14 16:00:00,155.55
2022-08-14 16:15:00,184.04
2022-08-14 16:30:00,417.83
2022-08-14 16:45:00,442.58
2022-08-14 17:00:00,215.25
2022-08-14 17:15:00,257.67
2022-08-14 17:30:00,409.33
2022-08-14 17:45:00,417.83
2022-08-14 18:00:00,257.35
2022-08-14 18:15:00,336.23
2022-08-14 18:30:00,406.9
2022-08-14 18:45:00,415.26
2022-08-14 19:00:00,417.83
2022-08-14 19:15:00,417.83
2022-08-14 19:30:00,417.83
2022-08-14 19:45:00,431.91
2022-08-14 20:00:00,433.5
2022-08-14 20:15:00,439.25
2022-08-14 20:30:00,434.0
2022-08-14 20:45:00,440.5
2022-08-14 21:00:00,436.83
2022-08-14 21:15:00,430.33
2022-08-14 21:30:00,421.08
2022-08-14 21:45:00,303.85
2022-08-14 22:00:00,442.83
2022-08-14 22:15:00,401.97
2022-08-14 22:30:00,401.97
2022-08-14 22:45:00,264.66
2022-08-14 23:00:00,443.84
2022-08-14 23:15:00,417.83
2022-08-14 23:30:00,268.11
2022-08-14 23:45:00,257.03
2022-08-15 00:00:00,484.9
2022-08-15 00:15:00,459.9
2022-08-15 00:30:00,243.15
2022-08-15 00:45:00,227.27
2022-08-15 01:00:00,450.0
2022-08-15 01:15:00,440.68
2022-08-15 01:30:00,226.99
2022-08-15 01:45:00,216.28
2022-08-15 02:00:00,450.0
2022-08-15 02:15:00,430.2
2022-08-15 02:30:00,211.24
2022-08-15 02:45:00,200.68
2022-08-15 03:00:00,344.27
2022-08-15 03:15:00,438.93
2022-08-15 03:30:00,225.48
2022-08-15 03:45:00,225.05
2022-08-15 04:00:00,454.9
2022-08-15 04:15:00,296.26
2022-08-15 04:30:00,239.84
2022-08-15 04:45:00,280.79
2022-08-15 05:00:00,447.36
2022-08-15 05:15:00,298.24
2022-08-15 05:30:00,298.24
2022-08-15 05:45:00,325.97
2022-08-15 06:00:00,437.91
2022-08-15 06:15:00,349.04
2022-08-15 06:30:00,349.5
2022-08-15 06:45:00,450.0
2022-08-15 07:00:00,445.9
2022-08-15 07:15:00,365.88
2022-08-15 07:30:00,448.9
2022-08-15 07:45:00,459.9
2022-08-15 08:00:00,395.53
2022-08-15 08:15:00,369.62
2022-08-15 08:30:00,464.15
2022-08-15 08:45:00,470.65
2022-08-15 09:00:00,268.14
2022-08-15 09:15:00,442.91
2022-08-15 09:30:00,450.0
2022-08-15 09:45:00,451.41
2022-08-15 10:00:00,366.4
2022-08-15 10:15:00,325.15
2022-08-15 10:30:00,453.91
2022-08-15 10:45:00,450.0
2022-08-15 11:00:00,480.03
2022-08-15 11:15:00,309.87
2022-08-15 11:30:00,388.04
2022-08-15 11:45:00,324.22
2022-08-15 12:00:00,484.9
2022-08-15 12:15:00,356.14
2022-08-15 12:30:00,317.34
2022-08-15 12:45:00,264.85
2022-08-15 13:00:00,484.9
2022-08-15 13:15:00,439.9
2022-08-15 13:30:00,290.64
2022-08-15 13:45:00,264.7
2022-08-15 14:00:00,430.32
2022-08-15 14:15:00,345.42
2022-08-15 14:30:00,268.17
2022-08-15 14:45:00,436.4
2022-08-15 15:00:00,294.94
2022-08-15 15:15:00,352.3
2022-08-15 15:30:00,352.3
2022-08-15 15:45:00,480.65
2022-08-15 16:00:00,268.12
2022-08-15 16:15:00,335.26
2022-08-15 16:30:00,444.4
2022-08-15 16:45:00,484.9
2022-08-15 17:00:00,239.0
2022-08-15 17:15:00,440.87
2022-08-15 17:30:00,472.29
2022-08-15 17:45:00,483.69
2022-08-15 18:00:00,415.44
2022-08-15 18:15:00,462.65
2022-08-15 18:30:00,484.9
2022-08-15 18:45:00,484.9
2022-08-15 19:00:00,485.91
2022-08-15 19:15:00,486.79
2022-08-15 19:30:00,505.98
2022-08-15 19:45:00,511.23
2022-08-15 20:00:00,509.9
2022-08-15 20:15:00,509.9
2022-08-15 20:30:00,516.15
2022-08-15 20:45:00,509.9
2022-08-15 21:00:00,485.91
2022-08-15 21:15:00,485.91
2022-08-15 21:30:00,484.9
2022-08-15 21:45:00,481.37
2022-08-15 22:00:00,485.91
2022-08-15 22:15:00,485.91
2022-08-15 22:30:00,484.9
2022-08-15 22:45:00,460.69
2022-08-15 23:00:00,484.9
2022-08-15 23:15:00,471.72
2022-08-15 23:30:00,435.1
2022-08-15 23:45:00,442.6
2022-08-16 00:00:00,489.93
2022-08-16 00:15:00,479.13
2022-08-16 00:30:00,449.94
2022-08-16 00:45:00,380.02
2022-08-16 01:00:00,469.9
2022-08-16 01:15:00,449.92
2022-08-16 01:30:00,410.26
2022-08-16 01:45:00,379.98
2022-08-16 02:00:00,435.42
2022-08-16 02:15:00,409.96
2022-08-16 02:30:00,394.96
2022-08-16 02:45:00,384.96
2022-08-16 03:00:00,402.99
2022-08-16 03:15:00,394.97
2022-08-16 03:30:00,389.99
2022-08-16 03:45:00,395.0
2022-08-16 04:00:00,353.82
2022-08-16 04:15:00,389.92
2022-08-16 04:30:00,404.95
2022-08-16 04:45:00,450.0
2022-08-16 05:00:00,349.94
2022-08-16 05:15:00,429.91
2022-08-16 05:30:00,469.98
2022-08-16 05:45:00,505.14
2022-08-16 06:00:00,414.93
2022-08-16 06:15:00,469.94
2022-08-16 06:30:00,505.14
2022-08-16 06:45:00,539.91
2022-08-16 07:00:00,504.13
2022-08-16 07:15:00,527.44
2022-08-16 07:30:00,504.13
2022-08-16 07:45:00,529.13
2022-08-16 08:00:00,529.91
2022-08-16 08:15:00,504.13
2022-08-16 08:30:00,503.32
2022-08-16 08:45:00,492.57
2022-08-16 09:00:00,521.48
2022-08-16 09:15:00,504.13
2022-08-16 09:30:00,479.13
2022-08-16 09:45:00,431.72
2022-08-16 10:00:00,494.97
2022-08-16 10:15:00,479.13
2022-08-16 10:30:00,441.86
2022-08-16 10:45:00,450.0
2022-08-16 11:00:00,479.13
2022-08-16 11:15:00,477.31
2022-08-16 11:30:00,449.99
2022-08-16 11:45:00,419.97
2022-08-16 12:00:00,479.91
2022-08-16 12:15:00,444.97
2022-08-16 12:30:00,424.99
2022-08-16 12:45:00,435.42
2022-08-16 13:00:00,450.05
2022-08-16 13:15:00,439.99
2022-08-16 13:30:00,434.99
2022-08-16 13:45:00,424.98
2022-08-16 14:00:00,419.98
2022-08-16 14:15:00,429.98
2022-08-16 14:30:00,439.97
2022-08-16 14:45:00,449.99
2022-08-16 15:00:00,421.39
2022-08-16 15:15:00,454.62
2022-08-16 15:30:00,469.95
2022-08-16 15:45:00,479.13
2022-08-16 16:00:00,459.13
2022-08-16 16:15:00,446.69
2022-08-16 16:30:00,479.13
2022-08-16 16:45:00,505.14
2022-08-16 17:00:00,467.1
2022-08-16 17:15:00,472.1
2022-08-16 17:30:00,479.13
2022-08-16 17:45:00,517.36
2022-08-16 18:00:00,505.14
2022-08-16 18:15:00,505.14
2022-08-16 18:30:00,529.95
2022-08-16 18:45:00,559.85
2022-08-16 19:00:00,666.42
2022-08-16 19:15:00,656.81
2022-08-16 19:30:00,539.98
2022-08-16 19:45:00,529.93
2022-08-16 20:00:00,683.05
2022-08-16 20:15:00,653.96
2022-08-16 20:30:00,639.43
2022-08-16 20:45:00,529.13
2022-08-16 21:00:00,618.06
2022-08-16 21:15:00,553.46
2022-08-16 21:30:00,529.13
2022-08-16 21:45:00,529.13
2022-08-16 22:00:00,535.0
2022-08-16 22:15:00,521.56
2022-08-16 22:30:00,505.14
2022-08-16 22:45:00,479.13
2022-08-16 23:00:00,524.93
2022-08-16 23:15:00,505.14
2022-08-16 23:30:00,479.13
2022-08-16 23:45:00,443.79
2022-08-17 00:00:00,541.98
2022-08-17 00:15:00,516.98
2022-08-17 00:30:00,495.72
2022-08-17 00:45:00,464.5
2022-08-17 01:00:00,509.98
2022-08-17 01:15:00,498.48
2022-08-17 01:30:00,471.05
2022-08-17 01:45:00,459.94
2022-08-17 02:00:00,502.21
2022-08-17 02:15:00,505.21
2022-08-17 02:30:00,459.99
2022-08-17 02:45:00,449.95
2022-08-17 03:00:00,469.93
2022-08-17 03:15:00,469.94
2022-08-17 03:30:00,459.96
2022-08-17 03:45:00,469.97
2022-08-17 04:00:00,407.91
2022-08-17 04:15:00,459.96
2022-08-17 04:30:00,493.48
2022-08-17 04:45:00,516.98
2022-08-17 05:00:00,374.99
2022-08-17 05:15:00,499.8
2022-08-17 05:30:00,542.99
2022-08-17 05:45:00,553.22
2022-08-17 06:00:00,505.51
2022-08-17 06:15:00,541.98
2022-08-17 06:30:00,576.01
2022-08-17 06:45:00,629.56
2022-08-17 07:00:00,566.98
2022-08-17 07:15:00,566.98
2022-08-17 07:30:00,590.07
2022-08-17 07:45:00,710.81
2022-08-17 08:00:00,688.59
2022-08-17 08:15:00,584.97
2022-08-17 08:30:00,584.47
2022-08-17 08:45:00,542.99
2022-08-17 09:00:00,566.5
2022-08-17 09:15:00,542.99
2022-08-17 09:30:00,542.99
2022-08-17 09:45:00,535.57
2022-08-17 10:00:00,549.91
2022-08-17 10:15:00,542.99
2022-08-17 10:30:00,526.12
2022-08-17 10:45:00,516.98
2022-08-17 11:00:00,523.02
2022-08-17 11:15:00,542.99
2022-08-17 11:30:00,516.98
2022-08-17 11:45:00,516.98
2022-08-17 12:00:00,541.98
2022-08-17 12:15:00,516.98
2022-08-17 12:30:00,516.98
2022-08-17 12:45:00,533.15
2022-08-17 13:00:00,542.99
2022-08-17 13:15:00,542.99
2022-08-17 13:30:00,516.98
2022-08-17 13:45:00,509.59
2022-08-17 14:00:00,516.98
2022-08-17 14:15:00,516.98
2022-08-17 14:30:00,542.99
2022-08-17 14:45:00,542.99
2022-08-17 15:00:00,516.98
2022-08-17 15:15:00,526.61
2022-08-17 15:30:00,542.99
2022-08-17 15:45:00,542.99
2022-08-17 16:00:00,542.99
2022-08-17 16:15:00,542.99
2022-08-17 16:30:00,542.99
2022-08-17 16:45:00,542.99
2022-08-17 17:00:00,542.99
2022-08-17 17:15:00,556.13
2022-08-17 17:30:00,583.71
2022-08-17 17:45:00,596.97
2022-08-17 18:00:00,566.98
2022-08-17 18:15:00,576.44
2022-08-17 18:30:00,717.5
2022-08-17 18:45:00,743.33
2022-08-17 19:00:00,750.0
2022-08-17 19:15:00,750.0
2022-08-17 19:30:00,626.06
2022-08-17 19:45:00,566.98
2022-08-17 20:00:00,764.55
2022-08-17 20:15:00,750.0
2022-08-17 20:30:00,616.29
2022-08-17 20:45:00,570.93
2022-08-17 21:00:00,726.76
2022-08-17 21:15:00,656.5
2022-08-17 21:30:00,541.98
2022-08-17 21:45:00,530.21
2022-08-17 22:00:00,604.7
2022-08-17 22:15:00,569.99
2022-08-17 22:30:00,541.98
2022-08-17 22:45:00,532.06
2022-08-17 23:00:00,553.08
2022-08-17 23:15:00,542.99
2022-08-17 23:30:00,499.96
2022-08-17 23:45:00,469.96
2022-08-18 00:00:00,578.69
2022-08-18 00:15:00,549.9
2022-08-18 00:30:00,489.97
2022-08-18 00:45:00,459.98
2022-08-18 01:00:00,509.98
2022-08-18 01:15:00,489.95
2022-08-18 01:30:00,474.94
2022-08-18 01:45:00,420.0
2022-08-18 02:00:00,499.94
2022-08-18 02:15:00,489.92
2022-08-18 02:30:00,474.9
2022-08-18 02:45:00,420.0
2022-08-18 03:00:00,435.0
2022-08-18 03:15:00,455.4
2022-08-18 03:30:00,464.92
2022-08-18 03:45:00,459.92
2022-08-18 04:00:00,438.12
2022-08-18 04:15:00,459.92
2022-08-18 04:30:00,474.96
2022-08-18 04:45:00,494.98
2022-08-18 05:00:00,373.4
2022-08-18 05:15:00,449.92
2022-08-18 05:30:00,505.2
2022-08-18 05:45:00,589.48
2022-08-18 06:00:00,434.93
2022-08-18 06:15:00,537.75
2022-08-18 06:30:00,589.48
2022-08-18 06:45:00,606.75
2022-08-18 07:00:00,563.47
2022-08-18 07:15:00,588.47
2022-08-18 07:30:00,589.48
2022-08-18 07:45:00,589.48
2022-08-18 08:00:00,613.47
2022-08-18 08:15:00,609.58
2022-08-18 08:30:00,588.47
2022-08-18 08:45:00,588.47
2022-08-18 09:00:00,598.6
2022-08-18 09:15:00,588.47
2022-08-18 09:30:00,563.47
2022-08-18 09:45:00,512.59
2022-08-18 10:00:00,569.99
2022-08-18 10:15:00,546.97
2022-08-18 10:30:00,536.71
2022-08-18 10:45:00,499.97
2022-08-18 11:00:00,588.47
2022-08-18 11:15:00,563.47
2022-08-18 11:30:00,563.47
2022-08-18 11:45:00,426.91
2022-08-18 12:00:00,556.94
2022-08-18 12:15:00,545.44
2022-08-18 12:30:00,480.0
2022-08-18 12:45:00,540.94
2022-08-18 13:00:00,563.47
2022-08-18 13:15:00,563.47
2022-08-18 13:30:00,552.8
2022-08-18 13:45:00,440.1
2022-08-18 14:00:00,459.51
2022-08-18 14:15:00,541.47
2022-08-18 14:30:00,563.47
2022-08-18 14:45:00,563.47
2022-08-18 15:00:00,504.38
2022-08-18 15:15:00,547.03
2022-08-18 15:30:00,551.03
2022-08-18 15:45:00,550.03
2022-08-18 16:00:00,510.05
2022-08-18 16:15:00,557.97
2022-08-18 16:30:00,563.47
2022-08-18 16:45:00,563.47
2022-08-18 17:00:00,561.0
2022-08-18 17:15:00,569.1
2022-08-18 17:30:00,589.48
2022-08-18 17:45:00,589.48
2022-08-18 18:00:00,613.47
2022-08-18 18:15:00,633.03
2022-08-18 18:30:00,726.95
2022-08-18 18:45:00,727.07
2022-08-18 19:00:00,713.5
2022-08-18 19:15:00,699.73
2022-08-18 19:30:00,700.27
2022-08-18 19:45:00,613.47
2022-08-18 20:00:00,729.57
2022-08-18 20:15:00,673.66
2022-08-18 20:30:00,619.99
2022-08-18 20:45:00,613.47
2022-08-18 21:00:00,679.95
2022-08-18 21:15:00,649.57
2022-08-18 21:30:00,599.92
2022-08-18 21:45:00,561.83
2022-08-18 22:00:00,620.0
2022-08-18 22:15:00,595.0
2022-08-18 22:30:00,563.35
2022-08-18 22:45:00,495.0
2022-08-18 23:00:00,594.76
2022-08-18 23:15:00,564.95
2022-08-18 23:30:00,524.92
2022-08-18 23:45:00,475.34
2022-08-19 00:00:00,573.29
2022-08-19 00:15:00,520.0
2022-08-19 00:30:00,469.61
2022-08-19 00:45:00,450.0
2022-08-19 01:00:00,510.0
2022-08-19 01:15:00,490.0
2022-08-19 01:30:00,470.0
2022-08-19 01:45:00,410.01
2022-08-19 02:00:00,490.0
2022-08-19 02:15:00,470.0
2022-08-19 02:30:00,460.0
2022-08-19 02:45:00,435.79
2022-08-19 03:00:00,465.0
2022-08-19 03:15:00,428.44
2022-08-19 03:30:00,460.0
2022-08-19 03:45:00,460.0
2022-08-19 04:00:00,435.0
2022-08-19 04:15:00,450.01
2022-08-19 04:30:00,465.0
2022-08-19 04:45:00,490.0
2022-08-19 05:00:00,400.53
2022-08-19 05:15:00,445.0
2022-08-19 05:30:00,524.91
2022-08-19 05:45:00,573.55
2022-08-19 06:00:00,435.0
2022-08-19 06:15:00,509.97
2022-08-19 06:30:00,596.56
2022-08-19 06:45:00,609.91
2022-08-19 07:00:00,559.92
2022-08-19 07:15:00,570.55
2022-08-19 07:30:00,595.55
2022-08-19 07:45:00,596.56
2022-08-19 08:00:00,595.55
2022-08-19 08:15:00,583.01
2022-08-19 08:30:00,591.26
2022-08-19 08:45:00,589.76
2022-08-19 09:00:00,596.56
2022-08-19 09:15:00,595.55
2022-08-19 09:30:00,560.0
2022-08-19 09:45:00,543.89
2022-08-19 10:00:00,582.42
2022-08-19 10:15:00,576.67
2022-08-19 10:30:00,505.0
2022-08-19 10:45:00,519.92
2022-08-19 11:00:00,589.92
2022-08-19 11:15:00,557.89
2022-08-19 11:30:00,530.0
2022-08-19 11:45:00,490.0
2022-08-19 12:00:00,579.02
2022-08-19 12:15:00,551.98
2022-08-19 12:30:00,510.0
2022-08-19 12:45:00,375.0
2022-08-19 13:00:00,559.91
2022-08-19 13:15:00,555.0
2022-08-19 13:30:00,525.0
2022-08-19 13:45:00,464.09
2022-08-19 14:00:00,480.0
2022-08-19 14:15:00,519.93
2022-08-19 14:30:00,539.99
2022-08-19 14:45:00,449.96
2022-08-19 15:00:00,430.0
2022-08-19 15:15:00,550.0
2022-08-19 15:30:00,564.9
2022-08-19 15:45:00,562.02
2022-08-19 16:00:00,475.06
2022-08-19 16:15:00,515.05
2022-08-19 16:30:00,555.03
2022-08-19 16:45:00,579.69
2022-08-19 17:00:00,525.0
2022-08-19 17:15:00,569.9
2022-08-19 17:30:00,596.56
2022-08-19 17:45:00,600.03
2022-08-19 18:00:00,588.03
2022-08-19 18:15:00,595.55
2022-08-19 18:30:00,595.55
2022-08-19 18:45:00,596.56
2022-08-19 19:00:00,620.55
2022-08-19 19:15:00,604.36
2022-08-19 19:30:00,595.55
2022-08-19 19:45:00,595.55
2022-08-19 20:00:00,638.45
2022-08-19 20:15:00,619.26
2022-08-19 20:30:00,595.55
2022-08-19 20:45:00,560.45
2022-08-19 21:00:00,596.56
2022-08-19 21:15:00,617.01
2022-08-19 21:30:00,570.0
2022-08-19 21:45:00,495.0
2022-08-19 22:00:00,610.04
2022-08-19 22:15:00,596.56
2022-08-19 22:30:00,544.87
2022-08-19 22:45:00,485.09
2022-08-19 23:00:00,582.73
2022-08-19 23:15:00,570.55
2022-08-19 23:30:00,510.0
2022-08-19 23:45:00,440.09
2022-08-20 00:00:00,536.7
2022-08-20 00:15:00,531.09
2022-08-20 00:30:00,494.97
2022-08-20 00:45:00,464.95
2022-08-20 01:00:00,531.09
2022-08-20 01:15:00,480.0
2022-08-20 01:30:00,459.97
2022-08-20 01:45:00,414.42
2022-08-20 02:00:00,483.54
2022-08-20 02:15:00,496.54
2022-08-20 02:30:00,438.52
2022-08-20 02:45:00,400.0
2022-08-20 03:00:00,445.0
2022-08-20 03:15:00,440.0
2022-08-20 03:30:00,459.63
2022-08-20 03:45:00,414.97
2022-08-20 04:00:00,414.96
2022-08-20 04:15:00,429.96
2022-08-20 04:30:00,429.96
2022-08-20 04:45:00,457.83
2022-08-20 05:00:00,414.92
2022-08-20 05:15:00,424.95
2022-08-20 05:30:00,476.15
2022-08-20 05:45:00,499.99
2022-08-20 06:00:00,405.0
2022-08-20 06:15:00,444.96
2022-08-20 06:30:00,474.91
2022-08-20 06:45:00,489.93
2022-08-20 07:00:00,440.0
2022-08-20 07:15:00,468.92
2022-08-20 07:30:00,499.95
2022-08-20 07:45:00,509.94
2022-08-20 08:00:00,510.0
2022-08-20 08:15:00,476.05
2022-08-20 08:30:00,494.93
2022-08-20 08:45:00,504.94
2022-08-20 09:00:00,527.31
2022-08-20 09:15:00,506.09
2022-08-20 09:30:00,479.94
2022-08-20 09:45:00,454.94
2022-08-20 10:00:00,500.59
2022-08-20 10:15:00,471.46
2022-08-20 10:30:00,449.99
2022-08-20 10:45:00,489.92
2022-08-20 11:00:00,519.99
2022-08-20 11:15:00,479.99
2022-08-20 11:30:00,484.59
2022-08-20 11:45:00,395.43
2022-08-20 12:00:00,529.99
2022-08-20 12:15:00,486.03
2022-08-20 12:30:00,424.97
2022-08-20 12:45:00,384.93
2022-08-20 13:00:00,530.0
2022-08-20 13:15:00,470.0
2022-08-20 13:30:00,419.97
2022-08-20 13:45:00,404.92
2022-08-20 14:00:00,439.92
2022-08-20 14:15:00,409.96
2022-08-20 14:30:00,424.97
2022-08-20 14:45:00,414.96
2022-08-20 15:00:00,389.92
2022-08-20 15:15:00,404.97
2022-08-20 15:30:00,429.96
2022-08-20 15:45:00,409.99
2022-08-20 16:00:00,355.0
2022-08-20 16:15:00,424.9
2022-08-20 16:30:00,434.56
2022-08-20 16:45:00,499.91
2022-08-20 17:00:00,339.97
2022-08-20 17:15:00,466.93
2022-08-20 17:30:00,519.94
2022-08-20 17:45:00,530.0
2022-08-20 18:00:00,449.93
2022-08-20 18:15:00,529.94
2022-08-20 18:30:00,532.1
2022-08-20 18:45:00,532.1
2022-08-20 19:00:00,532.1
2022-08-20 19:15:00,532.1
2022-08-20 19:30:00,537.57
2022-08-20 19:45:00,531.09
2022-08-20 20:00:00,532.1
2022-08-20 20:15:00,562.58
2022-08-20 20:30:00,548.89
2022-08-20 20:45:00,489.97
2022-08-20 21:00:00,540.86
2022-08-20 21:15:00,540.07
2022-08-20 21:30:00,530.0
2022-08-20 21:45:00,475.1
2022-08-20 22:00:00,545.04
2022-08-20 22:15:00,531.09
2022-08-20 22:30:00,497.6
2022-08-20 22:45:00,450.07
2022-08-20 23:00:00,531.09
2022-08-20 23:15:00,524.99
2022-08-20 23:30:00,455.0
2022-08-20 23:45:00,409.69
2022-08-21 00:00:00,551.31
2022-08-21 00:15:00,515.23
2022-08-21 00:30:00,355.77
2022-08-21 00:45:00,320.1
2022-08-21 01:00:00,526.31
2022-08-21 01:15:00,455.14
2022-08-21 01:30:00,316.68
2022-08-21 01:45:00,285.87
2022-08-21 02:00:00,535.4
2022-08-21 02:15:00,312.8
2022-08-21 02:30:00,279.96
2022-08-21 02:45:00,270.22
2022-08-21 03:00:00,300.0
2022-08-21 03:15:00,290.47
2022-08-21 03:30:00,281.78
2022-08-21 03:45:00,278.74
2022-08-21 04:00:00,286.12
2022-08-21 04:15:00,285.6
2022-08-21 04:30:00,291.97
2022-08-21 04:45:00,296.43
2022-08-21 05:00:00,278.43
2022-08-21 05:15:00,279.11
2022-08-21 05:30:00,288.09
2022-08-21 05:45:00,291.37
2022-08-21 06:00:00,231.8
2022-08-21 06:15:00,259.45
2022-08-21 06:30:00,268.31
2022-08-21 06:45:00,284.45
2022-08-21 07:00:00,285.45
2022-08-21 07:15:00,288.34
2022-08-21 07:30:00,303.94
2022-08-21 07:45:00,306.6
2022-08-21 08:00:00,278.05
2022-08-21 08:15:00,416.99
2022-08-21 08:30:00,300.0
2022-08-21 08:45:00,389.34
2022-08-21 09:00:00,369.5
2022-08-21 09:15:00,247.61
2022-08-21 09:30:00,300.0
2022-08-21 09:45:00,370.0
2022-08-21 10:00:00,226.89
2022-08-21 10:15:00,361.27
2022-08-21 10:30:00,266.02
2022-08-21 10:45:00,266.02
2022-08-21 11:00:00,387.63
2022-08-21 11:15:00,270.37
2022-08-21 11:30:00,270.37
2022-08-21 11:45:00,195.34
2022-08-21 12:00:00,551.31
2022-08-21 12:15:00,180.61
2022-08-21 12:30:00,164.1
2022-08-21 12:45:00,154.33
2022-08-21 13:00:00,521.31
2022-08-21 13:15:00,327.98
2022-08-21 13:30:00,142.1
2022-08-21 13:45:00,140.3
2022-08-21 14:00:00,225.07
2022-08-21 14:15:00,253.86
2022-08-21 14:30:00,240.75
2022-08-21 14:45:00,253.86
2022-08-21 15:00:00,164.27
2022-08-21 15:15:00,163.66
2022-08-21 15:30:00,228.96
2022-08-21 15:45:00,515.81
2022-08-21 16:00:00,203.46
2022-08-21 16:15:00,212.2
2022-08-21 16:30:00,300.0
2022-08-21 16:45:00,546.58
2022-08-21 17:00:00,284.02
2022-08-21 17:15:00,337.94
2022-08-21 17:30:00,526.31
2022-08-21 17:45:00,552.32
2022-08-21 18:00:00,352.32
2022-08-21 18:15:00,507.31
2022-08-21 18:30:00,526.31
2022-08-21 18:45:00,549.35
2022-08-21 19:00:00,526.31
2022-08-21 19:15:00,551.31
2022-08-21 19:30:00,552.32
2022-08-21 19:45:00,552.32
2022-08-21 20:00:00,560.72
2022-08-21 20:15:00,556.06
2022-08-21 20:30:00,566.41
2022-08-21 20:45:00,552.32
2022-08-21 21:00:00,552.32
2022-08-21 21:15:00,552.32
2022-08-21 21:30:00,551.31
2022-08-21 21:45:00,524.43
2022-08-21 22:00:00,551.31
2022-08-21 22:15:00,551.31
2022-08-21 22:30:00,551.31
2022-08-21 22:45:00,470.8
2022-08-21 23:00:00,552.32
2022-08-21 23:15:00,552.32
2022-08-21 23:30:00,475.25
2022-08-21 23:45:00,390.61
2022-08-22 00:00:00,604.81
2022-08-22 00:15:00,566.31
2022-08-22 00:30:00,360.99
2022-08-22 00:45:00,348.29
2022-08-22 01:00:00,604.81
2022-08-22 01:15:00,426.28
2022-08-22 01:30:00,342.47
2022-08-22 01:45:00,323.1
2022-08-22 02:00:00,564.29
2022-08-22 02:15:00,354.0
2022-08-22 02:30:00,347.25
2022-08-22 02:45:00,335.43
2022-08-22 03:00:00,329.18
2022-08-22 03:15:00,326.84
2022-08-22 03:30:00,343.08
2022-08-22 03:45:00,519.9
2022-08-22 04:00:00,324.76
2022-08-22 04:15:00,336.9
2022-08-22 04:30:00,387.57
2022-08-22 04:45:00,579.81
2022-08-22 05:00:00,43.56
2022-08-22 05:15:00,444.67
2022-08-22 05:30:00,605.82
2022-08-22 05:45:00,725.98
2022-08-22 06:00:00,275.61
2022-08-22 06:15:00,579.81
2022-08-22 06:30:00,613.02
2022-08-22 06:45:00,667.04
2022-08-22 07:00:00,540.04
2022-08-22 07:15:00,602.06
2022-08-22 07:30:00,604.81
2022-08-22 07:45:00,604.81
2022-08-22 08:00:00,584.16
2022-08-22 08:15:00,584.16
2022-08-22 08:30:00,591.91
2022-08-22 08:45:00,585.91
2022-08-22 09:00:00,599.25
2022-08-22 09:15:00,599.25
2022-08-22 09:30:00,585.5
2022-08-22 09:45:00,575.69
2022-08-22 10:00:00,599.79
2022-08-22 10:15:00,579.81
2022-08-22 10:30:00,579.81
2022-08-22 10:45:00,556.32
2022-08-22 11:00:00,604.81
2022-08-22 11:15:00,579.81
2022-08-22 11:30:00,579.81
2022-08-22 11:45:00,525.59
2022-08-22 12:00:00,604.81
2022-08-22 12:15:00,570.9
2022-08-22 12:30:00,443.91
2022-08-22 12:45:00,575.9
2022-08-22 13:00:00,605.82
2022-08-22 13:15:00,579.81
2022-08-22 13:30:00,574.14
2022-08-22 13:45:00,366.75
2022-08-22 14:00:00,548.35
2022-08-22 14:15:00,398.12
2022-08-22 14:30:00,579.81
2022-08-22 14:45:00,562.31
2022-08-22 15:00:00,563.99
2022-08-22 15:15:00,421.82
2022-08-22 15:30:00,568.99
2022-08-22 15:45:00,604.81
2022-08-22 16:00:00,566.24
2022-08-22 16:15:00,563.74
2022-08-22 16:30:00,558.74
2022-08-22 16:45:00,604.81
2022-08-22 17:00:00,506.52
2022-08-22 17:15:00,604.81
2022-08-22 17:30:00,605.82
2022-08-22 17:45:00,605.82
2022-08-22 18:00:00,605.82
2022-08-22 18:15:00,605.82
2022-08-22 18:30:00,609.9
2022-08-22 18:45:00,614.94
2022-08-22 19:00:00,674.24
2022-08-22 19:15:00,645.31
2022-08-22 19:30:00,661.37
2022-08-22 19:45:00,629.81
2022-08-22 20:00:00,729.08
2022-08-22 20:15:00,669.81
2022-08-22 20:30:00,629.81
2022-08-22 20:45:00,604.81
2022-08-22 21:00:00,697.54
2022-08-22 21:15:00,639.28
2022-08-22 21:30:00,604.81
2022-08-22 21:45:00,577.28
2022-08-22 22:00:00,638.32
2022-08-22 22:15:00,608.95
2022-08-22 22:30:00,604.81
2022-08-22 22:45:00,530.54
2022-08-22 23:00:00,627.41
2022-08-22 23:15:00,605.82
2022-08-22 23:30:00,518.38
2022-08-22 23:45:00,408.15
2022-08-23 00:00:00,589.28
2022-08-23 00:15:00,550.45
2022-08-23 00:30:00,549.44
2022-08-23 00:45:00,524.28
2022-08-23 01:00:00,549.44
2022-08-23 01:15:00,544.96
2022-08-23 01:30:00,524.98
2022-08-23 01:45:00,504.95
2022-08-23 02:00:00,549.44
2022-08-23 02:15:00,534.94
2022-08-23 02:30:00,514.98
2022-08-23 02:45:00,494.94
2022-08-23 03:00:00,514.9
2022-08-23 03:15:00,509.9
2022-08-23 03:30:00,504.9
2022-08-23 03:45:00,470.28
2022-08-23 04:00:00,449.97
2022-08-23 04:15:00,469.99
2022-08-23 04:30:00,523.74
2022-08-23 04:45:00,549.92
2022-08-23 05:00:00,444.23
2022-08-23 05:15:00,530.0
2022-08-23 05:30:00,550.45
2022-08-23 05:45:00,552.61
2022-08-23 06:00:00,544.95
2022-08-23 06:15:00,570.01
2022-08-23 06:30:00,635.0
2022-08-23 06:45:00,709.93
2022-08-23 07:00:00,609.93
2022-08-23 07:15:00,629.98
2022-08-23 07:30:00,679.93
2022-08-23 07:45:00,671.8
2022-08-23 08:00:00,692.17
2022-08-23 08:15:00,669.93
2022-08-23 08:30:00,639.97
2022-08-23 08:45:00,599.97
2022-08-23 09:00:00,699.92
2022-08-23 09:15:00,659.98
2022-08-23 09:30:00,619.94
2022-08-23 09:45:00,570.0
2022-08-23 10:00:00,621.63
2022-08-23 10:15:00,594.9
2022-08-23 10:30:00,574.44
2022-08-23 10:45:00,550.45
2022-08-23 11:00:00,605.45
2022-08-23 11:15:00,585.02
2022-08-23 11:30:00,550.45
2022-08-23 11:45:00,550.0
2022-08-23 12:00:00,600.21
2022-08-23 12:15:00,573.96
2022-08-23 12:30:00,555.04
2022-08-23 12:45:00,550.45
2022-08-23 13:00:00,590.03
2022-08-23 13:15:00,573.49
2022-08-23 13:30:00,568.93
2022-08-23 13:45:00,550.45
2022-08-23 14:00:00,555.1
2022-08-23 14:15:00,560.09
2022-08-23 14:30:00,573.37
2022-08-23 14:45:00,580.08
2022-08-23 15:00:00,550.45
2022-08-23 15:15:00,550.45
2022-08-23 15:30:00,580.01
2022-08-23 15:45:00,610.01
2022-08-23 16:00:00,549.44
2022-08-23 16:15:00,558.0
2022-08-23 16:30:00,590.06
2022-08-23 16:45:00,635.05
2022-08-23 17:00:00,569.98
2022-08-23 17:15:00,599.6
2022-08-23 17:30:00,669.97
2022-08-23 17:45:00,709.94
2022-08-23 18:00:00,649.92
2022-08-23 18:15:00,669.96
2022-08-23 18:30:00,727.06
2022-08-23 18:45:00,749.99
2022-08-23 19:00:00,750.0
2022-08-23 19:15:00,745.25
2022-08-23 19:30:00,733.92
2022-08-23 19:45:00,729.91
2022-08-23 20:00:00,770.71
2022-08-23 20:15:00,750.0
2022-08-23 20:30:00,730.16
2022-08-23 20:45:00,689.98
2022-08-23 21:00:00,749.99
2022-08-23 21:15:00,732.06
2022-08-23 21:30:00,660.0
2022-08-23 21:45:00,575.1
2022-08-23 22:00:00,706.99
2022-08-23 22:15:00,689.83
2022-08-23 22:30:00,590.09
2022-08-23 22:45:00,550.45
2022-08-23 23:00:00,650.0
2022-08-23 23:15:00,594.92
2022-08-23 23:30:00,550.45
2022-08-23 23:45:00,524.44
2022-08-24 00:00:00,621.93
2022-08-24 00:15:00,596.93
2022-08-24 00:30:00,569.94
2022-08-24 00:45:00,514.55
2022-08-24 01:00:00,574.92
2022-08-24 01:15:00,530.09
2022-08-24 01:30:00,500.0
2022-08-24 01:45:00,475.0
2022-08-24 02:00:00,559.91
2022-08-24 02:15:00,539.91
2022-08-24 02:30:00,510.17
2022-08-24 02:45:00,470.0
2022-08-24 03:00:00,524.9
2022-08-24 03:15:00,507.36
2022-08-24 03:30:00,519.91
2022-08-24 03:45:00,485.1
2022-08-24 04:00:00,465.0
2022-08-24 04:15:00,480.0
2022-08-24 04:30:00,539.91
2022-08-24 04:45:00,564.99
2022-08-24 05:00:00,425.0
2022-08-24 05:15:00,502.7
2022-08-24 05:30:00,584.93
2022-08-24 05:45:00,621.93
2022-08-24 06:00:00,554.95
2022-08-24 06:15:00,619.95
2022-08-24 06:30:00,647.93
2022-08-24 06:45:00,679.51
2022-08-24 07:00:00,646.93
2022-08-24 07:15:00,659.91
2022-08-24 07:30:00,669.97
2022-08-24 07:45:00,749.68
2022-08-24 08:00:00,729.96
2022-08-24 08:15:00,689.91
2022-08-24 08:30:00,659.95
2022-08-24 08:45:00,646.93
2022-08-24 09:00:00,705.0
2022-08-24 09:15:00,645.0
2022-08-24 09:30:00,621.93
2022-08-24 09:45:00,619.98
2022-08-24 10:00:00,649.93
2022-08-24 10:15:00,621.93
2022-08-24 10:30:00,611.61
2022-08-24 10:45:00,589.92
2022-08-24 11:00:00,645.0
2022-08-24 11:15:00,622.94
2022-08-24 11:30:00,585.93
2022-08-24 11:45:00,530.1
2022-08-24 12:00:00,622.94
2022-08-24 12:15:00,604.91
2022-08-24 12:30:00,580.0
2022-08-24 12:45:00,549.98
2022-08-24 13:00:00,622.94
2022-08-24 13:15:00,596.93
2022-08-24 13:30:00,596.93
2022-08-24 13:45:00,589.2
2022-08-24 14:00:00,595.68
2022-08-24 14:15:00,596.18
2022-08-24 14:30:00,596.93
2022-08-24 14:45:00,604.95
2022-08-24 15:00:00,599.92
2022-08-24 15:15:00,596.93
2022-08-24 15:30:00,622.94
2022-08-24 15:45:00,632.75
2022-08-24 16:00:00,580.0
2022-08-24 16:15:00,596.93
2022-08-24 16:30:00,634.9
2022-08-24 16:45:00,660.08
2022-08-24 17:00:00,621.93
2022-08-24 17:15:00,622.94
2022-08-24 17:30:00,660.0
2022-08-24 17:45:00,715.14
2022-08-24 18:00:00,649.93
2022-08-24 18:15:00,679.9
2022-08-24 18:30:00,709.99
2022-08-24 18:45:00,757.43
2022-08-24 19:00:00,809.34
2022-08-24 19:15:00,800.0
2022-08-24 19:30:00,699.99
2022-08-24 19:45:00,739.96
2022-08-24 20:00:00,900.0
2022-08-24 20:15:00,835.39
2022-08-24 20:30:00,714.64
2022-08-24 20:45:00,669.96
2022-08-24 21:00:00,793.43
2022-08-24 21:15:00,719.96
2022-08-24 21:30:00,655.19
2022-08-24 21:45:00,621.93
2022-08-24 22:00:00,685.0
2022-08-24 22:15:00,675.0
2022-08-24 22:30:00,622.94
2022-08-24 22:45:00,583.12
2022-08-24 23:00:00,650.09
2022-08-24 23:15:00,622.94
2022-08-24 23:30:00,596.86
2022-08-24 23:45:00,535.0
2022-08-25 00:00:00,585.0
2022-08-25 00:15:00,575.0
2022-08-25 00:30:00,555.0
2022-08-25 00:45:00,530.0
2022-08-25 01:00:00,562.27
2022-08-25 01:15:00,545.0
2022-08-25 01:30:00,525.0
2022-08-25 01:45:00,487.41
2022-08-25 02:00:00,568.49
2022-08-25 02:15:00,530.0
2022-08-25 02:30:00,515.0
2022-08-25 02:45:00,500.0
2022-08-25 03:00:00,535.0
2022-08-25 03:15:00,525.0
2022-08-25 03:30:00,515.0
2022-08-25 03:45:00,510.0
2022-08-25 04:00:00,505.0
2022-08-25 04:15:00,510.0
2022-08-25 04:30:00,525.0
2022-08-25 04:45:00,547.45
2022-08-25 05:00:00,460.0
2022-08-25 05:15:00,517.82
2022-08-25 05:30:00,579.99
2022-08-25 05:45:00,619.96
2022-08-25 06:00:00,559.97
2022-08-25 06:15:00,610.28
2022-08-25 06:30:00,633.74
2022-08-25 06:45:00,689.97
2022-08-25 07:00:00,610.28
2022-08-25 07:15:00,649.94
2022-08-25 07:30:00,649.97
2022-08-25 07:45:00,687.81
2022-08-25 08:00:00,700.0
2022-08-25 08:15:00,679.8
2022-08-25 08:30:00,649.91
2022-08-25 08:45:00,610.28
2022-08-25 09:00:00,680.06
2022-08-25 09:15:00,619.94
2022-08-25 09:30:00,605.0
2022-08-25 09:45:00,575.0
2022-08-25 10:00:00,675.0
2022-08-25 10:15:00,624.93
2022-08-25 10:30:00,606.22
2022-08-25 10:45:00,584.27
2022-08-25 11:00:00,635.0
2022-08-25 11:15:00,610.28
2022-08-25 11:30:00,594.96
2022-08-25 11:45:00,584.25
2022-08-25 12:00:00,630.0
2022-08-25 12:15:00,607.15
2022-08-25 12:30:00,604.9
2022-08-25 12:45:00,589.91
2022-08-25 13:00:00,610.28
2022-08-25 13:15:00,610.28
2022-08-25 13:30:00,584.27
2022-08-25 13:45:00,584.27
2022-08-25 14:00:00,585.0
2022-08-25 14:15:00,592.86
2022-08-25 14:30:00,610.28
2022-08-25 14:45:00,613.16
2022-08-25 15:00:00,584.27
2022-08-25 15:15:00,585.0
2022-08-25 15:30:00,615.0
2022-08-25 15:45:00,636.21
2022-08-25 16:00:00,574.96
2022-08-25 16:15:00,609.93
2022-08-25 16:30:00,625.04
2022-08-25 16:45:00,684.24
2022-08-25 17:00:00,589.95
2022-08-25 17:15:00,610.0
2022-08-25 17:30:00,674.05
2022-08-25 17:45:00,740.0
2022-08-25 18:00:00,635.0
2022-08-25 18:15:00,665.0
2022-08-25 18:30:00,717.68
2022-08-25 18:45:00,762.28
2022-08-25 19:00:00,749.93
2022-08-25 19:15:00,749.91
2022-08-25 19:30:00,723.57
2022-08-25 19:45:00,755.0
2022-08-25 20:00:00,834.26
2022-08-25 20:15:00,709.99
2022-08-25 20:30:00,699.95
2022-08-25 20:45:00,654.25
2022-08-25 21:00:00,710.2
2022-08-25 21:15:00,680.0
2022-08-25 21:30:00,644.67
2022-08-25 21:45:00,605.0
2022-08-25 22:00:00,695.0
2022-08-25 22:15:00,643.95
2022-08-25 22:30:00,609.27
2022-08-25 22:45:00,590.0
2022-08-25 23:00:00,643.31
2022-08-25 23:15:00,610.28
2022-08-25 23:30:00,576.31
2022-08-25 23:45:00,525.0
2022-08-26 00:00:00,679.95
2022-08-26 00:15:00,659.92
2022-08-26 00:30:00,619.91
2022-08-26 00:45:00,559.94
2022-08-26 01:00:00,624.7
2022-08-26 01:15:00,589.99
2022-08-26 01:30:00,579.95
2022-08-26 01:45:00,559.91
2022-08-26 02:00:00,604.93
2022-08-26 02:15:00,589.94
2022-08-26 02:30:00,574.95
2022-08-26 02:45:00,564.93
2022-08-26 03:00:00,584.94
2022-08-26 03:15:00,579.95
2022-08-26 03:30:00,574.94
2022-08-26 03:45:00,574.93
2022-08-26 04:00:00,554.91
2022-08-26 04:15:00,564.95
2022-08-26 04:30:00,579.98
2022-08-26 04:45:00,628.24
2022-08-26 05:00:00,494.94
2022-08-26 05:15:00,589.91
2022-08-26 05:30:00,657.54
2022-08-26 05:45:00,687.83
2022-08-26 06:00:00,609.98
2022-08-26 06:15:00,691.64
2022-08-26 06:30:00,760.61
2022-08-26 06:45:00,796.32
2022-08-26 07:00:00,691.64
2022-08-26 07:15:00,714.48
2022-08-26 07:30:00,851.99
2022-08-26 07:45:00,888.83
2022-08-26 08:00:00,821.29
2022-08-26 08:15:00,820.36
2022-08-26 08:30:00,774.79
2022-08-26 08:45:00,724.63
2022-08-26 09:00:00,790.09
2022-08-26 09:15:00,764.91
2022-08-26 09:30:00,706.75
2022-08-26 09:45:00,691.64
2022-08-26 10:00:00,760.63
2022-08-26 10:15:00,716.66
2022-08-26 10:30:00,699.09
2022-08-26 10:45:00,695.01
2022-08-26 11:00:00,691.64
2022-08-26 11:15:00,651.63
2022-08-26 11:30:00,649.63
2022-08-26 11:45:00,637.12
2022-08-26 12:00:00,691.64
2022-08-26 12:15:00,673.68
2022-08-26 12:30:00,662.22
2022-08-26 12:45:00,646.22
2022-08-26 13:00:00,679.67
2022-08-26 13:15:00,665.63
2022-08-26 13:30:00,659.71
2022-08-26 13:45:00,614.99
2022-08-26 14:00:00,649.9
2022-08-26 14:15:00,649.91
2022-08-26 14:30:00,669.43
2022-08-26 14:45:00,665.63
2022-08-26 15:00:00,619.92
2022-08-26 15:15:00,609.36
2022-08-26 15:30:00,665.63
2022-08-26 15:45:00,690.63
2022-08-26 16:00:00,599.92
2022-08-26 16:15:00,639.94
2022-08-26 16:30:00,689.22
2022-08-26 16:45:00,695.09
2022-08-26 17:00:00,691.64
2022-08-26 17:15:00,691.64
2022-08-26 17:30:00,750.45
2022-08-26 17:45:00,826.12
2022-08-26 18:00:00,769.32
2022-08-26 18:15:00,734.12
2022-08-26 18:30:00,767.93
2022-08-26 18:45:00,800.0
2022-08-26 19:00:00,828.04
2022-08-26 19:15:00,819.99
2022-08-26 19:30:00,825.86
2022-08-26 19:45:00,735.04
2022-08-26 20:00:00,886.51
2022-08-26 20:15:00,850.0
2022-08-26 20:30:00,741.69
2022-08-26 20:45:00,722.13
2022-08-26 21:00:00,830.9
2022-08-26 21:15:00,739.59
2022-08-26 21:30:00,691.64
2022-08-26 21:45:00,659.97
2022-08-26 22:00:00,759.96
2022-08-26 22:15:00,714.89
2022-08-26 22:30:00,689.92
2022-08-26 22:45:00,647.58
2022-08-26 23:00:00,710.0
2022-08-26 23:15:00,691.64
2022-08-26 23:30:00,634.97
2022-08-26 23:45:00,604.93
2022-08-27 00:00:00,675.0
2022-08-27 00:15:00,621.57
2022-08-27 00:30:00,620.56
2022-08-27 00:45:00,605.27
2022-08-27 01:00:00,621.57
2022-08-27 01:15:00,620.56
2022-08-27 01:30:00,600.0
2022-08-27 01:45:00,582.38
2022-08-27 02:00:00,620.56
2022-08-27 02:15:00,595.48
2022-08-27 02:30:00,580.0
2022-08-27 02:45:00,570.0
2022-08-27 03:00:00,595.56
2022-08-27 03:15:00,595.56
2022-08-27 03:30:00,581.46
2022-08-27 03:45:00,467.8
2022-08-27 04:00:00,529.68
2022-08-27 04:15:00,521.46
2022-08-27 04:30:00,595.55
2022-08-27 04:45:00,595.56
2022-08-27 05:00:00,440.65
2022-08-27 05:15:00,569.93
2022-08-27 05:30:00,599.92
2022-08-27 05:45:00,619.94
2022-08-27 06:00:00,540.02
2022-08-27 06:15:00,565.0
2022-08-27 06:30:00,580.0
2022-08-27 06:45:00,600.0
2022-08-27 07:00:00,570.05
2022-08-27 07:15:00,577.48
2022-08-27 07:30:00,600.0
2022-08-27 07:45:00,603.52
2022-08-27 08:00:00,595.56
2022-08-27 08:15:00,600.07
2022-08-27 08:30:00,595.0
2022-08-27 08:45:00,550.0
2022-08-27 09:00:00,660.02
2022-08-27 09:15:00,627.11
2022-08-27 09:30:00,599.93
2022-08-27 09:45:00,524.91
2022-08-27 10:00:00,621.57
2022-08-27 10:15:00,595.56
2022-08-27 10:30:00,540.1
2022-08-27 10:45:00,491.63
2022-08-27 11:00:00,642.87
2022-08-27 11:15:00,620.0
2022-08-27 11:30:00,600.0
2022-08-27 11:45:00,559.91
2022-08-27 12:00:00,620.56
2022-08-27 12:15:00,615.0
2022-08-27 12:30:00,570.0
2022-08-27 12:45:00,520.0
2022-08-27 13:00:00,620.56
2022-08-27 13:15:00,595.0
2022-08-27 13:30:00,580.0
2022-08-27 13:45:00,560.68
2022-08-27 14:00:00,565.0
2022-08-27 14:15:00,575.0
2022-08-27 14:30:00,580.09
2022-08-27 14:45:00,595.56
2022-08-27 15:00:00,510.07
2022-08-27 15:15:00,550.09
2022-08-27 15:30:00,600.0
2022-08-27 15:45:00,621.57
2022-08-27 16:00:00,470.0
2022-08-27 16:15:00,515.0
2022-08-27 16:30:00,585.1
2022-08-27 16:45:00,621.57
2022-08-27 17:00:00,495.0
2022-08-27 17:15:00,555.0
2022-08-27 17:30:00,620.56
2022-08-27 17:45:00,628.77
2022-08-27 18:00:00,535.0
2022-08-27 18:15:00,585.0
2022-08-27 18:30:00,621.57
2022-08-27 18:45:00,621.57
2022-08-27 19:00:00,565.06
2022-08-27 19:15:00,615.02
2022-08-27 19:30:00,621.57
2022-08-27 19:45:00,621.57
2022-08-27 20:00:00,654.69
2022-08-27 20:15:00,624.99
2022-08-27 20:30:00,634.11
2022-08-27 20:45:00,620.56
2022-08-27 21:00:00,675.08
2022-08-27 21:15:00,655.06
2022-08-27 21:30:00,621.57
2022-08-27 21:45:00,574.79
2022-08-27 22:00:00,630.02
2022-08-27 22:15:00,621.57
2022-08-27 22:30:00,595.56
2022-08-27 22:45:00,540.0
2022-08-27 23:00:00,621.57
2022-08-27 23:15:00,595.56
2022-08-27 23:30:00,530.06
2022-08-27 23:45:00,450.58
2022-08-28 00:00:00,621.23
2022-08-28 00:15:00,614.58
2022-08-28 00:30:00,383.56
2022-08-28 00:45:00,356.05
2022-08-28 01:00:00,595.22
2022-08-28 01:15:00,595.22
2022-08-28 01:30:00,346.0
2022-08-28 01:45:00,320.52
2022-08-28 02:00:00,602.5
2022-08-28 02:15:00,464.08
2022-08-28 02:30:00,307.27
2022-08-28 02:45:00,297.98
2022-08-28 03:00:00,584.88
2022-08-28 03:15:00,429.47
2022-08-28 03:30:00,318.07
2022-08-28 03:45:00,310.47
2022-08-28 04:00:00,317.21
2022-08-28 04:15:00,312.84
2022-08-28 04:30:00,325.43
2022-08-28 04:45:00,492.94
2022-08-28 05:00:00,321.41
2022-08-28 05:15:00,354.16
2022-08-28 05:30:00,438.56
2022-08-28 05:45:00,503.02
2022-08-28 06:00:00,297.54
2022-08-28 06:15:00,316.11
2022-08-28 06:30:00,483.85
2022-08-28 06:45:00,585.21
2022-08-28 07:00:00,304.89
2022-08-28 07:15:00,326.59
2022-08-28 07:30:00,539.51
2022-08-28 07:45:00,595.22
2022-08-28 08:00:00,293.7
2022-08-28 08:15:00,308.45
2022-08-28 08:30:00,475.53
2022-08-28 08:45:00,606.97
2022-08-28 09:00:00,289.89
2022-08-28 09:15:00,475.37
2022-08-28 09:30:00,587.22
2022-08-28 09:45:00,588.72
2022-08-28 10:00:00,299.69
2022-08-28 10:15:00,488.2
2022-08-28 10:30:00,573.4
2022-08-28 10:45:00,575.4
2022-08-28 11:00:00,594.56
2022-08-28 11:15:00,580.06
2022-08-28 11:30:00,579.06
2022-08-28 11:45:00,233.51
2022-08-28 12:00:00,620.22
2022-08-28 12:15:00,595.22
2022-08-28 12:30:00,217.97
2022-08-28 12:45:00,198.76
2022-08-28 13:00:00,620.22
2022-08-28 13:15:00,595.22
2022-08-28 13:30:00,321.37
2022-08-28 13:45:00,155.19
2022-08-28 14:00:00,145.19
2022-08-28 14:15:00,359.36
2022-08-28 14:30:00,504.74
2022-08-28 14:45:00,490.42
2022-08-28 15:00:00,169.16
2022-08-28 15:15:00,166.58
2022-08-28 15:30:00,585.48
2022-08-28 15:45:00,620.22
2022-08-28 16:00:00,203.21
2022-08-28 16:15:00,212.73
2022-08-28 16:30:00,569.85
2022-08-28 16:45:00,620.22
2022-08-28 17:00:00,304.77
2022-08-28 17:15:00,583.98
2022-08-28 17:30:00,595.22
2022-08-28 17:45:00,620.22
2022-08-28 18:00:00,562.68
2022-08-28 18:15:00,595.22
2022-08-28 18:30:00,621.23
2022-08-28 18:45:00,621.23
2022-08-28 19:00:00,620.22
2022-08-28 19:15:00,621.23
2022-08-28 19:30:00,647.65
2022-08-28 19:45:00,658.15
2022-08-28 20:00:00,673.79
2022-08-28 20:15:00,658.72
2022-08-28 20:30:00,666.22
2022-08-28 20:45:00,645.22
2022-08-28 21:00:00,673.19
2022-08-28 21:15:00,652.22
2022-08-28 21:30:00,645.22
2022-08-28 21:45:00,620.22
2022-08-28 22:00:00,621.23
2022-08-28 22:15:00,621.23
2022-08-28 22:30:00,595.22
2022-08-28 22:45:00,595.22
2022-08-28 23:00:00,621.23
2022-08-28 23:15:00,621.23
2022-08-28 23:30:00,589.78
2022-08-28 23:45:00,407.81
2022-08-29 00:00:00,675.98
2022-08-29 00:15:00,654.23
2022-08-29 00:30:00,497.41
2022-08-29 00:45:00,412.38
2022-08-29 01:00:00,646.75
2022-08-29 01:15:00,654.23
2022-08-29 01:30:00,404.9
2022-08-29 01:45:00,167.75
2022-08-29 02:00:00,593.12
2022-08-29 02:15:00,438.67
2022-08-29 02:30:00,392.19
2022-08-29 02:45:00,380.85
2022-08-29 03:00:00,397.56
2022-08-29 03:15:00,393.83
2022-08-29 03:30:00,396.69
2022-08-29 03:45:00,630.64
2022-08-29 04:00:00,395.28
2022-08-29 04:15:00,417.97
2022-08-29 04:30:00,654.23
2022-08-29 04:45:00,680.24
2022-08-29 05:00:00,23.12
2022-08-29 05:15:00,564.99
2022-08-29 05:30:00,680.24
2022-08-29 05:45:00,894.8
2022-08-29 06:00:00,622.09
2022-08-29 06:15:00,680.24
2022-08-29 06:30:00,693.93
2022-08-29 06:45:00,903.45
2022-08-29 07:00:00,679.23
2022-08-29 07:15:00,704.23
2022-08-29 07:30:00,722.66
2022-08-29 07:45:00,853.83
2022-08-29 08:00:00,704.23
2022-08-29 08:15:00,831.29
2022-08-29 08:30:00,712.24
2022-08-29 08:45:00,712.24
2022-08-29 09:00:00,680.24
2022-08-29 09:15:00,681.2
2022-08-29 09:30:00,812.81
2022-08-29 09:45:00,721.74
2022-08-29 10:00:00,693.78
2022-08-29 10:15:00,686.1
2022-08-29 10:30:00,680.24
2022-08-29 10:45:00,680.24
2022-08-29 11:00:00,680.24
2022-08-29 11:15:00,680.24
2022-08-29 11:30:00,663.37
2022-08-29 11:45:00,654.23
2022-08-29 12:00:00,679.23
2022-08-29 12:15:00,654.23
2022-08-29 12:30:00,680.24
2022-08-29 12:45:00,680.24
2022-08-29 13:00:00,680.24
2022-08-29 13:15:00,680.24
2022-08-29 13:30:00,654.23
2022-08-29 13:45:00,645.3
2022-08-29 14:00:00,654.23
2022-08-29 14:15:00,655.65
2022-08-29 14:30:00,680.24
2022-08-29 14:45:00,680.24
2022-08-29 15:00:00,654.23
2022-08-29 15:15:00,654.23
2022-08-29 15:30:00,654.23
2022-08-29 15:45:00,679.23
2022-08-29 16:00:00,679.23
2022-08-29 16:15:00,673.77
2022-08-29 16:30:00,655.77
2022-08-29 16:45:00,679.23
2022-08-29 17:00:00,680.24
2022-08-29 17:15:00,680.24
2022-08-29 17:30:00,680.24
2022-08-29 17:45:00,684.74
2022-08-29 18:00:00,679.23
2022-08-29 18:15:00,679.23
2022-08-29 18:30:00,792.36
2022-08-29 18:45:00,833.18
2022-08-29 19:00:00,883.54
2022-08-29 19:15:00,754.08
2022-08-29 19:30:00,877.77
2022-08-29 19:45:00,704.23
2022-08-29 20:00:00,948.94
2022-08-29 20:15:00,900.0
2022-08-29 20:30:00,713.13
2022-08-29 20:45:00,704.23
2022-08-29 21:00:00,900.0
2022-08-29 21:15:00,835.82
2022-08-29 21:30:00,679.23
2022-08-29 21:45:00,659.58
2022-08-29 22:00:00,833.11
2022-08-29 22:15:00,704.23
2022-08-29 22:30:00,679.23
2022-08-29 22:45:00,651.83
2022-08-29 23:00:00,730.28
2022-08-29 23:15:00,683.0
2022-08-29 23:30:00,654.23
2022-08-29 23:45:00,574.67
2022-08-30 00:00:00,737.8
2022-08-30 00:15:00,674.97
2022-08-30 00:30:00,630.88
2022-08-30 00:45:00,530.0
2022-08-30 01:00:00,664.98
2022-08-30 01:15:00,654.93
2022-08-30 01:30:00,595.0
2022-08-30 01:45:00,555.0
2022-08-30 02:00:00,664.97
2022-08-30 02:15:00,644.93
2022-08-30 02:30:00,624.91
2022-08-30 02:45:00,601.87
2022-08-30 03:00:00,639.91
2022-08-30 03:15:00,595.1
2022-08-30 03:30:00,623.97
2022-08-30 03:45:00,634.9
2022-08-30 04:00:00,575.0
2022-08-30 04:15:00,598.83
2022-08-30 04:30:00,644.93
2022-08-30 04:45:00,674.99
2022-08-30 05:00:00,520.13
2022-08-30 05:15:00,600.0
2022-08-30 05:30:00,689.99
2022-08-30 05:45:00,756.06
2022-08-30 06:00:00,680.0
2022-08-30 06:15:00,741.33
2022-08-30 06:30:00,756.06
2022-08-30 06:45:00,809.94
2022-08-30 07:00:00,770.0
2022-08-30 07:15:00,780.05
2022-08-30 07:30:00,792.05
2022-08-30 07:45:00,814.91
2022-08-30 08:00:00,830.07
2022-08-30 08:15:00,795.09
2022-08-30 08:30:00,780.0
2022-08-30 08:45:00,744.05
2022-08-30 09:00:00,805.72
2022-08-30 09:15:00,775.04
2022-08-30 09:30:00,756.06
2022-08-30 09:45:00,723.05
2022-08-30 10:00:00,800.0
2022-08-30 10:15:00,756.06
2022-08-30 10:30:00,749.96
2022-08-30 10:45:00,724.98
2022-08-30 11:00:00,756.32
2022-08-30 11:15:00,750.0
2022-08-30 11:30:00,730.05
2022-08-30 11:45:00,685.1
2022-08-30 12:00:00,770.0
2022-08-30 12:15:00,756.06
2022-08-30 12:30:00,749.94
2022-08-30 12:45:00,734.96
2022-08-30 13:00:00,735.0
2022-08-30 13:15:00,730.05
2022-08-30 13:30:00,730.0
2022-08-30 13:45:00,725.0
2022-08-30 14:00:00,723.71
2022-08-30 14:15:00,749.97
2022-08-30 14:30:00,760.22
2022-08-30 14:45:00,760.1
2022-08-30 15:00:00,655.0
2022-08-30 15:15:00,725.0
2022-08-30 15:30:00,756.06
2022-08-30 15:45:00,756.97
2022-08-30 16:00:00,670.1
2022-08-30 16:15:00,720.1
2022-08-30 16:30:00,756.06
2022-08-30 16:45:00,790.01
2022-08-30 17:00:00,720.0
2022-08-30 17:15:00,756.06
2022-08-30 17:30:00,793.05
2022-08-30 17:45:00,830.74
2022-08-30 18:00:00,755.05
2022-08-30 18:15:00,780.05
2022-08-30 18:30:00,818.0
2022-08-30 18:45:00,854.9
2022-08-30 19:00:00,835.0
2022-08-30 19:15:00,824.9
2022-08-30 19:30:00,828.82
2022-08-30 19:45:00,835.04
2022-08-30 20:00:00,883.19
2022-08-30 20:15:00,809.97
2022-08-30 20:30:00,791.05
2022-08-30 20:45:00,756.06
2022-08-30 21:00:00,808.77
2022-08-30 21:15:00,780.05
2022-08-30 21:30:00,755.05
2022-08-30 21:45:00,716.05
2022-08-30 22:00:00,770.0
2022-08-30 22:15:00,756.06
2022-08-30 22:30:00,723.22
2022-08-30 22:45:00,706.72
2022-08-30 23:00:00,755.05
2022-08-30 23:15:00,700.0
2022-08-30 23:30:00,666.63
2022-08-30 23:45:00,610.0
2022-08-31 00:00:00,729.91
2022-08-31 00:15:00,659.98
2022-08-31 00:30:00,629.95
2022-08-31 00:45:00,599.93
2022-08-31 01:00:00,615.0
2022-08-31 01:15:00,560.1
2022-08-31 01:30:00,540.05
2022-08-31 01:45:00,505.01
2022-08-31 02:00:00,605.0
2022-08-31 02:15:00,550.06
2022-08-31 02:30:00,530.07
2022-08-31 02:45:00,520.04
2022-08-31 03:00:00,540.06
2022-08-31 03:15:00,540.06
2022-08-31 03:30:00,530.04
2022-08-31 03:45:00,540.05
2022-08-31 04:00:00,520.02
2022-08-31 04:15:00,530.04
2022-08-31 04:30:00,560.09
2022-08-31 04:45:00,625.0
2022-08-31 05:00:00,535.0
2022-08-31 05:15:00,614.93
2022-08-31 05:30:00,709.92
2022-08-31 05:45:00,754.97
2022-08-31 06:00:00,674.91
2022-08-31 06:15:00,729.97
2022-08-31 06:30:00,740.74
2022-08-31 06:45:00,774.23
2022-08-31 07:00:00,719.97
2022-08-31 07:15:00,740.74
2022-08-31 07:30:00,760.0
2022-08-31 07:45:00,760.0
2022-08-31 08:00:00,785.02
2022-08-31 08:15:00,765.05
2022-08-31 08:30:00,739.9
2022-08-31 08:45:00,730.0
2022-08-31 09:00:00,773.61
2022-08-31 09:15:00,765.02
2022-08-31 09:30:00,739.73
2022-08-31 09:45:00,725.0
2022-08-31 10:00:00,745.01
2022-08-31 10:15:00,739.73
2022-08-31 10:30:00,734.45
2022-08-31 10:45:00,740.74
2022-08-31 11:00:00,750.05
2022-08-31 11:15:00,740.74
2022-08-31 11:30:00,740.0
2022-08-31 11:45:00,700.0
2022-08-31 12:00:00,765.04
2022-08-31 12:15:00,757.27
2022-08-31 12:30:00,739.73
2022-08-31 12:45:00,717.73
2022-08-31 13:00:00,739.73
2022-08-31 13:15:00,739.73
2022-08-31 13:30:00,735.0
2022-08-31 13:45:00,700.05
2022-08-31 14:00:00,705.27
2022-08-31 14:15:00,739.73
2022-08-31 14:30:00,739.73
2022-08-31 14:45:00,739.73
2022-08-31 15:00:00,710.0
2022-08-31 15:15:00,735.0
2022-08-31 15:30:00,739.73
2022-08-31 15:45:00,740.74
2022-08-31 16:00:00,719.94
2022-08-31 16:15:00,735.0
2022-08-31 16:30:00,751.16
2022-08-31 16:45:00,770.05
2022-08-31 17:00:00,689.98
2022-08-31 17:15:00,735.0
2022-08-31 17:30:00,765.04
2022-08-31 17:45:00,790.02
2022-08-31 18:00:00,709.84
2022-08-31 18:15:00,759.9
2022-08-31 18:30:00,765.09
2022-08-31 18:45:00,765.09
2022-08-31 19:00:00,735.98
2022-08-31 19:15:00,744.27
2022-08-31 19:30:00,780.01
2022-08-31 19:45:00,739.73
2022-08-31 20:00:00,790.49
2022-08-31 20:15:00,805.0
2022-08-31 20:30:00,764.73
2022-08-31 20:45:00,739.73
2022-08-31 21:00:00,780.0
2022-08-31 21:15:00,760.0
2022-08-31 21:30:00,739.96
2022-08-31 21:45:00,638.6
2022-08-31 22:00:00,760.0
2022-08-31 22:15:00,740.74
2022-08-31 22:30:00,709.94
2022-08-31 22:45:00,631.12
2022-08-31 23:00:00,740.74
2022-08-31 23:15:00,714.73
2022-08-31 23:30:00,679.95
2022-08-31 23:45:00,599.98
2022-09-01 00:00:00,609.94
2022-09-01 00:15:00,555.0
2022-09-01 00:30:00,520.0
2022-09-01 00:45:00,432.0
2022-09-01 01:00:00,574.91
2022-09-01 01:15:00,546.21
2022-09-01 01:30:00,505.0
2022-09-01 01:45:00,433.98
2022-09-01 02:00:00,552.82
2022-09-01 02:15:00,520.1
2022-09-01 02:30:00,500.0
2022-09-01 02:45:00,470.0
2022-09-01 03:00:00,515.0
2022-09-01 03:15:00,505.0
2022-09-01 03:30:00,505.0
2022-09-01 03:45:00,505.0
2022-09-01 04:00:00,460.14
2022-09-01 04:15:00,495.0
2022-09-01 04:30:00,520.0
2022-09-01 04:45:00,584.93
2022-09-01 05:00:00,398.89
2022-09-01 05:15:00,470.05
2022-09-01 05:30:00,599.92
2022-09-01 05:45:00,667.03
2022-09-01 06:00:00,585.0
2022-09-01 06:15:00,663.41
2022-09-01 06:30:00,689.95
2022-09-01 06:45:00,749.99
2022-09-01 07:00:00,667.03
2022-09-01 07:15:00,674.98
2022-09-01 07:30:00,707.81
2022-09-01 07:45:00,709.99
2022-09-01 08:00:00,725.0
2022-09-01 08:15:00,695.0
2022-09-01 08:30:00,689.95
2022-09-01 08:45:00,666.02
2022-09-01 09:00:00,745.0
2022-09-01 09:15:00,691.02
2022-09-01 09:30:00,671.22
2022-09-01 09:45:00,650.27
2022-09-01 10:00:00,700.0
2022-09-01 10:15:00,667.03
2022-09-01 10:30:00,685.57
2022-09-01 10:45:00,667.03
2022-09-01 11:00:00,682.46
2022-09-01 11:15:00,674.78
2022-09-01 11:30:00,667.03
2022-09-01 11:45:00,666.02
2022-09-01 12:00:00,743.43
2022-09-01 12:15:00,679.99
2022-09-01 12:30:00,666.02
2022-09-01 12:45:00,666.02
2022-09-01 13:00:00,732.92
2022-09-01 13:15:00,690.92
2022-09-01 13:30:00,669.96
2022-09-01 13:45:00,666.02
2022-09-01 14:00:00,701.34
2022-09-01 14:15:00,704.34
2022-09-01 14:30:00,691.02
2022-09-01 14:45:00,691.02
2022-09-01 15:00:00,691.02
2022-09-01 15:15:00,691.02
2022-09-01 15:30:00,691.02
2022-09-01 15:45:00,679.29
2022-09-01 16:00:00,667.03
2022-09-01 16:15:00,667.03
2022-09-01 16:30:00,709.94
2022-09-01 16:45:00,673.62
2022-09-01 17:00:00,666.02
2022-09-01 17:15:00,669.93
2022-09-01 17:30:00,700.0
2022-09-01 17:45:00,729.23
2022-09-01 18:00:00,666.02
2022-09-01 18:15:00,691.02
2022-09-01 18:30:00,731.07
2022-09-01 18:45:00,760.0
2022-09-01 19:00:00,739.93
2022-09-01 19:15:00,729.92
2022-09-01 19:30:00,749.9
2022-09-01 19:45:00,720.0
2022-09-01 20:00:00,760.0
2022-09-01 20:15:00,760.0
2022-09-01 20:30:00,699.95
2022-09-01 20:45:00,659.7
2022-09-01 21:00:00,760.0
2022-09-01 21:15:00,737.79
2022-09-01 21:30:00,667.03
2022-09-01 21:45:00,575.0
2022-09-01 22:00:00,696.41
2022-09-01 22:15:00,670.0
2022-09-01 22:30:00,610.0
2022-09-01 22:45:00,510.08
2022-09-01 23:00:00,666.16
2022-09-01 23:15:00,614.98
2022-09-01 23:30:00,535.0
2022-09-01 23:45:00,457.47
2022-09-02 00:00:00,569.67
2022-09-02 00:15:00,568.66
2022-09-02 00:30:00,544.96
2022-09-02 00:45:00,484.92
2022-09-02 01:00:00,520.0
2022-09-02 01:15:00,480.09
2022-09-02 01:30:00,435.24
2022-09-02 01:45:00,384.98
2022-09-02 02:00:00,480.08
2022-09-02 02:15:00,490.09
2022-09-02 02:30:00,460.01
2022-09-02 02:45:00,390.01
2022-09-02 03:00:00,480.04
2022-09-02 03:15:00,480.03
2022-09-02 03:30:00,438.73
2022-09-02 03:45:00,381.5
2022-09-02 04:00:00,375.0
2022-09-02 04:15:00,411.63
2022-09-02 04:30:00,490.04
2022-09-02 04:45:00,543.66
2022-09-02 05:00:00,249.17
2022-09-02 05:15:00,480.07
2022-09-02 05:30:00,569.67
2022-09-02 05:45:00,635.06
2022-09-02 06:00:00,529.55
2022-09-02 06:15:00,570.34
2022-09-02 06:30:00,620.07
2022-09-02 06:45:00,699.93
2022-09-02 07:00:00,569.67
2022-09-02 07:15:00,630.05
2022-09-02 07:30:00,640.27
2022-09-02 07:45:00,639.97
2022-09-02 08:00:00,647.33
2022-09-02 08:15:00,650.0
2022-09-02 08:30:00,593.66
2022-09-02 08:45:00,568.66
2022-09-02 09:00:00,664.11
2022-09-02 09:15:00,609.73
2022-09-02 09:30:00,586.49
2022-09-02 09:45:00,545.03
2022-09-02 10:00:00,675.03
2022-09-02 10:15:00,620.91
2022-09-02 10:30:00,573.99
2022-09-02 10:45:00,569.67
2022-09-02 11:00:00,640.73
2022-09-02 11:15:00,616.66
2022-09-02 11:30:00,593.66
2022-09-02 11:45:00,568.66
2022-09-02 12:00:00,699.11
2022-09-02 12:15:00,635.04
2022-09-02 12:30:00,576.87
2022-09-02 12:45:00,568.66
2022-09-02 13:00:00,635.05
2022-09-02 13:15:00,612.46
2022-09-02 13:30:00,593.66
2022-09-02 13:45:00,569.67
2022-09-02 14:00:00,602.66
2022-09-02 14:15:00,615.03
2022-09-02 14:30:00,607.16
2022-09-02 14:45:00,655.0
2022-09-02 15:00:00,568.66
2022-09-02 15:15:00,584.72
2022-09-02 15:30:00,610.04
2022-09-02 15:45:00,650.06
2022-09-02 16:00:00,543.66
2022-09-02 16:15:00,574.73
2022-09-02 16:30:00,597.21
2022-09-02 16:45:00,680.02
2022-09-02 17:00:00,545.08
2022-09-02 17:15:00,570.1
2022-09-02 17:30:00,634.36
2022-09-02 17:45:00,710.05
2022-09-02 18:00:00,576.88
2022-09-02 18:15:00,607.66
2022-09-02 18:30:00,655.04
2022-09-02 18:45:00,680.05
2022-09-02 19:00:00,610.09
2022-09-02 19:15:00,616.24
2022-09-02 19:30:00,630.08
2022-09-02 19:45:00,640.05
2022-09-02 20:00:00,660.08
2022-09-02 20:15:00,655.05
2022-09-02 20:30:00,619.25
2022-09-02 20:45:00,569.67
2022-09-02 21:00:00,681.17
2022-09-02 21:15:00,635.04
2022-09-02 21:30:00,569.67
2022-09-02 21:45:00,530.1
2022-09-02 22:00:00,635.07
2022-09-02 22:15:00,577.11
2022-09-02 22:30:00,546.7
2022-09-02 22:45:00,480.03
2022-09-02 23:00:00,579.01
2022-09-02 23:15:00,543.66
2022-09-02 23:30:00,442.81
2022-09-02 23:45:00,394.21
2022-09-03 00:00:00,478.96
2022-09-03 00:15:00,452.95
2022-09-03 00:30:00,426.47
2022-09-03 00:45:00,231.18
2022-09-03 01:00:00,478.96
2022-09-03 01:15:00,460.03
2022-09-03 01:30:00,434.42
2022-09-03 01:45:00,211.59
2022-09-03 02:00:00,470.02
2022-09-03 02:15:00,460.07
2022-09-03 02:30:00,419.22
2022-09-03 02:45:00,234.8
2022-09-03 03:00:00,452.95
2022-09-03 03:15:00,232.41
2022-09-03 03:30:00,230.08
2022-09-03 03:45:00,355.45
2022-09-03 04:00:00,409.44
2022-09-03 04:15:00,228.91
2022-09-03 04:30:00,239.74
2022-09-03 04:45:00,357.4
2022-09-03 05:00:00,300.0
2022-09-03 05:15:00,442.23
2022-09-03 05:30:00,478.96
2022-09-03 05:45:00,231.59
2022-09-03 06:00:00,229.4
2022-09-03 06:15:00,452.95
2022-09-03 06:30:00,452.95
2022-09-03 06:45:00,478.96
2022-09-03 07:00:00,452.95
2022-09-03 07:15:00,470.01
2022-09-03 07:30:00,470.06
2022-09-03 07:45:00,484.51
2022-09-03 08:00:00,359.17
2022-09-03 08:15:00,452.95
2022-09-03 08:30:00,452.95
2022-09-03 08:45:00,452.95
2022-09-03 09:00:00,478.96
2022-09-03 09:15:00,478.96
2022-09-03 09:30:00,462.94
2022-09-03 09:45:00,450.02
2022-09-03 10:00:00,478.96
2022-09-03 10:15:00,478.96
2022-09-03 10:30:00,478.96
2022-09-03 10:45:00,452.95
2022-09-03 11:00:00,490.06
2022-09-03 11:15:00,480.04
2022-09-03 11:30:00,473.7
2022-09-03 11:45:00,444.95
2022-09-03 12:00:00,540.05
2022-09-03 12:15:00,497.39
2022-09-03 12:30:00,475.1
2022-09-03 12:45:00,452.95
2022-09-03 13:00:00,460.07
2022-09-03 13:15:00,468.5
2022-09-03 13:30:00,452.95
2022-09-03 13:45:00,452.95
2022-09-03 14:00:00,430.01
2022-09-03 14:15:00,440.01
2022-09-03 14:30:00,397.39
2022-09-03 14:45:00,452.95
2022-09-03 15:00:00,430.01
2022-09-03 15:15:00,368.82
2022-09-03 15:30:00,452.95
2022-09-03 15:45:00,452.95
2022-09-03 16:00:00,262.57
2022-09-03 16:15:00,450.03
2022-09-03 16:30:00,478.96
2022-09-03 16:45:00,483.76
2022-09-03 17:00:00,381.27
2022-09-03 17:15:00,460.02
2022-09-03 17:30:00,478.96
2022-09-03 17:45:00,478.96
2022-09-03 18:00:00,500.01
2022-09-03 18:15:00,488.93
2022-09-03 18:30:00,478.96
2022-09-03 18:45:00,478.96
2022-09-03 19:00:00,505.67
2022-09-03 19:15:00,504.17
2022-09-03 19:30:00,570.0
2022-09-03 19:45:00,540.07
2022-09-03 20:00:00,525.1
2022-09-03 20:15:00,555.06
2022-09-03 20:30:00,536.8
2022-09-03 20:45:00,502.95
2022-09-03 21:00:00,518.42
2022-09-03 21:15:00,478.96
2022-09-03 21:30:00,477.95
2022-09-03 21:45:00,432.42
2022-09-03 22:00:00,499.98
2022-09-03 22:15:00,480.01
2022-09-03 22:30:00,452.95
2022-09-03 22:45:00,370.1
2022-09-03 23:00:00,478.96
2022-09-03 23:15:00,477.95
2022-09-03 23:30:00,400.02
2022-09-03 23:45:00,228.89
2022-09-04 00:00:00,555.06
2022-09-04 00:15:00,529.05
2022-09-04 00:30:00,280.36
2022-09-04 00:45:00,232.97
2022-09-04 01:00:00,529.05
2022-09-04 01:15:00,520.99
2022-09-04 01:30:00,233.39
2022-09-04 01:45:00,195.21
2022-09-04 02:00:00,546.8
2022-09-04 02:15:00,320.05
2022-09-04 02:30:00,227.66
2022-09-04 02:45:00,206.62
2022-09-04 03:00:00,520.4
2022-09-04 03:15:00,255.04
2022-09-04 03:30:00,244.75
2022-09-04 03:45:00,238.66
2022-09-04 04:00:00,245.97
2022-09-04 04:15:00,245.41
2022-09-04 04:30:00,349.57
2022-09-04 04:45:00,448.55
2022-09-04 05:00:00,255.75
2022-09-04 05:15:00,288.93
2022-09-04 05:30:00,437.38
2022-09-04 05:45:00,338.41
2022-09-04 06:00:00,226.79
2022-09-04 06:15:00,252.1
2022-09-04 06:30:00,300.0
2022-09-04 06:45:00,503.06
2022-09-04 07:00:00,258.75
2022-09-04 07:15:00,485.7
2022-09-04 07:30:00,519.04
2022-09-04 07:45:00,529.05
2022-09-04 08:00:00,238.02
2022-09-04 08:15:00,268.88
2022-09-04 08:30:00,506.51
2022-09-04 08:45:00,516.53
2022-09-04 09:00:00,244.91
2022-09-04 09:15:00,404.57
2022-09-04 09:30:00,401.7
2022-09-04 09:45:00,508.88
2022-09-04 10:00:00,505.51
2022-09-04 10:15:00,390.06
2022-09-04 10:30:00,221.37
2022-09-04 10:45:00,467.22
2022-09-04 11:00:00,554.05
2022-09-04 11:15:00,528.05
2022-09-04 11:30:00,264.46
2022-09-04 11:45:00,237.73
2022-09-04 12:00:00,554.05
2022-09-04 12:15:00,529.05
2022-09-04 12:30:00,498.99
2022-09-04 12:45:00,134.83
2022-09-04 13:00:00,555.06
2022-09-04 13:15:00,529.05
2022-09-04 13:30:00,518.84
2022-09-04 13:45:00,113.32
2022-09-04 14:00:00,115.78
2022-09-04 14:15:00,412.0
2022-09-04 14:30:00,527.55
2022-09-04 14:45:00,529.05
2022-09-04 15:00:00,154.5
2022-09-04 15:15:00,417.62
2022-09-04 15:30:00,526.05
2022-09-04 15:45:00,554.05
2022-09-04 16:00:00,178.51
2022-09-04 16:15:00,390.75
2022-09-04 16:30:00,529.05
2022-09-04 16:45:00,554.05
2022-09-04 17:00:00,479.8
2022-09-04 17:15:00,555.06
2022-09-04 17:30:00,555.06
2022-09-04 17:45:00,555.06
2022-09-04 18:00:00,555.06
2022-09-04 18:15:00,558.38
2022-09-04 18:30:00,577.33
2022-09-04 18:45:00,603.96
2022-09-04 19:00:00,555.06
2022-09-04 19:15:00,555.06
2022-09-04 19:30:00,556.38
2022-09-04 19:45:00,563.81
2022-09-04 20:00:00,579.05
2022-09-04 20:15:00,570.78
2022-09-04 20:30:00,579.05
2022-09-04 20:45:00,554.05
2022-09-04 21:00:00,555.06
2022-09-04 21:15:00,539.41
2022-09-04 21:30:00,527.04
2022-09-04 21:45:00,528.54
2022-09-04 22:00:00,555.06
2022-09-04 22:15:00,555.06
2022-09-04 22:30:00,529.05
2022-09-04 22:45:00,361.12
2022-09-04 23:00:00,555.06
2022-09-04 23:15:00,529.05
2022-09-04 23:30:00,395.59
2022-09-04 23:45:00,258.99
2022-09-05 00:00:00,525.04
2022-09-05 00:15:00,494.04
2022-09-05 00:30:00,302.63
2022-09-05 00:45:00,276.92
2022-09-05 01:00:00,542.54
2022-09-05 01:15:00,300.0
2022-09-05 01:30:00,249.56
2022-09-05 01:45:00,225.64
2022-09-05 02:00:00,484.68
2022-09-05 02:15:00,270.24
2022-09-05 02:30:00,239.34
2022-09-05 02:45:00,229.13
2022-09-05 03:00:00,270.47
2022-09-05 03:15:00,248.77
2022-09-05 03:30:00,251.14
2022-09-05 03:45:00,277.14
2022-09-05 04:00:00,110.48
2022-09-05 04:15:00,256.61
2022-09-05 04:30:00,315.37
2022-09-05 04:45:00,517.54
2022-09-05 05:00:00,-100.0
2022-09-05 05:15:00,326.71
2022-09-05 05:30:00,543.55
2022-09-05 05:45:00,789.85
2022-09-05 06:00:00,284.37
2022-09-05 06:15:00,543.55
2022-09-05 06:30:00,591.35
2022-09-05 06:45:00,799.58
2022-09-05 07:00:00,534.29
2022-09-05 07:15:00,542.54
2022-09-05 07:30:00,567.54
2022-09-05 07:45:00,726.71
2022-09-05 08:00:00,567.54
2022-09-05 08:15:00,576.23
2022-09-05 08:30:00,589.73
2022-09-05 08:45:00,578.23
2022-09-05 09:00:00,567.54
2022-09-05 09:15:00,567.54
2022-09-05 09:30:00,567.54
2022-09-05 09:45:00,552.38
2022-09-05 10:00:00,557.48
2022-09-05 10:15:00,552.68
2022-09-05 10:30:00,546.68
2022-09-05 10:45:00,543.55
2022-09-05 11:00:00,542.5
2022-09-05 11:15:00,536.25
2022-09-05 11:30:00,530.75
2022-09-05 11:45:00,510.45
2022-09-05 12:00:00,561.84
2022-09-05 12:15:00,552.72
2022-09-05 12:30:00,546.72
2022-09-05 12:45:00,549.12
2022-09-05 13:00:00,543.55
2022-09-05 13:15:00,517.54
2022-09-05 13:30:00,517.54
2022-09-05 13:45:00,330.53
2022-09-05 14:00:00,543.55
2022-09-05 14:15:00,543.55
2022-09-05 14:30:00,543.55
2022-09-05 14:45:00,543.55
2022-09-05 15:00:00,442.17
2022-09-05 15:15:00,501.53
2022-09-05 15:30:00,506.53
2022-09-05 15:45:00,542.54
2022-09-05 16:00:00,465.08
2022-09-05 16:15:00,500.32
2022-09-05 16:30:00,511.32
2022-09-05 16:45:00,542.54
2022-09-05 17:00:00,543.55
2022-09-05 17:15:00,565.63
2022-09-05 17:30:00,574.56
2022-09-05 17:45:00,578.06
2022-09-05 18:00:00,543.55
2022-09-05 18:15:00,543.55
2022-09-05 18:30:00,588.54
2022-09-05 18:45:00,646.03
2022-09-05 19:00:00,691.77
2022-09-05 19:15:00,582.04
2022-09-05 19:30:00,567.54
2022-09-05 19:45:00,542.54
2022-09-05 20:00:00,747.1
2022-09-05 20:15:00,567.54
2022-09-05 20:30:00,542.54
2022-09-05 20:45:00,542.54
2022-09-05 21:00:00,741.1
2022-09-05 21:15:00,570.79
2022-09-05 21:30:00,542.54
2022-09-05 21:45:00,456.87
2022-09-05 22:00:00,544.75
2022-09-05 22:15:00,543.55
2022-09-05 22:30:00,517.54
2022-09-05 22:45:00,343.16
2022-09-05 23:00:00,543.55
2022-09-05 23:15:00,543.55
2022-09-05 23:30:00,405.5
2022-09-05 23:45:00,290.33
2022-09-06 00:00:00,528.78
2022-09-06 00:15:00,522.3
2022-09-06 00:30:00,450.0
2022-09-06 00:45:00,379.95
2022-09-06 01:00:00,432.33
2022-09-06 01:15:00,419.94
2022-09-06 01:30:00,409.9
2022-09-06 01:45:00,354.94
2022-09-06 02:00:00,439.96
2022-09-06 02:15:00,419.94
2022-09-06 02:30:00,381.54
2022-09-06 02:45:00,359.98
2022-09-06 03:00:00,389.99
2022-09-06 03:15:00,384.99
2022-09-06 03:30:00,379.98
2022-09-06 03:45:00,374.98
2022-09-06 04:00:00,324.94
2022-09-06 04:15:00,359.97
2022-09-06 04:30:00,417.88
2022-09-06 04:45:00,389.99
2022-09-06 05:00:00,254.96
2022-09-06 05:15:00,362.73
2022-09-06 05:30:00,496.29
2022-09-06 05:45:00,522.3
2022-09-06 06:00:00,474.94
2022-09-06 06:15:00,522.3
2022-09-06 06:30:00,552.54
2022-09-06 06:45:00,570.0
2022-09-06 07:00:00,523.5
2022-09-06 07:15:00,526.14
2022-09-06 07:30:00,570.0
2022-09-06 07:45:00,588.25
2022-09-06 08:00:00,599.99
2022-09-06 08:15:00,570.0
2022-09-06 08:30:00,549.99
2022-09-06 08:45:00,522.3
2022-09-06 09:00:00,577.91
2022-09-06 09:15:00,559.94
2022-09-06 09:30:00,525.66
2022-09-06 09:45:00,496.29
2022-09-06 10:00:00,562.21
2022-09-06 10:15:00,539.07
2022-09-06 10:30:00,522.3
2022-09-06 10:45:00,496.29
2022-09-06 11:00:00,524.98
2022-09-06 11:15:00,526.14
2022-09-06 11:30:00,523.26
2022-09-06 11:45:00,489.98
2022-09-06 12:00:00,559.98
2022-09-06 12:15:00,545.57
2022-09-06 12:30:00,522.3
2022-09-06 12:45:00,503.98
2022-09-06 13:00:00,532.38
2022-09-06 13:15:00,529.94
2022-09-06 13:30:00,522.3
2022-09-06 13:45:00,496.63
2022-09-06 14:00:00,509.94
2022-09-06 14:15:00,522.3
2022-09-06 14:30:00,522.38
2022-09-06 14:45:00,524.98
2022-09-06 15:00:00,496.29
2022-09-06 15:15:00,514.93
2022-09-06 15:30:00,522.3
2022-09-06 15:45:00,549.96
2022-09-06 16:00:00,515.55
2022-09-06 16:15:00,521.29
2022-09-06 16:30:00,529.95
2022-09-06 16:45:00,565.0
2022-09-06 17:00:00,521.29
2022-09-06 17:15:00,537.41
2022-09-06 17:30:00,589.97
2022-09-06 17:45:00,667.73
2022-09-06 18:00:00,546.29
2022-09-06 18:15:00,579.95
2022-09-06 18:30:00,700.19
2022-09-06 18:45:00,708.41
2022-09-06 19:00:00,759.15
2022-09-06 19:15:00,666.83
2022-09-06 19:30:00,735.58
2022-09-06 19:45:00,619.92
2022-09-06 20:00:00,844.7
2022-09-06 20:15:00,765.73
2022-09-06 20:30:00,589.98
2022-09-06 20:45:00,531.18
2022-09-06 21:00:00,675.0
2022-09-06 21:15:00,590.0
2022-09-06 21:30:00,523.07
2022-09-06 21:45:00,499.96
2022-09-06 22:00:00,570.0
2022-09-06 22:15:00,570.0
2022-09-06 22:30:00,522.3
2022-09-06 22:45:00,496.29
2022-09-06 23:00:00,570.0
2022-09-06 23:15:00,549.83
2022-09-06 23:30:00,522.3
2022-09-06 23:45:00,430.0
2022-09-07 00:00:00,529.9
2022-09-07 00:15:00,504.94
2022-09-07 00:30:00,440.0
2022-09-07 00:45:00,415.0
2022-09-07 01:00:00,455.0
2022-09-07 01:15:00,419.85
2022-09-07 01:30:00,380.06
2022-09-07 01:45:00,370.04
2022-09-07 02:00:00,408.98
2022-09-07 02:15:00,420.0
2022-09-07 02:30:00,360.0
2022-09-07 02:45:00,360.04
2022-09-07 03:00:00,370.05
2022-09-07 03:15:00,360.07
2022-09-07 03:30:00,400.0
2022-09-07 03:45:00,375.44
2022-09-07 04:00:00,330.07
2022-09-07 04:15:00,350.07
2022-09-07 04:30:00,395.62
2022-09-07 04:45:00,430.0
2022-09-07 05:00:00,310.02
2022-09-07 05:15:00,370.08
2022-09-07 05:30:00,468.73
2022-09-07 05:45:00,563.18
2022-09-07 06:00:00,460.0
2022-09-07 06:15:00,556.68
2022-09-07 06:30:00,591.35
2022-09-07 06:45:00,619.99
2022-09-07 07:00:00,580.1
2022-09-07 07:15:00,582.69
2022-09-07 07:30:00,609.91
2022-09-07 07:45:00,629.93
2022-09-07 08:00:00,615.08
2022-09-07 08:15:00,618.39
2022-09-07 08:30:00,595.0
2022-09-07 08:45:00,581.68
2022-09-07 09:00:00,620.07
2022-09-07 09:15:00,596.92
2022-09-07 09:30:00,575.0
2022-09-07 09:45:00,520.0
2022-09-07 10:00:00,582.69
2022-09-07 10:15:00,578.2
2022-09-07 10:30:00,556.68
2022-09-07 10:45:00,510.0
2022-09-07 11:00:00,581.68
2022-09-07 11:15:00,530.07
2022-09-07 11:30:00,500.07
2022-09-07 11:45:00,387.78
2022-09-07 12:00:00,581.68
2022-09-07 12:15:00,545.1
2022-09-07 12:30:00,493.95
2022-09-07 12:45:00,470.08
2022-09-07 13:00:00,564.93
2022-09-07 13:15:00,542.69
2022-09-07 13:30:00,510.01
2022-09-07 13:45:00,401.15
2022-09-07 14:00:00,517.16
2022-09-07 14:15:00,490.07
2022-09-07 14:30:00,545.0
2022-09-07 14:45:00,556.68
2022-09-07 15:00:00,352.46
2022-09-07 15:15:00,492.73
2022-09-07 15:30:00,552.17
2022-09-07 15:45:00,581.68
2022-09-07 16:00:00,353.77
2022-09-07 16:15:00,510.0
2022-09-07 16:30:00,560.06
2022-09-07 16:45:00,581.68
2022-09-07 17:00:00,540.0
2022-09-07 17:15:00,581.68
2022-09-07 17:30:00,605.08
2022-09-07 17:45:00,635.05
2022-09-07 18:00:00,581.1
2022-09-07 18:15:00,600.05
2022-09-07 18:30:00,625.05
2022-09-07 18:45:00,645.09
2022-09-07 19:00:00,606.68
2022-09-07 19:15:00,615.08
2022-09-07 19:30:00,640.05
2022-09-07 19:45:00,637.23
2022-09-07 20:00:00,669.8
2022-09-07 20:15:00,635.04
2022-09-07 20:30:00,605.06
2022-09-07 20:45:00,570.06
2022-09-07 21:00:00,675.0
2022-09-07 21:15:00,664.9
2022-09-07 21:30:00,581.68
2022-09-07 21:45:00,520.02
2022-09-07 22:00:00,665.0
2022-09-07 22:15:00,622.21
2022-09-07 22:30:00,582.69
2022-09-07 22:45:00,515.09
2022-09-07 23:00:00,603.46
2022-09-07 23:15:00,582.69
2022-09-07 23:30:00,520.1
2022-09-07 23:45:00,505.0
2022-09-08 00:00:00,490.0
2022-09-08 00:15:00,465.0
2022-09-08 00:30:00,430.0
2022-09-08 00:45:00,387.15
2022-09-08 01:00:00,420.07
2022-09-08 01:15:00,390.01
2022-09-08 01:30:00,361.62
2022-09-08 01:45:00,265.01
2022-09-08 02:00:00,395.91
2022-09-08 02:15:00,380.05
2022-09-08 02:30:00,349.29
2022-09-08 02:45:00,340.02
2022-09-08 03:00:00,350.01
2022-09-08 03:15:00,340.06
2022-09-08 03:30:00,340.04
2022-09-08 03:45:00,329.74
2022-09-08 04:00:00,279.68
2022-09-08 04:15:00,351.67
2022-09-08 04:30:00,353.14
2022-09-08 04:45:00,365.0
2022-09-08 05:00:00,190.02
2022-09-08 05:15:00,355.0
2022-09-08 05:30:00,443.87
2022-09-08 05:45:00,531.14
2022-09-08 06:00:00,420.0
2022-09-08 06:15:00,505.0
2022-09-08 06:30:00,540.0
2022-09-08 06:45:00,610.0
2022-09-08 07:00:00,510.02
2022-09-08 07:15:00,532.64
2022-09-08 07:30:00,557.64
2022-09-08 07:45:00,586.01
2022-09-08 08:00:00,532.64
2022-09-08 08:15:00,557.64
2022-09-08 08:30:00,543.33
2022-09-08 08:45:00,532.64
2022-09-08 09:00:00,535.14
2022-09-08 09:15:00,540.05
2022-09-08 09:30:00,533.65
2022-09-08 09:45:00,510.0
2022-09-08 10:00:00,532.64
2022-09-08 10:15:00,533.65
2022-09-08 10:30:00,533.65
2022-09-08 10:45:00,445.1
2022-09-08 11:00:00,403.75
2022-09-08 11:15:00,500.0
2022-09-08 11:30:00,480.0
2022-09-08 11:45:00,331.62
2022-09-08 12:00:00,533.65
2022-09-08 12:15:00,514.96
2022-09-08 12:30:00,494.99
2022-09-08 12:45:00,444.99
2022-09-08 13:00:00,460.0
2022-09-08 13:15:00,455.0
2022-09-08 13:30:00,420.08
2022-09-08 13:45:00,375.66
2022-09-08 14:00:00,279.99
2022-09-08 14:15:00,484.93
2022-09-08 14:30:00,479.98
2022-09-08 14:45:00,362.81
2022-09-08 15:00:00,382.8
2022-09-08 15:15:00,397.58
2022-09-08 15:30:00,480.02
2022-09-08 15:45:00,524.89
2022-09-08 16:00:00,323.52
2022-09-08 16:15:00,465.0
2022-09-08 16:30:00,499.64
2022-09-08 16:45:00,360.11
2022-09-08 17:00:00,445.0
2022-09-08 17:15:00,515.0
2022-09-08 17:30:00,522.1
2022-09-08 17:45:00,533.65
2022-09-08 18:00:00,510.0
2022-09-08 18:15:00,535.03
2022-09-08 18:30:00,550.04
2022-09-08 18:45:00,540.05
2022-09-08 19:00:00,532.64
2022-09-08 19:15:00,570.51
2022-09-08 19:30:00,579.01
2022-09-08 19:45:00,520.83
2022-09-08 20:00:00,598.6
2022-09-08 20:15:00,600.03
2022-09-08 20:30:00,560.02
2022-09-08 20:45:00,440.09
2022-09-08 21:00:00,555.0
2022-09-08 21:15:00,560.1
2022-09-08 21:30:00,533.65
2022-09-08 21:45:00,375.07
2022-09-08 22:00:00,540.0
2022-09-08 22:15:00,535.07
2022-09-08 22:30:00,475.04
2022-09-08 22:45:00,355.05
2022-09-08 23:00:00,510.0
2022-09-08 23:15:00,487.64
2022-09-08 23:30:00,401.89
2022-09-08 23:45:00,310.09
2022-09-09 00:00:00,480.0
2022-09-09 00:15:00,439.93
2022-09-09 00:30:00,370.0
2022-09-09 00:45:00,332.41
2022-09-09 01:00:00,365.0
2022-09-09 01:15:00,355.0
2022-09-09 01:30:00,326.22
2022-09-09 01:45:00,289.66
2022-09-09 02:00:00,330.0
2022-09-09 02:15:00,345.0
2022-09-09 02:30:00,290.72
2022-09-09 02:45:00,280.0
2022-09-09 03:00:00,310.15
2022-09-09 03:15:00,310.07
2022-09-09 03:30:00,312.25
2022-09-09 03:45:00,300.08
2022-09-09 04:00:00,215.52
2022-09-09 04:15:00,310.03
2022-09-09 04:30:00,330.05
2022-09-09 04:45:00,420.0
2022-09-09 05:00:00,161.58
2022-09-09 05:15:00,340.05
2022-09-09 05:30:00,440.0
2022-09-09 05:45:00,502.58
2022-09-09 06:00:00,289.77
2022-09-09 06:15:00,490.0
2022-09-09 06:30:00,505.0
2022-09-09 06:45:00,600.0
2022-09-09 07:00:00,352.54
2022-09-09 07:15:00,501.57
2022-09-09 07:30:00,526.57
2022-09-09 07:45:00,555.0
2022-09-09 08:00:00,495.83
2022-09-09 08:15:00,501.57
2022-09-09 08:30:00,487.33
2022-09-09 08:45:00,435.02
2022-09-09 09:00:00,501.57
2022-09-09 09:15:00,500.05
2022-09-09 09:30:00,472.76
2022-09-09 09:45:00,405.02
2022-09-09 10:00:00,501.57
2022-09-09 10:15:00,475.07
2022-09-09 10:30:00,430.01
2022-09-09 10:45:00,376.0
2022-09-09 11:00:00,496.07
2022-09-09 11:15:00,460.05
2022-09-09 11:30:00,441.71
2022-09-09 11:45:00,380.01
2022-09-09 12:00:00,501.8
2022-09-09 12:15:00,475.0
2022-09-09 12:30:00,410.07
2022-09-09 12:45:00,380.02
2022-09-09 13:00:00,470.0
2022-09-09 13:15:00,430.09
2022-09-09 13:30:00,394.06
2022-09-09 13:45:00,297.85
2022-09-09 14:00:00,380.03
2022-09-09 14:15:00,410.01
2022-09-09 14:30:00,430.06
2022-09-09 14:45:00,440.05
2022-09-09 15:00:00,390.0
2022-09-09 15:15:00,399.33
2022-09-09 15:30:00,326.28
2022-09-09 15:45:00,476.07
2022-09-09 16:00:00,360.01
2022-09-09 16:15:00,362.08
2022-09-09 16:30:00,471.99
2022-09-09 16:45:00,469.0
2022-09-09 17:00:00,326.24
2022-09-09 17:15:00,450.05
2022-09-09 17:30:00,501.57
2022-09-09 17:45:00,502.58
2022-09-09 18:00:00,446.14
2022-09-09 18:15:00,476.06
2022-09-09 18:30:00,489.32
2022-09-09 18:45:00,499.07
2022-09-09 19:00:00,501.57
2022-09-09 19:15:00,501.57
2022-09-09 19:30:00,501.57
2022-09-09 19:45:00,461.52
2022-09-09 20:00:00,540.07
2022-09-09 20:15:00,530.0
2022-09-09 20:30:00,500.07
2022-09-09 20:45:00,376.25
2022-09-09 21:00:00,526.57
2022-09-09 21:15:00,501.57
2022-09-09 21:30:00,492.95
2022-09-09 21:45:00,318.83
2022-09-09 22:00:00,540.03
2022-09-09 22:15:00,501.57
2022-09-09 22:30:00,425.69
2022-09-09 22:45:00,293.1
2022-09-09 23:00:00,530.56
2022-09-09 23:15:00,470.05
2022-09-09 23:30:00,326.27
2022-09-09 23:45:00,199.61
2022-09-10 00:00:00,427.85
2022-09-10 00:15:00,426.84
2022-09-10 00:30:00,359.2
2022-09-10 00:45:00,310.0
2022-09-10 01:00:00,422.39
2022-09-10 01:15:00,364.92
2022-09-10 01:30:00,305.0
2022-09-10 01:45:00,295.0
2022-09-10 02:00:00,396.73
2022-09-10 02:15:00,354.99
2022-09-10 02:30:00,329.91
2022-09-10 02:45:00,319.92
2022-09-10 03:00:00,339.98
2022-09-10 03:15:00,324.97
2022-09-10 03:30:00,314.98
2022-09-10 03:45:00,309.96
2022-09-10 04:00:00,314.99
2022-09-10 04:15:00,314.99
2022-09-10 04:30:00,324.99
2022-09-10 04:45:00,365.06
2022-09-10 05:00:00,246.35
2022-09-10 05:15:00,304.98
2022-09-10 05:30:00,379.83
2022-09-10 05:45:00,401.84
2022-09-10 06:00:00,189.96
2022-09-10 06:15:00,354.99
2022-09-10 06:30:00,375.22
2022-09-10 06:45:00,404.84
2022-09-10 07:00:00,309.97
2022-09-10 07:15:00,381.31
2022-09-10 07:30:00,401.84
2022-09-10 07:45:00,409.92
2022-09-10 08:00:00,420.0
2022-09-10 08:15:00,406.38
2022-09-10 08:30:00,419.91
2022-09-10 08:45:00,380.0
2022-09-10 09:00:00,475.0
2022-09-10 09:15:00,427.85
2022-09-10 09:30:00,389.91
2022-09-10 09:45:00,296.83
2022-09-10 10:00:00,435.1
2022-09-10 10:15:00,427.85
2022-09-10 10:30:00,320.15
2022-09-10 10:45:00,289.94
2022-09-10 11:00:00,401.84
2022-09-10 11:15:00,374.99
2022-09-10 11:30:00,319.99
2022-09-10 11:45:00,274.43
2022-09-10 12:00:00,419.84
2022-09-10 12:15:00,368.2
2022-09-10 12:30:00,284.96
2022-09-10 12:45:00,247.0
2022-09-10 13:00:00,427.85
2022-09-10 13:15:00,384.33
2022-09-10 13:30:00,299.99
2022-09-10 13:45:00,346.62
2022-09-10 14:00:00,278.29
2022-09-10 14:15:00,294.94
2022-09-10 14:30:00,344.94
2022-09-10 14:45:00,401.84
2022-09-10 15:00:00,244.98
2022-09-10 15:15:00,299.9
2022-09-10 15:30:00,374.93
2022-09-10 15:45:00,413.78
2022-09-10 16:00:00,259.36
2022-09-10 16:15:00,319.96
2022-09-10 16:30:00,426.84
2022-09-10 16:45:00,427.85
2022-09-10 17:00:00,311.07
2022-09-10 17:15:00,426.84
2022-09-10 17:30:00,459.92
2022-09-10 17:45:00,467.84
2022-09-10 18:00:00,424.34
2022-09-10 18:15:00,449.92
2022-09-10 18:30:00,450.68
2022-09-10 18:45:00,455.0
2022-09-10 19:00:00,420.0
2022-09-10 19:15:00,475.02
2022-09-10 19:30:00,500.04
2022-09-10 19:45:00,460.37
2022-09-10 20:00:00,510.07
2022-09-10 20:15:00,495.02
2022-09-10 20:30:00,451.84
2022-09-10 20:45:00,425.39
2022-09-10 21:00:00,495.07
2022-09-10 21:15:00,455.03
2022-09-10 21:30:00,426.84
2022-09-10 21:45:00,394.81
2022-09-10 22:00:00,505.0
2022-09-10 22:15:00,451.84
2022-09-10 22:30:00,415.0
2022-09-10 22:45:00,342.88
2022-09-10 23:00:00,450.0
2022-09-10 23:15:00,425.0
2022-09-10 23:30:00,384.95
2022-09-10 23:45:00,316.13
2022-09-11 00:00:00,473.69
2022-09-11 00:15:00,458.44
2022-09-11 00:30:00,365.49
2022-09-11 00:45:00,268.03
2022-09-11 01:00:00,473.69
2022-09-11 01:15:00,320.39
2022-09-11 01:30:00,272.78
2022-09-11 01:45:00,253.14
2022-09-11 02:00:00,473.69
2022-09-11 02:15:00,331.42
2022-09-11 02:30:00,264.22
2022-09-11 02:45:00,251.21
2022-09-11 03:00:00,473.69
2022-09-11 03:15:00,288.05
2022-09-11 03:30:00,279.28
2022-09-11 03:45:00,279.21
2022-09-11 04:00:00,279.21
2022-09-11 04:15:00,279.23
2022-09-11 04:30:00,288.11
2022-09-11 04:45:00,473.69
2022-09-11 05:00:00,279.21
2022-09-11 05:15:00,279.24
2022-09-11 05:30:00,428.19
2022-09-11 05:45:00,333.67
2022-09-11 06:00:00,258.48
2022-09-11 06:15:00,270.88
2022-09-11 06:30:00,279.25
2022-09-11 06:45:00,473.69
2022-09-11 07:00:00,276.42
2022-09-11 07:15:00,274.28
2022-09-11 07:30:00,303.24
2022-09-11 07:45:00,454.19
2022-09-11 08:00:00,271.07
2022-09-11 08:15:00,379.8
2022-09-11 08:30:00,304.98
2022-09-11 08:45:00,473.69
2022-09-11 09:00:00,279.22
2022-09-11 09:15:00,378.3
2022-09-11 09:30:00,279.22
2022-09-11 09:45:00,473.69
2022-09-11 10:00:00,382.45
2022-09-11 10:15:00,430.19
2022-09-11 10:30:00,279.25
2022-09-11 10:45:00,279.24
2022-09-11 11:00:00,433.7
2022-09-11 11:15:00,403.67
2022-09-11 11:30:00,279.29
2022-09-11 11:45:00,378.61
2022-09-11 12:00:00,473.69
2022-09-11 12:15:00,298.53
2022-09-11 12:30:00,279.29
2022-09-11 12:45:00,275.78
2022-09-11 13:00:00,473.69
2022-09-11 13:15:00,424.62
2022-09-11 13:30:00,250.66
2022-09-11 13:45:00,252.1
2022-09-11 14:00:00,276.33
2022-09-11 14:15:00,243.76
2022-09-11 14:30:00,242.16
2022-09-11 14:45:00,437.82
2022-09-11 15:00:00,245.13
2022-09-11 15:15:00,246.91
2022-09-11 15:30:00,253.21
2022-09-11 15:45:00,467.48
2022-09-11 16:00:00,264.22
2022-09-11 16:15:00,279.2
2022-09-11 16:30:00,302.9
2022-09-11 16:45:00,473.69
2022-09-11 17:00:00,279.25
2022-09-11 17:15:00,448.69
2022-09-11 17:30:00,448.69
2022-09-11 17:45:00,474.7
2022-09-11 18:00:00,428.4
2022-09-11 18:15:00,473.69
2022-09-11 18:30:00,473.69
2022-09-11 18:45:00,473.69
2022-09-11 19:00:00,473.69
2022-09-11 19:15:00,473.69
2022-09-11 19:30:00,473.69
2022-09-11 19:45:00,474.02
2022-09-11 20:00:00,473.69
2022-09-11 20:15:00,473.69
2022-09-11 20:30:00,469.58
2022-09-11 20:45:00,460.58
2022-09-11 21:00:00,473.69
2022-09-11 21:15:00,473.69
2022-09-11 21:30:00,432.31
2022-09-11 21:45:00,432.31
2022-09-11 22:00:00,473.69
2022-09-11 22:15:00,459.19
2022-09-11 22:30:00,443.69
2022-09-11 22:45:00,423.31
2022-09-11 23:00:00,474.7
2022-09-11 23:15:00,474.7
2022-09-11 23:30:00,448.69
2022-09-11 23:45:00,321.53
2022-09-12 00:00:00,488.2
2022-09-12 00:15:00,487.19
2022-09-12 00:30:00,306.64
2022-09-12 00:45:00,379.53
2022-09-12 01:00:00,487.19
2022-09-12 01:15:00,295.91
2022-09-12 01:30:00,271.28
2022-09-12 01:45:00,265.69
2022-09-12 02:00:00,410.6
2022-09-12 02:15:00,279.24
2022-09-12 02:30:00,261.06
2022-09-12 02:45:00,269.36
2022-09-12 03:00:00,279.2
2022-09-12 03:15:00,300.05
2022-09-12 03:30:00,341.62
2022-09-12 03:45:00,279.25
2022-09-12 04:00:00,253.42
2022-09-12 04:15:00,270.64
2022-09-12 04:30:00,308.76
2022-09-12 04:45:00,487.19
2022-09-12 05:00:00,-16.63
2022-09-12 05:15:00,333.07
2022-09-12 05:30:00,493.22
2022-09-12 05:45:00,549.49
2022-09-12 06:00:00,258.03
2022-09-12 06:15:00,487.19
2022-09-12 06:30:00,512.19
2022-09-12 06:45:00,607.11
2022-09-12 07:00:00,487.19
2022-09-12 07:15:00,512.19
2022-09-12 07:30:00,512.19
2022-09-12 07:45:00,615.31
2022-09-12 08:00:00,512.19
2022-09-12 08:15:00,512.19
2022-09-12 08:30:00,512.19
2022-09-12 08:45:00,503.42
2022-09-12 09:00:00,487.19
2022-09-12 09:15:00,487.19
2022-09-12 09:30:00,469.86
2022-09-12 09:45:00,447.03
2022-09-12 10:00:00,487.19
2022-09-12 10:15:00,485.61
2022-09-12 10:30:00,474.36
2022-09-12 10:45:00,453.53
2022-09-12 11:00:00,462.19
2022-09-12 11:15:00,448.19
2022-09-12 11:30:00,430.92
2022-09-12 11:45:00,438.69
2022-09-12 12:00:00,480.19
2022-09-12 12:15:00,450.19
2022-09-12 12:30:00,346.91
2022-09-12 12:45:00,442.69
2022-09-12 13:00:00,488.2
2022-09-12 13:15:00,462.19
2022-09-12 13:30:00,462.19
2022-09-12 13:45:00,307.27
2022-09-12 14:00:00,381.92
2022-09-12 14:15:00,440.69
2022-09-12 14:30:00,462.19
2022-09-12 14:45:00,462.19
2022-09-12 15:00:00,357.15
2022-09-12 15:15:00,453.19
2022-09-12 15:30:00,462.19
2022-09-12 15:45:00,487.19
2022-09-12 16:00:00,462.19
2022-09-12 16:15:00,462.19
2022-09-12 16:30:00,462.19
2022-09-12 16:45:00,488.2
2022-09-12 17:00:00,462.26
2022-09-12 17:15:00,484.26
2022-09-12 17:30:00,487.19
2022-09-12 17:45:00,487.19
2022-09-12 18:00:00,480.44
2022-09-12 18:15:00,487.19
2022-09-12 18:30:00,487.19
2022-09-12 18:45:00,497.6
2022-09-12 19:00:00,576.93
2022-09-12 19:15:00,523.26
2022-09-12 19:30:00,526.26
2022-09-12 19:45:00,512.19
2022-09-12 20:00:00,684.89
2022-09-12 20:15:00,512.19
2022-09-12 20:30:00,512.19
2022-09-12 20:45:00,487.19
2022-09-12 21:00:00,586.24
2022-09-12 21:15:00,512.19
2022-09-12 21:30:00,487.19
2022-09-12 21:45:00,279.28
2022-09-12 22:00:00,512.19
2022-09-12 22:15:00,487.19
2022-09-12 22:30:00,466.94
2022-09-12 22:45:00,399.52
2022-09-12 23:00:00,492.76
2022-09-12 23:15:00,488.2
2022-09-12 23:30:00,460.69
2022-09-12 23:45:00,307.64
2022-09-13 00:00:00,454.92
2022-09-13 00:15:00,414.91
2022-09-13 00:30:00,301.66
2022-09-13 00:45:00,291.47
2022-09-13 01:00:00,419.96
2022-09-13 01:15:00,381.21
2022-09-13 01:30:00,302.79
2022-09-13 01:45:00,275.08
2022-09-13 02:00:00,370.0
2022-09-13 02:15:00,349.99
2022-09-13 02:30:00,305.1
2022-09-13 02:45:00,329.95
2022-09-13 03:00:00,300.09
2022-09-13 03:15:00,305.77
2022-09-13 03:30:00,344.94
2022-09-13 03:45:00,354.93
2022-09-13 04:00:00,285.07
2022-09-13 04:15:00,305.04
2022-09-13 04:30:00,330.09
2022-09-13 04:45:00,401.82
2022-09-13 05:00:00,200.1
2022-09-13 05:15:00,316.92
2022-09-13 05:30:00,449.38
2022-09-13 05:45:00,500.0
2022-09-13 06:00:00,274.98
2022-09-13 06:15:00,442.24
2022-09-13 06:30:00,493.56
2022-09-13 06:45:00,552.46
2022-09-13 07:00:00,441.27
2022-09-13 07:15:00,474.38
2022-09-13 07:30:00,490.02
2022-09-13 07:45:00,490.09
2022-09-13 08:00:00,499.38
2022-09-13 08:15:00,495.01
2022-09-13 08:30:00,459.61
2022-09-13 08:45:00,410.09
2022-09-13 09:00:00,499.38
2022-09-13 09:15:00,474.38
2022-09-13 09:30:00,431.56
2022-09-13 09:45:00,395.04
2022-09-13 10:00:00,449.38
2022-09-13 10:15:00,439.9
2022-09-13 10:30:00,395.06
2022-09-13 10:45:00,360.07
2022-09-13 11:00:00,468.36
2022-09-13 11:15:00,424.94
2022-09-13 11:30:00,424.9
2022-09-13 11:45:00,395.01
2022-09-13 12:00:00,466.66
2022-09-13 12:15:00,435.46
2022-09-13 12:30:00,394.98
2022-09-13 12:45:00,382.53
2022-09-13 13:00:00,474.38
2022-09-13 13:15:00,435.87
2022-09-13 13:30:00,423.48
2022-09-13 13:45:00,395.03
2022-09-13 14:00:00,405.09
2022-09-13 14:15:00,426.97
2022-09-13 14:30:00,449.38
2022-09-13 14:45:00,440.09
2022-09-13 15:00:00,389.62
2022-09-13 15:15:00,420.07
2022-09-13 15:30:00,469.96
2022-09-13 15:45:00,474.38
2022-09-13 16:00:00,427.49
2022-09-13 16:15:00,449.38
2022-09-13 16:30:00,470.02
2022-09-13 16:45:00,478.08
2022-09-13 17:00:00,420.01
2022-09-13 17:15:00,460.06
2022-09-13 17:30:00,474.38
2022-09-13 17:45:00,490.66
2022-09-13 18:00:00,442.57
2022-09-13 18:15:00,474.38
2022-09-13 18:30:00,490.1
2022-09-13 18:45:00,540.08
2022-09-13 19:00:00,499.38
2022-09-13 19:15:00,500.03
2022-09-13 19:30:00,520.0
2022-09-13 19:45:00,499.38
2022-09-13 20:00:00,562.13
2022-09-13 20:15:00,544.11
2022-09-13 20:30:00,490.01
2022-09-13 20:45:00,452.7
2022-09-13 21:00:00,547.52
2022-09-13 21:15:00,499.38
2022-09-13 21:30:00,460.06
2022-09-13 21:45:00,353.03
2022-09-13 22:00:00,533.84
2022-09-13 22:15:00,475.39
2022-09-13 22:30:00,430.07
2022-09-13 22:45:00,340.05
2022-09-13 23:00:00,474.38
2022-09-13 23:15:00,430.06
2022-09-13 23:30:00,350.02
2022-09-13 23:45:00,294.75
2022-09-14 00:00:00,399.96
2022-09-14 00:15:00,389.94
2022-09-14 00:30:00,325.0
2022-09-14 00:45:00,305.46
2022-09-14 01:00:00,379.96
2022-09-14 01:15:00,369.92
2022-09-14 01:30:00,317.02
2022-09-14 01:45:00,309.62
2022-09-14 02:00:00,374.95
2022-09-14 02:15:00,359.94
2022-09-14 02:30:00,317.54
2022-09-14 02:45:00,324.92
2022-09-14 03:00:00,349.91
2022-09-14 03:15:00,344.91
2022-09-14 03:30:00,339.91
2022-09-14 03:45:00,318.06
2022-09-14 04:00:00,303.14
2022-09-14 04:15:00,309.68
2022-09-14 04:30:00,359.92
2022-09-14 04:45:00,394.94
2022-09-14 05:00:00,238.72
2022-09-14 05:15:00,309.69
2022-09-14 05:30:00,414.92
2022-09-14 05:45:00,499.95
2022-09-14 06:00:00,309.68
2022-09-14 06:15:00,439.95
2022-09-14 06:30:00,500.52
2022-09-14 06:45:00,529.75
2022-09-14 07:00:00,447.37
2022-09-14 07:15:00,494.91
2022-09-14 07:30:00,499.51
2022-09-14 07:45:00,505.0
2022-09-14 08:00:00,500.04
2022-09-14 08:15:00,500.03
2022-09-14 08:30:00,493.84
2022-09-14 08:45:00,485.84
2022-09-14 09:00:00,515.0
2022-09-14 09:15:00,493.02
2022-09-14 09:30:00,475.27
2022-09-14 09:45:00,456.03
2022-09-14 10:00:00,500.52
2022-09-14 10:15:00,495.0
2022-09-14 10:30:00,455.38
2022-09-14 10:45:00,440.09
2022-09-14 11:00:00,489.35
2022-09-14 11:15:00,478.1
2022-09-14 11:30:00,476.35
2022-09-14 11:45:00,435.1
2022-09-14 12:00:00,495.07
2022-09-14 12:15:00,467.51
2022-09-14 12:30:00,454.91
2022-09-14 12:45:00,454.01
2022-09-14 13:00:00,469.99
2022-09-14 13:15:00,479.94
2022-09-14 13:30:00,440.0
2022-09-14 13:45:00,430.0
2022-09-14 14:00:00,449.9
2022-09-14 14:15:00,453.71
2022-09-14 14:30:00,482.11
2022-09-14 14:45:00,474.99
2022-09-14 15:00:00,444.9
2022-09-14 15:15:00,444.81
2022-09-14 15:30:00,485.0
2022-09-14 15:45:00,495.0
2022-09-14 16:00:00,454.66
2022-09-14 16:15:00,478.83
2022-09-14 16:30:00,499.51
2022-09-14 16:45:00,520.0
2022-09-14 17:00:00,453.53
2022-09-14 17:15:00,480.0
2022-09-14 17:30:00,499.51
2022-09-14 17:45:00,524.51
2022-09-14 18:00:00,490.0
2022-09-14 18:15:00,499.51
2022-09-14 18:30:00,524.19
2022-09-14 18:45:00,524.51
2022-09-14 19:00:00,532.57
2022-09-14 19:15:00,530.09
2022-09-14 19:30:00,527.57
2022-09-14 19:45:00,510.08
2022-09-14 20:00:00,605.0
2022-09-14 20:15:00,529.7
2022-09-14 20:30:00,499.51
2022-09-14 20:45:00,494.6
2022-09-14 21:00:00,525.02
2022-09-14 21:15:00,500.52
2022-09-14 21:30:00,451.86
2022-09-14 21:45:00,380.1
2022-09-14 22:00:00,507.12
2022-09-14 22:15:00,485.0
2022-09-14 22:30:00,395.03
2022-09-14 22:45:00,390.01
2022-09-14 23:00:00,486.76
2022-09-14 23:15:00,415.54
2022-09-14 23:30:00,310.09
2022-09-14 23:45:00,307.45
2022-09-15 00:00:00,439.91
2022-09-15 00:15:00,394.9
2022-09-15 00:30:00,280.1
2022-09-15 00:45:00,279.58
2022-09-15 01:00:00,410.29
2022-09-15 01:15:00,359.94
2022-09-15 01:30:00,295.07
2022-09-15 01:45:00,260.1
2022-09-15 02:00:00,349.95
2022-09-15 02:15:00,339.94
2022-09-15 02:30:00,285.1
2022-09-15 02:45:00,309.05
2022-09-15 03:00:00,300.0
2022-09-15 03:15:00,318.39
2022-09-15 03:30:00,319.9
2022-09-15 03:45:00,285.09
2022-09-15 04:00:00,275.02
2022-09-15 04:15:00,285.04
2022-09-15 04:30:00,329.91
2022-09-15 04:45:00,363.4
2022-09-15 05:00:00,200.08
2022-09-15 05:15:00,289.11
2022-09-15 05:30:00,412.96
2022-09-15 05:45:00,469.95
2022-09-15 06:00:00,276.16
2022-09-15 06:15:00,443.81
2022-09-15 06:30:00,506.45
2022-09-15 06:45:00,569.98
2022-09-15 07:00:00,422.15
2022-09-15 07:15:00,464.46
2022-09-15 07:30:00,485.15
2022-09-15 07:45:00,506.43
2022-09-15 08:00:00,490.68
2022-09-15 08:15:00,494.93
2022-09-15 08:30:00,475.16
2022-09-15 08:45:00,450.16
2022-09-15 09:00:00,514.57
2022-09-15 09:15:00,484.92
2022-09-15 09:30:00,450.16
2022-09-15 09:45:00,406.4
2022-09-15 10:00:00,473.78
2022-09-15 10:15:00,450.16
2022-09-15 10:30:00,450.16
2022-09-15 10:45:00,449.97
2022-09-15 11:00:00,479.94
2022-09-15 11:15:00,450.16
2022-09-15 11:30:00,450.16
2022-09-15 11:45:00,448.76
2022-09-15 12:00:00,459.97
2022-09-15 12:15:00,451.17
2022-09-15 12:30:00,451.17
2022-09-15 12:45:00,419.62
2022-09-15 13:00:00,451.17
2022-09-15 13:15:00,451.17
2022-09-15 13:30:00,412.37
2022-09-15 13:45:00,339.93
2022-09-15 14:00:00,389.98
2022-09-15 14:15:00,405.16
2022-09-15 14:30:00,428.82
2022-09-15 14:45:00,450.16
2022-09-15 15:00:00,372.44
2022-09-15 15:15:00,425.16
2022-09-15 15:30:00,451.17
2022-09-15 15:45:00,451.17
2022-09-15 16:00:00,451.17
2022-09-15 16:15:00,451.17
2022-09-15 16:30:00,447.7
2022-09-15 16:45:00,449.96
2022-09-15 17:00:00,425.76
2022-09-15 17:15:00,448.26
2022-09-15 17:30:00,450.16
2022-09-15 17:45:00,488.86
2022-09-15 18:00:00,434.92
2022-09-15 18:15:00,450.16
2022-09-15 18:30:00,475.68
2022-09-15 18:45:00,519.92
2022-09-15 19:00:00,475.16
2022-09-15 19:15:00,499.91
2022-09-15 19:30:00,506.44
2022-09-15 19:45:00,475.16
2022-09-15 20:00:00,529.94
2022-09-15 20:15:00,506.45
2022-09-15 20:30:00,464.92
2022-09-15 20:45:00,418.69
2022-09-15 21:00:00,509.99
2022-09-15 21:15:00,469.95
2022-09-15 21:30:00,429.97
2022-09-15 21:45:00,349.83
2022-09-15 22:00:00,483.62
2022-09-15 22:15:00,451.17
2022-09-15 22:30:00,425.16
2022-09-15 22:45:00,339.99
2022-09-15 23:00:00,425.16
2022-09-15 23:15:00,374.92
2022-09-15 23:30:00,295.07
2022-09-15 23:45:00,260.86
2022-09-16 00:00:00,405.99
2022-09-16 00:15:00,344.97
2022-09-16 00:30:00,275.47
2022-09-16 00:45:00,250.0
2022-09-16 01:00:00,345.0
2022-09-16 01:15:00,320.0
2022-09-16 01:30:00,260.05
2022-09-16 01:45:00,159.69
2022-09-16 02:00:00,300.0
2022-09-16 02:15:00,280.0
2022-09-16 02:30:00,230.09
2022-09-16 02:45:00,220.09
2022-09-16 03:00:00,260.0
2022-09-16 03:15:00,265.0
2022-09-16 03:30:00,230.1
2022-09-16 03:45:00,222.38
2022-09-16 04:00:00,200.07
2022-09-16 04:15:00,236.96
2022-09-16 04:30:00,275.0
2022-09-16 04:45:00,315.0
2022-09-16 05:00:00,159.76
2022-09-16 05:15:00,250.0
2022-09-16 05:30:00,364.17
2022-09-16 05:45:00,499.9
2022-09-16 06:00:00,370.0
2022-09-16 06:15:00,404.38
2022-09-16 06:30:00,444.99
2022-09-16 06:45:00,509.97
2022-09-16 07:00:00,407.0
2022-09-16 07:15:00,458.68
2022-09-16 07:30:00,495.0
2022-09-16 07:45:00,500.0
2022-09-16 08:00:00,467.94
2022-09-16 08:15:00,485.05
2022-09-16 08:30:00,460.05
2022-09-16 08:45:00,420.0
2022-09-16 09:00:00,470.03
2022-09-16 09:15:00,469.11
2022-09-16 09:30:00,430.08
2022-09-16 09:45:00,405.99
2022-09-16 10:00:00,443.63
2022-09-16 10:15:00,405.99
2022-09-16 10:30:00,405.99
2022-09-16 10:45:00,385.08
2022-09-16 11:00:00,465.02
2022-09-16 11:15:00,445.06
2022-09-16 11:30:00,425.67
2022-09-16 11:45:00,400.0
2022-09-16 12:00:00,490.0
2022-09-16 12:15:00,445.0
2022-09-16 12:30:00,413.82
2022-09-16 12:45:00,395.0
2022-09-16 13:00:00,428.01
2022-09-16 13:15:00,401.74
2022-09-16 13:30:00,385.05
2022-09-16 13:45:00,380.01
2022-09-16 14:00:00,374.81
2022-09-16 14:15:00,370.09
2022-09-16 14:30:00,390.07
2022-09-16 14:45:00,405.02
2022-09-16 15:00:00,365.03
2022-09-16 15:15:00,395.02
2022-09-16 15:30:00,405.99
2022-09-16 15:45:00,405.99
2022-09-16 16:00:00,380.0
2022-09-16 16:15:00,400.92
2022-09-16 16:30:00,453.84
2022-09-16 16:45:00,472.93
2022-09-16 17:00:00,380.99
2022-09-16 17:15:00,431.15
2022-09-16 17:30:00,440.06
2022-09-16 17:45:00,470.04
2022-09-16 18:00:00,425.05
2022-09-16 18:15:00,454.09
2022-09-16 18:30:00,454.07
2022-09-16 18:45:00,463.18
2022-09-16 19:00:00,449.9
2022-09-16 19:15:00,475.07
2022-09-16 19:30:00,475.06
2022-09-16 19:45:00,420.09
2022-09-16 20:00:00,454.07
2022-09-16 20:15:00,459.9
2022-09-16 20:30:00,405.99
2022-09-16 20:45:00,305.09
2022-09-16 21:00:00,432.87
2022-09-16 21:15:00,407.0
2022-09-16 21:30:00,375.0
2022-09-16 21:45:00,285.01
2022-09-16 22:00:00,420.1
2022-09-16 22:15:00,407.0
2022-09-16 22:30:00,325.06
2022-09-16 22:45:00,294.97
2022-09-16 23:00:00,395.03
2022-09-16 23:15:00,300.0
2022-09-16 23:30:00,178.36
2022-09-16 23:45:00,157.54
2022-09-17 00:00:00,314.33
2022-09-17 00:15:00,300.0
2022-09-17 00:30:00,265.0
2022-09-17 00:45:00,227.93
2022-09-17 01:00:00,300.0
2022-09-17 01:15:00,275.0
2022-09-17 01:30:00,226.44
2022-09-17 01:45:00,227.93
2022-09-17 02:00:00,265.0
2022-09-17 02:15:00,265.0
2022-09-17 02:30:00,227.94
2022-09-17 02:45:00,214.7
2022-09-17 03:00:00,227.93
2022-09-17 03:15:00,219.96
2022-09-17 03:30:00,218.7
2022-09-17 03:45:00,213.0
2022-09-17 04:00:00,219.44
2022-09-17 04:15:00,221.73
2022-09-17 04:30:00,225.77
2022-09-17 04:45:00,245.49
2022-09-17 05:00:00,166.42
2022-09-17 05:15:00,215.85
2022-09-17 05:30:00,283.86
2022-09-17 05:45:00,309.87
2022-09-17 06:00:00,213.57
2022-09-17 06:15:00,255.0
2022-09-17 06:30:00,306.58
2022-09-17 06:45:00,308.86
2022-09-17 07:00:00,304.92
2022-09-17 07:15:00,309.87
2022-09-17 07:30:00,308.86
2022-09-17 07:45:00,348.32
2022-09-17 08:00:00,309.87
2022-09-17 08:15:00,329.95
2022-09-17 08:30:00,329.98
2022-09-17 08:45:00,310.59
2022-09-17 09:00:00,317.55
2022-09-17 09:15:00,320.0
2022-09-17 09:30:00,308.86
2022-09-17 09:45:00,308.86
2022-09-17 10:00:00,309.87
2022-09-17 10:15:00,333.86
2022-09-17 10:30:00,308.86
2022-09-17 10:45:00,307.62
2022-09-17 11:00:00,332.49
2022-09-17 11:15:00,310.0
2022-09-17 11:30:00,309.87
2022-09-17 11:45:00,296.61
2022-09-17 12:00:00,338.12
2022-09-17 12:15:00,309.87
2022-09-17 12:30:00,299.97
2022-09-17 12:45:00,269.94
2022-09-17 13:00:00,309.87
2022-09-17 13:15:00,309.87
2022-09-17 13:30:00,299.91
2022-09-17 13:45:00,200.26
2022-09-17 14:00:00,249.95
2022-09-17 14:15:00,264.98
2022-09-17 14:30:00,265.0
2022-09-17 14:45:00,199.99
2022-09-17 15:00:00,180.1
2022-09-17 15:15:00,245.74
2022-09-17 15:30:00,284.92
2022-09-17 15:45:00,269.94
2022-09-17 16:00:00,182.2
2022-09-17 16:15:00,220.0
2022-09-17 16:30:00,277.93
2022-09-17 16:45:00,309.87
2022-09-17 17:00:00,227.95
2022-09-17 17:15:00,274.94
2022-09-17 17:30:00,308.86
2022-09-17 17:45:00,320.0
2022-09-17 18:00:00,313.62
2022-09-17 18:15:00,322.21
2022-09-17 18:30:00,333.86
2022-09-17 18:45:00,337.4
2022-09-17 19:00:00,333.86
2022-09-17 19:15:00,335.08
2022-09-17 19:30:00,371.36
2022-09-17 19:45:00,333.86
2022-09-17 20:00:00,400.04
2022-09-17 20:15:00,360.01
2022-09-17 20:30:00,325.01
2022-09-17 20:45:00,286.04
2022-09-17 21:00:00,373.83
2022-09-17 21:15:00,308.86
2022-09-17 21:30:00,280.86
2022-09-17 21:45:00,250.01
2022-09-17 22:00:00,288.83
2022-09-17 22:15:00,300.0
2022-09-17 22:30:00,219.98
2022-09-17 22:45:00,201.66
2022-09-17 23:00:00,309.87
2022-09-17 23:15:00,283.86
2022-09-17 23:30:00,202.44
2022-09-17 23:45:00,-20.0
2022-09-18 00:00:00,266.39
2022-09-18 00:15:00,240.38
2022-09-18 00:30:00,166.48
2022-09-18 00:45:00,19.39
2022-09-18 01:00:00,266.39
2022-09-18 01:15:00,169.17
2022-09-18 01:30:00,136.45
2022-09-18 01:45:00,-20.0
2022-09-18 02:00:00,179.57
2022-09-18 02:15:00,135.33
2022-09-18 02:30:00,122.63
2022-09-18 02:45:00,75.34
2022-09-18 03:00:00,128.94
2022-09-18 03:15:00,124.6
2022-09-18 03:30:00,120.81
2022-09-18 03:45:00,119.13
2022-09-18 04:00:00,115.67
2022-09-18 04:15:00,116.28
2022-09-18 04:30:00,121.38
2022-09-18 04:45:00,124.65
2022-09-18 05:00:00,125.34
2022-09-18 05:15:00,128.14
2022-09-18 05:30:00,136.85
2022-09-18 05:45:00,182.78
2022-09-18 06:00:00,-90.34
2022-09-18 06:15:00,131.97
2022-09-18 06:30:00,145.58
2022-09-18 06:45:00,244.38
2022-09-18 07:00:00,-20.0
2022-09-18 07:15:00,159.25
2022-09-18 07:30:00,178.77
2022-09-18 07:45:00,265.38
2022-09-18 08:00:00,-70.51
2022-09-18 08:15:00,177.46
2022-09-18 08:30:00,178.46
2022-09-18 08:45:00,262.63
2022-09-18 09:00:00,46.29
2022-09-18 09:15:00,161.38
2022-09-18 09:30:00,162.88
2022-09-18 09:45:00,230.45
2022-09-18 10:00:00,155.27
2022-09-18 10:15:00,142.19
2022-09-18 10:30:00,144.04
2022-09-18 10:45:00,160.6
2022-09-18 11:00:00,237.78
2022-09-18 11:15:00,243.08
2022-09-18 11:30:00,222.78
2022-09-18 11:45:00,222.78
2022-09-18 12:00:00,265.38
2022-09-18 12:15:00,241.13
2022-09-18 12:30:00,193.02
2022-09-18 12:45:00,109.04
2022-09-18 13:00:00,265.38
2022-09-18 13:15:00,240.38
2022-09-18 13:30:00,146.26
2022-09-18 13:45:00,68.5
2022-09-18 14:00:00,230.37
2022-09-18 14:15:00,58.06
2022-09-18 14:30:00,56.83
2022-09-18 14:45:00,56.04
2022-09-18 15:00:00,72.88
2022-09-18 15:15:00,72.76
2022-09-18 15:30:00,72.58
2022-09-18 15:45:00,236.52
2022-09-18 16:00:00,39.92
2022-09-18 16:15:00,111.87
2022-09-18 16:30:00,120.3
2022-09-18 16:45:00,259.63
2022-09-18 17:00:00,224.06
2022-09-18 17:15:00,252.29
2022-09-18 17:30:00,265.38
2022-09-18 17:45:00,266.39
2022-09-18 18:00:00,265.38
2022-09-18 18:15:00,265.38
2022-09-18 18:30:00,290.38
2022-09-18 18:45:00,427.81
2022-09-18 19:00:00,290.38
2022-09-18 19:15:00,300.0
2022-09-18 19:30:00,453.54
2022-09-18 19:45:00,385.74
2022-09-18 20:00:00,453.52
2022-09-18 20:15:00,420.7
2022-09-18 20:30:00,290.38
2022-09-18 20:45:00,265.38
2022-09-18 21:00:00,451.27
2022-09-18 21:15:00,318.71
2022-09-18 21:30:00,290.38
2022-09-18 21:45:00,265.38
2022-09-18 22:00:00,335.17
2022-09-18 22:15:00,300.0
2022-09-18 22:30:00,266.39
2022-09-18 22:45:00,266.39
2022-09-18 23:00:00,303.64
2022-09-18 23:15:00,297.14
2022-09-18 23:30:00,266.39
2022-09-18 23:45:00,266.39
2022-09-19 00:00:00,340.05
2022-09-19 00:15:00,225.82
2022-09-19 00:30:00,193.97
2022-09-19 00:45:00,190.06
2022-09-19 01:00:00,300.0
2022-09-19 01:15:00,210.71
2022-09-19 01:30:00,183.13
2022-09-19 01:45:00,93.51
2022-09-19 02:00:00,203.82
2022-09-19 02:15:00,199.22
2022-09-19 02:30:00,143.18
2022-09-19 02:45:00,130.45
2022-09-19 03:00:00,192.4
2022-09-19 03:15:00,150.57
2022-09-19 03:30:00,189.41
2022-09-19 03:45:00,191.61
2022-09-19 04:00:00,-20.0
2022-09-19 04:15:00,195.27
2022-09-19 04:30:00,220.41
2022-09-19 04:45:00,300.0
2022-09-19 05:00:00,-20.0
2022-09-19 05:15:00,225.83
2022-09-19 05:30:00,383.19
2022-09-19 05:45:00,451.12
2022-09-19 06:00:00,219.15
2022-09-19 06:15:00,383.19
2022-09-19 06:30:00,480.21
2022-09-19 06:45:00,505.36
2022-09-19 07:00:00,383.19
2022-09-19 07:15:00,408.19
2022-09-19 07:30:00,527.17
2022-09-19 07:45:00,549.87
2022-09-19 08:00:00,537.94
2022-09-19 08:15:00,535.3
2022-09-19 08:30:00,409.79
2022-09-19 08:45:00,408.19
2022-09-19 09:00:00,492.14
2022-09-19 09:15:00,436.18
2022-09-19 09:30:00,408.19
2022-09-19 09:45:00,383.19
2022-09-19 10:00:00,430.47
2022-09-19 10:15:00,408.19
2022-09-19 10:30:00,408.19
2022-09-19 10:45:00,408.19
2022-09-19 11:00:00,453.57
2022-09-19 11:15:00,453.51
2022-09-19 11:30:00,427.47
2022-09-19 11:45:00,384.2
2022-09-19 12:00:00,384.63
2022-09-19 12:15:00,384.2
2022-09-19 12:30:00,384.2
2022-09-19 12:45:00,384.2
2022-09-19 13:00:00,384.2
2022-09-19 13:15:00,384.2
2022-09-19 13:30:00,358.19
2022-09-19 13:45:00,346.68
2022-09-19 14:00:00,377.42
2022-09-19 14:15:00,383.19
2022-09-19 14:30:00,383.19
2022-09-19 14:45:00,383.19
2022-09-19 15:00:00,353.97
2022-09-19 15:15:00,358.19
2022-09-19 15:30:00,383.19
2022-09-19 15:45:00,383.19
2022-09-19 16:00:00,379.22
2022-09-19 16:15:00,381.22
2022-09-19 16:30:00,383.19
2022-09-19 16:45:00,383.19
2022-09-19 17:00:00,384.2
2022-09-19 17:15:00,384.2
2022-09-19 17:30:00,388.93
2022-09-19 17:45:00,402.6
2022-09-19 18:00:00,383.19
2022-09-19 18:15:00,408.19
2022-09-19 18:30:00,417.59
2022-09-19 18:45:00,523.04
2022-09-19 19:00:00,595.15
2022-09-19 19:15:00,428.19
2022-09-19 19:30:00,465.46
2022-09-19 19:45:00,383.19
2022-09-19 20:00:00,606.44
2022-09-19 20:15:00,554.0
2022-09-19 20:30:00,390.41
2022-09-19 20:45:00,383.19
2022-09-19 21:00:00,518.1
2022-09-19 21:15:00,445.17
2022-09-19 21:30:00,383.19
2022-09-19 21:45:00,357.69
2022-09-19 22:00:00,430.69
2022-09-19 22:15:00,390.44
2022-09-19 22:30:00,384.2
2022-09-19 22:45:00,375.88
2022-09-19 23:00:00,390.62
2022-09-19 23:15:00,384.2
2022-09-19 23:30:00,358.19
2022-09-19 23:45:00,224.16
2022-09-20 00:00:00,349.36
2022-09-20 00:15:00,319.92
2022-09-20 00:30:00,239.98
2022-09-20 00:45:00,225.42
2022-09-20 01:00:00,332.41
2022-09-20 01:15:00,300.0
2022-09-20 01:30:00,240.41
2022-09-20 01:45:00,227.51
2022-09-20 02:00:00,289.98
2022-09-20 02:15:00,269.95
2022-09-20 02:30:00,240.96
2022-09-20 02:45:00,239.95
2022-09-20 03:00:00,250.25
2022-09-20 03:15:00,249.91
2022-09-20 03:30:00,249.94
2022-09-20 03:45:00,249.9
2022-09-20 04:00:00,227.85
2022-09-20 04:15:00,249.9
2022-09-20 04:30:00,258.3
2022-09-20 04:45:00,319.95
2022-09-20 05:00:00,194.96
2022-09-20 05:15:00,269.95
2022-09-20 05:30:00,349.36
2022-09-20 05:45:00,440.0
2022-09-20 06:00:00,276.78
2022-09-20 06:15:00,369.94
2022-09-20 06:30:00,440.0
2022-09-20 06:45:00,500.0
2022-09-20 07:00:00,374.94
2022-09-20 07:15:00,439.96
2022-09-20 07:30:00,459.93
2022-09-20 07:45:00,445.02
2022-09-20 08:00:00,472.3
2022-09-20 08:15:00,497.96
2022-09-20 08:30:00,440.0
2022-09-20 08:45:00,389.97
2022-09-20 09:00:00,464.96
2022-09-20 09:15:00,440.0
2022-09-20 09:30:00,420.07
2022-09-20 09:45:00,374.36
2022-09-20 10:00:00,440.0
2022-09-20 10:15:00,400.81
2022-09-20 10:30:00,409.95
2022-09-20 10:45:00,399.92
2022-09-20 11:00:00,436.14
2022-09-20 11:15:00,399.99
2022-09-20 11:30:00,374.36
2022-09-20 11:45:00,349.36
2022-09-20 12:00:00,411.75
2022-09-20 12:15:00,364.98
2022-09-20 12:30:00,349.36
2022-09-20 12:45:00,349.36
2022-09-20 13:00:00,363.92
2022-09-20 13:15:00,350.37
2022-09-20 13:30:00,350.37
2022-09-20 13:45:00,310.09
2022-09-20 14:00:00,349.9
2022-09-20 14:15:00,350.37
2022-09-20 14:30:00,350.37
2022-09-20 14:45:00,359.5
2022-09-20 15:00:00,316.21
2022-09-20 15:15:00,359.94
2022-09-20 15:30:00,385.71
2022-09-20 15:45:00,385.1
2022-09-20 16:00:00,349.36
2022-09-20 16:15:00,349.96
2022-09-20 16:30:00,384.53
2022-09-20 16:45:00,459.91
2022-09-20 17:00:00,374.36
2022-09-20 17:15:00,385.36
2022-09-20 17:30:00,440.0
2022-09-20 17:45:00,459.95
2022-09-20 18:00:00,395.93
2022-09-20 18:15:00,459.93
2022-09-20 18:30:00,489.99
2022-09-20 18:45:00,527.97
2022-09-20 19:00:00,650.22
2022-09-20 19:15:00,479.97
2022-09-20 19:30:00,479.94
2022-09-20 19:45:00,409.96
2022-09-20 20:00:00,623.53
2022-09-20 20:15:00,499.91
2022-09-20 20:30:00,419.98
2022-09-20 20:45:00,350.37
2022-09-20 21:00:00,519.98
2022-09-20 21:15:00,459.94
2022-09-20 21:30:00,374.36
2022-09-20 21:45:00,325.45
2022-09-20 22:00:00,472.83
2022-09-20 22:15:00,439.97
2022-09-20 22:30:00,369.92
2022-09-20 22:45:00,329.96
2022-09-20 23:00:00,439.9
2022-09-20 23:15:00,350.37
2022-09-20 23:30:00,335.54
2022-09-20 23:45:00,299.96
2022-09-21 00:00:00,395.22
2022-09-21 00:15:00,367.45
2022-09-21 00:30:00,351.09
2022-09-21 00:45:00,317.72
2022-09-21 01:00:00,368.46
2022-09-21 01:15:00,342.45
2022-09-21 01:30:00,279.95
2022-09-21 01:45:00,259.93
2022-09-21 02:00:00,343.89
2022-09-21 02:15:00,348.64
2022-09-21 02:30:00,318.83
2022-09-21 02:45:00,327.83
2022-09-21 03:00:00,289.97
2022-09-21 03:15:00,279.99
2022-09-21 03:30:00,318.47
2022-09-21 03:45:00,336.53
2022-09-21 04:00:00,249.94
2022-09-21 04:15:00,291.05
2022-09-21 04:30:00,342.45
2022-09-21 04:45:00,368.46
2022-09-21 05:00:00,229.91
2022-09-21 05:15:00,350.61
2022-09-21 05:30:00,367.45
2022-09-21 05:45:00,469.96
2022-09-21 06:00:00,273.19
2022-09-21 06:15:00,404.49
2022-09-21 06:30:00,496.47
2022-09-21 06:45:00,518.69
2022-09-21 07:00:00,400.95
2022-09-21 07:15:00,490.0
2022-09-21 07:30:00,517.71
2022-09-21 07:45:00,509.99
2022-09-21 08:00:00,509.62
2022-09-21 08:15:00,513.7
2022-09-21 08:30:00,449.99
2022-09-21 08:45:00,409.93
2022-09-21 09:00:00,481.75
2022-09-21 09:15:00,430.0
2022-09-21 09:30:00,395.0
2022-09-21 09:45:00,367.45
2022-09-21 10:00:00,439.37
2022-09-21 10:15:00,400.0
2022-09-21 10:30:00,392.45
2022-09-21 10:45:00,368.46
2022-09-21 11:00:00,426.74
2022-09-21 11:15:00,399.91
2022-09-21 11:30:00,368.46
2022-09-21 11:45:00,329.92
2022-09-21 12:00:00,394.95
2022-09-21 12:15:00,369.96
2022-09-21 12:30:00,341.53
2022-09-21 12:45:00,314.99
2022-09-21 13:00:00,368.46
2022-09-21 13:15:00,368.46
2022-09-21 13:30:00,320.0
2022-09-21 13:45:00,315.0
2022-09-21 14:00:00,342.45
2022-09-21 14:15:00,342.45
2022-09-21 14:30:00,342.45
2022-09-21 14:45:00,351.39
2022-09-21 15:00:00,329.91
2022-09-21 15:15:00,359.92
2022-09-21 15:30:00,362.68
2022-09-21 15:45:00,368.3
2022-09-21 16:00:00,325.0
2022-09-21 16:15:00,365.0
2022-09-21 16:30:00,385.06
2022-09-21 16:45:00,415.05
2022-09-21 17:00:00,355.0
2022-09-21 17:15:00,392.45
2022-09-21 17:30:00,410.07
2022-09-21 17:45:00,482.17
2022-09-21 18:00:00,385.0
2022-09-21 18:15:00,430.0
2022-09-21 18:30:00,489.96
2022-09-21 18:45:00,511.46
2022-09-21 19:00:00,598.15
2022-09-21 19:15:00,540.05
2022-09-21 19:30:00,490.0
2022-09-21 19:45:00,469.93
2022-09-21 20:00:00,586.08
2022-09-21 20:15:00,518.84
2022-09-21 20:30:00,439.98
2022-09-21 20:45:00,368.46
2022-09-21 21:00:00,499.92
2022-09-21 21:15:00,425.0
2022-09-21 21:30:00,400.09
2022-09-21 21:45:00,349.95
2022-09-21 22:00:00,490.0
2022-09-21 22:15:00,430.92
2022-09-21 22:30:00,368.94
2022-09-21 22:45:00,349.97
2022-09-21 23:00:00,415.0
2022-09-21 23:15:00,368.46
2022-09-21 23:30:00,315.0
2022-09-21 23:45:00,283.13
2022-09-22 00:00:00,399.96
2022-09-22 00:15:00,336.93
2022-09-22 00:30:00,311.93
2022-09-22 00:45:00,309.92
2022-09-22 01:00:00,336.93
2022-09-22 01:15:00,311.93
2022-09-22 01:30:00,311.93
2022-09-22 01:45:00,297.24
2022-09-22 02:00:00,311.93
2022-09-22 02:15:00,311.93
2022-09-22 02:30:00,309.96
2022-09-22 02:45:00,304.98
2022-09-22 03:00:00,299.41
2022-09-22 03:15:00,304.16
2022-09-22 03:30:00,307.66
2022-09-22 03:45:00,305.66
2022-09-22 04:00:00,284.15
2022-09-22 04:15:00,307.29
2022-09-22 04:30:00,311.93
2022-09-22 04:45:00,336.93
2022-09-22 05:00:00,259.96
2022-09-22 05:15:00,311.93
2022-09-22 05:30:00,379.94
2022-09-22 05:45:00,512.59
2022-09-22 06:00:00,311.93
2022-09-22 06:15:00,409.92
2022-09-22 06:30:00,548.17
2022-09-22 06:45:00,555.9
2022-09-22 07:00:00,440.06
2022-09-22 07:15:00,490.0
2022-09-22 07:30:00,623.68
2022-09-22 07:45:00,621.3
2022-09-22 08:00:00,620.01
2022-09-22 08:15:00,618.71
2022-09-22 08:30:00,490.0
2022-09-22 08:45:00,384.99
2022-09-22 09:00:00,490.0
2022-09-22 09:15:00,449.99
2022-09-22 09:30:00,404.94
2022-09-22 09:45:00,336.93
2022-09-22 10:00:00,446.47
2022-09-22 10:15:00,380.07
2022-09-22 10:30:00,355.09
2022-09-22 10:45:00,317.98
2022-09-22 11:00:00,429.91
2022-09-22 11:15:00,375.1
2022-09-22 11:30:00,361.68
2022-09-22 11:45:00,312.94
2022-09-22 12:00:00,385.01
2022-09-22 12:15:00,312.94
2022-09-22 12:30:00,312.94
2022-09-22 12:45:00,300.08
2022-09-22 13:00:00,335.05
2022-09-22 13:15:00,330.01
2022-09-22 13:30:00,312.94
2022-09-22 13:45:00,311.93
2022-09-22 14:00:00,311.93
2022-09-22 14:15:00,312.94
2022-09-22 14:30:00,312.94
2022-09-22 14:45:00,320.03
2022-09-22 15:00:00,312.94
2022-09-22 15:15:00,320.08
2022-09-22 15:30:00,356.62
2022-09-22 15:45:00,424.91
2022-09-22 16:00:00,312.94
2022-09-22 16:15:00,335.1
2022-09-22 16:30:00,399.22
2022-09-22 16:45:00,459.94
2022-09-22 17:00:00,336.79
2022-09-22 17:15:00,439.94
2022-09-22 17:30:00,490.0
2022-09-22 17:45:00,537.27
2022-09-22 18:00:00,414.96
2022-09-22 18:15:00,479.95
2022-09-22 18:30:00,500.0
2022-09-22 18:45:00,576.27
2022-09-22 19:00:00,660.93
2022-09-22 19:15:00,659.7
2022-09-22 19:30:00,613.29
2022-09-22 19:45:00,439.99
2022-09-22 20:00:00,626.78
2022-09-22 20:15:00,586.64
2022-09-22 20:30:00,479.94
2022-09-22 20:45:00,365.04
2022-09-22 21:00:00,524.96
2022-09-22 21:15:00,479.94
2022-09-22 21:30:00,362.4
2022-09-22 21:45:00,312.94
2022-09-22 22:00:00,490.0
2022-09-22 22:15:00,490.0
2022-09-22 22:30:00,359.93
2022-09-22 22:45:00,312.94
2022-09-22 23:00:00,438.01
2022-09-22 23:15:00,369.95
2022-09-22 23:30:00,311.93
2022-09-22 23:45:00,309.91
2022-09-23 00:00:00,378.62
2022-09-23 00:15:00,335.63
2022-09-23 00:30:00,319.91
2022-09-23 00:45:00,299.62
2022-09-23 01:00:00,335.63
2022-09-23 01:15:00,319.93
2022-09-23 01:30:00,294.91
2022-09-23 01:45:00,264.51
2022-09-23 02:00:00,324.98
2022-09-23 02:15:00,309.9
2022-09-23 02:30:00,262.87
2022-09-23 02:45:00,249.53
2022-09-23 03:00:00,264.1
2022-09-23 03:15:00,284.92
2022-09-23 03:30:00,284.93
2022-09-23 03:45:00,289.92
2022-09-23 04:00:00,235.0
2022-09-23 04:15:00,273.86
2022-09-23 04:30:00,299.93
2022-09-23 04:45:00,335.63
2022-09-23 05:00:00,245.0
2022-09-23 05:15:00,299.98
2022-09-23 05:30:00,358.2
2022-09-23 05:45:00,489.95
2022-09-23 06:00:00,290.06
2022-09-23 06:15:00,356.55
2022-09-23 06:30:00,452.69
2022-09-23 06:45:00,490.0
2022-09-23 07:00:00,466.51
2022-09-23 07:15:00,518.08
2022-09-23 07:30:00,538.12
2022-09-23 07:45:00,537.34
2022-09-23 08:00:00,529.15
2022-09-23 08:15:00,511.43
2022-09-23 08:30:00,488.35
2022-09-23 08:45:00,415.02
2022-09-23 09:00:00,470.09
2022-09-23 09:15:00,430.02
2022-09-23 09:30:00,360.63
2022-09-23 09:45:00,310.09
2022-09-23 10:00:00,420.52
2022-09-23 10:15:00,370.06
2022-09-23 10:30:00,346.39
2022-09-23 10:45:00,310.0
2022-09-23 11:00:00,413.95
2022-09-23 11:15:00,360.63
2022-09-23 11:30:00,336.64
2022-09-23 11:45:00,290.1
2022-09-23 12:00:00,400.0
2022-09-23 12:15:00,345.1
2022-09-23 12:30:00,325.0
2022-09-23 12:45:00,295.0
2022-09-23 13:00:00,374.92
2022-09-23 13:15:00,339.28
2022-09-23 13:30:00,330.1
2022-09-23 13:45:00,319.77
2022-09-23 14:00:00,336.64
2022-09-23 14:15:00,325.0
2022-09-23 14:30:00,345.0
2022-09-23 14:45:00,359.55
2022-09-23 15:00:00,314.97
2022-09-23 15:15:00,336.64
2022-09-23 15:30:00,344.54
2022-09-23 15:45:00,380.09
2022-09-23 16:00:00,289.96
2022-09-23 16:15:00,335.63
2022-09-23 16:30:00,405.76
2022-09-23 16:45:00,450.68
2022-09-23 17:00:00,315.67
2022-09-23 17:15:00,380.01
2022-09-23 17:30:00,430.03
2022-09-23 17:45:00,470.06
2022-09-23 18:00:00,399.37
2022-09-23 18:15:00,445.02
2022-09-23 18:30:00,484.62
2022-09-23 18:45:00,505.07
2022-09-23 19:00:00,545.62
2022-09-23 19:15:00,544.33
2022-09-23 19:30:00,527.62
2022-09-23 19:45:00,490.0
2022-09-23 20:00:00,540.09
2022-09-23 20:15:00,490.0
2022-09-23 20:30:00,452.22
2022-09-23 20:45:00,360.03
2022-09-23 21:00:00,489.09
2022-09-23 21:15:00,400.09
2022-09-23 21:30:00,360.04
2022-09-23 21:45:00,330.03
2022-09-23 22:00:00,473.21
2022-09-23 22:15:00,410.0
2022-09-23 22:30:00,335.63
2022-09-23 22:45:00,329.6
2022-09-23 23:00:00,438.92
2022-09-23 23:15:00,365.0
2022-09-23 23:30:00,330.0
2022-09-23 23:45:00,310.0
2022-09-24 00:00:00,411.81
2022-09-24 00:15:00,379.93
2022-09-24 00:30:00,352.61
2022-09-24 00:45:00,349.96
2022-09-24 01:00:00,379.92
2022-09-24 01:15:00,358.9
2022-09-24 01:30:00,334.89
2022-09-24 01:45:00,327.61
2022-09-24 02:00:00,352.61
2022-09-24 02:15:00,331.01
2022-09-24 02:30:00,324.4
2022-09-24 02:45:00,314.9
2022-09-24 03:00:00,327.61
2022-09-24 03:15:00,330.54
2022-09-24 03:30:00,329.9
2022-09-24 03:45:00,319.97
2022-09-24 04:00:00,327.61
2022-09-24 04:15:00,324.98
2022-09-24 04:30:00,327.61
2022-09-24 04:45:00,327.61
2022-09-24 05:00:00,309.42
2022-09-24 05:15:00,329.93
2022-09-24 05:30:00,353.62
2022-09-24 05:45:00,359.98
2022-09-24 06:00:00,334.18
2022-09-24 06:15:00,352.61
2022-09-24 06:30:00,364.97
2022-09-24 06:45:00,374.99
2022-09-24 07:00:00,366.74
2022-09-24 07:15:00,359.96
2022-09-24 07:30:00,377.61
2022-09-24 07:45:00,395.09
2022-09-24 08:00:00,414.9
2022-09-24 08:15:00,384.94
2022-09-24 08:30:00,352.61
2022-09-24 08:45:00,347.43
2022-09-24 09:00:00,429.92
2022-09-24 09:15:00,389.95
2022-09-24 09:30:00,352.61
2022-09-24 09:45:00,333.13
2022-09-24 10:00:00,409.97
2022-09-24 10:15:00,375.52
2022-09-24 10:30:00,352.61
2022-09-24 10:45:00,341.61
2022-09-24 11:00:00,398.03
2022-09-24 11:15:00,371.09
2022-09-24 11:30:00,353.62
2022-09-24 11:45:00,352.61
2022-09-24 12:00:00,373.31
2022-09-24 12:15:00,355.08
2022-09-24 12:30:00,353.62
2022-09-24 12:45:00,353.62
2022-09-24 13:00:00,353.62
2022-09-24 13:15:00,327.61
2022-09-24 13:30:00,353.62
2022-09-24 13:45:00,354.98
2022-09-24 14:00:00,239.98
2022-09-24 14:15:00,284.96
2022-09-24 14:30:00,329.92
2022-09-24 14:45:00,345.14
2022-09-24 15:00:00,264.92
2022-09-24 15:15:00,294.93
2022-09-24 15:30:00,324.92
2022-09-24 15:45:00,353.62
2022-09-24 16:00:00,238.74
2022-09-24 16:15:00,304.94
2022-09-24 16:30:00,353.62
2022-09-24 16:45:00,394.91
2022-09-24 17:00:00,329.92
2022-09-24 17:15:00,352.61
2022-09-24 17:30:00,380.0
2022-09-24 17:45:00,446.23
2022-09-24 18:00:00,352.61
2022-09-24 18:15:00,377.61
2022-09-24 18:30:00,405.0
2022-09-24 18:45:00,424.53
2022-09-24 19:00:00,415.0
2022-09-24 19:15:00,420.0
2022-09-24 19:30:00,415.0
2022-09-24 19:45:00,398.0
2022-09-24 20:00:00,445.0
2022-09-24 20:15:00,410.0
2022-09-24 20:30:00,375.0
2022-09-24 20:45:00,344.68
2022-09-24 21:00:00,429.98
2022-09-24 21:15:00,377.61
2022-09-24 21:30:00,352.61
2022-09-24 21:45:00,335.0
2022-09-24 22:00:00,410.0
2022-09-24 22:15:00,389.93
2022-09-24 22:30:00,352.61
2022-09-24 22:45:00,349.53
2022-09-24 23:00:00,368.27
2022-09-24 23:15:00,353.62
2022-09-24 23:30:00,325.0
2022-09-24 23:45:00,305.0
2022-09-25 00:00:00,354.87
2022-09-25 00:15:00,331.04
2022-09-25 00:30:00,321.51
2022-09-25 00:45:00,321.51
2022-09-25 01:00:00,321.51
2022-09-25 01:15:00,321.51
2022-09-25 01:30:00,321.51
2022-09-25 01:45:00,293.6
2022-09-25 02:00:00,320.5
2022-09-25 02:15:00,313.37
2022-09-25 02:30:00,299.12
2022-09-25 02:45:00,238.72
2022-09-25 03:00:00,305.08
2022-09-25 03:15:00,296.08
2022-09-25 03:30:00,286.16
2022-09-25 03:45:00,276.66
2022-09-25 04:00:00,291.5
2022-09-25 04:15:00,288.0
2022-09-25 04:30:00,295.5
2022-09-25 04:45:00,295.5
2022-09-25 05:00:00,321.51
2022-09-25 05:15:00,321.51
2022-09-25 05:30:00,321.51
2022-09-25 05:45:00,321.51
2022-09-25 06:00:00,236.47
2022-09-25 06:15:00,292.45
2022-09-25 06:30:00,314.22
2022-09-25 06:45:00,320.5
2022-09-25 07:00:00,320.5
2022-09-25 07:15:00,320.5
2022-09-25 07:30:00,320.5
2022-09-25 07:45:00,345.5
2022-09-25 08:00:00,320.5
2022-09-25 08:15:00,320.5
2022-09-25 08:30:00,320.5
2022-09-25 08:45:00,345.5
2022-09-25 09:00:00,320.5
2022-09-25 09:15:00,320.5
2022-09-25 09:30:00,320.5
2022-09-25 09:45:00,341.69
2022-09-25 10:00:00,297.12
2022-09-25 10:15:00,311.62
2022-09-25 10:30:00,310.62
2022-09-25 10:45:00,313.37
2022-09-25 11:00:00,332.09
2022-09-25 11:15:00,331.85
2022-09-25 11:30:00,328.25
2022-09-25 11:45:00,327.05
2022-09-25 12:00:00,323.23
2022-09-25 12:15:00,321.51
2022-09-25 12:30:00,321.51
2022-09-25 12:45:00,295.5
2022-09-25 13:00:00,321.51
2022-09-25 13:15:00,321.51
2022-09-25 13:30:00,295.5
2022-09-25 13:45:00,285.8
2022-09-25 14:00:00,311.19
2022-09-25 14:15:00,303.19
2022-09-25 14:30:00,238.79
2022-09-25 14:45:00,238.1
2022-09-25 15:00:00,277.76
2022-09-25 15:15:00,273.76
2022-09-25 15:30:00,279.26
2022-09-25 15:45:00,289.26
2022-09-25 16:00:00,231.63
2022-09-25 16:15:00,283.78
2022-09-25 16:30:00,303.14
2022-09-25 16:45:00,310.39
2022-09-25 17:00:00,321.51
2022-09-25 17:15:00,337.82
2022-09-25 17:30:00,374.71
2022-09-25 17:45:00,465.74
2022-09-25 18:00:00,321.51
2022-09-25 18:15:00,338.78
2022-09-25 18:30:00,373.75
2022-09-25 18:45:00,508.41
2022-09-25 19:00:00,321.51
2022-09-25 19:15:00,353.0
2022-09-25 19:30:00,449.73
2022-09-25 19:45:00,507.84
2022-09-25 20:00:00,504.75
2022-09-25 20:15:00,417.29
2022-09-25 20:30:00,332.55
2022-09-25 20:45:00,320.5
2022-09-25 21:00:00,508.04
2022-09-25 21:15:00,373.55
2022-09-25 21:30:00,321.99
2022-09-25 21:45:00,321.51
2022-09-25 22:00:00,481.65
2022-09-25 22:15:00,359.81
2022-09-25 22:30:00,323.82
2022-09-25 22:45:00,325.26
2022-09-25 23:00:00,449.74
2022-09-25 23:15:00,332.79
2022-09-25 23:30:00,321.51
2022-09-25 23:45:00,311.98
2022-09-26 00:00:00,329.96
2022-09-26 00:15:00,317.02
2022-09-26 00:30:00,238.72
2022-09-26 00:45:00,234.69
2022-09-26 01:00:00,329.96
2022-09-26 01:15:00,265.55
2022-09-26 01:30:00,230.6
2022-09-26 01:45:00,214.23
2022-09-26 02:00:00,300.0
2022-09-26 02:15:00,238.55
2022-09-26 02:30:00,234.87
2022-09-26 02:45:00,222.91
2022-09-26 03:00:00,215.04
2022-09-26 03:15:00,216.88
2022-09-26 03:30:00,221.48
2022-09-26 03:45:00,229.58
2022-09-26 04:00:00,78.13
2022-09-26 04:15:00,215.52
2022-09-26 04:30:00,238.75
2022-09-26 04:45:00,329.96
2022-09-26 05:00:00,-20.0
2022-09-26 05:15:00,288.92
2022-09-26 05:30:00,333.11
2022-09-26 05:45:00,458.06
2022-09-26 06:00:00,233.05
2022-09-26 06:15:00,329.96
2022-09-26 06:30:00,454.89
2022-09-26 06:45:00,478.09
2022-09-26 07:00:00,329.96
2022-09-26 07:15:00,354.96
2022-09-26 07:30:00,453.47
2022-09-26 07:45:00,460.12
2022-09-26 08:00:00,377.02
2022-09-26 08:15:00,462.58
2022-09-26 08:30:00,377.52
2022-09-26 08:45:00,342.75
2022-09-26 09:00:00,431.71
2022-09-26 09:15:00,371.69
2022-09-26 09:30:00,369.19
2022-09-26 09:45:00,335.4
2022-09-26 10:00:00,420.56
2022-09-26 10:15:00,354.12
2022-09-26 10:30:00,345.72
2022-09-26 10:45:00,354.96
2022-09-26 11:00:00,420.33
2022-09-26 11:15:00,368.01
2022-09-26 11:30:00,364.51
2022-09-26 11:45:00,339.63
2022-09-26 12:00:00,315.91
2022-09-26 12:15:00,313.66
2022-09-26 12:30:00,293.36
2022-09-26 12:45:00,280.86
2022-09-26 13:00:00,329.96
2022-09-26 13:15:00,304.96
2022-09-26 13:30:00,296.96
2022-09-26 13:45:00,268.13
2022-09-26 14:00:00,300.0
2022-09-26 14:15:00,286.71
2022-09-26 14:30:00,316.59
2022-09-26 14:45:00,296.71
2022-09-26 15:00:00,294.77
2022-09-26 15:15:00,304.27
2022-09-26 15:30:00,306.61
2022-09-26 15:45:00,322.36
2022-09-26 16:00:00,300.97
2022-09-26 16:15:00,304.96
2022-09-26 16:30:00,325.47
2022-09-26 16:45:00,326.22
2022-09-26 17:00:00,335.2
2022-09-26 17:15:00,345.36
2022-09-26 17:30:00,404.88
2022-09-26 17:45:00,422.16
2022-09-26 18:00:00,354.96
2022-09-26 18:15:00,354.96
2022-09-26 18:30:00,357.03
2022-09-26 18:45:00,452.71
2022-09-26 19:00:00,491.95
2022-09-26 19:15:00,476.18
2022-09-26 19:30:00,361.05
2022-09-26 19:45:00,330.97
2022-09-26 20:00:00,497.57
2022-09-26 20:15:00,454.49
2022-09-26 20:30:00,340.73
2022-09-26 20:45:00,329.96
2022-09-26 21:00:00,439.44
2022-09-26 21:15:00,420.52
2022-09-26 21:30:00,329.96
2022-09-26 21:45:00,308.5
2022-09-26 22:00:00,453.1
2022-09-26 22:15:00,364.96
2022-09-26 22:30:00,330.97
2022-09-26 22:45:00,330.97
2022-09-26 23:00:00,330.97
2022-09-26 23:15:00,330.97
2022-09-26 23:30:00,279.86
2022-09-26 23:45:00,229.87
2022-09-27 00:00:00,300.0
2022-09-27 00:15:00,276.91
2022-09-27 00:30:00,234.22
2022-09-27 00:45:00,229.78
2022-09-27 01:00:00,250.07
2022-09-27 01:15:00,217.63
2022-09-27 01:30:00,191.11
2022-09-27 01:45:00,177.94
2022-09-27 02:00:00,225.07
2022-09-27 02:15:00,191.77
2022-09-27 02:30:00,182.65
2022-09-27 02:45:00,172.23
2022-09-27 03:00:00,181.9
2022-09-27 03:15:00,172.53
2022-09-27 03:30:00,186.72
2022-09-27 03:45:00,181.58
2022-09-27 04:00:00,113.85
2022-09-27 04:15:00,176.75
2022-09-27 04:30:00,206.77
2022-09-27 04:45:00,250.03
2022-09-27 05:00:00,95.0
2022-09-27 05:15:00,242.07
2022-09-27 05:30:00,277.92
2022-09-27 05:45:00,375.0
2022-09-27 06:00:00,221.45
2022-09-27 06:15:00,292.27
2022-09-27 06:30:00,418.51
2022-09-27 06:45:00,490.0
2022-09-27 07:00:00,276.91
2022-09-27 07:15:00,370.09
2022-09-27 07:30:00,435.08
2022-09-27 07:45:00,477.83
2022-09-27 08:00:00,400.05
2022-09-27 08:15:00,400.08
2022-09-27 08:30:00,389.78
2022-09-27 08:45:00,400.02
2022-09-27 09:00:00,425.01
2022-09-27 09:15:00,381.7
2022-09-27 09:30:00,375.01
2022-09-27 09:45:00,322.56
2022-09-27 10:00:00,400.04
2022-09-27 10:15:00,380.02
2022-09-27 10:30:00,360.01
2022-09-27 10:45:00,330.02
2022-09-27 11:00:00,375.09
2022-09-27 11:15:00,365.1
2022-09-27 11:30:00,359.11
2022-09-27 11:45:00,345.07
2022-09-27 12:00:00,365.09
2022-09-27 12:15:00,350.02
2022-09-27 12:30:00,320.1
2022-09-27 12:45:00,339.03
2022-09-27 13:00:00,370.06
2022-09-27 13:15:00,360.03
2022-09-27 13:30:00,310.02
2022-09-27 13:45:00,277.92
2022-09-27 14:00:00,362.69
2022-09-27 14:15:00,299.48
2022-09-27 14:30:00,290.02
2022-09-27 14:45:00,270.52
2022-09-27 15:00:00,290.09
2022-09-27 15:15:00,300.07
2022-09-27 15:30:00,306.17
2022-09-27 15:45:00,303.67
2022-09-27 16:00:00,279.6
2022-09-27 16:15:00,314.93
2022-09-27 16:30:00,371.61
2022-09-27 16:45:00,473.63
2022-09-27 17:00:00,310.04
2022-09-27 17:15:00,352.81
2022-09-27 17:30:00,390.03
2022-09-27 17:45:00,456.58
2022-09-27 18:00:00,340.03
2022-09-27 18:15:00,354.5
2022-09-27 18:30:00,420.02
2022-09-27 18:45:00,465.05
2022-09-27 19:00:00,456.38
2022-09-27 19:15:00,430.08
2022-09-27 19:30:00,415.06
2022-09-27 19:45:00,360.02
2022-09-27 20:00:00,490.0
2022-09-27 20:15:00,455.0
2022-09-27 20:30:00,337.9
2022-09-27 20:45:00,276.91
2022-09-27 21:00:00,430.04
2022-09-27 21:15:00,372.46
2022-09-27 21:30:00,276.91
2022-09-27 21:45:00,243.67
2022-09-27 22:00:00,420.0
2022-09-27 22:15:00,350.02
2022-09-27 22:30:00,280.0
2022-09-27 22:45:00,260.04
2022-09-27 23:00:00,340.05
2022-09-27 23:15:00,310.11
2022-09-27 23:30:00,277.92
2022-09-27 23:45:00,251.91
2022-09-28 00:00:00,358.38
2022-09-28 00:15:00,339.92
2022-09-28 00:30:00,255.0
2022-09-28 00:45:00,245.0
2022-09-28 01:00:00,319.97
2022-09-28 01:15:00,310.45
2022-09-28 01:30:00,269.97
2022-09-28 01:45:00,259.92
2022-09-28 02:00:00,300.0
2022-09-28 02:15:00,270.19
2022-09-28 02:30:00,260.0
2022-09-28 02:45:00,289.93
2022-09-28 03:00:00,299.91
2022-09-28 03:15:00,273.84
2022-09-28 03:30:00,252.91
2022-09-28 03:45:00,252.94
2022-09-28 04:00:00,244.95
2022-09-28 04:15:00,254.94
2022-09-28 04:30:00,271.0
2022-09-28 04:45:00,338.12
2022-09-28 05:00:00,239.92
2022-09-28 05:15:00,287.68
2022-09-28 05:30:00,363.12
2022-09-28 05:45:00,390.0
2022-09-28 06:00:00,265.76
2022-09-28 06:15:00,364.13
2022-09-28 06:30:00,449.94
2022-09-28 06:45:00,488.98
2022-09-28 07:00:00,412.71
2022-09-28 07:15:00,430.0
2022-09-28 07:30:00,470.92
2022-09-28 07:45:00,539.93
2022-09-28 08:00:00,573.07
2022-09-28 08:15:00,499.99
2022-09-28 08:30:00,469.95
2022-09-28 08:45:00,449.95
2022-09-28 09:00:00,543.96
2022-09-28 09:15:00,489.99
2022-09-28 09:30:00,484.64
2022-09-28 09:45:00,388.12
2022-09-28 10:00:00,499.86
2022-09-28 10:15:00,439.99
2022-09-28 10:30:00,429.95
2022-09-28 10:45:00,390.0
2022-09-28 11:00:00,411.08
2022-09-28 11:15:00,471.42
2022-09-28 11:30:00,419.97
2022-09-28 11:45:00,365.81
2022-09-28 12:00:00,390.0
2022-09-28 12:15:00,390.0
2022-09-28 12:30:00,369.16
2022-09-28 12:45:00,358.37
2022-09-28 13:00:00,369.96
2022-09-28 13:15:00,379.92
2022-09-28 13:30:00,364.13
2022-09-28 13:45:00,369.9
2022-09-28 14:00:00,351.02
2022-09-28 14:15:00,364.13
2022-09-28 14:30:00,364.13
2022-09-28 14:45:00,364.13
2022-09-28 15:00:00,338.12
2022-09-28 15:15:00,379.92
2022-09-28 15:30:00,388.35
2022-09-28 15:45:00,364.13
2022-09-28 16:00:00,364.13
2022-09-28 16:15:00,399.99
2022-09-28 16:30:00,429.97
2022-09-28 16:45:00,458.7
2022-09-28 17:00:00,363.12
2022-09-28 17:15:00,449.93
2022-09-28 17:30:00,518.79
2022-09-28 17:45:00,543.5
2022-09-28 18:00:00,459.95
2022-09-28 18:15:00,515.32
2022-09-28 18:30:00,619.62
2022-09-28 18:45:00,636.12
2022-09-28 19:00:00,651.66
2022-09-28 19:15:00,628.08
2022-09-28 19:30:00,527.86
2022-09-28 19:45:00,489.92
2022-09-28 20:00:00,631.37
2022-09-28 20:15:00,552.82
2022-09-28 20:30:00,455.0
2022-09-28 20:45:00,375.1
2022-09-28 21:00:00,455.06
2022-09-28 21:15:00,425.02
2022-09-28 21:30:00,385.05
2022-09-28 21:45:00,345.01
2022-09-28 22:00:00,434.63
2022-09-28 22:15:00,395.1
2022-09-28 22:30:00,365.04
2022-09-28 22:45:00,363.12
2022-09-28 23:00:00,390.08
2022-09-28 23:15:00,381.64
2022-09-28 23:30:00,357.53
2022-09-28 23:45:00,310.09
2022-09-29 00:00:00,408.54
2022-09-29 00:15:00,407.53
2022-09-29 00:30:00,337.64
2022-09-29 00:45:00,309.97
2022-09-29 01:00:00,379.94
2022-09-29 01:15:00,365.42
2022-09-29 01:30:00,315.0
2022-09-29 01:45:00,299.98
2022-09-29 02:00:00,368.89
2022-09-29 02:15:00,319.99
2022-09-29 02:30:00,304.98
2022-09-29 02:45:00,294.98
2022-09-29 03:00:00,314.98
2022-09-29 03:15:00,305.0
2022-09-29 03:30:00,339.9
2022-09-29 03:45:00,303.55
2022-09-29 04:00:00,289.94
2022-09-29 04:15:00,299.95
2022-09-29 04:30:00,325.73
2022-09-29 04:45:00,382.53
2022-09-29 05:00:00,248.34
2022-09-29 05:15:00,349.95
2022-09-29 05:30:00,383.81
2022-09-29 05:45:00,449.97
2022-09-29 06:00:00,310.03
2022-09-29 06:15:00,407.53
2022-09-29 06:30:00,470.0
2022-09-29 06:45:00,535.0
2022-09-29 07:00:00,445.0
2022-09-29 07:15:00,499.92
2022-09-29 07:30:00,529.98
2022-09-29 07:45:00,578.47
2022-09-29 08:00:00,519.96
2022-09-29 08:15:00,519.98
2022-09-29 08:30:00,514.8
2022-09-29 08:45:00,583.49
2022-09-29 09:00:00,455.08
2022-09-29 09:15:00,432.53
2022-09-29 09:30:00,442.11
2022-09-29 09:45:00,430.0
2022-09-29 10:00:00,430.0
2022-09-29 10:15:00,415.0
2022-09-29 10:30:00,415.0
2022-09-29 10:45:00,409.9
2022-09-29 11:00:00,410.0
2022-09-29 11:15:00,432.53
2022-09-29 11:30:00,408.54
2022-09-29 11:45:00,407.53
2022-09-29 12:00:00,415.4
2022-09-29 12:15:00,390.0
2022-09-29 12:30:00,379.83
2022-09-29 12:45:00,365.0
2022-09-29 13:00:00,408.54
2022-09-29 13:15:00,408.54
2022-09-29 13:30:00,382.53
2022-09-29 13:45:00,365.0
2022-09-29 14:00:00,385.0
2022-09-29 14:15:00,385.0
2022-09-29 14:30:00,395.0
2022-09-29 14:45:00,382.53
2022-09-29 15:00:00,384.9
2022-09-29 15:15:00,404.9
2022-09-29 15:30:00,408.54
2022-09-29 15:45:00,407.53
2022-09-29 16:00:00,400.28
2022-09-29 16:15:00,408.54
2022-09-29 16:30:00,430.0
2022-09-29 16:45:00,443.17
2022-09-29 17:00:00,408.54
2022-09-29 17:15:00,453.58
2022-09-29 17:30:00,489.91
2022-09-29 17:45:00,509.94
2022-09-29 18:00:00,479.99
2022-09-29 18:15:00,509.4
2022-09-29 18:30:00,597.7
2022-09-29 18:45:00,583.07
2022-09-29 19:00:00,678.04
2022-09-29 19:15:00,654.93
2022-09-29 19:30:00,627.98
2022-09-29 19:45:00,509.91
2022-09-29 20:00:00,609.94
2022-09-29 20:15:00,553.87
2022-09-29 20:30:00,475.0
2022-09-29 20:45:00,426.14
2022-09-29 21:00:00,519.64
2022-09-29 21:15:00,473.23
2022-09-29 21:30:00,407.53
2022-09-29 21:45:00,389.9
2022-09-29 22:00:00,455.09
2022-09-29 22:15:00,437.11
2022-09-29 22:30:00,402.42
2022-09-29 22:45:00,365.0
2022-09-29 23:00:00,453.6
2022-09-29 23:15:00,410.0
2022-09-29 23:30:00,375.0
2022-09-29 23:45:00,350.0
2022-09-30 00:00:00,385.04
2022-09-30 00:15:00,372.28
2022-09-30 00:30:00,327.41
2022-09-30 00:45:00,321.42
2022-09-30 01:00:00,371.27
2022-09-30 01:15:00,359.91
2022-09-30 01:30:00,310.0
2022-09-30 01:45:00,295.0
2022-09-30 02:00:00,337.27
2022-09-30 02:15:00,320.1
2022-09-30 02:30:00,314.02
2022-09-30 02:45:00,295.0
2022-09-30 03:00:00,310.0
2022-09-30 03:15:00,305.0
2022-09-30 03:30:00,334.9
2022-09-30 03:45:00,312.37
2022-09-30 04:00:00,285.0
2022-09-30 04:15:00,295.0
2022-09-30 04:30:00,318.09
2022-09-30 04:45:00,371.27
2022-09-30 05:00:00,260.1
2022-09-30 05:15:00,334.98
2022-09-30 05:30:00,372.28
2022-09-30 05:45:00,430.0
2022-09-30 06:00:00,280.1
2022-09-30 06:15:00,372.28
2022-09-30 06:30:00,460.06
2022-09-30 06:45:00,510.44
2022-09-30 07:00:00,440.08
2022-09-30 07:15:00,495.0
2022-09-30 07:30:00,549.91
2022-09-30 07:45:00,559.93
2022-09-30 08:00:00,524.9
2022-09-30 08:15:00,519.9
2022-09-30 08:30:00,505.0
2022-09-30 08:45:00,474.9
2022-09-30 09:00:00,475.1
2022-09-30 09:15:00,455.1
2022-09-30 09:30:00,454.9
2022-09-30 09:45:00,402.86
2022-09-30 10:00:00,439.76
2022-09-30 10:15:00,429.9
2022-09-30 10:30:00,396.27
2022-09-30 10:45:00,385.0
2022-09-30 11:00:00,415.08
2022-09-30 11:15:00,409.9
2022-09-30 11:30:00,395.0
2022-09-30 11:45:00,360.0
2022-09-30 12:00:00,396.27
2022-09-30 12:15:00,371.27
2022-09-30 12:30:00,359.56
2022-09-30 12:45:00,340.05
2022-09-30 13:00:00,370.0
2022-09-30 13:15:00,370.0
2022-09-30 13:30:00,346.27
2022-09-30 13:45:00,287.96
2022-09-30 14:00:00,312.84
2022-09-30 14:15:00,336.33
2022-09-30 14:30:00,360.01
2022-09-30 14:45:00,330.08
2022-09-30 15:00:00,300.06
2022-09-30 15:15:00,325.06
2022-09-30 15:30:00,340.03
2022-09-30 15:45:00,355.02
2022-09-30 16:00:00,315.08
2022-09-30 16:15:00,350.07
2022-09-30 16:30:00,371.27
2022-09-30 16:45:00,372.49
2022-09-30 17:00:00,371.27
2022-09-30 17:15:00,372.22
2022-09-30 17:30:00,400.09
2022-09-30 17:45:00,430.08
2022-09-30 18:00:00,371.27
2022-09-30 18:15:00,390.05
2022-09-30 18:30:00,428.93
2022-09-30 18:45:00,465.02
2022-09-30 19:00:00,431.6
2022-09-30 19:15:00,445.02
2022-09-30 19:30:00,400.07
2022-09-30 19:45:00,380.08
2022-09-30 20:00:00,455.04
2022-09-30 20:15:00,403.61
2022-09-30 20:30:00,371.27
2022-09-30 20:45:00,350.0
2022-09-30 21:00:00,371.27
2022-09-30 21:15:00,369.61
2022-09-30 21:30:00,320.08
2022-09-30 21:45:00,211.72
2022-09-30 22:00:00,371.27
2022-09-30 22:15:00,370.0
2022-09-30 22:30:00,300.04
2022-09-30 22:45:00,230.4
2022-09-30 23:00:00,326.77
2022-09-30 23:15:00,285.04
2022-09-30 23:30:00,235.79
2022-09-30 23:45:00,103.57
2022-10-01 00:00:00,229.09
2022-10-01 00:15:00,235.0
2022-10-01 00:30:00,215.1
2022-10-01 00:45:00,200.81
2022-10-01 01:00:00,233.42
2022-10-01 01:15:00,225.0
2022-10-01 01:30:00,170.1
2022-10-01 01:45:00,160.03
2022-10-01 02:00:00,225.0
2022-10-01 02:15:00,203.08
2022-10-01 02:30:00,170.05
2022-10-01 02:45:00,149.13
2022-10-01 03:00:00,200.33
2022-10-01 03:15:00,104.3
2022-10-01 03:30:00,91.85
2022-10-01 03:45:00,83.93
2022-10-01 04:00:00,74.28
2022-10-01 04:15:00,74.34
2022-10-01 04:30:00,83.68
2022-10-01 04:45:00,203.08
2022-10-01 05:00:00,66.14
2022-10-01 05:15:00,75.76
2022-10-01 05:30:00,80.12
2022-10-01 05:45:00,228.3
2022-10-01 06:00:00,220.0
2022-10-01 06:15:00,84.66
2022-10-01 06:30:00,211.06
2022-10-01 06:45:00,229.09
2022-10-01 07:00:00,160.0
2022-10-01 07:15:00,194.94
2022-10-01 07:30:00,228.08
2022-10-01 07:45:00,229.91
2022-10-01 08:00:00,214.24
2022-10-01 08:15:00,228.08
2022-10-01 08:30:00,209.99
2022-10-01 08:45:00,225.74
2022-10-01 09:00:00,240.0
2022-10-01 09:15:00,228.08
2022-10-01 09:30:00,205.0
2022-10-01 09:45:00,180.1
2022-10-01 10:00:00,229.92
2022-10-01 10:15:00,219.89
2022-10-01 10:30:00,203.39
2022-10-01 10:45:00,179.99
2022-10-01 11:00:00,222.94
2022-10-01 11:15:00,216.35
2022-10-01 11:30:00,205.85
2022-10-01 11:45:00,174.97
2022-10-01 12:00:00,229.09
2022-10-01 12:15:00,228.08
2022-10-01 12:30:00,218.82
2022-10-01 12:45:00,185.0
2022-10-01 13:00:00,229.09
2022-10-01 13:15:00,201.17
2022-10-01 13:30:00,205.0
2022-10-01 13:45:00,210.1
2022-10-01 14:00:00,200.0
2022-10-01 14:15:00,198.28
2022-10-01 14:30:00,215.0
2022-10-01 14:45:00,223.96
2022-10-01 15:00:00,190.0
2022-10-01 15:15:00,203.08
2022-10-01 15:30:00,229.09
2022-10-01 15:45:00,237.71
2022-10-01 16:00:00,177.56
2022-10-01 16:15:00,221.58
2022-10-01 16:30:00,229.09
2022-10-01 16:45:00,250.44
2022-10-01 17:00:00,229.09
2022-10-01 17:15:00,255.0
2022-10-01 17:30:00,280.0
2022-10-01 17:45:00,307.28
2022-10-01 18:00:00,253.08
2022-10-01 18:15:00,253.08
2022-10-01 18:30:00,280.09
2022-10-01 18:45:00,310.0
2022-10-01 19:00:00,284.12
2022-10-01 19:15:00,285.0
2022-10-01 19:30:00,274.08
2022-10-01 19:45:00,228.08
2022-10-01 20:00:00,300.0
2022-10-01 20:15:00,273.7
2022-10-01 20:30:00,228.08
2022-10-01 20:45:00,146.49
2022-10-01 21:00:00,229.09
2022-10-01 21:15:00,203.08
2022-10-01 21:30:00,180.0
2022-10-01 21:45:00,116.68
2022-10-01 22:00:00,229.09
2022-10-01 22:15:00,203.08
2022-10-01 22:30:00,160.0
2022-10-01 22:45:00,108.36
2022-10-01 23:00:00,220.0
2022-10-01 23:15:00,194.09
2022-10-01 23:30:00,83.95
2022-10-01 23:45:00,79.08
2022-10-02 00:00:00,206.99
2022-10-02 00:15:00,185.49
2022-10-02 00:30:00,72.24
2022-10-02 00:45:00,65.05
2022-10-02 01:00:00,185.49
2022-10-02 01:15:00,151.18
2022-10-02 01:30:00,49.29
2022-10-02 01:45:00,45.98
2022-10-02 02:00:00,171.74
2022-10-02 02:15:00,83.18
2022-10-02 02:30:00,42.84
2022-10-02 02:45:00,41.34
2022-10-02 03:00:00,112.02
2022-10-02 03:15:00,49.31
2022-10-02 03:30:00,46.2
2022-10-02 03:45:00,44.16
2022-10-02 04:00:00,48.85
2022-10-02 04:15:00,48.68
2022-10-02 04:30:00,65.87
2022-10-02 04:45:00,89.85
2022-10-02 05:00:00,50.89
2022-10-02 05:15:00,51.63
2022-10-02 05:30:00,54.65
2022-10-02 05:45:00,147.99
2022-10-02 06:00:00,57.36
2022-10-02 06:15:00,61.37
2022-10-02 06:30:00,80.61
2022-10-02 06:45:00,155.98
2022-10-02 07:00:00,78.81
2022-10-02 07:15:00,82.3
2022-10-02 07:30:00,146.74
2022-10-02 07:45:00,159.48
2022-10-02 08:00:00,121.02
2022-10-02 08:15:00,181.48
2022-10-02 08:30:00,184.48
2022-10-02 08:45:00,199.35
2022-10-02 09:00:00,165.78
2022-10-02 09:15:00,184.48
2022-10-02 09:30:00,184.48
2022-10-02 09:45:00,184.48
2022-10-02 10:00:00,184.48
2022-10-02 10:15:00,184.48
2022-10-02 10:30:00,184.48
2022-10-02 10:45:00,195.39
2022-10-02 11:00:00,184.48
2022-10-02 11:15:00,198.76
2022-10-02 11:30:00,184.48
2022-10-02 11:45:00,184.48
2022-10-02 12:00:00,185.49
2022-10-02 12:15:00,184.48
2022-10-02 12:30:00,184.48
2022-10-02 12:45:00,135.39
2022-10-02 13:00:00,185.49
2022-10-02 13:15:00,159.48
2022-10-02 13:30:00,157.39
2022-10-02 13:45:00,77.87
2022-10-02 14:00:00,185.49
2022-10-02 14:15:00,159.48
2022-10-02 14:30:00,135.13
2022-10-02 14:45:00,61.49
2022-10-02 15:00:00,139.48
2022-10-02 15:15:00,82.13
2022-10-02 15:30:00,81.63
2022-10-02 15:45:00,90.25
2022-10-02 16:00:00,107.23
2022-10-02 16:15:00,112.75
2022-10-02 16:30:00,159.48
2022-10-02 16:45:00,167.21
2022-10-02 17:00:00,185.49
2022-10-02 17:15:00,185.49
2022-10-02 17:30:00,199.13
2022-10-02 17:45:00,332.75
2022-10-02 18:00:00,230.84
2022-10-02 18:15:00,235.45
2022-10-02 18:30:00,343.64
2022-10-02 18:45:00,364.5
2022-10-02 19:00:00,300.0
2022-10-02 19:15:00,312.08
2022-10-02 19:30:00,475.59
2022-10-02 19:45:00,291.94
2022-10-02 20:00:00,390.22
2022-10-02 20:15:00,475.5
2022-10-02 20:30:00,230.47
2022-10-02 20:45:00,216.15
2022-10-02 21:00:00,398.49
2022-10-02 21:15:00,294.06
2022-10-02 21:30:00,216.72
2022-10-02 21:45:00,185.49
2022-10-02 22:00:00,346.85
2022-10-02 22:15:00,253.7
2022-10-02 22:30:00,200.3
2022-10-02 22:45:00,199.28
2022-10-02 23:00:00,300.0
2022-10-02 23:15:00,193.83
2022-10-02 23:30:00,185.49
2022-10-02 23:45:00,184.48
2022-10-03 00:00:00,224.34
2022-10-03 00:15:00,206.31
2022-10-03 00:30:00,-70.65
2022-10-03 00:45:00,-100.0
2022-10-03 01:00:00,209.59
2022-10-03 01:15:00,192.84
2022-10-03 01:30:00,-22.44
2022-10-03 01:45:00,-100.0
2022-10-03 02:00:00,194.56
2022-10-03 02:15:00,186.62
2022-10-03 02:30:00,-1.19
2022-10-03 02:45:00,-100.0
2022-10-03 03:00:00,178.4
2022-10-03 03:15:00,-111.2
2022-10-03 03:30:00,-86.78
2022-10-03 03:45:00,179.57
2022-10-03 04:00:00,-140.0
2022-10-03 04:15:00,-140.0
2022-10-03 04:30:00,55.66
2022-10-03 04:45:00,224.34
2022-10-03 05:00:00,-100.0
2022-10-03 05:15:00,-0.34
2022-10-03 05:30:00,224.34
2022-10-03 05:45:00,300.0
2022-10-03 06:00:00,168.48
2022-10-03 06:15:00,211.24
2022-10-03 06:30:00,249.34
2022-10-03 06:45:00,300.0
2022-10-03 07:00:00,224.34
2022-10-03 07:15:00,379.26
2022-10-03 07:30:00,486.79
2022-10-03 07:45:00,489.34
2022-10-03 08:00:00,426.36
2022-10-03 08:15:00,364.83
2022-10-03 08:30:00,468.81
2022-10-03 08:45:00,300.0
2022-10-03 09:00:00,254.84
2022-10-03 09:15:00,250.34
2022-10-03 09:30:00,249.34
2022-10-03 09:45:00,245.89
2022-10-03 10:00:00,420.17
2022-10-03 10:15:00,259.59
2022-10-03 10:30:00,254.09
2022-10-03 10:45:00,249.34
2022-10-03 11:00:00,309.85
2022-10-03 11:15:00,309.85
2022-10-03 11:30:00,295.92
2022-10-03 11:45:00,249.34
2022-10-03 12:00:00,224.34
2022-10-03 12:15:00,204.9
2022-10-03 12:30:00,187.02
2022-10-03 12:45:00,183.24
2022-10-03 13:00:00,224.34
2022-10-03 13:15:00,224.34
2022-10-03 13:30:00,178.34
2022-10-03 13:45:00,173.32
2022-10-03 14:00:00,223.59
2022-10-03 14:15:00,214.34
2022-10-03 14:30:00,210.09
2022-10-03 14:45:00,206.59
2022-10-03 15:00:00,189.27
2022-10-03 15:15:00,191.28
2022-10-03 15:30:00,202.36
2022-10-03 15:45:00,202.36
2022-10-03 16:00:00,204.83
2022-10-03 16:15:00,207.71
2022-10-03 16:30:00,214.46
2022-10-03 16:45:00,224.34
2022-10-03 17:00:00,249.34
2022-10-03 17:15:00,249.77
2022-10-03 17:30:00,368.31
2022-10-03 17:45:00,468.9
2022-10-03 18:00:00,258.34
2022-10-03 18:15:00,265.84
2022-10-03 18:30:00,320.09
2022-10-03 18:45:00,468.81
2022-10-03 19:00:00,471.03
2022-10-03 19:15:00,468.87
2022-10-03 19:30:00,297.52
2022-10-03 19:45:00,249.34
2022-10-03 20:00:00,501.68
2022-10-03 20:15:00,420.69
2022-10-03 20:30:00,249.34
2022-10-03 20:45:00,224.34
2022-10-03 21:00:00,300.0
2022-10-03 21:15:00,264.72
2022-10-03 21:30:00,224.34
2022-10-03 21:45:00,211.03
2022-10-03 22:00:00,375.45
2022-10-03 22:15:00,300.0
2022-10-03 22:30:00,224.34
2022-10-03 22:45:00,224.34
2022-10-03 23:00:00,268.84
2022-10-03 23:15:00,224.34
2022-10-03 23:30:00,199.16
2022-10-03 23:45:00,51.66
2022-10-04 00:00:00,304.02
2022-10-04 00:15:00,225.0
2022-10-04 00:30:00,195.0
2022-10-04 00:45:00,180.0
2022-10-04 01:00:00,274.93
2022-10-04 01:15:00,205.0
2022-10-04 01:30:00,185.0
2022-10-04 01:45:00,175.0
2022-10-04 02:00:00,220.0
2022-10-04 02:15:00,200.0
2022-10-04 02:30:00,185.0
2022-10-04 02:45:00,179.0
2022-10-04 03:00:00,185.93
2022-10-04 03:15:00,187.24
2022-10-04 03:30:00,196.44
2022-10-04 03:45:00,190.65
2022-10-04 04:00:00,160.0
2022-10-04 04:15:00,170.0
2022-10-04 04:30:00,195.0
2022-10-04 04:45:00,274.94
2022-10-04 05:00:00,126.06
2022-10-04 05:15:00,175.0
2022-10-04 05:30:00,289.96
2022-10-04 05:45:00,379.94
2022-10-04 06:00:00,180.0
2022-10-04 06:15:00,294.97
2022-10-04 06:30:00,388.91
2022-10-04 06:45:00,424.98
2022-10-04 07:00:00,354.94
2022-10-04 07:15:00,370.0
2022-10-04 07:30:00,439.93
2022-10-04 07:45:00,414.99
2022-10-04 08:00:00,432.39
2022-10-04 08:15:00,449.91
2022-10-04 08:30:00,395.0
2022-10-04 08:45:00,385.0
2022-10-04 09:00:00,400.0
2022-10-04 09:15:00,349.89
2022-10-04 09:30:00,320.0
2022-10-04 09:45:00,270.0
2022-10-04 10:00:00,320.0
2022-10-04 10:15:00,280.0
2022-10-04 10:30:00,260.0
2022-10-04 10:45:00,237.62
2022-10-04 11:00:00,320.0
2022-10-04 11:15:00,275.0
2022-10-04 11:30:00,210.1
2022-10-04 11:45:00,200.03
2022-10-04 12:00:00,308.97
2022-10-04 12:15:00,240.0
2022-10-04 12:30:00,181.38
2022-10-04 12:45:00,190.06
2022-10-04 13:00:00,250.0
2022-10-04 13:15:00,246.5
2022-10-04 13:30:00,210.05
2022-10-04 13:45:00,187.97
2022-10-04 14:00:00,200.07
2022-10-04 14:15:00,210.02
2022-10-04 14:30:00,220.04
2022-10-04 14:45:00,265.0
2022-10-04 15:00:00,168.75
2022-10-04 15:15:00,210.04
2022-10-04 15:30:00,251.62
2022-10-04 15:45:00,290.0
2022-10-04 16:00:00,178.82
2022-10-04 16:15:00,190.68
2022-10-04 16:30:00,300.0
2022-10-04 16:45:00,310.09
2022-10-04 17:00:00,183.31
2022-10-04 17:15:00,285.01
2022-10-04 17:30:00,325.03
2022-10-04 17:45:00,335.06
2022-10-04 18:00:00,275.05
2022-10-04 18:15:00,310.07
2022-10-04 18:30:00,365.08
2022-10-04 18:45:00,389.62
2022-10-04 19:00:00,400.05
2022-10-04 19:15:00,390.02
2022-10-04 19:30:00,375.03
2022-10-04 19:45:00,320.02
2022-10-04 20:00:00,449.74
2022-10-04 20:15:00,375.06
2022-10-04 20:30:00,320.0
2022-10-04 20:45:00,270.01
2022-10-04 21:00:00,365.87
2022-10-04 21:15:00,320.06
2022-10-04 21:30:00,280.05
2022-10-04 21:45:00,210.02
2022-10-04 22:00:00,340.04
2022-10-04 22:15:00,320.0
2022-10-04 22:30:00,254.73
2022-10-04 22:45:00,196.62
2022-10-04 23:00:00,320.0
2022-10-04 23:15:00,245.0
2022-10-04 23:30:00,210.0
2022-10-04 23:45:00,162.82
2022-10-05 00:00:00,180.7
2022-10-05 00:15:00,147.53
2022-10-05 00:30:00,120.07
2022-10-05 00:45:00,100.03
2022-10-05 01:00:00,160.04
2022-10-05 01:15:00,140.06
2022-10-05 01:30:00,130.01
2022-10-05 01:45:00,95.0
2022-10-05 02:00:00,140.05
2022-10-05 02:15:00,130.02
2022-10-05 02:30:00,110.03
2022-10-05 02:45:00,100.02
2022-10-05 03:00:00,123.27
2022-10-05 03:15:00,111.01
2022-10-05 03:30:00,120.01
2022-10-05 03:45:00,118.01
2022-10-05 04:00:00,65.21
2022-10-05 04:15:00,68.17
2022-10-05 04:30:00,146.37
2022-10-05 04:45:00,148.54
2022-10-05 05:00:00,79.94
2022-10-05 05:15:00,111.37
2022-10-05 05:30:00,172.53
2022-10-05 05:45:00,295.0
2022-10-05 06:00:00,132.52
2022-10-05 06:15:00,219.98
2022-10-05 06:30:00,287.79
2022-10-05 06:45:00,319.97
2022-10-05 07:00:00,259.83
2022-10-05 07:15:00,264.98
2022-10-05 07:30:00,294.97
2022-10-05 07:45:00,319.95
2022-10-05 08:00:00,329.94
2022-10-05 08:15:00,275.0
2022-10-05 08:30:00,265.0
2022-10-05 08:45:00,245.16
2022-10-05 09:00:00,280.0
2022-10-05 09:15:00,259.58
2022-10-05 09:30:00,215.0
2022-10-05 09:45:00,172.53
2022-10-05 10:00:00,235.0
2022-10-05 10:15:00,215.0
2022-10-05 10:30:00,174.26
2022-10-05 10:45:00,160.07
2022-10-05 11:00:00,225.0
2022-10-05 11:15:00,210.0
2022-10-05 11:30:00,196.53
2022-10-05 11:45:00,148.72
2022-10-05 12:00:00,225.0
2022-10-05 12:15:00,172.53
2022-10-05 12:30:00,147.53
2022-10-05 12:45:00,139.49
2022-10-05 13:00:00,160.1
2022-10-05 13:15:00,160.04
2022-10-05 13:30:00,148.54
2022-10-05 13:45:00,140.09
2022-10-05 14:00:00,172.53
2022-10-05 14:15:00,172.53
2022-10-05 14:30:00,172.34
2022-10-05 14:45:00,172.53
2022-10-05 15:00:00,172.53
2022-10-05 15:15:00,170.04
2022-10-05 15:30:00,172.53
2022-10-05 15:45:00,208.3
2022-10-05 16:00:00,148.54
2022-10-05 16:15:00,191.69
2022-10-05 16:30:00,230.03
2022-10-05 16:45:00,310.04
2022-10-05 17:00:00,156.46
2022-10-05 17:15:00,179.05
2022-10-05 17:30:00,230.81
2022-10-05 17:45:00,310.06
2022-10-05 18:00:00,230.05
2022-10-05 18:15:00,240.01
2022-10-05 18:30:00,295.0
2022-10-05 18:45:00,303.32
2022-10-05 19:00:00,320.06
2022-10-05 19:15:00,310.05
2022-10-05 19:30:00,289.47
2022-10-05 19:45:00,220.04
2022-10-05 20:00:00,375.0
2022-10-05 20:15:00,304.85
2022-10-05 20:30:00,235.09
2022-10-05 20:45:00,167.73
2022-10-05 21:00:00,300.0
2022-10-05 21:15:00,220.04
2022-10-05 21:30:00,147.53
2022-10-05 21:45:00,116.01
2022-10-05 22:00:00,280.0
2022-10-05 22:15:00,280.0
2022-10-05 22:30:00,166.95
2022-10-05 22:45:00,142.78
2022-10-05 23:00:00,295.34
2022-10-05 23:15:00,190.0
2022-10-05 23:30:00,147.53
2022-10-05 23:45:00,147.53
2022-10-06 00:00:00,141.72
2022-10-06 00:15:00,141.72
2022-10-06 00:30:00,125.0
2022-10-06 00:45:00,85.59
2022-10-06 01:00:00,142.25
2022-10-06 01:15:00,115.71
2022-10-06 01:30:00,97.81
2022-10-06 01:45:00,80.03
2022-10-06 02:00:00,120.09
2022-10-06 02:15:00,115.71
2022-10-06 02:30:00,92.85
2022-10-06 02:45:00,90.07
2022-10-06 03:00:00,80.08
2022-10-06 03:15:00,88.48
2022-10-06 03:30:00,115.71
2022-10-06 03:45:00,115.71
2022-10-06 04:00:00,60.04
2022-10-06 04:15:00,98.24
2022-10-06 04:30:00,130.0
2022-10-06 04:45:00,155.0
2022-10-06 05:00:00,50.18
2022-10-06 05:15:00,70.09
2022-10-06 05:30:00,160.0
2022-10-06 05:45:00,280.0
2022-10-06 06:00:00,125.0
2022-10-06 06:15:00,165.03
2022-10-06 06:30:00,279.95
2022-10-06 06:45:00,289.95
2022-10-06 07:00:00,200.0
2022-10-06 07:15:00,224.94
2022-10-06 07:30:00,250.63
2022-10-06 07:45:00,280.0
2022-10-06 08:00:00,270.0
2022-10-06 08:15:00,265.0
2022-10-06 08:30:00,244.9
2022-10-06 08:45:00,170.03
2022-10-06 09:00:00,280.0
2022-10-06 09:15:00,245.0
2022-10-06 09:30:00,186.64
2022-10-06 09:45:00,153.52
2022-10-06 10:00:00,249.93
2022-10-06 10:15:00,230.52
2022-10-06 10:30:00,170.0
2022-10-06 10:45:00,140.71
2022-10-06 11:00:00,234.96
2022-10-06 11:15:00,234.91
2022-10-06 11:30:00,165.71
2022-10-06 11:45:00,129.93
2022-10-06 12:00:00,239.91
2022-10-06 12:15:00,190.0
2022-10-06 12:30:00,165.0
2022-10-06 12:45:00,155.0
2022-10-06 13:00:00,205.0
2022-10-06 13:15:00,188.28
2022-10-06 13:30:00,150.09
2022-10-06 13:45:00,140.71
2022-10-06 14:00:00,165.71
2022-10-06 14:15:00,176.19
2022-10-06 14:30:00,170.06
2022-10-06 14:45:00,180.08
2022-10-06 15:00:00,125.21
2022-10-06 15:15:00,144.73
2022-10-06 15:30:00,215.0
2022-10-06 15:45:00,225.0
2022-10-06 16:00:00,140.71
2022-10-06 16:15:00,185.0
2022-10-06 16:30:00,253.24
2022-10-06 16:45:00,265.0
2022-10-06 17:00:00,150.0
2022-10-06 17:15:00,205.05
2022-10-06 17:30:00,275.0
2022-10-06 17:45:00,295.0
2022-10-06 18:00:00,177.04
2022-10-06 18:15:00,230.07
2022-10-06 18:30:00,280.0
2022-10-06 18:45:00,290.06
2022-10-06 19:00:00,305.09
2022-10-06 19:15:00,295.1
2022-10-06 19:30:00,280.07
2022-10-06 19:45:00,255.02
2022-10-06 20:00:00,313.53
2022-10-06 20:15:00,295.0
2022-10-06 20:30:00,220.08
2022-10-06 20:45:00,146.87
2022-10-06 21:00:00,299.13
2022-10-06 21:15:00,255.05
2022-10-06 21:30:00,180.01
2022-10-06 21:45:00,149.38
2022-10-06 22:00:00,299.12
2022-10-06 22:15:00,265.0
2022-10-06 22:30:00,195.05
2022-10-06 22:45:00,152.89
2022-10-06 23:00:00,280.0
2022-10-06 23:15:00,225.57
2022-10-06 23:30:00,165.71
2022-10-06 23:45:00,140.71
2022-10-07 00:00:00,171.62
2022-10-07 00:15:00,197.13
2022-10-07 00:30:00,171.62
2022-10-07 00:45:00,171.62
2022-10-07 01:00:00,172.63
2022-10-07 01:15:00,141.6
2022-10-07 01:30:00,119.91
2022-10-07 01:45:00,109.95
2022-10-07 02:00:00,157.26
2022-10-07 02:15:00,143.9
2022-10-07 02:30:00,132.9
2022-10-07 02:45:00,110.08
2022-10-07 03:00:00,145.43
2022-10-07 03:15:00,129.99
2022-10-07 03:30:00,138.43
2022-10-07 03:45:00,129.98
2022-10-07 04:00:00,106.11
2022-10-07 04:15:00,126.63
2022-10-07 04:30:00,146.62
2022-10-07 04:45:00,172.63
2022-10-07 05:00:00,104.76
2022-10-07 05:15:00,163.55
2022-10-07 05:30:00,219.48
2022-10-07 05:45:00,219.94
2022-10-07 06:00:00,119.39
2022-10-07 06:15:00,197.33
2022-10-07 06:30:00,280.0
2022-10-07 06:45:00,300.0
2022-10-07 07:00:00,218.88
2022-10-07 07:15:00,277.71
2022-10-07 07:30:00,280.0
2022-10-07 07:45:00,280.0
2022-10-07 08:00:00,249.87
2022-10-07 08:15:00,241.14
2022-10-07 08:30:00,197.35
2022-10-07 08:45:00,171.62
2022-10-07 09:00:00,273.84
2022-10-07 09:15:00,196.62
2022-10-07 09:30:00,171.62
2022-10-07 09:45:00,137.85
2022-10-07 10:00:00,247.08
2022-10-07 10:15:00,196.62
2022-10-07 10:30:00,171.62
2022-10-07 10:45:00,150.37
2022-10-07 11:00:00,241.18
2022-10-07 11:15:00,196.62
2022-10-07 11:30:00,171.62
2022-10-07 11:45:00,100.57
2022-10-07 12:00:00,196.62
2022-10-07 12:15:00,171.62
2022-10-07 12:30:00,117.16
2022-10-07 12:45:00,74.68
2022-10-07 13:00:00,172.63
2022-10-07 13:15:00,172.63
2022-10-07 13:30:00,132.09
2022-10-07 13:45:00,79.39
2022-10-07 14:00:00,154.04
2022-10-07 14:15:00,140.84
2022-10-07 14:30:00,134.47
2022-10-07 14:45:00,130.97
2022-10-07 15:00:00,94.77
2022-10-07 15:15:00,129.95
2022-10-07 15:30:00,159.96
2022-10-07 15:45:00,175.51
2022-10-07 16:00:00,134.47
2022-10-07 16:15:00,167.05
2022-10-07 16:30:00,199.9
2022-10-07 16:45:00,250.59
2022-10-07 17:00:00,169.35
2022-10-07 17:15:00,172.63
2022-10-07 17:30:00,230.0
2022-10-07 17:45:00,277.5
2022-10-07 18:00:00,171.62
2022-10-07 18:15:00,219.99
2022-10-07 18:30:00,273.61
2022-10-07 18:45:00,280.0
2022-10-07 19:00:00,280.0
2022-10-07 19:15:00,277.11
2022-10-07 19:30:00,213.91
2022-10-07 19:45:00,171.62
2022-10-07 20:00:00,280.0
2022-10-07 20:15:00,239.96
2022-10-07 20:30:00,196.62
2022-10-07 20:45:00,163.13
2022-10-07 21:00:00,262.67
2022-10-07 21:15:00,210.0
2022-10-07 21:30:00,170.0
2022-10-07 21:45:00,129.96
2022-10-07 22:00:00,241.11
2022-10-07 22:15:00,199.98
2022-10-07 22:30:00,159.99
2022-10-07 22:45:00,135.43
2022-10-07 23:00:00,239.23
2022-10-07 23:15:00,171.62
2022-10-07 23:30:00,129.92
2022-10-07 23:45:00,95.0
2022-10-08 00:00:00,207.65
2022-10-08 00:15:00,195.68
2022-10-08 00:30:00,131.57
2022-10-08 00:45:00,109.99
2022-10-08 01:00:00,165.17
2022-10-08 01:15:00,140.64
2022-10-08 01:30:00,115.81
2022-10-08 01:45:00,89.92
2022-10-08 02:00:00,169.67
2022-10-08 02:15:00,165.59
2022-10-08 02:30:00,129.96
2022-10-08 02:45:00,117.66
2022-10-08 03:00:00,152.67
2022-10-08 03:15:00,129.98
2022-10-08 03:30:00,145.17
2022-10-08 03:45:00,132.58
2022-10-08 04:00:00,109.69
2022-10-08 04:15:00,109.69
2022-10-08 04:30:00,113.83
2022-10-08 04:45:00,155.63
2022-10-08 05:00:00,89.99
2022-10-08 05:15:00,121.93
2022-10-08 05:30:00,195.68
2022-10-08 05:45:00,211.26
2022-10-08 06:00:00,78.64
2022-10-08 06:15:00,123.0
2022-10-08 06:30:00,188.17
2022-10-08 06:45:00,194.67
2022-10-08 07:00:00,148.67
2022-10-08 07:15:00,194.67
2022-10-08 07:30:00,194.67
2022-10-08 07:45:00,248.71
2022-10-08 08:00:00,194.67
2022-10-08 08:15:00,194.67
2022-10-08 08:30:00,194.67
2022-10-08 08:45:00,195.78
2022-10-08 09:00:00,189.74
2022-10-08 09:15:00,182.74
2022-10-08 09:30:00,183.74
2022-10-08 09:45:00,175.49
2022-10-08 10:00:00,194.67
2022-10-08 10:15:00,189.96
2022-10-08 10:30:00,194.67
2022-10-08 10:45:00,133.79
2022-10-08 11:00:00,186.53
2022-10-08 11:15:00,194.67
2022-10-08 11:30:00,144.99
2022-10-08 11:45:00,110.11
2022-10-08 12:00:00,195.68
2022-10-08 12:15:00,164.99
2022-10-08 12:30:00,139.99
2022-10-08 12:45:00,114.98
2022-10-08 13:00:00,195.68
2022-10-08 13:15:00,127.39
2022-10-08 13:30:00,120.96
2022-10-08 13:45:00,99.99
2022-10-08 14:00:00,169.67
2022-10-08 14:15:00,123.06
2022-10-08 14:30:00,139.93
2022-10-08 14:45:00,123.03
2022-10-08 15:00:00,113.6
2022-10-08 15:15:00,121.18
2022-10-08 15:30:00,159.95
2022-10-08 15:45:00,169.67
2022-10-08 16:00:00,107.72
2022-10-08 16:15:00,139.93
2022-10-08 16:30:00,179.92
2022-10-08 16:45:00,205.5
2022-10-08 17:00:00,145.44
2022-10-08 17:15:00,189.0
2022-10-08 17:30:00,194.67
2022-10-08 17:45:00,219.67
2022-10-08 18:00:00,194.67
2022-10-08 18:15:00,205.45
2022-10-08 18:30:00,209.84
2022-10-08 18:45:00,219.67
2022-10-08 19:00:00,261.91
2022-10-08 19:15:00,229.99
2022-10-08 19:30:00,219.98
2022-10-08 19:45:00,199.94
2022-10-08 20:00:00,280.0
2022-10-08 20:15:00,239.91
2022-10-08 20:30:00,194.67
2022-10-08 20:45:00,135.0
2022-10-08 21:00:00,259.93
2022-10-08 21:15:00,200.76
2022-10-08 21:30:00,194.67
2022-10-08 21:45:00,131.56
2022-10-08 22:00:00,243.17
2022-10-08 22:15:00,209.76
2022-10-08 22:30:00,189.9
2022-10-08 22:45:00,149.17
2022-10-08 23:00:00,280.0
2022-10-08 23:15:00,199.93
2022-10-08 23:30:00,159.96
2022-10-08 23:45:00,119.98
2022-10-09 00:00:00,206.53
2022-10-09 00:15:00,193.07
2022-10-09 00:30:00,192.06
2022-10-09 00:45:00,123.08
2022-10-09 01:00:00,193.07
2022-10-09 01:15:00,151.41
2022-10-09 01:30:00,118.27
2022-10-09 01:45:00,106.24
2022-10-09 02:00:00,193.07
2022-10-09 02:15:00,161.56
2022-10-09 02:30:00,123.07
2022-10-09 02:45:00,119.45
2022-10-09 03:00:00,158.06
2022-10-09 03:15:00,140.04
2022-10-09 03:30:00,138.84
2022-10-09 03:45:00,123.07
2022-10-09 04:00:00,120.68
2022-10-09 04:15:00,121.48
2022-10-09 04:30:00,123.03
2022-10-09 04:45:00,150.01
2022-10-09 05:00:00,123.09
2022-10-09 05:15:00,151.38
2022-10-09 05:30:00,167.06
2022-10-09 05:45:00,193.07
2022-10-09 06:00:00,118.7
2022-10-09 06:15:00,144.32
2022-10-09 06:30:00,177.94
2022-10-09 06:45:00,192.06
2022-10-09 07:00:00,170.31
2022-10-09 07:15:00,192.06
2022-10-09 07:30:00,192.06
2022-10-09 07:45:00,212.2
2022-10-09 08:00:00,187.06
2022-10-09 08:15:00,192.06
2022-10-09 08:30:00,192.06
2022-10-09 08:45:00,208.51
2022-10-09 09:00:00,189.34
2022-10-09 09:15:00,192.06
2022-10-09 09:30:00,192.06
2022-10-09 09:45:00,192.06
2022-10-09 10:00:00,167.06
2022-10-09 10:15:00,167.06
2022-10-09 10:30:00,163.21
2022-10-09 10:45:00,190.89
2022-10-09 11:00:00,167.06
2022-10-09 11:15:00,167.06
2022-10-09 11:30:00,167.06
2022-10-09 11:45:00,123.08
2022-10-09 12:00:00,193.07
2022-10-09 12:15:00,162.66
2022-10-09 12:30:00,123.06
2022-10-09 12:45:00,116.81
2022-10-09 13:00:00,167.06
2022-10-09 13:15:00,140.78
2022-10-09 13:30:00,103.29
2022-10-09 13:45:00,100.87
2022-10-09 14:00:00,167.06
2022-10-09 14:15:00,156.12
2022-10-09 14:30:00,112.08
2022-10-09 14:45:00,108.82
2022-10-09 15:00:00,123.05
2022-10-09 15:15:00,123.05
2022-10-09 15:30:00,128.04
2022-10-09 15:45:00,167.06
2022-10-09 16:00:00,98.75
2022-10-09 16:15:00,116.52
2022-10-09 16:30:00,152.06
2022-10-09 16:45:00,193.07
2022-10-09 17:00:00,142.18
2022-10-09 17:15:00,185.56
2022-10-09 17:30:00,192.06
2022-10-09 17:45:00,222.06
2022-10-09 18:00:00,192.06
2022-10-09 18:15:00,192.06
2022-10-09 18:30:00,219.06
2022-10-09 18:45:00,256.73
2022-10-09 19:00:00,217.81
2022-10-09 19:15:00,237.31
2022-10-09 19:30:00,370.38
2022-10-09 19:45:00,264.91
2022-10-09 20:00:00,300.0
2022-10-09 20:15:00,230.06
2022-10-09 20:30:00,197.7
2022-10-09 20:45:00,192.06
2022-10-09 21:00:00,213.15
2022-10-09 21:15:00,193.72
2022-10-09 21:30:00,193.07
2022-10-09 21:45:00,192.06
2022-10-09 22:00:00,193.07
2022-10-09 22:15:00,199.07
2022-10-09 22:30:00,175.03
2022-10-09 22:45:00,167.06
2022-10-09 23:00:00,226.58
2022-10-09 23:15:00,193.07
2022-10-09 23:30:00,123.1
2022-10-09 23:45:00,122.03
2022-10-10 00:00:00,195.96
2022-10-10 00:15:00,195.02
2022-10-10 00:30:00,123.08
2022-10-10 00:45:00,122.91
2022-10-10 01:00:00,195.96
2022-10-10 01:15:00,112.51
2022-10-10 01:30:00,105.59
2022-10-10 01:45:00,43.1
2022-10-10 02:00:00,181.46
2022-10-10 02:15:00,110.38
2022-10-10 02:30:00,101.31
2022-10-10 02:45:00,-9.18
2022-10-10 03:00:00,104.1
2022-10-10 03:15:00,106.97
2022-10-10 03:30:00,110.56
2022-10-10 03:45:00,114.16
2022-10-10 04:00:00,104.0
2022-10-10 04:15:00,112.0
2022-10-10 04:30:00,123.09
2022-10-10 04:45:00,195.96
2022-10-10 05:00:00,-20.0
2022-10-10 05:15:00,133.14
2022-10-10 05:30:00,196.97
2022-10-10 05:45:00,242.01
2022-10-10 06:00:00,144.39
2022-10-10 06:15:00,211.0
2022-10-10 06:30:00,300.0
2022-10-10 06:45:00,300.0
2022-10-10 07:00:00,196.97
2022-10-10 07:15:00,374.24
2022-10-10 07:30:00,384.74
2022-10-10 07:45:00,415.67
2022-10-10 08:00:00,231.21
2022-10-10 08:15:00,282.19
2022-10-10 08:30:00,309.26
2022-10-10 08:45:00,196.97
2022-10-10 09:00:00,266.08
2022-10-10 09:15:00,228.96
2022-10-10 09:30:00,220.96
2022-10-10 09:45:00,195.96
2022-10-10 10:00:00,246.37
2022-10-10 10:15:00,240.4
2022-10-10 10:30:00,196.97
2022-10-10 10:45:00,195.96
2022-10-10 11:00:00,220.34
2022-10-10 11:15:00,220.1
2022-10-10 11:30:00,202.59
2022-10-10 11:45:00,196.97
2022-10-10 12:00:00,195.96
2022-10-10 12:15:00,130.25
2022-10-10 12:30:00,119.11
2022-10-10 12:45:00,114.76
2022-10-10 13:00:00,170.96
2022-10-10 13:15:00,162.46
2022-10-10 13:30:00,123.82
2022-10-10 13:45:00,123.06
2022-10-10 14:00:00,170.96
2022-10-10 14:15:00,155.92
2022-10-10 14:30:00,147.92
2022-10-10 14:45:00,123.04
2022-10-10 15:00:00,155.83
2022-10-10 15:15:00,153.33
2022-10-10 15:30:00,170.96
2022-10-10 15:45:00,195.96
2022-10-10 16:00:00,196.97
2022-10-10 16:15:00,196.97
2022-10-10 16:30:00,208.97
2022-10-10 16:45:00,277.05
2022-10-10 17:00:00,195.96
2022-10-10 17:15:00,199.4
2022-10-10 17:30:00,220.96
2022-10-10 17:45:00,300.0
2022-10-10 18:00:00,220.96
2022-10-10 18:15:00,223.9
2022-10-10 18:30:00,389.48
2022-10-10 18:45:00,401.22
2022-10-10 19:00:00,428.6
2022-10-10 19:15:00,426.88
2022-10-10 19:30:00,426.53
2022-10-10 19:45:00,196.97
2022-10-10 20:00:00,431.66
2022-10-10 20:15:00,391.14
2022-10-10 20:30:00,220.96
2022-10-10 20:45:00,195.96
2022-10-10 21:00:00,216.13
2022-10-10 21:15:00,196.97
2022-10-10 21:30:00,195.96
2022-10-10 21:45:00,173.43
2022-10-10 22:00:00,304.16
2022-10-10 22:15:00,300.0
2022-10-10 22:30:00,219.36
2022-10-10 22:45:00,195.96
2022-10-10 23:00:00,295.87
2022-10-10 23:15:00,214.96
2022-10-10 23:30:00,178.06
2022-10-10 23:45:00,170.96
2022-10-11 00:00:00,240.6
2022-10-11 00:15:00,189.99
2022-10-11 00:30:00,169.98
2022-10-11 00:45:00,151.57
2022-10-11 01:00:00,189.94
2022-10-11 01:15:00,166.65
2022-10-11 01:30:00,159.79
2022-10-11 01:45:00,149.93
2022-10-11 02:00:00,170.43
2022-10-11 02:15:00,165.95
2022-10-11 02:30:00,157.37
2022-10-11 02:45:00,148.65
2022-10-11 03:00:00,157.92
2022-10-11 03:15:00,162.28
2022-10-11 03:30:00,163.73
2022-10-11 03:45:00,155.41
2022-10-11 04:00:00,147.98
2022-10-11 04:15:00,148.64
2022-10-11 04:30:00,162.89
2022-10-11 04:45:00,199.93
2022-10-11 05:00:00,109.98
2022-10-11 05:15:00,184.45
2022-10-11 05:30:00,241.65
2022-10-11 05:45:00,265.41
2022-10-11 06:00:00,243.55
2022-10-11 06:15:00,265.41
2022-10-11 06:30:00,270.83
2022-10-11 06:45:00,280.0
2022-10-11 07:00:00,265.41
2022-10-11 07:15:00,269.99
2022-10-11 07:30:00,280.0
2022-10-11 07:45:00,289.4
2022-10-11 08:00:00,289.4
2022-10-11 08:15:00,289.4
2022-10-11 08:30:00,288.41
2022-10-11 08:45:00,264.4
2022-10-11 09:00:00,280.0
2022-10-11 09:15:00,264.56
2022-10-11 09:30:00,264.4
2022-10-11 09:45:00,264.4
2022-10-11 10:00:00,269.94
2022-10-11 10:15:00,265.41
2022-10-11 10:30:00,239.4
2022-10-11 10:45:00,237.39
2022-10-11 11:00:00,264.4
2022-10-11 11:15:00,239.94
2022-10-11 11:30:00,236.82
2022-10-11 11:45:00,217.32
2022-10-11 12:00:00,265.41
2022-10-11 12:15:00,239.4
2022-10-11 12:30:00,224.58
2022-10-11 12:45:00,224.58
2022-10-11 13:00:00,265.41
2022-10-11 13:15:00,265.41
2022-10-11 13:30:00,253.94
2022-10-11 13:45:00,199.99
2022-10-11 14:00:00,239.4
2022-10-11 14:15:00,239.4
2022-10-11 14:30:00,264.4
2022-10-11 14:45:00,264.4
2022-10-11 15:00:00,250.93
2022-10-11 15:15:00,260.92
2022-10-11 15:30:00,256.68
2022-10-11 15:45:00,264.4
2022-10-11 16:00:00,249.67
2022-10-11 16:15:00,264.4
2022-10-11 16:30:00,264.4
2022-10-11 16:45:00,265.41
2022-10-11 17:00:00,248.96
2022-10-11 17:15:00,264.4
2022-10-11 17:30:00,264.4
2022-10-11 17:45:00,280.0
2022-10-11 18:00:00,264.4
2022-10-11 18:15:00,294.94
2022-10-11 18:30:00,309.92
2022-10-11 18:45:00,319.93
2022-10-11 19:00:00,329.99
2022-10-11 19:15:00,484.98
2022-10-11 19:30:00,299.99
2022-10-11 19:45:00,289.4
2022-10-11 20:00:00,408.16
2022-10-11 20:15:00,295.4
2022-10-11 20:30:00,280.0
2022-10-11 20:45:00,264.4
2022-10-11 21:00:00,290.0
2022-10-11 21:15:00,280.0
2022-10-11 21:30:00,249.98
2022-10-11 21:45:00,219.91
2022-10-11 22:00:00,280.0
2022-10-11 22:15:00,265.41
2022-10-11 22:30:00,239.4
2022-10-11 22:45:00,170.0
2022-10-11 23:00:00,265.41
2022-10-11 23:15:00,205.0
2022-10-11 23:30:00,209.99
2022-10-11 23:45:00,171.45
2022-10-12 00:00:00,280.0
2022-10-12 00:15:00,276.12
2022-10-12 00:30:00,219.99
2022-10-12 00:45:00,199.9
2022-10-12 01:00:00,252.71
2022-10-12 01:15:00,229.97
2022-10-12 01:30:00,209.92
2022-10-12 01:45:00,171.4
2022-10-12 02:00:00,229.99
2022-10-12 02:15:00,188.24
2022-10-12 02:30:00,209.93
2022-10-12 02:45:00,171.48
2022-10-12 03:00:00,209.93
2022-10-12 03:15:00,175.0
2022-10-12 03:30:00,189.51
2022-10-12 03:45:00,219.94
2022-10-12 04:00:00,155.3
2022-10-12 04:15:00,171.45
2022-10-12 04:30:00,219.97
2022-10-12 04:45:00,277.29
2022-10-12 05:00:00,148.69
2022-10-12 05:15:00,199.98
2022-10-12 05:30:00,280.0
2022-10-12 05:45:00,304.98
2022-10-12 06:00:00,189.51
2022-10-12 06:15:00,278.59
2022-10-12 06:30:00,319.93
2022-10-12 06:45:00,379.94
2022-10-12 07:00:00,313.46
2022-10-12 07:15:00,330.0
2022-10-12 07:30:00,443.22
2022-10-12 07:45:00,449.16
2022-10-12 08:00:00,471.99
2022-10-12 08:15:00,476.82
2022-10-12 08:30:00,363.63
2022-10-12 08:45:00,312.64
2022-10-12 09:00:00,308.86
2022-10-12 09:15:00,319.9
2022-10-12 09:30:00,299.97
2022-10-12 09:45:00,277.58
2022-10-12 10:00:00,299.94
2022-10-12 10:15:00,283.81
2022-10-12 10:30:00,278.59
2022-10-12 10:45:00,277.58
2022-10-12 11:00:00,280.0
2022-10-12 11:15:00,278.59
2022-10-12 11:30:00,265.98
2022-10-12 11:45:00,235.08
2022-10-12 12:00:00,278.59
2022-10-12 12:15:00,239.96
2022-10-12 12:30:00,219.93
2022-10-12 12:45:00,209.96
2022-10-12 13:00:00,278.59
2022-10-12 13:15:00,252.58
2022-10-12 13:30:00,229.92
2022-10-12 13:45:00,192.25
2022-10-12 14:00:00,219.95
2022-10-12 14:15:00,229.92
2022-10-12 14:30:00,230.41
2022-10-12 14:45:00,242.41
2022-10-12 15:00:00,189.98
2022-10-12 15:15:00,241.06
2022-10-12 15:30:00,249.99
2022-10-12 15:45:00,277.58
2022-10-12 16:00:00,179.92
2022-10-12 16:15:00,239.91
2022-10-12 16:30:00,277.58
2022-10-12 16:45:00,278.59
2022-10-12 17:00:00,277.58
2022-10-12 17:15:00,280.0
2022-10-12 17:30:00,302.58
2022-10-12 17:45:00,335.8
2022-10-12 18:00:00,316.99
2022-10-12 18:15:00,349.99
2022-10-12 18:30:00,471.83
2022-10-12 18:45:00,474.95
2022-10-12 19:00:00,531.05
2022-10-12 19:15:00,502.62
2022-10-12 19:30:00,416.14
2022-10-12 19:45:00,320.08
2022-10-12 20:00:00,460.48
2022-10-12 20:15:00,411.39
2022-10-12 20:30:00,325.35
2022-10-12 20:45:00,277.58
2022-10-12 21:00:00,304.1
2022-10-12 21:15:00,277.58
2022-10-12 21:30:00,272.34
2022-10-12 21:45:00,210.0
2022-10-12 22:00:00,304.73
2022-10-12 22:15:00,300.0
2022-10-12 22:30:00,277.58
2022-10-12 22:45:00,255.57
2022-10-12 23:00:00,289.99
2022-10-12 23:15:00,278.59
2022-10-12 23:30:00,269.49
2022-10-12 23:45:00,238.41
2022-10-13 00:00:00,261.45
2022-10-13 00:15:00,204.95
2022-10-13 00:30:00,168.41
2022-10-13 00:45:00,158.1
2022-10-13 01:00:00,239.91
2022-10-13 01:15:00,184.99
2022-10-13 01:30:00,169.94
2022-10-13 01:45:00,159.93
2022-10-13 02:00:00,229.91
2022-10-13 02:15:00,179.97
2022-10-13 02:30:00,169.94
2022-10-13 02:45:00,159.92
2022-10-13 03:00:00,169.91
2022-10-13 03:15:00,169.91
2022-10-13 03:30:00,169.92
2022-10-13 03:45:00,169.94
2022-10-13 04:00:00,149.95
2022-10-13 04:15:00,159.96
2022-10-13 04:30:00,199.18
2022-10-13 04:45:00,239.91
2022-10-13 05:00:00,122.89
2022-10-13 05:15:00,164.96
2022-10-13 05:30:00,249.94
2022-10-13 05:45:00,280.0
2022-10-13 06:00:00,161.38
2022-10-13 06:15:00,261.45
2022-10-13 06:30:00,294.93
2022-10-13 06:45:00,316.5
2022-10-13 07:00:00,366.21
2022-10-13 07:15:00,365.52
2022-10-13 07:30:00,381.69
2022-10-13 07:45:00,394.58
2022-10-13 08:00:00,399.91
2022-10-13 08:15:00,389.92
2022-10-13 08:30:00,369.94
2022-10-13 08:45:00,314.27
2022-10-13 09:00:00,340.0
2022-10-13 09:15:00,335.0
2022-10-13 09:30:00,303.29
2022-10-13 09:45:00,261.45
2022-10-13 10:00:00,305.0
2022-10-13 10:15:00,315.84
2022-10-13 10:30:00,296.56
2022-10-13 10:45:00,262.46
2022-10-13 11:00:00,286.45
2022-10-13 11:15:00,261.45
2022-10-13 11:30:00,260.7
2022-10-13 11:45:00,183.41
2022-10-13 12:00:00,280.0
2022-10-13 12:15:00,244.97
2022-10-13 12:30:00,224.96
2022-10-13 12:45:00,209.92
2022-10-13 13:00:00,262.46
2022-10-13 13:15:00,262.46
2022-10-13 13:30:00,229.98
2022-10-13 13:45:00,209.04
2022-10-13 14:00:00,221.62
2022-10-13 14:15:00,229.94
2022-10-13 14:30:00,249.9
2022-10-13 14:45:00,262.46
2022-10-13 15:00:00,194.98
2022-10-13 15:15:00,234.97
2022-10-13 15:30:00,262.46
2022-10-13 15:45:00,280.0
2022-10-13 16:00:00,229.9
2022-10-13 16:15:00,260.58
2022-10-13 16:30:00,261.45
2022-10-13 16:45:00,280.09
2022-10-13 17:00:00,260.36
2022-10-13 17:15:00,280.0
2022-10-13 17:30:00,315.0
2022-10-13 17:45:00,335.36
2022-10-13 18:00:00,299.95
2022-10-13 18:15:00,335.0
2022-10-13 18:30:00,389.98
2022-10-13 18:45:00,390.91
2022-10-13 19:00:00,456.86
2022-10-13 19:15:00,441.09
2022-10-13 19:30:00,418.59
2022-10-13 19:45:00,300.0
2022-10-13 20:00:00,381.44
2022-10-13 20:15:00,305.09
2022-10-13 20:30:00,280.0
2022-10-13 20:45:00,261.45
2022-10-13 21:00:00,285.97
2022-10-13 21:15:00,266.3
2022-10-13 21:30:00,245.0
2022-10-13 21:45:00,179.61
2022-10-13 22:00:00,265.0
2022-10-13 22:15:00,262.46
2022-10-13 22:30:00,239.77
2022-10-13 22:45:00,185.0
2022-10-13 23:00:00,261.45
2022-10-13 23:15:00,214.93
2022-10-13 23:30:00,189.79
2022-10-13 23:45:00,155.61
2022-10-14 00:00:00,235.26
2022-10-14 00:15:00,258.24
2022-10-14 00:30:00,257.52
2022-10-14 00:45:00,251.47
2022-10-14 01:00:00,257.52
2022-10-14 01:15:00,231.51
2022-10-14 01:30:00,200.05
2022-10-14 01:45:00,163.06
2022-10-14 02:00:00,231.51
2022-10-14 02:15:00,218.3
2022-10-14 02:30:00,210.8
2022-10-14 02:45:00,170.77
2022-10-14 03:00:00,207.51
2022-10-14 03:15:00,170.73
2022-10-14 03:30:00,203.69
2022-10-14 03:45:00,229.01
2022-10-14 04:00:00,157.87
2022-10-14 04:15:00,170.05
2022-10-14 04:30:00,231.51
2022-10-14 04:45:00,257.52
2022-10-14 05:00:00,95.0
2022-10-14 05:15:00,231.51
2022-10-14 05:30:00,257.52
2022-10-14 05:45:00,321.02
2022-10-14 06:00:00,163.2
2022-10-14 06:15:00,256.51
2022-10-14 06:30:00,371.28
2022-10-14 06:45:00,405.0
2022-10-14 07:00:00,256.51
2022-10-14 07:15:00,288.01
2022-10-14 07:30:00,308.99
2022-10-14 07:45:00,455.51
2022-10-14 08:00:00,454.79
2022-10-14 08:15:00,432.3
2022-10-14 08:30:00,301.01
2022-10-14 08:45:00,285.51
2022-10-14 09:00:00,377.26
2022-10-14 09:15:00,300.0
2022-10-14 09:30:00,302.51
2022-10-14 09:45:00,281.51
2022-10-14 10:00:00,318.39
2022-10-14 10:15:00,302.01
2022-10-14 10:30:00,281.51
2022-10-14 10:45:00,257.52
2022-10-14 11:00:00,286.04
2022-10-14 11:15:00,288.54
2022-10-14 11:30:00,257.52
2022-10-14 11:45:00,256.51
2022-10-14 12:00:00,257.52
2022-10-14 12:15:00,256.51
2022-10-14 12:30:00,240.0
2022-10-14 12:45:00,225.54
2022-10-14 13:00:00,257.52
2022-10-14 13:15:00,257.52
2022-10-14 13:30:00,240.0
2022-10-14 13:45:00,192.51
2022-10-14 14:00:00,256.51
2022-10-14 14:15:00,231.51
2022-10-14 14:30:00,231.51
2022-10-14 14:45:00,227.49
2022-10-14 15:00:00,221.9
2022-10-14 15:15:00,231.51
2022-10-14 15:30:00,256.51
2022-10-14 15:45:00,256.51
2022-10-14 16:00:00,231.51
2022-10-14 16:15:00,257.52
2022-10-14 16:30:00,257.52
2022-10-14 16:45:00,257.52
2022-10-14 17:00:00,256.51
2022-10-14 17:15:00,256.51
2022-10-14 17:30:00,281.51
2022-10-14 17:45:00,300.0
2022-10-14 18:00:00,281.51
2022-10-14 18:15:00,281.51
2022-10-14 18:30:00,296.51
2022-10-14 18:45:00,350.76
2022-10-14 19:00:00,386.03
2022-10-14 19:15:00,300.0
2022-10-14 19:30:00,281.51
2022-10-14 19:45:00,256.51
2022-10-14 20:00:00,382.77
2022-10-14 20:15:00,281.51
2022-10-14 20:30:00,254.01
2022-10-14 20:45:00,170.75
2022-10-14 21:00:00,257.52
2022-10-14 21:15:00,256.51
2022-10-14 21:30:00,240.0
2022-10-14 21:45:00,144.61
2022-10-14 22:00:00,256.51
2022-10-14 22:15:00,256.51
2022-10-14 22:30:00,230.53
2022-10-14 22:45:00,149.82
2022-10-14 23:00:00,257.52
2022-10-14 23:15:00,240.0
2022-10-14 23:30:00,164.5
2022-10-14 23:45:00,126.37
2022-10-15 00:00:00,202.32
2022-10-15 00:15:00,208.96
2022-10-15 00:30:00,203.33
2022-10-15 00:45:00,177.32
2022-10-15 01:00:00,203.33
2022-10-15 01:15:00,161.27
2022-10-15 01:30:00,93.26
2022-10-15 01:45:00,-20.0
2022-10-15 02:00:00,203.33
2022-10-15 02:15:00,177.57
2022-10-15 02:30:00,147.49
2022-10-15 02:45:00,104.89
2022-10-15 03:00:00,177.32
2022-10-15 03:15:00,131.6
2022-10-15 03:30:00,150.48
2022-10-15 03:45:00,131.6
2022-10-15 04:00:00,2.68
2022-10-15 04:15:00,83.61
2022-10-15 04:30:00,83.82
2022-10-15 04:45:00,97.9
2022-10-15 05:00:00,116.19
2022-10-15 05:15:00,177.32
2022-10-15 05:30:00,203.33
2022-10-15 05:45:00,123.72
2022-10-15 06:00:00,115.49
2022-10-15 06:15:00,177.32
2022-10-15 06:30:00,203.33
2022-10-15 06:45:00,263.9
2022-10-15 07:00:00,111.75
2022-10-15 07:15:00,171.15
2022-10-15 07:30:00,203.33
2022-10-15 07:45:00,228.15
2022-10-15 08:00:00,175.31
2022-10-15 08:15:00,195.32
2022-10-15 08:30:00,202.32
2022-10-15 08:45:00,202.32
2022-10-15 09:00:00,202.32
2022-10-15 09:15:00,202.32
2022-10-15 09:30:00,202.32
2022-10-15 09:45:00,202.32
2022-10-15 10:00:00,202.32
2022-10-15 10:15:00,202.32
2022-10-15 10:30:00,202.32
2022-10-15 10:45:00,185.05
2022-10-15 11:00:00,203.33
2022-10-15 11:15:00,198.38
2022-10-15 11:30:00,177.32
2022-10-15 11:45:00,133.1
2022-10-15 12:00:00,203.33
2022-10-15 12:15:00,177.32
2022-10-15 12:30:00,164.18
2022-10-15 12:45:00,102.19
2022-10-15 13:00:00,210.28
2022-10-15 13:15:00,189.38
2022-10-15 13:30:00,154.79
2022-10-15 13:45:00,91.0
2022-10-15 14:00:00,177.32
2022-10-15 14:15:00,177.32
2022-10-15 14:30:00,117.89
2022-10-15 14:45:00,86.19
2022-10-15 15:00:00,94.6
2022-10-15 15:15:00,146.03
2022-10-15 15:30:00,177.32
2022-10-15 15:45:00,203.33
2022-10-15 16:00:00,109.13
2022-10-15 16:15:00,177.32
2022-10-15 16:30:00,202.32
2022-10-15 16:45:00,203.33
2022-10-15 17:00:00,149.21
2022-10-15 17:15:00,177.32
2022-10-15 17:30:00,177.51
2022-10-15 17:45:00,220.6
2022-10-15 18:00:00,202.32
2022-10-15 18:15:00,194.76
2022-10-15 18:30:00,198.01
2022-10-15 18:45:00,202.32
2022-10-15 19:00:00,247.49
2022-10-15 19:15:00,238.99
2022-10-15 19:30:00,227.32
2022-10-15 19:45:00,202.32
2022-10-15 20:00:00,280.0
2022-10-15 20:15:00,202.32
2022-10-15 20:30:00,193.98
2022-10-15 20:45:00,142.0
2022-10-15 21:00:00,235.38
2022-10-15 21:15:00,203.33
2022-10-15 21:30:00,177.32
2022-10-15 21:45:00,120.88
2022-10-15 22:00:00,203.33
2022-10-15 22:15:00,203.33
2022-10-15 22:30:00,165.15
2022-10-15 22:45:00,127.13
2022-10-15 23:00:00,216.19
2022-10-15 23:15:00,177.32
2022-10-15 23:30:00,87.18
2022-10-15 23:45:00,75.0
2022-10-16 00:00:00,221.89
2022-10-16 00:15:00,196.89
2022-10-16 00:30:00,147.65
2022-10-16 00:45:00,92.65
2022-10-16 01:00:00,196.89
2022-10-16 01:15:00,195.89
2022-10-16 01:30:00,72.56
2022-10-16 01:45:00,16.04
2022-10-16 02:00:00,196.89
2022-10-16 02:15:00,166.39
2022-10-16 02:30:00,126.21
2022-10-16 02:45:00,75.6
2022-10-16 03:00:00,166.89
2022-10-16 03:15:00,147.93
2022-10-16 03:30:00,79.8
2022-10-16 03:45:00,102.78
2022-10-16 04:00:00,75.97
2022-10-16 04:15:00,75.53
2022-10-16 04:30:00,76.91
2022-10-16 04:45:00,96.93
2022-10-16 05:00:00,80.09
2022-10-16 05:15:00,84.88
2022-10-16 05:30:00,151.81
2022-10-16 05:45:00,186.1
2022-10-16 06:00:00,80.68
2022-10-16 06:15:00,146.93
2022-10-16 06:30:00,169.93
2022-10-16 06:45:00,193.66
2022-10-16 07:00:00,90.59
2022-10-16 07:15:00,91.66
2022-10-16 07:30:00,107.02
2022-10-16 07:45:00,169.89
2022-10-16 08:00:00,103.11
2022-10-16 08:15:00,151.0
2022-10-16 08:30:00,149.5
2022-10-16 08:45:00,161.5
2022-10-16 09:00:00,176.36
2022-10-16 09:15:00,171.89
2022-10-16 09:30:00,107.79
2022-10-16 09:45:00,105.29
2022-10-16 10:00:00,163.89
2022-10-16 10:15:00,159.86
2022-10-16 10:30:00,96.42
2022-10-16 10:45:00,92.02
2022-10-16 11:00:00,147.44
2022-10-16 11:15:00,154.94
2022-10-16 11:30:00,102.77
2022-10-16 11:45:00,76.04
2022-10-16 12:00:00,184.39
2022-10-16 12:15:00,81.27
2022-10-16 12:30:00,60.4
2022-10-16 12:45:00,59.15
2022-10-16 13:00:00,170.4
2022-10-16 13:15:00,63.96
2022-10-16 13:30:00,56.14
2022-10-16 13:45:00,55.95
2022-10-16 14:00:00,97.46
2022-10-16 14:15:00,62.24
2022-10-16 14:30:00,97.46
2022-10-16 14:45:00,121.04
2022-10-16 15:00:00,71.28
2022-10-16 15:15:00,75.71
2022-10-16 15:30:00,87.6
2022-10-16 15:45:00,143.36
2022-10-16 16:00:00,92.95
2022-10-16 16:15:00,101.78
2022-10-16 16:30:00,118.55
2022-10-16 16:45:00,132.72
2022-10-16 17:00:00,156.72
2022-10-16 17:15:00,179.89
2022-10-16 17:30:00,196.9
2022-10-16 17:45:00,199.1
2022-10-16 18:00:00,196.89
2022-10-16 18:15:00,197.9
2022-10-16 18:30:00,218.53
2022-10-16 18:45:00,272.71
2022-10-16 19:00:00,267.71
2022-10-16 19:15:00,243.88
2022-10-16 19:30:00,219.97
2022-10-16 19:45:00,234.88
2022-10-16 20:00:00,296.72
2022-10-16 20:15:00,201.02
2022-10-16 20:30:00,196.89
2022-10-16 20:45:00,196.89
2022-10-16 21:00:00,219.49
2022-10-16 21:15:00,202.22
2022-10-16 21:30:00,197.9
2022-10-16 21:45:00,192.56
2022-10-16 22:00:00,197.9
2022-10-16 22:15:00,204.62
2022-10-16 22:30:00,197.9
2022-10-16 22:45:00,172.19
2022-10-16 23:00:00,212.18
2022-10-16 23:15:00,197.9
2022-10-16 23:30:00,161.87
2022-10-16 23:45:00,151.56
2022-10-17 00:00:00,233.08
2022-10-17 00:15:00,220.08
2022-10-17 00:30:00,144.06
2022-10-17 00:45:00,99.81
2022-10-17 01:00:00,233.08
2022-10-17 01:15:00,152.16
2022-10-17 01:30:00,136.31
2022-10-17 01:45:00,-17.55
2022-10-17 02:00:00,209.58
2022-10-17 02:15:00,127.54
2022-10-17 02:30:00,119.89
2022-10-17 02:45:00,38.99
2022-10-17 03:00:00,115.37
2022-10-17 03:15:00,84.9
2022-10-17 03:30:00,122.15
2022-10-17 03:45:00,137.35
2022-10-17 04:00:00,-29.97
2022-10-17 04:15:00,115.17
2022-10-17 04:30:00,145.16
2022-10-17 04:45:00,233.08
2022-10-17 05:00:00,-68.12
2022-10-17 05:15:00,120.39
2022-10-17 05:30:00,234.09
2022-10-17 05:45:00,300.0
2022-10-17 06:00:00,6.27
2022-10-17 06:15:00,234.09
2022-10-17 06:30:00,289.6
2022-10-17 06:45:00,300.0
2022-10-17 07:00:00,207.29
2022-10-17 07:15:00,233.08
2022-10-17 07:30:00,258.08
2022-10-17 07:45:00,300.0
2022-10-17 08:00:00,334.25
2022-10-17 08:15:00,346.48
2022-10-17 08:30:00,261.08
2022-10-17 08:45:00,245.85
2022-10-17 09:00:00,361.88
2022-10-17 09:15:00,324.69
2022-10-17 09:30:00,268.08
2022-10-17 09:45:00,233.08
2022-10-17 10:00:00,258.08
2022-10-17 10:15:00,258.08
2022-10-17 10:30:00,233.08
2022-10-17 10:45:00,233.08
2022-10-17 11:00:00,233.08
2022-10-17 11:15:00,189.32
2022-10-17 11:30:00,164.28
2022-10-17 11:45:00,149.08
2022-10-17 12:00:00,208.08
2022-10-17 12:15:00,164.2
2022-10-17 12:30:00,159.48
2022-10-17 12:45:00,160.56
2022-10-17 13:00:00,196.13
2022-10-17 13:15:00,186.63
2022-10-17 13:30:00,164.27
2022-10-17 13:45:00,153.34
2022-10-17 14:00:00,182.97
2022-10-17 14:15:00,170.5
2022-10-17 14:30:00,164.26
2022-10-17 14:45:00,164.28
2022-10-17 15:00:00,164.26
2022-10-17 15:15:00,176.36
2022-10-17 15:30:00,208.08
2022-10-17 15:45:00,208.08
2022-10-17 16:00:00,176.1
2022-10-17 16:15:00,208.08
2022-10-17 16:30:00,208.08
2022-10-17 16:45:00,234.09
2022-10-17 17:00:00,198.58
2022-10-17 17:15:00,224.71
2022-10-17 17:30:00,234.09
2022-10-17 17:45:00,235.29
2022-10-17 18:00:00,233.08
2022-10-17 18:15:00,233.08
2022-10-17 18:30:00,278.07
2022-10-17 18:45:00,431.77
2022-10-17 19:00:00,417.15
2022-10-17 19:15:00,300.0
2022-10-17 19:30:00,258.08
2022-10-17 19:45:00,233.08
2022-10-17 20:00:00,305.87
2022-10-17 20:15:00,258.08
2022-10-17 20:30:00,233.08
2022-10-17 20:45:00,196.08
2022-10-17 21:00:00,277.66
2022-10-17 21:15:00,234.09
2022-10-17 21:30:00,208.08
2022-10-17 21:45:00,134.21
2022-10-17 22:00:00,247.79
2022-10-17 22:15:00,252.34
2022-10-17 22:30:00,234.09
2022-10-17 22:45:00,208.08
2022-10-17 23:00:00,241.53
2022-10-17 23:15:00,211.45
2022-10-17 23:30:00,147.25
2022-10-17 23:45:00,130.07
2022-10-18 00:00:00,210.0
2022-10-18 00:15:00,202.58
2022-10-18 00:30:00,112.08
2022-10-18 00:45:00,95.78
2022-10-18 01:00:00,210.0
2022-10-18 01:15:00,166.87
2022-10-18 01:30:00,107.39
2022-10-18 01:45:00,98.14
2022-10-18 02:00:00,202.19
2022-10-18 02:15:00,113.78
2022-10-18 02:30:00,115.55
2022-10-18 02:45:00,113.45
2022-10-18 03:00:00,106.18
2022-10-18 03:15:00,105.94
2022-10-18 03:30:00,145.9
2022-10-18 03:45:00,180.09
2022-10-18 04:00:00,54.77
2022-10-18 04:15:00,107.09
2022-10-18 04:30:00,194.07
2022-10-18 04:45:00,210.0
2022-10-18 05:00:00,-20.0
2022-10-18 05:15:00,159.42
2022-10-18 05:30:00,228.59
2022-10-18 05:45:00,300.0
2022-10-18 06:00:00,99.02
2022-10-18 06:15:00,228.59
2022-10-18 06:30:00,277.05
2022-10-18 06:45:00,300.0
2022-10-18 07:00:00,252.58
2022-10-18 07:15:00,301.87
2022-10-18 07:30:00,315.88
2022-10-18 07:45:00,328.4
2022-10-18 08:00:00,328.13
2022-10-18 08:15:00,325.36
2022-10-18 08:30:00,318.63
2022-10-18 08:45:00,266.08
2022-10-18 09:00:00,300.0
2022-10-18 09:15:00,288.05
2022-10-18 09:30:00,263.12
2022-10-18 09:45:00,252.58
2022-10-18 10:00:00,228.59
2022-10-18 10:15:00,227.58
2022-10-18 10:30:00,202.58
2022-10-18 10:45:00,190.39
2022-10-18 11:00:00,228.59
2022-10-18 11:15:00,221.52
2022-10-18 11:30:00,210.0
2022-10-18 11:45:00,140.05
2022-10-18 12:00:00,227.58
2022-10-18 12:15:00,180.29
2022-10-18 12:30:00,194.79
2022-10-18 12:45:00,140.22
2022-10-18 13:00:00,210.0
2022-10-18 13:15:00,210.0
2022-10-18 13:30:00,184.07
2022-10-18 13:45:00,119.62
2022-10-18 14:00:00,202.58
2022-10-18 14:15:00,185.05
2022-10-18 14:30:00,140.74
2022-10-18 14:45:00,201.55
2022-10-18 15:00:00,140.22
2022-10-18 15:15:00,184.67
2022-10-18 15:30:00,202.58
2022-10-18 15:45:00,227.58
2022-10-18 16:00:00,140.25
2022-10-18 16:15:00,202.58
2022-10-18 16:30:00,228.21
2022-10-18 16:45:00,228.59
2022-10-18 17:00:00,219.58
2022-10-18 17:15:00,227.58
2022-10-18 17:30:00,237.21
2022-10-18 17:45:00,252.58
2022-10-18 18:00:00,257.0
2022-10-18 18:15:00,265.5
2022-10-18 18:30:00,312.01
2022-10-18 18:45:00,316.67
2022-10-18 19:00:00,323.61
2022-10-18 19:15:00,323.91
2022-10-18 19:30:00,296.88
2022-10-18 19:45:00,236.93
2022-10-18 20:00:00,300.0
2022-10-18 20:15:00,252.58
2022-10-18 20:30:00,227.58
2022-10-18 20:45:00,199.76
2022-10-18 21:00:00,257.08
2022-10-18 21:15:00,228.59
2022-10-18 21:30:00,209.78
2022-10-18 21:45:00,120.55
2022-10-18 22:00:00,227.58
2022-10-18 22:15:00,227.58
2022-10-18 22:30:00,186.13
2022-10-18 22:45:00,119.96
2022-10-18 23:00:00,236.99
2022-10-18 23:15:00,210.0
2022-10-18 23:30:00,129.33
2022-10-18 23:45:00,103.69
2022-10-19 00:00:00,215.12
2022-10-19 00:15:00,186.73
2022-10-19 00:30:00,87.31
2022-10-19 00:45:00,79.01
2022-10-19 01:00:00,192.52
2022-10-19 01:15:00,152.17
2022-10-19 01:30:00,81.68
2022-10-19 01:45:00,75.14
2022-10-19 02:00:00,190.0
2022-10-19 02:15:00,91.82
2022-10-19 02:30:00,85.5
2022-10-19 02:45:00,83.59
2022-10-19 03:00:00,84.08
2022-10-19 03:15:00,83.47
2022-10-19 03:30:00,83.75
2022-10-19 03:45:00,139.42
2022-10-19 04:00:00,75.0
2022-10-19 04:15:00,81.51
2022-10-19 04:30:00,186.98
2022-10-19 04:45:00,192.52
2022-10-19 05:00:00,-20.0
2022-10-19 05:15:00,99.71
2022-10-19 05:30:00,218.53
2022-10-19 05:45:00,300.0
2022-10-19 06:00:00,10.82
2022-10-19 06:15:00,218.53
2022-10-19 06:30:00,282.66
2022-10-19 06:45:00,300.0
2022-10-19 07:00:00,217.52
2022-10-19 07:15:00,223.34
2022-10-19 07:30:00,253.02
2022-10-19 07:45:00,290.12
2022-10-19 08:00:00,267.02
2022-10-19 08:15:00,242.52
2022-10-19 08:30:00,242.52
2022-10-19 08:45:00,227.93
2022-10-19 09:00:00,242.52
2022-10-19 09:15:00,217.73
2022-10-19 09:30:00,217.52
2022-10-19 09:45:00,211.52
2022-10-19 10:00:00,218.53
2022-10-19 10:15:00,217.52
2022-10-19 10:30:00,190.85
2022-10-19 10:45:00,142.17
2022-10-19 11:00:00,217.52
2022-10-19 11:15:00,217.52
2022-10-19 11:30:00,191.1
2022-10-19 11:45:00,130.85
2022-10-19 12:00:00,217.52
2022-10-19 12:15:00,169.52
2022-10-19 12:30:00,161.87
2022-10-19 12:45:00,126.6
2022-10-19 13:00:00,217.52
2022-10-19 13:15:00,190.0
2022-10-19 13:30:00,143.8
2022-10-19 13:45:00,75.0
2022-10-19 14:00:00,176.02
2022-10-19 14:15:00,179.02
2022-10-19 14:30:00,120.87
2022-10-19 14:45:00,140.08
2022-10-19 15:00:00,118.91
2022-10-19 15:15:00,123.13
2022-10-19 15:30:00,171.18
2022-10-19 15:45:00,217.52
2022-10-19 16:00:00,130.54
2022-10-19 16:15:00,142.11
2022-10-19 16:30:00,217.52
2022-10-19 16:45:00,217.52
2022-10-19 17:00:00,217.52
2022-10-19 17:15:00,217.52
2022-10-19 17:30:00,242.52
2022-10-19 17:45:00,252.27
2022-10-19 18:00:00,217.52
2022-10-19 18:15:00,217.52
2022-10-19 18:30:00,263.28
2022-10-19 18:45:00,284.88
2022-10-19 19:00:00,290.09
2022-10-19 19:15:00,263.45
2022-10-19 19:30:00,218.53
2022-10-19 19:45:00,215.49
2022-10-19 20:00:00,265.62
2022-10-19 20:15:00,218.53
2022-10-19 20:30:00,190.0
2022-10-19 20:45:00,133.7
2022-10-19 21:00:00,218.53
2022-10-19 21:15:00,204.95
2022-10-19 21:30:00,190.0
2022-10-19 21:45:00,75.0
2022-10-19 22:00:00,217.52
2022-10-19 22:15:00,192.52
2022-10-19 22:30:00,132.12
2022-10-19 22:45:00,104.28
2022-10-19 23:00:00,218.53
2022-10-19 23:15:00,192.52
2022-10-19 23:30:00,92.43
2022-10-19 23:45:00,79.02
2022-10-20 00:00:00,177.87
2022-10-20 00:15:00,151.4
2022-10-20 00:30:00,82.93
2022-10-20 00:45:00,79.41
2022-10-20 01:00:00,177.87
2022-10-20 01:15:00,145.0
2022-10-20 01:30:00,74.68
2022-10-20 01:45:00,70.35
2022-10-20 02:00:00,151.86
2022-10-20 02:15:00,97.94
2022-10-20 02:30:00,96.11
2022-10-20 02:45:00,72.29
2022-10-20 03:00:00,95.09
2022-10-20 03:15:00,70.4
2022-10-20 03:30:00,104.25
2022-10-20 03:45:00,144.82
2022-10-20 04:00:00,63.36
2022-10-20 04:15:00,68.26
2022-10-20 04:30:00,151.23
2022-10-20 04:45:00,177.87
2022-10-20 05:00:00,-7.7
2022-10-20 05:15:00,94.51
2022-10-20 05:30:00,177.87
2022-10-20 05:45:00,289.84
2022-10-20 06:00:00,23.29
2022-10-20 06:15:00,176.34
2022-10-20 06:30:00,201.86
2022-10-20 06:45:00,300.0
2022-10-20 07:00:00,176.86
2022-10-20 07:15:00,191.11
2022-10-20 07:30:00,205.34
2022-10-20 07:45:00,271.55
2022-10-20 08:00:00,202.13
2022-10-20 08:15:00,201.86
2022-10-20 08:30:00,201.86
2022-10-20 08:45:00,176.86
2022-10-20 09:00:00,187.6
2022-10-20 09:15:00,176.86
2022-10-20 09:30:00,176.86
2022-10-20 09:45:00,160.21
2022-10-20 10:00:00,177.87
2022-10-20 10:15:00,160.0
2022-10-20 10:30:00,142.7
2022-10-20 10:45:00,131.2
2022-10-20 11:00:00,176.86
2022-10-20 11:15:00,158.53
2022-10-20 11:30:00,150.86
2022-10-20 11:45:00,106.38
2022-10-20 12:00:00,176.86
2022-10-20 12:15:00,130.88
2022-10-20 12:30:00,116.32
2022-10-20 12:45:00,105.94
2022-10-20 13:00:00,176.86
2022-10-20 13:15:00,160.0
2022-10-20 13:30:00,117.03
2022-10-20 13:45:00,83.27
2022-10-20 14:00:00,151.86
2022-10-20 14:15:00,151.35
2022-10-20 14:30:00,111.7
2022-10-20 14:45:00,128.35
2022-10-20 15:00:00,110.3
2022-10-20 15:15:00,132.91
2022-10-20 15:30:00,151.86
2022-10-20 15:45:00,176.86
2022-10-20 16:00:00,152.96
2022-10-20 16:15:00,160.0
2022-10-20 16:30:00,168.71
2022-10-20 16:45:00,176.86
2022-10-20 17:00:00,134.38
2022-10-20 17:15:00,167.37
2022-10-20 17:30:00,176.86
2022-10-20 17:45:00,181.65
2022-10-20 18:00:00,176.86
2022-10-20 18:15:00,176.86
2022-10-20 18:30:00,209.38
2022-10-20 18:45:00,218.38
2022-10-20 19:00:00,221.42
2022-10-20 19:15:00,201.86
2022-10-20 19:30:00,176.86
2022-10-20 19:45:00,156.39
2022-10-20 20:00:00,204.86
2022-10-20 20:15:00,177.87
2022-10-20 20:30:00,151.86
2022-10-20 20:45:00,116.13
2022-10-20 21:00:00,177.87
2022-10-20 21:15:00,176.86
2022-10-20 21:30:00,149.56
2022-10-20 21:45:00,75.0
2022-10-20 22:00:00,176.86
2022-10-20 22:15:00,155.43
2022-10-20 22:30:00,107.84
2022-10-20 22:45:00,90.13
2022-10-20 23:00:00,177.87
2022-10-20 23:15:00,160.0
2022-10-20 23:30:00,77.7
2022-10-20 23:45:00,46.21
2022-10-21 00:00:00,196.09
2022-10-21 00:15:00,170.08
2022-10-21 00:30:00,95.25
2022-10-21 00:45:00,78.1
2022-10-21 01:00:00,196.09
2022-10-21 01:15:00,162.58
2022-10-21 01:30:00,80.59
2022-10-21 01:45:00,72.11
2022-10-21 02:00:00,175.03
2022-10-21 02:15:00,145.99
2022-10-21 02:30:00,79.86
2022-10-21 02:45:00,78.85
2022-10-21 03:00:00,86.53
2022-10-21 03:15:00,107.0
2022-10-21 03:30:00,148.65
2022-10-21 03:45:00,149.65
2022-10-21 04:00:00,76.95
2022-10-21 04:15:00,113.0
2022-10-21 04:30:00,170.08
2022-10-21 04:45:00,196.09
2022-10-21 05:00:00,-10.14
2022-10-21 05:15:00,152.09
2022-10-21 05:30:00,189.56
2022-10-21 05:45:00,270.17
2022-10-21 06:00:00,17.96
2022-10-21 06:15:00,196.09
2022-10-21 06:30:00,218.39
2022-10-21 06:45:00,300.0
2022-10-21 07:00:00,178.94
2022-10-21 07:15:00,195.08
2022-10-21 07:30:00,220.08
2022-10-21 07:45:00,257.22
2022-10-21 08:00:00,233.07
2022-10-21 08:15:00,240.07
2022-10-21 08:30:00,226.57
2022-10-21 08:45:00,196.09
2022-10-21 09:00:00,237.44
2022-10-21 09:15:00,220.08
2022-10-21 09:30:00,195.08
2022-10-21 09:45:00,195.08
2022-10-21 10:00:00,195.08
2022-10-21 10:15:00,195.08
2022-10-21 10:30:00,195.08
2022-10-21 10:45:00,194.97
2022-10-21 11:00:00,196.09
2022-10-21 11:15:00,195.08
2022-10-21 11:30:00,170.08
2022-10-21 11:45:00,146.09
2022-10-21 12:00:00,197.15
2022-10-21 12:15:00,170.08
2022-10-21 12:30:00,169.29
2022-10-21 12:45:00,131.34
2022-10-21 13:00:00,196.09
2022-10-21 13:15:00,170.08
2022-10-21 13:30:00,160.0
2022-10-21 13:45:00,134.19
2022-10-21 14:00:00,161.4
2022-10-21 14:15:00,160.0
2022-10-21 14:30:00,170.08
2022-10-21 14:45:00,168.9
2022-10-21 15:00:00,145.42
2022-10-21 15:15:00,157.92
2022-10-21 15:30:00,170.08
2022-10-21 15:45:00,195.08
2022-10-21 16:00:00,160.0
2022-10-21 16:15:00,160.3
2022-10-21 16:30:00,195.08
2022-10-21 16:45:00,196.09
2022-10-21 17:00:00,186.82
2022-10-21 17:15:00,195.08
2022-10-21 17:30:00,195.08
2022-10-21 17:45:00,207.72
2022-10-21 18:00:00,220.08
2022-10-21 18:15:00,205.5
2022-10-21 18:30:00,220.08
2022-10-21 18:45:00,234.08
2022-10-21 19:00:00,257.23
2022-10-21 19:15:00,220.08
2022-10-21 19:30:00,195.08
2022-10-21 19:45:00,182.64
2022-10-21 20:00:00,263.22
2022-10-21 20:15:00,195.08
2022-10-21 20:30:00,185.16
2022-10-21 20:45:00,113.92
2022-10-21 21:00:00,215.7
2022-10-21 21:15:00,196.09
2022-10-21 21:30:00,160.0
2022-10-21 21:45:00,94.99
2022-10-21 22:00:00,196.09
2022-10-21 22:15:00,196.09
2022-10-21 22:30:00,166.05
2022-10-21 22:45:00,108.33
2022-10-21 23:00:00,212.53
2022-10-21 23:15:00,196.09
2022-10-21 23:30:00,152.84
2022-10-21 23:45:00,74.9
2022-10-22 00:00:00,202.01
2022-10-22 00:15:00,189.91
2022-10-22 00:30:00,128.38
2022-10-22 00:45:00,127.4
2022-10-22 01:00:00,188.9
2022-10-22 01:15:00,126.57
2022-10-22 01:30:00,113.56
2022-10-22 01:45:00,85.88
2022-10-22 02:00:00,175.61
2022-10-22 02:15:00,153.83
2022-10-22 02:30:00,128.32
2022-10-22 02:45:00,122.36
2022-10-22 03:00:00,145.99
2022-10-22 03:15:00,128.4
2022-10-22 03:30:00,137.54
2022-10-22 03:45:00,128.38
2022-10-22 04:00:00,108.68
2022-10-22 04:15:00,97.97
2022-10-22 04:30:00,113.6
2022-10-22 04:45:00,124.98
2022-10-22 05:00:00,63.92
2022-10-22 05:15:00,127.36
2022-10-22 05:30:00,119.47
2022-10-22 05:45:00,163.9
2022-10-22 06:00:00,82.69
2022-10-22 06:15:00,127.62
2022-10-22 06:30:00,160.0
2022-10-22 06:45:00,188.9
2022-10-22 07:00:00,113.63
2022-10-22 07:15:00,160.0
2022-10-22 07:30:00,188.9
2022-10-22 07:45:00,189.91
2022-10-22 08:00:00,128.37
2022-10-22 08:15:00,160.0
2022-10-22 08:30:00,164.19
2022-10-22 08:45:00,183.44
2022-10-22 09:00:00,125.82
2022-10-22 09:15:00,128.39
2022-10-22 09:30:00,160.0
2022-10-22 09:45:00,183.03
2022-10-22 10:00:00,127.36
2022-10-22 10:15:00,128.96
2022-10-22 10:30:00,160.0
2022-10-22 10:45:00,163.9
2022-10-22 11:00:00,173.85
2022-10-22 11:15:00,144.3
2022-10-22 11:30:00,144.8
2022-10-22 11:45:00,151.3
2022-10-22 12:00:00,188.9
2022-10-22 12:15:00,165.93
2022-10-22 12:30:00,127.72
2022-10-22 12:45:00,113.6
2022-10-22 13:00:00,188.9
2022-10-22 13:15:00,160.0
2022-10-22 13:30:00,123.24
2022-10-22 13:45:00,108.41
2022-10-22 14:00:00,188.9
2022-10-22 14:15:00,160.0
2022-10-22 14:30:00,119.16
2022-10-22 14:45:00,112.18
2022-10-22 15:00:00,153.4
2022-10-22 15:15:00,128.37
2022-10-22 15:30:00,128.35
2022-10-22 15:45:00,170.15
2022-10-22 16:00:00,122.83
2022-10-22 16:15:00,120.19
2022-10-22 16:30:00,170.71
2022-10-22 16:45:00,179.71
2022-10-22 17:00:00,113.59
2022-10-22 17:15:00,124.76
2022-10-22 17:30:00,181.26
2022-10-22 17:45:00,188.9
2022-10-22 18:00:00,185.66
2022-10-22 18:15:00,164.91
2022-10-22 18:30:00,154.42
2022-10-22 18:45:00,128.35
2022-10-22 19:00:00,188.9
2022-10-22 19:15:00,188.9
2022-10-22 19:30:00,177.9
2022-10-22 19:45:00,134.34
2022-10-22 20:00:00,202.94
2022-10-22 20:15:00,182.9
2022-10-22 20:30:00,160.0
2022-10-22 20:45:00,119.29
2022-10-22 21:00:00,189.91
2022-10-22 21:15:00,163.9
2022-10-22 21:30:00,148.3
2022-10-22 21:45:00,113.55
2022-10-22 22:00:00,168.65
2022-10-22 22:15:00,160.0
2022-10-22 22:30:00,113.64
2022-10-22 22:45:00,97.8
2022-10-22 23:00:00,189.91
2022-10-22 23:15:00,132.7
2022-10-22 23:30:00,108.22
2022-10-22 23:45:00,-20.0
2022-10-23 00:00:00,162.51
2022-10-23 00:15:00,134.91
2022-10-23 00:30:00,120.78
2022-10-23 00:45:00,113.64
2022-10-23 01:00:00,161.5
2022-10-23 01:15:00,127.93
2022-10-23 01:30:00,119.21
2022-10-23 01:45:00,13.28
2022-10-23 02:00:00,161.5
2022-10-23 02:15:00,115.02
2022-10-23 02:30:00,113.6
2022-10-23 02:45:00,63.53
2022-10-23 03:00:00,113.55
2022-10-23 03:15:00,108.94
2022-10-23 03:30:00,109.37
2022-10-23 03:45:00,113.62
2022-10-23 04:00:00,108.64
2022-10-23 04:15:00,76.33
2022-10-23 04:30:00,113.74
2022-10-23 04:45:00,113.78
2022-10-23 05:00:00,113.69
2022-10-23 05:15:00,119.66
2022-10-23 05:30:00,124.52
2022-10-23 05:45:00,132.34
2022-10-23 06:00:00,105.5
2022-10-23 06:15:00,113.76
2022-10-23 06:30:00,125.2
2022-10-23 06:45:00,161.5
2022-10-23 07:00:00,120.71
2022-10-23 07:15:00,124.46
2022-10-23 07:30:00,128.34
2022-10-23 07:45:00,161.5
2022-10-23 08:00:00,126.3
2022-10-23 08:15:00,136.4
2022-10-23 08:30:00,136.4
2022-10-23 08:45:00,136.5
2022-10-23 09:00:00,138.42
2022-10-23 09:15:00,127.66
2022-10-23 09:30:00,122.35
2022-10-23 09:45:00,119.74
2022-10-23 10:00:00,158.94
2022-10-23 10:15:00,124.61
2022-10-23 10:30:00,119.51
2022-10-23 10:45:00,115.39
2022-10-23 11:00:00,161.5
2022-10-23 11:15:00,123.9
2022-10-23 11:30:00,113.66
2022-10-23 11:45:00,94.51
2022-10-23 12:00:00,161.5
2022-10-23 12:15:00,123.31
2022-10-23 12:30:00,117.0
2022-10-23 12:45:00,98.39
2022-10-23 13:00:00,161.5
2022-10-23 13:15:00,107.47
2022-10-23 13:30:00,98.66
2022-10-23 13:45:00,64.57
2022-10-23 14:00:00,110.46
2022-10-23 14:15:00,97.42
2022-10-23 14:30:00,97.45
2022-10-23 14:45:00,102.0
2022-10-23 15:00:00,101.93
2022-10-23 15:15:00,104.13
2022-10-23 15:30:00,113.73
2022-10-23 15:45:00,124.38
2022-10-23 16:00:00,102.75
2022-10-23 16:15:00,119.53
2022-10-23 16:30:00,128.36
2022-10-23 16:45:00,162.51
2022-10-23 17:00:00,125.48
2022-10-23 17:15:00,153.66
2022-10-23 17:30:00,161.5
2022-10-23 17:45:00,163.14
2022-10-23 18:00:00,161.5
2022-10-23 18:15:00,162.51
2022-10-23 18:30:00,162.51
2022-10-23 18:45:00,163.25
2022-10-23 19:00:00,190.21
2022-10-23 19:15:00,186.5
2022-10-23 19:30:00,161.5
2022-10-23 19:45:00,161.5
2022-10-23 20:00:00,186.5
2022-10-23 20:15:00,161.5
2022-10-23 20:30:00,158.52
2022-10-23 20:45:00,139.27
2022-10-23 21:00:00,167.13
2022-10-23 21:15:00,162.51
2022-10-23 21:30:00,156.57
2022-10-23 21:45:00,128.38
2022-10-23 22:00:00,160.56
2022-10-23 22:15:00,128.35
2022-10-23 22:30:00,113.74
2022-10-23 22:45:00,113.63
2022-10-23 23:00:00,162.51
2022-10-23 23:15:00,114.53
2022-10-23 23:30:00,100.92
2022-10-23 23:45:00,77.12
2022-10-24 00:00:00,190.16
2022-10-24 00:15:00,90.71
2022-10-24 00:30:00,78.31
2022-10-24 00:45:00,45.04
2022-10-24 01:00:00,196.66
2022-10-24 01:15:00,74.02
2022-10-24 01:30:00,63.21
2022-10-24 01:45:00,-15.34
2022-10-24 02:00:00,87.63
2022-10-24 02:15:00,75.7
2022-10-24 02:30:00,73.64
2022-10-24 02:45:00,71.3
2022-10-24 03:00:00,73.15
2022-10-24 03:15:00,73.11
2022-10-24 03:30:00,76.04
2022-10-24 03:45:00,80.85
2022-10-24 04:00:00,-17.52
2022-10-24 04:15:00,71.28
2022-10-24 04:30:00,83.77
2022-10-24 04:45:00,171.66
2022-10-24 05:00:00,-91.38
2022-10-24 05:15:00,96.51
2022-10-24 05:30:00,196.66
2022-10-24 05:45:00,254.08
2022-10-24 06:00:00,-20.0
2022-10-24 06:15:00,171.66
2022-10-24 06:30:00,223.58
2022-10-24 06:45:00,300.0
2022-10-24 07:00:00,128.33
2022-10-24 07:15:00,197.67
2022-10-24 07:30:00,197.67
2022-10-24 07:45:00,221.66
2022-10-24 08:00:00,221.66
2022-10-24 08:15:00,196.86
2022-10-24 08:30:00,221.66
2022-10-24 08:45:00,196.66
2022-10-24 09:00:00,196.66
2022-10-24 09:15:00,196.66
2022-10-24 09:30:00,171.66
2022-10-24 09:45:00,133.11
2022-10-24 10:00:00,196.66
2022-10-24 10:15:00,171.66
2022-10-24 10:30:00,171.66
2022-10-24 10:45:00,155.38
2022-10-24 11:00:00,196.66
2022-10-24 11:15:00,171.66
2022-10-24 11:30:00,171.66
2022-10-24 11:45:00,132.45
2022-10-24 12:00:00,197.67
2022-10-24 12:15:00,149.31
2022-10-24 12:30:00,151.81
2022-10-24 12:45:00,161.31
2022-10-24 13:00:00,171.66
2022-10-24 13:15:00,171.66
2022-10-24 13:30:00,164.18
2022-10-24 13:45:00,128.32
2022-10-24 14:00:00,157.49
2022-10-24 14:15:00,159.49
2022-10-24 14:30:00,160.99
2022-10-24 14:45:00,161.99
2022-10-24 15:00:00,138.57
2022-10-24 15:15:00,153.16
2022-10-24 15:30:00,171.66
2022-10-24 15:45:00,196.66
2022-10-24 16:00:00,128.4
2022-10-24 16:15:00,169.98
2022-10-24 16:30:00,196.66
2022-10-24 16:45:00,196.66
2022-10-24 17:00:00,161.0
2022-10-24 17:15:00,190.83
2022-10-24 17:30:00,196.66
2022-10-24 17:45:00,196.66
2022-10-24 18:00:00,184.27
2022-10-24 18:15:00,196.66
2022-10-24 18:30:00,196.66
2022-10-24 18:45:00,196.66
2022-10-24 19:00:00,254.05
2022-10-24 19:15:00,221.66
2022-10-24 19:30:00,196.66
2022-10-24 19:45:00,176.21
2022-10-24 20:00:00,237.12
2022-10-24 20:15:00,197.67
2022-10-24 20:30:00,164.62
2022-10-24 20:45:00,117.79
2022-10-24 21:00:00,214.39
2022-10-24 21:15:00,197.67
2022-10-24 21:30:00,154.0
2022-10-24 21:45:00,109.28
2022-10-24 22:00:00,197.67
2022-10-24 22:15:00,195.79
2022-10-24 22:30:00,124.58
2022-10-24 22:45:00,118.99
2022-10-24 23:00:00,209.43
2022-10-24 23:15:00,171.66
2022-10-24 23:30:00,118.99
2022-10-24 23:45:00,80.18
2022-10-25 00:00:00,184.62
2022-10-25 00:15:00,110.03
2022-10-25 00:30:00,96.46
2022-10-25 00:45:00,50.16
2022-10-25 01:00:00,168.62
2022-10-25 01:15:00,107.56
2022-10-25 01:30:00,97.89
2022-10-25 01:45:00,17.98
2022-10-25 02:00:00,101.93
2022-10-25 02:15:00,94.28
2022-10-25 02:30:00,93.52
2022-10-25 02:45:00,81.0
2022-10-25 03:00:00,75.0
2022-10-25 03:15:00,93.67
2022-10-25 03:30:00,96.78
2022-10-25 03:45:00,96.52
2022-10-25 04:00:00,-31.87
2022-10-25 04:15:00,-20.01
2022-10-25 04:30:00,103.78
2022-10-25 04:45:00,150.0
2022-10-25 05:00:00,-36.92
2022-10-25 05:15:00,103.75
2022-10-25 05:30:00,193.62
2022-10-25 05:45:00,215.54
2022-10-25 06:00:00,-20.65
2022-10-25 06:15:00,156.67
2022-10-25 06:30:00,194.63
2022-10-25 06:45:00,240.57
2022-10-25 07:00:00,109.08
2022-10-25 07:15:00,179.37
2022-10-25 07:30:00,193.62
2022-10-25 07:45:00,216.23
2022-10-25 08:00:00,174.26
2022-10-25 08:15:00,159.89
2022-10-25 08:30:00,152.89
2022-10-25 08:45:00,148.39
2022-10-25 09:00:00,193.62
2022-10-25 09:15:00,177.62
2022-10-25 09:30:00,105.88
2022-10-25 09:45:00,63.09
2022-10-25 10:00:00,193.62
2022-10-25 10:15:00,147.01
2022-10-25 10:30:00,106.37
2022-10-25 10:45:00,93.17
2022-10-25 11:00:00,193.62
2022-10-25 11:15:00,119.03
2022-10-25 11:30:00,110.04
2022-10-25 11:45:00,86.16
2022-10-25 12:00:00,174.24
2022-10-25 12:15:00,98.52
2022-10-25 12:30:00,97.01
2022-10-25 12:45:00,80.3
2022-10-25 13:00:00,183.12
2022-10-25 13:15:00,136.75
2022-10-25 13:30:00,97.55
2022-10-25 13:45:00,0.5
2022-10-25 14:00:00,103.84
2022-10-25 14:15:00,102.55
2022-10-25 14:30:00,99.75
2022-10-25 14:45:00,101.94
2022-10-25 15:00:00,68.9
2022-10-25 15:15:00,99.9
2022-10-25 15:30:00,109.58
2022-10-25 15:45:00,170.87
2022-10-25 16:00:00,138.31
2022-10-25 16:15:00,150.0
2022-10-25 16:30:00,154.24
2022-10-25 16:45:00,179.68
2022-10-25 17:00:00,110.07
2022-10-25 17:15:00,170.72
2022-10-25 17:30:00,193.62
2022-10-25 17:45:00,193.62
2022-10-25 18:00:00,147.99
2022-10-25 18:15:00,172.56
2022-10-25 18:30:00,193.62
2022-10-25 18:45:00,193.62
2022-10-25 19:00:00,218.62
2022-10-25 19:15:00,193.62
2022-10-25 19:30:00,160.03
2022-10-25 19:45:00,99.97
2022-10-25 20:00:00,194.63
2022-10-25 20:15:00,193.62
2022-10-25 20:30:00,177.38
2022-10-25 20:45:00,105.97
2022-10-25 21:00:00,205.93
2022-10-25 21:15:00,194.63
2022-10-25 21:30:00,150.0
2022-10-25 21:45:00,34.13
2022-10-25 22:00:00,193.62
2022-10-25 22:15:00,168.62
2022-10-25 22:30:00,111.27
2022-10-25 22:45:00,99.54
2022-10-25 23:00:00,194.63
2022-10-25 23:15:00,110.09
2022-10-25 23:30:00,110.06
2022-10-25 23:45:00,102.08
2022-10-26 00:00:00,163.52
2022-10-26 00:15:00,134.56
2022-10-26 00:30:00,83.42
2022-10-26 00:45:00,74.51
2022-10-26 01:00:00,162.51
2022-10-26 01:15:00,136.05
2022-10-26 01:30:00,81.68
2022-10-26 01:45:00,55.76
2022-10-26 02:00:00,157.64
2022-10-26 02:15:00,84.41
2022-10-26 02:30:00,83.73
2022-10-26 02:45:00,79.46
2022-10-26 03:00:00,80.22
2022-10-26 03:15:00,116.8
2022-10-26 03:30:00,117.3
2022-10-26 03:45:00,76.59
2022-10-26 04:00:00,77.17
2022-10-26 04:15:00,82.38
2022-10-26 04:30:00,110.35
2022-10-26 04:45:00,158.27
2022-10-26 05:00:00,94.58
2022-10-26 05:15:00,93.62
2022-10-26 05:30:00,136.96
2022-10-26 05:45:00,150.49
2022-10-26 06:00:00,97.76
2022-10-26 06:15:00,132.24
2022-10-26 06:30:00,162.51
2022-10-26 06:45:00,163.52
2022-10-26 07:00:00,147.35
2022-10-26 07:15:00,162.51
2022-10-26 07:30:00,162.51
2022-10-26 07:45:00,187.51
2022-10-26 08:00:00,162.51
2022-10-26 08:15:00,162.51
2022-10-26 08:30:00,168.07
2022-10-26 08:45:00,163.52
2022-10-26 09:00:00,155.85
2022-10-26 09:15:00,162.51
2022-10-26 09:30:00,162.51
2022-10-26 09:45:00,162.51
2022-10-26 10:00:00,162.51
2022-10-26 10:15:00,123.33
2022-10-26 10:30:00,119.83
2022-10-26 10:45:00,108.58
2022-10-26 11:00:00,162.51
2022-10-26 11:15:00,128.57
2022-10-26 11:30:00,114.07
2022-10-26 11:45:00,95.18
2022-10-26 12:00:00,162.51
2022-10-26 12:15:00,136.54
2022-10-26 12:30:00,96.58
2022-10-26 12:45:00,83.95
2022-10-26 13:00:00,162.51
2022-10-26 13:15:00,137.51
2022-10-26 13:30:00,91.95
2022-10-26 13:45:00,83.79
2022-10-26 14:00:00,137.51
2022-10-26 14:15:00,99.3
2022-10-26 14:30:00,112.68
2022-10-26 14:45:00,98.88
2022-10-26 15:00:00,93.36
2022-10-26 15:15:00,94.48
2022-10-26 15:30:00,149.65
2022-10-26 15:45:00,155.9
2022-10-26 16:00:00,89.9
2022-10-26 16:15:00,97.82
2022-10-26 16:30:00,150.0
2022-10-26 16:45:00,162.51
2022-10-26 17:00:00,120.7
2022-10-26 17:15:00,158.11
2022-10-26 17:30:00,162.51
2022-10-26 17:45:00,204.53
2022-10-26 18:00:00,141.16
2022-10-26 18:15:00,161.66
2022-10-26 18:30:00,162.51
2022-10-26 18:45:00,187.51
2022-10-26 19:00:00,187.47
2022-10-26 19:15:00,162.51
2022-10-26 19:30:00,162.51
2022-10-26 19:45:00,162.51
2022-10-26 20:00:00,182.61
2022-10-26 20:15:00,162.51
2022-10-26 20:30:00,149.76
2022-10-26 20:45:00,98.95
2022-10-26 21:00:00,162.51
2022-10-26 21:15:00,162.51
2022-10-26 21:30:00,97.9
2022-10-26 21:45:00,60.04
2022-10-26 22:00:00,152.76
2022-10-26 22:15:00,162.51
2022-10-26 22:30:00,89.19
2022-10-26 22:45:00,80.26
2022-10-26 23:00:00,163.52
2022-10-26 23:15:00,126.51
2022-10-26 23:30:00,79.89
2022-10-26 23:45:00,45.0
2022-10-27 00:00:00,169.83
2022-10-27 00:15:00,113.67
2022-10-27 00:30:00,83.61
2022-10-27 00:45:00,81.02
2022-10-27 01:00:00,169.83
2022-10-27 01:15:00,90.03
2022-10-27 01:30:00,84.66
2022-10-27 01:45:00,83.49
2022-10-27 02:00:00,114.98
2022-10-27 02:15:00,78.88
2022-10-27 02:30:00,78.95
2022-10-27 02:45:00,81.08
2022-10-27 03:00:00,79.5
2022-10-27 03:15:00,81.27
2022-10-27 03:30:00,83.49
2022-10-27 03:45:00,90.49
2022-10-27 04:00:00,76.86
2022-10-27 04:15:00,83.08
2022-10-27 04:30:00,106.24
2022-10-27 04:45:00,169.83
2022-10-27 05:00:00,-20.0
2022-10-27 05:15:00,95.79
2022-10-27 05:30:00,169.83
2022-10-27 05:45:00,243.34
2022-10-27 06:00:00,-20.0
2022-10-27 06:15:00,131.6
2022-10-27 06:30:00,194.1
2022-10-27 06:45:00,300.0
2022-10-27 07:00:00,144.52
2022-10-27 07:15:00,168.82
2022-10-27 07:30:00,193.82
2022-10-27 07:45:00,204.97
2022-10-27 08:00:00,193.82
2022-10-27 08:15:00,188.22
2022-10-27 08:30:00,168.82
2022-10-27 08:45:00,168.82
2022-10-27 09:00:00,168.82
2022-10-27 09:15:00,168.82
2022-10-27 09:30:00,168.82
2022-10-27 09:45:00,152.55
2022-10-27 10:00:00,169.83
2022-10-27 10:15:00,165.92
2022-10-27 10:30:00,143.82
2022-10-27 10:45:00,101.78
2022-10-27 11:00:00,169.83
2022-10-27 11:15:00,143.82
2022-10-27 11:30:00,137.16
2022-10-27 11:45:00,98.67
2022-10-27 12:00:00,169.83
2022-10-27 12:15:00,108.09
2022-10-27 12:30:00,133.82
2022-10-27 12:45:00,101.78
2022-10-27 13:00:00,168.82
2022-10-27 13:15:00,134.05
2022-10-27 13:30:00,99.1
2022-10-27 13:45:00,94.17
2022-10-27 14:00:00,101.78
2022-10-27 14:15:00,104.92
2022-10-27 14:30:00,143.82
2022-10-27 14:45:00,143.82
2022-10-27 15:00:00,101.75
2022-10-27 15:15:00,121.61
2022-10-27 15:30:00,143.82
2022-10-27 15:45:00,168.82
2022-10-27 16:00:00,110.81
2022-10-27 16:15:00,143.82
2022-10-27 16:30:00,169.83
2022-10-27 16:45:00,169.83
2022-10-27 17:00:00,140.42
2022-10-27 17:15:00,158.12
2022-10-27 17:30:00,168.82
2022-10-27 17:45:00,193.82
2022-10-27 18:00:00,162.07
2022-10-27 18:15:00,168.82
2022-10-27 18:30:00,189.37
2022-10-27 18:45:00,193.82
2022-10-27 19:00:00,204.55
2022-10-27 19:15:00,168.82
2022-10-27 19:30:00,168.82
2022-10-27 19:45:00,137.81
2022-10-27 20:00:00,204.56
2022-10-27 20:15:00,169.83
2022-10-27 20:30:00,138.48
2022-10-27 20:45:00,90.74
2022-10-27 21:00:00,178.95
2022-10-27 21:15:00,169.83
2022-10-27 21:30:00,99.32
2022-10-27 21:45:00,73.2
2022-10-27 22:00:00,168.82
2022-10-27 22:15:00,153.22
2022-10-27 22:30:00,93.07
2022-10-27 22:45:00,88.69
2022-10-27 23:00:00,181.59
2022-10-27 23:15:00,143.82
2022-10-27 23:30:00,75.93
2022-10-27 23:45:00,49.66
2022-10-28 00:00:00,149.99
2022-10-28 00:15:00,122.21
2022-10-28 00:30:00,68.74
2022-10-28 00:45:00,59.24
2022-10-28 01:00:00,148.22
2022-10-28 01:15:00,103.52
2022-10-28 01:30:00,66.56
2022-10-28 01:45:00,58.06
2022-10-28 02:00:00,120.71
2022-10-28 02:15:00,95.72
2022-10-28 02:30:00,73.99
2022-10-28 02:45:00,73.99
2022-10-28 03:00:00,95.5
2022-10-28 03:15:00,96.55
2022-10-28 03:30:00,112.21
2022-10-28 03:45:00,95.5
2022-10-28 04:00:00,54.28
2022-10-28 04:15:00,65.68
2022-10-28 04:30:00,116.61
2022-10-28 04:45:00,148.22
2022-10-28 05:00:00,-6.44
2022-10-28 05:15:00,73.54
2022-10-28 05:30:00,150.0
2022-10-28 05:45:00,207.13
2022-10-28 06:00:00,-20.0
2022-10-28 06:15:00,128.47
2022-10-28 06:30:00,150.0
2022-10-28 06:45:00,265.33
2022-10-28 07:00:00,120.78
2022-10-28 07:15:00,148.22
2022-10-28 07:30:00,161.7
2022-10-28 07:45:00,175.3
2022-10-28 08:00:00,172.21
2022-10-28 08:15:00,147.21
2022-10-28 08:30:00,148.22
2022-10-28 08:45:00,147.21
2022-10-28 09:00:00,148.22
2022-10-28 09:15:00,148.22
2022-10-28 09:30:00,147.21
2022-10-28 09:45:00,99.03
2022-10-28 10:00:00,148.22
2022-10-28 10:15:00,136.14
2022-10-28 10:30:00,122.21
2022-10-28 10:45:00,115.71
2022-10-28 11:00:00,148.22
2022-10-28 11:15:00,148.22
2022-10-28 11:30:00,106.33
2022-10-28 11:45:00,59.52
2022-10-28 12:00:00,148.22
2022-10-28 12:15:00,147.21
2022-10-28 12:30:00,93.7
2022-10-28 12:45:00,63.3
2022-10-28 13:00:00,148.22
2022-10-28 13:15:00,133.14
2022-10-28 13:30:00,70.2
2022-10-28 13:45:00,58.2
2022-10-28 14:00:00,122.2
2022-10-28 14:15:00,90.52
2022-10-28 14:30:00,114.7
2022-10-28 14:45:00,79.96
2022-10-28 15:00:00,89.91
2022-10-28 15:15:00,89.62
2022-10-28 15:30:00,107.76
2022-10-28 15:45:00,147.21
2022-10-28 16:00:00,102.21
2022-10-28 16:15:00,123.12
2022-10-28 16:30:00,148.22
2022-10-28 16:45:00,150.0
2022-10-28 17:00:00,90.21
2022-10-28 17:15:00,147.21
2022-10-28 17:30:00,150.0
2022-10-28 17:45:00,172.21
2022-10-28 18:00:00,121.0
2022-10-28 18:15:00,146.36
2022-10-28 18:30:00,147.21
2022-10-28 18:45:00,147.21
2022-10-28 19:00:00,172.21
2022-10-28 19:15:00,148.22
2022-10-28 19:30:00,147.21
2022-10-28 19:45:00,89.25
2022-10-28 20:00:00,150.0
2022-10-28 20:15:00,148.22
2022-10-28 20:30:00,139.82
2022-10-28 20:45:00,45.0
2022-10-28 21:00:00,150.13
2022-10-28 21:15:00,148.22
2022-10-28 21:30:00,110.69
2022-10-28 21:45:00,27.62
2022-10-28 22:00:00,150.0
2022-10-28 22:15:00,148.22
2022-10-28 22:30:00,73.6
2022-10-28 22:45:00,49.77
2022-10-28 23:00:00,150.0
2022-10-28 23:15:00,122.21
2022-10-28 23:30:00,62.1
2022-10-28 23:45:00,33.69
2022-10-29 00:00:00,151.82
2022-10-29 00:15:00,125.81
2022-10-29 00:30:00,94.73
2022-10-29 00:45:00,71.29
2022-10-29 01:00:00,151.82
2022-10-29 01:15:00,110.0
2022-10-29 01:30:00,69.7
2022-10-29 01:45:00,62.9
2022-10-29 02:00:00,125.81
2022-10-29 02:15:00,110.0
2022-10-29 02:30:00,105.46
2022-10-29 02:45:00,74.28
2022-10-29 03:00:00,110.0
2022-10-29 03:15:00,74.27
2022-10-29 03:30:00,74.25
2022-10-29 03:45:00,101.47
2022-10-29 04:00:00,74.21
2022-10-29 04:15:00,74.23
2022-10-29 04:30:00,114.08
2022-10-29 04:45:00,125.81
2022-10-29 05:00:00,63.82
2022-10-29 05:15:00,74.27
2022-10-29 05:30:00,125.81
2022-10-29 05:45:00,151.82
2022-10-29 06:00:00,64.4
2022-10-29 06:15:00,81.97
2022-10-29 06:30:00,125.81
2022-10-29 06:45:00,151.82
2022-10-29 07:00:00,74.24
2022-10-29 07:15:00,120.31
2022-10-29 07:30:00,132.59
2022-10-29 07:45:00,151.82
2022-10-29 08:00:00,92.06
2022-10-29 08:15:00,125.31
2022-10-29 08:30:00,150.81
2022-10-29 08:45:00,151.82
2022-10-29 09:00:00,125.81
2022-10-29 09:15:00,117.78
2022-10-29 09:30:00,110.0
2022-10-29 09:45:00,150.81
2022-10-29 10:00:00,125.81
2022-10-29 10:15:00,125.81
2022-10-29 10:30:00,110.0
2022-10-29 10:45:00,128.33
2022-10-29 11:00:00,144.2
2022-10-29 11:15:00,125.81
2022-10-29 11:30:00,110.0
2022-10-29 11:45:00,72.12
2022-10-29 12:00:00,151.82
2022-10-29 12:15:00,125.81
2022-10-29 12:30:00,110.0
2022-10-29 12:45:00,65.17
2022-10-29 13:00:00,151.82
2022-10-29 13:15:00,110.0
2022-10-29 13:30:00,106.47
2022-10-29 13:45:00,69.73
2022-10-29 14:00:00,150.81
2022-10-29 14:15:00,109.79
2022-10-29 14:30:00,105.29
2022-10-29 14:45:00,74.1
2022-10-29 15:00:00,106.38
2022-10-29 15:15:00,110.0
2022-10-29 15:30:00,125.81
2022-10-29 15:45:00,125.81
2022-10-29 16:00:00,87.46
2022-10-29 16:15:00,111.04
2022-10-29 16:30:00,150.81
2022-10-29 16:45:00,151.82
2022-10-29 17:00:00,104.36
2022-10-29 17:15:00,142.34
2022-10-29 17:30:00,150.81
2022-10-29 17:45:00,170.37
2022-10-29 18:00:00,150.81
2022-10-29 18:15:00,137.92
2022-10-29 18:30:00,146.67
2022-10-29 18:45:00,136.42
2022-10-29 19:00:00,150.81
2022-10-29 19:15:00,150.81
2022-10-29 19:30:00,149.39
2022-10-29 19:45:00,120.97
2022-10-29 20:00:00,150.81
2022-10-29 20:15:00,140.58
2022-10-29 20:30:00,110.0
2022-10-29 20:45:00,65.61
2022-10-29 21:00:00,151.82
2022-10-29 21:15:00,143.95
2022-10-29 21:30:00,116.4
2022-10-29 21:45:00,67.82
2022-10-29 22:00:00,150.43
2022-10-29 22:15:00,110.0
2022-10-29 22:30:00,71.45
2022-10-29 22:45:00,62.15
2022-10-29 23:00:00,151.82
2022-10-29 23:15:00,150.81
2022-10-29 23:30:00,61.98
2022-10-29 23:45:00,-4.61
2022-10-30 00:00:00,193.35
2022-10-30 00:15:00,91.83
2022-10-30 00:30:00,64.1
2022-10-30 00:45:00,56.0
2022-10-30 01:00:00,179.21
2022-10-30 01:15:00,74.29
2022-10-30 01:30:00,63.5
2022-10-30 01:45:00,46.04
2022-10-30 02:00:00,151.74
2022-10-30 02:15:00,71.6
2022-10-30 02:30:00,65.6
2022-10-30 02:45:00,58.9
2022-10-30 03:00:00,74.22
2022-10-30 03:15:00,73.8
2022-10-30 03:30:00,74.23
2022-10-30 03:45:00,115.34
2022-10-30 04:00:00,71.86
2022-10-30 04:15:00,74.23
2022-10-30 04:30:00,117.77
2022-10-30 04:45:00,74.29
2022-10-30 05:00:00,68.9
2022-10-30 05:15:00,71.8
2022-10-30 05:30:00,79.5
2022-10-30 05:45:00,180.12
2022-10-30 06:00:00,55.5
2022-10-30 06:15:00,64.2
2022-10-30 06:30:00,70.0
2022-10-30 06:45:00,167.35
2022-10-30 07:00:00,61.39
2022-10-30 07:15:00,70.99
2022-10-30 07:30:00,74.24
2022-10-30 07:45:00,170.38
2022-10-30 08:00:00,74.28
2022-10-30 08:15:00,163.66
2022-10-30 08:30:00,74.0
2022-10-30 08:45:00,74.25
2022-10-30 09:00:00,146.06
2022-10-30 09:15:00,74.28
2022-10-30 09:30:00,67.3
2022-10-30 09:45:00,64.4
2022-10-30 10:00:00,152.22
2022-10-30 10:15:00,71.0
2022-10-30 10:30:00,62.4
2022-10-30 10:45:00,57.7
2022-10-30 11:00:00,74.29
2022-10-30 11:15:00,106.71
2022-10-30 11:30:00,71.0
2022-10-30 11:45:00,67.5
2022-10-30 12:00:00,82.8
2022-10-30 12:15:00,71.1
2022-10-30 12:30:00,69.2
2022-10-30 12:45:00,68.9
2022-10-30 13:00:00,142.85
2022-10-30 13:15:00,74.22
2022-10-30 13:30:00,70.6
2022-10-30 13:45:00,74.25
2022-10-30 14:00:00,71.2
2022-10-30 14:15:00,72.5
2022-10-30 14:30:00,74.55
2022-10-30 14:45:00,174.1
2022-10-30 15:00:00,58.9
2022-10-30 15:15:00,68.96
2022-10-30 15:30:00,84.11
2022-10-30 15:45:00,180.42
2022-10-30 16:00:00,-0.98
2022-10-30 16:15:00,68.7
2022-10-30 16:30:00,176.81
2022-10-30 16:45:00,202.44
2022-10-30 17:00:00,34.63
2022-10-30 17:15:00,74.28
2022-10-30 17:30:00,209.67
2022-10-30 17:45:00,223.69
2022-10-30 18:00:00,196.91
2022-10-30 18:15:00,200.36
2022-10-30 18:30:00,74.27
2022-10-30 18:45:00,73.7
2022-10-30 19:00:00,199.0
2022-10-30 19:15:00,198.38
2022-10-30 19:30:00,74.3
2022-10-30 19:45:00,72.49
2022-10-30 20:00:00,200.71
2022-10-30 20:15:00,159.58
2022-10-30 20:30:00,73.4
2022-10-30 20:45:00,58.5
2022-10-30 21:00:00,184.97
2022-10-30 21:15:00,170.8
2022-10-30 21:30:00,74.23
2022-10-30 21:45:00,70.0
2022-10-30 22:00:00,74.3
2022-10-30 22:15:00,171.38
2022-10-30 22:30:00,70.08
2022-10-30 22:45:00,68.38
2022-10-30 23:00:00,208.92
2022-10-30 23:15:00,82.09
2022-10-30 23:30:00,56.71
2022-10-30 23:45:00,-11.71
2022-10-31 00:00:00,216.03
2022-10-31 00:15:00,69.25
2022-10-31 00:30:00,51.05
2022-10-31 00:45:00,46.53
2022-10-31 01:00:00,196.84
2022-10-31 01:15:00,82.78
2022-10-31 01:30:00,59.47
2022-10-31 01:45:00,53.23
2022-10-31 02:00:00,177.94
2022-10-31 02:15:00,75.68
2022-10-31 02:30:00,69.2
2022-10-31 02:45:00,69.22
2022-10-31 03:00:00,73.05
2022-10-31 03:15:00,76.23
2022-10-31 03:30:00,75.32
2022-10-31 03:45:00,175.7
2022-10-31 04:00:00,-1.8
2022-10-31 04:15:00,52.77
2022-10-31 04:30:00,64.65
2022-10-31 04:45:00,188.32
2022-10-31 05:00:00,-54.66
2022-10-31 05:15:00,-9.63
2022-10-31 05:30:00,188.5
2022-10-31 05:45:00,300.0
2022-10-31 06:00:00,-20.95
2022-10-31 06:15:00,63.62
2022-10-31 06:30:00,234.96
2022-10-31 06:45:00,301.98
2022-10-31 07:00:00,50.46
2022-10-31 07:15:00,69.29
2022-10-31 07:30:00,225.54
2022-10-31 07:45:00,243.57
2022-10-31 08:00:00,215.25
2022-10-31 08:15:00,214.08
2022-10-31 08:30:00,81.41
2022-10-31 08:45:00,69.27
2022-10-31 09:00:00,203.72
2022-10-31 09:15:00,182.9
2022-10-31 09:30:00,69.26
2022-10-31 09:45:00,64.12
2022-10-31 10:00:00,186.71
2022-10-31 10:15:00,180.67
2022-10-31 10:30:00,78.91
2022-10-31 10:45:00,69.2
2022-10-31 11:00:00,184.39
2022-10-31 11:15:00,175.69
2022-10-31 11:30:00,69.23
2022-10-31 11:45:00,58.69
2022-10-31 12:00:00,190.55
2022-10-31 12:15:00,69.28
2022-10-31 12:30:00,118.91
2022-10-31 12:45:00,69.25
2022-10-31 13:00:00,190.34
2022-10-31 13:15:00,179.14
2022-10-31 13:30:00,75.52
2022-10-31 13:45:00,67.84
2022-10-31 14:00:00,69.24
2022-10-31 14:15:00,93.94
2022-10-31 14:30:00,175.69
2022-10-31 14:45:00,192.3
2022-10-31 15:00:00,84.61
2022-10-31 15:15:00,88.52
2022-10-31 15:30:00,186.79
2022-10-31 15:45:00,199.91
2022-10-31 16:00:00,66.35
2022-10-31 16:15:00,73.24
2022-10-31 16:30:00,214.8
2022-10-31 16:45:00,225.26
2022-10-31 17:00:00,61.39
2022-10-31 17:15:00,69.29
2022-10-31 17:30:00,230.69
2022-10-31 17:45:00,243.98
2022-10-31 18:00:00,224.38
2022-10-31 18:15:00,82.56
2022-10-31 18:30:00,227.64
2022-10-31 18:45:00,69.22
2022-10-31 19:00:00,260.31
2022-10-31 19:15:00,229.08
2022-10-31 19:30:00,64.98
2022-10-31 19:45:00,44.19
2022-10-31 20:00:00,260.42
2022-10-31 20:15:00,209.86
2022-10-31 20:30:00,61.61
2022-10-31 20:45:00,1.04
2022-10-31 21:00:00,241.71
2022-10-31 21:15:00,192.4
2022-10-31 21:30:00,58.45
2022-10-31 21:45:00,-20.0
2022-10-31 22:00:00,175.66
2022-10-31 22:15:00,175.69
2022-10-31 22:30:00,51.49
2022-10-31 22:45:00,37.33
2022-10-31 23:00:00,300.0
2022-10-31 23:15:00,104.84
2022-10-31 23:30:00,18.71
2022-10-31 23:45:00,-20.0
2022-11-01 00:00:00,184.01
2022-11-01 00:15:00,79.04
2022-11-01 00:30:00,62.69
2022-11-01 00:45:00,41.24
2022-11-01 01:00:00,184.89
2022-11-01 01:15:00,81.15
2022-11-01 01:30:00,46.34
2022-11-01 01:45:00,33.87
2022-11-01 02:00:00,182.46
2022-11-01 02:15:00,65.05
2022-11-01 02:30:00,48.44
2022-11-01 02:45:00,40.08
2022-11-01 03:00:00,94.37
2022-11-01 03:15:00,110.0
2022-11-01 03:30:00,110.0
2022-11-01 03:45:00,63.53
2022-11-01 04:00:00,27.76
2022-11-01 04:15:00,35.24
2022-11-01 04:30:00,65.73
2022-11-01 04:45:00,182.45
2022-11-01 05:00:00,29.64
2022-11-01 05:15:00,82.52
2022-11-01 05:30:00,110.0
2022-11-01 05:45:00,110.0
2022-11-01 06:00:00,35.35
2022-11-01 06:15:00,48.56
2022-11-01 06:30:00,121.02
2022-11-01 06:45:00,195.13
2022-11-01 07:00:00,37.68
2022-11-01 07:15:00,94.18
2022-11-01 07:30:00,110.0
2022-11-01 07:45:00,182.46
2022-11-01 08:00:00,181.2
2022-11-01 08:15:00,57.26
2022-11-01 08:30:00,110.0
2022-11-01 08:45:00,134.54
2022-11-01 09:00:00,110.0
2022-11-01 09:15:00,127.46
2022-11-01 09:30:00,47.99
2022-11-01 09:45:00,35.53
2022-11-01 10:00:00,110.0
2022-11-01 10:15:00,37.08
2022-11-01 10:30:00,110.0
2022-11-01 10:45:00,61.65
2022-11-01 11:00:00,174.32
2022-11-01 11:15:00,110.0
2022-11-01 11:30:00,100.44
2022-11-01 11:45:00,23.31
2022-11-01 12:00:00,130.28
2022-11-01 12:15:00,110.0
2022-11-01 12:30:00,110.0
2022-11-01 12:45:00,25.72
2022-11-01 13:00:00,110.0
2022-11-01 13:15:00,110.0
2022-11-01 13:30:00,22.66
2022-11-01 13:45:00,25.0
2022-11-01 14:00:00,25.0
2022-11-01 14:15:00,30.96
2022-11-01 14:30:00,40.87
2022-11-01 14:45:00,182.48
2022-11-01 15:00:00,61.9
2022-11-01 15:15:00,75.16
2022-11-01 15:30:00,77.14
2022-11-01 15:45:00,182.49
2022-11-01 16:00:00,52.0
2022-11-01 16:15:00,77.8
2022-11-01 16:30:00,141.36
2022-11-01 16:45:00,196.13
2022-11-01 17:00:00,58.99
2022-11-01 17:15:00,110.0
2022-11-01 17:30:00,183.78
2022-11-01 17:45:00,203.55
2022-11-01 18:00:00,77.89
2022-11-01 18:15:00,174.14
2022-11-01 18:30:00,182.49
2022-11-01 18:45:00,110.0
2022-11-01 19:00:00,190.59
2022-11-01 19:15:00,182.43
2022-11-01 19:30:00,110.0
2022-11-01 19:45:00,65.69
2022-11-01 20:00:00,194.26
2022-11-01 20:15:00,140.01
2022-11-01 20:30:00,110.0
2022-11-01 20:45:00,53.76
2022-11-01 21:00:00,110.0
2022-11-01 21:15:00,102.33
2022-11-01 21:30:00,54.93
2022-11-01 21:45:00,182.49
2022-11-01 22:00:00,182.43
2022-11-01 22:15:00,110.0
2022-11-01 22:30:00,107.01
2022-11-01 22:45:00,40.56
2022-11-01 23:00:00,197.77
2022-11-01 23:15:00,135.93
2022-11-01 23:30:00,46.27
2022-11-01 23:45:00,28.24
2022-11-02 00:00:00,193.29
2022-11-02 00:15:00,180.72
2022-11-02 00:30:00,28.5
2022-11-02 00:45:00,21.5
2022-11-02 01:00:00,180.01
2022-11-02 01:15:00,177.93
2022-11-02 01:30:00,15.83
2022-11-02 01:45:00,15.03
2022-11-02 02:00:00,177.98
2022-11-02 02:15:00,13.14
2022-11-02 02:30:00,17.6
2022-11-02 02:45:00,177.91
2022-11-02 03:00:00,35.32
2022-11-02 03:15:00,5.34
2022-11-02 03:30:00,177.93
2022-11-02 03:45:00,177.98
2022-11-02 04:00:00,-20.0
2022-11-02 04:15:00,7.68
2022-11-02 04:30:00,12.36
2022-11-02 04:45:00,378.24
2022-11-02 05:00:00,-28.63
2022-11-02 05:15:00,-20.0
2022-11-02 05:30:00,24.19
2022-11-02 05:45:00,465.1
2022-11-02 06:00:00,-20.0
2022-11-02 06:15:00,54.08
2022-11-02 06:30:00,187.62
2022-11-02 06:45:00,295.15
2022-11-02 07:00:00,90.83
2022-11-02 07:15:00,175.92
2022-11-02 07:30:00,178.0
2022-11-02 07:45:00,178.0
2022-11-02 08:00:00,177.99
2022-11-02 08:15:00,177.99
2022-11-02 08:30:00,124.15
2022-11-02 08:45:00,95.38
2022-11-02 09:00:00,177.95
2022-11-02 09:15:00,128.81
2022-11-02 09:30:00,82.74
2022-11-02 09:45:00,79.43
2022-11-02 10:00:00,177.95
2022-11-02 10:15:00,164.13
2022-11-02 10:30:00,66.26
2022-11-02 10:45:00,65.16
2022-11-02 11:00:00,177.93
2022-11-02 11:15:00,177.93
2022-11-02 11:30:00,60.65
2022-11-02 11:45:00,58.6
2022-11-02 12:00:00,50.11
2022-11-02 12:15:00,50.88
2022-11-02 12:30:00,163.02
2022-11-02 12:45:00,177.96
2022-11-02 13:00:00,177.94
2022-11-02 13:15:00,165.9
2022-11-02 13:30:00,54.55
2022-11-02 13:45:00,53.06
2022-11-02 14:00:00,94.78
2022-11-02 14:15:00,77.05
2022-11-02 14:30:00,177.91
2022-11-02 14:45:00,177.93
2022-11-02 15:00:00,112.76
2022-11-02 15:15:00,77.74
2022-11-02 15:30:00,177.96
2022-11-02 15:45:00,183.6
2022-11-02 16:00:00,95.2
2022-11-02 16:15:00,147.73
2022-11-02 16:30:00,177.96
2022-11-02 16:45:00,177.97
2022-11-02 17:00:00,96.13
2022-11-02 17:15:00,169.61
2022-11-02 17:30:00,178.8
2022-11-02 17:45:00,187.46
2022-11-02 18:00:00,177.93
2022-11-02 18:15:00,177.92
2022-11-02 18:30:00,177.93
2022-11-02 18:45:00,116.1
2022-11-02 19:00:00,202.69
2022-11-02 19:15:00,189.4
2022-11-02 19:30:00,150.05
2022-11-02 19:45:00,89.85
2022-11-02 20:00:00,201.02
2022-11-02 20:15:00,179.71
2022-11-02 20:30:00,80.87
2022-11-02 20:45:00,76.94
2022-11-02 21:00:00,193.99
2022-11-02 21:15:00,177.98
2022-11-02 21:30:00,49.7
2022-11-02 21:45:00,45.46
2022-11-02 22:00:00,192.69
2022-11-02 22:15:00,179.49
2022-11-02 22:30:00,44.19
2022-11-02 22:45:00,37.79
2022-11-02 23:00:00,257.78
2022-11-02 23:15:00,177.98
2022-11-02 23:30:00,20.13
2022-11-02 23:45:00,-4.98
2022-11-03 00:00:00,157.83
2022-11-03 00:15:00,131.82
2022-11-03 00:30:00,67.68
2022-11-03 00:45:00,62.49
2022-11-03 01:00:00,157.83
2022-11-03 01:15:00,131.82
2022-11-03 01:30:00,59.2
2022-11-03 01:45:00,51.3
2022-11-03 02:00:00,130.46
2022-11-03 02:15:00,57.1
2022-11-03 02:30:00,111.46
2022-11-03 02:45:00,85.66
2022-11-03 03:00:00,54.01
2022-11-03 03:15:00,66.37
2022-11-03 03:30:00,126.89
2022-11-03 03:45:00,125.39
2022-11-03 04:00:00,25.0
2022-11-03 04:15:00,72.95
2022-11-03 04:30:00,131.82
2022-11-03 04:45:00,157.83
2022-11-03 05:00:00,-12.94
2022-11-03 05:15:00,117.79
2022-11-03 05:30:00,160.0
2022-11-03 05:45:00,186.44
2022-11-03 06:00:00,-4.97
2022-11-03 06:15:00,157.83
2022-11-03 06:30:00,177.97
2022-11-03 06:45:00,278.91
2022-11-03 07:00:00,131.82
2022-11-03 07:15:00,160.0
2022-11-03 07:30:00,166.43
2022-11-03 07:45:00,178.94
2022-11-03 08:00:00,157.83
2022-11-03 08:15:00,157.83
2022-11-03 08:30:00,157.83
2022-11-03 08:45:00,153.17
2022-11-03 09:00:00,156.82
2022-11-03 09:15:00,156.82
2022-11-03 09:30:00,156.82
2022-11-03 09:45:00,149.28
2022-11-03 10:00:00,157.83
2022-11-03 10:15:00,131.82
2022-11-03 10:30:00,129.24
2022-11-03 10:45:00,122.24
2022-11-03 11:00:00,157.83
2022-11-03 11:15:00,156.82
2022-11-03 11:30:00,131.82
2022-11-03 11:45:00,107.78
2022-11-03 12:00:00,160.0
2022-11-03 12:15:00,156.59
2022-11-03 12:30:00,140.34
2022-11-03 12:45:00,136.09
2022-11-03 13:00:00,156.82
2022-11-03 13:15:00,156.82
2022-11-03 13:30:00,148.6
2022-11-03 13:45:00,121.88
2022-11-03 14:00:00,145.12
2022-11-03 14:15:00,146.87
2022-11-03 14:30:00,149.37
2022-11-03 14:45:00,156.82
2022-11-03 15:00:00,147.63
2022-11-03 15:15:00,152.88
2022-11-03 15:30:00,143.13
2022-11-03 15:45:00,151.13
2022-11-03 16:00:00,131.82
2022-11-03 16:15:00,141.96
2022-11-03 16:30:00,157.83
2022-11-03 16:45:00,160.0
2022-11-03 17:00:00,124.36
2022-11-03 17:15:00,157.83
2022-11-03 17:30:00,157.83
2022-11-03 17:45:00,160.0
2022-11-03 18:00:00,157.83
2022-11-03 18:15:00,157.83
2022-11-03 18:30:00,157.83
2022-11-03 18:45:00,140.22
2022-11-03 19:00:00,176.07
2022-11-03 19:15:00,160.0
2022-11-03 19:30:00,157.83
2022-11-03 19:45:00,92.15
2022-11-03 20:00:00,177.96
2022-11-03 20:15:00,160.0
2022-11-03 20:30:00,131.82
2022-11-03 20:45:00,91.56
2022-11-03 21:00:00,166.23
2022-11-03 21:15:00,157.83
2022-11-03 21:30:00,94.23
2022-11-03 21:45:00,79.59
2022-11-03 22:00:00,160.0
2022-11-03 22:15:00,160.0
2022-11-03 22:30:00,92.53
2022-11-03 22:45:00,77.12
2022-11-03 23:00:00,172.82
2022-11-03 23:15:00,157.83
2022-11-03 23:30:00,105.91
2022-11-03 23:45:00,25.0
2022-11-04 00:00:00,164.53
2022-11-04 00:15:00,138.52
2022-11-04 00:30:00,116.83
2022-11-04 00:45:00,96.12
2022-11-04 01:00:00,164.53
2022-11-04 01:15:00,130.56
2022-11-04 01:30:00,120.0
2022-11-04 01:45:00,95.71
2022-11-04 02:00:00,135.37
2022-11-04 02:15:00,118.87
2022-11-04 02:30:00,127.87
2022-11-04 02:45:00,123.37
2022-11-04 03:00:00,101.3
2022-11-04 03:15:00,136.52
2022-11-04 03:30:00,138.52
2022-11-04 03:45:00,138.52
2022-11-04 04:00:00,96.12
2022-11-04 04:15:00,131.09
2022-11-04 04:30:00,138.52
2022-11-04 04:45:00,180.88
2022-11-04 05:00:00,37.0
2022-11-04 05:15:00,138.52
2022-11-04 05:30:00,170.77
2022-11-04 05:45:00,300.0
2022-11-04 06:00:00,-9.5
2022-11-04 06:15:00,138.52
2022-11-04 06:30:00,300.0
2022-11-04 06:45:00,306.76
2022-11-04 07:00:00,146.65
2022-11-04 07:15:00,164.53
2022-11-04 07:30:00,181.33
2022-11-04 07:45:00,300.0
2022-11-04 08:00:00,175.54
2022-11-04 08:15:00,187.05
2022-11-04 08:30:00,206.44
2022-11-04 08:45:00,219.76
2022-11-04 09:00:00,176.76
2022-11-04 09:15:00,281.63
2022-11-04 09:30:00,167.41
2022-11-04 09:45:00,179.4
2022-11-04 10:00:00,166.18
2022-11-04 10:15:00,179.62
2022-11-04 10:30:00,195.96
2022-11-04 10:45:00,231.76
2022-11-04 11:00:00,199.45
2022-11-04 11:15:00,215.6
2022-11-04 11:30:00,198.95
2022-11-04 11:45:00,181.54
2022-11-04 12:00:00,294.34
2022-11-04 12:15:00,164.53
2022-11-04 12:30:00,164.53
2022-11-04 12:45:00,164.53
2022-11-04 13:00:00,295.62
2022-11-04 13:15:00,168.36
2022-11-04 13:30:00,164.53
2022-11-04 13:45:00,157.59
2022-11-04 14:00:00,204.14
2022-11-04 14:15:00,185.22
2022-11-04 14:30:00,199.64
2022-11-04 14:45:00,184.74
2022-11-04 15:00:00,188.51
2022-11-04 15:15:00,196.0
2022-11-04 15:30:00,201.0
2022-11-04 15:45:00,230.49
2022-11-04 16:00:00,163.52
2022-11-04 16:15:00,164.53
2022-11-04 16:30:00,300.0
2022-11-04 16:45:00,302.49
2022-11-04 17:00:00,170.03
2022-11-04 17:15:00,178.43
2022-11-04 17:30:00,396.78
2022-11-04 17:45:00,323.15
2022-11-04 18:00:00,300.0
2022-11-04 18:15:00,368.27
2022-11-04 18:30:00,188.52
2022-11-04 18:45:00,163.52
2022-11-04 19:00:00,373.88
2022-11-04 19:15:00,188.52
2022-11-04 19:30:00,163.52
2022-11-04 19:45:00,153.4
2022-11-04 20:00:00,300.0
2022-11-04 20:15:00,164.53
2022-11-04 20:30:00,163.52
2022-11-04 20:45:00,131.66
2022-11-04 21:00:00,254.74
2022-11-04 21:15:00,164.53
2022-11-04 21:30:00,163.52
2022-11-04 21:45:00,157.02
2022-11-04 22:00:00,177.42
2022-11-04 22:15:00,180.05
2022-11-04 22:30:00,164.53
2022-11-04 22:45:00,164.53
2022-11-04 23:00:00,201.54
2022-11-04 23:15:00,164.53
2022-11-04 23:30:00,126.03
2022-11-04 23:45:00,91.62
2022-11-05 00:00:00,159.05
2022-11-05 00:15:00,156.82
2022-11-05 00:30:00,133.04
2022-11-05 00:45:00,117.06
2022-11-05 01:00:00,159.05
2022-11-05 01:15:00,133.04
2022-11-05 01:30:00,132.67
2022-11-05 01:45:00,98.99
2022-11-05 02:00:00,133.04
2022-11-05 02:15:00,130.95
2022-11-05 02:30:00,132.45
2022-11-05 02:45:00,110.95
2022-11-05 03:00:00,133.04
2022-11-05 03:15:00,133.04
2022-11-05 03:30:00,117.54
2022-11-05 03:45:00,105.92
2022-11-05 04:00:00,92.24
2022-11-05 04:15:00,98.2
2022-11-05 04:30:00,126.04
2022-11-05 04:45:00,159.05
2022-11-05 05:00:00,85.5
2022-11-05 05:15:00,120.96
2022-11-05 05:30:00,139.07
2022-11-05 05:45:00,159.05
2022-11-05 06:00:00,95.84
2022-11-05 06:15:00,133.04
2022-11-05 06:30:00,159.05
2022-11-05 06:45:00,168.24
2022-11-05 07:00:00,133.04
2022-11-05 07:15:00,157.59
2022-11-05 07:30:00,159.05
2022-11-05 07:45:00,161.69
2022-11-05 08:00:00,158.04
2022-11-05 08:15:00,158.04
2022-11-05 08:30:00,158.04
2022-11-05 08:45:00,171.95
2022-11-05 09:00:00,158.04
2022-11-05 09:15:00,158.04
2022-11-05 09:30:00,158.04
2022-11-05 09:45:00,158.04
2022-11-05 10:00:00,159.05
2022-11-05 10:15:00,159.05
2022-11-05 10:30:00,141.19
2022-11-05 10:45:00,133.04
2022-11-05 11:00:00,158.04
2022-11-05 11:15:00,133.04
2022-11-05 11:30:00,133.04
2022-11-05 11:45:00,129.4
2022-11-05 12:00:00,159.05
2022-11-05 12:15:00,133.04
2022-11-05 12:30:00,110.87
2022-11-05 12:45:00,133.04
2022-11-05 13:00:00,158.04
2022-11-05 13:15:00,121.53
2022-11-05 13:30:00,122.03
2022-11-05 13:45:00,118.53
2022-11-05 14:00:00,153.17
2022-11-05 14:15:00,120.0
2022-11-05 14:30:00,133.04
2022-11-05 14:45:00,129.79
2022-11-05 15:00:00,117.98
2022-11-05 15:15:00,136.26
2022-11-05 15:30:00,146.01
2022-11-05 15:45:00,155.51
2022-11-05 16:00:00,119.24
2022-11-05 16:15:00,145.03
2022-11-05 16:30:00,158.04
2022-11-05 16:45:00,183.04
2022-11-05 17:00:00,158.04
2022-11-05 17:15:00,158.04
2022-11-05 17:30:00,183.04
2022-11-05 17:45:00,198.32
2022-11-05 18:00:00,203.56
2022-11-05 18:15:00,176.35
2022-11-05 18:30:00,158.04
2022-11-05 18:45:00,158.04
2022-11-05 19:00:00,204.02
2022-11-05 19:15:00,171.9
2022-11-05 19:30:00,158.04
2022-11-05 19:45:00,158.04
2022-11-05 20:00:00,182.91
2022-11-05 20:15:00,159.05
2022-11-05 20:30:00,145.48
2022-11-05 20:45:00,130.77
2022-11-05 21:00:00,162.93
2022-11-05 21:15:00,159.05
2022-11-05 21:30:00,133.04
2022-11-05 21:45:00,121.63
2022-11-05 22:00:00,158.04
2022-11-05 22:15:00,150.05
2022-11-05 22:30:00,120.0
2022-11-05 22:45:00,111.92
2022-11-05 23:00:00,159.05
2022-11-05 23:15:00,141.29
2022-11-05 23:30:00,69.44
2022-11-05 23:45:00,30.34
2022-11-06 00:00:00,199.34
2022-11-06 00:15:00,77.02
2022-11-06 00:30:00,62.78
2022-11-06 00:45:00,57.26
2022-11-06 01:00:00,199.34
2022-11-06 01:15:00,65.72
2022-11-06 01:30:00,58.55
2022-11-06 01:45:00,8.87
2022-11-06 02:00:00,159.34
2022-11-06 02:15:00,71.04
2022-11-06 02:30:00,59.11
2022-11-06 02:45:00,58.43
2022-11-06 03:00:00,84.67
2022-11-06 03:15:00,56.28
2022-11-06 03:30:00,56.13
2022-11-06 03:45:00,125.53
2022-11-06 04:00:00,53.1
2022-11-06 04:15:00,53.33
2022-11-06 04:30:00,57.12
2022-11-06 04:45:00,154.84
2022-11-06 05:00:00,51.26
2022-11-06 05:15:00,52.77
2022-11-06 05:30:00,76.55
2022-11-06 05:45:00,172.84
2022-11-06 06:00:00,46.0
2022-11-06 06:15:00,50.7
2022-11-06 06:30:00,151.22
2022-11-06 06:45:00,170.72
2022-11-06 07:00:00,59.17
2022-11-06 07:15:00,60.75
2022-11-06 07:30:00,117.2
2022-11-06 07:45:00,174.34
2022-11-06 08:00:00,63.3
2022-11-06 08:15:00,147.16
2022-11-06 08:30:00,100.78
2022-11-06 08:45:00,113.71
2022-11-06 09:00:00,164.84
2022-11-06 09:15:00,161.34
2022-11-06 09:30:00,63.43
2022-11-06 09:45:00,75.76
2022-11-06 10:00:00,169.37
2022-11-06 10:15:00,152.37
2022-11-06 10:30:00,61.89
2022-11-06 10:45:00,80.43
2022-11-06 11:00:00,199.34
2022-11-06 11:15:00,106.33
2022-11-06 11:30:00,93.66
2022-11-06 11:45:00,61.02
2022-11-06 12:00:00,191.77
2022-11-06 12:15:00,106.85
2022-11-06 12:30:00,61.47
2022-11-06 12:45:00,61.19
2022-11-06 13:00:00,118.74
2022-11-06 13:15:00,118.74
2022-11-06 13:30:00,61.17
2022-11-06 13:45:00,145.81
2022-11-06 14:00:00,70.92
2022-11-06 14:15:00,71.08
2022-11-06 14:30:00,159.84
2022-11-06 14:45:00,127.72
2022-11-06 15:00:00,75.5
2022-11-06 15:15:00,79.29
2022-11-06 15:30:00,110.53
2022-11-06 15:45:00,199.34
2022-11-06 16:00:00,52.69
2022-11-06 16:15:00,88.63
2022-11-06 16:30:00,199.34
2022-11-06 16:45:00,199.34
2022-11-06 17:00:00,103.76
2022-11-06 17:15:00,156.09
2022-11-06 17:30:00,199.34
2022-11-06 17:45:00,200.35
2022-11-06 18:00:00,172.76
2022-11-06 18:15:00,166.34
2022-11-06 18:30:00,174.34
2022-11-06 18:45:00,126.03
2022-11-06 19:00:00,199.34
2022-11-06 19:15:00,174.34
2022-11-06 19:30:00,138.77
2022-11-06 19:45:00,94.87
2022-11-06 20:00:00,200.35
2022-11-06 20:15:00,174.34
2022-11-06 20:30:00,104.42
2022-11-06 20:45:00,71.93
2022-11-06 21:00:00,200.35
2022-11-06 21:15:00,174.34
2022-11-06 21:30:00,109.98
2022-11-06 21:45:00,62.65
2022-11-06 22:00:00,200.35
2022-11-06 22:15:00,200.35
2022-11-06 22:30:00,64.52
2022-11-06 22:45:00,73.52
2022-11-06 23:00:00,200.35
2022-11-06 23:15:00,174.34
2022-11-06 23:30:00,45.72
2022-11-06 23:45:00,43.11
2022-11-07 00:00:00,152.52
2022-11-07 00:15:00,107.26
2022-11-07 00:30:00,93.05
2022-11-07 00:45:00,58.77
2022-11-07 01:00:00,114.56
2022-11-07 01:15:00,96.58
2022-11-07 01:30:00,90.82
2022-11-07 01:45:00,-9.96
2022-11-07 02:00:00,89.65
2022-11-07 02:15:00,85.07
2022-11-07 02:30:00,85.83
2022-11-07 02:45:00,31.45
2022-11-07 03:00:00,129.91
2022-11-07 03:15:00,105.47
2022-11-07 03:30:00,100.25
2022-11-07 03:45:00,124.41
2022-11-07 04:00:00,-20.0
2022-11-07 04:15:00,35.45
2022-11-07 04:30:00,94.8
2022-11-07 04:45:00,128.05
2022-11-07 05:00:00,-31.62
2022-11-07 05:15:00,100.49
2022-11-07 05:30:00,167.41
2022-11-07 05:45:00,241.47
2022-11-07 06:00:00,-20.05
2022-11-07 06:15:00,116.61
2022-11-07 06:30:00,168.42
2022-11-07 06:45:00,275.02
2022-11-07 07:00:00,149.78
2022-11-07 07:15:00,167.41
2022-11-07 07:30:00,168.42
2022-11-07 07:45:00,168.42
2022-11-07 08:00:00,192.41
2022-11-07 08:15:00,167.41
2022-11-07 08:30:00,167.41
2022-11-07 08:45:00,167.41
2022-11-07 09:00:00,198.49
2022-11-07 09:15:00,167.41
2022-11-07 09:30:00,167.41
2022-11-07 09:45:00,167.41
2022-11-07 10:00:00,167.41
2022-11-07 10:15:00,152.37
2022-11-07 10:30:00,116.61
2022-11-07 10:45:00,114.79
2022-11-07 11:00:00,158.99
2022-11-07 11:15:00,162.99
2022-11-07 11:30:00,116.67
2022-11-07 11:45:00,116.63
2022-11-07 12:00:00,167.41
2022-11-07 12:15:00,150.66
2022-11-07 12:30:00,114.08
2022-11-07 12:45:00,116.69
2022-11-07 13:00:00,162.87
2022-11-07 13:15:00,150.37
2022-11-07 13:30:00,160.37
2022-11-07 13:45:00,161.62
2022-11-07 14:00:00,152.1
2022-11-07 14:15:00,152.6
2022-11-07 14:30:00,167.41
2022-11-07 14:45:00,167.41
2022-11-07 15:00:00,167.41
2022-11-07 15:15:00,167.41
2022-11-07 15:30:00,167.41
2022-11-07 15:45:00,172.29
2022-11-07 16:00:00,167.41
2022-11-07 16:15:00,167.41
2022-11-07 16:30:00,192.41
2022-11-07 16:45:00,246.23
2022-11-07 17:00:00,167.41
2022-11-07 17:15:00,192.41
2022-11-07 17:30:00,207.41
2022-11-07 17:45:00,252.76
2022-11-07 18:00:00,252.56
2022-11-07 18:15:00,204.41
2022-11-07 18:30:00,194.41
2022-11-07 18:45:00,168.42
2022-11-07 19:00:00,295.34
2022-11-07 19:15:00,192.41
2022-11-07 19:30:00,167.41
2022-11-07 19:45:00,144.72
2022-11-07 20:00:00,222.83
2022-11-07 20:15:00,168.42
2022-11-07 20:30:00,142.41
2022-11-07 20:45:00,112.91
2022-11-07 21:00:00,182.1
2022-11-07 21:15:00,168.42
2022-11-07 21:30:00,122.43
2022-11-07 21:45:00,107.45
2022-11-07 22:00:00,168.42
2022-11-07 22:15:00,168.42
2022-11-07 22:30:00,120.91
2022-11-07 22:45:00,116.63
2022-11-07 23:00:00,168.42
2022-11-07 23:15:00,167.41
2022-11-07 23:30:00,105.26
2022-11-07 23:45:00,98.92
2022-11-08 00:00:00,168.11
2022-11-08 00:15:00,140.0
2022-11-08 00:30:00,58.6
2022-11-08 00:45:00,56.12
2022-11-08 01:00:00,167.1
2022-11-08 01:15:00,140.0
2022-11-08 01:30:00,51.68
2022-11-08 01:45:00,48.92
2022-11-08 02:00:00,122.6
2022-11-08 02:15:00,127.28
2022-11-08 02:30:00,97.48
2022-11-08 02:45:00,49.85
2022-11-08 03:00:00,132.19
2022-11-08 03:15:00,132.19
2022-11-08 03:30:00,119.57
2022-11-08 03:45:00,131.57
2022-11-08 04:00:00,54.86
2022-11-08 04:15:00,90.93
2022-11-08 04:30:00,142.1
2022-11-08 04:45:00,168.11
2022-11-08 05:00:00,-3.96
2022-11-08 05:15:00,121.4
2022-11-08 05:30:00,168.11
2022-11-08 05:45:00,219.27
2022-11-08 06:00:00,-3.96
2022-11-08 06:15:00,142.1
2022-11-08 06:30:00,202.03
2022-11-08 06:45:00,269.41
2022-11-08 07:00:00,167.1
2022-11-08 07:15:00,168.11
2022-11-08 07:30:00,196.97
2022-11-08 07:45:00,199.47
2022-11-08 08:00:00,218.97
2022-11-08 08:15:00,192.1
2022-11-08 08:30:00,167.1
2022-11-08 08:45:00,167.1
2022-11-08 09:00:00,167.1
2022-11-08 09:15:00,167.09
2022-11-08 09:30:00,153.09
2022-11-08 09:45:00,125.02
2022-11-08 10:00:00,168.11
2022-11-08 10:15:00,142.1
2022-11-08 10:30:00,122.99
2022-11-08 10:45:00,113.64
2022-11-08 11:00:00,167.1
2022-11-08 11:15:00,142.1
2022-11-08 11:30:00,141.12
2022-11-08 11:45:00,112.4
2022-11-08 12:00:00,140.0
2022-11-08 12:15:00,139.31
2022-11-08 12:30:00,125.31
2022-11-08 12:45:00,135.81
2022-11-08 13:00:00,147.9
2022-11-08 13:15:00,145.15
2022-11-08 13:30:00,154.9
2022-11-08 13:45:00,143.15
2022-11-08 14:00:00,146.28
2022-11-08 14:15:00,160.03
2022-11-08 14:30:00,167.1
2022-11-08 14:45:00,167.1
2022-11-08 15:00:00,167.1
2022-11-08 15:15:00,167.1
2022-11-08 15:30:00,167.1
2022-11-08 15:45:00,167.1
2022-11-08 16:00:00,167.1
2022-11-08 16:15:00,167.1
2022-11-08 16:30:00,169.71
2022-11-08 16:45:00,192.1
2022-11-08 17:00:00,181.15
2022-11-08 17:15:00,236.5
2022-11-08 17:30:00,248.07
2022-11-08 17:45:00,253.07
2022-11-08 18:00:00,192.1
2022-11-08 18:15:00,184.7
2022-11-08 18:30:00,192.1
2022-11-08 18:45:00,167.1
2022-11-08 19:00:00,275.94
2022-11-08 19:15:00,228.5
2022-11-08 19:30:00,168.11
2022-11-08 19:45:00,167.1
2022-11-08 20:00:00,219.26
2022-11-08 20:15:00,168.11
2022-11-08 20:30:00,142.1
2022-11-08 20:45:00,102.14
2022-11-08 21:00:00,185.78
2022-11-08 21:15:00,168.11
2022-11-08 21:30:00,140.0
2022-11-08 21:45:00,82.94
2022-11-08 22:00:00,167.1
2022-11-08 22:15:00,151.9
2022-11-08 22:30:00,140.0
2022-11-08 22:45:00,85.0
2022-11-08 23:00:00,177.47
2022-11-08 23:15:00,146.06
2022-11-08 23:30:00,125.6
2022-11-08 23:45:00,54.87
2022-11-09 00:00:00,191.2
2022-11-09 00:15:00,165.19
2022-11-09 00:30:00,95.19
2022-11-09 00:45:00,64.58
2022-11-09 01:00:00,191.2
2022-11-09 01:15:00,165.19
2022-11-09 01:30:00,95.82
2022-11-09 01:45:00,60.0
2022-11-09 02:00:00,154.6
2022-11-09 02:15:00,146.6
2022-11-09 02:30:00,141.6
2022-11-09 02:45:00,140.0
2022-11-09 03:00:00,149.45
2022-11-09 03:15:00,140.45
2022-11-09 03:30:00,140.0
2022-11-09 03:45:00,154.95
2022-11-09 04:00:00,61.3
2022-11-09 04:15:00,98.07
2022-11-09 04:30:00,165.19
2022-11-09 04:45:00,191.2
2022-11-09 05:00:00,48.96
2022-11-09 05:15:00,140.0
2022-11-09 05:30:00,191.2
2022-11-09 05:45:00,248.69
2022-11-09 06:00:00,84.17
2022-11-09 06:15:00,168.01
2022-11-09 06:30:00,212.78
2022-11-09 06:45:00,243.4
2022-11-09 07:00:00,191.2
2022-11-09 07:15:00,191.68
2022-11-09 07:30:00,211.11
2022-11-09 07:45:00,219.2
2022-11-09 08:00:00,239.1
2022-11-09 08:15:00,207.62
2022-11-09 08:30:00,198.98
2022-11-09 08:45:00,191.2
2022-11-09 09:00:00,239.18
2022-11-09 09:15:00,220.69
2022-11-09 09:30:00,191.2
2022-11-09 09:45:00,172.94
2022-11-09 10:00:00,196.24
2022-11-09 10:15:00,191.2
2022-11-09 10:30:00,178.33
2022-11-09 10:45:00,165.19
2022-11-09 11:00:00,191.2
2022-11-09 11:15:00,191.2
2022-11-09 11:30:00,187.27
2022-11-09 11:45:00,165.19
2022-11-09 12:00:00,180.67
2022-11-09 12:15:00,165.19
2022-11-09 12:30:00,191.2
2022-11-09 12:45:00,191.2
2022-11-09 13:00:00,188.94
2022-11-09 13:15:00,165.19
2022-11-09 13:30:00,185.43
2022-11-09 13:45:00,191.2
2022-11-09 14:00:00,153.69
2022-11-09 14:15:00,188.3
2022-11-09 14:30:00,191.2
2022-11-09 14:45:00,191.2
2022-11-09 15:00:00,165.19
2022-11-09 15:15:00,191.2
2022-11-09 15:30:00,191.2
2022-11-09 15:45:00,200.07
2022-11-09 16:00:00,191.2
2022-11-09 16:15:00,191.2
2022-11-09 16:30:00,221.52
2022-11-09 16:45:00,228.08
2022-11-09 17:00:00,191.2
2022-11-09 17:15:00,204.53
2022-11-09 17:30:00,229.49
2022-11-09 17:45:00,228.77
2022-11-09 18:00:00,217.69
2022-11-09 18:15:00,190.19
2022-11-09 18:30:00,211.08
2022-11-09 18:45:00,191.2
2022-11-09 19:00:00,242.73
2022-11-09 19:15:00,221.88
2022-11-09 19:30:00,190.19
2022-11-09 19:45:00,188.35
2022-11-09 20:00:00,229.61
2022-11-09 20:15:00,191.2
2022-11-09 20:30:00,165.19
2022-11-09 20:45:00,112.26
2022-11-09 21:00:00,223.27
2022-11-09 21:15:00,191.2
2022-11-09 21:30:00,165.19
2022-11-09 21:45:00,128.32
2022-11-09 22:00:00,191.2
2022-11-09 22:15:00,191.2
2022-11-09 22:30:00,160.05
2022-11-09 22:45:00,165.19
2022-11-09 23:00:00,204.07
2022-11-09 23:15:00,191.2
2022-11-09 23:30:00,134.77
2022-11-09 23:45:00,67.37
2022-11-10 00:00:00,189.77
2022-11-10 00:15:00,189.29
2022-11-10 00:30:00,188.51
2022-11-10 00:45:00,163.28
2022-11-10 01:00:00,189.29
2022-11-10 01:15:00,163.28
2022-11-10 01:30:00,163.28
2022-11-10 01:45:00,63.28
2022-11-10 02:00:00,163.28
2022-11-10 02:15:00,163.28
2022-11-10 02:30:00,163.28
2022-11-10 02:45:00,163.28
2022-11-10 03:00:00,163.28
2022-11-10 03:15:00,163.28
2022-11-10 03:30:00,163.28
2022-11-10 03:45:00,163.28
2022-11-10 04:00:00,72.31
2022-11-10 04:15:00,158.7
2022-11-10 04:30:00,163.28
2022-11-10 04:45:00,189.29
2022-11-10 05:00:00,72.52
2022-11-10 05:15:00,160.0
2022-11-10 05:30:00,189.29
2022-11-10 05:45:00,253.91
2022-11-10 06:00:00,85.0
2022-11-10 06:15:00,189.29
2022-11-10 06:30:00,227.93
2022-11-10 06:45:00,285.68
2022-11-10 07:00:00,188.28
2022-11-10 07:15:00,189.29
2022-11-10 07:30:00,232.89
2022-11-10 07:45:00,237.41
2022-11-10 08:00:00,227.96
2022-11-10 08:15:00,213.28
2022-11-10 08:30:00,213.28
2022-11-10 08:45:00,201.21
2022-11-10 09:00:00,225.32
2022-11-10 09:15:00,188.28
2022-11-10 09:30:00,188.28
2022-11-10 09:45:00,188.28
2022-11-10 10:00:00,211.82
2022-11-10 10:15:00,188.28
2022-11-10 10:30:00,187.98
2022-11-10 10:45:00,178.98
2022-11-10 11:00:00,189.29
2022-11-10 11:15:00,189.29
2022-11-10 11:30:00,189.29
2022-11-10 11:45:00,173.26
2022-11-10 12:00:00,189.29
2022-11-10 12:15:00,188.28
2022-11-10 12:30:00,173.99
2022-11-10 12:45:00,189.29
2022-11-10 13:00:00,189.29
2022-11-10 13:15:00,173.93
2022-11-10 13:30:00,189.29
2022-11-10 13:45:00,189.29
2022-11-10 14:00:00,163.28
2022-11-10 14:15:00,189.29
2022-11-10 14:30:00,189.29
2022-11-10 14:45:00,193.84
2022-11-10 15:00:00,172.93
2022-11-10 15:15:00,189.29
2022-11-10 15:30:00,193.13
2022-11-10 15:45:00,192.41
2022-11-10 16:00:00,189.29
2022-11-10 16:15:00,189.29
2022-11-10 16:30:00,195.83
2022-11-10 16:45:00,227.94
2022-11-10 17:00:00,189.29
2022-11-10 17:15:00,222.78
2022-11-10 17:30:00,248.7
2022-11-10 17:45:00,239.34
2022-11-10 18:00:00,227.98
2022-11-10 18:15:00,218.36
2022-11-10 18:30:00,216.86
2022-11-10 18:45:00,189.29
2022-11-10 19:00:00,250.2
2022-11-10 19:15:00,227.95
2022-11-10 19:30:00,189.29
2022-11-10 19:45:00,188.28
2022-11-10 20:00:00,237.41
2022-11-10 20:15:00,189.29
2022-11-10 20:30:00,189.29
2022-11-10 20:45:00,161.26
2022-11-10 21:00:00,222.78
2022-11-10 21:15:00,199.13
2022-11-10 21:30:00,163.28
2022-11-10 21:45:00,111.05
2022-11-10 22:00:00,189.29
2022-11-10 22:15:00,189.29
2022-11-10 22:30:00,163.28
2022-11-10 22:45:00,163.28
2022-11-10 23:00:00,195.78
2022-11-10 23:15:00,189.29
2022-11-10 23:30:00,160.0
2022-11-10 23:45:00,71.63
2022-11-11 00:00:00,210.67
2022-11-11 00:15:00,184.66
2022-11-11 00:30:00,165.56
2022-11-11 00:45:00,61.09
2022-11-11 01:00:00,210.67
2022-11-11 01:15:00,174.66
2022-11-11 01:30:00,128.39
2022-11-11 01:45:00,51.48
2022-11-11 02:00:00,162.07
2022-11-11 02:15:00,170.0
2022-11-11 02:30:00,170.0
2022-11-11 02:45:00,87.43
2022-11-11 03:00:00,85.0
2022-11-11 03:15:00,171.38
2022-11-11 03:30:00,160.38
2022-11-11 03:45:00,170.0
2022-11-11 04:00:00,85.0
2022-11-11 04:15:00,180.45
2022-11-11 04:30:00,184.66
2022-11-11 04:45:00,210.67
2022-11-11 05:00:00,53.75
2022-11-11 05:15:00,170.0
2022-11-11 05:30:00,210.67
2022-11-11 05:45:00,257.73
2022-11-11 06:00:00,75.73
2022-11-11 06:15:00,184.66
2022-11-11 06:30:00,231.56
2022-11-11 06:45:00,273.7
2022-11-11 07:00:00,203.31
2022-11-11 07:15:00,210.67
2022-11-11 07:30:00,215.23
2022-11-11 07:45:00,237.16
2022-11-11 08:00:00,233.05
2022-11-11 08:15:00,220.74
2022-11-11 08:30:00,245.95
2022-11-11 08:45:00,239.86
2022-11-11 09:00:00,234.66
2022-11-11 09:15:00,209.66
2022-11-11 09:30:00,209.66
2022-11-11 09:45:00,209.44
2022-11-11 10:00:00,210.67
2022-11-11 10:15:00,210.67
2022-11-11 10:30:00,209.66
2022-11-11 10:45:00,209.0
2022-11-11 11:00:00,209.66
2022-11-11 11:15:00,209.66
2022-11-11 11:30:00,209.66
2022-11-11 11:45:00,199.46
2022-11-11 12:00:00,210.67
2022-11-11 12:15:00,209.66
2022-11-11 12:30:00,166.66
2022-11-11 12:45:00,158.38
2022-11-11 13:00:00,209.66
2022-11-11 13:15:00,209.66
2022-11-11 13:30:00,184.66
2022-11-11 13:45:00,141.38
2022-11-11 14:00:00,210.67
2022-11-11 14:15:00,210.67
2022-11-11 14:30:00,216.69
2022-11-11 14:45:00,224.12
2022-11-11 15:00:00,197.91
2022-11-11 15:15:00,210.67
2022-11-11 15:30:00,210.67
2022-11-11 15:45:00,210.67
2022-11-11 16:00:00,209.66
2022-11-11 16:15:00,210.82
2022-11-11 16:30:00,243.17
2022-11-11 16:45:00,260.61
2022-11-11 17:00:00,227.14
2022-11-11 17:15:00,265.33
2022-11-11 17:30:00,259.88
2022-11-11 17:45:00,262.06
2022-11-11 18:00:00,238.66
2022-11-11 18:15:00,226.14
2022-11-11 18:30:00,225.22
2022-11-11 18:45:00,209.66
2022-11-11 19:00:00,255.12
2022-11-11 19:15:00,234.66
2022-11-11 19:30:00,209.66
2022-11-11 19:45:00,208.59
2022-11-11 20:00:00,254.25
2022-11-11 20:15:00,234.66
2022-11-11 20:30:00,207.41
2022-11-11 20:45:00,127.68
2022-11-11 21:00:00,235.61
2022-11-11 21:15:00,210.67
2022-11-11 21:30:00,184.66
2022-11-11 21:45:00,85.0
2022-11-11 22:00:00,184.66
2022-11-11 22:15:00,184.66
2022-11-11 22:30:00,170.0
2022-11-11 22:45:00,133.07
2022-11-11 23:00:00,215.47
2022-11-11 23:15:00,184.66
2022-11-11 23:30:00,155.18
2022-11-11 23:45:00,59.73
2022-11-12 00:00:00,198.43
2022-11-12 00:15:00,180.0
2022-11-12 00:30:00,172.42
2022-11-12 00:45:00,149.2
2022-11-12 01:00:00,198.43
2022-11-12 01:15:00,172.42
2022-11-12 01:30:00,115.74
2022-11-12 01:45:00,76.0
2022-11-12 02:00:00,172.42
2022-11-12 02:15:00,172.42
2022-11-12 02:30:00,166.92
2022-11-12 02:45:00,139.96
2022-11-12 03:00:00,172.42
2022-11-12 03:15:00,172.42
2022-11-12 03:30:00,162.42
2022-11-12 03:45:00,139.99
2022-11-12 04:00:00,152.67
2022-11-12 04:15:00,151.17
2022-11-12 04:30:00,172.42
2022-11-12 04:45:00,172.42
2022-11-12 05:00:00,130.89
2022-11-12 05:15:00,172.42
2022-11-12 05:30:00,198.43
2022-11-12 05:45:00,198.43
2022-11-12 06:00:00,172.42
2022-11-12 06:15:00,180.0
2022-11-12 06:30:00,198.43
2022-11-12 06:45:00,209.2
2022-11-12 07:00:00,140.96
2022-11-12 07:15:00,180.0
2022-11-12 07:30:00,180.68
2022-11-12 07:45:00,198.43
2022-11-12 08:00:00,161.04
2022-11-12 08:15:00,172.42
2022-11-12 08:30:00,198.43
2022-11-12 08:45:00,198.43
2022-11-12 09:00:00,180.0
2022-11-12 09:15:00,175.19
2022-11-12 09:30:00,172.42
2022-11-12 09:45:00,172.42
2022-11-12 10:00:00,180.0
2022-11-12 10:15:00,180.0
2022-11-12 10:30:00,171.65
2022-11-12 10:45:00,152.15
2022-11-12 11:00:00,172.42
2022-11-12 11:15:00,173.04
2022-11-12 11:30:00,172.42
2022-11-12 11:45:00,163.92
2022-11-12 12:00:00,197.42
2022-11-12 12:15:00,182.42
2022-11-12 12:30:00,156.37
2022-11-12 12:45:00,134.07
2022-11-12 13:00:00,180.0
2022-11-12 13:15:00,180.0
2022-11-12 13:30:00,173.7
2022-11-12 13:45:00,128.73
2022-11-12 14:00:00,172.42
2022-11-12 14:15:00,173.61
2022-11-12 14:30:00,172.42
2022-11-12 14:45:00,172.42
2022-11-12 15:00:00,172.18
2022-11-12 15:15:00,172.42
2022-11-12 15:30:00,172.42
2022-11-12 15:45:00,198.43
2022-11-12 16:00:00,172.42
2022-11-12 16:15:00,198.43
2022-11-12 16:30:00,198.43
2022-11-12 16:45:00,222.9
2022-11-12 17:00:00,198.43
2022-11-12 17:15:00,235.79
2022-11-12 17:30:00,235.79
2022-11-12 17:45:00,273.64
2022-11-12 18:00:00,300.0
2022-11-12 18:15:00,223.92
2022-11-12 18:30:00,220.08
2022-11-12 18:45:00,197.42
2022-11-12 19:00:00,280.45
2022-11-12 19:15:00,222.42
2022-11-12 19:30:00,197.42
2022-11-12 19:45:00,197.42
2022-11-12 20:00:00,214.38
2022-11-12 20:15:00,198.43
2022-11-12 20:30:00,197.42
2022-11-12 20:45:00,197.42
2022-11-12 21:00:00,199.59
2022-11-12 21:15:00,198.43
2022-11-12 21:30:00,172.42
2022-11-12 21:45:00,141.89
2022-11-12 22:00:00,197.42
2022-11-12 22:15:00,198.43
2022-11-12 22:30:00,171.42
2022-11-12 22:45:00,142.69
2022-11-12 23:00:00,199.54
2022-11-12 23:15:00,180.0
2022-11-12 23:30:00,164.74
2022-11-12 23:45:00,119.42
2022-11-13 00:00:00,211.85
2022-11-13 00:15:00,175.34
2022-11-13 00:30:00,119.6
2022-11-13 00:45:00,119.29
2022-11-13 01:00:00,210.84
2022-11-13 01:15:00,160.38
2022-11-13 01:30:00,108.19
2022-11-13 01:45:00,-20.0
2022-11-13 02:00:00,171.29
2022-11-13 02:15:00,162.29
2022-11-13 02:30:00,113.88
2022-11-13 02:45:00,108.55
2022-11-13 03:00:00,140.76
2022-11-13 03:15:00,110.99
2022-11-13 03:30:00,108.92
2022-11-13 03:45:00,167.32
2022-11-13 04:00:00,106.86
2022-11-13 04:15:00,107.08
2022-11-13 04:30:00,172.83
2022-11-13 04:45:00,135.52
2022-11-13 05:00:00,103.43
2022-11-13 05:15:00,113.53
2022-11-13 05:30:00,185.84
2022-11-13 05:45:00,185.84
2022-11-13 06:00:00,99.45
2022-11-13 06:15:00,164.67
2022-11-13 06:30:00,185.84
2022-11-13 06:45:00,211.85
2022-11-13 07:00:00,103.17
2022-11-13 07:15:00,107.39
2022-11-13 07:30:00,119.84
2022-11-13 07:45:00,185.84
2022-11-13 08:00:00,108.61
2022-11-13 08:15:00,126.89
2022-11-13 08:30:00,109.49
2022-11-13 08:45:00,175.01
2022-11-13 09:00:00,143.61
2022-11-13 09:15:00,147.55
2022-11-13 09:30:00,161.84
2022-11-13 09:45:00,102.95
2022-11-13 10:00:00,204.41
2022-11-13 10:15:00,99.47
2022-11-13 10:30:00,99.16
2022-11-13 10:45:00,99.68
2022-11-13 11:00:00,200.09
2022-11-13 11:15:00,104.1
2022-11-13 11:30:00,98.12
2022-11-13 11:45:00,93.68
2022-11-13 12:00:00,209.06
2022-11-13 12:15:00,95.37
2022-11-13 12:30:00,87.68
2022-11-13 12:45:00,87.86
2022-11-13 13:00:00,172.86
2022-11-13 13:15:00,103.3
2022-11-13 13:30:00,98.63
2022-11-13 13:45:00,98.63
2022-11-13 14:00:00,105.39
2022-11-13 14:15:00,105.01
2022-11-13 14:30:00,165.66
2022-11-13 14:45:00,111.44
2022-11-13 15:00:00,103.17
2022-11-13 15:15:00,107.69
2022-11-13 15:30:00,157.61
2022-11-13 15:45:00,210.84
2022-11-13 16:00:00,117.07
2022-11-13 16:15:00,123.6
2022-11-13 16:30:00,210.84
2022-11-13 16:45:00,211.85
2022-11-13 17:00:00,210.5
2022-11-13 17:15:00,210.84
2022-11-13 17:30:00,211.85
2022-11-13 17:45:00,211.85
2022-11-13 18:00:00,210.84
2022-11-13 18:15:00,210.84
2022-11-13 18:30:00,210.84
2022-11-13 18:45:00,203.01
2022-11-13 19:00:00,210.84
2022-11-13 19:15:00,210.84
2022-11-13 19:30:00,207.96
2022-11-13 19:45:00,188.46
2022-11-13 20:00:00,216.42
2022-11-13 20:15:00,211.85
2022-11-13 20:30:00,185.84
2022-11-13 20:45:00,160.5
2022-11-13 21:00:00,211.85
2022-11-13 21:15:00,211.85
2022-11-13 21:30:00,174.86
2022-11-13 21:45:00,136.04
2022-11-13 22:00:00,211.85
2022-11-13 22:15:00,211.85
2022-11-13 22:30:00,185.84
2022-11-13 22:45:00,169.61
2022-11-13 23:00:00,233.41
2022-11-13 23:15:00,211.85
2022-11-13 23:30:00,168.77
2022-11-13 23:45:00,86.34
2022-11-14 00:00:00,215.34
2022-11-14 00:15:00,172.33
2022-11-14 00:30:00,88.66
2022-11-14 00:45:00,25.43
2022-11-14 01:00:00,189.33
2022-11-14 01:15:00,147.64
2022-11-14 01:30:00,85.03
2022-11-14 01:45:00,1.12
2022-11-14 02:00:00,84.93
2022-11-14 02:15:00,80.26
2022-11-14 02:30:00,79.97
2022-11-14 02:45:00,34.84
2022-11-14 03:00:00,143.82
2022-11-14 03:15:00,172.08
2022-11-14 03:30:00,89.73
2022-11-14 03:45:00,173.58
2022-11-14 04:00:00,25.55
2022-11-14 04:15:00,85.21
2022-11-14 04:30:00,181.83
2022-11-14 04:45:00,215.34
2022-11-14 05:00:00,-3.58
2022-11-14 05:15:00,117.64
2022-11-14 05:30:00,215.34
2022-11-14 05:45:00,300.0
2022-11-14 06:00:00,0.88
2022-11-14 06:15:00,189.33
2022-11-14 06:30:00,280.86
2022-11-14 06:45:00,300.0
2022-11-14 07:00:00,209.83
2022-11-14 07:15:00,214.33
2022-11-14 07:30:00,239.33
2022-11-14 07:45:00,272.5
2022-11-14 08:00:00,250.53
2022-11-14 08:15:00,243.03
2022-11-14 08:30:00,262.03
2022-11-14 08:45:00,215.34
2022-11-14 09:00:00,214.33
2022-11-14 09:15:00,214.33
2022-11-14 09:30:00,214.33
2022-11-14 09:45:00,214.33
2022-11-14 10:00:00,214.33
2022-11-14 10:15:00,214.33
2022-11-14 10:30:00,189.33
2022-11-14 10:45:00,188.1
2022-11-14 11:00:00,214.33
2022-11-14 11:15:00,214.33
2022-11-14 11:30:00,189.33
2022-11-14 11:45:00,189.33
2022-11-14 12:00:00,215.34
2022-11-14 12:15:00,189.33
2022-11-14 12:30:00,174.85
2022-11-14 12:45:00,184.85
2022-11-14 13:00:00,194.92
2022-11-14 13:15:00,189.33
2022-11-14 13:30:00,189.33
2022-11-14 13:45:00,189.33
2022-11-14 14:00:00,215.34
2022-11-14 14:15:00,215.34
2022-11-14 14:30:00,228.05
2022-11-14 14:45:00,228.52
2022-11-14 15:00:00,213.57
2022-11-14 15:15:00,214.33
2022-11-14 15:30:00,214.33
2022-11-14 15:45:00,214.33
2022-11-14 16:00:00,214.33
2022-11-14 16:15:00,214.33
2022-11-14 16:30:00,231.21
2022-11-14 16:45:00,251.83
2022-11-14 17:00:00,215.34
2022-11-14 17:15:00,294.16
2022-11-14 17:30:00,294.12
2022-11-14 17:45:00,275.72
2022-11-14 18:00:00,294.2
2022-11-14 18:15:00,239.33
2022-11-14 18:30:00,239.33
2022-11-14 18:45:00,215.34
2022-11-14 19:00:00,300.0
2022-11-14 19:15:00,247.33
2022-11-14 19:30:00,214.33
2022-11-14 19:45:00,214.33
2022-11-14 20:00:00,249.51
2022-11-14 20:15:00,215.34
2022-11-14 20:30:00,178.01
2022-11-14 20:45:00,141.1
2022-11-14 21:00:00,226.77
2022-11-14 21:15:00,215.34
2022-11-14 21:30:00,182.14
2022-11-14 21:45:00,136.06
2022-11-14 22:00:00,215.34
2022-11-14 22:15:00,215.34
2022-11-14 22:30:00,171.66
2022-11-14 22:45:00,144.16
2022-11-14 23:00:00,227.57
2022-11-14 23:15:00,215.34
2022-11-14 23:30:00,119.12
2022-11-14 23:45:00,89.95
2022-11-15 00:00:00,229.25
2022-11-15 00:15:00,214.57
2022-11-15 00:30:00,111.8
2022-11-15 00:45:00,107.06
2022-11-15 01:00:00,229.25
2022-11-15 01:15:00,209.75
2022-11-15 01:30:00,102.77
2022-11-15 01:45:00,50.76
2022-11-15 02:00:00,219.79
2022-11-15 02:15:00,210.0
2022-11-15 02:30:00,206.29
2022-11-15 02:45:00,103.19
2022-11-15 03:00:00,103.13
2022-11-15 03:15:00,114.88
2022-11-15 03:30:00,101.87
2022-11-15 03:45:00,210.0
2022-11-15 04:00:00,18.28
2022-11-15 04:15:00,102.32
2022-11-15 04:30:00,210.0
2022-11-15 04:45:00,229.25
2022-11-15 05:00:00,-2.88
2022-11-15 05:15:00,155.81
2022-11-15 05:30:00,255.26
2022-11-15 05:45:00,300.0
2022-11-15 06:00:00,65.0
2022-11-15 06:15:00,235.16
2022-11-15 06:30:00,297.25
2022-11-15 06:45:00,300.0
2022-11-15 07:00:00,255.26
2022-11-15 07:15:00,255.26
2022-11-15 07:30:00,271.46
2022-11-15 07:45:00,298.02
2022-11-15 08:00:00,316.57
2022-11-15 08:15:00,316.01
2022-11-15 08:30:00,255.26
2022-11-15 08:45:00,255.26
2022-11-15 09:00:00,309.75
2022-11-15 09:15:00,299.46
2022-11-15 09:30:00,255.26
2022-11-15 09:45:00,255.26
2022-11-15 10:00:00,255.26
2022-11-15 10:15:00,242.75
2022-11-15 10:30:00,216.25
2022-11-15 10:45:00,190.82
2022-11-15 11:00:00,254.25
2022-11-15 11:15:00,221.75
2022-11-15 11:30:00,222.75
2022-11-15 11:45:00,199.68
2022-11-15 12:00:00,229.25
2022-11-15 12:15:00,210.0
2022-11-15 12:30:00,210.0
2022-11-15 12:45:00,195.7
2022-11-15 13:00:00,228.25
2022-11-15 13:15:00,216.75
2022-11-15 13:30:00,222.75
2022-11-15 13:45:00,168.0
2022-11-15 14:00:00,180.38
2022-11-15 14:15:00,217.01
2022-11-15 14:30:00,255.26
2022-11-15 14:45:00,255.26
2022-11-15 15:00:00,252.67
2022-11-15 15:15:00,254.25
2022-11-15 15:30:00,254.25
2022-11-15 15:45:00,254.25
2022-11-15 16:00:00,254.25
2022-11-15 16:15:00,254.25
2022-11-15 16:30:00,257.53
2022-11-15 16:45:00,281.25
2022-11-15 17:00:00,289.98
2022-11-15 17:15:00,300.0
2022-11-15 17:30:00,309.73
2022-11-15 17:45:00,293.98
2022-11-15 18:00:00,277.15
2022-11-15 18:15:00,254.25
2022-11-15 18:30:00,254.25
2022-11-15 18:45:00,254.25
2022-11-15 19:00:00,309.8
2022-11-15 19:15:00,301.75
2022-11-15 19:30:00,279.02
2022-11-15 19:45:00,254.25
2022-11-15 20:00:00,287.07
2022-11-15 20:15:00,255.26
2022-11-15 20:30:00,217.07
2022-11-15 20:45:00,144.6
2022-11-15 21:00:00,255.26
2022-11-15 21:15:00,254.34
2022-11-15 21:30:00,174.32
2022-11-15 21:45:00,121.35
2022-11-15 22:00:00,232.16
2022-11-15 22:15:00,229.25
2022-11-15 22:30:00,210.0
2022-11-15 22:45:00,116.65
2022-11-15 23:00:00,259.58
2022-11-15 23:15:00,251.33
2022-11-15 23:30:00,184.24
2022-11-15 23:45:00,65.0
2022-11-16 00:00:00,266.82
2022-11-16 00:15:00,240.81
2022-11-16 00:30:00,217.23
2022-11-16 00:45:00,99.31
2022-11-16 01:00:00,266.82
2022-11-16 01:15:00,240.81
2022-11-16 01:30:00,181.09
2022-11-16 01:45:00,90.33
2022-11-16 02:00:00,240.81
2022-11-16 02:15:00,226.24
2022-11-16 02:30:00,220.74
2022-11-16 02:45:00,172.32
2022-11-16 03:00:00,224.75
2022-11-16 03:15:00,175.95
2022-11-16 03:30:00,125.98
2022-11-16 03:45:00,217.75
2022-11-16 04:00:00,89.98
2022-11-16 04:15:00,189.93
2022-11-16 04:30:00,230.31
2022-11-16 04:45:00,266.82
2022-11-16 05:00:00,63.38
2022-11-16 05:15:00,230.0
2022-11-16 05:30:00,266.82
2022-11-16 05:45:00,300.0
2022-11-16 06:00:00,109.83
2022-11-16 06:15:00,266.82
2022-11-16 06:30:00,300.0
2022-11-16 06:45:00,323.34
2022-11-16 07:00:00,263.96
2022-11-16 07:15:00,266.82
2022-11-16 07:30:00,283.13
2022-11-16 07:45:00,300.0
2022-11-16 08:00:00,288.55
2022-11-16 08:15:00,294.09
2022-11-16 08:30:00,291.09
2022-11-16 08:45:00,285.91
2022-11-16 09:00:00,301.23
2022-11-16 09:15:00,279.74
2022-11-16 09:30:00,286.94
2022-11-16 09:45:00,275.9
2022-11-16 10:00:00,266.82
2022-11-16 10:15:00,266.82
2022-11-16 10:30:00,251.41
2022-11-16 10:45:00,266.82
2022-11-16 11:00:00,265.81
2022-11-16 11:15:00,240.81
2022-11-16 11:30:00,266.82
2022-11-16 11:45:00,249.29
2022-11-16 12:00:00,266.82
2022-11-16 12:15:00,261.07
2022-11-16 12:30:00,240.81
2022-11-16 12:45:00,240.81
2022-11-16 13:00:00,266.82
2022-11-16 13:15:00,240.81
2022-11-16 13:30:00,253.21
2022-11-16 13:45:00,240.81
2022-11-16 14:00:00,251.84
2022-11-16 14:15:00,266.82
2022-11-16 14:30:00,266.82
2022-11-16 14:45:00,266.82
2022-11-16 15:00:00,266.82
2022-11-16 15:15:00,278.58
2022-11-16 15:30:00,290.81
2022-11-16 15:45:00,290.81
2022-11-16 16:00:00,265.81
2022-11-16 16:15:00,290.81
2022-11-16 16:30:00,292.42
2022-11-16 16:45:00,300.0
2022-11-16 17:00:00,283.61
2022-11-16 17:15:00,316.44
2022-11-16 17:30:00,309.3
2022-11-16 17:45:00,290.81
2022-11-16 18:00:00,300.0
2022-11-16 18:15:00,300.0
2022-11-16 18:30:00,272.72
2022-11-16 18:45:00,265.81
2022-11-16 19:00:00,327.44
2022-11-16 19:15:00,316.43
2022-11-16 19:30:00,273.77
2022-11-16 19:45:00,266.82
2022-11-16 20:00:00,300.0
2022-11-16 20:15:00,273.64
2022-11-16 20:30:00,266.82
2022-11-16 20:45:00,229.53
2022-11-16 21:00:00,293.79
2022-11-16 21:15:00,266.82
2022-11-16 21:30:00,240.81
2022-11-16 21:45:00,146.01
2022-11-16 22:00:00,266.82
2022-11-16 22:15:00,266.82
2022-11-16 22:30:00,230.0
2022-11-16 22:45:00,181.42
2022-11-16 23:00:00,272.19
2022-11-16 23:15:00,266.82
2022-11-16 23:30:00,225.5
2022-11-16 23:45:00,83.77
2022-11-17 00:00:00,271.59
2022-11-17 00:15:00,260.0
2022-11-17 00:30:00,193.56
2022-11-17 00:45:00,54.66
2022-11-17 01:00:00,271.59
2022-11-17 01:15:00,237.58
2022-11-17 01:30:00,141.66
2022-11-17 01:45:00,45.93
2022-11-17 02:00:00,245.58
2022-11-17 02:15:00,245.58
2022-11-17 02:30:00,232.08
2022-11-17 02:45:00,55.73
2022-11-17 03:00:00,65.0
2022-11-17 03:15:00,225.05
2022-11-17 03:30:00,240.05
2022-11-17 03:45:00,245.58
2022-11-17 04:00:00,45.27
2022-11-17 04:15:00,212.74
2022-11-17 04:30:00,245.58
2022-11-17 04:45:00,271.59
2022-11-17 05:00:00,39.96
2022-11-17 05:15:00,214.05
2022-11-17 05:30:00,271.59
2022-11-17 05:45:00,300.0
2022-11-17 06:00:00,64.22
2022-11-17 06:15:00,271.59
2022-11-17 06:30:00,300.0
2022-11-17 06:45:00,333.25
2022-11-17 07:00:00,270.58
2022-11-17 07:15:00,271.59
2022-11-17 07:30:00,271.59
2022-11-17 07:45:00,274.8
2022-11-17 08:00:00,292.77
2022-11-17 08:15:00,275.49
2022-11-17 08:30:00,271.59
2022-11-17 08:45:00,271.59
2022-11-17 09:00:00,288.06
2022-11-17 09:15:00,271.59
2022-11-17 09:30:00,271.59
2022-11-17 09:45:00,271.59
2022-11-17 10:00:00,271.59
2022-11-17 10:15:00,260.0
2022-11-17 10:30:00,245.58
2022-11-17 10:45:00,242.53
2022-11-17 11:00:00,270.58
2022-11-17 11:15:00,270.58
2022-11-17 11:30:00,270.58
2022-11-17 11:45:00,270.58
2022-11-17 12:00:00,271.59
2022-11-17 12:15:00,266.92
2022-11-17 12:30:00,245.58
2022-11-17 12:45:00,271.59
2022-11-17 13:00:00,260.0
2022-11-17 13:15:00,260.0
2022-11-17 13:30:00,245.58
2022-11-17 13:45:00,166.57
2022-11-17 14:00:00,156.85
2022-11-17 14:15:00,227.08
2022-11-17 14:30:00,245.58
2022-11-17 14:45:00,270.58
2022-11-17 15:00:00,245.58
2022-11-17 15:15:00,260.0
2022-11-17 15:30:00,257.82
2022-11-17 15:45:00,271.59
2022-11-17 16:00:00,270.46
2022-11-17 16:15:00,270.58
2022-11-17 16:30:00,295.58
2022-11-17 16:45:00,300.0
2022-11-17 17:00:00,271.59
2022-11-17 17:15:00,271.59
2022-11-17 17:30:00,309.75
2022-11-17 17:45:00,295.58
2022-11-17 18:00:00,300.0
2022-11-17 18:15:00,270.58
2022-11-17 18:30:00,270.58
2022-11-17 18:45:00,270.58
2022-11-17 19:00:00,300.0
2022-11-17 19:15:00,282.83
2022-11-17 19:30:00,271.59
2022-11-17 19:45:00,245.58
2022-11-17 20:00:00,300.0
2022-11-17 20:15:00,271.59
2022-11-17 20:30:00,260.0
2022-11-17 20:45:00,108.41
2022-11-17 21:00:00,300.0
2022-11-17 21:15:00,271.59
2022-11-17 21:30:00,260.0
2022-11-17 21:45:00,113.37
2022-11-17 22:00:00,260.0
2022-11-17 22:15:00,271.59
2022-11-17 22:30:00,245.58
2022-11-17 22:45:00,112.18
2022-11-17 23:00:00,280.12
2022-11-17 23:15:00,260.0
2022-11-17 23:30:00,227.85
2022-11-17 23:45:00,72.22
2022-11-18 00:00:00,271.47
2022-11-18 00:15:00,245.46
2022-11-18 00:30:00,183.66
2022-11-18 00:45:00,96.94
2022-11-18 01:00:00,271.47
2022-11-18 01:15:00,245.46
2022-11-18 01:30:00,143.05
2022-11-18 01:45:00,90.09
2022-11-18 02:00:00,254.21
2022-11-18 02:15:00,230.46
2022-11-18 02:30:00,92.47
2022-11-18 02:45:00,119.5
2022-11-18 03:00:00,90.55
2022-11-18 03:15:00,144.99
2022-11-18 03:30:00,223.53
2022-11-18 03:45:00,232.53
2022-11-18 04:00:00,93.1
2022-11-18 04:15:00,129.27
2022-11-18 04:30:00,245.46
2022-11-18 04:45:00,271.47
2022-11-18 05:00:00,65.0
2022-11-18 05:15:00,203.75
2022-11-18 05:30:00,271.47
2022-11-18 05:45:00,300.0
2022-11-18 06:00:00,92.23
2022-11-18 06:15:00,271.47
2022-11-18 06:30:00,300.0
2022-11-18 06:45:00,345.2
2022-11-18 07:00:00,248.01
2022-11-18 07:15:00,271.47
2022-11-18 07:30:00,293.3
2022-11-18 07:45:00,300.0
2022-11-18 08:00:00,271.47
2022-11-18 08:15:00,271.47
2022-11-18 08:30:00,271.47
2022-11-18 08:45:00,270.46
2022-11-18 09:00:00,290.55
2022-11-18 09:15:00,270.46
2022-11-18 09:30:00,271.47
2022-11-18 09:45:00,270.46
2022-11-18 10:00:00,270.46
2022-11-18 10:15:00,270.46
2022-11-18 10:30:00,271.47
2022-11-18 10:45:00,271.47
2022-11-18 11:00:00,270.46
2022-11-18 11:15:00,270.46
2022-11-18 11:30:00,270.46
2022-11-18 11:45:00,268.01
2022-11-18 12:00:00,271.47
2022-11-18 12:15:00,271.47
2022-11-18 12:30:00,271.47
2022-11-18 12:45:00,249.03
2022-11-18 13:00:00,271.47
2022-11-18 13:15:00,271.47
2022-11-18 13:30:00,270.0
2022-11-18 13:45:00,240.8
2022-11-18 14:00:00,270.0
2022-11-18 14:15:00,259.76
2022-11-18 14:30:00,245.46
2022-11-18 14:45:00,270.46
2022-11-18 15:00:00,270.0
2022-11-18 15:15:00,245.46
2022-11-18 15:30:00,253.65
2022-11-18 15:45:00,270.0
2022-11-18 16:00:00,270.46
2022-11-18 16:15:00,270.46
2022-11-18 16:30:00,270.46
2022-11-18 16:45:00,291.19
2022-11-18 17:00:00,271.47
2022-11-18 17:15:00,271.47
2022-11-18 17:30:00,295.46
2022-11-18 17:45:00,286.16
2022-11-18 18:00:00,300.0
2022-11-18 18:15:00,271.47
2022-11-18 18:30:00,271.47
2022-11-18 18:45:00,262.26
2022-11-18 19:00:00,279.96
2022-11-18 19:15:00,271.47
2022-11-18 19:30:00,270.46
2022-11-18 19:45:00,252.8
2022-11-18 20:00:00,308.46
2022-11-18 20:15:00,285.14
2022-11-18 20:30:00,270.0
2022-11-18 20:45:00,160.28
2022-11-18 21:00:00,300.0
2022-11-18 21:15:00,271.47
2022-11-18 21:30:00,271.47
2022-11-18 21:45:00,127.06
2022-11-18 22:00:00,270.0
2022-11-18 22:15:00,270.0
2022-11-18 22:30:00,245.46
2022-11-18 22:45:00,115.09
2022-11-18 23:00:00,274.35
2022-11-18 23:15:00,270.0
2022-11-18 23:30:00,202.0
2022-11-18 23:45:00,93.97
2022-11-19 00:00:00,252.98
2022-11-19 00:15:00,252.98
2022-11-19 00:30:00,209.24
2022-11-19 00:45:00,136.84
2022-11-19 01:00:00,252.98
2022-11-19 01:15:00,226.97
2022-11-19 01:30:00,127.32
2022-11-19 01:45:00,115.65
2022-11-19 02:00:00,226.97
2022-11-19 02:15:00,241.72
2022-11-19 02:30:00,143.67
2022-11-19 02:45:00,143.43
2022-11-19 03:00:00,226.97
2022-11-19 03:15:00,203.47
2022-11-19 03:30:00,129.7
2022-11-19 03:45:00,167.24
2022-11-19 04:00:00,127.78
2022-11-19 04:15:00,160.72
2022-11-19 04:30:00,221.47
2022-11-19 04:45:00,226.97
2022-11-19 05:00:00,131.93
2022-11-19 05:15:00,226.5
2022-11-19 05:30:00,252.98
2022-11-19 05:45:00,121.54
2022-11-19 06:00:00,123.96
2022-11-19 06:15:00,183.65
2022-11-19 06:30:00,252.98
2022-11-19 06:45:00,259.7
2022-11-19 07:00:00,226.97
2022-11-19 07:15:00,252.98
2022-11-19 07:30:00,270.0
2022-11-19 07:45:00,270.0
2022-11-19 08:00:00,252.98
2022-11-19 08:15:00,252.98
2022-11-19 08:30:00,267.59
2022-11-19 08:45:00,270.0
2022-11-19 09:00:00,252.98
2022-11-19 09:15:00,252.98
2022-11-19 09:30:00,252.98
2022-11-19 09:45:00,226.97
2022-11-19 10:00:00,252.98
2022-11-19 10:15:00,252.98
2022-11-19 10:30:00,252.98
2022-11-19 10:45:00,252.98
2022-11-19 11:00:00,258.74
2022-11-19 11:15:00,252.98
2022-11-19 11:30:00,252.98
2022-11-19 11:45:00,248.27
2022-11-19 12:00:00,292.35
2022-11-19 12:15:00,290.85
2022-11-19 12:30:00,270.0
2022-11-19 12:45:00,257.72
2022-11-19 13:00:00,260.42
2022-11-19 13:15:00,252.98
2022-11-19 13:30:00,236.12
2022-11-19 13:45:00,226.97
2022-11-19 14:00:00,226.97
2022-11-19 14:15:00,252.98
2022-11-19 14:30:00,252.98
2022-11-19 14:45:00,226.97
2022-11-19 15:00:00,224.92
2022-11-19 15:15:00,252.98
2022-11-19 15:30:00,252.98
2022-11-19 15:45:00,270.0
2022-11-19 16:00:00,252.98
2022-11-19 16:15:00,270.0
2022-11-19 16:30:00,299.22
2022-11-19 16:45:00,346.85
2022-11-19 17:00:00,262.21
2022-11-19 17:15:00,300.0
2022-11-19 17:30:00,346.81
2022-11-19 17:45:00,292.2
2022-11-19 18:00:00,354.8
2022-11-19 18:15:00,316.0
2022-11-19 18:30:00,276.97
2022-11-19 18:45:00,251.97
2022-11-19 19:00:00,300.0
2022-11-19 19:15:00,281.57
2022-11-19 19:30:00,276.97
2022-11-19 19:45:00,251.97
2022-11-19 20:00:00,290.73
2022-11-19 20:15:00,270.0
2022-11-19 20:30:00,252.98
2022-11-19 20:45:00,226.97
2022-11-19 21:00:00,270.0
2022-11-19 21:15:00,252.98
2022-11-19 21:30:00,218.43
2022-11-19 21:45:00,153.82
2022-11-19 22:00:00,264.05
2022-11-19 22:15:00,253.25
2022-11-19 22:30:00,226.97
2022-11-19 22:45:00,163.91
2022-11-19 23:00:00,270.0
2022-11-19 23:15:00,252.98
2022-11-19 23:30:00,179.5
2022-11-19 23:45:00,137.58
2022-11-20 00:00:00,251.34
2022-11-20 00:15:00,242.08
2022-11-20 00:30:00,163.75
2022-11-20 00:45:00,202.83
2022-11-20 01:00:00,251.34
2022-11-20 01:15:00,223.83
2022-11-20 01:30:00,136.35
2022-11-20 01:45:00,113.4
2022-11-20 02:00:00,235.3
2022-11-20 02:15:00,212.26
2022-11-20 02:30:00,222.97
2022-11-20 02:45:00,118.21
2022-11-20 03:00:00,168.91
2022-11-20 03:15:00,212.83
2022-11-20 03:30:00,112.76
2022-11-20 03:45:00,215.33
2022-11-20 04:00:00,110.2
2022-11-20 04:15:00,150.42
2022-11-20 04:30:00,224.84
2022-11-20 04:45:00,224.34
2022-11-20 05:00:00,99.06
2022-11-20 05:15:00,102.72
2022-11-20 05:30:00,115.19
2022-11-20 05:45:00,224.78
2022-11-20 06:00:00,97.4
2022-11-20 06:15:00,117.67
2022-11-20 06:30:00,236.33
2022-11-20 06:45:00,247.83
2022-11-20 07:00:00,140.01
2022-11-20 07:15:00,225.33
2022-11-20 07:30:00,243.33
2022-11-20 07:45:00,251.34
2022-11-20 08:00:00,225.1
2022-11-20 08:15:00,231.72
2022-11-20 08:30:00,220.1
2022-11-20 08:45:00,233.72
2022-11-20 09:00:00,225.33
2022-11-20 09:15:00,221.29
2022-11-20 09:30:00,214.29
2022-11-20 09:45:00,164.82
2022-11-20 10:00:00,247.02
2022-11-20 10:15:00,225.33
2022-11-20 10:30:00,211.71
2022-11-20 10:45:00,156.12
2022-11-20 11:00:00,250.33
2022-11-20 11:15:00,233.58
2022-11-20 11:30:00,160.99
2022-11-20 11:45:00,195.13
2022-11-20 12:00:00,250.33
2022-11-20 12:15:00,225.65
2022-11-20 12:30:00,225.33
2022-11-20 12:45:00,221.47
2022-11-20 13:00:00,231.58
2022-11-20 13:15:00,153.3
2022-11-20 13:30:00,204.33
2022-11-20 13:45:00,212.33
2022-11-20 14:00:00,179.84
2022-11-20 14:15:00,170.03
2022-11-20 14:30:00,224.83
2022-11-20 14:45:00,217.83
2022-11-20 15:00:00,128.18
2022-11-20 15:15:00,218.84
2022-11-20 15:30:00,249.33
2022-11-20 15:45:00,250.33
2022-11-20 16:00:00,251.34
2022-11-20 16:15:00,252.98
2022-11-20 16:30:00,273.85
2022-11-20 16:45:00,300.0
2022-11-20 17:00:00,251.34
2022-11-20 17:15:00,264.76
2022-11-20 17:30:00,295.8
2022-11-20 17:45:00,346.87
2022-11-20 18:00:00,307.78
2022-11-20 18:15:00,300.0
2022-11-20 18:30:00,279.77
2022-11-20 18:45:00,261.42
2022-11-20 19:00:00,253.5
2022-11-20 19:15:00,251.34
2022-11-20 19:30:00,251.34
2022-11-20 19:45:00,250.39
2022-11-20 20:00:00,266.22
2022-11-20 20:15:00,251.34
2022-11-20 20:30:00,239.04
2022-11-20 20:45:00,210.84
2022-11-20 21:00:00,251.34
2022-11-20 21:15:00,251.34
2022-11-20 21:30:00,215.83
2022-11-20 21:45:00,134.61
2022-11-20 22:00:00,251.34
2022-11-20 22:15:00,251.34
2022-11-20 22:30:00,170.46
2022-11-20 22:45:00,186.86
2022-11-20 23:00:00,265.63
2022-11-20 23:15:00,251.34
2022-11-20 23:30:00,191.93
2022-11-20 23:45:00,96.83
2022-11-21 00:00:00,277.77
2022-11-21 00:15:00,259.6
2022-11-21 00:30:00,75.02
2022-11-21 00:45:00,75.02
2022-11-21 01:00:00,277.77
2022-11-21 01:15:00,264.01
2022-11-21 01:30:00,106.67
2022-11-21 01:45:00,68.27
2022-11-21 02:00:00,246.76
2022-11-21 02:15:00,244.76
2022-11-21 02:30:00,153.38
2022-11-21 02:45:00,151.78
2022-11-21 03:00:00,243.26
2022-11-21 03:15:00,134.8
2022-11-21 03:30:00,175.07
2022-11-21 03:45:00,243.76
2022-11-21 04:00:00,84.65
2022-11-21 04:15:00,178.02
2022-11-21 04:30:00,276.76
2022-11-21 04:45:00,277.77
2022-11-21 05:00:00,-20.0
2022-11-21 05:15:00,235.52
2022-11-21 05:30:00,277.77
2022-11-21 05:45:00,346.82
2022-11-21 06:00:00,-20.0
2022-11-21 06:15:00,276.76
2022-11-21 06:30:00,300.0
2022-11-21 06:45:00,483.91
2022-11-21 07:00:00,277.77
2022-11-21 07:15:00,277.77
2022-11-21 07:30:00,300.0
2022-11-21 07:45:00,312.25
2022-11-21 08:00:00,321.08
2022-11-21 08:15:00,321.58
2022-11-21 08:30:00,303.58
2022-11-21 08:45:00,301.76
2022-11-21 09:00:00,346.82
2022-11-21 09:15:00,300.0
2022-11-21 09:30:00,307.98
2022-11-21 09:45:00,276.76
2022-11-21 10:00:00,301.76
2022-11-21 10:15:00,301.76
2022-11-21 10:30:00,298.2
2022-11-21 10:45:00,276.76
2022-11-21 11:00:00,320.39
2022-11-21 11:15:00,318.39
2022-11-21 11:30:00,303.39
2022-11-21 11:45:00,277.77
2022-11-21 12:00:00,300.0
2022-11-21 12:15:00,298.93
2022-11-21 12:30:00,291.73
2022-11-21 12:45:00,290.29
2022-11-21 13:00:00,276.85
2022-11-21 13:15:00,277.77
2022-11-21 13:30:00,277.77
2022-11-21 13:45:00,251.76
2022-11-21 14:00:00,276.76
2022-11-21 14:15:00,276.76
2022-11-21 14:30:00,279.4
2022-11-21 14:45:00,301.76
2022-11-21 15:00:00,284.43
2022-11-21 15:15:00,296.9
2022-11-21 15:30:00,321.13
2022-11-21 15:45:00,341.83
2022-11-21 16:00:00,276.76
2022-11-21 16:15:00,277.77
2022-11-21 16:30:00,282.82
2022-11-21 16:45:00,300.0
2022-11-21 17:00:00,296.79
2022-11-21 17:15:00,347.0
2022-11-21 17:30:00,346.87
2022-11-21 17:45:00,303.41
2022-11-21 18:00:00,316.12
2022-11-21 18:15:00,307.12
2022-11-21 18:30:00,298.82
2022-11-21 18:45:00,277.77
2022-11-21 19:00:00,300.0
2022-11-21 19:15:00,285.6
2022-11-21 19:30:00,277.77
2022-11-21 19:45:00,246.59
2022-11-21 20:00:00,304.76
2022-11-21 20:15:00,283.53
2022-11-21 20:30:00,277.77
2022-11-21 20:45:00,196.98
2022-11-21 21:00:00,293.51
2022-11-21 21:15:00,277.77
2022-11-21 21:30:00,235.06
2022-11-21 21:45:00,130.96
2022-11-21 22:00:00,277.77
2022-11-21 22:15:00,277.77
2022-11-21 22:30:00,216.73
2022-11-21 22:45:00,123.74
2022-11-21 23:00:00,300.0
2022-11-21 23:15:00,277.77
2022-11-21 23:30:00,172.33
2022-11-21 23:45:00,90.02
2022-11-22 00:00:00,270.0
2022-11-22 00:15:00,220.77
2022-11-22 00:30:00,106.74
2022-11-22 00:45:00,65.0
2022-11-22 01:00:00,270.0
2022-11-22 01:15:00,115.29
2022-11-22 01:30:00,107.4
2022-11-22 01:45:00,94.1
2022-11-22 02:00:00,264.96
2022-11-22 02:15:00,108.23
2022-11-22 02:30:00,102.27
2022-11-22 02:45:00,100.92
2022-11-22 03:00:00,107.32
2022-11-22 03:15:00,104.89
2022-11-22 03:30:00,185.28
2022-11-22 03:45:00,105.92
2022-11-22 04:00:00,87.73
2022-11-22 04:15:00,92.87
2022-11-22 04:30:00,139.76
2022-11-22 04:45:00,270.0
2022-11-22 05:00:00,-9.39
2022-11-22 05:15:00,122.16
2022-11-22 05:30:00,267.8
2022-11-22 05:45:00,300.0
2022-11-22 06:00:00,0.9
2022-11-22 06:15:00,270.0
2022-11-22 06:30:00,300.31
2022-11-22 06:45:00,336.43
2022-11-22 07:00:00,240.6
2022-11-22 07:15:00,290.97
2022-11-22 07:30:00,295.36
2022-11-22 07:45:00,300.0
2022-11-22 08:00:00,289.96
2022-11-22 08:15:00,285.93
2022-11-22 08:30:00,282.68
2022-11-22 08:45:00,281.43
2022-11-22 09:00:00,290.97
2022-11-22 09:15:00,289.96
2022-11-22 09:30:00,290.97
2022-11-22 09:45:00,267.75
2022-11-22 10:00:00,290.97
2022-11-22 10:15:00,285.88
2022-11-22 10:30:00,270.0
2022-11-22 10:45:00,270.0
2022-11-22 11:00:00,289.96
2022-11-22 11:15:00,289.96
2022-11-22 11:30:00,288.84
2022-11-22 11:45:00,282.34
2022-11-22 12:00:00,290.97
2022-11-22 12:15:00,276.1
2022-11-22 12:30:00,264.96
2022-11-22 12:45:00,264.96
2022-11-22 13:00:00,289.96
2022-11-22 13:15:00,289.96
2022-11-22 13:30:00,270.0
2022-11-22 13:45:00,234.37
2022-11-22 14:00:00,278.26
2022-11-22 14:15:00,270.76
2022-11-22 14:30:00,279.76
2022-11-22 14:45:00,276.76
2022-11-22 15:00:00,262.42
2022-11-22 15:15:00,279.0
2022-11-22 15:30:00,281.75
2022-11-22 15:45:00,285.75
2022-11-22 16:00:00,264.27
2022-11-22 16:15:00,282.86
2022-11-22 16:30:00,289.96
2022-11-22 16:45:00,289.96
2022-11-22 17:00:00,289.96
2022-11-22 17:15:00,291.01
2022-11-22 17:30:00,289.96
2022-11-22 17:45:00,281.21
2022-11-22 18:00:00,300.0
2022-11-22 18:15:00,289.96
2022-11-22 18:30:00,281.7
2022-11-22 18:45:00,267.7
2022-11-22 19:00:00,300.0
2022-11-22 19:15:00,290.97
2022-11-22 19:30:00,270.0
2022-11-22 19:45:00,168.93
2022-11-22 20:00:00,300.0
2022-11-22 20:15:00,290.97
2022-11-22 20:30:00,264.96
2022-11-22 20:45:00,166.29
2022-11-22 21:00:00,290.97
2022-11-22 21:15:00,270.0
2022-11-22 21:30:00,233.52
2022-11-22 21:45:00,65.0
2022-11-22 22:00:00,270.0
2022-11-22 22:15:00,270.0
2022-11-22 22:30:00,161.06
2022-11-22 22:45:00,147.19
2022-11-22 23:00:00,290.97
2022-11-22 23:15:00,264.96
2022-11-22 23:30:00,129.37
2022-11-22 23:45:00,65.0
2022-11-23 00:00:00,252.14
2022-11-23 00:15:00,113.3
2022-11-23 00:30:00,106.52
2022-11-23 00:45:00,102.3
2022-11-23 01:00:00,247.68
2022-11-23 01:15:00,98.19
2022-11-23 01:30:00,98.08
2022-11-23 01:45:00,80.54
2022-11-23 02:00:00,209.87
2022-11-23 02:15:00,95.44
2022-11-23 02:30:00,93.64
2022-11-23 02:45:00,96.53
2022-11-23 03:00:00,136.95
2022-11-23 03:15:00,104.41
2022-11-23 03:30:00,104.54
2022-11-23 03:45:00,103.64
2022-11-23 04:00:00,79.62
2022-11-23 04:15:00,88.47
2022-11-23 04:30:00,96.11
2022-11-23 04:45:00,247.68
2022-11-23 05:00:00,-0.71
2022-11-23 05:15:00,114.74
2022-11-23 05:30:00,270.47
2022-11-23 05:45:00,300.0
2022-11-23 06:00:00,1.98
2022-11-23 06:15:00,270.0
2022-11-23 06:30:00,300.0
2022-11-23 06:45:00,304.17
2022-11-23 07:00:00,230.75
2022-11-23 07:15:00,273.69
2022-11-23 07:30:00,273.69
2022-11-23 07:45:00,297.75
2022-11-23 08:00:00,272.68
2022-11-23 08:15:00,272.68
2022-11-23 08:30:00,272.68
2022-11-23 08:45:00,272.68
2022-11-23 09:00:00,272.68
2022-11-23 09:15:00,272.68
2022-11-23 09:30:00,267.55
2022-11-23 09:45:00,247.68
2022-11-23 10:00:00,272.68
2022-11-23 10:15:00,272.68
2022-11-23 10:30:00,211.46
2022-11-23 10:45:00,246.18
2022-11-23 11:00:00,272.68
2022-11-23 11:15:00,272.68
2022-11-23 11:30:00,272.68
2022-11-23 11:45:00,250.4
2022-11-23 12:00:00,272.68
2022-11-23 12:15:00,235.52
2022-11-23 12:30:00,224.02
2022-11-23 12:45:00,237.52
2022-11-23 13:00:00,272.68
2022-11-23 13:15:00,272.68
2022-11-23 13:30:00,201.19
2022-11-23 13:45:00,181.21
2022-11-23 14:00:00,217.05
2022-11-23 14:15:00,241.68
2022-11-23 14:30:00,251.18
2022-11-23 14:45:00,267.93
2022-11-23 15:00:00,247.68
2022-11-23 15:15:00,271.5
2022-11-23 15:30:00,273.69
2022-11-23 15:45:00,273.69
2022-11-23 16:00:00,258.93
2022-11-23 16:15:00,269.93
2022-11-23 16:30:00,272.68
2022-11-23 16:45:00,282.3
2022-11-23 17:00:00,297.68
2022-11-23 17:15:00,278.52
2022-11-23 17:30:00,272.68
2022-11-23 17:45:00,272.68
2022-11-23 18:00:00,300.0
2022-11-23 18:15:00,287.05
2022-11-23 18:30:00,272.68
2022-11-23 18:45:00,272.68
2022-11-23 19:00:00,300.0
2022-11-23 19:15:00,297.68
2022-11-23 19:30:00,272.68
2022-11-23 19:45:00,229.64
2022-11-23 20:00:00,300.0
2022-11-23 20:15:00,273.69
2022-11-23 20:30:00,254.16
2022-11-23 20:45:00,164.89
2022-11-23 21:00:00,273.69
2022-11-23 21:15:00,270.0
2022-11-23 21:30:00,204.58
2022-11-23 21:45:00,127.48
2022-11-23 22:00:00,270.0
2022-11-23 22:15:00,270.0
2022-11-23 22:30:00,161.56
2022-11-23 22:45:00,128.15
2022-11-23 23:00:00,273.69
2022-11-23 23:15:00,269.31
2022-11-23 23:30:00,105.37
2022-11-23 23:45:00,65.0
2022-11-24 00:00:00,296.52
2022-11-24 00:15:00,270.51
2022-11-24 00:30:00,133.88
2022-11-24 00:45:00,103.5
2022-11-24 01:00:00,296.52
2022-11-24 01:15:00,270.0
2022-11-24 01:30:00,115.81
2022-11-24 01:45:00,97.7
2022-11-24 02:00:00,270.0
2022-11-24 02:15:00,268.01
2022-11-24 02:30:00,221.14
2022-11-24 02:45:00,100.86
2022-11-24 03:00:00,249.08
2022-11-24 03:15:00,101.38
2022-11-24 03:30:00,104.1
2022-11-24 03:45:00,152.17
2022-11-24 04:00:00,121.78
2022-11-24 04:15:00,171.2
2022-11-24 04:30:00,270.51
2022-11-24 04:45:00,296.52
2022-11-24 05:00:00,113.02
2022-11-24 05:15:00,149.57
2022-11-24 05:30:00,270.51
2022-11-24 05:45:00,300.0
2022-11-24 06:00:00,139.58
2022-11-24 06:15:00,296.52
2022-11-24 06:30:00,316.43
2022-11-24 06:45:00,347.32
2022-11-24 07:00:00,270.51
2022-11-24 07:15:00,296.52
2022-11-24 07:30:00,303.72
2022-11-24 07:45:00,309.24
2022-11-24 08:00:00,320.51
2022-11-24 08:15:00,323.16
2022-11-24 08:30:00,296.52
2022-11-24 08:45:00,297.79
2022-11-24 09:00:00,296.52
2022-11-24 09:15:00,296.52
2022-11-24 09:30:00,300.0
2022-11-24 09:45:00,296.52
2022-11-24 10:00:00,296.52
2022-11-24 10:15:00,296.52
2022-11-24 10:30:00,275.43
2022-11-24 10:45:00,270.51
2022-11-24 11:00:00,296.52
2022-11-24 11:15:00,296.52
2022-11-24 11:30:00,296.52
2022-11-24 11:45:00,285.47
2022-11-24 12:00:00,296.52
2022-11-24 12:15:00,296.52
2022-11-24 12:30:00,276.15
2022-11-24 12:45:00,296.52
2022-11-24 13:00:00,296.52
2022-11-24 13:15:00,271.39
2022-11-24 13:30:00,270.51
2022-11-24 13:45:00,270.51
2022-11-24 14:00:00,270.0
2022-11-24 14:15:00,270.51
2022-11-24 14:30:00,295.51
2022-11-24 14:45:00,295.51
2022-11-24 15:00:00,292.16
2022-11-24 15:15:00,295.51
2022-11-24 15:30:00,295.51
2022-11-24 15:45:00,295.51
2022-11-24 16:00:00,295.51
2022-11-24 16:15:00,295.51
2022-11-24 16:30:00,320.51
2022-11-24 16:45:00,325.87
2022-11-24 17:00:00,347.32
2022-11-24 17:15:00,347.33
2022-11-24 17:30:00,322.55
2022-11-24 17:45:00,323.55
2022-11-24 18:00:00,310.56
2022-11-24 18:15:00,300.0
2022-11-24 18:30:00,295.51
2022-11-24 18:45:00,295.51
2022-11-24 19:00:00,320.51
2022-11-24 19:15:00,320.51
2022-11-24 19:30:00,295.51
2022-11-24 19:45:00,219.2
2022-11-24 20:00:00,309.02
2022-11-24 20:15:00,297.74
2022-11-24 20:30:00,270.51
2022-11-24 20:45:00,183.31
2022-11-24 21:00:00,296.52
2022-11-24 21:15:00,277.86
2022-11-24 21:30:00,264.51
2022-11-24 21:45:00,161.47
2022-11-24 22:00:00,295.51
2022-11-24 22:15:00,270.51
2022-11-24 22:30:00,189.24
2022-11-24 22:45:00,156.23
2022-11-24 23:00:00,299.88
2022-11-24 23:15:00,270.51
2022-11-24 23:30:00,145.06
2022-11-24 23:45:00,101.32
2022-11-25 00:00:00,295.0
2022-11-25 00:15:00,257.09
2022-11-25 00:30:00,147.83
2022-11-25 00:45:00,115.07
2022-11-25 01:00:00,295.0
2022-11-25 01:15:00,172.37
2022-11-25 01:30:00,153.16
2022-11-25 01:45:00,139.99
2022-11-25 02:00:00,275.09
2022-11-25 02:15:00,167.83
2022-11-25 02:30:00,247.33
2022-11-25 02:45:00,153.65
2022-11-25 03:00:00,140.39
2022-11-25 03:15:00,139.28
2022-11-25 03:30:00,216.19
2022-11-25 03:45:00,271.09
2022-11-25 04:00:00,138.97
2022-11-25 04:15:00,146.13
2022-11-25 04:30:00,192.31
2022-11-25 04:45:00,300.0
2022-11-25 05:00:00,65.0
2022-11-25 05:15:00,210.71
2022-11-25 05:30:00,301.1
2022-11-25 05:45:00,311.59
2022-11-25 06:00:00,153.31
2022-11-25 06:15:00,295.0
2022-11-25 06:30:00,301.1
2022-11-25 06:45:00,319.09
2022-11-25 07:00:00,285.18
2022-11-25 07:15:00,301.1
2022-11-25 07:30:00,305.18
2022-11-25 07:45:00,308.54
2022-11-25 08:00:00,325.09
2022-11-25 08:15:00,325.09
2022-11-25 08:30:00,304.09
2022-11-25 08:45:00,300.09
2022-11-25 09:00:00,314.57
2022-11-25 09:15:00,300.09
2022-11-25 09:30:00,325.09
2022-11-25 09:45:00,300.09
2022-11-25 10:00:00,300.09
2022-11-25 10:15:00,298.49
2022-11-25 10:30:00,296.74
2022-11-25 10:45:00,295.0
2022-11-25 11:00:00,304.25
2022-11-25 11:15:00,300.09
2022-11-25 11:30:00,325.09
2022-11-25 11:45:00,300.09
2022-11-25 12:00:00,300.09
2022-11-25 12:15:00,300.09
2022-11-25 12:30:00,299.73
2022-11-25 12:45:00,300.09
2022-11-25 13:00:00,301.1
2022-11-25 13:15:00,300.0
2022-11-25 13:30:00,275.09
2022-11-25 13:45:00,267.62
2022-11-25 14:00:00,275.09
2022-11-25 14:15:00,275.09
2022-11-25 14:30:00,295.0
2022-11-25 14:45:00,295.31
2022-11-25 15:00:00,301.1
2022-11-25 15:15:00,301.1
2022-11-25 15:30:00,301.77
2022-11-25 15:45:00,306.81
2022-11-25 16:00:00,279.59
2022-11-25 16:15:00,300.09
2022-11-25 16:30:00,314.84
2022-11-25 16:45:00,325.09
2022-11-25 17:00:00,300.09
2022-11-25 17:15:00,319.33
2022-11-25 17:30:00,300.09
2022-11-25 17:45:00,300.09
2022-11-25 18:00:00,300.09
2022-11-25 18:15:00,300.09
2022-11-25 18:30:00,300.09
2022-11-25 18:45:00,292.0
2022-11-25 19:00:00,300.09
2022-11-25 19:15:00,300.09
2022-11-25 19:30:00,300.09
2022-11-25 19:45:00,258.12
2022-11-25 20:00:00,301.1
2022-11-25 20:15:00,301.1
2022-11-25 20:30:00,300.09
2022-11-25 20:45:00,226.12
2022-11-25 21:00:00,300.09
2022-11-25 21:15:00,295.0
2022-11-25 21:30:00,251.45
2022-11-25 21:45:00,178.9
2022-11-25 22:00:00,300.09
2022-11-25 22:15:00,295.0
2022-11-25 22:30:00,221.33
2022-11-25 22:45:00,169.36
2022-11-25 23:00:00,300.09
2022-11-25 23:15:00,295.0
2022-11-25 23:30:00,181.4
2022-11-25 23:45:00,123.51
2022-11-26 00:00:00,294.17
2022-11-26 00:15:00,252.23
2022-11-26 00:30:00,226.22
2022-11-26 00:45:00,187.78
2022-11-26 01:00:00,265.18
2022-11-26 01:15:00,252.23
2022-11-26 01:30:00,181.95
2022-11-26 01:45:00,148.91
2022-11-26 02:00:00,252.23
2022-11-26 02:15:00,226.22
2022-11-26 02:30:00,226.22
2022-11-26 02:45:00,195.41
2022-11-26 03:00:00,226.22
2022-11-26 03:15:00,206.56
2022-11-26 03:30:00,152.58
2022-11-26 03:45:00,151.16
2022-11-26 04:00:00,154.1
2022-11-26 04:15:00,204.55
2022-11-26 04:30:00,226.22
2022-11-26 04:45:00,252.23
2022-11-26 05:00:00,154.9
2022-11-26 05:15:00,226.22
2022-11-26 05:30:00,211.06
2022-11-26 05:45:00,252.23
2022-11-26 06:00:00,139.95
2022-11-26 06:15:00,216.41
2022-11-26 06:30:00,252.23
2022-11-26 06:45:00,286.91
2022-11-26 07:00:00,169.98
2022-11-26 07:15:00,226.22
2022-11-26 07:30:00,252.23
2022-11-26 07:45:00,298.93
2022-11-26 08:00:00,226.22
2022-11-26 08:15:00,252.23
2022-11-26 08:30:00,271.82
2022-11-26 08:45:00,300.0
2022-11-26 09:00:00,268.21
2022-11-26 09:15:00,276.22
2022-11-26 09:30:00,276.22
2022-11-26 09:45:00,251.22
2022-11-26 10:00:00,269.74
2022-11-26 10:15:00,262.31
2022-11-26 10:30:00,258.23
2022-11-26 10:45:00,252.23
2022-11-26 11:00:00,272.26
2022-11-26 11:15:00,261.7
2022-11-26 11:30:00,252.23
2022-11-26 11:45:00,226.22
2022-11-26 12:00:00,272.37
2022-11-26 12:15:00,252.23
2022-11-26 12:30:00,226.22
2022-11-26 12:45:00,215.2
2022-11-26 13:00:00,287.71
2022-11-26 13:15:00,252.23
2022-11-26 13:30:00,226.22
2022-11-26 13:45:00,196.52
2022-11-26 14:00:00,252.23
2022-11-26 14:15:00,229.72
2022-11-26 14:30:00,226.22
2022-11-26 14:45:00,252.23
2022-11-26 15:00:00,226.22
2022-11-26 15:15:00,252.23
2022-11-26 15:30:00,252.23
2022-11-26 15:45:00,266.01
2022-11-26 16:00:00,251.22
2022-11-26 16:15:00,251.22
2022-11-26 16:30:00,308.7
2022-11-26 16:45:00,330.0
2022-11-26 17:00:00,276.22
2022-11-26 17:15:00,300.0
2022-11-26 17:30:00,312.52
2022-11-26 17:45:00,330.0
2022-11-26 18:00:00,373.72
2022-11-26 18:15:00,330.0
2022-11-26 18:30:00,262.52
2022-11-26 18:45:00,251.22
2022-11-26 19:00:00,330.0
2022-11-26 19:15:00,330.0
2022-11-26 19:30:00,276.22
2022-11-26 19:45:00,251.22
2022-11-26 20:00:00,330.0
2022-11-26 20:15:00,276.22
2022-11-26 20:30:00,251.22
2022-11-26 20:45:00,205.4
2022-11-26 21:00:00,292.65
2022-11-26 21:15:00,252.23
2022-11-26 21:30:00,226.22
2022-11-26 21:45:00,166.26
2022-11-26 22:00:00,252.23
2022-11-26 22:15:00,252.23
2022-11-26 22:30:00,216.63
2022-11-26 22:45:00,179.29
2022-11-26 23:00:00,270.94
2022-11-26 23:15:00,252.23
2022-11-26 23:30:00,142.38
2022-11-26 23:45:00,107.01
2022-11-27 00:00:00,252.47
2022-11-27 00:15:00,240.82
2022-11-27 00:30:00,208.58
2022-11-27 00:45:00,201.58
2022-11-27 01:00:00,240.82
2022-11-27 01:15:00,203.47
2022-11-27 01:30:00,117.78
2022-11-27 01:45:00,108.21
2022-11-27 02:00:00,240.82
2022-11-27 02:15:00,214.81
2022-11-27 02:30:00,202.91
2022-11-27 02:45:00,123.68
2022-11-27 03:00:00,196.12
2022-11-27 03:15:00,114.73
2022-11-27 03:30:00,112.92
2022-11-27 03:45:00,113.62
2022-11-27 04:00:00,113.21
2022-11-27 04:15:00,150.1
2022-11-27 04:30:00,214.81
2022-11-27 04:45:00,214.81
2022-11-27 05:00:00,108.4
2022-11-27 05:15:00,110.15
2022-11-27 05:30:00,130.57
2022-11-27 05:45:00,204.31
2022-11-27 06:00:00,39.32
2022-11-27 06:15:00,105.45
2022-11-27 06:30:00,208.81
2022-11-27 06:45:00,214.81
2022-11-27 07:00:00,113.17
2022-11-27 07:15:00,120.51
2022-11-27 07:30:00,214.81
2022-11-27 07:45:00,240.82
2022-11-27 08:00:00,121.55
2022-11-27 08:15:00,190.81
2022-11-27 08:30:00,214.81
2022-11-27 08:45:00,231.26
2022-11-27 09:00:00,150.45
2022-11-27 09:15:00,213.81
2022-11-27 09:30:00,214.81
2022-11-27 09:45:00,214.81
2022-11-27 10:00:00,239.81
2022-11-27 10:15:00,148.0
2022-11-27 10:30:00,204.81
2022-11-27 10:45:00,214.81
2022-11-27 11:00:00,239.81
2022-11-27 11:15:00,214.81
2022-11-27 11:30:00,190.21
2022-11-27 11:45:00,151.23
2022-11-27 12:00:00,240.82
2022-11-27 12:15:00,214.81
2022-11-27 12:30:00,136.69
2022-11-27 12:45:00,125.55
2022-11-27 13:00:00,240.82
2022-11-27 13:15:00,214.81
2022-11-27 13:30:00,165.37
2022-11-27 13:45:00,126.6
2022-11-27 14:00:00,130.77
2022-11-27 14:15:00,195.39
2022-11-27 14:30:00,207.89
2022-11-27 14:45:00,214.81
2022-11-27 15:00:00,143.45
2022-11-27 15:15:00,214.81
2022-11-27 15:30:00,240.82
2022-11-27 15:45:00,240.82
2022-11-27 16:00:00,154.35
2022-11-27 16:15:00,214.81
2022-11-27 16:30:00,243.12
2022-11-27 16:45:00,300.0
2022-11-27 17:00:00,239.81
2022-11-27 17:15:00,240.82
2022-11-27 17:30:00,264.81
2022-11-27 17:45:00,282.87
2022-11-27 18:00:00,279.77
2022-11-27 18:15:00,264.81
2022-11-27 18:30:00,239.81
2022-11-27 18:45:00,239.81
2022-11-27 19:00:00,300.0
2022-11-27 19:15:00,292.01
2022-11-27 19:30:00,242.74
2022-11-27 19:45:00,240.82
2022-11-27 20:00:00,268.6
2022-11-27 20:15:00,240.82
2022-11-27 20:30:00,240.82
2022-11-27 20:45:00,214.81
2022-11-27 21:00:00,240.82
2022-11-27 21:15:00,239.86
2022-11-27 21:30:00,214.81
2022-11-27 21:45:00,208.81
2022-11-27 22:00:00,214.81
2022-11-27 22:15:00,240.82
2022-11-27 22:30:00,166.06
2022-11-27 22:45:00,191.31
2022-11-27 23:00:00,263.76
2022-11-27 23:15:00,240.82
2022-11-27 23:30:00,125.79
2022-11-27 23:45:00,117.83
2022-11-28 00:00:00,300.0
2022-11-28 00:15:00,231.93
2022-11-28 00:30:00,107.92
2022-11-28 00:45:00,107.19
2022-11-28 01:00:00,274.44
2022-11-28 01:15:00,118.11
2022-11-28 01:30:00,107.32
2022-11-28 01:45:00,60.68
2022-11-28 02:00:00,177.56
2022-11-28 02:15:00,114.71
2022-11-28 02:30:00,113.76
2022-11-28 02:45:00,112.67
2022-11-28 03:00:00,119.84
2022-11-28 03:15:00,116.15
2022-11-28 03:30:00,118.6
2022-11-28 03:45:00,139.65
2022-11-28 04:00:00,104.05
2022-11-28 04:15:00,112.26
2022-11-28 04:30:00,190.82
2022-11-28 04:45:00,300.0
2022-11-28 05:00:00,-20.0
2022-11-28 05:15:00,151.29
2022-11-28 05:30:00,300.45
2022-11-28 05:45:00,395.92
2022-11-28 06:00:00,-11.47
2022-11-28 06:15:00,300.45
2022-11-28 06:30:00,325.7
2022-11-28 06:45:00,427.65
2022-11-28 07:00:00,299.44
2022-11-28 07:15:00,301.43
2022-11-28 07:30:00,323.5
2022-11-28 07:45:00,395.45
2022-11-28 08:00:00,321.61
2022-11-28 08:15:00,343.05
2022-11-28 08:30:00,341.05
2022-11-28 08:45:00,334.05
2022-11-28 09:00:00,324.44
2022-11-28 09:15:00,324.44
2022-11-28 09:30:00,300.45
2022-11-28 09:45:00,300.45
2022-11-28 10:00:00,302.57
2022-11-28 10:15:00,300.45
2022-11-28 10:30:00,300.45
2022-11-28 10:45:00,300.45
2022-11-28 11:00:00,315.97
2022-11-28 11:15:00,309.73
2022-11-28 11:30:00,309.01
2022-11-28 11:45:00,265.29
2022-11-28 12:00:00,300.45
2022-11-28 12:15:00,298.66
2022-11-28 12:30:00,300.45
2022-11-28 12:45:00,300.45
2022-11-28 13:00:00,309.73
2022-11-28 13:15:00,304.45
2022-11-28 13:30:00,300.45
2022-11-28 13:45:00,300.45
2022-11-28 14:00:00,303.46
2022-11-28 14:15:00,302.98
2022-11-28 14:30:00,303.94
2022-11-28 14:45:00,313.78
2022-11-28 15:00:00,300.45
2022-11-28 15:15:00,312.06
2022-11-28 15:30:00,341.14
2022-11-28 15:45:00,414.36
2022-11-28 16:00:00,324.44
2022-11-28 16:15:00,395.4
2022-11-28 16:30:00,395.49
2022-11-28 16:45:00,404.66
2022-11-28 17:00:00,395.42
2022-11-28 17:15:00,395.5
2022-11-28 17:30:00,395.47
2022-11-28 17:45:00,373.62
2022-11-28 18:00:00,397.3
2022-11-28 18:15:00,395.49
2022-11-28 18:30:00,363.31
2022-11-28 18:45:00,313.88
2022-11-28 19:00:00,435.27
2022-11-28 19:15:00,414.84
2022-11-28 19:30:00,330.31
2022-11-28 19:45:00,299.44
2022-11-28 20:00:00,395.44
2022-11-28 20:15:00,306.69
2022-11-28 20:30:00,300.45
2022-11-28 20:45:00,202.17
2022-11-28 21:00:00,323.24
2022-11-28 21:15:00,300.45
2022-11-28 21:30:00,300.45
2022-11-28 21:45:00,200.31
2022-11-28 22:00:00,300.45
2022-11-28 22:15:00,300.45
2022-11-28 22:30:00,274.44
2022-11-28 22:45:00,254.16
2022-11-28 23:00:00,300.45
2022-11-28 23:15:00,300.45
2022-11-28 23:30:00,193.69
2022-11-28 23:45:00,167.34
2022-11-29 00:00:00,286.95
2022-11-29 00:15:00,300.0
2022-11-29 00:30:00,202.12
2022-11-29 00:45:00,189.66
2022-11-29 01:00:00,364.46
2022-11-29 01:15:00,218.32
2022-11-29 01:30:00,187.5
2022-11-29 01:45:00,178.15
2022-11-29 02:00:00,363.54
2022-11-29 02:15:00,250.28
2022-11-29 02:30:00,198.28
2022-11-29 02:45:00,198.28
2022-11-29 03:00:00,184.24
2022-11-29 03:15:00,192.95
2022-11-29 03:30:00,191.69
2022-11-29 03:45:00,345.0
2022-11-29 04:00:00,153.79
2022-11-29 04:15:00,177.79
2022-11-29 04:30:00,270.4
2022-11-29 04:45:00,369.46
2022-11-29 05:00:00,134.48
2022-11-29 05:15:00,223.61
2022-11-29 05:30:00,374.96
2022-11-29 05:45:00,378.96
2022-11-29 06:00:00,111.63
2022-11-29 06:15:00,381.96
2022-11-29 06:30:00,410.4
2022-11-29 06:45:00,428.54
2022-11-29 07:00:00,371.94
2022-11-29 07:15:00,407.97
2022-11-29 07:30:00,407.97
2022-11-29 07:45:00,407.97
2022-11-29 08:00:00,474.83
2022-11-29 08:15:00,495.55
2022-11-29 08:30:00,479.17
2022-11-29 08:45:00,475.0
2022-11-29 09:00:00,466.77
2022-11-29 09:15:00,473.25
2022-11-29 09:30:00,480.42
2022-11-29 09:45:00,466.37
2022-11-29 10:00:00,420.68
2022-11-29 10:15:00,416.15
2022-11-29 10:30:00,426.14
2022-11-29 10:45:00,407.97
2022-11-29 11:00:00,431.82
2022-11-29 11:15:00,435.17
2022-11-29 11:30:00,446.43
2022-11-29 11:45:00,427.77
2022-11-29 12:00:00,425.11
2022-11-29 12:15:00,425.11
2022-11-29 12:30:00,415.51
2022-11-29 12:45:00,426.02
2022-11-29 13:00:00,410.33
2022-11-29 13:15:00,408.26
2022-11-29 13:30:00,407.97
2022-11-29 13:45:00,407.97
2022-11-29 14:00:00,412.99
2022-11-29 14:15:00,419.23
2022-11-29 14:30:00,427.27
2022-11-29 14:45:00,427.05
2022-11-29 15:00:00,428.13
2022-11-29 15:15:00,437.56
2022-11-29 15:30:00,453.82
2022-11-29 15:45:00,454.1
2022-11-29 16:00:00,431.96
2022-11-29 16:15:00,463.94
2022-11-29 16:30:00,526.95
2022-11-29 16:45:00,551.39
2022-11-29 17:00:00,509.0
2022-11-29 17:15:00,511.29
2022-11-29 17:30:00,486.48
2022-11-29 17:45:00,467.22
2022-11-29 18:00:00,481.4
2022-11-29 18:15:00,471.1
2022-11-29 18:30:00,469.3
2022-11-29 18:45:00,423.8
2022-11-29 19:00:00,477.82
2022-11-29 19:15:00,453.82
2022-11-29 19:30:00,431.96
2022-11-29 19:45:00,410.33
2022-11-29 20:00:00,410.36
2022-11-29 20:15:00,407.97
2022-11-29 20:30:00,406.96
2022-11-29 20:45:00,314.56
2022-11-29 21:00:00,407.97
2022-11-29 21:15:00,381.96
2022-11-29 21:30:00,351.18
2022-11-29 21:45:00,209.54
2022-11-29 22:00:00,407.97
2022-11-29 22:15:00,380.96
2022-11-29 22:30:00,329.95
2022-11-29 22:45:00,203.89
2022-11-29 23:00:00,381.96
2022-11-29 23:15:00,375.89
2022-11-29 23:30:00,217.56
2022-11-29 23:45:00,187.47
2022-11-30 00:00:00,425.81
2022-11-30 00:15:00,345.0
2022-11-30 00:30:00,239.54
2022-11-30 00:45:00,222.12
2022-11-30 01:00:00,393.0
2022-11-30 01:15:00,334.09
2022-11-30 01:30:00,229.45
2022-11-30 01:45:00,203.79
2022-11-30 02:00:00,397.56
2022-11-30 02:15:00,345.0
2022-11-30 02:30:00,219.65
2022-11-30 02:45:00,297.86
2022-11-30 03:00:00,212.95
2022-11-30 03:15:00,345.0
2022-11-30 03:30:00,222.99
2022-11-30 03:45:00,330.04
2022-11-30 04:00:00,197.13
2022-11-30 04:15:00,209.5
2022-11-30 04:30:00,307.45
2022-11-30 04:45:00,398.06
2022-11-30 05:00:00,57.89
2022-11-30 05:15:00,345.0
2022-11-30 05:30:00,434.38
2022-11-30 05:45:00,448.07
2022-11-30 06:00:00,35.0
2022-11-30 06:15:00,422.06
2022-11-30 06:30:00,448.07
2022-11-30 06:45:00,458.86
2022-11-30 07:00:00,377.71
2022-11-30 07:15:00,436.38
2022-11-30 07:30:00,448.07
2022-11-30 07:45:00,448.07
2022-11-30 08:00:00,473.91
2022-11-30 08:15:00,472.81
2022-11-30 08:30:00,475.46
2022-11-30 08:45:00,472.06
2022-11-30 09:00:00,496.39
2022-11-30 09:15:00,486.68
2022-11-30 09:30:00,495.07
2022-11-30 09:45:00,472.1
2022-11-30 10:00:00,475.93
2022-11-30 10:15:00,473.5
2022-11-30 10:30:00,472.06
2022-11-30 10:45:00,472.06
2022-11-30 11:00:00,457.49
2022-11-30 11:15:00,454.06
2022-11-30 11:30:00,458.53
2022-11-30 11:45:00,449.28
2022-11-30 12:00:00,448.07
2022-11-30 12:15:00,444.56
2022-11-30 12:30:00,439.41
2022-11-30 12:45:00,448.07
2022-11-30 13:00:00,448.07
2022-11-30 13:15:00,448.07
2022-11-30 13:30:00,448.07
2022-11-30 13:45:00,442.12
2022-11-30 14:00:00,448.07
2022-11-30 14:15:00,454.4
2022-11-30 14:30:00,455.14
2022-11-30 14:45:00,456.34
2022-11-30 15:00:00,472.06
2022-11-30 15:15:00,472.06
2022-11-30 15:30:00,480.42
2022-11-30 15:45:00,480.87
2022-11-30 16:00:00,472.06
2022-11-30 16:15:00,476.84
2022-11-30 16:30:00,494.52
2022-11-30 16:45:00,522.95
2022-11-30 17:00:00,578.75
2022-11-30 17:15:00,510.64
2022-11-30 17:30:00,478.39
2022-11-30 17:45:00,472.06
2022-11-30 18:00:00,540.22
2022-11-30 18:15:00,507.1
2022-11-30 18:30:00,484.8
2022-11-30 18:45:00,455.16
2022-11-30 19:00:00,488.79
2022-11-30 19:15:00,475.53
2022-11-30 19:30:00,467.23
2022-11-30 19:45:00,447.06
2022-11-30 20:00:00,448.07
2022-11-30 20:15:00,448.07
2022-11-30 20:30:00,422.06
2022-11-30 20:45:00,275.29
2022-11-30 21:00:00,434.34
2022-11-30 21:15:00,422.06
2022-11-30 21:30:00,345.0
2022-11-30 21:45:00,162.61
2022-11-30 22:00:00,432.56
2022-11-30 22:15:00,345.0
2022-11-30 22:30:00,292.45
2022-11-30 22:45:00,202.05
2022-11-30 23:00:00,422.06
2022-11-30 23:15:00,391.51
2022-11-30 23:30:00,190.78
2022-11-30 23:45:00,167.55
2022-12-01 00:00:00,370.0
2022-12-01 00:15:00,370.0
2022-12-01 00:30:00,236.07
2022-12-01 00:45:00,221.77
2022-12-01 01:00:00,408.34
2022-12-01 01:15:00,300.0
2022-12-01 01:30:00,228.93
2022-12-01 01:45:00,217.17
2022-12-01 02:00:00,370.0
2022-12-01 02:15:00,307.86
2022-12-01 02:30:00,241.16
2022-12-01 02:45:00,230.58
2022-12-01 03:00:00,225.64
2022-12-01 03:15:00,228.43
2022-12-01 03:30:00,300.0
2022-12-01 03:45:00,331.52
2022-12-01 04:00:00,69.67
2022-12-01 04:15:00,222.2
2022-12-01 04:30:00,370.0
2022-12-01 04:45:00,448.86
2022-12-01 05:00:00,35.0
2022-12-01 05:15:00,256.0
2022-12-01 05:30:00,454.14
2022-12-01 05:45:00,474.87
2022-12-01 06:00:00,-5.12
2022-12-01 06:15:00,427.84
2022-12-01 06:30:00,474.87
2022-12-01 06:45:00,481.82
2022-12-01 07:00:00,359.12
2022-12-01 07:15:00,474.87
2022-12-01 07:30:00,474.87
2022-12-01 07:45:00,474.87
2022-12-01 08:00:00,493.49
2022-12-01 08:15:00,484.37
2022-12-01 08:30:00,486.53
2022-12-01 08:45:00,474.87
2022-12-01 09:00:00,473.86
2022-12-01 09:15:00,473.86
2022-12-01 09:30:00,475.81
2022-12-01 09:45:00,473.86
2022-12-01 10:00:00,480.43
2022-12-01 10:15:00,475.84
2022-12-01 10:30:00,473.86
2022-12-01 10:45:00,473.86
2022-12-01 11:00:00,473.86
2022-12-01 11:15:00,473.86
2022-12-01 11:30:00,473.86
2022-12-01 11:45:00,473.86
2022-12-01 12:00:00,448.86
2022-12-01 12:15:00,448.86
2022-12-01 12:30:00,448.86
2022-12-01 12:45:00,448.86
2022-12-01 13:00:00,448.86
2022-12-01 13:15:00,472.3
2022-12-01 13:30:00,448.86
2022-12-01 13:45:00,442.52
2022-12-01 14:00:00,447.82
2022-12-01 14:15:00,448.86
2022-12-01 14:30:00,448.86
2022-12-01 14:45:00,473.86
2022-12-01 15:00:00,448.86
2022-12-01 15:15:00,448.86
2022-12-01 15:30:00,459.42
2022-12-01 15:45:00,474.87
2022-12-01 16:00:00,473.86
2022-12-01 16:15:00,481.02
2022-12-01 16:30:00,498.86
2022-12-01 16:45:00,498.86
2022-12-01 17:00:00,504.93
2022-12-01 17:15:00,509.43
2022-12-01 17:30:00,498.86
2022-12-01 17:45:00,498.86
2022-12-01 18:00:00,498.86
2022-12-01 18:15:00,498.86
2022-12-01 18:30:00,492.17
2022-12-01 18:45:00,473.86
2022-12-01 19:00:00,478.3
2022-12-01 19:15:00,473.86
2022-12-01 19:30:00,473.86
2022-12-01 19:45:00,422.44
2022-12-01 20:00:00,474.87
2022-12-01 20:15:00,474.87
2022-12-01 20:30:00,433.95
2022-12-01 20:45:00,255.96
2022-12-01 21:00:00,472.38
2022-12-01 21:15:00,448.86
2022-12-01 21:30:00,370.0
2022-12-01 21:45:00,97.17
2022-12-01 22:00:00,424.46
2022-12-01 22:15:00,370.0
2022-12-01 22:30:00,263.93
2022-12-01 22:45:00,242.38
2022-12-01 23:00:00,472.33
2022-12-01 23:15:00,448.86
2022-12-01 23:30:00,280.19
2022-12-01 23:45:00,5.77
2022-12-02 00:00:00,370.0
2022-12-02 00:15:00,370.0
2022-12-02 00:30:00,294.99
2022-12-02 00:45:00,274.93
2022-12-02 01:00:00,406.67
2022-12-02 01:15:00,370.0
2022-12-02 01:30:00,328.25
2022-12-02 01:45:00,274.97
2022-12-02 02:00:00,370.0
2022-12-02 02:15:00,309.94
2022-12-02 02:30:00,299.95
2022-12-02 02:45:00,333.92
2022-12-02 03:00:00,289.91
2022-12-02 03:15:00,289.93
2022-12-02 03:30:00,320.3
2022-12-02 03:45:00,300.0
2022-12-02 04:00:00,254.9
2022-12-02 04:15:00,264.94
2022-12-02 04:30:00,299.9
2022-12-02 04:45:00,388.24
2022-12-02 05:00:00,227.37
2022-12-02 05:15:00,269.97
2022-12-02 05:30:00,393.4
2022-12-02 05:45:00,432.68
2022-12-02 06:00:00,265.0
2022-12-02 06:15:00,370.0
2022-12-02 06:30:00,432.68
2022-12-02 06:45:00,438.94
2022-12-02 07:00:00,432.68
2022-12-02 07:15:00,479.5
2022-12-02 07:30:00,532.34
2022-12-02 07:45:00,523.83
2022-12-02 08:00:00,466.08
2022-12-02 08:15:00,514.44
2022-12-02 08:30:00,467.08
2022-12-02 08:45:00,456.67
2022-12-02 09:00:00,459.97
2022-12-02 09:15:00,459.92
2022-12-02 09:30:00,456.67
2022-12-02 09:45:00,437.02
2022-12-02 10:00:00,456.67
2022-12-02 10:15:00,456.67
2022-12-02 10:30:00,436.4
2022-12-02 10:45:00,430.0
2022-12-02 11:00:00,450.0
2022-12-02 11:15:00,444.48
2022-12-02 11:30:00,432.73
2022-12-02 11:45:00,432.68
2022-12-02 12:00:00,444.98
2022-12-02 12:15:00,432.68
2022-12-02 12:30:00,419.99
2022-12-02 12:45:00,408.26
2022-12-02 13:00:00,431.67
2022-12-02 13:15:00,431.67
2022-12-02 13:30:00,409.82
2022-12-02 13:45:00,406.67
2022-12-02 14:00:00,407.49
2022-12-02 14:15:00,419.95
2022-12-02 14:30:00,431.67
2022-12-02 14:45:00,432.68
2022-12-02 15:00:00,409.37
2022-12-02 15:15:00,420.0
2022-12-02 15:30:00,432.68
2022-12-02 15:45:00,432.68
2022-12-02 16:00:00,405.0
2022-12-02 16:15:00,431.67
2022-12-02 16:30:00,432.68
2022-12-02 16:45:00,449.48
2022-12-02 17:00:00,450.0
2022-12-02 17:15:00,453.84
2022-12-02 17:30:00,440.09
2022-12-02 17:45:00,440.04
2022-12-02 18:00:00,440.05
2022-12-02 18:15:00,432.68
2022-12-02 18:30:00,432.68
2022-12-02 18:45:00,429.9
2022-12-02 19:00:00,432.68
2022-12-02 19:15:00,432.68
2022-12-02 19:30:00,400.0
2022-12-02 19:45:00,342.92
2022-12-02 20:00:00,432.68
2022-12-02 20:15:00,426.41
2022-12-02 20:30:00,384.9
2022-12-02 20:45:00,330.01
2022-12-02 21:00:00,386.93
2022-12-02 21:15:00,370.0
2022-12-02 21:30:00,304.9
2022-12-02 21:45:00,260.0
2022-12-02 22:00:00,370.0
2022-12-02 22:15:00,369.95
2022-12-02 22:30:00,300.01
2022-12-02 22:45:00,261.65
2022-12-02 23:00:00,377.9
2022-12-02 23:15:00,310.0
2022-12-02 23:30:00,264.94
2022-12-02 23:45:00,234.46
2022-12-03 00:00:00,329.3
2022-12-03 00:15:00,303.29
2022-12-03 00:30:00,279.95
2022-12-03 00:45:00,259.94
2022-12-03 01:00:00,300.0
2022-12-03 01:15:00,255.0
2022-12-03 01:30:00,225.0
2022-12-03 01:45:00,200.05
2022-12-03 02:00:00,281.2
2022-12-03 02:15:00,244.96
2022-12-03 02:30:00,220.1
2022-12-03 02:45:00,210.0
2022-12-03 03:00:00,239.97
2022-12-03 03:15:00,229.76
2022-12-03 03:30:00,215.0
2022-12-03 03:45:00,210.0
2022-12-03 04:00:00,215.0
2022-12-03 04:15:00,214.19
2022-12-03 04:30:00,220.0
2022-12-03 04:45:00,239.96
2022-12-03 05:00:00,195.87
2022-12-03 05:15:00,220.0
2022-12-03 05:30:00,249.99
2022-12-03 05:45:00,303.29
2022-12-03 06:00:00,210.0
2022-12-03 06:15:00,249.91
2022-12-03 06:30:00,300.0
2022-12-03 06:45:00,315.44
2022-12-03 07:00:00,253.84
2022-12-03 07:15:00,289.98
2022-12-03 07:30:00,309.97
2022-12-03 07:45:00,329.3
2022-12-03 08:00:00,275.0
2022-12-03 08:15:00,303.29
2022-12-03 08:30:00,314.98
2022-12-03 08:45:00,329.3
2022-12-03 09:00:00,303.29
2022-12-03 09:15:00,317.3
2022-12-03 09:30:00,319.9
2022-12-03 09:45:00,319.91
2022-12-03 10:00:00,324.97
2022-12-03 10:15:00,319.91
2022-12-03 10:30:00,316.3
2022-12-03 10:45:00,319.9
2022-12-03 11:00:00,324.97
2022-12-03 11:15:00,329.3
2022-12-03 11:30:00,310.0
2022-12-03 11:45:00,300.0
2022-12-03 12:00:00,329.3
2022-12-03 12:15:00,315.0
2022-12-03 12:30:00,300.0
2022-12-03 12:45:00,270.09
2022-12-03 13:00:00,328.29
2022-12-03 13:15:00,303.29
2022-12-03 13:30:00,300.0
2022-12-03 13:45:00,290.65
2022-12-03 14:00:00,303.29
2022-12-03 14:15:00,303.29
2022-12-03 14:30:00,310.0
2022-12-03 14:45:00,303.54
2022-12-03 15:00:00,290.0
2022-12-03 15:15:00,295.0
2022-12-03 15:30:00,310.0
2022-12-03 15:45:00,329.3
2022-12-03 16:00:00,270.09
2022-12-03 16:15:00,305.03
2022-12-03 16:30:00,329.3
2022-12-03 16:45:00,351.12
2022-12-03 17:00:00,329.9
2022-12-03 17:15:00,339.31
2022-12-03 17:30:00,338.59
2022-12-03 17:45:00,340.0
2022-12-03 18:00:00,360.1
2022-12-03 18:15:00,330.74
2022-12-03 18:30:00,317.87
2022-12-03 18:45:00,303.29
2022-12-03 19:00:00,359.9
2022-12-03 19:15:00,330.09
2022-12-03 19:30:00,329.3
2022-12-03 19:45:00,300.86
2022-12-03 20:00:00,343.26
2022-12-03 20:15:00,325.0
2022-12-03 20:30:00,303.29
2022-12-03 20:45:00,270.05
2022-12-03 21:00:00,328.29
2022-12-03 21:15:00,295.0
2022-12-03 21:30:00,261.04
2022-12-03 21:45:00,209.71
2022-12-03 22:00:00,295.0
2022-12-03 22:15:00,294.29
2022-12-03 22:30:00,240.97
2022-12-03 22:45:00,230.01
2022-12-03 23:00:00,324.84
2022-12-03 23:15:00,260.0
2022-12-03 23:30:00,210.05
2022-12-03 23:45:00,168.21
2022-12-04 00:00:00,288.13
2022-12-04 00:15:00,262.12
2022-12-04 00:30:00,249.93
2022-12-04 00:45:00,225.3
2022-12-04 01:00:00,234.98
2022-12-04 01:15:00,206.79
2022-12-04 01:30:00,180.04
2022-12-04 01:45:00,117.99
2022-12-04 02:00:00,239.97
2022-12-04 02:15:00,229.9
2022-12-04 02:30:00,211.23
2022-12-04 02:45:00,199.97
2022-12-04 03:00:00,141.37
2022-12-04 03:15:00,170.04
2022-12-04 03:30:00,170.04
2022-12-04 03:45:00,160.05
2022-12-04 04:00:00,146.28
2022-12-04 04:15:00,170.01
2022-12-04 04:30:00,170.05
2022-12-04 04:45:00,170.06
2022-12-04 05:00:00,129.42
2022-12-04 05:15:00,170.04
2022-12-04 05:30:00,170.06
2022-12-04 05:45:00,195.0
2022-12-04 06:00:00,91.84
2022-12-04 06:15:00,170.01
2022-12-04 06:30:00,205.0
2022-12-04 06:45:00,230.0
2022-12-04 07:00:00,170.03
2022-12-04 07:15:00,215.0
2022-12-04 07:30:00,235.0
2022-12-04 07:45:00,262.12
2022-12-04 08:00:00,235.0
2022-12-04 08:15:00,245.0
2022-12-04 08:30:00,259.95
2022-12-04 08:45:00,287.12
2022-12-04 09:00:00,262.12
2022-12-04 09:15:00,265.0
2022-12-04 09:30:00,262.12
2022-12-04 09:45:00,274.92
2022-12-04 10:00:00,288.13
2022-12-04 10:15:00,288.13
2022-12-04 10:30:00,288.13
2022-12-04 10:45:00,288.13
2022-12-04 11:00:00,288.13
2022-12-04 11:15:00,288.13
2022-12-04 11:30:00,288.13
2022-12-04 11:45:00,288.13
2022-12-04 12:00:00,297.25
2022-12-04 12:15:00,288.13
2022-12-04 12:30:00,274.96
2022-12-04 12:45:00,269.91
2022-12-04 13:00:00,284.21
2022-12-04 13:15:00,260.0
2022-12-04 13:30:00,260.0
2022-12-04 13:45:00,247.8
2022-12-04 14:00:00,250.0
2022-12-04 14:15:00,255.0
2022-12-04 14:30:00,263.88
2022-12-04 14:45:00,283.12
2022-12-04 15:00:00,262.12
2022-12-04 15:15:00,269.95
2022-12-04 15:30:00,279.96
2022-12-04 15:45:00,288.13
2022-12-04 16:00:00,264.95
2022-12-04 16:15:00,287.12
2022-12-04 16:30:00,294.36
2022-12-04 16:45:00,303.96
2022-12-04 17:00:00,287.12
2022-12-04 17:15:00,294.27
2022-12-04 17:30:00,310.01
2022-12-04 17:45:00,325.02
2022-12-04 18:00:00,320.02
2022-12-04 18:15:00,320.05
2022-12-04 18:30:00,320.09
2022-12-04 18:45:00,299.84
2022-12-04 19:00:00,325.49
2022-12-04 19:15:00,315.99
2022-12-04 19:30:00,300.09
2022-12-04 19:45:00,290.02
2022-12-04 20:00:00,322.81
2022-12-04 20:15:00,304.05
2022-12-04 20:30:00,288.13
2022-12-04 20:45:00,285.01
2022-12-04 21:00:00,288.13
2022-12-04 21:15:00,280.03
2022-12-04 21:30:00,252.05
2022-12-04 21:45:00,240.0
2022-12-04 22:00:00,275.09
2022-12-04 22:15:00,280.0
2022-12-04 22:30:00,260.06
2022-12-04 22:45:00,250.0
2022-12-04 23:00:00,288.13
2022-12-04 23:15:00,254.99
2022-12-04 23:30:00,230.0
2022-12-04 23:45:00,183.33
2022-12-05 00:00:00,235.0
2022-12-05 00:15:00,225.0
2022-12-05 00:30:00,149.42
2022-12-05 00:45:00,146.82
2022-12-05 01:00:00,233.09
2022-12-05 01:15:00,210.0
2022-12-05 01:30:00,186.39
2022-12-05 01:45:00,127.95
2022-12-05 02:00:00,210.0
2022-12-05 02:15:00,190.05
2022-12-05 02:30:00,180.03
2022-12-05 02:45:00,168.44
2022-12-05 03:00:00,180.04
2022-12-05 03:15:00,133.82
2022-12-05 03:30:00,164.89
2022-12-05 03:45:00,180.01
2022-12-05 04:00:00,142.09
2022-12-05 04:15:00,140.98
2022-12-05 04:30:00,210.0
2022-12-05 04:45:00,244.9
2022-12-05 05:00:00,-3.73
2022-12-05 05:15:00,200.05
2022-12-05 05:30:00,279.96
2022-12-05 05:45:00,408.08
2022-12-05 06:00:00,85.97
2022-12-05 06:15:00,294.97
2022-12-05 06:30:00,409.09
2022-12-05 06:45:00,409.98
2022-12-05 07:00:00,320.0
2022-12-05 07:15:00,379.98
2022-12-05 07:30:00,409.09
2022-12-05 07:45:00,409.09
2022-12-05 08:00:00,409.93
2022-12-05 08:15:00,414.47
2022-12-05 08:30:00,442.29
2022-12-05 08:45:00,433.08
2022-12-05 09:00:00,432.12
2022-12-05 09:15:00,419.99
2022-12-05 09:30:00,433.08
2022-12-05 09:45:00,414.64
2022-12-05 10:00:00,419.25
2022-12-05 10:15:00,409.95
2022-12-05 10:30:00,409.09
2022-12-05 10:45:00,409.09
2022-12-05 11:00:00,420.0
2022-12-05 11:15:00,417.57
2022-12-05 11:30:00,415.17
2022-12-05 11:45:00,409.09
2022-12-05 12:00:00,418.77
2022-12-05 12:15:00,409.09
2022-12-05 12:30:00,409.09
2022-12-05 12:45:00,409.09
2022-12-05 13:00:00,416.61
2022-12-05 13:15:00,425.96
2022-12-05 13:30:00,414.45
2022-12-05 13:45:00,412.77
2022-12-05 14:00:00,409.09
2022-12-05 14:15:00,409.09
2022-12-05 14:30:00,419.97
2022-12-05 14:45:00,438.75
2022-12-05 15:00:00,409.09
2022-12-05 15:15:00,409.09
2022-12-05 15:30:00,427.86
2022-12-05 15:45:00,439.97
2022-12-05 16:00:00,409.09
2022-12-05 16:15:00,418.74
2022-12-05 16:30:00,432.17
2022-12-05 16:45:00,452.22
2022-12-05 17:00:00,450.18
2022-12-05 17:15:00,444.18
2022-12-05 17:30:00,430.25
2022-12-05 17:45:00,435.0
2022-12-05 18:00:00,459.96
2022-12-05 18:15:00,453.56
2022-12-05 18:30:00,431.39
2022-12-05 18:45:00,415.0
2022-12-05 19:00:00,455.0
2022-12-05 19:15:00,435.0
2022-12-05 19:30:00,413.17
2022-12-05 19:45:00,393.74
2022-12-05 20:00:00,410.09
2022-12-05 20:15:00,408.08
2022-12-05 20:30:00,365.1
2022-12-05 20:45:00,330.1
2022-12-05 21:00:00,408.08
2022-12-05 21:15:00,373.19
2022-12-05 21:30:00,335.06
2022-12-05 21:45:00,300.03
2022-12-05 22:00:00,374.36
2022-12-05 22:15:00,350.0
2022-12-05 22:30:00,330.0
2022-12-05 22:45:00,300.07
2022-12-05 23:00:00,373.34
2022-12-05 23:15:00,330.0
2022-12-05 23:30:00,295.0
2022-12-05 23:45:00,260.05
2022-12-06 00:00:00,398.25
2022-12-06 00:15:00,339.99
2022-12-06 00:30:00,299.93
2022-12-06 00:45:00,270.0
2022-12-06 01:00:00,343.63
2022-12-06 01:15:00,300.0
2022-12-06 01:30:00,289.92
2022-12-06 01:45:00,266.46
2022-12-06 02:00:00,294.98
2022-12-06 02:15:00,309.9
2022-12-06 02:30:00,299.92
2022-12-06 02:45:00,277.02
2022-12-06 03:00:00,299.94
2022-12-06 03:15:00,281.68
2022-12-06 03:30:00,299.95
2022-12-06 03:45:00,300.0
2022-12-06 04:00:00,255.0
2022-12-06 04:15:00,268.0
2022-12-06 04:30:00,300.0
2022-12-06 04:45:00,370.0
2022-12-06 05:00:00,240.0
2022-12-06 05:15:00,281.14
2022-12-06 05:30:00,349.92
2022-12-06 05:45:00,453.05
2022-12-06 06:00:00,270.01
2022-12-06 06:15:00,370.0
2022-12-06 06:30:00,453.05
2022-12-06 06:45:00,467.51
2022-12-06 07:00:00,416.81
2022-12-06 07:15:00,453.05
2022-12-06 07:30:00,464.21
2022-12-06 07:45:00,457.02
2022-12-06 08:00:00,512.31
2022-12-06 08:15:00,499.54
2022-12-06 08:30:00,506.05
2022-12-06 08:45:00,490.21
2022-12-06 09:00:00,502.45
2022-12-06 09:15:00,492.21
2022-12-06 09:30:00,488.36
2022-12-06 09:45:00,477.04
2022-12-06 10:00:00,477.04
2022-12-06 10:15:00,453.43
2022-12-06 10:30:00,452.04
2022-12-06 10:45:00,450.79
2022-12-06 11:00:00,457.08
2022-12-06 11:15:00,453.05
2022-12-06 11:30:00,453.05
2022-12-06 11:45:00,427.04
2022-12-06 12:00:00,453.05
2022-12-06 12:15:00,429.98
2022-12-06 12:30:00,427.04
2022-12-06 12:45:00,429.91
2022-12-06 13:00:00,427.04
2022-12-06 13:15:00,438.49
2022-12-06 13:30:00,427.04
2022-12-06 13:45:00,427.04
2022-12-06 14:00:00,426.54
2022-12-06 14:15:00,427.04
2022-12-06 14:30:00,453.05
2022-12-06 14:45:00,453.05
2022-12-06 15:00:00,452.04
2022-12-06 15:15:00,447.35
2022-12-06 15:30:00,453.05
2022-12-06 15:45:00,453.05
2022-12-06 16:00:00,452.04
2022-12-06 16:15:00,452.04
2022-12-06 16:30:00,488.35
2022-12-06 16:45:00,495.49
2022-12-06 17:00:00,477.04
2022-12-06 17:15:00,477.04
2022-12-06 17:30:00,477.04
2022-12-06 17:45:00,452.04
2022-12-06 18:00:00,477.04
2022-12-06 18:15:00,475.4
2022-12-06 18:30:00,452.04
2022-12-06 18:45:00,452.04
2022-12-06 19:00:00,462.0
2022-12-06 19:15:00,453.05
2022-12-06 19:30:00,453.05
2022-12-06 19:45:00,389.95
2022-12-06 20:00:00,453.05
2022-12-06 20:15:00,453.05
2022-12-06 20:30:00,403.66
2022-12-06 20:45:00,340.0
2022-12-06 21:00:00,439.4
2022-12-06 21:15:00,370.0
2022-12-06 21:30:00,320.03
2022-12-06 21:45:00,260.83
2022-12-06 22:00:00,379.93
2022-12-06 22:15:00,370.0
2022-12-06 22:30:00,312.07
2022-12-06 22:45:00,278.0
2022-12-06 23:00:00,432.37
2022-12-06 23:15:00,329.9
2022-12-06 23:30:00,275.0
2022-12-06 23:45:00,240.08
2022-12-07 00:00:00,297.91
2022-12-07 00:15:00,260.04
2022-12-07 00:30:00,300.0
2022-12-07 00:45:00,300.0
2022-12-07 01:00:00,331.25
2022-12-07 01:15:00,289.93
2022-12-07 01:30:00,259.95
2022-12-07 01:45:00,235.1
2022-12-07 02:00:00,285.4
2022-12-07 02:15:00,259.99
2022-12-07 02:30:00,254.96
2022-12-07 02:45:00,259.94
2022-12-07 03:00:00,245.0
2022-12-07 03:15:00,259.92
2022-12-07 03:30:00,259.95
2022-12-07 03:45:00,274.55
2022-12-07 04:00:00,217.03
2022-12-07 04:15:00,234.94
2022-12-07 04:30:00,259.98
2022-12-07 04:45:00,370.0
2022-12-07 05:00:00,190.08
2022-12-07 05:15:00,249.95
2022-12-07 05:30:00,345.62
2022-12-07 05:45:00,411.63
2022-12-07 06:00:00,231.59
2022-12-07 06:15:00,370.0
2022-12-07 06:30:00,409.18
2022-12-07 06:45:00,429.93
2022-12-07 07:00:00,385.62
2022-12-07 07:15:00,411.63
2022-12-07 07:30:00,440.11
2022-12-07 07:45:00,426.74
2022-12-07 08:00:00,435.62
2022-12-07 08:15:00,419.95
2022-12-07 08:30:00,419.93
2022-12-07 08:45:00,410.62
2022-12-07 09:00:00,409.96
2022-12-07 09:15:00,398.01
2022-12-07 09:30:00,405.37
2022-12-07 09:45:00,389.87
2022-12-07 10:00:00,399.99
2022-12-07 10:15:00,399.92
2022-12-07 10:30:00,384.66
2022-12-07 10:45:00,364.94
2022-12-07 11:00:00,389.98
2022-12-07 11:15:00,398.56
2022-12-07 11:30:00,369.97
2022-12-07 11:45:00,359.94
2022-12-07 12:00:00,385.7
2022-12-07 12:15:00,370.0
2022-12-07 12:30:00,368.78
2022-12-07 12:45:00,349.96
2022-12-07 13:00:00,379.94
2022-12-07 13:15:00,379.93
2022-12-07 13:30:00,371.82
2022-12-07 13:45:00,359.95
2022-12-07 14:00:00,388.9
2022-12-07 14:15:00,394.65
2022-12-07 14:30:00,410.62
2022-12-07 14:45:00,410.62
2022-12-07 15:00:00,369.98
2022-12-07 15:15:00,379.99
2022-12-07 15:30:00,410.0
2022-12-07 15:45:00,410.62
2022-12-07 16:00:00,410.62
2022-12-07 16:15:00,419.94
2022-12-07 16:30:00,438.93
2022-12-07 16:45:00,453.43
2022-12-07 17:00:00,461.89
2022-12-07 17:15:00,431.54
2022-12-07 17:30:00,426.5
2022-12-07 17:45:00,419.99
2022-12-07 18:00:00,460.18
2022-12-07 18:15:00,429.95
2022-12-07 18:30:00,418.86
2022-12-07 18:45:00,410.62
2022-12-07 19:00:00,449.91
2022-12-07 19:15:00,429.89
2022-12-07 19:30:00,410.62
2022-12-07 19:45:00,367.62
2022-12-07 20:00:00,428.79
2022-12-07 20:15:00,411.63
2022-12-07 20:30:00,385.62
2022-12-07 20:45:00,359.94
2022-12-07 21:00:00,410.62
2022-12-07 21:15:00,370.0
2022-12-07 21:30:00,340.0
2022-12-07 21:45:00,253.85
2022-12-07 22:00:00,410.62
2022-12-07 22:15:00,370.0
2022-12-07 22:30:00,315.0
2022-12-07 22:45:00,275.08
2022-12-07 23:00:00,410.62
2022-12-07 23:15:00,370.0
2022-12-07 23:30:00,284.95
2022-12-07 23:45:00,235.32
2022-12-08 00:00:00,370.0
2022-12-08 00:15:00,355.24
2022-12-08 00:30:00,284.98
2022-12-08 00:45:00,269.92
2022-12-08 01:00:00,354.47
2022-12-08 01:15:00,309.97
2022-12-08 01:30:00,274.97
2022-12-08 01:45:00,264.91
2022-12-08 02:00:00,341.61
2022-12-08 02:15:00,284.98
2022-12-08 02:30:00,274.93
2022-12-08 02:45:00,264.94
2022-12-08 03:00:00,318.28
2022-12-08 03:15:00,279.97
2022-12-08 03:30:00,274.96
2022-12-08 03:45:00,269.93
2022-12-08 04:00:00,289.97
2022-12-08 04:15:00,299.9
2022-12-08 04:30:00,279.98
2022-12-08 04:45:00,303.9
2022-12-08 05:00:00,350.2
2022-12-08 05:15:00,320.0
2022-12-08 05:30:00,295.0
2022-12-08 05:45:00,314.96
2022-12-08 06:00:00,315.0
2022-12-08 06:15:00,330.0
2022-12-08 06:30:00,359.98
2022-12-08 06:45:00,389.93
2022-12-08 07:00:00,374.93
2022-12-08 07:15:00,392.76
2022-12-08 07:30:00,410.55
2022-12-08 07:45:00,417.76
2022-12-08 08:00:00,418.77
2022-12-08 08:15:00,419.95
2022-12-08 08:30:00,438.18
2022-12-08 08:45:00,467.22
2022-12-08 09:00:00,442.76
2022-12-08 09:15:00,448.97
2022-12-08 09:30:00,421.51
2022-12-08 09:45:00,441.66
2022-12-08 10:00:00,431.96
2022-12-08 10:15:00,436.04
2022-12-08 10:30:00,439.16
2022-12-08 10:45:00,454.76
2022-12-08 11:00:00,442.0
2022-12-08 11:15:00,450.17
2022-12-08 11:30:00,431.92
2022-12-08 11:45:00,435.52
2022-12-08 12:00:00,450.0
2022-12-08 12:15:00,430.49
2022-12-08 12:30:00,425.46
2022-12-08 12:45:00,418.77
2022-12-08 13:00:00,467.33
2022-12-08 13:15:00,440.16
2022-12-08 13:30:00,418.77
2022-12-08 13:45:00,418.77
2022-12-08 14:00:00,432.48
2022-12-08 14:15:00,427.68
2022-12-08 14:30:00,444.33
2022-12-08 14:45:00,441.35
2022-12-08 15:00:00,418.77
2022-12-08 15:15:00,418.77
2022-12-08 15:30:00,466.42
2022-12-08 15:45:00,511.86
2022-12-08 16:00:00,417.76
2022-12-08 16:15:00,442.76
2022-12-08 16:30:00,500.25
2022-12-08 16:45:00,516.22
2022-12-08 17:00:00,449.25
2022-12-08 17:15:00,499.52
2022-12-08 17:30:00,509.63
2022-12-08 17:45:00,542.35
2022-12-08 18:00:00,538.2
2022-12-08 18:15:00,531.31
2022-12-08 18:30:00,466.32
2022-12-08 18:45:00,425.0
2022-12-08 19:00:00,491.17
2022-12-08 19:15:00,449.96
2022-12-08 19:30:00,436.28
2022-12-08 19:45:00,418.77
2022-12-08 20:00:00,429.43
2022-12-08 20:15:00,418.77
2022-12-08 20:30:00,405.0
2022-12-08 20:45:00,386.48
2022-12-08 21:00:00,411.67
2022-12-08 21:15:00,370.1
2022-12-08 21:30:00,368.08
2022-12-08 21:45:00,350.01
2022-12-08 22:00:00,399.94
2022-12-08 22:15:00,374.9
2022-12-08 22:30:00,342.78
2022-12-08 22:45:00,320.07
2022-12-08 23:00:00,395.86
2022-12-08 23:15:00,339.97
2022-12-08 23:30:00,305.0
2022-12-08 23:45:00,279.18
2022-12-09 00:00:00,396.98
2022-12-09 00:15:00,339.98
2022-12-09 00:30:00,319.92
2022-12-09 00:45:00,288.82
2022-12-09 01:00:00,383.16
2022-12-09 01:15:00,324.99
2022-12-09 01:30:00,309.92
2022-12-09 01:45:00,288.9
2022-12-09 02:00:00,337.93
2022-12-09 02:15:00,319.97
2022-12-09 02:30:00,304.99
2022-12-09 02:45:00,294.97
2022-12-09 03:00:00,319.96
2022-12-09 03:15:00,309.94
2022-12-09 03:30:00,309.92
2022-12-09 03:45:00,304.91
2022-12-09 04:00:00,295.0
2022-12-09 04:15:00,309.92
2022-12-09 04:30:00,320.0
2022-12-09 04:45:00,359.9
2022-12-09 05:00:00,277.24
2022-12-09 05:15:00,300.08
2022-12-09 05:30:00,344.94
2022-12-09 05:45:00,457.89
2022-12-09 06:00:00,330.03
2022-12-09 06:15:00,384.94
2022-12-09 06:30:00,472.93
2022-12-09 06:45:00,477.62
2022-12-09 07:00:00,419.95
2022-12-09 07:15:00,473.43
2022-12-09 07:30:00,473.43
2022-12-09 07:45:00,498.43
2022-12-09 08:00:00,486.01
2022-12-09 08:15:00,498.43
2022-12-09 08:30:00,498.43
2022-12-09 08:45:00,473.43
2022-12-09 09:00:00,491.49
2022-12-09 09:15:00,490.24
2022-12-09 09:30:00,494.99
2022-12-09 09:45:00,481.74
2022-12-09 10:00:00,481.41
2022-12-09 10:15:00,492.91
2022-12-09 10:30:00,489.66
2022-12-09 10:45:00,495.66
2022-12-09 11:00:00,498.43
2022-12-09 11:15:00,498.43
2022-12-09 11:30:00,473.43
2022-12-09 11:45:00,473.43
2022-12-09 12:00:00,498.43
2022-12-09 12:15:00,491.57
2022-12-09 12:30:00,473.43
2022-12-09 12:45:00,458.93
2022-12-09 13:00:00,499.17
2022-12-09 13:15:00,499.12
2022-12-09 13:30:00,471.51
2022-12-09 13:45:00,429.97
2022-12-09 14:00:00,473.43
2022-12-09 14:15:00,455.2
2022-12-09 14:30:00,466.7
2022-12-09 14:45:00,498.43
2022-12-09 15:00:00,429.91
2022-12-09 15:15:00,481.05
2022-12-09 15:30:00,484.05
2022-12-09 15:45:00,488.8
2022-12-09 16:00:00,486.04
2022-12-09 16:15:00,488.29
2022-12-09 16:30:00,498.43
2022-12-09 16:45:00,498.43
2022-12-09 17:00:00,523.43
2022-12-09 17:15:00,510.53
2022-12-09 17:30:00,523.43
2022-12-09 17:45:00,523.43
2022-12-09 18:00:00,498.43
2022-12-09 18:15:00,498.43
2022-12-09 18:30:00,498.43
2022-12-09 18:45:00,498.43
2022-12-09 19:00:00,498.43
2022-12-09 19:15:00,498.43
2022-12-09 19:30:00,476.18
2022-12-09 19:45:00,406.82
2022-12-09 20:00:00,498.43
2022-12-09 20:15:00,498.43
2022-12-09 20:30:00,435.86
2022-12-09 20:45:00,385.0
2022-12-09 21:00:00,473.43
2022-12-09 21:15:00,409.92
2022-12-09 21:30:00,373.53
2022-12-09 21:45:00,350.02
2022-12-09 22:00:00,419.99
2022-12-09 22:15:00,409.94
2022-12-09 22:30:00,355.1
2022-12-09 22:45:00,332.18
2022-12-09 23:00:00,433.94
2022-12-09 23:15:00,354.97
2022-12-09 23:30:00,315.1
2022-12-09 23:45:00,300.0
2022-12-10 00:00:00,371.57
2022-12-10 00:15:00,356.75
2022-12-10 00:30:00,319.92
2022-12-10 00:45:00,291.78
2022-12-10 01:00:00,344.97
2022-12-10 01:15:00,324.93
2022-12-10 01:30:00,299.5
2022-12-10 01:45:00,282.52
2022-12-10 02:00:00,324.95
2022-12-10 02:15:00,312.47
2022-12-10 02:30:00,290.13
2022-12-10 02:45:00,287.22
2022-12-10 03:00:00,309.98
2022-12-10 03:15:00,292.76
2022-12-10 03:30:00,299.91
2022-12-10 03:45:00,299.92
2022-12-10 04:00:00,294.9
2022-12-10 04:15:00,295.11
2022-12-10 04:30:00,300.0
2022-12-10 04:45:00,309.99
2022-12-10 05:00:00,278.09
2022-12-10 05:15:00,291.75
2022-12-10 05:30:00,314.95
2022-12-10 05:45:00,370.0
2022-12-10 06:00:00,290.0
2022-12-10 06:15:00,310.0
2022-12-10 06:30:00,363.75
2022-12-10 06:45:00,370.0
2022-12-10 07:00:00,286.14
2022-12-10 07:15:00,355.0
2022-12-10 07:30:00,374.67
2022-12-10 07:45:00,372.67
2022-12-10 08:00:00,330.07
2022-12-10 08:15:00,370.0
2022-12-10 08:30:00,391.59
2022-12-10 08:45:00,392.57
2022-12-10 09:00:00,392.57
2022-12-10 09:15:00,395.0
2022-12-10 09:30:00,399.94
2022-12-10 09:45:00,392.57
2022-12-10 10:00:00,404.95
2022-12-10 10:15:00,399.94
2022-12-10 10:30:00,399.91
2022-12-10 10:45:00,394.93
2022-12-10 11:00:00,417.01
2022-12-10 11:15:00,414.51
2022-12-10 11:30:00,385.0
2022-12-10 11:45:00,370.0
2022-12-10 12:00:00,418.58
2022-12-10 12:15:00,392.57
2022-12-10 12:30:00,384.91
2022-12-10 12:45:00,372.99
2022-12-10 13:00:00,392.57
2022-12-10 13:15:00,384.97
2022-12-10 13:30:00,384.9
2022-12-10 13:45:00,370.0
2022-12-10 14:00:00,392.57
2022-12-10 14:15:00,399.91
2022-12-10 14:30:00,399.94
2022-12-10 14:45:00,398.1
2022-12-10 15:00:00,392.57
2022-12-10 15:15:00,398.94
2022-12-10 15:30:00,418.58
2022-12-10 15:45:00,418.58
2022-12-10 16:00:00,392.76
2022-12-10 16:15:00,418.58
2022-12-10 16:30:00,435.37
2022-12-10 16:45:00,449.99
2022-12-10 17:00:00,470.25
2022-12-10 17:15:00,463.1
2022-12-10 17:30:00,452.1
2022-12-10 17:45:00,435.87
2022-12-10 18:00:00,478.88
2022-12-10 18:15:00,449.94
2022-12-10 18:30:00,418.58
2022-12-10 18:45:00,418.58
2022-12-10 19:00:00,445.0
2022-12-10 19:15:00,422.89
2022-12-10 19:30:00,417.57
2022-12-10 19:45:00,392.57
2022-12-10 20:00:00,418.58
2022-12-10 20:15:00,395.0
2022-12-10 20:30:00,375.0
2022-12-10 20:45:00,318.53
2022-12-10 21:00:00,406.13
2022-12-10 21:15:00,370.0
2022-12-10 21:30:00,330.03
2022-12-10 21:45:00,291.71
2022-12-10 22:00:00,370.0
2022-12-10 22:15:00,370.0
2022-12-10 22:30:00,310.03
2022-12-10 22:45:00,290.04
2022-12-10 23:00:00,370.0
2022-12-10 23:15:00,334.01
2022-12-10 23:30:00,289.93
2022-12-10 23:45:00,260.0
2022-12-11 00:00:00,319.94
2022-12-11 00:15:00,290.0
2022-12-11 00:30:00,303.97
2022-12-11 00:45:00,300.0
2022-12-11 01:00:00,359.92
2022-12-11 01:15:00,299.91
2022-12-11 01:30:00,275.2
2022-12-11 01:45:00,264.96
2022-12-11 02:00:00,316.99
2022-12-11 02:15:00,289.96
2022-12-11 02:30:00,279.99
2022-12-11 02:45:00,269.94
2022-12-11 03:00:00,289.96
2022-12-11 03:15:00,279.93
2022-12-11 03:30:00,269.98
2022-12-11 03:45:00,269.96
2022-12-11 04:00:00,279.94
2022-12-11 04:15:00,279.99
2022-12-11 04:30:00,309.89
2022-12-11 04:45:00,279.97
2022-12-11 05:00:00,260.0
2022-12-11 05:15:00,277.13
2022-12-11 05:30:00,331.44
2022-12-11 05:45:00,331.44
2022-12-11 06:00:00,300.0
2022-12-11 06:15:00,330.79
2022-12-11 06:30:00,269.91
2022-12-11 06:45:00,280.1
2022-12-11 07:00:00,254.93
2022-12-11 07:15:00,292.55
2022-12-11 07:30:00,319.91
2022-12-11 07:45:00,349.95
2022-12-11 08:00:00,285.0
2022-12-11 08:15:00,314.97
2022-12-11 08:30:00,336.42
2022-12-11 08:45:00,355.92
2022-12-11 09:00:00,331.46
2022-12-11 09:15:00,357.94
2022-12-11 09:30:00,359.98
2022-12-11 09:45:00,359.99
2022-12-11 10:00:00,344.97
2022-12-11 10:15:00,362.18
2022-12-11 10:30:00,369.91
2022-12-11 10:45:00,355.0
2022-12-11 11:00:00,354.94
2022-12-11 11:15:00,362.92
2022-12-11 11:30:00,359.98
2022-12-11 11:45:00,359.94
2022-12-11 12:00:00,389.91
2022-12-11 12:15:00,374.92
2022-12-11 12:30:00,354.97
2022-12-11 12:45:00,349.94
2022-12-11 13:00:00,369.92
2022-12-11 13:15:00,350.3
2022-12-11 13:30:00,359.92
2022-12-11 13:45:00,344.99
2022-12-11 14:00:00,329.98
2022-12-11 14:15:00,355.87
2022-12-11 14:30:00,369.94
2022-12-11 14:45:00,359.97
2022-12-11 15:00:00,324.94
2022-12-11 15:15:00,350.98
2022-12-11 15:30:00,358.48
2022-12-11 15:45:00,372.98
2022-12-11 16:00:00,342.37
2022-12-11 16:15:00,369.97
2022-12-11 16:30:00,389.9
2022-12-11 16:45:00,399.92
2022-12-11 17:00:00,389.98
2022-12-11 17:15:00,400.93
2022-12-11 17:30:00,400.93
2022-12-11 17:45:00,415.0
2022-12-11 18:00:00,409.94
2022-12-11 18:15:00,414.43
2022-12-11 18:30:00,417.07
2022-12-11 18:45:00,409.96
2022-12-11 19:00:00,414.51
2022-12-11 19:15:00,419.93
2022-12-11 19:30:00,404.44
2022-12-11 19:45:00,400.93
2022-12-11 20:00:00,399.92
2022-12-11 20:15:00,399.92
2022-12-11 20:30:00,392.99
2022-12-11 20:45:00,350.0
2022-12-11 21:00:00,370.06
2022-12-11 21:15:00,350.0
2022-12-11 21:30:00,339.9
2022-12-11 21:45:00,320.05
2022-12-11 22:00:00,359.94
2022-12-11 22:15:00,355.41
2022-12-11 22:30:00,321.12
2022-12-11 22:45:00,310.05
2022-12-11 23:00:00,394.78
2022-12-11 23:15:00,319.96
2022-12-11 23:30:00,295.0
2022-12-11 23:45:00,270.02
2022-12-12 00:00:00,419.56
2022-12-12 00:15:00,300.0
2022-12-12 00:30:00,269.8
2022-12-12 00:45:00,259.0
2022-12-12 01:00:00,426.92
2022-12-12 01:15:00,300.0
2022-12-12 01:30:00,255.7
2022-12-12 01:45:00,230.2
2022-12-12 02:00:00,300.0
2022-12-12 02:15:00,286.79
2022-12-12 02:30:00,250.0
2022-12-12 02:45:00,244.0
2022-12-12 03:00:00,250.94
2022-12-12 03:15:00,250.93
2022-12-12 03:30:00,300.01
2022-12-12 03:45:00,300.39
2022-12-12 04:00:00,231.9
2022-12-12 04:15:00,232.4
2022-12-12 04:30:00,300.0
2022-12-12 04:45:00,435.7
2022-12-12 05:00:00,185.05
2022-12-12 05:15:00,250.19
2022-12-12 05:30:00,435.7
2022-12-12 05:45:00,461.71
2022-12-12 06:00:00,260.14
2022-12-12 06:15:00,421.5
2022-12-12 06:30:00,461.71
2022-12-12 06:45:00,515.78
2022-12-12 07:00:00,435.7
2022-12-12 07:15:00,461.71
2022-12-12 07:30:00,486.32
2022-12-12 07:45:00,503.82
2022-12-12 08:00:00,515.74
2022-12-12 08:15:00,510.45
2022-12-12 08:30:00,515.8
2022-12-12 08:45:00,515.72
2022-12-12 09:00:00,526.75
2022-12-12 09:15:00,500.69
2022-12-12 09:30:00,486.69
2022-12-12 09:45:00,485.7
2022-12-12 10:00:00,521.05
2022-12-12 10:15:00,502.2
2022-12-12 10:30:00,478.98
2022-12-12 10:45:00,461.71
2022-12-12 11:00:00,515.7
2022-12-12 11:15:00,478.06
2022-12-12 11:30:00,464.39
2022-12-12 11:45:00,461.71
2022-12-12 12:00:00,469.19
2022-12-12 12:15:00,461.71
2022-12-12 12:30:00,464.87
2022-12-12 12:45:00,480.23
2022-12-12 13:00:00,484.97
2022-12-12 13:15:00,497.18
2022-12-12 13:30:00,475.37
2022-12-12 13:45:00,462.18
2022-12-12 14:00:00,461.71
2022-12-12 14:15:00,474.38
2022-12-12 14:30:00,495.62
2022-12-12 14:45:00,515.76
2022-12-12 15:00:00,461.71
2022-12-12 15:15:00,490.78
2022-12-12 15:30:00,532.38
2022-12-12 15:45:00,554.1
2022-12-12 16:00:00,461.71
2022-12-12 16:15:00,493.5
2022-12-12 16:30:00,574.92
2022-12-12 16:45:00,584.83
2022-12-12 17:00:00,545.47
2022-12-12 17:15:00,544.58
2022-12-12 17:30:00,566.11
2022-12-12 17:45:00,531.65
2022-12-12 18:00:00,537.92
2022-12-12 18:15:00,535.89
2022-12-12 18:30:00,499.18
2022-12-12 18:45:00,461.71
2022-12-12 19:00:00,540.95
2022-12-12 19:15:00,489.7
2022-12-12 19:30:00,460.7
2022-12-12 19:45:00,447.7
2022-12-12 20:00:00,515.73
2022-12-12 20:15:00,467.71
2022-12-12 20:30:00,440.29
2022-12-12 20:45:00,420.7
2022-12-12 21:00:00,461.71
2022-12-12 21:15:00,461.71
2022-12-12 21:30:00,401.79
2022-12-12 21:45:00,340.01
2022-12-12 22:00:00,435.7
2022-12-12 22:15:00,461.71
2022-12-12 22:30:00,403.32
2022-12-12 22:45:00,314.31
2022-12-12 23:00:00,442.48
2022-12-12 23:15:00,435.7
2022-12-12 23:30:00,307.64
2022-12-12 23:45:00,262.01
2022-12-13 00:00:00,349.99
2022-12-13 00:15:00,329.92
2022-12-13 00:30:00,290.0
2022-12-13 00:45:00,273.54
2022-12-13 01:00:00,324.95
2022-12-13 01:15:00,304.98
2022-12-13 01:30:00,294.92
2022-12-13 01:45:00,279.92
2022-12-13 02:00:00,305.0
2022-12-13 02:15:00,300.0
2022-12-13 02:30:00,284.96
2022-12-13 02:45:00,275.29
2022-12-13 03:00:00,284.95
2022-12-13 03:15:00,284.97
2022-12-13 03:30:00,291.69
2022-12-13 03:45:00,309.92
2022-12-13 04:00:00,255.65
2022-12-13 04:15:00,265.0
2022-12-13 04:30:00,299.95
2022-12-13 04:45:00,370.0
2022-12-13 05:00:00,117.15
2022-12-13 05:15:00,304.94
2022-12-13 05:30:00,370.0
2022-12-13 05:45:00,487.9
2022-12-13 06:00:00,269.2
2022-12-13 06:15:00,370.0
2022-12-13 06:30:00,459.95
2022-12-13 06:45:00,512.9
2022-12-13 07:00:00,425.0
2022-12-13 07:15:00,513.91
2022-12-13 07:30:00,513.91
2022-12-13 07:45:00,513.91
2022-12-13 08:00:00,513.91
2022-12-13 08:15:00,513.91
2022-12-13 08:30:00,513.91
2022-12-13 08:45:00,513.91
2022-12-13 09:00:00,512.9
2022-12-13 09:15:00,512.9
2022-12-13 09:30:00,508.4
2022-12-13 09:45:00,469.4
2022-12-13 10:00:00,513.91
2022-12-13 10:15:00,499.87
2022-12-13 10:30:00,487.9
2022-12-13 10:45:00,469.99
2022-12-13 11:00:00,513.91
2022-12-13 11:15:00,503.99
2022-12-13 11:30:00,487.9
2022-12-13 11:45:00,449.94
2022-12-13 12:00:00,487.9
2022-12-13 12:15:00,486.59
2022-12-13 12:30:00,477.09
2022-12-13 12:45:00,472.09
2022-12-13 13:00:00,508.95
2022-12-13 13:15:00,487.9
2022-12-13 13:30:00,487.9
2022-12-13 13:45:00,459.97
2022-12-13 14:00:00,466.9
2022-12-13 14:15:00,487.9
2022-12-13 14:30:00,511.3
2022-12-13 14:45:00,513.91
2022-12-13 15:00:00,505.1
2022-12-13 15:15:00,509.1
2022-12-13 15:30:00,512.9
2022-12-13 15:45:00,512.9
2022-12-13 16:00:00,512.9
2022-12-13 16:15:00,512.9
2022-12-13 16:30:00,512.9
2022-12-13 16:45:00,537.9
2022-12-13 17:00:00,537.9
2022-12-13 17:15:00,537.9
2022-12-13 17:30:00,521.7
2022-12-13 17:45:00,512.9
2022-12-13 18:00:00,519.96
2022-12-13 18:15:00,512.9
2022-12-13 18:30:00,512.9
2022-12-13 18:45:00,501.4
2022-12-13 19:00:00,530.0
2022-12-13 19:15:00,513.91
2022-12-13 19:30:00,487.9
2022-12-13 19:45:00,439.93
2022-12-13 20:00:00,513.91
2022-12-13 20:15:00,513.91
2022-12-13 20:30:00,442.17
2022-12-13 20:45:00,390.0
2022-12-13 21:00:00,512.9
2022-12-13 21:15:00,410.0
2022-12-13 21:30:00,366.07
2022-12-13 21:45:00,317.36
2022-12-13 22:00:00,410.0
2022-12-13 22:15:00,370.0
2022-12-13 22:30:00,330.04
2022-12-13 22:45:00,300.0
2022-12-13 23:00:00,370.04
2022-12-13 23:15:00,350.0
2022-12-13 23:30:00,290.05
2022-12-13 23:45:00,252.8
2022-12-14 00:00:00,349.97
2022-12-14 00:15:00,314.91
2022-12-14 00:30:00,285.46
2022-12-14 00:45:00,274.9
2022-12-14 01:00:00,324.69
2022-12-14 01:15:00,300.0
2022-12-14 01:30:00,279.93
2022-12-14 01:45:00,269.84
2022-12-14 02:00:00,295.0
2022-12-14 02:15:00,284.93
2022-12-14 02:30:00,274.93
2022-12-14 02:45:00,264.94
2022-12-14 03:00:00,283.13
2022-12-14 03:15:00,269.95
2022-12-14 03:30:00,269.93
2022-12-14 03:45:00,274.9
2022-12-14 04:00:00,235.1
2022-12-14 04:15:00,245.99
2022-12-14 04:30:00,279.91
2022-12-14 04:45:00,380.0
2022-12-14 05:00:00,78.06
2022-12-14 05:15:00,274.9
2022-12-14 05:30:00,380.0
2022-12-14 05:45:00,507.84
2022-12-14 06:00:00,150.14
2022-12-14 06:15:00,344.95
2022-12-14 06:30:00,429.97
2022-12-14 06:45:00,512.84
2022-12-14 07:00:00,390.0
2022-12-14 07:15:00,504.14
2022-12-14 07:30:00,538.85
2022-12-14 07:45:00,538.85
2022-12-14 08:00:00,537.84
2022-12-14 08:15:00,538.85
2022-12-14 08:30:00,529.46
2022-12-14 08:45:00,512.84
2022-12-14 09:00:00,537.84
2022-12-14 09:15:00,537.84
2022-12-14 09:30:00,537.84
2022-12-14 09:45:00,526.88
2022-12-14 10:00:00,538.85
2022-12-14 10:15:00,537.84
2022-12-14 10:30:00,512.84
2022-12-14 10:45:00,491.89
2022-12-14 11:00:00,538.85
2022-12-14 11:15:00,538.85
2022-12-14 11:30:00,512.84
2022-12-14 11:45:00,476.5
2022-12-14 12:00:00,512.84
2022-12-14 12:15:00,512.84
2022-12-14 12:30:00,506.62
2022-12-14 12:45:00,502.12
2022-12-14 13:00:00,529.79
2022-12-14 13:15:00,512.84
2022-12-14 13:30:00,509.34
2022-12-14 13:45:00,439.95
2022-12-14 14:00:00,500.32
2022-12-14 14:15:00,512.84
2022-12-14 14:30:00,512.84
2022-12-14 14:45:00,538.85
2022-12-14 15:00:00,519.84
2022-12-14 15:15:00,538.85
2022-12-14 15:30:00,538.85
2022-12-14 15:45:00,538.85
2022-12-14 16:00:00,537.84
2022-12-14 16:15:00,538.85
2022-12-14 16:30:00,538.85
2022-12-14 16:45:00,538.85
2022-12-14 17:00:00,567.34
2022-12-14 17:15:00,611.4
2022-12-14 17:30:00,562.84
2022-12-14 17:45:00,562.84
2022-12-14 18:00:00,592.89
2022-12-14 18:15:00,572.17
2022-12-14 18:30:00,562.84
2022-12-14 18:45:00,537.84
2022-12-14 19:00:00,545.99
2022-12-14 19:15:00,538.85
2022-12-14 19:30:00,512.84
2022-12-14 19:45:00,425.0
2022-12-14 20:00:00,538.85
2022-12-14 20:15:00,538.85
2022-12-14 20:30:00,465.65
2022-12-14 20:45:00,384.9
2022-12-14 21:00:00,459.93
2022-12-14 21:15:00,405.0
2022-12-14 21:30:00,355.04
2022-12-14 21:45:00,310.01
2022-12-14 22:00:00,405.0
2022-12-14 22:15:00,382.96
2022-12-14 22:30:00,335.08
2022-12-14 22:45:00,305.07
2022-12-14 23:00:00,387.76
2022-12-14 23:15:00,359.95
2022-12-14 23:30:00,300.07
2022-12-14 23:45:00,275.0
2022-12-15 00:00:00,369.97
2022-12-15 00:15:00,344.91
2022-12-15 00:30:00,310.0
2022-12-15 00:45:00,277.85
2022-12-15 01:00:00,334.98
2022-12-15 01:15:00,319.95
2022-12-15 01:30:00,304.91
2022-12-15 01:45:00,273.31
2022-12-15 02:00:00,319.96
2022-12-15 02:15:00,309.9
2022-12-15 02:30:00,285.0
2022-12-15 02:45:00,282.54
2022-12-15 03:00:00,287.5
2022-12-15 03:15:00,280.0
2022-12-15 03:30:00,294.92
2022-12-15 03:45:00,299.98
2022-12-15 04:00:00,255.0
2022-12-15 04:15:00,251.51
2022-12-15 04:30:00,304.91
2022-12-15 04:45:00,368.58
2022-12-15 05:00:00,98.3
2022-12-15 05:15:00,273.4
2022-12-15 05:30:00,380.0
2022-12-15 05:45:00,496.62
2022-12-15 06:00:00,104.89
2022-12-15 06:15:00,374.95
2022-12-15 06:30:00,474.04
2022-12-15 06:45:00,521.62
2022-12-15 07:00:00,420.0
2022-12-15 07:15:00,505.73
2022-12-15 07:30:00,522.63
2022-12-15 07:45:00,523.59
2022-12-15 08:00:00,522.63
2022-12-15 08:15:00,522.63
2022-12-15 08:30:00,522.63
2022-12-15 08:45:00,522.63
2022-12-15 09:00:00,521.62
2022-12-15 09:15:00,509.52
2022-12-15 09:30:00,509.02
2022-12-15 09:45:00,479.91
2022-12-15 10:00:00,522.63
2022-12-15 10:15:00,522.63
2022-12-15 10:30:00,496.62
2022-12-15 10:45:00,486.88
2022-12-15 11:00:00,522.63
2022-12-15 11:15:00,521.62
2022-12-15 11:30:00,521.62
2022-12-15 11:45:00,436.51
2022-12-15 12:00:00,496.62
2022-12-15 12:15:00,480.88
2022-12-15 12:30:00,481.88
2022-12-15 12:45:00,480.38
2022-12-15 13:00:00,496.62
2022-12-15 13:15:00,496.62
2022-12-15 13:30:00,490.47
2022-12-15 13:45:00,473.97
2022-12-15 14:00:00,461.45
2022-12-15 14:15:00,496.62
2022-12-15 14:30:00,522.63
2022-12-15 14:45:00,522.63
2022-12-15 15:00:00,496.62
2022-12-15 15:15:00,500.98
2022-12-15 15:30:00,522.63
2022-12-15 15:45:00,522.63
2022-12-15 16:00:00,520.11
2022-12-15 16:15:00,521.62
2022-12-15 16:30:00,521.62
2022-12-15 16:45:00,529.96
2022-12-15 17:00:00,568.82
2022-12-15 17:15:00,574.49
2022-12-15 17:30:00,550.86
2022-12-15 17:45:00,546.63
2022-12-15 18:00:00,521.62
2022-12-15 18:15:00,513.8
2022-12-15 18:30:00,505.3
2022-12-15 18:45:00,469.96
2022-12-15 19:00:00,525.0
2022-12-15 19:15:00,521.62
2022-12-15 19:30:00,477.95
2022-12-15 19:45:00,415.02
2022-12-15 20:00:00,522.63
2022-12-15 20:15:00,496.62
2022-12-15 20:30:00,446.63
2022-12-15 20:45:00,385.09
2022-12-15 21:00:00,455.0
2022-12-15 21:15:00,405.09
2022-12-15 21:30:00,364.26
2022-12-15 21:45:00,306.56
2022-12-15 22:00:00,400.1
2022-12-15 22:15:00,385.05
2022-12-15 22:30:00,342.87
2022-12-15 22:45:00,300.04
2022-12-15 23:00:00,390.0
2022-12-15 23:15:00,369.96
2022-12-15 23:30:00,302.36
2022-12-15 23:45:00,260.04
2022-12-16 00:00:00,359.93
2022-12-16 00:15:00,334.91
2022-12-16 00:30:00,284.9
2022-12-16 00:45:00,259.53
2022-12-16 01:00:00,334.93
2022-12-16 01:15:00,300.0
2022-12-16 01:30:00,290.0
2022-12-16 01:45:00,268.28
2022-12-16 02:00:00,310.0
2022-12-16 02:15:00,300.0
2022-12-16 02:30:00,275.67
2022-12-16 02:45:00,266.72
2022-12-16 03:00:00,272.6
2022-12-16 03:15:00,288.28
2022-12-16 03:30:00,273.45
2022-12-16 03:45:00,280.08
2022-12-16 04:00:00,250.01
2022-12-16 04:15:00,255.22
2022-12-16 04:30:00,300.0
2022-12-16 04:45:00,345.81
2022-12-16 05:00:00,91.46
2022-12-16 05:15:00,285.0
2022-12-16 05:30:00,380.0
2022-12-16 05:45:00,483.67
2022-12-16 06:00:00,97.48
2022-12-16 06:15:00,374.96
2022-12-16 06:30:00,449.94
2022-12-16 06:45:00,509.68
2022-12-16 07:00:00,456.29
2022-12-16 07:15:00,509.68
2022-12-16 07:30:00,525.03
2022-12-16 07:45:00,535.67
2022-12-16 08:00:00,533.67
2022-12-16 08:15:00,553.08
2022-12-16 08:30:00,555.58
2022-12-16 08:45:00,533.67
2022-12-16 09:00:00,529.97
2022-12-16 09:15:00,519.92
2022-12-16 09:30:00,519.91
2022-12-16 09:45:00,509.68
2022-12-16 10:00:00,545.57
2022-12-16 10:15:00,538.54
2022-12-16 10:30:00,531.69
2022-12-16 10:45:00,515.37
2022-12-16 11:00:00,520.98
2022-12-16 11:15:00,521.46
2022-12-16 11:30:00,509.68
2022-12-16 11:45:00,509.68
2022-12-16 12:00:00,509.94
2022-12-16 12:15:00,509.68
2022-12-16 12:30:00,483.67
2022-12-16 12:45:00,480.58
2022-12-16 13:00:00,509.68
2022-12-16 13:15:00,509.68
2022-12-16 13:30:00,483.67
2022-12-16 13:45:00,476.71
2022-12-16 14:00:00,494.96
2022-12-16 14:15:00,509.68
2022-12-16 14:30:00,509.68
2022-12-16 14:45:00,509.68
2022-12-16 15:00:00,509.68
2022-12-16 15:15:00,509.68
2022-12-16 15:30:00,513.18
2022-12-16 15:45:00,514.62
2022-12-16 16:00:00,514.01
2022-12-16 16:15:00,526.48
2022-12-16 16:30:00,545.57
2022-12-16 16:45:00,569.01
2022-12-16 17:00:00,533.67
2022-12-16 17:15:00,535.17
2022-12-16 17:30:00,533.67
2022-12-16 17:45:00,509.98
2022-12-16 18:00:00,548.27
2022-12-16 18:15:00,533.67
2022-12-16 18:30:00,508.67
2022-12-16 18:45:00,508.67
2022-12-16 19:00:00,531.17
2022-12-16 19:15:00,509.68
2022-12-16 19:30:00,489.57
2022-12-16 19:45:00,430.0
2022-12-16 20:00:00,509.68
2022-12-16 20:15:00,508.67
2022-12-16 20:30:00,473.38
2022-12-16 20:45:00,385.0
2022-12-16 21:00:00,435.0
2022-12-16 21:15:00,404.47
2022-12-16 21:30:00,355.01
2022-12-16 21:45:00,269.53
2022-12-16 22:00:00,400.0
2022-12-16 22:15:00,380.0
2022-12-16 22:30:00,310.07
2022-12-16 22:45:00,290.07
2022-12-16 23:00:00,385.0
2022-12-16 23:15:00,354.97
2022-12-16 23:30:00,305.0
2022-12-16 23:45:00,216.62
2022-12-17 00:00:00,342.56
2022-12-17 00:15:00,302.06
2022-12-17 00:30:00,241.77
2022-12-17 00:45:00,239.21
2022-12-17 01:00:00,305.07
2022-12-17 01:15:00,285.0
2022-12-17 01:30:00,234.91
2022-12-17 01:45:00,204.55
2022-12-17 02:00:00,309.94
2022-12-17 02:15:00,279.98
2022-12-17 02:30:00,262.66
2022-12-17 02:45:00,235.0
2022-12-17 03:00:00,250.0
2022-12-17 03:15:00,230.08
2022-12-17 03:30:00,230.48
2022-12-17 03:45:00,230.05
2022-12-17 04:00:00,210.08
2022-12-17 04:15:00,210.2
2022-12-17 04:30:00,240.0
2022-12-17 04:45:00,260.1
2022-12-17 05:00:00,195.0
2022-12-17 05:15:00,225.0
2022-12-17 05:30:00,260.0
2022-12-17 05:45:00,314.36
2022-12-17 06:00:00,184.69
2022-12-17 06:15:00,240.1
2022-12-17 06:30:00,314.91
2022-12-17 06:45:00,343.57
2022-12-17 07:00:00,174.72
2022-12-17 07:15:00,290.06
2022-12-17 07:30:00,343.57
2022-12-17 07:45:00,343.57
2022-12-17 08:00:00,249.82
2022-12-17 08:15:00,317.56
2022-12-17 08:30:00,343.57
2022-12-17 08:45:00,355.05
2022-12-17 09:00:00,322.62
2022-12-17 09:15:00,342.56
2022-12-17 09:30:00,343.57
2022-12-17 09:45:00,343.57
2022-12-17 10:00:00,341.47
2022-12-17 10:15:00,330.06
2022-12-17 10:30:00,317.56
2022-12-17 10:45:00,310.88
2022-12-17 11:00:00,340.0
2022-12-17 11:15:00,325.07
2022-12-17 11:30:00,315.06
2022-12-17 11:45:00,291.62
2022-12-17 12:00:00,343.57
2022-12-17 12:15:00,332.03
2022-12-17 12:30:00,300.06
2022-12-17 12:45:00,290.03
2022-12-17 13:00:00,330.08
2022-12-17 13:15:00,320.02
2022-12-17 13:30:00,315.01
2022-12-17 13:45:00,282.93
2022-12-17 14:00:00,310.09
2022-12-17 14:15:00,310.02
2022-12-17 14:30:00,303.95
2022-12-17 14:45:00,310.02
2022-12-17 15:00:00,290.39
2022-12-17 15:15:00,315.01
2022-12-17 15:30:00,320.03
2022-12-17 15:45:00,343.57
2022-12-17 16:00:00,294.47
2022-12-17 16:15:00,317.56
2022-12-17 16:30:00,343.57
2022-12-17 16:45:00,367.28
2022-12-17 17:00:00,342.56
2022-12-17 17:15:00,354.65
2022-12-17 17:30:00,367.56
2022-12-17 17:45:00,370.01
2022-12-17 18:00:00,400.05
2022-12-17 18:15:00,377.77
2022-12-17 18:30:00,343.57
2022-12-17 18:45:00,342.56
2022-12-17 19:00:00,372.06
2022-12-17 19:15:00,350.53
2022-12-17 19:30:00,343.57
2022-12-17 19:45:00,288.21
2022-12-17 20:00:00,347.89
2022-12-17 20:15:00,340.08
2022-12-17 20:30:00,296.56
2022-12-17 20:45:00,204.11
2022-12-17 21:00:00,343.57
2022-12-17 21:15:00,317.56
2022-12-17 21:30:00,270.04
2022-12-17 21:45:00,173.49
2022-12-17 22:00:00,317.56
2022-12-17 22:15:00,305.07
2022-12-17 22:30:00,213.69
2022-12-17 22:45:00,202.52
2022-12-17 23:00:00,317.56
2022-12-17 23:15:00,294.9
2022-12-17 23:30:00,187.99
2022-12-17 23:45:00,169.69
2022-12-18 00:00:00,300.0
2022-12-18 00:15:00,235.37
2022-12-18 00:30:00,144.15
2022-12-18 00:45:00,140.51
2022-12-18 01:00:00,242.72
2022-12-18 01:15:00,200.02
2022-12-18 01:30:00,140.51
2022-12-18 01:45:00,135.57
2022-12-18 02:00:00,225.02
2022-12-18 02:15:00,215.01
2022-12-18 02:30:00,190.1
2022-12-18 02:45:00,180.06
2022-12-18 03:00:00,173.67
2022-12-18 03:15:00,158.61
2022-12-18 03:30:00,180.04
2022-12-18 03:45:00,170.02
2022-12-18 04:00:00,143.73
2022-12-18 04:15:00,180.02
2022-12-18 04:30:00,180.06
2022-12-18 04:45:00,180.1
2022-12-18 05:00:00,122.0
2022-12-18 05:15:00,194.81
2022-12-18 05:30:00,200.09
2022-12-18 05:45:00,220.04
2022-12-18 06:00:00,106.24
2022-12-18 06:15:00,115.66
2022-12-18 06:30:00,260.0
2022-12-18 06:45:00,290.03
2022-12-18 07:00:00,121.97
2022-12-18 07:15:00,131.45
2022-12-18 07:30:00,270.04
2022-12-18 07:45:00,300.0
2022-12-18 08:00:00,154.61
2022-12-18 08:15:00,290.0
2022-12-18 08:30:00,290.09
2022-12-18 08:45:00,295.0
2022-12-18 09:00:00,297.76
2022-12-18 09:15:00,280.04
2022-12-18 09:30:00,249.73
2022-12-18 09:45:00,255.02
2022-12-18 10:00:00,300.07
2022-12-18 10:15:00,295.0
2022-12-18 10:30:00,260.09
2022-12-18 10:45:00,228.67
2022-12-18 11:00:00,291.57
2022-12-18 11:15:00,280.04
2022-12-18 11:30:00,275.0
2022-12-18 11:45:00,175.63
2022-12-18 12:00:00,300.0
2022-12-18 12:15:00,200.45
2022-12-18 12:30:00,177.05
2022-12-18 12:45:00,168.9
2022-12-18 13:00:00,250.09
2022-12-18 13:15:00,229.7
2022-12-18 13:30:00,174.46
2022-12-18 13:45:00,173.94
2022-12-18 14:00:00,169.38
2022-12-18 14:15:00,171.22
2022-12-18 14:30:00,202.59
2022-12-18 14:45:00,300.0
2022-12-18 15:00:00,151.25
2022-12-18 15:15:00,165.86
2022-12-18 15:30:00,290.26
2022-12-18 15:45:00,281.84
2022-12-18 16:00:00,161.28
2022-12-18 16:15:00,186.28
2022-12-18 16:30:00,311.76
2022-12-18 16:45:00,336.76
2022-12-18 17:00:00,211.64
2022-12-18 17:15:00,327.04
2022-12-18 17:30:00,336.76
2022-12-18 17:45:00,336.29
2022-12-18 18:00:00,335.3
2022-12-18 18:15:00,311.76
2022-12-18 18:30:00,311.76
2022-12-18 18:45:00,311.76
2022-12-18 19:00:00,336.76
2022-12-18 19:15:00,336.76
2022-12-18 19:30:00,331.01
2022-12-18 19:45:00,262.71
2022-12-18 20:00:00,311.76
2022-12-18 20:15:00,302.69
2022-12-18 20:30:00,225.2
2022-12-18 20:45:00,153.99
2022-12-18 21:00:00,300.0
2022-12-18 21:15:00,290.03
2022-12-18 21:30:00,152.45
2022-12-18 21:45:00,140.8
2022-12-18 22:00:00,259.28
2022-12-18 22:15:00,270.05
2022-12-18 22:30:00,146.71
2022-12-18 22:45:00,144.24
2022-12-18 23:00:00,285.0
2022-12-18 23:15:00,240.08
2022-12-18 23:30:00,129.15
2022-12-18 23:45:00,118.15
2022-12-19 00:00:00,195.0
2022-12-19 00:15:00,165.06
2022-12-19 00:30:00,78.06
2022-12-19 00:45:00,76.53
2022-12-19 01:00:00,185.0
2022-12-19 01:15:00,160.0
2022-12-19 01:30:00,68.1
2022-12-19 01:45:00,63.12
2022-12-19 02:00:00,148.56
2022-12-19 02:15:00,130.04
2022-12-19 02:30:00,80.51
2022-12-19 02:45:00,62.2
2022-12-19 03:00:00,130.03
2022-12-19 03:15:00,63.14
2022-12-19 03:30:00,120.06
2022-12-19 03:45:00,120.09
2022-12-19 04:00:00,66.45
2022-12-19 04:15:00,64.4
2022-12-19 04:30:00,155.7
2022-12-19 04:45:00,204.93
2022-12-19 05:00:00,28.61
2022-12-19 05:15:00,83.48
2022-12-19 05:30:00,229.97
2022-12-19 05:45:00,401.36
2022-12-19 06:00:00,53.48
2022-12-19 06:15:00,230.05
2022-12-19 06:30:00,371.86
2022-12-19 06:45:00,402.37
2022-12-19 07:00:00,270.06
2022-12-19 07:15:00,359.96
2022-12-19 07:30:00,402.37
2022-12-19 07:45:00,418.86
2022-12-19 08:00:00,370.07
2022-12-19 08:15:00,379.11
2022-12-19 08:30:00,370.03
2022-12-19 08:45:00,350.03
2022-12-19 09:00:00,401.36
2022-12-19 09:15:00,380.02
2022-12-19 09:30:00,340.07
2022-12-19 09:45:00,197.29
2022-12-19 10:00:00,400.09
2022-12-19 10:15:00,370.01
2022-12-19 10:30:00,340.08
2022-12-19 10:45:00,330.08
2022-12-19 11:00:00,393.61
2022-12-19 11:15:00,359.36
2022-12-19 11:30:00,340.07
2022-12-19 11:45:00,293.91
2022-12-19 12:00:00,360.02
2022-12-19 12:15:00,297.09
2022-12-19 12:30:00,268.7
2022-12-19 12:45:00,320.05
2022-12-19 13:00:00,359.95
2022-12-19 13:15:00,340.08
2022-12-19 13:30:00,355.01
2022-12-19 13:45:00,353.5
2022-12-19 14:00:00,305.0
2022-12-19 14:15:00,335.05
2022-12-19 14:30:00,370.07
2022-12-19 14:45:00,400.01
2022-12-19 15:00:00,271.3
2022-12-19 15:15:00,273.76
2022-12-19 15:30:00,360.08
2022-12-19 15:45:00,401.36
2022-12-19 16:00:00,268.68
2022-12-19 16:15:00,350.06
2022-12-19 16:30:00,399.61
2022-12-19 16:45:00,401.36
2022-12-19 17:00:00,350.05
2022-12-19 17:15:00,360.86
2022-12-19 17:30:00,361.86
2022-12-19 17:45:00,268.47
2022-12-19 18:00:00,400.08
2022-12-19 18:15:00,370.02
2022-12-19 18:30:00,342.29
2022-12-19 18:45:00,181.61
2022-12-19 19:00:00,402.37
2022-12-19 19:15:00,394.9
2022-12-19 19:30:00,312.13
2022-12-19 19:45:00,154.4
2022-12-19 20:00:00,402.37
2022-12-19 20:15:00,376.36
2022-12-19 20:30:00,333.12
2022-12-19 20:45:00,128.16
2022-12-19 21:00:00,385.07
2022-12-19 21:15:00,355.1
2022-12-19 21:30:00,248.95
2022-12-19 21:45:00,111.08
2022-12-19 22:00:00,314.9
2022-12-19 22:15:00,295.0
2022-12-19 22:30:00,240.03
2022-12-19 22:45:00,220.01
2022-12-19 23:00:00,300.0
2022-12-19 23:15:00,270.0
2022-12-19 23:30:00,235.04
2022-12-19 23:45:00,98.39
2022-12-20 00:00:00,256.55
2022-12-20 00:15:00,165.0
2022-12-20 00:30:00,110.07
2022-12-20 00:45:00,84.01
2022-12-20 01:00:00,190.57
2022-12-20 01:15:00,129.92
2022-12-20 01:30:00,92.43
2022-12-20 01:45:00,85.45
2022-12-20 02:00:00,150.0
2022-12-20 02:15:00,120.05
2022-12-20 02:30:00,96.18
2022-12-20 02:45:00,82.55
2022-12-20 03:00:00,110.04
2022-12-20 03:15:00,100.04
2022-12-20 03:30:00,100.05
2022-12-20 03:45:00,103.85
2022-12-20 04:00:00,80.44
2022-12-20 04:15:00,87.19
2022-12-20 04:30:00,108.4
2022-12-20 04:45:00,189.93
2022-12-20 05:00:00,1.47
2022-12-20 05:15:00,90.27
2022-12-20 05:30:00,234.96
2022-12-20 05:45:00,300.0
2022-12-20 06:00:00,17.21
2022-12-20 06:15:00,230.02
2022-12-20 06:30:00,300.06
2022-12-20 06:45:00,350.0
2022-12-20 07:00:00,121.94
2022-12-20 07:15:00,282.56
2022-12-20 07:30:00,325.47
2022-12-20 07:45:00,350.0
2022-12-20 08:00:00,282.13
2022-12-20 08:15:00,282.56
2022-12-20 08:30:00,285.68
2022-12-20 08:45:00,282.56
2022-12-20 09:00:00,285.73
2022-12-20 09:15:00,282.56
2022-12-20 09:30:00,256.55
2022-12-20 09:45:00,256.55
2022-12-20 10:00:00,282.56
2022-12-20 10:15:00,282.56
2022-12-20 10:30:00,260.1
2022-12-20 10:45:00,253.13
2022-12-20 11:00:00,300.0
2022-12-20 11:15:00,282.56
2022-12-20 11:30:00,277.68
2022-12-20 11:45:00,243.55
2022-12-20 12:00:00,291.38
2022-12-20 12:15:00,280.01
2022-12-20 12:30:00,256.55
2022-12-20 12:45:00,256.55
2022-12-20 13:00:00,282.56
2022-12-20 13:15:00,280.03
2022-12-20 13:30:00,260.47
2022-12-20 13:45:00,256.55
2022-12-20 14:00:00,280.04
2022-12-20 14:15:00,265.97
2022-12-20 14:30:00,256.55
2022-12-20 14:45:00,282.56
2022-12-20 15:00:00,281.55
2022-12-20 15:15:00,282.33
2022-12-20 15:30:00,282.56
2022-12-20 15:45:00,282.56
2022-12-20 16:00:00,281.55
2022-12-20 16:15:00,281.55
2022-12-20 16:30:00,281.55
2022-12-20 16:45:00,333.06
2022-12-20 17:00:00,282.56
2022-12-20 17:15:00,297.96
2022-12-20 17:30:00,282.56
2022-12-20 17:45:00,256.55
2022-12-20 18:00:00,306.55
2022-12-20 18:15:00,281.55
2022-12-20 18:30:00,281.55
2022-12-20 18:45:00,263.36
2022-12-20 19:00:00,350.0
2022-12-20 19:15:00,320.04
2022-12-20 19:30:00,281.55
2022-12-20 19:45:00,169.14
2022-12-20 20:00:00,350.0
2022-12-20 20:15:00,316.33
2022-12-20 20:30:00,280.08
2022-12-20 20:45:00,168.02
2022-12-20 21:00:00,310.08
2022-12-20 21:15:00,282.56
2022-12-20 21:30:00,226.71
2022-12-20 21:45:00,143.73
2022-12-20 22:00:00,283.52
2022-12-20 22:15:00,282.56
2022-12-20 22:30:00,210.06
2022-12-20 22:45:00,146.06
2022-12-20 23:00:00,282.56
2022-12-20 23:15:00,239.93
2022-12-20 23:30:00,165.94
2022-12-20 23:45:00,137.78
2022-12-21 00:00:00,215.0
2022-12-21 00:15:00,199.31
2022-12-21 00:30:00,155.0
2022-12-21 00:45:00,135.0
2022-12-21 01:00:00,239.27
2022-12-21 01:15:00,179.93
2022-12-21 01:30:00,136.63
2022-12-21 01:45:00,125.7
2022-12-21 02:00:00,207.6
2022-12-21 02:15:00,160.0
2022-12-21 02:30:00,145.0
2022-12-21 02:45:00,135.0
2022-12-21 03:00:00,150.0
2022-12-21 03:15:00,150.0
2022-12-21 03:30:00,163.88
2022-12-21 03:45:00,169.92
2022-12-21 04:00:00,122.12
2022-12-21 04:15:00,127.67
2022-12-21 04:30:00,160.0
2022-12-21 04:45:00,230.0
2022-12-21 05:00:00,51.52
2022-12-21 05:15:00,149.53
2022-12-21 05:30:00,263.17
2022-12-21 05:45:00,324.98
2022-12-21 06:00:00,63.11
2022-12-21 06:15:00,245.0
2022-12-21 06:30:00,309.81
2022-12-21 06:45:00,370.02
2022-12-21 07:00:00,185.87
2022-12-21 07:15:00,289.18
2022-12-21 07:30:00,350.0
2022-12-21 07:45:00,350.0
2022-12-21 08:00:00,278.65
2022-12-21 08:15:00,288.17
2022-12-21 08:30:00,313.17
2022-12-21 08:45:00,300.0
2022-12-21 09:00:00,297.92
2022-12-21 09:15:00,289.18
2022-12-21 09:30:00,289.18
2022-12-21 09:45:00,263.17
2022-12-21 10:00:00,288.17
2022-12-21 10:15:00,288.17
2022-12-21 10:30:00,271.44
2022-12-21 10:45:00,263.17
2022-12-21 11:00:00,289.18
2022-12-21 11:15:00,289.18
2022-12-21 11:30:00,289.18
2022-12-21 11:45:00,251.91
2022-12-21 12:00:00,289.18
2022-12-21 12:15:00,289.18
2022-12-21 12:30:00,227.63
2022-12-21 12:45:00,258.17
2022-12-21 13:00:00,289.18
2022-12-21 13:15:00,289.18
2022-12-21 13:30:00,280.02
2022-12-21 13:45:00,219.45
2022-12-21 14:00:00,280.06
2022-12-21 14:15:00,284.12
2022-12-21 14:30:00,288.17
2022-12-21 14:45:00,288.17
2022-12-21 15:00:00,270.0
2022-12-21 15:15:00,279.64
2022-12-21 15:30:00,288.18
2022-12-21 15:45:00,288.17
2022-12-21 16:00:00,281.14
2022-12-21 16:15:00,288.17
2022-12-21 16:30:00,288.17
2022-12-21 16:45:00,313.17
2022-12-21 17:00:00,289.18
2022-12-21 17:15:00,288.17
2022-12-21 17:30:00,288.17
2022-12-21 17:45:00,262.44
2022-12-21 18:00:00,299.98
2022-12-21 18:15:00,289.18
2022-12-21 18:30:00,289.18
2022-12-21 18:45:00,219.94
2022-12-21 19:00:00,344.37
2022-12-21 19:15:00,298.06
2022-12-21 19:30:00,263.17
2022-12-21 19:45:00,142.23
2022-12-21 20:00:00,340.02
2022-12-21 20:15:00,289.18
2022-12-21 20:30:00,260.02
2022-12-21 20:45:00,92.77
2022-12-21 21:00:00,313.67
2022-12-21 21:15:00,289.18
2022-12-21 21:30:00,220.01
2022-12-21 21:45:00,51.22
2022-12-21 22:00:00,263.17
2022-12-21 22:15:00,263.17
2022-12-21 22:30:00,210.02
2022-12-21 22:45:00,88.78
2022-12-21 23:00:00,275.0
2022-12-21 23:15:00,225.06
2022-12-21 23:30:00,131.87
2022-12-21 23:45:00,92.04
2022-12-22 00:00:00,219.93
2022-12-22 00:15:00,199.91
2022-12-22 00:30:00,112.59
2022-12-22 00:45:00,100.0
2022-12-22 01:00:00,204.99
2022-12-22 01:15:00,170.0
2022-12-22 01:30:00,106.28
2022-12-22 01:45:00,89.91
2022-12-22 02:00:00,185.0
2022-12-22 02:15:00,160.07
2022-12-22 02:30:00,102.76
2022-12-22 02:45:00,99.5
2022-12-22 03:00:00,138.36
2022-12-22 03:15:00,105.23
2022-12-22 03:30:00,140.02
2022-12-22 03:45:00,142.48
2022-12-22 04:00:00,45.38
2022-12-22 04:15:00,107.85
2022-12-22 04:30:00,180.0
2022-12-22 04:45:00,214.17
2022-12-22 05:00:00,8.35
2022-12-22 05:15:00,119.91
2022-12-22 05:30:00,230.0
2022-12-22 05:45:00,300.0
2022-12-22 06:00:00,7.49
2022-12-22 06:15:00,210.06
2022-12-22 06:30:00,285.61
2022-12-22 06:45:00,350.0
2022-12-22 07:00:00,149.6
2022-12-22 07:15:00,240.18
2022-12-22 07:30:00,310.06
2022-12-22 07:45:00,347.16
2022-12-22 08:00:00,240.18
2022-12-22 08:15:00,256.25
2022-12-22 08:30:00,303.57
2022-12-22 08:45:00,300.0
2022-12-22 09:00:00,282.43
2022-12-22 09:15:00,247.98
2022-12-22 09:30:00,240.18
2022-12-22 09:45:00,240.18
2022-12-22 10:00:00,262.63
2022-12-22 10:15:00,240.18
2022-12-22 10:30:00,247.76
2022-12-22 10:45:00,240.18
2022-12-22 11:00:00,300.0
2022-12-22 11:15:00,279.63
2022-12-22 11:30:00,240.64
2022-12-22 11:45:00,240.18
2022-12-22 12:00:00,276.75
2022-12-22 12:15:00,240.18
2022-12-22 12:30:00,214.17
2022-12-22 12:45:00,240.18
2022-12-22 13:00:00,281.62
2022-12-22 13:15:00,260.03
2022-12-22 13:30:00,242.31
2022-12-22 13:45:00,240.18
2022-12-22 14:00:00,257.91
2022-12-22 14:15:00,240.18
2022-12-22 14:30:00,270.04
2022-12-22 14:45:00,265.62
2022-12-22 15:00:00,250.66
2022-12-22 15:15:00,260.03
2022-12-22 15:30:00,263.13
2022-12-22 15:45:00,268.51
2022-12-22 16:00:00,240.18
2022-12-22 16:15:00,247.28
2022-12-22 16:30:00,264.17
2022-12-22 16:45:00,330.01
2022-12-22 17:00:00,266.61
2022-12-22 17:15:00,275.11
2022-12-22 17:30:00,240.18
2022-12-22 17:45:00,240.18
2022-12-22 18:00:00,300.0
2022-12-22 18:15:00,272.85
2022-12-22 18:30:00,239.17
2022-12-22 18:45:00,224.26
2022-12-22 19:00:00,325.07
2022-12-22 19:15:00,262.39
2022-12-22 19:30:00,214.17
2022-12-22 19:45:00,150.53
2022-12-22 20:00:00,293.53
2022-12-22 20:15:00,240.18
2022-12-22 20:30:00,161.66
2022-12-22 20:45:00,137.66
2022-12-22 21:00:00,253.9
2022-12-22 21:15:00,220.0
2022-12-22 21:30:00,154.67
2022-12-22 21:45:00,131.42
2022-12-22 22:00:00,239.17
2022-12-22 22:15:00,215.0
2022-12-22 22:30:00,160.01
2022-12-22 22:45:00,130.05
2022-12-22 23:00:00,240.18
2022-12-22 23:15:00,183.59
2022-12-22 23:30:00,125.4
2022-12-22 23:45:00,100.0
2022-12-23 00:00:00,219.91
2022-12-23 00:15:00,199.91
2022-12-23 00:30:00,127.03
2022-12-23 00:45:00,115.79
2022-12-23 01:00:00,200.0
2022-12-23 01:15:00,172.5
2022-12-23 01:30:00,130.09
2022-12-23 01:45:00,107.91
2022-12-23 02:00:00,189.94
2022-12-23 02:15:00,160.0
2022-12-23 02:30:00,130.92
2022-12-23 02:45:00,120.07
2022-12-23 03:00:00,160.0
2022-12-23 03:15:00,149.5
2022-12-23 03:30:00,130.08
2022-12-23 03:45:00,140.1
2022-12-23 04:00:00,108.08
2022-12-23 04:15:00,111.46
2022-12-23 04:30:00,153.32
2022-12-23 04:45:00,206.87
2022-12-23 05:00:00,35.0
2022-12-23 05:15:00,124.48
2022-12-23 05:30:00,214.97
2022-12-23 05:45:00,289.91
2022-12-23 06:00:00,34.94
2022-12-23 06:15:00,185.0
2022-12-23 06:30:00,250.0
2022-12-23 06:45:00,310.06
2022-12-23 07:00:00,135.11
2022-12-23 07:15:00,227.72
2022-12-23 07:30:00,250.15
2022-12-23 07:45:00,295.02
2022-12-23 08:00:00,231.87
2022-12-23 08:15:00,233.2
2022-12-23 08:30:00,256.87
2022-12-23 08:45:00,231.87
2022-12-23 09:00:00,231.87
2022-12-23 09:15:00,231.87
2022-12-23 09:30:00,221.56
2022-12-23 09:45:00,222.31
2022-12-23 10:00:00,231.87
2022-12-23 10:15:00,231.87
2022-12-23 10:30:00,231.87
2022-12-23 10:45:00,203.69
2022-12-23 11:00:00,279.09
2022-12-23 11:15:00,242.1
2022-12-23 11:30:00,231.87
2022-12-23 11:45:00,151.83
2022-12-23 12:00:00,232.88
2022-12-23 12:15:00,231.87
2022-12-23 12:30:00,215.58
2022-12-23 12:45:00,189.3
2022-12-23 13:00:00,234.69
2022-12-23 13:15:00,232.88
2022-12-23 13:30:00,230.26
2022-12-23 13:45:00,151.82
2022-12-23 14:00:00,210.34
2022-12-23 14:15:00,206.87
2022-12-23 14:30:00,231.87
2022-12-23 14:45:00,231.87
2022-12-23 15:00:00,206.87
2022-12-23 15:15:00,224.9
2022-12-23 15:30:00,232.88
2022-12-23 15:45:00,232.88
2022-12-23 16:00:00,210.02
2022-12-23 16:15:00,229.98
2022-12-23 16:30:00,232.88
2022-12-23 16:45:00,248.58
2022-12-23 17:00:00,232.81
2022-12-23 17:15:00,232.88
2022-12-23 17:30:00,206.87
2022-12-23 17:45:00,206.87
2022-12-23 18:00:00,260.07
2022-12-23 18:15:00,231.87
2022-12-23 18:30:00,215.62
2022-12-23 18:45:00,166.8
2022-12-23 19:00:00,270.04
2022-12-23 19:15:00,231.87
2022-12-23 19:30:00,195.45
2022-12-23 19:45:00,120.04
2022-12-23 20:00:00,247.7
2022-12-23 20:15:00,230.07
2022-12-23 20:30:00,152.66
2022-12-23 20:45:00,129.57
2022-12-23 21:00:00,232.88
2022-12-23 21:15:00,190.09
2022-12-23 21:30:00,142.96
2022-12-23 21:45:00,110.07
2022-12-23 22:00:00,221.44
2022-12-23 22:15:00,199.96
2022-12-23 22:30:00,135.05
2022-12-23 22:45:00,105.06
2022-12-23 23:00:00,231.87
2022-12-23 23:15:00,150.11
2022-12-23 23:30:00,110.0
2022-12-23 23:45:00,60.02
2022-12-24 00:00:00,142.43
2022-12-24 00:15:00,120.0
2022-12-24 00:30:00,95.0
2022-12-24 00:45:00,69.77
2022-12-24 01:00:00,142.43
2022-12-24 01:15:00,116.42
2022-12-24 01:30:00,100.0
2022-12-24 01:45:00,35.38
2022-12-24 02:00:00,120.06
2022-12-24 02:15:00,107.93
2022-12-24 02:30:00,63.19
2022-12-24 02:45:00,24.68
2022-12-24 03:00:00,89.24
2022-12-24 03:15:00,69.94
2022-12-24 03:30:00,64.9
2022-12-24 03:45:00,64.9
2022-12-24 04:00:00,29.11
2022-12-24 04:15:00,30.07
2022-12-24 04:30:00,40.44
2022-12-24 04:45:00,70.0
2022-12-24 05:00:00,30.0
2022-12-24 05:15:00,45.0
2022-12-24 05:30:00,70.1
2022-12-24 05:45:00,105.61
2022-12-24 06:00:00,19.09
2022-12-24 06:15:00,45.98
2022-12-24 06:30:00,116.42
2022-12-24 06:45:00,142.43
2022-12-24 07:00:00,-14.4
2022-12-24 07:15:00,100.91
2022-12-24 07:30:00,142.43
2022-12-24 07:45:00,160.0
2022-12-24 08:00:00,66.27
2022-12-24 08:15:00,112.75
2022-12-24 08:30:00,143.07
2022-12-24 08:45:00,170.0
2022-12-24 09:00:00,116.42
2022-12-24 09:15:00,140.01
2022-12-24 09:30:00,142.43
2022-12-24 09:45:00,142.43
2022-12-24 10:00:00,142.43
2022-12-24 10:15:00,142.43
2022-12-24 10:30:00,136.29
2022-12-24 10:45:00,116.42
2022-12-24 11:00:00,166.42
2022-12-24 11:15:00,165.0
2022-12-24 11:30:00,141.42
2022-12-24 11:45:00,130.03
2022-12-24 12:00:00,170.07
2022-12-24 12:15:00,150.01
2022-12-24 12:30:00,130.07
2022-12-24 12:45:00,110.05
2022-12-24 13:00:00,142.43
2022-12-24 13:15:00,140.08
2022-12-24 13:30:00,110.16
2022-12-24 13:45:00,92.14
2022-12-24 14:00:00,113.81
2022-12-24 14:15:00,111.22
2022-12-24 14:30:00,104.99
2022-12-24 14:45:00,103.41
2022-12-24 15:00:00,116.38
2022-12-24 15:15:00,119.11
2022-12-24 15:30:00,118.61
2022-12-24 15:45:00,138.11
2022-12-24 16:00:00,109.06
2022-12-24 16:15:00,116.4
2022-12-24 16:30:00,141.42
2022-12-24 16:45:00,166.42
2022-12-24 17:00:00,141.42
2022-12-24 17:15:00,141.42
2022-12-24 17:30:00,141.42
2022-12-24 17:45:00,140.18
2022-12-24 18:00:00,170.0
2022-12-24 18:15:00,141.42
2022-12-24 18:30:00,138.64
2022-12-24 18:45:00,115.69
2022-12-24 19:00:00,166.42
2022-12-24 19:15:00,141.42
2022-12-24 19:30:00,140.09
2022-12-24 19:45:00,115.75
2022-12-24 20:00:00,166.42
2022-12-24 20:15:00,141.42
2022-12-24 20:30:00,124.77
2022-12-24 20:45:00,103.39
2022-12-24 21:00:00,141.42
2022-12-24 21:15:00,126.69
2022-12-24 21:30:00,110.09
2022-12-24 21:45:00,102.54
2022-12-24 22:00:00,141.42
2022-12-24 22:15:00,141.42
2022-12-24 22:30:00,113.18
2022-12-24 22:45:00,101.95
2022-12-24 23:00:00,142.43
2022-12-24 23:15:00,123.39
2022-12-24 23:30:00,99.97
2022-12-24 23:45:00,75.2
2022-12-25 00:00:00,141.61
2022-12-25 00:15:00,115.0
2022-12-25 00:30:00,80.06
2022-12-25 00:45:00,63.44
2022-12-25 01:00:00,133.36
2022-12-25 01:15:00,96.23
2022-12-25 01:30:00,72.4
2022-12-25 01:45:00,50.01
2022-12-25 02:00:00,93.74
2022-12-25 02:15:00,85.42
2022-12-25 02:30:00,80.71
2022-12-25 02:45:00,60.09
2022-12-25 03:00:00,81.07
2022-12-25 03:15:00,74.7
2022-12-25 03:30:00,80.0
2022-12-25 03:45:00,60.08
2022-12-25 04:00:00,70.06
2022-12-25 04:15:00,75.43
2022-12-25 04:30:00,60.41
2022-12-25 04:45:00,75.21
2022-12-25 05:00:00,79.36
2022-12-25 05:15:00,76.69
2022-12-25 05:30:00,75.0
2022-12-25 05:45:00,75.0
2022-12-25 06:00:00,40.05
2022-12-25 06:15:00,69.24
2022-12-25 06:30:00,78.5
2022-12-25 06:45:00,124.94
2022-12-25 07:00:00,12.75
2022-12-25 07:15:00,81.7
2022-12-25 07:30:00,93.21
2022-12-25 07:45:00,141.61
2022-12-25 08:00:00,63.88
2022-12-25 08:15:00,87.38
2022-12-25 08:30:00,110.03
2022-12-25 08:45:00,135.0
2022-12-25 09:00:00,124.26
2022-12-25 09:15:00,135.0
2022-12-25 09:30:00,115.0
2022-12-25 09:45:00,97.75
2022-12-25 10:00:00,130.03
2022-12-25 10:15:00,126.79
2022-12-25 10:30:00,117.29
2022-12-25 10:45:00,118.04
2022-12-25 11:00:00,140.0
2022-12-25 11:15:00,132.12
2022-12-25 11:30:00,115.0
2022-12-25 11:45:00,105.0
2022-12-25 12:00:00,141.61
2022-12-25 12:15:00,133.09
2022-12-25 12:30:00,115.0
2022-12-25 12:45:00,101.06
2022-12-25 13:00:00,131.34
2022-12-25 13:15:00,124.91
2022-12-25 13:30:00,115.0
2022-12-25 13:45:00,121.09
2022-12-25 14:00:00,95.0
2022-12-25 14:15:00,105.0
2022-12-25 14:30:00,141.61
2022-12-25 14:45:00,142.62
2022-12-25 15:00:00,92.53
2022-12-25 15:15:00,114.53
2022-12-25 15:30:00,142.62
2022-12-25 15:45:00,142.62
2022-12-25 16:00:00,102.68
2022-12-25 16:15:00,139.92
2022-12-25 16:30:00,153.91
2022-12-25 16:45:00,188.68
2022-12-25 17:00:00,139.91
2022-12-25 17:15:00,142.62
2022-12-25 17:30:00,154.86
2022-12-25 17:45:00,166.61
2022-12-25 18:00:00,166.61
2022-12-25 18:15:00,161.24
2022-12-25 18:30:00,142.62
2022-12-25 18:45:00,142.62
2022-12-25 19:00:00,142.62
2022-12-25 19:15:00,142.62
2022-12-25 19:30:00,116.61
2022-12-25 19:45:00,103.03
2022-12-25 20:00:00,142.62
2022-12-25 20:15:00,141.61
2022-12-25 20:30:00,116.61
2022-12-25 20:45:00,91.38
2022-12-25 21:00:00,142.62
2022-12-25 21:15:00,140.08
2022-12-25 21:30:00,101.59
2022-12-25 21:45:00,93.59
2022-12-25 22:00:00,141.61
2022-12-25 22:15:00,128.19
2022-12-25 22:30:00,110.02
2022-12-25 22:45:00,97.73
2022-12-25 23:00:00,145.02
2022-12-25 23:15:00,120.05
2022-12-25 23:30:00,90.93
2022-12-25 23:45:00,38.5
2022-12-26 00:00:00,123.45
2022-12-26 00:15:00,97.77
2022-12-26 00:30:00,86.95
2022-12-26 00:45:00,-8.36
2022-12-26 01:00:00,98.45
2022-12-26 01:15:00,73.86
2022-12-26 01:30:00,55.0
2022-12-26 01:45:00,-27.63
2022-12-26 02:00:00,75.0
2022-12-26 02:15:00,60.1
2022-12-26 02:30:00,50.0
2022-12-26 02:45:00,20.0
2022-12-26 03:00:00,49.57
2022-12-26 03:15:00,30.06
2022-12-26 03:30:00,20.05
2022-12-26 03:45:00,30.03
2022-12-26 04:00:00,20.06
2022-12-26 04:15:00,29.1
2022-12-26 04:30:00,40.07
2022-12-26 04:45:00,49.86
2022-12-26 05:00:00,47.93
2022-12-26 05:15:00,46.0
2022-12-26 05:30:00,47.46
2022-12-26 05:45:00,49.28
2022-12-26 06:00:00,37.2
2022-12-26 06:15:00,42.93
2022-12-26 06:30:00,55.41
2022-12-26 06:45:00,123.45
2022-12-26 07:00:00,-20.0
2022-12-26 07:15:00,67.21
2022-12-26 07:30:00,98.45
2022-12-26 07:45:00,124.46
2022-12-26 08:00:00,-84.83
2022-12-26 08:15:00,-20.0
2022-12-26 08:30:00,97.16
2022-12-26 08:45:00,124.46
2022-12-26 09:00:00,83.37
2022-12-26 09:15:00,-59.95
2022-12-26 09:30:00,83.26
2022-12-26 09:45:00,87.06
2022-12-26 10:00:00,87.45
2022-12-26 10:15:00,-54.95
2022-12-26 10:30:00,83.33
2022-12-26 10:45:00,86.34
2022-12-26 11:00:00,103.08
2022-12-26 11:15:00,110.08
2022-12-26 11:30:00,96.28
2022-12-26 11:45:00,94.28
2022-12-26 12:00:00,123.45
2022-12-26 12:15:00,107.52
2022-12-26 12:30:00,21.26
2022-12-26 12:45:00,-65.7
2022-12-26 13:00:00,120.04
2022-12-26 13:15:00,87.17
2022-12-26 13:30:00,72.59
2022-12-26 13:45:00,-55.77
2022-12-26 14:00:00,83.6
2022-12-26 14:15:00,78.08
2022-12-26 14:30:00,80.08
2022-12-26 14:45:00,90.51
2022-12-26 15:00:00,70.06
2022-12-26 15:15:00,83.94
2022-12-26 15:30:00,97.76
2022-12-26 15:45:00,101.47
2022-12-26 16:00:00,70.03
2022-12-26 16:15:00,89.71
2022-12-26 16:30:00,119.19
2022-12-26 16:45:00,123.45
2022-12-26 17:00:00,92.71
2022-12-26 17:15:00,97.78
2022-12-26 17:30:00,96.28
2022-12-26 17:45:00,103.07
2022-12-26 18:00:00,117.73
2022-12-26 18:15:00,97.73
2022-12-26 18:30:00,93.87
2022-12-26 18:45:00,90.77
2022-12-26 19:00:00,103.08
2022-12-26 19:15:00,97.38
2022-12-26 19:30:00,92.91
2022-12-26 19:45:00,86.82
2022-12-26 20:00:00,133.15
2022-12-26 20:15:00,123.45
2022-12-26 20:30:00,100.45
2022-12-26 20:45:00,90.02
2022-12-26 21:00:00,123.45
2022-12-26 21:15:00,98.45
2022-12-26 21:30:00,88.09
2022-12-26 21:45:00,81.62
2022-12-26 22:00:00,123.45
2022-12-26 22:15:00,110.07
2022-12-26 22:30:00,82.38
2022-12-26 22:45:00,77.28
2022-12-26 23:00:00,124.46
2022-12-26 23:15:00,96.11
2022-12-26 23:30:00,60.06
2022-12-26 23:45:00,36.58
2022-12-27 00:00:00,92.95
2022-12-27 00:15:00,125.63
2022-12-27 00:30:00,80.04
2022-12-27 00:45:00,79.14
2022-12-27 01:00:00,166.32
2022-12-27 01:15:00,140.31
2022-12-27 01:30:00,63.08
2022-12-27 01:45:00,-35.67
2022-12-27 02:00:00,140.31
2022-12-27 02:15:00,82.16
2022-12-27 02:30:00,57.22
2022-12-27 02:45:00,25.11
2022-12-27 03:00:00,123.01
2022-12-27 03:15:00,57.98
2022-12-27 03:30:00,57.93
2022-12-27 03:45:00,60.3
2022-12-27 04:00:00,-24.3
2022-12-27 04:15:00,67.04
2022-12-27 04:30:00,70.83
2022-12-27 04:45:00,140.31
2022-12-27 05:00:00,-20.0
2022-12-27 05:15:00,85.34
2022-12-27 05:30:00,132.06
2022-12-27 05:45:00,166.32
2022-12-27 06:00:00,-19.53
2022-12-27 06:15:00,97.4
2022-12-27 06:30:00,166.32
2022-12-27 06:45:00,219.94
2022-12-27 07:00:00,-1.94
2022-12-27 07:15:00,118.38
2022-12-27 07:30:00,166.32
2022-12-27 07:45:00,209.25
2022-12-27 08:00:00,88.35
2022-12-27 08:15:00,97.22
2022-12-27 08:30:00,140.31
2022-12-27 08:45:00,166.32
2022-12-27 09:00:00,153.32
2022-12-27 09:15:00,165.31
2022-12-27 09:30:00,140.31
2022-12-27 09:45:00,140.31
2022-12-27 10:00:00,165.31
2022-12-27 10:15:00,165.31
2022-12-27 10:30:00,124.74
2022-12-27 10:45:00,157.27
2022-12-27 11:00:00,169.28
2022-12-27 11:15:00,166.32
2022-12-27 11:30:00,140.31
2022-12-27 11:45:00,140.31
2022-12-27 12:00:00,165.31
2022-12-27 12:15:00,163.58
2022-12-27 12:30:00,150.08
2022-12-27 12:45:00,122.34
2022-12-27 13:00:00,140.31
2022-12-27 13:15:00,140.31
2022-12-27 13:30:00,130.43
2022-12-27 13:45:00,118.43
2022-12-27 14:00:00,138.6
2022-12-27 14:15:00,162.78
2022-12-27 14:30:00,165.31
2022-12-27 14:45:00,165.31
2022-12-27 15:00:00,156.07
2022-12-27 15:15:00,165.31
2022-12-27 15:30:00,165.31
2022-12-27 15:45:00,165.31
2022-12-27 16:00:00,165.31
2022-12-27 16:15:00,165.31
2022-12-27 16:30:00,175.75
2022-12-27 16:45:00,197.31
2022-12-27 17:00:00,166.32
2022-12-27 17:15:00,166.32
2022-12-27 17:30:00,149.9
2022-12-27 17:45:00,166.32
2022-12-27 18:00:00,194.59
2022-12-27 18:15:00,165.31
2022-12-27 18:30:00,165.31
2022-12-27 18:45:00,152.2
2022-12-27 19:00:00,172.56
2022-12-27 19:15:00,166.32
2022-12-27 19:30:00,128.81
2022-12-27 19:45:00,75.77
2022-12-27 20:00:00,219.5
2022-12-27 20:15:00,166.32
2022-12-27 20:30:00,140.31
2022-12-27 20:45:00,97.42
2022-12-27 21:00:00,176.64
2022-12-27 21:15:00,166.32
2022-12-27 21:30:00,99.82
2022-12-27 21:45:00,86.78
2022-12-27 22:00:00,165.31
2022-12-27 22:15:00,163.27
2022-12-27 22:30:00,93.34
2022-12-27 22:45:00,90.08
2022-12-27 23:00:00,189.04
2022-12-27 23:15:00,166.32
2022-12-27 23:30:00,95.44
2022-12-27 23:45:00,-20.0
2022-12-28 00:00:00,135.52
2022-12-28 00:15:00,99.97
2022-12-28 00:30:00,54.92
2022-12-28 00:45:00,16.37
2022-12-28 01:00:00,135.52
2022-12-28 01:15:00,66.5
2022-12-28 01:30:00,49.91
2022-12-28 01:45:00,11.22
2022-12-28 02:00:00,84.92
2022-12-28 02:15:00,65.11
2022-12-28 02:30:00,30.1
2022-12-28 02:45:00,20.0
2022-12-28 03:00:00,49.96
2022-12-28 03:15:00,35.1
2022-12-28 03:30:00,44.92
2022-12-28 03:45:00,49.71
2022-12-28 04:00:00,10.0
2022-12-28 04:15:00,25.0
2022-12-28 04:30:00,50.1
2022-12-28 04:45:00,94.9
2022-12-28 05:00:00,-9.69
2022-12-28 05:15:00,44.93
2022-12-28 05:30:00,107.97
2022-12-28 05:45:00,170.0
2022-12-28 06:00:00,-20.0
2022-12-28 06:15:00,63.38
2022-12-28 06:30:00,136.53
2022-12-28 06:45:00,186.88
2022-12-28 07:00:00,30.08
2022-12-28 07:15:00,110.0
2022-12-28 07:30:00,136.53
2022-12-28 07:45:00,162.92
2022-12-28 08:00:00,66.47
2022-12-28 08:15:00,99.47
2022-12-28 08:30:00,135.52
2022-12-28 08:45:00,135.52
2022-12-28 09:00:00,126.75
2022-12-28 09:15:00,110.52
2022-12-28 09:30:00,111.77
2022-12-28 09:45:00,93.86
2022-12-28 10:00:00,115.1
2022-12-28 10:15:00,108.77
2022-12-28 10:30:00,100.27
2022-12-28 10:45:00,99.77
2022-12-28 11:00:00,135.52
2022-12-28 11:15:00,135.52
2022-12-28 11:30:00,108.41
2022-12-28 11:45:00,66.42
2022-12-28 12:00:00,136.53
2022-12-28 12:15:00,119.94
2022-12-28 12:30:00,93.04
2022-12-28 12:45:00,65.0
2022-12-28 13:00:00,129.77
2022-12-28 13:15:00,116.77
2022-12-28 13:30:00,94.95
2022-12-28 13:45:00,82.16
2022-12-28 14:00:00,109.92
2022-12-28 14:15:00,102.69
2022-12-28 14:30:00,115.61
2022-12-28 14:45:00,110.86
2022-12-28 15:00:00,99.96
2022-12-28 15:15:00,119.93
2022-12-28 15:30:00,135.52
2022-12-28 15:45:00,135.52
2022-12-28 16:00:00,91.52
2022-12-28 16:15:00,120.0
2022-12-28 16:30:00,135.52
2022-12-28 16:45:00,152.91
2022-12-28 17:00:00,128.6
2022-12-28 17:15:00,135.52
2022-12-28 17:30:00,127.73
2022-12-28 17:45:00,128.6
2022-12-28 18:00:00,150.0
2022-12-28 18:15:00,135.52
2022-12-28 18:30:00,129.92
2022-12-28 18:45:00,98.82
2022-12-28 19:00:00,170.0
2022-12-28 19:15:00,135.52
2022-12-28 19:30:00,123.78
2022-12-28 19:45:00,66.46
2022-12-28 20:00:00,170.0
2022-12-28 20:15:00,136.53
2022-12-28 20:30:00,112.94
2022-12-28 20:45:00,60.31
2022-12-28 21:00:00,150.2
2022-12-28 21:15:00,121.32
2022-12-28 21:30:00,66.5
2022-12-28 21:45:00,59.9
2022-12-28 22:00:00,136.53
2022-12-28 22:15:00,135.52
2022-12-28 22:30:00,65.78
2022-12-28 22:45:00,29.21
2022-12-28 23:00:00,139.95
2022-12-28 23:15:00,99.92
2022-12-28 23:30:00,62.84
2022-12-28 23:45:00,15.55
2022-12-29 00:00:00,80.0
2022-12-29 00:15:00,40.03
2022-12-29 00:30:00,-49.7
2022-12-29 00:45:00,-62.57
2022-12-29 01:00:00,61.18
2022-12-29 01:15:00,30.01
2022-12-29 01:30:00,-25.44
2022-12-29 01:45:00,-61.75
2022-12-29 02:00:00,37.43
2022-12-29 02:15:00,-11.71
2022-12-29 02:30:00,-1.72
2022-12-29 02:45:00,-20.0
2022-12-29 03:00:00,1.68
2022-12-29 03:15:00,-14.87
2022-12-29 03:30:00,3.05
2022-12-29 03:45:00,13.13
2022-12-29 04:00:00,-24.33
2022-12-29 04:15:00,-22.87
2022-12-29 04:30:00,8.98
2022-12-29 04:45:00,42.21
2022-12-29 05:00:00,-100.0
2022-12-29 05:15:00,-14.99
2022-12-29 05:30:00,58.57
2022-12-29 05:45:00,111.94
2022-12-29 06:00:00,-28.31
2022-12-29 06:15:00,53.94
2022-12-29 06:30:00,110.93
2022-12-29 06:45:00,150.0
2022-12-29 07:00:00,12.15
2022-12-29 07:15:00,85.0
2022-12-29 07:30:00,115.05
2022-12-29 07:45:00,140.0
2022-12-29 08:00:00,58.21
2022-12-29 08:15:00,72.09
2022-12-29 08:30:00,85.93
2022-12-29 08:45:00,100.01
2022-12-29 09:00:00,105.0
2022-12-29 09:15:00,95.05
2022-12-29 09:30:00,62.42
2022-12-29 09:45:00,58.31
2022-12-29 10:00:00,104.94
2022-12-29 10:15:00,85.0
2022-12-29 10:30:00,62.6
2022-12-29 10:45:00,59.99
2022-12-29 11:00:00,111.94
2022-12-29 11:15:00,110.93
2022-12-29 11:30:00,80.1
2022-12-29 11:45:00,65.0
2022-12-29 12:00:00,110.56
2022-12-29 12:15:00,62.78
2022-12-29 12:30:00,54.9
2022-12-29 12:45:00,30.02
2022-12-29 13:00:00,88.37
2022-12-29 13:15:00,80.1
2022-12-29 13:30:00,69.31
2022-12-29 13:45:00,66.31
2022-12-29 14:00:00,84.98
2022-12-29 14:15:00,89.99
2022-12-29 14:30:00,104.67
2022-12-29 14:45:00,110.93
2022-12-29 15:00:00,72.7
2022-12-29 15:15:00,90.0
2022-12-29 15:30:00,110.93
2022-12-29 15:45:00,130.0
2022-12-29 16:00:00,19.9
2022-12-29 16:15:00,62.33
2022-12-29 16:30:00,107.48
2022-12-29 16:45:00,126.36
2022-12-29 17:00:00,80.07
2022-12-29 17:15:00,95.46
2022-12-29 17:30:00,80.09
2022-12-29 17:45:00,85.48
2022-12-29 18:00:00,110.93
2022-12-29 18:15:00,100.04
2022-12-29 18:30:00,78.53
2022-12-29 18:45:00,62.71
2022-12-29 19:00:00,120.06
2022-12-29 19:15:00,107.18
2022-12-29 19:30:00,70.02
2022-12-29 19:45:00,30.53
2022-12-29 20:00:00,142.25
2022-12-29 20:15:00,100.0
2022-12-29 20:30:00,70.0
2022-12-29 20:45:00,40.0
2022-12-29 21:00:00,120.0
2022-12-29 21:15:00,105.19
2022-12-29 21:30:00,60.0
2022-12-29 21:45:00,25.06
2022-12-29 22:00:00,110.93
2022-12-29 22:15:00,89.9
2022-12-29 22:30:00,47.76
2022-12-29 22:45:00,15.01
2022-12-29 23:00:00,110.93
2022-12-29 23:15:00,59.53
2022-12-29 23:30:00,-19.59
2022-12-29 23:45:00,-24.44
2022-12-30 00:00:00,62.3
2022-12-30 00:15:00,29.76
2022-12-30 00:30:00,-10.0
2022-12-30 00:45:00,-25.05
2022-12-30 01:00:00,69.43
2022-12-30 01:15:00,19.11
2022-12-30 01:30:00,-14.12
2022-12-30 01:45:00,-30.0
2022-12-30 02:00:00,29.92
2022-12-30 02:15:00,17.59
2022-12-30 02:30:00,-0.04
2022-12-30 02:45:00,-15.03
2022-12-30 03:00:00,5.0
2022-12-30 03:15:00,4.92
2022-12-30 03:30:00,4.97
2022-12-30 03:45:00,4.96
2022-12-30 04:00:00,-20.09
2022-12-30 04:15:00,-10.09
2022-12-30 04:30:00,14.96
2022-12-30 04:45:00,51.29
2022-12-30 05:00:00,-70.08
2022-12-30 05:15:00,-30.05
2022-12-30 05:30:00,65.47
2022-12-30 05:45:00,106.44
2022-12-30 06:00:00,5.0
2022-12-30 06:15:00,-29.35
2022-12-30 06:30:00,82.36
2022-12-30 06:45:00,110.0
2022-12-30 07:00:00,-24.92
2022-12-30 07:15:00,29.79
2022-12-30 07:30:00,94.69
2022-12-30 07:45:00,135.94
2022-12-30 08:00:00,29.73
2022-12-30 08:15:00,40.07
2022-12-30 08:30:00,69.94
2022-12-30 08:45:00,105.43
2022-12-30 09:00:00,89.95
2022-12-30 09:15:00,69.94
2022-12-30 09:30:00,45.0
2022-12-30 09:45:00,34.69
2022-12-30 10:00:00,90.42
2022-12-30 10:15:00,81.67
2022-12-30 10:30:00,29.79
2022-12-30 10:45:00,29.75
2022-12-30 11:00:00,105.43
2022-12-30 11:15:00,91.33
2022-12-30 11:30:00,30.0
2022-12-30 11:45:00,5.0
2022-12-30 12:00:00,105.43
2022-12-30 12:15:00,46.81
2022-12-30 12:30:00,29.71
2022-12-30 12:45:00,5.0
2022-12-30 13:00:00,85.73
2022-12-30 13:15:00,65.53
2022-12-30 13:30:00,20.1
2022-12-30 13:45:00,-3.02
2022-12-30 14:00:00,29.9
2022-12-30 14:15:00,39.9
2022-12-30 14:30:00,69.94
2022-12-30 14:45:00,79.9
2022-12-30 15:00:00,29.92
2022-12-30 15:15:00,49.99
2022-12-30 15:30:00,66.58
2022-12-30 15:45:00,99.93
2022-12-30 16:00:00,-14.93
2022-12-30 16:15:00,45.07
2022-12-30 16:30:00,80.0
2022-12-30 16:45:00,101.81
2022-12-30 17:00:00,45.0
2022-12-30 17:15:00,69.9
2022-12-30 17:30:00,40.1
2022-12-30 17:45:00,35.7
2022-12-30 18:00:00,89.91
2022-12-30 18:15:00,60.0
2022-12-30 18:30:00,30.03
2022-12-30 18:45:00,5.09
2022-12-30 19:00:00,105.43
2022-12-30 19:15:00,69.92
2022-12-30 19:30:00,19.9
2022-12-30 19:45:00,-24.99
2022-12-30 20:00:00,112.23
2022-12-30 20:15:00,61.99
2022-12-30 20:30:00,10.0
2022-12-30 20:45:00,-25.1
2022-12-30 21:00:00,106.44
2022-12-30 21:15:00,29.79
2022-12-30 21:30:00,-10.0
2022-12-30 21:45:00,-28.14
2022-12-30 22:00:00,99.93
2022-12-30 22:15:00,41.45
2022-12-30 22:30:00,-9.94
2022-12-30 22:45:00,-25.0
2022-12-30 23:00:00,105.43
2022-12-30 23:15:00,29.71
2022-12-30 23:30:00,-14.16
2022-12-30 23:45:00,-35.02
2022-12-31 00:00:00,48.0
2022-12-31 00:15:00,19.0
2022-12-31 00:30:00,-12.71
2022-12-31 00:45:00,-34.29
2022-12-31 01:00:00,49.48
2022-12-31 01:15:00,16.9
2022-12-31 01:30:00,-14.0
2022-12-31 01:45:00,-35.19
2022-12-31 02:00:00,38.97
2022-12-31 02:15:00,12.94
2022-12-31 02:30:00,-12.06
2022-12-31 02:45:00,-32.0
2022-12-31 03:00:00,10.08
2022-12-31 03:15:00,-1.42
2022-12-31 03:30:00,-5.02
2022-12-31 03:45:00,-5.02
2022-12-31 04:00:00,-10.1
2022-12-31 04:15:00,-6.07
2022-12-31 04:30:00,1.98
2022-12-31 04:45:00,19.19
2022-12-31 05:00:00,-20.0
2022-12-31 05:15:00,-20.0
2022-12-31 05:30:00,12.91
2022-12-31 05:45:00,39.95
2022-12-31 06:00:00,-36.43
2022-12-31 06:15:00,5.0
2022-12-31 06:30:00,3.13
2022-12-31 06:45:00,48.47
2022-12-31 07:00:00,-33.03
2022-12-31 07:15:00,-0.05
2022-12-31 07:30:00,30.96
2022-12-31 07:45:00,63.43
2022-12-31 08:00:00,-16.78
2022-12-31 08:15:00,1.98
2022-12-31 08:30:00,26.29
2022-12-31 08:45:00,54.28
2022-12-31 09:00:00,26.09
2022-12-31 09:15:00,10.0
2022-12-31 09:30:00,23.47
2022-12-31 09:45:00,17.94
2022-12-31 10:00:00,41.01
2022-12-31 10:15:00,28.76
2022-12-31 10:30:00,16.55
2022-12-31 10:45:00,-5.36
2022-12-31 11:00:00,35.8
2022-12-31 11:15:00,16.97
2022-12-31 11:30:00,1.91
2022-12-31 11:45:00,-16.01
2022-12-31 12:00:00,48.47
2022-12-31 12:15:00,11.21
2022-12-31 12:30:00,-5.42
2022-12-31 12:45:00,-28.08
2022-12-31 13:00:00,0.5
2022-12-31 13:15:00,-6.16
2022-12-31 13:30:00,-19.0
2022-12-31 13:45:00,-25.9
2022-12-31 14:00:00,-3.14
2022-12-31 14:15:00,-3.58
2022-12-31 14:30:00,-5.26
2022-12-31 14:45:00,-5.43
2022-12-31 15:00:00,-20.0
2022-12-31 15:15:00,-0.4
2022-12-31 15:30:00,2.93
2022-12-31 15:45:00,10.06
2022-12-31 16:00:00,-53.18
2022-12-31 16:15:00,7.09
2022-12-31 16:30:00,19.08
2022-12-31 16:45:00,47.01
2022-12-31 17:00:00,13.31
2022-12-31 17:15:00,19.95
2022-12-31 17:30:00,17.0
2022-12-31 17:45:00,10.0
2022-12-31 18:00:00,38.06
2022-12-31 18:15:00,20.72
2022-12-31 18:30:00,4.0
2022-12-31 18:45:00,-27.91
2022-12-31 19:00:00,38.08
2022-12-31 19:15:00,16.1
2022-12-31 19:30:00,4.11
2022-12-31 19:45:00,-39.92
2022-12-31 20:00:00,45.0
2022-12-31 20:15:00,0.09
2022-12-31 20:30:00,-2.93
2022-12-31 20:45:00,-22.16
2022-12-31 21:00:00,29.0
2022-12-31 21:15:00,4.83
2022-12-31 21:30:00,-8.99
2022-12-31 21:45:00,-13.11
2022-12-31 22:00:00,20.28
2022-12-31 22:15:00,24.0
2022-12-31 22:30:00,-10.62
2022-12-31 22:45:00,-14.34
2022-12-31 23:00:00,34.06
2022-12-31 23:15:00,-0.46
2022-12-31 23:30:00,-25.0
2022-12-31 23:45:00,-49.0
